date,open,high,low,close,volume,value,board
2011-12-29,32500.0,32550.0,32500.0,32550.0,2,65050.0,EQNE
2012-01-12,35000.0,39000.0,35000.0,38500.0,30,1132000.0,EQNE
2012-01-13,38500.0,38500.0,35000.0,38500.0,24,917000.0,EQNE
2012-01-16,38500.0,38500.0,35750.0,38500.0,28,1063251.0,EQNE
2012-01-17,38500.0,38500.0,38500.0,38500.0,6,231000.0,EQNE
2012-01-19,38500.0,38500.0,38500.0,38500.0,1,38500.0,EQNE
2012-01-20,38499.0,38499.0,38499.0,38499.0,2,76998.0,EQNE
2012-01-23,34000.0,36999.0,34000.0,34300.0,5,173302.0,EQNE
2012-01-24,34401.0,34401.0,34401.0,34401.0,1,34401.0,EQNE
2012-01-31,36000.0,36500.0,36000.0,36500.0,2,72500.0,EQNE
2012-02-02,38500.0,38500.0,38500.0,38500.0,1,38500.0,EQNE
2012-02-03,38500.0,41000.0,38500.0,40750.0,14,562558.0,EQNE
2012-02-06,37001.0,37001.0,37000.0,37000.0,6,222001.0,EQNE
2012-02-07,38499.0,38499.0,38499.0,38499.0,1,38499.0,EQNE
2012-02-13,37777.0,37777.0,37777.0,37777.0,1,37777.0,EQNE
2012-02-14,40500.0,40500.0,40500.0,40500.0,5,202500.0,EQNE
2012-02-15,41500.0,41500.0,41500.0,41500.0,2,83000.0,EQNE
2012-02-16,40400.0,40400.0,40400.0,40400.0,4,161600.0,EQNE
2012-02-17,41499.0,41500.0,41499.0,41500.0,5,207499.0,EQNE
2012-02-24,41500.0,41500.0,41500.0,41500.0,5,207500.0,EQNE
2012-02-27,42000.0,42000.0,42000.0,42000.0,3,126000.0,EQNE
2012-03-05,45000.0,46000.0,45000.0,46000.0,3,136000.0,EQNE
2012-03-06,46000.0,46000.0,46000.0,46000.0,1,46000.0,EQNE
2012-03-11,46000.0,46000.0,46000.0,46000.0,1,46000.0,EQNE
2012-03-15,46000.0,46000.0,46000.0,46000.0,1,46000.0,EQNE
2012-03-16,45501.0,47000.0,45500.0,47000.0,5,230501.0,EQNE
2012-03-20,42000.0,46000.0,42000.0,46000.0,3,130000.0,EQNE
2012-03-27,44000.0,44000.0,44000.0,44000.0,5,220000.0,EQNE
2012-04-03,46200.0,46200.0,46150.0,46150.0,3,138500.0,EQNE
2012-04-04,48001.0,49000.0,48001.0,48001.0,5,241004.0,EQNE
2012-04-06,44000.0,44000.0,44000.0,44000.0,2,88000.0,EQNE
2012-04-11,49000.0,49000.0,48926.0,48926.0,4,195851.0,EQNE
2012-04-12,50000.0,50000.0,50000.0,50000.0,1,50000.0,EQNE
2012-04-17,50000.0,51000.0,50000.0,51000.0,2,101000.0,EQNE
2012-04-18,52000.0,53000.0,52000.0,53000.0,5,264000.0,EQNE
2012-04-19,53000.0,54000.0,53000.0,54000.0,3,161000.0,EQNE
2012-05-02,52500.0,52500.0,52500.0,52500.0,1,52500.0,EQNE
2012-05-03,54000.0,54000.0,54000.0,54000.0,1,54000.0,EQNE
2012-05-04,53000.0,53000.0,53000.0,53000.0,1,53000.0,EQNE
2012-05-05,53500.0,53500.0,53500.0,53500.0,1,53500.0,EQNE
2012-05-11,50001.0,52000.0,50000.0,51000.0,72,3605025.0,EQNE
2012-05-14,53000.0,53000.0,53000.0,53000.0,1,53000.0,EQNE
2012-05-30,50000.0,50000.0,50000.0,50000.0,2,100000.0,EQNE
2012-05-31,55000.0,57000.0,55000.0,57000.0,3,168000.0,EQNE
2012-06-13,56000.0,56000.0,56000.0,56000.0,1,56000.0,EQNE
2012-06-29,51501.0,51501.0,51501.0,51501.0,1,51501.0,EQNE
2012-07-03,57000.0,57000.0,57000.0,57000.0,3,171000.0,EQNE
2012-07-05,59000.0,59000.0,59000.0,59000.0,1,59000.0,EQNE
2012-07-09,55000.0,55000.0,53000.0,53000.0,6,324750.0,EQNE
2012-07-10,57999.0,57999.0,57999.0,57999.0,1,57999.0,EQNE
2012-07-12,55000.0,55000.0,54000.0,54000.0,3,164000.0,EQNE
2012-07-23,55008.0,55008.0,52000.0,52045.0,39,2041920.0,EQNE
2012-07-24,50001.0,54504.0,50001.0,54504.0,4,204507.0,EQNE
2012-07-26,53000.0,53000.0,53000.0,53000.0,1,53000.0,EQNE
2012-07-30,57000.0,57000.0,57000.0,57000.0,1,57000.0,EQNE
2012-07-31,53000.0,53850.0,50004.0,53850.0,16,820072.0,EQNE
2012-08-02,53000.0,54000.0,52000.0,52000.0,20,1059500.0,EQNE
2012-08-03,54000.0,54000.0,54000.0,54000.0,5,270000.0,EQNE
2012-08-06,54150.0,56000.0,54000.0,54000.0,7,383151.0,EQNE
2012-08-07,54999.0,55898.0,53900.0,55898.0,10,546190.0,EQNE
2012-08-09,56900.0,57000.0,56900.0,57000.0,5,284900.0,EQNE
2012-08-10,57000.0,58500.0,57000.0,58500.0,4,231000.0,EQNE
2012-08-13,53250.0,58000.0,53250.0,57999.0,4,225249.0,EQNE
2012-08-15,54000.0,55000.0,53100.0,53101.0,26,1401676.0,EQNE
2012-08-20,53000.0,53000.0,52000.0,52000.0,2,105000.0,EQNE
2012-08-21,50226.0,53000.0,50200.0,52000.0,13,660912.0,EQNE
2012-08-22,53999.0,53999.0,53999.0,53999.0,1,53999.0,EQNE
2012-08-23,53999.0,54000.0,53999.0,54000.0,9,485999.0,EQNE
2012-08-27,54000.0,54000.0,54000.0,54000.0,1,54000.0,EQNE
2012-08-28,54000.0,54000.0,54000.0,54000.0,4,216000.0,EQNE
2012-08-30,53000.0,53000.0,53000.0,53000.0,5,265000.0,EQNE
2012-09-03,57000.0,57000.0,55001.0,55001.0,2,112001.0,EQNE
2012-09-13,55000.0,55000.0,55000.0,55000.0,2,110000.0,EQNE
2012-09-14,55990.0,55990.0,55990.0,55990.0,2,111980.0,EQNE
2012-09-18,56000.0,56000.0,53251.0,54200.0,3,163451.0,EQNE
2012-09-26,55000.0,55000.0,55000.0,55000.0,10,550000.0,EQNE
2012-09-27,55000.0,55000.0,55000.0,55000.0,2,110000.0,EQNE
2012-10-05,55500.0,56500.0,55500.0,56500.0,10,562998.0,EQNE
2012-10-15,53200.0,56000.0,53200.0,56000.0,29,1605600.0,EQNE
2012-10-18,57000.0,57000.0,57000.0,57000.0,6,342000.0,EQNE
2012-10-23,57000.0,57000.0,57000.0,57000.0,1,57000.0,EQNE
2012-10-25,57000.0,57000.0,57000.0,57000.0,2,114000.0,EQNE
2012-10-26,57000.0,58000.0,57000.0,58000.0,2,115000.0,EQNE
2012-10-29,58000.0,58000.0,58000.0,58000.0,1,58000.0,EQNE
2012-10-31,58000.0,58000.0,57000.0,58000.0,6,347000.0,EQNE
2012-11-01,59000.0,59000.0,59000.0,59000.0,1,59000.0,EQNE
2012-11-06,59000.0,60000.0,59000.0,60000.0,7,418000.0,EQNE
2012-11-07,57000.0,57800.0,53800.0,53800.0,20,1125350.0,EQNE
2012-11-08,50000.0,50000.0,50000.0,50000.0,1,50000.0,EQNE
2012-11-09,52000.0,53112.0,52000.0,53112.0,4,210111.0,EQNE
2012-11-12,52000.0,52000.0,50622.0,50622.0,10,514790.0,EQNE
2012-11-16,52500.0,52500.0,52499.0,52500.0,3,157499.0,EQNE
2012-11-21,52500.0,53000.0,52500.0,53000.0,2,105500.0,EQNE
2012-11-28,55000.0,55000.0,55000.0,55000.0,1,55000.0,EQNE
2012-12-03,55000.0,56745.0,54800.0,56745.0,7,386545.0,EQNE
2012-12-06,56000.0,57000.0,55000.0,57000.0,8,444000.0,EQNE
2012-12-12,53100.0,53100.0,53000.0,53000.0,20,1060100.0,EQNE
2012-12-13,54500.0,54500.0,54500.0,54500.0,36,1962000.0,EQNE
2012-12-14,54300.0,54300.0,54000.0,54000.0,41,2224800.0,EQNE
2012-12-17,53000.0,54000.0,53000.0,54000.0,7,372000.0,EQNE
2012-12-18,53991.0,55000.0,53991.0,55000.0,7,380982.0,EQNE
2012-12-20,53500.0,54500.0,53005.0,54500.0,5,269005.0,EQNE
2012-12-24,54300.0,54300.0,54300.0,54300.0,36,1954800.0,EQNE
2012-12-25,54135.0,55000.0,54135.0,54997.0,38,2058857.0,EQNE
2012-12-26,54900.0,54900.0,54000.0,54000.0,4,218700.0,EQNE
2012-12-27,54900.0,55000.0,54900.0,55000.0,5,274900.0,EQNE
2012-12-28,56000.0,56000.0,56000.0,56000.0,1,56000.0,EQNE
2013-01-14,55000.0,56000.0,54500.0,55000.0,5,275000.0,EQNE
2013-01-17,55000.0,55000.0,55000.0,55000.0,39,2145000.0,EQNE
2013-01-18,54835.0,56499.0,54835.0,56499.0,36,1975724.0,EQNE
2013-01-21,56500.0,56500.0,56001.0,56301.0,7,394802.0,EQNE
2013-01-23,59000.0,59000.0,57000.0,57000.0,34,1940000.0,EQNE
2013-01-24,56830.0,56830.0,56830.0,56830.0,33,1875390.0,EQNE
2013-01-25,57000.0,57000.0,57000.0,57000.0,1,57000.0,EQNE
2013-01-28,57500.0,57500.0,57000.0,57500.0,7,401998.0,EQNE
2013-01-29,57300.0,57300.0,57300.0,57300.0,1,57300.0,EQNE
2013-01-30,57250.0,57300.0,56701.0,57256.0,39,2233857.0,EQNE
2013-01-31,57130.0,57130.0,56999.0,57000.0,35,1999289.0,EQNE
2013-02-01,56750.0,56750.0,56000.0,56000.0,6,339750.0,EQNE
2013-02-05,59000.0,60000.0,59000.0,60000.0,14,832000.0,EQNE
2013-02-06,58775.0,58775.0,58775.0,58775.0,321,18866775.0,EQNE
2013-02-07,59000.0,59000.0,59000.0,59000.0,1,59000.0,EQNE
2013-02-08,59000.0,59500.0,59000.0,59000.0,6,354500.0,EQNE
2013-02-13,57500.0,57500.0,57500.0,57500.0,1,57500.0,EQNE
2013-02-15,57100.0,57100.0,57100.0,57100.0,1,57100.0,EQNE
2013-02-18,58000.0,58000.0,58000.0,58000.0,60,3480000.0,EQNE
2013-02-19,57810.0,57810.0,57300.0,57300.0,66,3813801.0,EQNE
2013-02-20,57200.0,57200.0,57000.0,57000.0,2,114200.0,EQNE
2013-02-21,57500.0,57500.0,56000.0,56000.0,55,3155501.0,EQNE
2013-02-22,57300.0,58000.0,57300.0,58000.0,55,3154000.0,EQNE
2013-02-25,57900.0,57999.0,57700.0,57700.0,61,3531599.0,EQNE
2013-02-26,57700.0,57700.0,57700.0,57700.0,58,3346600.0,EQNE
2013-02-27,57000.0,58000.0,57000.0,58000.0,68,3940900.0,EQNE
2013-02-28,57750.0,57750.0,56701.0,56701.0,65,3751701.0,EQNE
2013-03-05,57300.0,57300.0,56500.0,57300.0,61,3494500.0,EQNE
2013-03-06,57100.0,57100.0,52000.0,55897.0,97,5420803.0,EQNE
2013-03-07,57000.0,57000.0,56984.0,56984.0,32,1823968.0,EQNE
2013-03-11,56700.0,56700.0,56600.0,56600.0,31,1757600.0,EQNE
2013-03-12,56100.0,56100.0,54000.0,54000.0,26,1407657.0,EQNE
2013-03-13,55200.0,57690.0,55200.0,57690.0,70,3869985.0,EQNE
2013-03-14,55000.0,57000.0,54500.0,54500.0,95,5240140.0,EQNE
2013-03-18,52554.0,52554.0,52554.0,52554.0,1,52554.0,EQNE
2013-03-19,54000.0,54000.0,54000.0,54000.0,66,3564000.0,EQNE
2013-03-20,53800.0,53800.0,53800.0,53800.0,61,3281800.0,EQNE
2013-03-22,54000.0,54000.0,53800.0,53800.0,104,5605600.0,EQNE
2013-03-26,55000.0,55000.0,55000.0,55000.0,55,3025000.0,EQNE
2013-03-27,55886.0,55886.0,54800.0,54800.0,57,3124886.0,EQNE
2013-03-28,55500.0,55500.0,52000.0,52970.0,78,4272555.0,EQNE
2013-03-29,54999.0,55300.0,53999.0,54700.0,66,3641796.0,EQNE
2013-04-04,54700.0,54700.0,54700.0,54700.0,1,54700.0,EQNE
2013-04-05,54200.0,54200.0,53500.0,53500.0,2,107700.0,EQNE
2013-04-11,53600.0,53600.0,53600.0,53600.0,2,107200.0,EQNE
2013-04-12,53500.0,53500.0,53500.0,53500.0,1,53500.0,EQNE
2013-04-15,52500.0,52500.0,52500.0,52500.0,1,52500.0,EQNE
2013-04-18,54800.0,54800.0,54800.0,54800.0,3,164400.0,EQNE
2013-04-19,53500.0,54899.0,53000.0,54899.0,4,214400.0,EQNE
2013-04-24,54500.0,54500.0,54100.0,54100.0,4,216800.0,EQNE
2013-05-13,53001.0,55000.0,53000.0,55000.0,6,325000.0,EQNE
2013-05-15,55200.0,55200.0,55200.0,55200.0,30,1656000.0,EQNE
2013-05-16,55000.0,55000.0,54500.0,55000.0,42,2309500.0,EQNE
2013-05-20,55001.0,55001.0,55000.0,55000.0,2,110001.0,EQNE
2013-05-21,55000.0,55000.0,55000.0,55000.0,12,660000.0,EQNE
2013-05-22,55000.0,55000.0,55000.0,55000.0,1,55000.0,EQNE
2013-05-23,55000.0,55000.0,54900.0,54900.0,4,219800.0,EQNE
2013-05-24,54900.0,54900.0,54900.0,54900.0,2,109800.0,EQNE
2013-05-28,54900.0,54900.0,54900.0,54900.0,2,109800.0,EQNE
2013-05-29,54001.0,54001.0,54001.0,54001.0,1,54001.0,EQNE
2013-06-10,54900.0,55000.0,53558.0,54001.0,32,1748466.0,EQNE
2013-06-11,53501.0,54789.0,53123.0,53123.0,8,430979.0,EQNE
2013-06-13,54695.0,54696.0,52001.0,52301.0,12,642160.0,EQNE
2013-06-14,53000.0,54799.0,52223.0,53000.0,18,960440.0,EQNE
2013-06-17,53500.0,53500.0,52701.0,53000.0,7,370902.0,EQNE
2013-06-18,54500.0,55999.0,52712.0,52712.0,18,975488.0,EQNE
2013-06-19,55999.0,55999.0,53011.0,53011.0,19,1018825.0,EQNE
2013-06-20,53499.0,53499.0,52023.0,52222.0,4,211243.0,EQNE
2013-06-21,52900.0,52900.0,52043.0,52043.0,4,209776.0,EQNE
2013-06-26,52999.0,52999.0,52999.0,52999.0,1,52999.0,EQNE
2013-06-27,52000.0,53800.0,52000.0,52500.0,10,528798.0,EQNE
2013-06-28,53300.0,53300.0,53300.0,53300.0,1,53300.0,EQNE
2013-07-02,52700.0,52700.0,52700.0,52700.0,1,52700.0,EQNE
2013-07-03,52701.0,53500.0,52701.0,53500.0,4,213200.0,EQNE
2013-07-04,53000.0,54000.0,53000.0,54000.0,2,107000.0,EQNE
2013-07-05,53500.0,53990.0,53500.0,53990.0,2,107490.0,EQNE
2013-07-08,53700.0,54500.0,53700.0,54500.0,2,108200.0,EQNE
2013-07-09,55000.0,55000.0,55000.0,55000.0,1,55000.0,EQNE
2013-07-16,59000.0,59999.0,58700.0,58700.0,5,296398.0,EQNE
2013-07-18,58700.0,58700.0,58700.0,58700.0,1,58700.0,EQNE
2013-07-19,59000.0,59000.0,56701.0,56701.0,10,578899.0,EQNE
2013-07-22,58000.0,60000.0,57000.0,58400.0,11,635511.0,EQNE
2013-07-23,58600.0,58600.0,58600.0,58600.0,1,58600.0,EQNE
2013-07-29,60000.0,60000.0,60000.0,60000.0,1,60000.0,EQNE
2013-07-30,60000.0,60000.0,58500.0,59000.0,7,417500.0,EQNE
2013-07-31,59900.0,59900.0,59900.0,59900.0,1,59900.0,EQNE
2013-08-01,59900.0,60000.0,59900.0,60000.0,11,659797.0,EQNE
2013-08-06,59999.0,59999.0,58000.0,58000.0,4,233999.0,EQNE
2013-08-08,60000.0,60000.0,60000.0,60000.0,3,180000.0,EQNE
2013-08-13,59996.0,60000.0,59996.0,60000.0,2,119996.0,EQNE
2013-08-14,60000.0,60000.0,60000.0,60000.0,1,60000.0,EQNE
2013-08-19,60000.0,60500.0,60000.0,60490.0,7,421990.0,EQNE
2013-08-20,60500.0,62000.0,60500.0,62000.0,22,1348498.0,EQNE
2013-08-23,62000.0,62000.0,62000.0,62000.0,2,124000.0,EQNE
2013-08-27,59004.0,59004.0,58000.0,58000.0,2,117004.0,EQNE
2013-09-03,60000.0,60000.0,60000.0,60000.0,1,60000.0,TQNE
2013-09-09,63000.0,65000.0,63000.0,65000.0,6,384000.0,TQNE
2013-09-10,65000.0,65000.0,65000.0,65000.0,2,130000.0,TQNE
2013-09-13,64000.0,65000.0,64000.0,65000.0,6,389000.0,TQNE
2013-09-18,64990.0,64990.0,64990.0,64990.0,1,64990.0,TQNE
2013-09-20,65000.0,66000.0,65000.0,66000.0,6,392000.0,TQNE
2013-09-23,64000.0,64000.0,64000.0,64000.0,1,64000.0,TQNE
2013-09-26,67000.0,67000.0,67000.0,67000.0,2,134000.0,TQNE
2013-09-27,67500.0,68000.0,67500.0,68000.0,6,407496.0,TQNE
2013-10-03,68000.0,70000.0,68000.0,70000.0,4,277000.0,TQNE
2013-10-07,66666.0,66666.0,66666.0,66666.0,1,66666.0,TQNE
2013-10-08,64599.0,64599.0,64599.0,64599.0,1,64599.0,TQNE
2013-10-09,65000.0,65000.0,60101.0,60101.0,19,1206549.0,TQNE
2013-10-17,64933.0,64933.0,62000.0,62000.0,7,436933.0,TQNE
2013-10-21,66000.0,66000.0,66000.0,66000.0,1,66000.0,TQNE
2013-10-22,64000.0,64000.0,64000.0,64000.0,2,128000.0,TQNE
2013-10-23,64999.0,65000.0,63000.0,64500.0,11,709995.0,TQNE
2013-10-25,65000.0,65000.0,65000.0,65000.0,1,65000.0,TQNE
2013-10-28,65111.0,65999.0,65000.0,65999.0,9,588227.0,TQNE
2013-10-30,65000.0,68000.0,65000.0,68000.0,14,930566.0,TQNE
2013-11-07,65100.0,65100.0,65000.0,65000.0,2,130100.0,TQNE
2013-11-14,64999.0,64999.0,64999.0,64999.0,1,64999.0,TQNE
2013-11-15,61000.0,61000.0,61000.0,61000.0,3,183000.0,TQNE
2013-11-19,60777.0,60777.0,59500.0,59500.0,6,358289.0,TQNE
2013-11-27,58508.0,59501.0,58000.0,59501.0,8,467025.0,TQNE
2013-11-28,59750.0,62000.0,59750.0,62000.0,3,182660.0,TQNE
2013-11-29,62000.0,62000.0,62000.0,62000.0,3,186000.0,TQNE
2013-12-05,60801.0,60801.0,59500.0,59500.0,8,483959.0,TQNE
2013-12-06,61000.0,61000.0,61000.0,61000.0,1,61000.0,TQNE
2013-12-09,61000.0,61000.0,61000.0,61000.0,2,122000.0,TQNE
2013-12-13,60002.0,60002.0,60002.0,60002.0,1,60002.0,TQNE
2013-12-16,61499.0,61499.0,61499.0,61499.0,1,61499.0,TQNE
2013-12-20,62000.0,62110.0,62000.0,62110.0,4,248220.0,TQNE
2013-12-23,63899.0,63899.0,63899.0,63899.0,1,63899.0,TQNE
2013-12-24,64000.0,64000.0,64000.0,64000.0,1,64000.0,TQNE
2014-01-10,66985.0,66985.0,66985.0,66985.0,1,66985.0,TQNE
2014-01-15,67000.0,67000.0,64500.0,64500.0,2,131500.0,TQNE
2014-01-17,65750.0,66500.0,65750.0,66500.0,5,329500.0,TQNE
2014-01-20,66999.0,67000.0,66777.0,66777.0,8,534884.0,TQNE
2014-01-22,67999.0,67999.0,67999.0,67999.0,1,67999.0,TQNE
2014-01-31,68000.0,68000.0,67990.0,67995.0,4,271985.0,TQNE
2014-02-04,68000.0,68000.0,68000.0,68000.0,2,136000.0,TQNE
2014-02-06,68000.0,68000.0,68000.0,68000.0,5,340000.0,TQNE
2014-02-11,68888.0,68890.0,68888.0,68890.0,4,275554.0,TQNE
2014-02-12,68888.0,69000.0,68888.0,69000.0,3,206888.0,TQNE
2014-03-03,63000.0,63101.0,63000.0,63101.0,2,126101.0,TQNE
2014-03-04,63201.0,63201.0,63201.0,63201.0,1,63201.0,TQNE
2014-03-07,63303.0,63888.0,63303.0,63888.0,6,382743.0,TQNE
2014-03-13,63303.0,63303.0,63303.0,63303.0,1,63303.0,TQNE
2014-03-14,63303.0,63303.0,63000.0,63100.0,12,758424.0,TQNE
2014-03-26,64333.0,64333.0,64333.0,64333.0,1,64333.0,TQNE
2014-03-31,65500.0,65500.0,65500.0,65500.0,1,65500.0,TQNE
2014-04-01,68333.0,70000.0,68333.0,68333.0,7,486666.0,TQNE
2014-04-02,68887.0,68887.0,68887.0,68887.0,1,68887.0,TQNE
2014-04-03,69887.0,70000.0,69887.0,70000.0,17,1189426.0,TQNE
2014-04-04,69888.0,71000.0,69888.0,71000.0,5,352888.0,TQNE
2014-04-17,70000.0,70000.0,70000.0,70000.0,4,280000.0,TQNE
2014-04-18,71000.0,71000.0,70000.0,70000.0,3,212000.0,TQNE
2014-05-08,72000.0,72000.0,72000.0,72000.0,1,72000.0,TQNE
2014-05-12,73000.0,73000.0,73000.0,73000.0,1,73000.0,TQNE
2014-05-13,74000.0,74000.0,74000.0,74000.0,1,74000.0,TQNE
2014-05-15,75000.0,75000.0,75000.0,75000.0,1,75000.0,TQNE
2014-05-27,73888.0,73888.0,73888.0,73888.0,1,73888.0,TQNE
2014-05-28,70000.0,70500.0,70000.0,70500.0,4,280500.0,TQNE
2014-05-29,70100.0,70100.0,70000.0,70000.0,8,560100.0,TQNE
2014-05-30,72000.0,72000.0,72000.0,72000.0,1,72000.0,TQNE
2014-06-04,72000.0,72000.0,68000.0,68000.0,4,277000.0,TQNE
2014-06-05,70000.0,70500.0,70000.0,70500.0,3,210500.0,TQNE
2014-06-16,70100.0,72000.0,70100.0,71600.0,6,425400.0,TQBR
2014-06-19,71500.0,71500.0,71500.0,71500.0,5,357500.0,TQBR
2014-06-24,71350.0,71350.0,71350.0,71350.0,5,356750.0,TQBR
2014-07-02,69999.0,69999.0,69999.0,69999.0,1,69999.0,TQBR
2014-07-03,69699.0,69699.0,69699.0,69699.0,1,69699.0,TQBR
2014-07-04,69500.0,69500.0,69500.0,69500.0,1,69500.0,TQBR
2014-07-08,69000.0,69000.0,68510.0,68510.0,2,137510.0,TQBR
2014-07-10,69499.0,69500.0,69499.0,69500.0,6,416996.0,TQBR
2014-07-14,63510.0,63510.0,63510.0,63510.0,5,317550.0,TQBR
2014-07-18,67888.0,67999.0,67888.0,67999.0,2,135887.0,TQBR
2014-07-22,63888.0,68888.0,63888.0,67900.0,11,719780.0,TQBR
2014-07-23,67500.0,67500.0,67500.0,67500.0,1,67500.0,TQBR
2014-07-24,67000.0,67000.0,67000.0,67000.0,1,67000.0,TQBR
2014-07-29,68000.0,68000.0,68000.0,68000.0,1,68000.0,TQBR
2014-07-31,68000.0,68000.0,68000.0,68000.0,1,68000.0,TQBR
2014-08-05,70000.0,70000.0,70000.0,70000.0,2,140000.0,TQBR
2014-08-12,69000.0,69000.0,69000.0,69000.0,1,69000.0,TQBR
2014-08-14,70000.0,70500.0,70000.0,70000.0,3,210500.0,TQBR
2014-08-15,70000.0,70000.0,70000.0,70000.0,2,140000.0,TQBR
2014-08-18,70000.0,70000.0,70000.0,70000.0,3,210000.0,TQBR
2014-08-25,68000.0,68000.0,68000.0,68000.0,4,272000.0,TQBR
2014-08-26,68000.0,68000.0,68000.0,68000.0,1,68000.0,TQBR
2014-08-29,64888.0,64888.0,64888.0,64888.0,3,194664.0,TQBR
2014-09-01,64888.0,64888.0,64888.0,64888.0,2,129776.0,TQBR
2014-09-04,66666.0,66999.0,66666.0,66999.0,2,133665.0,TQBR
2014-09-05,67555.0,68000.0,67555.0,68000.0,2,135555.0,TQBR
2014-09-08,65667.0,65667.0,65667.0,65667.0,2,131334.0,TQBR
2014-09-11,67500.0,67500.0,66501.0,66501.0,4,269001.0,TQBR
2014-09-15,65000.0,65000.0,65000.0,65000.0,5,325000.0,TQBR
2014-09-22,64100.0,64100.0,64100.0,64100.0,2,128200.0,TQBR
2014-09-24,65999.0,65999.0,65999.0,65999.0,1,65999.0,TQBR
2014-10-02,66000.0,68000.0,66000.0,68000.0,3,202000.0,TQBR
2014-10-06,70000.0,70000.0,70000.0,70000.0,7,490000.0,TQBR
2014-10-15,70000.0,70000.0,70000.0,70000.0,10,700000.0,TQBR
2014-10-16,69500.0,69500.0,69500.0,69500.0,9,625500.0,TQBR
2014-10-21,70000.0,70000.0,70000.0,70000.0,3,210000.0,TQBR
2014-11-06,69900.0,69900.0,69900.0,69900.0,14,978600.0,TQBR
2014-11-07,70000.0,70000.0,70000.0,70000.0,6,420000.0,TQBR
2014-11-12,69800.0,70000.0,69800.0,70000.0,2,139800.0,TQBR
2014-11-13,70000.0,70000.0,70000.0,70000.0,1,70000.0,TQBR
2014-11-18,68000.0,68000.0,67500.0,67500.0,2,135500.0,TQBR
2014-11-21,67500.0,67500.0,67500.0,67500.0,2,135000.0,TQBR
2014-11-24,67500.0,70000.0,67500.0,70000.0,3,205000.0,TQBR
2014-12-01,72000.0,72000.0,72000.0,72000.0,10,720000.0,TQBR
2014-12-02,75000.0,75000.0,75000.0,75000.0,1,75000.0,TQBR
2014-12-03,75000.0,75000.0,75000.0,75000.0,6,450000.0,TQBR
2014-12-04,75000.0,80000.0,75000.0,80000.0,17,1305000.0,TQBR
2014-12-09,75000.0,75000.0,75000.0,75000.0,2,150000.0,TQBR
2014-12-10,75000.0,75000.0,75000.0,75000.0,1,75000.0,TQBR
2014-12-11,79000.0,79000.0,79000.0,79000.0,1,79000.0,TQBR
2014-12-16,71000.0,79500.0,70000.0,79500.0,10,759500.0,TQBR
2014-12-17,79500.0,80000.0,79500.0,80000.0,10,799500.0,TQBR
2014-12-18,79500.0,80000.0,79500.0,80000.0,14,1118500.0,TQBR
2014-12-19,79500.0,84900.0,78900.0,84900.0,14,1123300.0,TQBR
2014-12-22,73000.0,73000.0,73000.0,73000.0,2,146000.0,TQBR
2014-12-23,80500.0,80500.0,80500.0,80500.0,1,80500.0,TQBR
2014-12-30,89700.0,90000.0,89700.0,90000.0,12,1078100.0,TQBR
2015-01-09,100000.0,100000.0,84000.0,84000.0,4,358200.0,TQBR
2015-01-12,81000.0,81000.0,81000.0,81000.0,1,81000.0,TQBR
2015-01-14,85000.0,85000.0,85000.0,85000.0,1,85000.0,TQBR
2015-01-27,82000.0,82000.0,72100.0,72100.0,50,4084600.0,TQBR
2015-02-11,86000.0,86000.0,86000.0,86000.0,2,172000.0,TQBR
2015-02-26,78000.0,78000.0,78000.0,78000.0,1,78000.0,TQBR
2015-03-06,75100.0,75100.0,75100.0,75100.0,1,75100.0,TQBR
2015-03-10,78000.0,78000.0,78000.0,78000.0,1,78000.0,TQBR
2015-03-12,77000.0,80000.0,77000.0,80000.0,4,314400.0,TQBR
2015-03-16,79800.0,79800.0,79800.0,79800.0,1,79800.0,TQBR
2015-03-19,79800.0,79800.0,79800.0,79800.0,1,79800.0,TQBR
2015-03-31,81000.0,81000.0,81000.0,81000.0,1,81000.0,TQBR
2015-04-09,75000.0,75000.0,75000.0,75000.0,1,75000.0,TQBR
2015-04-10,75000.0,75000.0,75000.0,75000.0,1,75000.0,TQBR
2015-04-13,73000.0,76000.0,63000.0,76000.0,12,839700.0,TQBR
2015-04-16,75000.0,75000.0,63300.0,68900.0,77,5014100.0,TQBR
2015-04-17,66600.0,67200.0,66400.0,66400.0,11,733900.0,TQBR
2015-04-20,68800.0,68900.0,68800.0,68900.0,2,137700.0,TQBR
2015-04-21,70900.0,70900.0,69000.0,69000.0,2,139900.0,TQBR
2015-04-22,67000.0,67000.0,66100.0,66100.0,7,464900.0,TQBR
2015-04-23,65100.0,67800.0,65100.0,67800.0,10,673600.0,TQBR
2015-04-24,67800.0,70000.0,67800.0,70000.0,2,137800.0,TQBR
2015-04-27,69000.0,69000.0,69000.0,69000.0,2,138000.0,TQBR
2015-04-30,70100.0,70100.0,70000.0,70000.0,3,210100.0,TQBR
2015-05-05,70100.0,70100.0,70100.0,70100.0,1,70100.0,TQBR
2015-05-06,70000.0,70000.0,70000.0,70000.0,5,350000.0,TQBR
2015-05-18,74100.0,74100.0,74100.0,74100.0,1,74100.0,TQBR
2015-05-20,74100.0,74100.0,74100.0,74100.0,1,74100.0,TQBR
2015-05-25,78000.0,78000.0,78000.0,78000.0,2,156000.0,TQBR
2015-05-26,77000.0,77000.0,77000.0,77000.0,1,77000.0,TQBR
2015-05-28,78800.0,78800.0,78800.0,78800.0,2,157600.0,TQBR
2015-06-01,77000.0,77000.0,77000.0,77000.0,1,77000.0,TQBR
2015-06-04,78000.0,79000.0,78000.0,79000.0,2,157000.0,TQBR
2015-06-05,71200.0,71200.0,71200.0,71200.0,7,498400.0,TQBR
2015-06-11,74200.0,76000.0,74200.0,76000.0,4,298600.0,TQBR
2015-06-15,72500.0,72500.0,70000.0,72100.0,8,569500.0,TQBR
2015-06-16,76000.0,76000.0,76000.0,76000.0,1,76000.0,TQBR
2015-06-17,77400.0,77400.0,73000.0,73000.0,3,223400.0,TQBR
2015-06-18,72900.0,72900.0,72800.0,72800.0,3,218500.0,TQBR
2015-06-22,77000.0,77000.0,77000.0,77000.0,4,308000.0,TQBR
2015-06-23,76100.0,77000.0,76100.0,77000.0,7,537600.0,TQBR
2015-06-29,85000.0,90000.0,82900.0,85100.0,52,4482000.0,TQBR
2015-06-30,89900.0,95000.0,83000.0,95000.0,101,9047000.0,TQBR
2015-07-03,87000.0,87000.0,87000.0,87000.0,2,174000.0,TQBR
2015-07-14,81000.0,81000.0,74800.0,74800.0,2,155800.0,TQBR
2015-07-17,78000.0,78000.0,78000.0,78000.0,1,78000.0,TQBR
2015-07-20,80000.0,80100.0,80000.0,80000.0,11,880600.0,TQBR
2015-07-21,80000.0,80000.0,80000.0,80000.0,1,80000.0,TQBR
2015-07-22,79900.0,79900.0,79000.0,79000.0,6,476700.0,TQBR
2015-07-24,79800.0,79900.0,79400.0,79400.0,8,637000.0,TQBR
2015-08-05,81100.0,83000.0,81100.0,83000.0,5,413000.0,TQBR
2015-08-07,85000.0,85800.0,85000.0,85800.0,8,680800.0,TQBR
2015-08-12,93000.0,93000.0,93000.0,93000.0,4,372000.0,TQBR
2015-08-18,93000.0,93000.0,85300.0,85300.0,3,263600.0,TQBR
2015-08-28,94500.0,94500.0,94400.0,94400.0,3,283300.0,TQBR
2015-09-01,87500.0,87500.0,87400.0,87400.0,3,262400.0,TQBR
2015-09-11,94100.0,94100.0,94100.0,94100.0,1,94100.0,TQBR
2015-09-15,94500.0,94500.0,94500.0,94500.0,1,94500.0,TQBR
2015-09-17,94300.0,94300.0,94300.0,94300.0,1,94300.0,TQBR
2015-09-21,95000.0,95000.0,95000.0,95000.0,11,1045000.0,TQBR
2015-09-22,95000.0,95000.0,95000.0,95000.0,1,95000.0,TQBR
2015-09-25,90000.0,90000.0,90000.0,90000.0,2,180000.0,TQBR
2015-09-29,88100.0,88100.0,88100.0,88100.0,2,176200.0,TQBR
2015-09-30,91000.0,93500.0,90100.0,93500.0,5,455100.0,TQBR
2015-10-06,94600.0,94600.0,94000.0,94000.0,10,941800.0,TQBR
2015-10-09,96000.0,96300.0,96000.0,96300.0,8,768500.0,TQBR
2015-10-12,94000.0,94000.0,94000.0,94000.0,2,188000.0,TQBR
2015-10-14,94000.0,94400.0,94000.0,94400.0,3,282400.0,TQBR
2015-10-19,90000.0,90000.0,90000.0,90000.0,1,90000.0,TQBR
2015-10-21,94000.0,94000.0,90000.0,90000.0,5,466000.0,TQBR
2015-10-23,94000.0,94000.0,94000.0,94000.0,4,376000.0,TQBR
2015-10-26,94000.0,94000.0,94000.0,94000.0,4,376000.0,TQBR
2015-10-27,94000.0,94000.0,94000.0,94000.0,1,94000.0,TQBR
2015-10-28,94000.0,94000.0,94000.0,94000.0,1,94000.0,TQBR
2015-10-30,94000.0,94000.0,94000.0,94000.0,1,94000.0,TQBR
2015-11-03,94000.0,94000.0,89000.0,89000.0,2,183000.0,TQBR
2015-11-06,94000.0,94000.0,94000.0,94000.0,2,188000.0,TQBR
2015-11-10,96000.0,100000.0,96000.0,99000.0,7,695000.0,TQBR
2015-11-12,100000.0,103500.0,100000.0,103500.0,6,607000.0,TQBR
2015-11-13,104000.0,104000.0,101500.0,102000.0,5,511500.0,TQBR
2015-11-16,103500.0,103500.0,103500.0,103500.0,1,103500.0,TQBR
2015-11-19,102000.0,114500.0,102000.0,108500.0,55,5947500.0,TQBR
2015-11-20,112000.0,112000.0,112000.0,112000.0,2,224000.0,TQBR
2015-11-23,110000.0,110500.0,109500.0,110500.0,7,769000.0,TQBR
2015-11-24,111500.0,112000.0,108500.0,112000.0,16,1778500.0,TQBR
2015-11-25,110000.0,111500.0,108000.0,108000.0,20,2169500.0,TQBR
2015-11-27,110000.0,110000.0,109000.0,109500.0,7,767500.0,TQBR
2015-11-30,107000.0,108000.0,105000.0,105000.0,27,2856500.0,TQBR
2015-12-01,102000.0,102000.0,102000.0,102000.0,2,204000.0,TQBR
2015-12-02,102000.0,104000.0,102000.0,104000.0,2,206000.0,TQBR
2015-12-03,102000.0,103500.0,102000.0,103500.0,9,922500.0,TQBR
2015-12-04,102000.0,102000.0,101000.0,101000.0,7,712000.0,TQBR
2015-12-08,102000.0,102000.0,99000.0,101500.0,18,1820000.0,TQBR
2015-12-10,99000.0,101500.0,99000.0,101500.0,19,1918000.0,TQBR
2015-12-11,102000.0,102000.0,100000.0,100500.0,31,3119500.0,TQBR
2015-12-14,100000.0,100500.0,99500.0,100500.0,39,3902000.0,TQBR
2015-12-15,100000.0,105000.0,100000.0,104500.0,24,2422500.0,TQBR
2015-12-16,102000.0,104000.0,98000.0,104000.0,61,6126500.0,TQBR
2015-12-17,102000.0,103000.0,99500.0,103000.0,221,22110500.0,TQBR
2015-12-18,95000.0,100000.0,92500.0,98500.0,167,16055500.0,TQBR
2015-12-21,95500.0,95500.0,94500.0,94500.0,10,951000.0,TQBR
2015-12-22,93500.0,95000.0,91000.0,91500.0,28,2588500.0,TQBR
2015-12-23,93000.0,96500.0,92000.0,93500.0,17,1587000.0,TQBR
2015-12-24,93500.0,93500.0,91000.0,91500.0,13,1197500.0,TQBR
2015-12-25,92500.0,92500.0,92000.0,92000.0,2,184500.0,TQBR
2015-12-28,92000.0,93000.0,90000.0,90000.0,12,1096000.0,TQBR
2015-12-29,91000.0,93000.0,91000.0,93000.0,8,735500.0,TQBR
2015-12-30,94000.0,110000.0,94000.0,100500.0,260,26814000.0,TQBR
2016-01-04,100000.0,100000.0,100000.0,100000.0,1,100000.0,TQBR
2016-01-05,100000.0,100000.0,100000.0,100000.0,2,200000.0,TQBR
2016-01-06,99500.0,99500.0,99000.0,99000.0,2,198500.0,TQBR
2016-01-11,99500.0,100000.0,99500.0,100000.0,2,199500.0,TQBR
2016-01-12,102000.0,102000.0,102000.0,102000.0,1,102000.0,TQBR
2016-01-13,100000.0,101000.0,100000.0,101000.0,3,301000.0,TQBR
2016-01-14,100000.0,100000.0,100000.0,100000.0,1,100000.0,TQBR
2016-01-15,98500.0,98500.0,98000.0,98000.0,45,4430000.0,TQBR
2016-01-19,98000.0,98000.0,98000.0,98000.0,3,294000.0,TQBR
2016-01-20,96000.0,98000.0,94000.0,94500.0,14,1333000.0,TQBR
2016-01-21,98000.0,99500.0,96000.0,96000.0,6,584500.0,TQBR
2016-01-22,96000.0,98000.0,95500.0,95500.0,17,1634000.0,TQBR
2016-01-25,96000.0,97500.0,96000.0,96000.0,10,961500.0,TQBR
2016-01-26,96500.0,98000.0,96500.0,98000.0,5,485500.0,TQBR
2016-01-27,97000.0,97000.0,97000.0,97000.0,1,97000.0,TQBR
2016-01-29,100000.0,100000.0,100000.0,100000.0,1,100000.0,TQBR
2016-02-02,101500.0,101500.0,100500.0,101500.0,3,303500.0,TQBR
2016-02-03,101000.0,101000.0,101000.0,101000.0,3,303000.0,TQBR
2016-02-04,101000.0,101000.0,100000.0,100000.0,3,301000.0,TQBR
2016-02-05,101000.0,101000.0,100500.0,100500.0,2,201500.0,TQBR
2016-02-08,100000.0,100000.0,100000.0,100000.0,4,400000.0,TQBR
2016-02-09,100500.0,100500.0,100500.0,100500.0,3,301500.0,TQBR
2016-02-11,100500.0,100500.0,100000.0,100000.0,2,200500.0,TQBR
2016-02-15,101500.0,101500.0,101500.0,101500.0,2,203000.0,TQBR
2016-02-16,101500.0,101500.0,101000.0,101500.0,10,1014500.0,TQBR
2016-02-17,101500.0,101500.0,101500.0,101500.0,2,203000.0,TQBR
2016-02-18,102000.0,102000.0,102000.0,102000.0,3,306000.0,TQBR
2016-02-24,102000.0,102000.0,102000.0,102000.0,1,102000.0,TQBR
2016-02-25,102000.0,102000.0,102000.0,102000.0,3,306000.0,TQBR
2016-02-29,102000.0,102000.0,102000.0,102000.0,4,408000.0,TQBR
2016-03-02,103000.0,103000.0,103000.0,103000.0,1,103000.0,TQBR
2016-03-03,103000.0,103000.0,103000.0,103000.0,3,309000.0,TQBR
2016-03-04,101000.0,101000.0,101000.0,101000.0,2,202000.0,TQBR
2016-03-09,103000.0,103000.0,103000.0,103000.0,1,103000.0,TQBR
2016-03-10,102000.0,102000.0,102000.0,102000.0,2,204000.0,TQBR
2016-03-11,103000.0,103000.0,103000.0,103000.0,1,103000.0,TQBR
2016-03-15,107000.0,107000.0,107000.0,107000.0,1,107000.0,TQBR
2016-03-16,107000.0,107000.0,104500.0,104500.0,6,637500.0,TQBR
2016-03-21,105500.0,110000.0,105000.0,105000.0,3,320500.0,TQBR
2016-03-22,105000.0,105000.0,105000.0,105000.0,1,105000.0,TQBR
2016-03-23,105500.0,105500.0,105500.0,105500.0,1,105500.0,TQBR
2016-03-24,106000.0,106000.0,106000.0,106000.0,1,106000.0,TQBR
2016-03-28,106500.0,115000.0,106500.0,115000.0,2,221500.0,TQBR
2016-03-29,107000.0,107000.0,106500.0,107000.0,3,320500.0,TQBR
2016-03-30,120000.0,135000.0,117000.0,117000.0,5,607500.0,TQBR
2016-04-01,122000.0,122000.0,122000.0,122000.0,1,122000.0,TQBR
2016-04-04,117500.0,117500.0,117500.0,117500.0,1,117500.0,TQBR
2016-04-05,118000.0,118000.0,100500.0,114500.0,3,333000.0,TQBR
2016-04-12,111500.0,111500.0,111500.0,111500.0,1,111500.0,TQBR
2016-04-13,115000.0,115000.0,115000.0,115000.0,1,115000.0,TQBR
2016-04-18,106500.0,106500.0,106500.0,106500.0,1,106500.0,TQBR
2016-04-19,115000.0,115000.0,110000.0,112500.0,10,1114500.0,TQBR
2016-04-22,108000.0,113000.0,108000.0,113000.0,2,221000.0,TQBR
2016-04-25,115000.0,115000.0,115000.0,115000.0,2,230000.0,TQBR
2016-04-27,116000.0,117000.0,116000.0,117000.0,2,233000.0,TQBR
2016-04-28,120500.0,121000.0,120500.0,121000.0,2,241500.0,TQBR
2016-05-04,119000.0,119000.0,119000.0,119000.0,1,119000.0,TQBR
2016-05-10,117000.0,117000.0,114500.0,114500.0,4,462500.0,TQBR
2016-05-11,114500.0,114500.0,111500.0,111500.0,7,798500.0,TQBR
2016-05-12,116500.0,116500.0,110000.0,110000.0,7,794500.0,TQBR
2016-05-13,114000.0,116000.0,111000.0,114500.0,15,1700000.0,TQBR
2016-05-16,117000.0,118000.0,110000.0,114000.0,12,1352500.0,TQBR
2016-05-17,112000.0,113000.0,111500.0,113000.0,8,896000.0,TQBR
2016-05-18,116000.0,116000.0,115000.0,115000.0,2,231000.0,TQBR
2016-05-19,115000.0,116000.0,115000.0,116000.0,2,231000.0,TQBR
2016-05-20,116000.0,116000.0,116000.0,116000.0,1,116000.0,TQBR
2016-05-23,116500.0,119500.0,113000.0,119000.0,13,1515000.0,TQBR
2016-05-24,119000.0,120000.0,119000.0,120000.0,2,239000.0,TQBR
2016-05-25,122000.0,124000.0,122000.0,124000.0,3,369000.0,TQBR
2016-05-26,124000.0,127000.0,124000.0,127000.0,20,2501000.0,TQBR
2016-05-27,126000.0,127000.0,126000.0,127000.0,2,253000.0,TQBR
2016-05-31,127500.0,127500.0,127000.0,127000.0,2,254500.0,TQBR
2016-06-02,125000.0,125000.0,124000.0,124000.0,3,374000.0,TQBR
2016-06-03,132500.0,132500.0,122000.0,122000.0,3,379500.0,TQBR
2016-06-07,126500.0,126500.0,126500.0,126500.0,1,126500.0,TQBR
2016-06-08,125500.0,125500.0,125500.0,125500.0,2,251000.0,TQBR
2016-06-10,126500.0,126500.0,126500.0,126500.0,1,126500.0,TQBR
2016-06-15,125500.0,125500.0,125500.0,125500.0,1,125500.0,TQBR
2016-06-16,126000.0,127500.0,126000.0,127500.0,6,761000.0,TQBR
2016-06-17,121000.0,121000.0,121000.0,121000.0,4,484000.0,TQBR
2016-06-20,124000.0,124000.0,124000.0,124000.0,1,124000.0,TQBR
2016-06-22,124000.0,125000.0,122000.0,125000.0,6,742500.0,TQBR
2016-06-23,125000.0,125000.0,125000.0,125000.0,1,125000.0,TQBR
2016-06-24,124000.0,125000.0,122500.0,125000.0,3,371500.0,TQBR
2016-06-27,122000.0,122000.0,122000.0,122000.0,1,122000.0,TQBR
2016-06-28,125000.0,125000.0,125000.0,125000.0,3,375000.0,TQBR
2016-06-29,124000.0,129000.0,124000.0,129000.0,3,377500.0,TQBR
2016-06-30,129000.0,129500.0,129000.0,129500.0,3,387500.0,TQBR
2016-07-01,130000.0,130000.0,130000.0,130000.0,12,1560000.0,TQBR
2016-07-05,128000.0,129500.0,125500.0,129500.0,4,510500.0,TQBR
2016-07-06,130000.0,130000.0,130000.0,130000.0,1,130000.0,TQBR
2016-07-07,129500.0,133500.0,127000.0,127000.0,6,781000.0,TQBR
2016-07-08,127000.0,128000.0,125000.0,128000.0,7,881000.0,TQBR
2016-07-13,131000.0,131000.0,130000.0,130000.0,6,781000.0,TQBR
2016-07-15,129000.0,129000.0,129000.0,129000.0,1,129000.0,TQBR
2016-07-20,129500.0,129500.0,129500.0,129500.0,3,388500.0,TQBR
2016-07-21,129000.0,129000.0,129000.0,129000.0,1,129000.0,TQBR
2016-07-22,130000.0,130000.0,130000.0,130000.0,4,520000.0,TQBR
2016-07-25,130500.0,135000.0,130500.0,135000.0,4,531000.0,TQBR
2016-07-26,129500.0,129500.0,129500.0,129500.0,1,129500.0,TQBR
2016-07-28,135000.0,135000.0,135000.0,135000.0,12,1620000.0,TQBR
2016-07-29,135000.0,137000.0,135000.0,137000.0,7,957000.0,TQBR
2016-08-01,137000.0,137000.0,137000.0,137000.0,6,822000.0,TQBR
2016-08-04,138000.0,138000.0,135000.0,135000.0,8,1090500.0,TQBR
2016-08-05,135000.0,139000.0,123500.0,133000.0,549,68286500.0,TQBR
2016-08-08,134000.0,135000.0,125000.0,131500.0,365,45771000.0,TQBR
2016-08-09,133000.0,133000.0,131000.0,133000.0,5,662500.0,TQBR
2016-08-10,134000.0,136500.0,131500.0,131500.0,5,666000.0,TQBR
2016-08-11,130000.0,134000.0,130000.0,134000.0,3,397000.0,TQBR
2016-08-12,133000.0,133000.0,133000.0,133000.0,1,133000.0,TQBR
2016-08-15,133500.0,145000.0,133500.0,145000.0,26,3561500.0,TQBR
2016-08-16,150000.0,155000.0,150000.0,154500.0,5,769500.0,TQBR
2016-08-19,152000.0,152000.0,143500.0,143500.0,5,731000.0,TQBR
2016-08-22,139000.0,139000.0,139000.0,139000.0,1,139000.0,TQBR
2016-08-24,151000.0,151000.0,150500.0,150500.0,2,301500.0,TQBR
2016-08-25,152500.0,152500.0,152500.0,152500.0,1,152500.0,TQBR
2016-08-26,149000.0,149500.0,149000.0,149500.0,2,298500.0,TQBR
2016-08-29,150000.0,150000.0,150000.0,150000.0,1,150000.0,TQBR
2016-08-31,143000.0,143000.0,143000.0,143000.0,1,143000.0,TQBR
2016-09-01,150000.0,150000.0,143500.0,143500.0,2,293500.0,TQBR
2016-09-02,145000.0,150000.0,145000.0,149000.0,3,444000.0,TQBR
2016-09-05,154000.0,155500.0,149500.0,149500.0,11,1687500.0,TQBR
2016-09-06,152000.0,153500.0,152000.0,153500.0,3,458500.0,TQBR
2016-09-07,150000.0,152500.0,148000.0,148000.0,11,1643500.0,TQBR
2016-09-08,152000.0,152000.0,152000.0,152000.0,1,152000.0,TQBR
2016-09-12,152000.0,154500.0,152000.0,154500.0,4,612000.0,TQBR
2016-09-14,156500.0,156500.0,151000.0,151000.0,2,307500.0,TQBR
2016-09-15,155000.0,155000.0,154500.0,154500.0,2,309500.0,TQBR
2016-09-16,156500.0,156500.0,156500.0,156500.0,1,156500.0,TQBR
2016-09-19,157500.0,160000.0,157500.0,160000.0,2,317500.0,TQBR
2016-09-20,160500.0,161000.0,160000.0,160000.0,7,1122500.0,TQBR
2016-09-21,161000.0,165500.0,160000.0,160000.0,7,1133500.0,TQBR
2016-09-23,158000.0,165500.0,158000.0,165500.0,2,323500.0,TQBR
2016-09-26,165500.0,166000.0,165500.0,166000.0,4,662500.0,TQBR
2016-09-27,158500.0,159500.0,158500.0,159500.0,2,318000.0,TQBR
2016-09-28,159500.0,159500.0,159500.0,159500.0,2,319000.0,TQBR
2016-09-29,162000.0,162000.0,162000.0,162000.0,1,162000.0,TQBR
2016-09-30,160500.0,160500.0,160500.0,160500.0,1,160500.0,TQBR
2016-10-04,161000.0,161000.0,161000.0,161000.0,4,644000.0,TQBR
2016-10-05,158000.0,183500.0,158000.0,183500.0,7,1203500.0,TQBR
2016-10-06,167500.0,172000.0,167500.0,172000.0,5,846500.0,TQBR
2016-10-07,179500.0,179500.0,179500.0,179500.0,1,179500.0,TQBR
2016-10-10,183500.0,183500.0,183500.0,183500.0,1,183500.0,TQBR
2016-10-11,193500.0,193500.0,184000.0,191000.0,4,760500.0,TQBR
2016-10-12,185000.0,185000.0,185000.0,185000.0,1,185000.0,TQBR
2016-10-13,185000.0,185000.0,185000.0,185000.0,1,185000.0,TQBR
2016-10-17,188500.0,188500.0,188500.0,188500.0,2,377000.0,TQBR
2016-10-18,188000.0,188500.0,188000.0,188500.0,2,376500.0,TQBR
2016-10-19,190000.0,190500.0,190000.0,190000.0,14,2660500.0,TQBR
2016-10-20,182000.0,182000.0,182000.0,182000.0,1,182000.0,TQBR
2016-10-24,171000.0,171000.0,170500.0,171000.0,10,1708000.0,TQBR
2016-10-25,171500.0,191000.0,171500.0,191000.0,8,1446000.0,TQBR
2016-11-01,185000.0,185000.0,182000.0,182500.0,5,914000.0,TQBR
2016-11-03,181000.0,181500.0,179000.0,180000.0,12,2163000.0,TQBR
2016-11-07,184000.0,184000.0,180000.0,182000.0,8,1448500.0,TQBR
2016-11-08,183500.0,192500.0,183500.0,185000.0,7,1306500.0,TQBR
2016-11-10,190500.0,190500.0,185000.0,185000.0,2,375500.0,TQBR
2016-11-11,190000.0,197500.0,190000.0,190000.0,7,1352000.0,TQBR
2016-11-15,192000.0,192000.0,191500.0,191500.0,6,1151500.0,TQBR
2016-11-16,190000.0,191000.0,190000.0,191000.0,2,381000.0,TQBR
2016-11-17,190000.0,192000.0,190000.0,190000.0,4,763000.0,TQBR
2016-11-18,190000.0,190000.0,190000.0,190000.0,1,190000.0,TQBR
2016-11-21,195000.0,195000.0,195000.0,195000.0,1,195000.0,TQBR
2016-11-22,192000.0,192000.0,192000.0,192000.0,1,192000.0,TQBR
2016-11-23,193000.0,193000.0,190000.0,190000.0,2,383000.0,TQBR
2016-11-24,184000.0,192000.0,180500.0,192000.0,7,1311000.0,TQBR
2016-11-25,190000.0,190000.0,190000.0,190000.0,1,190000.0,TQBR
2016-11-29,189000.0,189000.0,186000.0,187000.0,6,1122000.0,TQBR
2016-12-02,191000.0,199500.0,191000.0,199500.0,10,1951000.0,TQBR
2016-12-05,196500.0,196500.0,196500.0,196500.0,1,196500.0,TQBR
2016-12-06,189500.0,189500.0,189500.0,189500.0,1,189500.0,TQBR
2016-12-07,197000.0,197500.0,196500.0,197500.0,9,1772000.0,TQBR
2016-12-08,197000.0,197000.0,196500.0,196500.0,3,590500.0,TQBR
2016-12-09,199500.0,214500.0,196500.0,201000.0,12,2491500.0,TQBR
2016-12-12,210000.0,214500.0,207000.0,208000.0,10,2112500.0,TQBR
2016-12-13,213500.0,213500.0,210000.0,212000.0,28,5896000.0,TQBR
2016-12-14,203500.0,212000.0,203500.0,212000.0,13,2739000.0,TQBR
2016-12-15,212000.0,212500.0,212000.0,212500.0,10,2123500.0,TQBR
2016-12-16,211000.0,214000.0,209000.0,214000.0,6,1268000.0,TQBR
2016-12-19,200500.0,213000.0,200500.0,212000.0,16,3381000.0,TQBR
2016-12-20,214500.0,214500.0,211000.0,211500.0,10,2125500.0,TQBR
2016-12-21,214000.0,214000.0,210000.0,213000.0,80,17020500.0,TQBR
2016-12-22,198000.0,198000.0,190500.0,190500.0,12,2323500.0,TQBR
2016-12-23,192000.0,193500.0,192000.0,193000.0,5,964500.0,TQBR
2016-12-26,195000.0,195000.0,191000.0,192500.0,9,1746000.0,TQBR
2016-12-27,191000.0,191000.0,188500.0,190000.0,3,569500.0,TQBR
2016-12-28,191500.0,191500.0,191500.0,191500.0,2,383000.0,TQBR
2016-12-29,192500.0,192500.0,184500.0,184500.0,2,377000.0,TQBR
2016-12-30,184500.0,192500.0,180000.0,180000.0,23,4263500.0,TQBR
2017-01-03,186500.0,190500.0,186500.0,186500.0,8,1499500.0,TQBR
2017-01-05,184000.0,184000.0,180000.0,184000.0,12,2192000.0,TQBR
2017-01-06,184000.0,184000.0,184000.0,184000.0,1,184000.0,TQBR
2017-01-09,182000.0,182000.0,176000.0,179500.0,22,3937000.0,TQBR
2017-01-10,173000.0,181000.0,173000.0,175500.0,4,710000.0,TQBR
2017-01-11,179500.0,180000.0,179000.0,180000.0,3,538500.0,TQBR
2017-01-12,178000.0,180500.0,178000.0,180500.0,25,4490500.0,TQBR
2017-01-13,180000.0,180000.0,179000.0,179000.0,11,1974000.0,TQBR
2017-01-16,180000.0,180000.0,178500.0,178500.0,3,538000.0,TQBR
2017-01-17,178500.0,180000.0,178500.0,179500.0,4,716500.0,TQBR
2017-01-18,180000.0,182000.0,180000.0,180000.0,5,902000.0,TQBR
2017-01-19,180000.0,181500.0,179000.0,181500.0,4,720500.0,TQBR
2017-01-20,179000.0,179500.0,178000.0,179500.0,4,715500.0,TQBR
2017-01-23,191000.0,191000.0,176000.0,180000.0,7,1282000.0,TQBR
2017-01-24,181000.0,181000.0,180000.0,180000.0,8,1443000.0,TQBR
2017-01-26,173500.0,181000.0,173500.0,181000.0,9,1607500.0,TQBR
2017-01-27,180000.0,180000.0,180000.0,180000.0,7,1260000.0,TQBR
2017-01-30,178500.0,178500.0,178000.0,178000.0,2,356500.0,TQBR
2017-01-31,178500.0,178500.0,178000.0,178000.0,7,1246500.0,TQBR
2017-02-01,178000.0,178000.0,178000.0,178000.0,1,178000.0,TQBR
2017-02-02,178000.0,179500.0,178000.0,179500.0,7,1254500.0,TQBR
2017-02-03,180000.0,180000.0,179500.0,179500.0,4,719500.0,TQBR
2017-02-06,178500.0,178500.0,178500.0,178500.0,2,357000.0,TQBR
2017-02-07,178000.0,178500.0,178000.0,178500.0,6,1069500.0,TQBR
2017-02-08,178500.0,178500.0,177500.0,177500.0,10,1779000.0,TQBR
2017-02-09,178000.0,178000.0,162000.0,170000.0,44,7446000.0,TQBR
2017-02-10,175000.0,175000.0,171000.0,174000.0,4,691000.0,TQBR
2017-02-13,175000.0,175000.0,174500.0,174500.0,2,349500.0,TQBR
2017-02-14,173000.0,173000.0,170500.0,170500.0,2,343500.0,TQBR
2017-02-15,170000.0,170000.0,165000.0,167500.0,21,3500500.0,TQBR
2017-02-16,170000.0,170000.0,168500.0,170000.0,4,678500.0,TQBR
2017-02-17,172500.0,186500.0,172500.0,176500.0,6,1060000.0,TQBR
2017-02-21,172000.0,172000.0,170000.0,170000.0,5,856000.0,TQBR
2017-02-22,175000.0,175000.0,175000.0,175000.0,2,350000.0,TQBR
2017-02-24,174000.0,174000.0,166000.0,172000.0,5,848500.0,TQBR
2017-02-27,172500.0,172500.0,168000.0,168000.0,4,680500.0,TQBR
2017-02-28,165500.0,172000.0,164500.0,172000.0,4,667000.0,TQBR
2017-03-01,167500.0,167500.0,167500.0,167500.0,1,167500.0,TQBR
2017-03-02,168000.0,170000.0,168000.0,170000.0,5,844500.0,TQBR
2017-03-03,171500.0,171500.0,169000.0,169000.0,2,340500.0,TQBR
2017-03-06,170500.0,171000.0,170500.0,171000.0,2,341500.0,TQBR
2017-03-07,171500.0,172500.0,169000.0,169000.0,5,855000.0,TQBR
2017-03-09,167000.0,168000.0,166500.0,166500.0,5,835500.0,TQBR
2017-03-10,163000.0,168000.0,163000.0,168000.0,7,1151000.0,TQBR
2017-03-13,163000.0,163000.0,163000.0,163000.0,1,163000.0,TQBR
2017-03-14,163500.0,163500.0,163500.0,163500.0,3,490500.0,TQBR
2017-03-15,163500.0,163500.0,163000.0,163000.0,5,815500.0,TQBR
2017-03-16,165500.0,168500.0,165000.0,168500.0,6,995500.0,TQBR
2017-03-17,170000.0,171000.0,170000.0,171000.0,4,681500.0,TQBR
2017-03-20,170500.0,170500.0,170500.0,170500.0,1,170500.0,TQBR
2017-03-21,169000.0,169000.0,169000.0,169000.0,1,169000.0,TQBR
2017-03-28,173000.0,173000.0,173000.0,173000.0,1,173000.0,TQBR
2017-03-31,167000.0,169000.0,166000.0,169000.0,9,1502000.0,TQBR
2017-04-04,166000.0,167500.0,163000.0,166500.0,4,663000.0,TQBR
2017-04-07,167500.0,167500.0,164000.0,164000.0,3,495500.0,TQBR
2017-04-10,167000.0,167000.0,161500.0,161500.0,3,493500.0,TQBR
2017-04-11,163000.0,163000.0,161000.0,163000.0,6,976000.0,TQBR
2017-04-12,164500.0,164500.0,161000.0,161000.0,4,652000.0,TQBR
2017-04-13,160000.0,160000.0,160000.0,160000.0,1,160000.0,TQBR
2017-04-17,159000.0,166000.0,153500.0,166000.0,13,2066500.0,TQBR
2017-04-18,160500.0,166000.0,160500.0,166000.0,4,656000.0,TQBR
2017-04-19,166000.0,169000.0,166000.0,169000.0,6,1000500.0,TQBR
2017-04-21,165000.0,165000.0,165000.0,165000.0,1,165000.0,TQBR
2017-04-24,164000.0,165000.0,164000.0,164500.0,4,657500.0,TQBR
2017-04-25,164000.0,170000.0,164000.0,170000.0,2,334000.0,TQBR
2017-04-26,170000.0,170000.0,170000.0,170000.0,1,170000.0,TQBR
2017-05-02,165000.0,170000.0,165000.0,165500.0,6,1000000.0,TQBR
2017-05-03,163000.0,163000.0,162500.0,162500.0,6,976000.0,TQBR
2017-05-04,163000.0,164000.0,163000.0,164000.0,3,490500.0,TQBR
2017-05-05,164000.0,164000.0,153500.0,159000.0,35,5601500.0,TQBR
2017-05-10,153500.0,159000.0,153500.0,159000.0,5,783000.0,TQBR
2017-05-11,158000.0,158000.0,152000.0,152000.0,19,2917500.0,TQBR
2017-05-12,152000.0,152000.0,150000.0,150000.0,73,11022000.0,TQBR
2017-05-15,151000.0,151000.0,146500.0,147000.0,71,10696500.0,TQBR
2017-05-16,148000.0,150000.0,148000.0,148500.0,5,746500.0,TQBR
2017-05-17,147000.0,149000.0,143000.0,146500.0,9,1315500.0,TQBR
2017-05-18,143000.0,143000.0,143000.0,143000.0,2,286000.0,TQBR
2017-05-19,142000.0,142500.0,142000.0,142000.0,6,852500.0,TQBR
2017-05-22,140000.0,140000.0,140000.0,140000.0,3,420000.0,TQBR
2017-05-23,143000.0,143000.0,141000.0,141000.0,2,284000.0,TQBR
2017-05-24,139000.0,139500.0,139000.0,139000.0,4,556500.0,TQBR
2017-05-25,137000.0,137000.0,130000.0,130000.0,5,673000.0,TQBR
2017-05-26,138000.0,138000.0,131000.0,137000.0,29,3916000.0,TQBR
2017-05-29,137000.0,137000.0,137000.0,137000.0,1,137000.0,TQBR
2017-05-30,138500.0,138500.0,136000.0,136000.0,3,413000.0,TQBR
2017-05-31,140000.0,140000.0,140000.0,140000.0,1,140000.0,TQBR
2017-06-02,139000.0,154000.0,135000.0,153000.0,18,2642000.0,TQBR
2017-06-06,143000.0,152000.0,143000.0,145000.0,7,1016500.0,TQBR
2017-06-07,151500.0,151500.0,151500.0,151500.0,1,151500.0,TQBR
2017-06-08,140000.0,140000.0,140000.0,140000.0,1,140000.0,TQBR
2017-06-09,140500.0,140500.0,140500.0,140500.0,1,140500.0,TQBR
2017-06-13,137000.0,138000.0,135500.0,138000.0,10,1362500.0,TQBR
2017-06-14,135000.0,147000.0,135000.0,135500.0,37,5034000.0,TQBR
2017-06-15,135500.0,145000.0,130000.0,145000.0,3,410500.0,TQBR
2017-06-16,130500.0,136000.0,130500.0,136000.0,4,538500.0,TQBR
2017-06-20,137500.0,137500.0,137000.0,137000.0,96,13154500.0,TQBR
2017-06-21,138000.0,138000.0,138000.0,138000.0,1,138000.0,TQBR
2017-06-23,138500.0,139000.0,135000.0,139000.0,6,823500.0,TQBR
2017-06-26,140000.0,140000.0,140000.0,140000.0,1,140000.0,TQBR
2017-06-27,136000.0,136000.0,133000.0,135000.0,9,1212500.0,TQBR
2017-06-28,134000.0,134000.0,132000.0,132000.0,4,530500.0,TQBR
2017-06-29,131000.0,131000.0,127000.0,127000.0,21,2727000.0,TQBR
2017-06-30,130000.0,132000.0,120500.0,132000.0,25,3139500.0,TQBR
2017-07-03,129000.0,132000.0,129000.0,132000.0,2,261000.0,TQBR
2017-07-04,134500.0,134500.0,134000.0,134000.0,2,268500.0,TQBR
2017-07-05,134000.0,134000.0,128000.0,131000.0,9,1173500.0,TQBR
2017-07-06,135500.0,135500.0,132500.0,135500.0,18,2431000.0,TQBR
2017-07-07,140000.0,140000.0,133000.0,138000.0,7,960000.0,TQBR
2017-07-10,133000.0,134500.0,133000.0,133000.0,10,1333000.0,TQBR
2017-07-11,136500.0,140500.0,136500.0,139000.0,13,1809500.0,TQBR
2017-07-12,134500.0,139500.0,133500.0,133500.0,9,1213000.0,TQBR
2017-07-13,133500.0,133500.0,130000.0,130000.0,3,394000.0,TQBR
2017-07-14,137500.0,137500.0,132000.0,132000.0,5,670000.0,TQBR
2017-07-17,135500.0,135500.0,130000.0,130000.0,8,1049500.0,TQBR
2017-07-18,134500.0,135000.0,131000.0,131000.0,5,668500.0,TQBR
2017-07-19,133000.0,134000.0,132000.0,132000.0,4,531500.0,TQBR
2017-07-20,132500.0,135000.0,132500.0,132500.0,4,535000.0,TQBR
2017-07-24,132500.0,132500.0,132500.0,132500.0,2,265000.0,TQBR
2017-07-25,131500.0,132000.0,131500.0,132000.0,3,395000.0,TQBR
2017-07-26,132500.0,132500.0,132500.0,132500.0,1,132500.0,TQBR
2017-07-27,135000.0,135000.0,135000.0,135000.0,1,135000.0,TQBR
2017-07-28,133000.0,133000.0,133000.0,133000.0,1,133000.0,TQBR
2017-07-31,132500.0,132500.0,132500.0,132500.0,1,132500.0,TQBR
2017-08-02,134000.0,134000.0,132500.0,133000.0,12,1593000.0,TQBR
2017-08-03,132500.0,133000.0,132000.0,132500.0,18,2385500.0,TQBR
2017-08-04,132000.0,132500.0,132000.0,132500.0,4,529500.0,TQBR
2017-08-07,131500.0,134000.0,131000.0,134000.0,10,1323500.0,TQBR
2017-08-08,133500.0,133500.0,132000.0,132000.0,5,663500.0,TQBR
2017-08-09,133000.0,133500.0,133000.0,133500.0,2,266500.0,TQBR
2017-08-10,134500.0,135000.0,134500.0,135000.0,3,404000.0,TQBR
2017-08-11,133000.0,134000.0,130000.0,134000.0,11,1449000.0,TQBR
2017-08-14,135000.0,135000.0,135000.0,135000.0,1,135000.0,TQBR
2017-08-15,132000.0,132000.0,132000.0,132000.0,1,132000.0,TQBR
2017-08-16,132500.0,132500.0,132500.0,132500.0,1,132500.0,TQBR
2017-08-18,134000.0,136000.0,134000.0,136000.0,4,538000.0,TQBR
2017-08-21,135500.0,135500.0,135500.0,135500.0,2,271000.0,TQBR
2017-08-22,136500.0,136500.0,136500.0,136500.0,4,546000.0,TQBR
2017-08-23,137000.0,140500.0,134500.0,139000.0,23,3178500.0,TQBR
2017-08-24,134500.0,137500.0,134500.0,137500.0,4,541000.0,TQBR
2017-08-25,137500.0,137500.0,134500.0,135000.0,6,813500.0,TQBR
2017-08-28,134000.0,142500.0,124000.0,141500.0,52,7096500.0,TQBR
2017-08-29,141000.0,142000.0,140000.0,142000.0,13,1825000.0,TQBR
2017-08-30,139000.0,142500.0,139000.0,142500.0,15,2118500.0,TQBR
2017-08-31,138000.0,143500.0,132500.0,140000.0,40,5435500.0,TQBR
2017-09-01,140000.0,140500.0,138500.0,138500.0,3,419000.0,TQBR
2017-09-04,140000.0,140000.0,137000.0,138000.0,3,415000.0,TQBR
2017-09-05,138000.0,141500.0,138000.0,139500.0,14,1963500.0,TQBR
2017-09-08,141000.0,141500.0,141000.0,141500.0,3,423500.0,TQBR
2017-09-11,140500.0,145000.0,140000.0,145000.0,28,4003500.0,TQBR
2017-09-12,144000.0,158500.0,141000.0,148500.0,65,9546000.0,TQBR
2017-09-13,147000.0,147500.0,145000.0,147500.0,4,584500.0,TQBR
2017-09-14,143000.0,144500.0,140000.0,141000.0,19,2710000.0,TQBR
2017-09-15,144000.0,144000.0,141000.0,144000.0,13,1841000.0,TQBR
2017-09-18,142000.0,142000.0,142000.0,142000.0,10,1420000.0,TQBR
2017-09-19,142000.0,144000.0,142000.0,144000.0,14,1993000.0,TQBR
2017-09-20,144500.0,144500.0,142500.0,144000.0,6,864000.0,TQBR
2017-09-21,142000.0,147500.0,142000.0,147000.0,16,2333000.0,TQBR
2017-09-22,143500.0,146000.0,143500.0,146000.0,13,1873000.0,TQBR
2017-09-25,145000.0,145000.0,145000.0,145000.0,8,1160000.0,TQBR
2017-09-26,144500.0,147500.0,144500.0,147500.0,16,2324500.0,TQBR
2017-09-27,147500.0,148000.0,145500.0,145500.0,7,1032000.0,TQBR
2017-09-28,147500.0,148000.0,146500.0,146500.0,3,442000.0,TQBR
2017-09-29,148500.0,148500.0,146000.0,146500.0,15,2199000.0,TQBR
2017-10-02,148500.0,148500.0,146000.0,146500.0,3,441000.0,TQBR
2017-10-03,146500.0,146500.0,146000.0,146000.0,19,2781500.0,TQBR
2017-10-05,145000.0,146500.0,145000.0,146500.0,18,2628000.0,TQBR
2017-10-06,153500.0,153500.0,149000.0,150000.0,9,1353000.0,TQBR
2017-10-09,150000.0,150000.0,148000.0,148500.0,5,744500.0,TQBR
2017-10-10,148000.0,148000.0,148000.0,148000.0,3,444000.0,TQBR
2017-10-11,147500.0,147500.0,147500.0,147500.0,16,2360000.0,TQBR
2017-10-12,147000.0,153000.0,147000.0,153000.0,35,5285500.0,TQBR
2017-10-13,153000.0,153000.0,150000.0,150000.0,9,1355000.0,TQBR
2017-10-16,150500.0,156000.0,150500.0,152000.0,20,3035500.0,TQBR
2017-10-17,154500.0,154500.0,152000.0,154000.0,20,3058500.0,TQBR
2017-10-18,154000.0,156000.0,154000.0,156000.0,10,1551000.0,TQBR
2017-10-19,154500.0,154500.0,150500.0,150500.0,9,1381000.0,TQBR
2017-10-20,150500.0,154500.0,150500.0,152000.0,3,457000.0,TQBR
2017-10-23,151000.0,158000.0,151000.0,158000.0,15,2341000.0,TQBR
2017-10-24,162000.0,162000.0,157000.0,162000.0,22,3534500.0,TQBR
2017-10-25,160500.0,164000.0,160500.0,164000.0,5,812000.0,TQBR
2017-10-26,161000.0,161000.0,160500.0,160500.0,2,321500.0,TQBR
2017-10-27,165000.0,168500.0,164000.0,164000.0,8,1331000.0,TQBR
2017-10-30,164000.0,169000.0,164000.0,167000.0,12,2003000.0,TQBR
2017-10-31,167000.0,172000.0,163000.0,163000.0,27,4506500.0,TQBR
2017-11-01,165500.0,170500.0,165500.0,170500.0,13,2199500.0,TQBR
2017-11-02,171000.0,176500.0,170000.0,176500.0,27,4696000.0,TQBR
2017-11-03,177000.0,178000.0,174500.0,174500.0,19,3336000.0,TQBR
2017-11-07,174000.0,177000.0,173000.0,177000.0,5,870500.0,TQBR
2017-11-08,177500.0,178000.0,176500.0,176500.0,7,1244000.0,TQBR
2017-11-09,175000.0,175500.0,175000.0,175500.0,2,350500.0,TQBR
2017-11-10,174000.0,174000.0,164000.0,172000.0,19,3226500.0,TQBR
2017-11-13,165000.0,170000.0,165000.0,167000.0,3,502000.0,TQBR
2017-11-14,167000.0,170000.0,167000.0,169000.0,4,673500.0,TQBR
2017-11-15,169000.0,169000.0,169000.0,169000.0,1,169000.0,TQBR
2017-11-16,165000.0,165000.0,165000.0,165000.0,3,495000.0,TQBR
2017-11-17,162500.0,168000.0,162500.0,166000.0,7,1152000.0,TQBR
2017-11-20,163000.0,163000.0,163000.0,163000.0,1,163000.0,TQBR
2017-11-21,163000.0,163000.0,162000.0,163000.0,19,3082000.0,TQBR
2017-11-27,164000.0,165000.0,164000.0,165000.0,3,493500.0,TQBR
2017-11-28,167000.0,169000.0,162000.0,167000.0,8,1330000.0,TQBR
2017-11-30,163500.0,163500.0,163000.0,163000.0,3,489500.0,TQBR
2017-12-01,161500.0,161500.0,160500.0,160500.0,11,1769500.0,TQBR
2017-12-04,160500.0,160500.0,157000.0,157000.0,18,2868000.0,TQBR
2017-12-05,160000.0,160000.0,159000.0,159000.0,4,638000.0,TQBR
2017-12-06,158000.0,159500.0,157500.0,159500.0,8,1263000.0,TQBR
2017-12-07,162500.0,162500.0,156500.0,156500.0,13,2056000.0,TQBR
2017-12-08,160500.0,160500.0,158000.0,159000.0,11,1755500.0,TQBR
2017-12-11,159000.0,163000.0,159000.0,162500.0,35,5634000.0,TQBR
2017-12-12,163500.0,163500.0,161000.0,163500.0,12,1952500.0,TQBR
2017-12-13,164000.0,164000.0,161000.0,161000.0,6,972500.0,TQBR
2017-12-14,159500.0,163000.0,159500.0,162500.0,13,2092500.0,TQBR
2017-12-15,161000.0,162000.0,159500.0,159500.0,15,2407500.0,TQBR
2017-12-18,162000.0,164000.0,161500.0,163000.0,16,2607000.0,TQBR
2017-12-19,165000.0,165000.0,160000.0,160000.0,35,5634000.0,TQBR
2017-12-20,152500.0,152500.0,145000.0,146500.0,41,5980000.0,TQBR
2017-12-21,145000.0,151000.0,143500.0,145500.0,6,873000.0,TQBR
2017-12-22,142500.0,146500.0,142500.0,145500.0,5,719500.0,TQBR
2017-12-25,141500.0,143500.0,141500.0,142000.0,7,994500.0,TQBR
2017-12-26,144000.0,144000.0,144000.0,144000.0,2,288000.0,TQBR
2017-12-27,142000.0,144000.0,141500.0,142000.0,8,1140000.0,TQBR
2017-12-28,143000.0,146000.0,142000.0,145000.0,22,3184000.0,TQBR
2017-12-29,146000.0,146000.0,146000.0,146000.0,1,146000.0,TQBR
2018-01-04,149000.0,149000.0,149000.0,149000.0,1,149000.0,TQBR
2018-01-05,146500.0,149500.0,146500.0,149500.0,5,742500.0,TQBR
2018-01-09,149000.0,149500.0,149000.0,149500.0,4,597500.0,TQBR
2018-01-10,149000.0,149000.0,148000.0,148000.0,7,1037000.0,TQBR
2018-01-11,148000.0,149500.0,148000.0,149500.0,8,1188000.0,TQBR
2018-01-12,149500.0,150000.0,148500.0,150000.0,4,598000.0,TQBR
2018-01-15,151500.0,153000.0,149000.0,149000.0,4,606500.0,TQBR
2018-01-17,153000.0,159500.0,151000.0,153500.0,10,1534000.0,TQBR
2018-01-18,155500.0,155500.0,152500.0,152500.0,5,766000.0,TQBR
2018-01-19,153000.0,153500.0,152000.0,153500.0,5,764500.0,TQBR
2018-01-22,156000.0,156000.0,152500.0,153500.0,3,462000.0,TQBR
2018-01-23,153000.0,153000.0,153000.0,153000.0,2,306000.0,TQBR
2018-01-24,151500.0,151500.0,151500.0,151500.0,1,151500.0,TQBR
2018-01-25,151500.0,152500.0,150000.0,151000.0,6,906000.0,TQBR
2018-01-26,150000.0,150500.0,149000.0,150500.0,5,747500.0,TQBR
2018-01-29,148500.0,150000.0,148000.0,148500.0,17,2519500.0,TQBR
2018-01-30,148000.0,148500.0,148000.0,148000.0,12,1777000.0,TQBR
2018-02-01,148000.0,148000.0,148000.0,148000.0,1,148000.0,TQBR
2018-02-02,148000.0,149000.0,148000.0,149000.0,4,593000.0,TQBR
2018-02-05,152500.0,152500.0,148000.0,148000.0,2,300500.0,TQBR
2018-02-06,148000.0,148000.0,148000.0,148000.0,5,740000.0,TQBR
2018-02-07,152000.0,152000.0,152000.0,152000.0,1,152000.0,TQBR
2018-02-09,149000.0,149000.0,148000.0,148000.0,3,445500.0,TQBR
2018-02-12,149000.0,149000.0,149000.0,149000.0,2,298000.0,TQBR
2018-02-13,149500.0,150000.0,148000.0,149000.0,26,3857500.0,TQBR
2018-02-14,150500.0,150500.0,148500.0,148500.0,3,448500.0,TQBR
2018-02-15,148000.0,148500.0,148000.0,148500.0,2,296500.0,TQBR
2018-02-16,149000.0,149000.0,148500.0,149000.0,3,446500.0,TQBR
2018-02-19,148000.0,149000.0,148000.0,149000.0,11,1630000.0,TQBR
2018-02-20,147000.0,149000.0,147000.0,148000.0,28,4146500.0,TQBR
2018-02-21,145500.0,148500.0,145000.0,148500.0,18,2660500.0,TQBR
2018-02-22,148000.0,157500.0,148000.0,150000.0,15,2274500.0,TQBR
2018-02-26,153000.0,154000.0,153000.0,154000.0,2,307000.0,TQBR
2018-03-01,148500.0,148500.0,148500.0,148500.0,1,148500.0,TQBR
2018-03-02,148500.0,148500.0,148000.0,148500.0,7,1037500.0,TQBR
2018-03-05,148000.0,148000.0,148000.0,148000.0,7,1036000.0,TQBR
2018-03-07,149000.0,149000.0,149000.0,149000.0,1,149000.0,TQBR
2018-03-12,148500.0,150000.0,148500.0,150000.0,2,298500.0,TQBR
2018-03-14,148500.0,148500.0,148500.0,148500.0,1,148500.0,TQBR
2018-03-15,148000.0,148000.0,148000.0,148000.0,7,1036000.0,TQBR
2018-03-16,148000.0,148000.0,148000.0,148000.0,12,1776000.0,TQBR
2018-03-19,148000.0,148000.0,148000.0,148000.0,1,148000.0,TQBR
2018-03-20,148000.0,148000.0,148000.0,148000.0,17,2516000.0,TQBR
2018-03-21,149000.0,149000.0,149000.0,149000.0,1,149000.0,TQBR
2018-03-22,148000.0,148000.0,148000.0,148000.0,9,1332000.0,TQBR
2018-03-23,149500.0,150000.0,149500.0,150000.0,2,299500.0,TQBR
2018-03-26,148000.0,148000.0,148000.0,148000.0,1,148000.0,TQBR
2018-03-28,148000.0,148000.0,148000.0,148000.0,4,592000.0,TQBR
2018-03-30,150000.0,150000.0,150000.0,150000.0,2,300000.0,TQBR
2018-04-02,148500.0,149500.0,148500.0,148500.0,4,595500.0,TQBR
2018-04-03,148000.0,148000.0,148000.0,148000.0,1,148000.0,TQBR
2018-04-04,148000.0,148000.0,148000.0,148000.0,7,1036000.0,TQBR
2018-04-05,148000.0,148000.0,148000.0,148000.0,36,5328000.0,TQBR
2018-04-06,148000.0,148000.0,148000.0,148000.0,7,1036000.0,TQBR
2018-04-09,148000.0,148000.0,148000.0,148000.0,100,14800000.0,TQBR
2018-04-10,148000.0,149500.0,148000.0,148000.0,23,3406500.0,TQBR
2018-04-11,148000.0,148500.0,148000.0,148000.0,12,1776500.0,TQBR
2018-04-12,148000.0,148000.0,148000.0,148000.0,2,296000.0,TQBR
2018-04-13,148000.0,148500.0,148000.0,148000.0,5,740500.0,TQBR
2018-04-16,150000.0,150000.0,148000.0,148000.0,6,891500.0,TQBR
2018-04-17,148000.0,148000.0,148000.0,148000.0,2,296000.0,TQBR
2018-04-18,149000.0,149500.0,149000.0,149500.0,2,298500.0,TQBR
2018-04-19,149000.0,149000.0,149000.0,149000.0,1,149000.0,TQBR
2018-04-20,148000.0,148000.0,148000.0,148000.0,1,148000.0,TQBR
2018-04-23,150000.0,150000.0,146500.0,147500.0,54,7992000.0,TQBR
2018-04-24,148500.0,148500.0,146000.0,146000.0,3,440500.0,TQBR
2018-04-25,145000.0,146000.0,145000.0,146000.0,2,291000.0,TQBR
2018-04-26,145500.0,145500.0,145000.0,145000.0,3,435500.0,TQBR
2018-04-27,145000.0,145000.0,145000.0,145000.0,4,580000.0,TQBR
2018-04-28,145000.0,145000.0,145000.0,145000.0,4,580000.0,TQBR
2018-04-30,145000.0,145000.0,145000.0,145000.0,1,145000.0,TQBR
2018-05-03,145000.0,145000.0,145000.0,145000.0,38,5510000.0,TQBR
2018-05-07,143000.0,143000.0,143000.0,143000.0,25,3575000.0,TQBR
2018-05-08,143500.0,143500.0,143000.0,143000.0,7,1002000.0,TQBR
2018-05-10,143000.0,145000.0,143000.0,144000.0,27,3894000.0,TQBR
2018-05-11,143000.0,143000.0,143000.0,143000.0,2,286000.0,TQBR
2018-05-14,143000.0,143000.0,143000.0,143000.0,2,286000.0,TQBR
2018-05-15,142000.0,143000.0,142000.0,142000.0,16,2278500.0,TQBR
2018-05-16,143500.0,143500.0,142000.0,142500.0,50,7102500.0,TQBR
2018-05-17,140000.0,140000.0,140000.0,140000.0,2,280000.0,TQBR
2018-05-21,140000.0,140000.0,133000.0,133000.0,5,680500.0,TQBR
2018-05-22,136000.0,136000.0,132500.0,132500.0,20,2655000.0,TQBR
2018-05-23,134000.0,134000.0,133000.0,133000.0,14,1863500.0,TQBR
2018-05-24,134000.0,134000.0,134000.0,134000.0,1,134000.0,TQBR
2018-05-25,132500.0,133000.0,132500.0,133000.0,11,1458000.0,TQBR
2018-05-28,127000.0,132500.0,120000.0,132500.0,86,11366500.0,TQBR
2018-05-29,132000.0,132000.0,132000.0,132000.0,5,660000.0,TQBR
2018-05-30,130000.0,131000.0,130000.0,130500.0,10,1304000.0,TQBR
2018-05-31,130000.0,130000.0,129000.0,130000.0,20,2596000.0,TQBR
2018-06-01,127000.0,129500.0,127000.0,129500.0,6,765000.0,TQBR
2018-06-04,121500.0,131000.0,121500.0,130000.0,52,6752500.0,TQBR
2018-06-05,135000.0,135000.0,133500.0,133500.0,2,268500.0,TQBR
2018-06-06,131000.0,133000.0,131000.0,133000.0,2,264000.0,TQBR
2018-06-07,130000.0,132500.0,129500.0,130000.0,4,522000.0,TQBR
2018-06-08,129000.0,129000.0,127000.0,127000.0,6,768000.0,TQBR
2018-06-09,132000.0,132000.0,132000.0,132000.0,1,132000.0,TQBR
2018-06-14,125500.0,128000.0,123500.0,127500.0,7,877500.0,TQBR
2018-06-19,128000.0,128000.0,128000.0,128000.0,1,128000.0,TQBR
2018-06-20,127000.0,127000.0,121500.0,121500.0,3,373500.0,TQBR
2018-06-21,122000.0,125500.0,119500.0,125500.0,12,1456500.0,TQBR
2018-06-26,125500.0,125500.0,125500.0,125500.0,1,125500.0,TQBR
2018-06-27,121000.0,121000.0,113000.0,120000.0,10,1195000.0,TQBR
2018-06-28,120000.0,120000.0,120000.0,120000.0,3,360000.0,TQBR
2018-06-29,120000.0,120000.0,120000.0,120000.0,2,240000.0,TQBR
2018-07-02,120000.0,120000.0,120000.0,120000.0,5,600000.0,TQBR
2018-07-03,120000.0,120000.0,120000.0,120000.0,3,360000.0,TQBR
2018-07-04,119500.0,119500.0,119500.0,119500.0,1,119500.0,TQBR
2018-07-05,119500.0,119500.0,119500.0,119500.0,16,1912000.0,TQBR
2018-07-06,119500.0,119500.0,118000.0,118000.0,25,2956500.0,TQBR
2018-07-09,115500.0,117500.0,115500.0,117500.0,2,233000.0,TQBR
2018-07-10,117000.0,117000.0,117000.0,117000.0,1,117000.0,TQBR
2018-07-11,117000.0,117000.0,116000.0,116000.0,7,816500.0,TQBR
2018-07-12,116000.0,116000.0,116000.0,116000.0,1,116000.0,TQBR
2018-07-13,115000.0,133500.0,115000.0,132000.0,338,41789000.0,TQBR
2018-07-16,129000.0,130000.0,125000.0,125000.0,45,5746500.0,TQBR
2018-07-17,122000.0,125000.0,122000.0,124000.0,11,1366000.0,TQBR
2018-07-18,122000.0,123000.0,119000.0,120000.0,38,4590000.0,TQBR
2018-07-19,119500.0,120000.0,119000.0,120000.0,8,956500.0,TQBR
2018-07-20,118000.0,123500.0,118000.0,123500.0,13,1566500.0,TQBR
2018-07-23,123000.0,123000.0,120500.0,121000.0,16,1936000.0,TQBR
2018-07-24,119000.0,119000.0,119000.0,119000.0,5,595000.0,TQBR
2018-07-25,118500.0,118500.0,118000.0,118000.0,4,473000.0,TQBR
2018-07-26,122000.0,124500.0,118000.0,119500.0,14,1706500.0,TQBR
2018-07-27,118500.0,118500.0,117500.0,117500.0,7,825000.0,TQBR
2018-07-30,116000.0,116000.0,116000.0,116000.0,7,812000.0,TQBR
2018-07-31,115000.0,116500.0,115000.0,115000.0,33,3811500.0,TQBR
2018-08-02,118500.0,119000.0,118500.0,119000.0,3,356500.0,TQBR
2018-08-06,119000.0,119000.0,119000.0,119000.0,1,119000.0,TQBR
2018-08-07,115500.0,115500.0,115000.0,115000.0,3,345500.0,TQBR
2018-08-08,119000.0,119000.0,114500.0,115000.0,10,1153500.0,TQBR
2018-08-09,112000.0,112000.0,112000.0,112000.0,2,224000.0,TQBR
2018-08-10,112500.0,112500.0,110000.0,110000.0,15,1664000.0,TQBR
2018-08-13,113000.0,113000.0,113000.0,113000.0,1,113000.0,TQBR
2018-08-14,110000.0,110500.0,110000.0,110500.0,2,220500.0,TQBR
2018-08-15,110500.0,110500.0,110000.0,110000.0,3,331000.0,TQBR
2018-08-17,108000.0,108000.0,108000.0,108000.0,1,108000.0,TQBR
2018-08-20,110000.0,110000.0,109000.0,109000.0,16,1750000.0,TQBR
2018-08-21,108000.0,108500.0,108000.0,108500.0,2,216500.0,TQBR
2018-08-22,108000.0,108000.0,108000.0,108000.0,2,216000.0,TQBR
2018-08-24,108000.0,108500.0,108000.0,108500.0,4,433500.0,TQBR
2018-08-27,108000.0,108000.0,108000.0,108000.0,2,216000.0,TQBR
2018-08-28,105000.0,108000.0,105000.0,108000.0,6,645000.0,TQBR
2018-08-29,108000.0,108000.0,108000.0,108000.0,2,216000.0,TQBR
2018-08-30,108500.0,110000.0,108500.0,110000.0,6,654500.0,TQBR
2018-08-31,110000.0,110000.0,108000.0,108000.0,7,768000.0,TQBR
2018-09-03,107500.0,107500.0,107500.0,107500.0,1,107500.0,TQBR
2018-09-04,108000.0,108000.0,108000.0,108000.0,1,108000.0,TQBR
2018-09-05,108000.0,108000.0,108000.0,108000.0,2,216000.0,TQBR
2018-09-06,106000.0,106000.0,106000.0,106000.0,1,106000.0,TQBR
2018-09-10,107000.0,107000.0,107000.0,107000.0,1,107000.0,TQBR
2018-09-11,106500.0,106500.0,106500.0,106500.0,1,106500.0,TQBR
2018-09-12,107000.0,107500.0,107000.0,107500.0,2,214500.0,TQBR
2018-09-13,108000.0,108000.0,108000.0,108000.0,1,108000.0,TQBR
2018-09-14,108000.0,108000.0,108000.0,108000.0,2,216000.0,TQBR
2018-09-17,106500.0,106500.0,106500.0,106500.0,1,106500.0,TQBR
2018-09-18,107500.0,111500.0,107500.0,110000.0,44,4816000.0,TQBR
2018-09-19,109000.0,117000.0,109000.0,110000.0,33,3668000.0,TQBR
2018-09-20,109500.0,110000.0,109500.0,110000.0,7,769500.0,TQBR
2018-09-21,115000.0,115000.0,109500.0,109500.0,5,562000.0,TQBR
2018-09-24,111000.0,112000.0,110500.0,111000.0,12,1336000.0,TQBR
2018-09-25,110000.0,111000.0,110000.0,111000.0,5,554000.0,TQBR
2018-09-26,111000.0,111000.0,109000.0,109000.0,12,1322000.0,TQBR
2018-09-27,106000.0,108500.0,100000.0,102500.0,21,2198000.0,TQBR
2018-09-28,100500.0,103500.0,100000.0,103000.0,21,2114000.0,TQBR
2018-10-01,104000.0,106000.0,104000.0,104000.0,10,1049000.0,TQBR
2018-10-02,103000.0,103000.0,103000.0,103000.0,5,515000.0,TQBR
2018-10-03,105000.0,110000.0,100000.0,110000.0,54,5760000.0,TQBR
2018-10-04,110000.0,111500.0,105500.0,105500.0,45,4924500.0,TQBR
2018-10-05,105500.0,110500.0,103500.0,105000.0,53,5725000.0,TQBR
2018-10-08,103500.0,105000.0,102000.0,103500.0,37,3852000.0,TQBR
2018-10-09,102000.0,106500.0,101500.0,104000.0,28,2914000.0,TQBR
2018-10-10,103000.0,105000.0,102500.0,103000.0,37,3812500.0,TQBR
2018-10-11,104000.0,104000.0,100500.0,101500.0,35,3589500.0,TQBR
2018-10-12,101500.0,102500.0,101000.0,102000.0,19,1936000.0,TQBR
2018-10-15,101000.0,103000.0,101000.0,102500.0,10,1018500.0,TQBR
2018-10-16,101500.0,103500.0,100500.0,102000.0,83,8433500.0,TQBR
2018-10-17,100500.0,102500.0,100000.0,100000.0,94,9468500.0,TQBR
2018-10-18,100000.0,101000.0,99000.0,99500.0,13,1300000.0,TQBR
2018-10-19,99500.0,99500.0,98000.0,99500.0,63,6238500.0,TQBR
2018-10-22,100500.0,100500.0,98000.0,99500.0,130,12932500.0,TQBR
2018-10-23,98500.0,98500.0,94500.0,98500.0,58,5668000.0,TQBR
2018-10-25,97000.0,98000.0,97000.0,98000.0,2,195000.0,TQBR
2018-10-26,98000.0,98000.0,97500.0,98000.0,6,587500.0,TQBR
2018-10-29,98000.0,98000.0,96000.0,96000.0,11,1073000.0,TQBR
2018-10-30,96500.0,96500.0,91000.0,91000.0,51,4796000.0,TQBR
2018-10-31,91000.0,92000.0,85000.0,85000.0,90,7853500.0,TQBR
2018-11-01,88500.0,88500.0,88000.0,88000.0,2,176500.0,TQBR
2018-11-02,85000.0,87500.0,84500.0,84500.0,12,1027500.0,TQBR
2018-11-06,86000.0,90000.0,84000.0,85000.0,35,2977500.0,TQBR
2018-11-07,85000.0,86000.0,83500.0,85000.0,9,765500.0,TQBR
2018-11-08,86000.0,91500.0,85000.0,86000.0,113,9926000.0,TQBR
2018-11-09,87000.0,88000.0,84000.0,86500.0,55,4712500.0,TQBR
2018-11-12,84000.0,88500.0,84000.0,86500.0,39,3360500.0,TQBR
2018-11-13,87500.0,91000.0,86500.0,91000.0,79,7046500.0,TQBR
2018-11-14,89000.0,93500.0,86500.0,90000.0,164,14718000.0,TQBR
2018-11-15,87500.0,90000.0,87500.0,88000.0,68,6058000.0,TQBR
2018-11-16,89000.0,90500.0,88000.0,90000.0,103,9260500.0,TQBR
2018-11-19,89500.0,92000.0,88500.0,90500.0,52,4695500.0,TQBR
2018-11-20,90000.0,90000.0,88500.0,88500.0,43,3832000.0,TQBR
2018-11-21,89500.0,90000.0,88500.0,90000.0,30,2690500.0,TQBR
2018-11-22,89000.0,90500.0,88500.0,88500.0,25,2238000.0,TQBR
2018-11-23,89500.0,90500.0,89500.0,90000.0,21,1892500.0,TQBR
2018-11-26,89500.0,89500.0,86000.0,87500.0,50,4371000.0,TQBR
2018-11-27,87500.0,91000.0,87500.0,88500.0,83,7425000.0,TQBR
2018-11-28,90000.0,105000.0,89000.0,89500.0,208,18635000.0,TQBR
2018-11-29,88000.0,89500.0,88000.0,89000.0,24,2141000.0,TQBR
2018-11-30,88000.0,89000.0,87000.0,88500.0,13,1148500.0,TQBR
2018-12-03,88500.0,88500.0,85000.0,87000.0,69,5972500.0,TQBR
2018-12-04,87500.0,88000.0,86000.0,87000.0,17,1481500.0,TQBR
2018-12-05,86500.0,88500.0,86500.0,87000.0,53,4624000.0,TQBR
2018-12-06,87000.0,87500.0,86000.0,86000.0,27,2341000.0,TQBR
2018-12-07,86000.0,87500.0,85500.0,86000.0,49,4244500.0,TQBR
2018-12-10,85000.0,85500.0,82000.0,82000.0,150,12412500.0,TQBR
2018-12-11,82000.0,84000.0,82000.0,82000.0,49,4051000.0,TQBR
2018-12-12,82000.0,82500.0,81000.0,82500.0,5,410000.0,TQBR
2018-12-13,82000.0,82500.0,80500.0,82500.0,16,1311000.0,TQBR
2018-12-14,81500.0,83500.0,81500.0,82500.0,65,5391500.0,TQBR
2018-12-17,83000.0,83500.0,78000.0,82500.0,471,38984500.0,TQBR
2018-12-18,82000.0,83500.0,79500.0,80000.0,103,8278000.0,TQBR
2018-12-19,80000.0,80000.0,79000.0,80000.0,41,3251500.0,TQBR
2018-12-20,79500.0,80000.0,75500.0,77500.0,209,16366500.0,TQBR
2018-12-21,78000.0,78500.0,77500.0,78500.0,30,2330500.0,TQBR
2018-12-24,77500.0,80000.0,77500.0,77500.0,76,6026000.0,TQBR
2018-12-25,77000.0,77500.0,73500.0,74500.0,46,3467000.0,TQBR
2018-12-26,75000.0,76000.0,73000.0,75000.0,35,2606000.0,TQBR
2018-12-27,74000.0,75500.0,74000.0,75500.0,26,1949500.0,TQBR
2018-12-28,76000.0,80000.0,75000.0,79000.0,52,4086000.0,TQBR
2018-12-29,77000.0,80000.0,76500.0,79000.0,212,16906000.0,TQBR
2019-01-03,80000.0,80000.0,77000.0,77000.0,16,1267500.0,TQBR
2019-01-04,79000.0,79000.0,79000.0,79000.0,3,237000.0,TQBR
2019-01-08,79500.0,80000.0,77500.0,79000.0,14,1104000.0,TQBR
2019-01-09,78500.0,79000.0,78000.0,78000.0,8,628000.0,TQBR
2019-01-10,79000.0,79000.0,78500.0,79000.0,27,2132500.0,TQBR
2019-01-11,79000.0,79000.0,77500.0,78500.0,33,2593500.0,TQBR
2019-01-14,78500.0,79000.0,78000.0,79000.0,9,706000.0,TQBR
2019-01-15,79000.0,79000.0,76500.0,76500.0,22,1703000.0,TQBR
2019-01-16,77500.0,78000.0,76000.0,76500.0,19,1457500.0,TQBR
2019-01-17,76000.0,76000.0,75000.0,76000.0,14,1061000.0,TQBR
2019-01-18,75000.0,75500.0,74000.0,74500.0,155,11591500.0,TQBR
2019-01-21,74500.0,75000.0,74500.0,75000.0,16,1198500.0,TQBR
2019-01-22,75000.0,75000.0,74500.0,74500.0,3,224500.0,TQBR
2019-01-23,74500.0,75000.0,74000.0,74000.0,26,1938500.0,TQBR
2019-01-24,74000.0,74500.0,74000.0,74500.0,7,520500.0,TQBR
2019-01-25,75000.0,75000.0,75000.0,75000.0,13,975000.0,TQBR
2019-01-28,74500.0,75000.0,74000.0,74000.0,29,2152000.0,TQBR
2019-01-29,73500.0,74000.0,73500.0,74000.0,14,1034000.0,TQBR
2019-01-30,73500.0,74000.0,73500.0,74000.0,6,442500.0,TQBR
2019-01-31,73000.0,74000.0,71000.0,73500.0,23,1687000.0,TQBR
2019-02-01,74000.0,75000.0,74000.0,74400.0,19,1416200.0,TQBR
2019-02-04,74400.0,75000.0,74400.0,75000.0,6,449000.0,TQBR
2019-02-05,75000.0,75000.0,72000.0,72800.0,135,9870000.0,TQBR
2019-02-06,72800.0,73000.0,71200.0,71800.0,149,10766600.0,TQBR
2019-02-07,71000.0,71400.0,70000.0,70800.0,86,6081600.0,TQBR
2019-02-08,70000.0,70400.0,70000.0,70000.0,75,5263000.0,TQBR
2019-02-11,70000.0,70000.0,70000.0,70000.0,2,140000.0,TQBR
2019-02-12,69600.0,69600.0,69000.0,69000.0,41,2848200.0,TQBR
2019-02-13,69000.0,69000.0,66000.0,67800.0,127,8496400.0,TQBR
2019-02-14,67800.0,69400.0,67000.0,69400.0,148,10195800.0,TQBR
2019-02-15,68600.0,72000.0,68000.0,69000.0,570,39415800.0,TQBR
2019-02-18,69000.0,69000.0,68600.0,69000.0,50,3449000.0,TQBR
2019-02-19,68400.0,68800.0,68200.0,68800.0,7,480400.0,TQBR
2019-02-20,69000.0,69000.0,68400.0,68400.0,5,343400.0,TQBR
2019-02-21,68400.0,68400.0,67400.0,67800.0,8,542000.0,TQBR
2019-02-22,67600.0,68000.0,67400.0,67400.0,12,813800.0,TQBR
2019-02-25,68000.0,72000.0,65000.0,66000.0,236,15513800.0,TQBR
2019-02-26,66000.0,66000.0,65400.0,66000.0,15,988600.0,TQBR
2019-02-27,66000.0,66000.0,65200.0,65200.0,20,1312200.0,TQBR
2019-02-28,65200.0,65800.0,65200.0,65600.0,13,851200.0,TQBR
2019-03-01,65400.0,65800.0,65000.0,65800.0,17,1110200.0,TQBR
2019-03-04,65600.0,66200.0,65600.0,66200.0,18,1184600.0,TQBR
2019-03-05,67600.0,67800.0,66800.0,66800.0,4,270000.0,TQBR
2019-03-07,67600.0,68000.0,67200.0,67200.0,21,1425600.0,TQBR
2019-03-11,67800.0,67800.0,66600.0,67600.0,20,1346000.0,TQBR
2019-03-12,67000.0,67000.0,65600.0,66000.0,66,4359000.0,TQBR
2019-03-13,66000.0,67200.0,65000.0,65000.0,111,7280800.0,TQBR
2019-03-14,65200.0,65200.0,63000.0,64200.0,94,6052800.0,TQBR
2019-03-15,63600.0,64200.0,62000.0,62000.0,136,8631800.0,TQBR
2019-03-18,62200.0,63800.0,60200.0,61000.0,107,6543200.0,TQBR
2019-03-19,61400.0,62600.0,60600.0,61400.0,39,2386600.0,TQBR
2019-03-20,61000.0,61800.0,61000.0,61200.0,11,677600.0,TQBR
2019-03-21,61800.0,62400.0,61800.0,61800.0,99,6161600.0,TQBR
2019-03-22,62000.0,62000.0,61400.0,61400.0,23,1417000.0,TQBR
2019-03-25,61800.0,62000.0,59000.0,59000.0,154,9273000.0,TQBR
2019-03-26,59800.0,59800.0,57800.0,58600.0,85,4965000.0,TQBR
2019-03-27,58600.0,58600.0,57600.0,57800.0,15,874000.0,TQBR
2019-03-28,57400.0,57600.0,55600.0,57000.0,83,4677400.0,TQBR
2019-03-29,57000.0,57000.0,55400.0,55400.0,48,2678800.0,TQBR
2019-04-01,56000.0,56600.0,55200.0,56000.0,22,1225800.0,TQBR
2019-04-02,57000.0,58000.0,57000.0,58000.0,10,577200.0,TQBR
2019-04-03,57200.0,57200.0,56200.0,57200.0,5,284200.0,TQBR
2019-04-04,56400.0,56400.0,55800.0,56000.0,42,2366800.0,TQBR
2019-04-05,56800.0,57400.0,56800.0,57000.0,18,1027000.0,TQBR
2019-04-08,57400.0,57400.0,56400.0,57000.0,16,911200.0,TQBR
2019-04-09,57000.0,57800.0,57000.0,57000.0,76,4373400.0,TQBR
2019-04-10,57200.0,57400.0,57000.0,57000.0,3,171600.0,TQBR
2019-04-11,57400.0,57400.0,57000.0,57400.0,24,1376800.0,TQBR
2019-04-12,55400.0,57400.0,55400.0,57000.0,39,2229600.0,TQBR
2019-04-15,57600.0,57600.0,57000.0,57400.0,32,1840200.0,TQBR
2019-04-16,57600.0,57600.0,55000.0,57000.0,110,6106200.0,TQBR
2019-04-17,55800.0,57600.0,55200.0,57400.0,75,4208000.0,TQBR
2019-04-18,56000.0,56400.0,55400.0,56000.0,147,8252400.0,TQBR
2019-04-19,55800.0,56400.0,55800.0,56400.0,67,3762800.0,TQBR
2019-04-22,56000.0,56400.0,55800.0,55800.0,105,5903400.0,TQBR
2019-04-23,55600.0,71200.0,55400.0,61200.0,1212,69229600.0,TQBR
2019-04-24,63600.0,63600.0,59200.0,60600.0,69,4239800.0,TQBR
2019-04-25,60600.0,66000.0,60400.0,62600.0,129,8221000.0,TQBR
2019-04-26,62800.0,68400.0,62600.0,64800.0,222,14395000.0,TQBR
2019-04-29,65000.0,68200.0,64000.0,64400.0,154,10114800.0,TQBR
2019-04-30,65600.0,66000.0,64400.0,64600.0,87,5680800.0,TQBR
2019-05-02,64600.0,65400.0,63400.0,64400.0,25,1606000.0,TQBR
2019-05-03,64200.0,64800.0,64000.0,64000.0,15,961000.0,TQBR
2019-05-06,63000.0,64200.0,63000.0,63200.0,39,2473400.0,TQBR
2019-05-07,63200.0,63600.0,61400.0,61400.0,14,873400.0,TQBR
2019-05-08,61400.0,64400.0,61400.0,63800.0,11,694600.0,TQBR
2019-05-10,64400.0,67000.0,64400.0,64600.0,44,2868800.0,TQBR
2019-05-13,63600.0,64800.0,60800.0,64400.0,37,2309200.0,TQBR
2019-05-14,62600.0,62800.0,60600.0,62800.0,12,744400.0,TQBR
2019-05-15,62200.0,62600.0,62200.0,62400.0,5,312200.0,TQBR
2019-05-16,60400.0,64000.0,60400.0,64000.0,20,1260800.0,TQBR
2019-05-17,63600.0,67000.0,63600.0,65800.0,50,3269600.0,TQBR
2019-05-20,66000.0,70000.0,65200.0,66200.0,186,12401200.0,TQBR
2019-05-21,66200.0,72600.0,66200.0,70600.0,115,8035000.0,TQBR
2019-05-22,70000.0,76000.0,70000.0,72000.0,202,14871200.0,TQBR
2019-05-23,73000.0,75600.0,69800.0,70400.0,294,21375000.0,TQBR
2019-05-24,71000.0,73000.0,70200.0,72000.0,22,1575400.0,TQBR
2019-05-27,79200.0,83800.0,77600.0,79800.0,331,26407000.0,TQBR
2019-05-28,80000.0,81600.0,79200.0,79800.0,255,20463400.0,TQBR
2019-05-29,79800.0,80600.0,76400.0,77800.0,294,23145200.0,TQBR
2019-05-30,78400.0,80200.0,78200.0,78400.0,120,9507800.0,TQBR
2019-05-31,78400.0,80000.0,78400.0,79400.0,638,50775400.0,TQBR
2019-06-03,80000.0,82600.0,79400.0,80000.0,129,10435000.0,TQBR
2019-06-04,79800.0,81400.0,79800.0,80400.0,65,5225800.0,TQBR
2019-06-05,80400.0,81200.0,79800.0,79800.0,41,3296600.0,TQBR
2019-06-06,80000.0,80200.0,79400.0,80000.0,67,5345200.0,TQBR
2019-06-07,80200.0,81000.0,79600.0,79800.0,81,6503000.0,TQBR
2019-06-10,80200.0,80600.0,79800.0,80400.0,51,4083800.0,TQBR
2019-06-11,81000.0,81000.0,80000.0,80800.0,93,7480600.0,TQBR
2019-06-13,81800.0,83400.0,81000.0,83200.0,100,8215600.0,TQBR
2019-06-14,84400.0,88800.0,83000.0,87600.0,118,10231200.0,TQBR
2019-06-17,89800.0,96000.0,89600.0,93800.0,266,24438800.0,TQBR
2019-06-18,95800.0,99000.0,88400.0,95600.0,370,35527800.0,TQBR
2019-06-19,97400.0,98200.0,93200.0,94800.0,141,13427800.0,TQBR
2019-06-20,93200.0,96000.0,93200.0,94400.0,68,6406000.0,TQBR
2019-06-21,94200.0,94400.0,93400.0,93800.0,48,4512000.0,TQBR
2019-06-24,94400.0,95000.0,90200.0,91600.0,104,9638400.0,TQBR
2019-06-25,91400.0,92400.0,88000.0,91000.0,129,11657000.0,TQBR
2019-06-26,92400.0,94600.0,90200.0,94600.0,67,6189200.0,TQBR
2019-06-27,98000.0,98000.0,93200.0,95200.0,88,8349000.0,TQBR
2019-06-28,96600.0,96600.0,94200.0,95000.0,69,6554800.0,TQBR
2019-07-01,95800.0,98000.0,94800.0,97400.0,233,22563000.0,TQBR
2019-07-02,98000.0,99000.0,95600.0,96800.0,192,18670200.0,TQBR
2019-07-03,98000.0,98000.0,95400.0,95800.0,55,5279000.0,TQBR
2019-07-04,97000.0,98000.0,95000.0,96000.0,249,24121800.0,TQBR
2019-07-05,97200.0,97600.0,95200.0,95200.0,179,17172200.0,TQBR
2019-07-08,86600.0,87200.0,84000.0,86200.0,162,13927400.0,TQBR
2019-07-09,86000.0,86800.0,83600.0,85400.0,83,7092800.0,TQBR
2019-07-10,78200.0,83800.0,78200.0,81400.0,454,36428600.0,TQBR
2019-07-11,80600.0,81400.0,79600.0,80200.0,85,6833000.0,TQBR
2019-07-12,80200.0,80200.0,76800.0,80000.0,64,5086400.0,TQBR
2019-07-15,78400.0,80400.0,78400.0,79800.0,25,1991400.0,TQBR
2019-07-16,79800.0,80400.0,77000.0,78400.0,53,4188200.0,TQBR
2019-07-17,78000.0,79400.0,77600.0,79000.0,49,3858800.0,TQBR
2019-07-18,79000.0,79800.0,78600.0,79600.0,35,2775800.0,TQBR
2019-07-19,80000.0,81400.0,80000.0,80200.0,31,2502000.0,TQBR
2019-07-22,81600.0,81600.0,79600.0,80000.0,13,1049000.0,TQBR
2019-07-23,79200.0,80000.0,78800.0,79800.0,55,4355200.0,TQBR
2019-07-24,80000.0,80000.0,79400.0,79400.0,7,557800.0,TQBR
2019-07-25,79200.0,79400.0,76600.0,78800.0,126,9844600.0,TQBR
2019-07-26,79000.0,79000.0,78000.0,78600.0,18,1415000.0,TQBR
2019-07-29,78600.0,79400.0,77600.0,78400.0,22,1724600.0,TQBR
2019-07-30,78400.0,79000.0,77800.0,77800.0,32,2506200.0,TQBR
2019-07-31,77800.0,78200.0,77000.0,77400.0,105,8132800.0,TQBR
2019-08-01,77400.0,77600.0,75800.0,77000.0,49,3763600.0,TQBR
2019-08-02,76800.0,77000.0,75800.0,76200.0,36,2746000.0,TQBR
2019-08-05,76200.0,76600.0,76000.0,76000.0,30,2283200.0,TQBR
2019-08-06,76400.0,80800.0,76200.0,79400.0,62,4880800.0,TQBR
2019-08-07,79400.0,81000.0,79000.0,80000.0,32,2563400.0,TQBR
2019-08-08,80000.0,80200.0,78000.0,78400.0,17,1343000.0,TQBR
2019-08-09,78400.0,78600.0,77000.0,77000.0,23,1786800.0,TQBR
2019-08-12,77200.0,78400.0,77200.0,78000.0,22,1711400.0,TQBR
2019-08-13,78400.0,78600.0,76800.0,77400.0,31,2418200.0,TQBR
2019-08-14,77000.0,77400.0,76000.0,76000.0,76,5792600.0,TQBR
2019-08-15,76000.0,77800.0,75600.0,76000.0,93,7066600.0,TQBR
2019-08-16,76000.0,78400.0,75800.0,75800.0,47,3604600.0,TQBR
2019-08-19,77200.0,78800.0,74600.0,75000.0,54,4101800.0,TQBR
2019-08-20,75000.0,76000.0,74600.0,75400.0,12,905400.0,TQBR
2019-08-21,75400.0,75600.0,75000.0,75000.0,16,1203800.0,TQBR
2019-08-22,76000.0,76000.0,74800.0,74800.0,13,976800.0,TQBR
2019-08-23,75200.0,76000.0,74800.0,75800.0,23,1737800.0,TQBR
2019-08-26,76400.0,76800.0,75800.0,75800.0,18,1371600.0,TQBR
2019-08-27,76600.0,76600.0,75000.0,75000.0,31,2334000.0,TQBR
2019-08-28,75200.0,76400.0,74600.0,75200.0,28,2105200.0,TQBR
2019-08-29,75200.0,75400.0,74800.0,75000.0,42,3151400.0,TQBR
2019-08-30,75400.0,75400.0,74800.0,75000.0,23,1723800.0,TQBR
2019-09-02,75000.0,76000.0,74800.0,75000.0,69,5191600.0,TQBR
2019-09-03,74800.0,75200.0,74600.0,75200.0,32,2396800.0,TQBR
2019-09-04,75600.0,75600.0,74800.0,75000.0,59,4439200.0,TQBR
2019-09-05,75400.0,83800.0,65400.0,66600.0,1242,90023200.0,TQBR
2019-09-06,61400.0,66000.0,60200.0,63800.0,678,42852400.0,TQBR
2019-09-09,63000.0,66400.0,62600.0,65000.0,186,11963200.0,TQBR
2019-09-10,66000.0,66000.0,63200.0,64400.0,67,4307400.0,TQBR
2019-09-11,64200.0,66000.0,64000.0,64800.0,99,6420800.0,TQBR
2019-09-12,64000.0,71000.0,63000.0,68800.0,463,31719400.0,TQBR
2019-09-13,68800.0,68800.0,68200.0,68200.0,27,1849600.0,TQBR
2019-09-16,68200.0,68800.0,67600.0,67800.0,34,2311200.0,TQBR
2019-09-17,67600.0,68600.0,67600.0,67800.0,38,2584200.0,TQBR
2019-09-18,69000.0,70800.0,68000.0,70200.0,120,8300000.0,TQBR
2019-09-19,70400.0,70400.0,69200.0,69200.0,9,628200.0,TQBR
2019-09-20,72400.0,72400.0,69800.0,70400.0,36,2544200.0,TQBR
2019-09-23,71000.0,71800.0,70000.0,70200.0,64,4532400.0,TQBR
2019-09-24,70800.0,70800.0,70000.0,70000.0,7,491400.0,TQBR
2019-09-25,70000.0,70200.0,68000.0,68400.0,29,1996400.0,TQBR
2019-09-26,69600.0,70000.0,68600.0,69800.0,20,1389400.0,TQBR
2019-09-27,70200.0,70600.0,69400.0,69400.0,23,1610800.0,TQBR
2019-09-30,69600.0,69800.0,68200.0,68800.0,28,1932400.0,TQBR
2019-10-01,68200.0,69800.0,68200.0,69400.0,22,1526400.0,TQBR
2019-10-02,69200.0,69800.0,68400.0,68400.0,18,1245400.0,TQBR
2019-10-03,69200.0,69200.0,68600.0,68600.0,14,963400.0,TQBR
2019-10-04,68600.0,68800.0,68400.0,68600.0,5,342800.0,TQBR
2019-10-07,68400.0,68600.0,68200.0,68200.0,16,1092600.0,TQBR
2019-10-08,68400.0,68400.0,65800.0,66400.0,31,2073000.0,TQBR
2019-10-09,66200.0,67000.0,66000.0,67000.0,33,2189000.0,TQBR
2019-10-10,68200.0,69000.0,66800.0,68000.0,36,2470600.0,TQBR
2019-10-11,68000.0,68000.0,66000.0,66000.0,16,1072600.0,TQBR
2019-10-14,66800.0,68000.0,66000.0,68000.0,44,2924400.0,TQBR
2019-10-15,66600.0,66600.0,66000.0,66200.0,51,3370800.0,TQBR
2019-10-16,67200.0,67200.0,66000.0,66200.0,26,1725400.0,TQBR
2019-10-17,66600.0,69000.0,66200.0,67600.0,54,3675600.0,TQBR
2019-10-18,68400.0,69000.0,67000.0,67400.0,14,948600.0,TQBR
2019-10-21,67800.0,67800.0,67000.0,67000.0,6,404400.0,TQBR
2019-10-22,67400.0,67800.0,67000.0,67200.0,7,471600.0,TQBR
2019-10-23,67000.0,68200.0,66800.0,67000.0,12,809600.0,TQBR
2019-10-24,67800.0,67800.0,67000.0,67000.0,68,4557400.0,TQBR
2019-10-25,67000.0,67000.0,66400.0,66800.0,8,534400.0,TQBR
2019-10-28,66800.0,66800.0,66200.0,66400.0,31,2063000.0,TQBR
2019-10-29,67000.0,67000.0,66400.0,66400.0,27,1799800.0,TQBR
2019-10-30,66400.0,68000.0,66200.0,67000.0,44,2941400.0,TQBR
2019-10-31,66400.0,67000.0,66000.0,66400.0,34,2257600.0,TQBR
2019-11-01,66800.0,67200.0,66400.0,66800.0,32,2140000.0,TQBR
2019-11-05,66400.0,67400.0,66400.0,67000.0,32,2138600.0,TQBR
2019-11-06,66800.0,67200.0,66400.0,66600.0,27,1803000.0,TQBR
2019-11-07,66400.0,66800.0,65000.0,65800.0,154,10098000.0,TQBR
2019-11-08,65600.0,66800.0,63000.0,63200.0,119,7694000.0,TQBR
2019-11-11,65000.0,65000.0,63000.0,63000.0,30,1909400.0,TQBR
2019-11-12,62400.0,62400.0,60400.0,60400.0,146,8964200.0,TQBR
2019-11-13,60800.0,60800.0,60000.0,60400.0,87,5249400.0,TQBR
2019-11-14,60200.0,60200.0,56200.0,59600.0,98,5833400.0,TQBR
2019-11-15,59000.0,60000.0,59000.0,59800.0,60,3596000.0,TQBR
2019-11-18,59800.0,60600.0,59600.0,59800.0,28,1678200.0,TQBR
2019-11-19,60000.0,61000.0,59800.0,60000.0,59,3535600.0,TQBR
2019-11-20,59600.0,59600.0,58200.0,59000.0,28,1651400.0,TQBR
2019-11-21,60400.0,60400.0,59200.0,59800.0,18,1072800.0,TQBR
2019-11-22,59800.0,59800.0,59400.0,59400.0,5,298200.0,TQBR
2019-11-25,59600.0,59800.0,58200.0,58800.0,26,1528400.0,TQBR
2019-11-26,58800.0,58800.0,57600.0,57600.0,29,1683800.0,TQBR
2019-11-27,58000.0,59200.0,55200.0,56600.0,58,3317800.0,TQBR
2019-11-28,56000.0,56600.0,53400.0,54000.0,258,14019800.0,TQBR
2019-11-29,52400.0,53400.0,50000.0,50600.0,366,18647400.0,TQBR
2019-12-02,50000.0,50400.0,48600.0,49400.0,98,4864000.0,TQBR
2019-12-03,49400.0,49400.0,48400.0,48400.0,33,1613600.0,TQBR
2019-12-04,48600.0,51800.0,48400.0,49600.0,65,3240400.0,TQBR
2019-12-05,50000.0,50600.0,49800.0,50000.0,43,2151800.0,TQBR
2019-12-06,50200.0,51200.0,50200.0,50400.0,26,1318400.0,TQBR
2019-12-09,49600.0,51200.0,49200.0,49800.0,52,2603400.0,TQBR
2019-12-10,50000.0,51400.0,50000.0,50200.0,41,2072200.0,TQBR
2019-12-11,50200.0,50800.0,50200.0,50800.0,24,1215600.0,TQBR
2019-12-12,50200.0,50800.0,50000.0,50800.0,22,1109000.0,TQBR
2019-12-13,50400.0,50800.0,50200.0,50600.0,563,28375800.0,TQBR
2019-12-16,50200.0,50600.0,50000.0,50400.0,13,654600.0,TQBR
2019-12-17,50400.0,50600.0,50000.0,50200.0,42,2112600.0,TQBR
2019-12-18,50200.0,50200.0,48000.0,48600.0,141,6883200.0,TQBR
2019-12-19,48200.0,49000.0,48000.0,48400.0,85,4127000.0,TQBR
2019-12-20,48200.0,48400.0,47800.0,48200.0,67,3225400.0,TQBR
2019-12-23,47800.0,48800.0,47800.0,48800.0,55,2668400.0,TQBR
2019-12-24,50000.0,50000.0,48600.0,48800.0,89,4336400.0,TQBR
2019-12-25,49000.0,50000.0,49000.0,49800.0,45,2223000.0,TQBR
2019-12-26,49400.0,49800.0,48800.0,49600.0,55,2712600.0,TQBR
2019-12-27,49400.0,50200.0,49400.0,49600.0,53,2633200.0,TQBR
2019-12-30,48800.0,50200.0,47400.0,50200.0,28,1389600.0,TQBR
2020-01-03,51000.0,51200.0,49800.0,50000.0,33,1669800.0,TQBR
2020-01-06,50800.0,51000.0,50200.0,50200.0,54,2727000.0,TQBR
2020-01-08,50200.0,50600.0,49600.0,50000.0,55,2752600.0,TQBR
2020-01-09,50800.0,50800.0,50000.0,50400.0,29,1457800.0,TQBR
2020-01-10,50400.0,50600.0,50000.0,50200.0,23,1158200.0,TQBR
2020-01-13,50200.0,51200.0,49800.0,51200.0,62,3120200.0,TQBR
2020-01-14,53000.0,53000.0,51000.0,52200.0,88,4582600.0,TQBR
2020-01-15,52200.0,54400.0,52000.0,53400.0,97,5188200.0,TQBR
2020-01-16,54600.0,59200.0,53600.0,56200.0,311,17566000.0,TQBR
2020-01-17,56600.0,58600.0,54600.0,56400.0,195,10963400.0,TQBR
2020-01-20,56000.0,56400.0,54800.0,56000.0,59,3291200.0,TQBR
2020-01-21,56000.0,56000.0,54400.0,55600.0,96,5304600.0,TQBR
2020-01-22,54400.0,55800.0,53600.0,55200.0,92,5072800.0,TQBR
2020-01-23,55800.0,55800.0,54000.0,55200.0,21,1153800.0,TQBR
2020-01-24,54800.0,55000.0,53800.0,54400.0,37,2009200.0,TQBR
2020-01-27,54000.0,54200.0,51000.0,52200.0,64,3345000.0,TQBR
2020-01-28,52400.0,52400.0,51000.0,51800.0,30,1546800.0,TQBR
2020-01-29,52000.0,53400.0,52000.0,52800.0,22,1157600.0,TQBR
2020-01-30,52600.0,53000.0,52000.0,52000.0,22,1161800.0,TQBR
2020-01-31,52200.0,52800.0,52000.0,52000.0,14,732400.0,TQBR
2020-02-03,51200.0,52600.0,51000.0,52000.0,28,1443800.0,TQBR
2020-02-04,52800.0,52800.0,51800.0,52000.0,68,3537400.0,TQBR
2020-02-05,52200.0,53000.0,52200.0,53000.0,42,2208400.0,TQBR
2020-02-06,54000.0,54000.0,53200.0,53800.0,28,1500400.0,TQBR
2020-02-07,53000.0,53800.0,52600.0,52800.0,24,1271400.0,TQBR
2020-02-10,52800.0,56600.0,52800.0,54600.0,47,2548400.0,TQBR
2020-02-11,54600.0,55400.0,53400.0,54400.0,40,2186000.0,TQBR
2020-02-12,55800.0,55800.0,54000.0,54400.0,42,2290600.0,TQBR
2020-02-13,54600.0,55000.0,54000.0,54200.0,44,2397800.0,TQBR
2020-02-14,54200.0,55800.0,54000.0,54400.0,62,3397000.0,TQBR
2020-02-17,55200.0,56200.0,55000.0,56200.0,100,5583800.0,TQBR
2020-02-18,56400.0,56600.0,55200.0,56200.0,79,4420000.0,TQBR
2020-02-19,56800.0,57400.0,55600.0,56400.0,108,6084400.0,TQBR
2020-02-20,56600.0,60000.0,56200.0,57600.0,923,53346600.0,TQBR
2020-02-21,59000.0,59000.0,57000.0,57000.0,277,16125400.0,TQBR
2020-02-25,56200.0,56600.0,54000.0,54600.0,173,9573600.0,TQBR
2020-02-26,54000.0,54000.0,51600.0,52200.0,430,22439200.0,TQBR
2020-02-27,52000.0,52200.0,50400.0,50600.0,122,6266400.0,TQBR
2020-02-28,50200.0,50200.0,46600.0,49400.0,184,8819800.0,TQBR
2020-03-02,50000.0,52600.0,50000.0,52400.0,163,8472600.0,TQBR
2020-03-03,52800.0,54000.0,52800.0,53600.0,54,2875600.0,TQBR
2020-03-04,53400.0,54800.0,52000.0,54200.0,84,4531600.0,TQBR
2020-03-05,53800.0,54000.0,52200.0,53600.0,54,2881200.0,TQBR
2020-03-06,52600.0,53000.0,51000.0,51800.0,52,2700800.0,TQBR
2020-03-10,49000.0,50600.0,45000.0,48400.0,154,7447000.0,TQBR
2020-03-11,48600.0,50600.0,47200.0,48600.0,141,6808400.0,TQBR
2020-03-12,48000.0,48000.0,45800.0,45800.0,55,2561000.0,TQBR
2020-03-13,45200.0,47600.0,45000.0,46800.0,40,1865800.0,TQBR
2020-03-16,47000.0,49000.0,43200.0,44200.0,108,4878200.0,TQBR
2020-03-17,44600.0,46200.0,43200.0,43600.0,47,2084800.0,TQBR
2020-03-18,43200.0,43200.0,39000.0,40000.0,71,2917400.0,TQBR
2020-03-19,43000.0,44800.0,38600.0,44800.0,76,3209200.0,TQBR
2020-03-20,47000.0,48800.0,44400.0,45800.0,188,8813200.0,TQBR
2020-03-23,45600.0,45600.0,42000.0,44000.0,80,3492800.0,TQBR
2020-03-24,44600.0,47800.0,44600.0,47200.0,50,2315800.0,TQBR
2020-03-25,47200.0,48600.0,46200.0,46200.0,58,2745200.0,TQBR
2020-03-26,48000.0,48000.0,46800.0,47800.0,29,1380800.0,TQBR
2020-03-27,44000.0,47800.0,43800.0,46000.0,56,2597800.0,TQBR
2020-03-30,43000.0,47400.0,43000.0,46200.0,40,1854600.0,TQBR
2020-03-31,44400.0,47600.0,44400.0,47400.0,59,2757000.0,TQBR
2020-04-01,48000.0,48000.0,46600.0,46600.0,27,1274200.0,TQBR
2020-04-02,47400.0,47400.0,46400.0,46800.0,75,3522800.0,TQBR
2020-04-03,47200.0,47600.0,46800.0,47000.0,24,1132000.0,TQBR
2020-04-06,47800.0,48600.0,47000.0,47400.0,66,3146400.0,TQBR
2020-04-07,51400.0,51400.0,47400.0,48000.0,98,4690400.0,TQBR
2020-04-08,47400.0,47800.0,46200.0,47600.0,49,2308800.0,TQBR
2020-04-09,48000.0,49800.0,47600.0,47600.0,54,2620000.0,TQBR
2020-04-10,47600.0,48400.0,46000.0,47400.0,110,5216600.0,TQBR
2020-04-13,47000.0,47800.0,46400.0,47200.0,46,2161000.0,TQBR
2020-04-14,46800.0,47600.0,46800.0,47000.0,26,1227400.0,TQBR
2020-04-15,46400.0,47000.0,44600.0,46000.0,40,1832200.0,TQBR
2020-04-16,46000.0,47200.0,45000.0,46600.0,18,836600.0,TQBR
2020-04-17,46000.0,47200.0,46000.0,47200.0,26,1216800.0,TQBR
2020-04-20,48200.0,50000.0,46000.0,46800.0,26,1230600.0,TQBR
2020-04-21,46200.0,54600.0,46200.0,46600.0,116,5637400.0,TQBR
2020-04-22,46400.0,46800.0,46400.0,46600.0,25,1168000.0,TQBR
2020-04-23,47200.0,47400.0,47000.0,47000.0,9,424600.0,TQBR
2020-04-24,47600.0,47800.0,47000.0,47000.0,19,901800.0,TQBR
2020-04-27,47000.0,47800.0,47000.0,47200.0,34,1606200.0,TQBR
2020-04-28,47600.0,47800.0,47200.0,47600.0,24,1142000.0,TQBR
2020-04-29,48400.0,48400.0,47600.0,48000.0,15,718600.0,TQBR
2020-04-30,48200.0,49200.0,47000.0,47200.0,43,2065200.0,TQBR
2020-05-04,47800.0,48600.0,46600.0,48000.0,25,1194000.0,TQBR
2020-05-05,47800.0,48600.0,47600.0,47800.0,11,527800.0,TQBR
2020-05-06,48200.0,48400.0,48000.0,48000.0,10,481200.0,TQBR
2020-05-07,48200.0,48200.0,47600.0,47800.0,10,479600.0,TQBR
2020-05-08,47800.0,49000.0,47800.0,48200.0,19,920600.0,TQBR
2020-05-12,51400.0,51400.0,47800.0,48400.0,29,1407800.0,TQBR
2020-05-13,48400.0,48400.0,47000.0,47800.0,25,1193800.0,TQBR
2020-05-14,47600.0,48000.0,46200.0,47000.0,33,1551600.0,TQBR
2020-05-15,47600.0,48400.0,47400.0,48400.0,82,3928400.0,TQBR
2020-05-18,48400.0,49600.0,48200.0,49200.0,71,3472800.0,TQBR
2020-05-19,49400.0,50000.0,48400.0,49000.0,47,2316800.0,TQBR
2020-05-20,49800.0,49800.0,48600.0,48600.0,42,2058200.0,TQBR
2020-05-21,49800.0,49800.0,48400.0,48600.0,49,2401600.0,TQBR
2020-05-22,48600.0,49200.0,48400.0,48400.0,14,682000.0,TQBR
2020-05-25,49600.0,49600.0,48600.0,48800.0,17,830600.0,TQBR
2020-05-26,49200.0,49800.0,48600.0,49400.0,97,4773800.0,TQBR
2020-05-27,49800.0,49800.0,48600.0,49200.0,58,2842600.0,TQBR
2020-05-28,48800.0,49200.0,48800.0,48800.0,23,1126600.0,TQBR
2020-05-29,49000.0,49800.0,48600.0,49800.0,37,1822400.0,TQBR
2020-06-01,49600.0,50000.0,49000.0,50000.0,33,1644000.0,TQBR
2020-06-02,50000.0,50000.0,49200.0,49600.0,50,2487600.0,TQBR
2020-06-03,49800.0,50200.0,49400.0,49800.0,25,1244400.0,TQBR
2020-06-04,49400.0,52400.0,49400.0,49800.0,36,1808000.0,TQBR
2020-06-05,50000.0,50800.0,49600.0,50200.0,29,1457000.0,TQBR
2020-06-08,50200.0,51600.0,50200.0,51000.0,25,1274800.0,TQBR
2020-06-09,50600.0,59600.0,50000.0,57000.0,677,37665800.0,TQBR
2020-06-10,58800.0,59400.0,52600.0,54000.0,186,10302200.0,TQBR
2020-06-11,53400.0,53800.0,51400.0,52600.0,51,2666800.0,TQBR
2020-06-15,51200.0,58800.0,51200.0,56600.0,251,14383400.0,TQBR
2020-06-16,56000.0,56000.0,54400.0,55000.0,67,3705800.0,TQBR
2020-06-17,56000.0,56000.0,53000.0,53600.0,64,3483800.0,TQBR
2020-06-18,54600.0,56000.0,50800.0,53400.0,79,4215600.0,TQBR
2020-06-19,54400.0,54400.0,53000.0,53000.0,23,1229200.0,TQBR
2020-06-22,54000.0,54000.0,53000.0,53800.0,31,1654200.0,TQBR
2020-06-23,53000.0,53600.0,53000.0,53600.0,24,1280200.0,TQBR
2020-06-25,53000.0,53600.0,52400.0,53200.0,58,3068600.0,TQBR
2020-06-26,53600.0,54400.0,53400.0,53400.0,47,2532400.0,TQBR
2020-06-29,53400.0,54000.0,53000.0,53000.0,32,1702800.0,TQBR
2020-06-30,53400.0,53400.0,53200.0,53200.0,62,3299000.0,TQBR
2020-07-02,53800.0,54600.0,53400.0,54000.0,55,2978000.0,TQBR
2020-07-03,54200.0,55000.0,54000.0,54800.0,33,1799800.0,TQBR
2020-07-06,54000.0,55400.0,53200.0,54000.0,140,7546000.0,TQBR
2020-07-07,54600.0,55000.0,54000.0,54200.0,17,924400.0,TQBR
2020-07-08,55200.0,55600.0,54400.0,55600.0,66,3637400.0,TQBR
2020-07-09,55600.0,55800.0,55400.0,55400.0,12,665400.0,TQBR
2020-07-10,55600.0,57000.0,55400.0,56600.0,40,2253000.0,TQBR
2020-07-13,55600.0,56600.0,55400.0,55400.0,18,1004200.0,TQBR
2020-07-14,54800.0,55400.0,54200.0,54400.0,14,766600.0,TQBR
2020-07-15,54800.0,56200.0,54600.0,54600.0,20,1100800.0,TQBR
2020-07-16,56400.0,56400.0,54200.0,54600.0,21,1154200.0,TQBR
2020-07-17,54800.0,55000.0,54400.0,55000.0,14,766200.0,TQBR
2020-07-20,55000.0,55200.0,54400.0,54400.0,18,984800.0,TQBR
2020-07-21,54400.0,55000.0,54000.0,54200.0,16,870200.0,TQBR
2020-07-22,54000.0,55000.0,54000.0,54800.0,15,821000.0,TQBR
2020-07-23,54600.0,54800.0,54000.0,54200.0,28,1521800.0,TQBR
2020-07-24,54200.0,54400.0,54000.0,54200.0,8,433600.0,TQBR
2020-07-27,53800.0,54600.0,53800.0,54200.0,21,1138200.0,TQBR
2020-07-28,54200.0,54400.0,53800.0,54400.0,65,3522400.0,TQBR
2020-07-29,54400.0,54400.0,54200.0,54400.0,11,597200.0,TQBR
2020-07-30,54200.0,54400.0,54200.0,54400.0,15,815200.0,TQBR
2020-07-31,54400.0,54800.0,54400.0,54600.0,7,382200.0,TQBR
2020-08-03,56200.0,56200.0,54000.0,54800.0,38,2082400.0,TQBR
2020-08-04,54800.0,55200.0,54000.0,55000.0,29,1591400.0,TQBR
2020-08-05,55200.0,55400.0,55000.0,55400.0,46,2536000.0,TQBR
2020-08-06,55400.0,55600.0,55400.0,55400.0,19,1053400.0,TQBR
2020-08-07,55200.0,56600.0,54400.0,54400.0,71,3920000.0,TQBR
2020-08-10,55400.0,56200.0,54600.0,56200.0,39,2170400.0,TQBR
2020-08-11,56400.0,56400.0,55400.0,56000.0,45,2519600.0,TQBR
2020-08-12,56200.0,56600.0,55600.0,55600.0,114,6401800.0,TQBR
2020-08-13,56000.0,56600.0,55400.0,55600.0,43,2401400.0,TQBR
2020-08-14,55200.0,55800.0,55000.0,55200.0,23,1271800.0,TQBR
2020-08-17,55200.0,56200.0,54800.0,55000.0,206,11337200.0,TQBR
2020-08-18,55200.0,55800.0,55000.0,55600.0,37,2047400.0,TQBR
2020-08-19,55200.0,56600.0,55200.0,56200.0,69,3886800.0,TQBR
2020-08-20,57600.0,57600.0,55600.0,56400.0,16,903800.0,TQBR
2020-08-21,55800.0,56600.0,55200.0,55200.0,16,894600.0,TQBR
2020-08-24,56200.0,56200.0,55200.0,55800.0,15,835000.0,TQBR
2020-08-25,55400.0,55400.0,55400.0,55400.0,4,221600.0,TQBR
2020-08-26,55800.0,55800.0,55400.0,55400.0,16,889600.0,TQBR
2020-08-27,55200.0,55800.0,55200.0,55400.0,34,1881800.0,TQBR
2020-08-28,55800.0,55800.0,55400.0,55400.0,5,277400.0,TQBR
2020-08-31,55400.0,56200.0,55400.0,56200.0,16,894000.0,TQBR
2020-09-01,55400.0,56000.0,55400.0,56000.0,6,334200.0,TQBR
2020-09-02,55400.0,55800.0,55400.0,55400.0,8,444000.0,TQBR
2020-09-03,55400.0,55400.0,55000.0,55000.0,20,1102000.0,TQBR
2020-09-04,55000.0,56000.0,55000.0,56000.0,71,3931000.0,TQBR
2020-09-07,56000.0,56200.0,56000.0,56200.0,19,1065200.0,TQBR
2020-09-08,56200.0,56800.0,56000.0,56000.0,30,1685400.0,TQBR
2020-09-09,56200.0,56200.0,56000.0,56000.0,7,392800.0,TQBR
2020-09-10,56400.0,56800.0,56000.0,56000.0,16,902000.0,TQBR
2020-09-11,56200.0,56600.0,56200.0,56600.0,17,960800.0,TQBR
2020-09-14,56800.0,56800.0,56000.0,56400.0,12,676200.0,TQBR
2020-09-15,56800.0,56800.0,56000.0,56200.0,13,734800.0,TQBR
2020-09-16,56600.0,57000.0,56400.0,56400.0,6,339800.0,TQBR
2020-09-17,56600.0,56800.0,56200.0,56200.0,22,1244800.0,TQBR
2020-09-18,55400.0,56800.0,55400.0,56200.0,32,1799200.0,TQBR
2020-09-21,56800.0,57000.0,56000.0,56000.0,27,1517200.0,TQBR
2020-09-22,56800.0,57200.0,56000.0,56600.0,55,3113600.0,TQBR
2020-09-23,56400.0,57000.0,56000.0,56400.0,12,676200.0,TQBR
2020-09-24,56800.0,57000.0,56400.0,56600.0,40,2271200.0,TQBR
2020-09-25,57000.0,64000.0,56600.0,57400.0,43,2474200.0,TQBR
2020-09-28,57000.0,58600.0,56400.0,58000.0,50,2855600.0,TQBR
2020-09-29,58400.0,58600.0,56600.0,57200.0,30,1712400.0,TQBR
2020-09-30,57600.0,58000.0,57000.0,57200.0,79,4521600.0,TQBR
2020-10-01,56600.0,57600.0,56600.0,57000.0,9,512600.0,TQBR
2020-10-02,56400.0,57000.0,56400.0,56800.0,19,1081200.0,TQBR
2020-10-05,57200.0,57200.0,56600.0,57000.0,28,1591000.0,TQBR
2020-10-06,56800.0,57200.0,56800.0,57200.0,13,742000.0,TQBR
2020-10-07,57200.0,57200.0,57000.0,57000.0,60,3420400.0,TQBR
2020-10-08,56800.0,57000.0,56800.0,56800.0,5,284200.0,TQBR
2020-10-09,57200.0,57200.0,56000.0,57000.0,14,793400.0,TQBR
2020-10-12,56800.0,56800.0,56600.0,56800.0,18,1022200.0,TQBR
2020-10-13,56800.0,56800.0,56400.0,56400.0,9,509200.0,TQBR
2020-10-14,56800.0,57200.0,56200.0,57000.0,107,6095200.0,TQBR
2020-10-15,57000.0,57000.0,56800.0,56800.0,39,2221200.0,TQBR
2020-10-16,56800.0,57000.0,56600.0,56600.0,39,2209600.0,TQBR
2020-10-19,56800.0,56800.0,56600.0,56800.0,8,454000.0,TQBR
2020-10-20,56400.0,56800.0,56400.0,56800.0,13,737200.0,TQBR
2020-10-21,56800.0,56800.0,56400.0,56400.0,4,226600.0,TQBR
2020-10-22,56400.0,57200.0,56400.0,56400.0,33,1869200.0,TQBR
2020-10-23,57200.0,58000.0,56800.0,57000.0,47,2690200.0,TQBR
2020-10-26,57000.0,57400.0,57000.0,57400.0,12,686600.0,TQBR
2020-10-27,57000.0,57000.0,56200.0,56200.0,6,340600.0,TQBR
2020-10-28,56800.0,56800.0,56000.0,56000.0,18,1016800.0,TQBR
2020-10-29,56000.0,56600.0,56000.0,56200.0,14,791000.0,TQBR
2020-10-30,56400.0,56400.0,56000.0,56000.0,4,224800.0,TQBR
2020-11-02,56000.0,57000.0,56000.0,56000.0,87,4876400.0,TQBR
2020-11-03,56200.0,56200.0,56000.0,56200.0,5,280600.0,TQBR
2020-11-05,56600.0,56600.0,56400.0,56600.0,14,791400.0,TQBR
2020-11-06,56000.0,56800.0,56000.0,56000.0,13,733400.0,TQBR
2020-11-09,56800.0,56800.0,56000.0,56600.0,17,961800.0,TQBR
2020-11-10,56400.0,56800.0,56000.0,56800.0,22,1240200.0,TQBR
2020-11-11,56400.0,56600.0,56000.0,56600.0,18,1013600.0,TQBR
2020-11-12,56200.0,56600.0,56200.0,56200.0,19,1071600.0,TQBR
2020-11-13,56000.0,56400.0,56000.0,56000.0,16,897600.0,TQBR
2020-11-16,56400.0,56600.0,56200.0,56200.0,11,619600.0,TQBR
2020-11-17,56400.0,57800.0,56400.0,56600.0,64,3655200.0,TQBR
2020-11-18,56800.0,57000.0,56400.0,56600.0,24,1359000.0,TQBR
2020-11-19,56600.0,57000.0,56600.0,57000.0,12,680400.0,TQBR
2020-11-20,56800.0,57800.0,56200.0,57000.0,24,1360000.0,TQBR
2020-11-23,56600.0,57000.0,56600.0,56800.0,33,1874200.0,TQBR
2020-11-24,56800.0,56800.0,56800.0,56800.0,3,170400.0,TQBR
2020-11-25,56600.0,57600.0,56400.0,57000.0,22,1257200.0,TQBR
2020-11-26,57400.0,57400.0,56800.0,57200.0,32,1829600.0,TQBR
2020-11-27,56800.0,57000.0,56400.0,56600.0,25,1421200.0,TQBR
2020-11-30,57000.0,61000.0,56600.0,60200.0,144,8408000.0,TQBR
2020-12-01,59600.0,60400.0,59000.0,60000.0,55,3285800.0,TQBR
2020-12-02,60000.0,60200.0,59400.0,60200.0,23,1375800.0,TQBR
2020-12-03,60000.0,60200.0,59600.0,59600.0,11,659800.0,TQBR
2020-12-04,59400.0,61000.0,59200.0,60200.0,71,4254200.0,TQBR
2020-12-07,60000.0,60600.0,59800.0,60600.0,36,2165800.0,TQBR
2020-12-08,60000.0,60600.0,60000.0,60200.0,17,1023000.0,TQBR
2020-12-09,60200.0,60400.0,60000.0,60000.0,24,1444000.0,TQBR
2020-12-10,60000.0,60600.0,59400.0,60600.0,35,2111000.0,TQBR
2020-12-11,60400.0,60400.0,60200.0,60200.0,12,723000.0,TQBR
2020-12-14,60200.0,60600.0,59800.0,60000.0,42,2526200.0,TQBR
2020-12-15,60400.0,60400.0,60000.0,60000.0,14,840400.0,TQBR
2020-12-16,59600.0,60000.0,59200.0,60000.0,101,6035200.0,TQBR
2020-12-17,59600.0,60200.0,59200.0,59200.0,76,4523600.0,TQBR
2020-12-18,59200.0,59800.0,59000.0,59400.0,34,2013400.0,TQBR
2020-12-21,59200.0,59400.0,57200.0,59200.0,40,2355000.0,TQBR
2020-12-22,59600.0,59600.0,58600.0,59000.0,30,1770800.0,TQBR
2020-12-23,58600.0,59200.0,58400.0,59200.0,22,1291800.0,TQBR
2020-12-24,59000.0,59000.0,58800.0,59000.0,10,589600.0,TQBR
2020-12-25,59000.0,59600.0,59000.0,59400.0,33,1958200.0,TQBR
2020-12-28,59000.0,59600.0,59000.0,59000.0,182,10774600.0,TQBR
2020-12-29,59000.0,59200.0,58600.0,58800.0,17,1001000.0,TQBR
2020-12-30,58800.0,59600.0,58800.0,59200.0,21,1243000.0,TQBR
2021-01-04,59400.0,59800.0,57600.0,59200.0,66,3883400.0,TQBR
2021-01-05,59400.0,59600.0,58200.0,59600.0,49,2868000.0,TQBR
2021-01-06,59600.0,60000.0,59000.0,59800.0,41,2446400.0,TQBR
2021-01-08,59000.0,59800.0,58600.0,59400.0,46,2723200.0,TQBR
2021-01-11,58600.0,59400.0,58600.0,58800.0,25,1472600.0,TQBR
2021-01-12,59400.0,59800.0,59000.0,59200.0,26,1548200.0,TQBR
2021-01-13,59000.0,59200.0,58800.0,59000.0,12,707800.0,TQBR
2021-01-14,59000.0,59200.0,58800.0,59200.0,30,1771800.0,TQBR
2021-01-15,60600.0,60600.0,59000.0,59200.0,46,2761000.0,TQBR
2021-01-18,59000.0,59600.0,59000.0,59200.0,18,1067600.0,TQBR
2021-01-19,59200.0,59800.0,59200.0,59600.0,79,4696800.0,TQBR
2021-01-20,59400.0,59600.0,59200.0,59200.0,19,1129200.0,TQBR
2021-01-21,59800.0,59800.0,59400.0,59400.0,13,774000.0,TQBR
2021-01-22,59600.0,60000.0,58600.0,59600.0,47,2784800.0,TQBR
2021-01-25,60200.0,63000.0,59800.0,63000.0,140,8511000.0,TQBR
2021-01-26,63400.0,64600.0,61400.0,61400.0,58,3652200.0,TQBR
2021-01-27,61800.0,63200.0,61800.0,62600.0,25,1561800.0,TQBR
2021-01-28,61800.0,64400.0,61000.0,62000.0,83,5237400.0,TQBR
2021-01-29,62600.0,63000.0,61200.0,61200.0,19,1180200.0,TQBR
2021-02-01,61200.0,62400.0,61200.0,62400.0,9,558000.0,TQBR
2021-02-02,62800.0,62800.0,61000.0,62000.0,19,1176600.0,TQBR
2021-02-03,61400.0,62200.0,61200.0,61600.0,20,1233400.0,TQBR
2021-02-04,61800.0,62200.0,61200.0,61800.0,42,2589000.0,TQBR
2021-02-05,61800.0,62600.0,61800.0,62400.0,13,810600.0,TQBR
2021-02-08,62600.0,62600.0,62000.0,62000.0,34,2119000.0,TQBR
2021-02-09,62400.0,62400.0,61600.0,62400.0,15,930600.0,TQBR
2021-02-10,62400.0,62400.0,61600.0,62000.0,27,1670800.0,TQBR
2021-02-11,62200.0,62200.0,61800.0,62000.0,12,744000.0,TQBR
2021-02-12,61600.0,62000.0,61000.0,61400.0,64,3924600.0,TQBR
2021-02-15,61600.0,62400.0,61400.0,61600.0,37,2286400.0,TQBR
2021-02-16,61800.0,62200.0,61600.0,62200.0,18,1113600.0,TQBR
2021-02-17,61800.0,62600.0,61000.0,61000.0,57,3506400.0,TQBR
2021-02-18,61200.0,62000.0,61000.0,62000.0,26,1599000.0,TQBR
2021-02-19,61200.0,62000.0,60600.0,61000.0,42,2571600.0,TQBR
2021-02-20,61200.0,61400.0,61000.0,61000.0,36,2201200.0,TQBR
2021-02-22,61200.0,62000.0,61200.0,61600.0,9,553800.0,TQBR
2021-02-24,61200.0,61600.0,61000.0,61000.0,17,1040800.0,TQBR
2021-02-25,61000.0,62000.0,61000.0,61800.0,30,1846800.0,TQBR
2021-02-26,61800.0,62400.0,61400.0,61600.0,15,927600.0,TQBR
2021-03-01,61800.0,62400.0,61400.0,62200.0,24,1485200.0,TQBR
2021-03-02,62000.0,62400.0,61800.0,62400.0,12,745600.0,TQBR
2021-03-03,62000.0,62400.0,62000.0,62000.0,8,496800.0,TQBR
2021-03-04,62400.0,62600.0,62000.0,62000.0,9,559600.0,TQBR
2021-03-05,62200.0,62400.0,61800.0,62400.0,10,620600.0,TQBR
2021-03-09,62000.0,62400.0,61600.0,62400.0,43,2665000.0,TQBR
2021-03-10,62800.0,62800.0,61800.0,62200.0,12,745800.0,TQBR
2021-03-11,62000.0,62200.0,61800.0,61800.0,11,681600.0,TQBR
2021-03-12,61800.0,62200.0,61800.0,62200.0,27,1677200.0,TQBR
2021-03-15,61600.0,62000.0,61600.0,62000.0,12,743000.0,TQBR
2021-03-16,62200.0,62600.0,61600.0,61600.0,48,2978600.0,TQBR
2021-03-17,62000.0,62000.0,61600.0,61600.0,38,2348200.0,TQBR
2021-03-18,61800.0,61800.0,61200.0,61600.0,39,2395800.0,TQBR
2021-03-19,61000.0,61800.0,60600.0,61200.0,86,5294200.0,TQBR
2021-03-22,61200.0,61400.0,60600.0,61000.0,37,2250200.0,TQBR
2021-03-23,61000.0,61000.0,60600.0,60800.0,41,2491800.0,TQBR
2021-03-24,60800.0,61400.0,60800.0,61000.0,16,977200.0,TQBR
2021-03-25,61000.0,62400.0,61000.0,62200.0,1167,72348200.0,TQBR
2021-03-26,61600.0,62200.0,61600.0,61600.0,7,432600.0,TQBR
2021-03-29,61800.0,62400.0,61600.0,61600.0,25,1553400.0,TQBR
2021-03-30,62200.0,62400.0,62000.0,62200.0,7,435800.0,TQBR
2021-03-31,62000.0,62000.0,61600.0,61800.0,7,432600.0,TQBR
2021-04-01,62400.0,62400.0,61600.0,61600.0,29,1794200.0,TQBR
2021-04-02,62200.0,62200.0,62000.0,62000.0,18,1117400.0,TQBR
2021-04-05,62000.0,62400.0,61600.0,61800.0,28,1733200.0,TQBR
2021-04-06,61400.0,61800.0,61400.0,61800.0,4,246200.0,TQBR
2021-04-07,61200.0,62000.0,60800.0,61000.0,273,16666400.0,TQBR
2021-04-08,61600.0,62200.0,61400.0,61600.0,31,1912800.0,TQBR
2021-04-09,61600.0,61600.0,61200.0,61600.0,16,981800.0,TQBR
2021-04-12,61600.0,62000.0,61000.0,61200.0,170,10383800.0,TQBR
2021-04-13,61400.0,61800.0,61000.0,61600.0,16,983000.0,TQBR
2021-04-14,61600.0,62200.0,61400.0,62200.0,147,9087200.0,TQBR
2021-04-15,62200.0,62400.0,62000.0,62000.0,23,1426800.0,TQBR
2021-04-16,62200.0,62200.0,62000.0,62000.0,46,2852400.0,TQBR
2021-04-19,62200.0,62600.0,62000.0,62400.0,42,2619000.0,TQBR
2021-04-20,62600.0,62800.0,62400.0,62600.0,24,1499800.0,TQBR
2021-04-21,62400.0,63000.0,62400.0,62400.0,543,33988400.0,TQBR
2021-04-22,62600.0,65600.0,62600.0,63600.0,108,6872000.0,TQBR
2021-04-23,63800.0,64200.0,63000.0,64000.0,50,3180400.0,TQBR
2021-04-26,64000.0,65400.0,64000.0,65400.0,47,3052400.0,TQBR
2021-04-27,65400.0,65600.0,64600.0,65000.0,13,847000.0,TQBR
2021-04-28,64600.0,64600.0,64000.0,64400.0,11,708000.0,TQBR
2021-04-29,64400.0,64800.0,64000.0,64400.0,34,2192400.0,TQBR
2021-04-30,63600.0,66000.0,63400.0,65800.0,287,18823200.0,TQBR
2021-05-04,66000.0,66200.0,65000.0,65000.0,16,1043200.0,TQBR
2021-05-05,65400.0,65800.0,64800.0,65000.0,12,781200.0,TQBR
2021-05-06,64800.0,65200.0,64800.0,65200.0,14,909400.0,TQBR
2021-05-07,65600.0,65800.0,65000.0,65000.0,17,1109600.0,TQBR
2021-05-10,64800.0,65200.0,64800.0,65200.0,15,976600.0,TQBR
2021-05-11,65200.0,65800.0,65000.0,65400.0,137,8963200.0,TQBR
2021-07-02,61400.0,63600.0,59400.0,61600.0,128,7882400.0,TQBR
2021-07-05,63600.0,63600.0,61200.0,62400.0,46,2849000.0,TQBR
2021-07-06,61600.0,62000.0,61400.0,62000.0,9,555800.0,TQBR
2021-07-07,62000.0,62000.0,60600.0,62000.0,27,1657600.0,TQBR
2021-07-08,61400.0,62000.0,61400.0,61800.0,15,924400.0,TQBR
2021-07-09,61600.0,61800.0,61200.0,61400.0,64,3937800.0,TQBR
2021-07-12,61400.0,62400.0,61400.0,61600.0,10,618800.0,TQBR
2021-07-13,61800.0,62000.0,61400.0,62000.0,8,492600.0,TQBR
2021-07-14,62600.0,64600.0,61200.0,63000.0,80,5067800.0,TQBR
2021-07-15,62400.0,65600.0,62400.0,65000.0,142,9215400.0,TQBR
2021-07-16,64000.0,65400.0,64000.0,65000.0,51,3317200.0,TQBR
2021-07-19,65200.0,65400.0,63800.0,63800.0,827,53752200.0,TQBR
2021-07-20,64600.0,65400.0,64600.0,65000.0,308,20023600.0,TQBR
2021-07-21,65400.0,65400.0,65000.0,65000.0,14,912000.0,TQBR
2021-07-22,65200.0,65200.0,65000.0,65000.0,5,325400.0,TQBR
2021-07-23,65000.0,65600.0,65000.0,65600.0,54,3532600.0,TQBR
2021-07-26,65200.0,65600.0,65200.0,65200.0,4,261400.0,TQBR
2021-07-27,65200.0,65200.0,65000.0,65000.0,21,1366200.0,TQBR
2021-07-28,65200.0,65400.0,65000.0,65200.0,18,1175200.0,TQBR
2021-07-29,65200.0,65600.0,65000.0,65400.0,20,1306200.0,TQBR
2021-07-30,67200.0,67200.0,65200.0,65600.0,14,916800.0,TQBR
2021-08-02,65600.0,65800.0,65200.0,65400.0,8,523800.0,TQBR
2021-08-03,65600.0,65600.0,65000.0,65400.0,130,8480400.0,TQBR
2021-08-04,65200.0,65400.0,65200.0,65400.0,6,392200.0,TQBR
2021-08-05,65000.0,65400.0,65000.0,65200.0,25,1631600.0,TQBR
2021-08-06,65400.0,65400.0,65000.0,65400.0,112,7302600.0,TQBR
2021-08-09,65200.0,65400.0,65200.0,65200.0,16,1045200.0,TQBR
2021-08-10,65200.0,65600.0,65200.0,65600.0,36,2356800.0,TQBR
2021-08-11,65600.0,65800.0,65400.0,65600.0,12,787600.0,TQBR
2021-08-12,65600.0,65600.0,65400.0,65400.0,5,327200.0,TQBR
2021-08-13,65600.0,67000.0,65600.0,67000.0,76,5011000.0,TQBR
2021-08-16,66400.0,67000.0,65000.0,65400.0,242,15888200.0,TQBR
