date,open,high,low,close,volume,value,board
2010-04-20,284.2,284.2,173.02,175.99,275646,51796687.45,EQNE
2010-04-21,175.0,176.9,171.0,173.79,103181,17913800.74,EQNE
2010-04-22,163.75,175.95,163.75,171.94,43955,7567779.8,EQNE
2010-04-23,170.5,175.95,170.0,174.48,9330,1617591.05,EQNE
2010-04-26,175.0,175.0,172.0,174.0,15658,2698746.14,EQNE
2010-04-27,171.92,172.7,166.25,170.01,21729,3679811.71,EQNE
2010-04-28,169.72,173.85,167.0,170.19,10866,1853075.55,EQNE
2010-04-29,170.19,171.87,169.5,169.5,4802,815036.1,EQNE
2010-04-30,168.01,169.0,166.0,166.01,12736,2132185.89,EQNE
2010-05-04,168.51,168.51,142.0,160.0,32196,5162580.92,EQNE
2010-05-05,158.0,159.95,154.0,157.89,14153,2225612.69,EQNE
2010-05-06,158.47,158.5,154.01,155.0,17259,2730246.41,EQNE
2010-05-07,159.9,159.9,137.0,146.0,3490,497614.07,EQNE
2010-05-11,148.99,149.98,140.0,142.85,4562,651292.44,EQNE
2010-05-12,143.99,143.99,130.0,139.99,10837,1470244.01,EQNE
2010-05-13,139.98,139.99,131.13,136.95,3854,520573.05,EQNE
2010-05-14,136.0,136.95,133.0,135.0,2503,337557.32,EQNE
2010-05-17,130.06,146.96,130.0,137.5,40976,5742656.54,EQNE
2010-05-18,136.84,137.99,135.1,137.93,484,65971.76,EQNE
2010-05-19,135.02,138.0,135.0,137.0,4003,542325.06,EQNE
2010-05-20,137.02,137.02,137.0,137.0,2212,303046.02,EQNE
2010-05-21,137.01,137.01,136.51,136.51,908,124394.68,EQNE
2010-05-24,136.5,139.89,136.5,138.72,454,62163.44,EQNE
2010-05-25,140.0,140.0,125.01,137.0,12868,1750873.13,EQNE
2010-05-26,139.75,139.75,135.0,139.0,158,21339.8,EQNE
2010-05-27,139.92,139.92,125.56,135.0,586,79046.45,EQNE
2010-05-28,126.55,137.88,126.55,137.88,681,91904.93,EQNE
2010-05-31,127.05,140.0,127.05,138.88,928,128374.81,EQNE
2010-06-01,135.0,138.99,130.0,138.88,830,111633.96,EQNE
2010-06-02,134.01,138.66,134.0,138.66,2107,282598.4,EQNE
2010-06-03,138.06,138.06,135.05,135.05,102,14079.0,EQNE
2010-06-04,136.05,137.99,125.0,135.05,4379,578586.65,EQNE
2010-06-07,128.02,135.99,126.0,135.99,50,6424.92,EQNE
2010-06-08,132.68,136.05,127.79,129.15,9290,1208381.82,EQNE
2010-06-09,127.4,130.0,125.0,125.0,1373,175162.97,EQNE
2010-06-10,125.0,127.3,122.29,126.4,226,28317.49,EQNE
2010-06-11,124.0,126.0,122.03,123.0,1154,142243.75,EQNE
2010-06-15,123.0,128.29,122.0,125.0,207,25748.68,EQNE
2010-06-16,125.0,125.0,119.0,121.0,6476,783844.99,EQNE
2010-06-17,119.13,121.0,118.71,119.99,3138,376529.53,EQNE
2010-06-18,120.05,120.37,110.12,117.01,1600,189620.26,EQNE
2010-06-21,116.8,120.0,115.01,116.87,624,73117.31,EQNE
2010-06-22,117.91,122.68,116.0,122.68,2188,261468.94,EQNE
2010-06-23,120.23,122.91,115.01,118.2,3807,453718.58,EQNE
2010-06-24,119.76,124.45,117.72,118.03,13753,1650026.2,EQNE
2010-06-25,117.7,119.0,105.65,118.5,3215,368782.12,EQNE
2010-06-28,115.38,118.02,113.07,117.99,71,8171.65,EQNE
2010-06-29,115.81,115.81,109.01,110.1,2167,238867.72,EQNE
2010-06-30,105.52,111.95,105.52,111.95,1845,201404.13,EQNE
2010-07-01,103.51,110.0,98.03,105.0,1383,142881.5,EQNE
2010-07-02,108.17,108.17,101.0,107.62,856,86888.46,EQNE
2010-07-05,103.86,103.86,98.07,103.81,840,84222.04,EQNE
2010-07-06,103.76,103.82,98.03,98.36,314,31512.67,EQNE
2010-07-07,98.01,103.81,98.0,100.32,2814,283861.02,EQNE
2010-07-08,100.51,103.81,100.0,101.01,3144,317894.31,EQNE
2010-07-09,101.01,102.94,100.0,100.02,1296,131377.4,EQNE
2010-07-12,100.51,100.51,99.5,100.5,5242,526778.95,EQNE
2010-07-13,101.53,103.81,100.52,100.52,109,11270.85,EQNE
2010-07-14,100.53,103.81,100.5,102.99,304,30718.23,EQNE
2010-07-15,103.8,103.8,100.76,102.98,1462,149459.93,EQNE
2010-07-16,100.01,103.8,100.0,103.8,12,1236.06,EQNE
2010-07-19,102.9,102.99,102.0,102.95,86,8844.14,EQNE
2010-07-20,102.0,103.8,100.0,101.0,157,15919.61,EQNE
2010-07-21,100.01,100.01,96.5,96.51,6711,659782.36,EQNE
2010-07-22,97.0,97.46,94.0,95.0,10177,967243.18,EQNE
2010-07-23,94.03,98.01,92.5,94.0,4478,425183.0,EQNE
2010-07-26,94.95,95.0,89.72,90.06,11958,1089052.98,EQNE
2010-07-27,93.0,94.84,88.88,93.39,3345,302443.38,EQNE
2010-07-28,91.24,92.0,88.75,89.97,3401,305507.14,EQNE
2010-07-29,91.21,92.0,89.0,91.44,1748,157085.66,EQNE
2010-07-30,92.3,92.3,87.5,87.65,5819,517242.21,EQNE
2010-08-02,89.32,91.2,86.0,88.0,3881,338068.92,EQNE
2010-08-03,90.29,93.78,86.18,88.22,8530,770156.71,EQNE
2010-08-04,90.69,92.48,86.13,87.7,21476,1873082.57,EQNE
2010-08-05,88.99,92.0,87.3,88.88,3240,288817.27,EQNE
2010-08-06,91.99,92.0,86.0,88.5,5033,445896.3,EQNE
2010-08-09,90.59,90.59,88.51,88.51,531,47360.62,EQNE
2010-08-10,87.51,94.35,87.5,90.0,7597,681505.91,EQNE
2010-08-11,89.99,89.99,88.47,88.47,61,5441.34,EQNE
2010-08-12,88.29,90.41,88.29,89.0,137,12201.69,EQNE
2010-08-13,94.0,94.79,89.99,90.0,6600,594914.08,EQNL
2010-08-16,89.5,91.23,89.0,89.5,279,24961.85,EQNL
2010-08-17,90.0,92.99,89.51,92.95,1849,167144.85,EQNL
2010-08-18,91.23,94.7,88.72,89.77,27210,2449131.87,EQNL
2010-08-19,90.02,92.14,87.01,87.49,93300,8212855.65,EQNL
2010-08-20,87.04,87.8,87.0,87.01,22801,1987110.6,EQNL
2010-08-23,87.99,88.5,87.02,87.7,194,17043.12,EQNL
2010-08-24,89.5,89.5,86.82,88.0,1146,99910.06,EQNL
2010-08-25,88.0,88.0,83.03,84.35,11259,958875.0,EQNL
2010-08-26,86.59,86.99,83.2,83.56,843,71643.35,EQNL
2010-08-27,83.56,85.75,83.11,83.16,1661,139435.08,EQNL
2010-08-30,84.78,85.68,82.83,84.44,974,80882.28,EQNL
2010-08-31,83.04,83.94,82.34,83.0,2160,179247.01,EQNL
2010-09-01,84.67,84.67,82.5,82.61,948,78384.47,EQNL
2010-09-02,84.5,85.0,83.2,84.02,2144,180719.02,EQNL
2010-09-03,84.7,88.49,83.0,84.71,27056,2329763.36,EQNL
2010-09-06,94.97,94.97,82.0,84.68,67053,5702210.29,EQNL
2010-09-07,73.44,87.1,73.44,84.65,8454,725007.12,EQNL
2010-09-08,85.85,87.0,84.49,84.99,31888,2727201.09,EQNL
2010-09-09,85.8,85.8,84.7,84.99,12604,1072573.97,EQNL
2010-09-10,96.13,96.13,84.7,85.6,9231,786226.53,EQNL
2010-09-13,96.19,96.19,85.56,85.57,7622,659086.55,EQNL
2010-09-14,87.04,87.04,85.0,85.11,7554,643532.86,EQNL
2010-09-15,73.94,85.99,73.94,83.74,9769,820184.34,EQNL
2010-09-16,93.97,93.97,74.1,78.0,75229,5691875.87,EQNL
2010-09-17,77.79,79.52,77.79,78.2,4813,378469.15,EQNL
2010-09-20,88.43,88.43,78.72,81.25,13920,1144486.49,EQNL
2010-09-21,80.02,83.0,79.81,79.99,15757,1266108.09,EQNL
2010-09-22,90.21,90.21,79.01,79.8,2998,239893.35,EQNL
2010-09-23,69.44,80.69,69.44,79.51,1845,147513.29,EQNL
2010-09-24,68.71,80.7,68.71,79.41,820,65152.54,EQNL
2010-09-27,78.64,80.22,78.46,79.87,2134,168440.18,EQNL
2010-09-28,79.98,80.0,78.58,78.58,3317,262944.08,EQNL
2010-09-29,79.99,82.9,77.91,81.0,27479,2215954.04,EQNL
2010-09-30,80.0,82.5,79.21,79.21,9524,760986.87,EQNL
2010-10-01,79.21,80.87,70.0,79.49,12022,944331.63,EQNL
2010-10-04,79.5,80.98,79.14,80.11,2344,186361.01,EQNL
2010-10-05,79.14,80.1,77.57,79.49,1041,82707.61,EQNL
2010-10-06,79.5,80.5,78.5,79.84,4959,393928.28,EQNL
2010-10-07,79.99,79.99,78.12,78.5,881,69431.87,EQNL
2010-10-08,79.75,79.75,75.5,77.6,36898,2847033.94,EQNL
2010-10-11,78.44,79.51,76.0,79.38,3424,269106.09,EQNL
2010-10-12,79.38,79.48,78.1,78.15,1128,88779.2,EQNL
2010-10-13,79.24,79.24,77.5,79.0,1562,122540.83,EQNL
2010-10-14,79.05,80.0,76.63,77.15,6716,522266.74,EQNL
2010-10-15,77.05,77.4,77.0,77.4,701,53977.89,EQNL
2010-10-18,77.02,77.7,76.81,77.54,2937,226243.91,EQNL
2010-10-19,77.0,79.39,76.91,76.91,2854,220197.74,EQNL
2010-10-20,76.91,76.91,76.0,76.11,11424,869643.7,EQNL
2010-10-21,78.97,79.39,75.63,75.88,872,66317.08,EQNL
2010-10-22,76.0,76.0,74.9,75.03,11976,905525.64,EQNL
2010-10-25,75.07,78.39,73.0,74.55,47521,3549922.68,EQNL
2010-10-26,75.86,76.63,74.03,74.95,3834,288252.74,EQNL
2010-10-27,74.95,75.78,74.01,75.08,1049,78245.97,EQNL
2010-10-28,75.49,75.49,73.01,74.07,11870,877481.89,EQNL
2010-10-29,64.92,74.95,64.92,74.46,6288,466784.53,EQNL
2010-11-01,74.47,74.79,72.92,74.47,12523,925612.56,EQNL
2010-11-02,74.47,74.8,73.98,73.99,4348,322433.37,EQNL
2010-11-03,73.62,74.99,73.62,74.5,1947,145882.67,EQNL
2010-11-08,75.78,77.31,73.0,73.97,6769,501873.2,EQNL
2010-11-09,74.0,74.5,73.0,73.99,9787,720176.98,EQNL
2010-11-10,74.0,74.49,73.03,73.12,10306,754542.52,EQNL
2010-11-11,73.05,73.79,71.41,72.98,12206,888559.66,EQNL
2010-11-12,72.53,78.37,71.21,75.68,35189,2631968.37,EQNL
2010-11-13,75.71,76.81,72.41,74.1,15562,1157582.47,EQNL
2010-11-15,73.33,73.99,72.9,73.85,6226,455904.47,EQNL
2010-11-16,63.53,74.39,63.53,72.63,6367,464397.29,EQNL
2010-11-17,72.3,75.99,72.3,73.1,16177,1188733.53,EQNL
2010-11-18,79.97,79.97,72.97,75.2,11585,853986.5,EQNL
2010-11-19,74.96,75.93,74.0,75.85,7927,593536.98,EQNL
2010-11-22,75.93,77.04,74.0,74.6,53300,4002597.52,EQNL
2010-11-23,74.11,74.41,73.01,73.99,8367,614012.96,EQNL
2010-11-24,83.27,83.27,73.55,75.0,7915,592216.93,EQNL
2010-11-25,74.99,76.08,73.8,74.97,39306,2931006.71,EQNL
2010-11-26,74.97,76.99,73.99,74.01,104390,7817931.52,EQNL
2010-11-29,75.76,75.76,73.93,74.88,18688,1391034.62,EQNL
2010-11-30,74.09,74.79,73.93,74.74,4416,327899.42,EQNL
2010-12-01,74.8,74.99,73.99,74.88,15807,1177093.55,EQNL
2010-12-02,74.15,75.67,74.05,74.98,16005,1198476.86,EQNL
2010-12-03,75.3,75.35,74.14,74.5,8693,650819.12,EQNL
2010-12-06,75.0,82.36,74.5,80.2,203373,15979587.03,EQNL
2010-12-07,80.0,81.0,77.3,78.59,41372,3278885.1,EQNL
2010-12-08,78.7,80.2,77.69,77.88,30986,2437151.23,EQNL
2010-12-09,79.91,80.5,77.0,78.5,37795,2960845.83,EQNL
2010-12-10,78.71,78.8,76.67,77.41,13799,1066773.69,EQNL
2010-12-13,77.77,79.22,77.05,78.01,10441,816702.15,EQNL
2010-12-14,78.68,78.75,77.9,78.69,6291,491915.8,EQNL
2010-12-15,79.21,87.9,79.0,82.74,237307,19690771.6,EQNL
2010-12-16,83.0,83.5,80.0,82.5,140300,11439373.6,EQNL
2010-12-17,84.0,84.0,82.3,82.88,57541,4757441.84,EQNL
2010-12-20,83.2,83.8,81.49,83.71,21328,1766568.26,EQNL
2010-12-21,83.88,85.99,83.1,85.0,45432,3846084.62,EQNL
2010-12-22,85.02,88.0,84.12,84.97,55374,4750490.98,EQNL
2010-12-23,86.28,86.28,82.95,85.09,33964,2861393.81,EQNL
2010-12-24,85.1,85.5,83.5,85.0,27868,2356681.85,EQNL
2010-12-27,79.25,85.8,79.25,84.89,5616,471727.33,EQNL
2010-12-28,83.52,84.99,83.5,84.28,13240,1107473.91,EQNL
2010-12-29,84.79,84.79,80.5,83.73,7980,662788.84,EQNL
2010-12-30,84.29,84.29,82.5,82.75,14052,1164215.27,EQNL
2011-01-11,90.7,90.7,82.63,83.98,9773,818778.73,EQNL
2011-01-12,78.88,87.89,78.88,85.97,54282,4677466.5,EQNL
2011-01-13,94.72,94.72,84.49,86.0,25890,2214048.57,EQNL
2011-01-14,86.69,87.0,85.03,85.8,17166,1482244.67,EQNL
2011-01-17,85.96,86.59,85.11,86.01,12774,1098455.75,EQNL
2011-01-18,86.29,86.3,84.89,85.48,13369,1143640.75,EQNL
2011-01-19,85.49,86.0,83.1,85.47,75165,6353299.62,EQNL
2011-01-20,84.06,85.9,83.03,85.88,60307,5109592.45,EQNL
2011-01-21,85.98,92.13,85.36,86.9,162843,14313142.89,EQNL
2011-01-24,88.0,88.95,87.0,87.4,30583,2677064.03,EQNL
2011-01-25,87.55,102.45,87.55,90.92,1181823,111318686.79,EQNL
2011-01-26,90.92,93.75,90.11,91.35,136113,12446278.58,EQNL
2011-01-27,91.99,93.12,89.0,92.47,112169,10151425.19,EQNL
2011-01-28,92.0,93.0,90.15,91.51,18043,1659057.92,EQNL
2011-01-31,91.6,92.78,89.0,90.98,42304,3818876.98,EQNL
2011-02-01,91.25,93.08,89.62,92.0,25154,2314658.03,EQNL
2011-02-02,92.9,92.9,89.51,91.45,56673,5127352.11,EQNL
2011-02-03,91.98,91.98,89.1,90.79,6336,569084.34,EQNL
2011-02-04,91.16,91.16,87.77,88.66,22323,1977036.0,EQNL
2011-02-07,87.72,89.25,86.11,88.05,12548,1099756.46,EQNL
2011-02-08,88.49,88.93,85.15,88.19,34194,2970404.64,EQNL
2011-02-09,80.12,91.88,80.12,88.57,40713,3580688.48,EQNL
2011-02-10,88.5,88.5,86.11,87.29,50090,4371316.4,EQNL
2011-02-11,84.38,88.96,84.38,88.86,8431,741913.57,EQNL
2011-02-14,88.97,88.97,86.0,87.49,21251,1854842.88,EQNL
2011-02-15,88.44,88.44,85.3,87.0,53961,4672052.46,EQNL
2011-02-16,76.56,87.47,76.56,86.99,40190,3490365.62,EQNL
2011-02-17,87.5,88.8,85.05,87.0,70343,6099959.69,EQNL
2011-02-18,87.52,87.52,86.02,86.8,40706,3520941.59,EQNL
2011-02-21,87.65,88.43,86.5,87.37,26109,2276218.36,EQNL
2011-02-22,88.2,88.2,86.59,87.65,21336,1853109.25,EQNL
2011-02-24,88.4,88.4,86.58,87.0,18746,1627237.66,EQNL
2011-02-25,88.68,88.68,86.57,86.6,4344,376408.66,EQNL
2011-02-28,87.45,87.45,85.8,86.5,27047,2340082.48,EQNL
2011-03-01,87.43,87.43,84.8,85.65,40600,3494114.0,EQNL
2011-03-02,85.7,85.7,84.0,84.02,9700,818155.0,EQNL
2011-03-03,83.1,83.1,82.0,82.0,30400,2512674.0,EQNL
2011-03-04,83.0,83.0,78.2,79.6,75800,6021600.0,EQNL
2011-03-05,80.3,80.38,78.0,79.44,9600,760068.0,EQNL
2011-03-09,79.89,79.89,77.0,77.69,12400,957031.0,EQNL
2011-03-10,77.01,77.01,75.0,76.9,21900,1667365.0,EQNL
2011-03-11,76.93,76.93,75.03,76.29,7300,554973.0,EQNL
2011-03-14,78.0,78.01,75.5,75.5,21700,1665550.0,EQNL
2011-03-15,74.21,74.5,71.0,71.9,59100,4237459.0,EQNL
2011-03-16,71.18,78.0,68.31,71.99,57800,4178662.0,EQNL
2011-03-17,74.0,74.0,70.79,71.4,42400,3028689.0,EQNL
2011-03-18,72.0,72.0,70.5,70.5,26200,1854190.0,EQNL
2011-03-21,70.36,71.84,70.22,70.45,14400,1015190.0,EQNL
2011-03-22,70.52,70.74,69.0,70.35,9700,681157.0,EQNL
2011-03-23,70.02,70.75,69.5,70.01,35100,2461788.0,EQNL
2011-03-24,70.99,71.62,69.7,69.99,29000,2050055.0,EQNL
2011-03-25,71.5,71.5,68.48,70.1,27200,1903373.0,EQNL
2011-03-28,70.0,71.5,70.0,71.36,46800,3312165.0,EQNL
2011-03-29,71.36,71.5,69.4,69.4,8700,608632.0,EQNL
2011-03-30,69.06,70.0,69.0,69.6,5700,396089.0,EQNL
2011-03-31,69.4,70.0,68.0,69.52,9700,673946.0,EQNL
2011-04-01,69.49,71.5,68.5,69.7,98200,6850603.0,EQNL
2011-04-04,69.03,69.9,69.03,69.36,47900,3341288.0,EQNL
2011-04-05,69.63,70.49,69.4,70.01,32300,2255836.0,EQNL
2011-04-06,70.49,72.0,69.54,69.55,136300,9578459.0,EQNL
2011-04-07,70.0,75.95,69.08,72.62,469000,34144681.0,EQNL
2011-04-08,71.25,73.0,71.2,72.93,140300,10159433.0,EQNL
2011-04-11,71.71,74.2,70.5,71.24,60200,4291438.0,EQNL
2011-04-12,71.01,72.9,70.31,71.98,32800,2326090.0,EQNL
2011-04-13,71.99,72.25,65.68,70.23,28200,1982489.0,EQNL
2011-04-14,70.0,70.0,68.01,68.5,30900,2128010.0,EQNL
2011-04-15,68.0,70.0,68.0,68.6,9300,640144.0,EQNL
2011-04-18,68.07,69.9,65.01,65.01,18700,1253945.0,EQNL
2011-04-19,66.0,67.75,64.0,65.5,46300,3035189.0,EQNL
2011-04-20,66.46,67.0,63.99,66.85,66300,4311528.0,EQNL
2011-04-21,65.8,65.8,63.7,64.13,37700,2432859.0,EQNL
2011-04-22,64.01,64.01,62.56,63.88,38300,2421213.0,EQNL
2011-04-25,63.97,64.75,61.0,61.25,69700,4404733.0,EQNL
2011-04-26,61.75,62.77,56.99,58.22,103600,6062055.0,EQNL
2011-04-27,60.15,60.15,55.01,58.0,37900,2131761.0,EQNL
2011-04-28,57.8,60.0,55.17,57.45,51900,2983557.0,EQNL
2011-04-29,58.0,58.5,53.5,54.54,50600,2768759.0,EQNL
2011-05-03,55.0,55.0,52.5,53.0,12100,646222.0,EQNL
2011-05-04,54.07,54.07,50.51,52.01,39000,2050452.0,EQNL
2011-05-05,53.89,55.0,50.0,50.41,58100,2971677.0,EQNL
2011-05-06,51.94,51.94,49.07,50.38,13200,662407.0,EQNL
2011-05-10,49.12,50.5,49.12,50.5,19800,993688.0,EQNL
2011-05-11,50.5,54.0,49.8,49.8,83100,4360214.0,EQNL
2011-05-12,50.0,50.99,47.99,48.0,79900,3935253.0,EQNL
2011-05-13,48.03,49.0,44.99,47.99,48600,2249801.0,EQNL
2011-05-16,48.0,48.0,41.2,46.89,129700,5935603.0,EQNL
2011-05-17,45.92,49.0,45.81,48.0,42100,1997628.0,EQNL
2011-05-18,48.5,52.39,48.28,52.39,63300,3231551.0,EQNL
2011-05-19,52.5,62.0,50.0,56.0,386000,21331104.0,EQNL
2011-05-20,57.0,57.01,53.15,53.36,42800,2327943.0,EQNL
2011-05-23,52.25,52.25,50.66,51.95,6500,335219.0,EQNL
2011-05-24,51.17,52.0,50.11,51.65,15600,805478.0,EQNL
2011-05-25,50.0,52.0,50.0,51.44,4500,231355.0,EQNL
2011-05-26,51.0,52.0,51.0,51.99,4700,241341.0,EQNL
2011-05-27,51.01,52.5,51.0,52.48,8600,444829.0,EQNL
2011-05-30,51.0,52.5,51.0,51.39,4400,228142.0,EQNL
2011-05-31,51.99,52.0,51.09,51.5,15500,796674.0,EQNL
2011-06-01,51.5,52.0,50.56,51.25,3700,189667.0,EQNL
2011-06-02,50.99,51.5,50.99,51.0,10300,526120.0,EQNL
2011-06-03,51.0,56.88,51.0,52.5,138600,7348568.0,EQNL
2011-06-06,52.71,53.49,52.5,53.0,48600,2554181.0,EQNL
2011-06-07,52.52,56.99,52.0,56.0,322800,17632150.0,EQNL
2011-06-08,55.0,62.8,55.0,61.42,217700,12595124.0,EQNL
2011-06-09,60.07,63.99,60.01,62.99,18600,1150147.0,EQNL
2011-06-10,62.97,66.74,60.0,62.5,63000,3911451.0,EQNL
2011-06-14,62.25,63.55,59.27,61.3,23400,1444828.0,EQNL
2011-06-15,59.51,66.96,59.27,65.97,77300,5053172.0,EQNL
2011-06-16,66.5,66.5,64.1,65.5,19800,1293936.0,EQNL
2011-06-17,65.5,66.92,65.5,66.85,31600,2088748.0,EQNL
2011-06-20,66.03,68.99,65.75,66.02,57400,3823874.0,EQNL
2011-06-21,66.2,73.0,66.03,71.96,65600,4651478.0,EQNL
2011-06-22,83.37,83.37,66.06,72.0,83800,5961124.0,EQNL
2011-06-23,70.07,71.72,67.31,69.4,71200,5046703.0,EQNL
2011-06-24,70.67,70.7,68.7,68.7,10900,753098.0,EQNL
2011-06-27,67.59,68.6,67.59,67.6,14200,968649.0,EQNL
2011-06-28,69.44,69.97,68.5,69.38,5200,357304.0,EQNL
2011-06-29,75.35,85.99,74.78,75.01,537700,42815635.0,EQNL
2011-06-30,75.7,76.5,73.01,74.99,31700,2355426.0,EQNL
2011-07-01,75.0,75.29,73.0,74.01,29000,2130918.0,EQNL
2011-07-04,74.98,75.0,73.0,73.51,13900,1024252.0,EQNL
2011-07-05,73.21,74.49,72.1,72.85,51700,3762961.0,EQNL
2011-07-06,73.0,74.49,72.5,73.49,11900,868792.0,EQNL
2011-07-07,74.39,74.39,73.01,73.49,4900,362072.0,EQNL
2011-07-08,72.93,74.65,72.0,72.5,42500,3083421.0,EQNL
2011-07-11,73.29,73.34,72.5,72.5,4000,291471.0,EQNL
2011-07-12,72.99,79.0,71.47,74.01,59800,4467071.0,EQNL
2011-07-13,74.99,76.0,74.04,75.0,23300,1746836.0,EQNL
2011-07-14,74.98,75.79,74.0,74.61,8800,658456.0,EQNL
2011-07-15,74.99,75.0,74.03,74.98,14900,1113837.0,EQNL
2011-07-18,74.01,74.48,72.7,73.63,14500,1063763.0,EQNL
2011-07-19,73.97,73.99,72.0,73.01,24900,1821021.0,EQNL
2011-07-20,73.5,73.5,72.5,72.51,1800,131340.0,EQNL
2011-07-21,71.33,71.66,71.3,71.66,1100,78627.0,EQNL
2011-07-22,71.66,72.99,71.3,72.02,10300,743002.0,EQNL
2011-07-25,71.3,71.3,69.03,70.84,8900,622282.0,EQNL
2011-07-26,71.3,71.3,70.99,70.99,600,42625.0,EQNL
2011-07-27,70.55,70.55,68.0,68.8,17300,1189225.0,EQNL
2011-07-28,69.57,73.1,68.0,71.53,164300,11709826.0,EQNL
2011-07-29,72.0,72.3,70.0,71.0,201000,14198579.0,EQNL
2011-08-01,70.09,72.83,70.05,72.0,10000,717961.0,EQNL
2011-08-02,71.98,73.8,71.98,73.8,32500,2342319.0,EQNL
2011-08-03,71.98,72.97,71.0,72.0,28900,2080935.0,EQNL
2011-08-04,72.74,72.74,70.02,70.04,6800,485008.0,EQNL
2011-08-05,69.4,69.4,60.1,67.01,23500,1556423.0,EQNL
2011-08-08,64.0,66.91,62.53,63.09,14400,932539.0,EQNL
2011-08-09,59.01,63.0,52.05,61.5,30200,1824609.0,EQNL
2011-08-10,65.99,69.99,63.0,67.0,61600,4036300.0,EQNL
2011-08-11,66.03,69.5,60.0,69.49,76700,5135017.0,EQNL
2011-08-12,71.0,73.5,69.07,71.05,15400,1094293.0,EQNL
2011-08-15,70.51,72.0,70.51,71.03,3000,214605.0,EQNL
2011-08-16,72.99,73.43,69.0,70.41,4700,331498.0,EQNL
2011-08-17,73.44,76.0,73.44,76.0,21000,1557651.0,EQNL
2011-08-18,77.93,77.99,74.5,74.5,6800,516166.0,EQNL
2011-08-19,75.0,76.69,74.7,76.69,10300,773356.0,EQNL
2011-08-22,76.92,82.0,76.92,81.0,19500,1555146.0,EQNL
2011-08-23,83.89,83.89,79.98,79.99,7100,570324.0,EQNL
2011-08-24,81.99,81.99,80.5,81.8,3100,250703.0,EQNL
2011-08-25,81.4,81.75,78.15,81.75,9600,769127.0,EQNL
2011-08-26,80.09,81.0,80.0,80.0,15500,1240368.0,EQNL
2011-08-29,79.88,81.99,79.88,81.99,1300,104607.0,EQNL
2011-08-30,79.8,80.0,78.03,80.0,3700,293074.0,EQNL
2011-08-31,80.0,80.01,80.0,80.01,4500,360008.0,EQNL
2011-09-01,80.5,80.8,80.5,80.5,4200,338161.0,EQNL
2011-09-02,81.6,82.4,81.0,81.0,3800,310489.0,EQNL
2011-09-05,80.5,82.0,80.5,82.0,10700,870148.0,EQNL
2011-09-06,82.01,83.5,82.0,83.5,2700,223607.0,EQNL
2011-09-07,83.63,86.91,83.54,86.91,5900,502170.0,EQNL
2011-09-08,85.15,86.96,85.0,85.95,2800,238534.0,EQNL
2011-09-09,86.61,86.61,85.0,85.0,400,34164.0,EQNL
2011-09-12,85.0,85.88,82.13,85.88,2100,176463.0,EQNL
2011-09-13,86.99,88.99,86.0,88.99,5200,450512.0,EQNL
2011-09-14,88.0,88.0,85.58,87.82,400,34922.0,EQNL
2011-09-15,90.0,90.0,82.61,87.27,6500,555793.0,EQNL
2011-09-16,85.06,86.5,85.0,85.0,4000,340204.0,EQNL
2011-09-19,85.01,88.97,85.0,88.97,28700,2480514.0,EQNL
2011-09-20,88.5,89.99,88.0,89.9,6700,592146.0,EQNL
2011-09-21,89.99,90.87,89.1,89.99,15400,1384387.0,EQNL
2011-09-22,88.5,88.5,80.0,81.19,40700,3387765.0,EQNL
2011-09-23,81.19,81.19,72.92,75.89,2700,206507.0,EQNL
2011-09-26,75.0,81.49,65.21,81.0,9400,731103.0,EQNL
2011-09-27,80.0,81.0,76.0,78.0,6600,510747.0,EQNL
2011-09-28,78.0,81.9,77.0,81.5,27300,2169188.0,EQNL
2011-09-29,80.01,80.1,80.0,80.0,9400,752366.0,EQNL
2011-09-30,80.0,82.95,80.0,80.99,4000,325255.0,EQNL
2011-10-03,78.01,78.01,78.0,78.0,1100,85804.0,EQNL
2011-10-04,80.04,80.04,76.0,76.0,9000,684419.0,EQNL
2011-10-05,78.97,78.97,76.01,77.0,5800,442750.0,EQNL
2011-10-06,80.02,80.02,75.0,75.0,26500,2000348.0,EQNL
2011-10-10,75.01,75.01,75.0,75.0,1000,75002.0,EQNL
2011-10-11,79.96,84.99,79.96,80.0,1100,89459.0,EQNL
2011-10-12,75.04,77.98,75.0,77.98,4100,308098.0,EQNL
2011-10-13,76.0,76.97,75.55,76.0,1400,106182.0,EQNL
2011-10-14,74.51,74.51,74.5,74.5,500,37252.0,EQNL
2011-10-17,74.26,74.59,74.26,74.59,200,14885.0,EQNL
2011-10-18,74.26,74.26,74.26,74.26,100,7426.0,EQNL
2011-10-19,74.99,74.99,74.0,74.0,11300,836526.0,EQNL
2011-10-21,74.01,74.01,74.0,74.0,1300,96203.0,EQNL
2011-10-24,74.99,75.0,73.98,74.0,3400,252595.0,EQNL
2011-10-25,73.99,75.0,72.0,72.0,2600,191963.0,EQNL
2011-10-26,67.33,73.17,67.33,73.0,3400,244199.0,EQNL
2011-10-27,73.0,74.0,71.03,74.0,4400,320541.0,EQNL
2011-10-28,73.5,74.0,73.5,74.0,500,36850.0,EQNL
2011-10-31,66.83,73.5,66.82,73.5,2300,166635.0,EQNL
2011-11-01,67.0,67.0,67.0,67.0,50,3350.0,SMAL
2011-11-02,67.05,72.83,67.0,72.83,1600,110147.0,EQNL
2011-11-03,72.78,73.97,72.78,73.97,300,21975.0,EQNL
2011-11-07,72.99,90.0,68.7,76.96,79500,6110952.0,EQNL
2011-11-08,75.5,76.98,73.01,76.98,5000,374933.0,EQNL
2011-11-09,78.5,78.5,68.5,75.25,21200,1502462.0,EQNL
2011-11-10,75.24,75.24,70.04,72.98,3500,255953.0,EQNL
2011-11-11,70.22,74.0,70.22,74.0,2000,144040.0,EQNL
2011-11-14,72.0,74.5,70.01,74.5,5800,417333.0,EQNL
2011-11-15,71.99,71.99,69.0,71.88,700,49346.0,EQNL
2011-11-16,70.5,71.39,70.0,71.39,700,49191.0,EQNL
2011-11-17,70.01,70.7,68.99,70.7,2300,160422.0,EQNL
2011-11-18,69.99,71.95,69.0,71.95,1800,125638.0,EQNL
2011-11-22,69.01,71.89,67.26,71.89,800,55999.0,EQNL
2011-11-23,69.57,71.76,69.11,71.76,1100,76802.0,EQNL
2011-11-24,71.0,71.0,69.33,70.4,500,35106.0,EQNL
2011-11-25,69.01,69.01,67.0,68.4,1400,94882.0,EQNL
2011-11-28,68.88,68.97,68.0,68.0,1200,81883.0,EQNL
2011-11-29,68.66,68.8,68.66,68.8,2200,151123.0,EQNL
2011-11-30,67.11,70.95,67.1,70.95,1800,122284.0,EQNL
2011-12-01,70.4,70.4,70.4,70.4,100,7040.0,EQNL
2011-12-02,69.0,75.0,69.0,73.99,3200,228696.0,EQNL
2011-12-05,71.0,75.0,70.0,74.9,1700,121688.0,EQNL
2011-12-06,71.0,72.95,69.0,72.95,3100,217693.0,EQNL
2011-12-07,72.0,72.99,71.0,72.99,2200,156600.0,EQNL
2011-12-08,72.01,72.01,71.0,72.0,3500,251005.0,EQNL
2011-12-09,71.0,72.99,70.0,71.0,2700,191329.0,EQNL
2011-12-12,77.0,77.0,73.0,73.9,31900,2356195.0,EQNL
2011-12-13,75.99,76.0,74.0,75.5,37200,2823782.0,EQNL
2011-12-14,75.5,80.0,74.51,74.51,2500,189708.0,EQNL
2011-12-15,80.5,80.5,75.07,79.89,400,31097.0,EQNL
2011-12-16,80.97,84.08,74.5,75.0,2500,192937.0,EQNL
2011-12-19,73.39,77.99,73.0,75.0,4600,343555.0,EQNL
2011-12-20,75.01,75.89,74.9,75.81,4100,307573.0,EQNL
2011-12-21,75.98,79.92,75.98,76.0,8700,661596.0,EQNL
2011-12-22,76.0,77.0,75.0,77.0,1600,121843.0,EQNL
2011-12-23,76.99,77.0,76.01,76.99,2500,192099.0,EQNL
2011-12-26,75.01,75.01,75.01,75.01,100,7501.0,EQNL
2011-12-27,75.99,84.0,75.99,77.0,2100,164137.0,EQNL
2011-12-28,75.01,77.99,75.0,77.99,300,22800.0,EQNL
2011-12-29,77.0,84.5,77.0,77.99,3100,240205.0,EQNL
2011-12-30,82.99,89.1,79.94,89.0,21400,1800310.0,EQNL
2012-01-03,89.0,89.0,80.01,85.98,600,49502.0,EQNL
2012-01-04,80.01,85.38,80.01,82.5,600,49377.0,EQNL
2012-01-05,86.38,86.38,80.0,83.39,900,75170.0,EQNL
2012-01-06,89.47,93.23,79.26,87.99,800,68604.0,EQNL
2012-01-09,81.02,87.0,81.01,85.98,800,66605.0,EQNL
2012-01-10,81.0,84.99,81.0,84.99,400,33100.0,EQNL
2012-01-11,86.2,86.2,83.0,85.99,700,59659.0,EQNL
2012-01-12,83.01,86.98,83.0,83.0,2500,209045.0,EQNL
2012-01-13,79.25,82.98,79.25,82.98,300,24325.0,EQNL
2012-01-16,80.11,83.13,80.11,83.13,300,24335.0,EQNL
2012-01-17,83.12,83.12,82.86,82.86,200,16598.0,EQNL
2012-01-18,80.86,82.88,80.0,82.88,3000,240495.0,EQNL
2012-01-19,81.0,82.0,80.5,81.5,5500,447898.0,EQNL
2012-01-20,81.51,81.51,81.51,81.51,200,16302.0,EQNL
2012-01-23,81.0,82.39,81.0,82.39,1100,89239.0,EQNL
2012-01-24,81.01,82.07,81.0,82.07,1200,97308.0,EQNL
2012-01-25,82.63,82.63,80.01,82.54,600,49307.0,EQNL
2012-01-26,82.64,82.64,80.0,80.0,700,56385.0,EQNL
2012-01-27,81.0,82.0,80.0,80.93,35200,2883587.0,EQNL
2012-01-30,79.26,79.26,78.2,78.95,500,39452.0,EQNL
2012-01-31,78.98,82.0,77.0,80.58,32200,2579019.0,EQNL
2012-02-01,79.99,80.0,79.99,80.0,800,63997.0,EQNL
2012-02-02,76.14,79.98,76.14,79.98,400,30927.0,EQNL
2012-02-03,77.01,79.65,77.0,79.65,600,46468.0,EQNL
2012-02-06,77.01,79.36,77.01,79.36,200,15637.0,EQNL
2012-02-07,79.46,80.62,79.0,79.01,4800,382631.0,EQNL
2012-02-08,80.0,80.01,80.0,80.0,4300,344004.0,EQNL
2012-02-09,80.0,80.0,80.0,80.0,6000,480000.0,EQNL
2012-02-10,80.0,81.0,80.0,80.0,2000,161021.0,EQNL
2012-02-13,79.6,80.9,79.6,80.15,400,32080.0,EQNL
2012-02-14,80.2,80.85,80.0,80.0,3200,256463.0,EQNL
2012-02-15,80.11,82.0,79.5,81.0,38500,3102589.0,EQNL
2012-02-16,81.0,81.95,79.0,79.5,21000,1669405.0,EQNL
2012-02-17,81.64,82.0,80.02,80.96,3600,294857.0,EQNL
2012-02-20,81.99,82.0,81.0,81.0,20700,1697198.0,EQNL
2012-02-21,81.01,81.01,80.26,80.26,1500,121212.0,EQNL
2012-02-22,81.0,81.0,70.26,80.0,4700,363898.0,EQNL
2012-02-24,79.5,79.5,79.5,79.5,600,47700.0,EQNL
2012-02-27,78.11,79.39,78.11,79.01,900,71051.0,EQNL
2012-02-28,80.99,82.0,79.3,80.11,4900,396777.0,EQNL
2012-02-29,80.01,82.0,80.0,80.48,3500,281620.0,EQNL
2012-03-01,82.0,82.5,81.95,82.5,1300,107141.0,EQNL
2012-03-02,85.11,95.1,85.11,91.0,8700,778594.0,EQNL
2012-03-05,81.38,85.96,81.38,85.96,900,76565.0,EQNL
2012-03-06,83.04,88.99,83.04,84.51,1700,144221.0,EQNL
2012-03-07,87.34,87.34,86.0,87.0,3300,286397.0,EQNL
2012-03-11,83.0,87.49,83.0,87.49,300,25568.0,EQNL
2012-03-12,87.45,89.91,87.38,88.44,2700,237801.0,EQNL
2012-03-13,88.8,94.0,88.8,94.0,1200,109418.0,EQNL
2012-03-14,87.01,93.45,87.0,90.0,12300,1109193.0,EQNL
2012-03-15,92.99,117.0,90.15,117.0,57300,5952572.0,EQNL
2012-03-16,117.0,148.99,105.0,132.0,86200,10797858.0,EQNL
2012-03-19,131.27,131.27,107.5,109.66,31000,3571545.0,EQNL
2012-03-20,107.33,114.99,107.3,111.0,4900,537371.0,EQNL
2012-03-21,109.48,111.0,105.01,110.33,4000,435295.0,EQNL
2012-03-22,103.01,109.0,103.0,105.0,4100,433297.0,EQNL
2012-03-23,112.0,113.0,106.08,106.1,1300,144414.0,EQNL
2012-03-26,113.95,113.95,113.0,113.0,300,33995.0,EQNL
2012-03-27,110.0,110.0,107.05,107.05,600,64715.0,EQNL
2012-03-28,100.07,104.99,100.07,104.99,1800,187347.0,EQNL
2012-03-29,100.01,105.0,97.0,105.0,6900,691341.0,EQNL
2012-03-30,100.01,109.0,100.0,101.0,1100,111406.0,EQNL
2012-04-02,106.99,107.0,106.0,107.0,700,74796.0,EQNL
2012-04-03,100.04,102.99,95.1,97.77,3700,365729.0,EQNL
2012-04-04,96.06,113.79,95.0,109.49,6000,618042.0,EQNL
2012-04-05,103.01,107.0,100.04,105.0,2200,225804.0,EQNL
2012-04-06,107.87,124.99,107.01,112.0,7100,809506.0,EQNL
2012-04-09,110.0,110.0,105.0,110.0,1600,172341.0,EQNL
2012-04-10,106.06,109.99,106.06,108.0,1200,129605.0,EQNL
2012-04-11,105.01,109.0,100.0,106.0,2100,221051.0,EQNL
2012-04-12,104.56,104.56,96.02,99.0,4200,415691.0,EQNL
2012-04-13,99.02,102.9,99.02,102.1,1000,101774.0,EQNL
2012-04-16,101.9,108.99,101.9,102.01,3800,394253.0,EQNL
2012-04-17,106.96,106.96,95.0,98.98,7400,730931.0,EQNL
2012-04-18,99.0,99.0,94.13,95.69,4800,460132.0,EQNL
2012-04-19,94.66,94.66,94.65,94.65,300,28397.0,EQNL
2012-04-20,96.5,109.0,96.5,105.0,3900,390739.0,EQNL
2012-04-23,104.99,106.0,97.53,97.53,800,83150.0,EQNL
2012-04-24,100.02,105.98,100.0,105.98,2300,234981.0,EQNL
2012-04-25,103.08,108.98,103.08,104.01,1300,137425.0,EQNL
2012-04-26,108.8,109.97,107.0,109.95,3500,377103.0,EQNL
2012-04-27,100.0,100.0,100.0,100.0,2,200.0,SMAL
2012-04-28,102.03,107.5,102.0,104.44,2100,220726.0,EQNL
2012-05-02,107.0,107.0,107.0,107.0,200,21400.0,EQNL
2012-05-03,103.55,105.0,102.0,102.0,800,82566.0,EQNL
2012-05-04,102.0,103.88,96.03,96.03,1500,146272.0,EQNL
2012-05-05,95.53,102.97,93.5,102.97,2500,244177.0,EQNL
2012-05-07,96.0,96.0,90.02,91.99,4800,442462.0,EQNL
2012-05-08,90.53,94.0,90.14,93.9,1700,156393.0,EQNL
2012-05-10,93.7,97.0,93.7,97.0,1500,141400.0,EQNL
2012-05-11,93.0,93.0,91.6,91.6,1000,92580.0,EQNL
2012-05-12,92.0,93.28,92.0,93.28,1500,138880.0,EQNL
2012-05-14,90.4,90.4,77.0,78.5,15100,1241390.0,EQNL
2012-05-15,78.89,82.0,71.0,77.56,16800,1331843.0,EQNL
2012-05-16,75.36,79.0,74.0,79.0,3100,234951.0,EQNL
2012-05-17,78.21,78.21,73.0,76.5,4600,343653.0,EQNL
2012-05-18,73.5,75.5,71.0,75.5,2500,182929.0,EQNL
2012-05-21,76.0,78.0,76.0,76.01,500,38303.0,EQNL
2012-05-22,76.11,77.0,73.0,77.0,1000,75421.0,EQNL
2012-05-23,76.5,77.0,63.0,68.2,13700,920253.0,EQNL
2012-05-24,68.39,71.0,66.0,70.99,3500,238047.0,EQNL
2012-05-25,69.99,70.0,50.0,63.88,10800,650179.0,EQNL
2012-05-28,63.95,82.52,61.21,82.52,20500,1595623.0,EQNL
2012-05-29,89.7,99.29,84.01,89.99,7700,719794.0,EQNL
2012-05-30,83.41,85.49,81.0,81.15,3100,255725.0,EQNL
2012-05-31,89.97,89.97,89.97,89.97,100,8997.0,EQNL
2012-06-01,83.15,83.15,82.0,82.0,2000,164117.0,EQNL
2012-06-05,82.01,82.02,82.01,82.01,500,41007.0,EQNL
2012-06-06,82.0,82.0,82.0,82.0,400,32800.0,EQNL
2012-06-07,82.0,85.0,82.0,85.0,900,75171.0,EQNL
2012-06-08,87.0,87.0,87.0,87.0,500,43500.0,EQNL
2012-06-09,85.99,85.99,85.99,85.99,100,8599.0,EQNL
2012-06-14,89.61,89.61,89.61,89.61,100,8961.0,EQNL
2012-06-15,83.01,87.0,80.0,87.0,2300,188104.0,EQNL
2012-06-18,87.0,87.0,83.01,83.01,200,17001.0,EQNL
2012-06-19,88.99,88.99,88.99,88.99,100,8899.0,EQNL
2012-06-21,90.0,90.0,73.18,73.18,10,782.26,SMAL
2012-06-22,80.09,80.09,80.09,80.09,100,8009.0,EQNL
2012-06-25,70.26,70.26,70.26,70.26,300,21078.0,EQNL
2012-06-28,80.01,80.01,80.0,80.0,700,56002.0,EQNL
2012-06-29,80.0,84.4,80.0,84.4,200,16440.0,EQNL
2012-07-02,98.97,101.99,82.03,94.89,1900,187646.0,EQNL
2012-07-09,80.03,80.03,80.03,80.03,100,8003.0,EQNL
2012-07-10,85.0,85.0,85.0,85.0,5,425.0,SMAL
2012-07-12,80.04,80.04,80.04,80.04,100,8004.0,EQNL
2012-07-16,87.5,88.0,83.91,83.91,400,34741.0,EQNL
2012-07-17,80.09,83.5,75.5,83.5,2700,215862.0,EQNL
2012-07-18,80.23,84.44,76.0,84.44,3400,266174.0,EQNL
2012-07-19,83.0,83.0,83.0,83.0,200,16600.0,EQNL
2012-07-24,76.01,82.55,73.0,77.14,1800,137384.0,EQNL
2012-07-25,78.79,81.11,78.57,79.99,800,63406.0,EQNL
2012-07-26,81.98,81.98,77.77,77.77,1800,144342.0,EQNL
2012-07-27,72.22,81.0,72.22,80.88,700,55653.0,EQNL
2012-07-30,81.5,81.5,81.5,81.5,100,8150.0,EQNL
2012-07-31,81.11,81.65,77.7,77.7,900,72591.0,EQNL
2012-08-06,85.98,85.98,85.98,85.98,100,8598.0,EQNL
2012-08-07,87.59,87.98,87.59,87.98,400,35115.0,EQNL
2012-08-08,84.0,84.0,72.5,72.5,53,3881.58,SMAL
2012-08-09,77.5,77.5,74.01,74.01,49,3661.39,SMAL
2012-08-10,75.51,81.6,75.01,79.97,2300,177713.0,EQNL
2012-08-13,81.49,81.49,76.01,76.01,3100,239682.0,EQNL
2012-08-14,81.0,81.0,76.01,78.0,8900,685248.0,EQNL
2012-08-16,75.77,78.88,75.76,78.88,700,54036.0,EQNL
2012-08-17,77.76,77.76,77.76,77.76,100,7776.0,EQNL
2012-08-21,71.0,78.0,71.0,78.0,32,2286.0,SMAL
2012-08-22,77.0,77.0,77.0,77.0,7,539.0,SMAL
2012-08-23,79.96,79.96,77.22,78.48,900,70247.0,EQNL
2012-08-27,72.04,75.85,72.04,72.5,2500,183559.0,EQNL
2012-08-28,73.11,73.12,70.03,70.5,8300,586268.0,EQNL
2012-08-29,72.0,72.0,70.0,72.0,8300,590962.0,EQNL
2012-08-30,71.99,72.0,71.99,72.0,1200,86390.0,EQNL
2012-08-31,69.38,72.22,69.38,72.22,200,14160.0,EQNL
2012-09-03,70.0,70.0,69.99,69.99,200,13999.0,EQNL
2012-09-05,72.0,72.0,71.0,71.0,3300,236391.0,EQNL
2012-09-06,71.49,71.49,71.49,71.49,100,7149.0,EQNL
2012-09-07,71.91,75.0,70.01,72.97,23200,1676047.0,EQNL
2012-09-10,71.0,74.0,71.0,74.0,6,429.0,SMAL
2012-09-11,71.99,71.99,70.05,70.07,500,35609.0,EQNL
2012-09-12,72.0,74.0,72.0,72.99,4100,300098.0,EQNL
2012-09-13,69.01,69.01,69.01,69.01,100,6901.0,EQNL
2012-09-14,71.0,74.98,71.0,74.98,4000,293642.0,EQNL
2012-09-17,74.0,76.0,74.0,76.0,3600,269850.0,EQNL
2012-09-18,74.0,76.0,72.04,76.0,2100,156703.0,EQNL
2012-09-19,74.0,75.0,73.01,73.01,2600,192684.0,EQNL
2012-09-20,72.03,72.03,72.0,72.0,1500,108005.0,EQNL
2012-09-21,71.99,73.0,71.99,73.0,200,14499.0,EQNL
2012-09-24,70.01,70.01,70.01,70.01,7,490.07,SMAL
2012-09-25,70.0,72.6,70.0,72.6,400,28260.0,EQNL
2012-09-26,70.99,72.0,70.0,70.0,2100,149527.0,EQNL
2012-09-27,71.93,72.0,68.0,70.24,5700,394873.0,EQNL
2012-10-01,71.01,71.01,71.01,71.01,100,7101.0,EQNL
2012-10-02,71.0,71.1,71.0,71.0,2100,149158.0,EQNL
2012-10-03,71.97,71.97,71.5,71.5,200,14347.0,EQNL
2012-10-04,69.01,69.01,68.0,68.0,2800,192805.0,EQNL
2012-10-05,67.02,71.0,67.02,70.0,2800,196910.0,EQNL
2012-10-08,68.01,68.99,68.01,68.99,400,27400.0,EQNL
2012-10-09,68.06,68.06,68.0,68.0,1000,68038.0,EQNL
2012-10-10,67.0,67.0,67.0,67.0,200,13400.0,EQNL
2012-10-11,67.0,67.0,67.0,67.0,1000,67000.0,EQNL
2012-10-12,66.0,66.0,62.22,65.8,1200,77902.0,EQNL
2012-10-15,65.0,65.02,65.0,65.02,500,32502.0,EQNL
2012-10-16,68.95,68.95,68.95,68.95,100,6895.0,EQNL
2012-10-17,65.99,65.99,65.99,65.99,100,6599.0,EQNL
2012-10-18,65.49,65.5,65.49,65.5,1000,65494.0,EQNL
2012-10-22,63.01,67.0,63.0,67.0,3200,209204.0,EQNL
2012-10-23,62.0,63.5,61.7,62.52,800,49752.0,EQNL
2012-10-24,62.5,71.0,62.5,71.0,5100,344960.0,EQNL
2012-10-26,69.5,70.0,69.5,69.5,1300,90850.0,EQNL
2012-10-30,69.0,69.0,68.99,68.99,200,13799.0,EQNL
2012-10-31,69.0,71.0,67.99,68.0,8600,594810.0,EQNL
2012-11-02,65.0,65.0,65.0,65.0,1,65.0,SMAL
2012-11-06,68.0,68.0,68.0,68.0,200,13600.0,EQNL
2012-11-07,69.0,69.0,64.99,65.0,1200,79599.0,EQNL
2012-11-08,65.0,65.0,63.0,63.0,1900,122400.0,EQNL
2012-11-09,64.0,64.02,63.0,64.0,32400,2068718.0,EQNL
2012-11-12,61.02,62.6,61.01,62.5,1400,85915.0,EQNL
2012-11-13,62.32,62.32,60.55,61.77,1200,73665.0,EQNL
2012-11-14,63.0,63.0,63.0,63.0,4,252.0,SMAL
2012-11-15,62.0,62.0,62.0,62.0,100,6200.0,EQNL
2012-11-16,62.0,62.0,60.05,60.05,300,18405.0,EQNL
2012-11-19,62.0,64.99,62.0,63.5,1000,64177.0,EQNL
2012-11-20,64.5,64.5,64.5,64.5,100,6450.0,EQNL
2012-11-21,64.99,64.99,64.99,64.99,100,6499.0,EQNL
2012-11-23,63.0,63.5,63.0,63.5,3,190.0,SMAL
2012-11-26,62.14,62.14,62.1,62.1,600,37264.0,EQNL
2012-11-27,62.06,62.06,61.99,62.0,800,49609.0,EQNL
2012-11-29,60.01,61.73,54.01,60.74,4600,263105.0,EQNL
2012-11-30,60.51,60.51,59.0,59.0,500,30029.0,EQNL
2012-12-03,60.98,60.98,59.0,60.0,400,23898.0,EQNL
2012-12-04,60.99,60.99,60.99,60.99,100,6099.0,EQNL
2012-12-05,60.16,60.16,60.15,60.15,400,24063.0,EQNL
2012-12-06,58.01,61.99,58.01,60.0,5500,329023.0,EQNL
2012-12-07,59.5,59.5,59.5,59.5,200,11900.0,EQNL
2012-12-10,61.01,61.01,59.5,59.5,123,7340.01,SMAL
2012-12-11,59.4,60.0,59.4,60.0,32,1903.8,SMAL
2012-12-12,63.7,64.55,63.7,64.55,800,51046.0,EQNL
2012-12-13,62.0,62.0,61.99,61.99,500,30998.0,EQNL
2012-12-17,65.07,70.0,62.16,64.0,26900,1750474.0,EQNL
2012-12-18,64.0,64.4,64.0,64.4,3100,199582.0,EQNL
2012-12-19,63.0,64.28,62.12,63.98,4300,273538.0,EQNL
2012-12-20,62.9,62.9,62.0,62.9,3000,187075.0,EQNL
2012-12-21,63.0,63.0,60.71,62.99,1800,112506.0,EQNL
2012-12-24,64.4,64.4,63.0,63.0,500,31641.0,EQNL
2012-12-25,63.0,63.0,62.0,62.0,2000,124782.0,EQNL
2012-12-26,62.0,62.0,60.5,61.99,5000,308777.0,EQNL
2012-12-27,60.32,62.0,60.2,62.0,6200,380793.0,EQNL
2012-12-28,60.01,61.97,60.0,61.39,4900,296472.0,EQNL
2013-01-08,62.39,62.4,55.68,61.77,3700,225731.0,EQNL
2013-01-09,60.18,61.32,60.15,61.0,2800,169875.0,EQNL
2013-01-10,60.12,61.6,59.51,60.19,2800,168474.0,EQNL
2013-01-11,60.93,62.33,60.3,60.71,2700,164267.0,EQNL
2013-01-14,61.0,61.43,61.0,61.42,800,48979.0,EQNL
2013-01-15,61.01,61.49,60.99,61.0,24900,1519874.0,EQNL
2013-01-16,59.58,60.88,59.58,60.88,4600,276182.0,EQNL
2013-01-17,60.21,60.88,59.59,60.8,3900,235047.0,EQNL
2013-01-18,60.97,61.0,60.9,61.0,4800,292773.0,EQNL
2013-01-21,62.0,62.4,60.0,61.0,24000,1459858.0,EQNL
2013-01-22,61.3,61.3,61.0,61.0,12700,775524.0,EQNL
2013-01-23,61.2,61.2,61.2,61.2,100,6120.0,EQNL
2013-01-24,61.19,61.19,61.19,61.19,100,6119.0,EQNL
2013-01-25,61.24,61.24,60.0,60.0,2400,144247.0,EQNL
2013-01-28,61.19,61.19,60.67,60.67,2300,140494.0,EQNL
2013-01-29,60.01,60.01,59.59,59.99,2900,173590.0,EQNL
2013-01-30,59.02,59.66,59.02,59.5,3000,178476.0,EQNL
2013-01-31,59.58,59.58,59.0,59.0,2000,118621.0,EQNL
2013-02-01,59.5,60.77,58.99,59.99,2400,143411.0,EQNL
2013-02-04,60.88,60.88,60.88,60.88,200,12176.0,EQNL
2013-02-05,59.0,61.24,59.0,61.0,3800,230777.0,EQNL
2013-02-06,60.01,61.0,60.0,61.0,2000,121402.0,EQNL
2013-02-11,60.99,61.0,60.0,60.0,1100,66998.0,EQNL
2013-02-12,60.99,61.0,60.99,61.0,5100,311096.0,EQNL
2013-02-13,60.22,60.22,60.2,60.2,1400,84297.0,EQNL
2013-02-14,60.99,60.99,60.99,60.99,100,6099.0,EQNL
2013-02-15,60.85,60.97,60.85,60.97,1400,85273.0,EQNL
2013-02-18,55.2,59.01,55.2,59.01,1000,55962.0,EQNL
2013-02-19,59.77,59.77,59.77,59.77,100,5977.0,EQNL
2013-02-20,59.96,59.97,59.96,59.97,1100,65959.0,EQNL
2013-02-21,59.9,59.9,59.9,59.9,200,11980.0,EQNL
2013-02-25,57.08,58.52,57.08,58.0,3700,214349.0,EQNL
2013-02-26,58.99,60.44,55.11,58.54,6700,390314.0,EQNL
2013-02-27,59.88,59.88,56.6,56.83,2000,114503.0,EQNL
2013-02-28,56.02,59.77,55.0,57.22,3900,219436.0,EQNL
2013-03-01,56.44,57.32,56.44,57.32,300,17020.0,EQNL
2013-03-04,56.44,56.44,55.0,55.0,1000,55764.0,EQNL
2013-03-05,54.04,54.04,54.04,54.04,100,5404.0,EQNL
2013-03-06,55.01,57.43,55.0,57.43,2600,144503.0,EQNL
2013-03-07,56.22,61.0,54.88,57.11,21400,1245909.0,EQNL
2013-03-11,63.1,63.1,56.22,57.22,2800,159870.0,EQNL
2013-03-12,61.46,61.46,56.88,57.0,3200,182812.0,EQNL
2013-03-14,56.29,56.3,56.29,56.3,200,11259.0,EQNL
2013-03-15,56.0,56.87,55.19,56.0,3600,201522.0,EQNL
2013-03-18,54.67,54.67,53.0,53.53,500,26887.0,EQNL
2013-03-19,55.11,55.11,52.22,54.01,1000,53740.0,EQNL
2013-03-20,58.87,58.87,54.9,55.83,4200,232822.0,EQNL
2013-03-21,55.97,55.97,54.6,55.85,1200,66534.0,EQNL
2013-03-22,55.48,55.48,52.18,52.37,3600,189043.0,EQNL
2013-03-25,53.17,53.17,50.99,51.0,1000,51483.0,EQNL
2013-03-26,49.84,49.9,46.07,48.0,15800,775339.0,EQNL
2013-03-27,48.0,48.0,47.01,47.01,1200,56511.0,EQNL
2013-03-28,47.47,47.47,47.47,47.47,300,14241.0,EQNL
2013-03-29,47.47,47.68,47.47,47.52,600,28534.0,EQNL
2013-04-01,48.97,48.97,48.95,48.95,200,9792.0,EQNL
2013-04-02,45.53,47.4,45.53,47.4,300,14033.0,EQNL
2013-04-03,48.97,48.97,45.44,45.44,200,9441.0,EQNL
2013-04-04,45.44,47.0,45.44,46.99,600,28040.0,EQNL
2013-04-05,47.97,47.97,42.6,43.98,4800,207285.0,EQNL
2013-04-08,43.99,44.44,43.99,44.07,1000,44065.0,EQNL
2013-04-09,43.99,43.99,42.34,43.76,500,21576.0,EQNL
2013-04-10,43.96,46.46,42.37,46.46,3100,134599.0,EQNL
2013-04-11,43.65,43.65,43.0,43.0,500,21686.0,EQNL
2013-04-15,46.96,46.96,36.25,39.0,11300,448513.0,EQNL
2013-04-16,39.94,40.0,36.05,36.88,4500,168037.0,EQNL
2013-04-17,39.97,39.97,33.33,34.5,6300,220107.0,EQNL
2013-04-18,34.5,36.3,30.04,33.5,28400,890447.0,EQNL
2013-04-19,33.97,34.94,31.85,34.94,700,23260.0,EQNL
2013-04-22,36.83,36.83,36.83,36.83,100,3683.0,EQNL
2013-04-23,36.83,37.83,33.1,36.0,1000,36093.0,EQNL
2013-04-24,35.0,35.0,35.0,35.0,500,17500.0,EQNL
2013-04-25,32.12,33.1,27.7,31.8,28300,876576.0,EQNL
2013-04-26,32.0,33.31,28.81,33.31,3600,112154.0,EQNL
2013-04-29,33.31,34.84,33.31,34.84,400,13477.0,EQNL
2013-04-30,32.0,34.0,31.99,33.0,10900,351497.0,EQNL
2013-05-02,31.11,32.95,30.35,32.88,6000,185270.0,EQNL
2013-05-06,31.01,33.0,31.01,33.0,2900,95270.0,EQNL
2013-05-07,33.0,33.0,31.56,31.68,3500,112091.0,EQNL
2013-05-08,32.87,33.0,30.01,31.78,11000,351953.0,EQNL
2013-05-10,32.82,32.82,32.82,32.82,100,3282.0,EQNL
2013-05-13,30.62,32.46,28.55,30.62,13800,418188.0,EQNL
2013-05-14,30.97,31.55,30.97,30.97,1800,55865.0,EQNL
2013-05-15,30.02,30.82,29.01,29.61,2900,86563.0,EQNL
2013-05-16,29.12,29.12,27.51,28.07,5700,161362.0,EQNL
2013-05-17,31.51,31.51,27.73,28.97,23600,683766.0,EQNL
2013-05-20,25.92,29.98,25.92,28.97,4100,117468.0,EQNL
2013-05-21,29.85,29.85,29.79,29.79,200,5964.0,EQNL
2013-05-22,30.47,30.47,30.3,30.3,200,6077.0,EQNL
2013-05-23,27.66,29.62,27.42,29.54,3700,104320.0,EQNL
2013-05-24,30.98,30.98,28.54,29.49,500,14674.0,EQNL
2013-05-27,28.81,30.74,28.81,30.74,200,5955.0,EQNL
2013-05-28,29.99,29.99,28.21,29.97,1200,35438.0,EQNL
2013-05-29,31.32,31.32,29.5,30.86,400,12118.0,EQNL
2013-05-30,28.29,30.73,28.29,30.73,200,5902.0,EQNL
2013-05-31,32.49,32.49,31.0,31.74,4700,146435.0,EQNL
2013-06-03,31.36,31.36,31.36,31.36,100,3136.0,EQNL
2013-06-04,30.1,31.46,29.07,30.99,2100,64089.0,EQNL
2013-06-05,31.48,31.48,29.25,29.25,900,27021.0,EQNL
2013-06-06,30.0,30.0,29.9,29.99,300,8989.0,EQNL
2013-06-07,29.99,29.99,29.99,29.99,100,2999.0,EQNL
2013-06-11,30.0,34.74,30.0,30.34,1800,59830.0,EQNL
2013-06-13,31.99,33.7,30.0,30.0,4000,124161.0,EQNL
2013-06-14,30.38,32.99,30.38,32.0,3100,98788.0,EQNL
2013-06-17,32.0,32.0,30.88,30.88,1700,53616.0,EQNL
2013-06-18,30.08,30.09,30.08,30.09,400,12034.0,EQNL
2013-06-19,28.0,28.0,28.0,28.0,4,112.0,SMAL
2013-06-20,31.99,31.99,31.99,31.99,500,15995.0,EQNL
2013-06-21,31.78,31.99,31.78,31.99,500,15971.0,EQNL
2013-06-24,30.98,30.99,29.99,29.99,4600,140953.0,EQNL
2013-06-25,29.99,29.99,29.99,29.99,300,8997.0,EQNL
2013-06-26,29.99,29.99,29.99,29.99,1400,41986.0,EQNL
2013-06-27,29.99,29.99,29.99,29.99,3100,92969.0,EQNL
2013-06-28,28.03,29.98,28.0,28.03,3300,92635.0,EQNL
2013-07-01,28.11,28.11,28.11,28.11,100,2811.0,EQNL
2013-07-02,29.7,29.7,29.5,29.55,1600,47465.0,EQNL
2013-07-03,29.5,29.5,28.55,29.44,2500,71729.0,EQNL
2013-07-04,29.2,29.29,29.2,29.29,400,11698.0,EQNL
2013-07-05,29.44,30.99,29.18,30.2,5000,153285.0,EQNL
2013-07-08,30.95,35.47,30.65,31.96,32900,1048045.0,EQNL
2013-07-09,31.99,31.99,30.12,30.49,9400,285667.0,EQNL
2013-07-10,30.5,30.5,29.76,30.3,600,18086.0,EQNL
2013-07-11,30.29,30.58,29.97,29.99,4700,142923.0,EQNL
2013-07-12,30.49,31.96,30.01,30.6,17200,525955.0,EQNL
2013-07-15,30.55,31.39,29.92,30.6,6200,187528.0,EQNL
2013-07-17,29.5,31.48,29.5,30.5,3300,100231.0,EQNL
2013-07-18,30.18,30.6,30.0,30.6,1400,42162.0,EQNL
2013-07-19,30.99,30.99,30.96,30.96,900,27887.0,EQNL
2013-07-22,30.96,31.0,30.57,30.57,1300,40033.0,EQNL
2013-07-23,30.5,30.76,30.5,30.76,900,27658.0,EQNL
2013-07-24,30.89,30.89,30.34,30.87,4900,150238.0,EQNL
2013-07-25,30.01,31.99,30.0,31.99,3500,107221.0,EQNL
2013-07-26,30.73,30.73,30.72,30.72,200,6145.0,EQNL
2013-07-29,31.71,31.71,30.74,30.74,2700,84155.0,EQNL
2013-07-30,31.0,31.0,30.32,30.5,5000,152311.0,EQNL
2013-07-31,31.72,31.72,30.73,30.73,300,9318.0,EQNL
2013-08-02,30.01,30.11,30.01,30.11,200,6012.0,EQNL
2013-08-05,29.76,30.49,29.31,30.0,2400,72936.0,EQNL
2013-08-06,30.51,30.51,30.51,30.51,200,6102.0,EQNL
2013-08-07,33.84,33.84,29.53,32.42,500,15817.0,EQNL
2013-08-08,32.0,42.0,31.7,38.95,58100,2206185.0,EQNL
2013-08-09,38.9,39.97,35.4,35.5,11800,431998.0,EQNL
2013-08-12,36.0,38.46,29.0,32.23,95000,3029915.0,EQNL
2013-08-13,31.57,31.7,30.51,31.6,3400,106710.0,EQNL
2013-08-14,30.0,31.5,30.0,31.5,3400,104315.0,EQNL
2013-08-15,31.0,31.69,30.55,31.2,1000,30957.0,EQNL
2013-08-16,31.0,31.81,31.0,31.76,1800,57036.0,EQNL
2013-08-19,30.56,31.79,30.0,31.44,4100,126555.0,EQNL
2013-08-20,31.27,31.27,31.27,31.27,200,6254.0,EQNL
2013-08-21,31.34,31.34,30.7,31.18,3200,98914.0,EQNL
2013-08-22,31.0,31.12,31.0,31.12,800,24823.0,EQNL
2013-08-23,31.29,31.29,30.5,31.1,1900,59075.0,EQNL
2013-08-26,31.2,31.2,31.2,31.2,100,3120.0,EQNL
2013-08-27,31.19,31.19,31.19,31.19,100,3119.0,EQNL
2013-08-28,30.8,30.9,30.0,30.76,4100,124667.0,EQNL
2013-08-29,30.5,30.99,30.4,30.99,3000,91834.0,EQNL
2013-08-30,29.66,30.74,29.66,30.74,1700,50724.0,EQNL
2013-09-02,28.01,30.28,28.01,30.28,700,20165.0,TQNL
2013-09-03,29.5,30.95,29.5,30.92,400,12167.0,TQNL
2013-09-04,29.99,30.94,29.99,30.94,2100,64490.0,TQNL
2013-09-05,30.98,30.98,30.03,30.97,300,9198.0,TQNL
2013-09-06,28.61,30.98,28.61,30.97,1300,38921.0,TQNL
2013-09-09,30.95,31.03,30.06,31.03,800,24267.0,TQNL
2013-09-10,30.05,30.99,30.05,30.99,600,18218.0,TQNL
2013-09-11,30.01,30.01,29.3,29.3,1400,41398.0,TQNL
2013-09-12,30.01,30.01,29.39,29.5,15900,471177.0,TQNL
2013-09-13,29.77,29.93,29.33,29.54,1900,56323.0,TQNL
2013-09-16,29.35,29.97,29.0,29.0,17300,506649.0,TQNL
2013-09-17,29.14,29.15,28.75,28.75,4200,121777.0,TQNL
2013-09-18,28.5,28.9,28.0,28.9,4300,122126.0,TQNL
2013-09-19,28.63,28.63,28.31,28.31,11600,331950.0,TQNL
2013-09-20,28.61,28.61,28.11,28.57,4700,133301.0,TQNL
2013-09-23,28.62,31.0,28.05,28.61,7400,215987.0,TQNL
2013-09-24,28.73,28.74,28.03,28.25,5400,152797.0,TQNL
2013-09-25,28.02,28.82,28.02,28.81,2200,62774.0,TQNL
2013-09-26,28.97,28.97,28.97,28.97,100,2897.0,TQNL
2013-09-27,26.5,27.95,26.5,27.95,11,292.95,SMAL
2013-09-30,28.31,30.79,28.3,30.79,2100,61040.0,TQNL
2013-10-01,27.62,28.99,27.62,28.99,1000,28220.0,TQNL
2013-10-02,28.95,28.95,28.95,28.95,1,28.95,SMAL
2013-10-03,28.99,29.07,28.01,28.99,1400,40529.0,TQNL
2013-10-04,28.01,28.61,28.0,28.61,1100,30865.0,TQNL
2013-10-07,29.1,29.99,28.14,28.14,2900,83869.0,TQNL
2013-10-08,28.4,29.16,28.4,29.15,13800,400869.0,TQNL
2013-10-09,28.82,28.82,28.51,28.51,200,5733.0,TQNL
2013-10-10,29.2,29.21,29.0,29.0,5500,159940.0,TQNL
2013-10-14,28.52,28.9,28.51,28.9,600,17149.0,TQNL
2013-10-15,28.52,29.87,28.52,29.87,200,5839.0,TQNL
2013-10-16,28.71,28.75,28.71,28.75,200,5746.0,TQNL
2013-10-17,29.89,29.89,28.38,28.38,1600,46787.0,TQNL
2013-10-18,29.97,29.97,29.5,29.5,700,20885.0,TQNL
2013-10-21,29.92,29.92,28.93,28.93,300,8778.0,TQNL
2013-10-22,29.97,30.3,28.7,28.7,7000,204705.0,TQNL
2013-10-23,29.51,29.51,28.63,28.64,9600,276869.0,TQNL
2013-10-24,28.22,28.31,27.8,27.99,5600,157241.0,TQNL
2013-10-25,28.64,28.71,27.99,27.99,15800,451264.0,TQNL
2013-10-28,28.01,28.01,28.01,28.01,100,2801.0,TQNL
2013-10-29,28.01,28.01,27.71,28.0,1600,44764.0,TQNL
2013-10-30,28.39,28.39,27.62,27.62,1100,30838.0,TQNL
2013-10-31,27.95,28.0,27.95,28.0,400,11190.0,TQNL
2013-11-01,28.0,28.53,27.95,28.53,800,22449.0,TQNL
2013-11-05,28.08,28.39,28.08,28.39,1000,28293.0,TQNL
2013-11-06,28.48,28.5,28.12,28.46,2000,56505.0,TQNL
2013-11-07,27.72,27.72,27.5,27.55,4200,115938.0,TQNL
2013-11-11,28.69,28.69,27.5,28.58,5400,150821.0,TQNL
2013-11-12,27.55,27.98,27.55,27.98,800,22083.0,TQNL
2013-11-13,27.56,27.6,26.0,26.0,6600,177754.0,TQNL
2013-11-14,26.0,27.97,26.0,27.97,400,10597.0,TQNL
2013-11-15,27.99,27.99,26.99,27.0,3800,102893.0,TQNL
2013-11-18,26.13,27.92,26.13,27.92,3200,86881.0,TQNL
2013-11-19,26.71,28.0,26.64,28.0,5600,154623.0,TQNL
2013-11-20,27.01,28.7,27.0,28.7,6600,182949.0,TQNL
2013-11-21,27.11,28.6,26.99,27.0,6000,163653.0,TQNL
2013-11-25,26.9,26.99,26.9,26.99,700,18848.0,TQNL
2013-11-26,26.97,27.0,26.97,26.99,11500,310427.0,TQNL
2013-11-27,26.95,26.95,26.95,26.95,2000,53900.0,TQNL
2013-11-28,26.75,26.98,26.75,26.98,1100,29448.0,TQNL
2013-11-29,27.0,27.0,27.0,27.0,100,2700.0,TQNL
2013-12-03,26.99,27.0,26.99,27.0,3000,80986.0,TQNL
2013-12-04,22.0,22.0,22.0,22.0,38,836.0,SMAL
2013-12-05,26.55,26.99,26.5,26.99,2500,66355.0,TQNL
2013-12-06,26.51,26.98,26.06,26.98,4700,123214.0,TQNL
2013-12-09,26.21,26.9,26.21,26.9,12300,327131.0,TQNL
2013-12-10,26.9,26.9,26.28,26.6,3100,82713.0,TQNL
2013-12-11,26.52,28.49,26.51,26.9,4200,113922.0,TQNL
2013-12-13,26.01,26.89,26.01,26.87,1300,34718.0,TQNL
2013-12-16,26.09,26.17,24.66,26.17,51900,1295852.0,TQNL
2013-12-17,25.98,25.99,24.32,24.55,41000,1011351.0,TQNL
2013-12-18,24.77,24.89,24.6,24.63,9300,229047.0,TQNL
2013-12-19,24.97,25.0,24.92,25.0,500,12487.0,TQNL
2013-12-20,25.4,25.4,24.9,24.9,900,22560.0,TQNL
2013-12-23,24.7,25.18,24.5,24.98,10200,253649.0,TQNL
2013-12-24,24.79,25.47,24.5,25.47,3600,89252.0,TQNL
2013-12-25,24.21,24.76,24.1,24.76,1200,29275.0,TQNL
2013-12-26,24.73,32.65,24.56,30.99,64000,1872450.0,TQNL
2013-12-27,32.0,35.0,28.75,32.17,247000,8257761.0,TQNL
2013-12-30,32.51,35.75,30.51,34.5,96700,3258433.0,TQNL
2014-01-06,34.48,34.48,30.15,31.2,4000,130136.0,TQNL
2014-01-08,32.07,35.98,32.07,33.0,8300,281988.0,TQNL
2014-01-09,33.89,38.2,32.0,32.78,25300,870412.0,TQNL
2014-01-10,33.22,34.85,32.98,33.0,21200,711579.0,TQNL
2014-01-13,32.2,32.2,31.39,31.97,13300,424593.0,TQNL
2014-01-14,31.51,36.0,31.5,33.0,242200,8079640.0,TQNL
2014-01-15,33.01,33.01,32.01,32.22,2600,84083.0,TQNL
2014-01-16,32.33,32.33,31.31,31.32,6100,196692.0,TQNL
2014-01-17,31.5,31.51,31.0,31.0,6400,198515.0,TQNL
2014-01-20,30.99,31.0,30.5,30.5,2700,83444.0,TQNL
2014-01-21,30.5,31.0,30.5,30.99,7300,225531.0,TQNL
2014-01-22,30.68,35.11,30.2,35.11,141000,4494177.0,TQNL
2014-01-23,35.0,35.0,33.3,34.8,2700,93166.0,TQNL
2014-01-24,34.51,34.52,32.84,34.51,4900,167083.0,TQNL
2014-01-27,34.0,36.5,33.46,36.5,156200,5408238.0,TQNL
2014-01-28,37.49,40.0,36.0,36.0,51400,1904373.0,TQNL
2014-01-29,35.2,35.2,35.0,35.0,7100,248714.0,TQNL
2014-01-30,32.82,33.99,32.8,33.99,7900,261503.0,TQNL
2014-01-31,34.01,35.0,33.97,35.0,500,17096.0,TQNL
2014-02-03,35.0,35.39,33.58,33.8,1400,47712.0,TQNL
2014-02-04,33.97,33.98,33.01,33.01,400,13397.0,TQNL
2014-02-05,32.03,32.5,32.01,32.03,2400,76948.0,TQNL
2014-02-06,32.03,32.03,32.03,32.03,2000,64060.0,TQNL
2014-02-07,32.0,32.2,32.0,32.2,400,12820.0,TQNL
2014-02-10,33.75,33.75,33.75,33.75,100,3375.0,TQNL
2014-02-12,33.49,33.5,32.99,32.99,1200,39689.0,TQNL
2014-02-13,32.99,32.99,30.3,32.49,4400,142443.0,TQNL
2014-02-14,31.35,32.99,31.2,32.99,1000,31771.0,TQNL
2014-02-17,31.55,32.0,31.55,32.0,700,22253.0,TQNL
2014-02-18,31.0,33.0,31.0,32.2,3000,98028.0,TQNL
2014-02-19,33.0,33.0,31.5,32.0,4400,144630.0,TQNL
2014-02-20,31.16,31.16,31.06,31.06,700,21783.0,TQNL
2014-02-25,31.06,31.07,31.06,31.06,300,9319.0,TQNL
2014-02-28,31.0,31.0,30.0,30.0,1200,36140.0,TQNL
2014-03-03,29.5,29.5,25.05,26.0,12700,340896.0,TQNL
2014-03-04,27.44,27.9,26.52,26.52,5600,155753.0,TQNL
2014-03-05,26.0,26.0,26.0,26.0,100,2600.0,TQNL
2014-03-06,27.88,27.9,27.5,27.9,2400,66906.0,TQNL
2014-03-11,30.5,30.5,26.87,27.01,2500,74222.0,TQNL
2014-03-12,27.0,29.79,25.04,27.04,5300,143164.0,TQNL
2014-03-13,26.01,27.44,26.0,26.0,3000,78146.0,TQNL
2014-03-14,25.0,25.0,25.0,25.0,700,17500.0,TQNL
2014-03-17,26.5,28.98,26.5,28.98,400,11343.0,TQNL
2014-03-18,30.44,32.0,28.47,32.0,12000,378327.0,TQNL
2014-03-19,28.71,29.05,28.63,28.64,6400,183663.0,TQNL
2014-03-20,28.64,28.64,28.64,28.64,100,2864.0,TQNL
2014-03-21,26.51,26.51,26.51,26.51,1000,26510.0,TQNL
2014-03-24,27.58,27.58,27.58,27.58,900,24822.0,TQNL
2014-03-25,30.99,31.0,30.0,30.0,1100,33893.0,TQNL
2014-03-27,30.98,30.98,29.03,29.03,200,6001.0,TQNL
2014-03-28,29.73,29.73,29.73,29.73,200,5946.0,TQNL
2014-03-31,30.01,30.01,30.01,30.01,8100,243081.0,TQNL
2014-04-01,32.44,32.5,30.55,30.55,500,16044.0,TQNL
2014-04-03,30.58,32.32,30.05,32.32,1400,44148.0,TQNL
2014-04-04,32.5,32.5,32.5,32.5,300,9750.0,TQNL
2014-04-09,20.02,20.02,20.02,20.02,29,580.58,SMAL
2014-04-10,30.06,32.33,30.0,32.33,700,21703.0,TQNL
2014-04-11,32.5,32.89,32.0,32.89,400,12989.0,TQNL
2014-04-14,29.06,32.88,29.06,32.88,200,6194.0,TQNL
2014-04-17,32.86,36.0,32.86,36.0,11700,413845.0,TQNL
2014-04-21,33.01,34.0,32.0,32.0,9500,310625.0,TQNL
2014-04-22,34.97,35.0,34.97,35.0,19700,689465.0,TQNL
2014-04-23,33.0,38.0,33.0,37.0,22300,806223.0,TQNL
2014-04-24,36.51,37.98,35.98,37.98,19900,733089.0,TQNL
2014-04-25,37.97,44.49,37.0,40.5,43000,1687041.0,TQNL
2014-04-28,43.4,43.4,37.57,37.57,700,28479.0,TQNL
2014-04-29,42.48,42.48,37.46,41.99,1000,40673.0,TQNL
2014-04-30,42.0,42.79,42.0,42.79,300,12699.0,TQNL
2014-05-05,36.02,41.5,36.02,41.5,800,31299.0,TQNL
2014-05-06,36.26,41.42,36.25,41.42,11800,464712.0,TQNL
2014-05-08,39.0,42.63,39.0,41.0,22300,931841.0,TQNL
2014-05-12,41.75,42.77,38.07,42.68,13200,540442.0,TQNL
2014-05-13,42.66,42.99,42.0,42.99,4700,200734.0,TQNL
2014-05-14,42.96,42.97,42.96,42.97,1000,42969.0,TQNL
2014-05-15,30.0,38.5,30.0,38.5,11,338.5,SMAL
2014-05-16,38.5,38.5,38.5,38.5,9,346.5,SMAL
2014-05-19,42.75,42.75,39.61,42.1,500,20994.0,TQNL
2014-05-20,45.0,45.0,45.0,45.0,1,45.0,SMAL
2014-05-22,40.48,41.78,40.0,41.78,6000,240540.0,TQNL
2014-05-23,41.45,41.74,41.0,41.0,4800,198671.0,TQNL
2014-05-26,41.0,41.0,40.93,40.93,2200,90186.0,TQNL
2014-05-27,40.88,40.9,40.88,40.9,22600,924328.0,TQNL
2014-05-28,40.12,46.0,40.12,46.0,13300,575853.0,TQNL
2014-05-29,43.02,43.02,42.76,42.76,500,21457.0,TQNL
2014-06-02,42.71,43.0,42.71,43.0,1500,64338.0,TQNL
2014-06-03,40.76,40.76,40.76,40.76,100,4076.0,TQNL
2014-06-04,43.8,47.0,40.07,42.02,38600,1628802.0,TQNL
2014-06-05,44.98,52.99,43.0,50.05,23400,1150046.0,TQNL
2014-06-06,52.5,53.9,51.0,51.0,42600,2174626.0,TQNL
2014-06-09,45.25,51.9,45.21,51.0,2700,131729.0,TQBR
2014-06-10,54.97,58.0,52.13,55.99,17600,996697.0,TQBR
2014-06-11,55.99,55.99,55.99,55.99,100,5599.0,TQBR
2014-06-16,55.0,55.01,55.0,55.01,500,27504.0,TQBR
2014-06-17,53.0,55.0,53.0,55.0,800,43195.0,TQBR
2014-06-18,57.0,59.5,57.0,57.08,6700,394650.0,TQBR
2014-06-19,59.01,59.1,58.01,58.01,700,41015.0,TQBR
2014-06-20,61.0,63.5,61.0,61.01,5900,369125.0,TQBR
2014-06-23,61.0,63.18,59.03,59.03,17900,1086966.0,TQBR
2014-06-24,60.0,60.0,60.0,60.0,100,6000.0,TQBR
2014-06-25,55.62,60.01,55.62,60.01,1200,71134.0,TQBR
2014-06-26,55.07,62.89,55.07,61.97,5300,323121.0,TQBR
2014-06-27,60.53,60.53,60.53,60.53,100,6053.0,TQBR
2014-06-30,61.02,61.02,61.02,61.02,300,18306.0,TQBR
2014-07-01,61.51,61.51,61.5,61.5,600,36901.0,TQBR
2014-07-02,61.57,61.6,60.0,60.05,10000,603406.0,TQBR
2014-07-03,59.46,61.68,59.46,61.48,600,36529.0,TQBR
2014-07-04,60.04,61.47,60.0,60.01,56400,3384664.0,TQBR
2014-07-08,62.5,62.79,60.0,60.0,1700,104879.0,TQBR
2014-07-09,60.02,60.1,60.0,60.0,1400,84032.0,TQBR
2014-07-10,60.0,60.0,60.0,60.0,13300,798000.0,TQBR
2014-07-11,60.0,60.01,60.0,60.01,4100,246002.0,TQBR
2014-07-14,60.0,60.0,60.0,60.0,1100,66000.0,TQBR
2014-07-16,61.99,61.99,60.0,60.0,900,54210.0,TQBR
2014-07-18,60.0,60.95,60.0,60.0,700,42095.0,TQBR
2014-07-21,60.0,60.0,60.0,60.0,600,36000.0,TQBR
2014-07-23,60.0,60.0,53.54,59.98,5200,311352.0,TQBR
2014-07-25,57.57,57.57,57.57,57.57,200,11514.0,TQBR
2014-07-28,56.97,56.97,56.97,56.97,200,11394.0,TQBR
2014-07-30,56.97,56.97,56.0,56.0,200,11297.0,TQBR
2014-07-31,52.24,54.93,50.0,54.93,10200,523443.0,TQBR
2014-08-05,48.01,48.01,48.01,48.01,100,4801.0,TQBR
2014-08-07,49.98,59.0,49.98,58.99,6200,335022.0,TQBR
2014-08-08,60.0,82.51,58.5,70.0,147100,10435364.0,TQBR
2014-08-11,73.96,75.02,67.0,67.07,47700,3336468.0,TQBR
2014-08-12,67.48,67.48,52.13,57.0,54500,3189157.0,TQBR
2014-08-13,53.15,59.46,53.15,57.41,23800,1364284.0,TQBR
2014-08-14,58.88,59.9,55.11,59.0,6400,373598.0,TQBR
2014-08-15,59.85,60.0,57.22,58.0,3500,204439.0,TQBR
2014-08-18,57.11,58.58,52.22,54.0,9700,526730.0,TQBR
2014-08-19,53.21,53.21,51.0,53.01,12200,639060.0,TQBR
2014-08-20,53.22,53.5,51.59,53.5,5500,288080.0,TQBR
2014-08-21,52.02,53.4,51.0,53.4,5100,265546.0,TQBR
2014-08-22,52.01,52.9,51.11,52.05,4600,238847.0,TQBR
2014-08-25,52.0,52.0,51.15,51.86,2100,107776.0,TQBR
2014-08-26,51.04,51.79,49.74,51.79,6000,302711.0,TQBR
2014-08-27,51.5,51.5,47.0,47.0,32000,1557072.0,TQBR
2014-08-28,47.04,47.5,45.62,46.15,6600,306587.0,TQBR
2014-08-29,46.2,46.66,46.1,46.4,2000,92632.0,TQBR
2014-09-01,45.7,46.72,45.5,45.5,3500,160999.0,TQBR
2014-09-02,46.67,46.68,45.0,45.98,3200,144940.0,TQBR
2014-09-03,45.5,45.94,45.0,45.94,3300,149446.0,TQBR
2014-09-04,45.01,45.01,44.6,44.66,2900,129845.0,TQBR
2014-09-05,44.69,45.0,44.2,45.0,4000,178538.0,TQBR
2014-09-08,45.0,45.0,45.0,45.0,200,9000.0,TQBR
2014-09-09,45.0,46.5,45.0,45.51,800,36491.0,TQBR
2014-09-11,46.78,46.78,46.0,46.0,2000,92085.0,TQBR
2014-09-12,45.0,45.0,45.0,45.0,300,13500.0,TQBR
2014-09-15,44.25,45.0,41.01,41.99,30600,1303648.0,TQBR
2014-09-16,41.0,41.51,40.6,41.3,8000,328590.0,TQBR
2014-09-17,41.12,41.12,39.0,40.0,13000,516284.0,TQBR
2014-09-18,40.0,40.0,39.51,39.54,400,15904.0,TQBR
2014-09-19,40.08,40.99,39.5,40.14,5400,216033.0,TQBR
2014-09-22,42.95,42.95,37.81,39.0,1300,51789.0,TQBR
2014-09-23,39.77,40.01,39.77,40.0,1800,71869.0,TQBR
2014-09-24,39.6,40.01,39.0,40.0,3700,146089.0,TQBR
2014-09-26,38.01,38.01,38.0,38.0,500,19001.0,TQBR
2014-09-29,38.11,38.53,38.0,38.53,1400,53380.0,TQBR
2014-09-30,39.48,39.62,39.44,39.44,300,11854.0,TQBR
2014-10-01,37.2,38.6,35.1,37.4,4500,170550.0,TQBR
2014-10-02,37.7,39.5,36.2,37.4,1700,64260.0,TQBR
2014-10-07,36.0,36.0,35.0,35.0,16,570.0,SMAL
2014-10-09,36.8,36.8,35.2,35.6,2500,89570.0,TQBR
2014-10-10,35.6,36.2,35.5,35.5,700,25000.0,TQBR
2014-10-13,37.4,37.7,35.6,36.2,900,33190.0,TQBR
2014-10-14,35.6,35.7,35.5,35.6,1100,39100.0,TQBR
2014-10-15,36.0,36.0,35.1,35.7,600,21330.0,TQBR
2014-10-16,35.1,35.1,31.5,32.9,36800,1204260.0,TQBR
2014-10-17,34.3,38.7,34.3,38.7,19800,729880.0,TQBR
2014-10-20,38.8,44.8,37.5,42.2,36600,1464400.0,TQBR
2014-10-21,43.9,45.0,41.0,42.3,24000,1031410.0,TQBR
2014-10-22,44.6,44.6,42.5,42.9,4800,207510.0,TQBR
2014-10-23,43.2,45.0,39.5,41.5,27400,1139350.0,TQBR
2014-10-24,40.9,42.0,40.1,40.9,6300,261250.0,TQBR
2014-10-27,39.3,42.0,39.3,42.0,3700,152790.0,TQBR
2014-10-28,41.1,41.3,39.9,40.6,3200,131270.0,TQBR
2014-10-29,41.7,44.0,40.7,44.0,5900,251120.0,TQBR
2014-10-30,43.1,44.8,41.1,41.4,5500,234860.0,TQBR
2014-10-31,44.2,44.6,41.2,44.5,11600,508570.0,TQBR
2014-11-03,41.3,45.0,41.2,45.0,2200,98020.0,TQBR
2014-11-06,45.2,45.2,43.0,43.1,400,17630.0,TQBR
2014-11-07,44.0,53.0,44.0,51.0,19800,973170.0,TQBR
2014-11-10,52.1,63.8,51.8,58.0,88300,5063600.0,TQBR
2014-11-11,58.6,63.3,45.1,53.6,34000,1830960.0,TQBR
2014-11-12,52.2,52.9,51.0,51.0,2800,144160.0,TQBR
2014-11-13,53.8,55.5,52.6,53.7,1500,80610.0,TQBR
2014-11-14,52.8,52.8,52.8,52.8,200,10560.0,TQBR
2014-11-17,56.3,56.3,50.1,50.1,1600,82820.0,TQBR
2014-11-18,53.9,62.0,53.0,55.8,7100,395520.0,TQBR
2014-11-19,58.8,75.9,58.8,68.4,106700,7662160.0,TQBR
2014-11-20,71.5,75.0,61.9,67.0,11300,782140.0,TQBR
2014-11-21,66.2,66.2,62.1,63.1,1200,77840.0,TQBR
2014-11-24,67.7,72.7,65.0,68.0,5300,358420.0,TQBR
2014-11-25,66.0,68.0,66.0,68.0,25600,1740380.0,TQBR
2014-11-26,65.1,67.7,62.2,64.5,2400,155800.0,TQBR
2014-11-27,64.0,65.8,64.0,65.8,400,25780.0,TQBR
2014-11-28,62.8,71.8,59.5,64.0,13900,909380.0,TQBR
2014-12-01,61.6,64.4,60.5,61.5,2200,138310.0,TQBR
2014-12-02,60.0,62.9,57.0,61.0,4800,286840.0,TQBR
2014-12-03,58.5,61.8,58.5,61.7,2700,161480.0,TQBR
2014-12-04,58.1,62.0,52.2,58.2,11500,623710.0,TQBR
2014-12-05,63.8,69.4,60.0,60.0,10100,679780.0,TQBR
2014-12-08,59.6,59.6,36.3,55.0,6000,304590.0,TQBR
2014-12-09,52.1,53.6,50.0,53.6,3600,189020.0,TQBR
2014-12-10,68.4,68.4,68.4,68.4,700,47880.0,TQBR
2014-12-11,59.1,59.7,55.8,56.3,1900,109790.0,TQBR
2014-12-12,59.9,67.0,55.2,55.2,4800,288930.0,TQBR
2014-12-15,64.0,64.1,56.0,60.1,1900,119490.0,TQBR
2014-12-16,57.8,60.6,50.9,56.3,3000,160570.0,TQBR
2014-12-17,56.3,56.3,50.0,50.0,700,36750.0,TQBR
2014-12-18,50.5,61.9,50.5,56.5,1800,99590.0,TQBR
2014-12-19,61.9,61.9,61.8,61.9,500,30930.0,TQBR
2014-12-22,60.1,61.9,60.0,60.0,900,54300.0,TQBR
2014-12-23,57.0,59.5,56.9,59.5,300,17340.0,TQBR
2014-12-26,55.8,57.0,55.8,57.0,1800,102390.0,TQBR
2014-12-29,57.2,57.2,57.2,57.2,200,11440.0,TQBR
2014-12-30,58.4,59.2,55.0,55.0,1900,108050.0,TQBR
2015-01-05,52.6,54.0,52.5,54.0,300,15910.0,TQBR
2015-01-06,52.0,54.1,50.1,54.0,2200,112160.0,TQBR
2015-01-08,57.1,57.2,57.1,57.2,200,11430.0,TQBR
2015-01-09,53.0,53.0,53.0,53.0,22,1166.0,SMAL
2015-01-13,60.9,63.2,60.0,60.0,2900,177910.0,TQBR
2015-01-14,54.2,59.9,54.2,59.9,800,45840.0,TQBR
2015-01-16,57.0,57.1,57.0,57.1,200,11410.0,TQBR
2015-01-19,55.1,57.0,55.1,57.0,200,11210.0,TQBR
2015-01-20,56.8,56.8,56.8,56.8,100,5680.0,TQBR
2015-01-21,59.9,61.0,59.9,61.0,400,24090.0,TQBR
2015-01-22,62.5,69.0,62.5,68.7,16000,1082020.0,TQBR
2015-01-23,67.9,68.0,67.0,68.0,2600,176290.0,TQBR
2015-01-26,56.6,68.6,56.1,64.4,1400,91440.0,TQBR
2015-01-27,64.4,64.4,56.4,60.0,1200,68980.0,TQBR
2015-01-28,62.0,63.0,62.0,63.0,300,18800.0,TQBR
2015-01-29,58.0,60.0,58.0,59.7,500,29720.0,TQBR
2015-01-30,58.1,58.1,58.0,58.0,200,11610.0,TQBR
2015-02-02,53.4,61.9,50.0,61.9,4200,239030.0,TQBR
2015-02-03,59.0,60.1,59.0,60.0,900,53740.0,TQBR
2015-02-04,60.0,60.0,60.0,60.0,100,6000.0,TQBR
2015-02-05,61.6,61.6,61.6,61.6,100,6160.0,TQBR
2015-02-06,65.0,72.0,60.0,63.6,3400,231760.0,TQBR
2015-02-09,71.5,71.5,63.0,63.0,3200,209950.0,TQBR
2015-02-11,61.0,61.0,61.0,61.0,100,6100.0,TQBR
2015-02-12,61.1,66.9,58.7,60.0,2800,172550.0,TQBR
2015-02-13,60.0,66.0,60.0,66.0,1100,69940.0,TQBR
2015-02-16,66.0,66.0,62.1,66.0,500,32310.0,TQBR
2015-02-17,65.5,71.0,63.0,63.0,10700,682270.0,TQBR
2015-02-18,67.5,76.0,65.0,70.0,9800,691370.0,TQBR
2015-02-19,75.6,75.6,69.0,69.0,3000,208410.0,TQBR
2015-02-20,69.0,69.0,62.0,66.0,5800,390120.0,TQBR
2015-02-24,66.5,74.5,65.6,66.0,2600,176650.0,TQBR
2015-02-25,65.0,66.1,64.9,64.9,2500,164430.0,TQBR
2015-02-26,69.5,73.7,66.5,71.0,10200,696330.0,TQBR
2015-02-27,70.0,70.0,67.0,67.0,1000,68530.0,TQBR
2015-03-02,66.7,77.0,66.7,70.0,9100,663290.0,TQBR
2015-03-03,69.9,69.9,65.2,66.5,4900,333960.0,TQBR
2015-03-04,66.7,73.9,66.5,67.6,2400,163960.0,TQBR
2015-03-05,71.8,71.8,67.6,67.6,2600,178910.0,TQBR
2015-03-06,67.6,68.1,67.6,67.6,1900,128980.0,TQBR
2015-03-10,67.6,67.6,67.6,67.6,3900,263640.0,TQBR
2015-03-11,67.6,71.6,67.6,70.3,1400,96100.0,TQBR
2015-03-12,69.9,69.9,67.6,67.6,900,61310.0,TQBR
2015-03-13,66.0,66.0,66.0,66.0,700,46200.0,TQBR
2015-03-16,66.1,66.1,65.0,65.0,500,32720.0,TQBR
2015-03-17,64.3,64.3,62.5,63.5,900,56670.0,TQBR
2015-03-18,61.2,65.7,60.1,65.7,1700,103870.0,TQBR
2015-03-19,66.9,68.3,65.9,68.3,300,20110.0,TQBR
2015-03-20,64.8,76.0,61.5,76.0,13200,908360.0,TQBR
2015-03-23,72.9,74.0,69.9,70.0,8100,578670.0,TQBR
2015-03-24,65.1,74.8,61.0,74.8,2900,187240.0,TQBR
2015-03-25,73.9,73.9,66.9,67.5,1900,138890.0,TQBR
2015-03-26,64.0,73.0,64.0,72.7,600,41980.0,TQBR
2015-03-30,68.0,70.4,67.5,70.4,4100,279700.0,TQBR
2015-03-31,68.4,68.4,68.0,68.0,3000,204200.0,TQBR
2015-04-01,66.3,66.3,66.3,66.3,100,6630.0,TQBR
2015-04-02,66.5,66.5,63.1,64.1,2000,129690.0,TQBR
2015-04-03,65.0,65.0,65.0,65.0,500,32500.0,TQBR
2015-04-06,63.0,67.7,63.0,67.7,600,39120.0,TQBR
2015-04-07,66.1,67.8,66.1,66.1,400,26610.0,TQBR
2015-04-08,63.4,65.9,63.0,65.3,1500,95410.0,TQBR
2015-04-09,63.0,65.9,53.2,64.0,6200,362170.0,TQBR
2015-04-10,60.0,62.9,58.1,61.4,1800,108200.0,TQBR
2015-04-13,62.7,62.7,62.7,62.7,100,6270.0,TQBR
2015-04-14,64.3,64.4,64.3,64.4,700,45050.0,TQBR
2015-04-15,67.0,67.0,67.0,67.0,100,6700.0,TQBR
2015-04-16,68.0,68.0,68.0,68.0,100,6800.0,TQBR
2015-04-20,60.5,66.5,60.5,66.5,400,24800.0,TQBR
2015-04-22,67.0,67.0,67.0,67.0,1,67.0,SMAL
2015-04-23,62.0,67.0,62.0,66.9,1100,71440.0,TQBR
2015-04-27,61.0,63.5,60.8,63.5,1600,98730.0,TQBR
2015-04-29,63.5,63.5,61.1,61.1,1700,104140.0,TQBR
2015-04-30,62.5,62.9,60.5,60.5,700,43700.0,TQBR
2015-05-05,60.2,60.9,60.0,60.0,1100,66150.0,TQBR
2015-05-06,59.5,60.7,59.5,60.7,2300,138610.0,TQBR
2015-05-07,59.2,59.2,59.1,59.2,300,17750.0,TQBR
2015-05-08,60.0,60.0,59.1,59.1,2100,125070.0,TQBR
2015-05-12,60.0,61.5,60.0,61.5,200,12150.0,TQBR
2015-05-13,61.5,61.5,59.5,59.5,1400,85500.0,TQBR
2015-05-14,58.1,60.0,58.1,60.0,700,41480.0,TQBR
2015-05-15,60.0,61.5,59.1,59.3,1700,102060.0,TQBR
2015-05-18,59.3,59.3,59.3,59.3,100,5930.0,TQBR
2015-05-20,59.1,59.1,59.1,59.1,300,17730.0,TQBR
2015-05-21,59.6,59.8,58.0,59.0,1400,82770.0,TQBR
2015-05-22,58.1,58.1,57.0,57.0,1900,109040.0,TQBR
2015-05-25,54.5,56.9,54.0,56.9,2500,139050.0,TQBR
2015-05-26,58.6,60.9,55.9,56.0,2600,147020.0,TQBR
2015-05-27,56.2,56.2,56.1,56.1,1800,101060.0,TQBR
2015-05-28,56.2,60.9,55.0,60.9,8700,490010.0,TQBR
2015-05-29,56.6,60.5,56.6,58.0,50900,2902360.0,TQBR
2015-06-01,57.0,57.0,55.9,55.9,15000,854860.0,TQBR
2015-06-02,56.9,57.0,56.9,57.0,33700,1920880.0,TQBR
2015-06-03,56.1,57.0,56.1,57.0,400,22620.0,TQBR
2015-06-04,56.2,56.2,56.2,56.2,100,5620.0,TQBR
2015-06-05,54.7,59.7,54.3,59.7,1600,93330.0,TQBR
2015-06-08,57.0,57.2,56.9,57.0,1300,74160.0,TQBR
2015-06-09,57.0,57.0,57.0,57.0,1000,57000.0,TQBR
2015-06-10,52.6,55.0,52.6,55.0,300,16260.0,TQBR
2015-06-11,55.0,55.0,52.1,52.1,300,16210.0,TQBR
2015-06-15,53.1,53.5,53.1,53.5,300,15970.0,TQBR
2015-06-16,53.1,57.0,53.1,56.0,600,33310.0,TQBR
2015-06-17,57.0,57.0,57.0,57.0,2,114.0,SMAL
2015-06-18,57.0,57.0,57.0,57.0,3,171.0,SMAL
2015-06-19,54.2,54.2,54.1,54.1,200,10830.0,TQBR
2015-06-22,58.6,58.9,58.6,58.9,400,23510.0,TQBR
2015-06-24,59.6,59.6,53.0,55.0,4800,261680.0,TQBR
2015-06-25,55.0,55.0,55.0,55.0,1600,88000.0,TQBR
2015-06-29,53.1,53.1,53.0,53.0,800,42410.0,TQBR
2015-06-30,52.9,53.0,52.9,53.0,5900,312690.0,TQBR
2015-07-02,54.0,54.0,54.0,54.0,11,594.0,SMAL
2015-07-06,50.1,50.7,50.0,50.1,1400,70780.0,TQBR
2015-07-07,52.0,57.1,52.0,57.1,2,109.1,SMAL
2015-07-08,45.7,49.6,43.0,47.2,3400,148220.0,TQBR
2015-07-09,49.6,54.5,49.6,51.9,10800,556890.0,TQBR
2015-07-10,51.9,51.9,47.9,51.9,300,15170.0,TQBR
2015-07-13,51.8,51.8,50.0,50.0,300,15270.0,TQBR
2015-07-14,48.8,50.2,48.7,50.2,400,19670.0,TQBR
2015-07-15,50.2,50.2,50.2,50.2,100,5020.0,TQBR
2015-07-16,50.1,50.1,50.0,50.0,2500,125150.0,TQBR
2015-07-17,50.8,50.9,50.2,50.9,400,20210.0,TQBR
2015-07-20,47.1,48.1,47.0,48.1,600,28320.0,TQBR
2015-07-21,49.9,50.9,49.9,50.9,1400,70260.0,TQBR
2015-07-22,50.9,50.9,50.9,50.9,100,5090.0,TQBR
2015-07-23,47.5,50.9,47.0,50.9,2700,135380.0,TQBR
2015-07-24,50.9,52.0,50.9,51.9,4300,222740.0,TQBR
2015-07-27,47.5,50.6,47.2,50.6,500,23990.0,TQBR
2015-07-28,50.7,52.9,50.7,50.9,1300,66850.0,TQBR
2015-07-29,50.9,50.9,49.1,49.1,1200,59960.0,TQBR
2015-07-30,50.9,50.9,50.9,50.9,200,10180.0,TQBR
2015-07-31,51.1,51.1,51.0,51.0,200,10210.0,TQBR
2015-08-03,50.1,59.8,49.1,52.6,3300,183280.0,TQBR
2015-08-04,51.0,52.0,51.0,52.0,200,10300.0,TQBR
2015-08-05,56.8,56.8,56.8,56.8,100,5680.0,TQBR
2015-08-07,55.5,55.5,55.5,55.5,100,5550.0,TQBR
2015-08-10,55.5,56.9,55.5,56.9,1100,61190.0,TQBR
2015-08-11,56.1,56.1,47.5,54.9,8500,438550.0,TQBR
2015-08-12,53.0,53.0,53.0,53.0,100,5300.0,TQBR
2015-08-13,56.5,56.8,51.2,51.2,700,38090.0,TQBR
2015-08-14,38.9,38.9,38.9,38.9,9,350.1,SMAL
2015-08-17,52.6,52.6,52.6,52.6,100,5260.0,TQBR
2015-08-18,50.5,52.1,50.0,52.0,800,40460.0,TQBR
2015-08-19,52.0,52.0,51.8,51.9,1500,77840.0,TQBR
2015-08-20,51.9,51.9,51.9,51.9,600,31140.0,TQBR
2015-08-24,51.9,51.9,48.5,48.5,200,10040.0,TQBR
2015-08-26,50.0,50.8,50.0,50.0,400,20080.0,TQBR
2015-08-27,51.9,51.9,50.9,50.9,1200,61180.0,TQBR
2015-08-31,49.5,50.8,49.1,50.8,400,19850.0,TQBR
2015-09-01,50.5,50.5,50.5,50.5,600,30300.0,TQBR
2015-09-02,50.5,50.5,50.5,50.5,500,25250.0,TQBR
2015-09-03,50.5,50.5,50.5,50.5,200,10100.0,TQBR
2015-09-04,51.9,51.9,49.5,51.1,2000,102290.0,TQBR
2015-09-07,51.9,52.9,50.0,50.0,2000,102140.0,TQBR
2015-09-08,50.0,50.0,49.1,49.1,1500,74480.0,TQBR
2015-09-09,50.0,50.0,49.0,49.0,400,19730.0,TQBR
2015-09-10,50.0,50.0,49.0,49.0,500,24790.0,TQBR
2015-09-11,49.0,49.9,46.7,49.7,1200,59130.0,TQBR
2015-09-14,50.8,50.8,50.8,50.8,1000,50800.0,TQBR
2015-09-15,49.4,49.4,48.3,48.3,900,44040.0,TQBR
2015-09-16,48.1,48.8,45.8,48.8,600,28400.0,TQBR
2015-09-17,47.3,47.3,46.5,46.6,7200,336300.0,TQBR
2015-09-18,45.8,49.3,44.5,46.3,7200,328080.0,TQBR
2015-09-21,45.1,47.3,43.6,46.1,1700,77300.0,TQBR
2015-09-22,46.9,47.4,46.9,47.4,700,32990.0,TQBR
2015-09-23,45.4,45.4,45.3,45.3,200,9070.0,TQBR
2015-09-24,45.7,45.7,45.2,45.3,700,31740.0,TQBR
2015-09-25,46.1,46.1,46.1,46.1,100,4610.0,TQBR
2015-09-28,46.1,46.2,45.1,45.1,1800,82790.0,TQBR
2015-09-29,45.3,45.3,44.4,44.9,700,31410.0,TQBR
2015-09-30,45.6,45.7,43.8,44.5,3300,146890.0,TQBR
2015-10-01,46.4,46.4,44.5,44.5,600,26940.0,TQBR
2015-10-02,44.2,44.2,44.1,44.1,400,17660.0,TQBR
2015-10-05,44.8,45.0,44.1,45.0,1000,44600.0,TQBR
2015-10-06,44.0,44.2,44.0,44.0,2200,96870.0,TQBR
2015-10-07,45.9,45.9,45.9,45.9,100,4590.0,TQBR
2015-10-09,44.1,45.0,44.1,45.0,300,13320.0,TQBR
2015-10-12,44.6,45.1,43.8,45.1,900,40130.0,TQBR
2015-10-13,45.5,45.5,45.0,45.5,500,22600.0,TQBR
2015-10-14,44.3,44.7,44.1,44.1,1100,48810.0,TQBR
2015-10-15,44.4,44.4,44.0,44.0,1000,44190.0,TQBR
2015-10-16,44.0,44.5,43.1,44.5,800,35090.0,TQBR
2015-10-19,44.2,52.0,40.1,48.3,5800,269570.0,TQBR
2015-10-20,50.3,52.0,48.0,48.4,5700,279980.0,TQBR
2015-10-21,46.4,46.4,46.2,46.2,400,18540.0,TQBR
2015-10-22,47.5,47.5,46.5,46.5,600,28300.0,TQBR
2015-10-23,46.5,46.5,45.3,46.0,1000,45770.0,TQBR
2015-10-26,45.7,45.7,45.0,45.5,1100,49930.0,TQBR
2015-10-27,45.2,45.5,45.0,45.5,600,27110.0,TQBR
2015-10-28,45.5,45.5,45.0,45.0,1100,50000.0,TQBR
2015-10-29,45.4,45.5,45.4,45.5,300,13630.0,TQBR
2015-10-30,45.5,45.5,45.5,45.5,200,9100.0,TQBR
2015-11-03,45.5,45.5,43.7,43.7,8200,372450.0,TQBR
2015-11-05,43.6,44.9,41.4,44.9,600,26040.0,TQBR
2015-11-06,44.8,45.3,43.9,43.9,800,35950.0,TQBR
2015-11-09,43.8,45.0,43.7,45.0,1600,70510.0,TQBR
2015-11-10,43.7,44.8,43.6,44.8,400,17570.0,TQBR
2015-11-11,43.5,43.5,43.4,43.4,200,8690.0,TQBR
2015-11-13,42.5,44.1,42.5,44.1,1200,51650.0,TQBR
2015-11-18,43.3,45.2,43.3,45.2,1500,67450.0,TQBR
2015-11-19,43.8,43.8,43.8,43.8,100,4380.0,TQBR
2015-11-20,44.9,44.9,44.9,44.9,200,8980.0,TQBR
2015-11-23,40.0,40.0,40.0,40.0,13,520.0,SMAL
2015-11-24,44.1,44.1,44.1,44.1,300,13230.0,TQBR
2015-11-26,43.7,43.7,43.7,43.7,100,4370.0,TQBR
2015-11-27,43.3,43.5,43.0,43.0,2300,99280.0,TQBR
2015-11-30,43.5,43.5,42.9,42.9,400,17280.0,TQBR
2015-12-01,42.9,43.9,40.7,42.8,2800,118070.0,TQBR
2015-12-02,42.5,43.0,42.5,42.5,1200,51100.0,TQBR
2015-12-03,43.0,43.0,42.0,42.0,500,21330.0,TQBR
2015-12-07,42.5,42.5,41.3,41.3,800,33680.0,TQBR
2015-12-08,41.2,43.2,41.2,43.2,600,25640.0,TQBR
2015-12-09,44.7,44.7,44.0,44.0,300,13290.0,TQBR
2015-12-11,44.0,44.5,44.0,44.5,200,8850.0,TQBR
2015-12-15,39.2,39.5,39.2,39.5,87,3421.5,SMAL
2015-12-16,39.3,39.3,39.3,39.3,5,196.5,SMAL
2015-12-17,42.6,43.6,42.6,43.6,800,34310.0,TQBR
2015-12-18,43.0,43.0,43.0,43.0,300,12900.0,TQBR
2015-12-21,42.7,42.7,39.0,42.3,1000,41340.0,TQBR
2015-12-23,42.1,42.1,41.1,41.1,400,16650.0,TQBR
2015-12-24,41.2,43.3,41.0,43.3,1800,74610.0,TQBR
2015-12-30,43.5,44.0,43.5,44.0,1700,74750.0,TQBR
2016-01-06,41.0,41.0,40.0,40.0,200,8100.0,TQBR
2016-01-11,41.2,42.9,41.2,42.9,500,20840.0,TQBR
2016-01-12,42.9,43.0,42.9,43.0,300,12880.0,TQBR
2016-01-13,43.0,43.0,41.1,41.1,800,33660.0,TQBR
2016-01-14,42.9,42.9,41.4,41.4,300,12720.0,TQBR
2016-01-15,41.7,41.7,41.2,41.4,400,16560.0,TQBR
2016-01-18,42.3,42.3,42.3,42.3,200,8460.0,TQBR
2016-01-19,41.2,41.2,41.2,41.2,100,4120.0,TQBR
2016-01-20,41.1,41.3,41.1,41.3,200,8240.0,TQBR
2016-01-21,42.8,42.8,42.8,42.8,100,4280.0,TQBR
2016-01-22,41.7,41.7,41.5,41.5,200,8320.0,TQBR
2016-01-25,41.7,41.7,41.7,41.7,100,4170.0,TQBR
2016-01-26,38.0,38.0,38.0,38.0,7,266.0,SMAL
2016-01-27,41.5,41.7,41.5,41.7,400,16660.0,TQBR
2016-01-28,43.0,43.2,41.4,41.4,800,33710.0,TQBR
2016-01-29,42.9,42.9,42.9,42.9,100,4290.0,TQBR
2016-02-01,41.2,41.2,41.0,41.0,300,12330.0,TQBR
2016-02-02,41.7,41.7,40.8,40.8,1400,58000.0,TQBR
2016-02-03,42.5,42.5,42.5,42.5,100,4250.0,TQBR
2016-02-04,42.5,42.5,41.1,42.1,300,12570.0,TQBR
2016-02-05,41.2,41.2,40.0,40.2,1500,60410.0,TQBR
2016-02-08,41.0,41.1,39.3,39.3,1500,59750.0,TQBR
2016-02-09,39.5,41.0,39.5,39.9,700,28250.0,TQBR
2016-02-11,39.1,40.0,39.1,40.0,900,35630.0,TQBR
2016-02-15,39.1,39.1,38.9,38.9,1200,46860.0,TQBR
2016-02-16,38.7,38.7,38.5,38.5,400,15460.0,TQBR
2016-02-17,38.9,41.0,38.9,39.0,600,23870.0,TQBR
2016-02-18,38.5,39.0,38.5,39.0,300,11650.0,TQBR
2016-02-19,39.0,39.0,39.0,39.0,100,3900.0,TQBR
2016-02-20,38.9,39.0,38.5,38.5,300,11640.0,TQBR
2016-02-22,46.8,49.0,46.8,49.0,600,29030.0,TQBR
2016-02-24,40.7,40.7,38.3,38.8,45600,1762540.0,TQBR
2016-02-25,38.3,38.5,37.5,38.5,8500,325780.0,TQBR
2016-02-26,38.2,38.2,37.5,37.7,5300,200540.0,TQBR
2016-02-29,38.1,38.2,38.1,38.2,300,11450.0,TQBR
2016-03-01,37.5,37.9,37.5,37.7,800,30060.0,TQBR
2016-03-02,37.9,38.0,37.7,38.0,4400,166240.0,TQBR
2016-03-03,37.5,38.9,37.5,38.9,1200,45520.0,TQBR
2016-03-04,38.0,38.9,37.3,38.9,2200,83520.0,TQBR
2016-03-07,39.1,39.8,37.3,39.3,9100,353610.0,TQBR
2016-03-09,38.4,38.5,37.0,38.5,47800,1808140.0,TQBR
2016-03-10,37.7,37.7,36.5,37.0,12800,473030.0,TQBR
2016-03-11,37.7,39.0,37.1,37.2,4600,173310.0,TQBR
2016-03-14,37.8,37.8,36.9,37.0,7200,267650.0,TQBR
2016-03-15,37.0,37.9,37.0,37.3,5400,200520.0,TQBR
2016-03-16,37.0,37.0,36.5,37.0,2100,77190.0,TQBR
2016-03-17,36.8,36.9,36.8,36.9,1000,36880.0,TQBR
2016-03-18,36.9,37.7,36.9,37.5,1000,37340.0,TQBR
2016-03-21,37.2,37.2,37.0,37.0,6100,225730.0,TQBR
2016-03-22,36.6,36.9,35.0,36.4,6300,228040.0,TQBR
2016-03-23,37.0,37.0,35.8,36.0,1300,47000.0,TQBR
2016-03-24,36.1,36.1,35.8,35.8,600,21600.0,TQBR
2016-03-25,35.3,36.2,32.1,36.0,8200,293200.0,TQBR
2016-03-28,35.7,38.7,35.6,35.8,2900,105390.0,TQBR
2016-03-29,36.0,36.0,30.5,35.0,8700,290160.0,TQBR
2016-03-30,34.7,34.9,31.8,34.9,2300,77490.0,TQBR
2016-03-31,33.9,34.4,32.5,34.4,1200,40160.0,TQBR
2016-04-01,34.7,37.4,34.7,36.7,2700,95170.0,TQBR
2016-04-04,34.8,36.8,34.8,36.8,1200,42820.0,TQBR
2016-04-05,37.1,40.0,35.5,35.5,6500,250720.0,TQBR
2016-04-06,36.5,36.5,33.0,35.2,6600,225160.0,TQBR
2016-04-07,35.4,35.4,33.1,34.5,2700,92660.0,TQBR
2016-04-08,33.4,35.3,33.4,34.0,34000,1152770.0,TQBR
2016-04-11,35.2,35.2,34.8,34.9,400,13970.0,TQBR
2016-04-12,35.4,35.4,34.3,34.3,300,10440.0,TQBR
2016-04-13,33.8,33.9,33.0,33.9,7800,261690.0,TQBR
2016-04-14,33.9,33.9,33.7,33.7,700,23660.0,TQBR
2016-04-15,34.0,34.0,33.5,34.0,4300,146150.0,TQBR
2016-04-18,35.3,35.4,32.4,32.4,2700,91310.0,TQBR
2016-04-19,32.6,33.9,32.6,33.9,11500,389690.0,TQBR
2016-04-20,34.0,34.0,32.0,33.4,4700,152230.0,TQBR
2016-04-21,33.8,33.9,33.8,33.9,600,20300.0,TQBR
2016-04-22,32.6,33.2,32.0,32.6,8700,284120.0,TQBR
2016-04-25,32.9,33.0,32.9,33.0,800,26340.0,TQBR
2016-04-26,33.3,33.3,32.1,32.1,500,16470.0,TQBR
2016-04-27,33.2,33.5,31.7,33.5,2100,68720.0,TQBR
2016-04-28,32.4,32.4,32.3,32.3,300,9700.0,TQBR
2016-04-29,32.4,33.2,29.9,30.0,14500,440220.0,TQBR
2016-05-04,30.7,30.7,29.0,30.6,3800,114670.0,TQBR
2016-05-05,30.0,30.0,27.2,28.2,17200,485400.0,TQBR
2016-05-06,27.6,28.7,27.6,28.7,600,17050.0,TQBR
2016-05-10,28.1,32.8,27.8,30.5,9000,266050.0,TQBR
2016-05-11,28.7,34.7,28.3,33.8,8900,285290.0,TQBR
2016-05-12,31.4,35.9,30.5,32.6,308300,9590590.0,TQBR
2016-05-13,33.2,33.2,32.7,32.7,600,19820.0,TQBR
2016-05-16,32.6,32.6,31.8,32.4,300,9680.0,TQBR
2016-05-17,32.0,32.3,31.0,32.3,25200,785620.0,TQBR
2016-05-18,30.9,31.2,30.9,31.2,300,9320.0,TQBR
2016-05-19,31.1,31.1,30.9,30.9,31100,964160.0,TQBR
2016-05-20,31.0,32.6,30.1,32.6,138700,4299780.0,TQBR
2016-05-23,33.1,35.1,32.5,33.3,3700,124640.0,TQBR
2016-05-24,32.5,33.6,31.7,31.7,21800,715700.0,TQBR
2016-05-25,32.4,33.6,32.4,33.5,800,26490.0,TQBR
2016-05-27,33.0,33.2,33.0,33.2,200,6620.0,TQBR
2016-05-30,32.8,32.8,32.7,32.7,200,6550.0,TQBR
2016-05-31,31.4,33.4,31.4,33.3,500,16480.0,TQBR
2016-06-01,35.1,35.1,33.5,33.5,400,13620.0,TQBR
2016-06-02,32.8,32.8,32.6,32.6,500,16360.0,TQBR
2016-06-03,33.3,35.0,31.3,32.0,1200,39690.0,TQBR
2016-06-06,31.3,31.4,30.8,31.1,3000,93290.0,TQBR
2016-06-07,31.3,31.3,31.3,31.3,100,3130.0,TQBR
2016-06-08,30.5,30.5,29.5,30.1,5100,153570.0,TQBR
2016-06-09,29.8,29.8,29.1,29.5,1100,32500.0,TQBR
2016-06-10,29.5,29.5,29.5,29.5,900,26550.0,TQBR
2016-06-14,31.0,31.5,31.0,31.0,6200,192290.0,TQBR
2016-06-15,31.0,31.0,31.0,31.0,3000,93000.0,TQBR
2016-06-16,31.0,31.0,31.0,31.0,700,21700.0,TQBR
2016-06-17,31.4,31.5,31.4,31.5,300,9440.0,TQBR
2016-06-20,33.7,33.8,31.0,31.0,2300,72160.0,TQBR
2016-06-21,31.7,31.7,31.0,31.0,3900,121090.0,TQBR
2016-06-22,31.0,31.1,31.0,31.0,1300,40310.0,TQBR
2016-06-23,30.5,30.6,30.0,30.0,700,21110.0,TQBR
2016-06-24,31.1,33.5,31.0,33.4,1600,52000.0,TQBR
2016-06-27,34.0,34.0,32.0,33.4,600,19670.0,TQBR
2016-06-28,33.1,34.8,33.1,34.0,1900,64580.0,TQBR
2016-06-29,34.4,34.4,34.0,34.0,200,6840.0,TQBR
2016-06-30,34.4,34.4,34.4,34.4,100,3440.0,TQBR
2016-07-01,31.9,31.9,31.0,31.6,20800,645480.0,TQBR
2016-07-04,32.8,32.8,32.8,32.8,100,3280.0,TQBR
2016-07-05,31.3,32.8,31.0,31.8,3300,104930.0,TQBR
2016-07-07,32.5,32.5,31.0,31.0,700,21860.0,TQBR
2016-07-08,31.1,31.1,31.1,31.1,200,6220.0,TQBR
2016-07-11,32.4,32.5,32.4,32.5,200,6490.0,TQBR
2016-07-12,31.9,31.9,31.8,31.8,500,15910.0,TQBR
2016-07-13,32.5,34.3,32.5,32.5,1900,63720.0,TQBR
2016-07-14,31.8,31.8,31.8,31.8,200,6360.0,TQBR
2016-07-15,30.0,30.0,30.0,30.0,50,1500.0,SMAL
2016-07-20,31.0,32.3,31.0,32.0,1100,35260.0,TQBR
2016-07-21,33.0,34.5,32.2,32.5,5500,187510.0,TQBR
2016-07-25,32.9,33.0,32.9,33.0,600,19790.0,TQBR
2016-07-26,34.4,34.4,34.4,34.4,100,3440.0,TQBR
2016-07-27,35.0,38.0,31.3,37.0,6300,220570.0,TQBR
2016-07-28,33.0,36.3,33.0,34.1,400,13640.0,TQBR
2016-07-29,32.6,33.5,32.4,33.5,1200,39680.0,TQBR
2016-08-01,34.1,34.7,33.0,33.0,500,17040.0,TQBR
2016-08-02,33.5,33.5,33.5,33.5,200,6700.0,TQBR
2016-08-03,34.6,34.6,33.5,33.5,1100,36960.0,TQBR
2016-08-05,34.4,34.4,34.4,34.4,100,3440.0,TQBR
2016-08-08,32.7,37.7,32.7,36.5,2400,85330.0,TQBR
2016-08-09,38.0,38.0,36.0,36.0,5300,196860.0,TQBR
2016-08-10,37.3,37.6,37.3,37.6,400,14990.0,TQBR
2016-08-11,34.1,38.8,34.0,38.8,2600,97250.0,TQBR
2016-08-15,38.4,41.0,35.5,39.2,11100,443630.0,TQBR
2016-08-16,39.5,42.0,37.9,38.0,10900,436690.0,TQBR
2016-08-17,37.9,38.0,37.9,38.0,1000,37990.0,TQBR
2016-08-18,37.2,37.2,37.0,37.0,900,33400.0,TQBR
2016-08-19,37.0,38.3,37.0,38.3,5800,214860.0,TQBR
2016-08-22,39.8,41.5,39.8,41.5,12500,511150.0,TQBR
2016-08-23,38.9,40.5,38.9,40.5,1300,51420.0,TQBR
2016-08-25,39.4,40.5,39.4,40.5,1400,55480.0,TQBR
2016-08-26,38.1,39.5,36.2,39.5,2900,109140.0,TQBR
2016-08-29,37.1,38.5,37.1,38.5,700,26660.0,TQBR
2016-08-30,37.1,38.5,31.9,38.5,5000,179230.0,TQBR
2016-08-31,38.1,38.1,36.8,38.0,700,26330.0,TQBR
2016-09-01,38.5,43.1,37.6,39.0,4900,198780.0,TQBR
2016-09-02,42.4,43.0,39.1,39.6,8000,337600.0,TQBR
2016-09-06,38.7,41.6,38.4,41.6,700,27540.0,TQBR
2016-09-07,38.0,39.5,38.0,39.3,1900,74140.0,TQBR
2016-09-08,38.1,38.6,33.1,38.2,2700,96120.0,TQBR
2016-09-09,38.2,38.2,38.0,38.0,2000,76040.0,TQBR
2016-09-13,39.9,43.9,39.3,40.1,5000,203930.0,TQBR
2016-09-14,41.4,42.1,41.4,42.0,1100,46100.0,TQBR
2016-09-15,39.6,41.0,38.7,41.0,5300,206970.0,TQBR
2016-09-16,40.6,40.7,39.5,39.5,500,20100.0,TQBR
2016-09-19,40.7,42.0,40.7,41.2,2700,111830.0,TQBR
2016-09-22,41.4,41.5,41.4,41.5,400,16570.0,TQBR
2016-09-23,39.6,39.6,39.5,39.5,400,15820.0,TQBR
2016-09-26,39.6,40.1,39.4,40.0,3900,155230.0,TQBR
2016-09-27,39.7,39.7,39.7,39.7,100,3970.0,TQBR
2016-09-28,38.2,38.2,38.2,38.2,100,3820.0,TQBR
2016-09-29,39.1,39.1,37.2,38.6,700,26970.0,TQBR
2016-09-30,38.7,39.7,38.7,39.7,200,7840.0,TQBR
2016-10-04,39.9,42.5,39.9,42.5,700,28620.0,TQBR
2016-10-05,39.1,39.1,38.4,38.7,3400,132450.0,TQBR
2016-10-06,39.0,39.0,39.0,39.0,100,3900.0,TQBR
2016-10-07,40.2,41.0,40.0,41.0,13900,566080.0,TQBR
2016-10-10,40.0,44.0,39.6,39.6,138400,5585980.0,TQBR
2016-10-11,40.8,40.9,40.8,40.9,200,8170.0,TQBR
2016-10-12,39.9,40.5,39.0,40.4,2300,90650.0,TQBR
2016-10-14,39.4,39.4,38.0,38.6,4300,166810.0,TQBR
2016-10-17,40.3,40.4,39.9,40.4,1400,56260.0,TQBR
2016-10-18,41.4,41.4,41.4,41.4,100,4140.0,TQBR
2016-10-19,41.2,41.2,41.2,41.2,100,4120.0,TQBR
2016-10-20,41.9,50.0,40.2,47.0,10500,476320.0,TQBR
2016-10-21,47.8,52.0,43.5,48.0,13700,692100.0,TQBR
2016-10-24,51.9,51.9,45.2,46.6,600,28880.0,TQBR
2016-10-25,46.5,57.0,34.2,57.0,71100,3759550.0,TQBR
2016-10-26,50.2,56.9,47.2,53.0,15000,735460.0,TQBR
2016-10-27,49.1,57.1,49.1,57.0,10600,589820.0,TQBR
2016-10-28,56.0,60.0,55.8,59.7,11600,686750.0,TQBR
2016-10-31,59.5,67.0,59.5,60.0,1500,91800.0,TQBR
2016-11-01,58.9,58.9,57.3,58.0,1600,92830.0,TQBR
2016-11-02,52.7,62.0,52.7,59.9,2500,142400.0,TQBR
2016-11-03,58.1,59.9,55.6,59.8,600,34690.0,TQBR
2016-11-07,61.9,70.0,61.7,69.9,9900,669280.0,TQBR
2016-11-08,63.0,70.0,62.1,69.9,2200,149220.0,TQBR
2016-11-09,63.7,69.8,63.1,69.8,1300,84120.0,TQBR
2016-11-10,63.4,87.9,60.1,81.8,96500,7157490.0,TQBR
2016-11-11,81.7,84.0,73.0,80.0,5800,452720.0,TQBR
2016-11-14,73.3,76.0,72.1,76.0,800,59170.0,TQBR
2016-11-15,76.2,76.2,76.2,76.2,100,7620.0,TQBR
2016-11-16,79.8,85.0,79.8,83.7,1900,155150.0,TQBR
2016-11-17,71.0,89.9,50.4,75.0,71900,4973010.0,TQBR
2016-11-18,75.6,75.6,67.1,68.1,13600,940520.0,TQBR
2016-11-21,69.5,69.7,68.9,69.7,1400,97010.0,TQBR
2016-11-22,70.9,70.9,65.9,66.9,3700,246920.0,TQBR
2016-11-23,66.0,66.7,65.6,65.7,1700,112580.0,TQBR
2016-11-24,65.3,77.7,65.0,68.0,14600,990440.0,TQBR
2016-11-25,67.1,69.3,67.0,69.3,900,60850.0,TQBR
2016-11-28,68.8,68.8,68.0,68.4,300,20520.0,TQBR
2016-11-29,70.0,70.0,65.8,67.4,300,20320.0,TQBR
2016-11-30,66.5,67.6,66.2,67.2,700,46670.0,TQBR
2016-12-01,67.1,73.5,67.1,71.0,4400,309090.0,TQBR
2016-12-02,73.4,75.5,73.4,75.5,5200,385220.0,TQBR
2016-12-05,74.5,78.6,74.5,78.5,300,23160.0,TQBR
2016-12-06,75.2,85.0,75.2,77.6,5200,409670.0,TQBR
2016-12-07,75.4,88.7,75.4,88.7,3000,248390.0,TQBR
2016-12-08,85.0,89.0,77.8,82.6,2400,197910.0,TQBR
2016-12-09,78.0,85.0,78.0,85.0,2300,187990.0,TQBR
2016-12-12,76.9,89.9,76.8,89.9,1400,118410.0,TQBR
2016-12-13,90.0,94.0,81.0,90.0,5200,457820.0,TQBR
2016-12-14,82.6,94.9,82.6,94.9,1000,86790.0,TQBR
2016-12-15,100.0,100.0,87.6,93.0,4900,453120.0,TQBR
2016-12-16,99.7,99.7,90.2,92.6,7500,691890.0,TQBR
2016-12-19,91.8,95.8,91.8,95.8,300,28040.0,TQBR
2016-12-20,93.8,99.9,93.8,95.8,1300,125930.0,TQBR
2016-12-21,95.8,96.0,80.3,84.1,8400,714600.0,TQBR
2016-12-22,84.5,87.0,71.1,73.0,9500,726340.0,TQBR
2016-12-23,74.0,75.1,72.0,73.5,4300,317950.0,TQBR
2016-12-26,72.9,72.9,67.3,72.0,5100,352100.0,TQBR
2016-12-27,68.4,77.9,67.6,77.9,4600,334050.0,TQBR
2016-12-28,78.0,78.4,74.2,78.4,2900,223850.0,TQBR
2016-12-30,78.8,89.9,78.8,89.9,1800,153560.0,TQBR
2017-01-03,79.4,107.0,70.4,104.0,27400,2423210.0,TQBR
2017-01-04,92.4,105.5,92.4,105.0,2600,262740.0,TQBR
2017-01-05,102.0,104.0,102.0,104.0,300,30800.0,TQBR
2017-01-06,109.8,109.8,93.1,99.2,3300,323210.0,TQBR
2017-01-09,94.5,105.0,94.5,100.0,2400,245570.0,TQBR
2017-01-10,95.3,103.9,95.0,101.0,4500,435800.0,TQBR
2017-01-11,100.0,100.0,100.0,100.0,200,20000.0,TQBR
2017-01-12,99.9,102.9,95.8,98.9,1100,108760.0,TQBR
2017-01-13,95.4,98.4,95.1,98.4,900,86730.0,TQBR
2017-01-16,93.5,93.5,90.1,92.8,1600,147040.0,TQBR
2017-01-17,93.0,93.1,89.4,93.1,800,72570.0,TQBR
2017-01-19,86.9,89.6,86.9,89.6,400,35520.0,TQBR
2017-01-20,92.0,92.0,86.0,87.0,1300,113010.0,TQBR
2017-01-23,83.5,90.0,71.1,88.7,24100,2034910.0,TQBR
2017-01-24,87.0,87.0,84.0,85.3,900,76900.0,TQBR
2017-01-25,82.2,82.9,80.0,81.8,2000,162390.0,TQBR
2017-01-26,78.0,84.0,78.0,79.0,4900,393350.0,TQBR
2017-01-27,80.7,87.7,75.2,80.2,32300,2545010.0,TQBR
2017-01-30,80.9,80.9,80.0,80.0,300,24180.0,TQBR
2017-01-31,80.0,80.0,80.0,80.0,100,8000.0,TQBR
2017-02-01,78.7,90.1,72.5,84.9,27500,2241760.0,TQBR
2017-02-02,86.1,87.1,80.3,87.0,8700,740820.0,TQBR
2017-02-03,89.2,89.2,84.2,88.5,4500,390640.0,TQBR
2017-02-06,90.5,98.6,87.1,87.1,3600,321860.0,TQBR
2017-02-07,89.8,90.0,83.3,84.9,6000,520450.0,TQBR
2017-02-08,85.4,85.4,82.1,84.0,3600,303330.0,TQBR
2017-02-09,85.5,86.8,85.5,86.7,3100,267270.0,TQBR
2017-02-10,86.0,86.0,77.2,79.0,60600,4825340.0,TQBR
2017-02-13,79.1,83.2,79.1,79.9,5000,400960.0,TQBR
2017-02-14,79.0,79.5,79.0,79.5,1000,79260.0,TQBR
2017-02-15,79.6,84.5,79.6,81.9,1900,155590.0,TQBR
2017-02-17,81.0,81.0,77.5,78.7,3000,237200.0,TQBR
2017-02-20,79.3,80.9,77.5,78.2,1800,143050.0,TQBR
2017-02-21,78.1,79.8,74.0,75.5,16100,1226280.0,TQBR
2017-02-22,75.6,76.8,67.0,69.8,15900,1134050.0,TQBR
2017-02-24,65.9,67.1,52.0,56.5,135000,7776910.0,TQBR
2017-02-27,56.6,64.5,54.2,58.1,37800,2235410.0,TQBR
2017-02-28,55.8,58.7,55.6,58.6,2200,125040.0,TQBR
2017-03-01,55.4,62.0,55.1,58.3,3900,225810.0,TQBR
2017-03-02,56.3,58.5,55.9,57.8,700,40080.0,TQBR
2017-03-03,58.5,58.5,54.1,56.9,14000,777290.0,TQBR
2017-03-06,57.5,62.8,57.5,60.0,10200,618000.0,TQBR
2017-03-07,56.1,60.5,55.7,60.5,12400,724550.0,TQBR
2017-03-09,57.0,57.9,56.0,56.0,3900,220680.0,TQBR
2017-03-10,58.5,66.0,58.2,58.6,6000,377770.0,TQBR
2017-03-13,60.4,60.4,60.0,60.4,500,30080.0,TQBR
2017-03-14,60.4,61.8,55.0,61.8,8400,481550.0,TQBR
2017-03-15,58.1,60.0,57.8,59.5,700,40900.0,TQBR
2017-03-16,61.7,61.7,59.7,60.0,900,54150.0,TQBR
2017-03-17,60.0,61.0,60.0,61.0,1300,78100.0,TQBR
2017-03-20,60.0,61.4,60.0,60.1,500,30260.0,TQBR
2017-03-22,60.0,60.0,59.0,59.0,300,17810.0,TQBR
2017-03-23,58.9,60.6,58.9,60.1,600,36040.0,TQBR
2017-03-24,57.8,61.9,57.8,60.1,16400,999270.0,TQBR
2017-03-28,61.9,64.5,61.9,62.5,2900,182790.0,TQBR
2017-03-29,62.7,62.7,60.4,62.4,1100,67070.0,TQBR
2017-03-30,59.6,61.5,59.6,60.7,6000,363710.0,TQBR
2017-03-31,60.4,60.7,60.4,60.7,300,18180.0,TQBR
2017-04-03,57.6,58.3,54.4,57.3,7200,404500.0,TQBR
2017-04-04,56.1,59.4,55.1,59.4,3100,177660.0,TQBR
2017-04-05,58.6,70.0,57.0,70.0,15000,980380.0,TQBR
2017-04-06,65.3,69.4,65.0,66.2,4800,317520.0,TQBR
2017-04-07,63.2,72.7,62.1,65.6,3800,248250.0,TQBR
2017-04-10,65.2,68.2,65.2,68.0,400,26660.0,TQBR
2017-04-12,60.5,69.7,60.5,63.0,8500,548090.0,TQBR
2017-04-13,61.2,65.8,58.2,61.3,6700,406810.0,TQBR
2017-04-14,63.8,66.7,61.7,64.3,1200,75860.0,TQBR
2017-04-17,62.8,62.8,60.9,61.0,1900,116490.0,TQBR
2017-04-18,60.7,62.1,60.7,61.5,700,43100.0,TQBR
2017-04-19,61.7,62.0,61.7,62.0,900,55610.0,TQBR
2017-04-21,61.7,61.7,61.7,61.7,200,12340.0,TQBR
2017-04-24,62.4,62.4,60.0,60.0,1200,72530.0,TQBR
2017-04-25,59.5,60.4,58.1,60.3,3000,177780.0,TQBR
2017-04-26,62.5,84.2,62.5,84.2,223400,18460110.0,TQBR
2017-04-27,84.2,88.4,71.6,75.2,52000,4009600.0,TQBR
2017-04-28,77.0,105.1,77.0,104.2,189900,18451990.0,TQBR
2017-05-02,104.9,108.8,85.5,102.0,52600,5136200.0,TQBR
2017-05-03,95.7,110.0,88.0,109.9,25100,2571170.0,TQBR
2017-05-04,112.5,119.0,106.0,106.2,9200,1041780.0,TQBR
2017-05-05,112.0,118.9,104.0,109.9,10600,1183180.0,TQBR
2017-05-10,112.0,115.9,102.0,102.1,11400,1176800.0,TQBR
2017-05-11,104.7,107.0,102.0,102.0,1500,154510.0,TQBR
2017-05-12,102.1,104.9,102.0,102.0,1400,143170.0,TQBR
2017-05-15,98.9,102.0,98.4,102.0,1200,118950.0,TQBR
2017-05-16,99.7,102.1,99.0,102.1,2800,281960.0,TQBR
2017-05-17,101.9,103.0,101.9,103.0,4400,449340.0,TQBR
2017-05-18,102.1,102.9,102.0,102.0,2300,234900.0,TQBR
2017-05-19,102.0,102.1,102.0,102.0,3700,377410.0,TQBR
2017-05-22,86.0,109.8,86.0,102.0,51300,5062910.0,TQBR
2017-05-23,102.1,119.0,102.0,113.5,6000,654350.0,TQBR
2017-05-24,104.4,110.0,103.5,103.5,11700,1216260.0,TQBR
2017-05-25,103.6,105.1,103.5,105.0,1400,146010.0,TQBR
2017-05-26,105.0,105.0,105.0,105.0,800,84000.0,TQBR
2017-05-30,105.0,105.0,105.0,105.0,1500,157500.0,TQBR
2017-05-31,105.0,105.0,105.0,105.0,6100,640500.0,TQBR
2017-06-01,105.1,109.1,105.0,109.0,1200,127660.0,TQBR
2017-06-02,105.3,105.3,105.2,105.2,300,31580.0,TQBR
2017-06-05,105.0,111.0,105.0,111.0,800,87980.0,TQBR
2017-06-06,110.3,110.3,110.0,110.0,300,33050.0,TQBR
2017-06-08,106.9,106.9,104.0,104.0,5700,598800.0,TQBR
2017-06-09,105.0,105.0,104.5,105.0,6700,703440.0,TQBR
2017-06-14,118.9,119.0,112.7,112.7,400,46350.0,TQBR
2017-06-15,114.9,114.9,112.6,112.6,500,57220.0,TQBR
2017-06-16,115.0,115.0,115.0,115.0,100,11500.0,TQBR
2017-06-20,93.0,93.0,93.0,93.0,1,93.0,SMAL
2017-06-22,115.0,115.0,115.0,115.0,100,11500.0,TQBR
2017-06-23,119.4,130.0,106.5,115.9,1800,211420.0,TQBR
2017-06-26,129.5,140.3,115.8,130.0,9400,1247820.0,TQBR
2017-06-27,137.7,139.5,133.1,133.1,1200,165530.0,TQBR
2017-06-28,139.9,140.0,128.0,140.0,1600,218590.0,TQBR
2017-06-29,140.1,149.9,140.1,145.0,2500,367690.0,TQBR
2017-06-30,159.2,160.0,147.4,160.0,2200,342700.0,TQBR
2017-07-03,160.0,180.0,160.0,180.0,3300,572850.0,TQBR
2017-07-04,175.3,181.0,164.2,180.0,2900,509900.0,TQBR
2017-07-05,172.1,180.0,156.2,174.0,5600,973490.0,TQBR
2017-07-06,164.6,164.6,140.1,158.3,1000,149120.0,TQBR
2017-07-07,157.0,170.0,140.5,160.0,6900,1128200.0,TQBR
2017-07-10,160.4,163.0,155.0,160.0,2100,337990.0,TQBR
2017-07-11,162.7,178.9,159.8,178.6,2000,325430.0,TQBR
2017-07-12,178.6,178.6,160.1,160.1,1400,241360.0,TQBR
2017-07-13,133.5,152.0,133.5,152.0,11,1629.6,SMAL
2017-07-17,160.0,160.0,160.0,160.0,100,16000.0,TQBR
2017-07-18,160.0,160.1,120.1,137.7,9600,1430980.0,TQBR
2017-07-19,149.0,155.8,145.1,154.0,3900,584210.0,TQBR
2017-07-20,150.1,150.1,150.0,150.0,600,90010.0,TQBR
2017-07-21,150.0,150.0,150.0,150.0,500,75000.0,TQBR
2017-07-25,150.0,150.0,150.0,150.0,300,45000.0,TQBR
2017-07-26,150.0,168.9,150.0,168.9,700,106890.0,TQBR
2017-07-27,167.0,167.0,167.0,167.0,300,50100.0,TQBR
2017-07-28,167.0,167.0,152.0,167.0,1500,242710.0,TQBR
2017-07-31,180.7,180.7,153.0,155.0,1400,218400.0,TQBR
2017-08-01,160.0,173.5,160.0,173.5,900,146200.0,TQBR
2017-08-02,168.0,168.5,153.0,153.0,4700,746200.0,TQBR
2017-08-03,155.0,157.0,155.0,157.0,200,31200.0,TQBR
2017-08-04,158.5,158.5,158.5,158.5,100,15850.0,TQBR
2017-08-07,158.0,158.0,157.0,157.0,200,31500.0,TQBR
2017-08-08,159.5,186.0,159.0,160.0,2100,339050.0,TQBR
2017-08-09,162.0,179.5,161.0,179.5,1200,196250.0,TQBR
2017-08-11,152.5,174.0,152.5,174.0,2400,377600.0,TQBR
2017-08-14,168.0,174.5,168.0,174.5,200,34250.0,TQBR
2017-08-15,169.5,170.0,141.5,160.5,2900,449000.0,TQBR
2017-08-17,152.0,160.0,151.0,158.5,700,109850.0,TQBR
2017-08-18,158.0,165.0,158.0,165.0,2100,333450.0,TQBR
2017-08-21,164.5,164.5,164.5,164.5,200,32900.0,TQBR
2017-08-22,154.0,160.5,154.0,160.5,800,125500.0,TQBR
2017-08-24,160.0,167.5,160.0,165.5,500,82400.0,TQBR
2017-08-25,172.0,175.0,152.5,155.5,700,112700.0,TQBR
2017-08-28,153.5,153.5,153.5,153.5,100,15350.0,TQBR
2017-08-29,162.0,163.0,161.5,163.0,5200,844850.0,TQBR
2017-08-30,176.0,176.0,168.0,171.5,1000,172500.0,TQBR
2017-08-31,174.0,174.5,174.0,174.5,1700,296200.0,TQBR
2017-09-01,179.5,179.5,163.5,172.0,400,68000.0,TQBR
2017-09-04,155.5,165.0,150.0,165.0,2300,354750.0,TQBR
2017-09-05,160.0,161.0,155.5,161.0,400,63350.0,TQBR
2017-09-06,161.5,163.5,161.5,163.5,300,48700.0,TQBR
2017-09-07,170.0,172.5,163.5,168.5,400,67450.0,TQBR
2017-09-08,168.0,186.5,167.5,185.5,4600,810000.0,TQBR
2017-09-11,196.5,196.5,176.0,186.0,600,108750.0,TQBR
2017-09-12,185.5,186.0,179.0,179.0,900,162450.0,TQBR
2017-09-13,186.0,214.0,180.0,201.0,11100,2191000.0,TQBR
2017-09-14,199.0,200.0,178.0,178.0,25100,4986950.0,TQBR
2017-09-15,177.5,180.0,150.0,163.0,15100,2401700.0,TQBR
2017-09-18,170.0,177.5,168.0,168.5,700,119250.0,TQBR
2017-09-19,173.5,184.5,172.5,180.0,4700,833300.0,TQBR
2017-09-20,188.0,190.0,178.5,186.0,2900,534800.0,TQBR
2017-09-21,195.0,195.0,181.5,186.0,600,112400.0,TQBR
2017-09-22,190.0,190.0,180.0,180.0,2600,472150.0,TQBR
2017-09-25,173.0,185.5,170.0,185.0,1900,336900.0,TQBR
2017-09-26,174.5,189.5,174.5,185.5,400,73550.0,TQBR
2017-09-27,184.0,185.5,181.0,184.5,700,128850.0,TQBR
2017-09-29,185.5,185.5,185.0,185.0,1100,203550.0,TQBR
2017-10-02,189.5,190.0,185.0,185.0,1000,188500.0,TQBR
2017-10-03,185.5,199.0,185.0,194.0,2300,441450.0,TQBR
2017-10-04,192.0,200.0,192.0,200.0,3900,770300.0,TQBR
2017-10-05,218.5,218.5,192.0,200.0,2000,400650.0,TQBR
2017-10-09,199.0,200.0,199.0,200.0,400,79800.0,TQBR
2017-10-10,200.0,200.0,200.0,200.0,200,40000.0,TQBR
2017-10-11,196.5,199.0,195.0,195.0,3400,664100.0,TQBR
2017-10-12,196.0,200.0,195.0,195.0,5500,1073950.0,TQBR
2017-10-13,199.0,200.0,199.0,200.0,300,59850.0,TQBR
2017-10-16,200.0,200.0,195.0,195.0,3300,644750.0,TQBR
2017-10-17,195.0,195.0,195.0,195.0,400,78000.0,TQBR
2017-10-19,195.0,195.0,195.0,195.0,500,97500.0,TQBR
2017-10-20,195.5,195.5,194.5,194.5,5100,994500.0,TQBR
2017-10-23,185.5,193.5,175.0,193.5,600,110000.0,TQBR
2017-10-24,182.5,182.5,181.0,182.0,700,127400.0,TQBR
2017-10-25,171.0,182.0,165.0,182.0,1800,304200.0,TQBR
2017-10-26,168.5,171.0,165.0,171.0,1100,185450.0,TQBR
2017-10-27,165.5,174.5,162.5,170.5,1800,301650.0,TQBR
2017-10-30,167.0,169.0,158.5,164.5,2900,473000.0,TQBR
2017-10-31,166.5,167.5,165.0,165.5,600,99500.0,TQBR
2017-11-01,165.5,169.0,165.0,165.0,500,83300.0,TQBR
2017-11-02,161.5,164.5,159.0,164.5,600,96900.0,TQBR
2017-11-03,165.5,167.5,165.5,167.5,300,50050.0,TQBR
2017-11-07,167.5,168.5,167.5,168.0,600,100700.0,TQBR
2017-11-08,173.0,173.0,168.0,169.0,300,51000.0,TQBR
2017-11-09,164.5,172.5,164.5,172.5,300,50650.0,TQBR
2017-11-10,165.0,173.5,165.0,171.5,800,136100.0,TQBR
2017-11-13,177.0,184.0,177.0,184.0,1700,305800.0,TQBR
2017-11-14,185.0,195.0,162.5,164.0,6800,1152050.0,TQBR
2017-11-15,162.0,162.0,142.0,150.0,4300,651000.0,TQBR
2017-11-16,146.5,150.0,145.0,150.0,900,132350.0,TQBR
2017-11-17,150.0,152.0,150.0,152.0,200,30200.0,TQBR
2017-11-20,152.0,152.0,152.0,152.0,100,15200.0,TQBR
2017-11-21,150.5,152.0,150.0,152.0,900,136200.0,TQBR
2017-11-22,145.5,148.5,143.5,148.0,1300,190350.0,TQBR
2017-11-24,141.0,146.0,139.0,144.0,1800,255450.0,TQBR
2017-11-27,144.5,144.5,137.0,140.0,1900,264250.0,TQBR
2017-11-28,143.5,143.5,140.0,140.5,400,56750.0,TQBR
2017-11-29,134.5,140.0,134.5,138.5,300,41300.0,TQBR
2017-11-30,132.0,138.0,132.0,134.0,400,54000.0,TQBR
2017-12-01,123.5,135.5,123.5,133.0,700,92100.0,TQBR
2017-12-04,131.5,131.5,126.0,128.5,1100,142050.0,TQBR
2017-12-05,123.5,126.0,120.5,124.0,1900,232900.0,TQBR
2017-12-06,121.5,126.0,120.5,126.0,900,110950.0,TQBR
2017-12-07,126.5,130.0,126.0,128.0,700,89400.0,TQBR
2017-12-11,133.0,133.5,131.5,133.5,700,92900.0,TQBR
2017-12-12,124.5,159.0,124.5,142.0,11500,1646500.0,TQBR
2017-12-13,146.5,150.0,145.5,145.5,6300,943000.0,TQBR
2017-12-14,133.5,140.0,132.0,140.0,3200,428550.0,TQBR
2017-12-15,133.5,143.0,129.0,140.5,4300,574600.0,TQBR
2017-12-18,138.0,138.0,138.0,138.0,200,27600.0,TQBR
2017-12-19,134.0,134.0,132.5,133.0,800,106700.0,TQBR
2017-12-20,134.0,134.0,134.0,134.0,100,13400.0,TQBR
2017-12-21,126.5,133.5,126.5,133.5,700,92350.0,TQBR
2017-12-25,129.0,133.5,129.0,133.5,300,39550.0,TQBR
2017-12-26,134.0,134.0,134.0,134.0,200,26800.0,TQBR
2017-12-27,128.0,134.0,128.0,130.5,1100,145100.0,TQBR
2017-12-28,127.5,132.0,125.5,132.0,3200,409700.0,TQBR
2017-12-29,131.5,157.0,127.5,157.0,6500,858050.0,TQBR
2018-01-03,143.0,156.0,135.0,140.5,1400,204350.0,TQBR
2018-01-04,145.0,153.0,143.0,152.0,1400,208250.0,TQBR
2018-01-05,159.0,159.0,150.5,155.0,1800,279050.0,TQBR
2018-01-09,158.5,166.0,149.0,162.0,5000,761000.0,TQBR
2018-01-10,161.5,169.0,159.0,160.0,1900,309250.0,TQBR
2018-01-11,159.0,162.0,155.0,162.0,1300,208800.0,TQBR
2018-01-12,162.0,174.0,154.5,162.5,3000,487850.0,TQBR
2018-01-15,160.5,169.0,160.5,169.0,1100,178600.0,TQBR
2018-01-16,174.0,175.0,159.0,165.0,2700,441350.0,TQBR
2018-01-17,162.0,165.0,162.0,165.0,800,129900.0,TQBR
2018-01-18,162.0,173.0,162.0,167.5,1600,263400.0,TQBR
2018-01-19,162.0,167.5,162.0,167.5,2300,376400.0,TQBR
2018-01-22,165.0,173.0,165.0,166.0,4100,681150.0,TQBR
2018-01-23,165.0,168.0,165.0,168.0,900,148850.0,TQBR
2018-01-24,166.0,166.0,161.0,166.0,2800,464300.0,TQBR
2018-01-25,166.0,166.0,155.5,158.0,1200,191600.0,TQBR
2018-01-26,162.0,165.0,162.0,165.0,700,115000.0,TQBR
2018-01-29,166.0,166.0,162.5,166.0,1000,165600.0,TQBR
2018-01-30,165.5,166.0,159.0,164.5,1700,279700.0,TQBR
2018-01-31,165.5,166.0,160.0,160.0,4400,722950.0,TQBR
2018-02-01,164.5,166.0,160.0,163.5,2200,359700.0,TQBR
2018-02-02,161.0,165.0,158.5,164.5,1700,275600.0,TQBR
2018-02-05,161.0,165.0,159.5,165.0,900,145400.0,TQBR
2018-02-06,161.5,165.0,156.0,164.5,1300,208850.0,TQBR
2018-02-07,162.0,166.0,162.0,166.0,1300,214250.0,TQBR
2018-02-08,163.0,163.0,153.5,162.0,3800,602650.0,TQBR
2018-02-09,162.5,162.5,162.0,162.0,200,32450.0,TQBR
2018-02-12,160.0,165.0,155.0,164.5,3200,513750.0,TQBR
2018-02-13,160.0,166.0,157.0,161.0,3400,554800.0,TQBR
2018-02-14,160.5,164.0,160.5,164.0,1400,226100.0,TQBR
2018-02-15,163.0,171.0,163.0,164.5,1100,182000.0,TQBR
2018-02-16,171.5,171.5,171.5,171.5,100,17150.0,TQBR
2018-02-19,165.0,175.0,164.5,172.0,1600,269100.0,TQBR
2018-02-20,165.0,175.0,165.0,168.0,1500,251800.0,TQBR
2018-02-21,172.5,173.5,167.5,168.5,1900,322150.0,TQBR
2018-02-22,169.5,170.0,168.5,170.0,700,118750.0,TQBR
2018-02-26,169.5,175.0,169.0,175.0,700,119700.0,TQBR
2018-02-27,170.0,177.0,170.0,177.0,1500,261450.0,TQBR
2018-02-28,170.5,180.0,170.5,177.5,1000,175950.0,TQBR
2018-03-01,179.5,190.0,179.5,189.0,3200,596250.0,TQBR
2018-03-02,185.5,189.0,185.5,189.0,400,75200.0,TQBR
2018-03-05,212.0,212.0,180.5,189.0,1600,303750.0,TQBR
2018-03-06,199.0,199.0,198.0,199.0,400,79450.0,TQBR
2018-03-07,196.0,196.0,196.0,196.0,100,19600.0,TQBR
2018-03-09,194.0,194.0,194.0,194.0,100,19400.0,TQBR
2018-03-12,217.5,218.0,199.0,199.0,300,63450.0,TQBR
2018-03-13,200.0,200.0,181.0,188.5,3100,599600.0,TQBR
2018-03-14,191.5,200.0,191.5,199.0,700,136200.0,TQBR
2018-03-15,184.0,199.0,184.0,199.0,300,58100.0,TQBR
2018-03-16,198.5,198.5,198.5,198.5,100,19850.0,TQBR
2018-03-19,183.0,188.0,183.0,188.0,300,55400.0,TQBR
2018-03-20,185.0,185.0,185.0,185.0,100,18500.0,TQBR
2018-03-21,181.5,185.0,181.5,185.0,400,73650.0,TQBR
2018-03-22,187.5,200.0,187.5,188.5,1600,314000.0,TQBR
2018-03-23,169.0,191.5,169.0,182.0,300,54250.0,TQBR
2018-03-26,175.5,175.5,162.0,169.5,3800,632750.0,TQBR
2018-03-27,171.5,171.5,165.0,170.5,500,83750.0,TQBR
2018-03-28,172.5,176.0,147.0,152.0,8600,1336950.0,TQBR
2018-03-29,152.0,155.5,143.5,153.5,900,137300.0,TQBR
2018-03-30,151.0,154.0,151.0,154.0,600,91500.0,TQBR
2018-04-02,153.5,156.0,153.5,156.0,800,123550.0,TQBR
2018-04-03,159.0,159.0,138.0,142.5,5800,829500.0,TQBR
2018-04-04,140.5,153.0,138.0,142.5,6500,927950.0,TQBR
2018-04-05,141.0,141.0,133.5,140.0,4400,611100.0,TQBR
2018-04-06,150.0,195.0,134.0,149.5,8000,1208450.0,TQBR
2018-04-09,144.5,144.5,109.0,139.5,2400,326150.0,TQBR
2018-04-10,140.5,140.5,125.5,139.0,3300,439650.0,TQBR
2018-04-11,147.0,147.0,138.0,138.0,800,113200.0,TQBR
2018-04-12,147.0,166.0,139.0,140.0,6200,876500.0,TQBR
2018-04-13,144.0,145.0,142.0,144.0,800,115300.0,TQBR
2018-04-16,144.5,148.5,140.0,140.0,900,128800.0,TQBR
2018-04-17,144.0,144.0,138.5,139.0,500,70000.0,TQBR
2018-04-18,138.5,138.5,138.0,138.0,400,55350.0,TQBR
2018-04-19,137.0,138.0,137.0,138.0,200,27500.0,TQBR
2018-04-20,133.0,136.0,133.0,136.0,300,40200.0,TQBR
2018-04-23,139.0,142.5,139.0,142.5,500,70500.0,TQBR
2018-04-24,142.5,176.0,142.5,165.0,8700,1373950.0,TQBR
2018-04-25,171.0,174.0,163.0,173.5,2300,391850.0,TQBR
2018-04-26,173.5,199.0,173.5,187.5,6500,1213050.0,TQBR
2018-04-27,187.5,205.0,179.0,203.0,10400,2036150.0,TQBR
2018-04-28,203.0,209.0,186.0,202.0,11700,2291800.0,TQBR
2018-04-30,191.0,195.0,186.5,187.0,500,95050.0,TQBR
2018-05-02,194.0,203.5,194.0,199.0,700,138400.0,TQBR
2018-05-03,200.0,259.0,195.0,205.0,26100,5354800.0,TQBR
2018-05-04,209.0,220.0,195.5,204.5,11200,2284050.0,TQBR
2018-05-07,219.0,227.0,200.5,220.0,3100,656550.0,TQBR
2018-05-08,213.5,225.0,200.5,219.0,7400,1552800.0,TQBR
2018-05-10,208.5,216.5,205.0,215.0,2500,523850.0,TQBR
2018-05-11,212.5,220.0,197.5,199.5,5400,1120200.0,TQBR
2018-05-14,209.0,225.0,198.0,198.0,6200,1257700.0,TQBR
2018-05-15,199.5,200.0,196.0,196.0,1000,199350.0,TQBR
2018-05-16,192.0,200.0,192.0,199.5,1300,254800.0,TQBR
2018-05-17,218.0,224.5,195.0,200.0,3900,795400.0,TQBR
2018-05-18,208.5,218.0,196.0,199.5,1300,263200.0,TQBR
2018-05-21,200.0,200.0,200.0,200.0,2800,560000.0,TQBR
2018-05-22,210.0,211.5,199.0,199.5,1400,286550.0,TQBR
2018-05-23,201.5,205.0,200.0,205.0,3800,763400.0,TQBR
2018-05-24,200.0,205.0,200.0,205.0,1600,320950.0,TQBR
2018-05-25,204.5,205.0,192.5,200.0,2100,423150.0,TQBR
2018-05-28,200.0,204.5,199.5,199.5,1400,280400.0,TQBR
2018-05-29,200.0,200.0,182.5,185.0,2100,402850.0,TQBR
2018-05-30,198.5,205.0,190.0,200.0,1600,320500.0,TQBR
2018-05-31,203.5,204.0,190.0,203.5,4100,821550.0,TQBR
2018-06-01,204.5,205.0,203.5,204.0,1600,326650.0,TQBR
2018-06-04,202.0,204.0,195.5,200.0,1800,361500.0,TQBR
2018-06-05,203.5,204.0,200.5,204.0,2700,550350.0,TQBR
2018-06-06,204.0,220.0,199.5,200.0,9500,1958750.0,TQBR
2018-06-07,200.0,200.0,190.0,200.0,3100,610450.0,TQBR
2018-06-08,199.5,209.5,199.5,200.0,2900,582850.0,TQBR
2018-06-09,200.5,200.5,199.0,199.0,1300,260000.0,TQBR
2018-06-11,203.0,219.5,200.0,200.0,1100,227700.0,TQBR
2018-06-13,191.5,200.0,191.5,200.0,3100,617400.0,TQBR
2018-06-14,204.5,219.5,199.5,200.0,2300,469750.0,TQBR
2018-06-15,193.0,203.0,193.0,203.0,2100,425150.0,TQBR
2018-06-18,203.0,203.0,191.5,202.5,2800,556350.0,TQBR
2018-06-19,196.5,202.0,196.5,202.0,1200,241200.0,TQBR
2018-06-20,196.5,202.0,196.5,201.0,1000,199700.0,TQBR
2018-06-21,200.0,200.0,180.0,197.0,3100,601500.0,TQBR
2018-06-22,197.0,199.0,197.0,197.5,500,99050.0,TQBR
2018-06-25,194.5,203.0,194.5,200.0,3400,681000.0,TQBR
2018-06-26,200.0,200.0,199.5,199.5,1700,339900.0,TQBR
2018-06-27,200.0,200.0,199.5,200.0,2700,539950.0,TQBR
2018-06-28,200.0,200.0,200.0,200.0,1200,240000.0,TQBR
2018-06-29,200.0,200.0,200.0,200.0,2900,580000.0,TQBR
2018-07-02,199.0,199.0,199.0,199.0,2700,537300.0,TQBR
2018-07-03,199.0,199.0,184.0,184.0,3100,615400.0,TQBR
2018-07-05,198.5,199.0,198.5,199.0,2400,477550.0,TQBR
2018-07-06,192.0,199.0,185.0,199.0,4000,791200.0,TQBR
2018-07-09,203.0,203.0,199.0,199.0,400,80400.0,TQBR
2018-07-11,184.5,190.0,184.5,190.0,400,74350.0,TQBR
2018-07-12,187.0,187.0,187.0,187.0,100,18700.0,TQBR
2018-07-13,183.5,195.5,183.5,195.5,200,37900.0,TQBR
2018-07-16,185.5,185.5,185.5,185.5,200,37100.0,TQBR
2018-07-17,192.5,192.5,191.0,191.0,400,76650.0,TQBR
2018-07-19,181.5,181.5,175.0,178.5,3600,642850.0,TQBR
2018-07-20,177.0,177.0,172.0,175.0,1600,279950.0,TQBR
2018-07-23,175.0,175.0,165.0,165.0,3200,535750.0,TQBR
2018-07-24,160.5,165.0,160.0,165.0,5100,835050.0,TQBR
2018-07-25,155.5,160.0,155.5,160.0,200,31550.0,TQBR
2018-07-27,151.5,169.0,151.5,160.0,400,64200.0,TQBR
2018-07-30,169.0,169.0,155.0,155.0,900,144100.0,TQBR
2018-07-31,158.5,158.5,158.5,158.5,100,15850.0,TQBR
2018-08-01,166.5,166.5,153.0,159.0,1100,176550.0,TQBR
2018-08-03,150.5,158.5,150.5,158.5,700,108650.0,TQBR
2018-08-07,157.0,157.0,157.0,157.0,100,15700.0,TQBR
2018-08-08,155.0,158.5,155.0,158.5,200,31350.0,TQBR
2018-08-09,154.0,154.0,154.0,154.0,100,15400.0,TQBR
2018-08-15,167.0,167.0,167.0,167.0,100,16700.0,TQBR
2018-08-16,167.5,168.0,153.5,155.0,900,144300.0,TQBR
2018-08-17,152.5,157.5,152.0,157.5,1000,153200.0,TQBR
2018-08-20,154.5,158.5,154.5,158.5,7100,1105200.0,TQBR
2018-08-21,158.5,158.5,158.5,158.5,200,31700.0,TQBR
2018-08-23,161.5,161.5,149.5,149.5,2000,319400.0,TQBR
2018-08-27,150.0,155.0,150.0,152.5,300,45750.0,TQBR
2018-08-29,155.0,157.5,150.5,153.0,1000,153850.0,TQBR
2018-08-30,150.5,150.5,150.0,150.5,300,45100.0,TQBR
2018-08-31,150.0,150.0,143.0,145.5,3000,442000.0,TQBR
2018-09-03,149.5,150.0,149.5,150.0,600,89850.0,TQBR
2018-09-04,140.5,152.0,137.5,152.0,2700,393100.0,TQBR
2018-09-05,155.0,155.0,150.0,150.0,300,45500.0,TQBR
2018-09-06,145.5,145.5,145.5,145.5,200,29100.0,TQBR
2018-09-07,145.5,150.0,140.5,144.0,1200,173350.0,TQBR
2018-09-10,140.0,141.0,135.5,138.5,1500,205950.0,TQBR
2018-09-11,139.0,142.5,137.0,137.0,1600,222350.0,TQBR
2018-09-12,144.5,154.0,140.5,150.0,1100,162850.0,TQBR
2018-09-13,154.0,159.0,154.0,154.0,400,62200.0,TQBR
2018-09-14,153.5,182.5,153.5,182.5,4500,773950.0,TQBR
2018-09-17,170.0,175.0,162.0,170.0,1500,254050.0,TQBR
2018-09-18,170.0,170.0,168.0,168.0,400,67800.0,TQBR
2018-09-19,165.0,166.0,165.0,165.0,400,66150.0,TQBR
2018-09-21,162.0,162.0,159.5,160.0,400,64350.0,TQBR
2018-09-24,161.0,161.0,161.0,161.0,200,32200.0,TQBR
2018-09-25,161.5,161.5,161.0,161.0,500,80550.0,TQBR
2018-09-26,161.0,161.0,161.0,161.0,100,16100.0,TQBR
2018-09-27,160.0,161.0,160.0,160.0,900,144550.0,TQBR
2018-09-28,161.0,161.0,151.0,155.0,800,127200.0,TQBR
2018-10-01,153.0,153.0,153.0,153.0,100,15300.0,TQBR
2018-10-03,157.0,158.0,156.0,158.0,1100,172700.0,TQBR
2018-10-05,150.5,152.0,150.0,152.0,1300,195300.0,TQBR
2018-10-08,150.0,153.5,150.0,153.5,200,30350.0,TQBR
2018-10-10,150.0,150.0,150.0,150.0,800,120000.0,TQBR
2018-10-11,150.0,150.0,150.0,150.0,100,15000.0,TQBR
2018-10-22,148.0,149.0,148.0,149.0,300,44500.0,TQBR
2018-10-23,149.0,150.0,141.0,145.0,1100,161900.0,TQBR
2018-10-24,145.0,150.0,145.0,150.0,800,117500.0,TQBR
2018-10-25,121.5,149.5,121.5,141.0,1400,198900.0,TQBR
2018-10-26,149.0,149.0,149.0,149.0,100,14900.0,TQBR
2018-10-30,149.0,149.5,148.0,149.5,500,74550.0,TQBR
2018-11-02,134.0,148.0,134.0,147.0,1000,143400.0,TQBR
2018-11-07,147.0,147.0,147.0,147.0,30,4410.0,TQBR
2018-11-12,148.0,148.0,147.5,147.5,350,51630.0,TQBR
2018-11-13,144.0,144.0,144.0,144.0,60,8640.0,TQBR
2018-11-14,145.0,145.0,145.0,145.0,100,14500.0,TQBR
2018-11-15,144.0,144.0,140.0,140.0,220,31050.0,TQBR
2018-11-16,142.5,146.0,140.0,140.0,1840,258320.0,TQBR
2018-11-19,143.5,144.5,140.0,140.0,360,50930.0,TQBR
2018-11-20,140.0,141.5,140.0,140.0,40,5615.0,TQBR
2018-11-21,142.0,142.0,137.5,140.0,280,39160.0,TQBR
2018-11-22,140.0,140.0,139.0,139.0,410,57390.0,TQBR
2018-11-23,140.0,140.0,140.0,140.0,140,19600.0,TQBR
2018-11-26,137.5,140.0,137.5,139.0,810,112815.0,TQBR
2018-11-27,145.5,145.5,141.0,141.0,100,14365.0,TQBR
2018-11-28,147.0,158.5,139.0,141.5,310,45490.0,TQBR
2018-11-29,143.0,143.0,140.0,143.0,860,121105.0,TQBR
2018-11-30,142.0,142.5,141.5,141.5,220,31275.0,TQBR
2018-12-03,142.0,142.0,141.5,141.5,30,4250.0,TQBR
2018-12-04,140.5,141.0,140.5,141.0,80,11245.0,TQBR
2018-12-05,141.0,142.5,139.5,142.5,130,18345.0,TQBR
2018-12-06,140.0,143.0,139.0,143.0,690,96900.0,TQBR
2018-12-07,141.0,141.0,139.0,140.5,430,60205.0,TQBR
2018-12-10,138.0,140.5,138.0,140.5,300,41850.0,TQBR
2018-12-11,140.0,140.0,138.5,139.5,280,39065.0,TQBR
2018-12-12,140.0,140.0,139.0,139.5,260,36155.0,TQBR
2018-12-14,138.0,140.0,135.5,140.0,1030,142345.0,TQBR
2018-12-17,138.5,138.5,134.0,138.0,410,56390.0,TQBR
2018-12-20,136.5,139.0,136.5,138.0,110,15155.0,TQBR
2018-12-21,141.5,141.5,140.0,140.0,20,2815.0,TQBR
2018-12-24,142.0,142.0,138.0,139.0,150,20870.0,TQBR
2018-12-25,137.5,139.0,125.5,139.0,1250,160515.0,TQBR
2018-12-26,145.0,145.0,126.0,138.0,560,75405.0,TQBR
2018-12-27,138.0,138.0,137.5,137.5,20,2755.0,TQBR
2018-12-28,136.5,136.5,132.0,132.0,70,9285.0,TQBR
2018-12-29,136.5,141.0,134.5,139.0,420,57490.0,TQBR
2019-01-03,136.0,138.5,131.0,137.5,400,53300.0,TQBR
2019-01-04,135.5,138.0,135.0,138.0,1720,232580.0,TQBR
2019-01-09,138.5,140.5,132.0,140.5,140,18825.0,TQBR
2019-01-10,138.5,140.0,135.5,140.0,150,20730.0,TQBR
2019-01-11,138.0,140.0,135.0,138.0,510,70365.0,TQBR
2019-01-14,135.5,140.0,134.5,135.5,630,86255.0,TQBR
2019-01-15,136.0,141.0,136.0,138.0,970,134610.0,TQBR
2019-01-16,136.0,143.5,136.0,143.5,3820,535850.0,TQBR
2019-01-17,143.0,144.5,143.0,143.0,2570,368890.0,TQBR
2019-01-18,147.5,147.5,143.0,143.0,1700,243470.0,TQBR
2019-01-21,143.0,143.0,141.5,142.0,470,67095.0,TQBR
2019-01-22,140.5,146.0,140.0,146.0,1830,259645.0,TQBR
2019-01-23,143.0,150.5,142.5,146.0,3110,448200.0,TQBR
2019-01-24,146.0,146.0,142.5,143.5,2420,351190.0,TQBR
2019-01-25,142.5,144.5,140.5,143.5,3860,549630.0,TQBR
2019-01-28,145.0,145.0,142.5,142.5,1850,264050.0,TQBR
2019-01-29,141.0,141.0,138.0,138.0,20,2790.0,TQBR
2019-01-30,140.5,142.0,140.5,142.0,20,2825.0,TQBR
2019-01-31,142.5,147.0,139.5,142.5,2610,370500.0,TQBR
2019-02-01,144.0,144.0,139.0,144.0,2690,380125.0,TQBR
2019-02-04,141.0,142.5,138.5,142.5,1420,198675.0,TQBR
2019-02-05,139.0,142.0,138.5,138.5,1810,251775.0,TQBR
2019-02-06,139.0,141.0,136.5,139.0,6220,854740.0,TQBR
2019-02-07,141.0,141.0,137.0,141.0,2330,324895.0,TQBR
2019-02-08,137.5,140.5,137.5,140.5,510,70680.0,TQBR
2019-02-11,138.5,158.0,137.5,144.5,21360,3056725.0,TQBR
2019-02-12,143.0,158.0,140.5,151.0,10100,1492540.0,TQBR
2019-02-13,155.0,170.0,149.5,154.0,15380,2456720.0,TQBR
2019-02-14,152.0,153.5,145.5,153.5,2960,441855.0,TQBR
2019-02-15,156.5,156.5,148.0,149.5,2050,307990.0,TQBR
2019-02-18,154.0,159.5,150.5,151.5,4830,738145.0,TQBR
2019-02-19,150.0,151.0,149.0,150.0,250,37540.0,TQBR
2019-02-20,149.0,159.0,149.0,154.5,10240,1584240.0,TQBR
2019-02-21,153.0,154.0,146.0,149.5,13100,1976055.0,TQBR
2019-02-22,149.0,149.0,143.0,146.0,1920,279355.0,TQBR
2019-02-25,145.0,147.0,145.0,146.0,190,27745.0,TQBR
2019-02-26,146.0,147.0,143.5,147.0,440,63705.0,TQBR
2019-02-27,147.5,148.0,145.0,147.0,80,11735.0,TQBR
2019-02-28,145.0,145.5,144.5,145.5,150,21740.0,TQBR
2019-03-01,145.5,147.0,144.5,145.5,410,59925.0,TQBR
2019-03-04,142.5,146.5,142.5,145.5,380,54875.0,TQBR
2019-03-05,145.5,145.5,142.5,145.5,310,44895.0,TQBR
2019-03-06,140.5,145.5,140.5,145.5,350,49905.0,TQBR
2019-03-07,144.5,144.5,144.5,144.5,210,30345.0,TQBR
2019-03-11,144.0,146.0,141.5,146.0,680,97750.0,TQBR
2019-03-12,144.0,149.5,144.0,149.5,1700,246910.0,TQBR
2019-03-13,149.0,149.5,147.5,148.0,2330,347205.0,TQBR
2019-03-14,147.0,147.0,147.0,147.0,1520,223440.0,TQBR
2019-03-15,145.0,148.0,139.0,147.5,8070,1149660.0,TQBR
2019-03-18,145.0,145.5,142.5,145.0,230,33050.0,TQBR
2019-03-19,142.5,145.0,142.5,145.0,240,34740.0,TQBR
2019-03-20,144.5,145.0,144.5,145.0,130,18840.0,TQBR
2019-03-21,145.0,145.0,145.0,145.0,1160,168200.0,TQBR
2019-03-22,142.0,149.0,142.0,146.5,3280,476820.0,TQBR
2019-03-25,145.0,158.0,145.0,147.5,9510,1434740.0,TQBR
2019-03-26,148.5,151.5,148.5,151.5,540,80735.0,TQBR
2019-03-27,150.5,151.5,148.5,148.5,640,96065.0,TQBR
2019-03-28,149.5,149.5,148.5,149.0,300,44595.0,TQBR
2019-03-29,150.5,158.5,150.5,153.0,5430,837465.0,TQBR
2019-04-01,152.5,158.5,152.5,155.0,7800,1206980.0,TQBR
2019-04-02,155.0,167.5,155.0,165.5,10080,1619730.0,TQBR
2019-04-03,165.0,198.5,163.0,183.0,13130,2263395.0,TQBR
2019-04-04,180.5,209.0,177.0,195.5,22920,4360970.0,TQBR
2019-04-05,195.5,199.0,192.0,195.0,1440,279030.0,TQBR
2019-04-08,195.5,205.5,195.5,203.0,4790,968785.0,TQBR
2019-04-09,203.5,208.5,200.5,208.0,5750,1180980.0,TQBR
2019-04-10,209.5,213.0,203.0,212.0,16280,3363520.0,TQBR
2019-04-11,200.5,216.0,200.5,210.0,7630,1604620.0,TQBR
2019-04-12,201.5,209.5,201.0,209.5,680,139595.0,TQBR
2019-04-15,200.0,230.0,200.0,216.0,12510,2725520.0,TQBR
2019-04-16,223.0,223.0,210.0,216.0,170,36540.0,TQBR
2019-04-17,226.5,249.5,216.5,237.5,20120,4706855.0,TQBR
2019-04-18,255.0,255.0,230.0,249.0,10000,2410205.0,TQBR
2019-04-19,255.0,255.0,241.0,243.5,1670,413840.0,TQBR
2019-04-22,236.0,239.5,236.0,236.0,540,127655.0,TQBR
2019-04-23,230.0,235.0,221.5,223.5,3660,836145.0,TQBR
2019-04-24,200.5,228.0,200.5,213.5,9320,2042715.0,TQBR
2019-04-25,204.5,217.0,202.5,207.5,8900,1841940.0,TQBR
2019-04-26,201.0,207.0,195.0,207.0,7580,1508245.0,TQBR
2019-04-29,211.0,215.0,202.0,202.0,2210,459050.0,TQBR
2019-04-30,208.0,208.0,204.0,204.0,490,100640.0,TQBR
2019-05-02,223.0,223.0,200.0,202.0,180,36670.0,TQBR
2019-05-03,201.5,206.0,201.5,202.5,450,91935.0,TQBR
2019-05-06,205.5,208.0,200.5,208.0,2390,494475.0,TQBR
2019-05-07,206.5,209.0,205.0,209.0,2440,504760.0,TQBR
2019-05-08,207.0,207.0,202.0,203.5,2490,508275.0,TQBR
2019-05-10,202.0,207.5,202.0,207.5,850,171785.0,TQBR
2019-05-13,205.0,208.0,194.5,200.0,7690,1563925.0,TQBR
2019-05-14,200.0,200.0,191.5,197.5,270,53020.0,TQBR
2019-05-15,198.5,199.5,194.0,197.5,1560,309615.0,TQBR
2019-05-16,199.5,214.0,199.5,209.0,26000,5383665.0,TQBR
2019-05-17,205.0,222.0,205.0,221.0,18110,3928320.0,TQBR
2019-05-20,213.5,250.0,213.5,243.0,9120,2146825.0,TQBR
2019-05-21,238.5,299.0,238.5,243.0,35680,9230655.0,TQBR
2019-05-22,243.0,275.0,240.0,244.0,43700,11080125.0,TQBR
2019-05-23,242.0,242.0,221.0,234.5,7430,1722435.0,TQBR
2019-05-24,221.0,232.5,220.5,232.5,1840,414235.0,TQBR
2019-05-27,232.5,232.5,218.5,224.5,510,112275.0,TQBR
2019-05-28,233.5,233.5,220.0,230.0,580,132655.0,TQBR
2019-05-29,225.0,249.5,219.0,230.0,15780,3725175.0,TQBR
2019-05-30,232.0,232.5,219.5,230.0,4480,1008265.0,TQBR
2019-05-31,225.0,228.5,220.0,228.5,210,46985.0,TQBR
2019-06-03,229.5,237.0,220.0,223.0,7510,1701460.0,TQBR
2019-06-04,224.5,225.0,219.5,224.5,120,26565.0,TQBR
2019-06-05,220.0,223.5,219.5,223.5,370,81645.0,TQBR
2019-06-06,219.5,226.5,218.5,222.0,8380,1850275.0,TQBR
2019-06-07,218.0,223.5,218.0,222.0,100,22005.0,TQBR
2019-06-10,222.0,223.0,218.5,223.0,50,11085.0,TQBR
2019-06-11,225.0,225.0,224.0,224.5,3280,736450.0,TQBR
2019-06-13,215.5,220.0,200.5,209.0,920,195925.0,TQBR
2019-06-14,218.0,218.0,210.0,210.5,1390,295920.0,TQBR
2019-06-17,215.0,215.0,204.5,208.0,4290,889080.0,TQBR
2019-06-18,208.0,208.0,206.5,207.0,600,123960.0,TQBR
2019-06-19,224.0,224.0,208.0,212.0,1350,283900.0,TQBR
2019-06-20,206.0,212.0,206.0,210.5,1550,324895.0,TQBR
2019-06-21,208.0,212.5,208.0,212.5,1170,245470.0,TQBR
2019-06-24,212.0,212.0,210.5,211.0,1110,234230.0,TQBR
2019-06-25,211.0,220.0,211.0,219.5,92170,20238735.0,TQBR
2019-06-26,216.5,223.0,215.0,217.0,1880,409815.0,TQBR
2019-06-27,213.5,220.5,213.0,216.5,2130,464285.0,TQBR
2019-06-28,214.0,221.5,213.5,221.5,7150,1557665.0,TQBR
2019-07-01,223.0,223.0,218.0,221.5,3350,733340.0,TQBR
2019-07-02,218.0,222.0,218.0,221.5,940,206110.0,TQBR
2019-07-03,218.5,221.5,218.5,221.5,220,48270.0,TQBR
2019-07-04,220.0,225.0,219.5,220.5,670,147610.0,TQBR
2019-07-05,220.0,223.5,218.0,219.0,1520,333895.0,TQBR
2019-07-08,219.0,221.0,219.0,219.5,910,199975.0,TQBR
2019-07-09,219.5,221.5,219.5,220.0,270,59340.0,TQBR
2019-07-10,219.0,223.0,216.5,220.0,220,48390.0,TQBR
2019-07-11,221.0,221.0,220.0,220.0,60,13220.0,TQBR
2019-07-12,220.0,226.0,217.5,224.0,5890,1306585.0,TQBR
2019-07-15,227.5,227.5,220.0,221.0,720,160565.0,TQBR
2019-07-16,221.0,223.5,218.5,219.5,1250,274445.0,TQBR
2019-07-17,220.0,220.0,220.0,220.0,60,13200.0,TQBR
2019-07-18,220.0,238.5,212.5,237.0,12080,2684820.0,TQBR
2019-07-19,226.5,236.5,225.0,236.0,7320,1693955.0,TQBR
2019-07-22,232.5,239.5,228.5,238.0,6130,1429705.0,TQBR
2019-07-23,238.0,246.0,238.0,242.5,3970,957475.0,TQBR
2019-07-24,247.0,276.0,241.5,251.5,13560,3454250.0,TQBR
2019-07-25,243.5,252.5,232.5,250.0,2570,630910.0,TQBR
2019-07-26,265.0,269.0,255.0,259.5,3960,1022930.0,TQBR
2019-07-29,264.5,297.5,260.5,287.0,13970,3808310.0,TQBR
2019-07-30,292.5,292.5,276.5,280.0,1880,531750.0,TQBR
2019-07-31,285.0,286.5,270.0,270.0,7010,1948415.0,TQBR
2019-08-01,267.5,276.0,265.0,265.0,5290,1448670.0,TQBR
2019-08-02,284.5,284.5,250.0,257.5,2380,638865.0,TQBR
2019-08-05,259.0,270.0,255.0,260.0,6610,1711565.0,TQBR
2019-08-06,269.5,270.0,262.5,270.0,570,151130.0,TQBR
2019-08-07,268.0,282.5,268.0,279.0,2230,613820.0,TQBR
2019-08-08,284.5,285.0,277.0,285.0,1400,393330.0,TQBR
2019-08-09,280.5,286.0,280.0,285.0,2090,586510.0,TQBR
2019-08-12,280.0,285.0,277.0,284.5,3720,1048535.0,TQBR
2019-08-13,280.5,285.0,265.0,273.0,6020,1664515.0,TQBR
2019-08-14,265.0,272.5,255.0,255.0,980,265175.0,TQBR
2019-08-15,252.5,285.0,252.5,285.0,2330,645805.0,TQBR
2019-08-16,282.5,285.0,271.5,272.0,1040,289510.0,TQBR
2019-08-19,274.5,280.5,274.5,280.5,710,199070.0,TQBR
2019-08-20,279.0,284.0,278.5,278.5,1920,536200.0,TQBR
2019-08-21,270.0,299.5,269.5,287.0,900,254900.0,TQBR
2019-08-22,276.5,300.0,276.5,291.5,1410,414920.0,TQBR
2019-08-23,283.0,295.5,282.5,286.5,3520,1008165.0,TQBR
2019-08-26,280.5,352.5,280.5,285.5,10540,3091720.0,TQBR
2019-08-27,281.5,287.0,280.0,280.5,3500,990000.0,TQBR
2019-08-28,275.0,281.0,275.0,281.0,3840,1075090.0,TQBR
2019-08-29,281.0,282.0,268.5,272.0,11070,3021340.0,TQBR
2019-08-30,270.0,273.0,252.5,262.5,16270,4418280.0,TQBR
2019-09-02,267.5,267.5,257.5,258.5,11270,2924630.0,TQBR
2019-09-03,264.0,264.5,252.5,256.5,7260,1867805.0,TQBR
2019-09-04,250.5,256.5,250.0,255.5,1210,309055.0,TQBR
2019-09-05,252.5,256.0,252.5,254.0,1070,272485.0,TQBR
2019-09-06,256.0,256.0,255.0,255.5,1740,444400.0,TQBR
2019-09-09,264.5,264.5,256.0,256.0,1990,510340.0,TQBR
2019-09-10,255.0,260.0,255.0,256.5,1020,261255.0,TQBR
2019-09-11,254.5,254.5,246.5,253.0,4280,1080675.0,TQBR
2019-09-12,251.0,251.0,244.0,244.0,5870,1443880.0,TQBR
2019-09-13,243.0,243.0,234.0,238.0,3030,723100.0,TQBR
2019-09-16,240.5,243.0,230.5,232.5,5710,1354025.0,TQBR
2019-09-17,233.0,233.0,225.5,225.5,3420,779110.0,TQBR
2019-09-18,225.5,226.0,219.5,225.0,2780,619370.0,TQBR
2019-09-19,225.5,225.5,223.0,223.0,2790,625565.0,TQBR
2019-09-20,227.0,237.0,222.5,223.5,4240,956490.0,TQBR
2019-09-23,223.5,225.0,219.5,225.0,3020,674925.0,TQBR
2019-09-24,222.0,226.0,218.0,224.0,1310,291740.0,TQBR
2019-09-25,219.0,222.5,216.0,221.0,4810,1048785.0,TQBR
2019-09-26,219.5,221.5,219.0,221.5,1440,318215.0,TQBR
2019-09-27,221.0,222.0,221.0,222.0,1110,245825.0,TQBR
2019-09-30,219.5,222.0,219.0,222.0,1500,332120.0,TQBR
2019-10-01,219.0,222.0,219.0,222.0,1570,347575.0,TQBR
2019-10-02,221.5,221.5,219.5,219.5,1300,287675.0,TQBR
2019-10-03,220.5,221.5,220.5,221.5,990,218675.0,TQBR
2019-10-04,221.5,221.5,218.5,220.5,1240,274375.0,TQBR
2019-10-07,219.5,220.5,218.5,220.5,6970,1529585.0,TQBR
2019-10-08,219.5,219.5,218.5,218.5,1780,390660.0,TQBR
2019-10-09,217.0,219.0,217.0,217.0,1710,374375.0,TQBR
2019-10-10,218.0,218.5,218.0,218.5,1880,410735.0,TQBR
2019-10-11,218.5,219.0,216.5,218.5,1380,301585.0,TQBR
2019-10-14,218.0,219.0,218.0,219.0,3210,702490.0,TQBR
2019-10-15,219.0,219.5,218.5,218.5,1040,228265.0,TQBR
2019-10-16,219.5,219.5,218.5,218.5,1110,243520.0,TQBR
2019-10-17,219.5,219.5,219.0,219.0,6090,1336730.0,TQBR
2019-10-18,219.0,219.5,219.0,219.5,4680,1027180.0,TQBR
2019-10-21,220.5,220.5,217.0,219.5,1800,393580.0,TQBR
2019-10-22,217.0,220.0,217.0,219.5,1160,254435.0,TQBR
2019-10-23,218.0,220.0,215.0,217.0,1340,293275.0,TQBR
2019-10-24,217.0,217.5,216.5,217.0,1300,282545.0,TQBR
2019-10-25,213.5,217.5,212.5,213.0,1840,394910.0,TQBR
2019-10-28,219.0,219.0,209.5,212.0,7900,1682295.0,TQBR
2019-10-29,211.0,212.0,211.0,212.0,1220,258390.0,TQBR
2019-10-30,211.5,212.5,208.5,212.5,2850,599960.0,TQBR
2019-10-31,213.0,213.0,208.5,213.0,2540,536880.0,TQBR
2019-11-01,212.0,212.5,207.5,212.5,6250,1304680.0,TQBR
2019-11-05,211.0,211.5,207.5,211.5,2190,462310.0,TQBR
2019-11-06,211.0,211.5,210.0,210.0,3680,777250.0,TQBR
2019-11-07,211.5,211.5,206.0,207.5,4280,892940.0,TQBR
2019-11-08,207.5,208.0,207.5,208.0,1370,284880.0,TQBR
2019-11-11,219.0,219.0,206.5,208.5,3180,664735.0,TQBR
2019-11-12,209.0,209.0,201.0,204.0,13940,2842100.0,TQBR
2019-11-13,204.0,206.5,200.0,201.5,9770,1976220.0,TQBR
2019-11-14,200.5,202.0,200.5,201.0,3960,798915.0,TQBR
2019-11-15,201.5,201.5,201.0,201.5,2800,563920.0,TQBR
2019-11-18,201.5,201.5,199.0,199.0,1820,363910.0,TQBR
2019-11-19,199.5,199.5,198.0,198.5,2200,438180.0,TQBR
2019-11-20,197.0,197.5,192.5,196.0,3550,691700.0,TQBR
2019-11-21,192.5,198.0,192.5,198.0,2860,556435.0,TQBR
2019-11-22,199.0,199.0,195.0,199.0,3070,601250.0,TQBR
2019-11-25,200.0,200.0,196.0,196.5,5700,1124840.0,TQBR
2019-11-26,196.0,197.0,196.0,197.0,3380,665645.0,TQBR
2019-11-27,196.0,197.5,196.0,196.0,4690,925075.0,TQBR
2019-11-28,196.0,198.0,188.5,194.0,9510,1852835.0,TQBR
2019-11-29,193.5,194.5,191.5,194.5,1380,267460.0,TQBR
2019-12-02,195.0,206.5,195.0,205.0,1850,367890.0,TQBR
2019-12-03,201.0,224.5,201.0,214.5,12020,2541740.0,TQBR
2019-12-04,223.0,243.0,218.0,230.0,33050,7671765.0,TQBR
2019-12-05,232.5,245.0,230.0,233.5,27370,6499670.0,TQBR
2019-12-06,232.0,234.0,225.0,229.5,3040,695720.0,TQBR
2019-12-09,230.0,237.0,225.5,230.0,10700,2496200.0,TQBR
2019-12-10,226.5,237.5,225.0,230.0,21520,4973605.0,TQBR
2019-12-11,228.0,236.0,226.0,234.0,239120,55045885.0,TQBR
2019-12-12,234.5,234.5,227.0,230.0,91960,21151920.0,TQBR
2019-12-13,232.5,277.5,232.5,251.5,258220,64519160.0,TQBR
2019-12-16,251.0,258.0,231.0,234.0,36630,8905880.0,TQBR
2019-12-17,234.0,237.0,226.5,233.0,14590,3369805.0,TQBR
2019-12-18,229.0,231.0,223.5,230.0,56230,12892945.0,TQBR
2019-12-19,229.0,233.0,228.0,229.5,1820,419250.0,TQBR
2019-12-20,229.0,229.5,224.0,227.0,5910,1336180.0,TQBR
2019-12-23,227.0,231.5,227.0,231.0,112560,25886755.0,TQBR
2019-12-24,232.5,233.0,227.5,229.0,1370,315710.0,TQBR
2019-12-25,226.5,230.0,223.5,225.0,6580,1489350.0,TQBR
2019-12-26,225.0,226.0,223.0,224.0,1700,380465.0,TQBR
2019-12-27,223.5,233.5,223.0,231.0,2560,587200.0,TQBR
2019-12-30,233.0,258.5,228.5,255.5,41750,10469745.0,TQBR
2020-01-03,246.5,249.5,230.0,242.0,11620,2812635.0,TQBR
2020-01-06,244.0,244.5,235.0,235.5,3390,801740.0,TQBR
2020-01-08,236.5,254.5,236.0,254.0,8180,2023660.0,TQBR
2020-01-09,243.5,250.5,242.0,249.0,8720,2136580.0,TQBR
2020-01-10,249.0,260.0,244.0,254.0,480260,120546930.0,TQBR
2020-01-13,253.0,254.5,246.5,254.5,6240,1558110.0,TQBR
2020-01-14,254.0,274.0,249.0,273.0,15240,3983060.0,TQBR
2020-01-15,278.0,280.0,255.0,269.0,6580,1794015.0,TQBR
2020-01-16,268.5,271.0,255.0,257.5,9520,2483200.0,TQBR
2020-01-17,263.5,293.5,255.0,288.0,36590,10006140.0,TQBR
2020-01-20,290.0,359.0,290.0,321.0,265720,85971870.0,TQBR
2020-01-21,330.0,337.5,312.0,330.0,55700,18262065.0,TQBR
2020-01-22,334.5,335.0,311.0,320.0,25680,8217380.0,TQBR
2020-01-23,314.0,328.0,300.5,311.0,6180,1932855.0,TQBR
2020-01-24,313.0,314.0,308.0,308.5,3350,1036075.0,TQBR
2020-01-27,302.5,304.5,287.0,298.5,17270,5065760.0,TQBR
2020-01-28,298.0,310.0,294.5,309.5,14430,4434275.0,TQBR
2020-01-29,308.0,323.5,302.5,306.0,10730,3334520.0,TQBR
2020-01-30,303.0,306.5,295.0,301.0,8550,2558070.0,TQBR
2020-01-31,302.5,310.0,301.5,309.5,12500,3850185.0,TQBR
2020-02-03,307.5,310.0,301.5,308.5,8850,2725230.0,TQBR
2020-02-04,310.0,311.0,303.0,311.0,28970,8974690.0,TQBR
2020-02-05,311.0,311.0,304.0,310.0,5900,1825430.0,TQBR
2020-02-06,311.0,311.0,298.5,310.0,12930,3964070.0,TQBR
2020-02-07,301.5,308.5,300.0,306.0,8880,2687750.0,TQBR
2020-02-10,304.0,304.5,300.5,304.5,72640,22007095.0,TQBR
2020-02-11,301.0,306.0,300.5,302.5,2070,625895.0,TQBR
2020-02-12,300.5,302.0,299.0,301.5,4020,1208405.0,TQBR
2020-02-13,299.5,300.0,291.5,294.5,11150,3280445.0,TQBR
2020-02-14,295.0,301.0,295.0,296.0,3200,952045.0,TQBR
2020-02-17,295.5,301.0,291.5,300.0,5890,1753535.0,TQBR
2020-02-18,301.0,305.5,296.0,298.5,5180,1548410.0,TQBR
2020-02-19,302.5,302.5,295.5,298.0,4900,1474540.0,TQBR
2020-02-20,302.0,310.5,301.0,304.0,4410,1345710.0,TQBR
2020-02-21,302.5,317.0,302.0,308.5,12920,3982355.0,TQBR
2020-02-25,303.0,307.5,297.0,297.0,17280,5238680.0,TQBR
2020-02-26,296.5,300.0,282.0,300.0,12390,3555900.0,TQBR
2020-02-27,297.5,297.5,280.0,280.0,5570,1589460.0,TQBR
2020-02-28,273.0,275.0,250.0,261.5,11740,3108545.0,TQBR
2020-03-02,279.0,279.5,255.0,255.0,12900,3393555.0,TQBR
2020-03-03,261.5,263.0,257.5,261.0,7230,1881230.0,TQBR
2020-03-04,261.5,265.0,259.5,264.0,2580,680665.0,TQBR
2020-03-05,265.0,267.0,251.0,257.0,12270,3178680.0,TQBR
2020-03-06,250.5,251.5,241.0,243.5,6840,1673570.0,TQBR
2020-03-10,239.5,265.5,223.0,234.0,4610,1089950.0,TQBR
2020-03-11,246.5,247.0,239.0,245.5,1070,262080.0,TQBR
2020-03-12,221.0,242.0,200.0,205.0,7950,1703875.0,TQBR
2020-03-13,212.0,230.0,210.0,218.5,5190,1148345.0,TQBR
2020-03-16,221.0,221.0,200.0,205.5,5400,1135445.0,TQBR
2020-03-17,213.5,213.5,181.0,192.5,16680,3216590.0,TQBR
2020-03-18,189.5,239.0,189.0,214.5,15890,3445355.0,TQBR
2020-03-19,201.5,239.0,184.5,215.0,12650,2754265.0,TQBR
2020-03-20,217.0,228.0,208.5,220.0,3710,822630.0,TQBR
2020-03-23,215.0,235.5,215.0,220.0,4350,987275.0,TQBR
2020-03-24,224.5,231.0,218.5,220.0,3870,853760.0,TQBR
2020-03-25,224.0,255.0,216.0,228.5,19680,4507280.0,TQBR
2020-03-26,222.5,229.0,222.5,229.0,590,132995.0,TQBR
2020-03-27,235.0,253.0,223.0,223.0,3710,859790.0,TQBR
2020-03-30,202.5,232.5,201.0,227.5,5630,1245050.0,TQBR
2020-03-31,227.5,247.0,215.0,233.5,13030,3006600.0,TQBR
2020-04-01,234.0,234.0,229.5,232.0,1270,292930.0,TQBR
2020-04-02,238.0,245.0,229.5,234.0,3130,742605.0,TQBR
2020-04-03,235.0,239.5,203.5,205.5,338030,71293955.0,TQBR
2020-04-06,206.0,218.5,203.0,204.0,149190,30711335.0,TQBR
2020-04-07,205.5,208.5,204.0,204.0,61590,12635840.0,TQBR
2020-04-08,204.0,204.0,201.0,202.5,21850,4415930.0,TQBR
2020-04-09,203.5,204.5,200.5,202.5,28520,5771270.0,TQBR
2020-04-10,202.5,216.0,200.0,213.0,105230,22179105.0,TQBR
2020-04-13,215.0,218.5,204.0,208.0,44890,9322450.0,TQBR
2020-04-14,209.5,211.5,206.0,206.0,19370,4031635.0,TQBR
2020-04-15,206.0,209.0,203.0,203.5,22340,4594060.0,TQBR
2020-04-16,204.0,206.0,203.0,205.5,13350,2728875.0,TQBR
2020-04-17,205.5,207.0,203.0,204.5,11130,2278525.0,TQBR
2020-04-20,205.0,206.5,203.5,204.0,20560,4212165.0,TQBR
2020-04-21,203.5,204.0,186.5,188.5,175030,33301740.0,TQBR
2020-04-22,188.0,192.5,187.0,191.5,32830,6234525.0,TQBR
2020-04-23,192.0,202.5,190.5,197.0,48540,9526555.0,TQBR
2020-04-24,194.5,201.0,194.5,198.0,8490,1672900.0,TQBR
2020-04-27,199.5,203.5,196.0,199.5,22510,4492320.0,TQBR
2020-04-28,200.0,202.0,198.0,201.0,10310,2057850.0,TQBR
2020-04-29,202.0,204.5,189.5,190.5,140080,27166295.0,TQBR
2020-04-30,191.0,198.0,191.0,195.0,46980,9148620.0,TQBR
2020-05-04,196.0,196.0,191.5,194.5,8370,1617905.0,TQBR
2020-05-05,194.5,196.0,193.0,195.0,6290,1226460.0,TQBR
2020-05-06,195.5,196.0,192.5,193.0,12810,2493465.0,TQBR
2020-05-07,196.0,198.0,194.0,194.5,14210,2785110.0,TQBR
2020-05-08,194.5,196.0,193.5,193.5,3830,745290.0,TQBR
2020-05-12,196.0,197.5,194.0,194.5,8650,1692915.0,TQBR
2020-05-13,194.0,194.5,191.5,192.0,7910,1522795.0,TQBR
2020-05-14,192.0,193.0,189.0,190.5,8830,1683095.0,TQBR
2020-05-15,189.5,193.0,189.5,193.0,6480,1243575.0,TQBR
2020-05-18,197.0,200.0,192.5,195.0,27340,5394480.0,TQBR
2020-05-19,195.5,196.5,193.5,194.5,7380,1435765.0,TQBR
2020-05-20,194.0,197.5,194.0,196.0,12580,2468245.0,TQBR
2020-05-21,197.0,198.0,196.5,197.0,10080,1989635.0,TQBR
2020-05-22,197.0,197.0,194.0,196.0,6540,1280000.0,TQBR
2020-05-25,198.0,209.0,196.5,204.5,55950,11282005.0,TQBR
2020-05-26,202.0,209.0,201.0,207.5,25630,5321680.0,TQBR
2020-05-27,209.5,209.5,199.0,201.0,15500,3167945.0,TQBR
2020-05-28,204.5,209.0,203.0,204.5,12060,2481350.0,TQBR
2020-05-29,208.5,208.5,200.5,205.5,6220,1262045.0,TQBR
2020-06-01,205.0,207.5,203.0,205.5,11990,2463325.0,TQBR
2020-06-02,204.5,208.5,203.5,207.0,10690,2212020.0,TQBR
2020-06-03,208.0,215.5,207.0,213.5,46900,9871250.0,TQBR
2020-06-04,215.0,228.0,213.5,220.5,67120,14841030.0,TQBR
2020-06-05,224.5,227.0,211.0,219.0,26910,5884505.0,TQBR
2020-06-08,215.0,225.5,214.0,220.5,33320,7421265.0,TQBR
2020-06-09,224.0,225.0,216.5,219.0,13040,2879205.0,TQBR
2020-06-10,221.5,222.0,214.5,218.5,14860,3247065.0,TQBR
2020-06-11,215.0,216.5,209.0,209.5,17900,3784340.0,TQBR
2020-06-15,213.5,213.5,201.0,206.5,10990,2265545.0,TQBR
2020-06-16,209.5,210.5,208.5,210.5,6060,1271520.0,TQBR
2020-06-17,210.5,212.0,207.0,207.5,9710,2033735.0,TQBR
2020-06-18,210.0,210.0,206.0,206.0,4250,880230.0,TQBR
2020-06-19,207.0,209.0,204.5,204.5,15140,3129050.0,TQBR
2020-06-22,207.0,209.0,205.0,206.0,4600,951830.0,TQBR
2020-06-23,208.0,212.0,208.0,209.5,6710,1409400.0,TQBR
2020-06-25,207.0,211.0,205.5,207.0,4590,947320.0,TQBR
2020-06-26,207.0,210.0,205.0,206.0,9990,2068805.0,TQBR
2020-06-29,205.0,207.0,202.5,203.5,6600,1348965.0,TQBR
2020-06-30,206.0,231.0,198.0,204.0,201930,42339415.0,TQBR
2020-07-02,204.0,216.0,202.0,208.0,41830,8672570.0,TQBR
2020-07-03,208.5,210.5,199.5,200.5,90800,18464570.0,TQBR
2020-07-06,204.5,205.5,197.5,200.0,81110,16241360.0,TQBR
2020-07-07,198.0,204.5,197.5,200.5,25390,5062305.0,TQBR
2020-07-08,199.0,203.0,190.0,197.0,346890,66473960.0,TQBR
2020-07-09,198.5,202.0,198.0,200.0,32520,6509000.0,TQBR
2020-07-10,200.0,201.5,189.5,194.5,182560,35224245.0,TQBR
2020-07-13,195.0,196.5,189.5,190.0,97420,18673505.0,TQBR
2020-07-14,191.0,198.0,186.0,194.0,61410,11773070.0,TQBR
2020-07-15,193.0,196.0,189.5,190.0,120850,23001920.0,TQBR
2020-07-16,191.5,192.0,189.5,190.5,66460,12642230.0,TQBR
2020-07-17,192.0,194.5,190.0,194.5,67210,12909320.0,TQBR
2020-07-20,195.5,198.5,193.5,194.0,102830,20083215.0,TQBR
2020-07-21,194.0,196.0,191.0,193.5,68530,13233895.0,TQBR
2020-07-22,193.5,195.0,191.5,192.5,61060,11757105.0,TQBR
2020-07-23,193.5,195.0,191.5,194.5,34510,6673230.0,TQBR
2020-07-24,195.5,195.5,190.5,192.0,112000,21421680.0,TQBR
2020-07-27,191.0,192.0,190.0,191.5,72860,13918940.0,TQBR
2020-07-28,191.5,192.5,191.0,192.5,38020,7298585.0,TQBR
2020-07-29,193.0,219.0,192.5,215.5,569230,118934405.0,TQBR
2020-07-30,216.0,220.0,198.5,200.5,449010,91991770.0,TQBR
2020-07-31,201.5,205.0,197.5,200.5,197390,39642395.0,TQBR
2020-08-03,201.0,204.5,199.5,201.5,203660,40870335.0,TQBR
2020-08-04,202.0,204.5,200.0,204.0,88900,17946885.0,TQBR
2020-08-05,205.0,209.5,202.5,207.5,120480,24881210.0,TQBR
2020-08-06,208.5,213.0,206.5,210.0,91560,19209575.0,TQBR
2020-08-07,210.0,212.0,208.5,211.0,53330,11182130.0,TQBR
2020-08-10,210.0,213.0,208.5,211.0,60710,12809390.0,TQBR
2020-08-11,211.0,215.0,211.0,214.5,84780,18092890.0,TQBR
2020-08-12,214.5,219.0,212.5,217.0,83390,18008780.0,TQBR
2020-08-13,218.0,222.0,216.0,220.5,63520,13933815.0,TQBR
2020-08-14,220.5,220.5,217.5,219.5,42660,9346325.0,TQBR
2020-08-17,225.0,225.0,210.0,213.0,197820,42781035.0,TQBR
2020-08-18,217.0,217.0,208.0,210.0,130470,27562065.0,TQBR
2020-08-19,211.5,211.5,205.0,209.0,105590,21922205.0,TQBR
2020-08-20,210.0,213.0,207.0,209.0,49210,10320805.0,TQBR
2020-08-21,212.5,214.5,207.5,214.0,81450,17265420.0,TQBR
2020-08-24,214.0,221.0,213.0,219.0,116040,25396010.0,TQBR
2020-08-25,221.5,222.0,217.0,220.0,85380,18751565.0,TQBR
2020-08-26,218.5,225.0,218.5,220.5,107060,23728960.0,TQBR
2020-08-27,221.0,224.0,219.5,221.0,87810,19494620.0,TQBR
2020-08-28,221.5,223.5,220.5,223.0,59880,13306525.0,TQBR
2020-08-31,223.5,226.5,209.5,223.5,405890,89200520.0,TQBR
2020-09-01,225.0,227.5,224.0,225.0,76920,17313220.0,TQBR
2020-09-02,225.5,233.5,225.0,228.0,169520,38652575.0,TQBR
2020-09-03,229.5,234.5,223.5,226.0,187900,43354975.0,TQBR
2020-09-04,225.0,229.0,219.5,227.5,67120,15133580.0,TQBR
2020-09-07,225.0,232.0,225.0,229.5,99830,22915235.0,TQBR
2020-09-08,229.0,232.0,222.0,225.5,135990,30953855.0,TQBR
2020-09-09,226.0,230.0,225.5,226.0,79660,18135520.0,TQBR
2020-09-10,222.0,223.5,219.5,222.5,60520,13387435.0,TQBR
2020-09-11,222.0,225.0,221.5,224.5,28050,6269685.0,TQBR
2020-09-14,225.0,226.5,222.5,226.0,42630,9583490.0,TQBR
2020-09-15,226.0,227.0,224.0,225.5,31130,7020625.0,TQBR
2020-09-16,226.0,226.5,224.0,225.0,19330,4356475.0,TQBR
2020-09-17,224.5,224.5,221.5,224.0,12660,2831835.0,TQBR
2020-09-18,223.0,224.5,220.0,220.5,26580,5907455.0,TQBR
2020-09-21,220.5,223.5,216.0,216.0,49400,10815295.0,TQBR
2020-09-22,216.5,221.5,216.5,218.5,20380,4450535.0,TQBR
2020-09-23,219.5,222.5,213.5,218.0,35510,7685100.0,TQBR
2020-09-24,216.5,217.0,213.5,215.0,27380,5887460.0,TQBR
2020-09-25,215.0,217.5,213.5,216.0,19080,4109385.0,TQBR
2020-09-28,216.0,222.0,214.5,221.5,97210,21201075.0,TQBR
2020-09-29,223.5,231.0,220.0,229.0,202740,45871140.0,TQBR
2020-09-30,230.5,232.5,226.5,230.5,60040,13841185.0,TQBR
2020-10-01,229.5,244.5,228.5,240.0,172700,41020395.0,TQBR
2020-10-02,241.0,271.0,231.5,257.5,382810,96776010.0,TQBR
2020-10-05,260.0,267.0,251.5,256.0,215320,56041865.0,TQBR
2020-10-06,255.5,262.5,231.5,253.0,132280,33069835.0,TQBR
2020-10-07,254.0,261.0,249.0,252.5,59180,15045200.0,TQBR
2020-10-08,250.5,254.5,235.5,245.5,68600,16918580.0,TQBR
2020-10-09,247.5,247.5,236.0,236.5,59060,14268415.0,TQBR
2020-10-12,240.0,250.5,233.0,248.5,78240,18940775.0,TQBR
2020-10-13,248.0,257.5,218.0,245.5,140650,34501215.0,TQBR
2020-10-14,242.5,249.5,238.0,244.0,17040,4191500.0,TQBR
2020-10-15,246.0,246.0,240.0,241.5,17340,4196240.0,TQBR
2020-10-16,241.0,241.0,237.0,240.0,18040,4304990.0,TQBR
2020-10-19,240.5,242.0,238.0,241.0,15260,3670530.0,TQBR
2020-10-20,242.0,242.0,236.5,237.0,36400,8657000.0,TQBR
2020-10-21,237.0,239.5,236.5,236.5,21240,5054470.0,TQBR
2020-10-22,236.5,237.5,232.0,235.0,41720,9760465.0,TQBR
2020-10-23,235.5,239.0,232.5,234.0,26540,6218025.0,TQBR
2020-10-26,234.5,234.5,228.5,231.0,32700,7543320.0,TQBR
2020-10-27,230.5,230.5,222.5,227.5,50850,11479415.0,TQBR
2020-10-28,226.5,226.5,220.0,221.0,40130,8935595.0,TQBR
2020-10-29,222.0,227.5,222.0,226.0,20030,4492705.0,TQBR
2020-10-30,226.0,227.5,224.0,226.0,17980,4064690.0,TQBR
2020-11-02,227.5,232.0,224.0,231.0,29780,6816900.0,TQBR
2020-11-03,237.0,237.0,229.0,235.0,23710,5562665.0,TQBR
2020-11-05,236.0,238.0,232.0,235.0,26140,6147730.0,TQBR
2020-11-06,236.0,237.0,233.0,234.5,18950,4434055.0,TQBR
2020-11-09,234.5,242.0,234.5,240.0,55670,13225960.0,TQBR
2020-11-10,241.0,241.5,237.0,239.0,39120,9360635.0,TQBR
2020-11-11,235.0,240.5,235.0,239.5,19960,4783395.0,TQBR
2020-11-12,239.0,240.0,236.5,238.5,30520,7277260.0,TQBR
2020-11-13,233.5,240.5,233.5,237.0,28420,6725760.0,TQBR
2020-11-16,237.5,247.0,236.5,243.5,57640,13982760.0,TQBR
2020-11-17,244.0,247.0,240.5,242.5,27830,6803370.0,TQBR
2020-11-18,242.5,247.0,242.0,244.5,27760,6793910.0,TQBR
2020-11-19,246.0,246.0,234.0,242.0,31390,7550430.0,TQBR
2020-11-20,241.0,244.0,239.5,241.5,20600,4970325.0,TQBR
2020-11-23,242.0,245.0,240.0,241.0,29800,7184435.0,TQBR
2020-11-24,240.5,242.0,240.0,240.5,24210,5822005.0,TQBR
2020-11-25,241.0,241.5,236.0,238.0,32930,7843245.0,TQBR
2020-11-26,237.5,239.5,235.5,238.5,14980,3551885.0,TQBR
2020-11-27,239.0,240.0,236.0,238.0,17690,4210060.0,TQBR
2020-11-30,238.5,244.0,238.0,240.0,46290,11155880.0,TQBR
2020-12-01,244.0,244.0,238.5,240.0,20830,5016405.0,TQBR
2020-12-02,240.5,244.5,237.0,239.0,49890,12000295.0,TQBR
2020-12-03,240.0,240.5,237.5,240.5,20580,4927240.0,TQBR
2020-12-04,239.5,242.5,237.0,241.0,27990,6732240.0,TQBR
2020-12-07,240.0,243.0,239.0,240.5,24190,5808730.0,TQBR
2020-12-08,240.5,240.5,238.5,239.5,10470,2505910.0,TQBR
2020-12-09,239.0,241.0,238.5,240.0,17640,4220475.0,TQBR
2020-12-10,240.0,240.0,238.0,239.0,15730,3760860.0,TQBR
2020-12-11,240.0,241.0,235.0,240.0,34540,8238345.0,TQBR
2020-12-14,239.5,242.0,238.5,240.5,29950,7193130.0,TQBR
2020-12-15,240.5,268.0,238.5,254.0,433860,111379555.0,TQBR
2020-12-16,263.0,263.0,249.5,251.0,159160,40817700.0,TQBR
2020-12-17,251.0,256.0,250.0,251.5,53510,13578955.0,TQBR
2020-12-18,250.0,255.5,247.5,252.0,45150,11344310.0,TQBR
2020-12-21,251.0,251.0,241.5,245.5,53280,13053120.0,TQBR
2020-12-22,245.0,252.0,244.0,248.0,41270,10269360.0,TQBR
2020-12-23,248.0,254.5,248.0,253.0,29430,7430735.0,TQBR
2020-12-24,253.5,258.0,248.5,252.0,46510,11772085.0,TQBR
2020-12-25,252.0,256.0,248.0,255.5,27020,6806320.0,TQBR
2020-12-28,251.0,255.0,250.5,253.5,24830,6277590.0,TQBR
2020-12-29,252.5,254.5,251.0,254.0,30690,7747005.0,TQBR
2020-12-30,250.5,271.5,250.5,261.5,141300,36904255.0,TQBR
2021-01-04,261.5,267.5,256.0,263.0,33960,8926520.0,TQBR
2021-01-05,264.5,268.0,263.0,265.0,32080,8532915.0,TQBR
2021-01-06,265.0,265.5,260.0,263.5,32500,8547375.0,TQBR
2021-01-08,264.0,274.0,263.5,267.0,61120,16402240.0,TQBR
2021-01-11,265.0,270.0,262.0,263.5,49350,13093845.0,TQBR
2021-01-12,263.5,268.0,260.0,262.0,36760,9673810.0,TQBR
2021-01-13,261.5,263.5,257.5,257.5,23690,6163015.0,TQBR
2021-01-14,257.0,259.5,254.0,259.0,16500,4241960.0,TQBR
2021-01-15,259.0,259.0,255.0,256.5,15820,4071565.0,TQBR
2021-01-18,255.0,259.5,251.0,258.5,19950,5089355.0,TQBR
2021-01-19,258.5,261.0,255.5,257.5,15010,3866225.0,TQBR
2021-01-20,255.0,265.0,255.0,262.0,38720,10053575.0,TQBR
2021-01-21,262.0,263.0,255.5,258.0,22360,5757300.0,TQBR
2021-01-22,256.5,256.5,245.5,255.0,43430,10905515.0,TQBR
2021-01-25,255.0,258.0,251.5,255.0,23810,6063805.0,TQBR
2021-01-26,255.5,255.5,252.5,255.0,10410,2644040.0,TQBR
2021-01-27,255.5,257.0,252.0,256.0,18620,4753065.0,TQBR
2021-01-28,255.5,256.0,250.5,254.0,15430,3895120.0,TQBR
2021-01-29,255.0,255.0,242.0,249.0,45080,11139205.0,TQBR
2021-02-01,249.0,254.0,248.0,249.0,27910,6989145.0,TQBR
2021-02-02,248.0,249.5,240.5,246.5,30910,7619210.0,TQBR
2021-02-03,247.0,253.0,244.0,249.0,32210,8003500.0,TQBR
2021-02-04,249.0,252.0,246.5,250.0,16950,4238260.0,TQBR
2021-02-05,250.5,251.0,249.0,251.0,8640,2161170.0,TQBR
2021-02-08,253.0,253.0,249.0,251.0,13960,3498445.0,TQBR
2021-02-09,250.0,251.0,248.0,250.0,9900,2469155.0,TQBR
2021-02-10,257.0,257.0,250.5,256.0,45160,11493290.0,TQBR
2021-02-11,257.0,259.0,252.0,256.0,38560,9878975.0,TQBR
2021-02-12,254.5,256.5,249.0,254.0,22510,5675610.0,TQBR
2021-02-15,254.0,256.0,252.5,254.5,15210,3873000.0,TQBR
2021-02-16,254.5,256.0,253.0,254.0,19190,4885990.0,TQBR
2021-02-17,251.5,256.0,251.5,253.0,17090,4349985.0,TQBR
2021-02-18,255.5,255.5,249.0,249.0,35150,8843565.0,TQBR
2021-02-19,249.5,253.0,247.5,252.5,45140,11295405.0,TQBR
2021-02-20,253.0,255.0,252.0,254.0,18150,4609670.0,TQBR
2021-02-22,252.0,256.0,251.5,254.0,12820,3246255.0,TQBR
2021-02-24,254.0,254.0,247.5,249.5,20710,5188495.0,TQBR
2021-02-25,249.5,254.0,248.5,252.0,41850,10531080.0,TQBR
2021-02-26,251.0,254.0,246.5,253.0,26060,6534545.0,TQBR
2021-03-01,253.0,254.0,250.0,250.5,10630,2667555.0,TQBR
2021-03-02,250.0,255.0,250.0,252.5,29780,7538665.0,TQBR
2021-03-03,252.5,253.5,251.5,251.5,8340,2101980.0,TQBR
2021-03-04,251.0,253.0,248.0,250.0,16280,4072485.0,TQBR
2021-03-05,248.5,249.5,246.5,247.0,21020,5212015.0,TQBR
2021-03-09,247.0,250.5,246.0,248.0,52190,12956045.0,TQBR
2021-03-10,248.5,250.0,246.0,250.0,36130,8961645.0,TQBR
2021-03-11,249.0,250.0,246.0,248.0,14140,3507090.0,TQBR
2021-03-12,247.5,249.5,247.0,248.0,9920,2465450.0,TQBR
2021-03-15,250.0,251.0,248.5,251.0,23260,5816730.0,TQBR
2021-03-16,252.0,266.0,250.0,261.5,219780,57427685.0,TQBR
2021-03-17,266.5,289.0,264.0,271.0,542740,150872510.0,TQBR
2021-03-18,275.5,279.5,255.0,264.0,76760,20544860.0,TQBR
2021-03-19,264.0,268.0,257.0,262.5,41450,10935145.0,TQBR
2021-03-22,268.0,276.0,260.5,269.5,43880,11688380.0,TQBR
2021-03-23,270.0,275.0,264.5,270.0,43510,11683135.0,TQBR
2021-03-24,271.5,280.0,268.0,279.5,53280,14706430.0,TQBR
2021-03-25,281.0,285.0,273.0,279.5,52120,14627465.0,TQBR
2021-03-26,281.0,285.0,277.5,279.5,47080,13312070.0,TQBR
2021-03-29,276.0,285.0,276.0,285.0,42710,12046965.0,TQBR
2021-03-30,285.0,290.0,280.0,283.5,43010,12304930.0,TQBR
2021-03-31,288.0,320.0,285.0,306.0,411990,125356930.0,TQBR
2021-04-01,306.0,335.0,301.0,305.0,211580,67020210.0,TQBR
2021-04-02,309.0,313.0,293.5,309.0,58220,17762290.0,TQBR
2021-04-05,310.0,315.5,304.0,307.5,30880,9494720.0,TQBR
2021-04-06,310.5,326.0,305.0,309.5,152060,47960540.0,TQBR
2021-04-07,312.5,312.5,295.0,303.0,48620,14784690.0,TQBR
2021-04-08,303.0,309.0,298.0,305.0,30960,9380035.0,TQBR
2021-04-09,306.5,313.0,302.0,306.0,35050,10782170.0,TQBR
2021-04-12,308.0,312.0,304.0,309.0,28750,8878915.0,TQBR
2021-04-13,310.0,312.0,305.0,305.0,15380,4742500.0,TQBR
2021-04-14,305.5,309.5,302.5,304.0,21700,6627915.0,TQBR
2021-04-15,303.5,308.0,300.0,303.5,13640,4147250.0,TQBR
2021-04-16,306.0,307.0,301.5,305.0,21030,6391800.0,TQBR
2021-04-19,305.5,307.0,301.5,304.5,16980,5155560.0,TQBR
2021-04-20,304.0,310.5,303.5,305.0,20180,6169780.0,TQBR
2021-04-21,304.0,306.0,301.0,302.5,11820,3581985.0,TQBR
2021-04-22,302.5,310.5,302.0,302.5,23620,7199185.0,TQBR
2021-04-23,302.0,306.0,287.0,292.0,50230,15021825.0,TQBR
2021-04-26,293.0,300.0,292.5,298.5,30880,9177360.0,TQBR
2021-04-27,300.5,300.5,296.0,298.0,5910,1763675.0,TQBR
2021-04-28,298.5,302.5,293.0,300.0,22540,6730225.0,TQBR
2021-04-29,303.0,303.0,298.0,299.0,8390,2514215.0,TQBR
2021-04-30,299.0,303.5,295.0,296.0,9000,2682530.0,TQBR
2021-05-04,295.0,301.0,287.0,294.0,16080,4735130.0,TQBR
2021-05-05,292.0,296.5,291.0,294.5,11560,3388715.0,TQBR
2021-05-06,294.5,294.5,291.5,292.0,7590,2224835.0,TQBR
2021-05-07,291.5,301.0,289.0,297.5,25180,7455660.0,TQBR
2021-05-10,299.5,300.5,297.0,297.5,4560,1359300.0,TQBR
2021-05-11,300.5,301.5,290.0,292.0,17220,5112685.0,TQBR
2021-05-12,292.0,294.0,291.5,292.0,6310,1846630.0,TQBR
2021-05-13,292.5,292.5,282.0,286.0,28230,8079320.0,TQBR
2021-05-14,287.5,288.0,281.0,285.0,14800,4216440.0,TQBR
2021-05-17,287.0,288.5,282.5,285.0,16070,4576070.0,TQBR
2021-05-18,285.5,287.0,282.5,286.0,11170,3180405.0,TQBR
2021-05-19,284.5,289.0,283.5,285.0,14480,4149270.0,TQBR
2021-05-20,286.5,288.0,284.5,286.0,8460,2415325.0,TQBR
2021-05-21,287.0,293.5,286.0,292.0,13240,3834945.0,TQBR
2021-05-24,292.5,308.5,288.5,291.5,69070,20694155.0,TQBR
2021-05-25,294.0,297.5,291.5,293.5,18880,5579220.0,TQBR
2021-05-26,293.5,302.5,292.5,298.0,24620,7372450.0,TQBR
2021-05-27,299.5,306.5,296.5,301.5,25280,7609940.0,TQBR
2021-05-28,302.0,303.5,299.0,301.5,10540,3172050.0,TQBR
2021-05-31,302.0,307.0,299.5,301.5,18840,5709240.0,TQBR
2021-06-01,303.0,307.0,301.5,302.0,12460,3776195.0,TQBR
2021-06-02,302.0,305.0,300.0,301.5,9540,2886925.0,TQBR
2021-06-03,298.0,310.0,297.5,304.0,14110,4292700.0,TQBR
2021-06-04,306.0,309.5,300.0,307.5,31070,9536460.0,TQBR
2021-06-07,304.5,315.0,303.5,311.5,30420,9486850.0,TQBR
2021-06-08,312.5,318.0,307.0,312.5,35060,10979000.0,TQBR
2021-06-09,314.5,319.0,308.0,315.5,34490,10812360.0,TQBR
2021-06-10,313.5,320.0,310.5,318.5,21240,6759545.0,TQBR
2021-06-11,319.5,321.5,315.5,319.5,16960,5410165.0,TQBR
2021-06-14,319.0,326.0,317.0,322.5,11700,3747770.0,TQBR
2021-06-15,319.5,325.0,306.5,315.0,38440,12172020.0,TQBR
2021-06-16,312.5,320.0,310.0,319.5,29720,9387165.0,TQBR
2021-06-17,316.0,320.0,311.5,320.0,27650,8758565.0,TQBR
2021-06-18,319.5,335.5,315.0,326.0,57290,18650115.0,TQBR
2021-06-21,330.5,340.0,314.5,334.5,54590,17757335.0,TQBR
2021-06-22,334.5,340.0,327.0,336.0,19700,6623195.0,TQBR
2021-06-23,336.0,350.0,335.0,344.0,25740,8827310.0,TQBR
2021-06-24,345.0,360.5,345.0,355.5,62600,22043180.0,TQBR
2021-06-25,357.0,365.0,347.0,355.0,53290,19042605.0,TQBR
2021-06-28,355.0,365.0,351.0,365.0,30590,10925565.0,TQBR
2021-06-29,365.0,370.0,348.0,360.0,49160,17719700.0,TQBR
2021-06-30,360.0,360.0,357.0,360.0,30480,10946580.0,TQBR
2021-07-01,356.5,358.5,322.5,351.0,41920,14670715.0,TQBR
2021-07-02,350.0,362.0,347.0,360.5,50560,18104835.0,TQBR
2021-07-05,366.0,371.0,358.0,362.5,43930,15981895.0,TQBR
2021-07-06,358.5,373.0,358.0,362.0,73700,26765500.0,TQBR
2021-07-07,362.0,370.5,362.0,367.0,25090,9227075.0,TQBR
2021-07-08,365.0,367.0,356.0,358.0,21110,7637360.0,TQBR
2021-07-09,361.0,372.0,356.0,370.0,29040,10618750.0,TQBR
2021-07-12,370.0,379.5,365.0,379.5,48200,18061385.0,TQBR
2021-07-13,379.0,394.5,374.0,391.5,102510,39743555.0,TQBR
2021-07-14,395.0,404.5,386.5,404.5,56230,22215160.0,TQBR
2021-07-15,405.0,465.5,401.0,436.5,175100,75140910.0,TQBR
2021-07-16,440.0,445.0,412.5,433.5,72350,30948800.0,TQBR
2021-07-19,433.5,433.5,401.5,417.0,78130,32593135.0,TQBR
2021-07-20,425.0,425.0,411.0,413.0,20180,8417085.0,TQBR
2021-07-21,410.0,430.0,402.5,425.0,46990,19766200.0,TQBR
2021-07-22,420.0,445.0,419.5,433.0,27780,12027500.0,TQBR
2021-07-23,439.0,468.0,435.0,457.0,86560,39177910.0,TQBR
2021-07-26,460.0,501.0,440.0,487.0,141550,69319755.0,TQBR
2021-07-27,486.5,509.5,455.5,461.5,117900,56420265.0,TQBR
2021-07-28,468.0,468.0,422.5,456.0,54950,24845670.0,TQBR
2021-07-29,457.0,466.0,450.5,457.5,38140,17547590.0,TQBR
2021-07-30,464.0,464.5,453.5,455.5,22610,10372040.0,TQBR
2021-08-02,455.0,461.0,436.5,449.0,37330,16729685.0,TQBR
2021-08-03,445.5,492.0,435.5,472.5,101570,47270955.0,TQBR
2021-08-04,465.0,485.0,465.0,481.0,37460,17895405.0,TQBR
2021-08-05,484.0,484.0,478.0,480.0,15770,7590670.0,TQBR
2021-08-06,479.0,482.5,464.0,464.0,13580,6417250.0,TQBR
2021-08-09,463.0,483.0,459.0,473.0,34990,16586710.0,TQBR
2021-08-10,481.0,481.0,469.5,469.5,14280,6781345.0,TQBR
2021-08-11,471.5,476.5,465.0,470.0,24640,11563400.0,TQBR
2021-08-12,470.0,473.0,461.0,467.0,22860,10658575.0,TQBR
2021-08-13,472.5,472.5,460.0,462.5,23070,10686460.0,TQBR
2021-08-16,462.5,470.0,455.0,463.0,25450,11777335.0,TQBR
2021-08-17,462.5,470.0,440.0,470.0,33780,15651455.0,TQBR
2021-08-18,470.0,474.0,462.5,474.0,18870,8851490.0,TQBR
2021-08-19,473.0,475.0,462.5,465.0,19000,8905490.0,TQBR
2021-08-20,465.5,470.5,461.0,465.0,15440,7173870.0,TQBR
2021-08-23,465.5,471.0,461.0,461.0,25370,11797435.0,TQBR
2021-08-24,461.0,468.5,455.0,461.0,29500,13556735.0,TQBR
2021-08-25,464.5,465.0,455.0,465.0,25070,11569920.0,TQBR
2021-08-26,465.5,467.0,460.0,466.0,26450,12231830.0,TQBR
2021-08-27,466.5,467.0,458.0,465.0,34400,15913095.0,TQBR
2021-08-30,465.0,492.0,451.0,480.5,89670,41822875.0,TQBR
2021-08-31,480.5,490.0,467.5,471.0,48020,22910755.0,TQBR
2021-09-01,471.0,471.0,464.0,469.5,22000,10297810.0,TQBR
2021-09-02,469.5,470.0,456.0,457.0,37290,17255455.0,TQBR
2021-09-03,457.0,459.5,447.0,452.5,36460,16490905.0,TQBR
2021-09-06,452.5,459.5,444.0,454.0,41570,18783495.0,TQBR
2021-09-07,455.0,462.0,450.5,462.0,22940,10524290.0,TQBR
2021-09-08,457.5,469.0,455.0,467.0,25650,11839215.0,TQBR
2021-09-09,468.5,468.5,450.0,460.5,22490,10352240.0,TQBR
2021-09-10,462.5,466.0,458.0,460.0,18690,8629190.0,TQBR
2021-09-13,462.0,469.0,458.5,465.0,16280,7546215.0,TQBR
2021-09-14,467.0,467.0,457.0,460.5,22900,10590200.0,TQBR
2021-09-15,459.0,466.0,456.0,464.0,20880,9623470.0,TQBR
2021-09-16,462.0,468.0,460.0,465.5,18260,8456860.0,TQBR
2021-09-17,463.5,474.5,462.0,467.0,21930,10272065.0,TQBR
2021-09-20,470.5,475.0,458.0,466.0,18750,8737100.0,TQBR
2021-09-21,467.0,484.0,467.0,475.5,34500,16503770.0,TQBR
2021-09-22,473.5,481.5,467.0,479.0,13440,6421410.0,TQBR
2021-09-23,480.0,480.0,474.5,476.0,8720,4168575.0,TQBR
2021-09-24,475.5,480.0,446.0,463.0,35390,16547955.0,TQBR
2021-09-27,462.0,478.5,455.5,460.0,26020,12123410.0,TQBR
2021-09-28,459.5,481.0,459.0,466.0,20020,9387805.0,TQBR
2021-09-29,467.0,490.0,462.0,479.0,35400,16796445.0,TQBR
2021-09-30,491.0,514.0,470.0,493.0,80970,39818035.0,TQBR
2021-10-01,493.0,514.5,468.0,503.5,72620,35997650.0,TQBR
2021-10-04,504.0,595.0,497.5,568.5,289580,158955575.0,TQBR
2021-10-05,568.0,685.0,565.5,603.0,360130,222895200.0,TQBR
2021-10-06,610.5,633.0,535.0,559.0,239770,140425470.0,TQBR
2021-10-07,580.0,605.5,560.0,573.0,124440,72272945.0,TQBR
2021-10-08,592.0,592.0,566.0,570.5,60320,34682095.0,TQBR
2021-10-11,575.0,598.0,566.0,572.5,113430,65629700.0,TQBR
2021-10-12,572.0,572.0,545.0,563.5,41590,23395560.0,TQBR
2021-10-13,565.5,566.5,549.5,550.0,32760,18207440.0,TQBR
2021-10-14,554.5,558.5,550.0,552.0,27280,15109545.0,TQBR
2021-10-15,550.5,554.0,540.5,550.0,33750,18567800.0,TQBR
2021-10-18,550.0,554.5,550.0,551.0,12910,7128800.0,TQBR
2021-10-19,554.0,554.5,545.5,552.5,25210,13865255.0,TQBR
2021-10-20,557.5,593.5,553.5,569.5,55470,31698000.0,TQBR
2021-10-21,576.0,577.0,558.5,562.5,18910,10690025.0,TQBR
2021-10-22,562.0,564.0,548.0,548.5,15240,8447450.0,TQBR
2021-10-25,554.0,561.0,548.0,552.0,21240,11763525.0,TQBR
2021-10-26,553.0,554.5,547.0,550.5,8990,4938000.0,TQBR
2021-10-27,553.0,553.0,539.0,540.5,12810,6967830.0,TQBR
2021-10-28,549.0,558.5,530.0,552.5,25720,14022600.0,TQBR
2021-10-29,559.0,567.0,542.5,546.0,19930,11023085.0,TQBR
2021-11-01,545.0,558.5,462.5,541.0,94090,49802730.0,TQBR
2021-11-02,549.5,557.5,544.5,550.5,21260,11744025.0,TQBR
2021-11-03,547.5,559.5,542.0,548.5,23540,13005910.0,TQBR
2021-11-05,548.5,559.0,547.0,551.0,10540,5848205.0,TQBR
2021-11-08,549.5,556.0,549.5,552.5,7140,3947565.0,TQBR
2021-11-09,552.5,565.0,550.5,552.0,21290,11874670.0,TQBR
2021-11-10,550.5,578.5,544.0,562.5,44990,25396870.0,TQBR
2021-11-11,559.0,563.0,552.5,556.5,10820,6027365.0,TQBR
2021-11-12,554.5,566.0,541.0,547.5,22370,12307890.0,TQBR
2021-11-15,552.5,573.5,545.0,560.5,28650,16031025.0,TQBR
2021-11-16,562.5,567.0,550.0,556.5,16720,9312105.0,TQBR
2021-11-17,555.5,571.0,554.5,564.5,41310,23229825.0,TQBR
2021-11-18,563.0,579.0,561.0,561.5,16440,9332450.0,TQBR
2021-11-19,561.0,566.5,549.0,557.0,16580,9212995.0,TQBR
2021-11-22,565.0,565.0,520.5,551.5,40960,22317850.0,TQBR
2021-11-23,550.0,551.0,525.5,528.0,38090,20364650.0,TQBR
2021-11-24,528.0,542.5,528.0,537.5,18980,10168230.0,TQBR
2021-11-25,541.0,550.0,537.0,538.5,12110,6573670.0,TQBR
2021-11-26,541.0,541.0,514.0,521.0,27700,14509200.0,TQBR
2021-11-29,538.5,541.5,518.0,519.0,19940,10482945.0,TQBR
2021-11-30,540.0,540.0,521.5,526.0,30170,15956040.0,TQBR
2021-12-01,530.0,538.5,527.0,531.0,9090,4825210.0,TQBR
2021-12-02,531.0,532.5,518.0,518.0,14330,7486795.0,TQBR
2021-12-03,528.0,543.0,509.0,509.0,65730,34533685.0,TQBR
2021-12-06,509.0,514.5,473.0,475.0,49870,24455400.0,TQBR
2021-12-07,479.0,515.5,477.5,500.0,72880,36300810.0,TQBR
2021-12-08,515.0,515.5,490.0,492.0,29200,14525565.0,TQBR
2021-12-09,493.5,555.0,492.5,538.0,72520,37490975.0,TQBR
2021-12-10,538.0,546.5,512.0,530.0,33210,17558490.0,TQBR
2021-12-13,531.0,535.0,507.0,520.0,30340,15827355.0,TQBR
2021-12-14,510.0,539.0,493.0,530.0,48110,24669170.0,TQBR
2021-12-15,531.0,564.5,529.0,556.5,45750,25021190.0,TQBR
2021-12-16,556.5,564.0,533.0,552.0,50700,27926030.0,TQBR
2021-12-17,564.5,564.5,544.5,548.5,8710,4797120.0,TQBR
2021-12-20,538.5,553.5,532.0,541.5,25810,14042635.0,TQBR
2021-12-21,539.0,555.0,539.0,555.0,12590,6938590.0,TQBR
2021-12-22,556.0,570.0,555.0,566.5,24710,13858890.0,TQBR
2021-12-23,563.0,568.5,546.0,566.5,25470,14252950.0,TQBR
2021-12-24,566.5,588.0,549.0,588.0,48890,27857515.0,TQBR
2021-12-27,588.0,588.0,560.5,570.5,17480,10027100.0,TQBR
2021-12-28,570.0,595.0,570.0,585.5,25170,14706780.0,TQBR
2021-12-29,586.0,599.5,577.5,592.0,25530,15023130.0,TQBR
2021-12-30,589.5,605.0,588.0,600.5,42540,25471595.0,TQBR
2022-01-03,593.5,610.0,593.5,603.5,9740,5889510.0,TQBR
2022-01-04,599.5,610.0,594.0,596.0,11120,6695815.0,TQBR
2022-01-05,595.0,595.0,576.5,584.0,19990,11714380.0,TQBR
2022-01-06,580.0,595.0,552.0,590.0,23300,13563735.0,TQBR
2022-01-10,588.0,607.0,583.0,586.0,25680,15319325.0,TQBR
2022-01-11,585.0,591.0,573.0,580.0,22080,12809455.0,TQBR
2022-01-12,578.5,611.5,565.0,609.0,86030,51252530.0,TQBR
2022-01-13,609.0,620.0,595.0,604.0,44360,27088055.0,TQBR
2022-01-14,592.5,612.5,565.0,577.0,44670,26070915.0,TQBR
2022-01-17,570.0,649.5,570.0,620.5,134430,82865525.0,TQBR
2022-01-18,609.5,620.0,571.0,586.0,73790,43987100.0,TQBR
2022-01-19,586.0,605.0,560.5,603.0,45580,26799050.0,TQBR
2022-01-20,605.0,630.0,603.5,624.0,40070,24740330.0,TQBR
2022-01-21,620.5,630.0,610.0,616.0,30140,18694275.0,TQBR
2022-01-24,615.0,621.5,590.0,599.0,47380,28467375.0,TQBR
2022-01-25,597.5,610.0,594.0,600.5,29340,17700445.0,TQBR
2022-01-26,603.0,604.5,591.0,593.0,16530,9870215.0,TQBR
2022-01-27,590.0,614.0,577.5,597.5,44820,26585060.0,TQBR
2022-01-28,601.0,605.5,591.5,591.5,7150,4290405.0,TQBR
2022-01-31,594.0,610.0,594.0,608.0,34100,20623010.0,TQBR
2022-02-01,608.5,618.0,598.0,601.5,24300,14658820.0,TQBR
2022-02-02,600.5,604.0,579.0,585.0,24310,14327795.0,TQBR
2022-02-03,582.0,587.0,551.5,560.0,43910,25166445.0,TQBR
2022-02-04,570.0,581.0,565.5,570.0,15470,8892570.0,TQBR
2022-02-07,573.0,582.5,558.0,567.0,40120,22835745.0,TQBR
2022-02-08,567.0,575.0,561.0,573.5,22860,12981405.0,TQBR
2022-02-09,578.0,579.0,569.0,572.0,13310,7623895.0,TQBR
2022-02-10,571.0,574.5,552.5,567.0,22890,12903020.0,TQBR
2022-02-11,566.0,575.0,550.5,557.0,27310,15396190.0,TQBR
2022-02-14,553.5,565.0,536.0,549.5,18840,10391040.0,TQBR
2022-02-15,551.0,559.0,543.5,550.0,18920,10474205.0,TQBR
2022-02-16,550.5,572.5,550.0,550.0,11150,6179445.0,TQBR
2022-02-17,553.0,553.0,533.0,533.0,17330,9409970.0,TQBR
2022-02-18,536.0,538.5,509.0,510.0,30020,15746455.0,TQBR
2022-02-21,520.0,534.0,420.0,461.0,124480,58125310.0,TQBR
2022-02-22,459.0,489.0,359.0,475.0,79340,33553850.0,TQBR
2022-02-24,450.0,460.0,291.0,370.0,70640,25171475.0,TQBR
2022-02-25,372.0,470.0,372.0,420.0,49290,20329465.0,TQBR
2022-03-28,449.0,557.0,410.0,515.0,91715,44677878.0,TQBR
2022-03-29,538.0,595.0,528.0,579.0,61784,35317174.0,TQBR
2022-03-30,600.0,600.0,525.0,540.0,37888,21213986.5,TQBR
2022-03-31,540.0,565.5,530.0,535.0,33796,18377950.5,TQBR
2022-04-01,540.0,551.5,530.0,539.5,18542,10010790.5,TQBR
2022-04-04,547.5,547.5,530.0,532.5,12528,6708054.5,TQBR
2022-04-05,532.0,539.0,486.5,501.5,20519,10460075.0,TQBR
2022-04-06,506.0,561.0,498.5,516.0,75158,40315153.0,TQBR
2022-04-07,528.5,565.0,518.0,539.5,42568,22995651.5,TQBR
2022-04-08,555.0,555.0,525.0,536.5,14974,7983319.0,TQBR
2022-04-11,535.0,535.0,500.0,505.0,20074,10443038.0,TQBR
2022-04-12,507.0,511.0,480.0,494.5,22854,11168908.0,TQBR
2022-04-13,494.5,510.0,482.0,499.5,15805,7861146.0,TQBR
2022-04-14,499.5,509.0,482.0,483.0,10346,5061606.5,TQBR
2022-04-15,483.0,488.5,469.0,484.0,13215,6300210.5,TQBR
2022-04-18,483.5,483.5,437.5,450.0,31870,14699227.0,TQBR
2022-04-19,456.0,456.0,408.0,427.0,37003,15777871.5,TQBR
2022-04-20,458.5,469.5,430.5,449.0,37926,17119571.5,TQBR
2022-04-21,454.5,460.0,435.0,445.0,16763,7517194.0,TQBR
2022-04-22,453.0,453.0,422.5,423.5,16770,7233598.0,TQBR
2022-04-25,410.0,424.5,404.0,418.5,16345,6754227.0,TQBR
2022-04-26,419.0,437.0,406.0,433.5,12448,5322694.5,TQBR
2022-04-27,434.0,459.0,434.0,449.0,20736,9323205.5,TQBR
2022-04-28,453.0,458.5,442.5,445.0,16407,7380228.5,TQBR
2022-04-29,449.5,454.0,434.5,439.0,18403,8103824.5,TQBR
2022-05-04,441.5,441.5,417.0,423.5,20241,8664403.5,TQBR
2022-05-05,428.0,430.5,413.5,421.0,10983,4670182.5,TQBR
2022-05-06,428.0,428.0,412.0,425.0,10979,4619884.5,TQBR
2022-05-11,425.0,428.0,414.0,421.5,8774,3695049.5,TQBR
2022-05-12,422.0,441.5,414.5,428.0,19549,8383025.5,TQBR
2022-05-13,437.0,437.0,424.0,427.0,5767,2464041.0,TQBR
2022-05-16,432.0,432.0,420.0,424.0,12438,5269786.5,TQBR
2022-05-17,423.0,437.0,411.0,425.0,29909,12812371.0,TQBR
2022-05-18,428.5,431.0,423.0,428.5,16688,7139811.0,TQBR
2022-05-19,435.0,435.0,423.0,427.0,5787,2467292.5,TQBR
2022-05-20,426.0,427.0,424.0,425.5,5639,2396483.5,TQBR
2022-05-23,424.5,428.5,416.0,428.5,15264,6420407.0,TQBR
2022-05-24,428.5,437.0,418.0,437.0,24486,10439412.5,TQBR
2022-05-25,437.5,448.0,437.5,444.5,19753,8740872.5,TQBR
2022-05-26,445.0,450.5,429.5,450.0,22675,10101918.0,TQBR
2022-05-27,470.0,470.0,450.5,466.0,14054,6516745.0,TQBR
2022-05-30,470.0,555.0,465.0,481.5,174085,88526391.5,TQBR
2022-05-31,485.5,528.0,478.5,486.5,122214,61496589.0,TQBR
2022-06-01,487.0,495.5,465.0,468.0,30383,14537154.5,TQBR
2022-06-02,472.5,474.5,453.0,468.0,17066,7917730.0,TQBR
2022-06-03,480.0,500.0,466.5,489.0,48733,23559506.0,TQBR
2022-06-06,489.5,514.5,481.0,502.5,45172,22578013.5,TQBR
2022-06-07,500.5,504.0,485.0,488.0,22617,11235652.5,TQBR
2022-06-08,488.5,498.0,471.5,483.5,19706,9482971.0,TQBR
2022-06-09,474.0,488.0,472.0,483.5,14922,7146892.5,TQBR
2022-06-10,484.5,493.5,475.0,484.0,20172,9776598.0,TQBR
2022-06-14,493.5,499.0,471.5,481.0,14151,6831704.0,TQBR
2022-06-15,480.0,487.0,471.5,479.0,11302,5444110.0,TQBR
2022-06-16,484.0,485.0,475.5,483.0,12989,6244581.5,TQBR
2022-06-17,484.5,486.0,476.5,484.0,8579,4135955.5,TQBR
2022-06-20,486.0,519.0,481.5,500.0,58565,29599194.5,TQBR
2022-06-21,507.0,513.0,496.0,503.5,21106,10655100.5,TQBR
2022-06-22,506.0,509.0,495.5,499.0,14150,7120863.0,TQBR
2022-06-23,498.0,508.0,489.0,500.0,9973,4946233.5,TQBR
2022-06-24,500.0,506.5,495.5,497.0,7845,3917413.5,TQBR
2022-06-27,496.0,513.0,492.5,506.5,53826,27282229.5,TQBR
2022-06-28,515.0,539.0,505.5,529.5,124426,65064774.5,TQBR
2022-06-29,534.5,545.0,511.5,519.0,26422,13881980.0,TQBR
2022-06-30,514.5,519.5,495.0,495.5,22581,11387807.0,TQBR
2022-07-01,499.0,507.0,495.5,500.0,8285,4162830.5,TQBR
2022-07-04,501.0,505.5,473.5,478.0,18975,9336361.0,TQBR
2022-07-05,486.0,496.0,468.0,489.0,18231,8866849.0,TQBR
2022-07-06,489.0,502.0,479.5,497.0,9104,4502750.0,TQBR
2022-07-07,499.0,518.5,497.5,505.0,26457,13424260.0,TQBR
2022-07-08,505.0,525.0,498.0,514.5,33934,17409252.0,TQBR
2022-07-11,507.0,516.5,504.0,512.0,13419,6832288.5,TQBR
2022-07-12,511.0,512.0,495.0,501.0,11949,6035304.5,TQBR
2022-07-13,500.0,502.5,490.5,493.5,9210,4580325.0,TQBR
2022-07-14,494.5,508.0,494.5,499.5,12140,6089778.0,TQBR
2022-07-15,500.0,508.0,500.0,503.0,9083,4588982.5,TQBR
2022-07-18,506.5,540.0,502.5,524.0,44767,23417343.5,TQBR
2022-07-19,525.0,550.0,502.0,517.5,81946,43351192.5,TQBR
2022-07-20,518.0,550.0,507.5,519.0,49441,26067559.0,TQBR
2022-07-21,519.0,519.0,505.5,511.5,11280,5786086.5,TQBR
2022-07-22,538.0,538.0,512.0,521.0,16725,8699153.5,TQBR
2022-07-25,526.5,535.0,519.5,526.0,24934,13176464.5,TQBR
2022-07-26,535.5,536.5,527.0,532.0,12106,6448831.5,TQBR
2022-07-27,531.0,534.5,523.5,529.5,15196,8042205.5,TQBR
2022-07-28,534.0,541.5,525.5,531.5,15952,8499255.5,TQBR
2022-07-29,534.0,536.5,505.0,522.0,39129,20532902.0,TQBR
2022-08-01,523.0,526.0,512.5,514.5,14077,7298285.0,TQBR
2022-08-02,526.0,526.0,515.5,519.5,12776,6678771.5,TQBR
2022-08-03,525.0,525.0,514.5,519.0,5467,2836417.0,TQBR
2022-08-04,519.0,521.5,516.5,518.0,6068,3148055.0,TQBR
2022-08-05,522.5,525.0,510.0,524.5,22645,11719626.5,TQBR
2022-08-08,532.5,585.5,522.5,556.5,166420,93203372.0,TQBR
2022-08-09,564.0,567.5,540.0,550.0,39703,21852428.5,TQBR
2022-08-10,553.0,559.0,545.0,553.0,22655,12548362.0,TQBR
2022-08-11,554.0,560.0,550.0,555.5,15937,8869126.0,TQBR
2022-08-12,564.0,620.0,551.0,571.0,174417,101115227.5,TQBR
2022-08-15,571.5,596.0,570.5,582.0,44013,25778387.5,TQBR
2022-08-16,582.5,599.0,581.0,592.0,31182,18470944.5,TQBR
2022-08-17,594.5,599.0,582.0,584.0,36192,21378949.5,TQBR
2022-08-18,584.0,610.0,577.5,601.0,59781,35764490.5,TQBR
2022-08-19,601.0,618.0,584.0,598.5,53628,32269975.5,TQBR
2022-08-22,601.5,614.0,594.0,607.5,31147,18910287.5,TQBR
2022-08-23,609.5,610.0,599.5,601.0,19600,11799775.5,TQBR
2022-08-24,603.0,603.0,595.0,599.0,11141,6670515.0,TQBR
2022-08-25,600.0,605.0,597.0,604.5,23966,14452266.0,TQBR
2022-08-26,604.0,608.5,602.0,603.0,14612,8846813.0,TQBR
2022-08-29,606.5,609.0,602.5,607.5,17109,10374642.0,TQBR
2022-08-30,610.0,620.0,606.5,619.0,38268,23539662.0,TQBR
2022-08-31,606.5,634.0,605.0,610.5,110816,68737258.0,TQBR
2022-09-01,615.0,622.5,610.5,618.5,25345,15660284.5,TQBR
2022-09-02,621.0,639.5,620.5,635.5,81132,51266957.0,TQBR
2022-09-05,638.0,687.0,635.5,671.0,172043,113948320.0,TQBR
2022-09-06,671.0,677.5,627.0,639.0,81142,52856887.5,TQBR
2022-09-07,626.0,656.0,626.0,632.0,81757,52474297.0,TQBR
2022-09-08,629.5,658.5,615.0,637.5,65138,41639011.5,TQBR
2022-09-09,638.5,644.5,630.0,637.0,25805,16448892.5,TQBR
2022-09-12,624.0,645.0,620.0,641.5,41595,26520908.5,TQBR
2022-09-13,642.5,649.0,641.0,642.5,18961,12233600.5,TQBR
2022-09-14,645.0,673.0,641.5,654.5,64587,42121832.5,TQBR
2022-09-15,658.0,689.5,655.0,681.5,96333,64875686.0,TQBR
2022-09-16,682.5,725.0,670.5,678.5,185318,128578566.5,TQBR
2022-09-19,680.0,683.5,654.5,654.5,53330,35531923.0,TQBR
2022-09-20,657.0,657.0,585.0,585.5,204627,128362322.5,TQBR
2022-09-21,527.0,649.5,486.0,611.0,107613,65085525.5,TQBR
2022-09-22,638.0,639.5,615.5,628.0,30619,19352082.5,TQBR
2022-09-23,628.0,632.5,563.0,578.0,52844,31380888.5,TQBR
2022-09-26,577.0,577.0,500.0,520.0,59946,31544525.0,TQBR
2022-09-27,510.0,606.5,510.0,544.0,53798,29291672.0,TQBR
2022-09-28,549.0,578.5,523.5,542.0,41427,22909478.0,TQBR
2022-09-29,543.0,555.5,500.0,511.5,35586,18676707.5,TQBR
2022-09-30,514.0,535.0,485.5,505.0,44462,22494465.0,TQBR
2022-10-03,524.5,539.0,516.5,532.5,32933,17541738.5,TQBR
2022-10-04,538.0,571.5,534.5,551.5,50016,27728176.0,TQBR
2022-10-05,551.5,564.5,523.5,545.5,43363,23383108.5,TQBR
2022-10-06,546.5,562.0,530.0,541.5,23276,12849297.0,TQBR
2022-10-07,541.5,545.0,519.0,528.0,31622,16799966.0,TQBR
2022-10-10,517.0,539.5,504.0,524.0,34149,17887001.0,TQBR
2022-10-11,527.0,545.0,523.5,540.5,58077,31318638.5,TQBR
2022-10-12,549.0,557.0,537.0,552.0,28268,15497446.5,TQBR
2022-10-13,555.0,564.5,551.5,556.5,27002,15062986.5,TQBR
2022-10-14,557.5,558.5,541.5,548.0,34949,19171347.5,TQBR
2022-10-17,557.5,558.0,544.0,551.5,51675,28508408.5,TQBR
2022-10-18,557.0,560.5,536.0,543.0,59182,32316425.5,TQBR
2022-10-19,543.0,543.0,515.5,526.5,77792,40900503.5,TQBR
2022-10-20,532.0,538.0,521.0,531.5,35277,18777057.5,TQBR
2022-10-21,537.0,539.0,518.5,526.5,34830,18297413.5,TQBR
2022-10-24,525.5,538.5,525.5,528.0,36503,19422796.0,TQBR
2022-10-25,527.5,560.0,526.5,538.0,48121,25994123.0,TQBR
2022-10-26,541.0,564.0,540.0,558.5,120001,66302261.5,TQBR
2022-10-27,564.0,575.0,556.5,562.5,97588,55292341.0,TQBR
2022-10-28,561.5,584.0,557.0,582.0,82435,47144997.0,TQBR
2022-10-31,594.0,630.0,588.0,613.0,249835,151671293.0,TQBR
2022-11-01,613.0,626.5,600.5,602.0,96491,59172724.5,TQBR
2022-11-02,602.0,616.0,602.0,606.0,42164,25635661.0,TQBR
2022-11-03,602.0,605.0,588.0,597.5,32333,19307838.0,TQBR
2022-11-07,610.0,618.0,600.5,613.0,39028,23874566.0,TQBR
2022-11-08,622.0,622.0,606.0,608.5,16441,10040391.5,TQBR
2022-11-09,615.5,615.5,588.5,589.0,39924,23861169.5,TQBR
2022-11-10,580.0,607.5,572.0,600.5,32727,19513799.5,TQBR
2022-11-11,606.0,608.0,593.5,596.5,16930,10142360.0,TQBR
2022-11-14,597.0,604.5,593.0,599.5,15902,9530893.5,TQBR
2022-11-15,602.5,604.0,593.0,593.0,20955,12538535.5,TQBR
2022-11-16,595.0,600.0,589.0,593.5,12374,7365374.0,TQBR
2022-11-17,595.0,615.0,594.0,603.5,44811,27153936.0,TQBR
2022-11-18,611.0,611.0,600.0,600.5,9720,5867164.0,TQBR
2022-11-21,600.5,608.5,594.0,596.0,20136,12066553.5,TQBR
2022-11-22,601.5,620.0,598.5,616.5,55322,33964793.5,TQBR
2022-11-23,615.0,630.0,615.0,622.0,42128,26258473.0,TQBR
2022-11-24,623.0,645.0,623.0,643.0,62879,40054461.0,TQBR
2022-11-25,645.0,645.0,625.0,632.5,47076,29889261.0,TQBR
2022-11-28,635.5,638.5,625.5,627.5,17502,11025997.5,TQBR
2022-11-29,632.0,633.0,610.0,623.0,32609,20324299.0,TQBR
2022-11-30,626.5,629.0,620.5,625.5,28279,17683263.5,TQBR
2022-12-01,626.0,636.0,626.0,628.5,26328,16627176.0,TQBR
2022-12-02,630.0,634.5,622.0,626.0,15239,9575133.5,TQBR
2022-12-05,629.5,635.5,629.5,631.5,17252,10929566.0,TQBR
2022-12-06,636.5,641.5,602.0,629.0,53305,33459710.0,TQBR
2022-12-07,629.0,630.0,616.0,622.0,51916,32338614.0,TQBR
2022-12-08,618.5,622.0,615.0,616.0,15476,9558829.0,TQBR
2022-12-09,616.0,619.5,615.0,615.5,11039,6814201.5,TQBR
2022-12-12,618.0,627.5,618.0,622.0,33206,20712565.0,TQBR
2022-12-13,623.0,625.5,616.0,623.0,19646,12200223.0,TQBR
2022-12-14,615.0,622.0,615.0,622.0,21417,13253322.0,TQBR
2022-12-15,610.0,613.0,603.0,603.0,35692,21697608.0,TQBR
2022-12-16,603.0,610.0,593.0,603.5,24430,14698339.0,TQBR
2022-12-19,600.5,604.5,577.5,581.0,29703,17463458.5,TQBR
2022-12-20,581.0,594.0,575.0,587.5,21332,12516041.0,TQBR
2022-12-21,588.0,602.5,588.0,601.5,22180,13254671.5,TQBR
2022-12-22,602.0,613.0,597.0,600.5,24632,14951658.5,TQBR
2022-12-23,601.5,603.5,595.0,599.0,9128,5469327.0,TQBR
2022-12-26,600.5,607.5,594.0,601.5,17956,10782722.0,TQBR
2022-12-27,604.5,605.0,593.0,599.5,23410,14011648.5,TQBR
2022-12-28,601.0,603.0,595.5,599.0,19105,11467695.0,TQBR
2022-12-29,601.0,601.0,596.0,598.5,10082,6035409.5,TQBR
2022-12-30,600.0,600.0,595.0,595.0,6331,3783002.0,TQBR
2023-01-03,596.0,601.0,596.0,600.5,5252,3149838.5,TQBR
2023-01-04,602.5,611.0,599.5,610.0,18852,11439048.0,TQBR
2023-01-05,610.0,614.0,605.5,607.0,13084,7982048.5,TQBR
2023-01-06,607.0,607.5,602.0,603.0,5289,3195844.5,TQBR
2023-01-09,604.5,610.0,604.0,609.0,9674,5864427.5,TQBR
2023-01-10,609.5,628.0,608.5,614.0,48538,29954738.0,TQBR
2023-01-11,610.5,617.5,610.5,613.5,9625,5913975.0,TQBR
2023-01-12,615.0,620.0,603.0,608.5,34872,21253091.5,TQBR
2023-01-13,609.5,614.0,606.0,608.5,11407,6955813.0,TQBR
2023-01-16,607.5,612.0,605.5,610.0,8649,5273703.5,TQBR
2023-01-17,612.0,612.0,603.0,605.0,15715,9516055.5,TQBR
2023-01-18,607.0,609.0,602.0,604.0,8852,5348540.0,TQBR
2023-01-19,605.0,606.0,600.0,600.5,13120,7892662.0,TQBR
2023-01-20,602.0,602.0,594.5,595.5,16592,9915082.0,TQBR
2023-01-23,593.0,603.5,593.0,595.5,16191,9669484.5,TQBR
2023-01-24,602.5,603.0,595.5,599.0,13742,8237550.5,TQBR
2023-01-25,599.5,603.0,592.5,594.5,16842,10046102.0,TQBR
2023-01-26,592.0,600.0,592.0,596.5,12325,7351184.0,TQBR
2023-01-27,597.0,609.0,595.0,602.0,33376,20078420.0,TQBR
2023-01-30,605.5,612.5,603.5,611.5,51133,31099525.0,TQBR
2023-01-31,613.0,632.0,611.5,620.0,134690,83957894.0,TQBR
2023-02-01,624.0,625.0,608.0,612.0,43375,26766010.5,TQBR
2023-02-02,618.0,623.5,612.5,619.0,32148,19882677.0,TQBR
2023-02-03,620.5,623.0,610.5,611.5,19989,12306521.5,TQBR
2023-02-06,613.5,618.5,608.5,615.0,20115,12325720.5,TQBR
2023-02-07,620.0,620.0,610.5,616.5,25140,15476866.0,TQBR
2023-02-08,617.0,628.0,613.0,615.5,40052,24808543.0,TQBR
2023-02-09,614.0,619.0,614.0,617.5,12478,7699561.5,TQBR
2023-02-10,618.0,619.5,612.0,615.0,19113,11754715.0,TQBR
2023-02-13,615.0,630.0,615.0,626.5,54157,33846543.0,TQBR
2023-02-14,626.5,626.5,590.0,606.0,59181,36159271.0,TQBR
2023-02-15,606.0,607.5,588.0,597.0,35046,20869138.0,TQBR
2023-02-16,603.0,615.0,596.0,600.0,23855,14397941.0,TQBR
2023-02-17,599.5,604.5,598.0,599.0,11398,6847217.5,TQBR
2023-02-20,601.0,608.0,594.0,605.0,38632,23236586.0,TQBR
2023-02-21,607.5,612.0,595.5,604.5,38611,23328209.0,TQBR
2023-02-22,606.0,607.5,601.0,604.0,11436,6904942.5,TQBR
2023-02-24,605.0,612.5,604.5,609.0,11759,7162507.0,TQBR
2023-02-27,608.0,618.0,606.0,614.0,39050,23961064.0,TQBR
2023-02-28,615.0,619.5,614.5,615.5,16661,10277134.0,TQBR
2023-03-01,617.5,620.0,615.5,619.5,17395,10764638.0,TQBR
2023-03-02,623.0,624.5,603.5,613.0,38296,23564870.5,TQBR
2023-03-03,613.5,619.5,605.5,616.5,11558,7134957.0,TQBR
2023-03-06,623.5,624.0,603.0,619.5,28914,17855420.5,TQBR
2023-03-07,620.0,623.5,616.5,623.0,14003,8697032.5,TQBR
2023-03-09,624.0,626.5,613.0,621.0,42112,26132116.0,TQBR
2023-03-10,621.0,625.5,617.0,622.0,21958,13664875.5,TQBR
2023-03-13,625.0,637.0,615.0,627.5,101186,63576077.0,TQBR
2023-03-14,632.5,664.0,621.5,627.0,267660,172041273.5,TQBR
2023-03-15,629.0,629.0,614.0,621.0,38780,24111938.0,TQBR
2023-03-16,624.0,624.0,611.0,616.5,31453,19345663.0,TQBR
2023-03-17,619.5,620.5,608.5,612.0,68250,41817227.0,TQBR
2023-03-20,614.0,615.5,610.0,612.0,64675,39604279.5,TQBR
2023-03-21,615.0,624.0,603.5,607.5,256501,157713737.0,TQBR
2023-03-22,610.5,622.0,606.0,607.5,81303,49687474.5,TQBR
2023-03-23,609.5,612.0,607.5,609.0,40110,24481648.0,TQBR
2023-03-24,611.5,612.0,608.0,609.5,36883,22505652.0,TQBR
2023-03-27,616.0,620.0,614.0,616.5,190514,117717829.0,TQBR
2023-03-28,617.5,622.5,613.0,616.5,108063,66765109.5,TQBR
2023-03-29,616.5,617.5,612.0,613.0,86229,52923996.5,TQBR
2023-03-30,616.5,616.5,613.0,616.0,53384,32844755.5,TQBR
2023-03-31,616.5,616.5,608.0,609.0,102204,62407996.0,TQBR
2023-04-03,613.0,615.0,610.0,612.0,51062,31291604.0,TQBR
2023-04-04,615.0,615.0,609.5,609.5,44565,27228673.0,TQBR
2023-04-05,611.0,630.0,607.5,619.0,548917,339848343.0,TQBR
2023-04-06,627.0,649.0,617.0,634.5,825315,524769957.0,TQBR
2023-04-07,637.0,641.5,620.0,622.5,223784,140031762.5,TQBR
2023-04-10,622.5,628.0,610.0,614.0,402379,248107598.0,TQBR
2023-04-11,616.0,620.0,601.0,604.5,609757,372793724.0,TQBR
2023-04-12,606.0,611.0,604.0,608.5,163556,99476061.5,TQBR
2023-04-13,609.5,610.0,602.5,606.5,121104,73415178.5,TQBR
2023-04-14,608.0,608.0,603.0,604.5,42676,25816938.0,TQBR
2023-04-17,607.5,615.0,605.0,610.0,117658,71920543.5,TQBR
2023-04-18,610.5,613.0,607.0,609.5,113112,68963332.0,TQBR
2023-04-19,611.0,612.0,605.5,607.0,119685,72829645.5,TQBR
2023-04-20,607.5,609.0,602.5,607.0,70698,42784279.0,TQBR
2023-04-21,608.0,609.0,603.5,606.5,38885,23543151.5,TQBR
2023-04-24,606.5,607.5,604.0,605.0,44305,26814676.0,TQBR
2023-04-25,606.0,606.5,602.5,604.0,42596,25746422.5,TQBR
2023-04-26,606.0,610.0,602.5,604.0,80641,48929177.5,TQBR
2023-04-27,604.0,607.0,601.0,602.5,59943,36215409.0,TQBR
2023-04-28,602.5,605.0,590.0,599.0,108797,65094641.5,TQBR
2023-05-02,599.5,602.0,555.0,582.5,143623,83743880.5,TQBR
2023-05-03,586.0,586.0,556.0,566.5,77614,44226580.5,TQBR
2023-05-04,564.0,580.0,559.0,569.0,82294,47094350.0,TQBR
2023-05-05,572.0,575.0,567.0,569.5,26164,14948637.0,TQBR
2023-05-08,569.5,571.0,562.0,568.0,17768,10054540.0,TQBR
2023-05-10,569.5,588.5,568.5,580.5,54756,31878579.5,TQBR
2023-05-11,582.0,588.0,577.5,580.5,63437,36979292.5,TQBR
2023-05-12,580.5,580.5,570.0,573.5,39171,22542400.5,TQBR
2023-05-15,577.0,583.0,575.0,580.0,45762,26545639.0,TQBR
2023-05-16,580.5,599.0,580.0,593.0,77193,45361382.0,TQBR
2023-05-17,593.0,598.0,588.0,590.0,36962,21882294.0,TQBR
2023-05-18,594.0,594.5,583.0,585.5,30453,17941608.0,TQBR
2023-05-19,588.0,600.0,581.5,592.0,82900,49234322.0,TQBR
2023-05-22,594.0,604.5,590.0,593.0,59893,35743112.5,TQBR
2023-05-23,594.0,597.5,588.0,590.5,23759,14061569.0,TQBR
2023-05-24,590.5,604.0,589.5,602.0,99397,59460475.0,TQBR
2023-05-25,602.0,609.0,592.5,604.0,157018,94772553.0,TQBR
2023-05-26,606.5,608.5,600.5,602.5,48062,29078605.0,TQBR
2023-05-29,603.0,612.5,600.0,611.0,176190,107288056.0,TQBR
2023-05-30,607.0,613.0,602.5,606.5,135420,82440780.0,TQBR
2023-05-31,608.0,609.5,593.0,601.5,108245,65296440.0,TQBR
2023-06-01,600.5,606.5,594.5,598.0,68737,41227411.0,TQBR
2023-06-02,598.0,604.0,598.0,602.5,35591,21404526.0,TQBR
2023-06-05,609.5,611.0,600.0,603.0,136329,82735668.5,TQBR
2023-06-06,600.0,600.0,555.0,580.5,260994,150903692.0,TQBR
2023-06-07,583.0,589.0,582.0,583.0,63590,37254951.0,TQBR
2023-06-08,586.0,597.0,583.5,592.0,62474,36862154.5,TQBR
2023-06-09,597.0,597.0,588.5,590.5,24232,14334919.0,TQBR
2023-06-13,590.0,599.5,590.0,592.0,47991,28570853.0,TQBR
2023-06-14,593.5,595.5,590.0,591.5,37379,22131539.5,TQBR
2023-06-15,593.5,594.0,588.5,591.5,34649,20465424.0,TQBR
2023-06-16,591.5,600.0,589.0,592.5,41877,24829770.0,TQBR
2023-06-19,592.5,595.0,589.0,593.0,25329,14988819.0,TQBR
2023-06-20,594.5,594.5,590.0,591.0,31721,18756562.5,TQBR
2023-06-21,591.0,607.0,590.5,603.5,156013,93927046.5,TQBR
2023-06-22,606.0,609.0,603.0,603.5,35246,21323459.5,TQBR
2023-06-23,604.0,621.5,597.0,617.0,431937,264502861.0,TQBR
2023-06-26,610.5,618.0,592.5,610.0,186734,113714967.0,TQBR
2023-06-27,611.5,653.5,611.0,632.0,1109943,709024120.5,TQBR
2023-06-28,639.0,639.0,620.0,623.5,167142,104866003.0,TQBR
2023-06-29,627.0,628.0,620.5,621.5,61930,38645291.5,TQBR
2023-06-30,622.5,648.0,622.5,634.5,480986,306934806.0,TQBR
2023-07-03,638.5,660.0,630.0,638.0,244996,158151768.0,TQBR
2023-07-04,640.5,640.5,622.5,633.0,80274,50661437.0,TQBR
2023-07-05,636.0,637.0,632.0,634.5,61447,38949325.5,TQBR
2023-07-06,634.5,636.0,610.0,625.5,191599,119549930.0,TQBR
2023-07-07,625.0,628.0,620.0,621.0,80958,50503071.5,TQBR
2023-07-10,620.5,641.0,620.5,641.0,138593,87873207.5,TQBR
2023-07-11,644.5,644.5,628.5,633.0,121271,76956419.5,TQBR
2023-07-12,634.5,638.5,630.0,634.0,97887,62077132.0,TQBR
2023-07-13,640.0,640.0,620.0,627.0,81207,51015439.5,TQBR
2023-07-14,629.0,632.5,625.0,627.5,72536,45647069.5,TQBR
2023-07-17,622.0,635.0,622.0,628.0,68366,43103553.5,TQBR
2023-07-18,628.5,643.0,628.5,636.5,265644,169477956.0,TQBR
2023-07-19,639.0,653.0,633.0,646.0,246881,159038714.0,TQBR
2023-07-20,650.5,655.0,629.0,631.0,289747,186615320.5,TQBR
2023-07-21,631.5,639.0,625.0,635.0,143016,90470170.5,TQBR
2023-07-24,637.0,657.5,635.0,656.0,323205,210285509.0,TQBR
2023-07-25,662.5,714.5,660.0,710.0,1190115,822628866.0,TQBR
2023-07-26,715.5,774.5,711.5,742.0,2059007,1533124562.5,TQBR
2023-07-27,755.0,765.0,740.5,742.5,396869,298247334.5,TQBR
2023-07-28,744.0,748.0,728.0,736.5,200522,147230521.5,TQBR
2023-07-31,737.0,750.0,730.5,732.5,138374,101822954.5,TQBR
2023-08-01,732.0,734.0,715.0,724.5,197478,143067853.0,TQBR
2023-08-02,730.0,769.0,727.0,751.0,597208,451080208.5,TQBR
2023-08-03,760.0,768.0,752.5,764.0,239206,182157846.0,TQBR
2023-08-04,765.0,783.5,660.0,762.0,640562,485571918.0,TQBR
2023-08-07,770.0,800.0,755.0,780.0,571953,448307473.0,TQBR
2023-08-08,779.0,810.0,745.0,788.5,678926,533070119.0,TQBR
2023-08-09,793.0,804.5,784.0,788.0,188104,148798759.0,TQBR
2023-08-10,784.0,810.0,782.0,804.0,232618,185213097.5,TQBR
2023-08-11,804.5,818.0,794.5,817.5,219032,177842914.5,TQBR
2023-08-14,819.5,819.5,786.0,801.5,296059,239044283.0,TQBR
2023-08-15,795.0,809.0,770.0,795.0,198152,157443568.5,TQBR
2023-08-16,795.5,801.0,750.0,780.5,258426,199396976.0,TQBR
2023-08-17,786.5,809.5,780.5,795.5,167165,132992148.5,TQBR
2023-08-18,798.0,804.5,784.5,797.0,64260,51168316.0,TQBR
2023-08-21,800.0,810.0,794.5,800.5,85717,68819932.0,TQBR
2023-08-22,802.0,806.0,798.5,800.0,50817,40694071.5,TQBR
2023-08-23,801.0,805.0,782.0,798.0,67855,53917442.0,TQBR
2023-08-24,789.0,806.0,780.0,800.5,87453,69867009.0,TQBR
2023-08-25,801.0,805.0,800.0,804.0,50475,40504974.5,TQBR
2023-08-28,809.0,830.0,805.5,829.0,225721,185037514.0,TQBR
2023-08-29,830.0,930.0,825.5,916.0,1055193,932098661.0,TQBR
2023-08-30,918.0,1099.0,891.5,1050.0,3740222,3825700340.0,TQBR
2023-08-31,1058.0,1066.0,980.0,995.0,992029,1001165831.0,TQBR
2023-09-01,1013.5,1015.0,972.0,1005.5,305439,303523587.0,TQBR
2023-09-04,1008.0,1049.5,995.0,1014.5,571677,585174536.5,TQBR
2023-09-05,1016.0,1039.0,996.5,1003.5,424361,429950173.5,TQBR
2023-09-06,1010.0,1050.0,997.0,1026.5,665866,680788579.0,TQBR
2023-09-07,1043.0,1055.0,873.5,969.5,725627,715856474.5,TQBR
2023-09-08,974.0,1005.5,930.0,1000.0,427268,416920223.0,TQBR
2023-09-11,1001.5,1015.0,970.5,1004.0,287587,286644992.5,TQBR
2023-09-12,1010.0,1012.0,991.5,995.0,249511,249732903.0,TQBR
2023-09-13,1011.5,1011.5,983.5,992.0,131204,130898478.0,TQBR
2023-09-14,992.0,999.5,900.0,972.5,383547,365574805.0,TQBR
2023-09-15,949.0,990.0,934.0,982.5,156861,152067174.5,TQBR
2023-09-18,991.0,1010.0,978.0,986.5,165867,164686551.5,TQBR
2023-09-19,981.0,987.0,941.0,957.0,174645,167885012.0,TQBR
2023-09-20,957.0,963.0,901.0,951.0,354869,329815200.0,TQBR
2023-09-21,945.0,945.0,911.0,924.0,188767,175026992.5,TQBR
2023-09-22,891.5,908.0,856.0,893.0,597849,527173254.5,TQBR
2023-09-25,893.0,908.0,874.5,885.0,86548,76618621.5,TQBR
2023-09-26,885.0,912.5,882.0,903.0,182617,164525186.5,TQBR
2023-09-27,903.5,971.5,903.5,968.0,479787,454783534.5,TQBR
2023-09-28,970.0,976.0,950.0,951.5,204112,196254588.5,TQBR
2023-09-29,956.5,969.5,941.5,948.5,136151,130493150.5,TQBR
2023-10-02,948.5,988.0,948.5,965.5,194604,189770857.0,TQBR
2023-10-03,965.0,970.0,935.5,962.5,129940,123890806.5,TQBR
2023-10-04,962.0,970.0,950.5,955.0,49772,47793974.5,TQBR
2023-10-05,955.0,970.0,950.5,958.0,76903,73867687.0,TQBR
2023-10-06,959.0,962.5,944.5,950.0,58064,55196278.0,TQBR
2023-10-09,952.0,964.0,950.0,954.0,48532,46516171.0,TQBR
2023-10-10,954.0,965.0,950.0,957.0,66130,63179972.0,TQBR
2023-10-11,957.5,986.5,957.5,979.0,209698,204669315.0,TQBR
2023-10-12,966.0,1029.0,954.5,996.0,415597,414458918.5,TQBR
2023-10-13,1010.0,1053.5,1004.5,1022.5,1045358,1078123148.0,TQBR
2023-10-16,1038.0,1047.0,1003.0,1010.5,321127,329717294.0,TQBR
2023-10-17,1019.5,1019.5,997.0,1002.5,130530,130908408.0,TQBR
2023-10-18,1002.0,1012.5,997.5,1005.5,166664,167446504.5,TQBR
2023-10-19,1006.0,1020.5,996.5,1003.5,222393,224607714.5,TQBR
2023-10-20,1003.5,1008.0,962.5,966.0,314774,309615340.5,TQBR
2023-10-23,966.0,987.0,950.0,971.5,128011,124150268.0,TQBR
2023-10-24,972.0,1010.0,972.0,1004.0,171369,169909862.5,TQBR
2023-10-25,1004.5,1019.0,992.5,1004.0,116552,117417838.5,TQBR
2023-10-26,1006.0,1012.0,980.0,984.0,118824,118279780.0,TQBR
2023-10-27,984.0,992.5,957.0,971.0,127902,124274301.0,TQBR
2023-10-30,987.0,1004.0,976.5,994.0,159973,159081075.0,TQBR
2023-10-31,995.0,1003.0,966.0,978.5,98245,96458030.5,TQBR
2023-11-01,978.0,995.0,971.0,986.0,59945,59064054.5,TQBR
2023-11-02,990.0,998.0,981.0,986.0,56236,55661927.5,TQBR
2023-11-03,986.5,989.5,966.5,976.5,68256,66620275.0,TQBR
2023-11-06,972.0,1000.0,972.0,990.5,129533,128360547.0,TQBR
2023-11-07,992.0,1004.5,990.0,994.0,122751,122553902.5,TQBR
2023-11-08,994.0,1015.0,992.5,1007.0,217363,218839002.0,TQBR
2023-11-09,1011.0,1015.0,991.0,994.0,67537,67572631.0,TQBR
2023-11-10,997.0,1008.0,996.5,1000.0,126324,126518970.0,TQBR
2023-11-13,1002.0,1009.0,955.0,988.0,223787,219645583.0,TQBR
2023-11-14,990.0,990.0,902.5,956.0,242442,231655250.0,TQBR
2023-11-15,955.5,969.0,941.0,964.0,98385,94374218.0,TQBR
2023-11-16,966.0,974.0,944.0,948.5,109882,105157936.0,TQBR
2023-11-17,947.0,953.0,918.5,953.0,187208,175383002.5,TQBR
2023-11-20,953.0,969.0,945.0,947.0,95227,91364734.5,TQBR
2023-11-21,948.0,959.0,937.0,959.0,94245,89393171.5,TQBR
2023-11-22,960.0,977.0,958.5,968.5,146994,142075290.0,TQBR
2023-11-23,954.0,963.0,924.0,946.0,481961,454166404.5,TQBR
2023-11-24,950.0,956.5,939.5,943.5,81169,76597171.0,TQBR
2023-11-27,945.0,954.0,935.0,951.0,122509,116075967.0,TQBR
2023-11-28,955.0,955.5,936.5,940.0,188893,177817971.0,TQBR
2023-11-29,903.0,920.0,901.5,901.5,477981,434224759.0,TQBR
2023-11-30,902.0,909.0,857.0,888.0,855330,755120117.5,TQBR
2023-12-01,885.0,897.5,870.0,874.0,269497,238897988.0,TQBR
2023-12-04,873.0,873.5,825.5,833.5,347383,291646649.5,TQBR
2023-12-05,826.0,849.0,811.0,843.5,181923,151406996.0,TQBR
2023-12-06,843.5,875.0,843.5,847.5,270021,231567227.0,TQBR
2023-12-07,844.0,844.0,810.0,828.0,180951,150176815.5,TQBR
2023-12-08,805.5,822.0,805.0,812.5,234163,190427545.5,TQBR
2023-12-11,811.5,812.5,767.5,788.5,373921,294848112.5,TQBR
2023-12-12,789.0,791.5,760.0,779.0,235673,181963782.5,TQBR
2023-12-13,777.5,788.0,767.0,778.0,109410,84950482.0,TQBR
2023-12-14,778.5,791.0,763.0,763.5,147276,114459743.5,TQBR
2023-12-15,763.0,788.0,755.0,785.0,147077,113989341.5,TQBR
2023-12-18,794.0,853.5,789.5,853.0,495127,410349321.5,TQBR
2023-12-19,852.0,880.0,838.5,852.5,234836,201000300.5,TQBR
2023-12-20,856.5,878.0,852.5,864.0,104309,90193705.5,TQBR
2023-12-21,869.0,871.5,840.5,850.5,124289,106501581.5,TQBR
2023-12-22,855.0,875.0,835.0,846.5,231564,196929141.0,TQBR
2023-12-25,848.5,869.5,848.5,856.5,117897,101434811.0,TQBR
2023-12-26,857.0,862.0,841.0,844.0,100583,85553290.0,TQBR
2023-12-27,850.0,851.0,830.0,833.0,111755,93839914.0,TQBR
2023-12-28,834.5,847.5,810.0,841.0,204820,169853122.5,TQBR
2023-12-29,840.0,855.0,840.0,851.5,134674,114140963.0,TQBR
2024-01-03,859.5,873.0,854.0,868.5,80803,70072128.5,TQBR
2024-01-04,874.5,895.0,869.0,892.0,146940,130365253.0,TQBR
2024-01-05,893.5,898.0,882.5,887.5,54192,48077598.5,TQBR
2024-01-08,892.0,900.5,889.0,897.5,115923,103996665.0,TQBR
2024-01-09,899.0,902.0,893.0,894.0,85390,76691757.0,TQBR
2024-01-10,885.0,916.0,873.5,911.5,282460,255589706.5,TQBR
2024-01-11,912.0,925.0,893.5,906.5,197048,179769193.5,TQBR
2024-01-12,907.0,915.0,901.0,904.0,110945,100750955.0,TQBR
2024-01-15,906.0,907.0,898.0,905.0,119897,108300531.5,TQBR
2024-01-16,905.0,919.0,900.0,907.0,105413,95714165.0,TQBR
2024-01-17,907.5,912.0,900.5,907.0,107316,97451890.0,TQBR
2024-01-18,907.0,936.0,907.0,923.0,454747,420059404.0,TQBR
2024-01-19,928.0,928.0,905.5,906.0,84553,77079990.5,TQBR
2024-01-22,908.0,930.0,890.5,901.0,415160,379248823.5,TQBR
2024-01-23,908.0,913.5,898.5,899.5,149619,135496575.0,TQBR
2024-01-24,914.0,926.0,896.0,903.5,311370,282458488.0,TQBR
2024-01-25,907.5,908.5,885.5,895.0,166992,149878920.5,TQBR
2024-01-26,896.5,904.5,889.0,890.5,104998,94065435.5,TQBR
2024-01-29,894.5,900.0,887.0,894.5,106428,95116876.0,TQBR
2024-01-30,895.5,916.0,895.5,898.0,189365,170504852.0,TQBR
2024-01-31,899.0,908.5,893.5,897.0,299364,269694911.5,TQBR
2024-02-01,899.5,901.0,892.5,898.5,104359,93664095.0,TQBR
2024-02-02,896.0,900.0,885.5,891.0,109939,98006685.5,TQBR
2024-02-05,891.0,894.0,886.0,889.0,54943,48923029.5,TQBR
2024-02-06,891.0,891.0,883.5,888.5,77101,68382501.0,TQBR
2024-02-07,888.5,891.0,881.0,889.5,122488,108496165.5,TQBR
2024-02-08,889.5,890.5,880.0,880.5,90069,79554841.0,TQBR
2024-02-09,881.0,889.5,852.0,879.0,195857,171027404.0,TQBR
2024-02-12,880.0,892.0,870.0,890.0,123708,108937827.5,TQBR
2024-02-13,890.0,894.0,885.0,894.0,92985,82766880.0,TQBR
2024-02-14,894.0,900.0,888.5,892.0,133292,119191024.5,TQBR
2024-02-15,892.0,895.0,877.5,890.0,113133,100488076.5,TQBR
2024-02-16,895.5,895.5,881.0,883.0,77738,69092864.5,TQBR
2024-02-19,884.0,893.0,883.5,888.5,59765,53137683.0,TQBR
2024-02-20,892.0,892.0,875.0,884.0,75227,66381032.5,TQBR
2024-02-21,870.0,877.5,842.5,864.0,319058,273969945.0,TQBR
2024-02-22,864.0,887.0,864.0,865.0,82997,72585748.5,TQBR
2024-02-26,880.0,888.0,873.0,882.0,69064,60863448.0,TQBR
2024-02-27,884.5,884.5,874.0,879.5,49717,43658461.0,TQBR
2024-02-28,879.5,916.0,874.0,902.0,685776,615704917.0,TQBR
2024-02-29,905.0,918.5,898.0,900.0,320344,290516759.5,TQBR
2024-03-01,906.0,906.5,890.5,892.0,93615,84075132.0,TQBR
2024-03-04,894.5,907.0,894.0,899.0,159479,143838117.0,TQBR
2024-03-05,901.0,903.0,891.5,894.0,88381,79214273.5,TQBR
2024-03-06,894.0,924.5,879.0,906.0,794399,723982249.5,TQBR
2024-03-07,910.0,910.5,896.0,902.0,313641,283187886.5,TQBR
2024-03-11,911.0,912.5,900.0,901.0,181201,163776395.0,TQBR
2024-03-12,901.0,903.5,898.5,902.0,68764,61937523.5,TQBR
2024-03-13,902.0,904.0,894.0,895.5,126838,114052295.0,TQBR
2024-03-14,895.0,899.0,882.0,891.5,131188,116691408.0,TQBR
2024-03-15,893.5,898.5,880.0,881.5,101412,90385594.5,TQBR
2024-03-18,894.0,911.0,890.5,905.5,521469,470578854.0,TQBR
2024-03-19,908.0,910.0,885.5,897.0,194786,175194448.0,TQBR
2024-03-20,899.0,929.5,889.0,912.5,399480,364036797.0,TQBR
2024-03-21,915.0,915.5,902.0,906.0,139340,126211692.5,TQBR
2024-03-22,907.0,908.0,880.5,895.0,167231,149836670.5,TQBR
2024-03-25,898.5,904.5,890.0,900.5,175412,157218206.0,TQBR
2024-03-26,900.5,910.0,900.5,902.5,183874,166378000.5,TQBR
2024-03-27,904.5,912.5,900.5,910.0,133305,120805779.5,TQBR
2024-03-28,909.0,911.5,903.0,909.5,82538,74852756.0,TQBR
2024-03-29,912.0,929.0,905.5,926.5,328257,301640873.0,TQBR
2024-04-01,930.5,965.0,928.5,964.5,582675,551928199.5,TQBR
2024-04-02,969.0,969.0,934.0,949.5,352135,333372208.0,TQBR
2024-04-03,949.5,959.0,935.5,953.5,167956,159142880.0,TQBR
2024-04-04,954.0,958.5,940.5,943.5,111800,106007796.0,TQBR
2024-04-05,944.0,951.0,935.5,944.0,111230,104941478.5,TQBR
2024-04-08,950.0,961.0,921.0,936.0,486901,460090356.5,TQBR
2024-04-09,937.5,941.5,907.0,922.0,418650,385865985.5,TQBR
2024-04-10,922.5,922.5,912.0,922.0,177553,162847551.5,TQBR
2024-04-11,924.0,935.0,916.0,926.5,247053,228469355.0,TQBR
2024-04-12,930.0,930.0,919.0,922.0,95217,87947458.0,TQBR
2024-04-15,924.0,926.5,918.5,921.0,117853,108622478.0,TQBR
2024-04-16,921.0,939.0,919.0,929.5,243595,226089104.0,TQBR
2024-04-17,932.0,935.0,909.0,917.5,219979,202576641.5,TQBR
2024-04-18,916.5,921.0,913.5,919.0,76787,70370967.0,TQBR
2024-04-19,920.5,923.0,910.0,915.0,113217,103750209.0,TQBR
2024-04-22,918.0,919.0,897.0,902.5,233902,212346304.5,TQBR
2024-04-23,903.0,910.5,898.0,900.5,136524,123407315.5,TQBR
2024-04-24,900.0,901.5,890.0,900.5,111419,99663432.5,TQBR
2024-04-25,906.0,906.0,890.0,901.5,55788,49990829.0,TQBR
2024-04-26,900.0,909.0,893.5,903.5,101003,90865308.0,TQBR
2024-04-27,909.0,909.0,885.5,893.5,125971,113117910.5,TQBR
2024-04-29,893.0,902.5,885.0,892.5,84370,75325997.5,TQBR
2024-04-30,893.0,895.0,890.0,892.0,34612,30900224.5,TQBR
2024-05-02,890.0,898.0,882.0,892.0,113391,100850232.5,TQBR
2024-05-03,889.0,928.0,888.0,912.5,543545,495189326.0,TQBR
2024-05-06,914.5,918.0,891.0,905.0,228737,206770453.0,TQBR
2024-05-07,905.0,908.5,898.0,908.5,68013,61495686.5,TQBR
2024-05-08,910.0,914.0,901.5,903.0,95191,86624207.0,TQBR
2024-05-10,903.0,909.5,903.0,905.5,29936,27150816.5,TQBR
2024-05-13,905.5,909.5,901.5,903.5,74316,67251373.5,TQBR
2024-05-14,903.5,908.0,900.0,901.0,72925,65868824.0,TQBR
2024-05-15,900.0,904.0,893.0,901.0,72448,65141937.0,TQBR
2024-05-16,902.0,903.5,897.5,902.0,48918,44074124.0,TQBR
2024-05-17,902.0,903.5,898.5,900.0,61912,55787445.0,TQBR
2024-05-20,900.0,901.5,883.0,890.0,120233,107409518.5,TQBR
2024-05-21,889.5,894.0,885.0,893.5,66773,59435934.0,TQBR
2024-05-22,893.5,899.0,888.0,889.5,89817,80014081.5,TQBR
2024-05-23,889.5,894.0,882.0,889.5,76666,68115101.5,TQBR
2024-05-24,892.5,895.0,870.0,874.0,148474,130697097.0,TQBR
2024-05-27,874.0,881.5,830.5,854.5,327523,280670554.0,TQBR
2024-05-28,854.5,875.0,840.0,858.0,119775,102959599.5,TQBR
2024-05-29,860.0,869.5,844.0,867.0,70926,60607342.5,TQBR
2024-05-30,867.0,888.0,855.0,855.5,91059,79325631.0,TQBR
2024-05-31,855.5,864.5,796.0,827.0,219225,181885797.5,TQBR
2024-06-03,826.0,837.0,801.0,821.5,243741,198983024.5,TQBR
2024-06-04,822.0,869.5,822.0,867.5,139304,117882391.0,TQBR
2024-06-05,853.0,885.0,853.0,862.5,133551,116246936.5,TQBR
2024-06-06,860.0,865.5,840.5,858.5,66630,56856666.0,TQBR
2024-06-07,856.0,879.5,855.5,869.0,90337,78259576.0,TQBR
2024-06-10,875.0,875.0,832.0,850.0,188878,161698990.0,TQBR
2024-06-11,848.0,851.0,830.5,832.5,60458,50628805.0,TQBR
2024-06-13,775.5,849.5,775.5,847.0,144773,119684847.5,TQBR
2024-06-14,851.0,874.5,843.0,847.5,60274,51304177.5,TQBR
2024-06-17,850.5,860.0,840.5,844.5,78301,66394223.5,TQBR
2024-06-18,848.5,848.5,814.5,820.0,94728,78454547.5,TQBR
2024-06-19,820.0,820.0,792.0,803.0,124719,100297461.5,TQBR
2024-06-20,800.0,824.0,800.0,823.5,93239,75848875.0,TQBR
2024-06-21,823.0,829.0,808.0,820.0,37732,30889353.0,TQBR
2024-06-24,820.0,857.5,813.0,822.0,50525,41634016.0,TQBR
2024-06-25,822.0,840.0,814.0,832.0,45258,37379856.5,TQBR
2024-06-26,831.0,853.0,831.0,845.0,93884,79416409.0,TQBR
2024-06-27,850.0,852.0,825.0,839.0,67933,56834701.0,TQBR
2024-06-28,835.5,843.0,830.0,842.0,56590,47474263.0,TQBR
2024-07-01,847.0,849.0,839.0,845.0,36069,30434881.0,TQBR
2024-07-02,845.0,850.0,839.0,844.5,72541,61236524.0,TQBR
2024-07-03,845.0,845.5,834.5,837.0,61567,51682878.0,TQBR
2024-07-04,836.0,843.0,817.5,835.5,120698,100217390.5,TQBR
2024-07-05,833.0,850.0,822.5,826.0,112117,93437978.0,TQBR
2024-07-08,813.0,820.0,805.5,815.0,95808,77893400.5,TQBR
2024-07-09,811.0,819.0,780.0,780.0,107672,85361398.5,TQBR
2024-07-10,780.0,782.0,737.0,740.5,215789,163122915.0,TQBR
2024-07-11,740.5,789.5,731.0,789.5,92101,70589092.0,TQBR
2024-07-12,789.0,799.0,776.5,786.0,45075,35522373.5,TQBR
2024-07-15,783.0,786.5,762.5,775.5,58148,44935675.5,TQBR
2024-07-16,778.0,778.0,745.5,770.5,102110,77433807.0,TQBR
2024-07-17,770.0,772.0,757.0,766.0,33039,25250152.5,TQBR
2024-07-18,766.0,807.0,762.0,802.0,131803,104460719.5,TQBR
2024-07-19,805.0,810.5,797.0,803.5,68347,55006913.0,TQBR
2024-07-22,805.5,816.5,804.0,810.0,59359,48069118.0,TQBR
2024-07-23,810.0,823.5,803.0,813.0,82682,67306488.0,TQBR
2024-07-24,813.5,838.5,808.0,826.0,140332,115739372.5,TQBR
2024-07-25,822.5,830.0,815.0,820.0,87189,71599757.5,TQBR
2024-07-26,821.0,828.0,789.5,803.0,165703,134198763.5,TQBR
2024-07-29,802.0,802.0,763.5,770.0,97079,75510615.5,TQBR
2024-07-30,769.0,784.5,765.0,779.0,42811,33279746.5,TQBR
2024-07-31,779.0,785.5,777.0,785.0,27890,21792360.0,TQBR
2024-08-01,784.0,793.0,776.0,781.5,41723,32754576.5,TQBR
2024-08-02,781.5,790.0,770.5,774.0,44305,34520332.0,TQBR
2024-08-05,770.0,770.0,743.5,753.5,121246,91499488.5,TQBR
2024-08-06,755.0,772.0,750.0,761.0,42683,32445948.5,TQBR
2024-08-07,761.0,767.5,744.0,756.5,70537,53421939.0,TQBR
2024-08-08,760.0,770.5,748.5,751.0,54246,41146268.5,TQBR
2024-08-09,750.5,758.0,750.5,752.5,19766,14912626.5,TQBR
2024-08-12,750.0,754.0,740.5,746.0,107317,80039606.5,TQBR
2024-08-13,748.0,765.5,745.0,761.0,74856,56572595.5,TQBR
2024-08-14,760.5,770.0,755.0,756.0,47880,36549433.5,TQBR
2024-08-15,761.0,764.0,750.5,753.5,24135,18231422.0,TQBR
2024-08-16,752.5,765.0,745.0,750.0,69959,52845322.5,TQBR
2024-08-19,757.5,757.5,735.0,738.5,62916,46782694.5,TQBR
2024-08-20,737.5,746.0,732.5,738.0,57403,42477527.0,TQBR
2024-08-21,742.0,753.0,719.0,723.5,140241,102213931.5,TQBR
2024-08-22,716.5,719.0,695.5,704.0,149942,106073967.5,TQBR
2024-08-23,703.5,703.5,675.0,688.0,145391,99870436.0,TQBR
2024-08-26,705.0,739.0,689.0,701.5,126342,89398041.5,TQBR
2024-08-27,706.0,710.0,690.0,691.0,43413,30447155.5,TQBR
2024-08-28,694.0,696.5,672.0,686.0,87252,59523638.5,TQBR
2024-08-29,686.0,697.5,663.5,669.0,149611,100997630.0,TQBR
2024-08-30,669.0,676.0,588.0,626.5,480695,304647676.0,TQBR
2024-09-02,610.0,619.0,525.5,562.0,839927,470627852.0,TQBR
2024-09-03,562.0,592.0,555.0,589.5,377817,217270252.0,TQBR
2024-09-04,585.0,618.0,574.5,612.0,210924,126132721.0,TQBR
2024-09-05,620.5,646.5,608.0,616.0,213396,134577749.0,TQBR
2024-09-06,620.0,633.0,612.0,617.0,124982,77568070.0,TQBR
2024-09-09,621.5,644.5,621.5,644.5,165853,105737234.0,TQBR
2024-09-10,650.0,653.5,623.0,633.5,126995,81032578.5,TQBR
2024-09-11,633.5,645.0,620.0,621.0,96063,60609966.0,TQBR
2024-09-12,615.0,626.0,600.0,607.0,133614,81066017.0,TQBR
2024-09-13,611.0,643.0,579.0,629.0,174897,106204990.0,TQBR
2024-09-16,635.5,653.0,625.0,635.0,165457,105398954.5,TQBR
2024-09-17,640.0,644.0,630.5,637.0,102851,65687178.0,TQBR
2024-09-18,639.0,640.5,614.0,626.5,90435,56711583.0,TQBR
2024-09-19,625.0,626.5,619.0,623.0,74049,46163087.0,TQBR
2024-09-20,625.0,643.0,620.5,638.5,172443,109377178.0,TQBR
2024-09-23,646.5,684.0,642.0,676.5,366871,245487005.0,TQBR
2024-09-24,684.0,695.0,641.5,666.0,405537,268420263.5,TQBR
2024-09-25,671.0,672.5,642.0,645.0,129997,85356850.0,TQBR
2024-09-26,641.5,657.5,630.0,642.5,150450,96593863.0,TQBR
2024-09-27,639.5,659.0,639.5,655.5,90204,58744433.5,TQBR
2024-09-30,659.5,672.5,650.5,652.5,121660,80698627.0,TQBR
2024-10-01,654.0,662.0,646.5,654.5,97070,63611216.0,TQBR
2024-10-02,657.0,668.5,627.0,638.5,159505,103493906.5,TQBR
2024-10-03,639.0,651.5,620.5,638.5,177083,112001385.5,TQBR
2024-10-04,629.5,634.5,619.5,628.5,142727,89689726.0,TQBR
2024-10-07,632.0,637.0,595.0,616.0,192928,118375951.0,TQBR
2024-10-08,615.0,620.0,612.0,619.0,32633,20105433.5,TQBR
2024-10-09,617.5,624.0,608.0,612.0,70853,43504593.0,TQBR
2024-10-10,611.5,615.5,608.5,611.5,38526,23564964.0,TQBR
2024-10-11,613.5,615.0,606.5,610.0,38001,23214341.5,TQBR
2024-10-14,610.5,614.5,599.0,612.5,84638,51329738.5,TQBR
2024-10-15,613.0,625.0,610.5,616.5,142681,88065617.5,TQBR
2024-10-16,616.5,623.0,613.5,622.0,78110,48348307.5,TQBR
2024-10-17,623.0,623.5,610.0,612.0,69108,42492660.0,TQBR
2024-10-18,612.0,621.5,608.0,611.0,65938,40417697.5,TQBR
2024-10-21,615.5,623.5,611.0,616.0,126523,78141431.5,TQBR
2024-10-22,616.0,616.5,606.0,610.5,68648,41905569.0,TQBR
2024-10-23,610.5,612.0,601.0,602.5,86866,52680958.0,TQBR
2024-10-24,604.5,607.5,587.5,603.0,106734,63623580.5,TQBR
2024-10-25,603.5,607.5,585.0,592.0,118281,70266184.0,TQBR
2024-10-28,582.0,583.5,565.0,572.0,186176,106441920.5,TQBR
2024-10-29,572.0,583.0,562.0,579.0,97829,55847195.5,TQBR
2024-10-30,584.5,590.5,573.5,577.0,56546,32964736.5,TQBR
2024-10-31,582.0,584.5,567.0,568.5,55156,31667695.0,TQBR
2024-11-01,570.5,574.0,565.0,572.0,28711,16384739.0,TQBR
2024-11-02,572.5,582.0,572.5,582.0,31586,18255898.5,TQBR
2024-11-05,584.0,593.0,583.0,588.5,52759,31015583.0,TQBR
2024-11-06,600.0,611.0,584.5,596.0,141311,84743125.5,TQBR
2024-11-07,596.5,602.5,589.5,602.0,45724,27249811.5,TQBR
2024-11-08,606.0,612.0,595.5,611.5,83608,50548476.0,TQBR
2024-11-11,617.0,625.0,597.5,617.5,127190,78435550.5,TQBR
2024-11-12,619.0,619.0,595.0,596.0,202027,121526012.0,TQBR
2024-11-13,598.0,601.0,593.0,595.0,75018,44810732.5,TQBR
2024-11-14,594.0,596.5,583.5,590.0,75904,44798605.5,TQBR
2024-11-15,591.5,604.0,588.0,602.0,66253,39428336.5,TQBR
2024-11-18,602.5,606.0,595.5,600.0,103808,62508770.5,TQBR
2024-11-19,602.5,604.0,587.5,592.5,65117,38723792.5,TQBR
2024-11-20,597.5,597.5,570.0,586.5,73876,43317822.0,TQBR
2024-11-21,588.5,597.0,576.0,592.5,70130,41095518.0,TQBR
2024-11-22,597.0,605.0,589.0,591.0,93418,55700278.0,TQBR
2024-11-25,597.5,600.0,572.0,577.5,122017,71541839.5,TQBR
2024-11-26,589.0,589.0,553.0,564.5,192759,109778863.5,TQBR
2024-11-27,569.0,589.0,545.0,587.0,150089,85608494.5,TQBR
2024-11-28,587.0,621.5,587.0,615.0,236646,143435345.0,TQBR
2024-11-29,615.0,622.5,604.0,608.5,157177,96250235.5,TQBR
2024-12-02,590.0,593.5,584.5,593.0,108421,63904503.5,TQBR
2024-12-03,590.5,590.5,571.0,576.5,69507,40591067.0,TQBR
2024-12-04,570.0,577.0,558.0,561.0,62864,35669883.0,TQBR
2024-12-05,561.0,563.0,553.0,562.0,114585,63945565.5,TQBR
2024-12-06,562.5,580.5,562.5,567.0,81256,46048017.0,TQBR
2024-12-09,572.0,577.0,560.0,565.5,76861,43473982.5,TQBR
2024-12-10,565.0,565.0,537.5,546.5,151972,83165559.5,TQBR
2024-12-11,544.5,548.0,536.0,543.5,83599,45336799.0,TQBR
2024-12-12,546.0,548.5,535.0,536.0,59247,31966681.5,TQBR
2024-12-13,535.5,538.5,531.0,537.5,51423,27448825.0,TQBR
2024-12-16,534.5,539.0,521.0,524.5,84091,44422795.5,TQBR
2024-12-17,524.0,530.0,521.0,528.0,38218,20123462.0,TQBR
2024-12-18,527.5,543.0,522.5,539.0,70701,37562879.0,TQBR
2024-12-19,540.0,559.5,537.0,550.0,110827,60949507.5,TQBR
2024-12-20,546.0,582.0,545.0,572.0,180352,102598959.0,TQBR
2024-12-23,577.0,587.0,572.0,579.5,98015,56766570.0,TQBR
2024-12-24,579.5,580.5,561.5,567.0,84041,47719925.0,TQBR
2024-12-25,566.5,570.0,560.0,566.5,109589,61986999.0,TQBR
2024-12-26,568.5,583.0,568.5,576.0,104178,60063753.5,TQBR
2024-12-27,576.5,580.0,560.0,573.0,126019,72033553.5,TQBR
2024-12-28,576.0,596.5,573.0,591.5,121429,70747821.5,TQBR
2024-12-30,593.5,608.5,593.5,607.0,95040,57352792.0,TQBR
2025-01-03,611.0,612.5,596.0,600.5,50838,30734152.5,TQBR
2025-01-06,598.5,605.0,592.0,599.0,46447,27856926.5,TQBR
2025-01-08,599.5,612.0,598.5,612.0,52314,31812050.5,TQBR
2025-01-09,612.0,619.0,593.0,595.5,76546,46043992.5,TQBR
2025-01-10,597.0,609.0,597.0,606.5,61912,37374668.5,TQBR
2025-01-13,612.5,617.5,605.0,607.5,80912,49458422.5,TQBR
2025-01-14,607.5,615.0,602.5,611.0,46290,28262789.0,TQBR
2025-01-15,614.0,615.5,607.5,614.0,76088,46513150.0,TQBR
2025-01-16,617.0,636.0,613.0,627.0,158702,99101657.5,TQBR
2025-01-17,627.0,652.5,625.0,646.5,203222,129493120.0,TQBR
2025-01-20,660.0,665.0,644.0,648.0,170018,111014003.0,TQBR
2025-01-21,648.5,650.5,631.5,645.0,94287,60313921.0,TQBR
2025-01-22,645.0,645.5,633.0,634.0,72451,46392793.0,TQBR
2025-01-23,637.0,643.5,631.5,640.0,58206,37101198.0,TQBR
2025-01-24,640.0,645.0,636.5,643.0,59168,37951862.0,TQBR
2025-01-27,644.0,646.5,637.5,642.0,53601,34394238.0,TQBR
2025-01-28,639.0,649.0,633.0,642.5,84237,53820807.0,TQBR
2025-01-29,647.0,670.0,645.0,653.0,158517,104104598.0,TQBR
2025-01-30,653.0,663.0,652.5,663.0,73961,48678123.5,TQBR
2025-01-31,665.0,690.0,663.0,683.0,204644,138302802.0,TQBR
2025-02-03,682.5,686.5,670.0,677.5,118873,80746575.0,TQBR
2025-02-04,677.5,683.0,670.5,672.5,74984,50729321.0,TQBR
2025-02-05,673.5,684.0,661.5,678.5,97343,65350321.5,TQBR
2025-02-06,680.5,686.0,677.5,678.0,46872,31962441.0,TQBR
2025-02-07,679.5,687.5,679.0,683.0,63146,43169742.0,TQBR
2025-02-10,684.5,751.5,684.5,713.0,1310190,952915086.5,TQBR
2025-02-11,720.0,730.5,699.5,708.5,319390,226489573.0,TQBR
2025-02-12,714.0,728.0,696.5,727.5,968049,688009768.0,TQBR
2025-02-13,730.0,738.0,713.0,719.0,190167,136872593.0,TQBR
2025-02-14,723.0,727.5,700.0,707.5,245773,175000582.0,TQBR
2025-02-17,717.0,726.0,712.5,724.0,163054,117622601.0,TQBR
2025-02-18,721.5,723.0,702.5,708.0,194703,138353306.5,TQBR
2025-02-19,711.0,719.5,701.5,719.5,81234,57697310.5,TQBR
2025-02-20,722.0,737.0,720.0,731.5,317417,231610310.0,TQBR
2025-02-21,734.5,759.5,723.5,737.5,532383,395832478.5,TQBR
2025-02-24,741.5,749.0,733.5,742.5,171276,127074416.0,TQBR
2025-02-25,748.0,750.5,740.0,746.5,157197,117419042.5,TQBR
2025-02-26,750.0,751.0,706.0,722.5,435644,316524048.0,TQBR
2025-02-27,721.5,735.5,705.5,710.0,203627,146771722.0,TQBR
2025-02-28,712.0,727.0,692.0,717.0,251413,177712634.5,TQBR
2025-03-03,701.0,729.0,700.5,721.5,156220,111395821.5,TQBR
2025-03-04,729.0,735.5,725.5,732.5,98966,72339754.0,TQBR
2025-03-05,731.0,733.5,715.0,718.0,114149,82934747.0,TQBR
2025-03-06,719.0,725.5,712.5,716.0,67704,48714238.0,TQBR
2025-03-07,716.5,725.0,687.0,719.5,151865,108231683.5,TQBR
2025-03-10,719.5,726.0,709.5,720.0,80570,57856553.5,TQBR
2025-03-11,716.5,719.0,707.5,716.0,81256,57996716.5,TQBR
2025-03-12,713.0,714.5,700.0,702.5,85856,60623002.5,TQBR
2025-03-13,700.0,711.0,675.5,700.5,180737,125079663.0,TQBR
2025-03-14,700.0,728.5,700.0,717.0,116057,83067922.0,TQBR
2025-03-17,724.5,776.0,720.5,768.5,758465,571644795.0,TQBR
2025-03-18,763.0,764.5,727.0,731.5,1410127,1050093009.0,TQBR
2025-03-19,735.0,747.0,713.0,718.5,334109,243645463.5,TQBR
2025-03-20,721.5,726.0,710.0,715.5,179698,128918904.0,TQBR
2025-03-21,718.0,722.5,707.0,709.0,111573,79548489.0,TQBR
2025-03-24,710.0,712.0,693.5,694.0,103507,72571892.0,TQBR
2025-03-25,694.0,716.0,691.0,705.0,205576,144644374.0,TQBR
2025-03-26,711.0,716.0,695.0,699.0,123746,87434102.5,TQBR
2025-03-27,699.0,699.0,683.5,687.0,113792,78539509.5,TQBR
2025-03-28,687.0,688.5,653.0,665.0,169776,114572850.5,TQBR
2025-03-31,650.0,698.5,641.0,688.0,228934,155471628.0,TQBR
2025-04-01,688.0,714.5,681.0,682.5,274984,192941142.0,TQBR
2025-04-02,689.5,693.0,668.0,681.5,126839,86324659.0,TQBR
2025-04-03,684.5,694.0,646.5,671.5,125671,84523045.5,TQBR
2025-04-04,671.5,692.0,634.5,672.5,393500,264382403.0,TQBR
2025-04-07,672.0,675.0,606.0,651.5,311656,200306442.0,TQBR
2025-04-08,653.0,674.0,653.0,656.5,93759,62334551.0,TQBR
2025-04-09,657.0,671.0,620.0,667.5,231042,149507309.5,TQBR
2025-04-10,667.5,685.0,660.5,668.5,69287,46444762.5,TQBR
2025-04-11,671.5,681.5,669.5,679.0,44360,30081018.5,TQBR
2025-04-14,679.0,690.0,656.0,660.5,118212,79221164.5,TQBR
2025-04-15,661.0,664.5,651.5,655.0,33741,22156923.0,TQBR
2025-04-16,655.0,662.0,646.5,654.5,59902,39210355.5,TQBR
2025-04-17,654.5,669.0,650.5,662.0,100742,66554500.0,TQBR
2025-04-18,661.0,674.0,656.0,658.0,61962,41075409.0,TQBR
2025-04-21,658.5,669.0,658.5,662.5,56647,37671496.5,TQBR
2025-04-22,662.5,668.0,660.0,663.0,56578,37536656.0,TQBR
2025-04-23,670.0,670.0,655.0,659.5,55212,36514864.0,TQBR
2025-04-24,660.5,664.5,659.0,660.0,28918,19144765.5,TQBR
2025-04-25,661.5,666.0,659.0,663.5,34002,22537118.5,TQBR
2025-04-28,665.5,669.0,658.5,662.0,87943,58358869.0,TQBR
2025-04-29,662.0,664.0,647.0,651.5,54883,35980952.5,TQBR
2025-04-30,651.0,659.0,638.5,656.0,89856,58368181.5,TQBR
2025-05-02,652.0,657.0,642.0,642.0,26615,17291559.0,TQBR
2025-05-05,643.0,649.0,623.5,629.0,68388,43512186.0,TQBR
2025-05-06,630.0,642.0,626.0,637.5,28331,18017036.0,TQBR
2025-05-07,638.0,643.0,635.0,639.5,20113,12884630.0,TQBR
2025-05-08,640.0,650.5,640.0,643.5,16333,10551862.5,TQBR
2025-05-12,645.0,656.0,644.0,650.0,72713,47379371.5,TQBR
2025-05-13,649.5,664.5,649.0,656.5,89743,59030787.5,TQBR
2025-05-14,657.0,658.5,644.0,645.5,51838,33854890.0,TQBR
2025-05-15,645.0,652.5,641.0,646.0,39289,25403712.0,TQBR
2025-05-16,646.0,651.0,629.0,643.0,88834,56976364.0,TQBR
2025-05-19,644.5,656.0,640.5,644.5,42291,27408639.5,TQBR
2025-05-20,648.0,648.0,631.5,637.5,39537,25244619.0,TQBR
2025-05-21,637.5,639.5,626.5,632.0,44738,28261967.0,TQBR
2025-05-22,632.0,632.0,614.0,616.0,92518,57374016.5,TQBR
2025-05-23,615.0,629.0,610.0,623.5,53367,32970039.5,TQBR
2025-05-26,621.0,624.5,601.0,604.5,89226,54375419.5,TQBR
2025-05-27,604.0,607.0,595.5,606.5,41335,24897400.5,TQBR
2025-05-28,606.5,623.0,606.5,621.0,63891,39402875.5,TQBR
2025-05-29,621.0,624.0,610.5,612.0,22254,13743804.0,TQBR
2025-05-30,612.0,616.0,606.5,612.0,38047,23268113.5,TQBR
2025-06-02,612.5,621.0,600.0,617.5,103086,62965751.5,TQBR
2025-06-03,618.0,624.0,608.5,618.0,118230,72866513.0,TQBR
2025-06-04,619.0,622.0,608.5,615.5,89477,55161264.0,TQBR
2025-06-05,615.0,621.0,612.5,617.5,47154,29111888.0,TQBR
2025-06-06,617.5,626.0,606.0,607.5,90097,55543590.5,TQBR
2025-06-09,610.5,612.0,582.0,595.5,113105,67637588.5,TQBR
2025-06-10,596.0,601.5,588.5,593.0,40346,23999579.0,TQBR
2025-06-11,597.0,599.0,592.0,596.5,29988,17883201.5,TQBR
2025-06-13,600.5,602.0,592.5,593.5,21473,12823875.0,TQBR
2025-06-16,597.0,597.0,586.5,590.5,162350,96307165.0,TQBR
2025-06-17,590.5,597.0,588.0,596.5,42617,25305227.0,TQBR
2025-06-18,596.5,601.5,592.5,596.0,40721,24352360.0,TQBR
2025-06-19,598.0,600.0,595.0,595.0,42233,25235656.0,TQBR
2025-06-20,595.0,598.5,591.0,593.0,32692,19408758.5,TQBR
2025-06-23,592.5,595.0,588.0,589.0,50792,29996845.0,TQBR
2025-06-24,593.5,598.0,588.0,597.0,33853,20037498.0,TQBR
2025-06-25,596.5,608.0,596.5,602.5,80724,48484812.5,TQBR
2025-06-26,603.0,610.0,595.5,598.5,79413,47835160.0,TQBR
2025-06-27,599.0,602.0,596.0,598.5,29050,17392477.0,TQBR
2025-06-30,601.5,606.0,595.5,602.5,81915,49210919.0,TQBR
2025-07-01,602.5,609.5,601.0,607.0,66958,40602301.5,TQBR
2025-07-02,609.0,610.5,600.0,602.5,50500,30516152.5,TQBR
2025-07-03,602.5,632.0,602.0,627.5,215741,133975241.0,TQBR
2025-07-04,627.5,639.0,615.0,634.0,197781,124817709.0,TQBR
2025-07-07,628.5,633.5,611.5,624.5,110104,68532390.0,TQBR
2025-07-08,623.0,628.5,615.5,619.0,53476,33315235.0,TQBR
2025-07-09,619.0,623.0,600.0,603.5,76655,46727897.0,TQBR
2025-07-10,603.5,606.5,580.0,588.0,158543,93852670.5,TQBR
2025-07-11,588.0,593.0,578.5,583.0,63183,37009318.0,TQBR
2025-07-14,578.0,600.0,562.5,596.0,120341,69869595.5,TQBR
2025-07-15,600.0,602.5,586.5,599.5,75113,44833725.5,TQBR
2025-07-16,599.0,603.5,586.0,597.5,63661,37941896.5,TQBR
2025-07-17,597.5,606.5,596.0,596.5,52164,31371513.5,TQBR
2025-07-18,597.0,606.0,596.5,602.0,43626,26237519.0,TQBR
2025-07-21,602.0,614.0,600.5,605.0,93399,56500473.5,TQBR
2025-07-22,605.5,607.0,602.0,605.5,29695,17966816.5,TQBR
2025-07-23,607.0,625.5,606.0,618.5,110319,68082793.5,TQBR
2025-07-24,620.0,622.0,615.5,620.0,28574,17693281.5,TQBR
2025-07-25,622.0,632.5,599.5,623.0,131493,81738969.5,TQBR
2025-07-28,622.5,624.5,602.5,603.0,63047,38680427.0,TQBR
2025-07-29,603.0,607.0,600.0,602.5,60335,36367104.0,TQBR
2025-07-30,605.0,606.0,596.5,600.0,46185,27752071.5,TQBR
2025-07-31,599.5,604.5,597.0,600.0,45078,27076906.5,TQBR
2025-08-01,600.0,603.0,595.0,599.5,39532,23709559.5,TQBR
2025-08-04,599.5,608.0,599.0,606.5,51683,31210947.0,TQBR
2025-08-05,607.5,614.0,605.5,613.0,45466,27721696.0,TQBR
2025-08-06,614.0,633.0,608.0,624.5,106581,65951449.5,TQBR
2025-08-07,623.0,627.5,605.5,616.5,109431,67866266.0,TQBR
2025-08-08,619.0,624.5,615.0,622.5,65288,40465087.5,TQBR
2025-08-11,629.0,635.0,626.0,633.0,98474,62086149.0,TQBR
2025-08-12,633.5,654.5,628.5,653.0,98820,63659777.0,TQBR
2025-08-13,654.5,671.5,646.0,653.5,120839,79215481.0,TQBR
2025-08-14,651.5,655.5,640.5,648.5,60906,39492584.0,TQBR
2025-08-15,648.0,651.0,645.5,647.5,44451,28818116.5,TQBR
2025-08-18,641.0,654.5,628.0,645.0,110579,71031973.0,TQBR
2025-08-19,650.0,650.0,629.0,640.5,88756,56927974.0,TQBR
2025-08-20,642.0,648.0,635.0,636.0,40786,26140827.0,TQBR
2025-08-21,636.0,638.5,621.0,622.0,72796,45675640.5,TQBR
2025-08-22,625.0,635.0,622.5,629.5,45200,28423164.0,TQBR
2025-08-25,629.0,633.5,626.0,631.0,60619,38194193.0,TQBR
2025-08-26,631.0,640.0,629.0,633.0,61414,39003242.5,TQBR
2025-08-27,633.5,638.5,629.5,633.5,35084,22274543.0,TQBR
2025-08-28,633.0,636.0,622.0,626.5,45736,28832777.5,TQBR
2025-08-29,626.5,631.5,593.0,604.5,478957,290388405.0,TQBR
2025-09-01,604.5,607.0,585.0,589.5,276590,164820119.0,TQBR
2025-09-02,591.0,593.0,575.0,579.0,175771,102411552.5,TQBR
2025-09-03,579.5,600.5,579.5,600.0,198715,117731022.0,TQBR
2025-09-04,602.0,605.0,595.0,598.0,110005,65939010.0,TQBR
2025-09-05,598.0,601.0,595.5,597.0,57799,34624500.0,TQBR
2025-09-08,599.0,603.5,596.5,601.0,73172,43977378.5,TQBR
2025-09-09,602.0,602.0,597.0,599.0,53854,32284612.0,TQBR
2025-09-10,599.0,602.0,593.5,597.0,82393,49247558.5,TQBR
2025-09-11,597.0,598.5,590.0,596.5,61417,36451867.5,TQBR
2025-09-12,596.5,598.0,585.0,589.0,82685,48914641.0,TQBR
2025-09-15,589.5,590.5,580.0,582.0,70778,41288191.0,TQBR
2025-09-16,581.5,586.5,575.0,576.5,60409,35009388.5,TQBR
2025-09-17,577.0,580.5,575.5,580.0,36558,21142574.5,TQBR
2025-09-18,580.0,580.5,560.0,567.0,127596,72761148.0,TQBR
2025-09-19,569.5,571.0,555.0,556.5,98567,55106911.0,TQBR
2025-09-22,557.0,561.0,542.5,557.0,94519,52073612.0,TQBR
2025-09-23,557.0,565.0,545.5,549.0,59543,33158897.5,TQBR
2025-09-24,550.0,555.0,544.5,554.0,64320,35374046.5,TQBR
2025-09-25,552.5,557.5,544.5,546.0,49201,27017528.0,TQBR
2025-09-26,548.0,553.0,544.0,552.0,66437,36466961.0,TQBR
2025-09-29,554.0,554.5,541.0,545.5,66329,36345970.5,TQBR
2025-09-30,548.0,551.5,539.0,542.0,64250,35002085.0,TQBR
2025-10-01,542.5,551.5,530.5,535.5,105409,57010813.0,TQBR
2025-10-02,536.0,536.0,530.0,533.0,58068,30940170.0,TQBR
2025-10-03,532.0,534.5,526.0,526.5,54878,29090357.0,TQBR
2025-10-06,526.5,545.0,522.5,540.0,101436,54195802.5,TQBR
2025-10-07,543.5,551.0,535.5,538.5,59455,32289523.5,TQBR
2025-10-08,538.0,543.5,520.0,520.5,94397,49679641.5,TQBR
2025-10-09,523.0,526.0,495.0,512.5,201385,103141881.0,TQBR
2025-10-10,516.5,517.5,507.0,511.0,61395,31401165.5,TQBR
2025-10-13,511.0,519.0,506.0,511.5,55569,28459014.0,TQBR
2025-10-14,511.0,514.0,502.5,505.5,48870,24752698.0,TQBR
2025-10-15,507.5,507.5,502.0,505.5,42781,21593767.0,TQBR
2025-10-16,507.0,541.0,503.5,537.5,208660,107828442.5,TQBR
2025-10-17,550.0,550.0,520.0,528.0,119416,63191079.5,TQBR
2025-10-20,528.0,544.0,528.0,533.0,132350,71018337.5,TQBR
2025-10-21,534.0,534.0,508.0,514.5,168008,87048647.5,TQBR
2025-10-22,514.5,520.5,504.5,509.5,77675,39979247.5,TQBR
2025-10-23,510.0,510.5,501.5,507.5,57033,28835404.0,TQBR
2025-10-24,508.0,514.0,502.5,503.0,57597,29205804.0,TQBR
2025-10-27,505.0,507.5,494.5,497.0,84772,42325977.0,TQBR
2025-10-28,501.0,510.0,493.0,509.5,145909,73704587.5,TQBR
2025-10-29,510.0,516.5,502.5,506.0,137455,70017097.5,TQBR
2025-10-30,506.0,506.5,488.5,497.0,287619,142710701.0,TQBR
2025-10-31,497.0,498.5,490.5,493.5,105034,51839545.5,TQBR
2025-11-01,494.5,497.0,492.5,492.5,30294,14987671.5,TQBR
2025-11-03,493.5,500.5,489.0,495.5,54338,26992239.5,TQBR
2025-11-05,496.5,498.0,491.0,492.0,76404,37768010.0,TQBR
2025-11-06,492.5,494.5,490.0,494.0,55214,27191066.0,TQBR
2025-11-07,494.0,498.0,490.5,493.5,57361,28378682.5,TQBR
2025-11-10,494.0,501.5,483.5,487.0,243633,119310266.5,TQBR
2025-11-11,487.0,492.0,485.0,491.0,78579,38384753.0,TQBR
2025-11-12,491.0,492.0,482.5,487.5,64114,31184353.5,TQBR
2025-11-13,487.5,489.0,477.5,482.5,101209,48812597.0,TQBR
2025-11-14,482.0,484.0,475.0,477.0,87496,41876580.0,TQBR
2025-11-17,478.0,480.5,473.0,474.0,77607,36939649.0,TQBR
2025-11-18,474.0,476.0,466.5,470.0,177033,83414958.5,TQBR
2025-11-19,470.5,478.0,467.0,472.5,206427,97456537.0,TQBR
2025-11-20,473.0,477.5,469.5,474.5,134407,63606936.5,TQBR
2025-11-21,476.0,477.0,470.5,473.0,80608,38150223.5,TQBR
2025-11-24,476.0,481.0,472.0,474.5,78408,37219806.0,TQBR
2025-11-25,477.0,478.5,471.5,473.5,82023,38932141.5,TQBR
2025-11-26,474.5,476.0,473.0,475.5,36543,17329848.5,TQBR
2025-11-27,475.5,476.5,472.0,473.0,40420,19149312.0,TQBR
2025-11-28,474.5,475.0,471.5,474.0,39188,18551362.0,TQBR
2025-12-01,475.5,479.0,473.0,476.0,108518,51747373.0,TQBR
2025-12-02,477.5,477.5,474.0,474.5,56989,27098254.0,TQBR
2025-12-03,474.0,474.5,471.0,474.0,47065,22240112.5,TQBR
2025-12-04,474.5,490.0,473.5,484.0,164378,79327411.0,TQBR
2025-12-05,487.0,487.0,482.5,485.5,93377,45246270.0,TQBR
2025-12-08,484.0,488.0,479.0,484.0,113574,55182369.5,TQBR
2025-12-09,485.5,486.0,475.5,483.0,92893,44743249.5,TQBR
2025-12-10,485.0,487.0,481.5,481.5,62515,30291425.0,TQBR
2025-12-11,482.5,486.5,482.5,484.5,98214,47577026.5,TQBR
2025-12-12,484.5,497.9,484.0,494.1,159417,78600193.2,TQBR
2025-12-15,493.5,515.6,491.1,515.4,525129,265915586.0,TQBR
2025-12-16,515.4,515.8,504.2,511.6,203159,103322720.2,TQBR
2025-12-17,512.0,512.0,501.2,505.6,155496,78740961.3,TQBR
2025-12-18,505.7,508.7,501.5,507.8,129706,65555800.8,TQBR
2025-12-19,507.8,510.0,496.1,501.7,224060,112623460.7,TQBR
2025-12-22,501.7,504.3,493.6,496.0,96646,48167145.1,TQBR
2025-12-23,494.7,496.0,484.6,492.6,113981,55885492.8,TQBR
2025-12-24,493.0,494.8,487.6,490.5,66342,32584957.3,TQBR
2025-12-25,492.0,503.3,489.0,500.6,154313,77006865.5,TQBR
2025-12-26,500.6,503.0,495.0,500.6,215130,107429003.3,TQBR
2025-12-29,502.0,502.4,489.6,493.1,190589,94875572.5,TQBR
2025-12-30,494.0,495.4,488.8,492.4,93852,46110008.6,TQBR
2026-01-05,492.0,492.0,482.0,488.3,61354,29853805.5,TQBR
2026-01-06,488.7,498.7,488.5,496.4,42176,20871170.0,TQBR
2026-01-08,490.2,494.1,488.1,492.1,35227,17303499.9,TQBR
2026-01-09,492.1,493.9,489.2,491.9,25900,12725156.3,TQBR
2026-01-12,493.0,496.9,490.7,492.8,52121,25729028.5,TQBR
2026-01-13,494.1,494.4,484.0,486.8,72080,35136990.9,TQBR
2026-01-14,487.9,492.8,485.0,487.6,82873,40454313.1,TQBR
2026-01-15,487.5,491.2,486.9,491.2,40932,19993138.7,TQBR
2026-01-16,491.8,493.0,487.0,488.8,253730,124054827.3,TQBR
2026-01-19,488.8,492.5,486.2,488.1,112769,55082852.9,TQBR
2026-01-20,488.1,488.5,484.3,485.9,75354,36647041.8,TQBR
2026-01-21,488.0,488.0,485.1,486.1,74878,36419024.7,TQBR
2026-01-22,486.3,487.9,484.7,485.2,131024,63653964.9,TQBR
2026-01-23,485.2,485.8,483.0,485.3,95388,46201129.3,TQBR
2026-01-26,485.4,488.5,483.1,484.7,144580,70209440.8,TQBR
2026-01-27,484.6,487.0,480.6,484.5,136063,65828714.2,TQBR
2026-01-28,485.7,486.0,478.2,480.0,149489,72048496.7,TQBR
2026-01-29,482.5,483.3,478.8,481.0,158743,76382140.8,TQBR
2026-01-30,482.1,482.9,475.0,475.3,99986,47838415.0,TQBR
2026-02-02,476.1,481.7,476.1,481.4,87547,41973114.9,TQBR
2026-02-03,481.8,501.9,481.0,494.6,529212,261182439.3,TQBR
2026-02-04,495.0,502.4,485.0,487.4,201746,99268173.7,TQBR
2026-02-05,488.0,497.0,482.7,494.4,233978,114908104.1,TQBR
2026-02-06,494.0,507.0,491.3,502.2,449272,225510175.6,TQBR
2026-02-09,502.2,504.9,485.1,485.3,251391,124250949.9,TQBR
2026-02-10,488.4,495.5,486.6,488.9,129052,63273780.7,TQBR
2026-02-11,489.7,496.0,488.6,494.1,157409,77399658.5,TQBR
2026-02-12,494.1,494.4,488.2,488.5,97765,48072926.2,TQBR
2026-02-13,489.7,492.7,482.5,486.8,147919,72223066.7,TQBR
2026-02-16,488.8,490.3,486.0,487.7,71979,35123461.7,TQBR
2026-02-17,487.7,489.0,485.0,486.5,61922,30139791.2,TQBR
2026-02-18,486.5,499.4,483.4,494.3,131914,64764880.7,TQBR
2026-02-19,496.0,499.9,485.3,487.0,129518,63622315.3,TQBR
2026-02-20,487.5,491.0,486.1,488.3,52858,25831704.2,TQBR
2026-02-24,488.7,492.6,486.4,487.9,125430,61321359.1,TQBR
2026-02-25,486.0,491.1,486.0,490.3,51661,25246365.9,TQBR
2026-02-26,490.3,491.3,486.7,489.9,75493,36956749.3,TQBR
2026-02-27,490.5,491.9,487.5,490.5,64315,31480534.5,TQBR
2026-03-02,490.5,493.6,486.1,490.5,158010,77366115.1,TQBR
2026-03-03,488.2,490.4,484.0,485.2,77324,37652185.9,TQBR
2026-03-04,485.2,490.3,484.6,485.3,51701,25180144.5,TQBR
2026-03-05,485.6,487.9,481.1,483.6,70723,34260636.6,TQBR
2026-03-06,484.9,486.9,481.5,481.7,48394,23375788.3,TQBR
2026-03-09,481.6,484.0,480.2,480.6,54120,26070996.3,TQBR
2026-03-10,481.2,485.9,480.4,483.6,59715,28872659.8,TQBR
2026-03-11,484.0,486.5,477.0,482.8,94099,45442329.7,TQBR
2026-03-12,482.9,484.7,480.5,481.1,35823,17275403.3,TQBR
2026-03-13,482.1,483.9,480.3,483.0,47546,22966249.3,TQBR
2026-03-16,483.2,492.0,482.5,485.7,60688,29449405.0,TQBR
2026-03-17,485.7,485.7,482.2,482.9,40509,19609180.7,TQBR
2026-03-18,483.3,485.4,482.6,483.6,34690,16780107.8,TQBR
2026-03-19,484.0,484.9,475.0,477.8,95886,45967888.8,TQBR
2026-03-20,476.0,481.9,475.0,477.0,60404,28891259.4,TQBR
2026-03-23,476.5,476.7,467.1,471.2,142195,66966648.9,TQBR
2026-03-24,472.3,473.1,465.1,465.6,62587,29316648.5,TQBR
2026-03-25,465.2,470.9,465.2,466.7,57853,27048932.9,TQBR
2026-03-26,467.0,469.3,457.5,458.8,128683,59289769.6,TQBR
2026-03-27,457.2,460.7,450.0,451.0,124239,56460550.3,TQBR
2026-03-30,450.0,467.4,442.4,447.3,255297,115050941.1,TQBR
2026-03-31,447.1,452.3,421.7,422.2,592751,255216681.9,TQBR
2026-04-01,422.5,427.7,415.8,427.1,278124,117211906.7,TQBR
2026-04-02,426.1,428.3,408.1,419.7,347661,145528906.6,TQBR
2026-04-03,418.8,423.6,415.0,415.8,107781,45130325.0,TQBR
2026-04-06,418.1,425.5,413.1,414.3,175929,73356166.1,TQBR
2026-04-07,420.0,420.5,414.7,417.1,79900,33396240.3,TQBR
2026-04-08,416.0,419.9,409.5,411.6,146530,60592091.1,TQBR
2026-04-09,412.4,414.0,401.1,404.4,180072,73211036.6,TQBR
2026-04-10,405.7,406.4,398.4,400.5,116101,46591563.5,TQBR
2026-04-13,400.4,412.0,385.3,393.4,269939,107280922.8,TQBR
2026-04-14,392.6,397.8,390.4,392.8,75451,29724253.6,TQBR
2026-04-15,392.8,397.6,388.5,395.0,94047,36982430.4,TQBR
2026-04-16,397.6,398.3,391.9,392.9,81249,32131462.6,TQBR
2026-04-17,394.0,397.8,390.4,390.5,97205,38173256.6,TQBR
2026-04-20,391.0,398.5,389.1,390.8,113528,44444730.4,TQBR
2026-04-21,390.7,392.0,388.4,389.5,59090,23030172.7,TQBR
2026-04-22,389.3,391.2,387.6,390.4,86573,33673690.9,TQBR
2026-04-23,390.5,395.8,390.3,392.3,93096,36614520.8,TQBR
2026-04-24,394.1,394.9,387.0,388.3,84992,33179857.7,TQBR
2026-04-27,390.4,392.1,381.0,384.5,119563,46114736.3,TQBR
2026-04-28,385.3,386.7,371.8,375.0,144061,54220323.8,TQBR
2026-04-29,375.9,375.9,365.2,371.4,175503,64929889.7,TQBR
2026-04-30,372.5,373.9,366.7,372.9,79640,29493375.5,TQBR
2026-05-04,373.5,395.5,370.0,391.7,1041072,402943828.6,TQBR
2026-05-05,391.7,404.9,387.6,403.9,531879,211382541.9,TQBR
2026-05-06,403.8,409.1,398.5,404.7,234053,94710413.3,TQBR
2026-05-07,406.1,412.0,395.6,407.6,377249,153338465.3,TQBR
2026-05-08,406.4,409.7,402.1,406.9,146907,59711028.7,TQBR
2026-05-11,406.9,418.4,401.0,403.4,203724,83194433.9,TQBR
2026-05-12,404.2,407.1,398.1,405.0,134485,54257425.0,TQBR
2026-05-13,405.2,411.0,400.2,408.7,132247,53693035.3,TQBR
2026-05-14,408.7,414.4,405.0,406.8,141247,57884993.7,TQBR
2026-05-15,406.0,414.8,405.2,412.1,132556,54526780.3,TQBR
2026-05-18,412.4,423.9,412.2,422.3,233118,97823279.7,TQBR
2026-05-19,422.3,425.0,420.3,423.8,90213,38164325.6,TQBR
2026-05-20,424.0,424.4,407.7,410.6,102173,42604445.3,TQBR
2026-05-21,412.8,423.5,402.5,419.9,199205,82642869.3,TQBR
2026-05-22,419.0,427.8,416.9,420.0,248285,105043779.6,TQBR
2026-05-25,420.1,429.9,411.1,411.1,300470,126410458.6,TQBR
2026-05-26,412.7,419.0,410.5,413.2,187471,77856045.5,TQBR
2026-05-27,412.9,420.6,410.6,417.7,154496,64353987.4,TQBR
2026-05-28,417.4,428.0,414.5,418.7,212159,89334336.4,TQBR
2026-05-29,418.1,419.0,411.7,415.2,145286,60490307.6,TQBR
2026-06-01,415.2,419.1,411.6,413.5,75097,31164112.8,TQBR
2026-06-02,414.0,416.9,411.6,416.6,76223,31588598.5,TQBR
2026-06-03,416.6,418.7,413.2,414.9,61367,25520462.9,TQBR
2026-06-04,414.9,416.9,413.3,415.7,43031,17868136.0,TQBR
2026-06-05,416.0,416.8,403.4,403.4,64777,26510177.0,TQBR
2026-06-08,404.8,409.0,390.3,391.8,147806,58858342.7,TQBR
2026-06-09,392.8,394.5,371.0,376.6,166638,63111947.3,TQBR
2026-06-10,379.0,380.4,371.2,373.1,100042,37602424.7,TQBR
2026-06-11,373.1,377.1,372.0,372.2,48744,18225621.5,TQBR
2026-06-15,373.7,378.5,372.3,377.6,84391,31731935.6,TQBR
2026-06-16,377.7,379.4,367.6,371.9,83425,31073867.2,TQBR
2026-06-17,373.7,373.7,367.3,368.4,55588,20540620.5,TQBR
2026-06-18,368.4,368.4,359.9,361.6,113057,40966383.5,TQBR
2026-06-19,361.5,364.9,353.2,355.4,86753,31105213.8,TQBR
2026-06-22,354.7,354.7,320.0,321.0,332169,109933033.4,TQBR
2026-06-23,321.0,337.3,314.2,330.5,205078,66570144.2,TQBR
2026-06-24,331.0,333.1,305.6,311.8,186058,59275071.2,TQBR
2026-06-25,314.0,323.0,303.0,313.4,192680,59938267.8,TQBR
2026-06-26,313.1,316.1,300.8,308.9,208714,63841946.4,TQBR
2026-06-29,309.5,337.6,306.0,335.3,269581,87289062.8,TQBR
2026-06-30,335.3,352.2,328.6,339.5,216526,73337467.0,TQBR
2026-07-01,339.7,344.3,331.7,335.1,64157,21589582.3,TQBR
2026-07-02,337.0,348.8,332.5,336.3,294911,100222426.5,TQBR
2026-07-03,335.5,339.0,328.1,328.7,183984,61470030.8,TQBR
2026-07-06,329.6,338.4,312.0,325.1,310204,101643970.2,TQBR
2026-07-07,318.7,319.9,298.6,314.2,332062,102110146.1,TQBR
2026-07-08,314.2,321.1,307.3,309.3,127668,39774686.8,TQBR
2026-07-09,309.2,316.2,299.6,301.0,86975,26688094.8,TQBR
2026-07-10,304.0,304.4,293.3,300.2,120402,36101495.0,TQBR
2026-07-13,302.8,306.3,294.6,298.8,138690,41625215.7,TQBR
2026-07-14,298.8,301.0,295.6,296.9,54376,16209664.5,TQBR
2026-07-15,297.0,299.1,278.2,284.6,170718,48800002.3,TQBR
2026-07-16,286.5,288.0,258.5,263.9,209163,57121342.2,TQBR
2026-07-17,263.9,271.1,258.0,264.9,142623,37807028.7,TQBR
2026-07-20,265.2,297.8,261.4,297.8,279041,78214288.4,TQBR
2026-07-21,297.5,315.4,291.5,297.0,273386,82116950.0,TQBR
2026-07-22,297.4,301.2,290.0,295.7,184271,54466541.3,TQBR
2026-07-23,294.1,298.6,283.9,290.5,152496,44247790.9,TQBR
2026-07-24,291.1,303.9,284.6,302.0,185232,54296694.8,TQBR
2026-07-27,309.4,342.3,304.6,333.4,567318,186466044.4,TQBR
2026-07-28,333.9,343.0,322.8,325.9,222305,73573135.9,TQBR
2026-07-29,328.5,331.0,323.8,328.0,113096,36958254.3,TQBR
2026-07-30,328.3,337.0,324.4,326.2,132827,43865217.2,TQBR
2026-07-31,328.0,328.0,314.0,320.0,157789,50416990.1,TQBR
2026-08-03,320.0,330.9,319.1,326.1,154055,50165949.9,TQBR
2026-08-04,326.3,330.1,317.9,322.1,207725,67114562.0,TQBR
2026-08-05,323.5,347.0,321.9,346.9,317297,106379202.3,TQBR
2026-08-06,347.0,349.0,330.1,336.0,244342,82554789.9,TQBR
2026-08-07,337.1,341.9,326.2,327.1,143563,47801586.8,TQBR
2026-08-10,327.1,344.9,326.7,344.0,312537,105943941.4,TQBR
2026-08-11,344.0,377.3,344.0,365.5,1663444,609046019.4,TQBR
2026-08-12,366.9,369.5,353.8,358.4,350195,125941735.8,TQBR
2026-08-13,358.8,359.8,335.7,337.2,508595,173979709.5,TQBR
2026-08-14,339.5,346.0,330.0,332.8,232786,78755011.5,TQBR
2026-08-17,336.0,336.1,318.0,327.2,246183,80192685.7,TQBR
2026-08-18,327.5,349.0,327.3,342.9,236364,79426391.4,TQBR
2026-08-19,342.9,347.4,333.2,340.5,157023,53195466.6,TQBR
2026-08-20,341.2,360.4,338.6,353.2,425011,149483033.0,TQBR
2026-08-21,353.2,357.9,343.5,352.9,155929,54525262.2,TQBR
2026-08-24,353.0,354.4,335.8,342.8,246352,84602648.7,TQBR
2026-08-25,344.3,347.2,340.8,342.3,111510,38399020.7,TQBR
2026-08-26,342.2,345.5,337.4,340.1,89280,30448203.2,TQBR
2026-08-27,340.0,346.0,337.1,343.5,80660,27499663.6,TQBR
2026-08-28,343.5,348.1,328.2,336.2,220832,74771086.3,TQBR
2026-08-31,336.2,339.5,328.3,336.3,121125,40649598.2,TQBR
2026-09-01,337.0,343.0,334.5,338.6,104119,35351796.4,TQBR
2026-09-02,339.2,341.9,335.5,340.0,47664,16203892.6,TQBR
2026-09-03,340.0,344.9,337.0,341.6,72369,24690360.1,TQBR
2026-09-04,341.6,347.0,338.7,340.1,89631,30685997.9,TQBR
