date,open,high,low,close,volume,value,board
2007-11-21,1715.0,1716.0,1715.0,1716.0,300,514530.0,EQNE
2007-11-22,1750.0,1750.0,1720.0,1720.0,51,89220.0,EQNE
2007-11-27,1720.0,1720.0,1720.0,1720.0,5,8600.0,EQNE
2007-11-30,1750.0,1750.0,1145.0,1505.0,10,15152.01,EQNE
2007-12-03,1380.01,2183.14,1170.0,1750.0,57,97316.64,EQNE
2007-12-05,1590.0,1620.01,1590.0,1620.01,3,4830.02,EQNE
2007-12-11,1482.01,1800.0,1482.01,1800.0,18,30247.51,EQNE
2007-12-12,1750.0,2000.0,1721.0,1721.0,21,37405.02,EQNE
2007-12-25,1721.0,1721.0,1721.0,1721.0,100,172100.0,EQNE
2007-12-28,1715.0,1733.29,1715.0,1733.29,301,516233.29,EQNE
2008-01-16,1787.89,1787.89,1787.89,1787.89,1,1787.89,EQNE
2008-01-23,1788.0,1788.0,1788.0,1788.0,50,89400.0,EQNE
2008-01-31,1755.0,1755.0,1755.0,1755.0,50,87750.0,EQNE
2008-02-01,1700.0,1700.0,1700.0,1700.0,1,1700.0,EQNE
2008-02-14,1849.0,1898.0,1400.0,1400.0,108,162598.0,EQNE
2008-02-15,1425.0,1425.88,1350.0,1360.0,71,99318.65,EQNE
2008-02-18,1361.0,1361.0,1340.0,1360.0,87,118227.0,EQNE
2008-02-19,1340.0,1365.0,1250.0,1365.0,23,30785.0,EQNE
2008-02-20,1311.0,1360.0,1311.0,1360.0,2,2671.0,EQNE
2008-02-21,1360.0,1360.0,1360.0,1360.0,10,13600.0,EQNE
2008-02-22,1401.41,1401.41,1340.0,1340.0,52,70091.51,EQNE
2008-02-26,1350.95,1362.0,1350.95,1362.0,101,137406.75,EQNE
2008-02-27,1350.0,1350.0,1350.0,1350.0,2,2700.0,EQNE
2008-02-28,1350.0,1350.0,1329.99,1329.99,37,49869.99,EQNE
2008-02-29,1349.99,1350.0,1349.99,1350.0,5,6749.97,EQNE
2008-03-03,1350.0,1350.0,1260.0,1300.0,27,35130.0,EQNE
2008-03-04,1260.0,1260.0,1250.0,1251.0,12,15063.02,EQNE
2008-03-05,1250.0,1310.0,1250.0,1309.99,467,608270.36,EQNE
2008-03-06,1309.99,1320.0,1300.0,1300.0,66,86519.93,EQNE
2008-03-11,1300.0,1310.0,1170.0,1180.0,717,870777.43,EQNE
2008-03-12,1199.0,1209.0,1171.0,1189.99,51,60533.83,EQNE
2008-03-13,1186.94,1277.0,1186.94,1240.0,135,164651.0,EQNE
2008-03-14,1215.99,1345.0,1215.99,1289.99,211,271555.48,EQNE
2008-03-17,1310.0,1310.0,1279.99,1279.99,2,2589.99,EQNE
2008-03-18,1309.99,1309.99,1279.99,1279.99,3,3869.97,EQNE
2008-03-19,1270.0,1270.0,1270.0,1270.0,7,8890.0,EQNE
2008-03-20,1269.0,1269.0,1259.99,1269.0,27,34064.78,EQNE
2008-03-21,1215.0,1250.0,1215.0,1245.0,45,56079.0,EQNE
2008-03-24,1309.99,1309.99,1250.0,1250.0,106,132559.99,EQNE
2008-03-25,1250.0,1260.0,1250.0,1260.0,24,30200.0,EQNE
2008-03-26,1250.0,1310.0,1241.0,1280.0,96,123284.97,EQNE
2008-03-27,1278.01,1290.0,1278.01,1290.0,5,6433.01,EQNE
2008-03-31,1200.01,1210.0,1112.0,1200.0,96,115047.25,EQNE
2008-04-01,1151.0,1200.0,1120.0,1200.0,30,35785.95,EQNE
2008-04-02,1210.0,1210.01,1210.0,1210.01,3,3630.01,EQNE
2008-04-04,1205.0,1205.0,1172.0,1172.0,2,2377.0,EQNE
2008-04-07,1225.0,1225.0,1200.0,1200.0,102,124925.0,EQNE
2008-04-08,1200.0,1200.0,1200.0,1200.0,3,3600.0,EQNE
2008-04-09,1225.0,1225.0,1160.0,1160.0,60,70505.05,EQNE
2008-04-10,1151.0,1160.0,1000.0,1160.0,35,40011.01,EQNE
2008-04-11,1160.0,1160.0,1160.0,1160.0,9,10440.0,EQNE
2008-04-14,1160.0,1230.0,1160.0,1230.0,5,5925.0,EQNE
2008-04-15,1160.5,1160.5,1110.0,1150.0,72,82367.19,EQNE
2008-04-16,1159.0,1160.0,1130.0,1130.0,44,50539.0,EQNE
2008-04-18,1155.0,1160.0,1155.0,1160.0,50,57956.0,EQNE
2008-04-21,1150.0,1150.0,1150.0,1150.0,5,5750.0,EQNE
2008-04-22,1170.0,1170.0,1170.0,1170.0,2,2340.0,EQNE
2008-04-24,1150.0,1160.0,1145.0,1160.0,173,199370.0,EQNE
2008-04-25,1151.0,1250.0,1150.0,1210.0,483,573157.99,EQNE
2008-04-28,1150.0,1407.21,1150.0,1265.0,640,805314.61,EQNE
2008-04-29,1250.0,1275.0,1250.0,1275.0,3,3800.0,EQNE
2008-04-30,1100.0,1275.0,1100.0,1240.0,55,67194.0,EQNE
2008-05-04,1240.0,1250.0,1240.0,1241.0,217,269691.0,EQNE
2008-05-05,1250.0,1250.0,1230.0,1230.0,24,29590.01,EQNE
2008-05-06,1230.0,1240.0,1230.0,1240.0,78,96430.0,EQNE
2008-05-12,1240.0,1255.0,1230.0,1240.0,105,130280.03,EQNE
2008-05-13,1240.0,1240.0,1240.0,1240.0,10,12400.0,EQNE
2008-05-14,1210.0,1210.0,1202.0,1202.0,5,6026.0,EQNE
2008-05-15,1203.0,1203.0,1150.0,1200.0,86,102690.94,EQNE
2008-05-16,1200.0,1250.0,1200.0,1250.0,39,48295.0,EQNE
2008-05-19,1190.0,1200.0,1190.0,1200.0,51,60700.0,EQNE
2008-05-20,1250.0,1250.0,1200.0,1200.0,77,93440.0,EQNE
2008-05-21,1222.0,1222.0,1222.0,1222.0,8,9776.0,EQNE
2008-05-22,1210.0,1210.0,1210.0,1210.0,43,52030.0,EQNE
2008-05-30,1170.0,1170.0,1160.0,1165.0,111,128854.02,EQNE
2008-06-02,1185.0,1185.0,1185.0,1185.0,2,2370.0,EQNE
2008-06-03,1180.0,1182.0,1180.0,1182.0,1282,1515224.0,EQNE
2008-06-04,1160.0,1160.0,1160.0,1160.0,1,1160.0,EQNE
2008-06-05,1180.0,1250.0,1180.0,1190.0,122,146610.0,EQNE
2008-06-06,1190.0,1190.0,1170.0,1170.0,6,7081.0,EQNE
2008-06-09,1190.0,1190.0,1190.0,1190.0,2,2380.0,EQNE
2008-06-11,1150.0,1150.0,1150.0,1150.0,31,35650.0,EQNE
2008-06-18,1150.0,1150.0,1145.0,1145.0,100,114730.0,EQNE
2008-06-19,1122.0,1150.0,1120.0,1122.0,130,145692.0,EQNE
2008-06-20,1122.01,1125.0,1122.01,1125.0,53,59610.02,EQNE
2008-06-23,1111.27,1120.0,1111.0,1120.0,91,101117.47,EQNE
2008-06-24,1111.5,1120.0,1111.5,1120.0,111,123470.0,EQNE
2008-06-25,1125.0,1125.0,1125.0,1125.0,2,2250.0,EQNE
2008-06-26,1110.0,1140.0,1110.0,1140.0,25,28155.0,EQNE
2008-06-27,1082.51,1111.0,1082.51,1110.0,103,114195.55,EQNE
2008-06-30,1110.0,1130.0,1110.0,1130.0,2,2240.0,EQNE
2008-07-01,1130.0,1130.0,1100.01,1100.01,16,17700.03,EQNE
2008-07-02,1120.0,1120.0,1110.0,1110.0,2,2230.0,EQNE
2008-07-10,1145.0,1439.0,1145.0,1400.0,529,653168.3,EQNE
2008-07-11,1400.0,1400.0,1200.01,1275.0,109,136220.36,EQNE
2008-07-14,1250.0,1350.0,1250.0,1350.0,112,148574.99,EQNE
2008-07-15,1310.0,1310.0,1310.0,1310.0,5,6550.0,EQNE
2008-07-16,1340.0,1375.0,1340.0,1375.0,126,172874.97,EQNE
2008-07-17,1370.0,1390.0,1370.0,1390.0,16,22060.0,EQNE
2008-07-21,1579.0,1579.0,1400.0,1405.0,616,865589.0,EQNE
2008-07-23,1439.0,1439.0,1400.0,1400.0,611,855439.0,EQNE
2008-07-24,1390.0,1390.0,1390.0,1390.0,78,108420.0,EQNE
2008-07-25,1350.0,1350.0,1350.0,1350.0,15,20250.0,EQNE
2008-07-28,1350.0,1350.0,1350.0,1350.0,8,10800.0,EQNE
2008-07-29,1202.0,1400.0,1100.0,1400.0,29,33016.0,EQNE
2008-08-05,1300.0,1370.0,1300.0,1300.0,27,35170.01,EQNE
2008-08-07,1300.0,1350.0,1300.0,1350.0,388,515809.99,EQNE
2008-08-08,1325.0,1345.0,1325.0,1345.0,234,312870.0,EQNE
2008-08-11,1340.0,1380.0,1340.0,1380.0,88,118120.0,EQNE
2008-08-12,1380.0,1400.0,1380.0,1400.0,54,74580.0,EQNE
2008-08-14,1376.0,1376.0,1376.0,1376.0,5,6880.0,EQNE
2008-08-18,1430.0,1430.0,1430.0,1430.0,100,143000.0,EQNE
2008-08-25,1425.0,1425.0,1425.0,1425.0,1,1425.0,EQNE
2008-08-26,1385.0,1395.0,1385.0,1385.0,17,23585.0,EQNE
2008-08-27,1400.0,1430.0,1400.0,1430.0,351,501660.0,EQNE
2008-09-03,1325.0,1350.0,1320.0,1340.0,150,199985.0,EQNE
2008-09-04,1300.0,1320.0,1300.0,1320.0,2,2620.0,EQNE
2008-09-08,1225.0,1325.0,1225.0,1325.0,42,55175.0,EQNE
2008-09-09,1310.0,1310.0,1310.0,1310.0,1,1310.0,EQNE
2008-09-10,1310.0,1320.0,1310.0,1320.0,59,77590.0,EQNE
2008-09-12,1350.0,1350.0,1340.0,1340.0,504,680360.0,EQNE
2008-09-15,1270.0,1310.0,1270.0,1310.0,45,58035.0,EQNE
2008-09-23,1330.0,1330.0,1330.0,1330.0,8,10640.0,EQNE
2008-09-25,1175.0,1200.0,1150.0,1150.0,3,3525.0,EQNE
2008-09-30,1111.0,1111.0,1111.0,1111.0,32,35552.0,EQNE
2008-10-01,1200.0,1200.0,1200.0,1200.0,2,2400.0,EQNE
2008-10-02,1198.0,1198.0,1159.0,1159.0,418,500414.0,EQNE
2008-10-03,1175.0,1197.16,1175.0,1197.16,420,502762.88,EQNE
2008-10-06,1170.0,1170.0,1150.0,1150.0,11,12670.0,EQNE
2008-10-07,1150.0,1150.0,1150.0,1150.0,10,11500.0,EQNE
2008-10-09,1125.0,1125.0,1125.0,1125.0,1,1125.0,EQNE
2008-10-20,1125.0,1125.0,1125.0,1125.0,1,1125.0,EQNE
2008-10-21,900.0,1125.0,900.0,1100.0,65,61525.0,EQNE
2008-10-23,1000.0,1000.0,778.0,850.0,38,30949.0,EQNE
2008-10-24,1000.0,1000.0,1000.0,1000.0,1,1000.0,EQNE
2008-10-28,1000.0,1000.0,990.0,999.0,511,510973.96,EQNE
2008-10-29,999.0,999.0,777.0,900.0,68,56619.0,EQNE
2008-10-30,850.0,850.0,849.9,850.0,8,6799.9,EQNE
2008-10-31,800.0,800.0,671.0,749.0,1244,992510.24,EQNE
2008-11-01,790.0,825.0,780.0,825.0,3,2395.0,EQNE
2008-11-05,850.0,850.0,780.0,780.0,5,4015.0,EQNE
2008-11-06,780.0,825.0,780.0,825.0,11,8716.0,EQNE
2008-11-07,824.99,824.99,700.0,745.0,104,75169.99,EQNE
2008-11-10,780.0,780.0,600.0,610.0,815,506895.62,EQNE
2008-11-11,405.57,599.0,405.57,594.97,31,16470.8,EQNE
2008-11-14,529.0,530.0,529.0,530.0,1031,545925.0,EQNE
2008-11-18,600.0,600.0,600.0,600.0,1,600.0,EQNE
2008-11-19,400.0,400.0,360.0,363.0,17,6289.0,EQNE
2008-11-20,500.0,500.0,350.0,350.0,108,53050.0,EQNE
2008-11-21,499.97,499.97,344.18,350.0,114,39577.91,EQNE
2008-11-24,444.97,444.97,444.97,444.97,1,444.97,EQNE
2008-11-25,360.0,360.0,270.0,345.0,80,28137.18,EQNE
2008-11-26,344.18,350.0,344.18,344.18,114,39242.34,EQNE
2008-11-27,345.0,345.0,345.0,345.0,21,7245.0,EQNE
2008-11-28,350.0,350.0,344.18,344.18,26,8978.6,EQNE
2008-12-01,361.0,361.0,324.9,357.39,4,1404.29,EQNE
2008-12-02,339.95,340.0,205.03,340.0,3,884.98,EQNE
2008-12-03,205.0,205.0,205.0,205.0,1,205.0,EQNE
2008-12-04,250.0,250.0,250.0,250.0,16,4000.0,EQNE
2008-12-05,151.01,330.0,151.0,320.0,8,1913.12,EQNE
2008-12-08,330.9,340.0,330.9,340.0,3,1010.8,EQNE
2008-12-09,300.0,300.0,299.99,299.99,1671,501283.3,EQNE
2008-12-10,203.52,280.0,203.52,280.0,6,1525.04,EQNE
2008-12-11,269.0,269.0,259.0,259.0,2,528.0,EQNE
2008-12-12,300.0,300.0,200.0,200.0,4,999.95,EQNE
2008-12-15,280.0,280.0,250.0,270.0,11,2852.25,EQNE
2008-12-16,298.88,298.88,275.0,298.88,3,872.76,EQNE
2008-12-17,200.01,249.5,180.01,237.99,24,4759.7,EQNE
2008-12-18,192.01,192.1,192.01,192.1,11,2113.01,EQNE
2008-12-19,195.0,268.94,120.0,179.99,439,83038.23,EQNE
2008-12-22,190.0,199.95,140.0,190.0,287,54325.09,EQNE
2008-12-23,114.02,225.0,114.02,178.0,66,9214.55,EQNE
2008-12-24,178.0,190.0,150.19,190.0,48,8638.85,EQNE
2008-12-25,190.0,200.0,185.0,185.0,226,43030.0,EQNE
2008-12-26,190.0,190.0,153.01,190.0,10,1862.91,EQNE
2008-12-29,210.0,210.0,170.0,179.99,4676,816573.79,EQNE
2008-12-30,166.06,179.97,150.26,179.97,24,3694.39,EQNE
2008-12-31,151.01,185.0,151.01,185.0,6,1075.99,EQNE
2009-01-11,200.0,200.0,151.21,189.99,3,541.2,EQNE
2009-01-12,199.0,199.0,160.01,189.99,7,1189.04,EQNE
2009-01-13,175.0,189.99,167.0,167.0,72,12221.62,EQNE
2009-01-14,169.0,170.0,145.0,153.99,328,50893.09,EQNE
2009-01-15,145.54,153.99,145.54,153.99,2,299.53,EQNE
2009-01-16,149.99,153.99,137.51,153.99,46,6891.46,EQNE
2009-01-19,154.99,154.99,140.09,154.98,7,1070.02,EQNE
2009-01-20,115.23,115.23,93.01,100.0,4825,482432.59,EQNE
2009-01-21,100.0,100.0,58.95,61.0,9153,575004.02,EQNE
2009-01-22,62.0,64.0,50.0,59.95,11787,626891.46,EQNE
2009-01-23,59.99,60.0,51.01,57.99,1224,69662.23,EQNE
2009-01-26,58.48,58.5,56.0,57.9,1409,81989.95,EQNE
2009-01-27,59.0,63.0,59.0,62.0,6336,384620.63,EQNE
2009-01-28,61.99,86.79,61.99,85.99,11308,932325.55,EQNE
2009-01-29,86.0,87.0,78.5,87.0,657,56010.95,EQNE
2009-01-30,85.0,91.5,70.5,90.0,4781,423689.54,EQNE
2009-02-02,87.0,93.01,86.0,92.49,2026,183180.67,EQNE
2009-02-03,95.0,98.0,92.49,93.8,387,36939.39,EQNE
2009-02-04,95.0,95.0,85.0,90.0,3543,314657.42,EQNE
2009-02-05,88.0,91.0,87.0,91.0,2349,210087.26,EQNE
2009-02-06,94.0,120.0,94.0,116.66,5525,604494.73,EQNE
2009-02-09,119.99,120.0,110.1,110.1,480,55536.55,EQNE
2009-02-10,117.99,120.0,110.18,118.0,2896,345541.41,EQNE
2009-02-11,118.01,146.0,118.0,131.1,3970,509577.43,EQNE
2009-02-12,152.47,155.0,135.5,147.78,759,108613.61,EQNE
2009-02-13,147.1,194.4,146.0,169.87,3894,674044.97,EQNE
2009-02-16,175.0,176.0,154.01,157.2,2822,464108.01,EQNE
2009-02-17,168.0,168.0,130.0,130.0,1600,220331.98,EQNE
2009-02-18,130.0,140.0,120.11,137.29,1261,165057.39,EQNE
2009-02-19,139.89,139.9,135.0,135.0,1578,213213.65,EQNE
2009-02-20,159.0,159.0,126.0,131.55,4142,559210.43,EQNE
2009-02-24,125.02,138.99,108.5,115.0,10091,1131162.72,EQNE
2009-02-25,114.0,114.0,100.0,105.0,4815,511996.07,EQNE
2009-02-26,105.0,109.9,103.0,106.0,2745,286597.05,EQNE
2009-02-27,106.0,107.0,101.21,107.0,1054,111051.96,EQNE
2009-03-02,106.0,110.0,102.0,107.0,3111,334999.27,EQNE
2009-03-03,102.0,107.0,102.0,107.0,13,1331.0,EQNE
2009-03-04,105.99,111.0,103.1,109.9,3304,355351.28,EQNE
2009-03-05,109.9,124.92,105.1,114.9,549,62763.89,EQNE
2009-03-06,115.96,123.99,115.96,120.46,50,6022.6,EQNE
2009-03-10,120.47,130.0,120.47,128.9,524,66973.94,EQNE
2009-03-11,130.0,137.9,126.03,130.92,149,19404.08,EQNE
2009-03-12,139.0,139.0,120.0,125.96,1223,148906.45,EQNE
2009-03-13,129.99,130.0,110.0,116.0,2235,253913.7,EQNE
2009-03-16,111.01,116.0,108.0,111.99,3211,350470.36,EQNE
2009-03-17,105.02,111.0,102.2,107.1,2177,233279.1,EQNE
2009-03-18,107.1,109.0,103.02,106.0,3072,326544.4,EQNE
2009-03-19,109.0,121.99,106.0,120.88,6465,737273.74,EQNE
2009-03-20,124.97,159.98,124.97,152.99,10273,1464940.77,EQNE
2009-03-23,158.0,194.97,158.0,180.0,6280,1129369.46,EQNE
2009-03-24,182.0,186.99,133.0,173.99,725,125591.3,EQNE
2009-03-25,170.0,180.0,159.9,177.99,1730,292565.3,EQNE
2009-03-26,151.0,186.82,151.0,183.0,2687,484353.1,EQNE
2009-03-27,183.0,187.99,175.0,186.0,3913,713232.4,EQNE
2009-03-30,182.0,229.97,182.0,229.97,4922,1031060.18,EQNE
2009-03-31,212.01,279.99,212.01,250.0,1049,261939.9,EQNE
2009-04-01,260.0,280.0,213.0,253.9,1475,375950.54,EQNE
2009-04-02,269.99,280.0,232.08,255.99,582,145179.18,EQNE
2009-04-03,242.51,270.0,242.51,256.0,464,120755.36,EQNE
2009-04-06,260.94,300.0,250.0,285.0,1597,435850.03,EQNE
2009-04-07,284.99,376.0,264.02,320.0,4710,1461789.33,EQNE
2009-04-08,320.0,323.0,315.0,323.0,904,290089.19,EQNE
2009-04-09,300.01,322.93,299.9,322.93,5048,1574851.29,EQNE
2009-04-10,310.01,322.37,310.0,315.0,4029,1282987.77,EQNE
2009-04-13,315.0,322.95,306.0,314.8,646,204528.78,EQNE
2009-04-14,291.0,360.0,285.0,332.99,6417,2015874.95,EQNE
2009-04-15,333.0,350.0,332.0,340.0,4477,1506384.69,EQNE
2009-04-16,343.0,350.0,320.0,339.9,1925,652249.1,EQNE
2009-04-17,331.0,359.0,330.0,353.0,2622,906816.53,EQNE
2009-04-20,349.0,350.0,327.5,330.01,1640,545383.42,EQNE
2009-04-21,330.0,345.0,330.0,340.0,1871,628285.81,EQNE
2009-04-22,333.01,420.0,331.0,404.89,4256,1558937.33,EQNE
2009-04-23,405.0,410.0,390.0,405.0,1342,543670.48,EQNE
2009-04-24,385.0,408.99,250.0,391.96,802,305447.54,EQNE
2009-04-27,385.0,385.0,350.61,355.02,1178,449476.68,EQNE
2009-04-28,350.02,380.0,350.02,374.61,2361,873061.32,EQNE
2009-04-29,374.98,399.0,367.0,389.99,158,59039.05,EQNE
2009-04-30,388.9,388.91,365.01,381.0,227,86179.66,EQNE
2009-05-04,380.97,389.9,378.01,389.88,386,147937.88,EQNE
2009-05-05,390.0,390.0,372.65,375.03,353,134208.25,EQNE
2009-05-06,365.0,381.0,355.03,373.0,1781,673172.81,EQNE
2009-05-07,372.99,393.92,360.0,375.0,746,279788.72,EQNE
2009-05-08,361.67,369.99,357.01,367.0,297,107595.44,EQNE
2009-05-12,369.98,377.7,362.0,362.0,56,20789.09,EQNE
2009-05-13,359.06,371.89,340.0,364.98,691,248725.07,EQNE
2009-05-14,340.0,379.98,310.0,379.98,12184,4091943.25,EQNE
2009-05-15,385.0,499.99,385.0,458.14,6863,3003828.06,EQNE
2009-05-18,450.0,499.0,450.0,475.0,9277,4239904.61,EQNE
2009-05-19,494.0,520.0,480.0,490.0,1473,730396.95,EQNE
2009-05-20,516.96,649.99,516.96,561.93,937,516682.11,EQNE
2009-05-21,561.0,575.0,525.0,535.0,3565,2021154.61,EQNE
2009-05-22,524.0,574.97,508.0,530.01,1305,686951.07,EQNE
2009-05-25,530.0,535.2,502.39,523.52,123,64841.15,EQNE
2009-05-26,505.0,505.0,478.0,478.04,321,155064.39,EQNE
2009-05-27,490.01,599.99,490.0,539.98,2120,1154715.91,EQNE
2009-05-28,539.0,539.0,509.99,525.0,1305,673154.19,EQNE
2009-05-29,525.0,530.0,505.01,523.0,211,110429.94,EQNE
2009-06-01,557.0,557.0,504.99,510.01,1065,551113.89,EQNE
2009-06-02,488.01,530.0,487.11,517.0,4635,2369615.32,EQNE
2009-06-03,510.0,535.0,510.0,520.0,2363,1214734.1,EQNE
2009-06-04,500.05,519.99,500.05,510.0,3040,1553495.85,EQNE
2009-06-05,510.01,535.0,510.01,535.0,1023,541278.88,EQNE
2009-06-08,510.03,529.7,510.0,520.0,411,213475.26,EQNE
2009-06-09,533.99,533.99,530.0,530.0,388,205651.97,EQNE
2009-06-10,520.02,544.89,520.0,525.0,2240,1182029.56,EQNE
2009-06-11,515.33,542.76,515.0,520.04,232,119518.75,EQNE
2009-06-15,515.0,549.99,515.0,530.0,1325,692104.06,EQNE
2009-06-16,548.0,548.0,528.01,528.01,51,27928.01,EQNE
2009-06-17,528.0,550.0,528.0,550.0,716,383889.9,EQNE
2009-06-18,535.0,540.0,530.0,540.0,2257,1199325.0,EQNE
2009-06-19,530.0,560.0,530.0,550.0,3195,1715100.0,EQNE
2009-06-22,515.01,520.0,515.0,515.0,542,279136.2,EQNE
2009-06-23,500.08,510.0,490.0,509.99,1462,729482.19,EQNE
2009-06-24,487.1,540.0,487.1,540.0,746,393656.41,EQNE
2009-06-25,520.0,555.0,520.0,555.0,1238,681240.0,EQNE
2009-06-26,545.0,545.0,529.0,544.97,83,44227.82,EQNE
2009-06-29,536.86,536.86,536.86,536.86,2,1073.72,EQNE
2009-06-30,497.51,538.92,497.51,538.92,17,8499.08,EQNE
2009-07-01,522.14,540.0,522.14,535.0,4305,2289790.41,EQNE
2009-07-02,535.0,544.77,522.14,522.14,2719,1438052.82,EQNE
2009-07-06,538.33,540.0,501.05,501.05,226,119381.27,EQNE
2009-07-07,529.01,529.01,515.0,515.0,39,20127.81,EQNE
2009-07-08,501.0,501.0,499.99,500.0,655,327519.06,EQNE
2009-07-10,502.5,502.5,450.0,450.0,876,399169.01,EQNE
2009-07-13,475.0,509.98,468.8,509.98,223,107528.73,EQNE
2009-07-14,400.16,520.96,400.16,442.02,612,298381.58,EQNE
2009-07-15,499.78,510.0,450.0,510.0,504,246585.96,EQNE
2009-07-16,528.36,529.95,528.36,529.95,7,3708.02,EQNE
2009-07-17,528.0,530.0,528.0,530.0,111,58809.99,EQNE
2009-07-20,540.0,540.0,500.02,500.05,1163,614271.83,EQNE
2009-07-21,527.9,528.0,505.0,505.0,68,34914.93,EQNE
2009-07-22,500.02,500.02,500.0,500.0,23,11500.02,EQNE
2009-07-23,501.0,528.98,499.99,528.98,101,51456.86,EQNE
2009-07-24,524.9,524.9,485.0,500.0,252,127516.24,EQNE
2009-07-27,524.99,524.99,509.0,509.99,8,4093.9,EQNE
2009-07-28,524.95,524.98,524.95,524.98,110,57747.61,EQNE
2009-07-30,515.0,515.0,515.0,515.0,7,3605.0,EQNE
2009-08-03,472.03,519.95,471.0,519.95,10,4761.01,EQNE
2009-08-04,515.0,515.0,471.47,500.0,116,57955.83,EQNE
2009-08-05,489.03,505.2,480.06,499.0,258,129476.88,EQNE
2009-08-06,500.0,501.0,500.0,500.0,38,19001.0,EQNE
2009-08-07,499.98,500.0,499.98,500.0,40,19999.88,EQNE
2009-08-11,499.97,499.97,480.1,480.1,78,37671.03,EQNE
2009-08-12,471.0,489.2,444.0,489.2,180,86069.04,EQNE
2009-08-13,495.0,495.0,495.0,495.0,200,99000.0,EQNE
2009-08-17,460.5,471.93,460.05,465.51,862,396643.24,EQNE
2009-08-18,484.96,484.96,450.16,482.85,10,4668.37,EQNE
2009-08-20,465.0,474.0,454.99,474.0,32,14588.79,EQNE
2009-08-21,475.99,484.95,465.08,466.1,1130,537318.69,EQNE
2009-08-24,468.0,495.0,468.0,495.0,274,134521.73,EQNE
2009-08-25,499.98,505.0,401.01,480.0,530,245861.82,EQNE
2009-08-26,499.88,500.0,470.01,470.01,187,93356.15,EQNE
2009-08-27,500.0,505.0,470.01,500.0,302,151436.38,EQNE
2009-08-28,500.0,500.0,470.0,481.82,216,103678.84,EQNE
2009-08-31,475.0,490.89,461.02,490.89,237,110944.84,EQNE
2009-09-01,480.0,500.0,480.0,500.0,138,68512.98,EQNE
2009-09-02,499.98,500.0,476.0,476.0,275,133821.02,EQNE
2009-09-03,426.0,499.99,426.0,497.91,3,1423.9,EQNE
2009-09-04,524.98,524.98,441.11,489.99,34,15508.8,EQNE
2009-09-07,490.0,490.0,467.0,477.02,189,91351.96,EQNE
2009-09-08,486.0,493.2,480.01,493.2,17,8313.49,EQNE
2009-09-09,498.87,500.0,479.99,490.0,292,141320.5,EQNE
2009-09-10,480.5,530.0,480.5,510.0,7165,3638424.56,EQNE
2009-09-11,514.99,514.99,510.5,510.5,1322,675548.48,EQNE
2009-09-14,501.15,505.0,494.0,504.99,1968,992547.5,EQNE
2009-09-15,500.0,508.0,496.02,496.02,1025,520537.48,EQNE
2009-09-16,505.0,515.0,500.0,510.0,4764,2425595.5,EQNE
2009-09-17,515.0,590.0,515.0,535.0,9654,5336926.13,EQNE
2009-09-18,540.0,650.0,537.01,600.0,8082,4669846.28,EQNE
2009-09-21,600.0,643.99,589.0,640.0,5821,3580626.32,EQNE
2009-09-22,646.0,655.0,570.1,655.0,5447,3445493.65,EQNE
2009-09-23,655.0,747.9,654.0,709.0,8905,6047990.67,EQNE
2009-09-24,705.0,750.0,680.05,700.0,6075,4295185.99,EQNE
2009-09-25,700.0,710.0,685.5,709.0,3121,2186559.77,EQNE
2009-09-28,700.0,710.0,680.0,701.5,2090,1451947.7,EQNE
2009-09-29,695.0,700.0,695.0,695.0,1688,1177774.89,EQNE
2009-09-30,700.0,715.0,695.0,700.0,2722,1910243.12,EQNE
2009-10-01,714.98,799.98,690.0,780.0,7345,5477607.66,EQNE
2009-10-02,780.0,898.0,700.0,745.0,7858,5729570.91,EQNE
2009-10-05,750.0,750.0,705.0,706.1,6413,4583441.12,EQNE
2009-10-06,700.01,715.0,690.0,700.0,6496,4546498.4,EQNE
2009-10-07,710.0,710.0,675.0,678.04,8187,5688830.27,EQNE
2009-10-08,687.11,690.0,661.23,670.0,5690,3834698.03,EQNE
2009-10-09,660.0,679.99,660.0,670.0,7253,4855382.47,EQNE
2009-10-12,670.0,670.0,613.0,625.0,6042,3858039.73,EQNE
2009-10-13,480.04,650.0,480.04,623.1,4859,3034339.42,EQNE
2009-10-14,628.51,650.0,620.0,629.49,9407,5874296.17,EQNE
2009-10-15,621.09,670.0,615.99,619.99,6609,4195644.11,EQNE
2009-10-16,610.0,615.0,609.99,615.0,2852,1745424.24,EQNE
2009-10-19,624.0,646.0,618.0,646.0,10311,6542447.3,EQNE
2009-10-20,640.0,645.0,634.99,640.0,3899,2487849.7,EQNE
2009-10-21,635.0,639.99,630.0,630.0,25,15839.96,EQNE
2009-10-22,620.0,630.0,615.0,630.0,279,172324.28,EQNE
2009-10-23,630.0,640.0,622.01,638.68,997,631567.39,EQNE
2009-10-26,639.99,640.0,626.13,635.0,556,353893.2,EQNE
2009-10-27,639.0,645.0,620.06,630.0,381,243286.52,EQNE
2009-10-28,615.01,615.01,580.03,591.0,3034,1825725.81,EQNE
2009-10-29,589.99,595.0,585.0,595.0,1900,1121322.27,EQNE
2009-10-30,580.16,594.99,580.0,589.98,1381,803841.37,EQNE
2009-11-02,585.75,598.7,580.0,594.89,1869,1089489.94,EQNE
2009-11-03,577.37,600.0,563.01,570.0,10420,6041399.84,EQNE
2009-11-05,570.0,570.0,559.0,569.99,1099,617204.66,EQNE
2009-11-06,570.0,574.99,558.0,570.0,1855,1048539.15,EQNE
2009-11-09,570.0,585.0,569.99,583.0,8674,5026229.52,EQNE
2009-11-10,575.0,597.0,575.0,592.0,6508,3826674.68,EQNE
2009-11-11,592.0,630.0,590.0,611.84,25089,15326817.88,EQNE
2009-11-12,611.84,611.84,560.08,609.1,432,257424.51,EQNE
2009-11-13,590.59,609.15,590.59,600.0,88,52732.64,EQNE
2009-11-16,600.0,620.0,600.0,615.0,2910,1785363.51,EQNE
2009-11-17,614.33,645.0,614.33,630.0,3748,2367480.57,EQNE
2009-11-18,635.0,635.0,615.0,623.06,1107,697662.94,EQNE
2009-11-19,621.7,621.7,601.0,610.0,2512,1544324.49,EQNE
2009-11-20,629.23,630.0,605.0,611.0,1623,991811.01,EQNE
2009-11-23,628.0,644.0,628.0,636.0,1364,862853.02,EQNE
2009-11-24,636.0,636.0,620.0,620.0,1976,1229319.76,EQNE
2009-11-25,620.0,630.0,620.0,621.1,1968,1224677.61,EQNE
2009-11-26,620.0,620.0,561.0,587.35,807,487857.48,EQNE
2009-11-27,575.01,619.0,575.0,605.0,12374,7278639.82,EQNE
2009-11-30,605.0,640.0,580.02,600.0,2664,1624300.37,EQNE
2009-12-01,620.0,644.0,593.0,612.01,11312,7214474.41,EQNE
2009-12-02,530.0,614.3,530.0,613.53,498,299733.83,EQNE
2009-12-03,613.53,620.0,606.5,615.0,246,151710.43,EQNE
2009-12-04,618.92,630.0,610.0,621.0,1258,770597.99,EQNE
2009-12-07,622.01,630.0,605.43,619.94,1626,1001824.51,EQNE
2009-12-08,615.0,628.9,615.0,628.9,675,417101.72,EQNE
2009-12-09,629.0,634.99,615.0,625.0,1200,746701.45,EQNE
2009-12-10,625.0,630.0,625.0,630.0,841,528689.65,EQNE
2009-12-11,632.0,644.8,632.0,644.8,798,505909.68,EQNE
2009-12-14,645.0,660.0,638.5,659.4,2178,1410123.03,EQNE
2009-12-15,660.0,695.0,655.0,693.0,5217,3524067.88,EQNE
2009-12-16,695.0,705.0,680.0,700.0,9155,6385056.6,EQNE
2009-12-17,680.18,728.28,680.0,707.0,13861,9709451.34,EQNE
2009-12-18,705.0,710.0,700.0,710.0,2205,1549093.12,EQNE
2009-12-21,707.12,782.0,705.0,777.0,5176,3850127.15,EQNE
2009-12-22,770.0,771.0,740.02,769.98,1006,763988.68,EQNE
2009-12-23,768.14,790.0,760.0,774.0,2139,1652740.34,EQNE
2009-12-24,766.77,766.77,753.0,756.0,8221,6244797.06,EQNE
2009-12-25,755.0,758.0,750.0,758.0,2873,2157049.46,EQNE
2009-12-28,760.0,761.99,750.0,760.01,225,170680.49,EQNE
2009-12-29,764.99,768.0,750.0,765.0,1630,1236825.74,EQNE
2009-12-30,765.0,792.0,765.0,792.0,9171,7168862.5,EQNE
2009-12-31,792.0,792.0,792.0,792.0,2,1584.0,EQNE
2010-01-11,780.11,835.0,780.11,834.25,21601,17344104.3,EQNE
2010-01-12,834.0,835.0,820.0,830.0,7406,6178108.39,EQNE
2010-01-13,815.0,835.0,815.0,816.5,1001,825883.12,EQNE
2010-01-14,815.11,883.7,810.0,883.7,6521,5578186.21,EQNE
2010-01-15,857.16,888.38,840.0,873.27,107,92277.45,EQNE
2010-01-18,855.75,880.0,850.0,875.0,178,153335.23,EQNE
2010-01-19,884.0,884.0,821.0,879.99,16578,14010639.1,EQNE
2010-01-20,855.0,879.99,850.0,869.9,2389,2047546.72,EQNE
2010-01-21,869.9,869.9,848.0,848.0,413,352421.68,EQNE
2010-01-22,845.0,845.0,798.99,810.01,14418,11913377.49,EQNL
2010-01-25,802.65,832.0,802.65,821.0,1535,1268865.54,EQNL
2010-01-26,790.01,840.0,790.01,835.0,8281,6824755.0,EQNL
2010-01-27,825.0,833.0,801.28,824.99,2860,2359198.15,EQNL
2010-01-28,825.5,849.49,825.5,849.49,1490,1250133.88,EQNL
2010-01-29,836.63,849.0,835.0,836.0,87,72955.75,EQNL
2010-02-01,840.0,855.0,839.99,850.0,702,597676.88,EQNL
2010-02-02,855.0,891.3,854.98,890.01,2285,2001486.09,EQNL
2010-02-03,887.0,891.3,887.0,891.28,1617,1437835.37,EQNL
2010-02-04,883.0,900.0,883.0,889.0,5059,4499305.38,EQNL
2010-02-05,888.98,895.0,825.0,879.99,3463,3040628.02,EQNL
2010-02-08,889.9,889.9,850.0,860.0,1530,1314406.43,EQNL
2010-02-09,830.24,861.97,830.24,860.0,738,625711.44,EQNL
2010-02-10,851.0,865.0,845.0,845.0,1679,1431632.01,EQNL
2010-02-11,847.8,863.1,847.8,862.48,13,11191.12,EQNL
2010-02-12,855.0,860.0,845.0,846.0,4636,3958604.68,EQNL
2010-02-15,855.0,855.0,849.0,855.0,141,120165.0,EQNL
2010-02-16,840.0,855.0,840.0,845.0,1275,1084325.15,EQNL
2010-02-17,852.0,875.0,850.0,875.0,3356,2891644.69,EQNL
2010-02-18,875.0,875.0,865.0,868.0,89,77792.13,EQNL
2010-02-19,865.0,869.95,860.0,860.0,1180,1018733.62,EQNL
2010-02-24,880.0,880.0,847.0,855.0,1203,1031426.51,EQNL
2010-02-25,848.0,857.0,840.0,857.0,7665,6477369.0,EQNL
2010-02-26,855.0,859.0,855.0,859.0,330,282426.0,EQNL
2010-02-27,850.0,856.0,849.0,856.0,483,410288.6,EQNL
2010-03-01,850.7,858.55,849.99,855.0,3648,3102930.09,EQNL
2010-03-02,855.0,855.0,853.99,853.99,94,80355.99,EQNL
2010-03-03,854.0,860.0,845.0,857.0,2089,1780628.98,EQNL
2010-03-04,850.0,898.5,847.0,859.0,18935,16535024.98,EQNL
2010-03-05,856.0,895.0,847.0,862.0,7730,6608339.02,EQNL
2010-03-09,865.0,865.0,851.0,861.9,1544,1319809.19,EQNL
2010-03-10,850.44,860.0,848.68,848.68,12865,10998590.57,EQNL
2010-03-11,848.7,864.0,840.0,854.8,2649,2246623.79,EQNL
2010-03-12,848.21,855.0,840.0,844.0,933,790210.58,EQNL
2010-03-15,840.0,844.99,830.0,839.69,1986,1667998.2,EQNL
2010-03-16,840.0,840.0,802.01,840.0,1248,1035154.39,EQNL
2010-03-17,840.0,840.0,822.5,829.99,3792,3145573.67,EQNL
2010-03-18,827.0,847.0,827.0,841.0,19063,15973249.78,EQNL
2010-03-19,832.02,843.0,822.0,835.0,7586,6354420.01,EQNL
2010-03-22,839.01,840.0,834.8,840.0,1698,1422084.15,EQNL
2010-03-23,830.1,839.0,830.0,839.0,166,138247.6,EQNL
2010-03-24,839.9,840.0,830.1,840.0,158,132574.08,EQNL
2010-03-25,840.0,847.0,830.0,845.0,2880,2423545.8,EQNL
2010-03-26,834.39,854.95,830.0,850.01,3768,3188799.04,EQNL
2010-03-29,854.86,863.8,854.86,855.0,1904,1635901.3,EQNL
2010-03-30,860.0,864.5,849.48,859.0,8559,7357327.18,EQNL
2010-03-31,857.0,895.0,850.0,895.0,24101,20873278.41,EQNL
2010-04-01,905.0,981.49,896.0,975.0,5488,5268760.23,EQNL
2010-04-02,976.0,979.0,890.0,955.34,8809,7882818.02,EQNL
2010-04-05,930.84,967.87,928.78,959.23,872,820662.73,EQNL
2010-04-06,959.0,969.0,948.56,959.99,599,576678.48,EQNL
2010-04-07,951.1,1070.0,944.11,1050.0,6779,6806314.88,EQNL
2010-04-08,1075.0,1075.0,975.25,1048.99,11564,12020477.52,EQNL
2010-04-09,1049.99,1100.0,1009.78,1069.99,6219,6617661.58,EQNL
2010-04-12,1070.0,1070.0,1020.0,1048.8,5298,5586731.18,EQNL
2010-04-13,1021.0,1042.5,1020.0,1039.99,667,684591.83,EQNL
2010-04-14,1021.01,1047.0,1021.0,1045.0,301,311740.3,EQNL
2010-04-15,1022.0,1047.0,1020.33,1020.33,264,271825.73,EQNL
2010-04-16,1038.0,1039.96,989.72,1024.98,1138,1155129.68,EQNL
2010-04-19,999.0,1016.99,995.0,1001.99,1680,1680979.55,EQNL
2010-04-20,982.0,1017.0,981.01,1017.0,166,168678.0,EQNL
2010-04-21,1001.99,1001.99,985.0,985.0,203,200220.51,EQNL
2010-04-22,1010.0,1010.0,986.0,999.99,12,11870.26,EQNL
2010-04-23,1000.0,1000.0,983.01,997.99,834,821716.52,EQNL
2010-04-26,999.48,1010.0,990.0,990.0,296,295506.87,EQNL
2010-04-27,998.0,1000.0,995.0,999.9,207,206493.84,EQNL
2010-04-28,989.99,992.0,955.0,968.0,3431,3326226.14,EQNL
2010-04-29,968.0,1019.57,950.02,1015.0,15763,15567561.98,EQNL
2010-04-30,999.0,1012.9,984.95,1000.0,284,283082.59,EQNL
2010-05-04,1000.0,1010.0,995.0,999.0,14115,14139508.08,EQNL
2010-05-05,975.03,1014.97,960.0,969.99,3495,3405110.05,EQNL
2010-05-06,960.0,999.0,960.0,980.0,1728,1694060.26,EQNL
2010-05-07,964.98,964.98,880.0,899.95,1603,1412147.85,EQNL
2010-05-11,899.99,899.99,879.99,879.99,88,77769.87,EQNL
2010-05-12,876.0,999.99,876.0,905.01,384,355976.0,EQNL
2010-05-13,950.0,950.0,930.0,950.0,280,261004.96,EQNL
2010-05-14,970.0,970.0,930.0,930.0,2357,2215530.07,EQNL
2010-05-18,970.0,970.0,949.99,949.99,57,54169.44,EQNL
2010-05-19,950.0,959.99,940.01,945.0,164,155415.06,EQNL
2010-05-20,931.01,968.98,910.0,910.0,217,201060.43,EQNL
2010-05-21,900.0,930.13,900.0,900.0,242,217864.26,EQNL
2010-05-24,890.05,898.6,890.0,898.6,85,75792.42,EQNL
2010-05-25,850.02,940.0,849.99,940.0,4805,4085616.54,EQNL
2010-05-26,900.0,974.95,855.01,865.0,5073,4907018.14,EQNL
2010-05-27,865.0,889.0,860.0,888.0,1650,1427258.0,EQNL
2010-05-28,865.04,936.95,865.0,936.95,885,791633.62,EQNL
2010-05-31,936.9,948.98,900.09,948.98,2443,2295980.68,EQNL
2010-06-01,939.82,963.0,939.82,962.99,12,11507.21,EQNL
2010-06-02,962.0,990.0,962.0,970.0,12708,12469169.74,EQNL
2010-06-03,990.0,1000.0,970.0,979.5,232,229329.48,EQNL
2010-06-04,970.0,1000.0,957.95,970.0,2255,2190973.53,EQNL
2010-06-07,999.84,999.88,850.01,971.14,362,339001.93,EQNL
2010-06-08,961.02,996.44,960.0,996.44,161,154598.48,EQNL
2010-06-09,974.18,974.18,969.91,969.91,2,1944.09,EQNL
2010-06-10,949.97,970.0,949.97,961.0,1290,1248712.97,EQNL
2010-06-11,969.99,969.99,959.96,969.97,31,29829.3,EQNL
2010-06-15,969.99,970.0,969.99,970.0,48,46559.97,EQNL
2010-06-16,970.0,970.0,960.0,969.99,189,182970.49,EQNL
2010-06-17,960.0,960.0,940.0,950.0,3586,3400628.45,EQNL
2010-06-18,964.99,980.0,963.0,965.0,1283,1246538.31,EQNL
2010-06-21,965.0,965.0,963.99,965.0,539,520059.91,EQNL
2010-06-22,965.0,965.0,965.0,965.0,153,147645.0,EQNL
2010-06-23,965.0,965.0,956.0,956.0,11,10534.0,EQNL
2010-06-24,965.0,975.0,965.0,965.0,2001,1935835.0,EQNL
2010-06-28,968.0,970.0,955.0,955.56,3316,3211506.76,EQNL
2010-06-29,955.0,968.0,950.4,950.4,124,118503.64,EQNL
2010-06-30,931.16,969.0,873.82,968.96,76,70314.7,EQNL
2010-07-01,870.0,968.98,870.0,950.0,1141,1082234.53,EQNL
2010-07-02,959.0,959.0,950.0,950.0,1344,1276831.85,EQNL
2010-07-05,950.0,959.0,950.0,950.0,187,177677.0,EQNL
2010-07-06,956.72,956.72,950.0,950.0,703,668870.16,EQNL
2010-07-07,987.91,989.8,950.05,989.0,76,73992.38,EQNL
2010-07-08,880.02,979.11,880.02,979.11,39,34787.85,EQNL
2010-07-09,969.99,980.0,959.99,979.98,1038,996659.69,EQNL
2010-07-12,979.98,989.79,960.0,974.0,17193,16673832.49,EQNL
2010-07-13,979.11,989.79,978.1,989.78,121,119733.53,EQNL
2010-07-14,1000.0,1054.33,990.0,1009.99,1868,1859029.74,EQNL
2010-07-15,1010.0,1046.0,1001.0,1015.6,1218,1229466.99,EQNL
2010-07-16,981.05,1026.0,981.05,1026.0,2325,2336159.99,EQNL
2010-07-19,1056.92,1056.92,1021.22,1021.22,50,51096.75,EQNL
2010-07-20,1054.0,1054.0,1020.0,1020.0,31,31654.0,EQNL
2010-07-21,1029.99,1030.85,1020.0,1030.85,19,19511.02,EQNL
2010-07-22,1031.19,1068.94,1029.99,1054.0,399,411196.24,EQNL
2010-07-23,1084.65,1089.0,1031.43,1031.43,159,169795.0,EQNL
2010-07-26,1048.99,1119.9,1029.0,1095.0,2839,3043522.53,EQNL
2010-07-27,1050.01,1140.0,1050.01,1100.6,378,411804.49,EQNL
2010-07-28,1090.0,1100.0,1085.0,1100.0,4904,5391187.3,EQNL
2010-07-29,1100.02,1105.0,1100.0,1100.0,2539,2792910.1,EQNL
2010-07-30,1100.0,1105.0,1095.0,1103.99,1069,1175710.99,EQNL
2010-08-02,1100.0,1105.0,1093.33,1100.0,1017,1119413.3,EQNL
2010-08-03,1096.11,1105.01,1096.11,1105.0,1020,1125444.43,EQNL
2010-08-04,1094.81,1103.2,1094.81,1103.2,388,427894.81,EQNL
2010-08-05,1094.75,1140.0,1050.0,1100.0,5555,6151179.28,EQNL
2010-08-06,1055.0,1135.0,1045.01,1135.0,4054,4239078.79,EQNL
2010-08-09,1033.02,1119.99,1000.0,1100.76,214,229306.14,EQNL
2010-08-10,1125.0,1125.0,1100.0,1100.0,602,674700.04,EQNL
2010-08-11,1031.1,1099.99,990.98,1060.0,1980,2071775.82,EQNL
2010-08-12,1129.0,1139.95,1096.0,1139.95,4087,4658619.73,EQNL
2010-08-13,1099.99,1099.99,1045.05,1086.95,2184,2349318.27,EQNL
2010-08-16,1086.95,1101.0,1086.95,1100.0,997,1096598.58,EQNL
2010-08-17,1110.9,1112.0,1110.35,1112.0,95,105633.38,EQNL
2010-08-18,1075.12,1106.32,1075.0,1103.95,71,76737.33,EQNL
2010-08-19,1051.02,1090.0,1051.02,1090.0,1456,1587001.02,EQNL
2010-08-20,1030.0,1089.99,1030.0,1050.0,126,131020.18,EQNL
2010-08-23,1049.99,1050.0,1003.01,1049.94,776,801704.45,EQNL
2010-08-24,1020.0,1049.9,1011.01,1030.99,503,515661.81,EQNL
2010-08-25,1029.99,1120.0,1001.01,1120.0,212,218419.12,EQNL
2010-08-26,1026.0,1120.0,1010.0,1075.01,735,783964.51,EQNL
2010-08-27,1074.66,1111.28,1040.0,1111.0,94,99665.46,EQNL
2010-08-30,1119.99,1119.99,1041.0,1087.28,446,469726.72,EQNL
2010-08-31,1084.99,1084.99,1050.0,1069.98,175,184461.84,EQNL
2010-09-01,1067.99,1117.76,1067.99,1098.99,89,96277.78,EQNL
2010-09-02,1085.0,1085.0,1074.1,1085.0,762,826758.9,EQNL
2010-09-03,1090.0,1090.0,1080.0,1089.0,22,23779.0,EQNL
2010-09-06,1099.89,1119.0,1070.44,1119.0,1117,1228518.48,EQNL
2010-09-07,1115.0,1115.0,1105.0,1111.0,986,1095287.91,EQNL
2010-09-08,1119.0,1140.0,1100.0,1138.89,1128,1247223.07,EQNL
2010-09-09,1139.9,1139.9,1110.15,1138.99,264,298137.17,EQNL
2010-09-10,1139.98,1199.99,1139.97,1194.99,1500,1750389.63,EQNL
2010-09-13,1254.74,1254.74,1146.07,1200.0,137,162408.08,EQNL
2010-09-14,1200.0,1225.0,1182.93,1210.01,1475,1773286.16,EQNL
2010-09-15,1224.0,1240.0,1198.27,1225.0,777,955028.52,EQNL
2010-09-16,1234.98,1240.0,1214.41,1229.99,6701,8251784.31,EQNL
2010-09-17,1233.98,1240.0,1225.13,1240.0,11058,13658519.5,EQNL
2010-09-20,1221.52,1242.0,1221.5,1230.18,140,173088.22,EQNL
2010-09-21,1240.0,1299.0,1220.37,1298.35,28012,34578685.4,EQNL
2010-09-22,1392.98,1392.98,1277.0,1333.0,9315,12510413.87,EQNL
2010-09-23,1335.01,1350.0,1281.51,1319.99,4642,6119847.88,EQNL
2010-09-24,1338.99,1338.99,1284.99,1315.0,855,1111393.39,EQNL
2010-09-27,1338.99,1338.99,1270.0,1275.0,6405,8217454.72,EQNL
2010-09-28,1299.99,1299.99,1203.0,1215.0,3932,4829634.14,EQNL
2010-09-29,1215.0,1215.0,1150.0,1210.98,1698,2044628.23,EQNL
2010-09-30,1209.0,1215.0,1200.0,1200.0,6211,7506686.19,EQNL
2010-10-01,1204.99,1205.0,1195.02,1199.99,740,888030.23,EQNL
2010-10-04,1205.0,1205.0,1160.02,1185.0,594,703031.7,EQNL
2010-10-05,1204.95,1204.95,1168.0,1185.15,781,926134.54,EQNL
2010-10-06,1189.99,1190.0,1111.16,1115.0,2098,2378647.07,EQNL
2010-10-07,1100.53,1100.53,1071.0,1080.0,23789,25539591.35,EQNL
2010-10-08,1084.0,1094.99,1076.53,1080.0,9255,10042873.2,EQNL
2010-10-11,1080.23,1080.23,1065.39,1077.0,7097,7618605.51,EQNL
2010-10-12,1097.5,1097.5,1079.99,1082.0,4125,4482635.93,EQNL
2010-10-13,1085.0,1144.99,1082.0,1084.0,17432,19045041.38,EQNL
2010-10-14,1090.0,1090.0,1075.03,1088.0,1525,1653992.18,EQNL
2010-10-15,1077.12,1125.0,1077.12,1095.0,8570,9408814.32,EQNL
2010-10-18,1119.69,1121.0,1098.0,1103.95,23608,26073414.24,EQNL
2010-10-19,1103.98,1103.98,1093.99,1100.0,17828,19622402.01,EQNL
2010-10-20,1090.0,1102.0,1090.0,1095.0,510,559708.42,EQNL
2010-10-21,1102.0,1104.0,1075.05,1098.0,11442,12594935.88,EQNL
2010-10-22,1085.05,1110.0,1085.0,1092.0,53060,58290034.58,EQNL
2010-10-25,1099.0,1099.0,1082.0,1090.0,11622,12678764.68,EQNL
2010-10-26,1095.0,1134.0,1085.0,1092.99,10925,12110469.68,EQNL
2010-10-27,1122.32,1122.32,1091.0,1101.97,4475,4907709.34,EQNL
2010-10-28,1101.99,1105.0,1094.99,1101.97,1546,1700631.17,EQNL
2010-10-29,1103.0,1103.0,1085.51,1095.47,1722,1876200.6,EQNL
2010-11-01,1107.0,1107.0,1090.0,1105.5,6402,7063816.33,EQNL
2010-11-02,1102.0,1106.0,1100.0,1104.0,1087,1201117.43,EQNL
2010-11-03,1107.0,1107.0,1095.41,1106.99,659,727830.9,EQNL
2010-11-08,1107.0,1110.0,1103.0,1107.0,6364,7048029.8,EQNL
2010-11-09,1107.0,1109.0,1100.0,1103.0,1325,1463258.7,EQNL
2010-11-10,1103.99,1104.0,1082.82,1089.15,5362,5827618.39,EQNL
2010-11-11,1097.94,1102.37,1085.0,1099.25,3032,3312005.61,EQNL
2010-11-12,1088.01,1099.0,1088.01,1099.0,1673,1837497.37,EQNL
2010-11-13,1098.97,1099.0,1095.67,1098.99,47,51606.13,EQNL
2010-11-15,1098.99,1114.99,1098.99,1110.0,1068,1179927.07,EQNL
2010-11-16,1110.0,1120.0,1102.59,1116.0,21912,24430859.45,EQNL
2010-11-17,1110.0,1140.0,1110.0,1130.0,17849,20100662.32,EQNL
2010-11-18,1126.01,1126.01,1114.0,1121.0,5487,6165251.71,EQNL
2010-11-19,1120.0,1140.0,1116.0,1124.98,5180,5819670.47,EQNL
2010-11-22,1129.99,1140.0,1126.0,1130.99,14535,16485331.93,EQNL
2010-11-23,1132.99,1149.0,1132.99,1147.0,9690,11077880.5,EQNL
2010-11-24,1149.0,1177.21,1145.0,1176.0,17432,20264999.4,EQNL
2010-11-25,1179.99,1249.79,1179.99,1214.98,7891,9537167.5,EQNL
2010-11-26,1229.97,1229.97,1211.0,1222.96,2290,2784988.23,EQNL
2010-11-29,1224.96,1225.0,1195.0,1203.97,3843,4636110.8,EQNL
2010-11-30,1190.01,1210.0,1190.0,1209.98,6332,7605936.67,EQNL
2010-12-01,1200.01,1299.0,1200.01,1270.01,20078,25003125.55,EQNL
2010-12-02,1280.0,1346.99,1271.8,1330.2,37855,49669474.41,EQNL
2010-12-03,1334.97,1420.0,1305.99,1373.92,5031,6857076.79,EQNL
2010-12-06,1350.15,1399.0,1350.1,1397.0,3500,4837989.4,EQNL
2010-12-07,1397.0,1397.0,1359.7,1377.49,4555,6242917.66,EQNL
2010-12-08,1342.15,1380.0,1311.01,1380.0,6419,8666291.98,EQNL
2010-12-09,1350.0,1397.0,1350.0,1355.5,432,586811.4,EQNL
2010-12-10,1356.33,1390.0,1350.0,1371.99,1807,2496237.72,EQNL
2010-12-13,1370.0,1519.99,1370.0,1419.0,8976,12645721.19,EQNL
2010-12-14,1426.0,1426.0,1405.36,1422.0,6134,8710215.84,EQNL
2010-12-15,1420.0,1432.0,1409.99,1420.0,15714,22301210.73,EQNL
2010-12-16,1405.22,1476.96,1405.21,1449.96,6119,8745503.1,EQNL
2010-12-17,1467.0,1467.0,1424.05,1427.0,1732,2479006.67,EQNL
2010-12-20,1430.0,1449.0,1422.0,1440.0,5081,7272850.59,EQNL
2010-12-21,1454.4,1485.0,1425.0,1448.0,12031,17406238.12,EQNL
2010-12-22,1430.0,1477.0,1430.0,1460.0,14815,21541815.31,EQNL
2010-12-23,1460.0,1485.0,1460.0,1483.0,5616,8300182.7,EQNL
2010-12-24,1500.0,1519.99,1487.01,1488.0,1383,2068758.48,EQNL
2010-12-27,1519.98,1521.77,1497.78,1500.0,520,784949.98,EQNL
2010-12-28,1486.0,1517.0,1461.22,1500.0,2593,3868693.61,EQNL
2010-12-29,1483.04,1500.0,1479.99,1494.99,13588,20292435.24,EQNL
2010-12-30,1470.0,1510.0,1400.07,1475.0,13553,19906881.97,EQNL
2011-01-11,1498.99,1507.93,1454.96,1466.96,12047,17670574.85,EQNL
2011-01-12,1466.71,1481.58,1440.0,1450.0,5462,7939354.87,EQNL
2011-01-13,1442.55,1450.0,1410.0,1425.0,10840,15540180.71,EQNL
2011-01-14,1408.99,1412.0,1403.07,1408.0,6730,9479112.32,EQNL
2011-01-17,1405.09,1410.58,1379.99,1398.89,1535,2135490.99,EQNL
2011-01-18,1403.99,1430.0,1303.0,1339.99,7073,9582969.91,EQNL
2011-01-19,1453.56,1453.56,1325.0,1338.0,2578,3450858.08,EQNL
2011-01-20,1305.12,1360.0,1305.12,1350.0,15652,20923048.39,EQNL
2011-01-21,1335.01,1349.81,1306.0,1345.0,13589,18037751.58,EQNL
2011-01-24,1345.0,1350.0,1325.0,1349.74,6344,8516948.77,EQNL
2011-01-25,1341.0,1396.99,1341.0,1394.0,9796,13332354.55,EQNL
2011-01-26,1400.0,1447.0,1394.05,1437.0,2986,4279517.49,EQNL
2011-01-27,1448.0,1448.0,1401.0,1429.93,6477,9176976.62,EQNL
2011-01-28,1428.99,1550.0,1400.0,1520.0,26748,38767415.03,EQNL
2011-01-31,1499.99,1504.98,1427.14,1439.99,5885,8649052.46,EQNL
2011-02-01,1455.0,1465.0,1412.1,1420.0,6576,9427941.7,EQNL
2011-02-02,1402.18,1409.89,1379.95,1395.0,15791,21948604.26,EQNL
2011-02-03,1380.01,1397.0,1309.99,1324.0,21765,29428861.47,EQNL
2011-02-04,1325.0,1384.0,1310.0,1314.99,49597,65541562.97,EQNL
2011-02-07,1310.02,1330.0,1252.06,1294.53,5859,7609961.24,EQNL
2011-02-08,1290.0,1305.0,1276.0,1290.0,3065,3956292.93,EQNL
2011-02-09,1289.99,1319.99,1280.0,1304.99,10624,13783967.0,EQNL
2011-02-10,1304.99,1317.0,1280.03,1291.5,12565,16292544.5,EQNL
2011-02-11,1310.0,1310.0,1285.9,1288.44,378,489723.78,EQNL
2011-02-14,1295.0,1310.0,1284.99,1300.0,6183,8040587.32,EQNL
2011-02-15,1299.0,1300.0,1286.34,1300.0,3415,4428912.71,EQNL
2011-02-16,1290.01,1319.0,1280.0,1301.1,2896,3777552.54,EQNL
2011-02-17,1305.0,1315.0,1288.01,1305.0,6500,8471893.52,EQNL
2011-02-18,1307.5,1309.98,1300.0,1304.98,1073,1398035.4,EQNL
2011-02-21,1301.0,1305.0,1271.01,1295.0,6760,8745747.66,EQNL
2011-02-22,1283.72,1296.0,1280.0,1283.0,7251,9349717.55,EQNL
2011-02-24,1255.0,1281.0,1160.03,1234.0,14882,18622946.56,EQNL
2011-02-25,1252.5,1256.0,1219.98,1224.99,8942,11056657.95,EQNL
2011-02-28,1248.0,1248.0,1220.64,1234.99,7938,9811498.37,EQNL
2011-03-01,1245.0,1250.4,1180.0,1189.9,2123,2574265.2,EQNL
2011-03-02,1176.2,1216.9,1176.2,1185.2,1373,1633408.5,EQNL
2011-03-03,1199.9,1199.9,1160.0,1178.8,3569,4196023.1,EQNL
2011-03-04,1187.9,1199.9,1166.1,1178.9,18506,21870069.8,EQNL
2011-03-05,1189.9,1202.1,1185.0,1202.1,2231,2659606.6,EQNL
2011-03-09,1205.0,1249.0,1200.0,1235.0,6316,7774234.8,EQNL
2011-03-10,1234.9,1249.5,1229.0,1238.9,6104,7561940.5,EQNL
2011-03-11,1210.0,1253.8,1210.0,1245.0,2887,3567997.2,EQNL
2011-03-14,1249.0,1274.9,1248.0,1270.1,3532,4450325.3,EQNL
2011-03-15,1230.1,1274.0,1209.0,1237.4,10339,12675162.0,EQNL
2011-03-16,1217.1,1251.4,1212.0,1224.9,26984,32900136.8,EQNL
2011-03-17,1220.3,1229.5,1220.0,1223.9,4502,5497522.8,EQNL
2011-03-18,1224.0,1225.0,1197.0,1221.8,2983,3612608.3,EQNL
2011-03-21,1221.8,1222.0,1210.0,1212.0,5036,6104155.7,EQNL
2011-03-22,1212.0,1212.0,1201.0,1211.0,1823,2198090.4,EQNL
2011-03-23,1205.1,1211.0,1200.1,1209.6,522,629653.0,EQNL
2011-03-24,1209.6,1209.6,1140.9,1169.4,47077,54858347.5,EQNL
2011-03-25,1169.5,1169.5,1080.0,1105.0,48696,53678791.6,EQNL
2011-03-28,1104.1,1119.9,1072.0,1099.8,10515,11576815.7,EQNL
2011-03-29,1031.3,1110.0,1031.3,1107.0,10300,11330009.2,EQNL
2011-03-30,1110.0,1129.8,1102.9,1117.0,18047,20057045.9,EQNL
2011-03-31,1116.8,1125.0,1110.4,1121.0,26584,29732940.7,EQNL
2011-04-01,1119.9,1200.0,1119.9,1190.0,12250,14131207.5,EQNL
2011-04-04,1195.0,1238.9,1185.5,1205.5,12403,14994241.2,EQNL
2011-04-05,1205.6,1205.6,1170.0,1200.9,5878,7040053.7,EQNL
2011-04-06,1212.0,1239.9,1180.0,1214.8,6430,7749714.8,EQNL
2011-04-07,1210.5,1220.0,1180.0,1215.0,6453,7831240.3,EQNL
2011-04-08,1215.0,1225.0,1210.0,1211.8,8976,10928701.0,EQNL
2011-04-11,1215.0,1220.0,1200.0,1215.0,3625,4355647.3,EQNL
2011-04-12,1200.1,1225.0,1150.0,1215.0,6019,7246958.1,EQNL
2011-04-13,1190.1,1260.1,1190.1,1225.0,11243,13873116.9,EQNL
2011-04-14,1225.9,1269.9,1206.0,1223.1,1141,1395555.6,EQNL
2011-04-15,1229.9,1230.0,1205.0,1215.0,8212,9966128.6,EQNL
2011-04-18,1204.0,1215.0,1120.0,1137.0,2547,2962544.6,EQNL
2011-04-19,1147.9,1180.0,1130.0,1175.0,5221,6067700.7,EQNL
2011-04-20,1175.1,1190.0,1159.9,1183.7,3401,3989388.8,EQNL
2011-04-21,1188.0,1190.0,1160.0,1176.0,3433,4034634.9,EQNL
2011-04-22,1176.0,1185.0,1161.9,1174.8,1891,2224099.5,EQNL
2011-04-25,1160.1,1180.0,1160.1,1164.9,6217,7275149.1,EQNL
2011-04-26,1165.3,1175.0,1160.2,1165.0,824,966037.8,EQNL
2011-04-27,1160.2,1180.0,1160.0,1180.0,4238,4969728.5,EQNL
2011-04-28,1172.0,1175.0,1160.1,1175.0,310,362329.4,EQNL
2011-04-29,1160.1,1175.0,1150.0,1173.0,1566,1822642.6,EQNL
2011-05-03,1174.0,1174.0,1113.0,1129.4,4947,5578226.4,EQNL
2011-05-04,1117.8,1123.6,1082.0,1107.4,6181,6829802.5,EQNL
2011-05-05,1105.0,1115.9,1095.0,1114.8,10856,11955129.0,EQNL
2011-05-06,1105.1,1130.0,1100.0,1127.8,834,932257.6,EQNL
2011-05-10,1160.0,1160.0,1111.0,1119.0,135,153038.8,EQNL
2011-05-11,1111.0,1119.5,1064.1,1090.0,2280,2526963.9,EQNL
2011-05-12,1079.5,1100.0,1075.0,1100.0,3043,3295067.7,EQNL
2011-05-13,1085.0,1099.8,1085.0,1099.0,564,617655.4,EQNL
2011-05-16,1080.0,1085.0,1075.0,1081.5,2138,2308927.1,EQNL
2011-05-17,1075.0,1097.7,1075.0,1085.0,286,310119.8,EQNL
2011-05-18,1089.0,1089.0,1081.0,1081.0,326,353279.2,EQNL
2011-05-19,1084.0,1097.0,1075.4,1097.0,694,753219.6,EQNL
2011-05-20,1100.0,1110.0,1075.6,1085.4,992,1086848.1,EQNL
2011-05-23,1075.5,1090.0,1067.4,1085.0,11608,12577886.0,EQNL
2011-05-24,1090.0,1100.0,1071.8,1076.3,1429,1544948.1,EQNL
2011-05-25,1070.1,1081.0,1065.3,1080.0,6240,6737781.5,EQNL
2011-05-26,1081.0,1083.0,1060.0,1067.0,5689,6072072.5,EQNL
2011-05-27,1060.1,1060.1,1017.1,1025.0,3896,4017023.5,EQNL
2011-05-30,1025.0,1031.2,1021.4,1026.9,524,538392.2,EQNL
2011-05-31,1029.9,1035.0,1027.5,1035.0,3580,3688378.0,EQNL
2011-06-01,1031.8,1039.9,1017.3,1026.0,1341,1377457.9,EQNL
2011-06-02,1017.2,1024.0,1009.8,1016.0,3753,3796729.8,EQNL
2011-06-03,1010.1,1018.8,1000.0,1004.0,952,954794.7,EQNL
2011-06-06,1018.7,1018.7,995.0,999.5,2801,2804196.9,EQNL
2011-06-07,1004.0,1015.0,990.5,1000.0,1741,1730931.9,EQNL
2011-06-08,993.9,1001.0,993.9,1000.0,1182,1182315.4,EQNL
2011-06-09,1000.0,1034.9,995.0,1032.0,20100,20152432.8,EQNL
2011-06-10,1023.0,1030.0,1015.0,1016.1,911,930995.3,EQNL
2011-06-14,1028.4,1030.0,1018.0,1030.0,604,618556.9,EQNL
2011-06-15,1030.0,1040.0,1019.0,1034.0,3100,3180259.2,EQNL
2011-06-16,1039.8,1039.8,1020.0,1035.0,4092,4224369.8,EQNL
2011-06-17,1027.1,1042.9,1027.1,1038.8,1532,1591662.1,EQNL
2011-06-20,1039.9,1039.9,1015.0,1019.9,1650,1690946.2,EQNL
2011-06-21,1015.1,1015.1,951.1,995.0,5159,5104080.4,EQNL
2011-06-22,999.1,1005.9,991.4,999.9,392,392050.6,EQNL
2011-06-23,1002.0,1005.9,990.0,990.0,4639,4632016.3,EQNL
2011-06-24,990.0,992.0,947.0,985.0,195,190287.1,EQNL
2011-06-27,945.7,993.0,945.6,980.0,516,508964.8,EQNL
2011-06-28,964.0,966.0,950.3,960.0,1285,1238348.0,EQNL
2011-06-29,995.0,995.0,935.0,952.3,1428,1359813.1,EQNL
2011-06-30,950.6,984.1,939.1,950.0,2442,2305578.4,EQNL
2011-07-01,935.9,969.4,935.1,968.7,3682,3485313.2,EQNL
2011-07-04,952.6,987.7,945.0,987.7,1583,1536571.2,EQNL
2011-07-05,978.3,1027.5,978.3,1020.0,1251,1262344.8,EQNL
2011-07-06,1015.0,1061.0,1000.0,1059.7,6996,7145238.4,EQNL
2011-07-07,1074.3,1127.0,1054.6,1127.0,5051,5586960.8,EQNL
2011-07-08,1091.1,1168.5,1091.0,1150.0,9196,10570456.4,EQNL
2011-07-11,1149.9,1158.0,1127.0,1158.0,10027,11475503.2,EQNL
2011-07-12,1135.0,1140.0,1125.0,1136.0,1565,1762644.8,EQNL
2011-07-13,1128.3,1140.0,1120.1,1126.9,6224,7023433.4,EQNL
2011-07-14,1123.1,1140.0,1116.0,1136.9,19346,21672630.5,EQNL
2011-07-15,1134.9,1134.9,1121.0,1121.0,27,30298.8,EQNL
2011-07-18,1112.8,1131.0,1101.1,1127.5,487,544280.0,EQNL
2011-07-19,1131.0,1139.7,1127.0,1129.0,1556,1759431.0,EQNL
2011-07-20,1120.0,1130.0,1120.0,1121.2,4125,4640436.4,EQNL
2011-07-21,1120.3,1145.0,1120.2,1145.0,6207,7033289.7,EQNL
2011-07-22,1148.8,1230.0,1148.8,1228.8,14985,17678458.5,EQNL
2011-07-25,1196.0,1250.0,1196.0,1229.0,7006,8636636.8,EQNL
2011-07-26,1234.9,1234.9,1200.0,1233.0,2661,3241372.1,EQNL
2011-07-27,1207.5,1215.0,1140.1,1210.7,1643,1962574.8,EQNL
2011-07-28,1200.0,1227.8,1200.0,1227.8,4337,5255541.0,EQNL
2011-07-29,1227.9,1229.9,1216.0,1229.9,2523,3098690.4,EQNL
2011-08-01,1229.1,1229.1,1214.0,1223.5,1486,1817955.0,EQNL
2011-08-02,1214.0,1224.9,1197.0,1219.3,170,206236.9,EQNL
2011-08-03,1199.9,1208.9,1175.1,1200.0,2512,2991196.9,EQNL
2011-08-04,1180.3,1181.1,1100.1,1115.0,5180,5926374.5,EQNL
2011-08-05,1095.0,1100.1,962.6,1079.9,3175,3295636.3,EQNL
2011-08-08,1002.1,1023.0,890.0,939.8,21092,19721942.6,EQNL
2011-08-09,900.0,934.9,861.1,923.9,14266,12874000.1,EQNL
2011-08-10,927.5,960.0,817.0,871.5,5183,4733532.6,EQNL
2011-08-11,838.6,899.0,830.0,896.9,2297,1997915.3,EQNL
2011-08-12,880.0,901.8,865.0,880.0,1300,1146757.6,EQNL
2011-08-15,902.9,935.0,899.8,925.0,1589,1449295.4,EQNL
2011-08-16,929.9,949.9,920.0,935.0,309,289284.9,EQNL
2011-08-17,920.1,928.3,900.7,925.0,3143,2906488.1,EQNL
2011-08-18,902.7,913.7,900.0,900.0,809,729722.6,EQNL
2011-08-19,879.9,900.0,864.0,887.2,1994,1779989.2,EQNL
2011-08-22,887.2,890.0,840.0,875.1,955,835981.6,EQNL
2011-08-23,885.0,925.0,876.0,876.1,2236,2007935.0,EQNL
2011-08-24,880.0,880.0,849.9,869.9,4447,3798378.4,EQNL
2011-08-25,871.1,886.7,850.0,858.2,4545,3899179.9,EQNL
2011-08-26,851.4,867.1,850.1,867.1,414,356041.5,EQNL
2011-08-29,875.7,888.0,856.2,883.0,4679,4114494.7,EQNL
2011-08-30,905.0,919.9,880.4,910.0,453,404789.0,EQNL
2011-08-31,1012.6,1050.0,886.3,1050.0,6374,6002330.9,EQNL
2011-09-01,958.0,980.0,945.0,965.0,4223,4045032.5,EQNL
2011-09-02,909.5,999.9,909.5,987.7,6124,6030733.1,EQNL
2011-09-05,987.0,1005.0,970.1,1003.9,2628,2630018.1,EQNL
2011-09-06,990.0,999.7,960.0,980.0,515,500672.5,EQNL
2011-09-07,993.8,1000.0,989.6,1000.0,787,785825.6,EQNL
2011-09-08,999.0,1001.0,979.6,1000.9,651,651157.6,EQNL
2011-09-09,1000.9,1002.0,980.0,1002.0,6391,6340210.4,EQNL
2011-09-12,973.2,973.2,920.0,942.0,373,350830.2,EQNL
2011-09-13,941.7,944.0,899.9,917.9,1121,1032442.4,EQNL
2011-09-14,900.0,910.0,900.0,900.0,237,213765.4,EQNL
2011-09-15,900.0,920.0,900.0,905.0,3446,3132364.5,EQNL
2011-09-16,907.0,941.0,902.5,941.0,10651,9844851.4,EQNL
2011-09-19,925.0,928.9,903.2,912.5,382,347961.9,EQNL
2011-09-20,917.1,941.0,917.1,935.0,1762,1649964.3,EQNL
2011-09-21,935.9,935.9,930.0,934.9,184,171958.2,EQNL
2011-09-22,913.3,913.3,835.0,839.9,1467,1291226.8,EQNL
2011-09-23,839.9,840.0,784.9,785.0,6090,4789988.7,EQNL
2011-09-26,752.2,770.8,702.3,730.6,2730,2009874.0,EQNL
2011-09-27,734.2,735.0,702.0,722.0,4904,3486794.9,EQNL
2011-09-28,700.0,725.0,629.9,658.5,11695,7828664.4,EQNL
2011-09-29,663.0,675.0,630.0,645.0,5644,3646865.3,EQNL
2011-09-30,645.0,645.0,570.0,585.0,9922,5888423.9,EQNL
2011-10-03,590.0,593.9,522.9,563.8,5856,3230821.4,EQNL
2011-10-04,508.5,565.9,508.5,530.0,3941,2116485.7,EQNL
2011-10-05,530.9,555.0,530.1,536.0,759,411417.5,EQNL
2011-10-06,545.0,589.1,545.0,567.3,3101,1725544.0,EQNL
2011-10-07,590.0,619.9,582.1,593.5,3323,1978425.7,EQNL
2011-10-10,593.5,600.0,579.0,590.0,1513,894579.8,EQNL
2011-10-11,590.0,590.0,561.3,588.9,4652,2687055.6,EQNL
2011-10-12,580.0,600.0,580.0,594.4,2111,1248532.0,EQNL
2011-10-13,587.0,614.7,580.0,595.5,2452,1465046.7,EQNL
2011-10-14,614.8,635.0,595.5,605.0,5055,3057454.4,EQNL
2011-10-17,615.0,635.8,599.9,609.5,6988,4224381.7,EQNL
2011-10-18,606.7,649.0,606.5,639.9,13540,8506427.7,EQNL
2011-10-19,639.9,669.9,630.1,654.8,3958,2565214.0,EQNL
2011-10-20,660.4,660.4,631.1,652.0,3325,2144373.7,EQNL
2011-10-21,652.4,652.9,638.0,642.0,1125,727012.1,EQNL
2011-10-24,652.8,674.7,638.8,662.4,3286,2167600.0,EQNL
2011-10-25,659.8,695.7,659.8,688.4,4427,2976637.3,EQNL
2011-10-26,685.6,724.5,685.6,711.5,3390,2399602.4,EQNL
2011-10-27,729.9,746.9,725.1,744.6,2409,1778071.9,EQNL
2011-10-28,739.9,756.3,722.7,745.6,1002,743197.3,EQNL
2011-10-31,736.0,743.0,681.9,705.5,7201,5081862.3,EQNL
2011-11-01,686.0,700.0,650.0,650.8,4147,2744453.4,EQNL
2011-11-02,659.0,687.8,659.0,666.7,251,167734.6,EQNL
2011-11-03,636.1,689.8,634.4,672.0,1608,1078092.8,EQNL
2011-11-07,671.8,672.4,660.0,660.1,1037,693141.6,EQNL
2011-11-08,660.1,660.1,645.1,646.5,3726,2432741.7,EQNL
2011-11-09,653.9,653.9,595.1,601.0,3501,2125972.7,EQNL
2011-11-10,598.9,611.0,561.2,593.5,2572,1515148.6,EQNL
2011-11-11,600.0,600.0,580.5,594.9,1485,871775.6,EQNL
2011-11-14,599.0,624.8,591.0,619.9,7146,4344302.4,EQNL
2011-11-15,624.8,625.0,605.1,625.0,1361,838026.8,EQNL
2011-11-16,625.0,654.0,607.1,623.1,649,405832.2,EQNL
2011-11-17,622.4,651.2,608.1,651.0,1105,689258.0,EQNL
2011-11-18,632.8,653.8,632.8,646.7,102,66490.8,EQNL
2011-11-21,633.3,642.7,620.0,623.2,4010,2487422.2,EQNL
2011-11-22,625.0,653.9,625.0,630.0,1170,738061.8,EQNL
2011-11-23,631.1,650.0,623.2,627.0,2740,1746952.4,EQNL
2011-11-24,621.0,630.0,620.5,630.0,394,247058.4,EQNL
2011-11-25,630.1,630.1,604.0,609.2,885,543967.4,EQNL
2011-11-28,609.1,640.0,609.1,630.0,1727,1092485.7,EQNL
2011-11-29,637.4,637.4,610.0,619.1,1399,863487.6,EQNL
2011-11-30,627.8,639.8,620.3,621.5,882,554592.9,EQNL
2011-12-01,639.5,639.5,607.1,629.9,1763,1116084.5,EQNL
2011-12-02,629.4,639.0,613.6,625.0,602,376158.9,EQNL
2011-12-05,632.0,639.5,618.5,626.0,1633,1037065.6,EQNL
2011-12-06,629.9,630.0,600.0,601.6,2607,1591397.3,EQNL
2011-12-07,610.0,620.0,560.0,570.0,2392,1391627.5,EQNL
2011-12-08,570.0,579.9,545.0,550.0,5661,3154349.8,EQNL
2011-12-09,544.5,554.4,489.8,520.0,28988,14647408.1,EQNL
2011-12-12,520.0,545.0,512.0,530.0,5700,2978820.4,EQNL
2011-12-13,525.1,571.9,525.1,568.9,10192,5589445.1,EQNL
2011-12-14,550.0,570.0,544.0,567.5,7623,4304968.3,EQNL
2011-12-15,566.5,566.5,520.3,545.0,2396,1299074.8,EQNL
2011-12-16,571.7,571.7,546.4,551.8,3185,1762974.0,EQNL
2011-12-19,545.5,561.4,545.5,550.0,2486,1368718.2,EQNL
2011-12-20,569.5,570.0,550.0,560.8,671,374049.1,EQNL
2011-12-21,572.0,572.0,550.0,553.0,1380,763236.9,EQNL
2011-12-22,553.0,555.0,531.0,535.0,2755,1476710.8,EQNL
2011-12-23,534.9,540.0,513.0,519.4,7069,3712000.8,EQNL
2011-12-26,519.4,520.0,505.0,506.3,947,489713.7,EQNL
2011-12-27,516.9,519.8,505.0,508.0,1882,972043.8,EQNL
2011-12-28,505.1,505.1,460.6,474.8,3547,1717742.8,EQNL
2011-12-29,475.0,475.0,432.4,436.8,3778,1709468.6,EQNL
2011-12-30,488.9,488.9,440.0,447.5,2591,1161754.1,EQNL
2012-01-03,465.0,467.8,455.0,467.7,203,94275.9,EQNL
2012-01-04,469.5,489.8,469.5,488.0,450,217619.0,EQNL
2012-01-05,480.0,481.0,470.0,479.8,4622,2181284.7,EQNL
2012-01-06,481.9,497.0,476.5,485.0,751,365213.7,EQNL
2012-01-09,494.8,517.6,491.1,502.5,1811,905248.7,EQNL
2012-01-10,499.6,500.0,489.8,494.9,585,289386.6,EQNL
2012-01-11,494.7,499.0,480.0,499.0,798,389612.8,EQNL
2012-01-12,491.1,498.9,487.9,498.9,3360,1659003.7,EQNL
2012-01-13,489.7,505.0,481.1,498.9,1466,726995.7,EQNL
2012-01-16,490.0,510.0,489.8,509.9,578,289627.9,EQNL
2012-01-17,510.1,543.0,510.1,531.3,1786,943965.2,EQNL
2012-01-18,543.4,561.6,531.5,548.1,3618,1995106.4,EQNL
2012-01-19,550.0,612.7,548.1,606.3,4598,2698655.2,EQNL
2012-01-20,612.4,619.8,582.1,607.5,9275,5636518.6,EQNL
2012-01-23,599.6,607.5,591.2,599.4,1264,756730.4,EQNL
2012-01-24,598.9,600.0,590.0,595.0,831,494327.7,EQNL
2012-01-25,599.4,599.4,594.9,595.0,2141,1274236.5,EQNL
2012-01-26,587.0,587.0,574.8,580.0,768,444903.6,EQNL
2012-01-27,574.8,595.1,565.3,588.9,2077,1230480.8,EQNL
2012-01-30,591.9,592.0,570.0,570.0,1173,673080.7,EQNL
2012-01-31,568.7,578.9,565.0,573.0,578,330729.9,EQNL
2012-02-01,575.0,575.0,569.0,569.0,472,269015.4,EQNL
2012-02-02,575.4,579.0,569.6,578.4,307,176271.6,EQNL
2012-02-03,580.7,593.2,575.0,593.1,2345,1362243.7,EQNL
2012-02-06,594.7,595.0,576.3,584.1,561,328152.9,EQNL
2012-02-07,591.2,610.2,585.0,586.5,2864,1681107.7,EQNL
2012-02-08,586.0,586.5,581.3,585.0,1570,917616.5,EQNL
2012-02-09,585.0,598.5,580.1,582.4,7940,4687858.4,EQNL
2012-02-10,580.8,583.7,570.0,579.8,1695,978211.1,EQNL
2012-02-13,579.8,584.0,572.0,583.0,3383,1967164.4,EQNL
2012-02-14,583.9,589.0,580.0,585.5,11134,6486615.3,EQNL
2012-02-15,585.5,585.5,575.8,575.8,7965,4627639.8,EQNL
2012-02-16,580.0,584.0,576.0,580.0,437,253008.5,EQNL
2012-02-17,579.1,583.0,575.0,578.2,1330,770990.2,EQNL
2012-02-20,580.1,584.0,564.9,567.5,3143,1791945.6,EQNL
2012-02-21,563.1,584.0,550.0,583.9,37783,21134610.4,EQNL
2012-02-22,586.5,598.4,580.0,582.1,1308,762326.9,EQNL
2012-02-24,591.3,594.0,583.6,588.0,2276,1335471.4,EQNL
2012-02-27,589.0,679.0,586.1,642.5,37488,22854897.2,EQNL
2012-02-28,617.5,657.0,617.5,634.0,6943,4464062.6,EQNL
2012-02-29,628.1,730.0,621.4,669.1,18092,12427205.2,EQNL
2012-03-01,655.0,685.4,635.5,662.9,2212,1458593.9,EQNL
2012-03-02,668.8,670.0,640.2,650.0,974,637685.4,EQNL
2012-03-05,637.7,660.0,635.4,655.0,1011,663686.6,EQNL
2012-03-06,642.0,654.8,616.4,625.3,1032,643892.7,EQNL
2012-03-07,624.5,646.0,617.7,633.3,616,383647.2,EQNL
2012-03-11,645.9,654.8,645.9,653.0,305,197721.1,EQNL
2012-03-12,650.0,650.0,635.0,640.0,409,260949.5,EQNL
2012-03-13,654.0,655.0,645.0,653.9,215,139490.7,EQNL
2012-03-14,654.9,662.0,631.0,648.0,1639,1063126.5,EQNL
2012-03-15,633.1,644.0,630.0,643.9,417,265270.4,EQNL
2012-03-16,643.9,644.0,622.1,633.6,595,376511.9,EQNL
2012-03-19,631.0,639.8,624.0,632.0,905,568572.9,EQNL
2012-03-20,638.0,640.0,630.0,631.2,1217,767015.4,EQNL
2012-03-21,613.7,639.9,613.7,635.9,166,104743.5,EQNL
2012-03-22,625.5,625.5,608.0,608.0,660,406824.8,EQNL
2012-03-23,614.0,620.1,595.0,603.0,1659,1008980.6,EQNL
2012-03-26,605.0,613.9,600.0,613.9,22222,13431276.3,EQNL
2012-03-27,613.8,614.0,599.0,600.0,1218,742406.0,EQNL
2012-03-28,609.9,609.9,581.0,588.7,11417,6754138.6,EQNL
2012-03-29,610.3,610.3,564.8,565.0,1222,709493.6,EQNL
2012-03-30,579.7,587.8,566.0,575.6,954,547570.1,EQNL
2012-04-02,574.0,575.4,558.7,562.7,4844,2722855.8,EQNL
2012-04-03,563.0,563.0,557.0,559.9,1497,839824.3,EQNL
2012-04-04,554.0,554.3,548.4,550.0,795,437746.6,EQNL
2012-04-05,550.6,550.6,521.0,530.0,4476,2379180.3,EQNL
2012-04-06,537.4,551.0,523.1,525.8,4725,2529730.4,EQNL
2012-04-09,529.9,529.9,520.0,522.0,5886,3072918.0,EQNL
2012-04-10,523.9,523.9,511.0,514.9,1030,534592.9,EQNL
2012-04-11,513.2,513.2,500.0,508.0,1164,589032.5,EQNL
2012-04-12,513.0,513.0,486.6,489.7,4210,2073623.4,EQNL
2012-04-13,491.5,505.0,469.9,499.8,71563,35289915.8,EQNL
2012-04-16,491.7,505.0,491.6,494.8,1167,579254.2,EQNL
2012-04-17,493.0,493.0,478.0,484.0,8801,4286959.8,EQNL
2012-04-18,485.5,485.5,476.6,481.9,7145,3435280.3,EQNL
2012-04-19,492.2,504.8,483.1,496.5,1567,782357.7,EQNL
2012-04-20,504.8,504.8,492.7,493.0,252,124951.5,EQNL
2012-04-23,503.4,506.9,480.0,487.1,2719,1322202.4,EQNL
2012-04-24,490.3,492.0,480.0,490.3,1045,508917.1,EQNL
2012-04-25,485.0,500.0,481.5,499.8,4611,2297937.5,EQNL
2012-04-26,495.0,499.9,470.8,479.9,3664,1745420.1,EQNL
2012-04-27,482.0,494.7,466.4,487.4,2310,1103095.0,EQNL
2012-04-28,480.1,495.1,476.4,484.2,569,275726.1,EQNL
2012-05-02,494.7,494.7,486.0,493.0,371,181977.3,EQNL
2012-05-03,494.0,501.1,491.5,501.1,586,290030.1,EQNL
2012-05-04,504.8,504.8,470.0,472.0,3260,1557749.2,EQNL
2012-05-05,461.0,470.1,445.0,452.6,2222,1012038.1,EQNL
2012-05-07,450.9,450.9,441.3,445.6,884,393573.1,EQNL
2012-05-08,446.2,455.0,446.2,455.0,179,80157.1,EQNL
2012-05-10,443.1,477.7,443.0,470.0,19520,9085788.9,EQNL
2012-05-11,469.9,475.0,454.0,467.9,1584,733584.6,EQNL
2012-05-12,466.9,483.6,466.9,483.6,1954,922900.9,EQNL
2012-05-14,471.2,479.9,451.1,458.7,10169,4810381.3,EQNL
2012-05-15,458.9,473.5,435.6,473.5,5234,2421922.4,EQNL
2012-05-16,465.1,519.0,465.1,515.0,12246,5913074.6,EQNL
2012-05-17,501.4,547.4,485.1,485.1,8842,4482191.8,EQNL
2012-05-18,484.9,524.1,484.8,515.0,2877,1453271.4,EQNL
2012-05-21,505.8,515.0,483.7,500.0,341,167662.6,EQNL
2012-05-22,488.4,507.9,481.0,505.8,606,293105.9,EQNL
2012-05-23,483.1,485.0,479.0,484.9,2674,1288810.6,EQNL
2012-05-24,475.8,506.9,475.8,496.9,1303,627582.7,EQNL
2012-05-25,483.0,494.4,477.4,494.4,115,55226.0,EQNL
2012-05-28,489.7,500.0,489.7,498.3,2340,1155785.3,EQNL
2012-05-29,503.0,506.2,485.6,502.0,651,325918.4,EQNL
2012-05-30,507.0,550.0,493.6,520.0,4274,2280917.8,EQNL
2012-05-31,519.8,520.0,499.9,499.9,2514,1291191.7,EQNL
2012-06-01,520.0,520.0,456.9,484.9,382,181508.3,EQNL
2012-06-04,463.1,485.0,463.1,470.0,1788,840873.1,EQNL
2012-06-05,484.9,489.0,471.3,484.9,29759,14432550.4,EQNL
2012-06-06,490.0,490.0,452.4,454.0,31721,14962119.0,EQNL
2012-06-07,470.0,480.0,470.0,480.0,10417,4985776.4,EQNL
2012-06-08,485.0,507.0,480.0,480.0,15616,7686428.9,EQNL
2012-06-09,488.5,510.0,475.5,480.1,1901,937665.5,EQNL
2012-06-13,480.2,504.8,480.2,485.1,1193,585169.1,EQNL
2012-06-14,485.1,494.9,485.0,494.9,70,34217.4,EQNL
2012-06-15,496.5,505.0,485.5,498.0,757,377578.0,EQNL
2012-06-18,508.2,508.3,492.4,495.0,3177,1575763.9,EQNL
2012-06-19,499.9,500.0,488.0,493.8,6621,3238196.0,EQNL
2012-06-20,487.1,495.7,480.0,495.7,694,336428.6,EQNL
2012-06-21,489.7,497.4,479.8,489.9,3201,1537884.3,EQNL
2012-06-22,489.7,500.0,489.7,500.0,629,313552.3,EQNL
2012-06-25,495.1,495.1,480.0,492.5,8586,4206097.9,EQNL
2012-06-26,499.9,500.0,489.6,489.6,403,199125.9,EQNL
2012-06-27,485.0,510.0,485.0,494.6,17037,8425258.3,EQNL
2012-06-28,499.5,499.5,490.0,491.2,670,328572.9,EQNL
2012-06-29,491.9,499.8,481.5,490.0,16558,8138961.1,EQNL
2012-07-02,485.5,490.0,485.5,490.0,501,245297.3,EQNL
2012-07-03,486.2,493.4,486.2,489.8,933,457402.8,EQNL
2012-07-04,484.0,489.9,483.1,489.9,385,187863.3,EQNL
2012-07-05,484.0,490.0,481.0,490.0,429,208567.6,EQNL
2012-07-06,483.4,485.0,482.0,484.9,268,129384.0,EQNL
2012-07-09,491.9,491.9,481.0,489.6,797,386571.8,EQNL
2012-07-10,484.5,485.0,482.2,484.9,165,80017.6,EQNL
2012-07-11,491.9,495.0,480.9,484.9,135,65707.5,EQNL
2012-07-12,481.2,484.8,478.0,484.5,499,239849.3,EQNL
2012-07-13,486.3,486.3,486.3,486.3,21,10212.3,EQNL
2012-07-16,477.0,484.0,466.9,483.7,10600,5073348.2,EQNL
2012-07-17,483.7,490.0,483.7,489.8,6802,3325175.8,EQNL
2012-07-18,488.9,492.5,487.2,491.8,5307,2612898.3,EQNL
2012-07-19,492.9,492.9,483.2,489.2,624,302620.0,EQNL
2012-07-20,490.0,490.0,480.0,488.0,53,25462.4,EQNL
2012-07-23,480.0,487.9,475.0,487.9,356,169976.6,EQNL
2012-07-24,477.0,480.0,472.0,479.9,453,217054.7,EQNL
2012-07-25,486.6,487.0,441.4,478.7,904,422143.1,EQNL
2012-07-26,482.4,485.0,470.0,484.9,701,333530.3,EQNL
2012-07-27,489.8,490.0,472.1,483.8,185,88167.4,EQNL
2012-07-30,480.0,488.7,479.0,479.9,9,4326.6,EQNL
2012-07-31,471.7,484.0,471.0,484.0,706,336891.6,EQNL
2012-08-01,474.1,484.4,474.1,480.0,1362,653495.1,EQNL
2012-08-02,484.0,484.0,465.1,469.0,720,339592.3,EQNL
2012-08-03,465.1,481.9,465.0,474.9,658,309097.7,EQNL
2012-08-06,479.6,479.6,473.4,478.8,97,46323.0,EQNL
2012-08-07,484.0,489.7,475.1,480.2,1804,866385.7,EQNL
2012-08-08,475.3,484.6,475.3,480.7,41,19709.6,EQNL
2012-08-09,480.7,483.9,472.0,472.0,3124,1475930.8,EQNL
2012-08-10,489.5,489.5,482.9,482.9,3,1455.3,EQNL
2012-08-13,479.9,479.9,473.0,477.0,1237,593564.9,EQNL
2012-08-14,477.4,477.4,470.0,470.0,596,281281.4,EQNL
2012-08-15,470.0,474.6,465.5,474.6,9768,4568031.0,EQNL
2012-08-16,470.0,490.0,465.0,475.0,911,434491.6,EQNL
2012-08-17,470.8,475.5,470.0,475.0,441,207721.1,EQNL
2012-08-20,470.3,476.9,470.3,476.9,129,60795.0,EQNL
2012-08-21,474.9,482.7,473.0,482.5,441,209171.9,EQNL
2012-08-22,473.0,479.3,472.5,479.3,56,26481.1,EQNL
2012-08-23,474.1,478.7,474.0,478.7,53,25127.9,EQNL
2012-08-24,482.7,483.4,481.5,481.5,56,27014.3,EQNL
2012-08-27,466.2,478.5,466.2,476.7,73,34452.9,EQNL
2012-08-28,467.0,477.4,465.0,477.4,721,335700.5,EQNL
2012-08-29,469.0,469.0,469.0,469.0,6,2814.0,EQNL
2012-08-30,469.1,473.0,466.0,466.0,507,239073.5,EQNL
2012-08-31,476.1,476.1,472.7,476.1,191,90509.9,EQNL
2012-09-03,467.9,476.9,465.0,475.0,558,263256.1,EQNL
2012-09-04,477.2,480.0,470.1,480.0,2213,1059754.9,EQNL
2012-09-05,470.1,479.7,464.9,479.7,631,295583.9,EQNL
2012-09-06,470.6,479.6,470.6,479.5,18,8541.2,EQNL
2012-09-07,479.5,480.3,475.7,480.0,1110,532681.1,EQNL
2012-09-10,480.0,480.0,466.0,474.0,706,333222.7,EQNL
2012-09-11,479.9,479.9,471.0,471.1,281,133320.0,EQNL
2012-09-12,471.0,479.0,466.8,470.1,667,314636.3,EQNL
2012-09-13,476.9,476.9,464.1,469.6,1523,709287.1,EQNL
2012-09-14,470.0,500.0,469.0,490.9,4950,2350986.5,EQNL
2012-09-17,499.9,500.0,475.6,482.0,475,230361.4,EQNL
2012-09-18,481.9,483.5,477.0,482.9,1779,855033.9,EQNL
2012-09-19,484.8,484.8,472.1,482.4,10623,5077896.5,EQNL
2012-09-20,483.9,489.2,460.0,472.2,2025,950748.9,EQNL
2012-09-21,470.0,470.0,463.4,469.1,561,260744.3,EQNL
2012-09-24,468.9,473.5,464.0,473.5,691,325258.3,EQNL
2012-09-25,467.1,469.0,460.0,465.0,703,325416.9,EQNL
2012-09-26,462.1,466.8,455.5,463.0,1513,694223.5,EQNL
2012-09-27,462.9,464.8,456.4,460.0,830,381851.6,EQNL
2012-09-28,460.0,461.5,452.2,461.3,439,200715.4,EQNL
2012-10-01,456.1,464.4,453.2,464.4,1140,519292.2,EQNL
2012-10-02,464.0,484.4,464.0,480.0,942,449709.4,EQNL
2012-10-03,480.0,498.5,471.0,494.9,3236,1566966.4,EQNL
2012-10-04,499.1,505.0,490.1,497.9,2532,1260117.8,EQNL
2012-10-05,499.2,500.0,489.2,498.9,3830,1891717.3,EQNL
2012-10-08,505.0,510.0,473.3,498.4,588,293293.1,EQNL
2012-10-09,503.3,503.3,495.0,500.0,22369,11083454.9,EQNL
2012-10-10,500.0,503.4,495.0,498.0,223,111132.0,EQNL
2012-10-11,500.0,500.0,470.0,475.0,3498,1681547.6,EQNL
2012-10-12,473.1,493.7,473.1,480.9,207,99235.9,EQNL
2012-10-15,483.5,483.5,465.4,470.9,149,70114.5,EQNL
2012-10-16,483.0,483.0,479.1,479.1,2,962.1,EQNL
2012-10-17,479.0,479.0,470.0,470.0,286,134589.7,EQNL
2012-10-18,481.4,481.4,476.9,476.9,3,1435.2,EQNL
2012-10-19,475.0,475.0,467.0,467.0,602,281144.9,EQNL
2012-10-22,465.0,468.5,455.0,460.0,290,133937.3,EQNL
2012-10-23,460.0,460.1,448.0,452.8,721,325312.5,EQNL
2012-10-24,459.9,459.9,452.1,456.5,184,83912.6,EQNL
2012-10-25,451.2,468.3,427.2,453.7,1231,545390.8,EQNL
2012-10-26,458.0,464.6,455.0,457.9,718,329608.2,EQNL
2012-10-29,456.1,469.2,455.8,468.9,944,439656.9,EQNL
2012-10-30,459.2,494.0,459.2,494.0,1942,919312.4,EQNL
2012-10-31,486.1,495.0,480.0,489.8,5234,2544304.9,EQNL
2012-11-01,483.7,488.0,483.6,488.0,1051,510406.9,EQNL
2012-11-02,498.4,498.5,485.7,493.0,638,314558.0,EQNL
2012-11-06,489.7,494.4,474.9,483.3,779,375426.1,EQNL
2012-11-07,478.3,494.0,478.3,489.5,588,287880.5,EQNL
2012-11-08,489.4,493.0,465.0,489.9,491,232617.5,EQNL
2012-11-09,490.9,490.9,468.3,490.0,217,103844.8,EQNL
2012-11-12,490.1,490.2,470.6,489.9,679,319908.8,EQNL
2012-11-13,489.9,489.9,471.0,483.8,27,12834.5,EQNL
2012-11-14,471.5,472.4,452.4,472.4,168,77231.0,EQNL
2012-11-15,451.6,466.0,451.0,454.9,327,147870.6,EQNL
2012-11-16,460.0,466.9,454.6,463.0,49,22543.3,EQNL
2012-11-19,452.0,464.1,448.0,455.0,310,140369.1,EQNL
2012-11-20,450.1,469.2,450.0,466.1,319,144844.6,EQNL
2012-11-21,470.9,470.9,450.8,462.7,48,22056.5,EQNL
2012-11-22,457.1,460.0,450.0,456.8,1259,574856.7,EQNL
2012-11-23,465.6,465.6,452.2,459.3,160,72479.5,EQNL
2012-11-26,450.4,461.7,450.4,458.3,73,33191.3,EQNL
2012-11-27,455.1,461.3,455.0,460.9,90,40970.6,EQNL
2012-11-28,452.2,464.1,445.4,458.4,194,87705.4,EQNL
2012-11-29,455.1,463.5,455.1,463.1,13,5932.9,EQNL
2012-12-03,453.0,460.0,445.6,459.4,147,66371.7,EQNL
2012-12-04,460.4,461.7,460.4,461.7,2,922.1,EQNL
2012-12-05,459.9,459.9,457.0,459.9,4,1836.7,EQNL
2012-12-06,462.4,464.6,451.1,457.4,238,109507.1,EQNL
2012-12-07,451.2,459.2,451.0,459.2,10313,4696648.6,EQNL
2012-12-10,459.2,459.2,450.1,458.5,705,320979.5,EQNL
2012-12-11,450.1,450.1,450.0,450.1,415,186772.7,EQNL
2012-12-12,459.0,459.0,449.0,458.7,229,103550.9,EQNL
2012-12-13,448.6,456.5,447.5,447.5,5332,2386154.6,EQNL
2012-12-14,454.6,454.6,446.9,448.0,2556,1144317.9,EQNL
2012-12-17,447.9,458.6,446.0,446.2,477,213517.3,EQNL
2012-12-18,446.1,453.8,446.0,449.9,552,246204.3,EQNL
2012-12-19,451.9,452.2,448.0,452.2,132,59151.9,EQNL
2012-12-20,452.1,453.3,451.0,451.0,19,8604.6,EQNL
2012-12-21,452.8,452.8,432.0,442.9,3865,1686717.8,EQNL
2012-12-24,442.9,442.9,435.0,435.0,1254,546307.7,EQNL
2012-12-25,441.1,454.0,440.8,454.0,422,189353.1,EQNL
2012-12-26,445.1,454.9,437.3,437.3,140,62339.4,EQNL
2012-12-27,437.3,465.0,435.0,435.0,64464,28352291.6,EQNL
2012-12-28,439.1,449.5,433.0,446.9,6283,2730731.8,EQNL
2013-01-08,460.1,465.0,450.5,464.7,3048,1409427.4,EQNL
2013-01-09,464.6,476.4,461.4,465.0,1592,740148.1,EQNL
2013-01-10,475.0,475.0,451.0,458.0,1845,856878.2,EQNL
2013-01-11,454.2,467.0,431.1,452.0,26292,12001685.5,EQNL
2013-01-14,455.0,455.5,444.6,455.5,1281,575464.8,EQNL
2013-01-15,450.1,452.3,448.3,452.3,244,109740.0,EQNL
2013-01-16,445.2,451.2,441.0,449.7,6150,2755188.8,EQNL
2013-01-17,449.0,452.0,444.0,444.0,6551,2923729.1,EQNL
2013-01-18,445.0,445.0,440.8,441.2,1481,654626.1,EQNL
2013-01-21,443.0,446.0,441.5,446.0,12725,5649188.3,EQNL
2013-01-22,447.1,450.8,445.0,450.8,840,376067.8,EQNL
2013-01-23,453.0,465.0,445.0,465.0,21045,9690925.7,EQNL
2013-01-24,465.0,483.8,465.0,473.5,21524,10093716.6,EQNL
2013-01-25,475.0,499.8,471.3,499.8,6341,3097395.8,EQNL
2013-01-28,490.3,554.4,490.0,534.4,17059,8754569.0,EQNL
2013-01-29,534.7,549.7,490.0,505.5,2225,1146457.0,EQNL
2013-01-30,507.3,523.3,506.8,506.9,1195,611626.0,EQNL
2013-01-31,502.9,502.9,490.0,491.2,4771,2360523.4,EQNL
2013-02-01,483.0,495.2,473.1,495.1,951,460787.3,EQNL
2013-02-04,502.1,535.0,495.2,521.9,1812,930758.8,EQNL
2013-02-05,507.0,520.0,488.5,517.0,256,129089.8,EQNL
2013-02-06,504.5,511.3,495.0,495.2,1798,893390.7,EQNL
2013-02-07,495.0,495.0,495.0,495.0,30,14850.0,EQNL
2013-02-08,495.3,499.9,495.3,499.1,79,39312.6,EQNL
2013-02-11,491.5,500.5,491.4,497.0,483,240883.5,EQNL
2013-02-12,500.0,500.0,498.2,500.0,2713,1356451.7,EQNL
2013-02-13,500.0,531.0,500.0,509.1,751,383757.5,EQNL
2013-02-14,501.0,510.0,500.3,505.0,20553,10379349.2,EQNL
2013-02-15,510.4,524.9,497.7,523.9,97,49962.8,EQNL
2013-02-18,510.0,524.9,510.0,524.9,3037,1568197.4,EQNL
2013-02-19,530.9,539.7,500.0,520.3,4541,2298547.4,EQNL
2013-02-20,524.6,524.6,506.2,521.0,179,93423.9,EQNL
2013-02-21,506.0,545.5,506.0,510.0,3693,1897781.4,EQNL
2013-02-22,524.4,535.0,518.3,525.4,1075,565592.5,EQNL
2013-02-25,525.0,534.9,525.0,534.9,243,127728.2,EQNL
2013-02-26,530.0,540.9,530.0,540.9,748,398046.6,EQNL
2013-02-27,545.0,563.0,540.0,560.0,2057,1129031.2,EQNL
2013-02-28,560.0,568.7,550.1,558.0,661,370119.2,EQNL
2013-03-01,569.7,569.7,540.1,558.7,1808,1001335.5,EQNL
2013-03-04,550.1,552.0,539.9,546.9,2991,1627575.8,EQNL
2013-03-05,554.9,554.9,540.0,547.7,491,266153.6,EQNL
2013-03-06,545.0,564.7,545.0,545.0,85,46679.2,EQNL
2013-03-07,549.6,550.0,545.5,549.9,183,100479.4,EQNL
2013-03-11,545.1,549.1,540.0,544.7,388,210952.4,EQNL
2013-03-12,540.1,540.5,540.0,540.0,1843,995221.6,EQNL
2013-03-13,540.1,540.1,540.0,540.1,71,38345.2,EQNL
2013-03-14,540.0,541.7,540.0,541.7,76,41050.2,EQNL
2013-03-15,540.1,550.8,540.0,550.8,612,333826.1,EQNL
2013-03-18,555.7,555.7,510.6,555.4,121,62910.5,EQNL
2013-03-19,547.3,549.7,530.0,549.7,86,45682.0,EQNL
2013-03-20,533.1,550.0,532.7,550.0,238,127319.1,EQNL
2013-03-21,556.9,556.9,533.1,538.2,23,12532.7,EQNL
2013-03-22,538.2,538.2,529.0,529.0,189,100264.3,EQNL
2013-03-25,530.5,530.5,515.6,528.2,60,31211.6,EQNL
2013-03-26,515.6,515.6,509.9,509.9,90,46086.1,EQNL
2013-03-27,510.0,516.7,510.0,516.7,84,42960.6,EQNL
2013-03-28,510.0,510.0,500.0,500.3,1087,548494.8,EQNL
2013-03-29,501.0,506.5,490.0,500.0,1183,586010.5,EQNL
2013-04-01,488.1,531.4,488.1,510.0,3228,1637221.5,EQNL
2013-04-02,514.8,514.8,486.2,499.8,36,17963.3,EQNL
2013-04-03,493.0,510.0,484.0,509.9,926,455482.1,EQNL
2013-04-04,509.0,510.0,487.7,510.0,56,28482.7,EQNL
2013-04-05,510.8,510.8,493.3,510.7,519,259855.5,EQNL
2013-04-08,504.9,505.0,493.1,494.2,69,34754.4,EQNL
2013-04-09,494.1,497.1,494.1,497.1,13,6447.3,EQNL
2013-04-10,509.7,514.9,498.5,499.6,122,61999.6,EQNL
2013-04-11,500.0,500.0,490.0,490.0,61,29926.6,EQNL
2013-04-12,490.1,490.1,480.0,480.0,64,31264.4,EQNL
2013-04-15,506.4,506.4,450.1,455.0,100,45598.1,EQNL
2013-04-16,489.3,489.3,450.1,480.0,1042,499345.4,EQNL
2013-04-17,474.2,475.1,474.2,475.1,54,25611.2,EQNL
2013-04-18,477.4,477.4,456.3,465.6,57,26062.3,EQNL
2013-04-19,474.8,474.9,449.8,474.9,752,338451.7,EQNL
2013-04-22,477.1,477.1,477.1,477.1,1,477.1,EQNL
2013-04-23,451.5,477.0,451.5,477.0,12370,5812023.7,EQNL
2013-04-24,457.2,482.9,452.6,481.1,795,371566.1,EQNL
2013-04-25,462.0,472.2,462.0,472.2,117,54589.9,EQNL
2013-04-26,471.9,482.1,471.4,480.0,1139,542101.6,EQNL
2013-04-29,488.8,488.8,463.7,478.7,112,51975.2,EQNL
2013-04-30,479.1,479.9,465.3,479.7,4,1904.0,EQNL
2013-05-02,465.3,496.9,461.7,488.8,52,25170.6,EQNL
2013-05-03,499.9,505.5,464.1,505.5,631,307699.7,EQNL
2013-05-06,508.0,547.7,488.6,533.8,10361,5492417.8,EQNL
2013-05-07,535.8,535.8,471.3,484.0,2006,984591.5,EQNL
2013-05-08,480.0,499.7,466.0,478.0,2240,1086515.0,EQNL
2013-05-10,474.2,475.2,459.0,472.6,349,164203.0,EQNL
2013-05-13,465.6,474.9,459.1,470.0,3295,1533524.0,EQNL
2013-05-14,470.0,476.0,470.0,475.0,296,140500.0,EQNL
2013-05-15,484.9,489.9,472.7,480.1,2612,1255439.9,EQNL
2013-05-16,485.0,493.0,467.5,485.0,1264,606799.0,EQNL
2013-05-17,485.0,522.6,470.0,522.6,907,451760.9,EQNL
2013-05-20,495.0,500.1,479.2,490.0,641,319910.5,EQNL
2013-05-21,480.0,481.9,472.7,481.9,117,55718.4,EQNL
2013-05-22,476.8,493.6,476.8,491.9,4,1954.7,EQNL
2013-05-23,471.9,480.9,470.7,480.9,8,3780.7,EQNL
2013-05-24,465.9,481.4,464.9,479.8,486,228153.0,EQNL
2013-05-28,484.5,498.0,471.5,490.0,436,216228.9,EQNL
2013-05-29,478.0,497.9,477.0,477.0,3229,1543551.5,EQNL
2013-05-30,475.2,496.9,471.5,496.9,948,450988.1,EQNL
2013-05-31,476.1,476.1,353.8,465.1,860,390983.1,EQNL
2013-06-03,465.0,474.7,461.0,474.7,74,34212.5,EQNL
2013-06-04,475.0,490.0,475.0,490.0,8087,3951839.3,EQNL
2013-06-05,482.9,482.9,482.9,482.9,34,16418.6,EQNL
2013-06-06,497.9,500.0,493.1,493.1,1817,906658.5,EQNL
2013-06-07,503.7,503.7,486.3,500.0,1013,506335.3,EQNL
2013-06-10,503.8,503.8,486.0,486.1,4602,2237049.8,EQNL
2013-06-11,485.0,508.8,471.2,500.0,29320,14578198.9,EQNL
2013-06-13,495.9,503.0,495.9,498.6,3,1497.5,EQNL
2013-06-14,507.2,520.0,495.7,520.0,4179,2133541.2,EQNL
2013-06-17,520.4,533.7,513.3,528.8,1269,665559.4,EQNL
2013-06-18,533.7,563.3,525.0,550.0,2854,1549913.7,EQNL
2013-06-19,553.3,575.0,550.1,570.0,2692,1500197.2,EQNL
2013-06-20,573.0,573.0,515.1,549.9,1326,734649.0,EQNL
2013-06-21,564.5,564.5,510.0,555.0,2627,1428370.1,EQNL
2013-06-24,550.0,573.8,535.0,550.0,1227,674134.7,EQNL
2013-06-25,562.0,562.0,535.1,559.6,533,296755.0,EQNL
2013-06-26,559.9,566.9,550.0,566.0,1870,1053239.6,EQNL
2013-06-27,566.9,566.9,550.1,563.0,154,86880.2,EQNL
2013-06-28,565.9,565.9,555.0,555.0,120,66618.7,EQNL
2013-07-01,550.0,550.0,541.5,543.3,150,82150.9,EQNL
2013-07-02,555.4,560.3,521.6,560.3,2198,1219832.1,EQNL
2013-07-03,502.0,560.3,502.0,555.0,143,76338.6,EQNL
2013-07-04,560.3,560.3,513.0,552.7,280,152560.0,EQNL
2013-07-05,560.4,560.4,518.8,547.0,9,4974.7,EQNL
2013-07-08,518.8,597.1,518.8,552.1,456,251533.3,EQNL
2013-07-09,562.6,569.7,527.6,551.5,1712,954144.2,EQNL
2013-07-10,569.6,569.6,518.8,568.0,243,135362.4,EQNL
2013-07-11,569.5,569.7,551.2,568.5,93,52873.0,EQNL
2013-07-12,569.4,569.4,525.0,569.0,2813,1589360.2,EQNL
2013-07-15,569.7,569.7,531.9,551.9,263,147676.7,EQNL
2013-07-16,555.0,555.0,540.4,541.0,152,82255.4,EQNL
2013-07-17,563.1,563.1,530.4,535.0,594,317939.4,EQNL
2013-07-18,530.0,530.7,506.8,520.1,1259,664061.8,EQNL
2013-07-19,532.5,532.5,511.1,512.0,137,70156.5,EQNL
2013-07-22,512.0,536.3,507.4,536.3,3224,1661268.5,EQNL
2013-07-23,535.3,535.3,520.0,520.0,3,1575.5,EQNL
2013-07-24,525.0,525.5,505.3,522.5,510,266954.3,EQNL
2013-07-25,515.3,515.3,515.3,515.3,4,2061.2,EQNL
2013-07-26,511.1,546.7,452.2,546.7,271,136733.8,EQNL
2013-07-29,556.9,556.9,515.2,545.0,6,3192.6,EQNL
2013-07-30,515.2,549.0,485.2,518.8,360,185140.1,EQNL
2013-07-31,521.2,521.2,510.1,510.1,2,1031.3,EQNL
2013-08-02,500.1,500.2,500.1,500.2,6,3001.1,EQNL
2013-08-05,509.9,514.8,509.9,514.8,21,10805.9,EQNL
2013-08-07,491.2,519.6,491.2,519.6,4,1993.2,EQNL
2013-08-08,519.8,522.1,519.8,522.1,28,14598.2,EQNL
2013-08-09,522.1,522.2,520.0,522.1,162,84578.2,EQNL
2013-08-12,522.1,522.1,493.9,521.8,5,2582.0,EQNL
2013-08-16,491.3,521.6,491.3,521.6,41,20173.6,EQNL
2013-08-19,491.3,510.6,472.1,510.6,52,25000.4,EQNL
2013-08-20,485.6,485.6,485.5,485.5,12,5826.2,EQNL
2013-08-21,492.0,492.0,492.0,492.0,1,492.0,EQNL
2013-08-22,502.8,510.9,491.7,510.9,1135,579086.9,EQNL
2013-08-23,501.1,501.1,501.1,501.1,36,18039.6,EQNL
2013-08-26,495.1,498.3,475.0,498.3,201,97114.6,EQNL
2013-08-27,481.5,494.0,481.5,494.0,20,9691.0,EQNL
2013-08-28,481.5,481.5,480.6,480.6,83,39900.6,EQNL
2013-08-29,480.6,489.0,480.6,489.0,147,70656.6,EQNL
2013-08-30,490.0,494.8,490.0,494.6,417,204339.4,EQNL
2013-09-02,506.8,506.8,506.8,506.8,1,506.8,TQNL
2013-09-03,485.0,492.9,485.0,492.9,6,2917.9,TQNL
2013-09-04,492.9,492.9,460.3,489.1,50,23689.2,TQNL
2013-09-05,470.5,470.5,470.4,470.4,5,2352.2,TQNL
2013-09-06,490.0,490.0,477.1,477.1,8,3831.7,TQNL
2013-09-09,470.6,471.1,470.6,471.0,924,435203.7,TQNL
2013-09-11,477.0,498.8,477.0,487.0,85,41063.4,TQNL
2013-09-12,481.6,484.0,481.6,482.5,89,42943.1,TQNL
2013-09-13,483.2,485.0,482.5,485.0,100,48387.9,TQNL
2013-09-16,485.0,500.0,485.0,490.1,180,88784.2,TQNL
2013-09-17,481.3,500.0,481.3,490.1,22,10793.2,TQNL
2013-09-18,490.1,490.1,490.1,490.1,25,12252.5,TQNL
2013-09-19,498.9,508.7,498.9,508.7,205,103271.9,TQNL
2013-09-20,508.0,519.7,486.0,486.0,689,352124.8,TQNL
2013-09-24,481.6,491.7,479.8,479.8,21,10115.7,TQNL
2013-09-26,481.9,482.0,474.0,474.0,39,18577.9,TQNL
2013-09-27,475.6,475.6,471.2,471.2,28,13305.8,TQNL
2013-09-30,470.0,487.9,470.0,487.9,7,3320.4,TQNL
2013-10-01,478.0,488.9,477.0,477.0,3,1443.9,TQNL
2013-10-07,470.1,470.1,470.1,470.1,22,10342.2,TQNL
2013-10-10,460.0,460.4,460.0,460.0,13,5982.2,TQNL
2013-10-11,470.0,489.5,470.0,489.5,11,5362.0,TQNL
2013-10-14,472.1,472.1,472.1,472.1,2,944.2,TQNL
2013-10-15,465.2,482.2,421.3,482.2,313,147858.5,TQNL
2013-10-16,486.4,502.8,486.4,500.0,2421,1205337.4,TQNL
2013-10-17,500.0,500.0,500.0,500.0,82,41000.0,TQNL
2013-10-18,500.0,502.8,500.0,502.8,223,111910.5,TQNL
2013-10-21,499.9,515.0,499.9,509.7,524,267774.8,TQNL
2013-10-22,519.5,536.4,510.1,535.0,5584,2942762.1,TQNL
2013-10-23,535.0,555.7,535.0,550.0,2159,1184720.8,TQNL
2013-10-24,557.4,584.3,557.4,584.3,322,182985.5,TQNL
2013-10-25,594.9,614.9,575.0,614.9,3626,2112707.7,TQNL
2013-10-28,610.0,620.0,525.6,600.0,11568,6931925.4,TQNL
2013-10-29,614.9,645.1,614.9,645.0,1036,654712.0,TQNL
2013-10-30,648.0,651.2,616.5,616.5,916,588121.7,TQNL
2013-10-31,654.0,654.0,616.5,639.8,128,79307.8,TQNL
2013-11-01,616.5,660.0,616.5,641.9,1097,712838.5,TQNL
2013-11-05,662.5,680.0,624.3,667.1,1019,678424.3,TQNL
2013-11-06,687.0,720.0,652.2,700.0,1013,706000.3,TQNL
2013-11-07,700.0,700.0,657.1,700.0,209,145592.0,TQNL
2013-11-08,698.6,698.7,655.0,655.0,182,124540.9,TQNL
2013-11-11,689.8,689.8,658.0,689.2,132,86921.1,TQNL
2013-11-12,650.0,681.8,600.1,680.9,22,14344.0,TQNL
2013-11-13,645.0,659.9,615.6,659.9,189,120687.0,TQNL
2013-11-14,631.5,669.6,630.3,662.0,1524,992793.9,TQNL
2013-11-15,673.0,690.0,611.2,652.3,79,51749.8,TQNL
2013-11-18,680.0,680.0,640.2,640.2,2,1320.2,TQNL
2013-11-19,650.0,674.9,650.0,674.3,139,90663.3,TQNL
2013-11-20,670.0,719.0,658.4,699.6,22301,15169957.5,TQNL
2013-11-21,689.9,689.9,661.0,661.0,103,68136.1,TQNL
2013-11-22,697.5,699.9,684.0,685.0,7002,4799478.2,TQNL
2013-11-25,666.3,705.0,650.0,698.8,1830,1267576.2,TQNL
2013-11-26,690.0,694.9,680.0,694.9,335,230997.2,TQNL
2013-11-27,685.1,740.0,685.1,729.0,3094,2209342.9,TQNL
2013-11-28,724.0,757.4,724.0,749.0,2417,1785097.6,TQNL
2013-11-29,749.9,750.0,735.0,740.0,1129,834884.8,TQNL
2013-12-02,745.0,755.0,735.0,740.0,615,457554.9,TQNL
2013-12-03,768.9,768.9,725.1,742.3,1639,1213680.4,TQNL
2013-12-04,752.5,765.0,745.0,755.0,2674,2019638.0,TQNL
2013-12-05,769.0,795.0,651.1,795.0,3887,2985385.6,TQNL
2013-12-06,794.0,794.9,651.5,794.9,34,26196.2,TQNL
2013-12-09,799.0,819.0,707.0,760.1,323,246019.9,TQNL
2013-12-10,797.6,800.0,757.6,782.4,1274,1010504.9,TQNL
2013-12-11,754.6,770.0,750.0,750.0,527,395594.6,TQNL
2013-12-12,759.9,759.9,750.0,754.9,985,738775.0,TQNL
2013-12-13,768.9,768.9,736.9,750.1,134,100525.8,TQNL
2013-12-16,750.1,755.9,722.1,722.1,3040,2279983.6,TQNL
2013-12-17,737.3,753.3,722.0,722.0,73,53020.4,TQNL
2013-12-18,740.9,740.9,740.9,740.9,1,740.9,TQNL
2013-12-20,713.1,761.0,713.0,750.4,74,54388.8,TQNL
2013-12-23,704.9,759.3,650.5,723.7,170,121341.8,TQNL
2013-12-24,737.5,753.0,735.0,752.9,3802,2847973.2,TQNL
2013-12-25,721.6,746.0,721.5,739.9,68,49348.0,TQNL
2013-12-26,700.3,775.0,665.0,750.0,214909,166263849.9,TQNL
2013-12-27,720.6,739.0,720.3,739.0,51,36754.5,TQNL
2013-12-30,700.5,750.0,694.0,750.0,108,77490.5,TQNL
2014-01-09,720.1,720.1,720.1,720.1,1,720.1,TQNL
2014-01-10,757.9,758.0,605.2,720.5,60,42474.2,TQNL
2014-01-13,720.0,723.7,719.9,720.0,403,290168.7,TQNL
2014-01-14,720.0,720.0,720.0,720.0,332,239040.0,TQNL
2014-01-15,720.0,725.0,720.0,720.0,202,145445.0,TQNL
2014-01-16,720.0,720.0,720.0,720.0,56,40320.0,TQNL
2014-01-17,740.0,740.0,720.1,720.1,4,2900.3,TQNL
2014-01-20,720.0,720.0,720.0,720.0,556,400320.0,TQNL
2014-01-21,720.0,721.0,719.8,721.0,397,285828.8,TQNL
2014-01-22,720.0,720.0,720.0,720.0,584,420480.0,TQNL
2014-01-23,769.6,769.6,669.7,670.0,1703,1141707.1,TQNL
2014-01-24,670.1,670.1,670.0,670.0,62,41540.2,TQNL
2014-01-27,708.7,708.7,708.7,708.7,3,2126.1,TQNL
2014-01-28,670.1,670.1,600.0,650.0,102,67020.8,TQNL
2014-01-29,605.1,650.0,500.0,597.0,11170,6208653.5,TQNL
2014-01-30,644.4,644.4,605.0,620.0,4730,2936995.6,TQNL
2014-01-31,620.0,649.0,620.0,630.0,4333,2732311.0,TQNL
2014-02-03,615.1,616.0,605.0,605.0,115,69740.9,TQNL
2014-02-04,600.1,600.1,570.0,595.0,4651,2689988.7,TQNL
2014-02-05,598.0,599.8,571.8,571.8,27,16153.8,TQNL
2014-02-07,599.9,600.0,599.9,600.0,253,151799.9,TQNL
2014-02-10,600.0,600.0,556.7,600.0,33,19756.6,TQNL
2014-02-11,570.4,599.0,565.3,599.0,40,22656.8,TQNL
2014-02-12,607.0,618.7,560.3,607.0,197,111721.2,TQNL
2014-02-17,582.0,582.0,582.0,582.0,1,582.0,TQNL
2014-02-20,582.0,599.7,551.4,570.0,72,41369.0,TQNL
2014-02-21,560.5,575.5,560.0,575.5,50,28032.9,TQNL
2014-02-24,585.0,649.0,585.0,595.2,901,562580.9,TQNL
2014-02-25,595.2,602.0,585.0,585.0,18588,11111359.6,TQNL
2014-02-26,585.2,598.0,574.9,598.0,5091,3006018.0,TQNL
2014-02-27,576.6,588.7,536.0,588.7,42,23853.2,TQNL
2014-02-28,540.2,540.2,540.1,540.1,26,14042.8,TQNL
2014-03-03,540.1,540.1,420.0,451.0,399,179854.6,TQNL
2014-03-04,449.9,469.9,445.0,469.9,946,427882.3,TQNL
2014-03-05,469.9,490.0,469.9,490.0,201,96879.3,TQNL
2014-03-06,499.9,509.0,475.0,475.0,193,93194.7,TQNL
2014-03-07,530.4,530.5,530.3,530.4,6,3182.4,TQNL
2014-03-11,475.2,520.4,475.1,520.4,4,1965.7,TQNL
2014-03-12,514.9,515.1,514.9,515.1,278,143168.6,TQNL
2014-03-13,528.0,530.1,528.0,530.0,464,245917.4,TQNL
2014-03-14,539.3,539.3,455.6,475.0,7,3423.6,TQNL
2014-03-17,475.2,477.5,468.0,468.0,1030,488445.9,TQNL
2014-03-18,468.1,468.1,460.3,468.0,269,125860.1,TQNL
2014-03-19,471.3,472.0,465.0,465.0,37,17329.3,TQNL
2014-03-20,465.0,465.0,450.0,455.0,30267,14071595.3,TQNL
2014-03-21,455.0,499.9,455.0,465.1,378,182505.5,TQNL
2014-03-24,460.4,494.4,460.2,494.4,185,85988.0,TQNL
2014-03-25,480.0,494.0,480.0,494.0,2,974.0,TQNL
2014-03-26,489.9,490.0,489.9,490.0,8,3919.7,TQNL
2014-03-27,490.1,504.7,490.0,504.6,475,235182.4,TQNL
2014-03-28,504.5,504.5,501.1,501.1,68,34230.0,TQNL
2014-03-31,529.7,529.8,520.2,521.3,55,28829.1,TQNL
2014-04-01,520.0,520.1,500.1,519.9,17,8781.2,TQNL
2014-04-02,525.0,526.7,525.0,525.0,63,33087.2,TQNL
2014-04-03,539.2,550.0,539.2,550.0,1303,716359.7,TQNL
2014-04-04,508.6,564.9,508.6,537.0,129,66339.5,TQNL
2014-04-07,538.0,545.9,538.0,545.9,608,328420.4,TQNL
2014-04-08,558.8,560.0,558.8,560.0,121,67747.9,TQNL
2014-04-09,579.0,581.0,579.0,581.0,122,70868.6,TQNL
2014-04-10,551.6,579.6,551.6,579.6,3,1682.8,TQNL
2014-04-11,551.2,578.9,537.0,578.9,27,14584.7,TQNL
2014-04-14,537.2,565.0,537.0,550.1,26,14075.1,TQNL
2014-04-16,567.9,586.9,567.9,586.9,99,57545.9,TQNL
2014-04-17,550.0,580.0,550.0,580.0,210,121739.5,TQNL
2014-04-21,580.5,580.5,580.5,580.5,4,2322.0,TQNL
2014-04-22,550.0,550.0,550.0,550.0,2,1100.0,TQNL
2014-04-23,524.2,524.2,524.2,524.2,9,4717.8,TQNL
2014-04-24,524.5,529.1,524.5,529.1,13,6835.1,TQNL
2014-04-25,529.1,529.1,529.1,529.1,9,4761.9,TQNL
2014-04-28,508.6,560.8,460.4,560.8,178,92313.9,TQNL
2014-04-29,577.4,577.4,512.8,576.9,27,15298.3,TQNL
2014-05-02,521.3,521.3,521.2,521.2,4,2084.9,TQNL
2014-05-06,521.0,569.0,521.0,569.0,18,9620.1,TQNL
2014-05-07,534.9,600.1,456.1,590.7,751,381686.8,TQNL
2014-05-08,505.6,589.6,505.6,514.4,7,3743.0,TQNL
2014-05-12,577.9,578.0,514.8,560.2,94,50186.6,TQNL
2014-05-13,550.0,557.0,550.0,557.0,629,346853.0,TQNL
2014-05-14,575.6,579.0,555.2,564.3,451,258787.8,TQNL
2014-05-15,545.2,556.4,545.2,556.4,31,16949.7,TQNL
2014-05-16,598.0,650.0,598.0,650.0,180,115342.6,TQNL
2014-05-22,630.0,630.0,600.0,630.0,637,382500.0,TQNL
2014-05-23,557.5,557.8,557.5,557.8,3,1673.1,TQNL
2014-05-26,557.5,557.5,557.4,557.5,95,52962.4,TQNL
2014-05-27,530.3,614.5,526.3,614.5,14,7560.6,TQNL
2014-05-28,546.3,560.1,546.3,560.0,3,1666.4,TQNL
2014-05-29,606.8,606.8,606.8,606.8,1,606.8,TQNL
2014-05-30,562.3,595.0,560.2,595.0,32,18093.3,TQNL
2014-06-04,550.0,569.9,522.6,549.9,870,461849.6,TQNL
2014-06-05,547.7,578.0,547.7,559.0,159,88831.9,TQNL
2014-06-06,596.0,596.0,550.0,590.9,26,15320.5,TQBS
2014-06-09,540.0,550.0,531.1,545.0,3897,2119939.5,TQBR
2014-06-10,550.0,550.0,545.1,550.0,1021,561416.4,TQBR
2014-06-16,545.0,545.0,540.0,540.0,151,81545.0,TQBR
2014-06-17,571.9,650.0,537.9,550.0,641,365491.3,TQBR
2014-06-18,549.7,550.0,535.7,535.7,321,176461.3,TQBR
2014-06-19,535.6,535.7,517.0,517.0,92,49137.1,TQBR
2014-06-20,520.0,527.0,506.5,527.0,689,358471.1,TQBR
2014-06-23,505.1,539.7,500.0,500.0,410,206580.5,TQBR
2014-06-24,512.9,512.9,490.0,492.0,27,13366.0,TQBR
2014-06-25,482.1,554.9,475.0,500.0,1507,774849.3,TQBR
2014-06-26,500.0,510.0,490.0,507.0,354,178697.5,TQBR
2014-06-27,500.0,549.0,500.0,549.0,48,25710.5,TQBR
2014-06-30,529.8,559.9,529.8,559.9,893,483512.2,TQBR
2014-07-01,559.9,584.6,525.6,584.6,1162,660298.1,TQBR
2014-07-02,552.0,594.9,525.0,550.0,721,394621.9,TQBR
2014-07-03,530.0,589.7,530.0,555.0,1603,873235.1,TQBR
2014-07-04,557.5,580.0,550.0,550.0,2254,1241043.0,TQBR
2014-07-07,550.0,570.0,549.9,570.0,910,505229.4,TQBR
2014-07-08,578.9,589.6,578.9,580.0,409,237341.5,TQBR
2014-07-09,570.0,573.0,570.0,570.0,254,145370.1,TQBR
2014-07-10,595.0,623.2,505.9,570.0,734,419336.7,TQBR
2014-07-11,530.0,560.0,460.0,560.0,787,407366.3,TQBR
2014-07-14,596.9,690.0,565.5,600.0,368,244897.4,TQBR
2014-07-15,613.5,630.0,597.0,600.0,951,571687.7,TQBR
2014-07-16,596.6,596.6,594.9,594.9,78,46522.0,TQBR
2014-07-17,594.9,599.9,550.0,565.0,1468,828554.9,TQBR
2014-07-18,551.0,564.8,475.1,564.8,606,306440.0,TQBR
2014-07-21,547.1,575.0,520.0,540.0,1295,703874.6,TQBR
2014-07-22,554.9,555.0,540.0,540.0,339,183164.4,TQBR
2014-07-23,555.0,594.4,555.0,575.0,267,152957.0,TQBR
2014-07-24,558.0,600.2,558.0,600.2,1370,820175.0,TQBR
2014-07-25,560.1,560.3,531.0,531.0,182,101385.5,TQBR
2014-07-28,550.1,584.9,550.1,553.1,234,135190.8,TQBR
2014-07-29,551.5,600.0,551.1,590.0,201,116891.3,TQBR
2014-07-30,589.9,600.0,589.9,600.0,116,69498.8,TQBR
2014-07-31,590.0,590.0,570.1,570.1,2236,1319140.5,TQBR
2014-08-01,570.1,600.0,552.3,560.1,83,49154.5,TQBR
2014-08-04,560.1,600.0,560.1,600.0,93,55480.2,TQBR
2014-08-05,582.0,600.0,570.5,570.5,75,43912.7,TQBR
2014-08-07,557.0,557.0,550.0,557.0,338,186480.8,TQBR
2014-08-08,540.4,570.0,486.5,538.0,1226,660825.6,TQBR
2014-08-11,531.1,568.7,531.1,568.7,101,53678.7,TQBR
2014-08-12,540.0,540.0,533.0,533.0,41,22133.0,TQBR
2014-08-13,534.9,565.5,525.3,565.5,131,72277.3,TQBR
2014-08-15,545.1,558.9,545.1,558.9,8,4374.6,TQBR
2014-08-18,530.2,550.0,530.0,550.0,301,163340.1,TQBR
2014-08-19,546.0,550.0,530.0,550.0,480,262189.0,TQBR
2014-08-20,555.0,555.0,554.8,555.0,109,60484.7,TQBR
2014-08-22,540.1,540.1,540.0,540.0,5,2700.1,TQBR
2014-08-25,530.5,549.5,525.0,549.5,19,10034.3,TQBR
2014-08-26,531.0,532.0,520.3,532.0,23,12211.0,TQBR
2014-08-27,534.0,535.0,534.0,534.0,13,6949.0,TQBR
2014-08-28,521.3,529.9,515.1,529.9,174,89894.4,TQBR
2014-08-29,522.9,529.9,522.9,529.9,50,26420.9,TQBR
2014-09-01,510.2,530.9,506.1,529.3,49,25057.1,TQBR
2014-09-02,506.4,523.9,505.1,523.0,118,59758.9,TQBR
2014-09-03,519.9,519.9,505.1,519.4,200,101221.0,TQBR
2014-09-04,509.9,510.0,509.9,510.0,131,66799.9,TQBR
2014-09-05,501.8,509.9,501.3,509.0,36,18320.3,TQBR
2014-09-08,501.1,501.1,480.0,500.0,1698,840472.8,TQBR
2014-09-09,480.6,497.8,470.0,470.0,2474,1186475.2,TQBR
2014-09-10,485.0,489.0,466.1,485.0,302,143523.4,TQBR
2014-09-11,474.8,489.0,468.6,488.8,167,79154.0,TQBR
2014-09-12,468.1,487.9,467.8,486.4,40,18776.4,TQBR
2014-09-15,470.2,479.9,469.9,469.9,40,18904.6,TQBR
2014-09-16,487.0,487.0,486.8,486.9,6,2921.1,TQBR
2014-09-17,472.1,486.6,458.9,481.4,65,30616.6,TQBR
2014-09-18,486.1,507.9,485.3,485.3,51,25391.7,TQBR
2014-09-19,482.9,500.0,475.0,494.9,729,346377.6,TQBR
2014-09-22,498.9,499.6,498.6,499.6,71,35421.0,TQBR
2014-09-23,499.9,499.9,451.8,480.0,37,17839.7,TQBR
2014-09-24,493.7,493.7,462.8,487.7,26,12106.3,TQBR
2014-09-26,495.1,495.1,462.1,462.1,8,3837.9,TQBR
2014-09-29,493.8,494.0,493.8,494.0,4,1975.5,TQBR
2014-09-30,493.8,493.8,493.8,493.8,1,493.8,TQBR
2014-10-01,497.0,524.0,475.0,514.0,1533,772232.0,TQBR
2014-10-02,505.0,506.0,505.0,505.0,175,88450.0,TQBR
2014-10-07,486.0,530.0,486.0,520.0,1362,708713.0,TQBR
2014-10-08,501.0,555.0,501.0,541.0,1533,824913.0,TQBR
2014-10-09,535.0,535.0,535.0,535.0,1,535.0,TQBR
2014-10-10,526.0,526.0,505.0,525.0,13,6741.0,TQBR
2014-10-13,532.0,540.0,532.0,540.0,201,108525.0,TQBR
2014-10-14,549.0,549.0,538.0,538.0,4,2165.0,TQBR
2014-10-15,538.0,550.0,536.0,542.0,279,152131.0,TQBR
2014-10-16,558.0,569.0,542.0,542.0,2672,1467944.0,TQBR
2014-10-17,537.0,568.0,509.0,551.0,54,29738.0,TQBR
2014-10-20,546.0,546.0,545.0,545.0,17,9266.0,TQBR
2014-10-21,554.0,559.0,541.0,541.0,54,29874.0,TQBR
2014-10-24,511.0,528.0,511.0,520.0,3,1559.0,TQBR
2014-10-28,502.0,547.0,497.0,529.0,5845,2923885.0,TQBR
2014-10-29,520.0,520.0,520.0,520.0,55,28600.0,TQBR
2014-10-30,520.0,520.0,520.0,520.0,50,26000.0,TQBR
2014-10-31,503.0,523.0,503.0,523.0,5,2555.0,TQBR
2014-11-06,504.0,530.0,504.0,515.0,44,23073.0,TQBR
2014-11-07,552.0,552.0,518.0,518.0,44,22829.0,TQBR
2014-11-10,502.0,510.0,500.0,510.0,45,22804.0,TQBR
2014-11-11,510.0,510.0,510.0,510.0,2,1020.0,TQBR
2014-11-12,505.0,521.0,499.0,521.0,668,334697.0,TQBR
2014-11-17,522.0,540.0,520.0,520.0,455,240805.0,TQBR
2014-11-20,509.0,509.0,500.0,501.0,21,10557.0,TQBR
2014-11-21,501.0,510.0,500.0,500.0,332,166142.0,TQBR
2014-11-24,522.0,522.0,501.0,511.0,57,29119.0,TQBR
2014-11-25,498.0,510.0,498.0,510.0,5,2506.0,TQBR
2014-12-01,500.0,500.0,496.0,496.0,406,202977.0,TQBR
2014-12-02,497.0,505.0,497.0,505.0,201,100238.0,TQBR
2014-12-03,496.0,510.0,480.0,507.0,310,152161.0,TQBR
2014-12-04,510.0,540.0,510.0,530.0,2996,1558731.0,TQBR
2014-12-05,557.0,584.0,533.0,540.0,6147,3319553.0,TQBR
2014-12-08,535.0,550.0,520.0,540.0,452,243894.0,TQBR
2014-12-09,531.0,531.0,530.0,530.0,6,3183.0,TQBR
2014-12-10,500.0,501.0,480.0,501.0,178,87340.0,TQBR
2014-12-11,525.0,544.0,525.0,543.0,20,10782.0,TQBR
2014-12-12,531.0,531.0,514.0,514.0,29,15030.0,TQBR
2014-12-15,521.0,521.0,497.0,497.0,51,26019.0,TQBR
2014-12-16,498.0,500.0,366.0,424.0,420,169899.0,TQBR
2014-12-17,420.0,420.0,410.0,410.0,50,20560.0,TQBR
2014-12-18,496.0,523.0,490.0,520.0,41,20959.0,TQBR
2014-12-22,478.0,478.0,471.0,476.0,5,2374.0,TQBR
2014-12-23,525.0,539.0,525.0,539.0,184,99126.0,TQBR
2014-12-24,500.0,519.0,491.0,500.0,8478,4241203.0,TQBR
2014-12-25,518.0,540.0,518.0,540.0,71,38310.0,TQBR
2014-12-26,502.0,600.0,500.0,600.0,10572,6139514.0,TQBR
2014-12-29,551.0,640.0,535.0,580.0,111653,69907323.0,TQBR
2014-12-30,590.0,800.0,500.0,575.0,91904,70655995.0,TQBR
2015-01-05,623.0,623.0,616.0,616.0,3,1858.0,TQBR
2015-01-06,630.0,630.0,614.0,614.0,4,2499.0,TQBR
2015-01-08,626.0,627.0,624.0,624.0,3,1877.0,TQBR
2015-01-13,599.0,599.0,599.0,599.0,2,1198.0,TQBR
2015-01-14,599.0,599.0,599.0,599.0,33,19767.0,TQBR
2015-01-15,577.0,577.0,577.0,577.0,2,1154.0,TQBR
2015-01-16,577.0,599.0,577.0,595.0,6536,3889042.0,TQBR
2015-01-19,599.0,599.0,580.0,590.0,86,51392.0,TQBR
2015-01-22,570.0,585.0,540.0,585.0,25,14015.0,TQBR
2015-01-23,540.0,542.0,533.0,536.0,23,12405.0,TQBR
2015-01-26,595.0,600.0,511.0,520.0,83,45960.0,TQBR
2015-01-27,510.0,510.0,499.0,503.0,205,102539.0,TQBR
2015-01-28,503.0,504.0,498.0,504.0,61,30671.0,TQBR
2015-01-29,489.0,535.0,478.0,510.0,182,91327.0,TQBR
2015-01-30,509.0,509.0,509.0,509.0,29,14761.0,TQBR
2015-02-02,509.0,509.0,509.0,509.0,1,509.0,TQBR
2015-02-03,510.0,510.0,510.0,510.0,1,510.0,TQBR
2015-02-04,515.0,530.0,515.0,530.0,31,16141.0,TQBR
2015-02-05,510.0,550.0,509.0,509.0,181,93246.0,TQBR
2015-02-06,549.0,549.0,547.0,547.0,2,1096.0,TQBR
2015-02-09,511.0,560.0,509.0,560.0,1016,517848.0,TQBR
2015-02-10,544.0,587.0,510.0,510.0,61,33220.0,TQBR
2015-02-12,559.0,559.0,559.0,559.0,2,1118.0,TQBR
2015-02-19,515.0,527.0,515.0,527.0,3,1569.0,TQBR
2015-02-20,600.0,600.0,558.0,558.0,366,217109.0,TQBR
2015-02-24,528.0,531.0,528.0,531.0,2,1059.0,TQBR
2015-02-25,549.0,550.0,549.0,550.0,19,10449.0,TQBR
2015-02-27,526.0,526.0,526.0,526.0,80,42080.0,TQBR
2015-03-02,539.0,547.0,521.0,521.0,14,7610.0,TQBR
2015-03-03,519.0,550.0,510.0,550.0,546,291464.0,TQBR
2015-03-04,559.0,593.0,532.0,532.0,40,21960.0,TQBR
2015-03-05,526.0,574.0,526.0,530.0,8,4317.0,TQBR
2015-03-06,527.0,554.0,513.0,554.0,104,53998.0,TQBR
2015-03-11,522.0,522.0,520.0,520.0,550,286194.0,TQBR
2015-03-13,516.0,543.0,516.0,543.0,8,4256.0,TQBR
2015-03-16,517.0,520.0,509.0,513.0,6544,3334923.0,TQBR
2015-03-17,515.0,515.0,510.0,511.0,23,11794.0,TQBR
2015-03-18,510.0,519.0,509.0,519.0,35,17828.0,TQBR
2015-03-20,512.0,512.0,509.0,509.0,200,101860.0,TQBR
2015-03-23,510.0,510.0,506.0,506.0,1067,543158.0,TQBR
2015-03-24,513.0,513.0,510.0,510.0,23,11790.0,TQBR
2015-03-25,500.0,510.0,500.0,510.0,10,5020.0,TQBR
2015-03-26,500.0,500.0,485.0,485.0,30,14750.0,TQBR
2015-03-27,486.0,486.0,485.0,485.0,2,971.0,TQBR
2015-03-30,484.0,484.0,460.0,470.0,312,146698.0,TQBR
2015-03-31,462.0,468.0,460.0,460.0,317,146515.0,TQBR
2015-04-01,460.0,470.0,450.0,450.0,2376,1082259.0,TQBR
2015-04-02,479.0,479.0,466.0,472.0,6,2815.0,TQBR
2015-04-06,475.0,475.0,468.0,468.0,34,16078.0,TQBR
2015-04-07,460.0,473.0,460.0,473.0,19,8815.0,TQBR
2015-04-08,473.0,473.0,455.0,470.0,245,115858.0,TQBR
2015-04-09,472.0,472.0,470.0,470.0,125,58778.0,TQBR
2015-04-10,470.0,475.0,470.0,470.0,12,5645.0,TQBR
2015-04-13,475.0,475.0,475.0,475.0,99,47025.0,TQBR
2015-04-14,454.0,480.0,451.0,480.0,62,28895.0,TQBR
2015-04-15,480.0,480.0,480.0,480.0,26,12480.0,TQBR
2015-04-16,475.0,485.0,466.0,467.0,43,20183.0,TQBR
2015-04-17,468.0,475.0,465.0,475.0,27,12607.0,TQBR
2015-04-20,484.0,485.0,484.0,485.0,19,9199.0,TQBR
2015-04-21,485.0,488.0,485.0,485.0,256,124166.0,TQBR
2015-04-22,487.0,487.0,485.0,485.0,202,97972.0,TQBR
2015-04-23,485.0,485.0,485.0,485.0,9,4365.0,TQBR
2015-04-24,485.0,505.0,485.0,490.0,76,37314.0,TQBR
2015-04-27,499.0,499.0,495.0,499.0,5,2483.0,TQBR
2015-04-28,505.0,505.0,486.0,486.0,106,51664.0,TQBR
2015-04-29,485.0,493.0,485.0,493.0,71,34915.0,TQBR
2015-04-30,498.0,498.0,491.0,491.0,3,1487.0,TQBR
2015-05-05,494.0,494.0,487.0,487.0,7,3451.0,TQBR
2015-05-06,494.0,499.0,490.0,499.0,17,8395.0,TQBR
2015-05-07,493.0,493.0,493.0,493.0,7,3451.0,TQBR
2015-05-08,486.0,493.0,485.0,485.0,209,101374.0,TQBR
2015-05-12,487.0,488.0,487.0,488.0,10,4871.0,TQBR
2015-05-13,499.0,499.0,491.0,494.0,8,3942.0,TQBR
2015-05-14,487.0,487.0,475.0,484.0,6760,3278561.0,TQBR
2015-05-15,490.0,490.0,480.0,480.0,1530,742058.0,TQBR
2015-05-19,464.0,465.0,464.0,464.0,92,42689.0,TQBR
2015-05-20,462.0,475.0,462.0,475.0,14,6533.0,TQBR
2015-05-21,479.0,479.0,479.0,479.0,5,2395.0,TQBR
2015-05-28,471.0,471.0,471.0,471.0,1,471.0,TQBR
2015-05-29,470.0,470.0,450.0,459.0,118,54330.0,TQBR
2015-06-01,459.0,459.0,440.0,440.0,148,65913.0,TQBR
2015-06-02,451.0,451.0,450.0,451.0,179,80650.0,TQBR
2015-06-03,457.0,457.0,441.0,441.0,162,71529.0,TQBR
2015-06-04,436.0,452.0,430.0,452.0,608,261754.0,TQBR
2015-06-05,453.0,453.0,453.0,453.0,1,453.0,TQBR
2015-06-09,441.0,467.0,427.0,430.0,1032,443350.0,TQBR
2015-06-10,440.0,448.0,440.0,447.0,69,30828.0,TQBR
2015-06-11,446.0,446.0,446.0,446.0,3,1338.0,TQBR
2015-06-15,440.0,440.0,434.0,434.0,5,2181.0,TQBR
2015-06-16,431.0,455.0,430.0,455.0,1029,463068.0,TQBR
2015-06-17,454.0,454.0,450.0,450.0,23,10354.0,TQBR
2015-06-18,460.0,461.0,460.0,460.0,41,18861.0,TQBR
2015-06-19,460.0,498.0,460.0,470.0,17,8202.0,TQBR
2015-06-22,463.0,463.0,462.0,462.0,3,1387.0,TQBR
2015-06-23,464.0,479.0,464.0,479.0,14,6681.0,TQBR
2015-06-24,479.0,479.0,460.0,461.0,10,4682.0,TQBR
2015-06-25,473.0,520.0,473.0,477.0,87,42445.0,TQBR
2015-06-26,487.0,498.0,483.0,483.0,77,37651.0,TQBR
2015-06-29,485.0,500.0,480.0,489.0,212,105155.0,TQBR
2015-06-30,496.0,496.0,490.0,491.0,1733,850911.0,TQBR
2015-07-01,492.0,496.0,492.0,495.0,289,143054.0,TQBR
2015-07-02,498.0,498.0,498.0,498.0,1,498.0,TQBR
2015-07-03,502.0,506.0,498.0,499.0,366,183227.0,TQBR
2015-07-06,500.0,508.0,500.0,508.0,9,4554.0,TQBR
2015-07-07,510.0,528.0,500.0,517.0,156,80088.0,TQBR
2015-07-08,517.0,517.0,500.0,514.0,61,30744.0,TQBR
2015-07-09,535.0,535.0,507.0,507.0,382,198592.0,TQBR
2015-07-10,509.0,529.0,499.0,529.0,335,176746.0,TQBR
2015-07-13,528.0,555.0,520.0,529.0,850,460707.0,TQBR
2015-07-14,534.0,600.0,534.0,561.0,348,192338.0,TQBR
2015-07-15,553.0,553.0,550.0,550.0,190,104546.0,TQBR
2015-07-20,575.0,576.0,574.0,575.0,1133,651496.0,TQBR
2015-07-21,576.0,595.0,576.0,595.0,78,45309.0,TQBR
2015-07-22,588.0,588.0,585.0,585.0,328,191897.0,TQBR
2015-07-23,585.0,585.0,585.0,585.0,2,1170.0,TQBR
2015-07-24,594.0,636.0,594.0,599.0,2767,1660737.0,TQBR
2015-07-27,594.0,594.0,594.0,594.0,1,594.0,TQBR
2015-07-28,591.0,591.0,551.0,573.0,38,21440.0,TQBR
2015-07-29,563.0,564.0,563.0,564.0,19,10699.0,TQBR
2015-07-30,576.0,576.0,576.0,576.0,2,1152.0,TQBR
2015-08-03,563.0,563.0,542.0,551.0,15,8317.0,TQBR
2015-08-05,549.0,549.0,549.0,549.0,1,549.0,TQBR
2015-08-06,543.0,543.0,523.0,523.0,3,1608.0,TQBR
2015-08-07,526.0,531.0,526.0,530.0,12,6355.0,TQBR
2015-08-10,568.0,569.0,568.0,569.0,7,3982.0,TQBR
2015-08-12,531.0,560.0,515.0,560.0,22,11494.0,TQBR
2015-08-13,521.0,521.0,521.0,521.0,2,1042.0,TQBR
2015-08-14,534.0,538.0,534.0,538.0,3,1606.0,TQBR
2015-08-24,521.0,534.0,521.0,527.0,26,13695.0,TQBR
2015-08-27,527.0,540.0,515.0,540.0,37,19335.0,TQBR
2015-08-28,536.0,549.0,515.0,515.0,227,118930.0,TQBR
2015-08-31,539.0,540.0,539.0,540.0,32,17279.0,TQBR
2015-09-01,518.0,529.0,480.0,512.0,157,79505.0,TQBR
2015-09-02,527.0,530.0,516.0,530.0,44,23175.0,TQBR
2015-09-03,516.0,516.0,516.0,516.0,1,516.0,TQBR
2015-09-07,514.0,540.0,511.0,529.0,290,153497.0,TQBR
2015-09-09,529.0,529.0,529.0,529.0,1,529.0,TQBR
2015-09-10,528.0,529.0,528.0,529.0,5,2644.0,TQBR
2015-09-11,528.0,529.0,511.0,525.0,74,38520.0,TQBR
2015-09-15,511.0,528.0,511.0,522.0,9,4686.0,TQBR
2015-09-17,521.0,530.0,521.0,530.0,39,20594.0,TQBR
2015-09-18,532.0,532.0,515.0,531.0,114,59679.0,TQBR
2015-09-21,521.0,521.0,516.0,516.0,10,5185.0,TQBR
2015-09-22,513.0,513.0,513.0,513.0,2,1026.0,TQBR
2015-09-24,527.0,528.0,527.0,528.0,5,2639.0,TQBR
2015-09-25,512.0,512.0,511.0,511.0,4,2046.0,TQBR
2015-09-28,511.0,511.0,511.0,511.0,1,511.0,TQBR
2015-09-29,517.0,550.0,517.0,545.0,55,29970.0,TQBR
2015-10-01,536.0,536.0,535.0,535.0,3,1607.0,TQBR
2015-10-02,525.0,525.0,523.0,523.0,49,25668.0,TQBR
2015-10-05,534.0,535.0,509.0,521.0,21,10984.0,TQBR
2015-10-06,533.0,533.0,533.0,533.0,1,533.0,TQBR
2015-10-07,516.0,516.0,513.0,513.0,7,3599.0,TQBR
2015-10-09,526.0,563.0,518.0,523.0,27,14495.0,TQBR
2015-10-14,548.0,548.0,547.0,547.0,2,1095.0,TQBR
2015-10-16,523.0,529.0,515.0,529.0,17,8912.0,TQBR
2015-10-19,517.0,518.0,501.0,518.0,11,5605.0,TQBR
2015-10-20,517.0,536.0,426.0,515.0,487,235127.0,TQBR
2015-10-21,520.0,525.0,520.0,525.0,6,3145.0,TQBR
2015-10-22,526.0,526.0,526.0,526.0,1,526.0,TQBR
2015-10-23,511.0,530.0,480.0,530.0,398,202467.0,TQBR
2015-10-26,524.0,524.0,511.0,511.0,42,21666.0,TQBR
2015-10-29,505.0,550.0,500.0,530.0,62,32844.0,TQBR
2015-11-02,525.0,530.0,518.0,518.0,12,6342.0,TQBR
2015-11-06,539.0,539.0,525.0,525.0,3,1603.0,TQBR
2015-11-09,520.0,520.0,515.0,519.0,24,12373.0,TQBR
2015-11-10,512.0,512.0,453.0,485.0,65,31494.0,TQBR
2015-11-11,492.0,505.0,492.0,505.0,24,11980.0,TQBR
2015-11-12,508.0,510.0,508.0,510.0,6,3058.0,TQBR
2015-11-13,503.0,519.0,493.0,510.0,21,10547.0,TQBR
2015-11-17,502.0,502.0,502.0,502.0,1,502.0,TQBR
2015-11-18,496.0,496.0,496.0,496.0,1,496.0,TQBR
2015-11-19,498.0,498.0,495.0,495.0,265,131189.0,TQBR
2015-11-23,508.0,508.0,495.0,495.0,3,1500.0,TQBR
2015-11-24,508.0,510.0,508.0,510.0,6,3057.0,TQBR
2015-11-25,496.0,496.0,496.0,496.0,2,992.0,TQBR
2015-11-26,507.0,508.0,507.0,508.0,2,1015.0,TQBR
2015-11-27,505.0,512.0,503.0,510.0,24,12222.0,TQBR
2015-11-30,505.0,519.0,505.0,511.0,81,41021.0,TQBR
2015-12-01,510.0,521.0,508.0,513.0,24,12428.0,TQBR
2015-12-02,519.0,521.0,513.0,513.0,26,13507.0,TQBR
2015-12-03,510.0,515.0,505.0,508.0,115,58093.0,TQBR
2015-12-04,508.0,508.0,504.0,507.0,5,2534.0,TQBR
2015-12-07,500.0,501.0,500.0,501.0,3,1502.0,TQBR
2015-12-08,507.0,519.0,507.0,519.0,13,6674.0,TQBR
2015-12-09,511.0,511.0,481.0,510.0,349,177504.0,TQBR
2015-12-10,509.0,510.0,494.0,501.0,3900,1988792.0,TQBR
2015-12-11,494.0,500.0,485.0,500.0,4,1964.0,TQBR
2015-12-14,501.0,501.0,501.0,501.0,1,501.0,TQBR
2015-12-15,488.0,498.0,480.0,489.0,22,10678.0,TQBR
2015-12-16,496.0,496.0,452.0,486.0,113,53646.0,TQBR
2015-12-17,487.0,490.0,479.0,486.0,20,9745.0,TQBR
2015-12-23,482.0,482.0,482.0,482.0,15,7230.0,TQBR
2015-12-24,490.0,496.0,480.0,480.0,208,100348.0,TQBR
2015-12-25,482.0,482.0,482.0,482.0,23,11086.0,TQBR
2015-12-28,480.0,485.0,479.0,485.0,17,8175.0,TQBR
2015-12-29,480.0,481.0,479.0,479.0,8,3838.0,TQBR
2015-12-30,482.0,482.0,480.0,481.0,4,1924.0,TQBR
2016-01-04,484.0,490.0,481.0,490.0,7,3396.0,TQBR
2016-01-06,480.0,480.0,480.0,480.0,186,89280.0,TQBR
2016-01-11,490.0,490.0,490.0,490.0,1,490.0,TQBR
2016-01-12,478.0,482.0,457.0,481.0,64,29874.0,TQBR
2016-01-13,483.0,486.0,483.0,486.0,3,1454.0,TQBR
2016-01-14,481.0,481.0,457.0,476.0,26,12302.0,TQBR
2016-01-15,477.0,477.0,472.0,473.0,14,6645.0,TQBR
2016-01-18,471.0,471.0,471.0,471.0,2,942.0,TQBR
2016-01-19,476.0,476.0,471.0,471.0,115,54419.0,TQBR
2016-01-21,469.0,469.0,452.0,467.0,31,14236.0,TQBR
2016-01-22,470.0,480.0,470.0,480.0,9,4285.0,TQBR
2016-01-25,472.0,481.0,472.0,481.0,2,953.0,TQBR
2016-01-27,471.0,480.0,465.0,465.0,55,25864.0,TQBR
2016-01-29,470.0,470.0,450.0,458.0,422,191523.0,TQBR
2016-02-01,459.0,464.0,454.0,454.0,33,15083.0,TQBR
2016-02-02,464.0,484.0,464.0,467.0,16,7598.0,TQBR
2016-02-03,474.0,474.0,471.0,474.0,5,2362.0,TQBR
2016-02-04,470.0,475.0,470.0,475.0,4,1895.0,TQBR
2016-02-05,473.0,478.0,473.0,478.0,10,4738.0,TQBR
2016-02-08,479.0,486.0,479.0,484.0,18,8697.0,TQBR
2016-02-09,484.0,485.0,484.0,485.0,6,2909.0,TQBR
2016-02-10,476.0,486.0,455.0,474.0,108,51375.0,TQBR
2016-02-11,474.0,474.0,474.0,474.0,3,1422.0,TQBR
2016-02-12,474.0,479.0,465.0,469.0,19,8942.0,TQBR
2016-02-15,480.0,480.0,463.0,474.0,11,5196.0,TQBR
2016-02-17,473.0,478.0,473.0,474.0,4,1901.0,TQBR
2016-02-18,478.0,478.0,460.0,465.0,10,4656.0,TQBR
2016-02-19,473.0,474.0,470.0,470.0,27,12719.0,TQBR
2016-02-20,476.0,476.0,476.0,476.0,1,476.0,TQBR
2016-02-24,468.0,469.0,450.0,469.0,98,45081.0,TQBR
2016-02-25,468.0,476.0,468.0,476.0,10,4717.0,TQBR
2016-02-26,475.0,478.0,469.0,469.0,18,8559.0,TQBR
2016-02-29,479.0,480.0,464.0,470.0,138,65101.0,TQBR
2016-03-01,464.0,480.0,463.0,464.0,155,72899.0,TQBR
2016-03-02,464.0,469.0,464.0,469.0,311,144309.0,TQBR
2016-03-04,471.0,471.0,466.0,470.0,55,25850.0,TQBR
2016-03-07,470.0,470.0,465.0,465.0,11,5165.0,TQBR
2016-03-09,464.0,464.0,430.0,450.0,1590,702617.0,TQBR
2016-03-10,450.0,455.0,445.0,450.0,64,29044.0,TQBR
2016-03-11,455.0,456.0,446.0,451.0,97,43856.0,TQBR
2016-03-14,458.0,458.0,450.0,450.0,49,22089.0,TQBR
2016-03-15,450.0,457.0,450.0,455.0,7,3190.0,TQBR
2016-03-16,450.0,450.0,446.0,449.0,10,4495.0,TQBR
2016-03-17,450.0,450.0,436.0,440.0,244,107481.0,TQBR
2016-03-18,437.0,440.0,435.0,440.0,573,251999.0,TQBR
2016-03-21,440.0,440.0,440.0,440.0,74,32560.0,TQBR
2016-03-22,444.0,486.0,431.0,447.0,1918,888013.0,TQBR
2016-03-23,448.0,449.0,432.0,438.0,321,140953.0,TQBR
2016-03-24,442.0,447.0,442.0,447.0,179,79714.0,TQBR
2016-03-25,448.0,452.0,437.0,445.0,37,16366.0,TQBR
2016-03-28,438.0,441.0,434.0,437.0,314,137566.0,TQBR
2016-03-29,436.0,436.0,425.0,426.0,314,134902.0,TQBR
2016-03-30,429.0,432.0,417.0,432.0,381,161403.0,TQBR
2016-03-31,426.0,429.0,425.0,425.0,4,1709.0,TQBR
2016-04-01,426.0,451.0,419.0,447.0,2430,1021935.0,TQBR
2016-04-04,451.0,451.0,437.0,437.0,72,31605.0,TQBR
2016-04-05,436.0,436.0,432.0,432.0,83,35941.0,TQBR
2016-04-06,437.0,437.0,431.0,431.0,273,117739.0,TQBR
2016-04-07,431.0,432.0,425.0,429.0,38,16203.0,TQBR
2016-04-08,426.0,430.0,425.0,430.0,67,28529.0,TQBR
2016-04-11,433.0,445.0,427.0,432.0,136,58590.0,TQBR
2016-04-12,432.0,450.0,432.0,450.0,999,445064.0,TQBR
2016-04-13,450.0,460.0,445.0,452.0,435,193991.0,TQBR
2016-04-14,450.0,455.0,449.0,450.0,9,4067.0,TQBR
2016-04-15,450.0,454.0,450.0,454.0,86,39010.0,TQBR
2016-04-18,458.0,473.0,458.0,462.0,145,67329.0,TQBR
2016-04-19,461.0,646.0,450.0,450.0,683,321324.0,TQBR
2016-04-20,460.0,470.0,445.0,455.0,257,115852.0,TQBR
2016-04-21,457.0,457.0,446.0,448.0,55,24686.0,TQBR
2016-04-22,446.0,458.0,446.0,447.0,46,20718.0,TQBR
2016-04-25,456.0,462.0,456.0,462.0,22,10151.0,TQBR
2016-04-26,452.0,452.0,449.0,449.0,4,1800.0,TQBR
2016-04-27,451.0,451.0,451.0,451.0,3,1353.0,TQBR
2016-04-28,449.0,449.0,431.0,439.0,270,119881.0,TQBR
2016-04-29,441.0,441.0,441.0,441.0,2,882.0,TQBR
2016-05-04,438.0,442.0,424.0,441.0,17,7355.0,TQBR
2016-05-05,443.0,454.0,443.0,450.0,9,4046.0,TQBR
2016-05-06,446.0,446.0,443.0,443.0,4,1777.0,TQBR
2016-05-10,443.0,449.0,442.0,449.0,6,2669.0,TQBR
2016-05-11,442.0,442.0,442.0,442.0,1,442.0,TQBR
2016-05-12,442.0,442.0,440.0,440.0,169,74380.0,TQBR
2016-05-13,439.0,447.0,436.0,443.0,9,3970.0,TQBR
2016-05-16,434.0,457.0,432.0,452.0,115,51756.0,TQBR
2016-05-18,444.0,444.0,444.0,444.0,2,888.0,TQBR
2016-05-19,440.0,440.0,430.0,430.0,65,27991.0,TQBR
2016-05-20,433.0,434.0,428.0,434.0,8,3438.0,TQBR
2016-05-24,444.0,452.0,421.0,433.0,112,47854.0,TQBR
2016-05-25,434.0,435.0,434.0,435.0,7,3044.0,TQBR
2016-05-26,437.0,453.0,424.0,437.0,37,16170.0,TQBR
2016-05-30,445.0,462.0,424.0,433.0,53,23361.0,TQBR
2016-05-31,424.0,429.0,423.0,429.0,6,2545.0,TQBR
2016-06-01,424.0,457.0,424.0,439.0,426,187988.0,TQBR
2016-06-02,431.0,433.0,416.0,428.0,191,80396.0,TQBR
2016-06-03,422.0,422.0,415.0,417.0,268,111706.0,TQBR
2016-06-06,417.0,424.0,416.0,424.0,52,21658.0,TQBR
2016-06-07,418.0,418.0,417.0,417.0,8,3337.0,TQBR
2016-06-08,424.0,437.0,420.0,421.0,89,37503.0,TQBR
2016-06-09,418.0,418.0,409.0,410.0,1207,496131.0,TQBR
2016-06-10,418.0,418.0,418.0,418.0,3,1254.0,TQBR
2016-06-14,410.0,410.0,404.0,405.0,241,98127.0,TQBR
2016-06-15,404.0,405.0,400.0,400.0,914,368026.0,TQBR
2016-06-16,403.0,403.0,390.0,399.0,321,126890.0,TQBR
2016-06-17,399.0,399.0,399.0,399.0,26,10374.0,TQBR
2016-06-23,398.0,398.0,398.0,398.0,36,14328.0,TQBR
2016-06-24,399.0,399.0,388.0,388.0,9,3544.0,TQBR
2016-06-27,404.0,404.0,401.0,401.0,11,4414.0,TQBR
2016-06-28,410.0,410.0,410.0,410.0,1,410.0,TQBR
2016-06-29,397.0,397.0,397.0,397.0,25,9925.0,TQBR
2016-06-30,409.0,409.0,394.0,396.0,30,11869.0,TQBR
2016-07-01,400.0,400.0,395.0,396.0,3,1191.0,TQBR
2016-07-04,403.0,416.0,403.0,407.0,11,4500.0,TQBR
2016-07-05,401.0,401.0,400.0,400.0,5,2004.0,TQBR
2016-07-06,400.0,400.0,390.0,395.0,185,73151.0,TQBR
2016-07-07,397.0,397.0,397.0,397.0,1,397.0,TQBR
2016-07-08,399.0,399.0,399.0,399.0,1,399.0,TQBR
2016-07-11,398.0,415.0,396.0,398.0,599,238696.0,TQBR
2016-07-12,400.0,408.0,394.0,394.0,33,13136.0,TQBR
2016-07-13,403.0,403.0,394.0,402.0,4,1594.0,TQBR
2016-07-14,397.0,397.0,396.0,396.0,3,1189.0,TQBR
2016-07-15,398.0,398.0,398.0,398.0,1,398.0,TQBR
2016-07-18,394.0,395.0,390.0,395.0,137,53497.0,TQBR
2016-07-19,392.0,395.0,392.0,392.0,28,10996.0,TQBR
2016-07-20,395.0,395.0,392.0,395.0,48,18954.0,TQBR
2016-07-21,394.0,394.0,387.0,392.0,69,26910.0,TQBR
2016-07-22,390.0,393.0,389.0,390.0,175,68415.0,TQBR
2016-07-25,393.0,393.0,393.0,393.0,1,393.0,TQBR
2016-07-26,393.0,393.0,393.0,393.0,10,3930.0,TQBR
2016-07-27,393.0,393.0,388.0,388.0,198,77008.0,TQBR
2016-07-28,389.0,389.0,387.0,388.0,315,122206.0,TQBR
2016-07-29,388.0,388.0,388.0,388.0,35,13580.0,TQBR
2016-08-01,388.0,388.0,387.0,388.0,575,223097.0,TQBR
2016-08-02,387.0,449.0,385.0,441.0,2099,846564.0,TQBR
2016-08-03,435.0,456.0,425.0,436.0,3579,1563768.0,TQBR
2016-08-04,442.0,480.0,441.0,442.0,3412,1541184.0,TQBR
2016-08-05,450.0,540.0,450.0,488.0,5193,2464551.0,TQBR
2016-08-08,499.0,524.0,471.0,524.0,9670,4668540.0,TQBR
2016-08-09,516.0,538.0,500.0,530.0,6698,3461776.0,TQBR
2016-08-10,536.0,600.0,530.0,562.0,2077,1130386.0,TQBR
2016-08-11,568.0,583.0,532.0,569.0,343,195165.0,TQBR
2016-08-12,584.0,600.0,570.0,596.0,1442,837160.0,TQBR
2016-08-15,596.0,744.0,547.0,604.0,2940,1736654.0,TQBR
2016-08-16,607.0,645.0,603.0,630.0,771,489850.0,TQBR
2016-08-17,624.0,670.0,556.0,571.0,1624,987151.0,TQBR
2016-08-18,584.0,650.0,583.0,586.0,8307,4988619.0,TQBR
2016-08-19,599.0,648.0,562.0,604.0,42,25283.0,TQBR
2016-08-22,608.0,640.0,600.0,605.0,205,124084.0,TQBR
2016-08-23,605.0,624.0,600.0,600.0,298,179420.0,TQBR
2016-08-24,597.0,618.0,597.0,610.0,1229,742834.0,TQBR
2016-08-25,607.0,607.0,563.0,579.0,50,29207.0,TQBR
2016-08-26,571.0,597.0,564.0,579.0,197,113654.0,TQBR
2016-08-29,570.0,578.0,550.0,570.0,224,124390.0,TQBR
2016-08-30,564.0,565.0,532.0,548.0,19,10460.0,TQBR
2016-08-31,602.0,602.0,565.0,571.0,44,25730.0,TQBR
2016-09-01,573.0,583.0,565.0,580.0,1797,1042182.0,TQBR
2016-09-02,584.0,590.0,580.0,588.0,2071,1201550.0,TQBR
2016-09-05,595.0,596.0,542.0,590.0,34,19788.0,TQBR
2016-09-06,590.0,606.0,590.0,606.0,1320,791724.0,TQBR
2016-09-07,608.0,608.0,600.0,600.0,42,25447.0,TQBR
2016-09-08,598.0,604.0,598.0,600.0,3527,2116200.0,TQBR
2016-09-09,600.0,604.0,600.0,600.0,437,262335.0,TQBR
2016-09-12,600.0,600.0,600.0,600.0,24,14400.0,TQBR
2016-09-13,600.0,600.0,600.0,600.0,135,81000.0,TQBR
2016-09-14,601.0,602.0,600.0,600.0,2616,1569717.0,TQBR
2016-09-15,617.0,634.0,557.0,600.0,2643,1586843.0,TQBR
2016-09-16,596.0,600.0,583.0,599.0,230,136889.0,TQBR
2016-09-19,600.0,618.0,600.0,614.0,3045,1827429.0,TQBR
2016-09-20,617.0,622.0,605.0,621.0,179,110341.0,TQBR
2016-09-21,628.0,628.0,620.0,621.0,590,365816.0,TQBR
2016-09-22,618.0,650.0,603.0,650.0,1271,805507.0,TQBR
2016-09-23,651.0,658.0,644.0,658.0,28,18313.0,TQBR
2016-09-26,648.0,661.0,647.0,661.0,356,234273.0,TQBR
2016-09-27,660.0,668.0,600.0,663.0,4323,2855977.0,TQBR
2016-09-28,660.0,688.0,660.0,665.0,1106,733032.0,TQBR
2016-09-29,670.0,670.0,662.0,662.0,79,52669.0,TQBR
2016-09-30,673.0,673.0,664.0,664.0,7,4657.0,TQBR
2016-10-03,674.0,747.0,664.0,730.0,4230,2841015.0,TQBR
2016-10-04,742.0,754.0,671.0,693.0,190,133474.0,TQBR
2016-10-05,706.0,718.0,687.0,718.0,103,71891.0,TQBR
2016-10-06,732.0,733.0,693.0,709.0,28,20292.0,TQBR
2016-10-07,726.0,744.0,708.0,710.0,1174,833955.0,TQBR
2016-10-10,705.0,705.0,705.0,705.0,2,1410.0,TQBR
2016-10-11,723.0,723.0,723.0,723.0,1,723.0,TQBR
2016-10-12,700.0,700.0,697.0,697.0,2,1397.0,TQBR
2016-10-13,709.0,718.0,699.0,718.0,3,2126.0,TQBR
2016-10-19,720.0,720.0,697.0,697.0,1661,1195602.0,TQBR
2016-10-20,686.0,687.0,682.0,682.0,4,2737.0,TQBR
2016-10-21,694.0,694.0,682.0,682.0,8,5540.0,TQBR
2016-10-24,685.0,685.0,685.0,685.0,2,1370.0,TQBR
2016-10-25,681.0,685.0,674.0,685.0,17,11481.0,TQBR
2016-10-27,680.0,680.0,656.0,667.0,9,5989.0,TQBR
2016-10-28,676.0,677.0,676.0,677.0,6,4061.0,TQBR
2016-10-31,663.0,663.0,663.0,663.0,1,663.0,TQBR
2016-11-01,664.0,676.0,664.0,675.0,5,3345.0,TQBR
2016-11-02,676.0,676.0,676.0,676.0,2,1352.0,TQBR
2016-11-03,675.0,675.0,675.0,675.0,1,675.0,TQBR
2016-11-07,670.0,670.0,670.0,670.0,1,670.0,TQBR
2016-11-11,661.0,661.0,657.0,657.0,217,142988.0,TQBR
2016-11-14,650.0,664.0,650.0,663.0,8,5241.0,TQBR
2016-11-15,674.0,674.0,617.0,637.0,19,12110.0,TQBR
2016-11-16,638.0,649.0,633.0,649.0,27,17241.0,TQBR
2016-11-17,649.0,649.0,649.0,649.0,8,5192.0,TQBR
2016-11-18,650.0,650.0,650.0,650.0,1,650.0,TQBR
2016-11-21,618.0,627.0,603.0,617.0,120,73017.0,TQBR
2016-11-22,614.0,615.0,600.0,602.0,1756,1053801.0,TQBR
2016-11-24,613.0,619.0,600.0,610.0,200,120605.0,TQBR
2016-11-25,607.0,629.0,596.0,629.0,29,17657.0,TQBR
2016-11-28,637.0,660.0,630.0,647.0,50,32046.0,TQBR
2016-11-29,649.0,659.0,649.0,659.0,3,1957.0,TQBR
2016-11-30,648.0,648.0,602.0,623.0,108,67436.0,TQBR
2016-12-01,623.0,632.0,617.0,632.0,5,3117.0,TQBR
2016-12-02,617.0,617.0,617.0,617.0,2,1234.0,TQBR
2016-12-05,617.0,617.0,616.0,616.0,3,1850.0,TQBR
2016-12-07,611.0,611.0,597.0,607.0,217,130457.0,TQBR
2016-12-08,601.0,608.0,600.0,608.0,9,5415.0,TQBR
2016-12-09,601.0,601.0,600.0,600.0,2,1201.0,TQBR
2016-12-12,614.0,624.0,553.0,603.0,19,10939.0,TQBR
2016-12-13,619.0,674.0,619.0,632.0,73,46808.0,TQBR
2016-12-14,632.0,633.0,632.0,632.0,7,4425.0,TQBR
2016-12-15,644.0,664.0,644.0,663.0,44,28890.0,TQBR
2016-12-16,646.0,646.0,612.0,612.0,14,8736.0,TQBR
2016-12-19,622.0,660.0,622.0,636.0,13,8375.0,TQBR
2016-12-20,648.0,665.0,636.0,636.0,31,20532.0,TQBR
2016-12-21,626.0,710.0,625.0,668.0,291,199901.0,TQBR
2016-12-22,660.0,680.0,650.0,650.0,8,5321.0,TQBR
2016-12-26,630.0,638.0,625.0,638.0,31,19407.0,TQBR
2016-12-27,643.0,643.0,643.0,643.0,1,643.0,TQBR
2016-12-28,654.0,688.0,654.0,671.0,11,7396.0,TQBR
2016-12-29,656.0,656.0,637.0,637.0,5,3224.0,TQBR
2016-12-30,640.0,640.0,626.0,626.0,32,20147.0,TQBR
2017-01-03,632.0,632.0,632.0,632.0,1,632.0,TQBR
2017-01-06,624.0,624.0,624.0,624.0,17,10608.0,TQBR
2017-01-09,625.0,639.0,603.0,639.0,39,24101.0,TQBR
2017-01-10,646.0,649.0,630.0,630.0,14,9053.0,TQBR
2017-01-11,623.0,640.0,610.0,640.0,45,28017.0,TQBR
2017-01-12,622.0,629.0,603.0,629.0,40,24577.0,TQBR
2017-01-13,621.0,621.0,600.0,600.0,552,332741.0,TQBR
2017-01-16,611.0,644.0,611.0,621.0,8,5002.0,TQBR
2017-01-17,616.0,616.0,616.0,616.0,1,616.0,TQBR
2017-01-18,623.0,624.0,623.0,624.0,2,1247.0,TQBR
2017-01-19,628.0,628.0,617.0,617.0,5,3101.0,TQBR
2017-01-20,629.0,629.0,627.0,628.0,50,31400.0,TQBR
2017-01-24,616.0,616.0,616.0,616.0,1,616.0,TQBR
2017-01-30,621.0,622.0,621.0,622.0,2,1243.0,TQBR
2017-02-01,610.0,610.0,610.0,610.0,1,610.0,TQBR
2017-02-02,612.0,612.0,610.0,610.0,40,24430.0,TQBR
2017-02-03,611.0,612.0,601.0,601.0,65,39351.0,TQBR
2017-02-06,603.0,633.0,600.0,603.0,111,66921.0,TQBR
2017-02-07,616.0,630.0,609.0,609.0,45,27660.0,TQBR
2017-02-08,607.0,632.0,607.0,632.0,11,6878.0,TQBR
2017-02-09,619.0,620.0,619.0,620.0,2,1239.0,TQBR
2017-02-13,611.0,625.0,605.0,614.0,11,6768.0,TQBR
2017-02-14,613.0,625.0,613.0,625.0,6,3729.0,TQBR
2017-02-15,622.0,622.0,622.0,622.0,1,622.0,TQBR
2017-02-16,613.0,625.0,600.0,611.0,327,196889.0,TQBR
2017-02-17,602.0,602.0,602.0,602.0,2,1204.0,TQBR
2017-02-20,601.0,601.0,600.0,600.0,100,60013.0,TQBR
2017-02-21,601.0,612.0,601.0,612.0,2,1213.0,TQBR
2017-02-22,562.0,629.0,562.0,610.0,13,7530.0,TQBR
2017-02-27,608.0,611.0,600.0,600.0,13,7846.0,TQBR
2017-02-28,600.0,600.0,600.0,600.0,2,1200.0,TQBR
2017-03-01,601.0,604.0,600.0,604.0,75,45034.0,TQBR
2017-03-03,600.0,600.0,600.0,600.0,4,2400.0,TQBR
2017-03-06,609.0,609.0,609.0,609.0,1,609.0,TQBR
2017-03-07,603.0,605.0,600.0,604.0,52,31358.0,TQBR
2017-03-09,600.0,600.0,600.0,600.0,65,39000.0,TQBR
2017-03-10,615.0,618.0,613.0,618.0,2305,1417556.0,TQBR
2017-03-13,618.0,618.0,618.0,618.0,66,40788.0,TQBR
2017-03-14,631.0,631.0,631.0,631.0,12,7572.0,TQBR
2017-03-16,615.0,615.0,615.0,615.0,1334,820410.0,TQBR
2017-03-17,615.0,615.0,610.0,614.0,62,37975.0,TQBR
2017-03-21,614.0,615.0,610.0,610.0,455,279633.0,TQBR
2017-03-23,609.0,614.0,608.0,614.0,74,45141.0,TQBR
2017-03-27,629.0,630.0,627.0,629.0,141,88721.0,TQBR
2017-03-28,620.0,624.0,615.0,624.0,213,132389.0,TQBR
2017-03-29,614.0,615.0,600.0,600.0,156,95461.0,TQBR
2017-03-30,605.0,614.0,600.0,614.0,381,228770.0,TQBR
2017-03-31,593.0,593.0,580.0,580.0,8,4703.0,TQBR
2017-04-03,574.0,574.0,509.0,561.0,230,123685.0,TQBR
2017-04-04,562.0,562.0,562.0,562.0,1,562.0,TQBR
2017-04-05,558.0,559.0,558.0,559.0,14,7823.0,TQBR
2017-04-06,558.0,560.0,539.0,558.0,67,37398.0,TQBR
2017-04-07,558.0,560.0,557.0,560.0,4,2234.0,TQBR
2017-04-10,573.0,573.0,573.0,573.0,2,1146.0,TQBR
2017-04-12,560.0,586.0,560.0,586.0,6,3485.0,TQBR
2017-04-14,562.0,562.0,554.0,554.0,5,2798.0,TQBR
2017-04-17,557.0,557.0,504.0,531.0,15,8053.0,TQBR
2017-04-18,544.0,546.0,531.0,531.0,8,4305.0,TQBR
2017-04-20,525.0,533.0,525.0,533.0,24,12760.0,TQBR
2017-04-24,533.0,533.0,470.0,533.0,203,100129.0,TQBR
2017-04-25,518.0,543.0,454.0,500.0,2521,1215062.0,TQBR
2017-04-26,517.0,536.0,506.0,531.0,56,28703.0,TQBR
2017-04-27,518.0,557.0,507.0,556.0,346,184705.0,TQBR
2017-04-28,558.0,664.0,545.0,615.0,254,142393.0,TQBR
2017-05-02,615.0,615.0,588.0,603.0,13,7730.0,TQBR
2017-05-04,600.0,603.0,590.0,592.0,193,114097.0,TQBR
2017-05-05,591.0,606.0,585.0,606.0,29,17442.0,TQBR
2017-05-11,614.0,615.0,614.0,615.0,2,1229.0,TQBR
2017-05-12,614.0,653.0,614.0,653.0,652,410688.0,TQBR
2017-05-15,657.0,663.0,635.0,655.0,21,13827.0,TQBR
2017-05-16,655.0,674.0,513.0,590.0,103,63227.0,TQBR
2017-05-17,598.0,617.0,598.0,600.0,3531,2122633.0,TQBR
2017-05-18,592.0,600.0,590.0,595.0,18,10689.0,TQBR
2017-05-19,581.0,600.0,581.0,600.0,12104,7262250.0,TQBR
2017-05-22,599.0,600.0,580.0,580.0,6507,3874633.0,TQBR
2017-05-23,600.0,600.0,600.0,600.0,4,2400.0,TQBR
2017-05-24,600.0,600.0,600.0,600.0,72,43200.0,TQBR
2017-05-25,600.0,600.0,600.0,600.0,4,2400.0,TQBR
2017-05-26,600.0,600.0,600.0,600.0,35,21000.0,TQBR
2017-05-29,600.0,600.0,600.0,600.0,9,5400.0,TQBR
2017-05-30,600.0,600.0,600.0,600.0,4,2400.0,TQBR
2017-06-01,600.0,600.0,600.0,600.0,15,9000.0,TQBR
2017-06-02,600.0,600.0,600.0,600.0,10,6000.0,TQBR
2017-06-05,600.0,600.0,581.0,581.0,8,4743.0,TQBR
2017-06-06,599.0,600.0,595.0,595.0,11,6593.0,TQBR
2017-06-07,590.0,595.0,585.0,595.0,7,4139.0,TQBR
2017-06-09,599.0,600.0,599.0,600.0,8,4799.0,TQBR
2017-06-13,600.0,600.0,600.0,600.0,2,1200.0,TQBR
2017-06-14,600.0,600.0,600.0,600.0,37,22200.0,TQBR
2017-06-15,599.0,599.0,599.0,599.0,1,599.0,TQBR
2017-06-16,600.0,600.0,580.0,594.0,54,31359.0,TQBR
2017-06-19,536.0,596.0,536.0,596.0,5,2843.0,TQBR
2017-06-20,595.0,596.0,595.0,596.0,4,2383.0,TQBR
2017-06-21,599.0,600.0,599.0,600.0,1708,1024694.0,TQBR
2017-06-22,600.0,600.0,570.0,594.0,37,21266.0,TQBR
2017-06-23,596.0,600.0,596.0,600.0,8,4788.0,TQBR
2017-06-26,599.0,600.0,535.0,583.0,51,29013.0,TQBR
2017-06-28,597.0,600.0,597.0,600.0,60,35986.0,TQBR
2017-06-30,573.0,600.0,572.0,600.0,5,2918.0,TQBR
2017-07-03,600.0,600.0,581.0,581.0,135,80965.0,TQBR
2017-07-06,599.0,600.0,599.0,600.0,5631,3378599.0,TQBR
2017-07-07,584.0,600.0,575.0,575.0,289,169077.0,TQBR
2017-07-10,569.0,598.0,567.0,598.0,67,39416.0,TQBR
2017-07-11,597.0,601.0,597.0,600.0,5809,3485334.0,TQBR
2017-07-12,575.0,575.0,560.0,563.0,9,5087.0,TQBR
2017-07-13,618.0,618.0,618.0,618.0,10,6180.0,TQBR
2017-07-14,600.0,600.0,600.0,600.0,4002,2401200.0,TQBR
2017-07-17,600.0,600.0,600.0,600.0,857,514200.0,TQBR
2017-07-18,602.0,604.0,602.0,604.0,18,10844.0,TQBR
2017-07-19,600.0,600.0,600.0,600.0,72,43200.0,TQBR
2017-07-20,622.0,624.0,613.0,614.0,22,13633.0,TQBR
2017-07-21,622.0,622.0,622.0,622.0,1,622.0,TQBR
2017-07-24,605.0,605.0,605.0,605.0,1,605.0,TQBR
2017-07-25,613.0,625.0,613.0,625.0,12,7412.0,TQBR
2017-07-26,625.0,625.0,625.0,625.0,1,625.0,TQBR
2017-07-28,666.0,683.0,600.0,604.0,11502,6904613.0,TQBR
2017-07-31,620.0,620.0,600.0,602.0,13,7892.0,TQBR
2017-08-01,640.0,842.0,630.0,679.0,276,200858.0,TQBR
2017-08-02,670.0,670.0,618.0,652.0,73,47115.0,TQBR
2017-08-03,680.0,680.0,628.0,650.0,51,33135.0,TQBR
2017-08-04,648.0,648.0,646.0,646.0,2,1294.0,TQBR
2017-08-07,620.0,633.0,615.0,633.0,5,3102.0,TQBR
2017-08-08,614.0,628.0,606.0,628.0,116,70966.0,TQBR
2017-08-09,616.0,621.0,600.0,617.0,5523,3316821.0,TQBR
2017-08-10,617.0,617.0,600.0,600.0,174,105068.0,TQBR
2017-08-11,651.0,651.0,621.0,625.0,1090,679442.0,TQBR
2017-08-14,631.0,631.0,611.0,615.0,14,8718.0,TQBR
2017-08-15,637.0,637.0,637.0,637.0,1,637.0,TQBR
2017-08-16,610.0,630.0,600.0,614.0,20081,12049803.0,TQBR
2017-08-17,602.0,618.0,600.0,612.0,11101,6661608.0,TQBR
2017-08-18,606.0,606.0,604.0,604.0,26,15716.0,TQBR
2017-08-21,603.0,603.0,600.0,602.0,5002,3001286.0,TQBR
2017-08-22,601.0,608.0,600.0,608.0,32,19233.0,TQBR
2017-08-23,608.0,608.0,601.0,608.0,16,9664.0,TQBR
2017-08-24,601.0,603.0,600.0,600.0,5026,3015643.0,TQBR
2017-08-25,601.0,608.0,600.0,605.0,5034,3022460.0,TQBR
2017-08-28,602.0,609.0,602.0,602.0,6,3622.0,TQBR
2017-08-29,609.0,644.0,602.0,602.0,28,17006.0,TQBR
2017-08-30,602.0,611.0,600.0,610.0,18060,10840548.0,TQBR
2017-08-31,603.0,618.0,602.0,610.0,59,36135.0,TQBR
2017-09-01,604.0,619.0,602.0,602.0,48,29156.0,TQBR
2017-09-04,609.0,614.0,603.0,610.0,49,29894.0,TQBR
2017-09-05,613.0,616.0,605.0,605.0,97,59620.0,TQBR
2017-09-06,603.0,618.0,602.0,618.0,20,12238.0,TQBR
2017-09-08,604.0,604.0,602.0,603.0,83,49986.0,TQBR
2017-09-11,603.0,603.0,603.0,603.0,53,31959.0,TQBR
2017-09-12,614.0,614.0,602.0,602.0,11,6637.0,TQBR
2017-09-13,611.0,611.0,605.0,605.0,2,1216.0,TQBR
2017-09-14,603.0,603.0,603.0,603.0,1000,603000.0,TQBR
2017-09-15,603.0,649.0,603.0,648.0,282,178517.0,TQBR
2017-09-18,610.0,647.0,603.0,629.0,5085,3068646.0,TQBR
2017-09-19,618.0,625.0,616.0,625.0,9,5574.0,TQBR
2017-09-20,616.0,624.0,606.0,606.0,11,6709.0,TQBR
2017-09-21,612.0,638.0,606.0,620.0,113,70245.0,TQBR
2017-09-22,620.0,630.0,600.0,607.0,21186,12744965.0,TQBR
2017-09-25,605.0,628.0,605.0,624.0,101,62566.0,TQBR
2017-09-26,626.0,629.0,600.0,620.0,11727,7092932.0,TQBR
2017-09-27,628.0,628.0,615.0,618.0,53,32613.0,TQBR
2017-09-28,615.0,639.0,605.0,605.0,27718,16807080.0,TQBR
2017-09-29,611.0,619.0,610.0,615.0,20,12225.0,TQBR
2017-10-02,622.0,625.0,606.0,618.0,277,171402.0,TQBR
2017-10-03,610.0,617.0,610.0,611.0,1039,639886.0,TQBR
2017-10-04,613.0,619.0,613.0,619.0,2,1232.0,TQBR
2017-10-05,618.0,619.0,618.0,619.0,27,16698.0,TQBR
2017-10-06,623.0,626.0,623.0,626.0,594,371214.0,TQBR
2017-10-09,620.0,635.0,620.0,628.0,683,432857.0,TQBR
2017-10-10,632.0,632.0,629.0,629.0,3,1893.0,TQBR
2017-10-11,634.0,662.0,634.0,650.0,740,475656.0,TQBR
2017-10-12,644.0,646.0,605.0,620.0,10132,6147241.0,TQBR
2017-10-13,629.0,630.0,629.0,630.0,29,18269.0,TQBR
2017-10-16,632.0,632.0,632.0,632.0,2,1264.0,TQBR
2017-10-17,640.0,640.0,625.0,625.0,1013,633585.0,TQBR
2017-10-18,631.0,649.0,630.0,649.0,22,14159.0,TQBR
2017-10-19,640.0,640.0,635.0,635.0,52,33030.0,TQBR
2017-10-20,666.0,666.0,641.0,641.0,16,10474.0,TQBR
2017-10-23,641.0,643.0,640.0,643.0,77,49310.0,TQBR
2017-10-24,643.0,643.0,636.0,636.0,21,13496.0,TQBR
2017-10-25,651.0,651.0,639.0,639.0,5,3215.0,TQBR
2017-10-26,637.0,640.0,630.0,639.0,72,46003.0,TQBR
2017-10-27,682.0,682.0,630.0,637.0,64,40532.0,TQBR
2017-10-30,629.0,635.0,625.0,631.0,182,114458.0,TQBR
2017-10-31,639.0,639.0,639.0,639.0,5,3195.0,TQBR
2017-11-01,626.0,626.0,625.0,625.0,6,3754.0,TQBR
2017-11-02,625.0,625.0,625.0,625.0,1,625.0,TQBR
2017-11-07,625.0,625.0,625.0,625.0,152,95000.0,TQBR
2017-11-08,625.0,650.0,625.0,650.0,140,89200.0,TQBR
2017-11-09,645.0,645.0,628.0,628.0,2,1273.0,TQBR
2017-11-10,648.0,648.0,625.0,640.0,270,171220.0,TQBR
2017-11-13,636.0,638.0,636.0,638.0,10,6366.0,TQBR
2017-11-14,645.0,650.0,645.0,650.0,561,364081.0,TQBR
2017-11-15,650.0,650.0,640.0,640.0,59,38340.0,TQBR
2017-11-16,640.0,640.0,630.0,630.0,73,46502.0,TQBR
2017-11-17,649.0,650.0,640.0,640.0,44,28298.0,TQBR
2017-11-20,648.0,658.0,648.0,658.0,148,96734.0,TQBR
2017-11-21,650.0,650.0,650.0,650.0,1,650.0,TQBR
2017-11-22,650.0,650.0,650.0,650.0,65,42250.0,TQBR
2017-11-23,650.0,656.0,650.0,656.0,41,26656.0,TQBR
2017-11-24,650.0,650.0,631.0,641.0,631,409336.0,TQBR
2017-11-27,648.0,648.0,648.0,648.0,1,648.0,TQBR
2017-11-28,649.0,649.0,640.0,648.0,67,42897.0,TQBR
2017-11-30,640.0,641.0,630.0,630.0,1254,790803.0,TQBR
2017-12-01,636.0,636.0,633.0,635.0,96,60933.0,TQBR
2017-12-04,630.0,636.0,630.0,636.0,3480,2192406.0,TQBR
2017-12-13,641.0,641.0,638.0,638.0,7,4475.0,TQBR
2017-12-14,640.0,641.0,640.0,641.0,35,22411.0,TQBR
2017-12-15,640.0,640.0,630.0,630.0,639,406711.0,TQBR
2017-12-18,630.0,640.0,630.0,630.0,1161,732882.0,TQBR
2017-12-19,630.0,631.0,629.0,630.0,6258,3942567.0,TQBR
2017-12-20,631.0,631.0,630.0,630.0,1600,1008016.0,TQBR
2017-12-21,630.0,631.0,630.0,631.0,1072,675375.0,TQBR
2017-12-22,630.0,630.0,630.0,630.0,50,31500.0,TQBR
2017-12-25,641.0,642.0,640.0,642.0,3,1923.0,TQBR
2017-12-27,653.0,653.0,653.0,653.0,1,653.0,TQBR
2017-12-28,644.0,644.0,640.0,642.0,6,3852.0,TQBR
2017-12-29,645.0,645.0,645.0,645.0,1,645.0,TQBR
2018-01-03,651.0,676.0,640.0,651.0,89,58374.0,TQBR
2018-01-04,650.0,650.0,649.0,649.0,3,1948.0,TQBR
2018-01-09,639.0,639.0,601.0,635.0,19,12083.0,TQBR
2018-01-10,635.0,636.0,620.0,636.0,749,464668.0,TQBR
2018-01-11,630.0,636.0,620.0,632.0,1837,1145901.0,TQBR
2018-01-12,625.0,630.0,600.0,620.0,12562,7795985.0,TQBR
2018-01-15,625.0,625.0,620.0,620.0,831,515471.0,TQBR
2018-01-16,620.0,630.0,620.0,630.0,772,483703.0,TQBR
2018-01-17,631.0,638.0,631.0,632.0,9,5708.0,TQBR
2018-01-18,622.0,645.0,622.0,630.0,21,13334.0,TQBR
2018-01-22,630.0,630.0,630.0,630.0,9,5670.0,TQBR
2018-01-23,630.0,630.0,630.0,630.0,50,31500.0,TQBR
2018-01-24,630.0,630.0,630.0,630.0,68,42840.0,TQBR
2018-01-25,630.0,645.0,630.0,637.0,449,286459.0,TQBR
2018-01-26,637.0,637.0,630.0,630.0,83,52640.0,TQBR
2018-01-29,630.0,639.0,630.0,638.0,52,32777.0,TQBR
2018-01-30,632.0,632.0,630.0,631.0,70,44129.0,TQBR
2018-01-31,630.0,636.0,617.0,635.0,820,519798.0,TQBR
2018-02-01,638.0,638.0,633.0,635.0,82,52026.0,TQBR
2018-02-02,636.0,636.0,635.0,635.0,357,226745.0,TQBR
2018-02-06,631.0,638.0,631.0,631.0,136,86747.0,TQBR
2018-02-08,636.0,637.0,632.0,632.0,3,1905.0,TQBR
2018-02-13,635.0,635.0,635.0,635.0,1,635.0,TQBR
2018-02-14,638.0,638.0,638.0,638.0,2,1276.0,TQBR
2018-02-19,635.0,635.0,630.0,630.0,12602,7939515.0,TQBR
2018-02-20,638.0,649.0,638.0,645.0,101,64973.0,TQBR
2018-02-21,642.0,643.0,642.0,643.0,24,15429.0,TQBR
2018-02-26,641.0,648.0,640.0,648.0,151,97267.0,TQBR
2018-02-27,650.0,650.0,635.0,635.0,130,83348.0,TQBR
2018-02-28,636.0,638.0,620.0,620.0,106,66845.0,TQBR
2018-03-01,633.0,638.0,618.0,625.0,438,272910.0,TQBR
2018-03-02,628.0,632.0,618.0,630.0,2593,1628681.0,TQBR
2018-03-05,630.0,630.0,630.0,630.0,1044,657720.0,TQBR
2018-03-06,620.0,633.0,620.0,630.0,483,304282.0,TQBR
2018-03-07,630.0,635.0,629.0,630.0,1603,1010139.0,TQBR
2018-03-09,638.0,643.0,630.0,643.0,1435,904144.0,TQBR
2018-03-12,648.0,650.0,639.0,640.0,117,75875.0,TQBR
2018-03-13,641.0,641.0,631.0,639.0,26,16610.0,TQBR
2018-03-14,631.0,631.0,630.0,630.0,32005,20195152.0,TQBR
2018-03-15,638.0,638.0,630.0,630.0,2008,1265050.0,TQBR
2018-03-16,629.0,638.0,622.0,633.0,29702,18678072.0,TQBR
2018-03-19,631.0,638.0,631.0,635.0,159,100924.0,TQBR
2018-03-20,631.0,632.0,630.0,632.0,30016,18910101.0,TQBR
2018-03-21,632.0,632.0,630.0,631.0,19,12002.0,TQBR
2018-03-22,630.0,630.0,630.0,630.0,27,17010.0,TQBR
2018-03-23,630.0,630.0,630.0,630.0,4594,2894220.0,TQBR
2018-03-26,628.0,630.0,628.0,630.0,125,78534.0,TQBR
2018-03-28,628.0,628.0,628.0,628.0,552,346656.0,TQBR
2018-03-29,628.0,630.0,626.0,626.0,3017,1893530.0,TQBR
2018-04-02,630.0,630.0,626.0,626.0,93,58222.0,TQBR
2018-04-03,630.0,630.0,630.0,630.0,1811,1140930.0,TQBR
2018-04-04,630.0,630.0,630.0,630.0,1000,630000.0,TQBR
2018-04-06,630.0,635.0,630.0,630.0,2011,1266935.0,TQBR
2018-04-09,621.0,621.0,609.0,609.0,4,2452.0,TQBR
2018-04-10,600.0,634.0,600.0,620.0,262,157254.0,TQBR
2018-04-11,625.0,625.0,625.0,625.0,50,31250.0,TQBR
2018-04-12,625.0,626.0,583.0,626.0,67,41515.0,TQBR
2018-04-13,611.0,615.0,611.0,615.0,2,1226.0,TQBR
2018-04-16,613.0,618.0,600.0,615.0,137,84242.0,TQBR
2018-04-17,615.0,625.0,615.0,615.0,54,33235.0,TQBR
2018-04-18,614.0,615.0,610.0,615.0,186,114264.0,TQBR
2018-04-19,630.0,630.0,630.0,630.0,39,24570.0,TQBR
2018-04-24,621.0,630.0,620.0,630.0,3,1871.0,TQBR
2018-04-25,630.0,640.0,620.0,630.0,3008,1907478.0,TQBR
2018-04-27,630.0,650.0,630.0,630.0,2101,1341893.0,TQBR
2018-04-28,630.0,650.0,630.0,650.0,406,263880.0,TQBR
2018-05-02,611.0,611.0,611.0,611.0,79,48269.0,TQBR
2018-05-03,672.0,679.0,620.0,660.0,2703,1736880.0,TQBR
2018-05-04,685.0,685.0,650.0,675.0,580,380459.0,TQBR
2018-05-07,675.0,685.0,661.0,685.0,347,235232.0,TQBR
2018-05-08,685.0,695.0,685.0,695.0,487,337514.0,TQBR
2018-05-10,690.0,700.0,690.0,700.0,311,217003.0,TQBR
2018-05-11,700.0,700.0,696.0,700.0,68,47534.0,TQBR
2018-05-14,702.0,706.0,670.0,705.0,287,200642.0,TQBR
2018-05-15,705.0,705.0,698.0,705.0,196,137908.0,TQBR
2018-05-16,705.0,705.0,705.0,705.0,170,119850.0,TQBR
2018-05-17,710.0,710.0,700.0,705.0,551,387955.0,TQBR
2018-05-18,706.0,712.0,700.0,710.0,408,288617.0,TQBR
2018-05-21,711.0,711.0,710.0,710.0,200,142001.0,TQBR
2018-05-22,713.0,715.0,700.0,700.0,501,355899.0,TQBR
2018-05-23,709.0,710.0,709.0,710.0,500,354999.0,TQBR
2018-05-24,700.0,710.0,700.0,710.0,452,320870.0,TQBR
2018-05-28,710.0,715.0,700.0,700.0,261,184786.0,TQBR
2018-05-29,709.0,710.0,709.0,710.0,400,283999.0,TQBR
2018-05-30,715.0,715.0,715.0,715.0,2,1430.0,TQBR
2018-05-31,715.0,715.0,715.0,715.0,6,4290.0,TQBR
2018-06-01,705.0,705.0,705.0,705.0,80,56400.0,TQBR
2018-06-04,705.0,705.0,700.0,700.0,426,299300.0,TQBR
2018-06-05,702.0,702.0,700.0,700.0,95,66502.0,TQBR
2018-06-06,701.0,701.0,695.0,700.0,317,221887.0,TQBR
2018-06-07,700.0,700.0,700.0,700.0,317,221900.0,TQBR
2018-06-08,700.0,700.0,700.0,700.0,200,140000.0,TQBR
2018-06-09,705.0,705.0,705.0,705.0,200,141000.0,TQBR
2018-06-13,700.0,700.0,698.0,700.0,200,139969.0,TQBR
2018-06-14,695.0,700.0,695.0,700.0,1000,699982.0,TQBR
2018-06-18,700.0,700.0,700.0,700.0,505,353500.0,TQBR
2018-06-19,690.0,690.0,690.0,690.0,1,690.0,TQBR
2018-06-21,599.0,700.0,599.0,685.0,1012,707699.0,TQBR
2018-06-25,699.0,700.0,699.0,700.0,50,34999.0,TQBR
2018-06-26,667.0,699.0,648.0,698.0,63,41794.0,TQBR
2018-06-27,681.0,699.0,681.0,698.0,506,353104.0,TQBR
2018-06-28,697.0,700.0,695.0,695.0,702,491328.0,TQBR
2018-06-29,644.0,697.0,642.0,680.0,80,53846.0,TQBR
2018-07-02,688.0,690.0,688.0,690.0,443,305654.0,TQBR
2018-07-03,690.0,692.0,690.0,690.0,423,291872.0,TQBR
2018-07-04,690.0,690.0,690.0,690.0,700,483000.0,TQBR
2018-07-05,699.0,700.0,688.0,688.0,15,10481.0,TQBR
2018-07-06,681.0,688.0,680.0,688.0,451,306689.0,TQBR
2018-07-09,686.0,692.0,685.0,692.0,715,494682.0,TQBR
2018-07-10,700.0,700.0,680.0,685.0,154,106271.0,TQBR
2018-07-11,688.0,688.0,688.0,688.0,1,688.0,TQBR
2018-07-12,690.0,690.0,690.0,690.0,21,14490.0,TQBR
2018-07-13,686.0,686.0,679.0,679.0,27,18415.0,TQBR
2018-07-16,688.0,688.0,688.0,688.0,9,6192.0,TQBR
2018-07-17,639.0,685.0,637.0,680.0,62,40084.0,TQBR
2018-07-18,687.0,688.0,687.0,688.0,1069,735425.0,TQBR
2018-07-19,681.0,681.0,680.0,680.0,6,4081.0,TQBR
2018-07-20,684.0,684.0,680.0,680.0,7,4765.0,TQBR
2018-07-24,680.0,680.0,680.0,680.0,5,3400.0,TQBR
2018-07-25,680.0,685.0,670.0,670.0,26,17653.0,TQBR
2018-07-26,675.0,675.0,670.0,670.0,36,24165.0,TQBR
2018-07-27,675.0,675.0,670.0,674.0,18,12097.0,TQBR
2018-07-30,670.0,670.0,655.0,665.0,779,517240.0,TQBR
2018-07-31,665.0,675.0,660.0,670.0,1251,836870.0,TQBR
2018-08-01,660.0,664.0,660.0,660.0,13,8600.0,TQBR
2018-08-02,638.0,668.0,638.0,666.0,1766,1169882.0,TQBR
2018-08-03,652.0,652.0,652.0,652.0,1,652.0,TQBR
2018-08-06,662.0,664.0,634.0,660.0,762,501218.0,TQBR
2018-08-07,670.0,670.0,660.0,660.0,7,4640.0,TQBR
2018-08-08,660.0,670.0,640.0,670.0,17,11180.0,TQBR
2018-08-09,670.0,670.0,600.0,670.0,327,213302.0,TQBR
2018-08-10,668.0,700.0,668.0,670.0,546,369056.0,TQBR
2018-08-14,664.0,680.0,662.0,668.0,171,115266.0,TQBR
2018-08-15,660.0,660.0,654.0,660.0,11,7254.0,TQBR
2018-08-16,660.0,678.0,640.0,658.0,114,75542.0,TQBR
2018-08-17,650.0,678.0,640.0,658.0,626,412278.0,TQBR
2018-08-20,676.0,678.0,652.0,652.0,59,39526.0,TQBR
2018-08-21,652.0,668.0,640.0,650.0,414,269156.0,TQBR
2018-08-23,656.0,678.0,638.0,638.0,142,93296.0,TQBR
2018-08-27,658.0,668.0,640.0,640.0,45,29794.0,TQBR
2018-08-28,638.0,640.0,638.0,640.0,10,6392.0,TQBR
2018-08-29,658.0,698.0,626.0,644.0,183,119226.0,TQBR
2018-08-30,640.0,640.0,628.0,628.0,14,8830.0,TQBR
2018-08-31,648.0,688.0,628.0,628.0,145,94586.0,TQBR
2018-09-03,656.0,678.0,640.0,640.0,238,159014.0,TQBR
2018-09-04,630.0,650.0,628.0,630.0,425,269230.0,TQBR
2018-09-05,632.0,646.0,632.0,646.0,18,11420.0,TQBR
2018-09-06,644.0,658.0,640.0,640.0,68,43844.0,TQBR
2018-09-07,618.0,650.0,612.0,650.0,156,99618.0,TQBR
2018-09-10,646.0,646.0,646.0,646.0,1,646.0,TQBR
2018-09-11,634.0,634.0,616.0,630.0,17,10686.0,TQBR
2018-09-12,624.0,630.0,620.0,620.0,20,12560.0,TQBR
2018-09-13,646.0,648.0,620.0,626.0,159,99892.0,TQBR
2018-09-14,624.0,624.0,624.0,624.0,11,6864.0,TQBR
2018-09-17,644.0,644.0,644.0,644.0,25,16100.0,TQBR
2018-09-18,630.0,638.0,630.0,638.0,17,10766.0,TQBR
2018-09-19,640.0,640.0,630.0,630.0,4,2534.0,TQBR
2018-09-24,644.0,648.0,626.0,626.0,8,5106.0,TQBR
2018-09-25,622.0,622.0,614.0,614.0,13,8030.0,TQBR
2018-09-26,628.0,628.0,620.0,620.0,2,1248.0,TQBR
2018-09-27,612.0,612.0,608.0,610.0,88,53528.0,TQBR
2018-09-28,626.0,638.0,618.0,630.0,148,93360.0,TQBR
2018-10-01,656.0,658.0,622.0,622.0,78,49150.0,TQBR
2018-10-02,624.0,624.0,622.0,622.0,4,2494.0,TQBR
2018-10-04,610.0,628.0,604.0,626.0,23,14074.0,TQBR
2018-10-05,600.0,610.0,600.0,602.0,178,107096.0,TQBR
2018-10-08,600.0,608.0,600.0,608.0,28,16908.0,TQBR
2018-10-10,606.0,606.0,600.0,600.0,430,258120.0,TQBR
2018-10-11,594.0,610.0,590.0,610.0,10,5950.0,TQBR
2018-10-12,630.0,630.0,600.0,610.0,25,15250.0,TQBR
2018-10-15,602.0,618.0,600.0,610.0,107,64260.0,TQBR
2018-10-16,604.0,610.0,600.0,610.0,201,120656.0,TQBR
2018-10-17,600.0,610.0,600.0,610.0,141,84854.0,TQBR
2018-10-18,608.0,610.0,600.0,608.0,171,102900.0,TQBR
2018-10-19,608.0,628.0,600.0,626.0,172,104300.0,TQBR
2018-10-22,614.0,614.0,600.0,608.0,73,43858.0,TQBR
2018-10-23,600.0,606.0,600.0,604.0,117,70246.0,TQBR
2018-10-24,608.0,612.0,602.0,602.0,19,11526.0,TQBR
2018-10-25,602.0,602.0,600.0,600.0,9,5412.0,TQBR
2018-10-26,598.0,602.0,598.0,598.0,161,96500.0,TQBR
2018-10-29,598.0,598.0,598.0,598.0,11,6578.0,TQBR
2018-10-31,600.0,600.0,598.0,600.0,65,38998.0,TQBR
2018-11-01,598.0,600.0,598.0,600.0,8,4798.0,TQBR
2018-11-02,602.0,602.0,598.0,600.0,39,23400.0,TQBR
2018-11-06,600.0,600.0,594.0,600.0,51,30518.0,TQBR
2018-11-07,600.0,600.0,600.0,600.0,19,11400.0,TQBR
2018-11-08,600.0,600.0,600.0,600.0,13,7800.0,TQBR
2018-11-09,598.0,608.0,598.0,598.0,14,8422.0,TQBR
2018-11-12,600.0,600.0,600.0,600.0,17,10200.0,TQBR
2018-11-13,600.0,600.0,600.0,600.0,10,6000.0,TQBR
2018-11-14,598.0,600.0,598.0,600.0,24,14384.0,TQBR
2018-11-19,598.0,602.0,588.0,590.0,954,566228.0,TQBR
2018-11-20,588.0,590.0,572.0,574.0,300,174302.0,TQBR
2018-11-21,578.0,580.0,568.0,574.0,125,71220.0,TQBR
2018-11-22,592.0,592.0,562.0,586.0,276,158092.0,TQBR
2018-11-23,586.0,586.0,550.0,556.0,547,306946.0,TQBR
2018-11-26,566.0,566.0,526.0,538.0,611,331714.0,TQBR
2018-11-27,530.0,564.0,496.0,500.0,1471,750256.0,TQBR
2018-11-28,502.0,528.0,486.0,490.0,1781,876922.0,TQBR
2018-11-29,486.0,490.0,470.0,478.0,793,380144.0,TQBR
2018-11-30,478.0,480.0,460.0,460.0,1619,765530.0,TQBR
2018-12-03,468.0,478.0,418.0,440.0,1958,892296.0,TQBR
2018-12-04,434.0,446.0,434.0,444.0,281,124494.0,TQBR
2018-12-05,450.0,450.0,440.0,440.0,215,95760.0,TQBR
2018-12-06,438.0,450.0,436.0,444.0,451,201858.0,TQBR
2018-12-07,450.0,450.0,400.0,422.0,2645,1147706.0,TQBR
2018-12-10,430.0,442.0,404.0,418.0,881,369986.0,TQBR
2018-12-11,414.0,414.0,398.0,400.0,1120,449286.0,TQBR
2018-12-12,400.0,400.0,354.0,380.0,4509,1664802.0,TQBR
2018-12-13,380.0,480.0,380.0,396.0,13263,5310860.0,TQBR
2018-12-14,408.0,418.0,392.0,400.0,12099,4841740.0,TQBR
2018-12-17,398.0,398.0,388.0,388.0,811,316298.0,TQBR
2018-12-18,390.0,400.0,378.0,398.0,1397,542868.0,TQBR
2018-12-19,400.0,400.0,398.0,400.0,150,59924.0,TQBR
2018-12-20,410.0,410.0,374.0,390.0,905,352454.0,TQBR
2018-12-21,396.0,400.0,388.0,390.0,454,178926.0,TQBR
2018-12-24,388.0,390.0,374.0,378.0,1003,384434.0,TQBR
2018-12-25,372.0,416.0,372.0,404.0,1408,562118.0,TQBR
2018-12-26,372.0,420.0,356.0,402.0,627,242998.0,TQBR
2018-12-27,402.0,402.0,394.0,400.0,192,76736.0,TQBR
2018-12-28,396.0,420.0,394.0,398.0,3176,1307956.0,TQBR
2018-12-29,414.0,418.0,404.0,408.0,203,82494.0,TQBR
2019-01-03,400.0,410.0,400.0,410.0,7,2860.0,TQBR
2019-01-04,402.0,404.0,400.0,404.0,33,13232.0,TQBR
2019-01-08,416.0,416.0,400.0,410.0,117,47576.0,TQBR
2019-01-09,416.0,416.0,402.0,408.0,834,339890.0,TQBR
2019-01-10,418.0,424.0,402.0,410.0,442,181402.0,TQBR
2019-01-11,410.0,410.0,400.0,410.0,254,103350.0,TQBR
2019-01-14,410.0,410.0,410.0,410.0,67,27470.0,TQBR
2019-01-15,408.0,420.0,394.0,406.0,1274,510802.0,TQBR
2019-01-16,406.0,406.0,398.0,404.0,554,220752.0,TQBR
2019-01-17,404.0,408.0,400.0,400.0,554,221776.0,TQBR
2019-01-18,400.0,436.0,398.0,398.0,2907,1181910.0,TQBR
2019-01-21,400.0,402.0,398.0,398.0,177,70772.0,TQBR
2019-01-22,400.0,406.0,398.0,400.0,186,74762.0,TQBR
2019-01-23,400.0,420.0,398.0,406.0,2186,877776.0,TQBR
2019-01-24,420.0,420.0,400.0,412.0,948,385032.0,TQBR
2019-01-25,412.0,428.0,410.0,418.0,876,369368.0,TQBR
2019-01-28,410.0,418.0,404.0,404.0,1046,429040.0,TQBR
2019-01-29,410.0,436.0,404.0,414.0,3686,1545852.0,TQBR
2019-01-30,416.0,498.0,410.0,436.0,5370,2421534.0,TQBR
2019-01-31,436.0,472.0,432.0,450.0,1847,841520.0,TQBR
2019-02-01,434.0,468.0,431.0,450.0,1165,532241.0,TQBR
2019-02-04,459.0,465.0,432.0,464.0,1255,574942.0,TQBR
2019-02-05,451.0,477.0,449.0,473.0,1251,579691.0,TQBR
2019-02-06,478.0,487.0,471.0,487.0,1853,892297.0,TQBR
2019-02-07,492.0,502.0,483.0,498.0,2051,1016065.0,TQBR
2019-02-08,498.0,500.0,489.0,500.0,1524,757953.0,TQBR
2019-02-11,490.0,498.0,481.0,489.0,2269,1115911.0,TQBR
2019-02-12,490.0,490.0,481.0,488.0,6641,3240372.0,TQBR
2019-02-13,476.0,599.0,476.0,511.0,11990,6342618.0,TQBR
2019-02-14,521.0,521.0,482.0,490.0,1484,737415.0,TQBR
2019-02-15,499.0,520.0,499.0,510.0,1049,535527.0,TQBR
2019-02-18,538.0,538.0,503.0,517.0,1113,572486.0,TQBR
2019-02-19,509.0,530.0,509.0,525.0,1224,639854.0,TQBR
2019-02-20,535.0,538.0,504.0,508.0,1203,627788.0,TQBR
2019-02-21,510.0,532.0,502.0,525.0,925,476094.0,TQBR
2019-02-22,530.0,530.0,509.0,516.0,967,500679.0,TQBR
2019-02-25,525.0,525.0,506.0,512.0,447,229844.0,TQBR
2019-02-26,520.0,525.0,491.0,506.0,795,401821.0,TQBR
2019-02-27,505.0,506.0,483.0,499.0,465,229512.0,TQBR
2019-02-28,495.0,526.0,492.0,505.0,3400,1707006.0,TQBR
2019-03-01,527.0,529.0,507.0,518.0,1027,533551.0,TQBR
2019-03-04,520.0,540.0,518.0,518.0,772,408025.0,TQBR
2019-03-05,518.0,518.0,495.0,500.0,1719,874046.0,TQBR
2019-03-06,500.0,525.0,485.0,498.0,1182,597213.0,TQBR
2019-03-07,504.0,505.0,492.0,499.0,411,205831.0,TQBR
2019-03-11,514.0,519.0,492.0,499.0,1247,624102.0,TQBR
2019-03-12,495.0,515.0,495.0,500.0,554,277479.0,TQBR
2019-03-13,504.0,504.0,497.0,497.0,601,299850.0,TQBR
2019-03-14,497.0,497.0,484.0,485.0,707,342963.0,TQBR
2019-03-15,493.0,493.0,475.0,486.0,340,165708.0,TQBR
2019-03-18,486.0,500.0,486.0,500.0,612,304845.0,TQBR
2019-03-19,504.0,504.0,492.0,498.0,473,235206.0,TQBR
2019-03-20,499.0,499.0,481.0,498.0,167,82315.0,TQBR
2019-03-21,488.0,497.0,485.0,491.0,287,140261.0,TQBR
2019-03-22,482.0,499.0,482.0,493.0,83,40696.0,TQBR
2019-03-25,496.0,499.0,490.0,496.0,229,114054.0,TQBR
2019-03-26,499.0,499.0,490.0,495.0,73,36084.0,TQBR
2019-03-27,491.0,498.0,486.0,486.0,94,46328.0,TQBR
2019-03-28,485.0,499.0,478.0,499.0,282,139940.0,TQBR
2019-03-29,498.0,498.0,469.0,469.0,710,340657.0,TQBR
2019-04-01,492.0,500.0,481.0,500.0,1205,594692.0,TQBR
2019-04-02,490.0,499.0,490.0,495.0,1195,589150.0,TQBR
2019-04-03,497.0,497.0,462.0,490.0,198,95061.0,TQBR
2019-04-04,473.0,495.0,473.0,494.0,461,225929.0,TQBR
2019-04-05,492.0,500.0,491.0,493.0,1542,767657.0,TQBR
2019-04-08,507.0,510.0,482.0,489.0,234,114920.0,TQBR
2019-04-09,485.0,488.0,485.0,487.0,4,1945.0,TQBR
2019-04-10,488.0,488.0,482.0,482.0,9,4361.0,TQBR
2019-04-11,482.0,488.0,482.0,488.0,3,1452.0,TQBR
2019-04-12,485.0,485.0,482.0,482.0,155,74848.0,TQBR
2019-04-15,485.0,488.0,473.0,485.0,227,108860.0,TQBR
2019-04-16,489.0,489.0,480.0,484.0,88,42628.0,TQBR
2019-04-17,470.0,486.0,468.0,480.0,50,24059.0,TQBR
2019-04-18,480.0,485.0,480.0,485.0,47,22790.0,TQBR
2019-04-19,483.0,483.0,478.0,478.0,68,32748.0,TQBR
2019-04-22,483.0,485.0,475.0,475.0,52,25078.0,TQBR
2019-04-23,476.0,489.0,471.0,476.0,573,274093.0,TQBR
2019-04-24,499.0,499.0,465.0,485.0,1274,617766.0,TQBR
2019-04-25,495.0,495.0,475.0,480.0,242,115343.0,TQBR
2019-04-26,488.0,490.0,473.0,480.0,2977,1443179.0,TQBR
2019-04-29,469.0,484.0,469.0,480.0,118,56528.0,TQBR
2019-04-30,480.0,480.0,468.0,471.0,205,96697.0,TQBR
2019-05-02,479.0,479.0,472.0,472.0,5,2370.0,TQBR
2019-05-03,484.0,484.0,471.0,479.0,24,11501.0,TQBR
2019-05-06,466.0,495.0,466.0,476.0,4582,2241041.0,TQBR
2019-05-07,476.0,480.0,476.0,478.0,5,2386.0,TQBR
2019-05-08,480.0,480.0,478.0,480.0,102,48956.0,TQBR
2019-05-10,482.0,482.0,482.0,482.0,1,482.0,TQBR
2019-05-13,465.0,470.0,463.0,466.0,194,90284.0,TQBR
2019-05-14,464.0,480.0,464.0,468.0,121,57211.0,TQBR
2019-05-15,468.0,478.0,468.0,474.0,43,20402.0,TQBR
2019-05-16,483.0,483.0,468.0,468.0,40,18810.0,TQBR
2019-05-17,465.0,465.0,458.0,463.0,188,87110.0,TQBR
2019-05-20,465.0,471.0,462.0,469.0,232,108307.0,TQBR
2019-05-21,463.0,464.0,461.0,463.0,87,40253.0,TQBR
2019-05-22,455.0,483.0,433.0,479.0,748,335589.0,TQBR
2019-05-23,480.0,482.0,460.0,480.0,693,329524.0,TQBR
2019-05-24,467.0,488.0,467.0,485.0,505,244516.0,TQBR
2019-05-27,485.0,494.0,473.0,483.0,377,182013.0,TQBR
2019-05-28,509.0,509.0,473.0,479.0,167,80160.0,TQBR
2019-05-29,494.0,494.0,465.0,474.0,79,37453.0,TQBR
2019-05-30,477.0,484.0,477.0,477.0,80,38402.0,TQBR
2019-05-31,468.0,480.0,468.0,480.0,107,51348.0,TQBR
2019-06-03,470.0,482.0,468.0,478.0,193,91324.0,TQBR
2019-06-04,494.0,494.0,462.0,478.0,465,218461.0,TQBR
2019-06-05,484.0,484.0,461.0,472.0,1210,566119.0,TQBR
2019-06-06,473.0,474.0,461.0,468.0,1723,808731.0,TQBR
2019-06-07,449.0,479.0,449.0,470.0,750,353131.0,TQBR
2019-06-10,461.0,469.0,459.0,461.0,2020,938929.0,TQBR
2019-06-11,470.0,475.0,462.0,463.0,5669,2679297.0,TQBR
2019-06-13,475.0,480.0,470.0,479.0,5595,2675223.0,TQBR
2019-06-14,477.0,479.0,470.0,478.0,23446,11222378.0,TQBR
2019-06-17,478.0,479.0,472.0,478.0,17787,8502313.0,TQBR
2019-06-18,475.0,483.0,471.0,477.0,17149,8210895.0,TQBR
2019-06-19,478.0,478.0,475.0,478.0,519,248059.0,TQBR
2019-06-20,474.0,474.0,466.0,466.0,716,339327.0,TQBR
2019-06-21,471.0,479.0,470.0,476.0,2630,1254642.0,TQBR
2019-06-24,477.0,482.0,477.0,479.0,17979,8601526.0,TQBR
2019-06-25,484.0,491.0,470.0,491.0,705,338973.0,TQBR
2019-06-26,492.0,500.0,484.0,500.0,5051,2503390.0,TQBR
2019-06-27,506.0,510.0,490.0,505.0,9417,4726325.0,TQBR
2019-06-28,510.0,515.0,490.0,502.0,5218,2643362.0,TQBR
2019-07-01,504.0,504.0,498.0,498.0,11,5524.0,TQBR
2019-07-02,496.0,503.0,496.0,503.0,54,26829.0,TQBR
2019-07-03,504.0,504.0,491.0,498.0,77,38521.0,TQBR
2019-07-04,509.0,509.0,483.0,492.0,198,96551.0,TQBR
2019-07-05,509.0,509.0,487.0,498.0,91,45076.0,TQBR
2019-07-08,500.0,500.0,487.0,487.0,148,72314.0,TQBR
2019-07-09,496.0,497.0,491.0,494.0,72,35519.0,TQBR
2019-07-10,491.0,493.0,489.0,492.0,38,18626.0,TQBR
2019-07-11,495.0,495.0,489.0,493.0,55,27021.0,TQBR
2019-07-12,507.0,507.0,481.0,482.0,35,16862.0,TQBR
2019-07-15,496.0,497.0,478.0,481.0,76,36732.0,TQBR
2019-07-16,487.0,487.0,478.0,480.0,70,33664.0,TQBR
2019-07-17,478.0,478.0,469.0,475.0,166,78428.0,TQBR
2019-07-18,477.0,477.0,469.0,471.0,37,17395.0,TQBR
2019-07-19,478.0,478.0,470.0,474.0,66,31292.0,TQBR
2019-07-22,477.0,477.0,477.0,477.0,1,477.0,TQBR
2019-07-23,470.0,477.0,470.0,477.0,122,57997.0,TQBR
2019-07-24,478.0,478.0,471.0,471.0,29,13818.0,TQBR
2019-07-25,470.0,478.0,470.0,477.0,32,15115.0,TQBR
2019-07-26,469.0,473.0,469.0,471.0,54,25373.0,TQBR
2019-07-29,490.0,490.0,471.0,480.0,144,68626.0,TQBR
2019-07-30,481.0,481.0,465.0,478.0,118,55961.0,TQBR
2019-07-31,477.0,522.0,467.0,495.0,734,358904.0,TQBR
2019-08-01,495.0,498.0,483.0,486.0,116,56705.0,TQBR
2019-08-02,496.0,500.0,479.0,488.0,166,81559.0,TQBR
2019-08-05,489.0,498.0,488.0,491.0,78,38290.0,TQBR
2019-08-06,489.0,495.0,484.0,495.0,97,47239.0,TQBR
2019-08-07,499.0,499.0,478.0,497.0,358,173827.0,TQBR
2019-08-08,497.0,503.0,486.0,500.0,2560,1278821.0,TQBR
2019-08-09,500.0,507.0,492.0,507.0,14952,7475980.0,TQBR
2019-08-12,507.0,508.0,475.0,508.0,1370,681411.0,TQBR
2019-08-13,507.0,508.0,492.0,498.0,2023,1005125.0,TQBR
2019-08-14,506.0,507.0,491.0,506.0,206,103969.0,TQBR
2019-08-15,500.0,510.0,489.0,507.0,144,72729.0,TQBR
2019-08-16,510.0,510.0,499.0,501.0,122,61514.0,TQBR
2019-08-19,522.0,531.0,499.0,501.0,38,19647.0,TQBR
2019-08-20,512.0,512.0,497.0,509.0,47,23776.0,TQBR
2019-08-21,500.0,512.0,500.0,503.0,1273,649023.0,TQBR
2019-08-22,506.0,517.0,501.0,510.0,106,54066.0,TQBR
2019-08-23,493.0,522.0,493.0,515.0,419,215864.0,TQBR
2019-08-26,505.0,510.0,505.0,510.0,43,21820.0,TQBR
2019-08-27,522.0,522.0,503.0,515.0,37,18996.0,TQBR
2019-08-28,503.0,522.0,503.0,515.0,202,104095.0,TQBR
2019-08-29,505.0,505.0,505.0,505.0,5,2525.0,TQBR
2019-08-30,524.0,528.0,490.0,494.0,1827,932082.0,TQBR
2019-09-02,511.0,550.0,511.0,516.0,667,351814.0,TQBR
2019-09-03,520.0,524.0,508.0,517.0,504,261774.0,TQBR
2019-09-04,521.0,523.0,507.0,523.0,216,111282.0,TQBR
2019-09-05,530.0,549.0,519.0,540.0,230,123599.0,TQBR
2019-09-06,535.0,554.0,535.0,552.0,1830,1003657.0,TQBR
2019-09-09,553.0,591.0,553.0,571.0,1047,588722.0,TQBR
2019-09-10,589.0,589.0,550.0,586.0,1543,897649.0,TQBR
2019-09-11,589.0,616.0,588.0,605.0,293,175876.0,TQBR
2019-09-12,610.0,630.0,573.0,616.0,723,446603.0,TQBR
2019-09-13,630.0,676.0,630.0,644.0,825,532556.0,TQBR
2019-09-16,661.0,677.0,641.0,649.0,2944,1909344.0,TQBR
2019-09-17,674.0,674.0,632.0,648.0,56650,36723146.0,TQBR
2019-09-18,649.0,675.0,649.0,660.0,888,586895.0,TQBR
2019-09-19,682.0,698.0,662.0,669.0,1068,716011.0,TQBR
2019-09-20,688.0,690.0,650.0,660.0,5067,3348142.0,TQBR
2019-09-23,611.0,660.0,610.0,658.0,940,614265.0,TQBR
2019-09-24,679.0,679.0,650.0,659.0,708,469060.0,TQBR
2019-09-25,674.0,674.0,652.0,659.0,913,602258.0,TQBR
2019-09-26,668.0,669.0,651.0,660.0,843,558296.0,TQBR
2019-09-27,679.0,690.0,659.0,664.0,1216,811219.0,TQBR
2019-09-30,663.0,679.0,652.0,667.0,1621,1079105.0,TQBR
2019-10-01,669.0,670.0,501.0,662.0,1438,940606.0,TQBR
2019-10-02,603.0,664.0,602.0,662.0,2383,1512930.0,TQBR
2019-10-03,663.0,674.0,651.0,660.0,828,545639.0,TQBR
2019-10-04,675.0,675.0,653.0,659.0,1034,683724.0,TQBR
2019-10-07,660.0,660.0,655.0,660.0,763,502770.0,TQBR
2019-10-08,658.0,658.0,653.0,655.0,817,536358.0,TQBR
2019-10-09,670.0,670.0,654.0,655.0,881,582355.0,TQBR
2019-10-10,668.0,670.0,649.0,655.0,627,415711.0,TQBR
2019-10-11,660.0,660.0,655.0,660.0,222,146477.0,TQBR
2019-10-14,660.0,678.0,654.0,670.0,350,232136.0,TQBR
2019-10-15,670.0,670.0,662.0,663.0,1029,685490.0,TQBR
2019-10-16,670.0,670.0,657.0,659.0,449,298024.0,TQBR
2019-10-17,669.0,679.0,662.0,662.0,560,374375.0,TQBR
2019-10-18,661.0,661.0,653.0,657.0,1764,1160936.0,TQBR
2019-10-21,668.0,668.0,654.0,655.0,22142,14504635.0,TQBR
2019-10-22,657.0,658.0,650.0,650.0,31,20242.0,TQBR
2019-10-23,651.0,651.0,644.0,647.0,14,9066.0,TQBR
2019-10-24,640.0,657.0,640.0,654.0,38,24517.0,TQBR
2019-10-25,642.0,658.0,640.0,640.0,75,48158.0,TQBR
2019-10-28,641.0,650.0,636.0,650.0,60,38628.0,TQBR
2019-10-29,650.0,660.0,641.0,644.0,209,135395.0,TQBR
2019-10-30,656.0,656.0,641.0,648.0,114,73210.0,TQBR
2019-10-31,651.0,657.0,622.0,649.0,765,485455.0,TQBR
2019-11-01,649.0,657.0,645.0,657.0,214,140226.0,TQBR
2019-11-05,644.0,657.0,640.0,652.0,278,180279.0,TQBR
2019-11-06,658.0,660.0,651.0,652.0,74,48605.0,TQBR
2019-11-07,656.0,662.0,654.0,659.0,121,79546.0,TQBR
2019-11-08,653.0,659.0,645.0,654.0,574,372979.0,TQBR
2019-11-11,655.0,659.0,649.0,653.0,1077,702067.0,TQBR
2019-11-12,652.0,655.0,646.0,650.0,1041,678022.0,TQBR
2019-11-13,657.0,657.0,650.0,654.0,14,9160.0,TQBR
2019-11-14,660.0,685.0,656.0,680.0,5893,3978786.0,TQBR
2019-11-15,685.0,690.0,674.0,690.0,1629,1115327.0,TQBR
2019-11-18,677.0,700.0,673.0,694.0,551,385437.0,TQBR
2019-11-19,687.0,698.0,685.0,690.0,777,538668.0,TQBR
2019-11-20,698.0,700.0,692.0,695.0,805,560601.0,TQBR
2019-11-21,694.0,721.0,689.0,721.0,582,405096.0,TQBR
2019-11-22,722.0,899.0,680.0,699.0,4041,3008188.0,TQBR
2019-11-25,713.0,713.0,684.0,689.0,840,582303.0,TQBR
2019-11-26,698.0,700.0,682.0,682.0,299,207555.0,TQBR
2019-11-27,675.0,697.0,675.0,697.0,28,19351.0,TQBR
2019-11-28,689.0,693.0,680.0,680.0,80,54688.0,TQBR
2019-11-29,688.0,690.0,668.0,682.0,169,115175.0,TQBR
2019-12-02,669.0,688.0,666.0,683.0,13,8842.0,TQBR
2019-12-03,690.0,690.0,665.0,669.0,46,31191.0,TQBR
2019-12-04,669.0,671.0,669.0,671.0,2,1340.0,TQBR
2019-12-05,665.0,677.0,665.0,671.0,15,10095.0,TQBR
2019-12-06,676.0,676.0,671.0,671.0,2,1347.0,TQBR
2019-12-09,665.0,668.0,660.0,660.0,14,9256.0,TQBR
2019-12-10,661.0,667.0,661.0,667.0,31,20591.0,TQBR
2019-12-11,680.0,687.0,668.0,668.0,43,29054.0,TQBR
2019-12-12,661.0,670.0,660.0,660.0,593,395708.0,TQBR
2019-12-13,674.0,674.0,639.0,654.0,1029,669580.0,TQBR
2019-12-16,659.0,679.0,653.0,665.0,993,655646.0,TQBR
2019-12-17,643.0,664.0,633.0,654.0,557,365663.0,TQBR
2019-12-18,650.0,655.0,630.0,655.0,850,549981.0,TQBR
2019-12-19,642.0,655.0,642.0,655.0,2197,1420672.0,TQBR
2019-12-20,650.0,665.0,650.0,652.0,22,14419.0,TQBR
2019-12-23,669.0,709.0,667.0,680.0,561,384895.0,TQBR
2019-12-24,699.0,787.0,662.0,700.0,4164,2996931.0,TQBR
2019-12-25,700.0,759.0,700.0,750.0,5668,4135584.0,TQBR
2019-12-26,770.0,770.0,728.0,739.0,1237,919464.0,TQBR
2019-12-27,733.0,752.0,730.0,752.0,1521,1132336.0,TQBR
2019-12-30,752.0,755.0,703.0,740.0,3124,2256913.0,TQBR
2020-01-03,708.0,735.0,708.0,726.0,363,263766.0,TQBR
2020-01-06,707.0,739.0,707.0,729.0,252,184259.0,TQBR
2020-01-08,707.0,743.0,707.0,717.0,354,258493.0,TQBR
2020-01-09,712.0,740.0,706.0,723.0,871,627668.0,TQBR
2020-01-10,720.0,735.0,719.0,725.0,650,473442.0,TQBR
2020-01-13,725.0,750.0,725.0,733.0,368,271211.0,TQBR
2020-01-14,742.0,765.0,740.0,751.0,1203,905129.0,TQBR
2020-01-15,759.0,863.0,751.0,791.0,5059,4104010.0,TQBR
2020-01-16,805.0,863.0,804.0,850.0,2088,1762722.0,TQBR
2020-01-17,862.0,875.0,845.0,851.0,625,537199.0,TQBR
2020-01-20,855.0,875.0,836.0,872.0,975,838580.0,TQBR
2020-01-21,872.0,894.0,865.0,888.0,782,688900.0,TQBR
2020-01-22,888.0,897.0,872.0,889.0,2544,2263065.0,TQBR
2020-01-23,898.0,898.0,877.0,892.0,457,406512.0,TQBR
2020-01-24,893.0,900.0,888.0,898.0,508,455071.0,TQBR
2020-01-27,887.0,895.0,876.0,885.0,368,325925.0,TQBR
2020-01-28,890.0,910.0,890.0,893.0,486,436496.0,TQBR
2020-01-29,911.0,916.0,891.0,907.0,336,304501.0,TQBR
2020-01-30,911.0,1090.0,911.0,978.0,1647,1631830.0,TQBR
2020-01-31,991.0,1259.0,955.0,1001.0,7707,8268061.0,TQBR
2020-02-03,1001.0,1050.0,968.0,975.0,1257,1249621.0,TQBR
2020-02-04,985.0,1149.0,931.0,1007.0,4766,4973169.0,TQBR
2020-02-05,1050.0,1050.0,973.0,989.0,2306,2277969.0,TQBR
2020-02-06,972.0,1018.0,972.0,994.0,829,826554.0,TQBR
2020-02-07,987.0,998.0,987.0,990.0,214,211801.0,TQBR
2020-02-10,996.0,1040.0,961.0,978.0,1304,1295599.0,TQBR
2020-02-11,1046.0,1046.0,995.0,1010.0,2659,2697343.0,TQBR
2020-02-12,1017.0,1039.0,1008.0,1020.0,3109,3174751.0,TQBR
2020-02-13,1024.0,1039.0,1012.0,1020.0,967,982600.0,TQBR
2020-02-14,1029.0,1086.0,1000.0,1030.0,5953,6121071.0,TQBR
2020-02-17,1010.0,1124.0,1010.0,1080.0,2224,2444371.0,TQBR
2020-02-18,1101.0,1123.0,1070.0,1070.0,1612,1754369.0,TQBR
2020-02-19,1049.0,1112.0,1049.0,1097.0,1787,1943563.0,TQBR
2020-02-20,1097.0,1120.0,1070.0,1100.0,2686,2951913.0,TQBR
2020-02-21,1095.0,1135.0,1095.0,1100.0,4956,5459851.0,TQBR
2020-02-25,1112.0,1124.0,1099.0,1108.0,1956,2170752.0,TQBR
2020-02-26,1108.0,1140.0,1090.0,1095.0,3317,3676682.0,TQBR
2020-02-27,1092.0,1111.0,1084.0,1110.0,837,924628.0,TQBR
2020-02-28,1099.0,1107.0,971.0,1031.0,1226,1278381.0,TQBR
2020-03-02,1020.0,1115.0,1020.0,1080.0,1631,1762195.0,TQBR
2020-03-03,1100.0,1186.0,1086.0,1100.0,1279,1408981.0,TQBR
2020-03-04,1129.0,1130.0,1103.0,1120.0,778,868231.0,TQBR
2020-03-05,1150.0,1150.0,1113.0,1135.0,1814,2045203.0,TQBR
2020-03-06,1157.0,1157.0,1110.0,1110.0,2116,2374211.0,TQBR
2020-03-10,1070.0,1140.0,1011.0,1120.0,1122,1223976.0,TQBR
2020-03-11,1120.0,1178.0,1100.0,1125.0,1095,1239616.0,TQBR
2020-03-12,1188.0,1500.0,1050.0,1117.0,2931,3418672.0,TQBR
2020-03-13,1095.0,1250.0,1082.0,1120.0,840,947237.0,TQBR
2020-03-16,1133.0,1166.0,1067.0,1125.0,2077,2327603.0,TQBR
2020-03-17,1142.0,1149.0,1056.0,1111.0,1872,2074742.0,TQBR
2020-03-18,1111.0,1150.0,1067.0,1100.0,1704,1856662.0,TQBR
2020-03-19,1095.0,1132.0,1076.0,1127.0,1057,1178160.0,TQBR
2020-03-20,1160.0,1190.0,1132.0,1157.0,899,1041602.0,TQBR
2020-03-23,1157.0,1180.0,1123.0,1173.0,473,546948.0,TQBR
2020-03-24,1186.0,1186.0,1100.0,1140.0,7026,7922743.0,TQBR
2020-03-25,1150.0,1179.0,1116.0,1129.0,1535,1743403.0,TQBR
2020-03-26,1150.0,1150.0,1077.0,1135.0,1081,1211523.0,TQBR
2020-03-27,1157.0,1157.0,1100.0,1125.0,610,682430.0,TQBR
2020-03-30,1123.0,1136.0,1092.0,1096.0,2425,2670295.0,TQBR
2020-03-31,1119.0,1127.0,992.0,1100.0,2821,3095777.0,TQBR
2020-04-01,1102.0,1110.0,1096.0,1100.0,602,662780.0,TQBR
2020-04-02,1110.0,1124.0,1100.0,1124.0,604,671203.0,TQBR
2020-04-03,1124.0,1140.0,1121.0,1133.0,1094,1238171.0,TQBR
2020-04-06,1135.0,1249.0,1135.0,1200.0,12973,15362366.0,TQBR
2020-04-07,1250.0,1250.0,1212.0,1236.0,4175,5174274.0,TQBR
2020-04-08,1250.0,1339.0,1249.0,1318.0,5244,6857004.0,TQBR
2020-04-09,1320.0,1388.0,1300.0,1320.0,3417,4539092.0,TQBR
2020-04-10,1346.0,1381.0,1336.0,1350.0,2276,3073948.0,TQBR
2020-04-13,1374.0,1623.0,1372.0,1500.0,11492,17050187.0,TQBR
2020-04-14,1440.0,1440.0,1380.0,1401.0,7424,10477995.0,TQBR
2020-04-15,1440.0,1600.0,1419.0,1441.0,9131,13439612.0,TQBR
2020-04-16,1469.0,1500.0,1435.0,1500.0,2241,3304536.0,TQBR
2020-04-17,1470.0,1599.0,1470.0,1550.0,8474,13201972.0,TQBR
2020-04-20,1599.0,1599.0,1502.0,1535.0,2845,4415399.0,TQBR
2020-04-21,1518.0,1563.0,1518.0,1531.0,2467,3789682.0,TQBR
2020-04-22,1555.0,1559.0,1398.0,1495.0,7954,11886677.0,TQBR
2020-04-23,1525.0,1549.0,1482.0,1496.0,2394,3591292.0,TQBR
2020-04-24,1499.0,1529.0,1488.0,1495.0,660,987956.0,TQBR
2020-04-27,1496.0,1500.0,1441.0,1480.0,1148,1702290.0,TQBR
2020-04-28,1500.0,1500.0,1470.0,1490.0,2988,4467208.0,TQBR
2020-04-29,1500.0,1598.0,1450.0,1480.0,5203,7710619.0,TQBR
2020-04-30,1482.0,1504.0,1468.0,1487.0,2568,3815830.0,TQBR
2020-05-04,1500.0,1525.0,1480.0,1480.0,1348,2016605.0,TQBR
2020-05-05,1498.0,1499.0,1450.0,1458.0,2077,3053502.0,TQBR
2020-05-06,1482.0,1486.0,1411.0,1438.0,2434,3516499.0,TQBR
2020-05-07,1475.0,1489.0,1438.0,1464.0,1860,2710524.0,TQBR
2020-05-08,1474.0,1500.0,1465.0,1500.0,1258,1871496.0,TQBR
2020-05-12,1500.0,1513.0,1489.0,1500.0,1406,2105865.0,TQBR
2020-05-13,1516.0,1517.0,1485.0,1509.0,1348,2019624.0,TQBR
2020-05-14,1525.0,1584.0,1470.0,1498.0,2266,3402318.0,TQBR
2020-05-15,1508.0,1508.0,1470.0,1486.0,1541,2287070.0,TQBR
2020-05-18,1495.0,1520.0,1470.0,1478.0,1798,2658364.0,TQBR
2020-05-19,1483.0,1488.0,1453.0,1479.0,2026,2978605.0,TQBR
2020-05-20,1480.0,1489.0,1442.0,1457.0,3496,5096972.0,TQBR
2020-05-21,1458.0,1480.0,1429.0,1450.0,2413,3506472.0,TQBR
2020-05-22,1460.0,1477.0,1380.0,1432.0,2973,4269531.0,TQBR
2020-05-25,1470.0,1470.0,1411.0,1423.0,2886,4100836.0,TQBR
2020-05-26,1424.0,1440.0,1382.0,1400.0,2941,4151134.0,TQBR
2020-05-27,1434.0,1434.0,1312.0,1375.0,4800,6540452.0,TQBR
2020-05-28,1398.0,1405.0,1345.0,1348.0,2631,3570028.0,TQBR
2020-05-29,1370.0,1370.0,1240.0,1290.0,6508,8515264.0,TQBR
2020-06-01,1324.0,1324.0,1220.0,1234.0,4154,5168269.0,TQBR
2020-06-02,1236.0,1236.0,1153.0,1220.0,6032,7239271.0,TQBR
2020-06-03,1225.0,1350.0,1216.0,1323.0,9467,12347414.0,TQBR
2020-06-04,1350.0,1350.0,1309.0,1335.0,3612,4820879.0,TQBR
2020-06-05,1338.0,1350.0,1324.0,1343.0,2909,3895355.0,TQBR
2020-06-08,1369.0,1404.0,1353.0,1367.0,1962,2689828.0,TQBR
2020-06-09,1398.0,1398.0,1309.0,1341.0,3150,4232820.0,TQBR
2020-06-10,1325.0,1373.0,1325.0,1353.0,566,756421.0,TQBR
2020-06-11,1353.0,1379.0,1339.0,1350.0,1034,1393293.0,TQBR
2020-06-15,1351.0,1380.0,1315.0,1341.0,620,831501.0,TQBR
2020-06-16,1350.0,1352.0,1339.0,1350.0,791,1065090.0,TQBR
2020-06-17,1365.0,1375.0,1326.0,1349.0,593,800313.0,TQBR
2020-06-18,1370.0,1375.0,1337.0,1350.0,544,736472.0,TQBR
2020-06-19,1351.0,1355.0,1342.0,1355.0,520,701541.0,TQBR
2020-06-22,1370.0,1376.0,1347.0,1350.0,1025,1389186.0,TQBR
2020-06-23,1351.0,1351.0,1335.0,1342.0,566,759238.0,TQBR
2020-06-25,1345.0,1374.0,1331.0,1349.0,479,642847.0,TQBR
2020-06-26,1350.0,1350.0,1330.0,1341.0,1819,2436996.0,TQBR
2020-06-29,1340.0,1350.0,1331.0,1335.0,640,856630.0,TQBR
2020-06-30,1340.0,1340.0,1309.0,1340.0,672,897631.0,TQBR
2020-07-02,1340.0,1369.0,1313.0,1362.0,445,599885.0,TQBR
2020-07-03,1370.0,1380.0,1342.0,1363.0,762,1035549.0,TQBR
2020-07-06,1377.0,1377.0,1343.0,1350.0,495,672084.0,TQBR
2020-07-07,1370.0,1375.0,1350.0,1368.0,1560,2124824.0,TQBR
2020-07-08,1370.0,1379.0,1353.0,1358.0,714,976657.0,TQBR
2020-07-09,1380.0,1380.0,1354.0,1370.0,1136,1553290.0,TQBR
2020-07-10,1380.0,1412.0,1356.0,1370.0,3022,4181810.0,TQBR
2020-07-13,1360.0,1369.0,1336.0,1355.0,1648,2232632.0,TQBR
2020-07-14,1355.0,1362.0,1350.0,1354.0,451,611011.0,TQBR
2020-07-15,1363.0,1370.0,1326.0,1360.0,578,781142.0,TQBR
2020-07-16,1360.0,1360.0,1345.0,1356.0,899,1214016.0,TQBR
2020-07-17,1360.0,1360.0,1350.0,1350.0,624,846257.0,TQBR
2020-07-20,1385.0,1395.0,1345.0,1350.0,2526,3443559.0,TQBR
2020-07-21,1389.0,1389.0,1336.0,1346.0,2339,3149375.0,TQBR
2020-07-22,1349.0,1350.0,1330.0,1340.0,2383,3193969.0,TQBR
2020-07-23,1345.0,1358.0,1321.0,1330.0,4487,5993888.0,TQBR
2020-07-24,1360.0,1390.0,1321.0,1348.0,5877,7926315.0,TQBR
2020-07-27,1348.0,1355.0,1319.0,1339.0,2904,3870894.0,TQBR
2020-07-28,1340.0,1345.0,1323.0,1333.0,2179,2903635.0,TQBR
2020-07-29,1336.0,1347.0,1324.0,1329.0,3355,4470431.0,TQBR
2020-07-30,1335.0,1345.0,1325.0,1337.0,1492,1990723.0,TQBR
2020-07-31,1333.0,1338.0,1322.0,1322.0,1702,2257673.0,TQBR
2020-08-03,1330.0,1330.0,1310.0,1322.0,1433,1891476.0,TQBR
2020-08-04,1327.0,1327.0,1300.0,1309.0,1068,1397845.0,TQBR
2020-08-05,1309.0,1310.0,1280.0,1301.0,2880,3731031.0,TQBR
2020-08-06,1306.0,1316.0,1300.0,1309.0,1049,1372163.0,TQBR
2020-08-07,1314.0,1339.0,1304.0,1334.0,1486,1967903.0,TQBR
2020-08-10,1339.0,1374.0,1321.0,1329.0,7568,10156426.0,TQBR
2020-08-11,1345.0,1345.0,1291.0,1319.0,3102,4079343.0,TQBR
2020-08-12,1320.0,1342.0,1310.0,1322.0,1636,2164706.0,TQBR
2020-08-13,1328.0,1334.0,1310.0,1314.0,2409,3167128.0,TQBR
2020-08-14,1319.0,1324.0,1290.0,1323.0,1785,2339812.0,TQBR
2020-08-17,1326.0,1326.0,1305.0,1320.0,1242,1634214.0,TQBR
2020-08-18,1320.0,1343.0,1310.0,1318.0,389,511811.0,TQBR
2020-08-19,1310.0,1338.0,1304.0,1308.0,855,1121818.0,TQBR
2020-08-20,1319.0,1323.0,1305.0,1309.0,697,913522.0,TQBR
2020-08-21,1319.0,1320.0,1306.0,1312.0,492,644992.0,TQBR
2020-08-24,1319.0,1320.0,1299.0,1316.0,1351,1767336.0,TQBR
2020-08-25,1318.0,1318.0,1301.0,1314.0,873,1141988.0,TQBR
2020-08-26,1315.0,1320.0,1302.0,1310.0,1529,2009217.0,TQBR
2020-08-27,1320.0,1336.0,1310.0,1327.0,5120,6787123.0,TQBR
2020-08-28,1330.0,1339.0,1306.0,1322.0,974,1283919.0,TQBR
2020-08-31,1329.0,1330.0,1305.0,1318.0,981,1288296.0,TQBR
2020-09-01,1318.0,1325.0,1307.0,1320.0,1217,1601719.0,TQBR
2020-09-02,1327.0,1327.0,1305.0,1309.0,855,1123354.0,TQBR
2020-09-03,1319.0,1375.0,1314.0,1314.0,11866,15883910.0,TQBR
2020-09-04,1324.0,1324.0,1240.0,1303.0,7553,9835873.0,TQBR
2020-09-07,1320.0,1320.0,1302.0,1307.0,772,1011025.0,TQBR
2020-09-08,1312.0,1312.0,1281.0,1291.0,1202,1555328.0,TQBR
2020-09-09,1310.0,1370.0,1279.0,1295.0,1752,2261782.0,TQBR
2020-09-10,1303.0,1327.0,1285.0,1301.0,1175,1519417.0,TQBR
2020-09-11,1320.0,1320.0,1294.0,1308.0,5036,6570584.0,TQBR
2020-09-14,1322.0,1328.0,1310.0,1315.0,2878,3788269.0,TQBR
2020-09-15,1329.0,1329.0,1306.0,1310.0,10380,13605882.0,TQBR
2020-09-16,1312.0,1324.0,1298.0,1307.0,1440,1874880.0,TQBR
2020-09-17,1311.0,1315.0,1297.0,1310.0,963,1252768.0,TQBR
2020-09-18,1311.0,1318.0,1295.0,1296.0,910,1183376.0,TQBR
2020-09-21,1311.0,1314.0,1261.0,1286.0,1564,2005319.0,TQBR
2020-09-22,1303.0,1304.0,1264.0,1280.0,820,1043902.0,TQBR
2020-09-23,1283.0,1309.0,1281.0,1300.0,3924,5102944.0,TQBR
2020-09-24,1303.0,1303.0,804.0,1290.0,3165,4014088.0,TQBR
2020-09-25,1292.0,1302.0,1272.0,1281.0,2603,3328467.0,TQBR
2020-09-28,1297.0,1297.0,1285.0,1288.0,2575,3321577.0,TQBR
2020-09-29,1298.0,1299.0,1273.0,1278.0,2295,2955229.0,TQBR
2020-09-30,1297.0,1297.0,1274.0,1278.0,601,768407.0,TQBR
2020-10-01,1295.0,1295.0,1269.0,1272.0,560,713424.0,TQBR
2020-10-02,1282.0,1282.0,1242.0,1256.0,753,942124.0,TQBR
2020-10-05,1280.0,1280.0,1255.0,1277.0,823,1037896.0,TQBR
2020-10-06,1285.0,1285.0,1266.0,1279.0,4123,5247102.0,TQBR
2020-10-07,1277.0,1280.0,1246.0,1264.0,1564,1958033.0,TQBR
2020-10-08,1265.0,1275.0,1245.0,1252.0,4526,5669014.0,TQBR
2020-10-09,1265.0,1267.0,1185.0,1252.0,1773,2206833.0,TQBR
2020-10-12,1275.0,1275.0,1251.0,1260.0,2257,2836745.0,TQBR
2020-10-13,1265.0,1265.0,1240.0,1250.0,865,1079312.0,TQBR
2020-10-14,1252.0,1270.0,1244.0,1269.0,3493,4402188.0,TQBR
2020-10-15,1269.0,1270.0,1241.0,1256.0,2869,3590163.0,TQBR
2020-10-16,1260.0,1260.0,1232.0,1242.0,2215,2749520.0,TQBR
2020-10-19,1252.0,1252.0,1235.0,1242.0,2391,2967040.0,TQBR
2020-10-20,1250.0,1255.0,1234.0,1246.0,1414,1761592.0,TQBR
2020-10-21,1248.0,1258.0,1240.0,1245.0,1679,2090790.0,TQBR
2020-10-22,1250.0,1256.0,1241.0,1246.0,4470,5570243.0,TQBR
2020-10-23,1180.0,1250.0,1180.0,1248.0,3146,3908154.0,TQBR
2020-10-26,1270.0,1270.0,1231.0,1235.0,738,915607.0,TQBR
2020-10-27,1250.0,1250.0,1220.0,1228.0,1330,1634062.0,TQBR
2020-10-28,1245.0,1245.0,1191.0,1195.0,2622,3151346.0,TQBR
2020-10-29,1205.0,1210.0,1192.0,1207.0,518,620987.0,TQBR
2020-10-30,1207.0,1207.0,1184.0,1196.0,5993,7167630.0,TQBR
2020-11-02,1210.0,1219.0,1180.0,1216.0,1168,1409326.0,TQBR
2020-11-03,1217.0,1250.0,1217.0,1240.0,896,1105273.0,TQBR
2020-11-05,1250.0,1273.0,1240.0,1273.0,2103,2651007.0,TQBR
2020-11-06,1272.0,1283.0,1255.0,1282.0,810,1030813.0,TQBR
2020-11-09,1296.0,1315.0,1283.0,1314.0,4531,5899461.0,TQBR
2020-11-10,1312.0,1330.0,1300.0,1328.0,5366,7063380.0,TQBR
2020-11-11,1334.0,1335.0,1320.0,1326.0,2057,2726542.0,TQBR
2020-11-12,1328.0,1335.0,1313.0,1327.0,1887,2492295.0,TQBR
2020-11-13,1329.0,1345.0,1319.0,1331.0,2829,3749465.0,TQBR
2020-11-16,1338.0,1351.0,1331.0,1343.0,1261,1695810.0,TQBR
2020-11-17,1346.0,1346.0,1320.0,1325.0,827,1102362.0,TQBR
2020-11-18,1348.0,1348.0,1326.0,1338.0,802,1072277.0,TQBR
2020-11-19,1340.0,1340.0,1321.0,1327.0,847,1123599.0,TQBR
2020-11-20,1332.0,1333.0,1321.0,1328.0,1268,1678442.0,TQBR
2020-11-23,1345.0,1345.0,1323.0,1325.0,1126,1502875.0,TQBR
2020-11-24,1369.0,1369.0,1323.0,1327.0,6112,8117924.0,TQBR
2020-11-25,1336.0,1337.0,1320.0,1333.0,4220,5609395.0,TQBR
2020-11-26,1333.0,1334.0,1323.0,1329.0,474,629710.0,TQBR
2020-11-27,1330.0,1340.0,1320.0,1324.0,4534,5994222.0,TQBR
2020-11-30,1328.0,1328.0,1296.0,1298.0,4862,6342194.0,TQBR
2020-12-01,1320.0,1320.0,1300.0,1313.0,523,684999.0,TQBR
2020-12-02,1320.0,1337.0,1310.0,1320.0,627,826043.0,TQBR
2020-12-03,1325.0,1325.0,1308.0,1311.0,513,673702.0,TQBR
2020-12-04,1324.0,1324.0,1297.0,1304.0,3237,4218617.0,TQBR
2020-12-07,1320.0,1320.0,1291.0,1300.0,1234,1602759.0,TQBR
2020-12-08,1314.0,1314.0,1290.0,1299.0,815,1057345.0,TQBR
2020-12-09,1313.0,1313.0,1292.0,1310.0,596,772331.0,TQBR
2020-12-10,1310.0,1310.0,1290.0,1302.0,572,741034.0,TQBR
2020-12-11,1304.0,1304.0,1290.0,1299.0,574,743200.0,TQBR
2020-12-14,1303.0,1329.0,1292.0,1319.0,880,1146086.0,TQBR
2020-12-15,1314.0,1449.0,1298.0,1393.0,123749,169740097.0,TQBR
2020-12-16,1440.0,1440.0,1351.0,1367.0,20938,29202750.0,TQBR
2020-12-17,1370.0,1388.0,1368.0,1369.0,4782,6575050.0,TQBR
2020-12-18,1370.0,1398.0,1357.0,1368.0,4896,6674774.0,TQBR
2020-12-21,1392.0,1392.0,1356.0,1358.0,3960,5393459.0,TQBR
2020-12-22,1356.0,1366.0,1345.0,1350.0,4040,5467222.0,TQBR
2020-12-23,1377.0,1377.0,1350.0,1360.0,2770,3767633.0,TQBR
2020-12-24,1361.0,1361.0,1350.0,1350.0,876,1186640.0,TQBR
2020-12-25,1334.0,1359.0,1334.0,1358.0,1203,1626366.0,TQBR
2020-12-28,1305.0,1370.0,1305.0,1356.0,5099,6924839.0,TQBR
2020-12-29,1369.0,1490.0,1340.0,1380.0,61987,87462332.0,TQBR
2020-12-30,1382.0,1399.0,1376.0,1395.0,7252,10099106.0,TQBR
2021-01-04,1395.0,1395.0,1378.0,1393.0,6609,9164969.0,TQBR
2021-01-05,1408.0,1408.0,1373.0,1373.0,3371,4644500.0,TQBR
2021-01-06,1363.0,1380.0,1361.0,1370.0,3730,5106919.0,TQBR
2021-01-08,1360.0,1374.0,1355.0,1366.0,2141,2930096.0,TQBR
2021-01-11,1310.0,1388.0,1310.0,1382.0,2990,4127782.0,TQBR
2021-01-12,1381.0,1386.0,1372.0,1372.0,2763,3810370.0,TQBR
2021-01-13,1373.0,1380.0,1363.0,1363.0,1952,2675878.0,TQBR
2021-01-14,1364.0,1370.0,1363.0,1368.0,1166,1593745.0,TQBR
2021-01-15,1364.0,1365.0,1354.0,1355.0,2529,3436935.0,TQBR
2021-01-18,1352.0,1370.0,1352.0,1370.0,3459,4710668.0,TQBR
2021-01-19,1362.0,1376.0,1359.0,1363.0,3090,4222080.0,TQBR
2021-01-20,1360.0,1373.0,1358.0,1361.0,1308,1780491.0,TQBR
2021-01-21,1409.0,1409.0,1353.0,1360.0,3225,4388811.0,TQBR
2021-01-22,1353.0,1363.0,1347.0,1357.0,1613,2179581.0,TQBR
2021-01-25,1350.0,1388.0,1344.0,1361.0,7797,10616821.0,TQBR
2021-01-26,1361.0,1520.0,1355.0,1445.0,42768,60844427.0,TQBR
2021-01-27,1465.0,1772.0,1460.0,1589.0,124944,199527643.0,TQBR
2021-01-28,1590.0,1675.0,1502.0,1598.0,31717,50735586.0,TQBR
2021-01-29,1650.0,1689.0,1596.0,1674.0,14052,23212514.0,TQBR
2021-02-01,1699.0,1750.0,1670.0,1681.0,18744,32093414.0,TQBR
2021-02-02,1720.0,1740.0,1676.0,1699.0,11852,20058967.0,TQBR
2021-02-03,1676.0,1686.0,1501.0,1684.0,12510,20755625.0,TQBR
2021-02-04,1692.0,1727.0,1679.0,1710.0,6347,10825555.0,TQBR
2021-02-05,1732.0,1798.0,1671.0,1736.0,8465,14680299.0,TQBR
2021-02-08,1749.0,1813.0,1740.0,1760.0,12490,22110294.0,TQBR
2021-02-09,1780.0,1817.0,1773.0,1800.0,9631,17271689.0,TQBR
2021-02-10,1809.0,1876.0,1809.0,1830.0,12200,22435678.0,TQBR
2021-02-11,1851.0,2000.0,1841.0,1939.0,13990,26862507.0,TQBR
2021-02-12,1951.0,2288.0,1949.0,2158.0,33909,71148632.0,TQBR
2021-02-15,2180.0,2575.0,2180.0,2510.0,65947,157511339.0,TQBR
2021-02-16,2552.0,3514.0,2466.0,3174.0,300966,923042847.0,TQBR
2021-02-17,3371.0,4442.0,3315.0,4442.0,401705,1616767613.0,TQBR
2021-02-18,4798.0,6204.0,4565.0,6204.0,467424,2746340716.0,TQBR
2021-02-19,6500.0,6822.0,3722.0,3722.0,423465,2035755059.0,TQBR
2021-02-20,3350.0,3350.0,2320.0,2560.0,182169,474985843.0,TQBR
2021-02-22,2438.0,2777.0,2340.0,2499.0,96571,242629864.0,TQBR
2021-02-24,2500.0,2616.0,2400.0,2415.0,29709,73587913.0,TQBR
2021-02-25,2400.0,2417.0,2250.0,2328.0,20559,48094561.0,TQBR
2021-02-26,2305.0,2327.0,2055.0,2055.0,27572,59701196.0,TQBR
2021-03-01,2066.0,2268.0,2008.0,2268.0,41716,92612010.0,TQBR
2021-03-02,2488.0,2494.0,2380.0,2494.0,23139,57436171.0,TQBR
2021-03-03,2600.0,2741.0,2327.0,2415.0,115192,293023637.0,TQBR
2021-03-04,2500.0,2500.0,2092.0,2141.0,33359,74273063.0,TQBR
2021-03-05,2134.0,2292.0,2055.0,2067.0,41799,90469972.0,TQBR
2021-03-09,2100.0,2174.0,2075.0,2138.0,16922,35857963.0,TQBR
2021-03-10,2235.0,2274.0,2113.0,2138.0,27892,60502877.0,TQBR
2021-03-11,2167.0,2599.0,2146.0,2484.0,160037,387651915.0,TQBR
2021-03-12,2555.0,2759.0,2331.0,2423.0,151213,390303303.0,TQBR
2021-03-15,2490.0,2587.0,2362.0,2460.0,52132,128735861.0,TQBR
2021-03-16,2467.0,3443.0,2457.0,3443.0,385151,1169528951.0,TQBR
2021-03-17,3770.0,4537.0,3200.0,3321.0,623343,2515238918.0,TQBR
2021-03-18,3366.0,3845.0,3322.0,3511.0,144427,511845729.0,TQBR
2021-03-19,3589.0,3716.0,3350.0,3431.0,42371,146704134.0,TQBR
2021-03-22,3479.0,3520.0,3228.0,3280.0,26343,87683071.0,TQBR
2021-03-23,3330.0,3330.0,3053.0,3079.0,25686,80675127.0,TQBR
2021-03-24,3100.0,4126.0,3060.0,3964.0,363518,1363499083.0,TQBR
2021-03-25,4067.0,4266.0,3750.0,3960.0,130878,522039922.0,TQBR
2021-03-26,4000.0,4195.0,3816.0,4051.0,88091,358590759.0,TQBR
2021-03-29,4185.0,4322.0,4053.0,4095.0,47644,197264362.0,TQBR
2021-03-30,4147.0,4147.0,3851.0,4008.0,27154,108228987.0,TQBR
2021-03-31,4008.0,4019.0,3890.0,3900.0,11446,45060562.0,TQBR
2021-04-01,3922.0,4016.0,3760.0,3850.0,21660,84479738.0,TQBR
2021-04-02,3930.0,3995.0,3852.0,3917.0,12025,47170925.0,TQBR
2021-04-05,3950.0,3998.0,3850.0,3900.0,12790,50192350.0,TQBR
2021-04-06,3853.0,3923.0,3723.0,3786.0,13481,51445373.0,TQBR
2021-04-07,3789.0,3850.0,3605.0,3670.0,21903,80845150.0,TQBR
2021-04-08,3729.0,3729.0,3400.0,3514.0,48615,170912651.0,TQBR
2021-04-09,3527.0,3589.0,3454.0,3460.0,9592,33487260.0,TQBR
2021-04-12,3509.0,3898.0,3435.0,3655.0,81557,304510026.0,TQBR
2021-04-13,3709.0,3793.0,3600.0,3619.0,22991,84105861.0,TQBR
2021-04-14,3668.0,3668.0,3501.0,3571.0,16194,57683107.0,TQBR
2021-04-15,3565.0,3598.0,3500.0,3512.0,7482,26399330.0,TQBR
2021-04-16,3500.0,3578.0,3500.0,3520.0,8112,28628597.0,TQBR
2021-04-19,3530.0,3627.0,3503.0,3559.0,12001,42769418.0,TQBR
2021-04-20,3580.0,3584.0,3505.0,3528.0,6351,22423908.0,TQBR
2021-04-21,3548.0,3598.0,3473.0,3552.0,9932,34929695.0,TQBR
2021-04-22,3542.0,3552.0,3506.0,3528.0,6798,23930666.0,TQBR
2021-04-23,3528.0,3625.0,3495.0,3550.0,16265,57662512.0,TQBR
2021-04-26,3580.0,3627.0,3551.0,3568.0,12771,45806636.0,TQBR
2021-04-27,3570.0,3619.0,3570.0,3597.0,7717,27719566.0,TQBR
2021-04-28,3630.0,3698.0,3554.0,3626.0,16186,58728355.0,TQBR
2021-04-29,3640.0,3680.0,3572.0,3617.0,9254,33417283.0,TQBR
2021-04-30,3637.0,3658.0,3545.0,3560.0,9865,35443762.0,TQBR
2021-05-04,3580.0,3634.0,3560.0,3620.0,17149,61892185.0,TQBR
2021-05-05,3544.0,3617.0,3513.0,3578.0,10800,38593615.0,TQBR
2021-05-06,3586.0,3647.0,3565.0,3620.0,8168,29375672.0,TQBR
2021-05-07,3617.0,3657.0,3605.0,3620.0,6988,25291215.0,TQBR
2021-05-10,3659.0,3666.0,3585.0,3622.0,6092,22011067.0,TQBR
2021-05-11,3638.0,3657.0,3577.0,3600.0,5637,20333308.0,TQBR
2021-05-12,3625.0,3625.0,3568.0,3582.0,6790,24351361.0,TQBR
2021-05-13,3590.0,3630.0,3568.0,3596.0,5960,21445483.0,TQBR
2021-05-14,3623.0,3649.0,3586.0,3602.0,4269,15384572.0,TQBR
2021-05-17,3630.0,3630.0,3603.0,3624.0,4506,16274171.0,TQBR
2021-05-18,3629.0,3639.0,3605.0,3627.0,3455,12527475.0,TQBR
2021-05-19,3630.0,3660.0,3615.0,3633.0,4158,15098429.0,TQBR
2021-05-20,3640.0,3733.0,3605.0,3639.0,17974,65947649.0,TQBR
2021-05-21,3660.0,3662.0,3615.0,3639.0,5061,18408346.0,TQBR
2021-05-24,3640.0,3700.0,3633.0,3700.0,6120,22401794.0,TQBR
2021-05-25,3700.0,3736.0,3679.0,3704.0,3867,14292684.0,TQBR
2021-05-26,3722.0,3730.0,3685.0,3690.0,4944,18288585.0,TQBR
2021-05-27,3713.0,3713.0,3670.0,3693.0,5541,20449983.0,TQBR
2021-05-28,3700.0,3709.0,3656.0,3673.0,6169,22715320.0,TQBR
2021-05-31,3698.0,3745.0,3573.0,3670.0,30536,111946655.0,TQBR
2021-06-01,3683.0,3728.0,3674.0,3700.0,10993,40545904.0,TQBR
2021-06-02,3700.0,3718.0,3671.0,3691.0,3668,13531354.0,TQBR
2021-06-03,3695.0,3710.0,3674.0,3684.0,5043,18616860.0,TQBR
2021-06-04,3665.0,3671.0,3323.0,3455.0,57742,200792910.0,TQBR
2021-06-07,3500.0,3500.0,3340.0,3343.0,14884,50096444.0,TQBR
2021-06-08,3369.0,3369.0,2999.0,3027.0,58043,181381069.0,TQBR
2021-06-09,2980.0,2994.0,2791.0,2848.0,168731,479798702.0,TQBR
2021-06-10,2850.0,3076.0,2849.0,2945.0,192391,577721472.0,TQBR
2021-06-11,2985.0,3060.0,2875.0,2875.0,82160,241409991.0,TQBR
2021-06-14,2915.0,2999.0,2878.0,2888.0,59157,172312289.0,TQBR
2021-06-15,2904.0,2910.0,2830.0,2830.0,42188,120985358.0,TQBR
2021-06-16,2836.0,2878.0,2805.0,2846.0,49132,139495753.0,TQBR
2021-06-17,2824.0,2862.0,2806.0,2814.0,16094,45442666.0,TQBR
2021-06-18,2839.0,2839.0,2795.0,2805.0,24377,68428886.0,TQBR
2021-06-21,2805.0,2825.0,2781.0,2800.0,16255,45528218.0,TQBR
2021-06-22,2810.0,2814.0,2788.0,2800.0,12421,34757796.0,TQBR
2021-06-23,2795.0,2815.0,2790.0,2798.0,10331,28907284.0,TQBR
2021-06-24,2798.0,2800.0,2780.0,2782.0,9388,26145888.0,TQBR
2021-06-25,2780.0,2780.0,2680.0,2701.0,27949,75868644.0,TQBR
2021-06-28,2702.0,2798.0,2702.0,2765.0,19841,54883866.0,TQBR
2021-06-29,2782.0,2798.0,2750.0,2790.0,9028,25115601.0,TQBR
2021-06-30,2810.0,2849.0,2753.0,2764.0,14358,40229246.0,TQBR
2021-07-01,2793.0,2805.0,2754.0,2771.0,7124,19855841.0,TQBR
2021-07-02,2758.0,2792.0,2758.0,2766.0,8464,23493398.0,TQBR
2021-07-05,2797.0,2798.0,2756.0,2765.0,7591,21013531.0,TQBR
2021-07-06,2799.0,2799.0,2765.0,2771.0,9963,27686197.0,TQBR
2021-07-07,2771.0,2797.0,2731.0,2747.0,11863,32729888.0,TQBR
2021-07-08,2767.0,2767.0,2701.0,2727.0,11218,30516409.0,TQBR
2021-07-09,2715.0,2739.0,2700.0,2705.0,10313,27931648.0,TQBR
2021-07-12,2729.0,2760.0,2705.0,2727.0,7305,19894746.0,TQBR
2021-07-13,2731.0,2731.0,2702.0,2705.0,8595,23279378.0,TQBR
2021-07-14,2715.0,2715.0,2640.0,2646.0,18814,50163163.0,TQBR
2021-07-15,2676.0,2676.0,2580.0,2582.0,23441,61054731.0,TQBR
2021-07-16,2590.0,2590.0,2495.0,2511.0,14745,37269501.0,TQBR
2021-07-19,2508.0,2545.0,2370.0,2400.0,32567,79383338.0,TQBR
2021-07-20,2401.0,2482.0,2385.0,2399.0,15613,37866224.0,TQBR
2021-07-21,2435.0,2779.0,2401.0,2581.0,207764,543491689.0,TQBR
2021-07-22,2616.0,2688.0,2563.0,2604.0,67254,177450340.0,TQBR
2021-07-23,2655.0,2670.0,2576.0,2626.0,18270,47658270.0,TQBR
2021-07-26,2629.0,2649.0,2568.0,2571.0,8556,22149607.0,TQBR
2021-07-27,2594.0,2594.0,2551.0,2560.0,6170,15834566.0,TQBR
2021-07-28,2586.0,2623.0,2560.0,2604.0,11321,29405908.0,TQBR
2021-07-29,2619.0,2700.0,2585.0,2655.0,22707,60021433.0,TQBR
2021-07-30,2654.0,2714.0,2618.0,2655.0,47716,127459242.0,TQBR
2021-08-02,2680.0,2740.0,2656.0,2713.0,21145,57483917.0,TQBR
2021-08-03,2704.0,2750.0,2657.0,2696.0,15487,41675543.0,TQBR
2021-08-04,2696.0,2719.0,2670.0,2686.0,11943,32256781.0,TQBR
2021-08-05,2688.0,2759.0,2683.0,2746.0,18794,51250556.0,TQBR
2021-08-06,2770.0,2840.0,2747.0,2829.0,52948,148970952.0,TQBR
2021-08-09,2850.0,3044.0,2845.0,2995.0,133675,396738915.0,TQBR
2021-08-10,3038.0,3094.0,2922.0,2983.0,54731,165028914.0,TQBR
2021-08-11,3037.0,3077.0,2952.0,3064.0,62182,188441591.0,TQBR
2021-08-12,3088.0,3318.0,3088.0,3317.0,137287,439109165.0,TQBR
2021-08-13,3380.0,3820.0,3200.0,3558.0,488729,1733499705.0,TQBR
2021-08-16,3610.0,3724.0,3350.0,3500.0,189217,655396237.0,TQBR
2021-08-17,3459.0,3547.0,3367.0,3450.0,79727,273161606.0,TQBR
2021-08-18,3511.0,3520.0,3228.0,3344.0,123166,415256210.0,TQBR
2021-08-19,3301.0,3333.0,3071.0,3135.0,110978,348935620.0,TQBR
2021-08-20,3150.0,3151.0,3020.0,3100.0,26801,82240683.0,TQBR
2021-08-23,3129.0,3340.0,3117.0,3340.0,77598,254475319.0,TQBR
2021-08-24,3325.0,3340.0,3230.0,3300.0,28637,94249478.0,TQBR
2021-08-25,3334.0,3334.0,3147.0,3240.0,39495,128006214.0,TQBR
2021-08-26,3258.0,3450.0,3200.0,3330.0,83251,278786970.0,TQBR
2021-08-27,3340.0,3415.0,3307.0,3335.0,27273,91378151.0,TQBR
2021-08-30,3360.0,3387.0,3323.0,3370.0,16577,55651763.0,TQBR
2021-08-31,3380.0,3426.0,3350.0,3380.0,31098,105793194.0,TQBR
2021-09-01,3380.0,3420.0,3330.0,3372.0,19360,65474881.0,TQBR
2021-09-02,3370.0,3415.0,3350.0,3370.0,18818,63589761.0,TQBR
2021-09-03,3370.0,3391.0,3033.0,3285.0,41540,136582359.0,TQBR
2021-09-06,3290.0,3348.0,3157.0,3238.0,25681,83679088.0,TQBR
2021-09-07,3244.0,3287.0,3135.0,3250.0,32589,104145961.0,TQBR
2021-09-08,3280.0,3295.0,3200.0,3200.0,13212,42888001.0,TQBR
2021-09-09,3200.0,3260.0,3160.0,3188.0,17345,55735593.0,TQBR
2021-09-10,3191.0,3238.0,3161.0,3176.0,10229,32607389.0,TQBR
2021-09-13,3133.0,3330.0,3133.0,3277.0,23072,75374028.0,TQBR
2021-09-14,3280.0,3395.0,3280.0,3280.0,17580,58256033.0,TQBR
2021-09-15,3260.0,3345.0,3211.0,3311.0,18787,61900536.0,TQBR
2021-09-16,3330.0,3377.0,3287.0,3320.0,15789,52725651.0,TQBR
2021-09-17,3325.0,3347.0,3250.0,3347.0,16656,54834948.0,TQBR
2021-09-20,3338.0,3338.0,3200.0,3220.0,16378,53046733.0,TQBR
2021-09-21,3220.0,3280.0,3202.0,3225.0,8801,28549322.0,TQBR
2021-09-22,3240.0,3350.0,3225.0,3297.0,19723,65042737.0,TQBR
2021-09-23,3340.0,3515.0,3301.0,3437.0,110492,378121361.0,TQBR
2021-09-24,3459.0,3510.0,3370.0,3422.0,37018,127352219.0,TQBR
2021-09-27,3448.0,3489.0,3380.0,3411.0,26147,89643309.0,TQBR
2021-09-28,3400.0,3431.0,3265.0,3359.0,26236,87928864.0,TQBR
2021-09-29,3365.0,3386.0,3246.0,3299.0,15960,52746556.0,TQBR
2021-09-30,3292.0,3329.0,3260.0,3286.0,14033,46104444.0,TQBR
2021-10-01,3235.0,3355.0,3202.0,3316.0,17792,58548541.0,TQBR
2021-10-04,3344.0,3369.0,3270.0,3281.0,16193,53324207.0,TQBR
2021-10-05,3320.0,3429.0,3320.0,3356.0,38670,130194275.0,TQBR
2021-10-06,3370.0,3378.0,3320.0,3358.0,13648,45774360.0,TQBR
2021-10-07,3379.0,3379.0,3323.0,3340.0,13485,45036913.0,TQBR
2021-10-08,3365.0,3449.0,3340.0,3375.0,16476,55665685.0,TQBR
2021-10-11,3382.0,3419.0,3344.0,3390.0,11807,40055313.0,TQBR
2021-10-12,3399.0,3430.0,3360.0,3398.0,12489,42487320.0,TQBR
2021-10-13,3407.0,3416.0,3351.0,3387.0,10909,36910182.0,TQBR
2021-10-14,3401.0,3549.0,3325.0,3517.0,41576,144227670.0,TQBR
2021-10-15,3550.0,3665.0,3500.0,3518.0,82445,296037615.0,TQBR
2021-10-18,3519.0,3597.0,3518.0,3594.0,18632,66379172.0,TQBR
2021-10-19,3612.0,3649.0,3378.0,3555.0,30386,107905391.0,TQBR
2021-10-20,3565.0,3629.0,3468.0,3615.0,28898,103070059.0,TQBR
2021-10-21,3647.0,3815.0,3600.0,3781.0,180930,674172840.0,TQBR
2021-10-22,3827.0,3950.0,3655.0,3820.0,188719,720613421.0,TQBR
2021-10-25,3845.0,3900.0,3712.0,3849.0,50252,192081255.0,TQBR
2021-10-26,3850.0,4000.0,3790.0,3930.0,148613,588538957.0,TQBR
2021-10-27,3930.0,4000.0,3750.0,3990.0,82003,324449991.0,TQBR
2021-10-28,4023.0,4160.0,4010.0,4066.0,163110,666979535.0,TQBR
2021-10-29,4098.0,4118.0,3900.0,3950.0,74235,296526679.0,TQBR
2021-11-01,3990.0,4138.0,3990.0,4111.0,71246,291469432.0,TQBR
2021-11-02,4130.0,4169.0,4032.0,4090.0,39496,161350995.0,TQBR
2021-11-03,4093.0,4110.0,3967.0,4095.0,36704,148984696.0,TQBR
2021-11-05,4095.0,4150.0,4000.0,4055.0,36198,148194925.0,TQBR
2021-11-08,4022.0,4142.0,4022.0,4128.0,32665,134491416.0,TQBR
2021-11-09,4150.0,4276.0,4128.0,4224.0,74349,313866581.0,TQBR
2021-11-10,4240.0,4296.0,4150.0,4215.0,48545,205563617.0,TQBR
2021-11-11,4230.0,4247.0,3971.0,4015.0,81971,331272805.0,TQBR
2021-11-12,4098.0,4098.0,3652.0,3820.0,150886,574000804.0,TQBR
2021-11-15,3823.0,4046.0,3823.0,3980.0,60957,242359694.0,TQBR
2021-11-16,3980.0,4040.0,3831.0,3855.0,42188,165884866.0,TQBR
2021-11-17,3900.0,3990.0,3823.0,3892.0,17165,67258162.0,TQBR
2021-11-18,3933.0,3933.0,3751.0,3800.0,18503,71526817.0,TQBR
2021-11-19,3824.0,3873.0,3689.0,3712.0,26994,101191587.0,TQBR
2021-11-22,3723.0,3758.0,3475.0,3500.0,50635,181205650.0,TQBR
2021-11-23,3550.0,3785.0,3301.0,3732.0,60779,218198377.0,TQBR
2021-11-24,3780.0,3866.0,3688.0,3716.0,21630,81015937.0,TQBR
2021-11-25,3719.0,3754.0,3620.0,3655.0,14528,53426588.0,TQBR
2021-11-26,3650.0,3650.0,3470.0,3491.0,37613,132502516.0,TQBR
2021-11-29,3575.0,3600.0,3500.0,3554.0,16887,60021086.0,TQBR
2021-11-30,3554.0,3554.0,3400.0,3408.0,23114,80323268.0,TQBR
2021-12-01,3425.0,3662.0,3425.0,3586.0,31423,111608065.0,TQBR
2021-12-02,3566.0,3748.0,3525.0,3669.0,33833,124417673.0,TQBR
2021-12-03,3705.0,3820.0,3644.0,3673.0,41563,155715399.0,TQBR
2021-12-06,3705.0,3722.0,3500.0,3511.0,24003,85870173.0,TQBR
2021-12-07,3575.0,3600.0,3513.0,3580.0,17274,61364485.0,TQBR
2021-12-08,3612.0,3650.0,3435.0,3480.0,22726,80384877.0,TQBR
2021-12-09,3528.0,3528.0,3422.0,3479.0,16149,56235433.0,TQBR
2021-12-10,3496.0,3502.0,3311.0,3311.0,31825,107234367.0,TQBR
2021-12-13,3398.0,3400.0,3050.0,3103.0,63104,201931230.0,TQBR
2021-12-14,3090.0,3484.0,2967.0,3381.0,67385,223881850.0,TQBR
2021-12-15,3400.0,3540.0,3333.0,3352.0,29961,102735416.0,TQBR
2021-12-16,3449.0,3505.0,3416.0,3475.0,28750,99881252.0,TQBR
2021-12-17,3519.0,3519.0,3373.0,3373.0,11338,38743393.0,TQBR
2021-12-20,3400.0,3420.0,3265.0,3376.0,16253,54251323.0,TQBR
2021-12-21,3432.0,3478.0,3394.0,3410.0,10103,34688350.0,TQBR
2021-12-22,3484.0,3519.0,3417.0,3479.0,21884,76079534.0,TQBR
2021-12-23,3513.0,3513.0,3390.0,3414.0,11369,39075474.0,TQBR
2021-12-24,3410.0,3485.0,3384.0,3425.0,13871,47755960.0,TQBR
2021-12-27,3410.0,3453.0,3330.0,3367.0,16601,56122246.0,TQBR
2021-12-28,3386.0,3400.0,3323.0,3334.0,14670,49085678.0,TQBR
2021-12-29,3368.0,3374.0,3317.0,3345.0,9621,32209793.0,TQBR
2021-12-30,3357.0,3396.0,3329.0,3350.0,10139,34078570.0,TQBR
2022-01-03,3360.0,3450.0,3355.0,3403.0,14424,49261034.0,TQBR
2022-01-04,3410.0,3478.0,3379.0,3424.0,16006,54971110.0,TQBR
2022-01-05,3450.0,3475.0,3412.0,3429.0,7367,25345976.0,TQBR
2022-01-06,3440.0,3440.0,3321.0,3353.0,14051,47236897.0,TQBR
2022-01-10,3359.0,3399.0,3333.0,3349.0,8819,29643742.0,TQBR
2022-01-11,3349.0,3399.0,3280.0,3397.0,16423,54850411.0,TQBR
2022-01-12,3400.0,3580.0,3400.0,3580.0,54512,190985722.0,TQBR
2022-01-13,3560.0,3744.0,3513.0,3542.0,60331,220479604.0,TQBR
2022-01-14,3635.0,3674.0,3303.0,3381.0,65087,226503896.0,TQBR
2022-01-17,3402.0,3590.0,3402.0,3460.0,31950,111171457.0,TQBR
2022-01-18,3460.0,3524.0,3252.0,3322.0,26853,89452461.0,TQBR
2022-01-19,3319.0,3377.0,3102.0,3355.0,43168,142645942.0,TQBR
2022-01-20,3408.0,3650.0,3351.0,3400.0,38741,132793496.0,TQBR
2022-01-21,3324.0,3416.0,3205.0,3266.0,50148,164064138.0,TQBR
2022-01-24,3270.0,3308.0,2901.0,3072.0,42967,132005578.0,TQBR
2022-01-25,3135.0,3190.0,3005.0,3086.0,15364,47368957.0,TQBR
2022-01-26,3184.0,3205.0,3082.0,3199.0,12421,39155281.0,TQBR
2022-01-27,3123.0,3230.0,3095.0,3229.0,23160,74271897.0,TQBR
2022-01-28,3245.0,3266.0,3175.0,3266.0,23403,75442388.0,TQBR
2022-01-31,3285.0,3285.0,3204.0,3228.0,31566,101949958.0,TQBR
2022-02-01,3226.0,3271.0,3163.0,3229.0,19719,63619384.0,TQBR
2022-02-02,3221.0,3250.0,3200.0,3210.0,6080,19543996.0,TQBR
2022-02-03,3216.0,3226.0,3125.0,3132.0,7059,22212234.0,TQBR
2022-02-04,3131.0,3180.0,3131.0,3154.0,5276,16669944.0,TQBR
2022-02-07,3195.0,3195.0,3114.0,3159.0,5751,18066877.0,TQBR
2022-02-08,3138.0,3221.0,3138.0,3210.0,4586,14584895.0,TQBR
2022-02-09,3196.0,3250.0,3171.0,3211.0,12661,40618119.0,TQBR
2022-02-10,3211.0,3229.0,3186.0,3215.0,15221,48826791.0,TQBR
2022-02-11,3220.0,3230.0,3129.0,3163.0,20699,65678665.0,TQBR
2022-02-14,3145.0,3158.0,3051.0,3106.0,16923,52427430.0,TQBR
2022-02-15,3119.0,3170.0,3085.0,3138.0,15735,49337795.0,TQBR
2022-02-16,3180.0,3213.0,3126.0,3147.0,14502,45849845.0,TQBR
2022-02-17,3135.0,3135.0,3050.0,3053.0,16751,51427815.0,TQBR
2022-02-18,3055.0,3095.0,2966.0,2992.0,16802,50808790.0,TQBR
2022-02-21,3020.0,3059.0,2492.0,2579.0,63336,174884649.0,TQBR
2022-02-22,2579.0,2850.0,2141.0,2787.0,46620,114918695.0,TQBR
2022-02-24,2547.0,2548.0,1690.0,1915.0,47604,100323220.0,TQBR
2022-02-25,1952.0,2677.0,1952.0,2229.0,33581,78999313.0,TQBR
2022-03-28,2150.0,2605.0,1665.0,2466.0,116490,251673316.0,TQBR
2022-03-29,2525.0,2775.0,2350.0,2560.0,41392,109825056.0,TQBR
2022-03-30,2645.0,2770.0,2569.0,2630.0,23708,63994753.0,TQBR
2022-03-31,2694.0,2697.0,2630.0,2692.0,19265,51227203.0,TQBR
2022-04-01,2710.0,2800.0,2700.0,2710.0,16596,45385004.0,TQBR
2022-04-04,2800.0,2830.0,2711.0,2790.0,18201,50441410.0,TQBR
2022-04-05,2820.0,2900.0,2501.0,2601.0,43961,120683579.0,TQBR
2022-04-06,2600.0,2649.0,2550.0,2555.0,8521,22151785.0,TQBR
2022-04-07,2555.0,2850.0,2552.0,2699.0,31761,86412882.0,TQBR
2022-04-08,2724.0,2795.0,2586.0,2607.0,13000,34642514.0,TQBR
2022-04-11,2610.0,2786.0,2607.0,2650.0,29542,78821716.0,TQBR
2022-04-12,2660.0,2683.0,2555.0,2600.0,12124,31450065.0,TQBR
2022-04-13,2610.0,2648.0,2583.0,2621.0,6617,17298492.0,TQBR
2022-04-14,2640.0,2646.0,2500.0,2556.0,14159,36296617.0,TQBR
2022-04-15,2547.0,2547.0,2433.0,2492.0,7744,19337632.0,TQBR
2022-04-18,2500.0,2527.0,2400.0,2403.0,7656,18774299.0,TQBR
2022-04-19,2449.0,2449.0,2175.0,2311.0,13966,31925565.0,TQBR
2022-04-20,2310.0,2391.0,2275.0,2334.0,7131,16689678.0,TQBR
2022-04-21,2348.0,2475.0,2292.0,2350.0,16336,38796287.0,TQBR
2022-04-22,2351.0,2385.0,2275.0,2292.0,9620,22256669.0,TQBR
2022-04-25,2250.0,2271.0,2199.0,2210.0,6499,14457989.0,TQBR
2022-04-26,2210.0,2300.0,2200.0,2271.0,8562,19240073.0,TQBR
2022-04-27,2271.0,2466.0,2264.0,2370.0,19742,46829806.0,TQBR
2022-04-28,2380.0,2460.0,2330.0,2368.0,12782,30658141.0,TQBR
2022-04-29,2351.0,2420.0,2341.0,2381.0,6123,14594933.0,TQBR
2022-05-04,2390.0,2398.0,2311.0,2315.0,6629,15529037.0,TQBR
2022-05-05,2348.0,2536.0,2305.0,2390.0,40532,99295516.0,TQBR
2022-05-06,2400.0,2468.0,2350.0,2380.0,14655,35228827.0,TQBR
2022-05-11,2417.0,2540.0,2378.0,2480.0,22728,55430352.0,TQBR
2022-05-12,2480.0,2652.0,2451.0,2525.0,47240,120976304.0,TQBR
2022-05-13,2523.0,2592.0,2430.0,2528.0,15392,38832083.0,TQBR
2022-05-16,2550.0,2580.0,2500.0,2512.0,10940,27769425.0,TQBR
2022-05-17,2512.0,2645.0,2503.0,2569.0,21710,56112335.0,TQBR
2022-05-18,2569.0,2675.0,2568.0,2590.0,23977,62537722.0,TQBR
2022-05-19,2605.0,2640.0,2540.0,2560.0,6933,17818148.0,TQBR
2022-05-20,2575.0,2607.0,2450.0,2489.0,14105,35429881.0,TQBR
2022-05-23,2500.0,2507.0,2370.0,2379.0,11369,27524427.0,TQBR
2022-05-24,2380.0,2400.0,2304.0,2350.0,8914,20835548.0,TQBR
2022-05-25,2350.0,2393.0,2340.0,2358.0,4317,10225093.0,TQBR
2022-05-26,2360.0,2388.0,2355.0,2357.0,6027,14282393.0,TQBR
2022-05-27,2370.0,2431.0,2352.0,2384.0,7593,18181495.0,TQBR
2022-05-30,2399.0,2420.0,2355.0,2365.0,7652,18177962.0,TQBR
2022-05-31,2387.0,2387.0,2310.0,2315.0,4554,10634202.0,TQBR
2022-06-01,2316.0,2344.0,2290.0,2312.0,6203,14334436.0,TQBR
2022-06-02,2323.0,2346.0,2277.0,2296.0,6877,15871877.0,TQBR
2022-06-03,2296.0,2304.0,2220.0,2275.0,7172,16219020.0,TQBR
2022-06-06,2305.0,2427.0,2283.0,2336.0,33415,79901296.0,TQBR
2022-06-07,2364.0,2424.0,2320.0,2330.0,16920,40008251.0,TQBR
2022-06-08,2340.0,2357.0,2319.0,2321.0,6734,15704269.0,TQBR
2022-06-09,2345.0,2345.0,2280.0,2300.0,5723,13195759.0,TQBR
2022-06-10,2300.0,2338.0,2280.0,2309.0,8443,19570638.0,TQBR
2022-06-14,2334.0,2340.0,2300.0,2310.0,11308,26244997.0,TQBR
2022-06-15,2299.0,2335.0,2290.0,2308.0,17652,40746386.0,TQBR
2022-06-16,2270.0,2298.0,2250.0,2286.0,13881,31679789.0,TQBR
2022-06-17,2286.0,2292.0,2268.0,2279.0,4902,11171515.0,TQBR
2022-06-20,2274.0,2297.0,2250.0,2279.0,10169,23178456.0,TQBR
2022-06-21,2295.0,2345.0,2263.0,2314.0,30341,70042113.0,TQBR
2022-06-22,2312.0,2333.0,2280.0,2299.0,5328,12246337.0,TQBR
2022-06-23,2302.0,2367.0,2289.0,2334.0,18541,43143691.0,TQBR
2022-06-24,2350.0,2393.0,2339.0,2345.0,11625,27498450.0,TQBR
2022-06-27,2356.0,2440.0,2327.0,2405.0,18803,45101020.0,TQBR
2022-06-28,2427.0,2428.0,2348.0,2381.0,12100,28941088.0,TQBR
2022-06-29,2395.0,2499.0,2271.0,2310.0,40224,96021872.0,TQBR
2022-06-30,2356.0,2358.0,2260.0,2285.0,16664,38327506.0,TQBR
2022-07-01,2309.0,2333.0,2265.0,2318.0,10162,23437707.0,TQBR
2022-07-04,2334.0,2350.0,2300.0,2301.0,9598,22334651.0,TQBR
2022-07-05,2309.0,2340.0,2284.0,2327.0,13497,31219616.0,TQBR
2022-07-06,2327.0,2348.0,2303.0,2308.0,9559,22211578.0,TQBR
2022-07-07,2325.0,2437.0,2311.0,2409.0,31898,76290380.0,TQBR
2022-07-08,2410.0,2560.0,2370.0,2520.0,35890,89686891.0,TQBR
2022-07-11,2550.0,2599.0,2432.0,2450.0,27228,68710225.0,TQBR
2022-07-12,2476.0,2476.0,2300.0,2344.0,25834,60848804.0,TQBR
2022-07-13,2350.0,2398.0,2330.0,2370.0,14678,34829698.0,TQBR
2022-07-14,2382.0,2411.0,2320.0,2403.0,8519,20231791.0,TQBR
2022-07-15,2410.0,2532.0,2405.0,2474.0,31326,77557669.0,TQBR
2022-07-18,2510.0,2510.0,2428.0,2431.0,10249,25217632.0,TQBR
2022-07-19,2420.0,2444.0,2300.0,2393.0,13717,32593767.0,TQBR
2022-07-20,2395.0,2490.0,2395.0,2429.0,12344,30112023.0,TQBR
2022-07-21,2429.0,2436.0,2373.0,2415.0,7736,18595004.0,TQBR
2022-07-22,2415.0,2488.0,2395.0,2434.0,13429,32928559.0,TQBR
2022-07-25,2480.0,2490.0,2435.0,2466.0,8860,21880417.0,TQBR
2022-07-26,2484.0,2489.0,2408.0,2451.0,7760,19091976.0,TQBR
2022-07-27,2468.0,2595.0,2449.0,2540.0,27964,70220391.0,TQBR
2022-07-28,2567.0,2590.0,2440.0,2504.0,23005,57990339.0,TQBR
2022-07-29,2538.0,2550.0,2472.0,2496.0,17928,44920462.0,TQBR
2022-08-01,2520.0,2549.0,2415.0,2481.0,19215,47396734.0,TQBR
2022-08-02,2495.0,2505.0,2432.0,2444.0,9999,24539189.0,TQBR
2022-08-03,2444.0,2514.0,2432.0,2505.0,12353,30694797.0,TQBR
2022-08-04,2506.0,2538.0,2450.0,2492.0,9169,22967506.0,TQBR
2022-08-05,2486.0,2511.0,2372.0,2430.0,17679,42949171.0,TQBR
2022-08-08,2425.0,2495.0,2425.0,2457.0,13459,33148568.0,TQBR
2022-08-09,2479.0,2479.0,2438.0,2460.0,5421,13285006.0,TQBR
2022-08-10,2460.0,2510.0,2460.0,2494.0,13475,33498733.0,TQBR
2022-08-11,2499.0,2516.0,2435.0,2465.0,8807,21845684.0,TQBR
2022-08-12,2470.0,2484.0,2441.0,2482.0,5167,12778573.0,TQBR
2022-08-15,2500.0,2625.0,2491.0,2618.0,49055,126404542.0,TQBR
2022-08-16,2700.0,2700.0,2602.0,2657.0,24139,64055172.0,TQBR
2022-08-17,2670.0,2670.0,2566.0,2634.0,17229,45207291.0,TQBR
2022-08-18,2640.0,2670.0,2585.0,2600.0,15751,41292235.0,TQBR
2022-08-19,2610.0,2704.0,2530.0,2582.0,33110,86889177.0,TQBR
2022-08-22,2567.0,2653.0,2562.0,2653.0,12624,33132485.0,TQBR
2022-08-23,2653.0,2680.0,2630.0,2657.0,8909,23709238.0,TQBR
2022-08-24,2658.0,2700.0,2650.0,2690.0,17323,46528656.0,TQBR
2022-08-25,2774.0,2927.0,2722.0,2788.0,142628,400134676.0,TQBR
2022-08-26,2808.0,2867.0,2736.0,2808.0,37363,105362556.0,TQBR
2022-08-29,2800.0,2869.0,2770.0,2858.0,46513,131980827.0,TQBR
2022-08-30,2930.0,3034.0,2900.0,2926.0,91967,272926386.0,TQBR
2022-08-31,2920.0,3000.0,2920.0,2993.0,33480,99613813.0,TQBR
2022-09-01,3005.0,3068.0,2993.0,3000.0,34479,104649648.0,TQBR
2022-09-02,3000.0,3049.0,2994.0,3038.0,18303,55404291.0,TQBR
2022-09-05,3049.0,3055.0,3010.0,3017.0,15814,47854133.0,TQBR
2022-09-06,3020.0,3037.0,2865.0,2921.0,30955,91248096.0,TQBR
2022-09-07,2920.0,2949.0,2889.0,2937.0,10995,32095275.0,TQBR
2022-09-08,2937.0,3015.0,2917.0,2975.0,21872,65241115.0,TQBR
2022-09-09,2998.0,3034.0,2963.0,2999.0,15969,48050489.0,TQBR
2022-09-12,3033.0,3044.0,2922.0,3023.0,10784,32549835.0,TQBR
2022-09-13,3023.0,3046.0,2985.0,2991.0,19459,58690909.0,TQBR
2022-09-14,2992.0,3045.0,2990.0,3021.0,17422,52622283.0,TQBR
2022-09-15,3040.0,3040.0,2995.0,3023.0,10465,31561106.0,TQBR
2022-09-16,3010.0,3060.0,3003.0,3010.0,15025,45545374.0,TQBR
2022-09-19,3016.0,3040.0,3014.0,3033.0,6561,19882913.0,TQBR
2022-09-20,3033.0,3100.0,2692.0,2791.0,77546,229215313.0,TQBR
2022-09-21,2650.0,2988.0,2436.0,2788.0,58913,163289292.0,TQBR
2022-09-22,2801.0,2897.0,2720.0,2800.0,36947,103487639.0,TQBR
2022-09-23,2835.0,2835.0,2567.0,2628.0,28279,75718679.0,TQBR
2022-09-26,2599.0,2749.0,2400.0,2547.0,52546,134521200.0,TQBR
2022-09-27,2561.0,2710.0,2521.0,2662.0,20400,53536276.0,TQBR
2022-09-28,2601.0,2698.0,2594.0,2603.0,13020,34399653.0,TQBR
2022-09-29,2610.0,2648.0,2455.0,2478.0,24492,61850505.0,TQBR
2022-09-30,2455.0,2640.0,2415.0,2551.0,27874,69899977.0,TQBR
2022-10-03,2679.0,2697.0,2594.0,2670.0,78273,206721383.0,TQBR
2022-10-04,2801.0,2820.0,2679.0,2727.0,52439,143813184.0,TQBR
2022-10-05,2740.0,2799.0,2561.0,2674.0,56542,152663665.0,TQBR
2022-10-06,2682.0,2846.0,2674.0,2680.0,74764,204659826.0,TQBR
2022-10-07,2680.0,2745.0,2605.0,2690.0,54359,145890682.0,TQBR
2022-10-10,2600.0,2730.0,2523.0,2711.0,38852,104572386.0,TQBR
2022-10-11,2727.0,2770.0,2720.0,2765.0,52426,144189248.0,TQBR
2022-10-12,2670.0,2750.0,2650.0,2709.0,45132,122235864.0,TQBR
2022-10-13,2724.0,2724.0,2671.0,2697.0,16203,43658924.0,TQBR
2022-10-14,2700.0,2700.0,2661.0,2686.0,10625,28482482.0,TQBR
2022-10-17,2681.0,2728.0,2675.0,2713.0,26433,71703621.0,TQBR
2022-10-18,2730.0,2730.0,2684.0,2707.0,15128,41003973.0,TQBR
2022-10-19,2698.0,2772.0,2651.0,2703.0,34518,93603014.0,TQBR
2022-10-20,2732.0,2858.0,2712.0,2772.0,115530,324233105.0,TQBR
2022-10-21,2795.0,2798.0,2721.0,2776.0,27328,75685020.0,TQBR
2022-10-24,2781.0,2843.0,2740.0,2807.0,27613,77456667.0,TQBR
2022-10-25,2815.0,2845.0,2808.0,2819.0,22108,62375544.0,TQBR
2022-10-26,2830.0,2830.0,2783.0,2800.0,17400,48819887.0,TQBR
2022-10-27,2810.0,2829.0,2798.0,2820.0,22748,64010112.0,TQBR
2022-10-28,2822.0,2830.0,2785.0,2809.0,12177,34182298.0,TQBR
2022-10-31,2809.0,2833.0,2801.0,2812.0,14709,41478911.0,TQBR
2022-11-01,2820.0,2850.0,2790.0,2807.0,14535,40950316.0,TQBR
2022-11-02,2811.0,2820.0,2792.0,2798.0,9348,26181881.0,TQBR
2022-11-03,2795.0,2795.0,2500.0,2759.0,33089,90522666.0,TQBR
2022-11-07,2774.0,2833.0,2770.0,2815.0,22823,64104587.0,TQBR
2022-11-08,2820.0,2850.0,2815.0,2822.0,23885,67673693.0,TQBR
2022-11-09,2822.0,2830.0,2768.0,2776.0,21073,59211624.0,TQBR
2022-11-10,2776.0,2816.0,2774.0,2806.0,16259,45519819.0,TQBR
2022-11-11,2816.0,2828.0,2790.0,2791.0,11243,31573366.0,TQBR
2022-11-14,2800.0,2828.0,2790.0,2799.0,12978,36384183.0,TQBR
2022-11-15,2808.0,2808.0,2780.0,2797.0,10599,29662846.0,TQBR
2022-11-16,2781.0,2793.0,2733.0,2778.0,10350,28768056.0,TQBR
2022-11-17,2778.0,2800.0,2773.0,2793.0,9879,27566149.0,TQBR
2022-11-18,2800.0,2800.0,2765.0,2771.0,5644,15670911.0,TQBR
2022-11-21,2786.0,2786.0,2714.0,2748.0,11710,32106447.0,TQBR
2022-11-22,2730.0,2760.0,2726.0,2742.0,6200,16986113.0,TQBR
2022-11-23,2727.0,2753.0,2727.0,2737.0,4924,13497685.0,TQBR
2022-11-24,2741.0,2800.0,2741.0,2774.0,14819,41148533.0,TQBR
2022-11-25,2775.0,2775.0,2739.0,2747.0,10897,30021809.0,TQBR
2022-11-28,2753.0,2778.0,2750.0,2766.0,11763,32536533.0,TQBR
2022-11-29,2766.0,2838.0,2757.0,2772.0,35864,100190182.0,TQBR
2022-11-30,2790.0,2814.0,2775.0,2785.0,25372,71014474.0,TQBR
2022-12-01,2791.0,2840.0,2785.0,2815.0,50103,141347015.0,TQBR
2022-12-02,2826.0,2861.0,2815.0,2855.0,41129,116825765.0,TQBR
2022-12-05,2945.0,2992.0,2841.0,2851.0,134187,392448524.0,TQBR
2022-12-06,2867.0,2869.0,2799.0,2814.0,32371,91572986.0,TQBR
2022-12-07,2848.0,2952.0,2820.0,2842.0,68005,195016869.0,TQBR
2022-12-08,2835.0,2880.0,2805.0,2813.0,33085,94057100.0,TQBR
2022-12-09,2830.0,2840.0,2806.0,2826.0,14816,41906687.0,TQBR
2022-12-12,2830.0,2840.0,2812.0,2814.0,11152,31538827.0,TQBR
2022-12-13,2819.0,2828.0,2750.0,2773.0,22881,63847787.0,TQBR
2022-12-14,2775.0,2780.0,2730.0,2743.0,13817,38079495.0,TQBR
2022-12-15,2740.0,2786.0,2669.0,2705.0,23980,65497049.0,TQBR
2022-12-16,2705.0,2746.0,2700.0,2727.0,10150,27638289.0,TQBR
2022-12-19,2730.0,2749.0,2692.0,2698.0,13220,35735324.0,TQBR
2022-12-20,2698.0,2785.0,2669.0,2739.0,22911,62441877.0,TQBR
2022-12-21,2754.0,2779.0,2738.0,2752.0,16286,44822266.0,TQBR
2022-12-22,2766.0,2790.0,2733.0,2733.0,21756,59911992.0,TQBR
2022-12-23,2755.0,2756.0,2726.0,2732.0,15743,43162877.0,TQBR
2022-12-26,2748.0,2750.0,2685.0,2729.0,16272,44387037.0,TQBR
2022-12-27,2731.0,2745.0,2721.0,2737.0,11544,31613933.0,TQBR
2022-12-28,2744.0,2800.0,2732.0,2759.0,33341,92432237.0,TQBR
2022-12-29,2790.0,2790.0,2759.0,2775.0,13503,37470794.0,TQBR
2022-12-30,2788.0,2800.0,2755.0,2768.0,17461,48460820.0,TQBR
2023-01-03,2785.0,2827.0,2770.0,2806.0,15666,43883322.0,TQBR
2023-01-04,2812.0,2833.0,2800.0,2811.0,9446,26585297.0,TQBR
2023-01-05,2813.0,2833.0,2811.0,2822.0,10200,28820586.0,TQBR
2023-01-06,2820.0,2860.0,2813.0,2838.0,12572,35684214.0,TQBR
2023-01-09,2837.0,2859.0,2833.0,2851.0,23699,67588845.0,TQBR
2023-01-10,2858.0,2896.0,2839.0,2888.0,44770,128266554.0,TQBR
2023-01-11,2898.0,2935.0,2861.0,2893.0,78012,226311697.0,TQBR
2023-01-12,2903.0,2906.0,2888.0,2890.0,24432,70795109.0,TQBR
2023-01-13,2890.0,2898.0,2860.0,2879.0,24606,70937459.0,TQBR
2023-01-16,2895.0,2911.0,2883.0,2899.0,36701,106502490.0,TQBR
2023-01-17,2910.0,2911.0,2861.0,2878.0,44054,127215200.0,TQBR
2023-01-18,2876.0,2905.0,2865.0,2885.0,32001,92353067.0,TQBR
2023-01-19,2887.0,2891.0,2851.0,2870.0,44472,127443415.0,TQBR
2023-01-20,2803.0,2820.0,2800.0,2802.0,69379,194898480.0,TQBR
2023-01-23,2811.0,2817.0,2801.0,2811.0,14549,40874595.0,TQBR
2023-01-24,2808.0,2835.0,2802.0,2821.0,24703,69706960.0,TQBR
2023-01-25,2825.0,2845.0,2810.0,2829.0,18449,52262480.0,TQBR
2023-01-26,2843.0,2846.0,2822.0,2840.0,13712,38947370.0,TQBR
2023-01-27,2840.0,2849.0,2812.0,2825.0,17788,50427258.0,TQBR
2023-01-30,2840.0,2865.0,2830.0,2858.0,20545,58583893.0,TQBR
2023-01-31,2865.0,2875.0,2857.0,2867.0,11744,33695769.0,TQBR
2023-02-01,2870.0,2890.0,2862.0,2868.0,21541,61957031.0,TQBR
2023-02-02,2876.0,2895.0,2863.0,2875.0,20093,57806334.0,TQBR
2023-02-03,2888.0,2891.0,2838.0,2846.0,15814,45237508.0,TQBR
2023-02-06,2864.0,2943.0,2853.0,2926.0,46661,135848515.0,TQBR
2023-02-07,2931.0,2935.0,2881.0,2916.0,20669,60227730.0,TQBR
2023-02-08,2927.0,2970.0,2901.0,2943.0,42893,126077879.0,TQBR
2023-02-09,2945.0,2956.0,2905.0,2926.0,22022,64409563.0,TQBR
2023-02-10,2926.0,2950.0,2920.0,2930.0,16657,48939162.0,TQBR
2023-02-13,2936.0,2982.0,2932.0,2969.0,26177,77524223.0,TQBR
2023-02-14,2970.0,3010.0,2901.0,2912.0,44694,132236587.0,TQBR
2023-02-15,2912.0,2921.0,2815.0,2836.0,37198,106536669.0,TQBR
2023-02-16,2860.0,2895.0,2831.0,2845.0,29077,82998744.0,TQBR
2023-02-17,2845.0,2863.0,2807.0,2820.0,27485,77781841.0,TQBR
2023-02-20,2840.0,2840.0,2758.0,2819.0,24355,68149412.0,TQBR
2023-02-21,2830.0,2891.0,2806.0,2878.0,27595,78931763.0,TQBR
2023-02-22,2878.0,2890.0,2846.0,2854.0,10142,29020907.0,TQBR
2023-02-24,2874.0,2890.0,2850.0,2886.0,7810,22458180.0,TQBR
2023-02-27,2884.0,2936.0,2864.0,2925.0,23551,68576365.0,TQBR
2023-02-28,2933.0,2969.0,2924.0,2960.0,29212,86274834.0,TQBR
2023-03-01,2960.0,3020.0,2950.0,3017.0,44519,133539150.0,TQBR
2023-03-02,3019.0,3045.0,2900.0,2960.0,67241,200824329.0,TQBR
2023-03-03,2960.0,3036.0,2934.0,3012.0,36139,107875944.0,TQBR
2023-03-06,3026.0,3228.0,3026.0,3200.0,178405,564122391.0,TQBR
2023-03-07,3230.0,3299.0,3200.0,3215.0,116822,379029219.0,TQBR
2023-03-09,3223.0,3499.0,3216.0,3495.0,440147,1501154152.0,TQBR
2023-03-10,3487.0,3550.0,3351.0,3381.0,419723,1442235503.0,TQBR
2023-03-13,3689.0,3690.0,3508.0,3553.0,506735,1809987463.0,TQBR
2023-03-14,3569.0,3590.0,3513.0,3566.0,104556,371581560.0,TQBR
2023-03-15,3571.0,3600.0,3500.0,3527.0,109805,388633522.0,TQBR
2023-03-16,3527.0,3580.0,3521.0,3562.0,72689,258493584.0,TQBR
2023-03-17,3565.0,3580.0,3545.0,3567.0,76848,273955263.0,TQBR
2023-03-20,3580.0,3620.0,3575.0,3605.0,78261,281810839.0,TQBR
2023-03-21,3610.0,3625.0,3605.0,3613.0,45135,163247335.0,TQBR
2023-03-22,3614.0,3846.0,3613.0,3804.0,146538,546396585.0,TQBR
2023-03-23,3814.0,3968.0,3811.0,3919.0,210284,820923245.0,TQBR
2023-03-24,3920.0,3948.0,3860.0,3894.0,91577,357727959.0,TQBR
2023-03-27,3904.0,4010.0,3903.0,4009.0,106439,422216669.0,TQBR
2023-03-28,4020.0,4083.0,3950.0,4038.0,106443,429359663.0,TQBR
2023-03-29,4041.0,4068.0,4007.0,4032.0,43245,174210568.0,TQBR
2023-03-30,4043.0,4044.0,4010.0,4023.0,37573,151062764.0,TQBR
2023-03-31,4029.0,4051.0,4001.0,4037.0,65408,263282266.0,TQBR
2023-04-03,4044.0,4345.0,4041.0,4311.0,250520,1058164227.0,TQBR
2023-04-04,4314.0,4536.0,4297.0,4443.0,323245,1435502770.0,TQBR
2023-04-05,4450.0,4512.0,4290.0,4409.0,151667,668810048.0,TQBR
2023-04-06,4433.0,4479.0,4416.0,4420.0,89639,399151604.0,TQBR
2023-04-07,4443.0,4443.0,4367.0,4430.0,60120,264773731.0,TQBR
2023-04-10,4461.0,4465.0,4423.0,4449.0,59710,265548108.0,TQBR
2023-04-11,4458.0,4510.0,4000.0,4393.0,158252,697742819.0,TQBR
2023-04-12,4390.0,4435.0,4350.0,4400.0,57820,254215130.0,TQBR
2023-04-13,4401.0,4427.0,4372.0,4394.0,57571,253338248.0,TQBR
2023-04-14,4397.0,4506.0,4381.0,4489.0,81983,364226136.0,TQBR
2023-04-17,4700.0,4700.0,4530.0,4567.0,201526,923799236.0,TQBR
2023-04-18,4589.0,4589.0,4516.0,4555.0,75704,344539169.0,TQBR
2023-04-19,4543.0,4561.0,4516.0,4542.0,61843,281231928.0,TQBR
2023-04-20,4548.0,4562.0,4425.0,4553.0,76509,345959984.0,TQBR
2023-04-21,4555.0,4605.0,4511.0,4598.0,89553,409145471.0,TQBR
2023-04-24,4598.0,4723.0,4595.0,4709.0,236751,1105838561.0,TQBR
2023-04-25,4308.0,4543.0,4298.0,4427.0,460839,2042062622.0,TQBR
2023-04-26,4427.0,4506.0,4400.0,4421.0,98652,439182060.0,TQBR
2023-04-27,4404.0,4433.0,4306.0,4320.0,106196,462676903.0,TQBR
2023-04-28,4301.0,4314.0,4119.0,4172.0,170513,716173264.0,TQBR
2023-05-02,4170.0,4170.0,3835.0,3940.0,171531,684921396.0,TQBR
2023-05-03,3929.0,4147.0,3755.0,3887.0,206941,820696735.0,TQBR
2023-05-04,3887.0,4072.0,3883.0,4028.0,85330,343533785.0,TQBR
2023-05-05,4040.0,4072.0,3957.0,3983.0,35219,141128818.0,TQBR
2023-05-08,4000.0,4000.0,3900.0,3904.0,17556,69280897.0,TQBR
2023-05-10,3905.0,4065.0,3905.0,4064.0,63777,256622644.0,TQBR
2023-05-11,4084.0,4162.0,3957.0,4026.0,96414,394004847.0,TQBR
2023-05-12,4054.0,4180.0,4013.0,4101.0,60331,246294368.0,TQBR
2023-05-15,4114.0,4150.0,4091.0,4150.0,33278,137501294.0,TQBR
2023-05-16,4170.0,4284.0,4153.0,4283.0,71118,299603596.0,TQBR
2023-05-17,4285.0,4348.0,4176.0,4249.0,90808,386008337.0,TQBR
2023-05-18,4249.0,4257.0,4203.0,4209.0,41043,173742028.0,TQBR
2023-05-19,4215.0,4215.0,4103.0,4150.0,36993,154058154.0,TQBR
2023-05-22,4167.0,4167.0,4050.0,4080.0,38113,156378770.0,TQBR
2023-05-23,4080.0,4150.0,4050.0,4127.0,29053,119309370.0,TQBR
2023-05-24,4130.0,4238.0,4124.0,4220.0,44408,185638010.0,TQBR
2023-05-25,4224.0,4229.0,4170.0,4200.0,24663,103563962.0,TQBR
2023-05-26,4200.0,4280.0,4072.0,4200.0,68050,288026257.0,TQBR
2023-05-29,4245.0,4284.0,4216.0,4246.0,39501,167733493.0,TQBR
2023-05-30,4222.0,4256.0,4151.0,4185.0,46276,195237390.0,TQBR
2023-05-31,4180.0,4181.0,4100.0,4152.0,30910,128069827.0,TQBR
2023-06-01,4152.0,4162.0,4080.0,4104.0,27937,115139599.0,TQBR
2023-06-02,4111.0,4212.0,4085.0,4176.0,36281,150749564.0,TQBR
2023-06-05,4194.0,4196.0,4103.0,4130.0,45147,187527672.0,TQBR
2023-06-06,4120.0,4179.0,3972.0,4150.0,38602,158172750.0,TQBR
2023-06-07,4161.0,4250.0,4110.0,4227.0,40708,170301461.0,TQBR
2023-06-08,4238.0,4280.0,4161.0,4212.0,43076,182143713.0,TQBR
2023-06-09,4212.0,4240.0,4171.0,4205.0,31151,131292216.0,TQBR
2023-06-13,4229.0,4287.0,4210.0,4271.0,49765,211642874.0,TQBR
2023-06-14,4292.0,4319.0,4225.0,4245.0,51135,218714660.0,TQBR
2023-06-15,4255.0,4259.0,4226.0,4242.0,19347,82074447.0,TQBR
2023-06-16,4242.0,4248.0,4200.0,4213.0,23046,97203229.0,TQBR
2023-06-19,4213.0,4224.0,4150.0,4174.0,36689,153434633.0,TQBR
2023-06-20,4176.0,4225.0,4168.0,4202.0,36258,152362675.0,TQBR
2023-06-21,4202.0,4250.0,4185.0,4229.0,28449,119981338.0,TQBR
2023-06-22,4235.0,4430.0,4216.0,4321.0,192622,836381589.0,TQBR
2023-06-23,4363.0,4435.0,4102.0,4172.0,157552,674636970.0,TQBR
2023-06-26,4255.0,4320.0,4032.0,4205.0,94315,397531413.0,TQBR
2023-06-27,4200.0,4253.0,4193.0,4245.0,30255,127978097.0,TQBR
2023-06-28,4249.0,4260.0,4209.0,4218.0,26035,110180958.0,TQBR
2023-06-29,4224.0,4255.0,4217.0,4239.0,24047,101869650.0,TQBR
2023-06-30,4240.0,4240.0,4190.0,4196.0,22809,96080586.0,TQBR
2023-07-03,4204.0,4219.0,4175.0,4184.0,20905,87590741.0,TQBR
2023-07-04,4192.0,4224.0,4155.0,4174.0,24316,101639133.0,TQBR
2023-07-05,4183.0,4299.0,4182.0,4256.0,38287,162777162.0,TQBR
2023-07-06,4295.0,4295.0,4205.0,4211.0,20943,88683907.0,TQBR
2023-07-07,4210.0,4253.0,4209.0,4230.0,17832,75526550.0,TQBR
2023-07-10,4230.0,4395.0,4230.0,4391.0,79559,344572783.0,TQBR
2023-07-11,4399.0,4468.0,4343.0,4415.0,107751,475792111.0,TQBR
2023-07-12,4417.0,4434.0,4343.0,4391.0,46603,205723697.0,TQBR
2023-07-13,4400.0,4586.0,4390.0,4538.0,269436,1218182167.0,TQBR
2023-07-14,4545.0,4566.0,4503.0,4538.0,57981,262668238.0,TQBR
2023-07-17,4520.0,4774.0,4462.0,4757.0,254091,1185769642.0,TQBR
2023-07-18,4800.0,4920.0,4763.0,4875.0,207222,1007161623.0,TQBR
2023-07-19,4875.0,4963.0,4830.0,4885.0,77724,380189073.0,TQBR
2023-07-20,4900.0,4925.0,4687.0,4793.0,119895,576762235.0,TQBR
2023-07-21,4800.0,4967.0,4797.0,4945.0,213546,1046557656.0,TQBR
2023-07-24,4949.0,5050.0,4927.0,5007.0,229020,1145947015.0,TQBR
2023-07-25,5036.0,5038.0,4975.0,4993.0,80374,403338094.0,TQBR
2023-07-26,4999.0,5012.0,4866.0,4922.0,114735,566851812.0,TQBR
2023-07-27,4939.0,4951.0,4854.0,4926.0,124741,610007390.0,TQBR
2023-07-28,4927.0,4935.0,4851.0,4882.0,75801,370076793.0,TQBR
2023-07-31,4900.0,4913.0,4831.0,4863.0,126477,615280881.0,TQBR
2023-08-01,4882.0,5030.0,4862.0,5004.0,157689,782245059.0,TQBR
2023-08-02,5009.0,5116.0,4975.0,5097.0,171578,868549144.0,TQBR
2023-08-03,5350.0,5490.0,5226.0,5467.0,642068,3440807009.0,TQBR
2023-08-04,5470.0,5884.0,5331.0,5617.0,706598,3981266214.0,TQBR
2023-08-07,5710.0,5900.0,5614.0,5800.0,303714,1756026792.0,TQBR
2023-08-08,5806.0,5813.0,5620.0,5751.0,200485,1143821208.0,TQBR
2023-08-09,5797.0,5847.0,5651.0,5717.0,258751,1486257084.0,TQBR
2023-08-10,5790.0,5790.0,5501.0,5675.0,367019,2085643370.0,TQBR
2023-08-11,5690.0,5693.0,5577.0,5683.0,167634,943192585.0,TQBR
2023-08-14,5736.0,5847.0,5620.0,5686.0,629840,3634706740.0,TQBR
2023-08-15,5686.0,5799.0,5550.0,5694.0,224508,1285019937.0,TQBR
2023-08-16,5727.0,5740.0,5453.0,5659.0,182271,1022266918.0,TQBR
2023-08-17,5695.0,5750.0,5585.0,5670.0,102429,577887695.0,TQBR
2023-08-18,5670.0,5678.0,5561.0,5630.0,152516,854624584.0,TQBR
2023-08-21,5655.0,5685.0,5610.0,5656.0,116323,656829347.0,TQBR
2023-08-22,5674.0,5754.0,5600.0,5722.0,142370,808680619.0,TQBR
2023-08-23,5737.0,5748.0,5550.0,5593.0,153895,869191833.0,TQBR
2023-08-24,5629.0,5670.0,5425.0,5643.0,93443,523220989.0,TQBR
2023-08-25,5643.0,5659.0,5598.0,5645.0,60857,342870567.0,TQBR
2023-08-28,5648.0,5777.0,5645.0,5766.0,156146,893314433.0,TQBR
2023-08-29,5774.0,5830.0,5713.0,5772.0,163982,947689768.0,TQBR
2023-08-30,5785.0,5849.0,5750.0,5836.0,173629,1009557798.0,TQBR
2023-08-31,5857.0,5946.0,5850.0,5944.0,218563,1291144326.0,TQBR
2023-09-01,5959.0,5975.0,5850.0,5937.0,116616,690703393.0,TQBR
2023-09-04,5950.0,6012.0,5945.0,5992.0,149422,893887248.0,TQBR
2023-09-05,5999.0,6043.0,5872.0,5999.0,144835,868336399.0,TQBR
2023-09-06,6019.0,6020.0,5942.0,5960.0,75100,448498335.0,TQBR
2023-09-07,5961.0,5975.0,5670.0,5834.0,250735,1462095455.0,TQBR
2023-09-08,5801.0,5869.0,5650.0,5799.0,132976,763721773.0,TQBR
2023-09-11,5739.0,5810.0,5680.0,5713.0,90373,519629290.0,TQBR
2023-09-12,5741.0,5900.0,5724.0,5886.0,99868,581675664.0,TQBR
2023-09-13,5879.0,5920.0,5820.0,5851.0,73005,427999585.0,TQBR
2023-09-14,5853.0,5859.0,5606.0,5768.0,114140,656861041.0,TQBR
2023-09-15,5760.0,5890.0,5740.0,5874.0,84960,495258660.0,TQBR
2023-09-18,5908.0,6066.0,5900.0,6001.0,204645,1225276291.0,TQBR
2023-09-19,6010.0,6055.0,5818.0,5847.0,259018,1539656860.0,TQBR
2023-09-20,5859.0,5926.0,5710.0,5872.0,148016,862160218.0,TQBR
2023-09-21,5872.0,5875.0,5711.0,5719.0,126617,731400507.0,TQBR
2023-09-22,5720.0,5830.0,5650.0,5814.0,115142,664384574.0,TQBR
2023-09-25,5845.0,5930.0,5825.0,5910.0,126164,742160902.0,TQBR
2023-09-26,5917.0,5925.0,5822.0,5881.0,158887,932865656.0,TQBR
2023-09-27,5900.0,5960.0,5878.0,5947.0,174927,1038164017.0,TQBR
2023-09-28,5946.0,5977.0,5910.0,5948.0,268865,1599940432.0,TQBR
2023-09-29,5630.0,5649.0,5515.0,5527.0,450411,2525052162.0,TQBR
2023-10-02,5526.0,5628.0,5472.0,5589.0,157581,879908989.0,TQBR
2023-10-03,5587.0,5593.0,5524.0,5568.0,57830,321777327.0,TQBR
2023-10-04,5567.0,5583.0,5500.0,5519.0,46282,256556138.0,TQBR
2023-10-05,5520.0,5560.0,5480.0,5548.0,48027,265244056.0,TQBR
2023-10-06,5553.0,5562.0,5510.0,5540.0,41923,232009795.0,TQBR
2023-10-09,5540.0,5559.0,5513.0,5529.0,41013,227053781.0,TQBR
2023-10-10,5535.0,5638.0,5520.0,5609.0,81168,453628804.0,TQBR
2023-10-11,5620.0,5644.0,5509.0,5516.0,59536,332624115.0,TQBR
2023-10-12,5500.0,5589.0,5367.0,5563.0,62351,345326989.0,TQBR
2023-10-13,5563.0,5711.0,5553.0,5684.0,149821,847845564.0,TQBR
2023-10-16,5700.0,5769.0,5660.0,5759.0,131824,754963968.0,TQBR
2023-10-17,5758.0,5800.0,5742.0,5780.0,74169,428846236.0,TQBR
2023-10-18,5780.0,5800.0,5732.0,5753.0,54713,315243812.0,TQBR
2023-10-19,5770.0,5770.0,5690.0,5700.0,55003,314448717.0,TQBR
2023-10-20,5699.0,5711.0,5605.0,5682.0,51409,291278581.0,TQBR
2023-10-23,5670.0,5797.0,5643.0,5755.0,109243,626725964.0,TQBR
2023-10-24,5775.0,5775.0,5709.0,5713.0,53462,306295054.0,TQBR
2023-10-25,5700.0,5725.0,5680.0,5691.0,30262,172414580.0,TQBR
2023-10-26,5696.0,5710.0,5611.0,5634.0,55218,312370975.0,TQBR
2023-10-27,5634.0,5645.0,5484.0,5595.0,66505,370842001.0,TQBR
2023-10-30,5600.0,5700.0,5545.0,5654.0,47373,268095095.0,TQBR
2023-10-31,5654.0,5700.0,5574.0,5609.0,44404,250005532.0,TQBR
2023-11-01,5600.0,5634.0,5591.0,5614.0,22510,126366296.0,TQBR
2023-11-02,5616.0,5628.0,5570.0,5571.0,27478,153682404.0,TQBR
2023-11-03,5570.0,5597.0,5545.0,5557.0,20140,112102413.0,TQBR
2023-11-06,5565.0,5589.0,5557.0,5584.0,12635,70420830.0,TQBR
2023-11-07,5588.0,5697.0,5587.0,5684.0,48409,273733274.0,TQBR
2023-11-08,5698.0,5739.0,5673.0,5725.0,47912,274093231.0,TQBR
2023-11-09,5730.0,5730.0,5636.0,5658.0,26578,150952827.0,TQBR
2023-11-10,5650.0,5807.0,5636.0,5689.0,136937,781859486.0,TQBR
2023-11-13,5715.0,5795.0,5655.0,5662.0,119361,683049814.0,TQBR
2023-11-14,5674.0,5695.0,5577.0,5598.0,73003,409785647.0,TQBR
2023-11-15,5597.0,5635.0,5557.0,5594.0,49040,273883417.0,TQBR
2023-11-16,5596.0,5616.0,5520.0,5548.0,43344,241521629.0,TQBR
2023-11-17,5554.0,5595.0,5530.0,5559.0,29315,163097245.0,TQBR
2023-11-20,5565.0,5635.0,5559.0,5600.0,35923,201218864.0,TQBR
2023-11-21,5631.0,5631.0,5582.0,5585.0,22371,125393204.0,TQBR
2023-11-22,5603.0,5617.0,5555.0,5583.0,35156,196083269.0,TQBR
2023-11-23,5588.0,5588.0,5520.0,5550.0,47483,263469250.0,TQBR
2023-11-24,5540.0,5580.0,5510.0,5525.0,34247,189763491.0,TQBR
2023-11-27,5525.0,5542.0,5371.0,5412.0,73674,402875200.0,TQBR
2023-11-28,5415.0,5433.0,5264.0,5327.0,85570,456280199.0,TQBR
2023-11-29,5327.0,5523.0,5327.0,5406.0,68683,372908813.0,TQBR
2023-11-30,5430.0,5471.0,5330.0,5354.0,47368,255839932.0,TQBR
2023-12-01,5350.0,5353.0,5125.0,5172.0,105827,552984959.0,TQBR
2023-12-04,5170.0,5170.0,5025.0,5066.0,125682,642552918.0,TQBR
2023-12-05,5070.0,5113.0,4852.0,4986.0,237437,1169367623.0,TQBR
2023-12-06,4966.0,5040.0,4780.0,4802.0,114720,559965621.0,TQBR
2023-12-07,4820.0,4933.0,4725.0,4912.0,140378,676745694.0,TQBR
2023-12-08,4935.0,5100.0,4915.0,4979.0,88556,442633251.0,TQBR
2023-12-11,4998.0,4998.0,4762.0,4797.0,79295,384328131.0,TQBR
2023-12-12,4796.0,5003.0,4773.0,4912.0,110731,540349269.0,TQBR
2023-12-13,4899.0,5004.0,4858.0,4896.0,63042,311317478.0,TQBR
2023-12-14,4901.0,4980.0,4771.0,4865.0,55987,274103269.0,TQBR
2023-12-15,4863.0,5176.0,4775.0,5173.0,139096,703094644.0,TQBR
2023-12-18,5204.0,5422.0,5182.0,5419.0,168361,900576683.0,TQBR
2023-12-19,5435.0,5473.0,5225.0,5356.0,127408,678831083.0,TQBR
2023-12-20,5370.0,5399.0,5302.0,5343.0,44403,237828471.0,TQBR
2023-12-21,5330.0,5348.0,5260.0,5278.0,33508,177552046.0,TQBR
2023-12-22,5299.0,5401.0,5278.0,5384.0,47653,255726654.0,TQBR
2023-12-25,5412.0,5459.0,5324.0,5385.0,61976,333672104.0,TQBR
2023-12-26,5386.0,5444.0,5341.0,5364.0,104227,562115739.0,TQBR
2023-12-27,5297.0,5368.0,5247.0,5333.0,96959,516299634.0,TQBR
2023-12-28,5330.0,5378.0,5300.0,5333.0,37842,202134754.0,TQBR
2023-12-29,5331.0,5379.0,5311.0,5347.0,29383,157328575.0,TQBR
2024-01-03,5348.0,5550.0,5348.0,5534.0,42250,230984730.0,TQBR
2024-01-04,5541.0,5599.0,5520.0,5547.0,26502,147165817.0,TQBR
2024-01-05,5565.0,5590.0,5498.0,5500.0,19183,105976644.0,TQBR
2024-01-08,5515.0,5560.0,5461.0,5521.0,31567,173920162.0,TQBR
2024-01-09,5523.0,5617.0,5504.0,5589.0,53853,299488449.0,TQBR
2024-01-10,5610.0,5780.0,5604.0,5697.0,130320,745993471.0,TQBR
2024-01-11,5705.0,5755.0,5668.0,5719.0,37850,216221051.0,TQBR
2024-01-12,5750.0,5769.0,5686.0,5707.0,41038,235315262.0,TQBR
2024-01-15,5712.0,5769.0,5589.0,5696.0,92029,524572895.0,TQBR
2024-01-16,5714.0,5748.0,5670.0,5728.0,54302,311226176.0,TQBR
2024-01-17,5729.0,5811.0,5705.0,5804.0,71103,409862525.0,TQBR
2024-01-18,5830.0,5837.0,5681.0,5740.0,87586,504452546.0,TQBR
2024-01-19,5740.0,5760.0,5627.0,5688.0,41049,233381732.0,TQBR
2024-01-22,5695.0,5729.0,5688.0,5709.0,22546,128767795.0,TQBR
2024-01-23,5709.0,5743.0,5703.0,5714.0,30362,173858741.0,TQBR
2024-01-24,5715.0,5741.0,5670.0,5683.0,26565,151635221.0,TQBR
2024-01-25,5700.0,5701.0,5591.0,5598.0,46677,263138629.0,TQBR
2024-01-26,5599.0,5638.0,5551.0,5568.0,61203,341489920.0,TQBR
2024-01-29,5598.0,5668.0,5572.0,5603.0,65159,366799584.0,TQBR
2024-01-30,5619.0,5664.0,5603.0,5658.0,43618,246371672.0,TQBR
2024-01-31,5661.0,5750.0,5653.0,5737.0,90666,518060410.0,TQBR
2024-02-01,5750.0,5777.0,5713.0,5743.0,75144,432084455.0,TQBR
2024-02-02,5770.0,5775.0,5709.0,5712.0,31939,182960364.0,TQBR
2024-02-05,5712.0,5748.0,5668.0,5692.0,36670,209236662.0,TQBR
2024-02-06,5688.0,5736.0,5687.0,5725.0,40780,232791709.0,TQBR
2024-02-07,5755.0,5755.0,5705.0,5714.0,27930,159934527.0,TQBR
2024-02-08,5726.0,5726.0,5670.0,5682.0,45156,257409307.0,TQBR
2024-02-09,5695.0,5695.0,5621.0,5666.0,32240,182251040.0,TQBR
2024-02-12,5666.0,5714.0,5660.0,5693.0,29806,169569652.0,TQBR
2024-02-13,5694.0,5720.0,5676.0,5719.0,27824,158652297.0,TQBR
2024-02-14,5725.0,5744.0,5684.0,5697.0,29949,170883481.0,TQBR
2024-02-15,5725.0,5805.0,5678.0,5775.0,100101,574579769.0,TQBR
2024-02-16,5798.0,5820.0,5651.0,5694.0,129746,742027730.0,TQBR
2024-02-19,5694.0,5735.0,5670.0,5675.0,41535,236962652.0,TQBR
2024-02-20,5675.0,5682.0,5507.0,5545.0,100042,558883968.0,TQBR
2024-02-21,5545.0,5560.0,5348.0,5549.0,112490,618303083.0,TQBR
2024-02-22,5561.0,5640.0,5516.0,5570.0,45709,254823025.0,TQBR
2024-02-26,5615.0,5720.0,5591.0,5640.0,127496,719813526.0,TQBR
2024-02-27,5644.0,5671.0,5618.0,5660.0,53362,301254700.0,TQBR
2024-02-28,5662.0,5689.0,5600.0,5630.0,79503,448446800.0,TQBR
2024-02-29,5629.0,5666.0,5601.0,5633.0,52266,294386905.0,TQBR
2024-03-01,5647.0,5668.0,5632.0,5641.0,29939,169271846.0,TQBR
2024-03-04,5665.0,5878.0,5659.0,5838.0,195258,1131774230.0,TQBR
2024-03-05,5838.0,5875.0,5784.0,5825.0,73618,428508895.0,TQBR
2024-03-06,5800.0,5887.0,5784.0,5837.0,74554,436446320.0,TQBR
2024-03-07,5835.0,5883.0,5803.0,5862.0,40573,236743684.0,TQBR
2024-03-11,5880.0,5971.0,5857.0,5907.0,122528,724995963.0,TQBR
2024-03-12,5925.0,5939.0,5824.0,5859.0,78125,459894044.0,TQBR
2024-03-13,5909.0,5916.0,5852.0,5881.0,49236,289804856.0,TQBR
2024-03-14,5851.0,5852.0,5683.0,5754.0,240514,1385728339.0,TQBR
2024-03-15,5765.0,5830.0,5651.0,5667.0,113492,651840330.0,TQBR
2024-03-18,5680.0,5858.0,5654.0,5835.0,186229,1074615929.0,TQBR
2024-03-19,5849.0,5910.0,5800.0,5824.0,111158,653251331.0,TQBR
2024-03-20,5824.0,5899.0,5750.0,5825.0,51453,299993930.0,TQBR
2024-03-21,5826.0,5876.0,5821.0,5857.0,29037,169861840.0,TQBR
2024-03-22,5857.0,5868.0,5702.0,5760.0,62530,360794567.0,TQBR
2024-03-25,5762.0,5850.0,5738.0,5821.0,44226,256771560.0,TQBR
2024-03-26,5846.0,5895.0,5825.0,5891.0,44315,259801736.0,TQBR
2024-03-27,5897.0,5968.0,5815.0,5859.0,71782,421185918.0,TQBR
2024-03-28,5860.0,5879.0,5807.0,5843.0,26825,156731125.0,TQBR
2024-03-29,5855.0,5886.0,5825.0,5869.0,35232,206718051.0,TQBR
2024-04-01,5870.0,5928.0,5861.0,5901.0,51968,306485283.0,TQBR
2024-04-02,5915.0,6150.0,5892.0,6115.0,277489,1673671398.0,TQBR
2024-04-03,6130.0,6190.0,6061.0,6071.0,105259,647772353.0,TQBR
2024-04-04,6090.0,6198.0,6071.0,6140.0,67025,412978875.0,TQBR
2024-04-05,6146.0,6246.0,6105.0,6195.0,59837,370745597.0,TQBR
2024-04-08,6220.0,6250.0,6167.0,6212.0,59956,372314867.0,TQBR
2024-04-09,6212.0,6250.0,6013.0,6122.0,132992,815104315.0,TQBR
2024-04-10,6139.0,6165.0,6100.0,6126.0,53397,327222366.0,TQBR
2024-04-11,6136.0,6210.0,6132.0,6187.0,46645,288510773.0,TQBR
2024-04-12,6188.0,6219.0,6101.0,6116.0,64417,396004773.0,TQBR
2024-04-15,6118.0,6167.0,6118.0,6150.0,35848,220531737.0,TQBR
2024-04-16,6155.0,6218.0,6149.0,6200.0,49558,306629619.0,TQBR
2024-04-17,6205.0,6240.0,6120.0,6141.0,52583,324943973.0,TQBR
2024-04-18,6142.0,6171.0,6050.0,6090.0,60812,370833714.0,TQBR
2024-04-19,6091.0,6159.0,6091.0,6108.0,52009,318326146.0,TQBR
2024-04-22,6110.0,6130.0,6002.0,6044.0,57485,348452547.0,TQBR
2024-04-23,6041.0,6095.0,5936.0,5979.0,96026,578733547.0,TQBR
2024-04-24,5982.0,6001.0,5885.0,5897.0,75500,446682303.0,TQBR
2024-04-25,5899.0,6000.0,5899.0,5998.0,83288,496191273.0,TQBR
2024-04-26,6005.0,6005.0,5909.0,5962.0,65720,390643174.0,TQBR
2024-04-27,5967.0,5977.0,5852.0,5891.0,77043,454572732.0,TQBR
2024-04-29,5891.0,5950.0,5880.0,5941.0,27587,163377443.0,TQBR
2024-04-30,5945.0,5968.0,5911.0,5922.0,17652,104687580.0,TQBR
2024-05-02,5922.0,6037.0,5920.0,6004.0,76457,458544158.0,TQBR
2024-05-03,6006.0,6024.0,5901.0,5956.0,69568,414765502.0,TQBR
2024-05-06,5958.0,5998.0,5911.0,5942.0,62561,372096075.0,TQBR
2024-05-07,5942.0,6013.0,5931.0,5987.0,90341,539972599.0,TQBR
2024-05-08,5989.0,6040.0,5955.0,5987.0,97415,583184124.0,TQBR
2024-05-10,5993.0,6041.0,5986.0,6032.0,130940,787881181.0,TQBR
2024-05-13,5870.0,5929.0,5822.0,5897.0,251900,1479776752.0,TQBR
2024-05-14,5898.0,5899.0,5820.0,5822.0,70398,411374808.0,TQBR
2024-05-15,5830.0,5871.0,5810.0,5848.0,56271,328765514.0,TQBR
2024-05-16,5868.0,5868.0,5819.0,5824.0,24710,144201170.0,TQBR
2024-05-17,5824.0,5919.0,5810.0,5842.0,68838,403791622.0,TQBR
2024-05-20,5850.0,5863.0,5730.0,5782.0,48532,281843413.0,TQBR
2024-05-21,5782.0,5825.0,5782.0,5808.0,21400,124389924.0,TQBR
2024-05-22,5808.0,5815.0,5700.0,5718.0,63470,364846876.0,TQBR
2024-05-23,5718.0,5810.0,5615.0,5711.0,96472,548886672.0,TQBR
2024-05-24,5730.0,5763.0,5601.0,5627.0,65992,373762067.0,TQBR
2024-05-27,5625.0,5715.0,5510.0,5677.0,88313,495801259.0,TQBR
2024-05-28,5690.0,5753.0,5619.0,5625.0,89889,510192605.0,TQBR
2024-05-29,5625.0,5729.0,5625.0,5653.0,26423,149837643.0,TQBR
2024-05-30,5672.0,5940.0,5533.0,5717.0,587654,3397373015.0,TQBR
2024-05-31,5720.0,5742.0,5548.0,5595.0,67013,379419874.0,TQBR
2024-06-03,5595.0,5643.0,5295.0,5520.0,162331,879581540.0,TQBR
2024-06-04,5520.0,5716.0,5465.0,5675.0,66709,372800974.0,TQBR
2024-06-05,5687.0,5870.0,5632.0,5672.0,126505,728537748.0,TQBR
2024-06-06,5632.0,5719.0,5496.0,5543.0,137245,762150459.0,TQBR
2024-06-07,5544.0,5690.0,5506.0,5644.0,105858,592904639.0,TQBR
2024-06-10,5645.0,5684.0,5541.0,5588.0,108233,607018427.0,TQBR
2024-06-11,5565.0,5624.0,5555.0,5580.0,30636,171370640.0,TQBR
2024-06-13,5480.0,5593.0,5308.0,5593.0,89680,494177458.0,TQBR
2024-06-14,5593.0,5699.0,5533.0,5630.0,46480,261342892.0,TQBR
2024-06-17,5631.0,5655.0,5516.0,5556.0,66793,372699506.0,TQBR
2024-06-18,5578.0,5601.0,5470.0,5525.0,60391,335774540.0,TQBR
2024-06-19,5525.0,5540.0,5438.0,5492.0,66246,363323087.0,TQBR
2024-06-20,5492.0,5576.0,5403.0,5487.0,69384,380247919.0,TQBR
2024-06-21,5487.0,5610.0,5481.0,5569.0,50522,281103486.0,TQBR
2024-06-24,5568.0,5640.0,5527.0,5583.0,34119,190583779.0,TQBR
2024-06-25,5585.0,5787.0,5514.0,5728.0,102173,574785665.0,TQBR
2024-06-26,5728.0,5790.0,5680.0,5758.0,66538,382632505.0,TQBR
2024-06-27,5775.0,5775.0,5633.0,5680.0,43462,246778917.0,TQBR
2024-06-28,5674.0,5742.0,5665.0,5701.0,26970,154031854.0,TQBR
2024-07-01,5699.0,5720.0,5650.0,5692.0,29566,168221667.0,TQBR
2024-07-02,5708.0,5753.0,5692.0,5729.0,26047,149235427.0,TQBR
2024-07-03,5742.0,5744.0,5610.0,5645.0,29862,169541487.0,TQBR
2024-07-04,5620.0,5699.0,5539.0,5553.0,53325,300259429.0,TQBR
2024-07-05,5553.0,5606.0,5496.0,5600.0,46492,258509784.0,TQBR
2024-07-08,5600.0,5637.0,5501.0,5516.0,38315,213177606.0,TQBR
2024-07-09,5500.0,5517.0,5391.0,5437.0,55793,303743525.0,TQBR
2024-07-10,5412.0,5462.0,4905.0,5184.0,135770,709201776.0,TQBR
2024-07-11,5177.0,5339.0,5161.0,5282.0,117523,616736082.0,TQBR
2024-07-12,5283.0,5317.0,5180.0,5228.0,49228,258122254.0,TQBR
2024-07-15,5228.0,5260.0,5068.0,5145.0,42844,220517182.0,TQBR
2024-07-16,5146.0,5188.0,5041.0,5164.0,43019,219080953.0,TQBR
2024-07-17,5217.0,5217.0,5044.0,5149.0,52150,265726020.0,TQBR
2024-07-18,5150.0,5279.0,5075.0,5269.0,42040,217547014.0,TQBR
2024-07-19,5269.0,5385.0,5229.0,5365.0,27005,143843806.0,TQBR
2024-07-22,5400.0,5485.0,5381.0,5453.0,51777,281422894.0,TQBR
2024-07-23,5465.0,5465.0,5305.0,5347.0,44824,240414787.0,TQBR
2024-07-24,5326.0,5382.0,5187.0,5262.0,110163,580368164.0,TQBR
2024-07-25,5217.0,5290.0,5208.0,5263.0,35439,186447776.0,TQBR
2024-07-26,5253.0,5288.0,5137.0,5219.0,53312,278729384.0,TQBR
2024-07-29,5208.0,5209.0,5055.0,5076.0,34828,177369441.0,TQBR
2024-07-30,5003.0,5145.0,5003.0,5126.0,35256,179691343.0,TQBR
2024-07-31,5101.0,5140.0,5060.0,5106.0,40175,204444916.0,TQBR
2024-08-01,5106.0,5145.0,5088.0,5107.0,19480,99581858.0,TQBR
2024-08-02,5107.0,5170.0,5079.0,5169.0,46139,236893759.0,TQBR
2024-08-05,5107.0,5143.0,4928.0,4941.0,82267,412354274.0,TQBR
2024-08-06,5055.0,5136.0,4953.0,5127.0,144749,730656668.0,TQBR
2024-08-07,5101.0,5136.0,5015.0,5079.0,71831,363506179.0,TQBR
2024-08-08,5098.0,5098.0,4966.0,5016.0,70784,354538931.0,TQBR
2024-08-09,5000.0,5070.0,4950.0,4954.0,53552,267903806.0,TQBR
2024-08-12,4954.0,5016.0,4750.0,4820.0,174439,842193925.0,TQBR
2024-08-13,4813.0,4898.0,4788.0,4814.0,105521,510060341.0,TQBR
2024-08-14,4835.0,4847.0,4642.0,4689.0,131631,626289833.0,TQBR
2024-08-15,4700.0,4767.0,4400.0,4680.0,517874,2345166756.0,TQBR
2024-08-22,4223.0,4223.0,651.0,714.0,5107096,3927738764.0,TQBR
2024-08-23,713.0,719.0,652.0,687.0,1027863,709738671.0,TQBR
2024-08-26,699.0,709.0,650.0,671.0,708767,475048279.0,TQBR
2024-08-27,671.0,674.0,633.0,648.0,431909,280982062.0,TQBR
2024-08-28,647.0,647.0,605.0,618.0,309465,192489623.0,TQBR
2024-08-29,618.0,621.0,605.0,617.0,175102,107263172.0,TQBR
2024-08-30,620.0,620.0,600.0,601.0,172438,104710469.0,TQBR
2024-09-02,591.0,605.0,581.0,598.0,183485,108827327.0,TQBR
2024-09-03,598.0,618.0,594.0,613.0,153562,93590400.0,TQBR
2024-09-04,614.0,640.0,611.0,634.0,146943,92083277.0,TQBR
2024-09-05,635.0,646.0,621.0,627.0,114956,72317085.0,TQBR
2024-09-06,627.0,634.0,626.0,631.0,76812,48449505.0,TQBR
2024-09-09,631.0,635.0,621.0,633.0,121880,76611569.0,TQBR
2024-09-10,633.0,641.0,623.0,625.0,54346,34160153.0,TQBR
2024-09-11,629.0,630.0,615.0,620.0,49812,31167491.0,TQBR
2024-09-12,620.0,620.0,609.0,611.0,67716,41446688.0,TQBR
2024-09-13,611.0,620.0,602.0,619.0,67291,41046185.0,TQBR
2024-09-16,622.0,632.0,621.0,632.0,69408,43538953.0,TQBR
2024-09-17,632.0,682.0,632.0,682.0,683680,453234284.0,TQBR
2024-09-18,685.0,708.0,662.0,670.0,519946,353235633.0,TQBR
2024-09-19,669.0,691.0,666.0,680.0,264439,179825760.0,TQBR
2024-09-20,681.0,705.0,677.0,691.0,263075,182130825.0,TQBR
2024-09-23,693.0,703.0,680.0,692.0,175787,121719697.0,TQBR
2024-09-24,694.0,698.0,682.0,691.0,109381,75329444.0,TQBR
2024-09-25,691.0,693.0,675.0,679.0,113983,77873269.0,TQBR
2024-09-26,679.0,683.0,662.0,669.0,101923,68231476.0,TQBR
2024-09-27,669.0,669.0,665.0,669.0,55786,37200933.0,TQBR
2024-09-30,669.0,689.0,669.0,676.0,174032,118359804.0,TQBR
2024-10-01,677.0,683.0,670.0,679.0,85412,57774498.0,TQBR
2024-10-02,679.0,683.0,666.0,667.0,77475,52501668.0,TQBR
2024-10-03,668.0,672.0,659.0,670.0,65775,43787916.0,TQBR
2024-10-04,671.0,681.0,660.0,668.0,94943,63800992.0,TQBR
2024-10-07,671.0,678.0,653.0,665.0,132390,88264113.0,TQBR
2024-10-08,665.0,667.0,653.0,660.0,57412,37830113.0,TQBR
2024-10-09,660.0,661.0,637.0,642.0,134567,87023584.0,TQBR
2024-10-10,640.0,647.0,633.0,642.0,130957,83955614.0,TQBR
2024-10-11,630.0,634.0,625.0,632.0,100596,63424197.0,TQBR
2024-10-14,622.0,631.0,618.0,629.0,139247,86896203.0,TQBR
2024-10-15,631.0,642.0,628.0,641.0,84053,53522000.0,TQBR
2024-10-16,641.0,657.0,635.0,636.0,150693,97586429.0,TQBR
2024-10-17,638.0,654.0,638.0,645.0,148337,96059425.0,TQBR
2024-10-18,645.0,654.0,640.0,648.0,47176,30497676.0,TQBR
2024-10-21,648.0,650.0,640.0,642.0,39309,25357803.0,TQBR
2024-10-22,642.0,644.0,631.0,633.0,45792,29091105.0,TQBR
2024-10-23,633.0,634.0,623.0,624.0,43279,27156562.0,TQBR
2024-10-24,624.0,629.0,618.0,627.0,44416,27708817.0,TQBR
2024-10-25,627.0,639.0,623.0,628.0,85690,53998008.0,TQBR
2024-10-28,625.0,628.0,607.0,607.0,101447,62524044.0,TQBR
2024-10-29,607.0,627.0,602.0,610.0,143793,88513276.0,TQBR
2024-10-30,610.0,618.0,609.0,609.0,57487,35267429.0,TQBR
2024-10-31,608.0,614.0,600.0,606.0,69310,41976754.0,TQBR
2024-11-01,606.0,612.0,604.0,611.0,40752,24771700.0,TQBR
2024-11-02,611.0,614.0,609.0,611.0,18416,11257376.0,TQBR
2024-11-05,611.0,649.0,611.0,643.0,187333,118789463.0,TQBR
2024-11-06,651.0,653.0,631.0,638.0,230817,148356923.0,TQBR
2024-11-07,637.0,643.0,627.0,642.0,74973,47682046.0,TQBR
2024-11-08,644.0,644.0,630.0,640.0,75604,48111790.0,TQBR
2024-11-11,643.0,644.0,635.0,643.0,103543,66407241.0,TQBR
2024-11-12,642.0,661.0,637.0,647.0,175832,114489954.0,TQBR
2024-11-13,648.0,657.0,643.0,648.0,175226,114096794.0,TQBR
2024-11-14,648.0,655.0,643.0,653.0,136402,88828380.0,TQBR
2024-11-15,654.0,659.0,649.0,650.0,62356,40714900.0,TQBR
2024-11-18,647.0,648.0,616.0,640.0,72062,46054157.0,TQBR
2024-11-19,640.0,656.0,629.0,644.0,210816,136115630.0,TQBR
2024-11-20,645.0,649.0,631.0,633.0,81007,51827186.0,TQBR
2024-11-21,634.0,637.0,625.0,632.0,61107,38439262.0,TQBR
2024-11-22,634.0,635.0,627.0,630.0,29072,18334507.0,TQBR
2024-11-25,630.0,631.0,601.0,606.0,147460,89966314.0,TQBR
2024-11-26,606.0,612.0,564.0,575.0,275417,161246054.0,TQBR
2024-11-27,574.0,597.0,538.0,592.0,264612,149127975.0,TQBR
2024-11-28,590.0,605.0,569.0,593.0,219976,128828304.0,TQBR
2024-11-29,593.0,598.0,584.0,592.0,54388,32187644.0,TQBR
2024-12-02,593.0,612.0,593.0,600.0,88468,53305185.0,TQBR
2024-12-03,600.0,604.0,572.0,577.0,117014,68103854.0,TQBR
2024-12-04,582.0,600.0,565.0,576.0,258619,150456353.0,TQBR
2024-12-05,578.0,593.0,569.0,586.0,163070,94848596.0,TQBR
2024-12-06,589.0,598.0,583.0,594.0,109696,64636954.0,TQBR
2024-12-09,594.0,603.0,579.0,590.0,107285,63279461.0,TQBR
2024-12-10,590.0,591.0,570.0,574.0,122759,70624785.0,TQBR
2024-12-11,584.0,584.0,546.0,562.0,420467,234532237.0,TQBR
2024-12-12,561.0,562.0,545.0,548.0,200105,110671782.0,TQBR
2024-12-13,548.0,550.0,523.0,538.0,518449,278711630.0,TQBR
2024-12-16,491.0,512.0,460.0,470.0,5246610,2536776575.0,TQBR
2024-12-17,469.0,489.0,467.0,484.0,1780210,848163181.0,TQBR
2024-12-18,485.0,525.0,485.0,506.0,2672590,1341084235.0,TQBR
2024-12-19,514.0,514.0,494.0,500.0,1156185,578599271.0,TQBR
2024-12-20,500.0,529.0,488.0,519.0,1820354,929745990.0,TQBR
2024-12-23,520.0,525.0,502.0,508.0,1554285,791464464.0,TQBR
2024-12-24,508.0,510.0,495.0,500.0,542528,272675979.0,TQBR
2024-12-25,498.0,510.0,498.0,508.0,544198,274469414.0,TQBR
2024-12-26,508.0,513.0,499.0,503.0,663570,334769316.0,TQBR
2024-12-27,500.0,505.0,500.0,502.0,422342,212394852.0,TQBR
2024-12-28,503.0,503.0,496.0,501.0,547171,273762342.0,TQBR
2024-12-30,502.0,519.0,501.0,512.0,669982,343169861.0,TQBR
2025-01-03,513.0,524.0,506.0,508.0,435412,223513884.0,TQBR
2025-01-06,508.0,508.0,501.0,503.0,201481,101374862.0,TQBR
2025-01-08,503.0,525.0,502.0,521.0,518704,266553018.0,TQBR
2025-01-09,517.0,523.0,507.0,510.0,428663,219241749.0,TQBR
2025-01-10,510.0,535.0,509.0,529.0,836291,437353832.0,TQBR
2025-01-13,531.0,542.0,521.0,529.0,864149,459556346.0,TQBR
2025-01-14,529.0,529.0,517.0,521.0,861304,449277987.0,TQBR
2025-01-15,520.0,526.0,508.0,521.0,830455,428500447.0,TQBR
2025-01-16,523.0,524.0,511.0,514.0,990416,510739462.0,TQBR
2025-01-17,515.0,519.0,508.0,512.0,994150,509808844.0,TQBR
2025-01-20,516.0,519.0,492.0,494.0,1258418,636730175.0,TQBR
2025-01-21,495.0,503.0,492.0,498.0,592324,294555381.0,TQBR
2025-01-22,500.0,505.0,494.0,495.0,923094,461082533.0,TQBR
2025-01-23,495.0,502.0,491.0,496.0,672306,333381267.0,TQBR
2025-01-24,497.0,505.0,496.0,499.0,524525,262163149.0,TQBR
2025-01-27,500.0,504.0,495.0,497.0,441328,220313210.0,TQBR
2025-01-28,497.0,515.0,497.0,509.0,689082,348804158.0,TQBR
2025-01-29,511.0,521.0,506.0,519.0,710683,366265622.0,TQBR
2025-01-30,519.0,533.0,519.0,529.0,709344,373525746.0,TQBR
2025-01-31,531.0,533.0,514.0,516.0,552820,287584131.0,TQBR
2025-02-03,514.5,514.5,507.0,509.0,236964,120864959.5,TQBR
2025-02-04,510.0,514.5,509.0,509.5,142047,72699340.0,TQBR
2025-02-05,509.5,517.0,498.0,511.5,471668,238397465.5,TQBR
2025-02-06,512.5,515.5,508.0,511.0,217358,111261955.0,TQBR
2025-02-07,511.0,515.0,509.0,513.0,233906,119883332.5,TQBR
2025-02-10,517.0,522.5,503.0,505.5,548875,279295773.0,TQBR
2025-02-11,506.0,516.5,506.0,512.0,431416,221002235.5,TQBR
2025-02-12,514.5,537.0,508.0,531.5,992677,517647236.0,TQBR
2025-02-13,532.0,535.0,512.0,516.0,474832,246307009.5,TQBR
2025-02-14,524.0,528.5,515.5,522.0,654004,341869733.0,TQBR
2025-02-17,527.0,549.0,524.5,547.0,1107709,593587696.0,TQBR
2025-02-18,542.5,542.5,527.0,533.5,876497,467892679.5,TQBR
2025-02-19,535.5,537.5,530.0,535.0,282817,151147721.5,TQBR
2025-02-20,535.0,543.0,534.5,536.5,395658,212943162.5,TQBR
2025-02-21,538.0,557.5,538.0,546.0,877255,478669370.5,TQBR
2025-02-24,550.0,555.0,544.0,550.0,505091,277140132.0,TQBR
2025-02-25,553.5,566.5,545.5,562.5,677014,376184332.5,TQBR
2025-02-26,564.0,579.0,540.0,543.5,1225586,682804177.0,TQBR
2025-02-27,540.0,545.0,530.5,534.0,489569,262734651.0,TQBR
2025-02-28,536.0,545.0,525.5,538.0,468378,250719586.5,TQBR
2025-03-03,538.0,538.0,519.0,527.5,490050,257970146.0,TQBR
2025-03-04,531.0,538.0,526.0,531.5,349605,186017967.0,TQBR
2025-03-05,529.5,537.5,527.5,530.0,219079,116751990.0,TQBR
2025-03-06,531.0,533.5,510.0,514.5,775319,400896201.0,TQBR
2025-03-07,516.5,545.5,514.5,535.0,2075691,1105144759.0,TQBR
2025-03-10,539.0,558.0,529.0,537.0,1367806,741843787.5,TQBR
2025-03-11,537.0,550.5,530.0,542.0,821277,445217824.0,TQBR
2025-03-12,542.0,556.5,539.0,552.5,889347,487361593.0,TQBR
2025-03-13,549.0,559.0,542.0,547.0,1011816,554908494.5,TQBR
2025-03-14,548.0,558.5,547.0,549.5,787017,434034711.0,TQBR
2025-03-17,552.0,564.0,549.5,554.0,1020790,568953668.5,TQBR
2025-03-18,556.0,558.5,546.0,547.5,563732,311210295.0,TQBR
2025-03-19,550.0,560.5,545.0,558.5,552058,307084077.0,TQBR
2025-03-20,559.5,577.0,556.0,568.0,797085,452430377.5,TQBR
2025-03-21,569.5,592.0,568.0,588.0,1407185,821428015.5,TQBR
2025-03-24,588.0,602.0,565.0,568.0,2213416,1290430750.0,TQBR
2025-03-25,569.0,579.0,556.0,573.5,642049,363930618.0,TQBR
2025-03-26,573.5,583.5,558.5,570.0,1198153,682029394.5,TQBR
2025-03-27,570.0,574.0,550.0,554.0,892290,500040919.0,TQBR
2025-03-28,554.0,562.5,547.0,553.5,584612,324475802.5,TQBR
2025-03-31,555.0,560.0,524.0,537.0,1035006,561153646.5,TQBR
2025-04-01,537.5,590.0,536.5,573.0,6772392,3904086472.0,TQBR
2025-04-02,572.0,583.5,555.0,565.5,2016205,1138205939.5,TQBR
2025-04-03,569.0,573.0,528.5,536.0,2942852,1599458808.5,TQBR
2025-04-04,540.0,540.0,505.0,508.5,1245059,647584417.0,TQBR
2025-04-07,508.0,513.0,464.5,480.5,2207205,1069280435.5,TQBR
2025-04-08,489.0,492.0,473.5,475.0,670323,324398402.0,TQBR
2025-04-09,478.0,486.5,455.0,485.0,1357902,641710504.0,TQBR
2025-04-10,485.0,494.5,475.0,477.0,900984,435676208.5,TQBR
2025-04-11,478.0,489.0,476.5,483.0,466084,226249803.5,TQBR
2025-04-14,486.0,506.5,482.5,494.0,804923,398298181.5,TQBR
2025-04-15,496.5,499.5,488.5,495.5,240714,118783721.5,TQBR
2025-04-16,495.5,501.5,491.5,495.0,259950,128905113.0,TQBR
2025-04-17,495.5,506.0,495.5,504.5,336320,168860763.5,TQBR
2025-04-18,500.0,504.5,495.5,500.0,301935,151139571.5,TQBR
2025-04-21,500.5,511.0,500.5,510.5,291505,147997513.0,TQBR
2025-04-22,511.0,517.5,503.0,510.0,554738,282811543.0,TQBR
2025-04-23,510.0,510.5,498.0,506.5,416500,210192371.5,TQBR
2025-04-24,507.0,510.0,502.0,504.0,164820,83219114.5,TQBR
2025-04-25,506.0,506.5,500.5,504.0,227392,114553401.0,TQBR
2025-04-28,505.0,509.0,492.5,499.0,448904,224702228.0,TQBR
2025-04-29,498.0,500.0,479.0,484.5,419961,205177149.5,TQBR
2025-04-30,484.0,485.5,472.5,480.5,310061,148324900.0,TQBR
2025-05-02,480.5,483.5,468.5,468.5,270136,127684162.5,TQBR
2025-05-05,471.0,480.5,465.5,469.5,278791,131920481.5,TQBR
2025-05-06,470.5,476.0,469.5,473.0,120382,56984137.5,TQBR
2025-05-07,473.0,476.5,470.5,473.0,178964,84668633.0,TQBR
2025-05-08,473.0,480.0,471.5,471.5,183496,87129512.5,TQBR
2025-05-12,472.0,490.5,471.0,484.0,556599,268695033.0,TQBR
2025-05-13,484.0,486.0,477.5,479.5,235885,113806643.0,TQBR
2025-05-14,482.0,485.0,472.5,473.5,219396,105412507.0,TQBR
2025-05-15,474.0,476.5,469.0,473.5,227980,107789786.5,TQBR
2025-05-16,477.0,479.5,468.0,474.0,276965,131370563.5,TQBR
2025-05-19,473.0,492.0,473.0,479.5,780376,377064666.0,TQBR
2025-05-20,481.5,489.5,477.0,488.0,563940,273187964.0,TQBR
2025-05-21,490.0,494.0,471.0,475.5,760572,366804727.0,TQBR
2025-05-22,477.5,480.0,456.0,458.5,1321371,617171422.5,TQBR
2025-05-23,458.5,463.0,451.5,453.5,688640,314289489.0,TQBR
2025-05-26,454.5,454.5,444.0,446.0,471948,211215325.0,TQBR
2025-05-27,446.0,451.5,438.5,450.0,280391,125313797.5,TQBR
2025-05-28,450.0,464.0,450.0,462.5,422796,194426320.0,TQBR
2025-05-29,464.0,467.0,454.0,458.0,426043,196771541.0,TQBR
2025-05-30,458.0,462.0,455.0,460.0,225568,103457940.5,TQBR
2025-06-02,462.0,463.0,449.5,462.0,386535,176718268.5,TQBR
2025-06-03,462.5,468.5,461.0,466.5,332563,154675985.0,TQBR
2025-06-04,466.5,475.5,465.0,472.5,454800,214689254.5,TQBR
2025-06-05,474.0,488.5,473.5,482.0,875274,422805263.0,TQBR
2025-06-06,482.0,485.0,460.0,469.0,1124005,534162406.5,TQBR
2025-06-09,449.0,456.5,440.0,445.5,556197,248824121.0,TQBR
2025-06-10,445.5,449.5,442.0,446.0,205364,91503716.5,TQBR
2025-06-11,446.5,449.0,443.5,445.0,200621,89413694.0,TQBR
2025-06-13,445.0,447.5,441.5,442.5,71706,31902492.5,TQBR
2025-06-16,443.0,447.0,431.0,432.0,669296,291367408.5,TQBR
2025-06-17,432.0,441.0,431.5,437.0,307037,134272237.0,TQBR
2025-06-18,437.0,441.0,436.0,437.0,170963,74907655.5,TQBR
2025-06-19,437.0,444.0,436.5,439.0,289986,127763125.0,TQBR
2025-06-20,439.0,442.0,436.5,438.0,246184,108218368.0,TQBR
2025-06-23,439.0,441.0,425.5,428.0,381102,163835927.5,TQBR
2025-06-24,428.0,438.0,425.5,429.5,307136,131766324.0,TQBR
2025-06-25,430.0,433.5,425.0,429.0,474061,202872455.5,TQBR
2025-06-26,429.0,430.0,425.5,427.0,317990,135950192.0,TQBR
2025-06-27,428.0,429.0,422.0,424.5,373362,158911795.0,TQBR
2025-06-30,425.0,431.5,424.5,429.5,513900,219898048.0,TQBR
2025-07-01,430.0,433.0,428.0,428.5,458188,197217025.0,TQBR
2025-07-02,428.5,432.0,422.5,423.0,384950,164082039.0,TQBR
2025-07-03,423.0,427.5,422.0,423.0,305841,129821681.0,TQBR
2025-07-04,422.5,434.0,420.0,422.0,659349,280502871.0,TQBR
2025-07-07,422.5,426.5,420.5,421.0,301968,127684343.5,TQBR
2025-07-08,421.5,435.0,417.0,429.5,834596,356059090.5,TQBR
2025-07-09,429.0,448.0,428.5,445.0,1260203,556422512.0,TQBR
2025-07-10,443.0,452.0,434.0,437.0,1017462,449679936.5,TQBR
2025-07-11,437.5,440.5,428.0,432.0,443160,191883372.5,TQBR
2025-07-14,432.0,441.5,421.5,436.0,743690,319041484.5,TQBR
2025-07-15,436.0,443.0,416.5,429.0,3106045,1330250465.5,TQBR
2025-07-16,428.5,433.0,419.0,426.0,1324642,565337332.5,TQBR
2025-07-17,426.5,434.5,425.5,427.5,925643,397525355.5,TQBR
2025-07-18,427.5,450.0,427.0,441.0,1590913,698564003.5,TQBR
2025-07-21,444.5,450.5,438.0,440.0,891749,395288549.5,TQBR
2025-07-22,440.0,450.5,435.0,446.0,1135825,504353633.5,TQBR
2025-07-23,446.0,460.5,445.5,454.0,1505444,682791229.0,TQBR
2025-07-24,456.0,458.0,447.0,452.5,432227,195685940.0,TQBR
2025-07-25,453.0,458.0,438.0,448.0,768438,346040506.5,TQBR
2025-07-28,448.5,454.5,433.0,437.5,768281,340465294.5,TQBR
2025-07-29,437.0,442.0,435.5,439.5,254983,112030889.5,TQBR
2025-07-30,438.0,442.0,431.0,432.5,328130,142774238.5,TQBR
2025-07-31,432.5,436.0,428.0,432.5,268983,116381535.0,TQBR
2025-08-01,433.0,437.0,432.0,435.2,191858,83424977.0,TQBR
2025-08-04,437.0,438.6,434.6,438.4,182702,79832825.4,TQBR
2025-08-05,438.6,439.2,435.4,437.6,172715,75492485.4,TQBR
2025-08-06,438.4,445.0,434.2,440.0,415132,182236047.6,TQBR
2025-08-07,439.6,445.0,436.8,442.0,457119,201947480.2,TQBR
2025-08-08,442.0,451.2,441.0,450.2,522811,233547026.2,TQBR
2025-08-11,455.0,457.0,450.0,455.0,524897,238566131.8,TQBR
2025-08-12,455.0,458.0,450.8,457.4,407796,185613505.4,TQBR
2025-08-13,457.4,476.8,457.0,466.0,1346755,632248814.4,TQBR
2025-08-14,466.6,468.2,455.6,463.0,493933,228557073.6,TQBR
2025-08-15,463.0,470.6,452.0,456.4,971946,450174511.4,TQBR
2025-08-18,452.0,467.8,445.0,463.0,704925,324472289.4,TQBR
2025-08-19,463.0,471.0,461.0,461.8,480064,224435899.8,TQBR
2025-08-20,462.2,464.8,458.6,460.0,568897,262804875.8,TQBR
2025-08-21,460.0,460.8,451.6,453.2,426880,194674159.4,TQBR
2025-08-22,453.2,460.2,453.2,456.8,145088,66349788.6,TQBR
2025-08-25,457.2,459.4,450.8,451.6,216581,98232706.0,TQBR
2025-08-26,450.6,455.6,450.4,452.2,117843,53444945.4,TQBR
2025-08-27,452.2,455.2,450.8,452.0,174021,78836062.4,TQBR
2025-08-28,452.0,453.6,438.4,442.6,408366,181547598.0,TQBR
2025-08-29,444.6,450.0,442.6,444.4,305094,136178084.8,TQBR
2025-09-01,444.4,455.0,444.4,447.4,511637,230395391.2,TQBR
2025-09-02,447.6,453.0,442.8,446.6,814395,364936799.2,TQBR
2025-09-03,446.8,450.0,444.6,446.6,303760,135709077.2,TQBR
2025-09-04,447.8,450.0,445.0,448.2,274435,122905792.0,TQBR
2025-09-05,449.6,452.0,447.8,448.4,281716,126689711.0,TQBR
2025-09-08,448.6,455.4,448.0,449.0,439141,198184779.2,TQBR
2025-09-09,450.4,452.0,444.2,445.6,574607,256882436.0,TQBR
2025-09-10,446.2,452.6,438.0,440.8,592631,262220447.2,TQBR
2025-09-11,440.8,442.0,429.2,435.4,1167137,505628435.6,TQBR
2025-09-12,435.4,438.0,418.0,423.6,1533503,651686142.8,TQBR
2025-09-15,426.2,427.0,419.2,420.8,696017,293942287.8,TQBR
2025-09-16,421.8,423.8,411.2,415.8,995967,414586857.6,TQBR
2025-09-17,415.8,418.4,409.0,416.6,520175,215124772.8,TQBR
2025-09-18,417.8,419.4,411.0,412.4,440929,182402455.4,TQBR
2025-09-19,412.8,416.0,409.2,409.8,683245,281722495.4,TQBR
2025-09-22,411.4,413.6,405.2,412.6,635449,259467568.8,TQBR
2025-09-23,412.6,414.2,405.4,407.2,826507,338452759.0,TQBR
2025-09-24,407.2,409.4,400.4,403.8,1157545,466887867.0,TQBR
2025-09-25,403.8,405.0,396.8,398.0,781670,313366103.2,TQBR
2025-09-26,398.0,400.2,392.4,396.0,795954,315041167.2,TQBR
2025-09-29,397.0,399.0,384.6,387.2,1209410,473298100.8,TQBR
2025-09-30,388.0,392.0,381.6,388.0,761840,294052016.0,TQBR
2025-10-01,388.0,392.2,382.4,387.6,589771,228139661.4,TQBR
2025-10-02,388.0,388.0,377.0,377.4,756067,286406701.2,TQBR
2025-10-03,377.4,383.0,377.0,378.8,587834,222828409.4,TQBR
2025-10-06,378.4,382.4,370.8,379.4,1014094,382609254.6,TQBR
2025-10-07,380.4,394.0,377.4,390.4,1041520,403704222.0,TQBR
2025-10-08,391.0,404.4,378.0,388.8,1269468,497542008.6,TQBR
2025-10-09,387.8,391.8,376.0,387.6,1123172,433162094.6,TQBR
2025-10-10,387.4,391.0,379.0,384.8,641140,246655357.0,TQBR
2025-10-13,386.0,394.0,383.6,394.0,760791,297196721.0,TQBR
2025-10-14,394.2,399.0,385.0,396.8,1395303,551596614.4,TQBR
2025-10-15,397.4,398.6,386.4,393.0,897201,352860284.0,TQBR
2025-10-16,392.8,415.4,389.2,414.4,2638421,1049041783.6,TQBR
2025-10-17,397.0,398.8,388.0,390.0,1893928,744177951.0,TQBR
2025-10-20,390.0,395.0,389.2,391.4,885974,347586456.0,TQBR
2025-10-21,391.8,391.8,374.8,381.6,774144,297698920.8,TQBR
2025-10-22,382.0,388.8,376.0,380.8,506142,193991896.0,TQBR
2025-10-23,376.0,380.4,374.0,379.4,318790,120349526.8,TQBR
2025-10-24,379.4,382.4,375.6,377.0,273165,103317784.4,TQBR
2025-10-27,378.0,378.2,371.0,371.2,404199,150590705.6,TQBR
2025-10-28,371.0,373.2,367.6,372.8,309117,114657797.6,TQBR
2025-10-29,372.8,373.8,370.0,371.0,360251,133852130.8,TQBR
2025-10-30,370.6,373.8,370.0,373.4,254581,94817831.8,TQBR
2025-10-31,373.8,378.4,373.4,377.4,436890,164434920.6,TQBR
2025-11-01,377.4,385.0,376.4,384.0,374623,142182551.8,TQBR
2025-11-03,384.0,388.0,383.8,384.8,175169,67493280.6,TQBR
2025-11-05,383.6,383.6,377.8,379.8,512218,194788280.6,TQBR
2025-11-06,380.0,384.0,379.6,381.8,210439,80351220.0,TQBR
2025-11-07,382.2,385.6,379.8,382.6,251822,96587586.0,TQBR
2025-11-10,382.6,396.8,380.2,396.6,952137,372309171.4,TQBR
2025-11-11,396.8,413.2,394.4,409.8,2343357,955451601.8,TQBR
2025-11-12,408.8,409.6,398.2,402.0,685368,276450764.0,TQBR
2025-11-13,404.0,408.6,396.4,400.0,617371,248624545.4,TQBR
2025-11-14,400.0,410.0,398.2,409.2,743739,301531528.4,TQBR
2025-11-17,409.4,410.6,399.0,401.2,763517,308660684.2,TQBR
2025-11-18,401.2,410.0,400.4,404.4,738618,299431125.2,TQBR
2025-11-19,403.4,416.6,402.2,410.4,1677984,686640621.8,TQBR
2025-11-20,410.0,419.8,408.4,416.4,1043848,432354441.0,TQBR
2025-11-21,418.0,421.0,412.2,420.0,609474,254153130.4,TQBR
2025-11-24,420.0,428.6,418.6,423.6,683305,289985081.0,TQBR
2025-11-25,423.6,437.0,417.6,429.8,1458378,625647528.8,TQBR
2025-11-26,430.4,431.6,424.0,425.2,315590,134877732.8,TQBR
2025-11-27,425.6,428.8,415.6,420.4,360650,152448252.0,TQBR
2025-11-28,420.4,436.4,419.6,433.8,563443,242176623.2,TQBR
2025-12-01,434.6,436.4,427.6,430.0,827345,357007579.8,TQBR
2025-12-02,431.0,431.0,418.4,423.2,572111,242381198.2,TQBR
2025-12-03,421.0,428.2,417.2,422.2,1084532,458404645.0,TQBR
2025-12-04,423.0,424.2,419.2,420.2,278523,117310643.4,TQBR
2025-12-05,420.2,423.4,410.6,414.2,1314993,545869841.2,TQBR
2025-12-08,414.2,416.8,410.0,412.0,724327,299530223.6,TQBR
2025-12-09,414.2,418.8,410.0,415.2,629067,260738806.8,TQBR
2025-12-10,415.6,421.0,415.2,419.6,460630,193122624.2,TQBR
2025-12-11,419.6,423.0,418.6,419.6,490897,206567157.6,TQBR
2025-12-12,420.8,420.8,413.6,415.0,342863,142933291.2,TQBR
2025-12-15,415.2,420.8,414.2,419.6,463421,193831327.2,TQBR
2025-12-16,419.8,425.0,417.2,423.6,420570,177639607.4,TQBR
2025-12-17,424.0,424.8,416.6,420.4,302760,127252405.4,TQBR
2025-12-18,420.4,424.6,418.4,424.0,340506,143984037.8,TQBR
2025-12-19,423.8,427.0,418.6,420.4,313806,132493120.4,TQBR
2025-12-22,420.6,422.6,415.0,415.8,283209,118506502.0,TQBR
2025-12-23,415.6,418.4,409.2,412.0,334071,138023793.8,TQBR
2025-12-24,412.2,415.8,410.0,412.2,287094,118311593.4,TQBR
2025-12-25,412.0,415.0,406.6,408.6,502533,206363678.6,TQBR
2025-12-26,409.6,411.0,405.8,409.0,495593,202239530.0,TQBR
2025-12-29,409.2,413.2,404.2,407.2,679377,277959721.0,TQBR
2025-12-30,407.0,412.2,406.2,407.8,264516,108145929.0,TQBR
2026-01-05,407.0,409.4,404.4,406.8,174214,70861238.0,TQBR
2026-01-06,407.0,409.4,407.0,407.8,89655,36618380.0,TQBR
2026-01-08,406.0,407.8,405.6,406.6,81204,33028213.6,TQBR
2026-01-09,406.4,410.6,406.2,409.6,190183,77721443.0,TQBR
2026-01-12,409.8,413.4,409.6,410.6,234839,96571466.0,TQBR
2026-01-13,411.0,411.8,406.6,408.2,155886,63624682.4,TQBR
2026-01-14,406.4,415.0,406.2,412.6,332308,136931194.0,TQBR
2026-01-15,412.8,424.2,411.4,423.0,593228,249117339.8,TQBR
2026-01-16,421.6,430.0,421.6,424.8,422721,180464115.4,TQBR
2026-01-19,424.8,431.8,423.0,427.6,468548,200357415.4,TQBR
2026-01-20,427.2,430.6,422.4,426.6,336099,143117607.0,TQBR
2026-01-21,426.6,429.0,424.6,427.2,227325,97041353.6,TQBR
2026-01-22,427.2,428.8,425.0,427.6,295915,126398232.4,TQBR
2026-01-23,427.2,430.6,423.0,428.6,251059,107232581.8,TQBR
2026-01-26,428.4,443.6,424.2,440.2,1478900,645499032.8,TQBR
2026-01-27,440.4,447.0,431.0,434.8,905044,396938927.6,TQBR
2026-01-28,434.8,439.8,433.4,435.6,435222,189839549.8,TQBR
2026-01-29,435.6,446.8,434.2,441.0,776469,342919930.0,TQBR
2026-01-30,441.6,448.0,435.6,445.2,742738,328920031.4,TQBR
2026-02-02,445.2,448.8,441.0,444.6,372309,165944027.0,TQBR
2026-02-03,444.6,447.4,444.6,446.2,166329,74189694.2,TQBR
2026-02-04,447.0,451.2,442.2,445.6,410888,183636300.4,TQBR
2026-02-05,445.6,446.4,427.8,434.8,580042,252344895.6,TQBR
2026-02-06,433.0,438.8,431.4,435.0,169686,73978994.0,TQBR
2026-02-09,434.6,439.8,430.0,434.0,261613,113538557.0,TQBR
2026-02-10,433.6,437.4,422.0,424.8,485200,207140290.2,TQBR
2026-02-11,424.8,428.2,419.0,424.6,430890,182737401.2,TQBR
2026-02-12,425.0,430.8,424.6,425.2,191624,81958008.6,TQBR
2026-02-13,425.2,437.6,423.0,430.0,454549,195240658.4,TQBR
2026-02-16,433.8,439.2,430.0,433.2,414005,179814660.4,TQBR
2026-02-17,435.0,437.2,432.6,435.4,122947,53459349.2,TQBR
2026-02-18,435.4,437.0,432.8,434.8,147211,64079935.6,TQBR
2026-02-19,436.4,439.0,434.6,435.4,243925,106563812.6,TQBR
2026-02-20,435.4,437.4,433.2,434.0,150506,65448691.4,TQBR
2026-02-24,435.0,442.0,434.0,439.0,482789,211848035.8,TQBR
2026-02-25,440.0,446.2,440.0,444.8,333566,147802762.8,TQBR
2026-02-26,445.8,446.8,443.0,444.8,157883,70245913.4,TQBR
2026-02-27,444.0,446.2,442.6,443.8,217715,96808098.8,TQBR
2026-03-02,443.6,446.6,433.6,436.4,408088,178599922.6,TQBR
2026-03-03,435.2,443.8,429.4,438.4,382837,167578280.2,TQBR
2026-03-04,439.8,443.4,427.0,431.0,308912,133750196.0,TQBR
2026-03-05,431.6,433.6,427.6,429.8,181695,78057122.2,TQBR
2026-03-06,430.0,432.0,424.4,425.0,197138,84375105.4,TQBR
2026-03-09,425.0,429.0,420.0,425.6,155313,66139010.4,TQBR
2026-03-10,426.0,439.4,425.4,434.0,436130,189269414.2,TQBR
2026-03-11,434.0,436.0,428.6,431.0,112535,48637803.8,TQBR
2026-03-12,432.6,432.6,426.6,431.2,146302,62844751.6,TQBR
2026-03-13,430.2,434.8,425.0,428.6,376798,161380424.0,TQBR
2026-03-16,427.8,432.2,427.6,431.8,224759,96717301.6,TQBR
2026-03-17,431.8,436.0,431.6,432.6,209519,90699645.0,TQBR
2026-03-18,433.0,435.0,431.2,433.8,197786,85677537.8,TQBR
2026-03-19,432.4,435.2,428.0,435.0,418629,180537757.4,TQBR
2026-03-20,435.0,437.0,431.8,436.2,191265,82988070.6,TQBR
2026-03-23,436.2,436.2,423.0,424.6,391889,167527127.2,TQBR
2026-03-24,423.4,427.0,409.6,417.0,689802,287377351.6,TQBR
2026-03-25,417.0,419.0,411.6,414.8,187547,77798763.4,TQBR
2026-03-26,414.0,417.8,410.4,412.2,144530,59699880.0,TQBR
2026-03-27,412.0,412.4,395.0,400.4,741337,298404126.6,TQBR
2026-03-30,400.8,405.2,390.2,396.4,550418,217628755.6,TQBR
2026-03-31,394.6,403.0,393.2,402.0,201141,80172925.4,TQBR
2026-04-01,402.0,408.4,394.2,400.4,480299,192446621.2,TQBR
2026-04-02,400.0,403.4,397.0,400.6,102979,41177621.0,TQBR
2026-04-03,401.0,404.4,400.2,403.6,150305,60426283.0,TQBR
2026-04-06,402.6,404.4,392.4,396.6,426003,168702160.8,TQBR
2026-04-07,396.8,403.6,394.2,399.6,261974,104674210.6,TQBR
2026-04-08,399.4,406.4,396.4,398.6,270842,108725516.0,TQBR
2026-04-09,400.0,400.8,387.0,391.2,336133,132050926.8,TQBR
2026-04-10,391.8,393.6,384.0,386.2,268476,104214394.0,TQBR
2026-04-13,386.0,391.2,380.8,384.0,317647,122390508.8,TQBR
2026-04-14,384.2,391.0,383.2,387.8,166810,64637975.6,TQBR
2026-04-15,389.0,391.0,381.0,388.2,418168,160698673.4,TQBR
2026-04-16,387.2,394.4,385.4,387.8,275417,107446368.0,TQBR
2026-04-17,387.8,391.2,382.0,385.0,202207,77983702.2,TQBR
2026-04-20,385.2,389.8,383.0,385.2,200325,77259295.6,TQBR
2026-04-21,385.2,387.0,380.0,383.4,286866,109936574.2,TQBR
2026-04-22,384.8,388.6,383.0,387.4,200161,77129641.0,TQBR
2026-04-23,387.4,397.8,385.2,396.0,837990,329166184.4,TQBR
2026-04-24,395.0,403.6,388.4,389.8,837573,330295310.6,TQBR
2026-04-27,390.2,402.0,375.8,376.8,2066943,795950964.8,TQBR
2026-04-28,376.8,378.6,361.8,367.0,1156233,426922976.2,TQBR
2026-04-29,367.4,370.6,353.6,359.0,752598,271296126.4,TQBR
2026-04-30,360.0,369.0,352.0,365.0,745533,266149650.8,TQBR
2026-05-04,365.2,370.4,352.4,357.2,637385,229050503.4,TQBR
2026-05-05,357.2,364.0,350.0,362.8,341033,121352068.8,TQBR
2026-05-06,363.2,363.8,353.0,354.0,334088,119289187.2,TQBR
2026-05-07,354.0,359.0,352.4,354.2,178441,63468176.2,TQBR
2026-05-08,355.8,356.2,344.0,348.8,668857,232850149.6,TQBR
2026-05-11,348.8,355.0,348.0,349.6,213320,74960652.8,TQBR
2026-05-12,351.0,357.0,349.6,356.8,273633,96835332.0,TQBR
2026-05-13,356.8,362.4,354.0,358.6,257072,92162859.6,TQBR
2026-05-14,358.2,367.4,350.4,352.4,817798,294828977.6,TQBR
2026-05-15,352.0,355.4,350.0,351.6,208327,73366053.4,TQBR
2026-05-18,351.6,355.8,349.2,352.4,245970,86616630.6,TQBR
2026-05-19,352.4,354.8,350.2,351.6,197877,69771093.4,TQBR
2026-05-20,351.6,353.0,348.4,349.6,188739,66094184.6,TQBR
2026-05-21,349.2,350.2,340.6,344.4,575092,197800559.4,TQBR
2026-05-22,344.6,345.6,331.6,334.4,352428,119818159.0,TQBR
2026-05-25,336.6,337.6,323.8,324.0,778208,257233814.0,TQBR
2026-05-26,324.0,326.8,305.6,312.6,965113,302614861.0,TQBR
2026-05-27,313.0,317.4,307.0,314.0,367698,114726915.4,TQBR
2026-05-28,316.2,319.4,305.6,308.4,374506,117190830.2,TQBR
2026-05-29,307.8,317.8,305.6,310.0,536075,165989048.4,TQBR
2026-06-01,310.0,317.0,310.0,313.4,274978,86206046.2,TQBR
2026-06-02,313.2,319.8,313.2,319.2,254921,81001988.2,TQBR
2026-06-03,319.6,323.4,315.0,315.6,224492,71954980.4,TQBR
2026-06-04,315.6,319.8,314.0,315.2,118240,37482518.8,TQBR
2026-06-05,315.2,317.0,311.2,313.4,129368,40487339.6,TQBR
2026-06-08,313.8,317.4,298.8,302.6,554090,168815046.4,TQBR
2026-06-09,302.4,308.0,296.8,301.2,487452,147052344.8,TQBR
2026-06-10,301.2,307.2,300.2,304.6,217884,65979385.8,TQBR
2026-06-11,305.0,311.0,298.6,299.6,380980,115597621.6,TQBR
2026-06-15,300.8,307.4,299.8,306.4,247076,75108910.6,TQBR
2026-06-16,306.6,308.6,299.6,300.2,261363,79214788.6,TQBR
2026-06-17,300.4,303.8,298.8,300.6,183596,55247823.8,TQBR
2026-06-18,302.4,302.4,292.0,295.4,653615,193139123.6,TQBR
2026-06-19,295.4,299.0,286.6,291.2,461006,134708047.0,TQBR
2026-06-22,291.4,293.6,265.2,271.6,1275809,350909432.2,TQBR
2026-06-23,271.6,277.2,261.2,276.8,424241,115435499.8,TQBR
2026-06-24,276.8,280.0,253.0,262.8,1062078,279229142.0,TQBR
2026-06-25,262.8,267.0,245.6,253.0,1138146,289577219.2,TQBR
2026-06-26,253.8,262.6,241.0,250.4,1209404,301185476.8,TQBR
2026-06-29,243.4,251.8,238.2,249.6,923107,226316525.8,TQBR
2026-06-30,247.4,254.0,242.2,246.2,702416,173882426.4,TQBR
2026-07-01,246.2,253.4,245.0,250.0,444709,111004435.0,TQBR
2026-07-02,249.0,252.0,245.6,247.2,405262,100794529.2,TQBR
2026-07-03,247.4,251.2,245.0,249.0,205837,51073358.0,TQBR
2026-07-06,249.2,251.6,240.2,243.0,538443,132582125.0,TQBR
2026-07-07,243.2,247.8,227.6,241.2,1050457,245475066.0,TQBR
2026-07-08,243.0,249.4,234.4,243.2,403634,97879455.2,TQBR
2026-07-09,243.2,246.0,234.6,237.6,300783,72173195.8,TQBR
2026-07-10,237.6,238.0,231.0,231.6,244042,57119891.2,TQBR
2026-07-13,232.0,238.6,230.0,237.4,463225,108935044.6,TQBR
2026-07-14,237.4,242.0,236.6,238.4,311029,74420394.2,TQBR
2026-07-15,238.2,240.0,228.0,228.6,303833,70730282.6,TQBR
2026-07-16,229.0,232.6,214.8,216.6,579952,128928275.8,TQBR
2026-07-17,215.0,221.4,202.4,209.2,717612,152384825.2,TQBR
2026-07-20,209.2,241.8,205.0,229.4,1163015,257756402.4,TQBR
2026-07-21,229.4,238.6,224.4,234.6,736695,171242656.2,TQBR
2026-07-22,234.6,238.8,226.6,235.0,487816,113618932.8,TQBR
2026-07-23,234.0,236.8,228.8,231.4,337564,78509002.4,TQBR
2026-07-24,231.4,249.0,228.0,246.4,1080880,261504286.2,TQBR
2026-07-27,249.4,279.2,244.8,270.8,1112723,290700774.8,TQBR
2026-07-28,270.8,284.6,257.2,263.0,1070460,286277497.2,TQBR
2026-07-29,263.0,270.0,261.4,268.2,370543,99143215.8,TQBR
2026-07-30,268.2,274.6,255.4,261.0,605410,161717102.8,TQBR
2026-07-31,261.0,268.4,253.4,268.2,459254,119708749.2,TQBR
2026-08-03,268.2,277.0,267.8,274.6,484420,131952722.6,TQBR
2026-08-04,275.0,287.6,269.0,287.0,785826,218680347.2,TQBR
2026-08-05,287.0,296.8,283.2,294.8,562609,163172508.0,TQBR
2026-08-06,294.8,299.2,287.2,293.6,612071,178731393.8,TQBR
2026-08-07,293.6,294.6,282.6,284.0,343386,98875110.0,TQBR
2026-08-10,284.0,297.8,284.0,289.6,305307,88693680.8,TQBR
2026-08-11,289.8,298.0,287.6,291.6,431640,126198034.6,TQBR
2026-08-12,291.8,295.0,283.8,285.0,231148,67007857.2,TQBR
2026-08-13,284.8,285.8,269.0,269.6,521808,144652508.8,TQBR
2026-08-14,269.6,274.4,255.2,256.4,786002,205693546.2,TQBR
2026-08-17,257.0,266.8,248.6,259.2,928779,238814237.6,TQBR
2026-08-18,261.6,273.4,259.2,269.6,732502,195239549.8,TQBR
2026-08-19,269.8,273.4,265.0,269.0,300469,80910011.0,TQBR
2026-08-20,269.0,279.0,262.0,264.8,573658,154880251.6,TQBR
2026-08-21,265.0,269.6,257.0,264.6,447873,117108331.0,TQBR
2026-08-24,265.0,265.2,244.2,248.0,863678,218256148.2,TQBR
2026-08-25,248.0,251.6,243.2,246.8,721969,178281153.8,TQBR
2026-08-26,247.0,248.0,239.0,240.0,416038,101326394.2,TQBR
2026-08-27,240.0,244.8,233.0,244.4,614011,146566294.2,TQBR
2026-08-28,244.2,247.4,239.2,242.0,518675,126371979.8,TQBR
2026-08-31,242.0,250.6,241.8,247.0,437615,107789336.8,TQBR
2026-09-01,247.0,253.0,242.0,243.8,491645,121865339.8,TQBR
2026-09-02,243.8,247.4,242.8,243.2,187741,45900319.2,TQBR
2026-09-03,244.2,246.4,242.0,246.2,592114,144521490.0,TQBR
2026-09-04,246.6,251.0,243.8,249.2,490034,121494765.2,TQBR
