date,open,high,low,close,volume,value,board
2008-03-04,284.4,346.25,284.4,346.25,921,317974.58,EQNE
2008-03-05,380.0,484.75,380.0,484.75,792,382907.9,EQNE
2008-03-06,500.0,678.65,500.0,678.65,709,470204.06,EQNE
2008-03-07,895.0,950.11,895.0,950.11,259,243166.74,EQNE
2008-03-11,895.31,1330.15,895.31,1330.15,334,382048.1,EQNE
2008-03-12,405.0,405.0,405.0,405.0,25,10125.0,EQNE
2008-03-13,405.0,405.0,405.0,405.0,17,6885.0,EQNE
2008-03-14,405.0,542.0,278.6,281.0,24906,7543275.83,EQNE
2008-03-17,281.0,282.0,257.5,280.0,9731,2709771.77,EQNE
2008-03-18,305.79,307.99,265.0,270.0,5633,1511804.71,EQNE
2008-03-19,280.0,280.0,260.0,269.0,2922,774398.39,EQNE
2008-03-20,265.0,266.8,250.0,255.0,3457,887420.99,EQNE
2008-03-21,270.0,270.0,248.0,257.98,1868,482971.29,EQNE
2008-03-24,258.99,260.0,250.0,257.98,3067,776666.51,EQNE
2008-03-25,257.98,269.99,240.0,251.8,4133,1034811.35,EQNE
2008-03-26,252.09,252.09,245.0,250.0,1525,375422.65,EQNE
2008-03-27,245.0,248.8,240.0,248.0,7984,1935461.61,EQNE
2008-03-28,243.2,248.0,240.0,241.0,6674,1604328.75,EQNE
2008-03-31,236.0,243.0,236.0,241.0,1601,384725.32,EQNE
2008-04-01,243.3,259.89,236.05,252.0,3262,807531.49,EQNE
2008-04-02,257.88,257.88,246.01,252.01,2345,590633.84,EQNE
2008-04-03,254.0,255.0,245.0,248.1,3150,789882.0,EQNE
2008-04-04,249.0,269.0,246.5,249.9,1694,424709.78,EQNE
2008-04-07,249.0,256.79,244.0,244.0,975,241128.27,EQNE
2008-04-08,254.0,254.0,241.11,248.0,513,125505.37,EQNE
2008-04-09,247.5,258.99,241.99,249.99,1027,253033.74,EQNE
2008-04-10,241.01,251.95,241.01,245.0,1817,448506.02,EQNE
2008-04-11,246.0,247.48,242.0,243.0,955,233088.25,EQNE
2008-04-14,247.0,247.0,230.0,238.0,2507,593374.05,EQNE
2008-04-15,239.0,243.5,235.0,242.99,1916,460430.51,EQNE
2008-04-16,240.0,243.5,236.0,240.1,4057,982739.83,EQNE
2008-04-17,242.01,254.95,241.99,254.0,6009,1490731.31,EQNE
2008-04-18,255.0,255.0,242.71,253.9,683,167968.38,EQNE
2008-04-21,254.0,254.0,246.1,249.89,807,204005.37,EQNE
2008-04-22,245.34,252.9,245.34,251.88,13,3255.52,EQNE
2008-04-23,250.0,252.9,242.5,242.5,735,183718.16,EQNE
2008-04-24,248.0,250.0,237.8,248.84,2423,596111.46,EQNE
2008-04-25,250.94,250.94,242.0,242.2,59,14569.95,EQNE
2008-04-28,242.8,243.79,237.3,240.8,5995,1424536.15,EQNE
2008-04-29,238.0,241.77,237.0,241.77,1268,301346.19,EQNE
2008-04-30,237.4,238.0,232.0,235.0,794,186381.56,EQNE
2008-05-04,236.0,240.5,236.0,237.0,146,34547.35,EQNE
2008-05-05,236.02,240.49,236.0,240.49,3418,814556.73,EQNE
2008-05-06,239.0,240.1,230.0,232.33,16366,3808101.36,EQNE
2008-05-07,234.15,234.15,231.0,233.6,4470,1041234.36,EQNE
2008-05-12,238.8,238.8,232.1,236.46,702,164437.73,EQNE
2008-05-13,236.99,238.0,233.6,238.0,1214,285173.68,EQNE
2008-05-14,238.0,252.0,238.0,247.0,14516,3569707.49,EQNE
2008-05-15,248.0,253.98,245.0,249.5,8982,2233356.29,EQNE
2008-05-16,252.7,253.7,247.01,252.0,5117,1279870.26,EQNE
2008-05-19,253.99,264.99,250.0,256.9,24159,6169617.24,EQNE
2008-05-20,257.2,257.5,243.0,245.0,27004,6733099.02,EQNE
2008-05-21,249.49,249.49,243.0,243.0,9177,2245833.88,EQNE
2008-05-22,248.7,248.7,236.51,240.0,3399,816493.19,EQNE
2008-05-23,245.0,247.0,239.99,243.0,4110,988994.04,EQNE
2008-05-26,245.0,245.0,237.07,239.95,557,133445.81,EQNE
2008-05-27,243.0,243.0,235.0,237.7,12848,3033360.41,EQNE
2008-05-28,242.89,242.89,235.0,236.6,2185,517343.74,EQNE
2008-05-29,240.0,240.0,236.0,236.0,5093,1208537.6,EQNE
2008-05-30,238.0,238.0,235.5,236.2,4541,1072910.7,EQNE
2008-06-02,237.0,237.49,235.01,236.99,1943,459367.21,EQNE
2008-06-03,237.0,237.0,229.99,233.3,3541,819708.17,EQNE
2008-06-04,234.66,234.66,228.0,228.97,12714,2914603.71,EQNE
2008-06-05,231.77,231.77,225.2,227.0,727,165404.52,EQNE
2008-06-06,229.88,230.0,225.0,227.75,1138,260041.71,EQNE
2008-06-07,225.25,227.0,224.0,224.91,663,149005.04,EQNE
2008-06-09,230.0,232.0,223.0,226.5,1299,291448.05,EQNE
2008-06-10,228.0,228.0,223.23,224.0,1310,293914.97,EQNE
2008-06-11,224.52,226.0,218.0,218.75,17340,3875281.9,EQNE
2008-06-16,225.4,225.4,216.45,218.5,4746,1034648.89,EQNE
2008-06-17,217.98,217.98,210.0,212.97,12572,2664806.11,EQNE
2008-06-18,215.0,219.0,205.0,206.48,7180,1495099.67,EQNE
2008-06-19,205.0,208.0,203.08,207.0,7830,1614269.48,EQNE
2008-06-20,205.21,209.8,205.0,205.7,4925,1020015.55,EQNE
2008-06-23,205.02,205.02,199.92,200.1,6644,1346506.04,EQNE
2008-06-24,200.0,206.8,197.24,201.99,6242,1253091.51,EQNE
2008-06-25,200.9,201.0,195.07,197.0,8178,1606656.11,EQNE
2008-06-26,200.0,200.0,191.01,193.3,12360,2383870.02,EQNE
2008-06-27,192.1,198.9,189.0,194.4,1730,331806.69,EQNE
2008-06-30,192.0,196.0,188.55,189.0,4629,884794.87,EQNE
2008-07-01,190.0,190.0,183.02,190.0,4710,881446.81,EQNE
2008-07-02,188.8,195.01,185.0,193.4,4872,916760.44,EQNE
2008-07-03,192.0,192.0,180.43,181.0,12554,2285382.01,EQNE
2008-07-04,180.0,192.0,171.2,173.0,6237,1079042.57,EQNE
2008-07-07,181.11,181.11,165.33,169.0,2411,405744.25,EQNE
2008-07-08,169.0,175.0,168.02,169.98,2272,386491.76,EQNE
2008-07-09,173.99,176.01,163.01,169.99,2944,512307.3,EQNE
2008-07-10,165.56,169.99,164.0,165.5,817,134870.85,EQNE
2008-07-11,169.82,188.5,163.0,163.0,9573,1609280.05,EQNE
2008-07-14,166.18,166.18,163.01,164.9,5963,978916.53,EQNE
2008-07-15,168.0,169.3,158.5,160.19,18376,2928305.49,EQNE
2008-07-16,155.0,160.0,155.0,159.0,7728,1205950.69,EQNE
2008-07-17,163.99,164.0,155.0,157.0,1174,183589.22,EQNE
2008-07-18,155.0,157.0,151.0,156.0,3593,552659.76,EQNE
2008-07-21,152.0,155.0,152.0,154.98,419,64517.7,EQNE
2008-07-22,157.0,157.0,152.0,152.99,2997,456677.04,EQNE
2008-07-23,155.5,155.5,150.0,154.0,1991,302510.59,EQNE
2008-07-24,150.0,151.1,150.0,151.0,1193,180143.09,EQNE
2008-07-25,137.05,151.0,130.01,135.0,11234,1575396.1,EQNE
2008-07-28,136.01,147.0,136.0,140.0,4104,566110.31,EQNE
2008-07-29,136.01,140.0,136.0,137.0,7077,963160.33,EQNE
2008-07-30,136.0,145.0,135.0,145.0,903,124446.16,EQNE
2008-07-31,140.02,148.5,124.01,134.0,5314,709953.91,EQNE
2008-08-01,136.91,138.0,130.0,137.0,489,65111.13,EQNE
2008-08-04,130.0,135.3,126.03,130.0,899,117320.05,EQNE
2008-08-05,127.16,130.0,127.0,130.0,5152,666145.16,EQNE
2008-08-06,131.0,135.0,125.45,129.99,1474,196396.55,EQNE
2008-08-07,127.0,132.99,127.0,131.94,3442,446138.15,EQNE
2008-08-08,132.0,132.0,124.0,127.0,3877,482016.58,EQNE
2008-08-11,127.0,127.0,117.0,125.88,2662,322732.89,EQNE
2008-08-12,118.0,125.93,118.0,125.0,3335,413463.3,EQNE
2008-08-13,124.0,128.79,124.0,128.79,10184,1281527.71,EQNE
2008-08-14,123.0,143.81,123.0,130.0,4626,594242.56,EQNL
2008-08-15,138.0,138.0,130.63,136.7,692,95290.15,EQNL
2008-08-18,133.51,138.5,130.61,135.05,3729,505570.67,EQNL
2008-08-19,135.05,135.85,127.01,131.0,417,54712.78,EQNL
2008-08-20,133.9,134.49,129.0,134.0,65,8483.89,EQNL
2008-08-21,132.0,132.0,116.0,129.95,470,58500.08,EQNL
2008-08-22,131.9,134.0,123.0,130.1,4290,543114.44,EQNL
2008-08-25,124.5,132.29,124.5,128.0,38,4880.68,EQNL
2008-08-26,125.19,126.0,125.19,125.2,1437,179985.63,EQNL
2008-08-27,128.0,128.0,127.99,127.99,12,1535.98,EQNL
2008-08-28,127.99,131.9,127.99,130.0,3309,427724.14,EQNL
2008-08-29,134.99,135.0,130.0,130.0,411,54546.08,EQNL
2008-09-01,132.99,161.58,129.0,130.22,4785,634556.55,EQNL
2008-09-02,130.22,130.22,128.1,129.95,1133,147280.66,EQNL
2008-09-03,130.0,130.0,125.0,125.0,1112,140017.25,EQNL
2008-09-04,127.0,127.0,121.11,123.0,946,117514.34,EQNL
2008-09-05,120.0,129.48,100.0,114.0,3325,381105.21,EQNL
2008-09-08,114.0,122.0,114.0,121.99,88,10593.86,EQNL
2008-09-09,110.02,124.95,100.0,106.0,648,70406.08,EQNL
2008-09-10,106.0,106.0,75.01,104.98,2284,228301.55,EQNL
2008-09-11,105.0,141.44,105.0,114.0,520,63323.83,EQNL
2008-09-12,105.3,118.0,105.3,115.0,263,30595.6,EQNL
2008-09-15,105.0,110.0,92.03,100.0,1265,129236.01,EQNL
2008-09-16,100.01,100.01,76.0,76.0,1386,131438.72,EQNL
2008-09-19,99.94,100.0,90.0,100.0,488,48692.08,EQNL
2008-09-22,95.0,102.01,95.0,100.01,2142,217104.83,EQNL
2008-09-23,103.0,103.0,92.0,101.0,1643,165163.48,EQNL
2008-09-24,109.91,112.0,93.0,99.93,2016,193722.0,EQNL
2008-09-25,99.0,99.0,89.99,89.99,3638,342614.51,EQNL
2008-09-26,90.0,94.9,85.0,90.0,3001,269251.92,EQNL
2008-09-29,85.27,93.99,85.0,85.0,2754,242647.31,EQNL
2008-09-30,85.0,92.0,85.0,89.0,1319,117205.5,EQNL
2008-10-01,81.56,88.98,81.02,83.03,300,24588.91,EQNL
2008-10-02,87.94,98.0,85.1,92.8,1096,101601.92,EQNL
2008-10-03,94.91,95.0,84.0,86.0,3448,321739.78,EQNL
2008-10-06,84.02,85.05,78.0,78.02,2467,198715.01,EQNL
2008-10-07,80.0,80.0,72.0,76.0,830,61843.54,EQNL
2008-10-08,70.02,70.02,70.0,70.0,56,3920.11,EQNL
2008-10-09,76.0,78.0,76.0,77.0,17,1300.0,EQNL
2008-10-13,72.02,84.84,72.0,73.0,3800,276446.54,EQNL
2008-10-14,88.99,100.64,63.0,66.0,11394,761635.83,EQNL
2008-10-15,64.2,65.0,59.0,59.0,3093,190124.98,EQNL
2008-10-16,60.0,60.0,39.88,49.9,2779,143033.37,EQNL
2008-10-17,54.9,54.9,41.12,42.97,5398,265064.86,EQNL
2008-10-21,58.5,58.5,56.0,56.0,42,2377.0,EQNL
2008-10-23,57.0,57.0,42.1,43.0,1203,58968.25,EQNL
2008-10-28,50.14,50.14,50.14,50.14,40,2005.6,EQNL
2008-10-29,50.31,59.9,40.0,45.94,24002,1205277.04,EQNL
2008-10-30,48.0,48.0,44.0,45.88,4927,220084.22,EQNL
2008-10-31,44.1,45.79,40.0,44.34,12319,523001.3,EQNL
2008-11-01,42.0,48.99,40.61,43.5,3686,158775.53,EQNL
2008-11-05,43.6,54.0,43.5,46.0,4965,244120.97,EQNL
2008-11-06,45.0,50.0,42.0,43.5,7173,311016.75,EQNL
2008-11-07,42.01,43.4,40.0,43.1,10446,440084.48,EQNL
2008-11-10,42.6,49.94,42.25,45.47,6689,294621.88,EQNL
2008-11-11,46.27,50.0,40.0,41.5,5150,212996.05,EQNL
2008-11-13,40.02,43.0,37.95,42.0,1827,73006.9,EQNL
2008-11-14,43.5,46.0,40.0,43.94,1838,77439.37,EQNL
2008-11-17,43.99,43.99,38.5,42.99,888,34880.47,EQNL
2008-11-18,42.92,42.98,38.05,41.99,3807,156250.07,EQNL
2008-11-19,42.42,42.42,35.25,38.0,1898,72774.54,EQNL
2008-11-20,38.0,38.0,33.0,33.0,1502,50122.19,EQNL
2008-11-21,35.4,36.48,34.1,36.48,926,32683.7,EQNL
2008-11-24,34.0,35.15,34.0,34.9,1446,49964.97,EQNL
2008-11-25,35.12,35.12,28.0,31.47,37358,1143019.32,EQNL
2008-11-26,32.0,32.0,24.0,26.0,32834,844180.06,EQNL
2008-11-27,27.89,35.0,24.0,27.5,9923,260526.27,EQNL
2008-11-28,27.5,29.6,26.99,28.9,11654,325570.57,EQNL
2008-12-01,29.95,32.0,29.0,31.5,10623,330250.3,EQNL
2008-12-02,30.0,31.94,26.01,30.87,4381,130843.91,EQNL
2008-12-03,33.87,33.89,29.35,30.39,6271,189922.29,EQNL
2008-12-04,32.49,32.49,27.53,29.95,11316,326659.99,EQNL
2008-12-05,29.02,30.5,28.63,29.9,8030,239610.69,EQNL
2008-12-08,30.0,31.0,28.02,30.2,9832,294219.64,EQNL
2008-12-09,30.89,30.89,29.8,29.9,4244,127115.9,EQNL
2008-12-10,30.0,30.0,28.01,28.98,11042,311769.38,EQNL
2008-12-11,28.1,32.4,28.1,29.76,9317,277714.48,EQNL
2008-12-12,30.0,30.0,28.03,29.8,5100,147763.67,EQNL
2008-12-15,30.0,30.01,28.42,30.01,4812,141969.76,EQNL
2008-12-16,28.52,31.87,28.52,29.95,1617,49332.85,EQNL
2008-12-17,32.39,32.4,29.55,30.2,31557,990402.36,EQNL
2008-12-18,30.95,30.95,29.4,29.5,32376,999681.5,EQNL
2008-12-19,29.2,30.0,25.13,28.43,4003,114259.66,EQNL
2008-12-22,29.54,30.43,28.69,29.11,580,16951.55,EQNL
2008-12-23,30.3,30.83,29.0,29.09,5550,168417.36,EQNL
2008-12-24,30.8,30.8,28.55,29.0,6636,195258.43,EQNL
2008-12-25,30.38,30.5,28.43,30.39,2837,85441.66,EQNL
2008-12-26,29.95,29.95,27.62,29.02,4958,141233.27,EQNL
2008-12-29,30.0,30.0,28.51,28.53,2099,61144.35,EQNL
2008-12-30,29.02,30.26,28.62,30.0,10059,300739.96,EQNL
2008-12-31,29.11,30.49,29.11,30.49,2492,74599.23,EQNL
2009-01-11,30.75,32.98,30.31,31.5,2588,81089.38,EQNL
2009-01-12,29.55,36.39,22.2,30.51,22065,661349.64,EQNL
2009-01-13,30.01,30.98,29.51,30.5,3947,120013.46,EQNL
2009-01-14,30.55,31.3,29.33,29.95,30254,922652.35,EQNL
2009-01-15,30.45,30.94,29.4,30.4,650,19824.22,EQNL
2009-01-16,30.5,32.99,30.28,32.96,8137,255161.31,EQNL
2009-01-19,32.95,37.49,32.95,34.0,8692,303830.29,EQNL
2009-01-20,36.0,41.5,32.32,36.6,9160,332874.41,EQNL
2009-01-21,36.59,37.33,34.55,37.21,1438,51346.18,EQNL
2009-01-22,37.21,38.99,33.0,33.97,16803,615055.18,EQNL
2009-01-23,33.96,37.91,32.01,34.0,15230,510471.41,EQNL
2009-01-26,34.99,39.99,32.02,38.0,7140,259266.03,EQNL
2009-01-27,37.98,37.98,35.0,36.6,7214,265832.05,EQNL
2009-01-28,37.08,37.08,32.99,35.0,1596,55633.78,EQNL
2009-01-29,35.77,37.94,33.51,35.63,539,18928.9,EQNL
2009-01-30,35.0,36.88,34.28,35.19,436,15259.68,EQNL
2009-02-02,36.9,36.9,35.5,36.4,854,30769.42,EQNL
2009-02-03,36.99,37.28,35.07,36.55,272,9954.6,EQNL
2009-02-04,36.98,37.41,35.1,36.8,1092,39471.22,EQNL
2009-02-05,36.5,37.7,34.4,36.6,24820,906918.93,EQNL
2009-02-06,36.98,38.52,36.09,37.49,5536,204617.13,EQNL
2009-02-09,37.6,46.32,37.46,40.01,65948,2756647.72,EQNL
2009-02-10,41.0,43.0,38.6,39.99,39777,1584194.73,EQNL
2009-02-11,36.9,40.0,35.0,39.96,2949,112967.1,EQNL
2009-02-12,39.99,40.0,37.4,37.5,72886,2799149.9,EQNL
2009-02-13,44.35,44.35,35.11,36.55,47206,1707694.6,EQNL
2009-02-16,42.12,42.12,35.0,36.0,13234,484443.71,EQNL
2009-02-17,30.61,36.99,30.61,33.97,23965,804459.75,EQNL
2009-02-18,35.5,36.0,32.02,35.77,3638,125407.46,EQNL
2009-02-19,36.47,36.95,35.0,35.01,8411,299311.89,EQNL
2009-02-20,34.0,36.36,33.01,35.01,7804,271892.18,EQNL
2009-02-24,34.99,34.99,33.55,34.98,2172,73814.5,EQNL
2009-02-25,34.99,36.5,34.15,34.99,3150,110345.16,EQNL
2009-02-26,34.01,36.04,34.01,35.17,3992,138072.58,EQNL
2009-02-27,34.0,35.97,34.0,34.21,990,34126.87,EQNL
2009-03-02,35.0,35.55,34.99,35.0,2688,94644.3,EQNL
2009-03-03,34.99,35.3,34.3,35.27,6629,231704.87,EQNL
2009-03-04,34.51,35.9,34.0,34.69,6000,208280.95,EQNL
2009-03-05,35.21,35.21,34.15,34.15,668,23392.29,EQNL
2009-03-06,34.9,34.9,34.25,34.89,380,13155.23,EQNL
2009-03-10,35.75,35.8,33.99,35.7,5619,196236.06,EQNL
2009-03-11,35.5,40.0,31.75,32.4,44701,1471989.51,EQNL
2009-03-12,32.5,32.92,31.58,32.23,4206,134653.36,EQNL
2009-03-13,32.47,35.0,31.5,32.42,27368,890822.72,EQNL
2009-03-16,32.35,34.48,32.28,34.09,9744,327640.96,EQNL
2009-03-17,34.43,34.89,33.22,34.89,11672,397969.85,EQNL
2009-03-18,34.89,38.49,33.99,38.0,31698,1155684.63,EQNL
2009-03-19,37.99,40.0,37.99,39.15,44626,1735665.36,EQNL
2009-03-20,39.6,43.0,36.15,40.0,15257,603877.05,EQNL
2009-03-23,40.0,41.87,39.5,41.0,17692,720289.05,EQNL
2009-03-24,41.0,42.0,38.3,39.2,8640,348501.66,EQNL
2009-03-25,38.85,39.98,37.0,39.69,13676,517916.9,EQNL
2009-03-26,39.99,43.25,39.01,41.2,59463,2490570.23,EQNL
2009-03-27,41.5,42.5,39.5,41.5,262907,10782163.59,EQNL
2009-03-30,41.08,41.08,39.0,39.41,266947,10669811.13,EQNL
2009-03-31,40.0,42.99,40.0,40.8,13575,565560.8,EQNL
2009-04-01,41.0,42.84,39.5,40.33,7123,287363.17,EQNL
2009-04-02,41.0,42.0,39.66,40.04,2848,115023.2,EQNL
2009-04-03,40.0,41.75,39.5,41.5,9902,404453.9,EQNL
2009-04-06,41.4,44.9,41.06,42.39,21249,911243.33,EQNL
2009-04-07,42.9,43.65,41.0,42.7,8265,342444.31,EQNL
2009-04-08,42.0,43.3,41.5,42.27,6583,278433.91,EQNL
2009-04-09,42.0,49.8,42.0,45.97,72819,3305448.3,EQNL
2009-04-10,45.05,47.0,44.4,46.95,21626,985090.65,EQNL
2009-04-13,46.88,48.0,44.9,45.4,24419,1134222.22,EQNL
2009-04-14,47.2,47.2,44.49,45.0,48237,2177755.33,EQNL
2009-04-15,45.0,45.0,44.0,44.0,14695,653511.57,EQNL
2009-04-16,44.01,45.57,44.01,45.57,8880,401221.74,EQNL
2009-04-17,45.79,46.29,45.31,45.99,36136,1661581.23,EQNL
2009-04-20,46.18,46.2,44.0,45.15,12866,579198.12,EQNL
2009-04-21,44.0,45.49,42.4,44.65,24637,1087166.75,EQNL
2009-04-22,45.0,45.0,43.61,44.05,6303,279022.17,EQNL
2009-04-23,44.05,45.53,43.99,45.52,25926,1148534.5,EQNL
2009-04-24,46.09,46.7,44.1,46.69,60633,2769028.13,EQNL
2009-04-27,45.54,47.5,45.54,47.48,13190,622315.47,EQNL
2009-04-28,47.99,47.99,44.01,46.2,8723,396704.65,EQNL
2009-04-29,46.2,47.4,45.15,47.4,9326,429354.67,EQNL
2009-04-30,47.06,50.0,47.06,49.44,35553,1743857.21,EQNL
2009-05-04,50.0,64.31,50.0,64.31,209541,12936564.31,EQNL
2009-05-05,67.0,69.96,58.0,60.03,115223,7390608.31,EQNL
2009-05-06,60.99,75.0,56.41,68.5,196852,13004576.41,EQNL
2009-05-07,70.0,79.01,68.5,71.0,124332,9066930.68,EQNL
2009-05-08,71.0,75.0,68.0,72.0,30320,2217834.93,EQNL
2009-05-12,71.0,79.0,70.0,74.08,17417,1272293.8,EQNL
2009-05-13,80.01,80.01,65.91,68.0,48254,3366455.95,EQNL
2009-05-14,73.99,73.99,60.0,65.84,29887,1939259.6,EQNL
2009-05-15,67.73,68.0,64.0,64.99,22921,1494077.85,EQNL
2009-05-18,64.2,64.99,60.3,64.7,30638,1910567.15,EQNL
2009-05-19,71.15,71.15,63.5,64.64,16838,1098940.4,EQNL
2009-05-20,65.3,74.41,63.0,71.77,37950,2656101.58,EQNL
2009-05-21,72.0,73.0,64.0,69.78,35932,2459252.6,EQNL
2009-05-22,69.1,69.11,65.9,68.1,7597,512134.56,EQNL
2009-05-25,69.0,78.0,69.0,75.93,45686,3357339.28,EQNL
2009-05-26,81.95,81.95,69.0,73.44,28582,2107249.98,EQNL
2009-05-27,79.42,79.42,70.55,71.04,21942,1569602.97,EQNL
2009-05-28,71.04,76.71,71.04,72.7,18092,1307981.94,EQNL
2009-05-29,73.6,74.0,71.07,71.94,7108,511177.43,EQNL
2009-06-01,72.29,75.07,72.29,74.14,21240,1563219.38,EQNL
2009-06-02,74.0,74.0,70.0,71.0,11657,835257.46,EQNL
2009-06-03,70.58,70.69,66.91,67.7,17490,1186554.98,EQNL
2009-06-04,68.01,72.7,65.11,69.75,15525,1053385.41,EQNL
2009-06-05,70.0,70.23,63.51,66.44,35288,2336190.89,EQNL
2009-06-08,66.66,66.66,59.92,61.78,66755,4078537.18,EQNL
2009-06-09,62.4,66.5,60.82,63.51,30483,1948285.9,EQNL
2009-06-10,64.13,66.54,62.83,63.0,39439,2516493.49,EQNL
2009-06-11,62.99,63.9,61.99,63.25,8053,509457.02,EQNL
2009-06-15,63.28,63.98,61.2,62.0,10332,647588.45,EQNL
2009-06-16,62.5,62.89,60.2,62.0,31257,1925989.24,EQNL
2009-06-17,62.2,63.0,58.13,60.0,39750,2387058.25,EQNL
2009-06-18,60.2,63.0,57.5,58.91,21323,1257178.82,EQNL
2009-06-19,58.94,60.19,57.32,60.04,8535,498425.21,EQNL
2009-06-22,58.95,59.3,51.4,52.28,35851,2005024.25,EQNL
2009-06-23,54.64,54.64,43.11,49.2,27248,1324245.9,EQNL
2009-06-24,51.99,56.0,50.5,56.0,7367,389974.46,EQNL
2009-06-25,56.0,56.0,50.81,53.0,7968,421376.95,EQNL
2009-06-26,53.0,53.81,51.02,51.97,11420,603644.08,EQNL
2009-06-29,51.97,52.95,51.65,52.95,3441,179035.69,EQNL
2009-06-30,52.98,56.0,52.61,54.9,15116,823415.09,EQNL
2009-07-01,54.9,55.5,52.95,55.29,2460,133567.93,EQNL
2009-07-02,55.1,55.34,51.1,51.8,61106,3209542.59,EQNL
2009-07-03,50.1,53.0,50.1,53.0,9732,509286.81,EQNL
2009-07-06,51.0,53.75,51.0,53.75,6594,341333.63,EQNL
2009-07-07,51.86,52.5,49.26,51.5,114196,5782668.29,EQNL
2009-07-08,51.2,51.2,48.5,48.93,35248,1764152.21,EQNL
2009-07-09,49.93,50.0,48.01,49.0,5035,245753.14,EQNL
2009-07-10,49.9,49.9,47.0,47.6,7407,350611.73,EQNL
2009-07-13,45.08,49.0,45.0,48.5,2671,124285.4,EQNL
2009-07-14,49.87,50.0,48.24,49.5,6211,306826.37,EQNL
2009-07-15,50.1,53.0,48.5,50.8,14351,718154.15,EQNL
2009-07-16,47.91,51.88,47.91,49.97,4075,204406.38,EQNL
2009-07-17,51.8,53.0,49.55,53.0,12055,617376.74,EQNL
2009-07-20,49.0,54.0,49.0,52.29,16930,890395.69,EQNL
2009-07-21,49.01,52.88,49.01,52.0,11571,603271.81,EQNL
2009-07-22,48.51,52.6,48.51,51.4,19401,994674.48,EQNL
2009-07-23,51.82,52.47,50.09,51.88,8552,436823.12,EQNL
2009-07-24,50.44,52.8,50.44,52.0,10998,564531.68,EQNL
2009-07-27,52.0,52.12,50.17,50.42,60507,3087538.1,EQNL
2009-07-28,50.45,50.45,47.16,48.46,45293,2199540.35,EQNL
2009-07-29,47.39,48.46,46.15,47.68,15711,745713.34,EQNL
2009-07-30,46.39,48.49,46.39,48.16,33791,1617965.62,EQNL
2009-07-31,47.44,50.4,47.0,49.4,51600,2532049.76,EQNL
2009-08-03,49.45,52.5,49.45,51.3,25315,1305476.14,EQNL
2009-08-04,48.31,51.9,48.31,51.0,21539,1093109.82,EQNL
2009-08-05,48.15,52.3,48.15,51.9,17103,877677.68,EQNL
2009-08-06,52.0,52.27,49.95,50.51,28283,1443189.31,EQNL
2009-08-07,48.1,51.9,48.1,50.65,7881,397703.26,EQNL
2009-08-10,48.38,52.5,48.38,50.86,5983,308699.75,EQNL
2009-08-11,48.08,52.5,48.08,51.0,29839,1527775.19,EQNL
2009-08-12,48.07,52.0,48.07,51.79,27306,1393046.48,EQNL
2009-08-13,51.99,54.2,50.0,53.38,71376,3615306.63,EQNL
2009-08-14,49.93,54.25,49.93,51.95,92941,4855353.29,EQNL
2009-08-17,48.51,54.0,48.51,53.47,28463,1491755.03,EQNL
2009-08-18,52.25,53.98,51.86,53.9,23119,1226549.13,EQNL
2009-08-19,54.3,55.1,53.01,55.0,11114,609234.33,EQNL
2009-08-20,55.0,56.9,55.0,56.0,15333,865309.93,EQNL
2009-08-21,56.0,57.97,55.44,57.39,12210,696057.3,EQNL
2009-08-24,53.25,60.5,53.25,59.37,53030,3159972.72,EQNL
2009-08-25,56.29,60.24,56.29,59.64,23886,1418102.74,EQNL
2009-08-26,58.95,60.5,58.11,59.43,18139,1078449.21,EQNL
2009-08-27,58.54,59.75,56.0,56.72,12180,705004.27,EQNL
2009-08-28,53.07,58.48,53.07,57.98,3153,181653.79,EQNL
2009-08-31,54.06,59.15,54.06,56.69,6954,395685.07,EQNL
2009-09-01,56.08,58.35,56.08,58.35,8394,479254.12,EQNL
2009-09-02,52.5,58.42,52.5,56.8,6548,372672.06,EQNL
2009-09-03,57.44,58.09,56.5,57.54,6671,383758.0,EQNL
2009-09-04,57.63,58.67,57.26,57.7,6549,379512.1,EQNL
2009-09-07,58.65,58.9,57.52,58.9,5029,292141.06,EQNL
2009-09-08,59.0,60.0,57.6,59.9,12505,742362.24,EQNL
2009-09-09,60.0,63.19,58.61,62.7,48079,2967131.58,EQNL
2009-09-10,62.7,73.31,62.35,73.0,104963,7092689.86,EQNL
2009-09-11,76.0,76.0,68.3,70.98,78084,5737066.34,EQNL
2009-09-14,69.8,72.3,67.36,71.2,63738,4414796.5,EQNL
2009-09-15,71.2,77.77,71.2,73.65,65506,4845768.84,EQNL
2009-09-16,73.83,76.89,71.55,74.99,86527,6488620.06,EQNL
2009-09-17,73.91,76.0,70.15,72.98,52269,3827486.55,EQNL
2009-09-18,74.89,75.5,71.01,74.77,25777,1905478.24,EQNL
2009-09-21,75.0,75.95,68.17,71.43,126764,8962336.19,EQNL
2009-09-22,71.11,85.4,70.51,80.5,118179,9344632.32,EQNL
2009-09-23,81.0,81.0,76.99,79.75,64700,5111283.1,EQNL
2009-09-24,77.6,80.99,75.75,78.56,29756,2338178.56,EQNL
2009-09-25,78.46,78.99,75.75,76.7,35355,2754677.3,EQNL
2009-09-28,77.23,81.1,77.15,79.49,47054,3751392.35,EQNL
2009-09-29,80.0,87.0,75.0,76.0,350855,27738182.16,EQNL
2009-09-30,72.59,77.65,72.59,76.98,74358,5695362.19,EQNL
2009-10-01,77.5,78.4,76.67,77.5,19279,1494034.15,EQNL
2009-10-02,76.48,78.1,72.33,74.75,65504,4864276.91,EQNL
2009-10-05,75.4,76.0,73.1,73.55,44522,3291378.93,EQNL
2009-10-06,74.87,75.88,73.5,75.01,65921,4893140.13,EQNL
2009-10-07,75.4,77.26,74.12,75.07,35009,2656810.28,EQNL
2009-10-08,75.4,78.9,74.25,77.99,80974,6262915.34,EQNL
2009-10-09,78.0,83.0,77.0,80.99,97595,7766553.99,EQNL
2009-10-12,80.99,82.4,77.0,80.2,60325,4850184.9,EQNL
2009-10-13,80.0,81.74,77.56,78.48,45304,3603158.79,EQNL
2009-10-14,78.65,80.6,78.55,79.59,88908,7044582.79,EQNL
2009-10-15,80.32,80.69,77.5,78.14,34572,2706182.08,EQNL
2009-10-16,78.65,79.0,77.51,77.52,20999,1635449.09,EQNL
2009-10-19,78.44,78.5,76.51,77.48,58144,4497677.78,EQNL
2009-10-20,78.1,79.6,77.22,79.0,234621,18330353.53,EQNL
2009-10-21,79.0,79.6,77.58,78.8,76795,5990802.05,EQNL
2009-10-22,77.87,78.65,77.02,78.5,8673,672745.72,EQNL
2009-10-23,80.0,84.0,78.51,82.0,82570,6624210.53,EQNL
2009-10-26,83.19,86.99,79.0,84.0,84761,7069511.75,EQNL
2009-10-27,83.2,83.94,80.55,83.84,15627,1271486.64,EQNL
2009-10-28,82.62,84.2,77.75,78.15,60403,4867990.92,EQNL
2009-10-29,77.28,81.45,77.28,80.52,41501,3319543.13,EQNL
2009-10-30,83.0,83.0,79.7,80.49,23811,1925412.55,EQNL
2009-11-02,81.45,81.97,78.0,79.92,4987,395940.61,EQNL
2009-11-03,80.32,81.45,78.1,79.42,7158,563038.3,EQNL
2009-11-05,79.76,81.45,78.18,81.0,8231,659581.63,EQNL
2009-11-06,81.1,81.5,78.0,79.5,10767,860145.16,EQNL
2009-11-09,80.89,89.0,79.96,88.99,99065,8397841.04,EQNL
2009-11-10,89.28,89.32,85.13,86.58,50599,4387833.76,EQNL
2009-11-11,87.38,88.97,85.0,85.0,24060,2098401.57,EQNL
2009-11-12,87.2,93.0,84.5,87.0,43391,3828816.9,EQNL
2009-11-13,86.0,89.49,86.0,89.31,15672,1385839.91,EQNL
2009-11-16,88.61,93.47,88.31,91.45,64808,5861923.69,EQNL
2009-11-17,90.5,92.8,90.0,91.91,27412,2505001.36,EQNL
2009-11-18,92.43,96.0,91.05,92.0,98971,9264992.25,EQNL
2009-11-19,92.0,95.05,92.0,93.73,27166,2554759.35,EQNL
2009-11-20,94.0,98.78,92.55,94.0,45154,4282803.86,EQNL
2009-11-23,95.06,96.97,94.0,95.9,13117,1249781.24,EQNL
2009-11-24,96.0,99.0,94.11,95.5,42571,4102259.85,EQNL
2009-11-25,95.8,96.27,92.98,93.9,78531,7409347.74,EQNL
2009-11-26,93.91,94.0,89.99,90.6,44429,4081702.37,EQNL
2009-11-27,89.88,90.5,66.11,90.0,50821,4399213.17,EQNL
2009-11-30,90.5,90.5,86.15,86.95,13010,1136146.72,EQNL
2009-12-01,87.38,93.94,87.05,91.15,22425,1999926.7,EQNL
2009-12-02,92.06,93.08,89.51,92.5,36722,3373375.92,EQNL
2009-12-03,92.8,97.0,92.29,94.01,38440,3641395.63,EQNL
2009-12-04,93.05,95.47,92.16,95.47,7827,736344.87,EQNL
2009-12-07,94.0,94.99,92.5,93.91,8609,803217.47,EQNL
2009-12-08,93.0,93.92,91.15,92.5,10468,967876.76,EQNL
2009-12-09,92.06,96.77,92.06,94.19,23718,2248058.06,EQNL
2009-12-10,93.09,95.8,92.49,94.47,25530,2414060.26,EQNL
2009-12-11,93.75,94.79,92.5,93.11,5905,553506.63,EQNL
2009-12-14,92.68,102.15,92.6,98.0,101604,10029283.3,EQNL
2009-12-15,97.1,100.55,96.0,98.38,67532,6646561.71,EQNL
2009-12-16,98.0,102.0,97.82,99.5,26912,2672808.3,EQNL
2009-12-17,99.85,101.0,94.81,99.31,19166,1903406.84,EQNL
2009-12-18,99.85,100.0,97.75,98.0,12764,1265475.34,EQNL
2009-12-21,99.01,100.55,98.84,99.1,31951,3178153.59,EQNL
2009-12-22,99.94,100.1,98.5,99.5,6282,622395.27,EQNL
2009-12-23,100.0,104.44,98.6,99.09,16202,1607063.35,EQNL
2009-12-24,100.49,100.49,98.71,98.9,14843,1468947.85,EQNL
2009-12-25,98.47,99.3,98.03,99.0,32540,3218206.17,EQNL
2009-12-28,98.03,98.99,96.51,97.7,14579,1418673.61,EQNL
2009-12-29,98.03,100.31,98.03,99.94,42241,4199928.64,EQNL
2009-12-30,100.0,101.88,99.0,100.99,59091,5923539.43,EQNL
2009-12-31,100.99,104.0,100.0,103.9,8725,894331.49,EQNL
2010-01-11,105.9,116.0,105.1,113.8,33503,3804653.25,EQNL
2010-01-12,108.31,118.0,108.31,114.41,26845,3130091.94,EQNL
2010-01-13,115.98,119.95,113.31,119.95,31025,3611640.28,EQNL
2010-01-14,119.98,128.89,119.95,127.1,57219,7151766.75,EQNL
2010-01-15,127.1,134.5,125.7,132.0,70478,9328429.2,EQNL
2010-01-18,132.25,134.2,130.0,132.88,49190,6458590.59,EQNL
2010-01-19,132.88,133.05,126.51,129.0,20763,2703951.66,EQNL
2010-01-20,123.44,131.97,123.44,129.99,51733,6716396.16,EQNL
2010-01-21,130.0,131.3,126.51,128.89,40755,5252520.1,EQNL
2010-01-22,127.11,127.11,113.0,120.02,65840,7969640.82,EQNL
2010-01-25,118.12,123.29,116.0,118.62,26414,3137310.73,EQNL
2010-01-26,117.85,118.62,115.0,117.75,30523,3550782.11,EQNL
2010-01-27,117.75,120.0,116.03,119.45,29171,3459477.99,EQNL
2010-01-28,120.66,124.95,119.41,119.41,39058,4784122.17,EQNL
2010-01-29,119.37,120.66,116.54,119.99,46527,5532784.92,EQNL
2010-02-01,118.19,119.99,115.9,117.02,53258,6228455.23,EQNL
2010-02-02,119.0,124.86,117.51,124.7,85533,10382119.79,EQNL
2010-02-03,125.0,127.94,123.0,124.67,30942,3845094.75,EQNL
2010-02-04,127.39,127.39,119.89,120.04,34426,4171105.89,EQNL
2010-02-05,120.0,120.0,116.0,116.97,109179,12742241.19,EQNL
2010-02-08,119.19,119.99,115.89,116.0,16132,1889555.44,EQNL
2010-02-09,117.0,117.5,115.83,117.0,19728,2296392.28,EQNL
2010-02-10,118.0,127.97,117.0,118.0,33930,4038838.43,EQNL
2010-02-11,119.0,120.0,117.11,118.0,11690,1381614.02,EQNL
2010-02-12,118.83,120.0,116.0,116.92,47511,5550612.9,EQNL
2010-02-15,117.3,117.77,115.99,116.25,7471,867276.56,EQNL
2010-02-16,103.47,123.98,103.47,122.99,18468,2249833.49,EQNL
2010-02-17,125.28,125.28,120.9,122.0,3889,474914.6,EQNL
2010-02-18,120.7,120.7,116.15,117.0,56611,6697040.53,EQNL
2010-02-19,103.72,120.07,103.72,116.1,92108,10721783.69,EQNL
2010-02-24,103.8,118.21,103.8,117.65,10782,1259135.98,EQNL
2010-02-25,116.7,118.17,114.7,115.49,30190,3486139.26,EQNL
2010-02-26,116.52,119.84,115.77,115.78,18420,2141798.81,EQNL
2010-02-27,116.88,118.72,115.7,118.59,12165,1416523.87,EQNL
2010-03-01,119.0,120.69,117.14,117.61,16979,2011812.62,EQNL
2010-03-02,105.21,119.0,105.21,116.3,21584,2524236.11,EQNL
2010-03-03,128.37,128.37,113.5,115.85,24625,2833635.16,EQNL
2010-03-04,116.1,118.86,115.4,116.99,83928,9766129.47,EQNL
2010-03-05,129.28,129.28,117.0,119.78,29327,3493426.42,EQNL
2010-03-09,107.72,120.5,107.72,119.99,18762,2238348.62,EQNL
2010-03-10,119.99,120.3,116.0,116.25,20978,2501061.31,EQNL
2010-03-11,105.11,118.77,105.11,117.1,16235,1910561.58,EQNL
2010-03-12,112.34,122.78,112.34,121.37,49198,5879839.91,EQNL
2010-03-15,120.1,123.0,119.86,119.86,15972,1939824.1,EQNL
2010-03-16,120.87,128.0,120.87,126.55,58995,7405004.06,EQNL
2010-03-17,127.0,128.98,126.5,128.28,28363,3618611.81,EQNL
2010-03-18,128.5,128.8,123.91,126.89,14056,1772634.86,EQNL
2010-03-19,126.98,126.99,123.29,123.5,43765,5446039.89,EQNL
2010-03-22,124.0,127.0,121.5,127.0,19528,2400280.56,EQNL
2010-03-23,127.2,127.2,123.54,125.06,4216,524126.43,EQNL
2010-03-24,124.5,128.0,123.52,125.0,21581,2714099.5,EQNL
2010-03-25,126.25,128.0,125.5,126.0,19649,2493008.9,EQNL
2010-03-26,126.0,127.2,124.99,126.0,35015,4409649.04,EQNL
2010-03-29,125.05,129.8,125.05,127.99,29560,3799468.89,EQNL
2010-03-30,129.0,136.0,129.0,135.5,106433,14209405.3,EQNL
2010-03-31,140.2,140.2,133.71,135.03,77761,10664428.02,EQNL
2010-04-01,136.77,143.0,136.77,141.0,65051,9119145.4,EQNL
2010-04-02,142.38,145.8,141.0,145.8,27560,3954656.26,EQNL
2010-04-05,145.9,147.97,135.56,139.31,38522,5444759.13,EQNL
2010-04-06,139.96,142.07,138.39,141.0,19902,2804441.55,EQNL
2010-04-07,141.99,142.0,137.11,139.5,17105,2394711.16,EQNL
2010-04-08,139.02,141.48,136.0,141.48,68605,9539664.12,EQNL
2010-04-09,137.26,144.0,137.26,144.0,25356,3566989.77,EQNL
2010-04-12,144.96,145.9,140.03,142.25,25247,3584043.13,EQNL
2010-04-13,143.13,143.48,138.87,141.0,15211,2128430.82,EQNL
2010-04-14,141.0,142.86,140.09,142.0,22537,3183391.42,EQNL
2010-04-15,141.13,145.0,140.5,142.5,66746,9545039.1,EQNL
2010-04-16,141.5,141.5,138.52,139.51,33834,4739996.5,EQNL
2010-04-19,138.46,138.46,133.66,138.0,53609,7223711.58,EQNL
2010-04-20,138.0,144.0,136.56,143.95,86697,12345278.41,EQNL
2010-04-21,144.06,147.95,141.0,142.0,44109,6283222.54,EQNL
2010-04-22,141.5,143.0,139.9,139.9,31467,4458532.29,EQNL
2010-04-23,139.9,141.0,138.35,141.0,22549,3152169.04,EQNL
2010-04-26,141.43,144.0,140.0,141.94,18849,2661304.38,EQNL
2010-04-27,141.0,141.49,138.5,140.0,10007,1398319.9,EQNL
2010-04-28,138.43,138.73,133.92,135.36,78868,10684348.4,EQNL
2010-04-29,135.13,137.41,135.0,136.0,34766,4705043.19,EQNL
2010-04-30,136.48,137.5,132.0,135.0,39916,5428189.17,EQNL
2010-05-04,135.04,135.88,130.0,130.11,32943,4361722.36,EQNL
2010-05-05,129.0,131.29,123.4,128.0,59722,7613990.77,EQNL
2010-05-06,127.0,128.0,121.71,122.3,41546,5191012.98,EQNL
2010-05-07,112.0,122.39,112.0,118.25,48509,5699554.5,EQNL
2010-05-11,120.7,125.0,119.03,120.98,36990,4488316.69,EQNL
2010-05-12,121.54,126.4,118.08,122.67,99460,12117565.27,EQNL
2010-05-13,121.1,127.0,121.0,122.21,34285,4219402.21,EQNL
2010-05-14,122.45,122.45,117.96,117.96,13166,1569393.44,EQNL
2010-05-17,117.4,117.4,112.92,116.6,29119,3359259.9,EQNL
2010-05-18,117.33,121.0,116.0,120.8,28588,3397164.58,EQNL
2010-05-19,119.01,119.01,114.65,114.76,25227,2914872.15,EQNL
2010-05-20,126.94,126.94,110.0,111.28,24492,2790102.04,EQNL
2010-05-21,111.86,112.5,102.16,109.57,71909,7623608.17,EQNL
2010-05-24,110.02,111.71,104.5,106.99,32133,3441014.17,EQNL
2010-05-25,104.88,104.88,100.0,101.25,35530,3582409.52,EQNL
2010-05-26,91.51,107.5,91.51,106.26,17400,1817530.69,EQNL
2010-05-27,94.48,114.79,94.48,112.99,13813,1514531.01,EQNL
2010-05-28,113.0,114.88,110.0,112.88,18692,2103440.55,EQNL
2010-05-31,113.29,114.47,109.0,110.99,14191,1569555.83,EQNL
2010-06-01,107.18,109.4,105.22,108.25,14221,1518556.95,EQNL
2010-06-02,106.36,110.71,106.0,110.71,11083,1194760.79,EQNL
2010-06-03,111.22,114.0,111.0,112.5,57965,6546692.34,EQNL
2010-06-04,113.0,115.49,108.63,111.0,79692,9028805.23,EQNL
2010-06-07,109.4,111.0,105.39,107.87,9832,1054599.21,EQNL
2010-06-08,109.36,110.98,106.55,106.55,9346,1003491.75,EQNL
2010-06-09,108.61,110.0,106.68,109.0,6579,713241.95,EQNL
2010-06-10,109.38,110.15,107.67,108.5,5500,595482.17,EQNL
2010-06-11,109.38,110.01,105.06,105.25,6957,738249.27,EQNL
2010-06-15,107.1,109.59,106.0,106.4,7319,781706.18,EQNL
2010-06-16,107.0,107.87,105.63,107.5,5090,545315.04,EQNL
2010-06-17,109.49,109.49,106.5,107.99,32844,3546744.21,EQNL
2010-06-18,108.0,108.0,105.7,107.97,48323,5166456.74,EQNL
2010-06-21,108.5,109.24,107.3,108.13,22650,2448704.37,EQNL
2010-06-22,108.49,108.5,106.96,107.95,2035,218027.1,EQNL
2010-06-23,105.01,106.97,105.0,105.63,21172,2237021.81,EQNL
2010-06-24,94.74,107.27,94.74,106.0,10460,1108872.88,EQNL
2010-06-25,105.3,105.3,101.91,103.89,13666,1409242.04,EQNL
2010-06-28,103.89,104.98,102.76,103.55,3149,327035.42,EQNL
2010-06-29,102.76,107.0,98.11,98.3,36375,3613680.88,EQNL
2010-06-30,99.0,99.0,96.55,98.97,10430,1021559.05,EQNL
2010-07-01,99.15,99.15,94.57,95.86,5415,518840.55,EQNL
2010-07-02,97.28,98.46,95.0,98.4,8253,797532.09,EQNL
2010-07-05,97.99,98.1,95.01,97.23,7186,693231.88,EQNL
2010-07-06,97.61,99.72,95.59,99.72,12065,1178877.57,EQNL
2010-07-07,99.12,99.12,95.61,98.45,7873,764227.28,EQNL
2010-07-08,98.46,100.54,98.46,99.69,4373,431842.75,EQNL
2010-07-09,99.95,100.96,98.4,99.97,9601,959299.36,EQNL
2010-07-12,99.99,102.5,97.22,101.43,19657,1964381.64,EQNL
2010-07-13,101.03,104.0,97.55,101.95,24535,2478246.59,EQNL
2010-07-14,101.9,104.0,100.0,101.8,15783,1592715.68,EQNL
2010-07-15,110.0,110.0,101.55,102.0,12809,1328233.62,EQNL
2010-07-16,102.23,103.83,100.51,102.99,4870,500740.95,EQNL
2010-07-19,102.25,104.5,101.0,103.8,10260,1067130.02,EQNL
2010-07-20,103.43,104.0,101.01,102.0,2917,299701.07,EQNL
2010-07-21,102.23,103.83,101.53,103.5,9692,996005.47,EQNL
2010-07-22,103.78,105.0,102.85,104.63,14434,1495451.52,EQNL
2010-07-23,104.64,106.0,104.0,105.25,7843,822700.41,EQNL
2010-07-26,105.61,106.71,104.16,106.5,14242,1508278.35,EQNL
2010-07-27,106.84,108.49,105.13,105.56,29022,3109021.99,EQNL
2010-07-28,105.8,106.35,103.97,105.6,9125,954795.23,EQNL
2010-07-29,111.15,114.74,105.95,110.5,78879,8725456.24,EQNL
2010-07-30,110.0,110.0,104.0,107.48,20861,2236730.35,EQNL
2010-08-02,108.61,117.0,107.43,113.24,83321,9333417.62,EQNL
2010-08-03,117.0,117.0,110.42,111.0,162655,18065226.83,EQNL
2010-08-04,110.25,112.5,110.25,111.7,45584,5097317.49,EQNL
2010-08-05,113.46,113.69,111.15,113.24,24847,2804842.65,EQNL
2010-08-06,112.37,115.0,112.37,113.99,33174,3783379.69,EQNL
2010-08-09,113.29,116.0,113.29,114.78,15374,1760215.12,EQNL
2010-08-10,113.31,114.5,111.05,112.0,10543,1185690.5,EQNL
2010-08-11,111.37,111.81,108.0,108.0,12499,1363804.96,EQNL
2010-08-12,107.05,114.8,106.5,111.9,55147,6159542.18,EQNL
2010-08-13,112.09,113.85,111.65,112.0,9179,1027909.25,EQNL
2010-08-16,111.21,114.0,110.33,111.18,5024,557646.22,EQNL
2010-08-17,111.2,115.5,110.19,114.99,26665,3045501.43,EQNL
2010-08-18,114.19,114.95,112.99,113.85,38638,4397917.9,EQNL
2010-08-19,113.75,115.35,113.7,114.64,25095,2863934.97,EQNL
2010-08-20,114.19,114.19,112.35,113.7,8900,1004147.64,EQNL
2010-08-23,113.73,114.3,113.15,113.8,3782,430346.4,EQNL
2010-08-24,112.52,113.0,110.55,111.09,9868,1099681.06,EQNL
2010-08-25,111.51,116.36,111.1,112.55,38096,4304221.29,EQNL
2010-08-26,113.23,114.11,112.85,112.86,3327,376784.85,EQNL
2010-08-27,113.0,113.85,112.0,113.0,5732,644006.26,EQNL
2010-08-30,113.0,114.49,113.0,114.0,16387,1858815.66,EQNL
2010-08-31,113.23,113.99,112.0,113.2,3791,426332.28,EQNL
2010-09-01,114.78,114.78,112.7,114.0,10238,1159850.39,EQNL
2010-09-02,113.67,115.2,113.6,114.88,8344,957202.13,EQNL
2010-09-03,114.56,117.32,113.85,116.5,29580,3404697.78,EQNL
2010-09-06,117.34,120.36,116.82,119.14,17101,2035636.75,EQNL
2010-09-07,118.18,118.18,116.45,116.5,12126,1417359.85,EQNL
2010-09-08,117.76,117.76,115.0,117.2,15272,1771399.41,EQNL
2010-09-09,116.5,121.0,116.0,117.52,37710,4493013.22,EQNL
2010-09-10,117.51,119.09,117.0,119.05,5321,630731.61,EQNL
2010-09-13,119.92,121.0,119.0,119.1,14524,1735995.4,EQNL
2010-09-14,118.73,118.92,117.38,117.7,17306,2043307.81,EQNL
2010-09-15,118.0,118.0,116.0,117.68,10532,1233318.48,EQNL
2010-09-16,117.68,118.17,116.09,116.99,6802,796051.9,EQNL
2010-09-17,116.99,118.19,116.1,116.1,15921,1864889.02,EQNL
2010-09-20,117.54,117.9,116.03,117.9,3484,409289.1,EQNL
2010-09-21,117.27,120.0,116.31,119.11,8883,1053633.47,EQNL
2010-09-22,118.64,120.0,118.5,119.75,7628,907339.2,EQNL
2010-09-23,119.57,119.75,117.62,118.79,18182,2155564.08,EQNL
2010-09-24,117.73,120.0,117.08,118.5,15277,1809949.09,EQNL
2010-09-27,118.8,119.44,117.77,118.5,23746,2818017.88,EQNL
2010-09-28,118.35,118.35,117.0,117.27,12950,1521953.72,EQNL
2010-09-29,117.72,120.33,116.81,117.7,11396,1345610.25,EQNL
2010-09-30,117.7,118.15,117.0,118.15,18909,2223509.44,EQNL
2010-10-01,117.75,118.22,116.5,117.99,7044,827177.88,EQNL
2010-10-04,118.18,131.5,117.72,122.5,79488,9848831.12,EQNL
2010-10-05,120.7,127.95,120.7,124.47,14582,1826108.5,EQNL
2010-10-06,124.8,126.49,124.13,125.49,12683,1592832.1,EQNL
2010-10-07,125.25,125.25,122.0,123.24,4543,562281.22,EQNL
2010-10-08,122.32,122.32,118.87,119.76,25524,3059328.01,EQNL
2010-10-11,120.04,125.29,118.03,122.05,68059,8370424.56,EQNL
2010-10-12,121.92,125.0,121.45,123.5,9832,1221559.47,EQNL
2010-10-13,124.32,125.1,123.27,124.99,11963,1493308.24,EQNL
2010-10-14,125.0,126.43,121.31,124.1,23965,2989520.62,EQNL
2010-10-15,123.17,126.2,122.98,125.95,11922,1494924.96,EQNL
2010-10-18,125.29,127.98,124.32,127.2,7671,973481.47,EQNL
2010-10-19,127.25,129.97,125.51,126.64,26323,3367903.51,EQNL
2010-10-20,126.9,128.96,126.27,127.6,11138,1418672.86,EQNL
2010-10-21,127.75,129.5,126.51,128.0,10165,1302480.43,EQNL
2010-10-22,127.99,129.0,126.5,127.5,13580,1733163.72,EQNL
2010-10-25,128.91,131.4,128.0,128.77,15689,2034263.92,EQNL
2010-10-26,128.78,129.9,126.52,128.5,21998,2810085.7,EQNL
2010-10-27,127.76,129.12,126.6,127.8,29171,3736854.36,EQNL
2010-10-28,128.61,129.44,127.0,127.87,17482,2225623.82,EQNL
2010-10-29,128.0,128.0,127.3,127.53,6566,839771.29,EQNL
2010-11-01,128.25,129.97,128.0,129.42,5803,747403.24,EQNL
2010-11-02,129.41,129.5,128.0,128.97,12941,1665247.72,EQNL
2010-11-03,128.3,128.9,127.6,128.54,7680,982966.62,EQNL
2010-11-08,130.0,130.5,128.0,128.95,36223,4691394.41,EQNL
2010-11-09,129.16,134.99,128.0,130.68,65918,8590666.66,EQNL
2010-11-10,129.63,130.68,127.55,128.21,56540,7304737.0,EQNL
2010-11-11,128.25,130.2,127.93,128.0,33268,4284300.46,EQNL
2010-11-12,128.0,129.5,127.95,128.88,44543,5705585.0,EQNL
2010-11-13,129.44,130.32,128.05,129.15,8454,1092880.92,EQNL
2010-11-15,128.9,129.97,128.75,129.9,7933,1028234.09,EQNL
2010-11-16,129.9,129.9,128.35,128.42,4182,537728.93,EQNL
2010-11-17,128.25,128.25,125.05,127.69,11628,1476846.78,EQNL
2010-11-18,127.88,130.0,127.5,127.5,20304,2608445.32,EQNL
2010-11-19,127.6,128.61,127.6,128.19,3412,436637.8,EQNL
2010-11-22,128.25,129.0,127.4,127.66,18086,2319452.92,EQNL
2010-11-23,127.34,127.66,126.75,126.8,5632,715408.51,EQNL
2010-11-24,126.8,128.6,126.5,128.55,18321,2337870.19,EQNL
2010-11-25,128.1,129.34,128.1,129.33,17759,2289642.31,EQNL
2010-11-26,129.44,130.02,128.8,129.45,14119,1829083.57,EQNL
2010-11-29,129.5,129.5,127.05,128.48,8322,1070173.93,EQNL
2010-11-30,128.75,129.5,127.75,128.75,3737,480503.19,EQNL
2010-12-01,128.75,129.71,128.26,129.6,16381,2118469.64,EQNL
2010-12-02,129.66,133.25,129.0,130.5,60768,7978812.38,EQNL
2010-12-03,130.77,135.3,130.77,133.34,87016,11597796.18,EQNL
2010-12-06,133.34,135.0,132.0,133.5,37034,4918894.67,EQNL
2010-12-07,133.35,135.31,133.0,135.0,50101,6728175.96,EQNL
2010-12-08,134.99,134.99,131.5,132.5,32002,4248160.74,EQNL
2010-12-09,133.63,135.99,132.5,134.38,25467,3411653.02,EQNL
2010-12-10,134.69,136.8,133.0,134.89,42464,5721948.17,EQNL
2010-12-13,134.38,135.9,132.63,133.34,28118,3764997.26,EQNL
2010-12-14,133.95,133.95,131.61,132.1,31402,4157927.47,EQNL
2010-12-15,132.1,132.8,131.0,132.74,19654,2594667.71,EQNL
2010-12-16,132.82,133.0,131.12,132.02,6171,813129.37,EQNL
2010-12-17,132.1,132.5,131.8,131.8,4305,568474.5,EQNL
2010-12-20,132.75,132.8,128.25,132.79,23695,3107038.49,EQNL
2010-12-21,132.82,137.0,131.06,135.0,40636,5453073.51,EQNL
2010-12-22,135.43,138.63,135.43,136.0,29552,4033429.72,EQNL
2010-12-23,137.0,137.0,134.09,135.5,31987,4331636.46,EQNL
2010-12-24,135.38,135.38,133.04,134.9,27114,3638585.49,EQNL
2010-12-27,134.9,134.9,132.4,132.51,13680,1818137.88,EQNL
2010-12-28,133.34,134.05,132.2,133.2,10102,1349974.69,EQNL
2010-12-29,133.86,137.0,132.8,135.0,23336,3126244.85,EQNL
2010-12-30,134.24,135.68,133.55,134.89,26115,3523201.33,EQNL
2011-01-11,134.91,142.0,134.91,141.5,81373,11288864.99,EQNL
2011-01-12,142.1,145.57,138.55,144.0,75421,10878801.68,EQNL
2011-01-13,145.0,149.5,143.07,148.51,142151,20858814.68,EQNL
2011-01-14,147.16,151.76,147.16,149.5,107818,16106383.84,EQNL
2011-01-17,150.3,150.3,148.0,148.8,77391,11556443.02,EQNL
2011-01-18,148.09,149.6,145.0,147.93,74451,10939314.28,EQNL
2011-01-19,148.12,149.5,145.1,146.51,63560,9339784.7,EQNL
2011-01-20,146.79,147.5,145.42,146.5,34154,4991515.52,EQNL
2011-01-21,146.97,152.2,146.05,152.2,152946,22828253.82,EQNL
2011-01-24,150.4,159.0,150.11,155.0,104125,16184978.73,EQNL
2011-01-25,157.99,161.5,155.02,160.1,137305,21805196.87,EQNL
2011-01-26,162.8,165.32,160.1,165.32,85429,14023284.31,EQNL
2011-01-27,165.32,168.6,162.0,162.8,54593,8988515.37,EQNL
2011-01-28,161.4,161.95,155.8,160.0,89771,14389796.8,EQNL
2011-01-31,157.35,157.98,152.55,156.1,85041,13208263.81,EQNL
2011-02-01,157.14,164.3,157.14,164.3,88602,14186169.74,EQNL
2011-02-02,164.76,167.0,158.8,160.97,77662,12677131.72,EQNL
2011-02-03,162.12,163.25,159.0,160.0,17273,2774058.16,EQNL
2011-02-04,160.71,163.0,160.1,160.99,10580,1704900.19,EQNL
2011-02-07,158.33,160.5,157.0,158.5,21491,3407857.39,EQNL
2011-02-08,160.69,160.69,150.55,154.0,64009,9895531.29,EQNL
2011-02-09,155.43,156.55,150.15,152.78,30551,4665605.9,EQNL
2011-02-10,153.0,153.0,144.98,146.34,55581,8174574.33,EQNL
2011-02-11,147.0,152.0,141.0,151.1,35118,5190436.32,EQNL
2011-02-14,151.12,154.97,148.53,150.0,16759,2530989.83,EQNL
2011-02-15,150.0,151.0,148.69,148.69,17246,2580638.22,EQNL
2011-02-16,148.99,151.0,148.0,151.0,22163,3305858.4,EQNL
2011-02-17,150.7,150.7,147.17,148.0,20259,3000675.01,EQNL
2011-02-18,149.35,149.35,146.21,148.0,32754,4822675.02,EQNL
2011-02-21,147.0,149.0,146.32,148.59,4215,623058.87,EQNL
2011-02-22,147.02,147.02,142.41,144.55,13104,1887007.03,EQNL
2011-02-24,143.58,144.0,132.55,140.59,27087,3798004.5,EQNL
2011-02-25,140.0,149.89,139.17,146.4,18533,2701005.54,EQNL
2011-02-28,148.99,149.02,147.16,148.36,16393,2428464.57,EQNL
2011-03-01,148.0,151.98,146.51,148.89,27360,4089095.9,EQNL
2011-03-02,148.0,149.0,146.41,149.0,14900,2204680.1,EQNL
2011-03-03,148.99,150.0,146.15,147.1,7700,1140328.5,EQNL
2011-03-04,148.99,150.5,148.0,149.74,12460,1854920.0,EQNL
2011-03-05,149.42,149.42,147.03,148.47,3510,520685.8,EQNL
2011-03-09,148.47,149.0,148.0,148.5,10950,1626831.5,EQNL
2011-03-10,148.62,148.62,145.01,145.16,15570,2289132.0,EQNL
2011-03-11,145.0,146.1,143.3,145.0,5490,791562.5,EQNL
2011-03-14,143.31,146.95,139.01,144.0,20400,2926471.3,EQNL
2011-03-15,143.26,143.26,136.0,137.5,36690,5043111.7,EQNL
2011-03-16,138.0,142.0,136.0,136.0,32990,4603297.8,EQNL
2011-03-17,136.0,137.8,136.0,137.0,7070,967668.5,EQNL
2011-03-18,140.84,141.05,136.01,137.06,8420,1170658.5,EQNL
2011-03-21,140.0,140.98,138.01,140.98,4660,652238.5,EQNL
2011-03-22,140.0,143.95,140.0,141.99,18310,2602305.8,EQNL
2011-03-23,140.36,144.24,140.34,144.2,14110,2020211.2,EQNL
2011-03-24,144.6,148.0,144.0,148.0,28250,4146152.2,EQNL
2011-03-25,143.51,150.0,143.51,148.98,4240,627566.5,EQNL
2011-03-28,149.38,149.8,146.4,147.98,9370,1379949.0,EQNL
2011-03-29,149.37,149.4,141.6,143.06,12690,1831816.6,EQNL
2011-03-30,144.24,147.5,144.0,147.0,39760,5785165.3,EQNL
2011-03-31,147.47,155.0,147.47,149.03,122400,18447677.4,EQNL
2011-04-01,149.0,154.0,148.1,150.51,66720,10047489.2,EQNL
2011-04-04,154.01,154.01,148.0,150.79,30410,4543270.7,EQNL
2011-04-05,150.79,154.0,145.58,149.7,13010,1944248.7,EQNL
2011-04-06,155.23,155.23,148.5,149.0,13950,2087651.8,EQNL
2011-04-07,151.51,151.7,145.01,150.4,60290,8973683.6,EQNL
2011-04-08,150.45,152.99,148.02,150.15,64400,9666598.3,EQNL
2011-04-11,150.15,150.15,147.0,148.59,27670,4088242.3,EQNL
2011-04-12,147.34,147.34,142.05,144.0,23310,3356989.3,EQNL
2011-04-13,146.27,146.27,140.4,140.65,16680,2358156.5,EQNL
2011-04-14,148.44,148.44,140.0,143.99,19340,2747575.8,EQNL
2011-04-15,148.5,148.5,140.18,143.99,7810,1121979.2,EQNL
2011-04-18,143.99,143.99,136.11,139.5,15470,2150506.9,EQNL
2011-04-19,138.0,142.88,134.02,142.36,17910,2492855.0,EQNL
2011-04-20,149.34,149.34,141.79,141.79,21980,3168009.9,EQNL
2011-04-21,149.9,149.9,138.0,139.9,29710,4165252.0,EQNL
2011-04-22,143.27,143.27,139.0,140.0,4150,581495.7,EQNL
2011-04-25,141.0,141.46,139.5,139.5,6410,897712.2,EQNL
2011-04-26,139.0,139.01,135.14,138.25,3060,421410.5,EQNL
2011-04-27,138.5,138.5,135.85,135.86,2990,410115.1,EQNL
2011-04-28,136.0,138.49,134.5,136.74,8320,1129955.8,EQNL
2011-04-29,136.74,139.0,135.27,136.86,10590,1445627.7,EQNL
2011-05-03,137.39,137.39,134.5,134.5,9770,1318264.4,EQNL
2011-05-04,135.0,135.0,128.21,131.1,4090,534773.7,EQNL
2011-05-05,131.99,133.49,128.2,128.6,15570,2027444.6,EQNL
2011-05-06,129.0,132.47,120.11,128.0,12910,1652398.6,EQNL
2011-05-10,128.64,128.64,127.0,128.0,19330,2474599.3,EQNL
2011-05-11,128.5,130.32,128.03,129.5,49220,6369565.5,EQNL
2011-05-12,128.01,129.73,127.5,128.77,9360,1203971.9,EQNL
2011-05-13,129.72,130.9,128.99,129.99,10130,1309749.8,EQNL
2011-05-16,129.75,129.75,126.2,129.31,6160,792846.9,EQNL
2011-05-17,128.01,130.0,128.0,129.25,16270,2104904.1,EQNL
2011-05-18,133.94,133.94,127.0,128.0,36230,4662859.2,EQNL
2011-05-19,128.6,129.15,128.0,129.0,20290,2616228.1,EQNL
2011-05-20,128.01,129.17,127.02,129.16,15250,1952462.3,EQNL
2011-05-23,129.63,129.63,123.63,126.14,5140,645561.1,EQNL
2011-05-24,128.98,129.25,126.2,127.7,14250,1821381.9,EQNL
2011-05-25,127.98,128.49,127.13,128.37,350,44735.6,EQNL
2011-05-26,128.16,129.0,128.15,128.25,2680,345406.2,EQNL
2011-05-27,128.31,128.31,127.15,128.3,8760,1121101.5,EQNL
2011-05-30,128.3,129.24,127.23,128.47,5700,733861.6,EQNL
2011-05-31,129.01,129.01,126.61,127.3,123130,15695113.9,EQNL
2011-06-01,127.21,127.25,126.72,127.0,46980,5970905.5,EQNL
2011-06-02,127.05,127.19,123.33,124.46,14070,1753938.7,EQNL
2011-06-03,123.01,124.5,123.01,124.5,23650,2932436.9,EQNL
2011-06-06,124.0,124.5,123.12,124.23,910,112580.2,EQNL
2011-06-07,124.13,124.6,123.9,124.6,6760,840870.7,EQNL
2011-06-08,124.61,125.0,124.0,125.0,75510,9436620.6,EQNL
2011-06-09,125.0,126.0,125.0,125.96,17450,2190329.2,EQNL
2011-06-10,125.99,125.99,124.1,124.9,8170,1021195.4,EQNL
2011-06-14,124.89,127.0,124.32,125.02,5350,670522.2,EQNL
2011-06-15,125.5,126.8,123.2,125.92,43440,5456412.3,EQNL
2011-06-16,124.52,125.99,124.51,125.84,2050,257503.6,EQNL
2011-06-17,125.96,125.97,123.6,124.59,4400,545722.6,EQNL
2011-06-20,124.12,124.57,122.52,123.88,3440,424351.9,EQNL
2011-06-21,123.89,124.0,122.5,123.79,7270,894652.3,EQNL
2011-06-22,123.79,124.0,122.13,123.99,10340,1276513.3,EQNL
2011-06-23,123.98,124.5,122.55,123.51,21940,2695396.9,EQNL
2011-06-24,123.5,123.7,122.0,123.69,10620,1299016.8,EQNL
2011-06-27,120.79,123.7,120.79,123.5,12140,1498754.8,EQNL
2011-06-28,124.97,124.97,122.52,123.6,2120,263588.8,EQNL
2011-06-29,124.99,124.99,123.01,124.29,6030,746900.4,EQNL
2011-06-30,125.4,125.97,124.53,124.53,10740,1342943.6,EQNL
2011-07-01,124.99,125.0,122.99,125.0,2850,353870.4,EQNL
2011-07-04,125.5,125.5,123.0,124.0,12890,1598803.0,EQNL
2011-07-05,123.99,124.0,123.6,123.7,9840,1218760.4,EQNL
2011-07-06,124.0,124.1,123.3,123.5,6820,844300.1,EQNL
2011-07-07,123.83,126.0,123.01,123.05,84800,10488949.3,EQNL
2011-07-08,123.4,124.15,123.1,123.65,124620,15416164.6,EQNL
2011-07-11,123.11,123.9,122.99,123.66,12170,1505088.3,EQNL
2011-07-12,123.35,124.05,123.0,123.65,48280,5966545.6,EQNL
2011-07-13,123.7,124.25,123.4,124.1,9590,1187719.4,EQNL
2011-07-14,124.06,124.06,123.06,123.6,94080,11624868.3,EQNL
2011-07-15,123.11,124.14,123.11,123.62,28150,3483148.8,EQNL
2011-07-18,123.89,124.2,123.7,124.04,26590,3297124.6,EQNL
2011-07-19,124.04,124.1,123.25,123.25,3250,402158.9,EQNL
2011-07-20,123.5,123.81,123.4,123.5,73220,9045395.3,EQNL
2011-07-21,123.5,123.83,123.17,123.2,46470,5739342.8,EQNL
2011-07-22,123.1,123.1,122.46,122.9,24600,3018382.4,EQNL
2011-07-25,122.41,122.5,121.0,121.98,10310,1258471.7,EQNL
2011-07-26,121.86,122.0,121.12,121.74,9180,1115100.4,EQNL
2011-07-27,121.75,121.75,120.14,120.55,9870,1191220.1,EQNL
2011-07-28,120.75,121.17,120.0,121.17,8080,971844.0,EQNL
2011-07-29,121.0,121.25,120.04,120.94,3760,454331.5,EQNL
2011-08-01,120.99,124.25,120.99,121.7,15420,1877747.3,EQNL
2011-08-02,121.7,122.55,121.7,122.55,4810,586977.7,EQNL
2011-08-03,122.4,122.4,121.0,121.39,9200,1118537.7,EQNL
2011-08-04,121.9,122.4,119.0,119.0,24690,2966903.2,EQNL
2011-08-05,114.55,118.18,105.0,115.88,17860,2000716.4,EQNL
2011-08-08,113.5,113.5,102.21,108.99,44300,4801551.9,EQNL
2011-08-09,108.49,108.49,101.52,106.65,28950,3015203.1,EQNL
2011-08-10,107.53,113.99,103.08,104.99,14510,1589829.3,EQNL
2011-08-11,106.14,107.28,102.3,104.42,15810,1628507.3,EQNL
2011-08-12,104.99,107.0,103.01,106.82,6080,642038.4,EQNL
2011-08-15,112.2,112.2,107.02,111.7,8240,903139.4,EQNL
2011-08-16,113.3,113.3,107.01,109.0,10120,1092265.7,EQNL
2011-08-17,110.0,111.0,108.0,109.92,4730,519088.7,EQNL
2011-08-18,107.1,110.74,106.05,106.84,4360,463386.0,EQNL
2011-08-19,103.31,106.6,102.5,106.0,5060,526597.0,EQNL
2011-08-22,102.39,108.99,102.39,108.99,9600,1020870.0,EQNL
2011-08-23,109.9,109.9,107.03,108.98,120,12915.3,EQNL
2011-08-24,111.54,111.54,103.49,106.02,2160,229710.8,EQNL
2011-08-25,107.0,107.5,104.93,104.93,2630,279138.0,EQNL
2011-08-26,104.52,106.56,103.0,106.12,1850,191788.7,EQNL
2011-08-29,106.54,108.8,106.54,108.77,1850,199297.1,EQNL
2011-08-30,109.0,109.0,105.05,106.77,3260,345762.0,EQNL
2011-08-31,108.58,108.8,106.15,108.1,17680,1911280.4,EQNL
2011-09-01,108.44,109.89,106.0,107.53,4840,514370.1,EQNL
2011-09-02,104.55,106.77,104.55,106.45,2400,253592.1,EQNL
2011-09-05,104.56,104.9,102.15,103.93,4190,433901.0,EQNL
2011-09-06,103.94,107.6,103.94,107.22,18950,2006878.9,EQNL
2011-09-07,106.81,107.8,106.5,107.8,12790,1372248.5,EQNL
2011-09-08,107.6,108.2,106.53,107.35,7980,860076.8,EQNL
2011-09-09,107.35,107.35,105.62,106.8,1790,191233.6,EQNL
2011-09-12,106.4,106.7,103.15,104.75,14120,1468986.6,EQNL
2011-09-13,105.16,107.7,104.34,104.34,15160,1599447.3,EQNL
2011-09-14,103.94,105.0,103.25,104.99,1710,177583.6,EQNL
2011-09-15,105.16,109.5,105.16,107.23,12760,1385238.6,EQNL
2011-09-16,107.23,107.73,105.98,105.98,320,34126.6,EQNL
2011-09-19,105.98,105.99,103.15,103.93,31660,3280877.7,EQNL
2011-09-20,103.21,104.0,100.01,103.94,8190,843669.0,EQNL
2011-09-21,104.21,105.0,102.73,103.93,6580,684266.1,EQNL
2011-09-22,100.23,102.22,99.0,99.0,23240,2320578.6,EQNL
2011-09-23,97.17,99.99,89.71,91.77,14310,1331265.4,EQNL
2011-09-26,90.03,91.41,88.0,91.4,6150,551659.2,EQNL
2011-09-27,91.46,117.9,88.56,96.12,30180,2941893.8,EQNL
2011-09-28,97.96,97.96,92.15,93.73,5690,529857.2,EQNL
2011-09-29,93.89,95.0,90.22,95.0,4680,439869.1,EQNL
2011-09-30,92.12,98.69,90.5,92.04,11300,1038734.2,EQNL
2011-10-03,89.3,92.25,74.3,88.7,8910,758913.4,EQNL
2011-10-04,87.24,90.9,81.61,86.88,7620,664303.4,EQNL
2011-10-05,89.99,90.99,83.0,90.99,5150,458191.0,EQNL
2011-10-06,87.59,94.97,86.51,89.76,12210,1098039.0,EQNL
2011-10-07,90.99,90.99,87.99,89.9,40120,3585098.6,EQNL
2011-10-10,89.49,91.74,86.15,89.78,29270,2585263.5,EQNL
2011-10-11,89.76,90.44,87.59,88.49,6790,600912.8,EQNL
2011-10-12,88.25,91.0,87.58,88.7,25820,2313617.1,EQNL
2011-10-13,96.06,96.06,88.03,88.87,46620,4160589.3,EQNL
2011-10-14,80.05,89.96,80.05,88.98,37450,3323521.3,EQNL
2011-10-17,95.47,95.47,87.03,87.91,32220,2863426.1,EQNL
2011-10-18,90.99,90.99,86.05,87.14,7250,633976.3,EQNL
2011-10-19,86.01,89.0,86.01,87.5,9220,808866.6,EQNL
2011-10-20,94.92,94.92,84.55,86.58,8680,745988.7,EQNL
2011-10-21,74.56,88.8,74.56,88.7,6390,560664.0,EQNL
2011-10-24,87.75,89.89,87.51,87.9,112050,9866236.5,EQNL
2011-10-25,87.9,87.9,82.66,87.0,31100,2687923.2,EQNL
2011-10-26,87.09,87.95,86.15,87.91,19780,1729687.3,EQNL
2011-10-27,88.48,92.99,84.13,88.0,103460,9145629.2,EQNL
2011-10-28,88.87,88.95,86.99,87.83,18810,1655196.0,EQNL
2011-10-31,87.5,88.3,86.5,87.27,9190,800116.4,EQNL
2011-11-01,86.54,87.26,80.0,82.0,40600,3402519.8,EQNL
2011-11-02,82.99,82.99,78.0,81.5,54440,4408578.7,EQNL
2011-11-03,74.92,80.99,74.92,79.79,23260,1856337.7,EQNL
2011-11-07,86.55,86.55,79.49,79.91,23510,1881841.2,EQNL
2011-11-08,79.7,81.75,79.7,81.75,39600,3193447.7,EQNL
2011-11-09,81.34,81.34,78.5,79.15,44470,3545796.2,EQNL
2011-11-10,79.01,79.01,77.04,78.44,7850,610099.1,EQNL
2011-11-11,78.04,80.06,78.0,80.0,11680,928708.7,EQNL
2011-11-14,79.99,80.22,77.75,78.71,24900,1973646.5,EQNL
2011-11-15,78.01,79.32,77.0,78.0,37720,2938666.6,EQNL
2011-11-16,78.0,78.69,77.0,78.3,6300,489577.2,EQNL
2011-11-17,78.96,79.75,77.62,79.75,6520,514569.5,EQNL
2011-11-18,77.07,79.74,77.07,79.68,3890,304001.3,EQNL
2011-11-21,79.74,79.75,76.51,77.1,17610,1383012.0,EQNL
2011-11-22,77.49,79.66,77.49,78.38,22390,1765694.9,EQNL
2011-11-23,78.55,80.22,77.49,79.87,18410,1457103.7,EQNL
2011-11-24,79.98,80.3,79.5,80.29,11840,946080.4,EQNL
2011-11-25,78.71,79.49,76.51,77.12,20010,1557692.6,EQNL
2011-11-28,84.37,84.37,77.28,77.28,15130,1187667.8,EQNL
2011-11-29,78.51,79.5,77.99,78.0,29640,2333133.0,EQNL
2011-11-30,70.49,78.59,70.49,76.51,16080,1245804.1,EQNL
2011-12-01,69.89,80.4,69.89,80.08,39330,3129062.3,EQNL
2011-12-02,72.78,80.21,72.78,78.86,12670,1013526.8,EQNL
2011-12-05,80.0,84.3,80.0,82.99,44120,3614804.7,EQNL
2011-12-06,80.18,82.5,78.24,79.24,266300,21528397.8,EQNL
2011-12-07,79.19,79.74,78.13,79.09,10240,805674.5,EQNL
2011-12-08,71.76,80.18,71.76,79.11,43450,3473392.8,EQNL
2011-12-09,78.64,79.0,76.01,76.01,131310,10227350.6,EQNL
2011-12-12,70.59,79.7,70.59,78.39,15120,1169877.1,EQNL
2011-12-13,77.6,80.5,76.04,77.58,23760,1859144.5,EQNL
2011-12-14,78.0,78.98,77.0,78.56,1920,148985.3,EQNL
2011-12-15,86.12,86.12,76.07,76.07,2610,203308.2,EQNL
2011-12-16,69.06,79.0,69.06,75.63,5120,396992.9,EQNL
2011-12-19,77.48,78.88,76.51,77.37,2740,210759.1,EQNL
2011-12-20,84.32,84.32,76.26,77.4,4080,314773.9,EQNL
2011-12-21,78.94,79.0,76.5,77.25,7360,568375.5,EQNL
2011-12-22,77.23,77.8,74.07,74.95,13750,1042130.5,EQNL
2011-12-23,85.71,85.71,72.0,73.36,10860,796386.1,EQNL
2011-12-26,73.6,76.5,73.6,75.49,16070,1210374.1,EQNL
2011-12-27,75.99,76.3,74.55,75.0,89250,6758874.1,EQNL
2011-12-28,72.66,76.76,72.24,72.93,19620,1439726.1,EQNL
2011-12-29,82.88,82.88,70.0,70.0,53440,3783829.5,EQNL
2011-12-30,76.66,76.66,69.0,71.18,21150,1493850.9,EQNL
2012-01-03,71.56,74.68,70.7,73.4,10860,788268.5,EQNL
2012-01-04,74.03,74.16,72.5,73.21,1820,134166.2,EQNL
2012-01-05,73.51,73.69,72.05,73.51,810,58587.4,EQNL
2012-01-06,73.2,73.29,71.7,73.0,3910,283516.0,EQNL
2012-01-09,73.3,76.0,71.03,76.0,6130,449972.8,EQNL
2012-01-10,74.07,77.5,73.53,75.94,7160,544192.5,EQNL
2012-01-11,75.75,76.38,74.04,74.67,2500,187953.3,EQNL
2012-01-12,75.06,77.49,74.5,76.0,3530,268562.4,EQNL
2012-01-13,76.76,77.14,75.41,76.53,2670,202790.4,EQNL
2012-01-16,75.8,76.03,75.11,75.44,2960,222975.1,EQNL
2012-01-17,76.26,77.9,75.61,75.98,24140,1847539.6,EQNL
2012-01-18,75.71,76.0,75.02,75.8,12260,929708.3,EQNL
2012-01-19,75.85,81.3,75.84,79.51,35180,2768303.9,EQNL
2012-01-20,79.8,83.99,77.15,81.55,21500,1755052.7,EQNL
2012-01-23,82.69,82.69,80.14,81.54,7630,619802.5,EQNL
2012-01-24,81.99,81.99,78.8,81.0,113230,9107719.8,EQNL
2012-01-25,82.65,82.65,81.0,81.6,7890,646716.0,EQNL
2012-01-26,82.98,88.0,82.98,87.0,108490,9359551.3,EQNL
2012-01-27,86.99,91.72,86.51,89.48,76960,6794190.3,EQNL
2012-01-30,88.97,91.95,85.0,86.67,22190,1954652.4,EQNL
2012-01-31,87.0,87.5,85.02,86.8,24420,2122749.5,EQNL
2012-02-01,87.46,87.46,85.15,85.87,15630,1347834.3,EQNL
2012-02-02,85.11,85.95,82.53,83.6,81340,6831069.2,EQNL
2012-02-03,83.72,83.85,82.56,83.85,40620,3391560.7,EQNL
2012-02-06,84.01,85.8,83.55,85.38,18410,1564512.9,EQNL
2012-02-07,84.0,84.6,82.65,83.3,31420,2632522.4,EQNL
2012-02-08,94.71,94.71,83.33,83.99,26440,2217931.3,EQNL
2012-02-09,83.51,84.1,82.23,82.99,25590,2133383.6,EQNL
2012-02-10,94.89,94.89,81.0,82.05,19180,1575019.4,EQNL
2012-02-13,93.95,93.95,81.6,83.98,20620,1720478.5,EQNL
2012-02-14,83.5,84.0,83.4,83.5,21070,1769107.3,EQNL
2012-02-15,84.1,84.4,82.5,83.39,21460,1794723.7,EQNL
2012-02-16,75.89,83.0,75.89,82.94,6000,494340.0,EQNL
2012-02-17,82.97,84.0,82.11,83.5,13460,1117538.1,EQNL
2012-02-20,83.51,83.99,82.15,82.69,6890,572579.4,EQNL
2012-02-21,94.43,94.43,81.84,82.19,3830,316498.4,EQNL
2012-02-22,93.85,93.85,81.52,82.13,10230,846616.1,EQNL
2012-02-24,93.6,93.6,81.22,82.22,20250,1663250.0,EQNL
2012-02-27,71.52,83.28,71.52,82.52,11590,956572.3,EQNL
2012-02-28,71.02,83.8,71.02,82.49,23950,1972777.2,EQNL
2012-02-29,71.06,83.49,71.06,83.0,16850,1395794.1,EQNL
2012-03-01,83.4,83.48,82.75,82.81,1950,161517.5,EQNL
2012-03-02,82.42,83.0,81.24,82.5,12400,1014723.2,EQNL
2012-03-05,74.31,83.9,74.31,83.75,17480,1461156.0,EQNL
2012-03-06,84.45,84.45,82.5,82.99,26500,2194090.2,EQNL
2012-03-07,82.3,82.8,82.1,82.66,2860,236424.6,EQNL
2012-03-11,83.0,83.5,82.66,83.44,4520,375512.5,EQNL
2012-03-12,83.01,83.01,81.58,82.89,2110,174108.6,EQNL
2012-03-13,71.08,82.98,71.08,82.98,1740,144131.2,EQNL
2012-03-14,82.51,83.5,82.5,83.39,2090,173609.5,EQNL
2012-03-15,82.53,83.33,79.17,82.9,7330,598516.0,EQNL
2012-03-16,83.4,83.49,80.11,80.95,12580,1025282.3,EQNL
2012-03-19,81.47,81.85,77.61,78.5,27590,2183279.7,EQNL
2012-03-20,89.47,89.47,77.51,77.97,28440,2218511.1,EQNL
2012-03-21,75.87,78.88,75.63,77.99,18710,1454045.8,EQNL
2012-03-22,66.89,79.0,66.89,77.99,16970,1324815.4,EQNL
2012-03-23,70.76,79.0,70.76,79.0,8170,638568.7,EQNL
2012-03-26,79.49,81.0,77.15,80.21,9770,779489.3,EQNL
2012-03-27,80.21,80.5,77.5,78.61,21500,1700929.0,EQNL
2012-03-28,67.55,79.92,67.55,78.77,11130,873884.6,EQNL
2012-03-29,89.51,89.51,77.0,77.91,17750,1385318.5,EQNL
2012-03-30,88.55,88.55,77.27,77.88,19760,1539860.5,EQNL
2012-04-02,77.85,78.38,77.23,77.89,6770,524759.7,EQNL
2012-04-03,88.47,88.47,76.67,77.52,12050,930363.1,EQNL
2012-04-04,77.4,77.95,76.0,76.42,18230,1397615.3,EQNL
2012-04-05,87.17,87.17,75.74,76.8,19540,1492684.3,EQNL
2012-04-06,75.74,78.89,75.74,78.04,4030,312124.4,EQNL
2012-04-09,78.04,80.0,77.05,78.77,2460,192930.9,EQNL
2012-04-10,79.26,79.89,77.77,77.77,5490,430040.8,EQNL
2012-04-11,77.01,78.44,76.56,77.19,8400,650174.6,EQNL
2012-04-12,77.08,77.08,75.5,76.0,59910,4560616.8,EQNL
2012-04-13,86.06,86.06,74.27,74.56,34610,2612273.6,EQNL
2012-04-16,67.98,75.18,67.98,74.5,9130,681810.4,EQNL
2012-04-17,75.23,76.5,74.8,75.23,19580,1479321.9,EQNL
2012-04-18,75.24,76.13,74.5,76.11,45550,3424222.1,EQNL
2012-04-19,75.34,77.47,75.34,77.47,5800,446409.1,EQNL
2012-04-20,77.46,77.77,76.0,76.29,14960,1144778.0,EQNL
2012-04-23,76.3,76.49,76.0,76.0,10620,807571.0,EQNL
2012-04-24,75.99,76.1,75.8,76.0,3360,255366.4,EQNL
2012-04-25,75.59,75.81,74.55,75.44,1280,96245.5,EQNL
2012-04-26,76.02,76.02,74.0,75.77,14400,1087591.6,EQNL
2012-04-27,85.1,85.1,73.03,77.0,4590,342812.1,EQNL
2012-04-28,76.5,78.45,75.05,75.58,38470,3013154.9,EQNL
2012-05-02,77.5,77.5,70.17,74.55,2830,209192.6,EQNL
2012-05-03,84.97,84.97,72.45,73.51,6080,445575.3,EQNL
2012-05-04,73.5,73.52,70.12,71.4,21430,1532395.9,EQNL
2012-05-05,80.84,80.84,68.16,70.23,2200,153964.8,EQNL
2012-05-07,70.23,70.41,65.13,67.55,5020,340950.3,EQNL
2012-05-08,61.85,69.43,61.85,68.0,3220,218366.9,EQNL
2012-05-10,70.89,70.89,69.5,70.0,1010,70350.1,EQNL
2012-05-11,69.5,69.75,66.14,69.75,32780,2215631.3,EQNL
2012-05-12,62.03,69.5,62.03,68.14,2570,173003.0,EQNL
2012-05-14,62.0,70.98,62.0,65.99,74400,5177607.5,EQNL
2012-05-15,66.43,67.0,66.0,66.05,12270,813995.9,EQNL
2012-05-16,72.3,72.3,66.0,67.69,7380,492549.2,EQNL
2012-05-17,66.7,67.33,64.99,66.94,12480,819803.2,EQNL
2012-05-18,57.26,66.95,57.26,66.95,17330,1135174.9,EQNL
2012-05-21,57.28,68.99,57.28,67.2,9510,635926.1,EQNL
2012-05-22,60.92,68.9,60.92,67.2,1020,68568.1,EQNL
2012-05-23,66.05,66.89,64.05,64.79,22870,1497037.1,EQNL
2012-05-24,70.76,70.76,63.3,63.94,85910,5532315.2,EQNL
2012-05-25,72.85,72.85,63.33,63.77,2340,148860.4,EQNL
2012-05-28,72.76,72.76,62.04,62.48,57400,3664246.0,EQNL
2012-05-29,71.26,71.26,62.51,62.96,19380,1222415.5,EQNL
2012-05-30,68.97,68.97,62.74,63.0,1030,64901.7,EQNL
2012-05-31,57.01,70.0,57.01,70.0,14900,958212.6,EQNL
2012-06-01,64.0,65.69,63.65,65.69,4650,297917.6,EQNL
2012-06-04,65.69,65.71,62.0,62.97,4940,311359.6,EQNL
2012-06-05,71.97,71.97,62.42,62.99,3960,249947.3,EQNL
2012-06-06,57.01,63.48,57.01,63.43,5100,321319.6,EQNL
2012-06-07,54.61,63.99,54.61,63.88,8870,560338.7,EQNL
2012-06-08,63.01,63.99,63.01,63.5,17910,1141800.9,EQNL
2012-06-09,64.49,64.5,63.1,63.1,3470,220285.7,EQNL
2012-06-13,63.95,63.95,62.06,63.68,15210,957099.1,EQNL
2012-06-14,57.54,63.8,57.54,63.0,7080,443388.0,EQNL
2012-06-15,71.68,71.68,62.62,65.28,111720,7245504.6,EQNL
2012-06-18,55.83,65.91,55.83,64.4,4180,271877.9,EQNL
2012-06-19,55.55,64.97,55.55,64.24,9760,629959.8,EQNL
2012-06-20,73.25,73.25,64.3,64.41,16130,1043580.2,EQNL
2012-06-21,57.61,64.9,57.61,64.4,1130,72756.7,EQNL
2012-06-22,57.61,65.2,57.61,64.6,2470,158003.4,EQNL
2012-06-25,64.54,65.26,64.0,65.26,1730,111321.0,EQNL
2012-06-26,65.45,66.0,65.25,65.25,12240,801682.3,EQNL
2012-06-27,66.36,66.36,63.0,65.5,4590,293329.4,EQNL
2012-06-28,56.06,66.5,56.06,64.5,5660,365960.8,EQNL
2012-06-29,58.59,66.4,58.59,66.4,28340,1845852.4,EQNL
2012-07-02,67.65,67.7,65.45,66.17,4600,306241.4,EQNL
2012-07-03,67.73,68.73,65.0,67.05,34630,2338373.9,EQNL
2012-07-04,60.91,67.91,60.91,65.87,41460,2733353.2,EQNL
2012-07-05,75.04,75.04,65.05,65.26,72050,4743463.0,EQNL
2012-07-06,56.15,65.95,56.15,65.32,2850,185800.4,EQNL
2012-07-09,59.21,65.97,59.21,62.02,42830,2694792.5,EQNL
2012-07-10,62.02,63.4,62.02,63.3,3740,235043.1,EQNL
2012-07-11,64.49,65.1,63.09,63.99,14670,939062.9,EQNL
2012-07-12,63.03,63.5,62.22,62.73,1480,93501.8,EQNL
2012-07-13,63.19,63.8,62.49,63.33,10010,632333.4,EQNL
2012-07-16,72.34,72.34,63.44,69.0,48180,3230537.5,EQNL
2012-07-17,67.8,70.0,67.8,69.0,12880,890936.6,EQNL
2012-07-18,69.01,70.51,69.01,69.5,7480,523754.8,EQNL
2012-07-19,71.49,71.5,69.97,70.43,1340,94742.2,EQNL
2012-07-20,69.0,71.22,69.0,69.0,12990,896840.4,EQNL
2012-07-23,78.54,78.54,66.13,69.89,9310,640625.0,EQNL
2012-07-24,68.99,68.99,67.11,68.44,3930,267314.1,EQNL
2012-07-25,77.97,77.97,66.12,68.0,16980,1150532.6,EQNL
2012-07-26,58.58,69.91,58.58,68.78,5120,350834.9,EQNL
2012-07-27,69.0,70.0,68.0,69.0,3850,263494.7,EQNL
2012-07-30,59.51,74.44,59.51,69.2,1100,75784.0,EQNL
2012-07-31,59.11,70.0,59.11,70.0,4690,321498.7,EQNL
2012-08-01,70.97,70.98,69.81,70.0,260,18227.6,EQNL
2012-08-02,70.0,70.0,68.41,69.47,15030,1034894.1,EQNL
2012-08-03,78.51,78.51,67.16,69.88,4200,289566.1,EQNL
2012-08-06,62.24,73.77,62.24,69.84,33050,2276741.4,EQNL
2012-08-07,79.21,79.21,67.55,70.0,9690,675810.3,EQNL
2012-08-08,60.81,74.74,60.81,73.1,4820,345864.9,EQNL
2012-08-09,74.98,74.98,72.05,72.05,10180,743797.2,EQNL
2012-08-10,73.97,73.97,70.01,70.99,2340,166674.1,EQNL
2012-08-13,74.49,74.49,70.0,71.09,2790,196870.7,EQNL
2012-08-14,77.59,77.59,69.51,72.28,109240,8107344.1,EQNL
2012-08-15,73.0,74.98,71.51,73.1,1180,85846.0,EQNL
2012-08-16,75.95,75.95,71.89,71.89,1770,127923.3,EQNL
2012-08-17,73.89,73.89,70.11,71.35,54310,3873761.7,EQNL
2012-08-20,80.38,80.38,68.12,69.64,32610,2261075.4,EQNL
2012-08-21,69.62,70.94,68.25,69.99,19960,1391159.9,EQNL
2012-08-22,78.93,78.93,69.5,70.0,1100,76789.0,EQNL
2012-08-23,71.94,71.94,70.0,70.45,870,61252.4,EQNL
2012-08-24,71.49,71.49,70.0,70.67,640,44988.2,EQNL
2012-08-27,72.09,72.09,69.03,70.34,2190,153757.9,EQNL
2012-08-28,71.49,71.49,69.02,69.85,780,54349.4,EQNL
2012-08-29,72.0,72.0,68.56,69.0,4380,303378.8,EQNL
2012-08-30,59.94,69.99,59.94,69.73,17430,1211297.0,EQNL
2012-08-31,69.98,72.0,69.98,71.0,2410,171018.2,EQNL
2012-09-03,71.9,73.4,71.9,72.0,8760,631054.8,EQNL
2012-09-04,74.2,74.2,71.01,72.25,2520,182186.9,EQNL
2012-09-05,74.2,74.2,71.0,73.21,6390,459083.1,EQNL
2012-09-06,74.25,74.25,72.05,72.3,4890,354333.1,EQNL
2012-09-07,69.29,73.49,69.29,72.05,260,18735.7,EQNL
2012-09-10,72.99,73.39,71.19,71.5,1400,100617.7,EQNL
2012-09-11,70.54,72.5,70.54,72.3,16320,1182678.6,EQNL
2012-09-12,72.99,75.7,72.98,74.69,46530,3443769.9,EQNL
2012-09-13,74.7,76.5,73.9,76.0,87220,6608125.5,EQNL
2012-09-14,76.52,79.83,75.01,79.0,127740,9962932.6,EQNL
2012-09-17,79.91,80.0,76.51,78.99,9530,747258.1,EQNL
2012-09-18,79.0,79.5,75.29,77.0,11780,916825.2,EQNL
2012-09-19,80.0,80.0,76.0,77.0,6980,537997.2,EQNL
2012-09-20,77.01,77.5,74.6,76.5,17510,1330374.4,EQNL
2012-09-21,77.96,77.96,76.31,76.31,820,63072.6,EQNL
2012-09-24,76.97,79.84,75.99,77.75,21100,1652381.4,EQNL
2012-09-25,79.78,81.24,78.0,80.5,34010,2720470.8,EQNL
2012-09-26,80.39,85.88,80.36,84.26,111010,9199756.9,EQNL
2012-09-27,81.79,84.5,81.5,83.9,45940,3844223.6,EQNL
2012-09-28,84.48,84.79,83.4,84.63,15300,1276802.6,EQNL
2012-10-01,84.8,84.8,84.25,84.25,3170,267536.2,EQNL
2012-10-02,84.81,84.81,83.83,84.44,400,33647.6,EQNL
2012-10-03,83.02,84.65,83.02,84.0,3740,314230.4,EQNL
2012-10-04,80.47,84.41,80.47,83.93,3600,301642.4,EQNL
2012-10-05,84.18,87.5,83.12,86.25,7420,637113.6,EQNL
2012-10-08,86.3,87.09,83.78,83.78,11550,968914.3,EQNL
2012-10-09,86.04,86.04,83.75,84.21,13690,1147470.0,EQNL
2012-10-10,82.98,84.95,82.98,84.1,2020,169992.4,EQNL
2012-10-11,84.15,84.93,83.75,83.75,3250,272663.4,EQNL
2012-10-12,82.5,85.5,82.5,84.0,3870,325240.7,EQNL
2012-10-15,82.8,85.5,80.26,84.5,9600,812146.8,EQNL
2012-10-16,81.02,84.81,81.02,82.36,3460,287002.6,EQNL
2012-10-17,82.0,85.97,82.0,85.0,11200,951336.2,EQNL
2012-10-18,85.61,85.98,84.23,84.23,2140,181929.3,EQNL
2012-10-19,85.62,86.5,83.0,84.9,2950,249974.5,EQNL
2012-10-22,86.45,86.45,82.97,84.59,4410,372986.1,EQNL
2012-10-23,84.75,84.75,81.0,83.0,6630,553198.1,EQNL
2012-10-24,83.0,86.41,80.59,84.65,5660,476358.4,EQNL
2012-10-25,84.38,85.0,84.38,85.0,2300,195067.2,EQNL
2012-10-26,85.0,89.8,85.0,88.0,53730,4674577.3,EQNL
2012-10-29,86.6,86.68,85.01,85.71,4980,426551.1,EQNL
2012-10-30,85.21,86.97,85.0,86.0,15980,1364842.1,EQNL
2012-10-31,84.78,86.38,84.77,85.0,5570,473003.9,EQNL
2012-11-01,86.21,89.0,84.7,84.7,7300,619511.4,EQNL
2012-11-02,84.74,86.24,84.73,86.24,5720,488410.5,EQNL
2012-11-06,86.94,88.8,85.31,87.19,1660,143440.6,EQNL
2012-11-07,85.89,86.2,85.0,85.0,5190,443473.6,EQNL
2012-11-08,86.5,86.88,85.19,85.5,42000,3607088.6,EQNL
2012-11-09,85.0,85.75,85.0,85.0,3210,272869.4,EQNL
2012-11-12,86.97,86.97,84.55,84.55,370,31355.4,EQNL
2012-11-13,85.6,85.6,83.39,85.6,13470,1151210.6,EQNL
2012-11-14,84.23,88.33,84.23,84.98,1080,92860.9,EQNL
2012-11-15,84.23,85.0,84.23,85.0,14310,1214578.5,EQNL
2012-11-16,85.0,85.0,84.4,84.4,2750,233237.9,EQNL
2012-11-19,84.23,84.56,82.67,83.5,4940,412903.0,EQNL
2012-11-20,83.91,85.99,80.2,83.55,18510,1546138.9,EQNL
2012-11-21,83.48,83.58,80.01,81.68,5140,418245.2,EQNL
2012-11-22,73.96,84.23,73.96,82.3,1730,142234.3,EQNL
2012-11-23,82.6,82.6,80.9,81.01,6500,527540.8,EQNL
2012-11-26,81.0,81.6,80.04,80.04,10320,837217.4,EQNL
2012-11-27,70.31,80.8,70.31,80.5,5200,418231.1,EQNL
2012-11-28,81.0,81.0,78.05,80.2,740,59599.5,EQNL
2012-11-29,80.7,80.99,78.89,80.98,8420,673959.5,EQNL
2012-11-30,81.01,82.0,80.4,82.0,1150,93308.0,EQNL
2012-12-03,81.33,81.33,80.7,81.33,3060,247978.0,EQNL
2012-12-04,81.65,82.0,80.06,80.06,2640,214412.1,EQNL
2012-12-05,81.02,81.3,80.91,81.0,1170,94906.9,EQNL
2012-12-06,80.7,80.7,78.0,80.69,1230,98545.4,EQNL
2012-12-07,80.08,81.99,76.66,80.0,5290,420115.9,EQNL
2012-12-10,70.16,80.08,70.16,79.0,650,51313.8,EQNL
2012-12-11,72.17,79.74,72.17,79.11,12580,989090.3,EQNL
2012-12-12,88.8,88.8,78.7,79.09,1410,111354.0,EQNL
2012-12-13,86.69,86.69,75.0,78.14,8510,664526.6,EQNL
2012-12-14,68.28,81.0,68.28,80.39,18110,1435815.0,EQNL
2012-12-17,80.7,88.6,78.89,79.19,10710,853719.8,EQNL
2012-12-18,88.87,88.87,78.09,79.18,1870,147644.6,EQNL
2012-12-19,86.74,86.74,78.09,79.11,4260,339140.2,EQNL
2012-12-20,88.99,88.99,75.58,78.51,3710,289479.2,EQNL
2012-12-21,68.72,78.99,68.72,77.79,1830,143178.1,EQNL
2012-12-24,85.14,85.14,76.45,77.3,5300,409162.9,EQNL
2012-12-25,67.64,85.0,67.64,78.24,94910,7442089.1,EQNL
2012-12-26,68.67,82.99,68.67,79.81,140810,11194637.3,EQNL
2012-12-27,79.99,81.41,75.77,79.51,4530,360391.8,EQNL
2012-12-28,81.43,84.99,77.1,82.49,65630,5270875.1,EQNL
2013-01-08,71.94,83.33,71.94,82.82,550,44710.9,EQNL
2013-01-09,80.08,82.01,80.08,81.65,1120,90935.5,EQNL
2013-01-10,74.0,85.0,74.0,82.5,4540,375862.4,EQNL
2013-01-11,74.58,86.0,74.58,83.9,4140,348232.7,EQNL
2013-01-14,73.03,88.78,73.03,86.88,8620,728484.4,EQNL
2013-01-15,86.0,86.0,85.7,85.7,1530,131154.0,EQNL
2013-01-16,84.24,85.9,83.92,84.55,1400,118062.3,EQNL
2013-01-17,92.15,92.15,83.92,86.09,13400,1150107.9,EQNL
2013-01-18,86.5,89.62,86.0,86.0,8490,733190.4,EQNL
2013-01-21,74.81,88.97,74.81,86.22,2590,224588.7,EQNL
2013-01-22,94.2,94.2,86.0,86.23,12050,1036732.9,EQNL
2013-01-23,75.31,87.88,75.31,86.44,870,75004.8,EQNL
2013-01-24,97.29,97.29,85.8,86.37,900,77561.3,EQNL
2013-01-25,96.89,96.89,85.8,86.37,1040,89477.1,EQNL
2013-01-28,87.3,87.5,85.53,86.37,360,30923.5,EQNL
2013-01-29,96.93,96.93,80.13,86.0,62140,5334315.1,EQNL
2013-01-30,86.5,87.7,86.0,86.19,1840,159332.0,EQNL
2013-01-31,94.04,94.04,84.0,84.55,3000,256018.6,EQNL
2013-02-01,83.98,86.31,83.98,85.99,4210,361552.3,EQNL
2013-02-04,84.3,86.0,84.3,85.5,9560,821830.5,EQNL
2013-02-05,77.53,85.97,77.53,85.55,4780,406611.8,EQNL
2013-02-06,74.53,87.3,74.53,85.0,10400,884104.4,EQNL
2013-02-07,85.36,85.5,84.56,85.37,7390,630141.2,EQNL
2013-02-08,85.0,85.37,85.0,85.37,12280,1044680.5,EQNL
2013-02-11,85.3,86.22,85.3,86.0,1970,168750.8,EQNL
2013-02-12,85.86,86.2,85.3,86.2,8760,751970.9,EQNL
2013-02-13,86.47,87.59,85.3,87.0,1900,163618.2,EQNL
2013-02-14,87.99,89.0,86.16,86.23,90,7860.4,EQNL
2013-02-15,86.01,86.01,83.57,85.0,3100,263596.8,EQNL
2013-02-18,74.76,88.33,74.76,84.99,1340,114178.5,EQNL
2013-02-19,77.31,85.29,77.31,85.13,330,28017.6,EQNL
2013-02-20,74.53,85.13,74.53,85.0,5310,451039.8,EQNL
2013-02-21,85.0,85.2,83.0,84.86,5360,452213.4,EQNL
2013-02-22,77.02,85.99,77.02,85.37,6370,541404.7,EQNL
2013-02-25,85.56,85.85,85.0,85.48,1580,134591.4,EQNL
2013-02-26,85.12,85.12,85.0,85.0,6280,533802.9,EQNL
2013-02-27,85.06,85.35,84.88,85.35,15430,1311487.8,EQNL
2013-02-28,85.54,85.54,85.0,85.1,5650,480784.1,EQNL
2013-03-01,85.15,87.89,85.0,87.89,7670,654901.8,EQNL
2013-03-04,87.15,87.2,85.99,86.25,14660,1268841.8,EQNL
2013-03-05,86.37,86.45,86.0,86.45,2940,252851.9,EQNL
2013-03-06,86.16,87.03,86.16,87.03,3010,259604.0,EQNL
2013-03-07,86.23,86.65,86.0,86.51,3180,274572.0,EQNL
2013-03-11,87.0,87.48,87.0,87.3,350,30458.3,EQNL
2013-03-12,86.93,87.0,86.93,86.93,3620,314712.2,EQNL
2013-03-13,86.61,87.34,86.6,87.34,1930,167814.0,EQNL
2013-03-14,86.89,88.97,86.89,87.5,2750,240521.4,EQNL
2013-03-15,87.38,88.0,87.3,87.99,350,30709.8,EQNL
2013-03-18,87.99,87.99,86.02,87.2,12420,1080439.8,EQNL
2013-03-19,87.01,87.18,87.0,87.0,32320,2811854.2,EQNL
2013-03-20,87.01,93.0,87.0,92.8,44760,4014844.6,EQNL
2013-03-21,89.9,97.34,89.9,95.71,33470,3102381.4,EQNL
2013-03-22,97.25,97.25,95.7,95.71,10170,973675.9,EQNL
2013-03-25,95.26,95.57,95.25,95.25,18190,1732607.3,EQNL
2013-03-26,95.95,95.95,88.66,95.51,26890,2570203.4,EQNL
2013-03-27,95.51,95.51,95.5,95.5,5140,490880.0,EQNL
2013-03-28,96.0,96.4,90.4,96.0,29750,2854017.5,EQNL
2013-03-29,96.0,96.1,95.02,95.02,7130,684386.8,EQNL
2013-04-01,96.0,96.02,96.0,96.0,3910,375360.4,EQNL
2013-04-02,96.31,101.8,96.3,101.51,32590,3229079.4,EQNL
2013-04-03,100.09,103.65,99.62,102.0,9870,997727.0,EQNL
2013-04-04,102.0,105.88,93.27,104.5,21260,2218865.9,EQNL
2013-04-05,103.92,104.53,103.92,104.0,9290,966174.9,EQNL
2013-04-08,104.84,105.0,104.0,104.0,6700,700000.7,EQNL
2013-04-09,102.73,102.73,100.0,100.0,750,76019.5,EQNL
2013-04-10,101.3,102.67,101.3,102.54,2290,234639.1,EQNL
2013-04-11,103.2,104.5,103.2,104.5,12020,1249858.4,EQNL
2013-04-12,100.35,105.6,100.34,105.0,32420,3402846.7,EQNL
2013-04-15,105.97,106.39,90.05,105.99,39260,4133532.0,EQNL
2013-04-16,105.47,105.47,104.5,105.47,47220,4958054.8,EQNL
2013-04-17,105.0,106.0,101.16,106.0,56960,5994956.7,EQNL
2013-04-18,105.9,106.0,104.6,106.0,60000,6355718.0,EQNL
2013-04-19,100.71,105.43,100.7,105.43,41260,4328172.1,EQNL
2013-04-22,103.18,109.8,103.18,109.6,84350,8967073.9,EQNL
2013-04-23,109.01,112.49,106.0,112.0,68850,7659561.0,EQNL
2013-04-24,113.13,113.13,109.5,112.5,111040,12446543.0,EQNL
2013-04-25,114.88,114.88,110.88,111.26,520,58075.2,EQNL
2013-04-26,110.0,111.2,109.9,111.0,30140,3343165.9,EQNL
2013-04-29,112.94,112.94,109.5,109.5,2770,305598.0,EQNL
2013-04-30,127.65,127.65,108.5,113.0,77410,8676372.2,EQNL
2013-05-03,112.47,112.47,112.47,112.47,120,13496.4,EQNL
2013-05-06,112.0,112.0,112.0,112.0,30,3360.0,EQNL
2013-05-07,109.0,111.15,109.0,111.15,20530,2258589.5,EQNL
2013-05-08,108.04,111.99,103.41,111.5,74280,8278566.4,EQNL
2013-05-10,111.5,111.5,111.5,111.5,10,1115.0,EQNL
2013-05-13,108.36,108.36,108.36,108.36,30,3250.8,EQNL
2013-05-14,110.0,117.39,110.0,114.0,98210,11177723.6,EQNL
2013-05-15,112.22,114.48,112.1,114.39,70880,8107855.7,EQNL
2013-05-16,114.5,117.5,113.79,117.5,77390,8975304.5,EQNL
2013-05-17,117.0,117.7,114.13,117.7,128010,15000229.8,EQNL
2013-05-20,117.0,117.5,116.99,117.5,2440,286100.2,EQNL
2013-05-21,117.59,118.1,117.18,118.09,7770,915518.4,EQNL
2013-05-22,117.51,120.0,117.51,119.5,53150,6345783.6,EQNL
2013-05-23,118.11,121.0,117.01,121.0,26840,3233241.1,EQNL
2013-05-24,121.0,122.0,118.12,119.5,3670,444694.1,EQNL
2013-05-27,118.35,119.98,118.25,119.96,4660,554816.0,EQNL
2013-05-28,118.0,121.45,118.0,121.45,7700,919851.1,EQNL
2013-05-29,121.0,121.0,118.89,120.42,140,16742.6,EQNL
2013-05-30,118.45,121.97,118.44,121.97,110680,13451498.6,EQNL
2013-05-31,121.5,121.5,118.64,119.0,8220,978203.2,EQNL
2013-06-03,118.25,118.26,118.25,118.26,3100,366595.3,EQNL
2013-06-04,118.26,118.26,118.0,118.0,6000,708250.7,EQNL
2013-06-05,116.01,120.0,115.0,120.0,102810,12322946.7,EQNL
2013-06-06,117.48,120.0,117.26,120.0,50110,6011800.3,EQNL
2013-06-07,117.82,118.3,116.17,116.63,550,64268.5,EQNL
2013-06-10,116.66,119.6,116.0,119.5,41090,4896986.6,EQNL
2013-06-11,116.06,118.87,116.06,116.07,400,46484.5,EQNL
2013-06-13,116.15,116.5,94.0,116.4,53740,6220062.1,EQNL
2013-06-14,115.27,115.27,115.0,115.0,1640,188715.9,EQNL
2013-06-17,115.0,115.0,115.0,115.0,1000,115000.0,EQNL
2013-06-18,117.0,117.0,113.5,113.52,210,23950.4,EQNL
2013-06-19,101.06,112.95,101.01,112.5,52020,5844566.8,EQNL
2013-06-20,111.03,111.03,106.0,109.2,860,93253.3,EQNL
2013-06-21,108.0,108.0,102.46,103.53,390,40288.0,EQNL
2013-06-24,104.96,115.0,104.96,114.0,11100,1259900.4,EQNL
2013-06-25,112.02,115.0,112.02,115.0,10020,1147763.1,EQNL
2013-06-26,107.57,115.0,107.57,114.0,18410,2105345.3,EQNL
2013-06-27,115.25,115.25,105.02,114.22,16270,1835160.8,EQNL
2013-06-28,112.0,116.0,112.0,114.9,5770,663398.0,EQNL
2013-07-01,109.5,113.5,108.0,113.5,17510,1981899.1,EQNL
2013-07-02,108.95,112.92,108.9,112.91,140,15508.1,EQNL
2013-07-03,109.23,112.0,108.34,111.99,1470,163218.2,EQNL
2013-07-04,111.0,111.06,108.0,109.11,290,31604.2,EQNL
2013-07-05,99.44,113.65,99.44,111.96,820,89395.6,EQNL
2013-07-08,109.77,112.99,109.77,111.15,1380,154345.4,EQNL
2013-07-09,112.12,112.97,112.12,112.97,50,5614.5,EQNL
2013-07-10,108.38,112.24,108.37,112.0,90,9864.7,EQNL
2013-07-11,111.0,112.59,108.13,109.56,10950,1215251.1,EQNL
2013-07-12,111.69,111.69,110.0,110.48,800,88328.0,EQNL
2013-07-15,112.77,115.43,107.6,115.43,2920,321176.6,EQNL
2013-07-16,106.61,111.0,106.61,107.74,2710,295955.5,EQNL
2013-07-17,108.89,108.95,107.5,108.55,1120,120602.6,EQNL
2013-07-18,108.25,108.38,105.0,108.25,15210,1612332.1,EQNL
2013-07-19,110.0,110.0,108.9,108.9,40,4389.0,EQNL
2013-07-22,106.72,111.96,106.72,111.96,40,4321.2,EQNL
2013-07-23,107.51,109.65,107.51,109.65,40,4343.2,EQNL
2013-07-24,108.97,108.98,107.56,108.98,280,30458.4,EQNL
2013-07-25,110.84,110.84,109.0,109.0,340,37096.8,EQNL
2013-07-26,107.99,109.99,107.99,109.99,100,10860.4,EQNL
2013-07-29,108.41,114.0,108.38,112.05,390,43248.8,EQNL
2013-07-30,110.05,110.05,109.0,109.01,170,18544.4,EQNL
2013-07-31,109.99,115.99,109.99,113.09,1660,187091.3,EQNL
2013-08-01,113.09,113.37,109.32,111.7,660,74042.8,EQNL
2013-08-02,109.21,109.21,109.2,109.2,260,28392.2,EQNL
2013-08-05,108.99,109.0,107.0,108.79,640,68930.0,EQNL
2013-08-06,108.54,108.55,107.5,107.5,101150,10873782.1,EQNL
2013-08-07,107.93,107.93,105.0,106.79,101340,10893640.9,EQNL
2013-08-08,105.51,112.0,105.0,112.0,22150,2384662.6,EQNL
2013-08-09,109.3,111.5,109.3,111.5,5030,560753.0,EQNL
2013-08-12,108.74,109.71,106.0,109.71,680,73202.2,EQNL
2013-08-13,109.69,109.69,109.69,109.69,40,4387.6,EQNL
2013-08-15,108.99,109.0,108.99,109.0,7000,762995.9,EQNL
2013-08-16,107.5,107.5,107.4,107.4,530,56933.0,EQNL
2013-08-19,106.98,106.98,105.0,106.31,320,33758.1,EQNL
2013-08-20,105.01,105.01,104.5,105.0,110,11540.2,EQNL
2013-08-21,106.6,106.6,104.62,105.99,100,10562.8,EQNL
2013-08-22,105.11,106.01,104.37,106.01,460,48330.2,EQNL
2013-08-23,106.93,106.93,106.0,106.34,590,62635.1,EQNL
2013-08-26,106.0,106.0,104.01,104.01,190,19867.8,EQNL
2013-08-27,104.0,107.0,101.0,106.0,18400,1936005.3,EQNL
2013-08-28,105.0,106.5,104.0,106.0,13510,1432788.3,EQNL
2013-08-29,106.0,106.0,105.98,105.98,60,6359.6,EQNL
2013-08-30,105.02,109.79,99.05,109.79,26890,2827141.1,EQNL
2013-09-02,90.22,110.0,90.22,110.0,7,718.44,SMAL
2013-09-04,65.0,107.02,65.0,107.02,29,2332.16,SMAL
2013-09-05,107.47,107.5,104.11,107.5,280,29904.5,TQNL
2013-09-06,108.5,108.5,108.0,108.0,160,17355.0,TQNL
2013-09-09,109.3,109.5,107.01,107.01,50,5446.1,TQNL
2013-09-10,108.5,112.0,108.0,108.0,3790,415425.7,TQNL
2013-09-11,107.65,108.0,107.43,107.43,1520,163869.8,TQNL
2013-09-12,107.4,107.4,107.22,107.22,30,3219.2,TQNL
2013-09-13,106.81,106.81,104.01,104.01,840,88231.9,TQNL
2013-09-16,107.0,107.0,107.0,107.0,2,214.0,SMAL
2013-09-17,102.84,105.0,102.8,105.0,1070,110616.9,TQNL
2013-09-18,106.03,106.77,106.0,106.0,410,43491.6,TQNL
2013-09-19,110.0,118.88,106.0,106.0,1880,206269.9,TQNL
2013-09-20,103.8,106.0,103.02,104.45,1650,174544.2,TQNL
2013-09-23,106.38,107.0,101.62,104.56,990,103589.6,TQNL
2013-09-24,104.8,107.87,104.8,105.0,100,10618.1,TQNL
2013-09-25,103.0,108.4,103.0,104.0,11,1139.4,SMAL
2013-09-26,105.0,105.0,105.0,105.0,1,105.0,SMAL
2013-09-27,109.0,109.0,107.0,107.0,30,3240.0,TQNL
2013-09-30,110.5,110.5,107.0,108.17,11780,1262824.1,TQNL
2013-10-01,107.99,110.0,104.99,110.0,3180,342008.7,TQNL
2013-10-02,109.0,109.99,108.0,108.0,180,19658.4,TQNL
2013-10-03,109.05,109.05,108.0,108.5,430,46662.6,TQNL
2013-10-04,103.15,108.0,100.0,100.0,15,1546.05,SMAL
2013-10-07,108.47,108.5,108.47,108.5,180,19526.3,TQNL
2013-10-08,66.04,107.99,66.04,107.99,10,744.3,SMAL
2013-10-09,109.0,109.5,107.0,107.0,700,75892.0,TQNL
2013-10-10,107.64,109.5,106.0,107.64,5960,637158.7,TQNL
2013-10-11,66.88,66.88,66.88,66.88,1,66.88,SMAL
2013-10-14,107.99,108.9,106.46,106.46,3970,426680.1,TQNL
2013-10-15,107.22,108.06,107.22,107.22,400,43049.7,TQNL
2013-10-16,100.01,100.01,100.01,100.01,1,100.01,SMAL
2013-10-17,108.06,108.91,107.64,107.7,25440,2740257.6,TQNL
2013-10-18,108.06,108.9,108.06,108.5,25310,2756084.1,TQNL
2013-10-21,100.0,106.0,100.0,106.0,10,1030.0,SMAL
2013-10-22,107.64,108.1,107.28,107.28,380,40939.3,TQNL
2013-10-23,106.0,106.0,106.0,106.0,3,318.0,SMAL
2013-10-24,99.0,105.0,99.0,105.0,2,204.0,SMAL
2013-10-25,100.0,105.0,100.0,100.1,76,7626.8,SMAL
2013-10-28,106.82,107.87,105.67,106.5,800,85600.8,TQNL
2013-10-29,106.81,114.99,104.47,108.5,17800,1925498.8,TQNL
2013-10-30,104.0,104.0,104.0,104.0,1,104.0,SMAL
2013-10-31,108.93,112.0,108.93,112.0,20,2211.72,SMAL
2013-11-01,98.71,110.0,98.71,110.0,12,1253.55,SMAL
2013-11-05,108.0,110.35,108.0,110.35,9,976.7,SMAL
2013-11-06,100.09,100.09,100.09,100.09,2,200.18,SMAL
2013-11-07,106.55,109.45,106.49,108.47,660,71204.7,TQNL
2013-11-08,108.39,108.39,108.39,108.39,1,108.39,SMAL
2013-11-11,108.0,111.0,108.0,108.92,2340,257203.8,TQNL
2013-11-12,109.76,113.99,109.0,110.19,3610,399526.7,TQNL
2013-11-13,109.76,110.5,109.0,109.01,1740,190536.7,TQNL
2013-11-14,107.0,108.0,107.0,107.19,17,1820.57,SMAL
2013-11-15,108.51,113.0,108.51,111.92,4070,450126.7,TQNL
2013-11-18,111.48,114.0,105.06,112.01,3860,433413.8,TQNL
2013-11-19,111.92,112.5,111.48,112.5,610,68067.6,TQNL
2013-11-20,106.06,108.51,106.06,108.51,16,1716.56,SMAL
2013-11-21,107.0,107.0,106.35,106.35,7,745.1,SMAL
2013-11-22,110.09,110.09,109.2,109.2,490,53557.1,TQNL
2013-11-25,108.05,108.51,108.05,108.51,6,648.76,SMAL
2013-11-26,109.76,110.0,109.76,110.0,200,21995.6,TQNL
2013-11-27,110.62,110.9,110.62,110.9,40,4427.6,TQNL
2013-11-28,108.0,109.98,108.0,109.0,280,30531.6,TQNL
2013-11-29,111.98,111.98,108.93,108.93,9,983.42,SMAL
2013-12-02,111.05,115.5,110.19,115.5,1880,213172.1,TQNL
2013-12-03,112.01,113.01,112.01,113.01,2,225.02,SMAL
2013-12-04,112.05,112.05,112.04,112.04,10,1120.49,SMAL
2013-12-05,112.03,112.03,112.03,112.03,2,224.06,SMAL
2013-12-06,114.9,115.0,112.0,112.0,1290,146016.0,TQNL
2013-12-09,114.12,114.56,114.12,114.56,60,6864.7,TQNL
2013-12-10,115.01,117.7,115.0,115.0,110,12720.3,TQNL
2013-12-11,114.56,114.56,114.0,114.0,150,17127.2,TQNL
2013-12-12,114.56,114.6,108.0,113.23,2940,327759.6,TQNL
2013-12-13,105.01,105.01,105.01,105.01,5,525.05,SMAL
2013-12-16,112.95,112.95,109.0,110.62,5250,573880.6,TQNL
2013-12-17,111.0,111.0,111.0,111.0,7,777.0,SMAL
2013-12-18,113.13,113.13,113.13,113.13,3,339.39,SMAL
2013-12-19,115.01,118.5,114.56,115.91,1780,205072.8,TQNL
2013-12-20,115.46,118.0,114.9,118.0,52160,6128538.7,TQNL
2013-12-23,101.05,116.0,101.05,116.0,108,12463.46,SMAL
2013-12-24,119.86,119.86,119.0,119.0,2,238.86,SMAL
2013-12-25,120.46,120.5,118.0,118.0,3550,426097.2,TQNL
2013-12-26,118.0,120.49,118.0,118.5,650,77753.7,TQNL
2013-12-27,101.01,119.0,101.01,119.0,16,1791.06,SMAL
2013-12-30,121.0,121.0,121.0,121.0,4,484.0,SMAL
2014-01-06,122.0,123.95,121.5,122.0,260,31922.3,TQNL
2014-01-08,122.0,122.71,122.0,122.6,4270,523281.9,TQNL
2014-01-09,123.0,123.0,122.0,122.44,580,71130.0,TQNL
2014-01-10,121.0,121.0,121.0,121.0,24,2904.0,SMAL
2014-01-13,120.03,123.5,120.03,123.5,12,1468.12,SMAL
2014-01-14,123.5,123.5,123.45,123.5,140,17289.0,TQNL
2014-01-15,124.97,130.0,124.5,126.5,1160,146794.0,TQNL
2014-01-16,122.15,125.0,120.1,120.1,18,2191.39,SMAL
2014-01-17,125.99,128.0,125.99,128.0,5,634.76,SMAL
2014-01-20,127.0,127.05,121.0,123.97,3540,433970.7,TQNL
2014-01-21,127.0,127.0,127.0,127.0,1,127.0,SMAL
2014-01-22,126.5,126.5,126.5,126.5,10,1265.0,TQNL
2014-01-23,127.88,127.88,125.01,125.01,1030,129668.3,TQNL
2014-01-24,124.0,124.0,124.0,124.0,7,868.0,SMAL
2014-01-27,126.95,138.0,126.0,129.0,2060,266556.7,TQNL
2014-01-28,125.02,125.02,125.02,125.02,3,375.06,SMAL
2014-01-29,134.44,136.5,130.0,134.82,3930,519939.5,TQNL
2014-01-30,131.2,131.2,121.03,126.29,1130,139281.0,TQNL
2014-01-31,132.0,132.0,132.0,132.0,3,396.0,SMAL
2014-02-03,134.0,138.49,130.05,132.0,10670,1433870.1,TQNL
2014-02-04,125.99,134.62,125.99,130.0,14480,1884000.7,TQNL
2014-02-05,132.59,132.59,127.9,129.98,540,69791.5,TQNL
2014-02-06,125.19,125.19,125.19,125.19,3,375.57,SMAL
2014-02-07,129.0,129.0,125.05,128.55,7380,930638.4,TQNL
2014-02-10,128.0,131.0,127.0,129.0,21860,2782705.8,TQNL
2014-02-11,129.0,129.0,127.23,128.95,90,11591.4,TQNL
2014-02-12,131.0,131.0,131.0,131.0,1,131.0,SMAL
2014-02-13,129.0,145.0,129.0,144.7,102550,14436874.8,TQNL
2014-02-14,143.11,144.92,142.31,142.31,9330,1330098.9,TQNL
2014-02-17,143.0,143.4,143.0,143.4,9,1289.8,SMAL
2014-02-18,144.94,144.94,143.59,143.73,120,17251.3,TQNL
2014-02-19,138.01,144.0,120.01,144.0,13,1746.12,SMAL
2014-02-20,145.5,145.5,145.5,145.5,2,291.0,SMAL
2014-02-21,146.8,148.0,145.11,145.11,2150,317544.4,TQNL
2014-02-24,144.69,145.49,144.41,145.0,490,70938.4,TQNL
2014-02-25,145.5,145.5,144.7,144.7,850,123237.8,TQNL
2014-02-26,146.88,146.99,145.5,146.38,16050,2345282.7,TQNL
2014-02-27,146.88,147.54,146.5,147.1,9000,1323094.9,TQNL
2014-02-28,147.1,147.26,147.1,147.2,240,35325.8,TQNL
2014-03-03,138.01,139.01,130.0,130.0,12350,1655898.3,TQNL
2014-03-04,136.99,139.94,125.0,132.15,3140,414868.2,TQNL
2014-03-05,134.99,134.99,134.99,134.99,10,1349.9,TQNL
2014-03-06,133.02,133.03,133.01,133.03,60,7980.9,TQNL
2014-03-07,133.02,135.92,126.46,135.89,220,29642.5,TQNL
2014-03-11,123.09,123.09,123.09,123.09,6,738.54,SMAL
2014-03-12,133.0,133.0,133.0,133.0,6,798.0,SMAL
2014-03-13,133.33,134.99,132.0,133.05,5660,753136.1,TQNL
2014-03-14,130.01,130.01,129.0,130.0,2520,327499.3,TQNL
2014-03-17,130.01,134.5,130.01,134.5,1160,154531.5,TQNL
2014-03-18,130.04,134.85,130.03,132.56,160,21279.6,TQNL
2014-03-19,130.03,130.03,130.03,130.03,30,3900.9,TQNL
2014-03-20,131.9,131.9,131.75,131.75,2010,265117.5,TQNL
2014-03-21,131.05,131.05,130.0,130.0,2000,260217.4,TQNL
2014-03-24,131.75,131.75,131.75,131.75,10,1317.5,TQNL
2014-03-25,130.01,134.44,130.0,132.28,1040,135267.4,TQNL
2014-03-27,128.01,133.5,128.01,133.5,550,73370.1,TQNL
2014-03-28,130.0,137.6,130.0,137.5,4160,558996.9,TQNL
2014-03-31,125.05,125.05,125.05,125.05,3,375.15,SMAL
2014-04-01,134.99,136.86,134.99,136.85,3480,471527.0,TQNL
2014-04-02,128.25,131.0,128.25,131.0,4,518.5,SMAL
2014-04-03,130.43,130.43,130.43,130.43,5,652.15,SMAL
2014-04-04,137.49,137.89,137.49,137.8,6750,928134.6,TQNL
2014-04-07,138.0,138.0,138.0,138.0,8,1104.0,SMAL
2014-04-08,83.0,83.0,83.0,83.0,9,747.0,SMAL
2014-04-09,138.0,139.98,137.99,139.98,1750,242862.9,TQNL
2014-04-10,139.95,142.45,139.95,142.0,1130,158309.8,TQNL
2014-04-11,142.0,142.1,139.01,139.01,220,30750.6,TQNL
2014-04-14,147.5,151.0,147.5,151.0,10,1478.5,SMAL
2014-04-15,135.0,135.0,135.0,135.0,2,270.0,SMAL
2014-04-16,145.0,147.7,145.0,147.7,5,733.1,SMAL
2014-04-17,150.0,150.98,140.0,149.74,11720,1661151.5,TQNL
2014-04-18,149.44,149.44,149.44,149.44,5,747.2,SMAL
2014-04-21,151.01,152.44,150.0,150.99,90,13564.5,TQNL
2014-04-22,150.01,150.49,149.0,150.49,70,10494.0,TQNL
2014-04-23,148.99,151.02,148.0,148.0,160,23829.9,TQNL
2014-04-24,150.01,150.01,147.0,147.0,60,8910.3,TQNL
2014-04-25,150.0,150.0,150.0,150.0,10,1500.0,TQNL
2014-04-28,144.95,145.0,140.01,144.56,2180,307935.9,TQNL
2014-04-29,130.02,130.02,130.02,130.02,3,390.06,SMAL
2014-04-30,130.01,130.01,130.01,130.01,7,910.07,SMAL
2014-05-02,147.32,147.32,135.07,138.71,520,71890.5,TQNL
2014-05-05,135.21,141.94,133.54,139.6,1390,192852.8,TQNL
2014-05-06,148.88,148.88,140.02,141.52,50,7281.8,TQNL
2014-05-07,136.36,136.93,135.32,136.84,100,13619.4,TQNL
2014-05-08,137.96,141.6,137.96,141.44,100,13918.3,TQNL
2014-05-12,149.23,149.23,139.0,142.28,110,15558.1,TQNL
2014-05-13,140.98,140.99,137.0,137.0,230,31783.1,TQNL
2014-05-14,136.64,138.21,134.5,136.5,450,61297.0,TQNL
2014-05-16,139.0,139.0,136.0,137.8,120,16412.1,TQNL
2014-05-19,138.8,138.8,138.8,138.8,10,1388.0,TQNL
2014-05-20,136.96,138.98,136.96,137.0,880,120613.5,TQNL
2014-05-21,139.0,139.0,139.0,139.0,10,1390.0,TQNL
2014-05-22,139.0,140.4,139.0,139.11,1490,208334.0,TQNL
2014-05-23,140.9,140.9,140.9,140.9,20,2818.0,TQNL
2014-05-26,135.01,135.01,135.01,135.01,5,675.05,SMAL
2014-05-27,139.0,139.0,136.48,137.23,1370,187888.1,TQNL
2014-05-28,138.0,141.3,135.12,140.0,7910,1097606.1,TQNL
2014-05-29,145.0,146.99,138.05,140.0,7870,1118921.6,TQNL
2014-05-30,141.5,142.5,139.0,139.0,120,16915.3,TQNL
2014-06-02,125.06,139.31,125.06,139.31,16,2141.6,SMAL
2014-06-03,139.4,139.4,138.0,138.01,1040,143665.8,TQNL
2014-06-04,138.04,138.04,137.99,138.0,1160,160080.9,TQNL
2014-06-05,138.02,138.29,137.05,137.05,3830,528487.2,TQNL
2014-06-06,138.49,138.49,137.89,137.89,20,2763.8,TQNL
2014-06-09,137.27,137.77,136.5,137.77,340,46523.6,TQBR
2014-06-10,137.67,137.67,132.0,135.5,1250,168908.0,TQBR
2014-06-11,136.5,136.5,115.15,134.0,9190,1219868.0,TQBR
2014-06-16,135.5,135.5,125.01,135.37,4640,611651.9,TQBR
2014-06-17,134.0,137.46,134.0,137.44,1800,247230.9,TQBR
2014-06-18,136.75,136.8,135.0,135.0,290,39379.0,TQBR
2014-06-19,135.46,135.46,135.0,135.0,270,36455.6,TQBR
2014-06-20,135.01,135.01,135.0,135.0,960,129601.2,TQBR
2014-06-23,135.0,135.55,135.0,135.0,50,6755.5,TQBR
2014-06-24,135.01,135.01,134.0,134.0,990,133342.3,TQBR
2014-06-25,134.5,134.78,134.3,134.5,1520,204345.6,TQBR
2014-06-26,133.04,134.49,133.0,134.49,480,63909.6,TQBR
2014-07-01,133.51,135.0,133.5,135.0,520,69449.9,TQBR
2014-07-02,134.0,134.5,134.0,134.5,510,68345.0,TQBR
2014-07-03,133.0,134.92,125.16,134.92,2330,302178.1,TQBR
2014-07-04,134.0,136.0,133.8,136.0,6980,940901.5,TQBR
2014-07-07,135.01,135.01,135.0,135.0,4380,591301.0,TQBR
2014-07-09,135.42,137.25,135.42,137.25,4000,543304.7,TQBR
2014-07-10,128.82,135.0,128.82,134.3,60,7900.6,TQBR
2014-07-11,134.31,135.0,133.0,135.0,340,45348.2,TQBR
2014-07-14,133.91,133.98,133.9,133.93,740,99096.0,TQBR
2014-07-15,134.15,134.15,134.15,134.15,560,75124.0,TQBR
2014-07-17,129.0,136.25,129.0,136.25,5570,754710.2,TQBR
2014-07-18,135.5,136.89,135.5,136.89,5600,764582.6,TQBR
2014-07-21,137.25,137.26,137.0,137.25,2120,290848.6,TQBR
2014-07-22,137.26,137.26,137.25,137.25,140,19215.1,TQBR
2014-07-23,135.58,136.77,135.58,136.77,340,46400.7,TQBR
2014-07-24,136.97,136.97,136.97,136.97,150,20545.5,TQBR
2014-07-25,137.79,145.0,137.79,143.77,2900,414693.3,TQBR
2014-07-28,138.0,140.0,130.0,138.18,2660,363513.3,TQBR
2014-07-29,139.0,140.0,131.02,139.31,1530,211868.4,TQBR
2014-07-30,139.09,139.09,138.92,138.92,70,9732.9,TQBR
2014-07-31,141.99,141.99,141.99,141.99,10,1419.9,TQBR
2014-08-01,139.39,139.39,139.39,139.39,10,1393.9,TQBR
2014-08-04,139.71,139.71,139.71,139.71,20,2794.2,TQBR
2014-08-05,140.05,140.89,135.01,140.89,430,60032.9,TQBR
2014-08-06,140.98,141.45,140.66,141.45,1690,238356.9,TQBR
2014-08-07,141.33,141.96,125.28,141.56,27090,3815405.6,TQBR
2014-08-08,142.0,142.51,141.68,141.68,90,12788.4,TQBR
2014-08-11,143.3,145.4,140.86,140.86,240,34594.1,TQBR
2014-08-12,141.12,141.12,140.86,140.94,90,12684.4,TQBR
2014-08-13,140.0,140.0,140.0,140.0,3,420.0,SMAL
2014-08-14,140.5,141.0,139.84,140.02,1340,187767.1,TQBR
2014-08-15,140.61,149.0,140.61,149.0,1980,290448.3,TQBR
2014-08-18,141.11,142.59,141.11,142.59,20,2837.0,TQBR
2014-08-19,142.01,142.01,141.11,141.11,750,106379.4,TQBR
2014-08-20,141.42,141.42,141.27,141.28,470,66402.5,TQBR
2014-08-21,141.75,141.75,141.75,141.75,10,1417.5,TQBR
2014-08-22,140.49,141.84,140.49,141.84,170,23984.8,TQBR
2014-08-25,140.83,141.2,140.0,141.03,2510,351988.4,TQBR
2014-08-26,142.98,142.98,141.0,141.0,30,4269.6,TQBR
2014-08-27,140.99,140.99,137.0,140.87,130,18244.9,TQBR
2014-08-28,141.5,144.0,141.44,143.74,7940,1138819.6,TQBR
2014-08-29,143.85,146.98,143.81,144.56,780,112531.5,TQBR
2014-09-01,144.84,146.12,144.84,145.21,2860,417512.0,TQBR
2014-09-02,145.36,145.36,145.36,145.36,20,2907.2,TQBR
2014-09-03,143.71,143.8,143.7,143.8,90,12935.5,TQBR
2014-09-04,144.13,144.14,137.13,144.13,580,80735.9,TQBR
2014-09-05,143.51,150.0,143.51,145.0,240,35291.0,TQBR
2014-09-08,145.98,145.99,144.7,144.7,880,127373.8,TQBR
2014-09-09,149.92,149.93,142.0,148.61,760,109296.6,TQBR
2014-09-10,147.99,149.93,147.99,148.7,40,5965.4,TQBR
2014-09-11,148.01,149.49,144.0,146.57,3950,571702.9,TQBR
2014-09-12,148.01,148.01,146.85,147.85,820,120885.6,TQBR
2014-09-15,148.21,149.5,148.12,149.5,15300,2276206.7,TQBR
2014-09-16,149.95,152.34,148.01,151.92,18110,2725443.3,TQBR
2014-09-17,150.01,150.19,150.0,150.19,40,6003.5,TQBR
2014-09-18,151.5,151.5,148.0,150.09,1230,184047.8,TQBR
2014-09-19,152.0,159.88,152.0,159.75,12850,2011097.7,TQBR
2014-09-22,159.75,161.0,159.75,160.11,4690,751501.6,TQBR
2014-09-23,161.86,161.86,160.11,160.11,420,67321.9,TQBR
2014-09-24,160.0,161.0,160.0,161.0,20,3210.0,TQBR
2014-09-25,159.27,159.27,159.27,159.27,10,1592.7,TQBR
2014-09-26,160.92,162.22,160.92,162.22,144600,23366444.9,TQBR
2014-09-29,163.0,164.19,163.0,163.96,2670,436801.5,TQBR
2014-09-30,164.99,165.0,164.62,164.62,1220,201279.1,TQBR
2014-10-01,165.0,165.0,164.0,164.0,5670,932025.0,TQBR
2014-10-02,164.0,164.5,164.0,164.5,5460,896955.0,TQBR
2014-10-03,163.0,163.0,159.0,159.0,80,12870.0,TQBR
2014-10-06,165.5,165.5,160.5,160.5,270,43580.0,TQBR
2014-10-07,158.5,162.0,157.5,157.5,1140,180090.0,TQBR
2014-10-08,159.0,159.0,159.0,159.0,10,1590.0,TQBR
2014-10-09,159.5,159.5,157.5,157.5,570,89820.0,TQBR
2014-10-10,152.5,159.5,152.5,158.5,60,9415.0,TQBR
2014-10-13,159.0,159.5,159.0,159.5,60,9545.0,TQBR
2014-10-14,159.0,159.0,158.5,158.5,30,4765.0,TQBR
2014-10-15,157.5,159.5,157.5,158.0,320,50430.0,TQBR
2014-10-17,160.0,162.0,160.0,160.0,80,12830.0,TQBR
2014-10-20,160.0,160.0,155.5,155.5,540,85075.0,TQBR
2014-10-21,159.0,159.0,157.5,157.5,40,6320.0,TQBR
2014-10-23,159.0,159.0,158.0,158.0,20,3170.0,TQBR
2014-10-24,159.0,159.0,156.0,157.5,540,85055.0,TQBR
2014-10-27,159.0,159.0,158.0,158.0,90,14270.0,TQBR
2014-10-28,157.5,168.0,157.0,168.0,9840,1592740.0,TQBR
2014-10-29,163.0,188.5,163.0,172.5,2050,344895.0,TQBR
2014-10-30,165.5,175.5,165.5,174.5,440,75860.0,TQBR
2014-10-31,171.0,173.5,170.5,173.5,40,6860.0,TQBR
2014-11-03,174.0,174.0,173.5,173.5,20,3475.0,TQBR
2014-11-05,168.0,185.0,168.0,175.0,1420,248800.0,TQBR
2014-11-06,184.0,189.0,184.0,189.0,280,52730.0,TQBR
2014-11-07,180.5,180.5,180.5,180.5,10,1805.0,TQBR
2014-11-10,173.0,192.5,141.0,182.0,2190,368565.0,TQBR
2014-11-11,192.0,192.5,186.0,186.0,1310,244260.0,TQBR
2014-11-12,218.5,218.5,169.0,186.5,1420,267460.0,TQBR
2014-11-13,190.0,204.0,180.0,192.0,310,58925.0,TQBR
2014-11-14,192.5,208.0,192.5,205.0,340,67760.0,TQBR
2014-11-17,207.5,208.0,192.5,192.5,1290,267670.0,TQBR
2014-11-18,204.5,212.0,200.0,200.0,540,112055.0,TQBR
2014-11-19,208.0,208.0,190.0,197.5,910,174610.0,TQBR
2014-11-20,199.0,199.0,198.0,198.0,20,3970.0,TQBR
2014-11-21,199.0,206.0,188.0,190.0,970,184065.0,TQBR
2014-11-24,187.0,195.5,187.0,190.5,130,24940.0,TQBR
2014-11-25,190.5,193.5,187.0,190.0,80,15185.0,TQBR
2014-11-26,196.0,198.5,190.0,198.5,630,123210.0,TQBR
2014-11-27,174.0,196.0,174.0,192.5,4630,843840.0,TQBR
2014-11-28,194.0,205.0,194.0,204.0,1940,387135.0,TQBR
2014-12-01,215.0,215.0,206.0,215.0,6420,1349390.0,TQBR
2014-12-02,244.0,244.0,219.5,229.5,1060,242970.0,TQBR
2014-12-03,243.5,250.0,225.0,225.0,1230,292155.0,TQBR
2014-12-04,222.0,222.0,211.0,220.0,1010,222115.0,TQBR
2014-12-05,228.5,238.0,221.0,221.0,250,58460.0,TQBR
2014-12-08,232.0,232.0,214.5,214.5,550,119555.0,TQBR
2014-12-09,216.5,216.5,190.0,196.5,1680,325425.0,TQBR
2014-12-10,207.5,207.5,190.0,193.5,310,60100.0,TQBR
2014-12-11,194.0,194.0,176.5,187.5,910,172130.0,TQBR
2014-12-12,185.0,208.0,185.0,201.0,6800,1350210.0,TQBR
2014-12-15,205.0,207.0,179.0,190.0,650,121625.0,TQBR
2014-12-16,182.0,250.0,167.0,226.0,10950,2455855.0,TQBR
2014-12-17,229.5,261.0,198.5,229.5,1180,279230.0,TQBR
2014-12-18,211.0,229.0,205.0,229.0,350,75310.0,TQBR
2014-12-19,224.5,233.0,218.0,231.0,620,141980.0,TQBR
2014-12-22,233.0,246.0,233.0,239.5,3160,755700.0,TQBR
2014-12-23,235.5,240.0,228.0,240.0,1550,369355.0,TQBR
2014-12-24,245.5,245.5,230.0,240.0,420,99780.0,TQBR
2014-12-25,239.5,239.5,234.0,234.0,110,25905.0,TQBR
2014-12-26,238.0,284.5,235.0,273.5,13130,3537415.0,TQBR
2014-12-29,299.0,365.0,241.5,343.0,9130,2799905.0,TQBR
2014-12-30,318.5,341.5,250.5,340.0,3060,867120.0,TQBR
2015-01-05,312.5,347.5,299.0,328.0,990,325730.0,TQBR
2015-01-06,325.5,346.0,325.5,346.0,1720,582425.0,TQBR
2015-01-08,342.0,342.0,329.5,329.5,110,37255.0,TQBR
2015-01-09,335.0,348.5,335.0,339.5,50,16980.0,TQBR
2015-01-12,362.0,362.0,336.0,342.5,2360,804785.0,TQBR
2015-01-13,325.5,362.0,325.5,357.5,19150,6841790.0,TQBR
2015-01-14,378.5,384.0,356.0,364.0,1720,638965.0,TQBR
2015-01-15,364.0,364.0,350.5,363.0,260,93155.0,TQBR
2015-01-16,351.5,370.0,347.0,370.0,4810,1729800.0,TQBR
2015-01-19,355.5,380.0,333.5,350.0,13060,4573155.0,TQBR
2015-01-20,346.5,368.5,345.0,367.5,2590,938625.0,TQBR
2015-01-21,355.0,370.0,351.5,364.0,1430,521485.0,TQBR
2015-01-22,361.5,421.0,351.5,397.5,6030,2314670.0,TQBR
2015-01-23,383.0,485.0,355.5,385.0,5310,2085005.0,TQBR
2015-01-26,390.0,390.0,370.5,377.0,1250,468960.0,TQBR
2015-01-27,380.0,392.0,371.5,374.0,2400,905120.0,TQBR
2015-01-28,364.5,394.0,363.5,385.0,4100,1579690.0,TQBR
2015-01-29,398.0,411.5,390.0,411.5,22080,8864840.0,TQBR
2015-01-30,394.0,440.0,393.0,440.0,4640,1936260.0,TQBR
2015-02-02,405.5,456.0,403.0,444.0,1110,483520.0,TQBR
2015-02-03,449.0,500.0,436.0,453.0,15670,7288545.0,TQBR
2015-02-04,455.5,493.0,450.0,470.0,5220,2428575.0,TQBR
2015-02-05,473.0,476.0,457.0,470.0,1470,682610.0,TQBR
2015-02-06,484.5,485.0,458.0,475.0,1230,581570.0,TQBR
2015-02-09,459.5,460.0,300.0,452.0,6470,2814565.0,TQBR
2015-02-10,450.5,459.5,450.5,457.5,2820,1286155.0,TQBR
2015-02-11,459.5,461.5,450.0,460.0,3980,1814625.0,TQBR
2015-02-12,459.5,468.0,457.0,458.0,2000,918660.0,TQBR
2015-02-13,464.5,464.5,458.5,459.0,15210,6986040.0,TQBR
2015-02-16,451.5,451.5,440.0,446.5,1510,667925.0,TQBR
2015-02-17,442.5,449.0,435.5,447.0,740,327605.0,TQBR
2015-02-18,440.5,462.0,440.0,454.5,4310,1946440.0,TQBR
2015-02-19,445.5,465.0,444.5,450.0,1070,489015.0,TQBR
2015-02-20,454.0,454.0,441.0,453.0,790,357175.0,TQBR
2015-02-24,453.0,454.0,450.0,450.0,1660,748560.0,TQBR
2015-02-25,453.0,453.0,444.5,449.0,150,67255.0,TQBR
2015-02-26,438.5,438.5,433.0,435.0,460,200195.0,TQBR
2015-02-27,437.0,442.5,437.0,442.0,6710,2953545.0,TQBR
2015-03-02,444.5,445.5,443.5,444.0,110,48955.0,TQBR
2015-03-03,446.0,448.0,430.0,448.0,6790,3016000.0,TQBR
2015-03-04,444.0,447.0,439.5,447.0,7070,3122815.0,TQBR
2015-03-05,442.0,442.0,439.5,439.5,680,300380.0,TQBR
2015-03-06,435.0,435.0,427.5,431.0,21550,9244230.0,TQBR
2015-03-10,433.0,444.0,432.0,444.0,8890,3871780.0,TQBR
2015-03-11,427.0,451.0,425.0,448.5,14930,6691960.0,TQBR
2015-03-12,444.5,445.0,444.5,445.0,120,53350.0,TQBR
2015-03-13,439.0,443.5,431.5,439.5,670,292415.0,TQBR
2015-03-16,438.5,438.5,415.5,426.5,1160,498825.0,TQBR
2015-03-17,425.0,442.5,425.0,442.5,22110,9717790.0,TQBR
2015-03-18,440.5,440.5,439.5,439.5,130,57195.0,TQBR
2015-03-19,437.5,439.0,437.5,439.0,150,65750.0,TQBR
2015-03-20,437.5,437.5,420.0,429.0,8260,3542280.0,TQBR
2015-03-23,415.5,421.0,415.5,421.0,30,12565.0,TQBR
2015-03-24,401.0,402.5,385.5,385.5,370,147210.0,TQBR
2015-03-25,413.0,414.0,402.0,414.0,2760,1132140.0,TQBR
2015-03-26,400.0,416.5,400.0,416.5,400,165160.0,TQBR
2015-03-27,416.0,418.0,415.0,418.0,2700,1122815.0,TQBR
2015-03-30,418.0,420.5,395.0,420.0,2380,998615.0,TQBR
2015-03-31,421.0,422.5,400.0,422.0,2780,1169145.0,TQBR
2015-04-01,408.0,424.5,406.0,422.5,1290,532030.0,TQBR
2015-04-02,421.5,433.0,413.0,433.0,2970,1276265.0,TQBR
2015-04-03,439.0,454.0,439.0,454.0,6370,2829635.0,TQBR
2015-04-06,550.0,550.0,447.0,450.0,990,448450.0,TQBR
2015-04-07,443.0,447.5,436.0,442.0,6030,2672885.0,TQBR
2015-04-08,440.0,440.0,432.5,439.5,40,17520.0,TQBR
2015-04-09,435.5,435.5,430.5,431.5,1000,433920.0,TQBR
2015-04-10,426.0,426.0,400.5,420.0,770,317450.0,TQBR
2015-04-13,422.0,427.0,421.5,424.0,930,394960.0,TQBR
2015-04-14,416.5,416.5,410.5,410.5,150,62195.0,TQBR
2015-04-15,419.0,419.0,400.5,407.0,3060,1239990.0,TQBR
2015-04-16,400.5,438.5,397.0,438.0,2050,860885.0,TQBR
2015-04-17,429.5,469.5,425.0,464.0,17600,8053355.0,TQBR
2015-04-20,453.5,518.0,453.5,499.0,3590,1748790.0,TQBR
2015-04-21,508.5,531.5,505.0,508.5,1340,680890.0,TQBR
2015-04-22,549.0,549.0,498.0,500.5,1690,867890.0,TQBR
2015-04-23,496.5,498.5,465.5,468.0,2030,962335.0,TQBR
2015-04-24,461.0,472.5,461.0,472.5,840,394335.0,TQBR
2015-04-27,470.0,477.5,470.0,477.5,2300,1089800.0,TQBR
2015-04-28,485.0,485.0,480.0,482.0,1160,558950.0,TQBR
2015-04-29,487.5,487.5,476.5,476.5,70,33465.0,TQBR
2015-04-30,476.0,482.5,475.5,482.5,1030,490390.0,TQBR
2015-05-05,485.0,487.0,459.0,478.0,540,255040.0,TQBR
2015-05-06,478.0,490.0,478.0,490.0,5440,2623090.0,TQBR
2015-05-07,471.0,479.0,471.0,479.0,30,14280.0,TQBR
2015-05-08,481.0,481.0,479.0,479.0,20,9600.0,TQBR
2015-05-12,473.0,473.0,473.0,473.0,10,4730.0,TQBR
2015-05-13,465.0,465.0,454.0,454.0,410,186540.0,TQBR
2015-05-14,466.0,470.0,465.0,467.0,150,69960.0,TQBR
2015-05-15,467.0,467.0,461.0,461.0,1100,508280.0,TQBR
2015-05-18,460.0,460.0,450.0,457.0,13210,6035380.0,TQBR
2015-05-19,455.0,460.0,454.0,460.0,3530,1613390.0,TQBR
2015-05-20,462.0,465.0,460.0,460.0,620,285860.0,TQBR
2015-05-21,469.0,473.0,460.0,460.0,90,41830.0,TQBR
2015-05-22,470.0,470.0,447.0,447.0,350,159110.0,TQBR
2015-05-25,445.0,449.0,445.0,445.0,210,93540.0,TQBR
2015-05-26,445.0,455.0,440.0,455.0,3000,1335160.0,TQBR
2015-05-27,454.0,460.0,454.0,459.0,310,141620.0,TQBR
2015-05-28,463.0,468.0,460.0,468.0,7090,3273890.0,TQBR
2015-06-01,463.0,473.0,450.0,473.0,820,382280.0,TQBR
2015-06-02,469.0,469.0,467.0,467.0,40,18730.0,TQBR
2015-06-03,472.0,485.0,451.0,478.0,2380,1130970.0,TQBR
2015-06-04,482.0,490.0,411.0,490.0,4480,2106980.0,TQBR
2015-06-05,492.0,500.0,492.0,493.0,660,328510.0,TQBR
2015-06-08,490.0,505.0,475.0,491.0,2260,1105540.0,TQBR
2015-06-09,490.0,500.0,490.0,500.0,1050,521350.0,TQBR
2015-06-10,490.0,490.0,480.0,480.0,160,77620.0,TQBR
2015-06-11,485.0,485.0,471.0,480.0,1180,563270.0,TQBR
2015-06-15,483.0,483.0,471.0,482.0,900,431200.0,TQBR
2015-06-16,481.0,481.0,470.0,472.0,1600,757210.0,TQBR
2015-06-17,471.0,476.0,471.0,476.0,1190,562860.0,TQBR
2015-06-18,477.0,477.0,469.0,472.0,910,428090.0,TQBR
2015-06-19,475.0,476.0,472.0,472.0,1330,631340.0,TQBR
2015-06-22,475.0,475.0,462.0,471.0,570,267980.0,TQBR
2015-06-23,475.0,494.0,475.0,494.0,690,332860.0,TQBR
2015-06-24,475.0,479.0,473.0,479.0,310,147420.0,TQBR
2015-06-25,479.0,479.0,477.0,478.0,1010,483270.0,TQBR
2015-06-26,480.0,490.0,480.0,485.0,490,237420.0,TQBR
2015-06-29,485.0,487.0,483.0,486.0,3330,1615370.0,TQBR
2015-06-30,487.0,493.0,487.0,487.0,3220,1572870.0,TQBR
2015-07-01,485.0,487.0,484.0,486.0,520,252510.0,TQBR
2015-07-02,488.0,488.0,486.0,487.0,660,321750.0,TQBR
2015-07-03,487.0,489.0,487.0,489.0,4020,1963780.0,TQBR
2015-07-06,485.0,496.0,485.0,496.0,3710,1833310.0,TQBR
2015-07-07,500.0,506.0,500.0,505.0,4810,2424340.0,TQBR
2015-07-08,501.0,501.0,492.0,500.0,350,173520.0,TQBR
2015-07-09,499.0,514.0,499.0,513.0,1630,829060.0,TQBR
2015-07-10,507.0,520.0,507.0,513.0,910,467280.0,TQBR
2015-07-13,507.0,515.0,507.0,515.0,930,477260.0,TQBR
2015-07-14,520.0,520.0,516.0,520.0,120,62100.0,TQBR
2015-07-15,520.0,530.0,513.0,527.0,5810,3052190.0,TQBR
2015-07-16,530.0,530.0,530.0,530.0,30,15900.0,TQBR
2015-07-17,527.0,540.0,526.0,530.0,1270,672230.0,TQBR
2015-07-20,552.0,552.0,526.0,526.0,1350,728350.0,TQBR
2015-07-21,527.0,528.0,525.0,527.0,13780,7252340.0,TQBR
2015-07-22,537.0,540.0,537.0,540.0,380,204990.0,TQBR
2015-07-24,535.0,540.0,535.0,540.0,8860,4748190.0,TQBR
2015-07-27,540.0,546.0,540.0,546.0,840,455370.0,TQBR
2015-07-28,550.0,562.0,548.0,561.0,5470,3037140.0,TQBR
2015-07-29,569.0,569.0,540.0,557.0,170,94560.0,TQBR
2015-07-30,549.0,559.0,548.0,559.0,660,363690.0,TQBR
2015-07-31,560.0,565.0,555.0,565.0,2030,1136210.0,TQBR
2015-08-03,580.0,600.0,557.0,585.0,760,436300.0,TQBR
2015-08-04,640.0,640.0,579.0,602.0,1220,742160.0,TQBR
2015-08-05,628.0,628.0,601.0,615.0,170,104740.0,TQBR
2015-08-06,596.0,601.0,560.0,601.0,1780,1035700.0,TQBR
2015-08-07,599.0,599.0,575.0,591.0,2070,1204040.0,TQBR
2015-08-10,582.0,582.0,569.0,579.0,930,534190.0,TQBR
2015-08-11,568.0,572.0,553.0,560.0,1280,718510.0,TQBR
2015-08-12,564.0,575.0,560.0,565.0,340,194300.0,TQBR
2015-08-13,560.0,564.0,557.0,557.0,170,95100.0,TQBR
2015-08-14,560.0,575.0,544.0,570.0,3510,1969820.0,TQBR
2015-08-17,570.0,575.0,542.0,566.0,160,89950.0,TQBR
2015-08-18,569.0,580.0,549.0,550.0,470,267440.0,TQBR
2015-08-19,543.0,558.0,542.0,556.0,110,60150.0,TQBR
2015-08-20,545.0,550.0,533.0,547.0,290,157310.0,TQBR
2015-08-21,545.0,554.0,510.0,549.0,710,382880.0,TQBR
2015-08-24,517.0,530.0,512.0,529.0,500,258920.0,TQBR
2015-08-25,526.0,537.0,524.0,537.0,340,178950.0,TQBR
2015-08-26,544.0,544.0,534.0,534.0,270,146570.0,TQBR
2015-08-27,535.0,535.0,441.0,517.0,1190,602910.0,TQBR
2015-08-28,514.0,539.0,505.0,539.0,940,487640.0,TQBR
2015-08-31,521.0,521.0,498.0,514.0,340,173230.0,TQBR
2015-09-01,511.0,558.0,510.0,525.0,2240,1212770.0,TQBR
2015-09-02,524.0,558.0,523.0,546.0,1560,844460.0,TQBR
2015-09-03,529.0,548.0,503.0,524.0,1370,727690.0,TQBR
2015-09-04,538.0,539.0,518.0,528.0,2530,1332570.0,TQBR
2015-09-07,528.0,528.0,524.0,524.0,50,26300.0,TQBR
2015-09-08,540.0,575.0,535.0,549.0,3390,1896200.0,TQBR
2015-09-09,539.0,547.0,539.0,547.0,5270,2876840.0,TQBR
2015-09-10,541.0,543.0,540.0,540.0,590,318840.0,TQBR
2015-09-11,540.0,540.0,530.0,530.0,1780,945470.0,TQBR
2015-09-14,531.0,538.0,530.0,530.0,380,201680.0,TQBR
2015-09-15,531.0,531.0,530.0,530.0,1660,879810.0,TQBR
2015-09-16,542.0,542.0,530.0,531.0,60,31980.0,TQBR
2015-09-17,537.0,537.0,530.0,530.0,80,42480.0,TQBR
2015-09-18,542.0,599.0,514.0,517.0,5300,2794850.0,TQBR
2015-09-21,518.0,518.0,496.0,503.0,1780,903300.0,TQBR
2015-09-22,500.0,502.0,492.0,499.0,980,484490.0,TQBR
2015-09-23,488.0,498.0,488.0,493.0,100,49170.0,TQBR
2015-09-24,487.0,487.0,456.0,471.0,330,155410.0,TQBR
2015-09-25,471.0,474.0,471.0,474.0,190,90020.0,TQBR
2015-09-28,442.0,474.0,422.0,470.0,270,122520.0,TQBR
2015-09-29,458.0,468.0,457.0,465.0,680,313780.0,TQBR
2015-09-30,470.0,470.0,440.0,440.0,140,62880.0,TQBR
2015-10-01,436.0,436.0,435.0,435.0,40,17410.0,TQBR
2015-10-02,427.0,435.0,313.0,401.0,3370,1324300.0,TQBR
2015-10-05,410.0,410.0,395.0,395.0,90,36180.0,TQBR
2015-10-06,400.0,406.0,397.0,402.0,3460,1386970.0,TQBR
2015-10-07,404.0,404.0,304.0,387.0,1030,388630.0,TQBR
2015-10-08,382.0,385.0,342.0,348.0,3170,1145540.0,TQBR
2015-10-09,357.0,385.0,357.0,385.0,1180,445450.0,TQBR
2015-10-12,394.0,422.0,381.0,416.0,1630,666400.0,TQBR
2015-10-13,415.0,415.0,410.0,414.0,320,131730.0,TQBR
2015-10-14,410.0,410.0,405.0,405.0,130,52950.0,TQBR
2015-10-15,424.0,424.0,400.0,408.0,340,138700.0,TQBR
2015-10-16,421.0,424.0,400.0,417.0,2660,1085060.0,TQBR
2015-10-19,422.0,440.0,420.0,424.0,1830,784890.0,TQBR
2015-10-20,416.0,427.0,400.0,426.0,3570,1476250.0,TQBR
2015-10-21,426.0,427.0,423.0,423.0,40,17030.0,TQBR
2015-10-22,423.0,424.0,400.0,417.0,680,277340.0,TQBR
2015-10-23,415.0,417.0,407.0,407.0,80,33020.0,TQBR
2015-10-26,413.0,422.0,393.0,410.0,17410,7005900.0,TQBR
2015-10-27,404.0,420.0,404.0,413.0,14190,5826530.0,TQBR
2015-10-28,411.0,420.0,410.0,415.0,7250,3009220.0,TQBR
2015-10-29,411.0,422.0,400.0,422.0,3440,1406180.0,TQBR
2015-10-30,424.0,424.0,418.0,418.0,160,67780.0,TQBR
2015-11-02,415.0,424.0,414.0,421.0,1380,579660.0,TQBR
2015-11-03,424.0,440.0,424.0,430.0,2230,950580.0,TQBR
2015-11-05,433.0,433.0,429.0,431.0,2190,942660.0,TQBR
2015-11-06,431.0,434.0,428.0,429.0,1240,537880.0,TQBR
2015-11-10,434.0,434.0,420.0,425.0,190,80470.0,TQBR
2015-11-11,420.0,420.0,408.0,420.0,1330,548320.0,TQBR
2015-11-12,420.0,420.0,416.0,420.0,970,407270.0,TQBR
2015-11-13,411.0,420.0,409.0,420.0,2260,947780.0,TQBR
2015-11-16,420.0,437.0,420.0,428.0,1100,479010.0,TQBR
2015-11-17,424.0,430.0,409.0,418.0,2340,991520.0,TQBR
2015-11-18,419.0,440.0,416.0,432.0,4440,1918290.0,TQBR
2015-11-19,432.0,432.0,415.0,426.0,610,259990.0,TQBR
2015-11-20,438.0,443.0,425.0,440.0,3740,1651040.0,TQBR
2015-11-23,442.0,454.0,431.0,454.0,5610,2505140.0,TQBR
2015-11-24,452.0,457.0,437.0,449.0,390,175520.0,TQBR
2015-11-25,451.0,451.0,447.0,451.0,1060,476970.0,TQBR
2015-11-26,453.0,457.0,433.0,434.0,240,106230.0,TQBR
2015-11-27,431.0,442.0,431.0,438.0,400,174840.0,TQBR
2015-11-30,442.0,444.0,433.0,433.0,270,118580.0,TQBR
2015-12-01,428.0,444.0,428.0,431.0,510,223250.0,TQBR
2015-12-02,433.0,439.0,426.0,433.0,800,342270.0,TQBR
2015-12-03,434.0,434.0,423.0,428.0,1570,669690.0,TQBR
2015-12-04,432.0,435.0,430.0,435.0,70,30290.0,TQBR
2015-12-07,434.0,434.0,424.0,430.0,450,192440.0,TQBR
2015-12-08,429.0,439.0,428.0,428.0,9070,3907410.0,TQBR
2015-12-09,428.0,434.0,428.0,430.0,290,124890.0,TQBR
2015-12-10,436.0,436.0,427.0,429.0,180,77720.0,TQBR
2015-12-11,434.0,434.0,404.0,418.0,800,335550.0,TQBR
2015-12-14,421.0,439.0,415.0,419.0,3610,1519770.0,TQBR
2015-12-15,419.0,489.0,410.0,420.0,4940,2081870.0,TQBR
2015-12-16,425.0,425.0,390.0,419.0,660,274070.0,TQBR
2015-12-17,419.0,439.0,405.0,410.0,6000,2498760.0,TQBR
2015-12-18,414.0,420.0,406.0,409.0,1230,513910.0,TQBR
2015-12-21,409.0,417.0,408.0,408.0,660,271460.0,TQBR
2015-12-22,409.0,414.0,409.0,409.0,140,57460.0,TQBR
2015-12-23,408.0,424.0,400.0,415.0,9020,3755210.0,TQBR
2015-12-24,411.0,434.0,406.0,433.0,5280,2226530.0,TQBR
2015-12-25,419.0,450.0,419.0,430.0,7510,3337370.0,TQBR
2015-12-28,433.0,438.0,428.0,429.0,2950,1270620.0,TQBR
2015-12-29,427.0,439.0,426.0,428.0,2730,1183330.0,TQBR
2015-12-30,425.0,475.0,425.0,462.0,6700,2985600.0,TQBR
2016-01-11,462.0,484.0,429.0,464.0,180,82580.0,TQBR
2016-01-12,435.0,460.0,435.0,459.0,150,68440.0,TQBR
2016-01-13,450.0,457.0,444.0,445.0,250,112120.0,TQBR
2016-01-14,437.0,439.0,431.0,439.0,100,43530.0,TQBR
2016-01-15,442.0,453.0,417.0,418.0,1680,745680.0,TQBR
2016-01-18,426.0,426.0,398.0,414.0,6330,2595780.0,TQBR
2016-01-19,419.0,420.0,413.0,420.0,1610,675450.0,TQBR
2016-01-20,412.0,412.0,409.0,409.0,130,53340.0,TQBR
2016-01-21,413.0,426.0,412.0,416.0,180,75210.0,TQBR
2016-01-22,421.0,423.0,413.0,413.0,2050,851100.0,TQBR
2016-01-25,416.0,416.0,416.0,416.0,50,20800.0,TQBR
2016-01-26,416.0,416.0,391.0,415.0,1330,546010.0,TQBR
2016-01-27,414.0,432.0,414.0,420.0,1150,493680.0,TQBR
2016-01-28,428.0,450.0,410.0,415.0,1820,778540.0,TQBR
2016-01-29,417.0,420.0,410.0,418.0,920,383050.0,TQBR
2016-02-01,413.0,418.0,411.0,418.0,90,37160.0,TQBR
2016-02-02,420.0,420.0,420.0,420.0,20,8400.0,TQBR
2016-02-03,420.0,421.0,409.0,409.0,940,393830.0,TQBR
2016-02-04,411.0,417.0,411.0,417.0,70,29110.0,TQBR
2016-02-05,407.0,408.0,400.0,408.0,2650,1063910.0,TQBR
2016-02-08,408.0,408.0,400.0,405.0,4660,1886670.0,TQBR
2016-02-09,406.0,407.0,400.0,405.0,400,161610.0,TQBR
2016-02-10,402.0,402.0,397.0,401.0,110,44000.0,TQBR
2016-02-11,402.0,402.0,402.0,402.0,20,8040.0,TQBR
2016-02-12,397.0,402.0,397.0,402.0,90,35880.0,TQBR
2016-02-15,392.0,410.0,392.0,400.0,2310,930430.0,TQBR
2016-02-16,398.0,400.0,396.0,398.0,120,47750.0,TQBR
2016-02-17,400.0,404.0,395.0,397.0,1740,689190.0,TQBR
2016-02-18,396.0,399.0,394.0,394.0,720,286040.0,TQBR
2016-02-19,403.0,403.0,391.0,396.0,500,198960.0,TQBR
2016-02-20,398.0,403.0,398.0,403.0,30,12020.0,TQBR
2016-02-22,401.0,401.0,397.0,398.0,350,139630.0,TQBR
2016-02-24,399.0,399.0,397.0,397.0,250,99310.0,TQBR
2016-02-25,408.0,408.0,391.0,393.0,450,179130.0,TQBR
2016-02-26,398.0,408.0,396.0,404.0,1510,602250.0,TQBR
2016-02-29,401.0,404.0,395.0,395.0,430,172230.0,TQBR
2016-03-01,400.0,410.0,400.0,402.0,4990,2018190.0,TQBR
2016-03-02,407.0,408.0,400.0,400.0,1310,525220.0,TQBR
2016-03-03,400.0,403.0,395.0,400.0,790,314200.0,TQBR
2016-03-04,400.0,410.0,400.0,408.0,450,181710.0,TQBR
2016-03-07,406.0,412.0,406.0,411.0,1320,542480.0,TQBR
2016-03-09,405.0,416.0,403.0,410.0,1080,444500.0,TQBR
2016-03-10,410.0,438.0,410.0,410.0,660,282370.0,TQBR
2016-03-11,420.0,420.0,411.0,413.0,60,24970.0,TQBR
2016-03-14,414.0,414.0,400.0,408.0,570,231220.0,TQBR
2016-03-15,422.0,422.0,402.0,408.0,260,106150.0,TQBR
2016-03-16,400.0,407.0,400.0,406.0,410,165520.0,TQBR
2016-03-17,400.0,433.0,400.0,400.0,500,203390.0,TQBR
2016-03-18,403.0,428.0,400.0,400.0,830,338690.0,TQBR
2016-03-21,404.0,404.0,401.0,401.0,30,12060.0,TQBR
2016-03-22,408.0,424.0,406.0,417.0,2320,958910.0,TQBR
2016-03-23,411.0,439.0,411.0,415.0,2450,1032120.0,TQBR
2016-03-24,414.0,418.0,410.0,410.0,370,152050.0,TQBR
2016-03-25,413.0,414.0,410.0,414.0,140,57710.0,TQBR
2016-03-28,413.0,415.0,409.0,410.0,840,344740.0,TQBR
2016-03-29,410.0,413.0,410.0,413.0,900,371410.0,TQBR
2016-03-30,411.0,414.0,406.0,412.0,2080,852070.0,TQBR
2016-03-31,412.0,415.0,408.0,413.0,1600,657160.0,TQBR
2016-04-01,414.0,416.0,410.0,412.0,810,333210.0,TQBR
2016-04-04,413.0,417.0,411.0,417.0,2640,1094530.0,TQBR
2016-04-05,415.0,417.0,413.0,413.0,2300,957000.0,TQBR
2016-04-06,415.0,415.0,415.0,415.0,5500,2282500.0,TQBR
2016-04-07,418.0,430.0,416.0,424.0,3730,1577490.0,TQBR
2016-04-08,417.0,427.0,417.0,418.0,330,138910.0,TQBR
2016-04-11,421.0,422.0,420.0,422.0,310,130350.0,TQBR
2016-04-12,419.0,425.0,414.0,420.0,1780,741770.0,TQBR
2016-04-13,418.0,427.0,416.0,418.0,5990,2504190.0,TQBR
2016-04-14,425.0,430.0,413.0,425.0,5940,2547400.0,TQBR
2016-04-15,424.0,424.0,421.0,421.0,60,25400.0,TQBR
2016-04-18,420.0,420.0,418.0,418.0,40,16760.0,TQBR
2016-04-19,421.0,428.0,421.0,426.0,340,143830.0,TQBR
2016-04-20,422.0,422.0,419.0,419.0,100,42070.0,TQBR
2016-04-21,421.0,421.0,421.0,421.0,10,4210.0,TQBR
2016-04-22,414.0,419.0,413.0,419.0,100,41660.0,TQBR
2016-04-25,420.0,427.0,412.0,414.0,820,341350.0,TQBR
2016-04-26,419.0,419.0,413.0,416.0,1010,419350.0,TQBR
2016-04-27,419.0,419.0,413.0,413.0,850,352910.0,TQBR
2016-04-28,418.0,418.0,406.0,410.0,380,157490.0,TQBR
2016-04-29,416.0,416.0,403.0,414.0,2410,997510.0,TQBR
2016-05-04,424.0,428.0,412.0,419.0,4720,1994220.0,TQBR
2016-05-05,420.0,420.0,415.0,415.0,80,33550.0,TQBR
2016-05-06,415.0,424.0,410.0,410.0,7100,2936690.0,TQBR
2016-05-10,413.0,413.0,412.0,412.0,40,16500.0,TQBR
2016-05-11,410.0,415.0,410.0,415.0,3970,1628820.0,TQBR
2016-05-12,413.0,414.0,413.0,414.0,100,41390.0,TQBR
2016-05-17,413.0,413.0,411.0,411.0,70,28830.0,TQBR
2016-05-19,412.0,417.0,412.0,412.0,110,45520.0,TQBR
2016-05-20,417.0,417.0,410.0,410.0,200,82260.0,TQBR
2016-05-23,412.0,412.0,412.0,412.0,30,12360.0,TQBR
2016-05-24,416.0,430.0,414.0,423.0,9750,4142440.0,TQBR
2016-05-25,425.0,425.0,413.0,413.0,880,365010.0,TQBR
2016-05-27,425.0,435.0,414.0,414.0,5580,2326640.0,TQBR
2016-05-30,415.0,430.0,415.0,430.0,170,71020.0,TQBR
2016-05-31,430.0,430.0,415.0,417.0,310,129650.0,TQBR
2016-06-01,420.0,420.0,420.0,420.0,1,420.0,SMAL
2016-06-02,416.0,416.0,416.0,416.0,50,20800.0,TQBR
2016-06-03,406.0,417.0,406.0,417.0,280,116390.0,TQBR
2016-06-06,415.0,421.0,414.0,421.0,140,58150.0,TQBR
2016-06-07,412.0,412.0,412.0,412.0,10,4120.0,TQBR
2016-06-08,415.0,415.0,406.0,410.0,460,190270.0,TQBR
2016-06-09,415.0,415.0,408.0,408.0,500,205620.0,TQBR
2016-06-10,412.0,413.0,385.0,404.0,1630,645520.0,TQBR
2016-06-14,411.0,411.0,406.0,411.0,1580,647260.0,TQBR
2016-06-15,415.0,415.0,400.0,409.0,1870,775140.0,TQBR
2016-06-16,409.0,409.0,406.0,406.0,40,16310.0,TQBR
2016-06-17,407.0,407.0,400.0,400.0,550,220690.0,TQBR
2016-06-20,401.0,404.0,396.0,396.0,500,198920.0,TQBR
2016-06-21,391.0,402.0,260.0,382.0,3620,1222450.0,TQBR
2016-06-22,358.0,375.0,335.0,365.0,2750,983690.0,TQBR
2016-06-23,370.0,375.0,365.0,370.0,180,66500.0,TQBR
2016-06-24,366.0,371.0,357.0,364.0,210,76210.0,TQBR
2016-06-27,373.0,374.0,351.0,361.0,130,46930.0,TQBR
2016-06-28,358.0,358.0,349.0,351.0,400,140280.0,TQBR
2016-06-29,361.0,361.0,350.0,352.0,470,165990.0,TQBR
2016-06-30,348.0,352.0,347.0,352.0,570,198950.0,TQBR
2016-07-01,356.0,367.0,355.0,365.0,1360,484610.0,TQBR
2016-07-04,373.0,378.0,370.0,376.0,130,48750.0,TQBR
2016-07-05,384.0,384.0,360.0,362.0,920,338860.0,TQBR
2016-07-06,366.0,366.0,354.0,354.0,330,117660.0,TQBR
2016-07-07,357.0,357.0,353.0,355.0,70,24890.0,TQBR
2016-07-08,351.0,351.0,336.0,340.0,420,144100.0,TQBR
2016-07-11,350.0,350.0,350.0,350.0,160,56000.0,TQBR
2016-07-12,357.0,357.0,345.0,346.0,270,93750.0,TQBR
2016-07-13,345.0,346.0,345.0,345.0,4040,1393830.0,TQBR
2016-07-14,345.0,352.0,345.0,352.0,360,126230.0,TQBR
2016-07-15,351.0,351.0,346.0,348.0,60,20870.0,TQBR
2016-07-18,352.0,369.0,352.0,355.0,210,76730.0,TQBR
2016-07-19,358.0,358.0,345.0,349.0,1300,456470.0,TQBR
2016-07-20,355.0,368.0,355.0,360.0,180,64610.0,TQBR
2016-07-21,360.0,380.0,360.0,377.0,4230,1565490.0,TQBR
2016-07-22,384.0,417.0,384.0,409.0,4790,1909770.0,TQBR
2016-07-25,395.0,407.0,392.0,407.0,1650,668680.0,TQBR
2016-07-26,412.0,430.0,406.0,411.0,9310,3874600.0,TQBR
2016-07-27,410.0,410.0,354.0,405.0,1340,530390.0,TQBR
2016-07-28,409.0,409.0,408.0,408.0,100,40880.0,TQBR
2016-07-29,408.0,412.0,408.0,408.0,80,32730.0,TQBR
2016-08-01,406.0,409.0,405.0,407.0,70,28480.0,TQBR
2016-08-02,409.0,410.0,405.0,410.0,610,247780.0,TQBR
2016-08-03,409.0,410.0,408.0,410.0,170,69400.0,TQBR
2016-08-04,418.0,440.0,409.0,409.0,3800,1658200.0,TQBR
2016-08-05,411.0,422.0,409.0,422.0,490,202360.0,TQBR
2016-08-08,416.0,416.0,416.0,416.0,10,4160.0,TQBR
2016-08-10,413.0,413.0,412.0,413.0,80,33020.0,TQBR
2016-08-11,411.0,413.0,402.0,405.0,1460,592020.0,TQBR
2016-08-12,410.0,410.0,405.0,410.0,2730,1108060.0,TQBR
2016-08-15,414.0,437.0,414.0,427.0,26080,10994770.0,TQBR
2016-08-16,430.0,440.0,430.0,430.0,3070,1348330.0,TQBR
2016-08-17,430.0,431.0,430.0,431.0,270,116110.0,TQBR
2016-08-18,436.0,436.0,420.0,428.0,190,81200.0,TQBR
2016-08-19,426.0,426.0,405.0,421.0,890,368060.0,TQBR
2016-08-22,424.0,436.0,422.0,427.0,400,169800.0,TQBR
2016-08-23,425.0,425.0,423.0,423.0,60,25450.0,TQBR
2016-08-24,424.0,425.0,410.0,410.0,2270,937350.0,TQBR
2016-08-25,420.0,446.0,419.0,425.0,1430,610910.0,TQBR
2016-08-26,427.0,436.0,425.0,425.0,23800,10117760.0,TQBR
2016-08-29,422.0,428.0,420.0,425.0,440,186470.0,TQBR
2016-08-30,427.0,428.0,420.0,420.0,600,254070.0,TQBR
2016-08-31,425.0,425.0,416.0,421.0,1740,730860.0,TQBR
2016-09-01,425.0,431.0,418.0,418.0,890,377650.0,TQBR
2016-09-02,422.0,434.0,418.0,420.0,870,368120.0,TQBR
2016-09-05,425.0,425.0,420.0,420.0,310,130950.0,TQBR
2016-09-06,425.0,450.0,425.0,428.0,3090,1372300.0,TQBR
2016-09-07,429.0,430.0,420.0,425.0,250,105920.0,TQBR
2016-09-08,422.0,425.0,419.0,425.0,960,403500.0,TQBR
2016-09-09,422.0,429.0,419.0,424.0,310,131150.0,TQBR
2016-09-12,422.0,422.0,414.0,419.0,630,263070.0,TQBR
2016-09-13,421.0,423.0,418.0,418.0,140,58790.0,TQBR
2016-09-14,422.0,425.0,418.0,420.0,940,397430.0,TQBR
2016-09-15,427.0,451.0,425.0,433.0,34680,15441790.0,TQBR
2016-09-16,433.0,450.0,431.0,449.0,4720,2095690.0,TQBR
2016-09-19,448.0,459.0,447.0,454.0,2310,1050120.0,TQBR
2016-09-20,460.0,469.0,447.0,468.0,990,457570.0,TQBR
2016-09-21,469.0,477.0,469.0,470.0,1850,875180.0,TQBR
2016-09-22,476.0,477.0,459.0,463.0,3700,1720960.0,TQBR
2016-09-23,463.0,510.0,446.0,492.0,7400,3617570.0,TQBR
2016-09-26,492.0,515.0,474.0,507.0,4060,2047530.0,TQBR
2016-09-27,510.0,515.0,480.0,482.0,470,233080.0,TQBR
2016-09-28,486.0,512.0,486.0,512.0,10230,5217660.0,TQBR
2016-09-29,512.0,520.0,490.0,505.0,3600,1819300.0,TQBR
2016-09-30,491.0,570.0,491.0,566.0,5480,2968790.0,TQBR
2016-10-03,566.0,575.0,530.0,575.0,10670,5949740.0,TQBR
2016-10-04,575.0,600.0,567.0,583.0,5100,2997400.0,TQBR
2016-10-05,583.0,620.0,580.0,620.0,3530,2134090.0,TQBR
2016-10-06,600.0,650.0,599.0,615.0,14870,9342680.0,TQBR
2016-10-07,615.0,638.0,557.0,629.0,4980,3094650.0,TQBR
2016-10-10,623.0,623.0,620.0,620.0,340,211650.0,TQBR
2016-10-11,610.0,611.0,602.0,611.0,330,199920.0,TQBR
2016-10-12,611.0,638.0,611.0,638.0,7310,4546020.0,TQBR
2016-10-13,645.0,645.0,630.0,630.0,4210,2658370.0,TQBR
2016-10-14,625.0,640.0,623.0,633.0,8190,5169050.0,TQBR
2016-10-17,633.0,635.0,627.0,627.0,880,557580.0,TQBR
2016-10-18,625.0,625.0,615.0,618.0,2690,1665250.0,TQBR
2016-10-19,618.0,622.0,618.0,622.0,270,167560.0,TQBR
2016-10-20,619.0,623.0,615.0,620.0,760,471120.0,TQBR
2016-10-21,623.0,629.0,620.0,620.0,2720,1698440.0,TQBR
2016-10-24,629.0,629.0,605.0,611.0,410,249240.0,TQBR
2016-10-25,622.0,623.0,600.0,612.0,2310,1395030.0,TQBR
2016-10-26,603.0,610.0,602.0,610.0,330,199110.0,TQBR
2016-10-27,609.0,620.0,609.0,620.0,1490,916130.0,TQBR
2016-10-28,606.0,621.0,606.0,610.0,260,158980.0,TQBR
2016-10-31,621.0,621.0,614.0,620.0,1220,756000.0,TQBR
2016-11-01,625.0,640.0,620.0,633.0,840,524240.0,TQBR
2016-11-03,625.0,627.0,625.0,625.0,530,331270.0,TQBR
2016-11-07,641.0,643.0,625.0,625.0,60,38350.0,TQBR
2016-11-08,622.0,622.0,615.0,620.0,490,302180.0,TQBR
2016-11-09,616.0,621.0,616.0,621.0,1280,793320.0,TQBR
2016-11-10,630.0,630.0,605.0,617.0,230,140790.0,TQBR
2016-11-11,617.0,617.0,600.0,609.0,750,454420.0,TQBR
2016-11-14,609.0,619.0,607.0,610.0,5190,3178900.0,TQBR
2016-11-15,620.0,630.0,620.0,630.0,880,546060.0,TQBR
2016-11-16,635.0,635.0,607.0,615.0,2390,1480080.0,TQBR
2016-11-17,617.0,620.0,617.0,620.0,1100,681870.0,TQBR
2016-11-18,620.0,620.0,594.0,615.0,50,30360.0,TQBR
2016-11-21,620.0,622.0,620.0,622.0,860,533240.0,TQBR
2016-11-22,616.0,620.0,616.0,620.0,120,74280.0,TQBR
2016-11-23,616.0,616.0,608.0,610.0,130,79320.0,TQBR
2016-11-24,612.0,617.0,610.0,617.0,1010,617560.0,TQBR
2016-11-25,610.0,624.0,610.0,616.0,5210,3207530.0,TQBR
2016-11-28,616.0,620.0,587.0,610.0,4470,2745610.0,TQBR
2016-11-29,612.0,622.0,605.0,615.0,9810,6029260.0,TQBR
2016-11-30,614.0,622.0,613.0,619.0,680,421650.0,TQBR
2016-12-01,619.0,630.0,619.0,630.0,2400,1499610.0,TQBR
2016-12-02,630.0,630.0,612.0,615.0,8610,5279140.0,TQBR
2016-12-05,612.0,622.0,612.0,613.0,470,288830.0,TQBR
2016-12-06,617.0,620.0,612.0,613.0,4550,2804130.0,TQBR
2016-12-07,617.0,630.0,615.0,621.0,4410,2746550.0,TQBR
2016-12-08,617.0,621.0,615.0,621.0,510,314050.0,TQBR
2016-12-09,625.0,627.0,625.0,625.0,1620,1012850.0,TQBR
2016-12-12,630.0,636.0,630.0,636.0,2620,1663150.0,TQBR
2016-12-13,633.0,635.0,633.0,635.0,520,330170.0,TQBR
2016-12-14,638.0,641.0,630.0,640.0,2470,1577780.0,TQBR
2016-12-15,645.0,648.0,630.0,630.0,2670,1716740.0,TQBR
2016-12-16,635.0,635.0,635.0,635.0,1000,635000.0,TQBR
2016-12-19,639.0,640.0,639.0,640.0,510,326390.0,TQBR
2016-12-20,641.0,642.0,640.0,640.0,220,140980.0,TQBR
2016-12-21,636.0,636.0,630.0,630.0,2630,1659040.0,TQBR
2016-12-22,630.0,665.0,630.0,651.0,36940,23930130.0,TQBR
2016-12-23,653.0,654.0,648.0,653.0,13180,8564660.0,TQBR
2016-12-26,651.0,653.0,648.0,648.0,24810,16124290.0,TQBR
2016-12-27,651.0,651.0,650.0,651.0,11220,7293230.0,TQBR
2016-12-28,650.0,653.0,649.0,651.0,6400,4166660.0,TQBR
2016-12-29,650.0,654.0,650.0,651.0,1440,936500.0,TQBR
2016-12-30,655.0,655.0,652.0,653.0,29310,19153980.0,TQBR
2017-01-03,651.0,656.0,651.0,656.0,200,131000.0,TQBR
2017-01-04,656.0,656.0,655.0,655.0,2110,1384130.0,TQBR
2017-01-05,659.0,659.0,654.0,654.0,1210,792510.0,TQBR
2017-01-06,655.0,655.0,655.0,655.0,110,72050.0,TQBR
2017-01-09,655.0,656.0,655.0,656.0,1600,1049320.0,TQBR
2017-01-10,657.0,660.0,657.0,660.0,590,389290.0,TQBR
2017-01-11,660.0,660.0,657.0,657.0,310,204030.0,TQBR
2017-01-12,657.0,657.0,656.0,657.0,2940,1929200.0,TQBR
2017-01-13,657.0,660.0,656.0,660.0,2140,1406250.0,TQBR
2017-01-16,662.0,663.0,651.0,658.0,1700,1115020.0,TQBR
2017-01-17,660.0,663.0,657.0,659.0,4260,2811660.0,TQBR
2017-01-18,660.0,661.0,660.0,660.0,17370,11464270.0,TQBR
2017-01-19,661.0,663.0,660.0,661.0,13820,9130570.0,TQBR
2017-01-20,663.0,664.0,660.0,660.0,2870,1894500.0,TQBR
2017-01-23,663.0,667.0,663.0,664.0,30400,20185790.0,TQBR
2017-01-24,666.0,667.0,664.0,664.0,2360,1571600.0,TQBR
2017-01-25,665.0,666.0,665.0,666.0,100,66570.0,TQBR
2017-01-26,669.0,669.0,665.0,667.0,1170,778630.0,TQBR
2017-01-27,665.0,667.0,665.0,665.0,1490,990930.0,TQBR
2017-01-30,669.0,669.0,666.0,666.0,310,207050.0,TQBR
2017-01-31,666.0,668.0,665.0,665.0,430,286380.0,TQBR
2017-02-01,667.0,668.0,667.0,667.0,36970,24689840.0,TQBR
2017-02-02,667.0,669.0,666.0,666.0,15130,10106660.0,TQBR
2017-02-06,669.0,669.0,667.0,669.0,590,394070.0,TQBR
2017-02-07,669.0,670.0,669.0,670.0,5070,3391850.0,TQBR
2017-02-08,669.0,669.0,669.0,669.0,8000,5352000.0,TQBR
2017-02-09,670.0,670.0,670.0,670.0,1180,790600.0,TQBR
2017-02-10,670.0,670.0,670.0,670.0,4310,2887700.0,TQBR
2017-02-13,672.0,672.0,671.0,672.0,6130,4119280.0,TQBR
2017-02-14,673.0,673.0,672.0,672.0,4420,2974650.0,TQBR
2017-02-15,671.0,674.0,671.0,673.0,3770,2537150.0,TQBR
2017-02-16,673.0,673.0,672.0,673.0,3720,2503290.0,TQBR
2017-02-17,673.0,673.0,673.0,673.0,4580,3082340.0,TQBR
2017-02-20,672.0,673.0,672.0,673.0,9950,6693540.0,TQBR
2017-02-21,674.0,676.0,673.0,676.0,4670,3147880.0,TQBR
2017-02-22,674.0,677.0,674.0,676.0,7420,5008980.0,TQBR
2017-02-24,677.0,679.0,673.0,674.0,3640,2452390.0,TQBR
2017-02-27,676.0,676.0,676.0,676.0,1180,797680.0,TQBR
2017-02-28,676.0,677.0,675.0,675.0,6570,4444530.0,TQBR
2017-03-01,676.0,676.0,675.0,675.0,860,580520.0,TQBR
2017-03-02,634.0,640.0,600.0,601.0,820,502600.0,TQBR
2017-03-03,600.0,600.0,567.0,580.0,790,454910.0,TQBR
2017-03-06,607.0,607.0,590.0,590.0,20,11970.0,TQBR
2017-03-07,581.0,581.0,581.0,581.0,50,29050.0,TQBR
2017-03-09,582.0,589.0,581.0,582.0,270,157780.0,TQBR
2017-03-10,621.0,621.0,530.0,543.0,180,97620.0,TQBR
2017-03-13,514.0,544.0,514.0,523.0,130,68290.0,TQBR
2017-03-14,525.0,533.0,525.0,533.0,200,105950.0,TQBR
2017-03-15,638.0,638.0,525.0,540.0,600,326800.0,TQBR
2017-03-17,556.0,556.0,550.0,550.0,40,22060.0,TQBR
2017-03-20,565.0,565.0,560.0,560.0,420,237250.0,TQBR
2017-03-21,560.0,560.0,560.0,560.0,10,5600.0,TQBR
2017-03-22,523.0,589.0,522.0,558.0,160,87180.0,TQBR
2017-03-23,580.0,580.0,578.0,578.0,30,17360.0,TQBR
2017-03-27,567.0,567.0,522.0,556.0,560,297630.0,TQBR
2017-03-28,533.0,552.0,530.0,552.0,140,76030.0,TQBR
2017-03-29,536.0,536.0,536.0,536.0,10,5360.0,TQBR
2017-03-30,527.0,529.0,527.0,529.0,50,26420.0,TQBR
2017-03-31,549.0,600.0,549.0,560.0,160,92830.0,TQBR
2017-04-03,540.0,540.0,540.0,540.0,20,10800.0,TQBR
2017-04-04,570.0,570.0,561.0,561.0,50,28210.0,TQBR
2017-04-05,554.0,554.0,554.0,554.0,6,3324.0,SMAL
2017-04-06,547.0,560.0,547.0,560.0,30,16540.0,TQBR
2017-04-10,580.0,580.0,550.0,550.0,20,11300.0,TQBR
2017-04-12,549.0,550.0,549.0,550.0,20,10990.0,TQBR
2017-04-14,550.0,550.0,548.0,548.0,20,10980.0,TQBR
2017-04-19,525.0,540.0,525.0,531.0,30,15960.0,TQBR
2017-04-20,508.0,530.0,500.0,530.0,50,25450.0,TQBR
2017-04-21,501.0,529.0,500.0,522.0,130,65840.0,TQBR
2017-04-25,524.0,524.0,524.0,524.0,10,5240.0,TQBR
2017-04-26,512.0,534.0,512.0,534.0,50,26270.0,TQBR
2017-04-27,542.0,542.0,520.0,520.0,1020,531020.0,TQBR
2017-04-28,522.0,535.0,521.0,521.0,50,26200.0,TQBR
2017-05-02,530.0,530.0,530.0,530.0,1,530.0,SMAL
2017-05-04,512.0,512.0,512.0,512.0,10,5120.0,TQBR
2017-05-10,534.0,534.0,534.0,534.0,10,5340.0,TQBR
2017-05-15,507.0,507.0,507.0,507.0,10,5070.0,TQBR
2017-05-16,535.0,535.0,535.0,535.0,10,5350.0,TQBR
2017-05-17,514.0,518.0,500.0,516.0,1340,671730.0,TQBR
2017-05-18,497.0,497.0,497.0,497.0,9,4473.0,SMAL
2017-05-19,502.0,502.0,499.0,500.0,110,55040.0,TQBR
2017-05-22,498.0,498.0,498.0,498.0,10,4980.0,TQBR
2017-05-24,512.0,512.0,512.0,512.0,10,5120.0,TQBR
2017-05-26,453.0,500.0,453.0,492.0,50,24290.0,TQBR
2017-05-31,480.0,490.0,480.0,480.0,40,19300.0,TQBR
2017-06-07,463.0,463.0,463.0,463.0,10,4630.0,TQBR
2017-06-08,463.0,501.0,463.0,501.0,110,53840.0,TQBR
2017-06-09,534.0,534.0,534.0,534.0,10,5340.0,TQBR
2017-06-14,477.0,493.0,465.0,490.0,140,66210.0,TQBR
2017-06-15,540.0,540.0,540.0,540.0,10,5400.0,TQBR
2017-06-16,480.0,480.0,480.0,480.0,20,9600.0,TQBR
2017-06-19,497.0,500.0,497.0,500.0,60,29930.0,TQBR
2017-06-20,485.0,485.0,250.0,430.0,2360,942340.0,TQBR
2017-06-21,403.0,428.0,400.0,409.0,100,40890.0,TQBR
2017-06-22,419.0,419.0,410.0,410.0,20,8290.0,TQBR
2017-06-23,418.0,444.0,418.0,435.0,1440,627550.0,TQBR
2017-06-26,479.0,529.0,479.0,529.0,2300,1152020.0,TQBR
2017-06-27,529.0,585.0,503.0,506.0,380,197060.0,TQBR
2017-06-28,554.0,554.0,499.0,502.0,140,70500.0,TQBR
2017-07-03,490.0,490.0,490.0,490.0,50,24500.0,TQBR
2017-07-06,505.0,505.0,505.0,505.0,10,5050.0,TQBR
2017-07-12,559.0,559.0,559.0,559.0,10,5590.0,TQBR
2017-07-17,487.0,498.0,487.0,498.0,420,204650.0,TQBR
2017-07-18,515.0,515.0,500.0,510.0,40,20400.0,TQBR
2017-07-20,500.0,509.0,500.0,509.0,140,70790.0,TQBR
2017-07-25,503.0,503.0,500.0,500.0,180,90190.0,TQBR
2017-07-28,493.0,506.0,493.0,506.0,240,120300.0,TQBR
2017-07-31,482.0,507.0,481.0,507.0,50,24510.0,TQBR
2017-08-01,504.0,504.0,500.0,501.0,40,20070.0,TQBR
2017-08-03,477.0,501.0,477.0,501.0,30,14780.0,TQBR
2017-08-04,485.0,503.0,485.0,503.0,70,35030.0,TQBR
2017-08-07,469.0,512.0,469.0,512.0,70,34550.0,TQBR
2017-08-09,536.0,536.0,536.0,536.0,10,5360.0,TQBR
2017-08-10,525.0,525.0,405.0,484.0,2980,1332580.0,TQBR
2017-08-11,495.0,498.0,489.0,498.0,160,78880.0,TQBR
2017-08-14,497.0,499.0,497.0,499.0,30,14930.0,TQBR
2017-08-15,503.0,503.0,503.0,503.0,10,5030.0,TQBR
2017-08-17,455.0,517.0,455.0,517.0,20,9720.0,TQBR
2017-08-18,523.0,548.0,470.0,500.0,120,61410.0,TQBR
2017-08-21,513.0,513.0,513.0,513.0,10,5130.0,TQBR
2017-08-24,500.0,500.0,489.0,489.0,50,24830.0,TQBR
2017-08-25,507.0,507.0,507.0,507.0,10,5070.0,TQBR
2017-08-28,491.0,491.0,491.0,491.0,10,4910.0,TQBR
2017-08-29,477.0,477.0,473.0,473.0,3,1423.0,SMAL
2017-08-31,551.0,675.0,510.0,520.0,330,182840.0,TQBR
2017-09-01,502.0,502.0,502.0,502.0,1,502.0,SMAL
2017-09-04,483.0,510.0,482.0,510.0,30,14750.0,TQBR
2017-09-08,517.0,526.0,515.0,515.0,110,57120.0,TQBR
2017-09-20,493.0,510.0,492.0,509.0,190,95240.0,TQBR
2017-09-25,495.0,509.0,485.0,509.0,230,113550.0,TQBR
2017-09-26,501.0,501.0,501.0,501.0,10,5010.0,TQBR
2017-09-27,500.0,528.0,500.0,525.0,430,220820.0,TQBR
2017-09-28,506.0,514.0,500.0,508.0,390,198000.0,TQBR
2017-09-29,508.0,508.0,505.0,505.0,20,10130.0,TQBR
2017-10-02,505.0,519.0,505.0,510.0,40,20460.0,TQBR
2017-10-04,510.0,531.0,500.0,500.0,1140,595310.0,TQBR
2017-10-05,506.0,506.0,506.0,506.0,10,5060.0,TQBR
2017-10-10,523.0,523.0,509.0,509.0,70,35900.0,TQBR
2017-10-11,521.0,521.0,516.0,518.0,60,31110.0,TQBR
2017-10-12,521.0,521.0,521.0,521.0,10,5210.0,TQBR
2017-10-13,519.0,519.0,519.0,519.0,10,5190.0,TQBR
2017-10-16,518.0,518.0,518.0,518.0,10,5180.0,TQBR
2017-10-19,509.0,510.0,507.0,507.0,30,15260.0,TQBR
2017-10-20,514.0,514.0,514.0,514.0,10,5140.0,TQBR
2017-10-23,524.0,524.0,524.0,524.0,10,5240.0,TQBR
2017-10-25,533.0,533.0,533.0,533.0,10,5330.0,TQBR
2017-10-26,535.0,535.0,500.0,515.0,50,25650.0,TQBR
2017-10-27,510.0,510.0,510.0,510.0,10,5100.0,TQBR
2017-10-30,509.0,509.0,509.0,509.0,20,10180.0,TQBR
2017-10-31,511.0,512.0,511.0,512.0,40,20470.0,TQBR
2017-11-03,505.0,510.0,505.0,510.0,20,10150.0,TQBR
2017-11-07,504.0,511.0,504.0,510.0,140,70870.0,TQBR
2017-11-10,520.0,520.0,520.0,520.0,30,15600.0,TQBR
2017-11-15,510.0,510.0,510.0,510.0,20,10200.0,TQBR
2017-11-17,505.0,507.0,505.0,507.0,60,30400.0,TQBR
2017-11-20,520.0,520.0,510.0,510.0,3340,1734800.0,TQBR
2017-11-22,505.0,505.0,505.0,505.0,30,15150.0,TQBR
2017-11-23,506.0,506.0,506.0,506.0,10,5060.0,TQBR
2017-11-24,505.0,505.0,505.0,505.0,30,15150.0,TQBR
2017-11-27,506.0,506.0,506.0,506.0,10,5060.0,TQBR
2017-11-30,506.0,506.0,502.0,502.0,60,30220.0,TQBR
2017-12-01,502.0,502.0,500.0,500.0,20,10020.0,TQBR
2017-12-04,513.0,513.0,495.0,495.0,40,19980.0,TQBR
2017-12-05,488.0,503.0,470.0,503.0,1450,705070.0,TQBR
2017-12-06,497.0,497.0,497.0,497.0,10,4970.0,TQBR
2017-12-08,488.0,488.0,450.0,473.0,950,439210.0,TQBR
2017-12-11,465.0,473.0,456.0,473.0,1490,685500.0,TQBR
2017-12-12,476.0,482.0,470.0,482.0,100,47600.0,TQBR
2017-12-13,458.0,458.0,458.0,458.0,9,4122.0,SMAL
2017-12-14,457.0,487.0,454.0,476.0,690,325210.0,TQBR
2017-12-15,458.0,458.0,458.0,458.0,9,4122.0,SMAL
2017-12-19,461.0,470.0,320.0,445.0,2060,877640.0,TQBR
2017-12-20,436.0,448.0,436.0,448.0,40,17730.0,TQBR
2017-12-22,441.0,463.0,441.0,463.0,50,22880.0,TQBR
2017-12-25,450.0,450.0,430.0,440.0,250,109160.0,TQBR
2017-12-26,454.0,454.0,447.0,447.0,20,9010.0,TQBR
2017-12-27,436.0,442.0,427.0,442.0,80,34620.0,TQBR
2017-12-28,442.0,442.0,442.0,442.0,10,4420.0,TQBR
2017-12-29,444.0,444.0,440.0,440.0,20,8840.0,TQBR
2018-01-03,466.0,466.0,466.0,466.0,10,4660.0,TQBR
2018-01-05,468.0,475.0,450.0,450.0,30,13930.0,TQBR
2018-01-09,455.0,461.0,455.0,461.0,20,9160.0,TQBR
2018-01-10,452.0,452.0,451.0,451.0,40,18050.0,TQBR
2018-01-11,455.0,455.0,455.0,455.0,60,27300.0,TQBR
2018-01-12,462.0,462.0,460.0,460.0,30,13840.0,TQBR
2018-01-15,461.0,461.0,461.0,461.0,20,9220.0,TQBR
2018-01-16,455.0,476.0,455.0,476.0,260,120940.0,TQBR
2018-01-17,480.0,510.0,480.0,495.0,360,177420.0,TQBR
2018-01-18,498.0,510.0,498.0,510.0,400,203810.0,TQBR
2018-01-19,492.0,510.0,490.0,510.0,70,34920.0,TQBR
2018-01-23,510.0,515.0,510.0,511.0,180,92210.0,TQBR
2018-01-24,518.0,523.0,518.0,523.0,60,31240.0,TQBR
2018-01-25,524.0,525.0,520.0,520.0,90,47150.0,TQBR
2018-01-26,510.0,510.0,510.0,510.0,10,5100.0,TQBR
2018-01-30,510.0,510.0,499.0,499.0,20,10090.0,TQBR
2018-01-31,499.0,499.0,499.0,499.0,20,9980.0,TQBR
2018-02-01,496.0,504.0,490.0,490.0,70,34780.0,TQBR
2018-02-05,495.0,495.0,479.0,484.0,530,255120.0,TQBR
2018-02-06,484.0,489.0,470.0,479.0,450,217440.0,TQBR
2018-02-07,472.0,479.0,472.0,479.0,570,270710.0,TQBR
2018-02-08,480.0,480.0,480.0,480.0,10,4800.0,TQBR
2018-02-12,460.0,460.0,460.0,460.0,1,460.0,SMAL
2018-02-13,486.0,486.0,480.0,480.0,80,38460.0,TQBR
2018-02-14,487.0,487.0,487.0,487.0,20,9740.0,TQBR
2018-02-16,484.0,495.0,484.0,495.0,410,202230.0,TQBR
2018-02-20,497.0,497.0,497.0,497.0,200,99400.0,TQBR
2018-02-22,490.0,490.0,490.0,490.0,70,34300.0,TQBR
2018-02-26,491.0,549.0,491.0,530.0,370,194360.0,TQBR
2018-02-27,538.0,545.0,538.0,545.0,40,21670.0,TQBR
2018-02-28,521.0,521.0,482.0,482.0,170,86290.0,TQBR
2018-03-01,518.0,518.0,518.0,518.0,10,5180.0,TQBR
2018-03-02,527.0,527.0,527.0,527.0,10,5270.0,TQBR
2018-03-05,537.0,537.0,525.0,525.0,20,10620.0,TQBR
2018-03-06,520.0,520.0,516.0,516.0,20,10360.0,TQBR
2018-03-07,521.0,521.0,521.0,521.0,20,10420.0,TQBR
2018-03-09,526.0,526.0,526.0,526.0,10,5260.0,TQBR
2018-03-12,540.0,550.0,525.0,525.0,380,200700.0,TQBR
2018-03-13,548.0,600.0,531.0,551.0,2960,1644120.0,TQBR
2018-03-14,570.0,585.0,570.0,585.0,20,11550.0,TQBR
2018-03-15,550.0,550.0,550.0,550.0,50,27500.0,TQBR
2018-03-16,559.0,560.0,559.0,560.0,1000,559970.0,TQBR
2018-03-19,539.0,540.0,533.0,540.0,210,112520.0,TQBR
2018-03-20,536.0,536.0,534.0,535.0,60,32090.0,TQBR
2018-03-21,540.0,545.0,540.0,545.0,20,10850.0,TQBR
2018-03-22,545.0,546.0,532.0,533.0,90,48690.0,TQBR
2018-03-23,542.0,542.0,542.0,542.0,10,5420.0,TQBR
2018-03-26,540.0,540.0,539.0,540.0,110,59390.0,TQBR
2018-03-28,554.0,556.0,554.0,556.0,30,16660.0,TQBR
2018-03-29,554.0,554.0,535.0,535.0,50,27510.0,TQBR
2018-03-30,531.0,533.0,531.0,531.0,460,244330.0,TQBR
2018-04-03,522.0,522.0,517.0,520.0,540,280740.0,TQBR
2018-04-09,507.0,507.0,482.0,482.0,420,209590.0,TQBR
2018-04-10,508.0,564.0,508.0,564.0,570,302950.0,TQBR
2018-04-11,520.0,575.0,520.0,540.0,220,119770.0,TQBR
2018-04-12,576.0,576.0,576.0,576.0,10,5760.0,TQBR
2018-04-13,531.0,539.0,518.0,539.0,240,127220.0,TQBR
2018-04-16,544.0,544.0,539.0,540.0,120,64920.0,TQBR
2018-04-17,530.0,530.0,530.0,530.0,7030,3725900.0,TQBR
2018-04-18,522.0,525.0,515.0,525.0,30,15620.0,TQBR
2018-04-19,522.0,533.0,522.0,533.0,70,36980.0,TQBR
2018-04-23,532.0,538.0,528.0,538.0,40,21360.0,TQBR
2018-04-24,530.0,533.0,530.0,533.0,30,15930.0,TQBR
2018-04-25,521.0,521.0,521.0,521.0,10,5210.0,TQBR
2018-04-26,548.0,548.0,520.0,544.0,110,59080.0,TQBR
2018-04-27,567.0,650.0,545.0,577.0,580,363670.0,TQBR
2018-04-28,562.0,562.0,562.0,562.0,20,11240.0,TQBR
2018-04-30,543.0,543.0,543.0,543.0,10,5430.0,TQBR
2018-05-03,558.0,558.0,558.0,558.0,10,5580.0,TQBR
2018-05-04,547.0,575.0,547.0,575.0,70,38800.0,TQBR
2018-05-07,566.0,588.0,566.0,580.0,50,28840.0,TQBR
2018-05-10,594.0,594.0,589.0,590.0,60,35430.0,TQBR
2018-05-14,589.0,589.0,589.0,589.0,10,5890.0,TQBR
2018-05-15,589.0,589.0,589.0,589.0,10,5890.0,TQBR
2018-05-16,589.0,589.0,589.0,589.0,10,5890.0,TQBR
2018-05-18,590.0,590.0,590.0,590.0,100,59000.0,TQBR
2018-05-23,577.0,585.0,574.0,585.0,80,46060.0,TQBR
2018-05-24,562.0,600.0,562.0,600.0,380,226760.0,TQBR
2018-05-25,516.0,591.0,516.0,591.0,20,11070.0,TQBR
2018-05-28,580.0,580.0,580.0,580.0,60,34800.0,TQBR
2018-05-29,580.0,590.0,580.0,590.0,390,227900.0,TQBR
2018-05-31,595.0,595.0,591.0,591.0,120,71100.0,TQBR
2018-06-01,600.0,610.0,600.0,600.0,720,436590.0,TQBR
2018-06-04,600.0,600.0,600.0,600.0,10,6000.0,TQBR
2018-06-05,565.0,565.0,565.0,565.0,10,5650.0,SMAL
2018-06-06,564.0,578.0,564.0,577.0,110,63380.0,TQBR
2018-06-07,597.0,597.0,597.0,597.0,30,17910.0,TQBR
2018-06-09,571.0,590.0,571.0,590.0,20,11610.0,TQBR
2018-06-13,565.0,565.0,565.0,565.0,10,5650.0,TQBR
2018-06-14,562.0,589.0,540.0,580.0,120,68240.0,TQBR
2018-06-19,560.0,560.0,525.0,555.0,450,244910.0,TQBR
2018-06-20,559.0,560.0,559.0,560.0,20,11190.0,TQBR
2018-06-21,547.0,547.0,520.0,547.0,250,131940.0,TQBR
2018-06-26,548.0,564.0,548.0,554.0,270,150670.0,TQBR
2018-06-27,554.0,555.0,544.0,555.0,80,43800.0,TQBR
2018-06-28,557.0,577.0,557.0,558.0,40,22510.0,TQBR
2018-06-29,577.0,577.0,577.0,577.0,10,5770.0,TQBR
2018-07-02,549.0,560.0,546.0,551.0,260,143320.0,TQBR
2018-07-04,539.0,564.0,539.0,563.0,330,183420.0,TQBR
2018-07-05,575.0,598.0,575.0,598.0,90,53510.0,TQBR
2018-07-09,597.0,600.0,597.0,600.0,80,47910.0,TQBR
2018-07-12,570.0,570.0,570.0,570.0,1,570.0,SMAL
2018-07-13,561.0,561.0,561.0,561.0,10,5610.0,TQBR
2018-07-18,570.0,594.0,570.0,594.0,30,17340.0,TQBR
2018-07-23,601.0,601.0,543.0,543.0,30,17060.0,TQBR
2018-07-24,565.0,565.0,565.0,565.0,10,5650.0,TQBR
2018-07-25,559.0,559.0,559.0,559.0,10,5590.0,TQBR
2018-07-27,580.0,608.0,580.0,580.0,100,59680.0,TQBR
2018-07-30,580.0,580.0,580.0,580.0,10,5800.0,TQBR
2018-08-06,564.0,566.0,564.0,566.0,100,56580.0,TQBR
2018-08-07,558.0,558.0,556.0,556.0,70,39040.0,TQBR
2018-08-08,548.0,560.0,548.0,548.0,50,27520.0,TQBR
2018-08-09,550.0,560.0,550.0,560.0,40,22300.0,TQBR
2018-08-10,560.0,560.0,550.0,552.0,50,27720.0,TQBR
2018-08-13,552.0,552.0,548.0,548.0,40,22000.0,TQBR
2018-08-16,548.0,554.0,548.0,554.0,160,88520.0,TQBR
2018-08-17,530.0,530.0,530.0,530.0,2,1060.0,SMAL
2018-08-21,570.0,570.0,548.0,554.0,2550,1413340.0,TQBR
2018-08-22,548.0,548.0,478.0,536.0,130,65500.0,TQBR
2018-08-23,510.0,510.0,500.0,500.0,3000,1500100.0,TQBR
2018-08-24,492.0,492.0,492.0,492.0,10,4920.0,TQBR
2018-08-27,490.0,490.0,482.0,482.0,60,29240.0,TQBR
2018-08-30,468.0,468.0,468.0,468.0,4,1872.0,SMAL
2018-08-31,484.0,484.0,484.0,484.0,20,9680.0,TQBR
2018-09-03,484.0,484.0,484.0,484.0,10,4840.0,TQBR
2018-09-05,484.0,484.0,454.0,466.0,310,142320.0,TQBR
2018-09-06,460.0,468.0,460.0,466.0,90,41720.0,TQBR
2018-09-07,486.0,486.0,466.0,472.0,100,47700.0,TQBR
2018-09-10,488.0,490.0,488.0,490.0,20,9780.0,TQBR
2018-09-11,486.0,496.0,486.0,496.0,70,34540.0,TQBR
2018-09-12,490.0,490.0,490.0,490.0,30,14700.0,TQBR
2018-09-13,490.0,490.0,482.0,482.0,80,39120.0,TQBR
2018-09-17,476.0,476.0,474.0,474.0,60,28520.0,TQBR
2018-09-19,484.0,484.0,484.0,484.0,10,4840.0,TQBR
2018-09-20,488.0,488.0,488.0,488.0,210,102480.0,TQBR
2018-09-21,486.0,486.0,486.0,486.0,20,9720.0,TQBR
2018-09-24,472.0,472.0,472.0,472.0,20,9440.0,TQBR
2018-09-25,460.0,466.0,450.0,458.0,330,149860.0,TQBR
2018-09-26,460.0,480.0,460.0,470.0,1000,469660.0,TQBR
2018-09-27,456.0,462.0,456.0,462.0,2,918.0,SMAL
2018-09-28,464.0,464.0,464.0,464.0,10,4640.0,TQBR
2018-10-01,462.0,468.0,460.0,460.0,390,179620.0,TQBR
2018-10-02,480.0,486.0,480.0,486.0,30,14460.0,TQBR
2018-10-03,480.0,494.0,480.0,494.0,80,39040.0,TQBR
2018-10-04,490.0,494.0,484.0,484.0,80,39180.0,TQBR
