date,open,high,low,close,volume,value,board
2011-12-21,1114.0,1114.0,1069.5,1069.5,200,215295.2,EQNE
2011-12-27,1274.0,1486.0,1274.0,1284.0,51,73464.0,EQNE
2011-12-28,1300.0,2015.0,1300.0,1300.0,127,237315.0,EQNE
2011-12-29,1300.0,2600.0,1300.0,1300.0,325,812500.0,EQNE
2012-01-19,1500.0,1500.0,1500.0,1500.0,1,1500.0,EQNE
2012-01-20,1052.0,1052.0,1052.0,1052.0,1,1052.0,EQNE
2012-01-27,1150.0,1472.0,1150.0,1472.0,11,15870.0,EQNE
2012-01-30,1450.0,2019.0,1450.0,1700.0,448,822200.0,EQNE
2012-01-31,2380.0,2380.0,1501.0,1501.0,13,28501.9,EQNE
2012-02-01,1250.0,1250.0,1250.0,1250.0,1,1250.0,EQNE
2012-02-02,1230.0,1230.0,1230.0,1230.0,1,1230.0,EQNE
2012-02-03,1078.1,1200.0,1078.1,1200.0,4,4434.3,EQNE
2012-02-08,1350.0,1350.0,1350.0,1350.0,1,1350.0,EQNE
2012-02-09,1250.0,1250.0,1250.0,1250.0,1,1250.0,EQNE
2012-02-16,1500.0,1500.0,1500.0,1500.0,2,3000.0,EQNE
2012-02-27,1599.7,1599.7,1599.7,1599.7,2,3199.4,EQNE
2012-02-29,2003.4,2234.5,1550.0,2234.5,1303,2740186.0,EQNE
2012-03-01,1500.1,1525.2,1350.0,1520.0,53,78176.4,EQNE
2012-03-02,1510.0,1510.0,1510.0,1510.0,1,1510.0,EQNE
2012-03-05,1799.4,2105.0,1799.4,2105.0,480,963768.4,EQNE
2012-03-06,2105.0,2388.8,1550.0,1855.2,55,100474.4,EQNE
2012-03-07,1500.1,1500.2,1482.5,1500.2,22,32950.5,EQNE
2012-03-11,1510.0,1510.0,1510.0,1510.0,1,1510.0,EQNE
2012-03-12,1600.0,2001.4,1503.8,2001.4,21,34736.4,EQNE
2012-03-13,1600.7,1600.7,1470.0,1480.0,163,244397.5,EQNE
2012-03-14,1480.0,1480.0,1350.0,1420.0,198,278794.1,EQNE
2012-03-15,1400.0,1425.0,1400.0,1425.0,117,165260.0,EQNE
2012-03-21,1380.0,1420.0,1380.0,1420.0,11,15420.0,EQNE
2012-03-22,1404.9,1404.9,1290.0,1300.0,18,23553.5,EQNE
2012-03-23,1244.0,1244.0,1234.9,1236.0,15,18575.8,EQNE
2012-03-26,1205.1,1205.2,1205.0,1205.0,33,39767.8,EQNE
2012-03-27,1221.0,1221.1,1221.0,1221.1,4,4884.1,EQNE
2012-03-28,1279.9,1279.9,1279.9,1279.9,3,3839.7,EQNE
2012-03-29,1188.1,1789.0,1105.0,1349.8,1647,2375714.4,EQNE
2012-03-30,2011.7,2011.7,1230.0,1266.5,1263,2366118.2,EQNE
2012-04-02,1349.9,1349.9,1349.9,1349.9,1,1349.9,EQNE
2012-04-03,1226.1,1300.0,1217.6,1295.4,86,105978.7,EQNE
2012-04-04,1259.5,1275.0,1259.5,1275.0,4,5084.5,EQNE
2012-04-05,1275.0,1284.9,1271.0,1284.9,13,16581.9,EQNE
2012-04-09,1222.6,1222.6,1213.5,1213.5,12,14580.1,EQNE
2012-04-10,1112.5,1112.5,1112.5,1112.5,2,2225.0,EQNE
2012-04-11,1155.5,1155.7,1045.0,1155.7,25,27667.5,EQNE
2012-04-13,1055.2,1153.2,1015.0,1153.2,86,92314.4,EQNE
2012-04-17,1160.7,1160.7,1160.7,1160.7,1,1160.7,EQNE
2012-04-18,1155.0,1155.0,1155.0,1155.0,1,1155.0,EQNE
2012-04-19,1150.5,1150.5,1150.5,1150.5,1,1150.5,EQNE
2012-04-20,1150.9,1150.9,1150.9,1150.9,2,2301.8,EQNE
2012-04-23,1007.2,1007.2,1007.1,1007.1,16,16113.9,EQNE
2012-04-24,1149.9,1150.0,1149.9,1150.0,30,34499.9,EQNE
2012-04-25,1150.0,1150.0,1150.0,1150.0,1,1150.0,EQNE
2012-04-26,1111.0,1111.0,1111.0,1111.0,11,12221.0,EQNE
2012-04-27,1145.0,1199.0,1145.0,1199.0,436,520580.1,EQNE
2012-04-28,1667.0,1667.0,1085.0,1085.0,4798,7471186.6,EQNE
2012-05-03,1085.0,1085.0,1085.0,1085.0,1,1085.0,EQNE
2012-05-04,1022.0,1022.0,1022.0,1022.0,10,10220.0,EQNE
2012-05-05,1155.0,1155.0,1155.0,1155.0,1,1155.0,EQNE
2012-05-08,1033.0,1154.2,1033.0,1154.2,20,20781.2,EQNE
2012-05-11,1155.0,1155.0,1155.0,1155.0,1,1155.0,EQNE
2012-05-12,1155.0,1190.0,1155.0,1190.0,304,361714.9,EQNE
2012-05-15,1055.0,1098.6,999.0,1000.0,29,29848.3,EQNE
2012-05-18,960.0,960.0,960.0,960.0,1,960.0,EQNE
2012-05-21,933.5,949.6,933.5,949.6,2,1883.1,EQNE
2012-05-22,955.1,955.1,955.1,955.1,8,7640.8,EQNE
2012-05-24,979.0,1050.0,956.1,1050.0,101,103275.9,EQNE
2012-05-25,1000.0,1150.0,1000.0,1150.0,171,181133.0,EQNE
2012-05-28,1050.0,1285.0,1050.0,1285.0,325,385229.4,EQNE
2012-05-29,1100.0,1300.0,1100.0,1300.0,289,356849.0,EQNE
2012-05-30,1285.0,1395.0,1285.0,1395.0,160,214430.0,EQNE
2012-05-31,1787.5,1875.0,1059.0,1443.9,12386,18151509.7,EQNE
2012-06-01,1105.1,1189.2,1055.6,1189.2,241,264009.7,EQNE
2012-06-04,1077.4,1100.0,1077.4,1100.0,20,21977.4,EQNE
2012-06-06,1056.1,1056.1,1056.0,1056.0,2,2112.1,EQNE
2012-06-07,1060.0,1060.0,1060.0,1060.0,10,10600.0,EQNE
2012-06-13,1065.3,1065.3,1065.3,1065.3,1,1065.3,EQNE
2012-06-14,1059.0,1059.0,1059.0,1059.0,1,1059.0,EQNE
2012-06-18,1055.1,1055.1,1050.0,1050.0,14,14715.1,EQNE
2012-06-25,1100.0,1149.9,1100.0,1120.0,28,31479.9,EQNE
2012-06-26,1163.0,1163.0,1140.0,1149.0,92,105713.0,EQNE
2012-06-28,1160.0,1210.0,960.0,1210.0,1223,1408856.8,EQNE
2012-06-29,1556.0,1610.0,1399.0,1499.0,6057,9386614.8,EQNE
2012-07-16,1153.1,1300.0,1153.1,1300.0,175,214490.8,EQNE
2012-07-17,1290.0,1290.0,1250.0,1250.1,5,6290.2,EQNE
2012-07-18,1206.1,1206.1,1161.0,1161.0,47,56314.8,EQNE
2012-07-19,1219.9,1220.0,1219.9,1220.0,26,31717.5,EQNE
2012-07-20,1400.0,1400.0,1220.0,1220.0,304,425420.0,EQNE
2012-07-23,1167.6,1167.6,1167.6,1167.6,1,1167.6,EQNE
2012-07-24,1341.9,1449.0,1250.0,1250.0,63,79233.5,EQNE
2012-07-26,1443.5,1445.0,1443.5,1445.0,308,445052.9,EQNE
2012-07-27,1420.0,1449.0,1420.0,1449.0,15,21437.0,EQNE
2012-07-30,1300.1,1450.0,1227.0,1420.0,852,1118218.5,EQNE
2012-07-31,1603.5,1603.5,1250.0,1474.9,15686,22070956.9,EQNE
2012-08-03,1350.0,1475.0,1350.0,1475.0,309,417275.0,EQNE
2012-08-07,1260.5,1330.0,1260.5,1320.5,86,111820.9,EQNE
2012-08-08,1469.0,1469.0,1324.2,1324.2,2,2793.2,EQNE
2012-08-09,1323.1,1323.1,1323.1,1323.1,1,1323.1,EQNE
2012-08-10,1270.5,1354.2,1270.5,1354.2,5,6614.7,EQNE
2012-08-13,1350.0,1350.0,1350.0,1350.0,1,1350.0,EQNE
2012-08-15,1375.0,1398.3,1310.0,1398.3,443,590163.0,EQNE
2012-08-17,1310.0,1397.9,1280.0,1397.9,28,36446.0,EQNE
2012-08-20,1327.1,1388.9,1283.6,1388.9,164,215798.9,EQNE
2012-08-21,1336.6,1379.9,1290.0,1379.9,13,17099.1,EQNE
2012-08-22,1300.1,1339.8,1300.1,1339.8,62,80831.8,EQNE
2012-08-23,1340.0,1350.0,1340.0,1350.0,5,6738.8,EQNE
2012-08-24,1300.2,1330.0,1300.1,1330.0,42,54644.2,EQNE
2012-08-28,1320.0,1350.0,1320.0,1350.0,114,153849.9,EQNE
2012-08-29,1350.0,1350.0,1349.8,1350.0,136,183599.3,EQNE
2012-08-30,1350.0,1399.7,1350.0,1399.7,19,25699.7,EQNE
2012-08-31,1499.7,1499.7,1300.6,1389.7,3050,4369283.0,EQNE
2012-09-03,1306.3,1320.0,1306.1,1320.0,17,22259.9,EQNE
2012-09-06,1307.6,1320.0,1285.9,1290.6,38,49371.2,EQNE
2012-09-13,1293.3,1293.3,1215.0,1215.0,2,2508.3,EQNE
2012-09-14,1349.8,1349.8,1293.3,1348.8,3,3991.9,EQNE
2012-09-18,1348.5,1348.9,1300.4,1300.4,4,5346.7,EQNE
2012-09-19,1330.0,1340.0,1320.0,1340.0,208,276580.0,EQNE
2012-09-20,1349.9,1363.0,1349.9,1350.0,221,298375.3,EQNE
2012-09-21,1360.0,1360.0,1360.0,1360.0,62,84320.0,EQNE
2012-09-24,1380.0,1380.0,1360.0,1360.1,223,305548.8,EQNE
2012-09-25,1360.0,1360.0,1340.1,1350.0,304,412226.2,EQNE
2012-09-26,1359.9,1359.9,1350.0,1359.9,13,17569.8,EQNE
2012-09-28,1350.0,1356.0,1231.0,1353.9,1327,1765773.9,EQNE
2012-10-01,1262.6,1319.8,1206.1,1299.1,87,109464.0,EQNE
2012-10-02,1225.1,1260.0,1225.1,1260.0,28,35019.2,EQNE
2012-10-03,1200.4,1257.4,1196.1,1257.4,30,36078.2,EQNE
2012-10-04,1207.0,1220.0,1170.0,1199.8,180,212767.1,EQNE
2012-10-05,1200.3,1200.3,1168.2,1168.2,3,3536.8,EQNE
2012-10-08,1134.0,1209.3,1134.0,1206.9,4,4739.8,EQNE
2012-10-10,1141.0,1198.1,1141.0,1198.1,2,2339.1,EQNE
2012-10-11,1100.1,1179.9,1100.0,1179.9,9,9983.3,EQNE
2012-10-15,1100.0,1177.1,1100.0,1177.1,2,2277.1,EQNE
2012-10-16,1101.2,1160.0,1101.2,1160.0,161,186701.2,EQNE
2012-10-17,1080.5,1159.7,1036.0,1159.5,744,802727.5,EQNE
2012-10-18,1036.1,1049.8,987.7,1029.0,965,972947.3,EQNE
2012-10-19,1000.3,1155.0,990.3,1155.0,94,99407.1,EQNE
2012-10-22,1151.0,1196.7,1005.0,1094.7,291,299387.4,EQNE
2012-10-23,1003.1,1009.7,968.6,1009.7,153,151591.3,EQNE
2012-10-24,975.1,1038.4,975.0,1038.4,37,36703.3,EQNE
2012-10-25,1317.8,1317.8,1000.0,1029.0,829,906616.1,EQNE
2012-10-26,985.0,1017.6,957.0,1007.9,56,54402.3,EQNE
2012-10-29,998.8,1014.9,998.8,1014.9,5,5010.3,EQNE
2012-10-30,973.9,1040.0,973.9,1015.0,23,23232.4,EQNE
2012-10-31,1089.0,1089.0,935.8,990.0,66,63003.6,EQNE
2012-11-01,955.0,997.9,933.6,997.9,35,33272.2,EQNE
2012-11-06,940.3,1032.9,940.3,1032.9,2,1973.2,EQNE
2012-11-07,955.5,955.5,955.0,955.0,5,4776.4,EQNE
2012-11-08,955.0,987.4,937.0,987.4,19,17897.3,EQNE
2012-11-09,987.1,999.9,917.5,999.9,18,16911.9,EQNE
2012-11-12,920.5,986.1,920.5,986.1,13,12115.1,EQNE
2012-11-13,940.0,974.3,940.0,974.3,4,3794.3,EQNE
2012-11-14,939.9,959.9,939.9,959.9,4,3789.8,EQNE
2012-11-15,930.0,980.0,790.0,796.0,523,450043.9,EQNE
2012-11-16,800.0,960.0,714.7,960.0,251,214814.7,EQNE
2012-11-19,817.3,817.3,817.0,817.0,10,8170.9,EQNE
2012-11-21,818.8,818.8,808.0,808.0,7,5707.6,EQNE
2012-11-22,812.0,812.0,757.0,757.0,3,2381.0,EQNE
2012-11-23,812.0,887.0,718.0,886.0,45,35938.4,EQNE
2012-11-26,766.1,808.0,715.1,790.0,40,30403.7,EQNE
2012-11-27,787.8,787.8,787.7,787.7,8,6301.8,EQNE
2012-11-28,750.1,752.0,750.0,752.0,7,5252.1,EQNE
2012-11-29,750.0,750.1,742.0,750.0,115,86242.0,EQNE
2012-11-30,750.0,750.0,730.4,750.0,40,29866.1,EQNE
2012-12-03,732.7,732.7,732.0,732.0,22,16108.8,EQNE
2012-12-04,731.6,731.6,731.6,731.6,5,3658.0,EQNE
2012-12-05,731.9,732.0,731.9,732.0,12,8783.9,EQNE
2012-12-06,730.5,730.5,720.0,720.0,20,14466.7,EQNE
2012-12-11,715.0,715.0,711.7,711.7,11,7845.6,EQNE
2012-12-14,748.9,749.9,748.9,749.9,8,5996.4,EQNE
2012-12-17,760.0,760.0,735.1,735.1,4,2965.4,EQNE
2012-12-18,720.5,720.5,700.7,700.8,48,33707.5,EQNE
2012-12-19,700.0,735.0,700.0,735.0,5,3604.6,EQNE
2012-12-20,719.9,719.9,690.0,690.0,580,406009.3,EQNE
2012-12-21,677.9,691.7,677.9,677.9,8,5496.0,EQNE
2012-12-24,676.0,677.5,664.1,677.5,5,3346.0,EQNE
2012-12-25,655.0,655.0,588.0,588.3,168,101363.8,EQNE
2012-12-26,588.3,699.0,564.9,600.5,189,110796.9,EQNE
2012-12-27,648.9,650.0,611.1,647.7,56,36243.3,EQNE
2012-12-28,667.0,744.0,578.0,744.0,534,336982.3,EQNE
2013-01-08,635.1,749.9,634.9,703.0,76,55353.3,EQNE
2013-01-09,699.1,747.0,671.5,724.0,121,87915.2,EQNE
2013-01-10,745.0,746.8,700.0,730.5,70,50143.6,EQNE
2013-01-11,721.0,721.0,710.9,710.9,2,1431.9,EQNE
2013-01-14,700.5,700.5,696.7,698.0,4,2795.7,EQNE
2013-01-15,700.0,724.3,700.0,700.0,82,57950.8,EQNE
2013-01-16,696.1,722.9,668.0,694.3,31,21102.6,EQNE
2013-01-17,680.9,680.9,653.7,680.9,6,4030.0,EQNE
2013-01-18,666.7,739.0,645.1,739.0,46,32955.7,EQNE
2013-01-21,692.7,720.3,692.7,720.3,8,5659.5,EQNE
2013-01-22,706.1,706.1,706.1,706.1,3,2118.3,EQNE
2013-01-23,720.1,747.0,700.0,700.0,81,56872.1,EQNE
2013-01-24,700.1,759.5,686.0,759.5,36,25229.0,EQNE
2013-01-25,719.5,775.7,717.0,717.1,49,35260.4,EQNE
2013-01-28,733.1,819.9,733.1,750.0,217,167441.4,EQNE
2013-01-29,762.5,808.8,762.5,785.0,4,3133.6,EQNE
2013-01-31,762.3,762.3,762.3,762.3,1,762.3,EQNE
2013-02-01,774.8,774.8,774.8,774.8,1,774.8,EQNE
2013-02-04,747.1,759.9,720.0,731.9,16,11673.3,EQNE
2013-02-06,717.7,717.7,557.0,695.9,200,123517.1,EQNE
2013-02-07,590.0,661.9,580.3,647.7,22,13589.2,EQNE
2013-02-08,634.9,750.0,584.0,750.0,322,217680.9,EQNE
2013-02-11,634.1,772.0,634.1,685.3,135,91873.5,EQNE
2013-02-12,671.5,671.5,642.1,657.9,4,2613.6,EQNE
2013-02-13,659.0,659.0,657.0,657.0,28,18421.6,EQNE
2013-02-14,669.9,669.9,669.9,669.9,2,1339.8,EQNE
2013-02-15,671.1,700.0,671.1,700.0,3,2055.2,EQNE
2013-02-18,657.7,737.9,558.8,643.9,996,604108.2,EQNE
2013-02-19,631.1,696.0,631.1,682.5,22,14663.9,EQNE
2013-02-20,668.7,680.3,668.7,680.3,7,4750.5,EQNE
2013-02-21,610.6,679.8,610.6,640.0,18,11263.8,EQNE
2013-02-22,675.1,675.1,675.1,675.1,1,675.1,EQNE
2013-02-25,607.1,607.1,607.0,607.0,5,3035.2,EQNE
2013-02-26,657.0,657.0,657.0,657.0,5,3285.0,EQNE
2013-02-27,655.5,655.5,616.5,629.3,27,16800.3,EQNE
2013-02-28,616.7,652.9,608.0,652.9,48,29626.8,EQNE
2013-03-01,627.3,627.3,627.3,627.3,1,627.3,EQNE
2013-03-04,627.1,629.0,627.0,627.0,9,5649.1,EQNE
2013-03-05,620.0,627.0,620.0,627.0,62,38832.0,EQNE
2013-03-06,630.0,630.0,625.0,625.0,269,168460.0,EQNE
2013-03-07,614.7,616.0,599.0,616.0,153,92651.1,EQNE
2013-03-11,626.7,626.7,620.1,620.1,3,1866.9,EQNE
2013-03-12,621.0,626.7,602.0,626.7,23,13920.9,EQNE
2013-03-13,638.6,638.6,638.6,638.6,1,638.6,EQNE
2013-03-14,638.2,640.0,638.2,640.0,50,31965.4,EQNE
2013-03-15,651.5,651.5,600.0,619.7,220,134401.0,EQNE
2013-03-18,635.1,635.1,589.0,600.0,118,70964.6,EQNE
2013-03-19,587.0,615.0,555.6,594.2,327,188375.8,EQNE
2013-03-20,589.9,589.9,555.6,569.9,237,133740.4,EQNE
2013-03-21,576.3,576.3,545.0,550.0,178,98551.7,EQNE
2013-03-22,560.0,560.0,501.2,501.2,133,69236.5,EQNE
2013-03-25,533.0,533.0,492.0,500.0,58,29098.6,EQNE
2013-03-26,508.9,514.8,470.1,470.1,28,14197.9,EQNE
2013-03-28,519.8,519.8,519.8,519.8,1,519.8,EQNE
2013-03-29,493.2,548.6,493.1,515.0,43,21756.1,EQNE
2013-04-01,510.0,543.9,510.0,538.4,130,66873.5,EQNE
2013-04-02,491.1,624.9,480.0,580.0,449,256380.6,EQNE
2013-04-03,598.9,598.9,532.6,550.1,11,6082.4,EQNE
2013-04-04,534.3,588.9,505.2,520.1,194,99555.0,EQNE
2013-04-05,520.2,534.5,485.5,511.3,15,7685.1,EQNE
2013-04-08,480.0,500.1,480.0,500.1,12,5897.7,EQNE
2013-04-10,500.0,500.0,474.4,474.4,2,974.4,EQNE
2013-04-11,558.5,558.5,520.0,520.0,706,385025.1,EQNE
2013-04-12,502.7,549.0,502.7,549.0,2,1051.7,EQNE
2013-04-15,500.0,510.0,500.0,510.0,305,155500.2,EQNE
2013-04-16,482.2,499.0,480.0,499.0,43,20700.1,EQNE
2013-04-17,498.0,498.0,470.0,470.0,8,3788.0,EQNE
2013-04-19,450.0,638.0,445.0,638.0,69,37691.1,EQNE
2013-04-22,501.1,520.0,501.1,502.2,4,2025.6,EQNE
2013-04-24,510.0,510.0,510.0,510.0,1,510.0,EQNE
2013-04-25,530.0,530.0,530.0,530.0,1,530.0,EQNE
2013-04-30,530.0,530.0,520.0,520.0,2,1050.0,EQNE
2013-05-03,490.0,490.0,490.0,490.0,1,490.0,EQNE
2013-05-06,510.0,510.0,510.0,510.0,2,1020.0,EQNE
2013-05-07,510.1,510.1,510.1,510.1,4,2040.4,EQNE
2013-05-13,530.0,530.0,465.0,465.1,4,1990.1,EQNE
2013-05-15,444.1,559.9,444.1,559.9,2,1004.0,EQNE
2013-05-22,510.1,597.0,510.0,525.0,644,334202.9,EQNE
2013-05-23,475.2,513.0,475.2,513.0,40,20332.4,EQNE
2013-05-24,507.0,629.9,507.0,629.9,439,253723.1,EQNE
2013-05-27,595.0,595.0,595.0,595.0,34,20230.0,EQNE
2013-05-28,589.0,589.0,535.5,535.5,5,2731.0,EQNE
2013-05-29,589.9,589.9,589.9,589.9,1,589.9,EQNE
2013-05-31,589.8,589.8,529.1,589.0,113,65919.1,EQNE
2013-06-03,555.2,558.3,555.2,558.3,3,1668.7,EQNE
2013-06-05,530.0,534.4,530.0,534.4,4,2128.8,EQNE
2013-06-07,584.7,584.7,584.7,584.7,1,584.7,EQNE
2013-06-10,526.1,568.9,520.0,568.9,206,107195.0,EQNE
2013-06-11,511.3,511.3,511.3,511.3,1,511.3,EQNE
2013-06-14,598.9,599.0,598.9,599.0,160,95839.1,EQNE
2013-06-20,504.3,506.2,504.3,506.2,3,1514.8,EQNE
2013-06-21,578.9,580.0,578.9,580.0,155,89746.7,EQNE
2013-06-25,505.3,505.3,505.0,505.0,125,63139.5,EQNE
2013-06-26,505.0,505.0,505.0,505.0,3,1515.0,EQNE
2013-06-27,510.0,510.0,510.0,510.0,2,1020.0,EQNE
2013-06-28,569.7,569.7,569.7,569.7,1,569.7,EQNE
2013-07-01,508.4,508.4,500.0,501.1,25,12543.1,EQNE
2013-07-02,559.0,559.0,485.0,549.5,4,2103.5,EQNE
2013-07-03,507.5,569.9,507.5,569.9,127,64514.9,EQNE
2013-07-04,495.0,495.0,495.0,495.0,1,495.0,EQNE
2013-07-05,549.5,570.0,495.1,568.9,155,86666.4,EQNE
2013-07-08,503.6,503.6,503.6,503.6,1,503.6,EQNE
2013-07-09,492.0,492.0,492.0,492.0,1,492.0,EQNE
2013-07-12,545.0,547.0,492.1,492.1,6,3115.3,EQNE
2013-07-16,569.9,569.9,485.0,485.0,113,57107.5,EQNE
2013-07-17,547.5,555.0,547.5,555.0,161,88912.6,EQNE
2013-07-19,575.0,590.0,575.0,590.0,160,93339.0,EQNE
2013-07-23,503.5,529.8,500.0,529.8,203,102339.7,EQNE
2013-07-26,514.9,530.0,514.9,530.0,72,38106.7,EQNE
2013-08-19,491.8,548.1,475.6,510.0,114,57232.9,EQNE
2013-08-21,535.0,535.0,535.0,535.0,1,535.0,EQNE
2013-08-22,564.0,564.0,564.0,564.0,1,564.0,EQNE
2013-08-28,500.0,535.4,500.0,535.4,4,2075.4,EQNE
2013-08-30,549.7,549.7,487.0,529.9,153,74842.9,EQNE
2013-09-03,548.9,549.0,548.9,549.0,59,32390.8,TQNE
2013-09-04,490.0,534.9,490.0,534.9,35,17194.9,TQNE
2013-09-06,475.0,549.7,475.0,533.7,35,17235.4,TQNE
2013-09-12,470.0,500.0,460.0,500.0,78,37643.1,TQNE
2013-09-13,535.0,535.0,495.0,495.0,2,1030.0,TQNE
2013-09-16,497.0,497.0,497.0,497.0,3,1491.0,TQNE
2013-09-17,490.1,525.0,422.0,475.0,1432,650595.2,TQNE
2013-09-18,444.0,490.0,403.8,472.5,1622,690584.1,TQNE
2013-09-19,480.4,480.4,422.4,468.8,32,14205.0,TQNE
2013-09-20,435.1,450.0,401.0,417.5,1424,591043.2,TQNE
2013-09-23,420.5,421.0,406.5,410.0,263,110488.4,TQNE
2013-09-24,413.0,413.0,413.0,413.0,6,2478.0,TQNE
2013-09-25,405.0,405.0,404.9,404.9,26,10529.8,TQNE
2013-09-26,404.9,404.9,401.0,401.0,6,2421.6,TQNE
2013-09-27,392.0,392.0,390.0,390.0,26,10151.5,TQNE
2013-09-30,385.2,429.9,379.0,429.9,766,312367.5,TQNE
2013-10-01,398.0,398.0,398.0,398.0,2,796.0,TQNE
2013-10-02,373.3,373.3,373.3,373.3,7,2613.1,TQNE
2013-10-03,374.0,380.0,374.0,380.0,3,1128.0,TQNE
2013-10-04,387.0,427.7,369.6,427.7,144,60748.5,TQNE
2013-10-07,426.9,427.7,426.9,427.7,67,28639.9,TQNE
2013-10-09,428.0,428.0,376.0,377.7,73,28904.6,TQNE
2013-10-10,399.8,399.8,399.8,399.8,2,799.6,TQNE
2013-10-11,370.1,398.7,370.0,398.5,21,8311.8,TQNE
2013-10-18,388.5,400.0,377.0,396.4,82,31558.2,TQNE
2013-10-21,386.0,398.2,386.0,398.2,2,784.2,TQNE
2013-10-22,381.0,419.9,370.0,419.9,997,386167.2,TQNE
2013-10-23,377.5,377.5,355.0,365.2,76,27698.7,TQNE
2013-10-24,388.1,388.1,388.1,388.1,3,1164.3,TQNE
2013-10-25,378.0,394.0,378.0,394.0,100,39182.9,TQNE
2013-10-28,380.0,380.0,380.0,380.0,6,2280.0,TQNE
2013-10-29,391.0,391.0,385.0,385.0,3,1161.0,TQNE
2013-11-05,375.7,375.7,369.1,369.1,5,1864.5,TQNE
2013-11-06,374.9,374.9,374.9,374.9,6,2249.4,TQNE
2013-11-07,370.0,370.0,367.0,370.0,58,21451.0,TQNE
2013-11-14,374.6,374.6,334.0,334.0,27,9261.7,TQNE
2013-11-15,350.0,350.0,349.5,349.6,12,4197.4,TQNE
2013-11-18,340.1,346.0,300.1,346.0,123,39856.8,TQNE
2013-11-19,300.3,335.0,300.3,335.0,31,10124.3,TQNE
2013-11-20,330.0,330.0,307.0,317.0,211,66542.6,TQNE
2013-11-21,315.1,315.1,310.0,310.0,37,11623.0,TQNE
2013-11-22,310.0,310.0,310.0,310.0,4,1240.0,TQNE
2013-11-26,301.0,301.0,301.0,301.0,1,301.0,TQNE
2013-11-27,296.0,296.0,296.0,296.0,5,1480.0,TQNE
2013-11-28,271.2,300.0,271.1,300.0,6,1742.3,TQNE
2013-11-29,298.0,298.0,298.0,298.0,2,596.0,TQNE
2013-12-02,270.0,307.9,270.0,307.9,4,1147.9,TQNE
2013-12-03,320.0,320.0,310.0,310.0,2,630.0,TQNE
2013-12-04,314.9,314.9,314.9,314.9,1,314.9,TQNE
2013-12-06,270.3,341.9,270.3,341.9,13,4185.4,TQNE
2013-12-10,340.7,340.7,340.7,340.7,30,10221.0,TQNE
2013-12-11,291.0,300.3,291.0,300.3,6,1783.2,TQNE
2013-12-17,333.9,333.9,326.0,326.0,2,659.9,TQNE
2013-12-19,332.6,332.6,329.2,329.2,2,661.8,TQNE
2013-12-20,304.0,326.0,300.3,326.0,14,4320.8,TQNE
2013-12-23,301.0,301.0,300.0,300.0,2,601.0,TQNE
2013-12-24,314.4,321.3,314.4,320.0,10,3201.7,TQNE
2013-12-26,320.0,320.0,320.0,320.0,1,320.0,TQNE
2013-12-27,320.0,348.7,320.0,348.7,10,3382.0,TQNE
2013-12-30,346.5,347.5,346.5,347.5,6,2082.0,TQNE
2014-01-08,330.0,330.1,330.0,330.1,2,660.1,TQNE
2014-01-10,333.0,335.0,333.0,333.0,3,1001.0,TQNE
2014-01-20,302.0,303.3,302.0,303.3,26,7866.3,TQNE
2014-01-21,263.0,327.9,262.9,327.9,9,2711.1,TQNE
2014-01-23,310.0,320.0,310.0,320.0,1001,310820.0,TQNE
2014-01-24,338.9,392.7,320.0,333.0,19,6549.1,TQNE
2014-01-29,303.4,337.6,303.4,337.6,11,3428.2,TQNE
2014-01-30,335.6,335.6,335.6,335.6,4,1342.4,TQNE
2014-01-31,320.0,320.0,320.0,320.0,1,320.0,TQNE
2014-02-03,305.0,305.0,273.0,279.9,305,85192.7,TQNE
2014-02-04,266.0,266.0,244.9,258.9,1759,446141.8,TQNE
2014-02-05,242.1,250.0,220.0,225.5,1715,400369.1,TQNE
2014-02-06,236.0,236.0,225.0,229.0,569,128348.4,TQNE
2014-02-07,229.0,229.0,225.0,226.9,9,2033.4,TQNE
2014-02-10,231.9,240.0,225.3,239.9,67,16000.7,TQNE
2014-02-11,244.9,250.0,233.7,233.7,61,14893.1,TQNE
2014-02-12,238.9,269.0,237.0,265.0,980,251575.1,TQNE
2014-02-13,269.0,269.0,250.0,257.4,63,16504.5,TQNE
2014-02-14,265.0,274.7,250.6,264.0,96,25253.7,TQNE
2014-02-18,273.0,273.0,260.0,271.8,12,3168.6,TQNE
2014-02-19,252.3,270.6,251.0,259.0,25,6423.9,TQNE
2014-02-20,251.6,251.6,249.1,249.1,19,4753.9,TQNE
2014-02-21,268.2,269.4,255.1,264.8,11,2919.4,TQNE
2014-02-24,274.9,279.0,273.0,279.0,338,92868.1,TQNE
2014-02-25,283.9,294.0,281.5,293.3,175,50566.0,TQNE
2014-02-26,285.0,295.0,281.1,294.9,342,100561.6,TQNE
2014-02-27,293.3,293.3,260.0,269.9,303,80853.7,TQNE
2014-02-28,277.7,284.8,258.0,276.5,135,35299.4,TQNE
2014-03-03,248.8,272.4,210.0,230.0,319,73335.5,TQNE
2014-03-04,248.9,248.9,222.0,231.0,137,31329.3,TQNE
2014-03-05,227.0,231.0,216.0,231.0,274,60771.1,TQNE
2014-03-06,220.2,220.2,220.0,220.0,68,14960.3,TQNE
2014-03-07,212.2,223.0,212.2,223.0,7,1543.5,TQNE
2014-03-11,212.2,221.0,212.2,221.0,84,18476.2,TQNE
2014-03-13,220.3,225.0,220.0,225.0,64,14091.4,TQNE
2014-03-14,220.1,226.0,219.9,226.0,545,119932.6,TQNE
2014-03-18,222.5,231.0,222.4,231.0,34,7610.2,TQNE
2014-03-19,232.0,237.0,230.0,237.0,36,8461.0,TQNE
2014-03-20,238.0,238.0,238.0,238.0,52,12376.0,TQNE
2014-03-21,239.0,239.6,221.1,230.0,27,6416.4,TQNE
2014-03-25,230.0,230.0,230.0,230.0,11,2530.0,TQNE
2014-03-26,235.0,235.0,234.0,234.0,16,3758.0,TQNE
2014-03-27,230.0,235.1,230.0,234.0,17,3962.3,TQNE
2014-03-28,234.9,234.9,230.0,230.0,8,1844.9,TQNE
2014-03-31,220.6,236.0,220.6,236.0,30,6917.3,TQNE
2014-04-01,229.9,230.1,229.9,230.0,21,4830.1,TQNE
2014-04-02,235.8,236.0,222.0,222.0,88,19677.1,TQNE
2014-04-03,222.2,225.0,210.0,215.6,231,50003.5,TQNE
2014-04-04,213.0,213.0,213.0,213.0,3,639.0,TQNE
2014-04-07,200.1,218.8,200.1,218.8,16,3259.0,TQNE
2014-04-08,220.0,225.0,203.0,205.1,156,34008.1,TQNE
2014-04-09,221.9,222.0,220.0,220.0,4,883.9,TQNE
2014-04-10,220.0,220.0,220.0,220.0,4,880.0,TQNE
2014-04-17,219.8,226.0,219.8,226.0,4,891.8,TQNE
2014-04-18,220.1,220.1,220.0,220.0,8,1760.1,TQNE
2014-04-21,220.0,220.0,220.0,220.0,10,2200.0,TQNE
2014-04-24,215.1,219.9,210.1,219.9,21,4491.9,TQNE
2014-05-02,205.0,205.0,205.0,205.0,1,205.0,TQNE
2014-05-05,220.0,220.0,202.0,202.0,3,624.0,TQNE
2014-05-07,203.0,203.0,203.0,203.0,1,203.0,TQNE
2014-05-08,210.0,210.0,210.0,210.0,2,420.0,TQNE
2014-05-13,219.9,272.0,219.9,250.1,489,123634.2,TQNE
2014-05-14,255.6,255.6,251.5,251.5,26,6641.5,TQNE
2014-05-16,254.9,269.3,250.0,269.3,22,5661.0,TQNE
2014-05-19,250.0,254.6,250.0,254.6,50,12505.7,TQNE
2014-05-21,251.0,251.0,250.2,250.2,11,2760.2,TQNE
2014-05-23,248.0,252.0,248.0,252.0,60,14951.5,TQNE
2014-06-02,253.7,253.7,248.1,248.1,23,5755.3,TQNE
2014-06-03,230.0,230.0,230.0,230.0,4,920.0,TQNE
2014-06-05,223.2,223.2,223.2,223.2,2,446.4,TQNE
2014-06-06,264.6,264.6,264.6,264.6,1,264.6,TQNE
2014-06-19,225.0,227.0,225.0,227.0,4,902.0,TQBR
2014-06-20,216.3,268.0,216.2,268.0,72,17133.6,TQBR
2014-06-23,269.8,269.8,269.8,269.8,1,269.8,TQBR
2014-07-01,200.7,269.8,200.7,269.8,4,973.3,TQBR
2014-07-02,269.8,289.0,212.1,289.0,64,17208.8,TQBR
2014-07-03,269.8,274.9,245.0,245.0,66,17621.1,TQBR
2014-07-04,220.1,276.8,220.1,276.8,13,2984.6,TQBR
2014-07-07,279.9,279.9,279.7,279.7,8,2238.6,TQBR
2014-07-08,279.8,285.0,279.8,285.0,56,15689.1,TQBR
2014-07-09,284.0,284.0,284.0,284.0,2,568.0,TQBR
2014-07-10,348.0,348.0,287.1,287.1,6,2027.1,TQBR
2014-07-11,260.0,330.0,234.7,330.0,343,104971.4,TQBR
2014-07-14,285.0,285.0,285.0,285.0,1,285.0,TQBR
2014-07-17,270.0,270.0,270.0,270.0,2,540.0,TQBR
2014-07-23,213.3,213.3,213.3,213.3,11,2346.3,TQBR
2014-07-24,213.1,310.0,213.1,310.0,793,238146.2,TQBR
2014-08-01,240.1,309.9,240.1,309.9,3,859.9,TQBR
2014-08-04,226.3,226.3,226.2,226.2,5,1131.1,TQBR
2014-08-05,237.0,237.0,237.0,237.0,1,237.0,TQBR
2014-08-08,295.0,329.0,295.0,325.5,14,4428.0,TQBR
2014-08-11,240.7,240.7,240.6,240.6,4,962.6,TQBR
2014-08-14,235.0,237.0,235.0,237.0,10,2352.0,TQBR
2014-08-21,287.0,290.0,285.9,290.0,12,3452.9,TQBR
2014-08-22,329.9,372.5,310.0,310.0,15,4732.5,TQBR
2014-08-29,317.9,345.0,317.9,345.0,91,30405.9,TQBR
2014-09-01,345.0,345.0,260.1,337.0,16,5257.7,TQBR
2014-09-04,296.2,329.7,288.0,288.0,32,10475.2,TQBR
2014-09-08,300.0,333.0,300.0,333.0,21,6794.0,TQBR
2014-09-18,368.3,368.3,368.3,368.3,52,19151.6,TQBR
2014-09-25,268.3,268.3,268.3,268.3,1,268.3,TQBR
2014-09-26,265.6,265.6,265.6,265.6,2,531.2,TQBR
2014-09-29,330.0,372.5,330.0,372.5,9,3310.0,TQBR
2014-10-09,280.0,280.0,280.0,280.0,1,280.0,TQBR
2014-10-13,280.0,280.0,271.0,271.0,18,4995.0,TQBR
2014-10-14,271.0,290.0,271.0,290.0,24,6579.0,TQBR
2014-10-15,320.0,320.0,290.0,290.0,376,109070.0,TQBR
2014-10-20,290.0,290.0,290.0,290.0,10,2900.0,TQBR
2014-10-22,290.0,290.0,290.0,290.0,115,33350.0,TQBR
2014-10-27,273.0,273.0,272.0,272.0,21,5715.0,TQBR
2014-10-31,321.0,321.0,321.0,321.0,1,321.0,TQBR
2014-11-03,271.0,296.0,271.0,296.0,4,1116.0,TQBR
2014-11-10,270.0,270.0,270.0,270.0,1,270.0,TQBR
2014-11-11,270.0,273.0,269.0,272.0,262,71292.0,TQBR
2014-11-12,309.0,319.0,305.0,305.0,31,9703.0,TQBR
2014-11-18,295.0,295.0,295.0,295.0,1,295.0,TQBR
2014-11-20,275.0,275.0,275.0,275.0,1,275.0,TQBR
2014-11-21,275.0,275.0,275.0,275.0,1,275.0,TQBR
2014-11-25,255.0,279.0,221.0,279.0,319,74785.0,TQBR
2014-11-26,269.0,270.0,269.0,270.0,31,8361.0,TQBR
2014-11-27,270.0,273.0,270.0,273.0,5,1361.0,TQBR
2014-11-28,275.0,275.0,270.0,270.0,7,1895.0,TQBR
2014-12-01,280.0,280.0,280.0,280.0,7,1960.0,TQBR
2014-12-02,277.0,278.0,277.0,278.0,26,7227.0,TQBR
2014-12-04,278.0,278.0,265.0,265.0,4,1099.0,TQBR
2014-12-05,278.0,278.0,260.0,260.0,2,538.0,TQBR
2014-12-08,247.0,247.0,230.0,230.0,86,20986.0,TQBR
2014-12-09,253.0,285.0,239.0,285.0,272,73139.0,TQBR
2014-12-10,245.0,255.0,245.0,253.0,25,6208.0,TQBR
2014-12-12,269.0,295.0,269.0,295.0,6,1719.0,TQBR
2014-12-15,246.0,246.0,217.0,217.0,53,11921.0,TQBR
2014-12-16,226.0,226.0,155.0,180.0,301,56802.0,TQBR
2014-12-17,190.0,208.0,180.0,208.0,55,10747.0,TQBR
2014-12-18,209.0,236.0,209.0,236.0,3,680.0,TQBR
2014-12-19,241.0,241.0,241.0,241.0,1,241.0,TQBR
2014-12-24,203.0,260.0,181.0,260.0,69,15253.0,TQBR
2014-12-25,222.0,230.0,201.0,201.0,43,9230.0,TQBR
2014-12-26,250.0,250.0,224.0,228.0,507,126677.0,TQBR
2015-01-05,207.0,240.0,206.0,240.0,25,5905.0,TQBR
2015-01-06,220.0,259.0,220.0,232.0,13,3244.0,TQBR
2015-01-08,235.0,235.0,235.0,235.0,1,235.0,TQBR
2015-01-09,225.0,225.0,215.0,215.0,6,1323.0,TQBR
2015-01-12,249.0,252.0,230.0,230.0,14,3486.0,TQBR
2015-01-15,231.0,231.0,220.0,230.0,20,4527.0,TQBR
2015-01-19,241.0,241.0,241.0,241.0,1,241.0,TQBR
2015-01-20,230.0,230.0,229.0,229.0,5,1146.0,TQBR
2015-01-22,244.0,247.0,244.0,247.0,4,985.0,TQBR
2015-01-23,230.0,255.0,210.0,249.0,57,13420.0,TQBR
2015-01-27,234.0,234.0,230.0,230.0,103,23995.0,TQBR
2015-01-28,255.0,260.0,230.0,249.0,161,39200.0,TQBR
2015-01-29,231.0,231.0,220.0,220.0,50,11116.0,TQBR
2015-01-30,260.0,275.0,247.0,275.0,126,33901.0,TQBR
2015-02-02,284.0,284.0,246.0,246.0,3,776.0,TQBR
2015-02-03,250.0,250.0,250.0,250.0,1,250.0,TQBR
2015-02-06,278.0,349.0,265.0,349.0,3872,1249522.0,TQBR
2015-02-09,386.0,386.0,290.0,311.0,732,234162.0,TQBR
2015-02-10,364.0,365.0,300.0,300.0,232,76965.0,TQBR
2015-02-11,331.0,345.0,321.0,325.0,51,17074.0,TQBR
2015-02-12,273.0,350.0,233.0,320.0,213,57620.0,TQBR
2015-02-13,338.0,369.0,318.0,350.0,561,179795.0,TQBR
2015-02-16,350.0,350.0,345.0,349.0,12,4194.0,TQBR
2015-02-17,340.0,360.0,340.0,360.0,11,3844.0,TQBR
2015-02-18,353.0,353.0,340.0,340.0,8,2788.0,TQBR
2015-02-19,366.0,375.0,363.0,363.0,34,12423.0,TQBR
2015-02-24,370.0,374.0,370.0,372.0,154,57481.0,TQBR
2015-02-25,390.0,390.0,313.0,360.0,126,45017.0,TQBR
2015-02-26,321.0,335.0,318.0,335.0,20,6566.0,TQBR
2015-02-27,357.0,357.0,357.0,357.0,1,357.0,TQBR
2015-03-02,350.0,358.0,350.0,358.0,215,75369.0,TQBR
2015-03-03,357.0,361.0,357.0,361.0,148,53221.0,TQBR
2015-03-04,365.0,370.0,365.0,370.0,37,13655.0,TQBR
2015-03-05,400.0,400.0,370.0,370.0,18,7170.0,TQBR
2015-03-06,345.0,396.0,345.0,396.0,7,2632.0,TQBR
2015-03-10,341.0,385.0,280.0,349.0,1177,392997.0,TQBR
2015-03-11,348.0,349.0,341.0,348.0,14,4807.0,TQBR
2015-03-13,352.0,353.0,340.0,340.0,24,8190.0,TQBR
2015-03-16,340.0,365.0,340.0,350.0,70,24278.0,TQBR
2015-03-18,340.0,359.0,340.0,340.0,8,2778.0,TQBR
2015-03-20,340.0,387.0,340.0,360.0,360,124215.0,TQBR
2015-03-23,399.0,407.0,355.0,371.0,149,56820.0,TQBR
2015-03-24,380.0,415.0,370.0,390.0,378,145940.0,TQBR
2015-03-25,410.0,440.0,404.0,404.0,715,294717.0,TQBR
2015-03-26,424.0,445.0,391.0,391.0,1211,517642.0,TQBR
2015-03-27,397.0,397.0,397.0,397.0,14,5558.0,TQBR
2015-03-30,429.0,430.0,400.0,400.0,252,100860.0,TQBR
2015-03-31,419.0,425.0,419.0,423.0,9,3810.0,TQBR
2015-04-01,410.0,425.0,391.0,391.0,9,3726.0,TQBR
2015-04-02,400.0,402.0,399.0,400.0,536,214430.0,TQBR
2015-04-03,405.0,429.0,400.0,429.0,329,131744.0,TQBR
2015-04-06,391.0,400.0,390.0,400.0,285,112979.0,TQBR
2015-04-07,410.0,410.0,410.0,410.0,11,4510.0,TQBR
2015-04-08,411.0,430.0,410.0,420.0,353,148230.0,TQBR
2015-04-10,411.0,419.0,400.0,418.0,315,129495.0,TQBR
2015-04-13,411.0,430.0,410.0,425.0,699,291741.0,TQBR
2015-04-14,410.0,430.0,410.0,430.0,273,114895.0,TQBR
2015-04-15,411.0,440.0,411.0,430.0,39,16797.0,TQBR
2015-04-20,438.0,438.0,429.0,429.0,109,47121.0,TQBR
2015-04-21,443.0,443.0,413.0,429.0,12,5128.0,TQBR
2015-04-22,434.0,434.0,425.0,425.0,15,6465.0,TQBR
2015-04-23,425.0,425.0,416.0,416.0,74,31100.0,TQBR
2015-04-24,415.0,422.0,415.0,422.0,240,100440.0,TQBR
2015-04-27,421.0,423.0,415.0,416.0,427,178362.0,TQBR
2015-04-28,411.0,420.0,410.0,420.0,228,94260.0,TQBR
2015-05-05,406.0,415.0,406.0,415.0,4,1651.0,TQBR
2015-05-06,410.0,415.0,410.0,415.0,2,825.0,TQBR
2015-05-07,410.0,415.0,405.0,415.0,67,27474.0,TQBR
2015-05-08,390.0,429.0,342.0,429.0,2501,856694.0,TQBR
2015-05-12,430.0,430.0,411.0,411.0,22,9441.0,TQBR
2015-05-13,410.0,410.0,410.0,410.0,1,410.0,TQBR
2015-05-18,430.0,445.0,420.0,420.0,22,9285.0,TQBR
2015-05-19,411.0,445.0,411.0,444.0,638,271416.0,TQBR
2015-05-20,411.0,428.0,410.0,428.0,666,275799.0,TQBR
2015-05-21,410.0,410.0,399.0,400.0,151,60647.0,TQBR
2015-05-22,390.0,390.0,390.0,390.0,5,1950.0,TQBR
2015-05-25,410.0,429.0,410.0,429.0,12,5052.0,TQBR
2015-05-28,401.0,410.0,400.0,410.0,22,8811.0,TQBR
2015-06-01,390.0,430.0,390.0,401.0,14,5947.0,TQBR
2015-06-02,391.0,449.0,391.0,439.0,6,2598.0,TQBR
2015-06-03,420.0,420.0,420.0,420.0,1,420.0,TQBR
2015-06-08,411.0,411.0,411.0,411.0,1,411.0,TQBR
2015-06-10,425.0,425.0,411.0,411.0,2,836.0,TQBR
2015-06-16,411.0,412.0,411.0,412.0,32,13183.0,TQBR
2015-06-17,420.0,420.0,420.0,420.0,2,840.0,TQBR
2015-06-18,412.0,412.0,395.0,395.0,20,8189.0,TQBR
2015-06-19,428.0,430.0,428.0,430.0,11,4726.0,TQBR
2015-06-22,420.0,462.0,420.0,460.0,86,39224.0,TQBR
2015-06-23,433.0,494.0,433.0,480.0,300,145944.0,TQBR
2015-06-24,480.0,480.0,480.0,480.0,99,47520.0,TQBR
2015-06-25,470.0,470.0,450.0,450.0,22,10060.0,TQBR
2015-06-26,450.0,460.0,450.0,460.0,18,8110.0,TQBR
2015-06-29,439.0,439.0,427.0,427.0,14,6032.0,TQBR
2015-06-30,424.0,429.0,400.0,429.0,35,14285.0,TQBR
2015-07-01,404.0,440.0,395.0,400.0,364,147142.0,TQBR
2015-07-02,394.0,412.0,394.0,412.0,738,302449.0,TQBR
2015-07-08,411.0,411.0,411.0,411.0,3,1233.0,TQBR
2015-07-09,419.0,419.0,419.0,419.0,1,419.0,TQBR
2015-07-10,400.0,419.0,400.0,400.0,809,323818.0,TQBR
2015-07-13,430.0,550.0,391.0,509.0,1841,753303.0,TQBR
2015-07-14,510.0,530.0,490.0,519.0,41,21114.0,TQBR
2015-07-15,510.0,590.0,510.0,590.0,400,218731.0,TQBR
2015-07-16,590.0,591.0,530.0,545.0,116,64773.0,TQBR
2015-07-17,530.0,550.0,530.0,550.0,50,26580.0,TQBR
2015-07-20,530.0,535.0,530.0,535.0,74,39240.0,TQBR
2015-07-21,527.0,530.0,510.0,530.0,69,35690.0,TQBR
2015-07-23,492.0,515.0,490.0,490.0,45,22559.0,TQBR
2015-07-24,491.0,500.0,475.0,500.0,886,421301.0,TQBR
2015-07-27,471.0,530.0,411.0,490.0,672,327779.0,TQBR
2015-07-29,490.0,490.0,490.0,490.0,6,2940.0,TQBR
2015-07-30,509.0,530.0,509.0,530.0,13,6709.0,TQBR
2015-07-31,530.0,587.0,530.0,587.0,172,97846.0,TQBR
2015-08-03,553.0,553.0,470.0,511.0,68,35047.0,TQBR
2015-08-04,530.0,530.0,493.0,501.0,29,14713.0,TQBR
2015-08-05,502.0,516.0,491.0,516.0,24,11946.0,TQBR
2015-08-06,507.0,511.0,507.0,511.0,14,7102.0,TQBR
2015-08-07,511.0,511.0,493.0,493.0,32,16236.0,TQBR
2015-08-10,493.0,493.0,493.0,493.0,2,986.0,TQBR
2015-08-11,492.0,510.0,492.0,492.0,27,13333.0,TQBR
2015-08-12,493.0,502.0,493.0,502.0,6,2975.0,TQBR
2015-08-13,508.0,508.0,491.0,491.0,22,10976.0,TQBR
2015-08-14,509.0,550.0,509.0,531.0,89,47297.0,TQBR
2015-08-17,549.0,550.0,545.0,545.0,72,39589.0,TQBR
2015-08-18,540.0,540.0,540.0,540.0,10,5400.0,TQBR
2015-08-19,550.0,649.0,550.0,600.0,111,65452.0,TQBR
2015-08-20,592.0,600.0,511.0,590.0,210,124356.0,TQBR
2015-08-21,607.0,825.0,604.0,799.0,523,360672.0,TQBR
2015-08-24,704.0,704.0,653.0,653.0,78,52986.0,TQBR
2015-08-25,709.0,713.0,602.0,602.0,23,16154.0,TQBR
2015-08-27,612.0,649.0,612.0,649.0,3,1910.0,TQBR
2015-08-28,713.0,713.0,713.0,713.0,5,3565.0,TQBR
2015-08-31,616.0,702.0,612.0,702.0,346,216044.0,TQBR
2015-09-01,651.0,703.0,619.0,669.0,195,125283.0,TQBR
2015-09-02,652.0,683.0,620.0,640.0,217,135070.0,TQBR
2015-09-03,649.0,730.0,649.0,689.0,464,331397.0,TQBR
2015-09-04,734.0,735.0,642.0,660.0,1452,967595.0,TQBR
2015-09-07,629.0,659.0,629.0,649.0,22,14280.0,TQBR
2015-09-08,676.0,719.0,669.0,691.0,1882,1297983.0,TQBR
2015-09-09,667.0,667.0,623.0,650.0,2220,1437553.0,TQBR
2015-09-10,679.0,709.0,636.0,669.0,899,598918.0,TQBR
2015-09-11,666.0,670.0,635.0,670.0,544,356797.0,TQBR
2015-09-14,661.0,730.0,638.0,665.0,237,165087.0,TQBR
2015-09-15,665.0,680.0,655.0,680.0,116,77025.0,TQBR
2015-09-16,719.0,750.0,658.0,660.0,457,310045.0,TQBR
2015-09-17,679.0,720.0,662.0,662.0,738,509609.0,TQBR
2015-09-18,674.0,700.0,599.0,640.0,1143,755708.0,TQBR
2015-09-21,650.0,650.0,650.0,650.0,2,1300.0,TQBR
2015-09-22,656.0,658.0,635.0,654.0,12,7812.0,TQBR
2015-09-23,651.0,651.0,641.0,649.0,3,1941.0,TQBR
2015-09-24,643.0,649.0,622.0,649.0,12,7617.0,TQBR
2015-09-25,654.0,680.0,641.0,641.0,783,531490.0,TQBR
2015-09-28,637.0,654.0,627.0,631.0,21,13392.0,TQBR
2015-09-29,627.0,627.0,622.0,622.0,2,1249.0,TQBR
2015-09-30,630.0,630.0,612.0,628.0,95,59499.0,TQBR
2015-10-01,617.0,630.0,601.0,619.0,64,39394.0,TQBR
2015-10-02,607.0,610.0,600.0,610.0,57,34345.0,TQBR
2015-10-05,591.0,626.0,570.0,626.0,32,18786.0,TQBR
2015-10-06,588.0,623.0,558.0,597.0,99,58015.0,TQBR
2015-10-07,604.0,605.0,563.0,575.0,524,316786.0,TQBR
2015-10-08,587.0,593.0,570.0,590.0,27,15542.0,TQBR
2015-10-09,594.0,625.0,578.0,617.0,723,443935.0,TQBR
2015-10-12,601.0,601.0,573.0,594.0,24,13946.0,TQBR
2015-10-13,590.0,607.0,590.0,607.0,297,175281.0,TQBR
2015-10-14,600.0,607.0,580.0,580.0,153,91983.0,TQBR
2015-10-16,578.0,623.0,577.0,601.0,92,55848.0,TQBR
2015-10-19,601.0,601.0,579.0,591.0,3,1771.0,TQBR
2015-10-20,599.0,599.0,599.0,599.0,1,599.0,TQBR
2015-10-21,597.0,597.0,429.0,589.0,90,48502.0,TQBR
2015-10-22,581.0,587.0,570.0,587.0,12,6952.0,TQBR
2015-10-26,599.0,609.0,599.0,600.0,15,8996.0,TQBR
2015-10-27,591.0,598.0,591.0,598.0,2,1189.0,TQBR
2015-10-28,609.0,609.0,609.0,609.0,1,609.0,TQBR
2015-10-30,591.0,591.0,575.0,586.0,5,2933.0,TQBR
2015-11-02,586.0,612.0,586.0,610.0,5,2993.0,TQBR
2015-11-05,601.0,601.0,601.0,601.0,1,601.0,TQBR
2015-11-06,591.0,591.0,574.0,574.0,26,15196.0,TQBR
2015-11-09,575.0,626.0,567.0,595.0,395,235938.0,TQBR
2015-11-10,581.0,614.0,581.0,604.0,622,372556.0,TQBR
2015-11-11,591.0,598.0,591.0,598.0,2,1189.0,TQBR
2015-11-12,606.0,606.0,606.0,606.0,1,606.0,TQBR
2015-11-17,606.0,635.0,606.0,635.0,193,120277.0,TQBR
2015-11-18,626.0,629.0,604.0,629.0,759,471182.0,TQBR
2015-11-20,607.0,607.0,607.0,607.0,1,607.0,TQBR
2015-11-23,618.0,738.0,618.0,645.0,293,187565.0,TQBR
2015-11-24,645.0,645.0,630.0,630.0,2,1275.0,TQBR
2015-11-25,644.0,644.0,640.0,640.0,3,1924.0,TQBR
2015-11-26,625.0,639.0,620.0,639.0,3,1884.0,TQBR
2015-11-27,620.0,638.0,620.0,638.0,3,1885.0,TQBR
2015-11-30,624.0,624.0,600.0,601.0,13,7862.0,TQBR
2015-12-01,599.0,617.0,599.0,607.0,20,12150.0,TQBR
2015-12-02,607.0,617.0,593.0,617.0,47,27909.0,TQBR
2015-12-03,607.0,636.0,575.0,620.0,103,62825.0,TQBR
2015-12-04,621.0,629.0,621.0,629.0,13,8157.0,TQBR
2015-12-07,630.0,630.0,550.0,594.0,1096,678027.0,TQBR
2015-12-08,595.0,604.0,550.0,604.0,3,1749.0,TQBR
2015-12-09,582.0,615.0,555.0,615.0,518,298292.0,TQBR
2015-12-14,603.0,603.0,550.0,592.0,111,62200.0,TQBR
2015-12-15,590.0,625.0,590.0,625.0,86,52225.0,TQBR
2015-12-16,610.0,618.0,610.0,618.0,2,1228.0,TQBR
2015-12-17,610.0,641.0,610.0,630.0,215,134673.0,TQBR
2015-12-18,627.0,627.0,609.0,611.0,58,35484.0,TQBR
2015-12-21,604.0,604.0,521.0,586.0,74,41398.0,TQBR
2015-12-22,581.0,585.0,540.0,585.0,34,18602.0,TQBR
2015-12-23,584.0,624.0,584.0,599.0,139,84769.0,TQBR
2015-12-25,598.0,635.0,597.0,635.0,32,20133.0,TQBR
2015-12-28,605.0,605.0,605.0,605.0,1,605.0,TQBR
2016-01-06,577.0,657.0,577.0,645.0,495,314040.0,TQBR
2016-01-11,604.0,604.0,601.0,601.0,12,7215.0,TQBR
2016-01-12,601.0,601.0,598.0,598.0,13,7809.0,TQBR
2016-01-13,601.0,601.0,601.0,601.0,1,601.0,TQBR
2016-01-14,589.0,589.0,589.0,589.0,1,589.0,TQBR
2016-01-15,600.0,601.0,582.0,590.0,18,10686.0,TQBR
2016-01-20,590.0,597.0,576.0,597.0,9,5261.0,TQBR
2016-01-21,577.0,577.0,577.0,577.0,1,577.0,TQBR
2016-01-22,577.0,582.0,571.0,582.0,27,15445.0,TQBR
2016-01-25,574.0,611.0,573.0,590.0,160,94642.0,TQBR
2016-01-26,581.0,581.0,576.0,576.0,28,16133.0,TQBR
2016-01-27,571.0,583.0,538.0,583.0,6,3441.0,TQBR
2016-01-28,572.0,594.0,572.0,585.0,50,29330.0,TQBR
2016-01-29,594.0,594.0,594.0,594.0,1,594.0,TQBR
2016-02-01,587.0,588.0,531.0,573.0,10,5758.0,TQBR
2016-02-02,567.0,584.0,520.0,584.0,26,14734.0,TQBR
2016-02-03,578.0,580.0,544.0,580.0,33,18631.0,TQBR
2016-02-04,571.0,577.0,569.0,577.0,6,3436.0,TQBR
2016-02-09,563.0,577.0,556.0,577.0,4,2270.0,TQBR
2016-02-10,579.0,579.0,579.0,579.0,1,579.0,TQBR
2016-02-15,575.0,581.0,575.0,581.0,2,1156.0,TQBR
2016-02-16,583.0,583.0,568.0,583.0,23,13394.0,TQBR
2016-02-17,583.0,599.0,583.0,584.0,77,45453.0,TQBR
2016-02-18,599.0,615.0,597.0,614.0,65,39409.0,TQBR
2016-02-19,624.0,838.0,624.0,747.0,6680,4933462.0,TQBR
2016-02-20,730.0,867.0,701.0,735.0,3348,2619765.0,TQBR
2016-02-22,714.0,771.0,714.0,738.0,597,448452.0,TQBR
2016-02-24,744.0,748.0,650.0,685.0,2356,1628788.0,TQBR
2016-02-25,694.0,711.0,664.0,693.0,464,319250.0,TQBR
2016-02-26,693.0,696.0,650.0,677.0,719,485480.0,TQBR
2016-02-29,688.0,745.0,666.0,678.0,350,235957.0,TQBR
2016-03-01,679.0,695.0,607.0,638.0,1778,1139147.0,TQBR
2016-03-02,627.0,663.0,612.0,635.0,639,409288.0,TQBR
2016-03-03,623.0,671.0,615.0,630.0,2697,1685455.0,TQBR
2016-03-04,632.0,700.0,632.0,684.0,547,371401.0,TQBR
2016-03-07,673.0,679.0,642.0,655.0,279,183077.0,TQBR
2016-03-09,669.0,670.0,630.0,648.0,471,302498.0,TQBR
2016-03-10,654.0,654.0,625.0,650.0,1995,1289239.0,TQBR
2016-03-11,658.0,658.0,633.0,633.0,394,256685.0,TQBR
2016-03-14,631.0,648.0,631.0,637.0,7,4463.0,TQBR
2016-03-15,633.0,654.0,600.0,649.0,43,27356.0,TQBR
2016-03-16,658.0,688.0,646.0,663.0,219,144574.0,TQBR
2016-03-17,660.0,700.0,630.0,683.0,278,188543.0,TQBR
2016-03-18,689.0,689.0,664.0,664.0,35,23471.0,TQBR
2016-03-21,667.0,668.0,666.0,666.0,13,8671.0,TQBR
2016-03-22,683.0,705.0,673.0,673.0,9,6197.0,TQBR
2016-03-23,683.0,684.0,673.0,673.0,12,8187.0,TQBR
2016-03-24,684.0,684.0,622.0,664.0,54,36049.0,TQBR
2016-03-25,642.0,663.0,640.0,663.0,213,138216.0,TQBR
2016-03-28,668.0,676.0,650.0,658.0,61,40487.0,TQBR
2016-03-29,658.0,665.0,628.0,638.0,96,63013.0,TQBR
2016-03-30,637.0,657.0,636.0,650.0,22,14237.0,TQBR
2016-03-31,650.0,715.0,650.0,690.0,873,603131.0,TQBR
2016-04-01,682.0,709.0,663.0,687.0,10,6872.0,TQBR
2016-04-04,686.0,850.0,618.0,666.0,591,386179.0,TQBR
2016-04-05,669.0,669.0,650.0,664.0,5,3285.0,TQBR
2016-04-06,654.0,674.0,640.0,653.0,62,40236.0,TQBR
2016-04-07,653.0,665.0,630.0,647.0,73,46604.0,TQBR
2016-04-08,653.0,684.0,635.0,673.0,15,9838.0,TQBR
2016-04-11,668.0,670.0,636.0,655.0,63,41612.0,TQBR
2016-04-12,638.0,664.0,637.0,664.0,12,7794.0,TQBR
2016-04-13,653.0,678.0,643.0,658.0,90,59673.0,TQBR
2016-04-14,648.0,650.0,620.0,638.0,94,59495.0,TQBR
2016-04-15,626.0,648.0,616.0,648.0,37,23624.0,TQBR
2016-04-18,644.0,679.0,639.0,648.0,79,51223.0,TQBR
2016-04-19,634.0,655.0,628.0,637.0,46,29643.0,TQBR
2016-04-20,616.0,658.0,616.0,647.0,74,47935.0,TQBR
2016-04-22,638.0,638.0,623.0,630.0,94,59104.0,TQBR
2016-04-25,648.0,648.0,611.0,621.0,104,64571.0,TQBR
2016-04-26,613.0,641.0,574.0,617.0,821,499423.0,TQBR
2016-04-27,595.0,601.0,592.0,601.0,313,187749.0,TQBR
2016-04-28,608.0,618.0,593.0,601.0,27,16151.0,TQBR
2016-04-29,575.0,605.0,575.0,593.0,301,181761.0,TQBR
2016-05-04,592.0,608.0,590.0,608.0,30,17737.0,TQBR
2016-05-05,590.0,608.0,590.0,608.0,11,6617.0,TQBR
2016-05-10,596.0,599.0,596.0,599.0,8,4771.0,TQBR
2016-05-11,599.0,599.0,599.0,599.0,1,599.0,TQBR
2016-05-12,598.0,658.0,585.0,585.0,187,114412.0,TQBR
2016-05-13,592.0,638.0,504.0,589.0,88,50929.0,TQBR
2016-05-16,598.0,598.0,598.0,598.0,7,4186.0,TQBR
2016-05-17,591.0,595.0,556.0,595.0,117,67750.0,TQBR
2016-05-18,575.0,585.0,575.0,585.0,7,4085.0,TQBR
2016-05-19,590.0,590.0,588.0,589.0,6,3534.0,TQBR
2016-05-20,639.0,639.0,504.0,570.0,267,146949.0,TQBR
2016-05-23,599.0,599.0,562.0,573.0,10,5722.0,TQBR
2016-05-24,557.0,557.0,545.0,550.0,39,21502.0,TQBR
2016-05-25,564.0,564.0,540.0,560.0,25,13691.0,TQBR
2016-05-26,584.0,584.0,529.0,579.0,72,39701.0,TQBR
2016-05-27,551.0,594.0,522.0,542.0,482,264814.0,TQBR
2016-05-30,523.0,562.0,523.0,562.0,6,3273.0,TQBR
2016-05-31,546.0,554.0,525.0,554.0,114,60082.0,TQBR
2016-06-01,574.0,574.0,538.0,555.0,6,3342.0,TQBR
2016-06-02,548.0,569.0,542.0,553.0,19,10406.0,TQBR
2016-06-03,540.0,564.0,540.0,564.0,3,1652.0,TQBR
2016-06-06,554.0,577.0,552.0,564.0,23,12809.0,TQBR
2016-06-07,553.0,593.0,538.0,551.0,161,90876.0,TQBR
2016-06-08,551.0,558.0,526.0,542.0,9,4940.0,TQBR
2016-06-09,544.0,544.0,544.0,544.0,2,1088.0,TQBR
2016-06-10,553.0,553.0,553.0,553.0,1,553.0,TQBR
2016-06-15,533.0,550.0,533.0,550.0,4,2170.0,TQBR
2016-06-16,553.0,553.0,514.0,533.0,10,5362.0,TQBR
2016-06-17,527.0,578.0,527.0,559.0,37,20244.0,TQBR
2016-06-20,545.0,545.0,538.0,538.0,47,25309.0,TQBR
2016-06-21,557.0,591.0,531.0,578.0,98,56541.0,TQBR
2016-06-22,541.0,559.0,539.0,559.0,11,5964.0,TQBR
2016-06-23,531.0,550.0,530.0,530.0,46,25126.0,TQBR
2016-06-24,521.0,523.0,500.0,505.0,220,111466.0,TQBR
2016-06-27,521.0,521.0,484.0,485.0,11,5499.0,TQBR
2016-06-28,498.0,530.0,490.0,490.0,28,14037.0,TQBR
2016-06-29,510.0,510.0,510.0,510.0,1,510.0,TQBR
2016-06-30,500.0,600.0,500.0,590.0,601,336520.0,TQBR
2016-07-01,541.0,565.0,541.0,564.0,280,155413.0,TQBR
2016-07-04,538.0,547.0,522.0,537.0,21,11337.0,TQBR
2016-07-05,549.0,560.0,545.0,545.0,92,51401.0,TQBR
2016-07-06,576.0,576.0,564.0,565.0,38,21478.0,TQBR
2016-07-08,537.0,585.0,481.0,585.0,27,14980.0,TQBR
2016-07-11,585.0,588.0,585.0,588.0,4,2349.0,TQBR
2016-07-13,571.0,594.0,513.0,578.0,13,7268.0,TQBR
2016-07-14,556.0,599.0,556.0,599.0,166,99116.0,TQBR
2016-07-15,558.0,614.0,557.0,614.0,77,46127.0,TQBR
2016-07-18,628.0,635.0,555.0,603.0,106,66976.0,TQBR
2016-07-19,556.0,608.0,556.0,608.0,69,40551.0,TQBR
2016-07-20,598.0,604.0,598.0,604.0,8,4792.0,TQBR
2016-07-22,605.0,658.0,604.0,658.0,98,60973.0,TQBR
2016-07-25,645.0,645.0,599.0,600.0,47,28357.0,TQBR
2016-07-26,587.0,591.0,576.0,591.0,5,2924.0,TQBR
2016-07-27,597.0,598.0,597.0,598.0,5,2988.0,TQBR
2016-07-28,598.0,598.0,580.0,580.0,2,1178.0,TQBR
2016-07-29,589.0,600.0,589.0,600.0,5,2989.0,TQBR
2016-08-01,633.0,633.0,573.0,600.0,40,23969.0,TQBR
2016-08-02,629.0,629.0,598.0,598.0,105,63022.0,TQBR
2016-08-05,610.0,610.0,574.0,597.0,388,230344.0,TQBR
2016-08-08,591.0,591.0,590.0,590.0,532,314357.0,TQBR
2016-08-09,576.0,576.0,558.0,570.0,124,70268.0,TQBR
2016-08-10,583.0,583.0,565.0,565.0,81,46178.0,TQBR
2016-08-11,564.0,564.0,563.0,563.0,5,2816.0,TQBR
2016-08-12,569.0,570.0,564.0,570.0,5,2833.0,TQBR
2016-08-15,562.0,569.0,527.0,554.0,275,151210.0,TQBR
2016-08-16,554.0,570.0,546.0,570.0,47,26148.0,TQBR
2016-08-17,556.0,556.0,537.0,554.0,73,39727.0,TQBR
2016-08-18,540.0,570.0,540.0,567.0,108,60737.0,TQBR
2016-08-19,542.0,543.0,533.0,543.0,146,78803.0,TQBR
2016-08-22,544.0,554.0,539.0,540.0,119,64267.0,TQBR
2016-08-23,537.0,538.0,533.0,538.0,23,12319.0,TQBR
2016-08-24,533.0,562.0,533.0,551.0,44,23608.0,TQBR
2016-08-25,534.0,539.0,534.0,539.0,80,43057.0,TQBR
2016-08-26,540.0,578.0,500.0,532.0,1526,818720.0,TQBR
2016-08-29,527.0,538.0,500.0,520.0,1142,580603.0,TQBR
2016-08-30,506.0,530.0,506.0,524.0,73,38275.0,TQBR
2016-08-31,530.0,598.0,530.0,577.0,756,433351.0,TQBR
2016-09-01,577.0,577.0,558.0,569.0,73,41534.0,TQBR
2016-09-02,564.0,564.0,561.0,561.0,4,2250.0,TQBR
2016-09-05,561.0,561.0,550.0,551.0,61,33709.0,TQBR
2016-09-06,551.0,551.0,541.0,550.0,49,26761.0,TQBR
2016-09-07,549.0,549.0,541.0,541.0,13,7063.0,TQBR
2016-09-08,541.0,546.0,540.0,540.0,37,20035.0,TQBR
2016-09-09,548.0,560.0,532.0,532.0,151,83407.0,TQBR
2016-09-12,542.0,542.0,521.0,530.0,195,103434.0,TQBR
2016-09-13,538.0,564.0,520.0,530.0,152,80428.0,TQBR
2016-09-14,534.0,536.0,520.0,530.0,39,20655.0,TQBR
2016-09-15,530.0,530.0,530.0,530.0,42,22260.0,TQBR
2016-09-16,525.0,539.0,506.0,529.0,24,12455.0,TQBR
2016-09-19,531.0,532.0,527.0,527.0,31,16427.0,TQBR
2016-09-20,509.0,541.0,508.0,541.0,41,21002.0,TQBR
2016-09-21,536.0,536.0,536.0,536.0,1,536.0,TQBR
2016-09-22,527.0,527.0,522.0,525.0,29,15173.0,TQBR
2016-09-23,523.0,530.0,506.0,524.0,16,8289.0,TQBR
2016-09-26,529.0,547.0,515.0,547.0,99,52526.0,TQBR
2016-09-27,550.0,558.0,522.0,527.0,6,3220.0,TQBR
2016-09-28,527.0,527.0,515.0,525.0,103,53183.0,TQBR
2016-09-29,557.0,557.0,515.0,524.0,163,84910.0,TQBR
2016-09-30,529.0,595.0,529.0,573.0,971,542936.0,TQBR
2016-10-03,572.0,578.0,510.0,547.0,176,93833.0,TQBR
2016-10-04,535.0,558.0,534.0,547.0,127,68638.0,TQBR
2016-10-05,565.0,565.0,530.0,535.0,25,13310.0,TQBR
2016-10-06,538.0,538.0,524.0,538.0,50,26330.0,TQBR
2016-10-07,511.0,541.0,511.0,541.0,131,69965.0,TQBR
2016-10-10,535.0,535.0,529.0,533.0,15,7972.0,TQBR
2016-10-11,555.0,555.0,524.0,534.0,65,34612.0,TQBR
2016-10-12,528.0,533.0,521.0,521.0,32,16859.0,TQBR
2016-10-13,527.0,547.0,527.0,540.0,51,27363.0,TQBR
2016-10-14,534.0,534.0,522.0,531.0,19,10036.0,TQBR
2016-10-18,533.0,536.0,533.0,533.0,13,6934.0,TQBR
2016-10-19,529.0,536.0,526.0,536.0,13,6891.0,TQBR
2016-10-21,530.0,530.0,519.0,523.0,15,7876.0,TQBR
2016-10-24,524.0,526.0,515.0,521.0,3032,1573624.0,TQBR
2016-10-26,502.0,530.0,502.0,530.0,37,19543.0,TQBR
2016-10-27,532.0,532.0,512.0,520.0,45,23243.0,TQBR
2016-10-28,524.0,570.0,522.0,528.0,42,23083.0,TQBR
2016-10-31,529.0,673.0,529.0,560.0,1546,887872.0,TQBR
2016-11-01,598.0,598.0,536.0,548.0,491,270628.0,TQBR
2016-11-02,559.0,568.0,541.0,558.0,185,103234.0,TQBR
2016-11-03,542.0,542.0,541.0,541.0,110,59522.0,TQBR
2016-11-07,555.0,585.0,540.0,574.0,321,182441.0,TQBR
2016-11-08,568.0,580.0,532.0,575.0,574,322655.0,TQBR
2016-11-09,547.0,578.0,545.0,578.0,256,144787.0,TQBR
2016-11-10,552.0,578.0,547.0,578.0,278,156801.0,TQBR
2016-11-11,553.0,593.0,550.0,589.0,508,291742.0,TQBR
2016-11-14,560.0,591.0,547.0,580.0,184,106510.0,TQBR
2016-11-15,558.0,579.0,553.0,566.0,167,94196.0,TQBR
2016-11-16,553.0,610.0,545.0,585.0,954,554330.0,TQBR
2016-11-17,556.0,572.0,556.0,572.0,28,15997.0,TQBR
2016-11-18,562.0,597.0,562.0,597.0,220,129610.0,TQBR
2016-11-21,580.0,610.0,570.0,575.0,139,80296.0,TQBR
2016-11-22,558.0,562.0,558.0,562.0,2,1120.0,TQBR
2016-11-23,558.0,558.0,558.0,558.0,1,558.0,TQBR
2016-11-24,563.0,625.0,563.0,570.0,627,373208.0,TQBR
2016-11-25,587.0,621.0,576.0,586.0,235,137699.0,TQBR
2016-11-28,585.0,610.0,566.0,590.0,718,425198.0,TQBR
2016-11-29,589.0,600.0,587.0,595.0,730,435837.0,TQBR
2016-11-30,598.0,631.0,585.0,602.0,2225,1357244.0,TQBR
2016-12-01,624.0,624.0,593.0,613.0,793,479673.0,TQBR
2016-12-02,611.0,622.0,608.0,622.0,63,38759.0,TQBR
2016-12-05,616.0,616.0,596.0,596.0,25,15205.0,TQBR
2016-12-06,598.0,645.0,595.0,619.0,409,255256.0,TQBR
2016-12-07,626.0,626.0,619.0,619.0,28,17405.0,TQBR
2016-12-08,625.0,625.0,618.0,625.0,23,14360.0,TQBR
2016-12-09,625.0,625.0,624.0,625.0,25,15624.0,TQBR
2016-12-12,625.0,626.0,590.0,611.0,383,233125.0,TQBR
2016-12-13,611.0,619.0,455.0,609.0,166,89045.0,TQBR
2016-12-14,616.0,617.0,610.0,614.0,10,6144.0,TQBR
2016-12-15,610.0,613.0,610.0,613.0,4,2446.0,TQBR
2016-12-16,617.0,655.0,617.0,620.0,546,344220.0,TQBR
2016-12-19,627.0,655.0,624.0,640.0,1080,700029.0,TQBR
2016-12-20,647.0,650.0,615.0,620.0,807,509557.0,TQBR
2016-12-21,631.0,632.0,603.0,623.0,277,167663.0,TQBR
2016-12-22,629.0,629.0,597.0,621.0,1110,680996.0,TQBR
2016-12-23,619.0,619.0,600.0,616.0,154,94040.0,TQBR
2016-12-26,612.0,614.0,607.0,610.0,275,167694.0,TQBR
2016-12-27,613.0,613.0,599.0,607.0,299,180927.0,TQBR
2016-12-28,610.0,623.0,610.0,620.0,43,26591.0,TQBR
2016-12-29,635.0,635.0,613.0,622.0,439,274944.0,TQBR
2016-12-30,631.0,643.0,609.0,643.0,370,234861.0,TQBR
2017-01-03,644.0,700.0,641.0,651.0,221,145357.0,TQBR
2017-01-04,660.0,660.0,647.0,651.0,283,184090.0,TQBR
2017-01-05,655.0,662.0,653.0,662.0,83,54774.0,TQBR
2017-01-06,662.0,694.0,650.0,687.0,487,326455.0,TQBR
2017-01-09,675.0,725.0,671.0,720.0,1855,1318469.0,TQBR
2017-01-10,720.0,725.0,692.0,705.0,451,321945.0,TQBR
2017-01-11,695.0,726.0,665.0,725.0,517,369719.0,TQBR
2017-01-12,726.0,748.0,675.0,717.0,1154,822595.0,TQBR
2017-01-13,717.0,721.0,710.0,721.0,294,211214.0,TQBR
2017-01-16,715.0,740.0,712.0,725.0,137,98639.0,TQBR
2017-01-17,718.0,731.0,685.0,731.0,508,364403.0,TQBR
2017-01-18,733.0,735.0,724.0,727.0,92,66805.0,TQBR
2017-01-19,732.0,732.0,711.0,725.0,100,72718.0,TQBR
2017-01-20,721.0,721.0,712.0,720.0,607,436784.0,TQBR
2017-01-23,720.0,738.0,712.0,725.0,453,328626.0,TQBR
2017-01-24,720.0,727.0,700.0,725.0,521,373127.0,TQBR
2017-01-25,725.0,725.0,718.0,725.0,408,295467.0,TQBR
2017-01-26,722.0,750.0,720.0,740.0,646,478552.0,TQBR
2017-01-27,738.0,744.0,736.0,740.0,309,228717.0,TQBR
2017-01-30,745.0,755.0,740.0,745.0,477,356023.0,TQBR
2017-01-31,747.0,770.0,744.0,764.0,1139,864014.0,TQBR
2017-02-01,769.0,790.0,740.0,755.0,1634,1232582.0,TQBR
2017-02-02,769.0,779.0,756.0,760.0,683,523126.0,TQBR
2017-02-03,763.0,764.0,755.0,762.0,320,242912.0,TQBR
2017-02-06,756.0,758.0,725.0,753.0,176,130203.0,TQBR
2017-02-07,755.0,755.0,701.0,755.0,346,255197.0,TQBR
2017-02-08,749.0,750.0,730.0,747.0,378,278648.0,TQBR
2017-02-09,739.0,747.0,739.0,745.0,414,307125.0,TQBR
2017-02-10,746.0,760.0,733.0,744.0,444,330014.0,TQBR
2017-02-13,747.0,769.0,735.0,745.0,589,440507.0,TQBR
2017-02-14,737.0,750.0,725.0,743.0,321,235809.0,TQBR
2017-02-15,740.0,742.0,735.0,742.0,267,197620.0,TQBR
2017-02-16,737.0,740.0,734.0,735.0,352,259943.0,TQBR
2017-02-17,739.0,743.0,730.0,730.0,136,100317.0,TQBR
2017-02-20,740.0,740.0,727.0,735.0,754,557599.0,TQBR
2017-02-21,737.0,739.0,730.0,732.0,333,243824.0,TQBR
2017-02-22,732.0,732.0,705.0,717.0,434,310307.0,TQBR
2017-02-24,719.0,721.0,684.0,704.0,585,407160.0,TQBR
2017-02-27,697.0,700.0,650.0,698.0,468,318496.0,TQBR
2017-02-28,690.0,734.0,683.0,705.0,517,370295.0,TQBR
2017-03-01,697.0,721.0,697.0,711.0,138,97863.0,TQBR
2017-03-02,712.0,725.0,707.0,718.0,314,225896.0,TQBR
2017-03-03,717.0,722.0,700.0,722.0,137,97991.0,TQBR
2017-03-06,718.0,718.0,700.0,710.0,706,501059.0,TQBR
2017-03-07,714.0,715.0,700.0,700.0,274,192313.0,TQBR
2017-03-09,700.0,700.0,670.0,687.0,64,43664.0,TQBR
2017-03-10,703.0,703.0,675.0,675.0,184,125968.0,TQBR
2017-03-13,668.0,682.0,668.0,680.0,151,102329.0,TQBR
2017-03-14,697.0,697.0,676.0,682.0,128,86950.0,TQBR
2017-03-15,692.0,700.0,680.0,699.0,449,312074.0,TQBR
2017-03-16,695.0,702.0,675.0,699.0,275,190266.0,TQBR
2017-03-17,698.0,705.0,694.0,700.0,224,156555.0,TQBR
2017-03-20,701.0,720.0,675.0,681.0,817,557184.0,TQBR
2017-03-21,679.0,682.0,663.0,668.0,374,250919.0,TQBR
2017-03-22,670.0,676.0,627.0,635.0,952,611088.0,TQBR
2017-03-23,643.0,643.0,610.0,633.0,822,511957.0,TQBR
2017-03-24,612.0,671.0,612.0,660.0,543,353768.0,TQBR
2017-03-27,660.0,660.0,631.0,655.0,110,71392.0,TQBR
2017-03-28,655.0,655.0,641.0,650.0,84,54573.0,TQBR
2017-03-29,654.0,654.0,630.0,647.0,145,92538.0,TQBR
2017-03-30,647.0,648.0,641.0,647.0,29,18704.0,TQBR
2017-03-31,641.0,710.0,631.0,678.0,1518,1035403.0,TQBR
2017-04-03,680.0,685.0,670.0,673.0,285,193431.0,TQBR
2017-04-04,673.0,685.0,662.0,677.0,781,527689.0,TQBR
2017-04-05,679.0,700.0,655.0,694.0,251,173397.0,TQBR
2017-04-06,689.0,689.0,682.0,684.0,27,18507.0,TQBR
2017-04-07,681.0,685.0,677.0,679.0,97,66268.0,TQBR
2017-04-10,676.0,680.0,662.0,672.0,101,67591.0,TQBR
2017-04-11,662.0,673.0,650.0,650.0,257,169705.0,TQBR
2017-04-12,660.0,670.0,639.0,649.0,205,134983.0,TQBR
2017-04-13,658.0,658.0,625.0,647.0,128,81655.0,TQBR
2017-04-14,648.0,658.0,622.0,638.0,302,190349.0,TQBR
2017-04-17,644.0,655.0,632.0,655.0,277,177643.0,TQBR
2017-04-18,644.0,671.0,635.0,665.0,291,190616.0,TQBR
2017-04-19,665.0,690.0,665.0,682.0,414,278282.0,TQBR
2017-04-20,672.0,830.0,652.0,659.0,729,495492.0,TQBR
2017-04-21,667.0,680.0,641.0,677.0,237,159548.0,TQBR
2017-04-24,684.0,788.0,681.0,691.0,1231,889485.0,TQBR
2017-04-25,677.0,698.0,652.0,693.0,118,81342.0,TQBR
2017-04-26,684.0,693.0,676.0,693.0,23,15772.0,TQBR
2017-04-27,680.0,684.0,677.0,684.0,16,10866.0,TQBR
2017-04-28,676.0,738.0,650.0,703.0,162,112377.0,TQBR
2017-05-02,700.0,702.0,692.0,698.0,137,95703.0,TQBR
2017-05-03,697.0,697.0,697.0,697.0,8,5576.0,TQBR
2017-05-04,703.0,703.0,683.0,685.0,50,34331.0,TQBR
2017-05-05,684.0,685.0,680.0,685.0,18,12304.0,TQBR
2017-05-10,684.0,685.0,681.0,685.0,59,40386.0,TQBR
2017-05-11,678.0,687.0,671.0,680.0,28,19001.0,TQBR
2017-05-15,684.0,698.0,669.0,684.0,97,66482.0,TQBR
2017-05-16,679.0,680.0,650.0,672.0,154,102008.0,TQBR
2017-05-17,661.0,680.0,650.0,659.0,309,208394.0,TQBR
2017-05-18,658.0,669.0,658.0,658.0,63,41653.0,TQBR
2017-05-19,660.0,660.0,643.0,651.0,162,104658.0,TQBR
2017-05-22,654.0,667.0,630.0,638.0,371,235643.0,TQBR
2017-05-23,616.0,650.0,616.0,644.0,554,350418.0,TQBR
2017-05-24,631.0,648.0,631.0,641.0,125,79333.0,TQBR
2017-05-25,627.0,649.0,622.0,634.0,744,469967.0,TQBR
2017-05-26,638.0,645.0,618.0,638.0,330,211351.0,TQBR
2017-05-29,635.0,648.0,617.0,648.0,515,323781.0,TQBR
2017-05-30,638.0,647.0,625.0,639.0,96,60912.0,TQBR
2017-05-31,635.0,739.0,618.0,672.0,672,452154.0,TQBR
2017-06-01,656.0,660.0,638.0,659.0,95,62554.0,TQBR
2017-06-02,648.0,648.0,623.0,633.0,88,56141.0,TQBR
2017-06-05,631.0,684.0,631.0,669.0,512,337572.0,TQBR
2017-06-06,653.0,653.0,635.0,651.0,91,58143.0,TQBR
2017-06-07,649.0,653.0,636.0,647.0,96,62070.0,TQBR
2017-06-08,646.0,646.0,621.0,639.0,196,124066.0,TQBR
2017-06-09,644.0,649.0,614.0,614.0,223,139092.0,TQBR
2017-06-13,629.0,630.0,616.0,628.0,246,154722.0,TQBR
2017-06-14,625.0,628.0,617.0,626.0,150,93392.0,TQBR
2017-06-15,614.0,623.0,594.0,622.0,243,147691.0,TQBR
2017-06-16,624.0,636.0,616.0,636.0,178,111945.0,TQBR
2017-06-19,639.0,639.0,611.0,628.0,16,10013.0,TQBR
2017-06-20,640.0,640.0,640.0,640.0,21,13440.0,TQBR
2017-06-21,631.0,637.0,631.0,637.0,8,5075.0,TQBR
2017-06-22,638.0,654.0,638.0,654.0,14,9084.0,TQBR
2017-06-23,643.0,662.0,640.0,662.0,11,7187.0,TQBR
2017-06-26,648.0,668.0,648.0,668.0,210,137586.0,TQBR
2017-06-27,662.0,668.0,655.0,655.0,75,49852.0,TQBR
2017-06-28,655.0,655.0,638.0,655.0,64,41830.0,TQBR
2017-06-29,653.0,657.0,652.0,657.0,9,5893.0,TQBR
2017-06-30,654.0,858.0,652.0,691.0,2386,1733911.0,TQBR
2017-07-03,692.0,701.0,682.0,694.0,78,54382.0,TQBR
2017-07-04,682.0,782.0,644.0,723.0,1322,941985.0,TQBR
2017-07-05,703.0,724.0,689.0,707.0,80,56033.0,TQBR
2017-07-06,707.0,707.0,678.0,697.0,206,141340.0,TQBR
2017-07-07,683.0,696.0,680.0,688.0,46,31383.0,TQBR
2017-07-10,678.0,699.0,670.0,689.0,119,81467.0,TQBR
2017-07-11,694.0,694.0,680.0,692.0,68,46666.0,TQBR
2017-07-12,689.0,697.0,664.0,690.0,387,263248.0,TQBR
2017-07-13,672.0,688.0,668.0,687.0,130,87289.0,TQBR
2017-07-14,685.0,685.0,667.0,682.0,124,83545.0,TQBR
2017-07-17,688.0,688.0,653.0,676.0,226,153911.0,TQBR
2017-07-18,668.0,684.0,652.0,677.0,46,30946.0,TQBR
2017-07-19,666.0,693.0,661.0,693.0,91,61391.0,TQBR
2017-07-20,672.0,698.0,666.0,688.0,385,260487.0,TQBR
2017-07-21,688.0,700.0,675.0,675.0,222,152046.0,TQBR
2017-07-24,675.0,688.0,662.0,662.0,94,63314.0,TQBR
2017-07-25,655.0,684.0,655.0,672.0,1657,1118096.0,TQBR
2017-07-26,654.0,685.0,654.0,675.0,37,24838.0,TQBR
2017-07-27,673.0,675.0,663.0,674.0,119,79934.0,TQBR
2017-07-28,687.0,687.0,661.0,679.0,115,76890.0,TQBR
2017-07-31,660.0,670.0,628.0,655.0,861,564161.0,TQBR
2017-08-01,664.0,668.0,645.0,668.0,178,115599.0,TQBR
2017-08-02,662.0,683.0,640.0,663.0,430,279147.0,TQBR
2017-08-03,664.0,667.0,648.0,659.0,48,31278.0,TQBR
2017-08-04,660.0,660.0,639.0,656.0,213,137393.0,TQBR
2017-08-07,654.0,656.0,636.0,651.0,375,241739.0,TQBR
2017-08-08,643.0,656.0,640.0,654.0,91,58588.0,TQBR
2017-08-09,653.0,684.0,633.0,658.0,874,574641.0,TQBR
2017-08-10,657.0,657.0,657.0,657.0,7,4599.0,TQBR
2017-08-11,650.0,656.0,625.0,651.0,437,277901.0,TQBR
2017-08-14,654.0,657.0,629.0,644.0,276,175786.0,TQBR
2017-08-15,647.0,647.0,614.0,635.0,275,172836.0,TQBR
2017-08-16,637.0,637.0,631.0,635.0,44,27956.0,TQBR
2017-08-17,640.0,655.0,630.0,646.0,164,104803.0,TQBR
2017-08-18,653.0,653.0,622.0,639.0,155,97378.0,TQBR
2017-08-21,640.0,649.0,631.0,638.0,239,152760.0,TQBR
2017-08-22,631.0,637.0,620.0,635.0,476,299885.0,TQBR
2017-08-23,626.0,634.0,617.0,633.0,443,275477.0,TQBR
2017-08-24,633.0,633.0,628.0,633.0,188,118984.0,TQBR
2017-08-25,634.0,638.0,628.0,637.0,155,98381.0,TQBR
2017-08-28,623.0,642.0,623.0,641.0,35,22355.0,TQBR
2017-08-29,625.0,640.0,624.0,638.0,159,99835.0,TQBR
2017-08-30,625.0,644.0,625.0,640.0,27,17174.0,TQBR
2017-08-31,627.0,643.0,627.0,643.0,109,69738.0,TQBR
2017-09-01,627.0,639.0,624.0,639.0,368,232302.0,TQBR
2017-09-04,628.0,636.0,604.0,627.0,443,276622.0,TQBR
2017-09-05,630.0,637.0,609.0,633.0,336,206147.0,TQBR
2017-09-06,625.0,636.0,625.0,636.0,188,117801.0,TQBR
2017-09-07,621.0,636.0,613.0,636.0,199,123737.0,TQBR
2017-09-08,632.0,647.0,625.0,632.0,679,434150.0,TQBR
2017-09-11,647.0,650.0,625.0,649.0,43,27764.0,TQBR
2017-09-12,636.0,649.0,626.0,631.0,567,360168.0,TQBR
2017-09-13,631.0,640.0,626.0,633.0,285,181358.0,TQBR
2017-09-14,626.0,636.0,625.0,635.0,250,157777.0,TQBR
2017-09-15,638.0,647.0,631.0,647.0,61,38944.0,TQBR
2017-09-18,629.0,643.0,629.0,639.0,15,9499.0,TQBR
2017-09-19,647.0,647.0,636.0,637.0,8,5105.0,TQBR
2017-09-20,637.0,646.0,627.0,634.0,141,89500.0,TQBR
2017-09-21,634.0,638.0,625.0,638.0,67,42360.0,TQBR
2017-09-22,628.0,639.0,623.0,637.0,415,262311.0,TQBR
2017-09-25,627.0,642.0,627.0,642.0,90,57074.0,TQBR
2017-09-26,640.0,643.0,630.0,632.0,34,21570.0,TQBR
2017-09-27,633.0,644.0,629.0,631.0,265,168000.0,TQBR
2017-09-28,632.0,650.0,630.0,645.0,669,428695.0,TQBR
2017-09-29,638.0,648.0,633.0,637.0,190,121068.0,TQBR
2017-10-02,637.0,637.0,631.0,635.0,230,145685.0,TQBR
2017-10-03,630.0,634.0,630.0,634.0,57,36131.0,TQBR
2017-10-04,634.0,640.0,630.0,639.0,156,99058.0,TQBR
2017-10-05,640.0,640.0,630.0,640.0,508,320895.0,TQBR
2017-10-06,636.0,640.0,630.0,637.0,307,194846.0,TQBR
2017-10-09,631.0,639.0,629.0,639.0,383,242105.0,TQBR
2017-10-10,636.0,639.0,630.0,639.0,449,284389.0,TQBR
2017-10-11,636.0,639.0,630.0,639.0,383,242402.0,TQBR
2017-10-12,633.0,643.0,630.0,639.0,414,262108.0,TQBR
2017-10-13,632.0,636.0,629.0,636.0,36,22771.0,TQBR
2017-10-16,632.0,636.0,621.0,633.0,460,289337.0,TQBR
2017-10-17,634.0,635.0,630.0,635.0,31,19618.0,TQBR
2017-10-18,634.0,638.0,626.0,633.0,335,211680.0,TQBR
2017-10-19,635.0,635.0,620.0,632.0,899,561201.0,TQBR
2017-10-20,624.0,634.0,619.0,634.0,454,283309.0,TQBR
2017-10-23,626.0,629.0,620.0,626.0,591,368486.0,TQBR
2017-10-24,628.0,628.0,621.0,627.0,97,60702.0,TQBR
2017-10-25,625.0,627.0,619.0,624.0,182,112916.0,TQBR
2017-10-26,623.0,626.0,618.0,626.0,249,155334.0,TQBR
2017-10-27,618.0,627.0,618.0,627.0,53,33136.0,TQBR
2017-10-30,621.0,627.0,619.0,626.0,291,180764.0,TQBR
2017-10-31,626.0,626.0,619.0,626.0,62,38433.0,TQBR
2017-11-01,625.0,627.0,616.0,627.0,362,225034.0,TQBR
2017-11-02,621.0,624.0,615.0,622.0,123,75992.0,TQBR
2017-11-03,624.0,625.0,618.0,625.0,174,108271.0,TQBR
2017-11-07,625.0,626.0,620.0,622.0,419,261314.0,TQBR
2017-11-08,617.0,627.0,617.0,627.0,127,78949.0,TQBR
2017-11-09,624.0,627.0,622.0,624.0,33,20584.0,TQBR
2017-11-10,621.0,623.0,617.0,623.0,108,66754.0,TQBR
2017-11-13,624.0,624.0,614.0,620.0,217,134483.0,TQBR
2017-11-14,624.0,624.0,617.0,622.0,468,290253.0,TQBR
2017-11-15,621.0,623.0,613.0,623.0,581,358582.0,TQBR
2017-11-16,624.0,624.0,606.0,614.0,308,187699.0,TQBR
2017-11-17,614.0,614.0,589.0,606.0,144,87347.0,TQBR
2017-11-20,606.0,607.0,600.0,603.0,98,59064.0,TQBR
2017-11-21,600.0,600.0,593.0,598.0,312,186985.0,TQBR
2017-11-22,593.0,594.0,571.0,579.0,404,234144.0,TQBR
2017-11-23,586.0,586.0,552.0,566.0,747,420932.0,TQBR
2017-11-24,568.0,578.0,562.0,576.0,198,113097.0,TQBR
2017-11-27,577.0,588.0,569.0,578.0,78,45123.0,TQBR
2017-11-28,578.0,578.0,559.0,567.0,603,341625.0,TQBR
2017-11-29,574.0,574.0,561.0,571.0,32,18151.0,TQBR
2017-11-30,572.0,572.0,561.0,563.0,46,25990.0,TQBR
2017-12-01,574.0,574.0,565.0,570.0,28,15908.0,TQBR
2017-12-04,573.0,577.0,566.0,568.0,121,69143.0,TQBR
2017-12-05,565.0,566.0,561.0,566.0,26,14650.0,TQBR
2017-12-06,566.0,574.0,565.0,570.0,95,54148.0,TQBR
2017-12-07,568.0,573.0,567.0,567.0,11,6244.0,TQBR
2017-12-08,573.0,573.0,568.0,570.0,14,7975.0,TQBR
2017-12-11,568.0,569.0,551.0,566.0,51,28517.0,TQBR
2017-12-12,568.0,594.0,568.0,588.0,372,217215.0,TQBR
2017-12-13,586.0,593.0,586.0,593.0,27,15907.0,TQBR
2017-12-14,594.0,594.0,594.0,594.0,10,5940.0,TQBR
2017-12-15,589.0,589.0,582.0,588.0,21,12331.0,TQBR
2017-12-18,583.0,588.0,582.0,588.0,24,14006.0,TQBR
2017-12-19,588.0,591.0,588.0,591.0,6,3534.0,TQBR
2017-12-20,585.0,590.0,580.0,586.0,99,58163.0,TQBR
2017-12-21,583.0,583.0,563.0,581.0,146,84194.0,TQBR
2017-12-22,562.0,581.0,562.0,581.0,45,26107.0,TQBR
2017-12-25,588.0,588.0,574.0,582.0,98,57070.0,TQBR
2017-12-26,578.0,581.0,576.0,577.0,64,36979.0,TQBR
2017-12-27,583.0,583.0,576.0,579.0,109,63282.0,TQBR
2017-12-28,582.0,584.0,578.0,581.0,75,43412.0,TQBR
2017-12-29,583.0,583.0,583.0,583.0,3,1749.0,TQBR
2018-01-03,580.0,584.0,579.0,584.0,72,41763.0,TQBR
2018-01-04,584.0,616.0,584.0,603.0,516,309780.0,TQBR
2018-01-05,602.0,608.0,600.0,606.0,39,23606.0,TQBR
2018-01-09,609.0,623.0,609.0,615.0,249,152394.0,TQBR
2018-01-10,612.0,616.0,608.0,615.0,134,81825.0,TQBR
2018-01-11,613.0,614.0,611.0,611.0,44,26961.0,TQBR
2018-01-12,610.0,611.0,607.0,611.0,159,96969.0,TQBR
2018-01-15,607.0,615.0,601.0,612.0,76,46038.0,TQBR
2018-01-16,613.0,616.0,605.0,605.0,99,60313.0,TQBR
2018-01-17,604.0,604.0,595.0,599.0,105,62918.0,TQBR
2018-01-18,605.0,605.0,585.0,601.0,34,20279.0,TQBR
2018-01-19,597.0,601.0,586.0,594.0,35,20814.0,TQBR
2018-01-22,600.0,601.0,580.0,600.0,100,59248.0,TQBR
2018-01-23,603.0,608.0,597.0,606.0,271,163270.0,TQBR
2018-01-24,608.0,610.0,608.0,609.0,172,104841.0,TQBR
2018-01-25,609.0,625.0,609.0,622.0,233,143649.0,TQBR
2018-01-26,650.0,653.0,621.0,634.0,351,224098.0,TQBR
2018-01-29,638.0,644.0,627.0,639.0,53,33694.0,TQBR
2018-01-30,639.0,640.0,603.0,637.0,96,60164.0,TQBR
2018-01-31,628.0,634.0,621.0,633.0,22,13827.0,TQBR
2018-02-01,633.0,633.0,617.0,623.0,88,55021.0,TQBR
2018-02-02,624.0,624.0,600.0,606.0,486,294449.0,TQBR
2018-02-05,606.0,619.0,603.0,615.0,121,74234.0,TQBR
2018-02-06,606.0,618.0,582.0,593.0,678,403818.0,TQBR
2018-02-07,596.0,597.0,576.0,597.0,71,41462.0,TQBR
2018-02-08,579.0,596.0,579.0,596.0,21,12476.0,TQBR
2018-02-09,595.0,596.0,595.0,596.0,2,1191.0,TQBR
2018-02-12,595.0,599.0,592.0,595.0,97,57819.0,TQBR
2018-02-13,599.0,599.0,590.0,590.0,11,6533.0,TQBR
2018-02-14,615.0,615.0,591.0,596.0,46,27465.0,TQBR
2018-02-15,598.0,598.0,597.0,598.0,5,2988.0,TQBR
2018-02-16,604.0,604.0,593.0,598.0,19,11368.0,TQBR
2018-02-19,598.0,598.0,587.0,594.0,369,216752.0,TQBR
2018-02-20,594.0,599.0,581.0,598.0,637,376914.0,TQBR
2018-02-21,598.0,598.0,598.0,598.0,44,26312.0,TQBR
2018-02-22,598.0,598.0,591.0,596.0,13,7760.0,TQBR
2018-02-27,604.0,604.0,585.0,590.0,30,17797.0,TQBR
2018-02-28,593.0,693.0,579.0,634.0,574,361662.0,TQBR
2018-03-01,632.0,632.0,615.0,616.0,30,18645.0,TQBR
2018-03-02,615.0,618.0,603.0,607.0,46,27987.0,TQBR
2018-03-05,613.0,614.0,606.0,606.0,5,3059.0,TQBR
2018-03-06,607.0,614.0,607.0,614.0,25,15306.0,TQBR
2018-03-07,614.0,616.0,606.0,613.0,8,4887.0,TQBR
2018-03-09,612.0,613.0,606.0,613.0,38,23285.0,TQBR
2018-03-12,614.0,618.0,614.0,618.0,22,13552.0,TQBR
2018-03-13,615.0,615.0,606.0,607.0,41,24977.0,TQBR
2018-03-14,607.0,607.0,587.0,607.0,65,38725.0,TQBR
2018-03-15,601.0,607.0,598.0,603.0,105,63246.0,TQBR
2018-03-16,614.0,614.0,589.0,605.0,33,19857.0,TQBR
2018-03-19,608.0,608.0,608.0,608.0,12,7296.0,TQBR
2018-03-20,608.0,608.0,597.0,606.0,98,59091.0,TQBR
2018-03-21,608.0,608.0,608.0,608.0,1,608.0,TQBR
2018-03-22,601.0,604.0,595.0,604.0,7,4206.0,TQBR
2018-03-23,605.0,606.0,600.0,605.0,39,23513.0,TQBR
2018-03-26,606.0,606.0,586.0,597.0,108,63636.0,TQBR
2018-03-27,596.0,597.0,566.0,593.0,132,77528.0,TQBR
2018-03-28,595.0,595.0,594.0,594.0,9,5350.0,TQBR
2018-03-29,587.0,590.0,581.0,585.0,43,25234.0,TQBR
2018-03-30,585.0,637.0,583.0,615.0,565,341875.0,TQBR
2018-04-02,613.0,624.0,594.0,624.0,18,11087.0,TQBR
2018-04-03,624.0,624.0,583.0,592.0,142,86209.0,TQBR
2018-04-04,606.0,606.0,590.0,599.0,260,154302.0,TQBR
2018-04-05,596.0,596.0,581.0,593.0,132,77206.0,TQBR
2018-04-06,588.0,598.0,572.0,598.0,38,22483.0,TQBR
2018-04-09,590.0,590.0,534.0,566.0,248,141026.0,TQBR
2018-04-10,569.0,574.0,542.0,559.0,139,77996.0,TQBR
2018-04-11,568.0,568.0,537.0,537.0,1000,547852.0,TQBR
2018-04-12,548.0,548.0,540.0,547.0,106,57511.0,TQBR
2018-04-13,548.0,554.0,538.0,547.0,88,48045.0,TQBR
2018-04-16,548.0,554.0,538.0,548.0,44,23987.0,TQBR
2018-04-17,544.0,554.0,539.0,552.0,146,80019.0,TQBR
2018-04-18,552.0,660.0,542.0,564.0,183,101671.0,TQBR
2018-04-19,557.0,559.0,545.0,556.0,193,107038.0,TQBR
2018-04-20,555.0,555.0,539.0,554.0,128,69942.0,TQBR
2018-04-23,547.0,551.0,540.0,551.0,308,167862.0,TQBR
2018-04-24,554.0,557.0,548.0,557.0,99,54852.0,TQBR
2018-04-25,548.0,557.0,537.0,545.0,385,209900.0,TQBR
2018-04-26,547.0,558.0,547.0,551.0,23,12657.0,TQBR
2018-04-27,551.0,591.0,543.0,572.0,146,82809.0,TQBR
2018-04-28,573.0,766.0,563.0,612.0,601,411406.0,TQBR
2018-04-30,603.0,608.0,602.0,608.0,8,4828.0,TQBR
2018-05-02,607.0,612.0,595.0,604.0,37,22222.0,TQBR
2018-05-03,594.0,594.0,594.0,594.0,4,2376.0,TQBR
2018-05-04,603.0,604.0,596.0,603.0,18,10821.0,TQBR
2018-05-07,603.0,606.0,571.0,582.0,126,74671.0,TQBR
2018-05-08,594.0,596.0,587.0,587.0,9,5350.0,TQBR
2018-05-10,594.0,596.0,579.0,579.0,18,10709.0,TQBR
2018-05-11,590.0,598.0,581.0,587.0,91,53767.0,TQBR
2018-05-14,591.0,604.0,576.0,593.0,38,22637.0,TQBR
2018-05-15,599.0,604.0,595.0,595.0,22,13203.0,TQBR
2018-05-16,600.0,604.0,585.0,592.0,36,21424.0,TQBR
2018-05-17,597.0,599.0,588.0,599.0,45,26683.0,TQBR
2018-05-18,604.0,604.0,597.0,600.0,40,23926.0,TQBR
2018-05-21,604.0,604.0,604.0,604.0,13,7852.0,TQBR
2018-05-22,606.0,608.0,606.0,608.0,13,7902.0,TQBR
2018-05-23,613.0,613.0,601.0,601.0,28,17049.0,TQBR
2018-05-24,613.0,614.0,594.0,612.0,44,26513.0,TQBR
2018-05-25,604.0,605.0,600.0,605.0,11,6634.0,TQBR
2018-05-28,607.0,614.0,606.0,614.0,32,19553.0,TQBR
2018-05-29,607.0,609.0,601.0,601.0,37,22360.0,TQBR
2018-05-30,601.0,601.0,592.0,600.0,19,11361.0,TQBR
2018-05-31,596.0,600.0,595.0,595.0,23,13771.0,TQBR
2018-06-01,594.0,595.0,587.0,590.0,48,28456.0,TQBR
2018-06-04,593.0,600.0,588.0,600.0,1159,687621.0,TQBR
2018-06-05,604.0,607.0,597.0,597.0,38,22962.0,TQBR
2018-06-06,607.0,612.0,592.0,593.0,40,24283.0,TQBR
2018-06-07,603.0,603.0,598.0,598.0,9,5422.0,TQBR
2018-06-08,606.0,615.0,590.0,598.0,99,59373.0,TQBR
2018-06-09,607.0,611.0,592.0,592.0,47,28012.0,TQBR
2018-06-13,601.0,604.0,600.0,604.0,21,12665.0,TQBR
2018-06-14,599.0,599.0,590.0,596.0,45,26595.0,TQBR
2018-06-15,595.0,596.0,591.0,596.0,42,24880.0,TQBR
2018-06-18,588.0,599.0,588.0,597.0,57,33798.0,TQBR
2018-06-19,589.0,597.0,588.0,588.0,63,37090.0,TQBR
2018-06-20,603.0,609.0,600.0,600.0,12,7249.0,TQBR
2018-06-21,603.0,609.0,598.0,609.0,52,31325.0,TQBR
2018-06-22,597.0,604.0,593.0,594.0,113,67163.0,TQBR
2018-06-25,593.0,600.0,592.0,600.0,42,25119.0,TQBR
2018-06-26,586.0,595.0,577.0,594.0,166,97573.0,TQBR
2018-06-27,588.0,595.0,583.0,585.0,117,69187.0,TQBR
2018-06-28,593.0,594.0,585.0,593.0,65,38328.0,TQBR
2018-06-29,594.0,598.0,577.0,590.0,201,117450.0,TQBR
2018-07-02,594.0,597.0,585.0,597.0,104,61742.0,TQBR
2018-07-03,597.0,600.0,588.0,600.0,41,24422.0,TQBR
2018-07-04,591.0,597.0,582.0,596.0,27,16015.0,TQBR
2018-07-05,595.0,599.0,577.0,599.0,38,22336.0,TQBR
2018-07-06,594.0,599.0,585.0,599.0,44,26166.0,TQBR
2018-07-09,600.0,600.0,563.0,594.0,310,179940.0,TQBR
2018-07-10,581.0,596.0,575.0,588.0,276,162089.0,TQBR
2018-07-11,596.0,596.0,580.0,581.0,109,64124.0,TQBR
2018-07-12,577.0,600.0,577.0,584.0,180,107516.0,TQBR
2018-07-13,580.0,604.0,580.0,590.0,7,4154.0,TQBR
2018-07-16,600.0,610.0,591.0,591.0,156,92488.0,TQBR
2018-07-17,610.0,636.0,592.0,592.0,328,197019.0,TQBR
2018-07-18,592.0,612.0,592.0,612.0,828,499443.0,TQBR
2018-07-19,607.0,609.0,594.0,603.0,137,83097.0,TQBR
2018-07-20,602.0,602.0,593.0,598.0,122,72955.0,TQBR
2018-07-23,602.0,610.0,592.0,610.0,55,33052.0,TQBR
2018-07-24,604.0,615.0,597.0,599.0,132,80105.0,TQBR
2018-07-25,595.0,613.0,594.0,594.0,7,4221.0,TQBR
2018-07-26,604.0,613.0,590.0,613.0,1739,1036859.0,TQBR
2018-07-27,604.0,607.0,568.0,583.0,921,536294.0,TQBR
2018-07-30,584.0,593.0,574.0,585.0,82,48061.0,TQBR
2018-07-31,574.0,591.0,570.0,591.0,130,75039.0,TQBR
2018-08-02,590.0,604.0,579.0,598.0,56,33045.0,TQBR
2018-08-03,591.0,595.0,583.0,589.0,20,11720.0,TQBR
2018-08-06,594.0,594.0,576.0,591.0,53,31153.0,TQBR
2018-08-07,590.0,590.0,580.0,587.0,63,36687.0,TQBR
2018-08-08,587.0,587.0,573.0,584.0,116,67006.0,TQBR
2018-08-09,573.0,578.0,564.0,577.0,138,78873.0,TQBR
2018-08-10,564.0,584.0,564.0,571.0,168,96305.0,TQBR
2018-08-13,569.0,576.0,566.0,570.0,58,33104.0,TQBR
2018-08-14,567.0,573.0,566.0,573.0,49,27784.0,TQBR
2018-08-15,567.0,573.0,566.0,573.0,132,74737.0,TQBR
2018-08-16,568.0,568.0,560.0,561.0,191,108063.0,TQBR
2018-08-17,565.0,567.0,559.0,567.0,25,14126.0,TQBR
2018-08-20,568.0,580.0,568.0,572.0,229,131974.0,TQBR
2018-08-21,571.0,574.0,567.0,574.0,131,74761.0,TQBR
2018-08-22,568.0,574.0,568.0,574.0,70,39783.0,TQBR
2018-08-27,574.0,574.0,561.0,572.0,38,21592.0,TQBR
2018-08-28,569.0,574.0,564.0,574.0,23,13063.0,TQBR
2018-08-29,560.0,582.0,560.0,581.0,65,36775.0,TQBR
2018-08-30,565.0,567.0,561.0,567.0,160,90396.0,TQBR
2018-08-31,566.0,576.0,557.0,576.0,97,54641.0,TQBR
2018-09-03,566.0,570.0,563.0,570.0,38,21454.0,TQBR
2018-09-04,563.0,563.0,560.0,561.0,162,90901.0,TQBR
2018-09-05,576.0,576.0,553.0,557.0,105,58410.0,TQBR
2018-09-06,552.0,563.0,552.0,559.0,13,7264.0,TQBR
2018-09-07,563.0,563.0,545.0,549.0,487,267164.0,TQBR
2018-09-10,543.0,550.0,523.0,537.0,509,271834.0,TQBR
2018-09-11,536.0,551.0,527.0,535.0,250,133537.0,TQBR
2018-09-12,537.0,543.0,531.0,541.0,44,23558.0,TQBR
2018-09-13,538.0,544.0,536.0,538.0,36,19402.0,TQBR
2018-09-14,548.0,548.0,535.0,547.0,131,70806.0,TQBR
2018-09-17,548.0,558.0,533.0,550.0,245,133366.0,TQBR
2018-09-18,541.0,547.0,538.0,543.0,171,92489.0,TQBR
2018-09-19,549.0,550.0,533.0,548.0,290,157158.0,TQBR
2018-09-20,542.0,546.0,535.0,541.0,396,212991.0,TQBR
2018-09-21,541.0,543.0,532.0,540.0,118,63764.0,TQBR
2018-09-24,534.0,543.0,533.0,541.0,367,196390.0,TQBR
2018-09-25,539.0,540.0,530.0,537.0,120,64524.0,TQBR
2018-09-26,535.0,537.0,517.0,520.0,663,347314.0,TQBR
2018-09-27,523.0,533.0,510.0,526.0,324,168711.0,TQBR
2018-09-28,527.0,532.0,516.0,528.0,210,110328.0,TQBR
2018-10-01,518.0,531.0,518.0,530.0,107,56151.0,TQBR
2018-10-02,521.0,536.0,520.0,536.0,255,133818.0,TQBR
2018-10-03,533.0,541.0,520.0,527.0,570,299857.0,TQBR
2018-10-04,521.0,527.0,516.0,522.0,195,101399.0,TQBR
2018-10-05,519.0,527.0,515.0,527.0,137,71241.0,TQBR
2018-10-08,527.0,528.0,525.0,528.0,9,4736.0,TQBR
2018-10-09,522.0,534.0,518.0,525.0,355,186442.0,TQBR
2018-10-10,523.0,529.0,523.0,529.0,36,18917.0,TQBR
2018-10-11,524.0,524.0,507.0,511.0,493,253161.0,TQBR
2018-10-12,512.0,519.0,503.0,515.0,546,278224.0,TQBR
2018-10-15,510.0,510.0,501.0,508.0,888,449680.0,TQBR
2018-10-16,508.0,518.0,505.0,507.0,214,109648.0,TQBR
2018-10-17,507.0,508.0,502.0,502.0,41,20804.0,TQBR
2018-10-18,512.0,512.0,502.0,510.0,124,62611.0,TQBR
2018-10-19,504.0,506.0,500.0,505.0,224,112477.0,TQBR
2018-10-22,455.0,462.0,401.0,413.0,5270,2251966.0,TQBR
2018-10-23,413.0,413.0,361.0,380.0,2295,863377.0,TQBR
2018-10-24,384.0,402.0,370.0,375.0,1236,469592.0,TQBR
2018-10-25,372.0,381.0,339.0,355.0,802,291867.0,TQBR
2018-10-26,355.0,355.0,300.0,310.0,3289,1036570.0,TQBR
2018-10-29,310.0,340.0,299.0,309.0,3660,1137626.0,TQBR
2018-10-30,304.0,322.0,291.0,299.0,1943,584411.0,TQBR
2018-10-31,301.0,310.0,293.0,303.0,790,241178.0,TQBR
2018-11-01,302.0,314.0,302.0,306.0,745,228498.0,TQBR
2018-11-02,306.0,310.0,302.0,310.0,535,164078.0,TQBR
2018-11-06,314.0,314.0,304.0,310.0,123,38114.0,TQBR
2018-11-07,302.0,312.0,302.0,308.0,55,16894.0,TQBR
2018-11-08,308.0,316.0,306.0,314.0,2626,820946.0,TQBR
2018-11-09,310.0,314.0,298.0,304.0,1696,509624.0,TQBR
2018-11-12,304.0,310.0,302.0,304.0,336,101788.0,TQBR
2018-11-13,308.0,310.0,294.0,302.0,2025,606750.0,TQBR
2018-11-14,296.0,302.0,294.0,296.0,241,71780.0,TQBR
2018-11-15,296.0,308.0,296.0,308.0,318,96424.0,TQBR
2018-11-16,304.0,380.0,300.0,332.0,7009,2331108.0,TQBR
2018-11-19,338.0,338.0,308.0,324.0,1213,387602.0,TQBR
2018-11-20,318.0,318.0,304.0,314.0,2232,690848.0,TQBR
2018-11-21,308.0,316.0,308.0,310.0,4233,1315340.0,TQBR
2018-11-22,306.0,362.0,306.0,354.0,6689,2265630.0,TQBR
2018-11-23,360.0,364.0,332.0,350.0,1410,486352.0,TQBR
2018-11-26,348.0,366.0,340.0,350.0,1548,538964.0,TQBR
2018-11-27,344.0,350.0,330.0,336.0,952,322516.0,TQBR
2018-11-28,348.0,350.0,338.0,350.0,146,50012.0,TQBR
2018-11-29,344.0,352.0,338.0,340.0,505,173096.0,TQBR
2018-11-30,340.0,340.0,330.0,338.0,106,35452.0,TQBR
2018-12-03,336.0,336.0,322.0,332.0,498,162660.0,TQBR
2018-12-04,328.0,332.0,320.0,328.0,1263,408688.0,TQBR
2018-12-05,324.0,326.0,322.0,326.0,258,83408.0,TQBR
2018-12-06,324.0,326.0,318.0,324.0,473,151948.0,TQBR
2018-12-07,318.0,326.0,318.0,326.0,213,68906.0,TQBR
2018-12-10,324.0,328.0,322.0,322.0,202,65476.0,TQBR
2018-12-11,328.0,328.0,318.0,324.0,35,11232.0,TQBR
2018-12-12,326.0,328.0,320.0,324.0,157,50468.0,TQBR
2018-12-13,320.0,328.0,320.0,328.0,86,27706.0,TQBR
2018-12-14,324.0,324.0,282.0,290.0,5952,1779754.0,TQBR
2018-12-17,292.0,292.0,244.0,250.0,6095,1578314.0,TQBR
2018-12-18,248.0,248.0,200.0,206.0,5423,1200348.0,TQBR
2018-12-19,214.0,214.0,184.0,198.0,4153,803584.0,TQBR
2018-12-20,212.0,212.0,188.0,200.0,1109,214764.0,TQBR
2018-12-21,200.0,276.0,200.0,246.0,16401,4167914.0,TQBR
2018-12-24,244.0,320.0,224.0,232.0,2379,582252.0,TQBR
2018-12-25,228.0,228.0,206.0,226.0,719,156978.0,TQBR
2018-12-26,224.0,224.0,206.0,218.0,1771,377536.0,TQBR
2018-12-27,220.0,220.0,206.0,216.0,1068,227606.0,TQBR
2018-12-28,216.0,218.0,210.0,214.0,245,51782.0,TQBR
2018-12-29,210.0,216.0,210.0,214.0,208,44426.0,TQBR
2019-01-03,210.0,216.0,210.0,210.0,146,31216.0,TQBR
2019-01-04,212.0,254.0,212.0,226.0,5215,1220540.0,TQBR
2019-01-08,226.0,256.0,224.0,238.0,1408,332416.0,TQBR
2019-01-09,226.0,260.0,226.0,240.0,1729,419904.0,TQBR
2019-01-10,234.0,234.0,162.0,226.0,7881,1732488.0,TQBR
2019-01-11,222.0,226.0,218.0,226.0,958,213526.0,TQBR
2019-01-14,222.0,226.0,220.0,224.0,315,69906.0,TQBR
2019-01-15,222.0,222.0,220.0,222.0,300,66234.0,TQBR
2019-01-16,222.0,222.0,216.0,220.0,374,81808.0,TQBR
2019-01-17,220.0,224.0,218.0,220.0,543,120242.0,TQBR
2019-01-18,222.0,222.0,218.0,220.0,242,53438.0,TQBR
2019-01-21,222.0,226.0,220.0,222.0,388,86488.0,TQBR
2019-01-22,222.0,224.0,218.0,222.0,612,134050.0,TQBR
2019-01-23,218.0,220.0,214.0,218.0,612,132532.0,TQBR
2019-01-24,218.0,220.0,212.0,214.0,2006,433506.0,TQBR
2019-01-25,214.0,280.0,214.0,232.0,10134,2482922.0,TQBR
2019-01-28,234.0,234.0,214.0,224.0,2067,458836.0,TQBR
2019-01-29,224.0,224.0,214.0,224.0,1318,288240.0,TQBR
2019-01-30,220.0,226.0,216.0,226.0,353,77538.0,TQBR
2019-01-31,218.0,224.0,218.0,222.0,305,67388.0,TQBR
2019-02-01,219.0,221.0,216.0,220.0,406,89064.0,TQBR
2019-02-04,220.5,223.0,218.5,221.0,808,178276.0,TQBR
2019-02-05,221.5,225.5,218.5,221.0,601,133929.5,TQBR
2019-02-06,220.5,309.0,220.5,309.0,22311,6077379.5,TQBR
2019-02-07,339.5,432.0,325.0,357.5,58613,23130733.0,TQBR
2019-02-08,358.0,428.0,278.0,302.5,29382,10059970.5,TQBR
2019-02-11,291.5,349.0,264.5,294.0,12620,3715348.0,TQBR
2019-02-12,301.5,301.5,270.0,281.5,3356,944250.5,TQBR
2019-02-13,289.0,289.0,275.5,284.0,2350,660097.0,TQBR
2019-02-14,274.5,288.5,274.0,287.0,1572,442236.5,TQBR
2019-02-15,288.0,288.0,265.0,274.5,874,238048.5,TQBR
2019-02-18,267.0,270.0,254.0,259.0,3563,923259.5,TQBR
2019-02-19,264.0,350.0,250.0,304.0,19221,5643202.0,TQBR
2019-02-20,308.5,308.5,265.0,279.5,4534,1285846.5,TQBR
2019-02-21,282.5,282.5,270.0,281.0,2243,623944.5,TQBR
2019-02-22,279.5,279.5,266.5,270.0,895,242097.5,TQBR
2019-02-25,270.0,309.0,270.0,283.5,4284,1238467.5,TQBR
2019-02-26,283.5,286.5,250.0,279.0,999,271205.0,TQBR
2019-02-27,278.5,278.5,269.5,274.0,342,93381.0,TQBR
2019-02-28,274.5,274.5,258.0,260.0,1414,369943.0,TQBR
2019-03-01,264.5,270.0,252.0,256.5,808,210592.5,TQBR
2019-03-04,257.0,262.5,256.0,260.5,1347,347478.5,TQBR
2019-03-05,260.0,295.5,260.0,272.0,2429,676018.0,TQBR
2019-03-06,266.0,280.5,266.0,274.0,350,95227.0,TQBR
2019-03-07,274.5,274.5,266.0,269.5,633,171307.5,TQBR
2019-03-11,273.5,274.0,264.5,267.5,526,140589.5,TQBR
2019-03-12,258.5,280.0,258.5,276.5,515,141137.5,TQBR
2019-03-13,282.0,288.0,270.0,275.5,702,191898.5,TQBR
2019-03-14,281.0,379.0,278.0,294.0,23104,7271921.5,TQBR
2019-03-15,294.0,294.5,276.5,280.0,2650,752715.5,TQBR
2019-03-18,288.0,290.0,266.0,279.0,2168,598097.5,TQBR
2019-03-19,279.0,280.0,272.0,280.0,938,259044.5,TQBR
2019-03-20,278.5,291.5,277.0,283.5,529,148009.5,TQBR
2019-03-21,289.5,289.5,273.5,284.5,501,139711.0,TQBR
2019-03-22,282.5,282.5,275.5,282.5,370,102485.0,TQBR
2019-03-25,282.5,285.0,273.5,285.0,285,78829.5,TQBR
2019-03-26,271.5,283.5,271.5,279.5,722,200865.0,TQBR
2019-03-27,276.0,282.5,275.5,275.5,584,163019.5,TQBR
2019-03-28,276.5,281.0,274.0,280.0,799,220732.0,TQBR
2019-03-29,287.0,287.0,274.0,278.0,588,163123.0,TQBR
2019-04-01,283.5,283.5,274.5,276.5,72,19956.5,TQBR
2019-04-02,278.0,279.0,272.5,275.0,368,101173.5,TQBR
2019-04-03,267.0,278.5,267.0,276.0,381,103299.5,TQBR
2019-04-04,284.0,284.0,267.0,271.0,210,56748.5,TQBR
2019-04-05,274.0,275.0,267.5,273.5,473,127766.0,TQBR
2019-04-08,273.0,278.5,269.5,272.0,444,122052.5,TQBR
2019-04-09,270.5,273.5,265.0,268.5,496,133365.5,TQBR
2019-04-10,273.0,273.0,265.0,269.0,570,152990.5,TQBR
2019-04-11,265.5,270.5,253.0,265.5,1015,265951.0,TQBR
2019-04-12,267.5,269.0,256.0,265.5,463,120875.5,TQBR
2019-04-15,265.5,265.5,241.5,246.0,2290,572819.5,TQBR
2019-04-16,247.0,249.0,239.5,240.5,932,226871.5,TQBR
2019-04-17,247.5,268.0,246.0,247.5,1736,442289.5,TQBR
2019-04-18,250.0,265.0,243.0,253.0,903,228509.0,TQBR
2019-04-19,247.5,252.5,247.0,252.0,214,53205.5,TQBR
2019-04-22,246.0,263.0,244.5,252.5,929,235759.0,TQBR
2019-04-23,251.0,255.0,247.5,252.5,505,126224.5,TQBR
2019-04-24,248.0,252.0,246.5,248.0,277,68777.5,TQBR
2019-04-25,251.0,251.0,245.0,245.0,200,49281.5,TQBR
2019-04-26,245.5,247.5,237.0,243.5,1720,414186.0,TQBR
2019-04-29,240.0,249.5,240.0,242.5,611,148453.5,TQBR
2019-04-30,240.5,244.5,238.5,241.0,164,39604.5,TQBR
2019-05-02,240.5,249.5,240.0,244.0,321,78188.5,TQBR
2019-05-03,237.5,247.5,237.5,245.0,191,46884.0,TQBR
2019-05-06,243.5,243.5,239.0,241.0,123,29624.0,TQBR
2019-05-07,241.0,242.0,238.0,239.0,157,37584.5,TQBR
2019-05-08,239.5,240.5,238.0,240.5,118,28275.5,TQBR
2019-05-10,245.0,245.0,238.0,238.0,25,5977.5,TQBR
2019-05-13,237.0,239.0,234.0,235.0,339,79732.0,TQBR
2019-05-14,234.5,240.0,234.5,238.0,172,40805.0,TQBR
2019-05-15,241.0,246.0,238.0,246.0,256,62186.0,TQBR
2019-05-16,243.0,243.0,238.5,241.5,348,83599.5,TQBR
2019-05-17,244.0,244.0,233.0,237.0,348,82154.5,TQBR
2019-05-20,236.0,241.0,236.0,237.5,64,15358.5,TQBR
2019-05-21,240.5,241.0,236.5,236.5,67,15990.0,TQBR
2019-05-22,240.5,240.5,237.0,239.5,236,56562.5,TQBR
2019-05-23,235.5,239.0,160.0,237.0,608,133104.0,TQBR
2019-05-24,237.5,244.5,235.0,240.0,235,56182.5,TQBR
2019-05-27,241.5,241.5,236.5,237.5,21,5008.0,TQBR
2019-05-28,240.0,240.5,234.0,236.0,206,48756.0,TQBR
2019-05-29,235.5,239.0,235.5,235.5,80,18988.5,TQBR
2019-05-30,239.5,239.5,220.0,220.0,1983,445995.5,TQBR
2019-05-31,223.5,224.0,210.0,210.0,2303,496973.5,TQBR
2019-06-03,215.5,216.5,210.0,211.5,2366,504240.0,TQBR
2019-06-04,211.0,215.0,210.0,212.0,1326,280436.0,TQBR
2019-06-05,210.5,229.5,208.5,212.5,2963,634040.5,TQBR
2019-06-06,209.5,214.0,208.0,211.5,3434,723510.5,TQBR
2019-06-07,208.5,211.5,208.5,211.5,353,74250.0,TQBR
2019-06-10,210.0,212.0,209.5,211.0,827,174093.5,TQBR
2019-06-11,209.5,211.0,208.5,210.5,671,140519.0,TQBR
2019-06-13,209.0,209.5,203.5,209.5,1442,297006.0,TQBR
2019-06-14,215.0,215.0,198.0,200.0,3117,627009.5,TQBR
2019-06-17,196.5,200.0,195.0,197.5,451,89666.5,TQBR
2019-06-18,195.0,201.0,194.5,197.0,549,107840.5,TQBR
2019-06-19,196.0,201.0,190.5,193.5,1717,332323.5,TQBR
2019-06-20,194.0,194.0,190.0,191.0,1874,358696.5,TQBR
2019-06-21,190.0,190.5,181.5,184.0,2125,394643.5,TQBR
2019-06-24,183.5,184.0,175.5,183.5,1745,317506.0,TQBR
2019-06-25,182.0,199.5,180.5,195.5,3165,604806.5,TQBR
2019-06-26,195.5,195.5,186.0,189.0,2008,379087.0,TQBR
2019-06-27,187.0,191.0,184.5,187.0,3721,691583.0,TQBR
2019-06-28,187.0,188.0,183.0,184.5,931,172708.0,TQBR
2019-07-01,187.0,189.5,183.0,188.0,1368,253771.5,TQBR
2019-07-02,184.5,188.0,183.0,185.0,3811,702758.0,TQBR
2019-07-03,185.0,198.0,183.0,188.5,2753,516722.0,TQBR
2019-07-04,188.0,220.0,188.0,191.5,9922,1977677.5,TQBR
2019-07-05,191.0,194.5,188.0,192.0,2072,392709.5,TQBR
2019-07-08,187.5,191.0,187.0,189.0,1466,276034.0,TQBR
2019-07-09,191.5,192.0,184.0,188.0,1414,264196.5,TQBR
2019-07-10,186.5,187.5,184.5,186.0,2264,420363.5,TQBR
2019-07-11,184.5,188.0,184.0,184.5,2105,390198.5,TQBR
2019-07-12,188.0,188.5,183.0,184.0,866,159410.0,TQBR
2019-07-15,185.0,185.5,180.0,182.0,1856,338195.0,TQBR
2019-07-16,182.0,182.5,180.5,181.5,351,63634.5,TQBR
2019-07-17,178.0,183.5,178.0,183.5,1161,208873.5,TQBR
2019-07-18,178.5,184.0,172.0,175.0,23229,4066882.0,TQBR
2019-07-19,175.0,176.0,172.0,172.5,2176,378974.0,TQBR
2019-07-22,171.5,173.5,166.0,168.0,6166,1032750.5,TQBR
2019-07-23,167.5,168.5,158.0,163.0,4605,757891.0,TQBR
2019-07-24,163.5,163.5,154.5,157.0,4300,681421.5,TQBR
2019-07-25,160.0,160.0,155.0,155.5,6053,944550.5,TQBR
2019-07-26,154.5,160.5,153.5,156.5,2945,464062.5,TQBR
2019-07-29,154.0,157.5,152.0,154.0,1365,210259.5,TQBR
2019-07-30,153.0,161.5,152.0,154.0,1488,228976.5,TQBR
2019-07-31,152.5,154.0,147.5,149.0,7911,1183093.5,TQBR
2019-08-01,147.5,153.0,147.5,150.5,2320,349885.5,TQBR
2019-08-02,148.0,151.0,148.0,148.5,928,138954.0,TQBR
2019-08-05,148.0,149.5,146.5,148.0,3805,563959.5,TQBR
2019-08-06,146.5,147.5,144.0,145.0,1192,173283.0,TQBR
2019-08-07,145.0,147.0,137.0,138.0,2593,364841.5,TQBR
2019-08-08,139.5,139.5,116.0,125.5,7743,980024.0,TQBR
2019-08-09,121.0,125.5,109.5,113.5,18344,2089035.0,TQBR
2019-08-12,107.5,137.5,107.5,120.5,34666,4243778.0,TQBR
2019-08-13,119.5,125.5,115.0,123.5,27983,3354226.5,TQBR
2019-08-14,123.0,156.0,122.5,124.0,23223,3160529.5,TQBR
2019-08-15,127.0,127.0,120.0,124.0,841,102805.5,TQBR
2019-08-16,124.0,133.5,118.0,124.0,5873,729728.0,TQBR
2019-08-19,127.5,127.5,117.5,120.0,3251,391137.5,TQBR
2019-08-20,118.0,131.5,118.0,125.5,5051,639101.0,TQBR
2019-08-21,121.5,129.0,121.5,126.0,1173,147144.0,TQBR
2019-08-22,123.5,159.0,122.5,133.0,18528,2599955.5,TQBR
2019-08-23,133.0,144.0,133.0,137.0,5172,717410.5,TQBR
2019-08-26,133.0,138.5,133.0,136.5,2365,318484.0,TQBR
2019-08-27,137.0,147.5,135.0,143.0,4084,573837.0,TQBR
2019-08-28,143.5,149.5,139.5,143.5,2609,377216.5,TQBR
2019-08-29,139.0,159.0,139.0,154.5,19045,2918585.0,TQBR
2019-08-30,150.5,165.5,150.0,152.0,3358,519142.5,TQBR
2019-09-02,152.0,157.5,147.0,152.5,2715,417679.5,TQBR
2019-09-03,150.0,154.5,140.0,142.0,9558,1365125.5,TQBR
2019-09-04,143.5,144.5,135.5,141.0,2497,350744.5,TQBR
2019-09-05,141.5,150.5,140.0,146.0,4044,585762.0,TQBR
2019-09-06,141.5,147.0,140.0,143.5,3026,429172.5,TQBR
2019-09-09,141.5,146.0,140.0,142.5,1293,182752.5,TQBR
2019-09-10,142.5,143.5,139.0,142.0,517,72874.0,TQBR
2019-09-11,143.5,146.0,140.0,144.0,2330,334225.5,TQBR
2019-09-12,142.0,148.0,141.5,145.0,5575,817532.5,TQBR
2019-09-13,142.5,148.5,141.5,143.5,2362,340915.5,TQBR
2019-09-16,144.0,144.0,134.5,139.5,4345,601282.0,TQBR
2019-09-17,139.5,139.5,135.5,137.0,2134,291682.0,TQBR
2019-09-18,135.5,137.5,134.0,135.5,1593,216240.0,TQBR
2019-09-19,135.5,136.0,134.5,135.0,511,69105.5,TQBR
2019-09-20,136.5,137.5,134.5,135.5,908,123887.5,TQBR
2019-09-23,136.0,136.0,134.0,135.5,652,88124.0,TQBR
2019-09-24,135.5,136.5,134.0,135.5,459,62323.5,TQBR
2019-09-25,136.0,137.0,133.0,136.5,626,84510.0,TQBR
2019-09-26,136.5,137.0,128.0,135.0,1388,183780.5,TQBR
2019-09-27,133.5,135.0,133.0,135.0,130,17486.0,TQBR
2019-09-30,135.0,137.0,130.5,133.0,971,130569.0,TQBR
2019-10-01,133.0,136.5,133.0,134.5,1629,219611.5,TQBR
2019-10-02,134.5,135.0,128.5,134.0,1150,152546.0,TQBR
2019-10-03,131.5,133.5,129.0,132.0,736,97289.0,TQBR
2019-10-04,132.5,134.0,131.5,133.5,635,84119.0,TQBR
2019-10-07,131.0,134.0,130.5,132.0,1078,141444.5,TQBR
2019-10-08,132.0,134.0,132.0,133.5,1315,175541.0,TQBR
2019-10-09,132.0,135.5,132.0,134.0,396,53153.5,TQBR
2019-10-10,134.0,135.5,131.0,134.0,1497,198126.0,TQBR
2019-10-11,132.0,138.0,132.0,135.5,1849,251740.0,TQBR
2019-10-14,134.0,135.0,118.0,130.0,1678,214439.0,TQBR
2019-10-15,129.0,132.0,127.0,130.0,1322,170820.5,TQBR
2019-10-16,128.0,128.5,122.0,127.0,952,120098.5,TQBR
2019-10-17,126.0,131.0,126.0,129.0,2150,278123.5,TQBR
2019-10-18,129.5,134.0,127.0,134.0,1900,248429.5,TQBR
2019-10-21,131.0,136.5,130.0,135.0,2101,277758.5,TQBR
2019-10-22,135.5,137.0,133.0,136.5,765,104191.5,TQBR
2019-10-23,137.0,137.5,132.5,136.0,1925,259405.0,TQBR
2019-10-24,137.0,138.5,133.5,135.5,995,135229.5,TQBR
2019-10-25,139.0,139.0,135.0,136.5,4076,555628.5,TQBR
2019-10-28,135.0,138.0,132.0,137.0,1340,182241.0,TQBR
2019-10-29,138.0,138.0,133.0,135.0,1281,172419.5,TQBR
2019-10-30,134.5,139.0,134.5,137.5,423,58514.5,TQBR
2019-10-31,138.5,139.0,136.0,137.0,1266,175303.5,TQBR
2019-11-01,137.0,146.5,137.0,145.0,5411,771468.5,TQBR
2019-11-05,145.0,148.5,133.5,138.0,9499,1365758.0,TQBR
2019-11-06,139.0,139.5,134.0,136.0,1212,163774.0,TQBR
2019-11-07,136.0,136.5,132.0,135.0,1049,140672.0,TQBR
2019-11-08,135.0,135.0,130.5,132.0,2915,384424.0,TQBR
2019-11-11,132.5,132.5,131.5,132.0,926,122529.5,TQBR
2019-11-12,132.5,134.0,128.5,130.0,4117,538538.0,TQBR
2019-11-13,132.0,133.0,128.5,129.0,773,100070.5,TQBR
2019-11-14,129.0,129.0,127.0,128.0,410,52461.5,TQBR
2019-11-15,127.0,128.0,124.0,124.5,2532,316759.5,TQBR
2019-11-18,124.5,124.5,121.0,122.5,2919,359083.0,TQBR
2019-11-19,122.5,124.5,122.0,122.5,1863,228647.0,TQBR
2019-11-20,122.5,123.5,121.5,122.0,1019,124931.5,TQBR
2019-11-21,122.0,123.5,120.0,121.5,2636,318113.0,TQBR
2019-11-22,120.5,123.0,118.5,119.5,2094,251696.5,TQBR
2019-11-25,119.5,120.0,116.5,117.5,2135,251752.5,TQBR
2019-11-26,116.5,118.0,116.0,117.0,1136,132456.0,TQBR
2019-11-27,116.0,117.5,115.5,116.5,2709,315144.0,TQBR
2019-11-28,116.5,118.5,115.0,116.0,2484,289376.5,TQBR
2019-11-29,116.5,117.5,114.5,115.5,1515,174872.5,TQBR
2019-12-02,114.5,115.5,114.0,115.0,2315,266176.0,TQBR
2019-12-03,115.5,116.5,111.5,112.5,6439,732543.5,TQBR
2019-12-04,112.5,113.0,111.5,112.0,719,80546.5,TQBR
2019-12-05,112.0,112.5,110.0,111.0,1709,189039.0,TQBR
2019-12-06,110.0,116.0,109.0,114.5,2330,261560.5,TQBR
2019-12-09,114.5,114.5,112.0,112.0,778,87839.5,TQBR
2019-12-10,112.5,115.5,112.5,114.5,1627,185934.0,TQBR
2019-12-11,113.5,117.0,113.0,116.0,1761,203656.5,TQBR
2019-12-12,116.5,132.0,115.5,120.0,20750,2560175.0,TQBR
2019-12-13,120.0,123.0,118.0,122.0,2317,280216.5,TQBR
2019-12-16,122.5,122.5,117.0,122.0,2430,288995.0,TQBR
2019-12-17,119.0,122.0,117.0,120.0,1427,169884.5,TQBR
2019-12-18,120.0,122.0,115.0,117.5,2528,296164.5,TQBR
2019-12-19,118.0,119.5,115.0,118.5,2650,310563.0,TQBR
2019-12-20,117.5,120.5,117.5,119.0,235,27960.5,TQBR
2019-12-23,118.0,119.5,117.5,118.5,696,82474.0,TQBR
2019-12-24,118.0,119.0,117.0,117.5,549,64444.5,TQBR
2019-12-25,117.5,118.0,115.5,117.5,2143,249936.5,TQBR
2019-12-26,117.5,122.0,117.5,118.5,2042,244850.5,TQBR
2019-12-27,118.5,119.0,114.0,116.5,2139,247888.5,TQBR
2019-12-30,117.0,118.0,115.5,117.0,1903,223226.0,TQBR
2020-01-03,116.5,120.5,116.5,117.0,214,25442.0,TQBR
2020-01-06,117.0,119.0,117.0,119.0,2180,257242.5,TQBR
2020-01-08,117.5,118.5,112.5,117.5,3520,408550.5,TQBR
2020-01-09,117.5,118.0,116.0,118.0,448,52820.5,TQBR
2020-01-10,118.0,118.5,116.5,118.0,1932,226830.0,TQBR
2020-01-13,118.0,119.5,117.0,119.0,3701,439259.5,TQBR
2020-01-14,118.0,119.0,116.5,118.0,2105,249106.5,TQBR
2020-01-15,118.0,119.0,117.5,118.5,1730,205438.0,TQBR
2020-01-16,119.0,122.5,117.0,121.5,6830,818099.5,TQBR
2020-01-17,122.0,127.5,120.0,125.5,9536,1191549.5,TQBR
2020-01-20,125.5,142.5,125.0,133.0,21531,2778211.0,TQBR
2020-01-21,133.0,186.0,130.0,186.0,70905,11677588.5,TQBR
2020-01-22,204.5,239.0,172.5,180.0,154053,32056732.5,TQBR
2020-01-23,175.0,189.5,160.0,165.0,45849,7779352.5,TQBR
2020-01-24,163.5,198.0,160.0,175.5,63839,11695307.5,TQBR
2020-01-27,176.0,185.5,166.0,170.0,18791,3313867.5,TQBR
2020-01-28,172.0,172.0,163.0,170.0,8232,1380931.0,TQBR
2020-01-29,167.0,237.0,165.5,237.0,175385,37323032.0,TQBR
2020-01-30,259.0,259.5,183.5,199.5,161312,33630905.0,TQBR
2020-01-31,202.0,202.0,191.0,196.0,10598,2095604.0,TQBR
2020-02-03,197.5,197.5,183.0,191.5,14161,2687608.0,TQBR
2020-02-04,194.0,248.0,191.5,236.5,156780,34501648.5,TQBR
2020-02-05,239.0,265.0,217.5,222.0,140701,32874117.5,TQBR
2020-02-06,222.5,233.5,211.5,221.5,28157,6283072.5,TQBR
2020-02-07,218.0,220.0,197.5,213.0,17705,3715323.5,TQBR
2020-02-10,217.0,218.0,207.0,209.5,5942,1242990.0,TQBR
2020-02-11,211.0,230.0,210.0,216.5,48319,10670632.5,TQBR
2020-02-12,220.0,220.0,208.0,211.0,6631,1399547.5,TQBR
2020-02-13,215.5,216.5,209.5,210.5,3023,638944.0,TQBR
2020-02-14,212.0,215.0,202.0,205.0,8902,1834183.5,TQBR
2020-02-17,205.0,205.0,197.0,197.5,8277,1654757.5,TQBR
2020-02-18,197.5,218.5,197.0,205.5,21186,4462991.5,TQBR
2020-02-19,208.5,208.5,201.0,203.0,2487,505527.0,TQBR
2020-02-20,203.5,205.0,199.0,202.0,4495,901263.0,TQBR
2020-02-21,199.0,201.0,198.0,198.5,2237,445736.5,TQBR
2020-02-25,197.5,197.5,190.0,192.5,2719,526864.0,TQBR
2020-02-26,190.0,190.0,180.0,183.5,9688,1772944.0,TQBR
2020-02-27,187.0,187.0,170.0,171.0,5038,894514.0,TQBR
2020-02-28,169.0,175.0,140.0,155.5,7557,1158468.0,TQBR
2020-03-02,159.0,180.0,154.5,157.0,5151,852993.0,TQBR
2020-03-03,161.5,183.5,161.5,176.5,7881,1381799.5,TQBR
2020-03-04,176.5,176.5,169.0,173.0,1078,187091.0,TQBR
2020-03-05,173.0,175.5,169.0,172.0,1276,219540.5,TQBR
2020-03-06,168.0,168.0,150.5,159.0,3764,600764.0,TQBR
2020-03-10,143.5,152.0,122.5,142.0,18784,2537387.5,TQBR
2020-03-11,142.0,195.0,140.0,170.5,38022,6714302.0,TQBR
2020-03-12,164.5,166.0,142.0,146.0,9022,1366830.0,TQBR
2020-03-13,143.5,160.0,142.0,149.5,8247,1238611.0,TQBR
2020-03-16,141.5,158.0,136.0,150.0,2797,414939.5,TQBR
2020-03-17,154.0,159.0,142.5,146.0,2870,429829.5,TQBR
2020-03-18,147.5,147.5,137.5,139.5,2431,343285.5,TQBR
2020-03-19,139.0,150.0,134.0,143.0,3306,463998.0,TQBR
2020-03-20,145.0,150.0,142.0,143.5,4776,700766.0,TQBR
2020-03-23,145.5,148.5,137.0,146.0,2205,318933.0,TQBR
2020-03-24,146.0,153.5,146.0,148.5,3220,478214.0,TQBR
2020-03-25,149.5,162.0,149.5,153.0,3490,545148.0,TQBR
2020-03-26,157.0,210.0,157.0,177.0,26893,4751647.0,TQBR
2020-03-27,177.5,179.0,161.5,161.5,3618,601555.5,TQBR
2020-03-30,160.5,182.5,153.0,165.0,5319,880418.5,TQBR
2020-03-31,168.0,180.0,155.0,172.0,6050,1016096.0,TQBR
2020-04-01,169.0,172.0,166.0,169.0,1642,276813.5,TQBR
2020-04-02,167.0,168.0,165.0,167.5,1725,286606.0,TQBR
2020-04-03,169.0,170.0,164.5,169.0,1034,173154.5,TQBR
2020-04-06,170.0,173.0,165.5,172.5,4002,677103.5,TQBR
2020-04-07,172.0,189.0,167.0,174.0,9564,1697431.5,TQBR
2020-04-08,173.5,176.0,170.5,172.0,2393,412732.0,TQBR
2020-04-09,173.0,181.0,165.0,174.0,11915,2075954.0,TQBR
2020-04-10,171.5,175.0,167.5,172.5,1097,188536.5,TQBR
2020-04-13,174.5,174.5,167.5,173.0,1321,225256.5,TQBR
2020-04-14,170.5,176.5,169.5,174.5,1946,336126.0,TQBR
2020-04-15,172.5,172.5,160.0,165.0,3324,555158.5,TQBR
2020-04-16,168.0,172.0,162.0,171.5,1054,176568.5,TQBR
2020-04-17,173.5,173.5,166.0,172.0,541,92185.5,TQBR
2020-04-20,169.5,172.0,169.5,171.5,832,142950.0,TQBR
2020-04-21,168.5,171.5,165.5,168.5,491,82773.5,TQBR
2020-04-22,171.0,172.0,160.0,169.0,2180,361220.0,TQBR
2020-04-23,169.5,169.5,166.5,168.5,740,124671.0,TQBR
2020-04-24,166.5,168.5,166.0,167.0,142,23729.5,TQBR
2020-04-27,164.0,169.5,164.0,166.0,420,70359.5,TQBR
2020-04-28,169.5,169.5,165.5,169.0,688,115567.5,TQBR
2020-04-29,169.0,169.5,167.5,169.5,1087,184097.0,TQBR
2020-04-30,170.0,170.0,167.0,168.5,111,18759.5,TQBR
2020-05-04,169.5,170.0,167.0,168.0,282,47734.5,TQBR
2020-05-05,168.5,168.5,158.0,165.0,1902,310962.5,TQBR
2020-05-06,166.5,206.0,166.0,175.0,70863,13319940.0,TQBR
2020-05-07,181.0,185.5,172.0,182.0,10899,1940707.0,TQBR
2020-05-08,183.0,183.5,175.0,177.5,4147,737745.5,TQBR
2020-05-12,178.5,179.0,170.5,175.5,2134,373856.5,TQBR
2020-05-13,176.0,184.5,173.0,173.0,6034,1071892.5,TQBR
2020-05-14,172.5,179.5,172.0,173.0,1346,235545.0,TQBR
2020-05-15,175.0,177.5,174.5,176.0,864,152444.0,TQBR
2020-05-18,175.0,176.5,172.5,174.5,1686,292352.5,TQBR
2020-05-19,176.0,194.5,174.0,175.0,2964,539386.0,TQBR
2020-05-20,177.0,177.0,174.0,175.0,937,163714.5,TQBR
2020-05-21,175.5,178.5,172.0,173.0,2693,467109.5,TQBR
2020-05-22,175.0,175.0,172.0,173.0,1243,215180.5,TQBR
2020-05-25,173.5,175.0,172.0,174.0,564,97824.5,TQBR
2020-05-26,174.5,175.5,173.5,175.0,1727,301276.5,TQBR
2020-05-27,176.0,176.0,173.0,173.5,1359,237022.5,TQBR
2020-05-28,174.5,183.0,173.0,176.0,1973,346536.5,TQBR
2020-05-29,175.5,182.5,172.5,174.5,1071,190892.0,TQBR
2020-06-01,178.5,184.0,175.0,179.5,3226,584342.5,TQBR
2020-06-02,181.0,182.5,178.0,178.5,379,67990.5,TQBR
2020-06-03,177.5,181.0,171.0,176.5,3023,526822.5,TQBR
2020-06-04,176.5,177.0,171.0,173.0,1546,266941.5,TQBR
2020-06-05,174.0,175.0,171.0,173.0,1573,270886.5,TQBR
2020-06-08,172.5,174.5,171.5,173.0,495,85533.5,TQBR
2020-06-09,172.5,173.0,169.5,171.0,734,125102.0,TQBR
2020-06-10,171.0,172.5,170.0,171.0,712,122117.5,TQBR
2020-06-11,170.0,171.0,169.0,169.5,584,99147.0,TQBR
2020-06-15,171.5,172.0,169.0,169.0,414,70612.5,TQBR
2020-06-16,170.0,171.5,169.5,170.0,357,61134.0,TQBR
2020-06-17,171.5,171.5,168.5,169.5,555,94201.0,TQBR
2020-06-18,168.0,170.5,166.0,167.0,3796,631553.5,TQBR
2020-06-19,167.0,167.5,165.0,165.0,1572,260400.0,TQBR
2020-06-22,167.5,167.5,160.0,163.5,1247,202734.5,TQBR
2020-06-23,160.5,167.0,160.5,164.0,2523,417225.5,TQBR
2020-06-25,164.0,164.0,155.5,163.5,2360,378816.0,TQBR
2020-06-26,161.5,163.0,160.0,161.5,533,86287.0,TQBR
2020-06-29,161.5,165.5,159.0,159.5,2089,343082.0,TQBR
2020-06-30,163.0,165.5,159.5,165.0,618,100909.5,TQBR
2020-07-02,161.5,165.0,161.0,164.5,1241,201452.5,TQBR
2020-07-03,165.0,165.0,161.5,164.0,457,74408.0,TQBR
2020-07-06,162.0,165.0,162.0,164.0,245,39893.5,TQBR
2020-07-07,164.0,164.0,162.0,163.5,123,19975.0,TQBR
2020-07-08,165.0,165.0,160.0,161.5,562,90447.0,TQBR
2020-07-09,158.0,162.0,158.0,159.5,1404,225152.5,TQBR
2020-07-10,160.0,161.0,158.5,159.0,204,32569.0,TQBR
2020-07-13,158.0,166.5,158.0,162.0,1583,259423.0,TQBR
2020-07-14,160.5,164.0,160.5,160.5,166,26928.5,TQBR
2020-07-15,160.5,164.5,160.5,162.5,342,55679.5,TQBR
2020-07-16,165.0,171.0,160.0,163.0,3456,568073.0,TQBR
2020-07-17,164.0,191.0,158.5,161.0,33367,5849415.0,TQBR
2020-07-20,163.5,170.0,159.5,167.0,8414,1386569.0,TQBR
2020-07-21,166.0,167.0,161.0,163.5,6758,1098379.0,TQBR
2020-07-22,164.0,166.0,162.0,166.0,2171,356513.0,TQBR
2020-07-23,167.0,168.0,163.5,164.0,442,72879.0,TQBR
2020-07-24,165.0,165.0,161.0,163.0,1092,177343.0,TQBR
2020-07-27,161.5,165.0,161.5,164.5,817,133430.0,TQBR
2020-07-28,162.5,179.0,161.5,178.0,9403,1585058.5,TQBR
2020-07-29,178.0,178.0,166.0,169.5,2413,416209.0,TQBR
2020-07-30,173.5,195.0,170.0,181.0,17509,3201986.0,TQBR
2020-07-31,184.5,225.0,181.0,184.0,85288,17456440.0,TQBR
2020-08-03,185.0,193.0,174.5,180.5,13434,2440569.5,TQBR
2020-08-04,180.0,215.0,174.5,191.0,77837,15787411.5,TQBR
2020-08-05,193.0,205.0,191.5,196.0,9703,1921477.5,TQBR
2020-08-06,195.5,200.0,186.5,190.5,7644,1461132.5,TQBR
2020-08-07,189.0,193.5,181.5,190.0,4225,787716.5,TQBR
2020-08-10,193.0,193.0,186.5,191.5,806,153721.0,TQBR
2020-08-11,191.5,194.0,186.0,190.0,5949,1126230.0,TQBR
2020-08-12,193.0,193.0,185.0,193.0,3204,607928.5,TQBR
2020-08-13,193.0,193.0,188.0,193.0,2406,460067.0,TQBR
2020-08-14,193.0,205.0,188.0,194.0,7278,1418854.5,TQBR
2020-08-17,190.0,193.5,189.5,193.0,1468,281962.5,TQBR
2020-08-18,190.0,193.0,190.0,192.0,426,81606.0,TQBR
2020-08-19,192.5,195.5,191.0,192.0,1563,301540.5,TQBR
2020-08-20,198.5,199.0,189.0,191.0,1525,291448.0,TQBR
2020-08-21,193.0,193.0,188.0,190.0,714,135386.5,TQBR
2020-08-24,192.0,192.0,187.5,189.5,392,74144.5,TQBR
2020-08-25,190.0,190.0,188.5,189.5,289,54587.5,TQBR
2020-08-26,191.0,192.0,187.5,188.0,2502,473293.5,TQBR
2020-08-27,190.5,192.0,183.5,189.5,2280,426373.5,TQBR
2020-08-28,189.0,190.5,186.0,189.5,557,104928.5,TQBR
2020-08-31,190.0,190.0,186.0,186.0,1096,204746.5,TQBR
2020-09-01,185.5,187.5,183.5,185.0,465,85825.5,TQBR
2020-09-02,187.5,192.0,185.0,187.5,1943,367978.0,TQBR
2020-09-03,184.5,191.0,184.5,186.0,558,104353.5,TQBR
2020-09-04,188.0,188.0,180.5,180.5,1304,238321.0,TQBR
2020-09-07,181.5,186.0,172.0,181.0,1663,297728.0,TQBR
2020-09-08,184.5,186.0,177.5,178.0,1606,291374.0,TQBR
2020-09-09,179.5,184.5,115.0,174.5,5960,947211.0,TQBR
2020-09-10,173.5,178.5,173.0,176.0,424,74349.5,TQBR
2020-09-11,177.0,177.0,172.0,176.0,997,173406.0,TQBR
2020-09-14,177.0,178.5,171.5,176.0,721,126353.0,TQBR
2020-09-15,176.0,178.0,173.0,175.0,483,84353.0,TQBR
2020-09-16,178.0,178.0,173.5,175.0,821,142988.0,TQBR
2020-09-17,173.0,176.0,172.5,176.0,813,140668.5,TQBR
2020-09-18,175.5,175.5,172.5,172.5,99,17151.5,TQBR
2020-09-21,172.0,175.5,168.5,169.5,1262,214024.0,TQBR
2020-09-22,173.0,173.5,167.0,167.0,479,81094.0,TQBR
2020-09-23,167.5,167.5,155.0,161.0,3313,537708.0,TQBR
2020-09-24,164.0,186.0,161.0,172.5,7617,1298848.5,TQBR
2020-09-25,168.5,175.0,166.5,169.5,996,169627.5,TQBR
2020-09-28,173.5,176.5,168.0,168.5,878,149882.0,TQBR
2020-09-29,172.5,177.0,170.0,175.5,2494,436000.0,TQBR
2020-09-30,175.0,175.0,172.5,174.0,396,68726.0,TQBR
2020-10-01,175.5,175.5,171.5,172.5,826,142633.5,TQBR
2020-10-02,171.5,173.5,171.5,173.5,255,43762.0,TQBR
2020-10-05,170.0,171.0,167.0,170.0,1481,251195.5,TQBR
2020-10-06,169.0,170.5,167.0,168.5,521,87979.5,TQBR
2020-10-07,170.0,171.0,166.5,167.5,748,126232.0,TQBR
2020-10-08,168.0,169.0,166.0,166.5,515,85987.5,TQBR
2020-10-09,168.0,168.0,162.5,164.5,1413,231295.0,TQBR
2020-10-12,162.5,164.0,160.0,164.0,1613,261945.5,TQBR
2020-10-13,163.5,164.5,159.5,162.0,461,74618.0,TQBR
2020-10-14,162.0,164.5,162.0,164.5,286,46644.0,TQBR
2020-10-15,163.0,164.0,161.0,163.0,412,66624.5,TQBR
2020-10-16,161.0,162.5,159.5,162.0,266,42849.5,TQBR
2020-10-19,161.5,162.0,150.0,150.0,4778,734216.5,TQBR
2020-10-20,152.5,158.0,150.0,155.5,3402,520608.0,TQBR
2020-10-21,155.5,156.5,153.5,154.5,1225,189498.0,TQBR
2020-10-22,154.5,156.0,152.0,153.0,1097,168589.5,TQBR
2020-10-23,153.0,157.5,152.5,155.0,782,121554.5,TQBR
2020-10-26,157.5,158.5,155.0,155.5,968,151228.5,TQBR
2020-10-27,155.0,155.0,151.0,152.0,1051,160311.5,TQBR
2020-10-28,152.5,153.5,149.5,149.5,745,112559.0,TQBR
2020-10-29,149.5,152.0,147.5,150.0,951,142879.5,TQBR
2020-10-30,150.0,151.0,141.5,144.0,1674,245656.0,TQBR
2020-11-02,143.5,146.5,142.0,146.0,1196,173752.5,TQBR
2020-11-03,148.0,148.0,142.0,145.0,1707,245859.0,TQBR
2020-11-05,148.0,148.5,143.5,146.0,1383,200829.0,TQBR
2020-11-06,146.0,147.5,144.0,146.5,376,54944.5,TQBR
2020-11-09,147.5,147.5,144.0,146.0,1724,253463.5,TQBR
2020-11-10,145.0,163.5,144.5,152.5,3595,539225.5,TQBR
2020-11-11,153.0,155.5,151.0,154.0,2232,343699.0,TQBR
2020-11-12,151.0,154.5,151.0,153.0,222,33912.5,TQBR
2020-11-13,157.0,158.5,148.0,153.0,608,92052.5,TQBR
2020-11-16,158.0,158.5,151.5,153.0,958,147517.0,TQBR
2020-11-17,155.5,155.5,150.0,150.0,1613,243532.0,TQBR
2020-11-18,151.0,154.0,146.5,151.5,2967,446214.0,TQBR
2020-11-19,150.5,153.0,148.5,151.5,1473,223644.0,TQBR
2020-11-20,153.0,153.0,150.0,151.0,775,116810.5,TQBR
2020-11-23,149.0,152.0,149.0,150.0,243,36814.0,TQBR
2020-11-24,147.0,153.0,147.0,151.0,656,99313.5,TQBR
2020-11-25,152.5,153.0,150.5,152.5,392,59569.0,TQBR
2020-11-26,152.5,152.5,150.5,152.5,552,83679.0,TQBR
2020-11-27,152.5,152.5,150.5,152.0,80,12128.5,TQBR
2020-11-30,152.0,152.5,150.5,151.5,264,39921.5,TQBR
2020-12-01,150.0,153.0,150.0,152.0,656,100120.5,TQBR
2020-12-02,153.0,179.5,153.0,166.0,22772,3796598.0,TQBR
2020-12-03,164.5,171.0,158.0,158.0,5401,881148.5,TQBR
2020-12-04,162.5,177.0,162.5,168.5,10870,1859211.0,TQBR
2020-12-07,168.5,168.5,157.5,167.0,4234,686748.0,TQBR
2020-12-08,166.5,171.5,163.0,163.0,2267,378425.5,TQBR
2020-12-09,163.0,171.0,162.5,163.5,4178,690087.0,TQBR
2020-12-10,167.0,167.0,162.0,163.5,618,101272.5,TQBR
2020-12-11,166.5,166.5,160.0,164.0,1592,257631.0,TQBR
2020-12-14,164.0,164.0,160.0,164.0,1506,243357.0,TQBR
2020-12-15,164.0,164.5,160.0,162.5,2657,427894.0,TQBR
2020-12-16,160.5,164.0,160.0,162.5,1412,228869.5,TQBR
2020-12-17,161.0,164.0,160.0,161.5,957,154336.0,TQBR
2020-12-18,160.5,163.0,159.5,161.5,1063,171109.0,TQBR
2020-12-21,160.5,161.0,157.5,160.0,476,75785.5,TQBR
2020-12-22,160.0,164.0,157.5,160.0,1810,289560.5,TQBR
2020-12-23,159.0,161.0,158.5,160.5,670,107346.0,TQBR
2020-12-24,160.5,167.0,158.5,165.0,1718,280089.0,TQBR
2020-12-25,167.0,167.0,163.5,166.0,2027,333862.5,TQBR
2020-12-28,161.5,183.0,161.5,168.0,10691,1841363.0,TQBR
2020-12-29,169.0,169.0,162.5,166.5,2490,411166.5,TQBR
2020-12-30,162.0,171.5,162.0,166.0,906,150100.0,TQBR
2021-01-04,166.0,167.5,163.5,166.5,621,102947.0,TQBR
2021-01-05,164.0,179.5,164.0,172.0,3249,557765.5,TQBR
2021-01-06,171.5,172.0,167.0,171.0,929,157510.5,TQBR
2021-01-08,166.0,173.5,166.0,170.5,2823,482442.0,TQBR
2021-01-11,173.5,190.5,173.5,182.0,15515,2833672.5,TQBR
2021-01-12,177.5,194.0,177.5,186.0,11025,2066458.0,TQBR
2021-01-13,189.5,193.5,184.0,185.5,8217,1532091.0,TQBR
2021-01-14,185.5,189.5,180.0,182.0,1247,230281.0,TQBR
2021-01-15,183.0,187.0,180.0,181.0,1104,201639.0,TQBR
2021-01-18,180.5,184.0,179.5,183.0,2188,395629.5,TQBR
2021-01-19,182.5,186.5,180.0,180.0,754,137146.5,TQBR
2021-01-20,180.0,190.0,180.0,189.0,8126,1513809.5,TQBR
2021-01-21,185.0,189.0,182.5,183.0,1287,237168.0,TQBR
2021-01-22,182.0,186.5,179.5,183.0,2412,439861.5,TQBR
2021-01-25,181.0,184.5,181.0,182.5,269,49223.0,TQBR
2021-01-26,183.0,186.0,181.5,183.0,604,110453.5,TQBR
2021-01-27,182.0,186.0,182.0,184.0,537,99312.0,TQBR
2021-01-28,185.0,191.5,183.5,183.5,1702,320401.0,TQBR
2021-01-29,189.5,189.5,179.5,179.5,1029,186061.5,TQBR
2021-02-01,186.5,186.5,180.5,184.0,702,128627.0,TQBR
2021-02-02,184.0,184.0,175.5,180.5,1383,247957.0,TQBR
2021-02-03,178.0,182.0,178.0,178.5,2481,443557.5,TQBR
2021-02-04,179.0,186.0,177.5,181.5,4845,883691.5,TQBR
2021-02-05,181.5,183.5,177.0,178.0,1749,312616.5,TQBR
2021-02-08,177.0,180.0,177.0,178.5,707,126491.0,TQBR
2021-02-09,179.5,179.5,176.0,178.5,578,102533.5,TQBR
2021-02-10,176.0,179.5,176.0,176.5,1250,220382.0,TQBR
2021-02-11,179.0,179.5,173.5,175.5,928,162441.0,TQBR
2021-02-12,174.0,175.0,171.5,174.0,654,113579.5,TQBR
2021-02-15,176.0,176.5,171.0,176.0,971,168907.0,TQBR
2021-02-16,175.5,178.0,171.0,174.0,782,137288.0,TQBR
2021-02-17,174.5,177.0,171.5,174.5,595,103408.5,TQBR
2021-02-18,174.5,176.5,172.0,173.0,922,159712.5,TQBR
2021-02-19,173.0,174.0,169.0,170.5,1309,223816.0,TQBR
2021-02-20,179.0,179.0,170.0,175.0,598,102965.0,TQBR
2021-02-22,177.5,227.5,177.5,188.5,169182,35549820.0,TQBR
2021-02-24,186.0,188.0,172.0,178.5,23603,4186743.0,TQBR
2021-02-25,179.5,180.0,170.0,173.0,8099,1397131.0,TQBR
2021-02-26,175.0,178.0,170.0,172.5,4630,799804.5,TQBR
2021-03-01,172.0,177.5,170.0,173.0,2570,442598.0,TQBR
2021-03-02,173.0,173.5,165.0,171.0,4275,726200.5,TQBR
2021-03-03,172.0,172.5,168.0,169.5,3193,541765.0,TQBR
2021-03-04,169.5,169.5,165.0,168.5,1980,331082.0,TQBR
2021-03-05,167.5,172.5,165.0,166.0,911,152351.0,TQBR
2021-03-09,165.5,169.0,163.0,168.5,407,68160.5,TQBR
2021-03-10,168.5,168.5,165.5,168.0,520,87015.5,TQBR
2021-03-11,166.0,174.0,166.0,169.5,1398,236977.5,TQBR
2021-03-12,168.0,171.5,168.0,169.5,611,103875.5,TQBR
2021-03-15,167.5,170.0,166.0,168.0,1922,322305.5,TQBR
2021-03-16,167.0,168.5,165.5,167.0,940,156505.0,TQBR
2021-03-17,166.5,168.0,165.5,166.5,681,113469.0,TQBR
2021-03-18,168.0,173.5,165.5,167.0,726,121247.5,TQBR
2021-03-19,168.0,174.0,165.0,166.0,768,128656.5,TQBR
2021-03-22,168.5,170.0,166.0,166.5,605,102214.0,TQBR
2021-03-23,165.5,168.5,165.5,165.5,613,101707.0,TQBR
2021-03-24,165.5,167.5,165.5,165.5,466,77359.5,TQBR
2021-03-25,165.5,170.0,165.5,168.0,375,62830.5,TQBR
2021-03-26,167.5,169.0,167.5,168.0,589,98844.0,TQBR
2021-03-29,169.0,170.0,165.5,168.0,814,136064.5,TQBR
2021-03-30,166.0,198.5,166.0,171.0,53857,9826516.5,TQBR
2021-03-31,173.5,178.5,167.0,171.5,6689,1141267.5,TQBR
2021-04-01,172.5,174.5,169.0,171.5,2375,406537.5,TQBR
2021-04-02,171.0,175.0,168.5,172.0,3889,665274.5,TQBR
2021-04-05,169.5,172.5,169.5,171.5,1817,309995.5,TQBR
2021-04-06,170.5,172.5,170.0,171.5,799,136732.0,TQBR
2021-04-07,170.5,172.0,170.0,170.0,497,84919.5,TQBR
2021-04-08,170.5,172.5,168.5,171.5,560,95575.5,TQBR
2021-04-09,172.0,173.0,170.5,171.0,358,61403.5,TQBR
2021-04-12,172.0,173.0,169.0,172.0,977,166835.0,TQBR
2021-04-13,170.0,171.5,169.0,171.5,904,153576.5,TQBR
2021-04-14,171.0,172.0,170.0,171.0,532,90863.0,TQBR
2021-04-15,170.0,175.0,170.0,171.0,2380,410567.0,TQBR
2021-04-16,173.5,178.0,171.0,178.0,3406,594443.0,TQBR
2021-04-19,180.0,211.5,179.0,186.0,118683,23191034.5,TQBR
2021-04-20,186.0,189.0,173.0,177.0,25492,4549446.0,TQBR
2021-04-21,175.5,177.0,170.5,176.5,6811,1184620.0,TQBR
2021-04-22,174.5,187.0,174.5,180.0,9267,1670685.0,TQBR
2021-04-23,178.0,181.0,174.0,177.0,5443,963245.0,TQBR
2021-04-26,176.5,176.5,171.5,173.5,7518,1298725.0,TQBR
2021-04-27,174.5,175.5,171.0,173.0,5354,919022.0,TQBR
2021-04-28,173.0,173.0,170.0,171.5,2834,484817.5,TQBR
2021-04-29,171.5,172.0,169.0,170.5,1552,264393.0,TQBR
2021-04-30,170.5,171.0,168.5,170.5,616,104925.5,TQBR
2021-05-04,172.0,173.0,169.0,170.5,348,59254.5,TQBR
2021-05-05,170.0,172.5,170.0,170.0,526,90150.0,TQBR
2021-05-06,172.0,175.0,170.0,170.5,1281,219631.5,TQBR
2021-05-07,172.0,174.0,170.0,173.0,910,157021.0,TQBR
2021-05-10,174.5,179.0,172.0,176.5,3178,557450.5,TQBR
2021-05-11,176.5,176.5,170.5,170.5,901,155274.0,TQBR
2021-05-12,172.5,177.0,172.5,174.5,623,109177.0,TQBR
2021-05-13,175.5,176.0,171.0,173.5,1000,172999.0,TQBR
2021-05-14,176.0,179.0,171.5,173.0,1416,248004.0,TQBR
2021-05-17,172.5,177.0,172.5,177.0,1754,307662.0,TQBR
2021-05-18,177.0,178.0,174.0,176.0,4941,874387.5,TQBR
2021-05-19,176.5,176.5,174.5,175.0,302,52879.5,TQBR
2021-05-20,176.5,178.0,173.5,176.0,680,119432.0,TQBR
2021-05-21,177.0,177.0,173.5,173.5,665,116365.0,TQBR
2021-05-24,173.0,178.0,170.5,174.5,1097,190116.0,TQBR
2021-05-25,172.5,177.0,172.0,174.5,642,111549.0,TQBR
2021-05-26,174.0,174.5,172.5,173.0,326,56641.5,TQBR
2021-05-27,174.5,175.0,171.0,171.5,1110,190399.0,TQBR
2021-05-28,176.5,177.5,171.5,172.5,905,158346.0,TQBR
2021-05-31,172.0,175.5,171.5,174.0,250,43267.0,TQBR
2021-06-01,174.0,175.5,173.0,175.5,241,42081.0,TQBR
2021-06-02,175.0,176.5,173.0,174.0,760,133097.0,TQBR
2021-06-03,178.0,178.0,170.5,173.0,657,113113.0,TQBR
2021-06-04,173.0,176.0,171.5,174.5,1493,258705.5,TQBR
2021-06-07,175.0,175.5,171.0,173.5,728,125979.0,TQBR
2021-06-08,175.0,175.5,174.0,174.0,442,77248.0,TQBR
2021-06-09,175.0,175.5,173.0,173.0,169,29498.5,TQBR
2021-06-10,177.0,178.0,173.0,174.0,664,116847.5,TQBR
2021-06-11,174.5,175.0,173.0,173.5,3236,561652.0,TQBR
2021-06-14,173.5,176.0,173.0,173.5,356,62065.0,TQBR
2021-06-15,175.5,176.5,173.5,174.5,612,107427.0,TQBR
2021-06-16,176.0,176.0,172.0,172.0,1951,338535.0,TQBR
2021-06-17,172.0,175.0,172.0,174.5,1591,275139.0,TQBR
2021-06-18,175.0,177.0,172.5,173.0,1178,204294.0,TQBR
2021-06-21,173.5,174.0,172.0,173.0,866,149758.0,TQBR
2021-06-22,174.5,174.5,172.0,172.0,219,37741.5,TQBR
2021-06-23,172.0,173.5,171.5,172.5,932,160656.0,TQBR
2021-06-24,172.5,172.5,171.0,171.5,1349,231258.0,TQBR
2021-06-25,173.0,173.0,171.0,171.0,133,22786.0,TQBR
2021-06-28,172.5,174.0,171.0,172.5,624,107572.5,TQBR
2021-06-29,174.0,174.5,170.0,171.0,2032,349759.5,TQBR
2021-06-30,174.0,174.5,171.0,174.0,1101,190990.0,TQBR
2021-07-01,173.0,174.0,170.5,172.5,852,146817.0,TQBR
2021-07-02,171.5,174.5,171.5,173.0,1125,193507.0,TQBR
2021-07-05,173.0,173.0,171.0,172.5,215,37000.5,TQBR
2021-07-06,171.5,174.0,171.0,172.0,936,160584.5,TQBR
2021-07-07,172.5,172.5,171.0,171.0,796,136317.0,TQBR
2021-07-08,172.5,172.5,167.0,169.0,997,169191.0,TQBR
2021-07-09,169.0,169.5,165.5,168.5,3841,641288.0,TQBR
2021-07-12,167.5,168.0,164.5,168.0,419,69313.0,TQBR
2021-07-13,168.0,168.0,165.0,166.0,406,67857.0,TQBR
2021-07-14,166.0,167.0,160.0,164.5,1931,315162.5,TQBR
2021-07-15,167.0,167.5,161.5,163.5,325,53164.5,TQBR
2021-07-16,163.5,164.0,160.0,160.5,1166,187124.5,TQBR
2021-07-19,163.5,163.5,159.0,162.0,398,64033.5,TQBR
2021-07-20,162.5,162.5,160.0,162.0,258,41614.0,TQBR
2021-07-21,162.0,164.0,162.0,163.5,622,101010.5,TQBR
2021-07-22,169.0,169.0,162.5,164.5,217,35628.5,TQBR
2021-07-23,169.0,169.0,156.0,165.0,999,162276.0,TQBR
2021-07-26,167.5,169.0,159.0,163.0,650,107053.5,TQBR
2021-07-27,166.0,169.0,160.0,167.5,627,104007.0,TQBR
2021-07-28,168.0,169.0,162.0,166.5,66,10945.5,TQBR
2021-07-29,168.5,168.5,163.0,166.5,65,10792.0,TQBR
2021-07-30,166.5,168.0,166.0,166.0,38,6361.0,TQBR
2021-08-02,165.0,167.5,165.0,165.0,304,50575.0,TQBR
2021-08-03,165.0,165.0,160.0,163.0,631,102430.0,TQBR
2021-08-04,162.5,168.0,162.5,164.0,2181,359054.5,TQBR
2021-08-05,166.0,170.0,164.0,165.0,724,120488.0,TQBR
2021-08-06,165.0,167.0,164.5,165.0,125,20731.5,TQBR
2021-08-09,164.0,164.5,164.0,164.0,253,41596.5,TQBR
2021-08-10,164.0,168.0,163.5,167.5,929,153915.0,TQBR
2021-08-11,169.0,169.0,165.0,166.0,137,22819.5,TQBR
2021-08-12,170.0,170.0,163.5,164.5,1932,316928.5,TQBR
2021-08-13,164.0,165.0,163.0,163.5,643,105310.5,TQBR
2021-08-16,163.0,168.0,163.0,164.0,443,73027.5,TQBR
2021-08-17,166.0,169.0,164.5,167.5,231,38497.5,TQBR
2021-08-18,168.5,168.5,163.0,165.5,635,104833.5,TQBR
2021-08-19,165.0,175.5,165.0,165.0,937,156496.0,TQBR
2021-08-20,166.0,169.5,165.0,168.0,232,38580.0,TQBR
2021-08-23,166.0,169.5,165.0,166.5,613,102048.5,TQBR
2021-08-24,165.0,169.5,165.0,167.5,287,47979.0,TQBR
2021-08-25,167.0,234.0,167.0,234.0,138489,29586375.0,TQBR
2021-08-26,257.0,311.5,209.0,227.5,233775,60862004.0,TQBR
2021-08-27,235.0,239.0,204.5,212.5,32122,6857323.0,TQBR
2021-08-30,212.5,217.0,197.5,208.5,29484,6046482.0,TQBR
2021-08-31,211.0,212.0,199.5,202.5,11001,2234073.0,TQBR
2021-09-01,199.0,209.0,199.0,204.0,6349,1292459.5,TQBR
2021-09-02,203.5,206.5,201.0,202.0,2141,437782.5,TQBR
2021-09-03,201.0,207.0,201.0,205.5,3462,709309.5,TQBR
2021-09-06,206.5,208.0,202.0,204.0,2410,491381.5,TQBR
2021-09-07,206.5,206.5,196.0,200.5,3241,649647.0,TQBR
2021-09-08,196.0,201.5,191.0,193.5,6562,1273753.5,TQBR
2021-09-09,200.0,202.0,186.0,188.0,10580,2007455.5,TQBR
2021-09-10,189.5,190.0,185.0,186.0,3198,598523.0,TQBR
2021-09-13,190.0,190.0,183.0,186.5,4695,877699.0,TQBR
2021-09-14,187.0,190.0,180.0,188.0,4152,768990.0,TQBR
2021-09-15,188.5,188.5,180.0,183.5,2929,534227.0,TQBR
2021-09-16,184.0,184.0,180.5,182.5,1254,228209.0,TQBR
2021-09-17,184.5,186.0,180.0,185.5,746,136465.5,TQBR
2021-09-20,182.0,197.0,181.5,192.0,3004,571352.0,TQBR
2021-09-21,189.0,195.0,186.0,192.0,1274,241337.5,TQBR
2021-09-22,192.0,193.0,180.0,189.0,4701,865783.5,TQBR
2021-09-23,190.0,191.0,183.0,184.5,2565,473743.5,TQBR
2021-09-24,187.5,191.0,183.5,191.0,1553,290156.0,TQBR
2021-09-27,191.0,192.0,182.0,190.5,1872,351684.5,TQBR
2021-09-28,188.5,191.0,185.5,188.5,857,160673.5,TQBR
2021-09-29,185.5,189.5,185.5,188.0,696,129913.0,TQBR
2021-09-30,188.0,188.0,184.0,184.0,887,165054.0,TQBR
2021-10-01,185.0,216.0,181.0,185.5,32919,6475087.5,TQBR
2021-10-04,185.5,187.5,181.0,183.0,4893,895360.0,TQBR
2021-10-05,182.5,183.0,177.5,180.5,5469,986817.5,TQBR
2021-10-06,181.0,187.0,179.0,180.0,3595,655041.5,TQBR
2021-10-07,180.0,187.0,178.0,179.0,1371,248264.5,TQBR
2021-10-08,183.0,190.0,181.5,184.5,3981,734282.0,TQBR
2021-10-11,183.5,185.0,179.0,183.0,3296,598735.0,TQBR
2021-10-12,182.5,183.0,180.5,183.0,1124,204347.0,TQBR
2021-10-13,184.0,196.0,177.0,187.0,12245,2301356.0,TQBR
2021-10-14,192.0,196.0,183.0,192.0,6686,1267125.0,TQBR
2021-10-15,194.0,194.0,185.0,190.0,2067,391584.0,TQBR
2021-10-18,192.5,195.0,183.0,186.5,3507,657492.0,TQBR
2021-10-19,188.0,191.0,185.0,188.5,1570,296717.5,TQBR
2021-10-20,191.5,191.5,184.5,189.5,2687,501162.0,TQBR
2021-10-21,187.0,191.0,185.5,188.0,1385,259863.0,TQBR
2021-10-22,186.0,191.0,185.5,187.5,1247,234937.5,TQBR
2021-10-25,188.0,190.0,186.5,187.5,1052,198339.5,TQBR
2021-10-26,189.5,189.5,186.0,187.5,439,82385.0,TQBR
2021-10-27,189.5,189.5,186.0,186.5,832,155922.0,TQBR
2021-10-28,188.0,188.0,183.0,185.5,794,147176.0,TQBR
2021-10-29,185.0,185.5,181.0,182.0,1916,351325.5,TQBR
2021-11-01,184.0,186.5,184.0,186.0,1770,328003.5,TQBR
2021-11-02,186.0,188.0,184.0,184.5,257,47824.5,TQBR
2021-11-03,187.0,187.0,182.0,185.0,573,105436.5,TQBR
2021-11-05,185.5,186.0,183.0,184.0,754,138781.0,TQBR
2021-11-08,182.5,185.5,182.0,184.0,463,84841.5,TQBR
2021-11-09,182.0,187.0,182.0,183.0,611,113017.5,TQBR
2021-11-10,185.5,185.5,181.0,182.5,859,157047.0,TQBR
2021-11-11,181.5,185.0,179.5,179.5,1931,349381.0,TQBR
2021-11-12,183.0,183.0,177.0,179.0,1847,330079.5,TQBR
2021-11-15,180.5,190.0,178.0,180.0,6107,1120289.5,TQBR
2021-11-16,180.5,182.0,178.0,180.0,2316,416170.0,TQBR
2021-11-17,182.0,187.0,178.5,182.5,1683,307012.0,TQBR
2021-11-18,182.5,183.0,179.0,180.0,756,136380.0,TQBR
2021-11-19,180.5,182.0,169.5,173.5,5185,909371.5,TQBR
2021-11-22,173.0,177.5,168.5,175.0,944,164457.0,TQBR
2021-11-23,177.0,182.0,168.0,173.0,1806,315125.0,TQBR
2021-11-24,173.0,178.5,172.0,174.5,203,35303.5,TQBR
2021-11-25,174.5,175.5,172.0,174.0,485,84184.0,TQBR
2021-11-26,175.5,175.5,169.0,170.5,1571,267113.5,TQBR
2021-11-29,170.5,172.0,169.5,172.0,440,75293.0,TQBR
2021-11-30,169.0,171.0,168.0,168.0,747,126719.0,TQBR
2021-12-01,168.0,169.5,160.0,166.0,1950,323637.0,TQBR
2021-12-02,168.5,187.0,166.0,166.5,27445,4867633.5,TQBR
2021-12-03,168.0,171.5,164.0,166.5,7011,1175979.5,TQBR
2021-12-06,166.0,170.0,163.5,167.0,2047,337843.5,TQBR
2021-12-07,166.5,166.5,160.0,165.5,3508,571126.5,TQBR
2021-12-08,166.0,169.0,162.5,162.5,908,149577.5,TQBR
2021-12-09,164.0,164.0,161.5,163.5,1136,184545.5,TQBR
2021-12-10,163.0,175.0,161.5,164.0,1715,285353.5,TQBR
2021-12-13,164.5,173.5,160.0,161.0,2367,384389.5,TQBR
2021-12-14,160.5,168.0,160.0,164.5,1923,314422.0,TQBR
2021-12-15,165.5,166.0,162.0,164.0,831,135912.0,TQBR
2021-12-16,163.0,172.0,163.0,166.0,1021,171081.5,TQBR
2021-12-17,163.5,172.5,163.0,170.0,1733,292230.5,TQBR
2021-12-20,172.0,173.5,165.0,166.0,1551,258868.0,TQBR
2021-12-21,166.5,169.5,165.5,169.0,189,31669.0,TQBR
2021-12-22,169.0,172.0,168.0,170.5,725,122775.5,TQBR
2021-12-23,166.5,172.5,166.5,171.5,1226,210025.0,TQBR
2021-12-24,171.5,172.0,168.0,171.5,453,77570.0,TQBR
2021-12-27,172.0,173.0,168.5,168.5,486,83229.5,TQBR
2021-12-28,169.0,172.0,167.5,169.5,1363,231301.0,TQBR
2021-12-29,170.5,171.0,168.0,170.0,456,76896.0,TQBR
2021-12-30,170.5,170.5,167.5,168.5,581,98163.5,TQBR
2022-01-03,167.5,171.5,163.5,170.5,128,21691.0,TQBR
2022-01-04,170.5,173.5,168.0,171.5,699,119540.5,TQBR
2022-01-05,169.0,175.0,169.0,171.5,1006,174410.0,TQBR
2022-01-06,171.5,174.0,170.0,170.0,208,35658.0,TQBR
2022-01-10,170.0,173.0,169.0,170.5,534,90778.5,TQBR
2022-01-11,170.0,180.0,169.0,172.5,1363,239470.0,TQBR
2022-01-12,172.5,178.0,170.0,176.0,950,163962.5,TQBR
2022-01-13,170.0,176.5,170.0,172.5,96,16705.0,TQBR
2022-01-14,173.5,173.5,165.5,172.0,1274,216310.5,TQBR
2022-01-17,168.5,173.5,168.5,169.5,258,44040.0,TQBR
2022-01-18,170.5,171.5,158.0,162.5,4033,665496.0,TQBR
2022-01-19,162.5,168.5,162.5,167.5,503,82983.0,TQBR
2022-01-20,168.0,168.0,163.0,167.5,459,75911.5,TQBR
2022-01-21,163.0,165.5,162.5,163.5,2625,427390.0,TQBR
2022-01-24,164.5,164.5,158.0,160.0,1676,267584.5,TQBR
2022-01-25,160.5,164.5,160.5,163.0,203,32986.0,TQBR
2022-01-26,162.0,165.5,160.0,160.5,249,40535.5,TQBR
2022-01-27,166.0,166.0,159.5,164.0,758,123860.5,TQBR
2022-01-28,165.0,165.5,162.5,165.0,188,30864.5,TQBR
2022-01-31,160.5,167.0,160.5,167.0,196,32578.0,TQBR
2022-02-01,167.0,167.0,164.0,164.0,189,31240.0,TQBR
2022-02-02,164.0,165.5,164.0,164.5,53,8723.5,TQBR
2022-02-03,164.5,167.0,158.5,164.0,724,117470.0,TQBR
2022-02-04,164.5,167.0,161.0,166.5,727,118880.0,TQBR
2022-02-07,166.0,166.0,161.0,165.5,204,33486.5,TQBR
2022-02-08,168.0,168.0,162.0,165.0,166,27282.5,TQBR
2022-02-09,165.0,166.5,160.5,164.5,390,63893.0,TQBR
2022-02-10,165.5,166.5,165.5,166.5,930,154211.5,TQBR
2022-02-11,167.0,167.0,165.5,166.0,120,19892.5,TQBR
2022-02-14,165.0,165.0,161.5,164.5,387,62883.0,TQBR
2022-02-15,161.5,165.5,161.5,165.0,120,19690.5,TQBR
2022-02-16,164.5,166.5,162.5,166.5,2206,359754.5,TQBR
2022-02-17,166.0,167.0,164.5,167.0,290,48141.5,TQBR
2022-02-18,165.5,190.0,162.5,164.0,16918,2966678.0,TQBR
2022-02-21,165.0,167.0,154.0,157.0,3550,572586.0,TQBR
2022-02-22,163.5,163.5,140.0,150.5,3925,571970.5,TQBR
2022-02-24,150.0,150.0,105.0,114.0,1870,224899.0,TQBR
2022-02-25,117.5,148.0,111.0,136.0,670,88425.0,TQBR
2022-03-28,130.0,164.5,113.5,154.0,1799,257909.0,TQBR
2022-03-29,154.0,167.0,146.0,162.0,1013,162632.5,TQBR
2022-03-30,165.5,170.0,147.5,158.5,1933,308600.0,TQBR
2022-03-31,170.0,170.0,159.5,162.5,820,136210.5,TQBR
2022-04-01,163.5,173.0,163.5,170.0,944,159858.0,TQBR
2022-04-04,161.0,173.5,161.0,168.5,414,71051.0,TQBR
2022-04-05,173.0,173.0,162.0,166.5,748,124643.5,TQBR
2022-04-06,165.0,171.0,165.0,167.0,212,35783.5,TQBR
2022-04-07,168.5,175.0,162.0,168.0,1649,280298.0,TQBR
2022-04-08,169.5,175.0,168.5,171.5,227,38911.5,TQBR
2022-04-11,171.5,175.0,158.5,174.5,1261,212596.5,TQBR
2022-04-12,174.0,187.0,167.5,174.5,2376,421528.0,TQBR
2022-04-13,168.5,177.0,164.0,174.0,1115,191452.0,TQBR
2022-04-14,175.5,244.0,175.5,215.0,135823,31490230.5,TQBR
2022-04-15,214.5,221.5,180.5,182.0,71530,13987658.5,TQBR
2022-04-18,185.0,191.0,168.5,172.5,11630,2045020.5,TQBR
2022-04-19,173.5,176.5,149.5,164.5,32308,5176383.5,TQBR
2022-04-20,175.0,184.0,157.5,166.5,27811,4782908.0,TQBR
2022-04-21,166.5,172.5,160.0,164.0,5944,984577.0,TQBR
2022-04-22,163.0,165.5,158.0,165.0,5920,958949.5,TQBR
2022-04-25,166.0,167.0,158.0,161.0,1771,287070.0,TQBR
2022-04-26,161.5,183.0,156.5,162.0,14840,2454392.5,TQBR
2022-04-27,163.0,169.0,161.0,169.0,3275,536011.5,TQBR
2022-04-28,168.5,169.0,162.0,165.0,1417,234684.0,TQBR
2022-04-29,166.0,168.0,163.0,168.0,781,128844.0,TQBR
2022-05-04,165.0,172.0,160.5,164.5,2532,420069.5,TQBR
2022-05-05,165.0,165.0,162.5,164.5,595,97722.0,TQBR
2022-05-06,162.5,165.0,159.0,163.5,1175,190602.5,TQBR
2022-05-11,164.0,164.5,161.5,163.0,690,112505.5,TQBR
2022-05-12,164.0,164.0,160.0,162.5,2721,438547.5,TQBR
2022-05-13,161.0,163.0,159.5,161.5,935,150519.5,TQBR
2022-05-16,160.0,165.0,160.0,163.0,1279,208159.0,TQBR
2022-05-17,164.0,165.0,160.0,162.5,4013,649475.5,TQBR
2022-05-18,163.0,164.0,161.0,162.5,1563,253562.5,TQBR
2022-05-19,163.5,163.5,160.5,163.0,605,97836.0,TQBR
2022-05-20,164.0,164.0,157.0,160.0,2239,356825.0,TQBR
2022-05-23,160.0,161.0,158.0,159.0,579,92110.5,TQBR
2022-05-24,158.5,160.5,150.5,157.0,819,128533.5,TQBR
2022-05-25,156.0,158.5,153.0,157.0,688,107301.5,TQBR
2022-05-26,156.5,162.5,156.5,161.0,1102,176453.0,TQBR
2022-05-27,161.0,162.0,158.0,159.0,505,80583.5,TQBR
2022-05-30,159.0,159.5,154.0,156.5,1816,285269.0,TQBR
2022-05-31,157.0,157.5,155.0,157.5,714,111897.5,TQBR
2022-06-01,159.5,160.0,156.0,157.5,346,54852.0,TQBR
2022-06-02,159.0,159.0,156.0,158.0,125,19709.0,TQBR
2022-06-03,157.5,158.0,150.0,156.0,1015,156803.0,TQBR
2022-06-06,156.5,177.5,152.0,155.0,11842,1924217.0,TQBR
2022-06-07,155.0,155.5,150.0,153.0,2057,312561.0,TQBR
2022-06-08,154.0,154.0,151.0,153.5,468,71146.5,TQBR
2022-06-09,153.0,153.0,151.0,152.5,256,38854.5,TQBR
2022-06-10,152.5,154.0,151.0,152.5,601,91286.5,TQBR
2022-06-14,152.5,152.5,150.5,151.0,333,50376.0,TQBR
2022-06-15,152.0,152.5,150.5,152.0,155,23595.0,TQBR
2022-06-16,151.5,153.0,150.5,152.0,833,126341.0,TQBR
2022-06-17,151.5,153.0,151.5,152.5,602,91656.0,TQBR
2022-06-20,152.0,155.0,152.0,155.0,405,62245.0,TQBR
2022-06-21,155.0,156.5,153.0,155.0,379,59047.0,TQBR
2022-06-22,156.5,156.5,150.0,153.0,1623,246281.0,TQBR
2022-06-23,153.0,153.0,150.5,151.5,1120,169036.0,TQBR
2022-06-24,152.0,152.0,150.5,151.5,599,90324.5,TQBR
2022-06-27,151.5,152.0,151.0,151.5,316,47888.5,TQBR
2022-06-28,151.5,152.5,150.5,150.5,1182,178892.0,TQBR
2022-06-29,152.0,152.0,150.0,152.0,1098,165574.5,TQBR
2022-06-30,151.5,151.5,149.0,149.5,3523,526060.0,TQBR
2022-07-01,150.5,151.0,146.5,151.0,420,62658.5,TQBR
2022-07-04,151.5,152.0,150.0,151.5,2140,321253.0,TQBR
2022-07-05,150.0,152.0,149.0,150.5,2397,358673.5,TQBR
2022-07-06,151.0,151.5,150.0,150.5,402,60668.5,TQBR
2022-07-07,151.0,151.5,150.0,151.0,69,10398.0,TQBR
2022-07-08,151.0,152.0,150.0,150.0,244,36916.5,TQBR
2022-07-11,150.0,151.5,150.0,151.0,420,63419.5,TQBR
2022-07-12,151.5,151.5,150.0,151.0,317,47691.0,TQBR
2022-07-13,150.0,151.0,149.0,150.5,272,40777.0,TQBR
2022-07-14,149.5,150.5,149.5,150.0,225,33677.0,TQBR
2022-07-15,150.0,150.5,149.5,150.5,85,12736.5,TQBR
2022-07-18,150.5,151.0,149.0,151.0,158,23719.0,TQBR
2022-07-19,151.0,151.0,149.5,151.0,393,58962.0,TQBR
2022-07-20,150.0,150.5,149.0,150.5,334,50108.5,TQBR
2022-07-21,150.5,151.0,150.0,151.0,478,71748.0,TQBR
2022-07-22,150.0,151.0,150.0,151.0,96,14490.5,TQBR
2022-07-25,151.0,153.5,150.0,151.0,405,61648.0,TQBR
2022-07-26,151.0,151.5,149.0,151.0,565,84920.5,TQBR
2022-07-27,151.0,151.5,148.5,151.5,994,148706.5,TQBR
2022-07-28,151.0,152.0,150.0,152.0,657,98837.0,TQBR
2022-07-29,152.0,165.0,152.0,156.5,8233,1302431.0,TQBR
2022-08-01,155.0,156.0,151.0,154.0,1751,267000.5,TQBR
2022-08-02,152.5,156.0,149.0,151.0,2214,335450.0,TQBR
2022-08-03,151.0,155.0,149.5,151.0,1473,223654.5,TQBR
2022-08-04,151.0,151.5,150.5,151.0,96,14493.5,TQBR
2022-08-05,151.5,151.5,149.0,150.0,1568,234046.5,TQBR
2022-08-08,150.0,151.0,149.5,150.5,413,62095.0,TQBR
2022-08-09,150.5,151.5,150.0,150.5,156,23555.0,TQBR
2022-08-10,150.5,154.5,149.0,153.5,1086,164185.0,TQBR
2022-08-11,153.0,155.0,149.5,151.5,1151,175734.5,TQBR
2022-08-12,150.5,155.0,150.5,154.5,385,58954.0,TQBR
2022-08-15,151.0,155.0,151.0,153.5,117,18066.0,TQBR
2022-08-16,155.0,162.0,151.0,153.5,1740,268890.0,TQBR
2022-08-17,153.5,193.0,153.5,167.5,60193,10661714.0,TQBR
2022-08-18,177.5,178.0,157.0,160.0,11046,1851431.0,TQBR
2022-08-19,160.0,163.0,155.5,157.0,4685,740748.0,TQBR
2022-08-22,159.5,162.5,154.0,158.0,3263,516526.0,TQBR
2022-08-23,157.5,164.0,155.5,159.0,3310,524530.0,TQBR
2022-08-24,158.5,222.5,156.0,222.5,138123,28276251.5,TQBR
2022-08-25,230.0,231.0,181.5,182.0,89208,17365915.5,TQBR
2022-08-26,180.0,198.5,172.5,178.5,59730,10956042.0,TQBR
2022-08-29,179.5,181.0,172.5,175.5,9831,1724154.0,TQBR
2022-08-30,175.0,177.0,172.5,175.5,7873,1383515.5,TQBR
2022-08-31,176.0,182.5,171.5,177.0,4431,774449.5,TQBR
2022-09-01,177.5,179.0,175.0,175.5,1937,343307.0,TQBR
2022-09-02,177.0,177.0,173.5,176.5,1345,235584.0,TQBR
2022-09-05,175.5,184.0,170.5,178.5,6585,1165656.5,TQBR
2022-09-06,177.5,180.5,173.5,175.5,3422,604694.5,TQBR
2022-09-07,176.0,176.5,167.0,175.5,2044,353682.0,TQBR
2022-09-08,173.5,210.0,173.5,183.0,96765,18725627.5,TQBR
2022-09-09,182.0,192.5,177.0,186.0,21384,3977113.5,TQBR
2022-09-12,186.5,254.5,184.5,225.0,141771,32257090.5,TQBR
2022-09-13,231.5,314.5,227.0,314.5,283827,81637350.5,TQBR
2022-09-14,324.5,440.0,317.0,440.0,570098,229464443.5,TQBR
2022-09-15,453.0,483.5,350.0,350.0,381591,159158606.0,TQBR
2022-09-16,330.0,350.0,304.0,315.0,124978,40403833.0,TQBR
2022-09-19,316.0,346.0,288.0,310.0,124263,40750955.5,TQBR
2022-09-20,310.0,314.0,263.0,272.5,62164,18114171.5,TQBR
2022-09-21,263.0,277.5,205.5,253.5,16293,4097945.0,TQBR
2022-09-22,257.0,278.5,254.0,260.0,44168,11985837.5,TQBR
2022-09-23,264.5,282.0,225.5,249.0,26955,7052564.5,TQBR
2022-09-26,249.5,249.5,197.5,219.0,19001,4129027.0,TQBR
2022-09-27,226.5,234.0,207.0,230.0,10601,2396999.0,TQBR
2022-09-28,234.5,252.0,232.0,250.0,26302,6493866.5,TQBR
2022-09-29,253.0,315.0,253.0,269.5,120855,34733614.5,TQBR
2022-09-30,279.5,312.0,242.5,264.0,51068,14250383.5,TQBR
2022-10-03,269.0,288.0,260.0,271.0,21440,5806977.5,TQBR
2022-10-04,273.0,277.0,259.5,261.5,15988,4241403.0,TQBR
2022-10-05,267.0,290.0,261.0,277.0,25538,7048502.0,TQBR
2022-10-06,277.0,288.5,265.5,265.5,12248,3374273.5,TQBR
2022-10-07,268.0,288.0,242.0,249.5,39536,10662390.0,TQBR
2022-10-10,238.5,271.0,235.0,264.0,13155,3408060.0,TQBR
2022-10-11,265.0,275.0,254.5,266.0,13342,3517552.0,TQBR
2022-10-12,268.5,268.5,255.0,260.5,4819,1257754.0,TQBR
2022-10-13,261.0,261.0,251.5,254.5,12339,3141127.0,TQBR
2022-10-14,253.5,254.5,241.5,248.0,18697,4636357.5,TQBR
2022-10-17,248.0,255.5,246.0,253.0,7246,1828141.0,TQBR
2022-10-18,254.5,256.5,250.0,250.5,4940,1248266.0,TQBR
2022-10-19,249.0,258.0,241.0,256.5,9228,2309790.5,TQBR
2022-10-20,256.5,258.5,251.5,256.0,3886,988216.5,TQBR
2022-10-21,256.5,256.5,252.0,254.0,908,231545.0,TQBR
2022-10-24,256.5,267.0,251.0,256.0,8500,2173972.0,TQBR
2022-10-25,256.0,258.0,248.5,257.0,8215,2076649.5,TQBR
2022-10-26,257.0,257.0,250.0,252.0,5827,1471940.5,TQBR
2022-10-27,252.5,267.0,250.5,264.5,17433,4471124.5,TQBR
2022-10-28,265.0,274.0,250.0,260.0,23654,6172194.5,TQBR
2022-10-31,262.5,270.0,256.0,260.0,7366,1931507.5,TQBR
2022-11-01,260.0,267.0,259.0,264.5,5263,1381121.0,TQBR
2022-11-02,262.5,270.0,260.5,266.0,4498,1195309.0,TQBR
2022-11-03,262.5,268.0,261.5,263.5,2500,661900.5,TQBR
2022-11-07,265.5,366.5,263.5,336.0,236557,76780326.5,TQBR
2022-11-08,340.0,345.5,285.0,306.0,79059,24112505.0,TQBR
2022-11-09,308.0,309.0,286.0,301.5,21072,6195393.5,TQBR
2022-11-10,301.0,307.5,288.0,296.5,22069,6488238.0,TQBR
2022-11-11,296.5,370.0,293.5,344.0,171354,57974482.0,TQBR
2022-11-14,349.5,388.0,344.5,358.0,78969,29062000.0,TQBR
2022-11-15,362.5,373.0,329.0,336.0,34319,11742045.5,TQBR
2022-11-16,336.0,358.0,316.0,341.0,38942,13261616.5,TQBR
2022-11-17,342.0,352.0,333.5,336.0,13608,4664995.5,TQBR
2022-11-18,339.0,341.5,326.5,330.5,11520,3844519.5,TQBR
2022-11-21,331.0,332.0,320.0,325.0,14709,4783340.0,TQBR
2022-11-22,328.0,425.0,326.0,366.0,257725,99638690.5,TQBR
2022-11-23,375.5,430.0,371.5,403.5,186290,75842135.0,TQBR
2022-11-24,420.0,420.0,364.0,386.0,60686,23854726.0,TQBR
2022-11-25,389.0,393.5,369.0,377.0,25165,9573115.5,TQBR
2022-11-28,378.0,418.5,370.0,391.5,87245,34464163.5,TQBR
2022-11-29,396.5,404.0,380.5,384.0,22017,8525222.5,TQBR
2022-11-30,385.5,387.0,372.0,376.0,16012,6035606.0,TQBR
2022-12-01,380.0,385.0,370.0,380.5,11190,4220105.5,TQBR
2022-12-02,377.5,387.0,370.5,373.0,11632,4359009.5,TQBR
2022-12-05,371.5,377.0,370.0,374.0,7335,2733612.0,TQBR
2022-12-06,374.0,374.5,370.0,374.0,6222,2312118.5,TQBR
2022-12-07,374.5,374.5,364.0,369.0,7166,2638755.0,TQBR
2022-12-08,365.5,366.5,356.0,359.0,8104,2915837.5,TQBR
2022-12-09,362.0,362.0,348.0,350.5,6378,2249019.0,TQBR
2022-12-12,354.0,378.0,349.0,360.5,25026,9082264.0,TQBR
2022-12-13,378.0,380.0,359.0,362.5,8357,3058147.0,TQBR
2022-12-14,359.0,362.5,353.0,361.0,6057,2165245.0,TQBR
2022-12-15,361.5,363.0,348.0,352.0,7352,2590046.0,TQBR
2022-12-16,353.5,353.5,339.5,342.0,6904,2377739.0,TQBR
2022-12-19,345.0,370.0,337.5,361.0,16377,5841392.0,TQBR
2022-12-20,355.5,360.0,349.0,359.0,7015,2480538.0,TQBR
2022-12-21,359.0,362.0,354.5,354.5,5454,1959586.5,TQBR
2022-12-22,355.0,360.0,343.0,351.0,4496,1580901.5,TQBR
2022-12-23,348.5,352.0,347.5,349.5,1658,578545.5,TQBR
2022-12-26,352.0,353.5,345.5,349.5,2120,741024.5,TQBR
2022-12-27,352.5,352.5,347.0,349.0,1625,566832.0,TQBR
2022-12-28,349.5,375.0,347.0,353.0,20835,7474121.5,TQBR
2022-12-29,355.5,361.0,352.0,355.5,4171,1491607.5,TQBR
2022-12-30,356.0,356.0,346.0,349.5,2257,788853.5,TQBR
2023-01-03,352.5,354.0,349.0,352.0,908,319108.0,TQBR
2023-01-04,352.0,364.0,349.0,352.0,2199,779650.5,TQBR
2023-01-05,354.5,417.0,354.0,362.0,79022,30042215.5,TQBR
2023-01-06,360.0,361.5,350.0,355.5,10979,3911586.0,TQBR
2023-01-09,357.0,363.0,347.0,355.5,9517,3378606.5,TQBR
2023-01-10,357.5,368.0,353.0,359.0,6019,2164005.5,TQBR
2023-01-11,363.5,370.5,356.5,363.0,5191,1883146.5,TQBR
2023-01-12,363.0,368.0,359.5,363.0,5202,1894638.0,TQBR
2023-01-13,365.5,374.0,363.5,367.0,7774,2866230.0,TQBR
2023-01-16,368.0,375.0,366.0,373.0,8534,3154963.0,TQBR
2023-01-17,373.0,377.0,363.0,368.5,5496,2040036.5,TQBR
2023-01-18,370.0,372.5,360.5,368.0,4901,1804063.5,TQBR
2023-01-19,369.5,372.5,356.5,361.0,5303,1938283.0,TQBR
2023-01-20,364.0,365.0,353.5,357.0,7133,2540397.0,TQBR
2023-01-23,358.0,360.0,355.0,360.0,1426,510595.5,TQBR
2023-01-24,360.0,361.0,352.0,361.0,2232,798578.5,TQBR
2023-01-25,361.0,361.0,356.0,359.5,2522,902445.5,TQBR
2023-01-26,359.5,367.0,352.0,357.0,6188,2226673.0,TQBR
2023-01-27,358.0,360.0,354.5,358.0,3960,1413866.0,TQBR
2023-01-30,359.0,360.0,355.0,358.0,1133,405524.5,TQBR
2023-01-31,358.0,392.5,355.5,361.5,31385,11722869.0,TQBR
2023-02-01,362.0,401.5,358.0,373.0,46037,17618395.5,TQBR
2023-02-02,374.5,375.0,365.0,370.0,7598,2801882.0,TQBR
2023-02-03,371.0,372.5,355.0,362.0,9370,3401605.5,TQBR
2023-02-06,362.5,367.5,359.5,367.0,3479,1267931.0,TQBR
2023-02-07,367.5,372.5,364.0,367.0,4231,1555574.0,TQBR
2023-02-08,372.0,386.0,361.0,374.5,20918,7845055.0,TQBR
2023-02-09,379.0,380.5,366.0,375.0,8410,3136995.5,TQBR
2023-02-10,369.0,375.0,367.0,370.0,2321,858709.5,TQBR
2023-02-13,372.0,376.0,365.0,371.5,3194,1181385.0,TQBR
2023-02-14,372.0,372.0,357.5,364.5,9457,3432152.0,TQBR
2023-02-15,367.0,367.0,350.0,361.0,4115,1473720.0,TQBR
2023-02-16,374.5,374.5,351.5,362.0,5844,2119033.0,TQBR
2023-02-17,362.0,363.0,348.5,360.5,2397,856012.5,TQBR
2023-02-20,361.5,362.0,353.0,355.0,1951,694805.0,TQBR
2023-02-21,357.5,360.0,342.0,357.0,2358,839649.0,TQBR
2023-02-22,359.0,365.5,357.0,359.0,1114,401066.0,TQBR
2023-02-24,359.5,383.0,356.5,361.5,11173,4117201.0,TQBR
2023-02-27,362.0,373.0,355.0,362.5,6689,2420228.5,TQBR
2023-02-28,363.5,365.5,363.0,363.0,1462,531534.0,TQBR
2023-03-01,364.0,365.0,362.0,365.0,1340,487704.5,TQBR
2023-03-02,365.5,372.5,359.0,361.0,3521,1279974.0,TQBR
2023-03-03,360.0,367.0,359.0,365.0,1989,723344.5,TQBR
2023-03-06,365.0,379.0,364.5,371.0,6695,2486475.5,TQBR
2023-03-07,373.0,374.5,363.0,371.5,5526,2045210.5,TQBR
2023-03-09,374.0,374.0,359.0,368.5,5556,2038589.5,TQBR
2023-03-10,368.5,368.5,360.0,365.0,2953,1072649.0,TQBR
2023-03-13,365.0,367.0,361.5,364.5,2149,783069.0,TQBR
2023-03-14,365.0,365.5,361.5,363.0,1940,705454.5,TQBR
2023-03-15,364.5,365.5,358.0,359.5,1968,710136.0,TQBR
2023-03-16,359.5,364.5,358.5,364.5,1856,671212.5,TQBR
2023-03-17,364.5,364.5,355.0,361.0,4538,1629182.5,TQBR
2023-03-20,359.0,362.5,357.5,360.0,1915,690705.5,TQBR
2023-03-21,363.5,363.5,356.0,358.5,4413,1582714.5,TQBR
2023-03-22,360.0,361.0,355.5,359.5,2048,735206.5,TQBR
2023-03-23,358.5,364.5,358.0,361.5,3820,1382530.0,TQBR
2023-03-24,361.5,374.0,361.0,367.5,7314,2684157.5,TQBR
2023-03-27,367.5,367.5,363.5,366.5,2583,944630.0,TQBR
2023-03-28,371.0,388.0,362.5,375.5,15583,5842816.0,TQBR
2023-03-29,382.0,500.0,376.5,454.0,483582,218089348.5,TQBR
2023-03-30,434.5,453.0,413.0,434.0,72126,31078895.0,TQBR
2023-03-31,421.5,431.5,413.5,417.0,16560,6990725.5,TQBR
2023-04-03,419.0,437.5,406.5,417.5,27265,11553220.0,TQBR
2023-04-04,424.0,430.0,405.0,416.0,19385,8035391.0,TQBR
2023-04-05,417.0,425.0,410.0,413.5,7464,3089339.0,TQBR
2023-04-06,417.5,452.5,413.5,437.0,59021,25715064.0,TQBR
2023-04-07,439.5,442.0,421.0,428.5,12678,5446772.0,TQBR
2023-04-10,427.5,435.0,427.5,431.0,5721,2465819.5,TQBR
2023-04-11,434.0,435.0,424.0,428.5,4239,1821688.5,TQBR
2023-04-12,429.5,431.0,417.5,425.5,3170,1346787.0,TQBR
2023-04-13,418.5,428.5,418.5,427.0,1946,827635.0,TQBR
2023-04-14,428.0,428.0,418.0,427.0,1378,584089.5,TQBR
2023-04-17,426.0,441.0,420.0,437.0,5420,2338813.5,TQBR
2023-04-18,437.5,440.0,429.5,435.0,7498,3271106.0,TQBR
2023-04-19,437.5,442.0,429.0,431.5,5512,2408130.0,TQBR
2023-04-20,429.5,433.5,411.0,421.0,5891,2486054.5,TQBR
2023-04-21,421.0,429.0,410.0,423.0,5775,2433375.5,TQBR
2023-04-24,420.5,431.0,418.0,427.0,4919,2093609.5,TQBR
2023-04-25,427.0,429.0,417.0,423.0,3680,1557597.0,TQBR
2023-04-26,423.0,430.0,418.5,422.0,3143,1329277.0,TQBR
2023-04-27,422.5,424.0,417.5,418.5,2801,1176394.5,TQBR
2023-04-28,419.5,422.0,415.0,421.0,2765,1157255.5,TQBR
2023-05-02,421.0,429.0,418.0,420.0,6430,2728244.5,TQBR
2023-05-03,419.0,429.0,400.5,425.0,5641,2362607.5,TQBR
2023-05-04,425.0,425.5,394.0,410.5,6079,2486005.5,TQBR
2023-05-05,409.0,411.5,401.5,404.0,3480,1412373.0,TQBR
2023-05-08,405.0,408.5,395.5,402.5,2137,856980.0,TQBR
2023-05-10,386.5,416.5,386.0,411.0,2526,1024116.5,TQBR
2023-05-11,413.0,414.5,402.5,411.0,1801,739927.5,TQBR
2023-05-12,411.0,411.0,390.5,407.5,3765,1497305.0,TQBR
2023-05-15,400.0,418.5,394.5,412.0,4032,1644327.0,TQBR
2023-05-16,413.5,435.0,410.0,434.5,8633,3671373.5,TQBR
2023-05-17,435.0,439.0,422.0,426.5,4874,2093609.5,TQBR
2023-05-18,426.5,426.5,406.0,416.0,3990,1663351.0,TQBR
2023-05-19,419.0,423.0,401.5,415.0,3774,1565510.0,TQBR
2023-05-22,418.0,419.5,409.0,414.5,1460,604281.0,TQBR
2023-05-23,413.0,427.0,402.5,411.0,6138,2534531.0,TQBR
2023-05-24,411.0,412.0,405.0,407.5,1028,419490.0,TQBR
2023-05-25,409.0,410.0,404.0,407.0,1702,693113.0,TQBR
2023-05-26,408.5,409.0,406.5,409.0,826,337562.0,TQBR
2023-05-29,408.5,413.0,403.5,410.0,1916,783328.0,TQBR
2023-05-30,406.5,413.5,403.0,404.5,2888,1172583.5,TQBR
2023-05-31,406.0,408.0,401.0,403.5,1066,430489.0,TQBR
2023-06-01,402.0,406.5,400.5,405.0,1061,428515.0,TQBR
2023-06-02,405.0,406.0,401.5,404.5,1492,602032.0,TQBR
2023-06-05,404.5,407.0,404.5,406.5,890,361509.0,TQBR
2023-06-06,406.0,406.5,384.5,400.5,2644,1047256.0,TQBR
2023-06-07,403.5,403.5,400.0,402.0,1059,424941.0,TQBR
2023-06-08,404.5,406.5,402.0,404.5,730,295537.0,TQBR
2023-06-09,406.0,406.0,400.5,401.5,1104,444582.0,TQBR
2023-06-13,402.5,406.5,401.5,403.0,799,323370.0,TQBR
2023-06-14,403.0,405.5,402.0,404.0,1407,568750.5,TQBR
2023-06-15,405.5,405.5,402.5,405.0,915,370148.5,TQBR
2023-06-16,405.5,408.0,404.0,405.0,1487,603176.5,TQBR
2023-06-19,405.0,409.5,402.5,406.5,1839,747374.5,TQBR
2023-06-20,414.0,424.0,406.5,419.0,6096,2534088.5,TQBR
2023-06-21,417.0,422.5,411.0,415.5,2534,1054902.5,TQBR
2023-06-22,412.0,420.0,411.5,419.0,1692,703631.5,TQBR
2023-06-23,416.5,423.0,411.0,415.5,2218,920257.0,TQBR
2023-06-26,418.5,418.5,393.5,402.0,11725,4710036.0,TQBR
2023-06-27,402.5,405.0,400.0,405.0,1266,510418.0,TQBR
2023-06-28,405.0,405.5,401.5,402.5,911,367339.0,TQBR
2023-06-29,402.5,405.5,397.0,401.0,1301,522650.5,TQBR
2023-06-30,401.0,451.0,385.0,395.0,63327,26604400.5,TQBR
2023-07-03,396.5,536.0,395.5,485.0,339452,163043991.0,TQBR
2023-07-04,484.5,657.0,463.5,620.0,619379,370533748.5,TQBR
2023-07-05,638.0,681.0,597.0,681.0,261881,173019571.5,TQBR
2023-07-06,643.0,745.0,620.0,692.0,121345,86713748.5,TQBR
2023-07-07,703.0,760.0,640.0,660.0,109685,77399407.5,TQBR
2023-07-10,672.0,682.0,600.0,631.5,47341,29709934.5,TQBR
2023-07-11,631.5,689.5,600.5,648.0,71245,45277670.5,TQBR
2023-07-12,649.0,678.0,640.5,648.5,25734,16924670.0,TQBR
2023-07-13,652.0,658.5,600.0,619.0,16403,10307251.5,TQBR
2023-07-14,620.0,670.0,620.0,630.0,55979,36334255.5,TQBR
2023-07-17,649.0,652.0,617.0,639.0,22715,14450501.0,TQBR
2023-07-18,658.0,658.0,621.5,631.5,23674,14964672.0,TQBR
2023-07-19,633.0,633.5,620.0,625.0,10303,6435493.5,TQBR
2023-07-20,624.0,624.0,610.5,615.5,6179,3809995.0,TQBR
2023-07-21,615.0,616.0,607.0,616.0,5588,3413877.5,TQBR
2023-07-24,619.5,676.0,616.0,630.0,67773,43970152.5,TQBR
2023-07-25,628.5,635.0,616.0,629.0,18322,11480749.0,TQBR
2023-07-26,632.0,632.0,615.5,624.5,9701,6062983.5,TQBR
2023-07-27,625.0,631.0,624.5,630.0,5353,3363695.0,TQBR
2023-07-28,627.0,631.0,625.0,628.5,4735,2968623.5,TQBR
2023-07-31,625.0,662.0,616.0,638.5,28809,18480439.0,TQBR
2023-08-01,640.0,648.0,630.5,645.0,7931,5080059.0,TQBR
2023-08-02,645.0,650.0,633.5,646.5,10300,6645597.5,TQBR
2023-08-03,649.5,670.0,640.0,643.0,11705,7584997.5,TQBR
2023-08-04,643.0,649.0,620.0,622.5,14958,9457886.0,TQBR
2023-08-07,629.0,640.0,624.5,630.0,6308,3993076.5,TQBR
2023-08-08,630.0,630.0,555.0,615.0,11348,6938894.5,TQBR
2023-08-09,625.0,625.0,610.0,614.0,6814,4192270.5,TQBR
2023-08-10,614.0,647.5,614.0,632.0,17946,11384366.0,TQBR
2023-08-11,632.0,647.0,623.0,631.5,7211,4561349.0,TQBR
2023-08-14,631.0,647.5,621.0,634.0,15751,9977650.5,TQBR
2023-08-15,634.0,635.0,611.0,629.0,9341,5817550.5,TQBR
2023-08-16,629.0,633.0,605.5,616.5,8535,5290773.0,TQBR
2023-08-17,624.0,645.0,605.5,630.0,11458,7261042.0,TQBR
2023-08-18,635.0,680.0,630.0,652.5,35093,23179923.5,TQBR
2023-08-21,667.5,667.5,635.0,649.0,11129,7190274.5,TQBR
2023-08-22,655.0,659.0,633.5,654.0,5915,3818637.0,TQBR
2023-08-23,655.0,657.0,630.5,636.0,7396,4765559.0,TQBR
2023-08-24,635.0,651.0,630.0,648.0,3850,2464059.0,TQBR
2023-08-25,650.0,650.0,640.0,642.5,1192,766826.5,TQBR
2023-08-28,645.5,650.0,628.0,637.0,7126,4557982.0,TQBR
2023-08-29,640.0,649.0,632.5,641.0,6640,4254457.0,TQBR
2023-08-30,642.5,644.5,627.0,640.5,6071,3879048.0,TQBR
2023-08-31,646.0,743.5,636.0,730.0,194319,136010364.5,TQBR
2023-09-01,710.0,731.5,685.0,704.0,33423,23242366.0,TQBR
2023-09-04,719.5,820.5,660.0,735.5,62489,45911096.0,TQBR
2023-09-05,788.0,798.0,735.5,755.0,43217,32689419.0,TQBR
2023-09-06,764.0,768.0,695.0,754.5,32359,23871579.5,TQBR
2023-09-07,754.5,754.5,660.0,690.0,21629,15365673.0,TQBR
2023-09-08,689.0,894.0,637.0,712.5,153551,122022834.0,TQBR
2023-09-11,722.0,745.0,669.0,686.0,27195,18930812.5,TQBR
2023-09-12,709.5,779.0,678.5,723.5,42262,31083425.5,TQBR
2023-09-13,734.0,760.0,680.5,704.0,20592,14767406.5,TQBR
2023-09-14,704.0,704.0,512.5,638.0,34360,21464636.5,TQBR
2023-09-15,638.0,688.0,600.0,662.5,17236,11243387.0,TQBR
2023-09-18,655.0,675.0,645.0,650.0,6735,4465449.5,TQBR
2023-09-19,664.5,664.5,600.0,616.0,5460,3426983.0,TQBR
2023-09-20,625.0,634.0,533.0,611.0,7519,4470119.5,TQBR
2023-09-21,611.0,644.0,572.0,600.5,5215,3143763.5,TQBR
2023-09-22,609.5,616.5,585.0,613.0,2314,1397566.0,TQBR
2023-09-25,614.5,655.0,614.5,631.0,6953,4410961.0,TQBR
2023-09-26,631.0,646.5,606.0,625.0,4325,2700068.5,TQBR
2023-09-27,625.0,642.5,620.5,621.0,3032,1913111.5,TQBR
2023-09-28,621.5,641.0,621.5,639.5,2816,1783513.0,TQBR
2023-09-29,639.5,649.5,618.0,631.5,3859,2451807.5,TQBR
2023-10-02,631.5,635.5,625.0,630.5,2714,1708117.0,TQBR
2023-10-03,634.5,634.5,616.5,626.0,2421,1506228.0,TQBR
2023-10-04,626.0,640.0,617.0,629.0,2351,1474705.0,TQBR
2023-10-05,639.5,650.0,602.5,615.0,9797,6171623.0,TQBR
2023-10-06,615.0,615.0,585.0,600.0,10492,6261905.5,TQBR
2023-10-09,600.5,605.0,587.5,600.0,3647,2176507.5,TQBR
2023-10-10,595.0,601.5,588.5,600.0,2708,1618908.5,TQBR
2023-10-11,595.0,601.5,586.0,590.0,4508,2676957.0,TQBR
2023-10-12,590.0,607.0,588.0,595.0,5284,3166876.0,TQBR
2023-10-13,590.0,603.0,588.5,600.5,2895,1725662.5,TQBR
2023-10-16,601.0,614.0,589.5,610.5,4986,3005574.0,TQBR
2023-10-17,607.0,615.0,600.0,600.0,4282,2603786.5,TQBR
2023-10-18,601.5,608.0,589.0,598.5,3582,2135858.5,TQBR
2023-10-19,598.5,599.0,590.0,593.0,1649,976642.0,TQBR
2023-10-20,593.5,597.5,587.5,587.5,2836,1676001.5,TQBR
2023-10-23,590.0,594.5,574.5,584.5,4021,2332928.0,TQBR
2023-10-24,584.5,584.5,566.5,582.5,4482,2575310.5,TQBR
2023-10-25,580.0,613.0,571.0,587.5,9564,5678029.5,TQBR
2023-10-26,587.5,603.0,585.5,594.5,4371,2587284.5,TQBR
2023-10-27,595.0,599.0,576.0,585.0,4638,2711148.5,TQBR
2023-10-30,581.0,592.5,572.0,575.0,1509,871573.5,TQBR
2023-10-31,575.0,578.0,555.0,559.5,2858,1607940.5,TQBR
2023-11-01,562.5,573.5,551.5,566.0,1781,1004070.0,TQBR
2023-11-02,570.0,573.0,552.0,555.5,2344,1316121.5,TQBR
2023-11-03,556.0,561.5,541.0,547.0,1744,954841.5,TQBR
2023-11-06,547.0,547.0,531.5,536.5,4390,2348462.0,TQBR
2023-11-07,533.5,556.5,530.0,544.5,4650,2527234.5,TQBR
2023-11-08,547.5,663.0,545.0,624.5,164518,104485628.0,TQBR
2023-11-09,616.0,632.5,574.0,574.0,50895,30441647.0,TQBR
2023-11-10,573.0,574.0,526.0,535.5,20895,11375563.5,TQBR
2023-11-13,535.5,543.5,494.5,509.5,8681,4470872.0,TQBR
2023-11-14,503.0,508.5,412.0,437.0,15616,7073263.5,TQBR
2023-11-15,436.0,499.5,418.0,470.0,19153,8849010.0,TQBR
2023-11-16,470.0,519.5,432.0,519.5,30066,15228725.0,TQPI
2023-11-17,525.0,568.0,475.5,500.0,69887,37380274.5,TQPI
2023-11-20,500.0,520.0,465.0,479.5,26321,12723658.0,TQPI
2023-11-21,479.5,527.0,467.5,486.0,34597,17426076.0,TQPI
2023-11-22,496.0,510.0,486.5,501.0,11276,5643192.0,TQPI
2023-11-23,498.5,515.5,460.0,460.0,13717,6492462.0,TQPI
2023-11-24,460.0,460.0,432.0,442.5,9928,4433473.5,TQPI
2023-11-27,440.0,442.5,419.0,426.0,5028,2155341.0,TQPI
2023-11-28,429.0,444.5,411.0,433.0,6125,2633939.5,TQPI
2023-11-29,432.5,470.0,422.5,460.5,18472,8460303.0,TQPI
2023-11-30,433.0,480.0,427.5,445.0,15975,7236884.5,TQPI
2023-12-01,451.0,454.5,427.0,433.0,3262,1418252.0,TQPI
2023-12-04,438.0,444.5,400.5,405.5,6581,2715501.0,TQPI
2023-12-05,400.0,402.5,360.0,389.5,12594,4814121.5,TQPI
2023-12-06,394.0,405.0,360.0,360.0,6605,2466849.0,TQPI
2023-12-07,360.0,360.0,312.5,325.5,42058,13874162.0,TQPI
2023-12-08,323.0,329.5,306.0,313.0,21061,6743047.5,TQPI
2023-12-11,313.0,318.0,276.5,283.5,65650,19033389.0,TQPI
2023-12-12,283.5,283.5,270.0,278.5,31378,8626926.0,TQPI
2023-12-13,285.0,285.0,266.0,274.5,11598,3181305.5,TQPI
2023-12-14,272.5,298.5,272.0,280.0,49437,14186113.5,TQPI
2023-12-15,261.0,285.0,261.0,274.0,38139,10439652.5,TQPI
2023-12-18,274.0,277.5,259.0,267.0,53273,14384271.5,TQPI
2023-12-19,267.0,273.5,250.0,252.0,62079,15933499.0,TQPI
2023-12-20,241.0,276.5,233.0,253.5,135619,34227057.0,TQPI
