date,open,high,low,close,volume,value,board
2006-11-13,6511.0,6511.0,6511.0,6511.0,32,208352.0,EQLV
2006-11-14,6576.0,6589.0,4836.01,6470.0,22,142917.0,EQLV
2006-11-15,6550.0,6657.0,6526.6,6526.6,74,490210.6,EQLV
2006-11-16,6713.0,6713.0,6713.0,6713.0,7,46991.0,EQLV
2006-11-20,6710.0,6720.0,6710.0,6720.0,3,20150.0,EQLV
2006-11-22,6690.0,6690.0,6690.0,6690.0,1,6690.0,EQLV
2006-11-23,6690.0,6690.0,6557.0,6557.0,5,33317.0,EQLV
2006-11-24,6519.8,6519.8,6392.0,6392.0,5,32089.8,EQLV
2006-11-27,6589.0,6589.0,6589.0,6589.0,1,6589.0,EQLV
2006-11-29,6001.0,7100.0,6001.0,7100.0,7,47033.0,EQLV
2006-11-30,6441.0,6441.0,6441.0,6441.0,40,257640.0,EQLV
2006-12-04,6550.0,6550.0,6550.0,6550.0,30,196500.0,EQLV
2006-12-05,6600.0,6600.0,6600.0,6600.0,5,33000.0,EQLV
2006-12-08,6760.0,6760.0,6620.0,6620.0,4,26881.0,EQLV
2006-12-11,6649.0,6649.0,6649.0,6649.0,1,6649.0,EQLV
2006-12-14,6561.0,6561.0,6561.0,6561.0,10,65610.0,EQLV
2006-12-15,6666.0,6713.0,6321.0,6321.0,304,2037924.0,EQLV
2006-12-18,6750.0,6750.0,6750.0,6750.0,1,6750.0,EQLV
2006-12-20,7037.0,7037.0,7037.0,7037.0,13,91481.0,EQLV
2006-12-21,6990.0,6990.0,6966.0,6966.0,2,13956.0,EQLV
2006-12-26,7000.0,7000.0,6903.0,6903.0,10,69612.0,EQLV
2007-01-09,6739.0,6739.0,6614.0,6614.0,4,26706.0,EQLV
2007-01-10,6500.0,6500.0,6437.0,6437.0,2,12937.0,EQLV
2007-01-12,6639.0,6668.0,6639.0,6668.0,11,73319.0,EQLV
2007-01-15,6712.0,6772.0,6712.0,6772.0,8,53996.0,EQLV
2007-01-16,6767.0,6792.0,6767.0,6792.0,25,169375.0,EQLV
2007-01-17,6744.0,6745.0,6744.0,6745.0,3,20234.0,EQLV
2007-01-18,6792.0,7041.0,6792.0,7041.0,21,145122.0,EQLV
2007-01-22,7070.0,7170.0,7070.0,7115.0,7,49925.0,EQLV
2007-01-23,7025.0,7025.0,7025.0,7025.0,3,21075.0,EQLV
2007-01-26,7041.0,7041.0,7041.0,7041.0,7,49287.0,EQLV
2007-01-29,7043.0,7043.0,6910.0,6910.0,151,1044368.0,EQLV
2007-01-30,6765.0,6821.0,6765.0,6821.0,23,156827.0,EQLV
2007-01-31,6875.0,6875.0,6875.0,6875.0,2,13750.0,EQLV
2007-02-01,6967.0,6967.0,6865.0,6865.0,12,83298.0,EQLV
2007-02-02,6857.0,6857.0,6857.0,6857.0,1,6857.0,EQLV
2007-02-05,6762.0,6762.0,6762.0,6762.0,1,6762.0,EQLV
2007-02-06,6853.0,6853.0,6853.0,6853.0,1,6853.0,EQLV
2007-02-08,6592.0,6697.0,6592.0,6697.0,203,1339967.0,EQLV
2007-02-09,6561.0,6697.0,6500.0,6697.0,115,756936.0,EQLV
2007-02-12,6445.0,6445.0,6445.0,6445.0,15,96675.0,EQLV
2007-02-13,6380.0,6380.0,6328.0,6350.0,36,228280.0,EQLV
2007-02-15,6426.5,6427.0,6426.0,6427.0,6,38557.5,EQLV
2007-02-20,6544.0,6544.0,6544.0,6544.0,4,26176.0,EQLV
2007-02-22,6485.0,6586.0,6485.0,6586.0,3,19621.0,EQLV
2007-02-27,6675.0,6675.0,6613.0,6613.0,105,700751.0,EQLV
2007-02-28,6451.0,6451.0,6450.0,6450.0,82,528981.0,EQLV
2007-03-01,6482.0,6526.0,6482.0,6500.0,33,214534.0,EQLV
2007-03-02,6405.0,6459.0,6405.0,6459.0,29,187248.0,EQLV
2007-03-05,6350.0,6350.0,6350.0,6350.0,300,1905000.0,EQLV
2007-03-06,6369.0,6369.0,6369.0,6369.0,142,904398.0,EQLV
2007-03-09,6399.0,6399.0,6039.0,6252.0,214,1325011.0,EQLV
2007-03-14,6012.0,6012.0,6012.0,6012.0,2,12024.0,EQLV
2007-03-15,6029.0,6029.0,6015.0,6015.0,3,18064.0,EQLV
2007-03-16,6005.0,6055.0,5976.0,6055.0,22,131609.0,EQLV
2007-03-19,6055.0,6108.0,6055.0,6107.99,3,18270.99,EQLV
2007-03-20,6117.0,6235.0,6022.0,6031.0,174,1050909.0,EQLV
2007-03-22,6050.0,6232.0,6036.0,6077.0,451,2773291.1,EQLV
2007-03-26,6100.0,6190.0,6100.0,6190.0,3,18480.0,EQLV
2007-03-27,6160.0,6160.0,6160.0,6160.0,1,6160.0,EQLV
2007-03-28,6235.0,6235.0,6235.0,6235.0,1,6235.0,EQLV
2007-03-29,6192.0,6250.0,6192.0,6250.0,20,124768.0,EQLV
2007-03-30,6500.0,6500.0,6292.0,6292.0,28,177424.0,EQLV
2007-04-02,6359.0,6359.0,6359.0,6359.0,1,6359.0,EQLV
2007-04-03,6235.0,6252.0,6235.0,6252.0,12,74905.0,EQLV
2007-04-04,6320.0,6446.0,6320.0,6445.0,9,57131.0,EQLV
2007-04-05,6490.0,6500.0,6490.0,6500.0,6,38980.0,EQLV
2007-04-10,6607.0,6685.0,6607.0,6685.0,17,112397.0,EQLV
2007-04-11,6734.0,6734.0,6734.0,6734.0,1,6734.0,EQLV
2007-04-12,6726.0,7000.0,6726.0,6885.0,319,2168865.0,EQLV
2007-04-13,6816.0,6816.0,6816.0,6816.0,3,20448.0,EQLV
2007-04-16,6960.0,6960.0,6960.0,6960.0,162,1127520.0,EQLV
2007-04-17,7010.0,7040.0,7010.0,7040.0,18,126690.0,EQLV
2007-04-18,6957.0,7035.0,6957.0,7035.0,228,1592280.0,EQLV
2007-04-19,6570.0,6570.0,6568.0,6568.0,21,137930.0,EQLV
2007-04-24,7050.0,7050.0,6900.0,6900.0,2,13950.0,EQLV
2007-04-26,7000.0,7075.0,7000.0,7075.0,70,492974.01,EQLV
2007-04-27,7200.0,7200.0,7200.0,7200.0,42,302400.0,EQLV
2007-04-28,7200.0,7400.0,7200.0,7400.0,5,36799.0,EQLV
2007-05-02,7000.0,7000.0,7000.0,7000.0,1,7000.0,EQLV
2007-05-03,7050.0,7407.0,7050.0,7407.0,40,295637.0,EQLV
2007-05-07,7345.0,7345.0,7300.0,7300.0,13,95350.0,EQLV
2007-05-08,7330.05,7330.05,7330.05,7330.05,2,14660.1,EQLV
2007-05-10,7400.0,7400.0,7227.0,7300.0,152,1099743.0,EQLV
2007-05-14,7300.0,7300.0,7300.0,7300.0,2,14600.0,EQLV
2007-05-15,7200.0,7200.0,7200.0,7200.0,1,7200.0,EQLV
2007-05-17,7352.0,7352.0,7352.0,7352.0,7,51464.0,EQNL
2007-05-21,7500.0,7500.0,7500.0,7500.0,8,60000.0,EQNL
2007-05-22,7400.0,7400.0,7400.0,7400.0,6,44400.0,EQNL
2007-05-24,7498.0,7499.0,6000.0,6701.01,8,55699.01,EQNL
2007-05-28,6500.0,6500.0,6400.0,6400.0,6,38500.02,EQNL
2007-05-29,6480.0,6480.0,6480.0,6480.0,1,6480.0,EQNL
2007-05-30,6400.0,6471.0,6400.0,6471.0,151,977050.0,EQNL
2007-05-31,6576.95,6576.95,6576.95,6576.95,1,6576.95,EQNL
2007-06-01,6599.0,6599.0,6579.0,6579.0,151,996429.0,EQNL
2007-06-04,6800.0,6987.0,6800.0,6987.0,7,48161.0,EQNL
2007-06-05,6980.0,6980.0,6980.0,6980.0,1,6980.0,EQNL
2007-06-07,6500.0,6594.01,6456.0,6594.0,301,1964138.01,EQNL
2007-06-08,6473.0,6561.0,6473.0,6561.0,23,149055.0,EQNL
2007-06-13,6600.0,6600.0,6600.0,6600.0,8,52800.0,EQNL
2007-06-15,6700.0,6700.0,6700.0,6700.0,2,13400.0,EQNL
2007-06-19,6700.0,6700.0,6650.0,6650.0,3,20050.0,EQNL
2007-06-20,6600.0,6600.0,6600.0,6600.0,4,26400.0,EQNL
2007-06-22,6550.0,6550.0,6550.0,6550.0,4,26200.0,EQNL
2007-06-25,6354.0,6500.0,6231.01,6500.0,10,63563.01,EQNL
2007-06-26,6310.0,6362.0,6310.0,6362.0,450,2851200.0,EQNL
2007-06-27,6319.0,6320.0,6319.0,6319.0,66,417056.01,EQNL
2007-06-28,6341.0,6341.0,6341.0,6341.0,30,190230.0,EQNL
2007-07-02,6324.0,6343.0,6324.0,6343.0,40,253150.0,EQNL
2007-07-03,6400.0,6426.0,6400.0,6420.0,16,102658.0,EQNL
2007-07-05,6501.0,6501.0,6479.0,6499.0,15,97423.0,EQNL
2007-07-06,6500.0,6555.0,6500.0,6500.0,28,183260.0,EQNL
2007-07-09,6579.99,6580.0,6579.99,6580.0,2,13159.99,EQNL
2007-07-10,6580.0,6580.0,6580.0,6580.0,2,13160.0,EQNL
2007-07-11,6575.0,6575.0,6300.0,6450.0,12,78500.0,EQNL
2007-07-12,6555.0,6700.0,6555.0,6700.0,126,838369.99,EQNL
2007-07-13,6749.99,6750.0,6749.99,6750.0,14,94499.99,EQNL
2007-07-16,6450.0,6700.0,6450.0,6700.0,4,26550.0,EQNL
2007-07-17,6800.0,6849.0,6800.0,6849.0,10,68245.0,EQNL
2007-07-18,6700.0,7100.0,6666.0,6850.0,11,77009.21,EQNL
2007-07-20,6700.0,6700.0,6585.0,6585.0,65,428879.0,EQNL
2007-07-25,6637.0,6637.0,6637.0,6637.0,1,6637.0,EQNL
2007-07-27,6500.0,6520.0,6477.0,6520.0,196,1277195.0,EQNL
2007-07-31,6512.0,6512.0,6512.0,6512.0,7,45584.0,EQNL
2007-08-01,6400.0,6400.0,6397.0,6397.0,4,25591.0,EQNL
2007-08-02,6397.0,6397.0,6397.0,6397.0,1,6397.0,EQNL
2007-08-03,6306.0,6358.0,6208.0,6358.0,84,532147.02,EQNL
2007-08-08,6418.0,7200.0,6418.0,6574.0,52,350535.0,EQNL
2007-08-09,6400.0,6500.0,6400.0,6500.0,110,712020.0,EQNL
2007-08-10,6251.01,6251.01,6150.0,6242.0,73,456094.03,EQNL
2007-08-13,6151.02,6151.02,5972.0,6010.0,40,241351.03,EQNL
2007-08-14,6030.0,6030.0,6030.0,6030.0,1,6030.0,EQNL
2007-08-15,6059.13,6061.0,6059.13,6061.0,18,109092.39,EQNL
2007-08-16,6000.0,6000.0,5855.55,5855.55,116,694610.55,EQNL
2007-08-17,5885.0,5885.0,5850.0,5850.0,3,17585.0,EQNL
2007-08-20,5933.0,5933.0,5933.0,5933.0,1,5933.0,EQNL
2007-08-21,5895.0,5895.0,5895.0,5895.0,2,11790.0,EQNL
2007-08-22,5894.0,5999.0,5894.0,5999.0,27,160712.0,EQNL
2007-08-23,6507.0,6507.0,5920.0,5920.0,37,221877.0,EQNL
2007-08-24,5987.99,5988.0,5987.99,5988.0,16,95807.99,EQNL
2007-08-28,6499.0,6499.0,6494.0,6494.0,2,12993.0,EQNL
2007-08-29,6400.0,6400.0,6400.0,6400.0,1,6400.0,EQNL
2007-09-03,6274.0,6274.0,6274.0,6274.0,4,25096.0,EQNL
2007-09-06,6000.0,6500.0,6000.0,6500.0,71,433494.0,EQNL
2007-09-07,6124.0,6500.0,6010.0,6500.0,19,116509.0,EQNL
2007-09-10,6002.01,6149.0,5993.0,6149.0,15,90511.0,EQNL
2007-09-11,6140.0,6401.0,6140.0,6401.0,128,807635.87,EQNL
2007-09-12,6350.0,6400.0,6350.0,6400.0,44,279700.0,EQNL
2007-09-14,6076.0,6076.0,6013.0,6013.0,10,60255.0,EQNL
2007-09-18,6200.0,6250.0,6100.0,6100.0,13,80380.0,EQNL
2007-09-24,6200.0,6200.0,6200.0,6200.0,20,124000.0,EQNL
2007-09-25,6200.0,6200.0,6200.0,6200.0,21,130200.0,EQNL
2007-09-26,6017.0,6017.0,6017.0,6017.0,1,6017.0,EQNL
2007-09-27,6199.0,6200.0,5902.05,5902.05,23,140811.22,EQNL
2007-09-28,6000.0,6050.01,6000.0,6050.0,107,647150.03,EQNL
2007-10-01,6010.0,6010.0,6010.0,6010.0,1,6010.0,EQNL
2007-10-02,6149.0,6150.0,6149.0,6150.0,17,104549.0,EQNL
2007-10-03,6050.0,6050.0,6050.0,6050.0,1,6050.0,EQNL
2007-10-04,6150.0,6150.0,6150.0,6150.0,6,36900.0,EQNL
2007-10-05,6150.0,6150.0,6090.0,6150.0,799,4910110.07,EQNL
2007-10-08,6150.0,6150.0,5950.5,6000.0,21,126720.5,EQNL
2007-10-09,6050.0,6050.0,6050.0,6050.0,1,6050.0,EQNL
2007-10-10,6002.0,6050.0,6000.0,6050.0,548,3288550.0,EQNL
2007-10-11,6050.0,6050.0,6040.0,6050.0,12,72590.0,EQNL
2007-10-18,6000.0,6000.0,6000.0,6000.0,1,6000.0,EQNL
2007-10-22,5980.0,5980.0,5440.0,5540.99,196,1089090.58,EQNL
2007-10-23,5500.02,5600.0,5200.0,5285.99,336,1785814.42,EQNL
2007-10-24,5282.0,5330.0,5101.0,5160.0,321,1682860.32,EQNL
2007-10-25,5173.0,5269.33,5150.0,5150.0,171,882979.33,EQNL
2007-10-26,5198.99,5250.0,5148.0,5148.0,714,3694736.62,EQNL
2007-10-29,5173.0,5350.0,5161.0,5161.0,750,3889037.06,EQNL
2007-10-30,5171.28,5299.9,5100.0,5161.0,1016,5233405.91,EQNL
2007-10-31,5200.0,5400.0,5131.0,5300.0,2334,12271407.17,EQNL
2007-11-01,5311.0,5699.0,5311.0,5690.0,129,726202.92,EQNL
2007-11-02,5695.0,5695.0,5400.0,5440.0,160,867258.84,EQNL
2007-11-06,5371.01,5400.0,5161.0,5350.0,454,2385121.19,EQNL
2007-11-07,5202.03,5400.0,5200.01,5300.0,535,2813471.48,EQNL
2007-11-08,5300.0,5310.0,5200.0,5310.0,1647,8618678.61,EQNL
2007-11-09,5300.0,5310.0,5201.0,5310.0,338,1769672.38,EQNL
2007-11-12,5300.0,5350.0,5300.0,5300.0,264,1399300.0,EQNL
2007-11-13,5250.04,5395.0,5250.0,5250.03,69,363935.79,EQNL
2007-11-14,5350.0,5370.0,5251.62,5251.62,4,21341.62,EQNL
2007-11-15,5252.03,5360.0,5171.0,5171.0,287,1508764.03,EQNL
2007-11-16,5289.99,5310.01,5201.01,5300.0,1156,6129454.5,EQNL
2007-11-19,5250.0,5310.0,5212.0,5305.0,162,858607.0,EQNL
2007-11-20,5203.56,5305.0,5000.0,5123.26,609,3172003.69,EQNL
2007-11-21,5290.0,5320.0,4905.51,4905.51,1770,9151312.31,EQNL
2007-11-22,5125.4,5300.0,4800.0,5300.0,8411,42865526.46,EQNL
2007-11-23,5295.0,5300.0,5106.01,5121.5,609,3224547.52,EQNL
2007-11-26,5299.0,5301.0,5255.0,5255.0,8,42309.99,EQNL
2007-11-27,5221.01,5250.0,4900.0,4911.0,894,4436989.69,EQNL
2007-11-28,4950.0,4998.0,4822.0,4829.0,408,1975681.67,EQNL
2007-11-29,4947.0,4947.0,4720.01,4879.94,315,1508045.14,EQNL
2007-11-30,4937.0,4938.0,4710.0,4825.0,354,1705051.98,EQNL
2007-12-03,4704.0,4750.0,4612.0,4650.0,1287,5987963.88,EQNL
2007-12-04,4750.0,4750.0,4505.01,4545.0,638,2938369.75,EQNL
2007-12-05,4545.0,4639.22,4422.0,4550.0,728,3266535.04,EQNL
2007-12-06,4500.0,4557.0,4470.0,4500.0,624,2808782.87,EQNL
2007-12-07,4500.0,4600.0,4459.0,4550.0,479,2167386.64,EQNL
2007-12-10,4570.0,4750.0,4520.0,4731.0,577,2695109.87,EQNL
2007-12-11,4830.0,4919.0,4713.0,4899.0,350,1706940.72,EQNL
2007-12-12,4899.97,5191.9,4865.0,4937.0,255,1265704.31,EQNL
2007-12-13,4910.0,5100.0,4900.0,4960.0,147,730771.85,EQNL
2007-12-14,4900.0,5065.0,4880.0,4999.99,33,164052.99,EQNL
2007-12-17,4990.0,4990.0,4869.0,4935.0,10,49124.01,EQNL
2007-12-18,4940.0,5050.0,4939.0,4989.0,337,1694723.03,EQNL
2007-12-19,4968.0,5025.0,4871.0,5000.0,82,404845.98,EQNL
2007-12-20,5000.0,5045.0,4974.0,5040.0,214,1073120.97,EQNL
2007-12-21,5044.0,5045.0,4960.0,5043.0,885,4402186.05,EQNL
2007-12-24,5020.0,5098.98,4975.0,5000.0,83,416749.91,EQNL
2007-12-25,5000.0,5020.0,4991.0,4991.0,198,990078.99,EQNL
2007-12-26,4989.0,5040.0,4989.0,5000.0,449,2246362.99,EQNL
2007-12-27,5000.0,5045.0,4980.0,4980.0,140,701142.2,EQNL
2007-12-28,5024.0,5290.0,4824.0,4824.0,209,1040959.83,EQNL
2008-01-09,5000.0,5130.0,4950.0,5000.0,133,670602.1,EQNL
2008-01-10,5066.0,5066.0,4894.0,4950.0,203,1010904.3,EQNL
2008-01-11,5000.0,5000.0,4798.0,4944.0,512,2483840.11,EQNL
2008-01-14,4818.02,4955.0,4818.0,4900.0,1620,7938503.78,EQNL
2008-01-15,4948.99,4948.99,4876.01,4900.0,143,700871.2,EQNL
2008-01-16,4900.0,5100.0,4866.0,4920.0,293,1446190.06,EQNL
2008-01-17,5074.0,5090.0,4850.01,4860.0,67,331658.55,EQNL
2008-01-18,4860.0,4860.0,4534.0,4570.0,1223,5603042.87,EQNL
2008-01-21,4535.0,4535.0,4300.08,4435.0,205,902030.91,EQNL
2008-01-22,4300.12,4435.0,4000.0,4350.0,320,1369098.15,EQNL
2008-01-23,4398.99,4440.0,4310.0,4333.0,119,520956.41,EQNL
2008-01-24,4224.01,4445.39,4224.01,4445.39,13,56676.14,EQNL
2008-01-25,4555.0,4723.99,4450.0,4700.0,376,1739174.91,EQNL
2008-01-28,4699.5,4700.0,4322.81,4600.0,32,148208.31,EQNL
2008-01-29,4544.0,4544.0,4455.0,4500.0,111,500261.0,EQNL
2008-01-30,4456.0,4518.0,4430.0,4430.0,35,155653.99,EQNL
2008-01-31,4500.0,4500.0,4253.0,4450.0,45,196699.0,EQNL
2008-02-01,4700.0,4700.0,4600.0,4600.0,14,65265.0,EQNL
2008-02-04,4360.0,4875.0,4315.0,4380.0,1098,4808892.08,EQNL
2008-02-05,4261.0,4379.99,4261.0,4348.0,1111,4784467.67,EQNL
2008-02-06,4290.0,4290.0,4190.0,4200.0,55,231170.02,EQNL
2008-02-07,4305.0,4305.0,4189.0,4259.96,334,1401191.56,EQNL
2008-02-08,4046.96,4290.0,4046.96,4225.0,54,224711.13,EQNL
2008-02-11,4199.0,4298.74,4165.0,4298.74,109,459302.46,EQNL
2008-02-12,4298.0,4304.0,4224.0,4304.0,57,243120.55,EQNL
2008-02-13,4304.0,4450.0,4304.0,4450.0,68,296824.98,EQNL
2008-02-14,4333.0,4369.0,4333.0,4368.0,4,17403.0,EQNL
2008-02-15,4370.0,4370.0,4157.74,4200.0,160,674649.99,EQNL
2008-02-18,4228.97,4280.0,4216.0,4216.0,38,161754.97,EQNL
2008-02-19,4250.0,4250.0,4110.01,4250.0,86,363092.52,EQNL
2008-02-20,4205.0,4206.0,4127.4,4206.0,19,79757.43,EQNL
2008-02-21,4206.0,4300.0,4000.0,4250.01,238,993114.51,EQNL
2008-02-22,4250.01,4500.0,4192.0,4499.99,214,925197.14,EQNL
2008-02-26,4485.0,4499.99,4200.0,4350.55,60,257607.82,EQNL
2008-02-27,4350.56,4385.15,4229.0,4240.0,45,192495.49,EQNL
2008-02-28,4228.0,4410.01,4228.0,4300.0,717,3074648.17,EQNL
2008-02-29,4228.0,4303.0,4000.0,4099.98,337,1382266.53,EQNL
2008-03-03,4090.0,4249.91,3700.0,3700.01,1749,6609195.26,EQNL
2008-03-04,3787.87,3858.0,3700.0,3798.0,687,2557507.43,EQNL
2008-03-05,3798.0,3819.0,3725.0,3809.9,94,357772.76,EQNL
2008-03-06,3888.99,3890.0,3811.0,3811.0,130,501953.83,EQNL
2008-03-07,3812.0,3839.99,3710.0,3735.0,42,158762.9,EQNL
2008-03-11,3716.15,3900.0,3716.15,3900.0,34,130487.95,EQNL
2008-03-12,3888.88,3943.11,3808.0,3925.3,7,27195.65,EQNL
2008-03-13,3812.0,3999.0,3755.55,3999.0,86,333677.99,EQNL
2008-03-14,3999.79,3999.8,3822.22,3920.0,50,195245.14,EQNL
2008-03-17,3920.11,3990.0,3750.0,3750.11,619,2410635.39,EQNL
2008-03-18,3800.0,3801.0,3770.0,3770.0,53,201371.0,EQNL
2008-03-19,3770.0,3800.0,3601.0,3660.0,1155,4280196.96,EQNL
2008-03-20,3610.0,3610.0,3365.0,3496.09,896,3130998.37,EQNL
2008-03-21,3493.11,3500.0,3402.07,3495.0,260,901519.78,EQNL
2008-03-24,3410.0,3480.0,3410.0,3480.0,22,75580.0,EQNL
2008-03-25,3432.0,3432.0,3330.0,3333.35,170,572947.85,EQNL
2008-03-26,3355.1,3457.0,3350.0,3350.1,60,202790.8,EQNL
2008-03-27,3325.02,3500.0,3300.0,3449.0,96,329435.63,EQNL
2008-03-28,3400.0,3598.99,3350.02,3489.0,84,290728.84,EQNL
2008-03-31,3400.01,3470.0,3400.0,3469.99,38,129649.98,EQNL
2008-04-01,3500.0,3506.0,3437.0,3438.0,94,325111.0,EQNL
2008-04-02,3400.5,3545.0,3361.1,3545.0,91,315646.59,EQNL
2008-04-03,3522.0,3522.0,3200.0,3410.0,87,293246.49,EQNL
2008-04-04,3449.0,3579.0,3401.05,3460.0,85,298047.38,EQNL
2008-04-07,3463.0,3560.0,3463.0,3560.0,35,122044.0,EQNL
2008-04-08,3400.1,3650.0,3400.1,3500.0,2200,7710180.76,EQNL
2008-04-09,3430.0,3430.0,3430.0,3430.0,50,171500.0,EQNL
2008-04-10,3500.0,3500.0,3498.0,3498.0,83,290469.8,EQNL
2008-04-11,3430.08,3498.0,3430.08,3432.0,19,65258.24,EQNL
2008-04-14,3493.11,3493.11,3312.5,3312.5,42,140925.62,EQNL
2008-04-15,3210.0,3489.0,3200.0,3489.0,121,409689.95,EQNL
2008-04-16,3495.0,3570.0,3344.0,3570.0,346,1203870.93,EQNL
2008-04-17,3500.0,3648.11,3500.0,3590.0,125,442800.12,EQNL
2008-04-18,3590.0,3643.09,3400.08,3599.99,226,813473.35,EQNL
2008-04-21,3600.0,3600.0,3599.0,3600.0,56,201599.0,EQNL
2008-04-22,3600.0,3640.0,3450.0,3611.11,204,731800.46,EQNL
2008-04-23,3520.0,3550.0,3500.0,3543.11,43,150663.11,EQNL
2008-04-24,3500.0,3500.0,3440.0,3498.0,43,149465.01,EQNL
2008-04-25,3500.0,3500.0,3480.0,3500.0,356,1244700.0,EQNL
2008-04-28,3450.0,3450.0,3345.0,3448.11,44,148166.45,EQNL
2008-04-29,3449.1,3450.0,3449.1,3450.0,8,27594.17,EQNL
2008-04-30,3450.0,3450.0,3450.0,3450.0,5,17250.0,EQNL
2008-05-04,3370.0,3556.0,3362.8,3555.0,183,641055.72,EQNL
2008-05-05,3500.0,3500.0,3415.0,3499.91,7,24160.2,EQNL
2008-05-06,3500.0,3500.0,3500.0,3500.0,59,206500.0,EQNL
2008-05-07,3500.0,3500.0,3414.0,3500.0,92,321912.46,EQNL
2008-05-12,3440.0,3500.0,3402.0,3500.0,206,701704.1,EQNL
2008-05-13,3506.0,3567.8,3500.0,3511.0,387,1362968.25,EQNL
2008-05-14,3511.0,3589.99,3425.0,3500.0,306,1073200.95,EQNL
2008-05-15,3451.0,3550.0,3370.0,3550.0,545,1905976.98,EQNL
2008-05-16,3403.0,3654.35,3399.9,3550.0,1292,4578865.43,EQNL
2008-05-19,3500.01,3550.0,3450.0,3500.0,374,1320369.34,EQNL
2008-05-20,3440.0,3609.0,3440.0,3502.0,123,434381.01,EQNL
2008-05-21,3501.0,3501.0,3499.0,3500.0,23,80499.0,EQNL
2008-05-22,3500.0,3567.8,3471.0,3567.8,38,133458.8,EQNL
2008-05-23,3560.0,3600.0,3542.0,3600.0,9,32062.0,EQNL
2008-05-26,3551.0,3575.0,3475.91,3575.0,44,154729.83,EQNL
2008-05-27,3606.5,3606.5,3606.5,3606.5,1,3606.5,EQNL
2008-05-28,3500.0,3600.0,3500.0,3600.0,139,495364.55,EQNL
2008-05-29,3610.0,3610.0,3500.0,3510.0,406,1432847.93,EQNL
2008-05-30,3599.98,3600.0,3500.0,3549.99,253,899870.05,EQNL
2008-06-02,3550.0,3550.0,3490.0,3500.0,37,129637.69,EQNL
2008-06-03,3500.0,3500.0,3450.5,3500.0,57,198604.52,EQNL
2008-06-04,3455.0,3500.0,3400.0,3450.0,73,249656.83,EQNL
2008-06-05,3430.0,3430.09,3404.0,3430.0,109,373843.23,EQNL
2008-06-06,3400.0,3477.0,3400.0,3477.0,3,10354.0,EQNL
2008-06-07,3500.0,3500.0,3410.04,3410.04,15,52153.04,EQNL
2008-06-09,3456.75,3456.75,3456.75,3456.75,1,3456.75,EQNL
2008-06-10,3401.0,3401.0,3400.0,3400.0,26,88403.0,EQNL
2008-06-11,3500.0,3500.0,3400.0,3498.99,29,99192.95,EQNL
2008-06-16,3500.0,3500.0,3450.0,3499.0,28,96975.99,EQNL
2008-06-17,3489.0,3500.0,3414.0,3498.0,21,73142.0,EQNL
2008-06-18,3499.98,3530.0,3499.98,3500.0,202,709468.88,EQNL
2008-06-19,3500.0,3500.0,3455.0,3500.0,211,738408.0,EQNL
2008-06-20,3500.0,3500.0,3440.0,3440.0,139,479625.02,EQNL
2008-06-23,3421.0,3487.0,3421.0,3487.0,58,201322.0,EQNL
2008-06-24,3420.02,3420.02,3401.0,3401.0,10,34136.04,EQNL
2008-06-25,3486.99,3487.0,3405.0,3405.0,52,177228.53,EQNL
2008-06-26,3403.01,3403.03,3380.0,3380.0,34,115261.16,EQNL
2008-06-27,3400.0,3400.0,3212.0,3300.0,81,266016.97,EQNL
2008-06-30,3328.87,3333.0,3300.0,3333.0,137,452355.8,EQNL
2008-07-01,3350.0,3400.0,3299.0,3300.0,381,1259288.56,EQNL
2008-07-02,3333.33,3480.0,3333.33,3480.0,364,1244871.61,EQNL
2008-07-03,3400.01,3500.0,3400.0,3400.03,313,1073706.67,EQNL
2008-07-04,3400.01,3400.01,3400.0,3400.0,2,6800.01,EQNL
2008-07-07,3401.01,3401.01,3207.53,3207.53,310,1006257.25,EQNL
2008-07-08,3297.93,3297.93,3210.04,3210.04,3,9718.01,EQNL
2008-07-09,3211.0,3211.0,3211.0,3211.0,1,3211.0,EQNL
2008-07-10,3104.33,3200.0,3100.0,3200.0,36,114056.99,EQNL
2008-07-11,3200.0,3200.0,3120.0,3120.0,5,15920.0,EQNL
2008-07-14,3100.02,3200.0,3100.0,3200.0,31,98390.7,EQNL
2008-07-15,3103.1,3103.1,3013.0,3100.0,896,2775330.49,EQNL
2008-07-16,3050.1,3100.0,2950.0,3060.0,1938,5918693.1,EQNL
2008-07-17,3289.99,3290.0,2951.08,3100.0,1203,3767191.99,EQNL
2008-07-18,3150.01,3150.01,2956.0,2956.0,217,662512.35,EQNL
2008-07-21,3000.0,3000.0,2950.0,2950.0,10,29605.55,EQNL
2008-07-22,2929.29,3000.0,2925.0,3000.0,48,143533.58,EQNL
2008-07-23,2998.97,3000.0,2904.0,3000.0,84,249747.25,EQNL
2008-07-24,2903.0,3000.0,2902.0,2945.0,9,26456.0,EQNL
2008-07-25,2900.0,2901.1,2710.03,2710.03,231,650211.79,EQNL
2008-07-28,2700.0,2814.0,2600.0,2812.0,90,246030.76,EQNL
2008-07-29,2555.55,2999.0,2555.0,2600.0,151,411305.71,EQNL
2008-07-30,2799.0,2800.0,2611.0,2611.0,11,30607.0,EQNL
2008-07-31,2697.98,2989.0,2697.98,2989.0,64,183777.74,EQNL
2008-08-04,3288.98,3288.99,2700.0,2800.0,63,179323.35,EQNL
2008-08-05,2655.55,2679.98,2600.0,2679.98,12,31649.09,EQNL
2008-08-06,2698.96,2698.96,2555.55,2600.0,9,23617.86,EQNL
2008-08-07,2790.0,2940.0,2602.0,2751.0,21,57909.67,EQNL
2008-08-08,2800.0,2899.99,2505.08,2899.99,92,249735.58,EQNL
2008-08-11,2507.0,2507.0,2507.0,2507.0,2,5014.0,EQNL
2008-08-13,2652.0,2990.0,2652.0,2989.98,397,1083087.98,EQNL
2008-08-14,2700.0,2799.0,2500.01,2650.0,22,57848.42,EQNL
2008-08-15,2671.0,2900.0,2612.02,2612.02,319,881050.02,EQNL
2008-08-18,2600.0,2879.8,2600.0,2800.0,24,65958.62,EQNL
2008-08-19,2611.11,2611.11,2551.0,2551.0,97,247947.29,EQNL
2008-08-20,2501.15,2501.15,2501.0,2501.0,77,192577.41,EQNL
2008-08-21,2501.0,2501.0,2405.5,2405.5,45,109075.5,EQNL
2008-08-22,2498.97,2500.0,2260.12,2340.0,550,1321540.78,EQNL
2008-08-25,2350.0,2350.0,2300.01,2300.01,421,974928.22,EQNL
2008-08-26,2202.0,2247.47,2012.0,2061.0,4438,9575303.97,EQNL
2008-08-27,2065.0,2100.0,2065.0,2100.0,4,8330.0,EQNL
2008-08-29,2115.0,2140.0,2115.0,2140.0,9,19075.02,EQNL
2008-09-01,2196.91,2196.91,2196.91,2196.91,1,2196.91,EQNL
2008-09-02,2233.01,2429.91,2233.01,2429.91,15,33748.74,EQNL
2008-09-03,2410.0,2410.0,2410.0,2410.0,1,2410.0,EQNL
2008-09-04,2125.28,2189.97,2050.0,2099.98,47,98584.11,EQNL
2008-09-05,2060.0,2147.0,1825.01,2000.0,434,918888.13,EQNL
2008-09-08,2050.01,2050.01,2049.99,2050.0,179,366950.0,EQNL
2008-09-09,2000.0,2000.0,1953.07,1953.07,12,23812.3,EQNL
2008-09-10,1850.0,1850.0,1801.01,1850.0,14,25764.64,EQNL
2008-09-11,1850.0,1850.0,1700.0,1750.0,66,117077.69,EQNL
2008-09-12,1700.0,1750.0,1700.0,1729.3,14,24129.3,EQNL
2008-09-15,1700.0,1700.0,1600.0,1600.0,12,19377.77,EQNL
2008-09-16,1555.55,1555.55,1112.35,1115.15,84,108394.07,EQNL
2008-09-17,1535.0,1535.0,1535.0,1535.0,2,3070.0,EQNL
2008-09-19,1533.88,1533.88,1533.88,1533.88,21,32211.48,EQNL
2008-09-22,1533.88,1533.88,1533.88,1533.88,3,4601.64,EQNL
2008-09-25,1533.88,1533.88,1533.88,1533.88,3,4601.64,EQNL
2008-09-26,1533.88,1533.88,1533.88,1533.88,5,7669.4,EQNL
2008-09-29,1533.88,1533.88,1533.88,1533.88,1,1533.88,EQNL
2008-09-30,1533.88,1533.88,1533.88,1533.88,1,1533.88,EQNL
2008-10-09,1533.88,1533.88,1533.88,1533.88,1,1533.88,EQNL
2008-10-13,1533.88,1533.88,1533.88,1533.88,1,1533.88,EQNL
2008-10-14,1533.88,1533.88,1533.88,1533.88,5,7669.4,EQNL
2008-10-15,1533.88,1533.88,1533.88,1533.88,1,1533.88,EQNL
2008-10-16,1533.88,1533.88,1533.88,1533.88,1,1533.88,EQNL
2008-10-17,1533.88,1533.88,1533.88,1533.88,2,3067.76,EQNL
2008-10-20,1533.88,1533.88,1152.0,1152.0,16,22250.8,EQNL
2008-11-05,1533.88,1533.88,1533.88,1533.88,1,1533.88,EQNL
2008-11-11,1533.88,1533.88,1533.88,1533.88,1,1533.88,EQNL
2008-11-14,1533.88,1533.88,1533.88,1533.88,2,3067.76,EQNL
2008-11-18,1533.88,1533.88,1533.88,1533.88,1,1533.88,EQNL
2008-11-20,1533.88,1533.88,1533.88,1533.88,8,12271.04,EQNL
2008-11-24,1533.88,1533.88,1533.88,1533.88,5,7669.4,EQNL
2008-11-25,1533.88,1533.88,1533.88,1533.88,1,1533.88,EQNL
2008-11-27,1533.88,1533.88,1533.88,1533.88,2,3067.76,EQNL
2008-12-01,1203.8,1203.8,1073.72,1073.72,67,73240.04,EQNL
2008-12-03,751.6,751.6,751.6,751.6,124,93198.4,EQNL
2008-12-05,526.12,526.12,526.12,526.12,178,93649.36,EQNL
2008-12-09,515.0,515.0,368.28,368.28,589,227113.0,EQNL
2008-12-11,368.28,369.0,348.0,348.0,1657,589781.2,EQNL
2008-12-12,349.0,349.0,321.0,330.0,174,57891.49,EQNL
2008-12-15,301.0,347.0,300.0,330.0,121,38152.07,EQNL
2008-12-16,315.01,333.0,315.01,332.98,149,47888.55,EQNL
2008-12-17,338.99,372.0,320.0,359.98,2003,702749.33,EQNL
2008-12-18,325.0,340.0,289.0,340.0,719,226882.93,EQNL
2008-12-19,345.0,359.9,300.42,359.9,118,39831.49,EQNL
2008-12-22,350.0,350.0,316.03,321.0,43,14608.43,EQNL
2008-12-23,358.99,359.0,280.0,287.0,3994,1213886.59,EQNL
2008-12-24,299.0,309.0,281.0,305.0,312,89956.4,EQNL
2008-12-25,303.97,339.87,300.0,320.0,2567,798520.78,EQNL
2008-12-26,300.01,409.0,295.0,310.0,913,308475.95,EQNL
2008-12-29,349.28,389.0,291.0,297.0,1191,365179.37,EQNL
2008-12-30,299.97,325.0,283.15,323.0,352,103147.88,EQNL
2008-12-31,329.92,350.0,249.0,249.0,1939,528634.09,EQNL
2009-01-11,216.11,265.0,210.0,245.0,4683,1079002.1,EQNL
2009-01-12,250.0,259.99,230.0,240.0,1460,351362.09,EQNL
2009-01-13,231.0,235.48,225.01,229.5,809,186160.72,EQNL
2009-01-14,235.0,249.99,225.0,225.0,2656,624839.62,EQNL
2009-01-15,216.0,227.0,215.0,215.05,427,92343.07,EQNL
2009-01-16,221.0,230.0,220.0,230.0,239,54452.2,EQNL
2009-01-19,220.0,220.0,186.0,197.0,2081,402559.18,EQNL
2009-01-20,208.9,208.9,180.0,182.0,1325,240912.82,EQNL
2009-01-21,190.0,199.98,180.0,180.01,644,121239.96,EQNL
2009-01-22,185.0,185.0,173.0,175.0,619,109672.36,EQNL
2009-01-23,175.0,175.0,168.0,170.0,790,137048.6,EQNL
2009-01-26,174.99,185.0,174.99,180.0,1132,202251.71,EQNL
2009-01-27,180.02,181.0,172.03,179.98,340,61253.45,EQNL
2009-01-28,180.8,181.0,170.7,175.5,112,19623.79,EQNL
2009-01-29,170.0,175.47,170.0,175.47,5,860.94,EQNL
2009-01-30,177.75,177.75,170.03,171.12,188,33039.22,EQNL
2009-02-02,175.5,175.5,170.01,175.5,48,8352.59,EQNL
2009-02-03,172.01,175.47,172.0,173.01,30,5182.57,EQNL
2009-02-04,174.98,220.0,174.0,190.0,8989,1772207.39,EQNL
2009-02-05,180.04,228.0,180.04,193.0,9284,1904690.49,EQNL
2009-02-06,200.0,247.77,196.0,230.0,20277,4651346.44,EQNL
2009-02-09,230.0,235.0,210.02,217.5,1635,367210.76,EQNL
2009-02-10,203.03,248.5,203.0,237.95,30239,7128881.85,EQNL
2009-02-11,237.95,250.0,220.0,230.0,8200,1958180.95,EQNL
2009-02-12,235.0,240.0,223.01,231.0,1359,318056.1,EQNL
2009-02-13,236.5,236.5,221.0,225.31,1032,236646.37,EQNL
2009-02-16,229.99,230.0,229.0,230.0,118,27137.86,EQNL
2009-02-17,225.0,295.0,220.0,251.06,24484,6476833.8,EQNL
2009-02-18,252.0,275.0,205.0,249.99,1315,326964.17,EQNL
2009-02-19,290.0,290.0,230.0,233.01,105,25838.01,EQNL
2009-02-20,288.88,288.88,215.0,234.99,99,22634.3,EQNL
2009-02-24,250.0,250.0,235.01,239.5,166,39669.36,EQNL
2009-02-25,284.99,284.99,230.0,232.1,1964,463039.57,EQNL
2009-02-26,261.0,261.0,222.0,225.0,3187,733092.94,EQNL
2009-02-27,222.0,222.0,205.0,212.0,2502,543827.77,EQNL
2009-03-02,205.0,210.0,190.0,195.0,1038,208256.01,EQNL
2009-03-03,195.0,195.97,192.0,192.0,888,172186.77,EQNL
2009-03-04,190.0,200.0,190.0,195.0,1972,383657.2,EQNL
2009-03-05,199.99,220.0,195.01,195.01,34,6740.1,EQNL
2009-03-06,195.0,205.0,195.0,200.0,385,77706.96,EQNL
2009-03-10,204.99,205.01,200.06,201.0,435,87632.01,EQNL
2009-03-11,204.45,210.0,181.06,202.0,1124,232158.57,EQNL
2009-03-12,207.99,209.99,190.35,200.0,117,23265.27,EQNL
2009-03-13,195.0,198.4,181.5,198.4,4589,847507.53,EQNL
2009-03-16,190.0,200.0,190.0,194.0,839,164438.77,EQNL
2009-03-17,193.0,196.99,190.15,192.0,253,49014.16,EQNL
2009-03-18,192.0,199.0,182.0,199.0,3111,593505.33,EQNL
2009-03-19,199.99,203.99,190.0,199.99,3947,781567.94,EQNL
2009-03-20,191.01,217.0,191.0,202.0,8003,1603331.58,EQNL
2009-03-23,202.07,255.55,202.07,250.0,12868,2812859.91,EQNL
2009-03-24,217.5,311.12,217.5,299.48,7306,1994017.41,EQNL
2009-03-25,305.0,361.63,275.01,361.63,5777,2002821.21,EQNL
2009-03-26,379.99,418.0,320.0,380.0,3590,1295532.67,EQNL
2009-03-27,389.94,483.6,389.94,453.96,10800,4990205.4,EQNL
2009-03-30,445.01,445.01,350.0,376.0,5526,2121121.5,EQNL
2009-03-31,350.9,410.0,350.9,377.0,2265,868096.21,EQNL
2009-04-01,389.0,389.0,349.99,369.48,2071,736340.31,EQNL
2009-04-02,364.0,390.0,350.02,379.9,2833,1041028.2,EQNL
2009-04-03,360.02,390.0,356.0,362.0,2364,881554.67,EQNL
2009-04-06,399.0,399.0,322.0,337.0,3196,1141682.7,EQNL
2009-04-07,340.0,342.0,296.0,315.0,6051,1870841.32,EQNL
2009-04-08,353.25,353.25,305.03,340.0,9808,3273066.33,EQNL
2009-04-09,340.5,357.98,335.0,342.2,6804,2355892.74,EQNL
2009-04-10,379.5,389.99,342.3,381.0,3721,1378052.16,EQNL
2009-04-13,390.5,410.0,380.01,400.0,3713,1472420.02,EQNL
2009-04-14,410.0,464.9,380.0,429.99,10664,4598244.62,EQNL
2009-04-15,430.0,454.0,401.0,405.03,5982,2538618.19,EQNL
2009-04-16,431.0,492.0,285.0,427.0,73739,28596472.15,EQNL
2009-04-17,430.0,440.0,395.0,413.88,7794,3165178.88,EQNL
2009-04-20,402.91,425.0,382.0,399.78,3856,1534370.29,EQNL
2009-04-21,400.0,405.0,325.0,384.99,2561,953057.62,EQNL
2009-04-22,394.97,394.98,380.0,392.0,661,253748.35,EQNL
2009-04-23,394.0,439.0,392.59,406.0,7689,3162309.56,EQNL
2009-04-24,406.0,419.99,381.02,392.0,6673,2596824.28,EQNL
2009-04-27,395.0,398.79,330.09,335.0,18398,6407414.78,EQNL
2009-04-28,336.0,341.0,316.01,334.93,11138,3622415.88,EQNL
2009-04-29,322.11,370.0,322.11,346.8,21732,7448704.26,EQNL
2009-04-30,355.0,372.0,342.01,354.0,29838,10450866.92,EQNL
2009-05-04,382.5,382.5,333.0,354.0,29567,10329839.12,EQNL
2009-05-05,355.0,355.0,340.01,340.01,11128,3826139.19,EQNL
2009-05-06,350.0,364.57,326.04,356.0,19970,6904664.11,EQNL
2009-05-07,364.97,418.87,330.0,389.55,79030,29967828.51,EQNL
2009-05-08,388.99,436.0,382.13,412.0,41441,17509034.5,EQNL
2009-05-12,412.0,450.0,391.0,425.0,29084,12538573.58,EQNL
2009-05-13,414.01,440.0,370.0,390.0,14503,5944945.8,EQNL
2009-05-14,380.0,380.0,337.0,346.1,39576,13826737.14,EQNL
2009-05-15,349.01,374.89,346.0,362.96,48798,17437790.22,EQNL
2009-05-18,313.0,368.0,313.0,360.0,15904,5638353.67,EQNL
2009-05-19,361.0,400.0,360.0,377.77,29995,11087361.76,EQNL
2009-05-20,360.5,382.0,360.5,382.0,22814,8596678.37,EQNL
2009-05-21,382.0,382.0,356.0,363.92,11452,4215285.56,EQNL
2009-05-22,364.0,375.0,358.0,374.96,18506,6696830.84,EQNL
2009-05-25,375.0,375.98,358.0,375.98,6455,2402211.14,EQNL
2009-05-26,369.0,375.0,361.0,368.0,9785,3553660.88,EQNL
2009-05-27,375.0,377.0,363.4,372.97,10650,3930941.36,EQNL
2009-05-28,363.46,370.0,360.0,367.97,10508,3844283.2,EQNL
2009-05-29,372.93,377.0,360.0,364.93,14595,5351705.52,EQNL
2009-06-01,374.92,374.92,350.0,360.0,26295,9395441.67,EQNL
2009-06-02,360.0,365.0,343.5,358.41,16630,5849312.9,EQNL
2009-06-03,356.71,358.0,335.0,346.17,19811,6872413.83,EQNL
2009-06-04,300.49,399.0,300.49,388.99,41450,15683099.31,EQNL
2009-06-05,381.03,383.1,361.0,374.89,13004,4815970.24,EQNL
2009-06-08,375.01,384.99,350.0,355.11,10841,3912025.4,EQNL
2009-06-09,358.0,373.97,352.11,369.0,7964,2894440.75,EQNL
2009-06-10,372.99,382.97,357.0,357.0,18997,7007457.57,EQNL
2009-06-11,362.96,367.2,356.26,366.9,5851,2121948.49,EQNL
2009-06-15,370.25,370.25,345.11,345.11,6034,2158257.34,EQNL
2009-06-16,345.67,363.0,345.67,361.0,7988,2837622.65,EQNL
2009-06-17,367.0,367.0,345.1,345.1,2743,959668.78,EQNL
2009-06-18,368.51,368.51,317.1,332.99,9986,3331686.78,EQNL
2009-06-19,334.0,344.98,323.07,339.57,1825,613041.53,EQNL
2009-06-22,330.52,330.56,291.99,297.0,7329,2268935.94,EQNL
2009-06-23,290.0,290.0,245.0,273.0,21300,5715417.87,EQNL
2009-06-24,273.0,310.0,273.0,302.0,15803,4707693.38,EQNL
2009-06-25,307.99,307.99,279.99,296.5,6297,1815910.86,EQNL
2009-06-26,310.16,310.16,294.0,299.98,4281,1280367.43,EQNL
2009-06-29,299.96,305.0,281.22,303.99,1973,587937.03,EQNL
2009-06-30,308.0,308.0,285.04,294.98,1892,563881.01,EQNL
2009-07-01,295.0,298.76,281.71,294.22,4078,1168117.48,EQNL
2009-07-02,294.2,294.94,281.06,288.88,1254,358920.67,EQNL
2009-07-03,288.0,288.86,270.0,277.5,2687,738465.51,EQNL
2009-07-06,279.68,279.68,256.0,256.0,2089,547699.47,EQNL
2009-07-07,264.97,269.0,258.07,259.1,4361,1143150.64,EQNL
2009-07-08,259.98,269.0,245.24,248.01,7237,1840795.24,EQNL
2009-07-09,261.99,261.99,246.0,246.0,1334,334781.71,EQNL
2009-07-10,245.07,247.5,225.0,225.0,5050,1197487.56,EQNL
2009-07-13,221.1,246.96,220.3,246.96,3036,680850.39,EQNL
2009-07-14,250.0,289.0,250.0,266.27,4734,1290092.67,EQNL
2009-07-15,268.98,277.8,260.17,270.0,235,63179.81,EQNL
2009-07-16,271.0,271.0,250.3,262.72,4887,1257237.14,EQNL
2009-07-17,262.26,282.34,250.0,280.0,1941,519364.49,EQNL
2009-07-20,288.64,294.12,272.0,284.0,1729,488074.34,EQNL
2009-07-21,292.98,292.98,265.02,279.42,2429,669201.27,EQNL
2009-07-22,284.98,284.98,265.16,265.17,1411,382579.98,EQNL
2009-07-23,265.2,274.99,260.14,274.99,1905,508175.62,EQNL
2009-07-24,255.0,282.0,225.0,282.0,5947,1479944.95,EQNL
2009-07-27,261.0,299.97,261.0,295.99,5543,1631055.48,EQNL
2009-07-28,298.98,311.99,275.14,283.48,4544,1357231.12,EQNL
2009-07-29,275.38,286.41,260.0,270.01,2068,567263.3,EQNL
2009-07-30,283.29,304.54,272.02,303.99,9829,2891036.07,EQNL
2009-07-31,303.5,309.87,286.0,294.99,9005,2640436.36,EQNL
2009-08-03,300.0,320.0,290.0,315.35,8481,2607861.64,EQNL
2009-08-04,358.35,358.35,285.81,308.0,7285,2195764.67,EQNL
2009-08-05,319.05,319.05,300.03,308.42,8807,2704910.27,EQNL
2009-08-06,308.44,316.0,301.02,312.0,5198,1598228.52,EQNL
2009-08-07,312.69,312.69,290.04,308.94,989,294985.02,EQNL
2009-08-10,304.53,312.5,296.03,298.52,6012,1829656.64,EQNL
2009-08-11,301.01,307.99,294.08,298.49,5246,1568606.84,EQNL
2009-08-12,291.0,304.0,281.03,301.99,3161,928454.21,EQNL
2009-08-13,302.0,313.99,285.32,299.92,1197,357220.82,EQNL
2009-08-14,300.0,302.96,285.01,290.0,2077,613770.95,EQNL
2009-08-17,290.0,293.0,271.4,278.02,8655,2435841.04,EQNL
2009-08-18,288.91,289.94,278.44,287.48,3603,1022101.61,EQNL
2009-08-19,283.6,287.0,279.0,287.0,677,191106.12,EQNL
2009-08-20,289.99,299.0,283.0,287.15,3486,1019240.01,EQNL
2009-08-21,290.01,338.0,290.01,306.49,6498,1995084.36,EQNL
2009-08-24,311.99,316.0,307.0,316.0,14757,4617945.93,EQNL
2009-08-25,311.0,314.95,306.0,308.99,4711,1456044.26,EQNL
2009-08-26,314.0,315.97,300.0,304.92,10069,3083125.88,EQNL
2009-08-27,309.99,315.0,303.0,311.0,10424,3234235.91,EQNL
2009-08-28,311.0,316.0,307.0,316.0,5690,1777766.14,EQNL
2009-08-31,315.9,345.0,307.02,339.0,13391,4418256.61,EQNL
2009-09-01,340.0,355.0,325.0,328.99,8804,2931390.03,EQNL
2009-09-02,333.0,333.01,315.12,321.97,7845,2538931.94,EQNL
2009-09-03,329.0,329.0,322.25,328.87,2814,916466.48,EQNL
2009-09-04,328.87,343.98,320.0,334.99,4951,1631325.21,EQNL
2009-09-07,337.0,345.0,330.0,344.36,2738,924465.15,EQNL
2009-09-08,338.01,349.99,337.0,348.86,6202,2138915.95,EQNL
2009-09-09,340.1,368.0,337.29,368.0,14228,5054624.94,EQNL
2009-09-10,368.5,420.0,367.88,395.0,25109,9756992.42,EQNL
2009-09-11,439.5,439.5,371.0,380.01,13825,5410419.39,EQNL
2009-09-14,380.01,395.95,365.01,395.94,11333,4316960.14,EQNL
2009-09-15,390.96,408.99,376.7,400.0,14627,5761557.42,EQNL
2009-09-16,400.0,409.0,383.3,404.5,22654,8939245.52,EQNL
2009-09-17,405.0,479.0,393.1,470.96,45602,20026315.34,EQNL
2009-09-18,479.17,519.0,450.0,509.98,50396,24881022.9,EQNL
2009-09-21,510.4,658.46,482.13,604.8,80939,47150905.61,EQNL
2009-09-22,608.25,644.97,561.06,600.99,43934,26471682.72,EQNL
2009-09-23,590.0,610.23,540.94,559.0,29506,16582108.96,EQNL
2009-09-24,549.5,569.0,530.03,545.0,10332,5751237.61,EQNL
2009-09-25,535.0,600.0,535.0,577.9,21790,12442294.31,EQNL
2009-09-28,570.0,620.0,540.13,609.9,25680,15401326.68,EQNL
2009-09-29,610.0,635.0,601.3,618.79,24233,14950238.25,EQNL
2009-09-30,623.98,644.85,598.95,600.0,20601,12863645.86,EQNL
2009-10-01,600.03,637.99,600.03,624.8,16854,10377528.24,EQNL
2009-10-02,607.0,619.0,573.0,604.98,23112,13737357.8,EQNL
2009-10-05,614.7,651.0,588.03,632.92,81662,51248676.43,EQNL
2009-10-06,625.0,698.99,625.0,691.0,65784,43918182.72,EQNL
2009-10-07,699.97,898.07,699.97,898.07,108528,90633664.73,EQNL
2009-10-08,988.5,1075.0,924.0,1030.0,166678,166920012.42,EQNL
2009-10-09,1055.0,1055.0,937.0,953.0,42055,40897556.31,EQNL
2009-10-12,956.99,1003.0,885.0,903.94,47069,42896661.72,EQNL
2009-10-13,900.0,930.0,840.0,864.98,24279,21242319.95,EQNL
2009-10-14,893.5,989.3,820.98,950.01,65375,61396682.22,EQNL
2009-10-15,955.0,1035.0,900.0,955.97,48264,46368199.04,EQNL
2009-10-16,955.0,985.0,890.06,903.01,20753,19252110.25,EQNL
2009-10-19,902.0,975.0,880.7,975.0,21183,20013555.94,EQNL
2009-10-20,975.0,983.0,938.0,950.0,18450,17747033.8,EQNL
2009-10-21,950.0,981.15,931.0,970.0,25396,24387115.86,EQNL
2009-10-22,960.0,1000.0,940.3,999.99,23621,23238620.51,EQNL
2009-10-23,1000.0,1060.0,990.0,1029.2,45025,45876025.54,EQNL
2009-10-26,1030.0,1193.99,1002.02,1153.98,122648,139769937.52,EQNL
2009-10-27,1160.0,1160.0,1030.01,1059.0,45672,49657512.95,EQNL
2009-10-28,1057.0,1058.0,935.25,965.0,63006,61472982.53,EQNL
2009-10-29,975.0,1029.99,901.07,1005.0,30545,29337627.19,EQNL
2009-10-30,1025.0,1046.0,930.0,947.0,23924,22951148.71,EQNL
2009-11-02,943.5,947.0,890.0,933.01,11276,10369976.81,EQNL
2009-11-03,1075.0,1075.0,867.01,900.0,8926,7993661.6,EQNL
2009-11-05,922.44,997.98,880.0,977.99,24097,22530316.74,EQNL
2009-11-06,955.0,996.94,933.39,948.0,5876,5603705.21,EQNL
2009-11-09,972.0,1025.1,962.0,990.0,18095,18009105.64,EQNL
2009-11-10,1000.0,1020.0,960.15,998.98,8562,8466135.42,EQNL
2009-11-11,995.0,1015.0,965.19,972.0,5086,5029231.98,EQNL
2009-11-12,973.0,976.0,941.01,963.98,10048,9592703.74,EQNL
2009-11-13,955.0,960.0,900.02,917.99,31530,28952635.67,EQNL
2009-11-16,921.0,930.0,907.1,924.15,17202,15807003.89,EQNL
2009-11-17,947.68,947.68,910.2,926.5,6998,6437447.96,EQNL
2009-11-18,929.99,974.98,921.01,932.0,11101,10423889.52,EQNL
2009-11-19,915.0,944.0,911.1,925.9,14239,13150149.33,EQNL
2009-11-20,936.0,936.0,900.02,915.9,17691,16252944.64,EQNL
2009-11-23,919.0,930.0,910.01,928.99,3981,3671340.24,EQNL
2009-11-24,920.0,929.88,915.01,923.99,3914,3603548.73,EQNL
2009-11-25,920.0,931.0,920.0,929.49,8620,7998444.41,EQNL
2009-11-26,920.94,920.94,876.1,879.0,5360,4809804.42,EQNL
2009-11-27,871.5,933.0,800.0,920.0,15462,13062844.28,EQNL
2009-11-30,919.5,940.0,909.99,920.98,4375,4029198.98,EQNL
2009-12-01,910.0,919.77,900.0,918.0,2115,1920203.62,EQNL
2009-12-02,919.99,930.0,896.96,920.07,6151,5642456.89,EQNL
2009-12-03,929.93,975.0,915.01,954.99,14614,13962500.91,EQNL
2009-12-04,987.5,987.5,929.0,949.0,2818,2655339.82,EQNL
2009-12-07,915.78,950.0,915.78,935.0,4057,3801862.61,EQNL
2009-12-08,955.0,955.0,923.0,923.0,923,864008.52,EQNL
2009-12-09,925.02,938.84,902.01,914.91,2812,2570366.65,EQNL
2009-12-10,901.69,920.0,890.2,914.99,1423,1287488.69,EQNL
2009-12-11,926.9,926.9,884.02,902.89,2066,1862528.53,EQNL
2009-12-14,904.0,919.99,870.0,912.29,13663,12207127.99,EQNL
2009-12-15,909.0,940.0,882.06,909.0,10481,9494813.98,EQNL
2009-12-16,900.0,929.0,899.0,920.0,11021,9956457.29,EQNL
2009-12-17,907.0,927.27,894.01,907.97,4177,3826196.31,EQNL
2009-12-18,907.0,917.0,897.29,913.9,2270,2048522.39,EQNL
2009-12-21,913.9,915.01,901.05,908.98,3715,3367298.26,EQNL
2009-12-22,866.0,920.8,866.0,904.99,4912,4465763.94,EQNL
2009-12-23,890.0,912.99,885.18,899.2,5300,4797408.81,EQNL
2009-12-24,902.28,912.99,886.01,900.0,1703,1531017.77,EQNL
2009-12-25,890.0,904.94,885.0,886.0,940,840623.41,EQNL
2009-12-28,881.1,895.0,881.01,891.0,658,585319.65,EQNL
2009-12-29,885.0,886.3,825.51,840.0,10502,8906225.25,EQNL
2009-12-30,840.0,850.0,825.5,849.0,5494,4601449.57,EQNL
2009-12-31,838.0,851.99,834.03,851.99,5028,4262286.1,EQNL
2010-01-11,853.0,916.0,838.01,895.0,5175,4597195.95,EQNL
2010-01-12,899.0,899.0,880.0,898.65,1498,1328148.26,EQNL
2010-01-13,880.0,905.0,851.11,899.0,2278,2026783.28,EQNL
2010-01-14,910.0,940.0,905.0,940.0,4209,3855302.14,EQNL
2010-01-15,950.0,977.0,931.0,956.45,12497,12018589.84,EQNL
2010-01-18,935.08,949.85,933.51,941.98,963,904211.2,EQNL
2010-01-19,947.0,954.29,915.0,950.0,2815,2641912.89,EQNL
2010-01-20,949.34,1039.0,941.97,1015.0,49913,49479340.5,EQNL
2010-01-21,1014.89,1145.0,1004.93,1100.0,80466,85836963.88,EQNL
2010-01-22,1050.01,1127.0,1015.71,1084.9,35077,37063771.66,EQNL
2010-01-25,1070.0,1070.0,1011.0,1036.99,12692,13135545.13,EQNL
2010-01-26,1048.5,1048.5,964.0,980.1,10155,9991490.9,EQNL
2010-01-27,980.0,999.76,962.68,990.0,3192,3136910.65,EQNL
2010-01-28,991.0,1130.0,990.0,1098.0,22829,24468348.4,EQNL
2010-01-29,1040.0,1194.99,1040.0,1130.0,29497,33683009.78,EQNL
2010-02-01,1121.0,1132.0,1075.0,1132.0,6006,6612568.45,EQNL
2010-02-02,1140.0,1140.0,1086.0,1106.99,6806,7585234.34,EQNL
2010-02-03,1107.01,1328.99,1107.0,1291.0,59254,73495799.41,EQNL
2010-02-04,1270.0,1360.23,1205.0,1210.02,40984,52811409.27,EQNL
2010-02-05,1180.68,1188.99,1120.17,1154.01,20335,23379753.07,EQNL
2010-02-08,1099.53,1175.0,1080.0,1116.98,20119,22298721.23,EQNL
2010-02-09,1137.0,1142.7,1097.0,1134.89,3139,3522658.72,EQNL
2010-02-10,1148.0,1177.04,1090.0,1125.0,11758,13318557.09,EQNL
2010-02-11,1158.95,1158.99,1101.61,1120.0,4214,4717944.54,EQNL
2010-02-12,1120.0,1148.83,1075.05,1119.89,8444,9326237.01,EQNL
2010-02-15,1100.0,1115.0,1077.0,1091.95,1091,1188358.03,EQNL
2010-02-16,1028.65,1129.99,1028.65,1122.0,7046,7850771.53,EQNL
2010-02-17,1146.0,1159.99,1100.0,1120.91,13508,15402705.49,EQNL
2010-02-18,1104.5,1119.0,1060.0,1100.0,7245,7963604.95,EQNL
2010-02-19,1104.99,1115.0,1060.05,1108.9,1359,1500546.35,EQNL
2010-02-24,1114.99,1115.0,1065.26,1074.01,2682,2924774.84,EQNL
2010-02-25,1085.32,1094.0,1040.0,1050.0,3246,3451271.38,EQNL
2010-02-26,1050.0,1071.23,1047.05,1064.94,1077,1136354.93,EQNL
2010-02-27,1060.0,1132.98,1060.0,1129.96,6951,7743131.88,EQNL
2010-03-01,1145.0,1156.0,1110.0,1120.0,5939,6715600.06,EQNL
2010-03-02,1120.0,1122.0,1076.0,1088.0,5258,5857539.89,EQNL
2010-03-03,1084.11,1099.95,1055.0,1099.0,3140,3367807.89,EQNL
2010-03-04,1080.02,1098.5,1063.01,1069.99,4433,4756660.38,EQNL
2010-03-05,1089.99,1100.0,1049.64,1079.99,14151,15089310.38,EQNL
2010-03-09,1080.0,1105.0,1070.0,1083.97,17873,19354710.74,EQNL
2010-03-10,1084.0,1085.0,1049.19,1064.8,10383,11028231.83,EQNL
2010-03-11,1070.0,1070.0,1009.79,1056.0,5705,6024134.75,EQNL
2010-03-12,1079.5,1088.35,1052.07,1060.0,27438,29358651.62,EQNL
2010-03-15,1060.1,1070.0,1042.0,1051.34,3374,3553752.32,EQNL
2010-03-16,1051.56,1067.99,1042.0,1050.0,3039,3188811.57,EQNL
2010-03-17,1059.99,1060.0,1032.0,1035.0,13448,14103161.73,EQNL
2010-03-18,1040.0,1076.0,1029.99,1051.99,20748,21934616.62,EQNL
2010-03-19,1101.5,1101.5,1035.0,1043.0,6639,6946209.47,EQNL
2010-03-22,1044.0,1054.24,1015.33,1034.75,7609,7859265.35,EQNL
2010-03-23,1042.18,1052.0,1030.69,1046.0,14478,15121951.87,EQNL
2010-03-24,1052.0,1052.0,1021.0,1036.67,5248,5440918.52,EQNL
2010-03-25,1036.0,1036.0,1020.0,1028.0,5187,5307602.64,EQNL
2010-03-26,1029.3,1034.0,1010.21,1019.0,7908,8066427.57,EQNL
2010-03-29,1010.07,1022.05,994.78,1009.99,17343,17344993.66,EQNL
2010-03-30,1000.0,1045.51,999.4,1026.0,12404,12724610.58,EQNL
2010-03-31,1036.99,1036.99,1000.0,1011.7,9230,9376225.72,EQNL
2010-04-01,1001.0,1026.92,990.51,998.0,18055,18134658.04,EQNL
2010-04-02,990.1,997.48,964.0,987.93,15802,15487955.59,EQNL
2010-04-05,987.79,987.79,961.84,974.99,7732,7498515.42,EQNL
2010-04-06,1001.87,1001.87,940.34,951.99,14931,14314198.61,EQNL
2010-04-07,950.3,995.0,930.0,949.99,18368,17535715.72,EQNL
2010-04-08,949.98,950.0,925.0,938.85,7391,6889639.43,EQNL
2010-04-09,940.0,974.89,927.06,960.0,17030,16219921.85,EQNL
2010-04-12,960.0,986.23,951.36,964.98,12194,11773662.61,EQNL
2010-04-13,969.34,1140.0,969.34,1088.0,100990,108626314.76,EQNL
2010-04-14,1090.01,1157.0,1050.03,1074.99,50326,55099922.59,EQNL
2010-04-15,1039.16,1080.0,1012.15,1062.68,28315,29584759.64,EQNL
2010-04-16,1054.98,1059.0,1022.0,1025.0,13124,13639271.54,EQNL
2010-04-19,1017.52,1017.52,961.1,975.06,17578,17226285.63,EQNL
2010-04-20,975.21,1025.0,975.21,1006.99,14384,14326984.19,EQNL
2010-04-21,1021.0,1040.0,985.0,995.0,8747,8804253.93,EQNL
2010-04-22,992.99,1023.17,964.18,970.0,8988,8950716.32,EQNL
2010-04-23,984.3,994.0,960.0,994.0,3951,3855505.49,EQNL
2010-04-26,1000.0,1069.99,994.0,1051.33,20273,20906891.43,EQNL
2010-04-27,1042.71,1050.0,1008.01,1027.69,8514,8738152.38,EQNL
2010-04-28,998.61,999.0,970.0,982.03,15998,15754524.2,EQNL
2010-04-29,992.97,1004.0,972.06,1004.0,3300,3271607.95,EQNL
2010-04-30,1014.97,1014.99,980.0,992.34,1436,1423500.95,EQNL
2010-05-04,994.99,994.99,955.08,963.0,5566,5401506.74,EQNL
2010-05-05,961.0,965.0,920.01,926.0,7834,7362786.28,EQNL
2010-05-06,917.0,936.87,915.0,920.53,2191,2039822.8,EQNL
2010-05-07,910.0,910.0,700.0,812.0,20277,16770994.36,EQNL
2010-05-11,851.5,880.0,782.01,804.99,7852,6525428.49,EQNL
2010-05-12,800.0,834.99,785.0,834.94,15552,12574510.16,EQNL
2010-05-13,835.0,865.0,816.02,836.99,8842,7509033.64,EQNL
2010-05-14,835.0,864.9,795.67,814.75,6148,5067306.1,EQNL
2010-05-17,795.23,810.0,754.66,802.99,8588,6754364.74,EQNL
2010-05-18,800.0,859.89,799.0,830.55,8287,6852646.47,EQNL
2010-05-19,827.0,833.99,780.0,790.0,2870,2289712.47,EQNL
2010-05-20,800.0,809.87,680.0,709.88,19513,14189815.3,EQNL
2010-05-21,729.98,729.98,649.9,695.2,21203,14203851.63,EQNL
2010-05-24,712.88,731.0,683.45,713.93,6629,4694513.99,EQNL
2010-05-25,678.33,682.0,625.0,648.46,10802,7088246.89,EQNL
2010-05-26,652.5,690.0,652.5,683.97,7437,4989135.97,EQNL
2010-05-27,689.0,730.0,656.19,722.0,16163,11355476.56,EQNL
2010-05-28,730.5,731.01,700.05,725.0,5643,4045234.45,EQNL
2010-05-31,720.01,742.74,710.11,740.0,6891,5061349.77,EQNL
2010-06-01,739.93,740.0,705.31,730.02,3363,2422407.86,EQNL
2010-06-02,746.0,746.0,708.98,724.0,6217,4507623.02,EQNL
2010-06-03,740.0,760.0,709.93,710.02,6314,4624208.48,EQNL
2010-06-04,739.97,743.3,701.01,717.9,5476,3952571.6,EQNL
2010-06-07,699.5,714.0,675.05,703.89,3325,2303676.72,EQNL
2010-06-08,733.9,733.9,681.01,700.92,2733,1904722.48,EQNL
2010-06-09,691.0,714.04,686.01,696.0,2070,1442835.36,EQNL
2010-06-10,690.0,708.99,690.0,707.5,792,554967.75,EQNL
2010-06-11,704.99,704.99,692.01,699.99,1703,1192335.15,EQNL
2010-06-15,699.99,710.0,692.93,709.95,2672,1873503.27,EQNL
2010-06-16,712.5,712.5,687.51,704.6,2397,1672352.42,EQNL
2010-06-17,724.86,724.86,690.45,699.4,1551,1084601.09,EQNL
2010-06-18,699.99,703.99,691.3,703.99,674,471799.69,EQNL
2010-06-21,711.79,749.0,700.01,728.03,6708,4860179.16,EQNL
2010-06-22,720.19,731.0,708.06,710.0,4093,2939231.79,EQNL
2010-06-23,715.97,728.9,692.0,700.99,1699,1191408.18,EQNL
2010-06-24,702.0,709.97,691.0,697.0,1197,837224.89,EQNL
2010-06-25,692.91,698.99,660.12,684.96,3782,2567485.89,EQNL
2010-06-28,685.51,718.99,670.15,708.92,3302,2301236.71,EQNL
2010-06-29,700.64,700.64,679.0,687.61,2167,1480481.63,EQNL
2010-06-30,674.88,689.96,660.3,689.96,1508,1018461.28,EQNL
2010-07-01,670.15,674.88,656.13,658.82,2305,1535400.05,EQNL
2010-07-02,720.0,720.0,651.37,679.38,1558,1034535.16,EQNL
2010-07-05,680.0,680.32,674.9,679.54,1850,1251738.61,EQNL
2010-07-06,675.72,687.98,675.72,687.53,3195,2183105.66,EQNL
2010-07-07,682.0,684.2,665.6,682.94,13413,9026071.96,EQNL
2010-07-08,687.11,715.0,684.97,705.6,9258,6488236.03,EQNL
2010-07-09,711.4,716.0,675.16,693.0,6249,4306748.1,EQNL
2010-07-12,693.0,714.9,677.9,705.0,8041,5640952.84,EQNL
2010-07-13,705.42,719.99,705.42,719.0,4802,3419919.3,EQNL
2010-07-14,719.01,725.0,705.0,723.84,4347,3096133.07,EQNL
2010-07-15,720.98,780.0,719.97,749.0,19132,14351005.09,EQNL
2010-07-16,759.97,763.0,735.04,743.01,8043,6028423.33,EQNL
2010-07-19,731.0,748.97,725.06,740.0,1384,1017494.53,EQNL
2010-07-20,745.0,750.6,730.0,730.5,8108,5950823.52,EQNL
2010-07-21,742.99,810.0,732.85,794.01,14587,11423582.65,EQNL
2010-07-22,782.01,820.0,780.0,820.0,16103,12855344.56,EQNL
2010-07-23,800.5,844.41,800.5,826.7,8589,7101276.22,EQNL
2010-07-26,839.98,848.0,819.0,829.0,2958,2462936.31,EQNL
2010-07-27,828.0,844.0,820.05,838.99,10439,8699140.12,EQNL
2010-07-28,838.99,844.8,807.02,815.0,7734,6343274.49,EQNL
2010-07-29,819.18,820.0,800.32,808.99,2824,2283159.1,EQNL
2010-07-30,802.56,810.0,775.01,810.0,6692,5355082.49,EQNL
2010-08-02,810.0,835.72,810.0,825.0,11586,9587025.2,EQNL
2010-08-03,833.99,834.0,811.68,815.0,8437,6885406.82,EQNL
2010-08-04,827.43,833.96,815.0,823.38,20296,16698454.31,EQNL
2010-08-05,821.23,825.0,815.0,824.88,16494,13505774.69,EQNL
2010-08-06,825.0,834.99,816.78,820.49,2321,1916598.21,EQNL
2010-08-09,818.01,835.0,818.01,832.98,2608,2171139.86,EQNL
2010-08-10,820.24,830.0,810.0,823.11,14465,11912885.58,EQNL
2010-08-11,819.99,825.0,810.0,810.04,3169,2594645.65,EQNL
2010-08-12,809.97,821.0,795.0,806.05,5414,4344472.35,EQNL
2010-08-13,802.01,821.95,802.01,821.95,6526,5303874.59,EQNL
2010-08-16,825.0,825.0,808.01,812.02,6499,5346893.26,EQNL
2010-08-17,815.05,825.0,815.0,825.0,2887,2371278.13,EQNL
2010-08-18,828.5,829.0,817.0,824.68,6030,4987417.35,EQNL
2010-08-19,827.46,830.0,818.0,818.0,3166,2617061.1,EQNL
2010-08-20,805.03,820.0,805.0,815.5,1500,1219066.38,EQNL
2010-08-23,806.1,813.95,797.01,813.83,1548,1245572.56,EQNL
2010-08-24,801.05,814.63,770.25,813.95,2565,2038000.45,EQNL
2010-08-25,824.98,824.98,797.01,810.0,1133,914680.4,EQNL
2010-08-26,812.12,812.12,780.0,801.09,3796,2990772.05,EQNL
2010-08-27,795.0,798.78,777.78,796.98,1715,1357683.82,EQNL
2010-08-30,800.0,810.0,792.6,792.6,1020,820336.11,EQNL
2010-08-31,792.52,793.22,777.77,781.64,1961,1536443.27,EQNL
2010-09-01,780.82,799.97,763.9,783.0,13843,10747830.15,EQNL
2010-09-02,799.99,800.0,771.0,780.0,3534,2756391.7,EQNL
2010-09-03,771.02,790.95,771.02,789.0,4952,3873554.7,EQNL
2010-09-06,789.01,875.0,777.81,860.0,50747,43111300.97,EQNL
2010-09-07,860.0,860.0,830.01,848.01,4933,4129122.26,EQNL
2010-09-08,840.0,850.0,830.25,849.93,1196,1006349.29,EQNL
2010-09-09,877.0,877.0,839.21,856.48,2364,2014183.24,EQNL
2010-09-10,843.0,855.86,843.0,845.0,1652,1397895.56,EQNL
2010-09-13,850.84,860.0,840.01,850.0,3711,3161880.03,EQNL
2010-09-14,845.02,870.0,835.01,857.0,24295,20767964.57,EQNL
2010-09-15,859.99,860.0,842.0,842.11,2680,2269826.33,EQNL
2010-09-16,842.21,848.93,835.0,836.0,1649,1380805.78,EQNL
2010-09-17,850.68,850.68,832.1,837.99,1166,980024.15,EQNL
2010-09-20,833.34,838.51,811.7,832.99,3553,2933464.66,EQNL
2010-09-21,825.08,858.61,825.08,843.7,4610,3903137.09,EQNL
2010-09-22,857.5,857.5,838.0,846.85,4815,4042508.85,EQNL
2010-09-23,840.78,845.0,815.32,825.02,4563,3794979.87,EQNL
2010-09-24,812.12,829.0,812.11,828.97,424,347325.53,EQNL
2010-09-27,829.82,860.0,828.0,831.52,8030,6785201.5,EQNL
2010-09-28,855.0,855.0,816.0,823.29,4725,3872213.66,EQNL
2010-09-29,825.32,833.0,808.53,813.98,3488,2847428.1,EQNL
2010-09-30,818.12,832.99,805.0,819.0,2921,2376217.42,EQNL
2010-10-01,832.98,836.99,818.2,824.97,883,728297.58,EQNL
2010-10-04,833.0,836.99,815.0,824.96,1518,1246722.16,EQNL
2010-10-05,825.36,833.58,806.0,811.56,3666,2984024.59,EQNL
2010-10-06,812.1,828.91,806.0,819.93,2727,2226516.53,EQNL
2010-10-07,847.1,847.1,805.17,837.98,2647,2176912.17,EQNL
2010-10-08,834.81,834.81,812.07,825.71,821,673319.07,EQNL
2010-10-11,829.88,850.0,825.0,830.0,1146,956845.53,EQNL
2010-10-12,825.52,825.52,810.0,820.0,1348,1104569.57,EQNL
2010-10-13,815.33,819.94,811.0,817.85,5539,4506094.41,EQNL
2010-10-14,814.11,819.98,808.0,814.0,2841,2315989.54,EQNL
2010-10-15,819.49,819.51,807.0,810.0,2538,2060086.47,EQNL
2010-10-18,804.82,843.0,802.0,823.63,22203,18440270.8,EQNL
2010-10-19,819.81,826.62,798.97,802.98,6069,4925446.16,EQNL
2010-10-20,807.5,807.5,798.0,805.0,6308,5044952.71,EQNL
2010-10-21,805.0,809.98,797.27,807.57,6419,5144211.9,EQNL
2010-10-22,808.0,808.0,795.0,800.05,2607,2087416.09,EQNL
2010-10-25,807.5,809.35,803.0,803.0,1151,925290.77,EQNL
2010-10-26,797.64,807.0,797.64,804.56,1549,1240179.68,EQNL
2010-10-27,790.05,810.0,790.05,803.05,1593,1276886.19,EQNL
2010-10-28,801.4,810.0,799.98,809.78,1786,1442116.69,EQNL
2010-10-29,801.37,828.95,790.02,825.5,2061,1676556.13,EQNL
2010-11-01,841.0,849.91,830.0,835.77,3337,2789390.57,EQNL
2010-11-02,860.0,860.0,827.0,833.9,319,264451.42,EQNL
2010-11-03,824.0,826.43,819.59,824.57,661,543931.55,EQNL
2010-11-08,833.9,835.0,824.98,824.98,2270,1886308.06,EQNL
2010-11-09,827.51,835.0,822.57,830.0,1501,1250660.54,EQNL
2010-11-10,844.56,844.56,810.0,830.0,1781,1463019.07,EQNL
2010-11-11,825.6,842.27,820.12,826.03,4109,3422403.97,EQNL
2010-11-12,825.87,844.9,820.01,836.12,952,793565.4,EQNL
2010-11-13,834.48,841.28,834.0,838.74,1360,1135446.31,EQNL
2010-11-15,849.0,858.86,832.5,837.86,319,267720.88,EQNL
2010-11-16,840.1,840.21,817.95,817.95,672,556913.09,EQNL
2010-11-17,819.72,848.99,810.0,843.0,1779,1469490.51,EQNL
2010-11-18,822.02,869.89,816.01,847.0,10296,8853837.01,EQNL
2010-11-19,851.0,940.0,834.35,905.02,13143,11650011.44,EQNL
2010-11-22,902.0,944.0,890.0,931.85,19336,17697105.31,EQNL
2010-11-23,899.5,938.0,894.0,906.0,3131,2839673.95,EQNL
2010-11-24,901.12,910.0,894.0,905.09,818,739651.24,EQNL
2010-11-25,905.0,977.0,905.0,950.02,20143,19073743.15,EQNL
2010-11-26,980.0,1000.0,945.02,976.92,8225,8032726.41,EQNL
2010-11-29,961.08,994.0,920.0,965.0,5791,5592526.26,EQNL
2010-11-30,974.96,975.0,955.0,962.18,2358,2262936.72,EQNL
2010-12-01,973.96,973.96,950.48,971.98,1736,1670733.38,EQNL
2010-12-02,966.42,970.0,950.0,950.01,3605,3463837.35,EQNL
2010-12-03,951.03,1025.0,899.97,998.99,18965,18553946.48,EQNL
2010-12-06,1000.0,1040.0,970.0,979.87,4577,4483528.62,EQNL
2010-12-07,969.63,991.98,944.59,964.0,5883,5676421.4,EQNL
2010-12-08,958.8,963.0,946.0,955.92,2904,2760723.71,EQNL
2010-12-09,978.09,978.09,930.05,947.98,2676,2523868.93,EQNL
2010-12-10,931.24,949.0,931.05,948.39,1042,986204.01,EQNL
2010-12-13,948.0,968.0,942.01,965.0,4647,4421529.91,EQNL
2010-12-14,966.0,985.56,966.0,982.9,15474,15176785.24,EQNL
2010-12-15,977.0,990.0,950.0,969.19,2776,2709706.54,EQNL
2010-12-16,910.5,974.98,910.5,967.39,1452,1405757.43,EQNL
2010-12-17,971.1,973.5,952.02,964.33,12053,11516266.73,EQNL
2010-12-20,968.63,997.98,958.0,982.21,13318,13009277.13,EQNL
2010-12-21,990.0,990.0,973.9,979.97,4330,4260070.87,EQNL
2010-12-22,980.0,983.0,970.55,979.99,528,515959.14,EQNL
2010-12-23,981.0,995.0,975.0,984.48,11711,11513461.94,EQNL
2010-12-24,975.0,982.98,971.0,975.0,2997,2926523.68,EQNL
2010-12-27,975.02,1013.34,975.0,1004.97,7281,7257897.17,EQNL
2010-12-28,1001.0,1019.95,1000.06,1003.27,1648,1663676.83,EQNL
2010-12-29,1002.5,1009.99,985.0,1006.68,6049,6018705.45,EQNL
2010-12-30,1005.0,1021.0,985.15,1017.0,9191,9287603.23,EQNL
2011-01-11,1008.22,1050.0,1008.22,1050.0,6256,6470938.81,EQNL
2011-01-12,1049.99,1069.85,1040.0,1053.95,4718,4964103.31,EQNL
2011-01-13,1049.0,1049.0,1025.0,1029.7,14342,14783017.47,EQNL
2011-01-14,1024.98,1030.0,1011.79,1030.0,3418,3477870.16,EQNL
2011-01-17,1026.02,1039.97,1015.52,1039.97,2617,2690255.01,EQNL
2011-01-18,1044.34,1044.34,1010.0,1025.35,3967,4057011.11,EQNL
2011-01-19,1050.24,1050.24,1001.22,1005.96,3755,3816507.59,EQNL
2011-01-20,1001.52,1005.0,991.07,1000.0,3118,3113419.23,EQNL
2011-01-21,988.57,1010.0,971.0,1009.97,5986,5948375.76,EQNL
2011-01-24,1011.33,1011.33,966.03,977.04,2956,2900482.28,EQNL
2011-01-25,985.55,1005.2,960.0,999.96,10826,10724569.47,EQNL
2011-01-26,1005.0,1010.0,990.0,1002.46,5021,5037063.87,EQNL
2011-01-27,995.02,1024.9,981.0,1009.49,5269,5304876.36,EQNL
2011-01-28,1009.49,1020.0,987.7,999.1,2497,2496521.72,EQNL
2011-01-31,987.0,987.0,961.08,986.75,1085,1056060.05,EQNL
2011-02-01,979.09,986.99,979.09,986.99,336,330340.93,EQNL
2011-02-02,995.07,999.75,960.02,960.02,5270,5109405.03,EQNL
2011-02-03,963.0,965.0,940.06,950.0,2719,2591810.58,EQNL
2011-02-04,950.0,963.78,926.12,939.97,7323,6910073.8,EQNL
2011-02-07,945.0,966.0,925.0,956.03,4432,4178230.79,EQNL
2011-02-08,955.02,978.97,930.0,949.98,11389,10870117.71,EQNL
2011-02-09,954.99,955.0,925.0,938.81,4414,4128150.4,EQNL
2011-02-10,940.0,940.0,902.0,935.0,3328,3058346.57,EQNL
2011-02-11,934.9,949.94,925.0,949.91,3602,3391951.22,EQNL
2011-02-14,950.0,980.1,949.99,980.1,2320,2226710.78,EQNL
2011-02-15,975.0,975.0,955.0,955.0,1862,1785900.27,EQNL
2011-02-16,965.0,965.0,955.0,957.0,1061,1017384.02,EQNL
2011-02-17,964.78,998.99,956.27,979.88,5283,5143883.64,EQNL
2011-02-18,960.69,997.0,960.69,976.0,1070,1051353.97,EQNL
2011-02-21,989.97,1015.99,980.0,989.78,5789,5744783.78,EQNL
2011-02-22,981.03,989.99,960.0,976.95,2426,2355926.35,EQNL
2011-02-24,969.5,969.5,941.05,950.0,3858,3656364.05,EQNL
2011-02-25,953.83,968.05,953.59,959.99,732,701911.87,EQNL
2011-02-28,959.0,979.96,957.87,960.0,3393,3270167.27,EQNL
2011-03-01,969.8,969.8,950.5,959.8,6020,5751560.3,EQNL
2011-03-02,959.8,969.9,930.5,960.0,5106,4884410.4,EQNL
2011-03-03,968.8,985.0,952.3,957.0,3019,2918465.9,EQNL
2011-03-04,959.0,964.7,933.4,945.0,4230,4018347.2,EQNL
2011-03-05,944.4,960.1,935.0,960.0,1008,960548.8,EQNL
2011-03-09,950.1,956.5,937.1,940.0,1288,1217198.6,EQNL
2011-03-10,937.2,939.1,925.0,925.0,2826,2627873.3,EQNL
2011-03-11,920.6,930.0,890.1,896.6,3014,2737414.5,EQNL
2011-03-14,888.0,888.0,850.0,875.0,4429,3872640.5,EQNL
2011-03-15,850.0,855.0,614.5,840.0,12591,10603233.0,EQNL
2011-03-16,830.0,878.0,829.6,842.7,1395,1180147.6,EQNL
2011-03-17,793.5,839.8,793.5,835.0,4883,4016872.1,EQNL
2011-03-18,840.0,841.9,805.4,836.5,3746,3096002.2,EQNL
2011-03-21,836.5,836.5,823.7,831.0,243,201267.7,EQNL
2011-03-22,831.4,834.9,828.4,834.9,350,290924.5,EQNL
2011-03-23,825.6,838.1,810.0,831.8,2640,2164823.7,EQNL
2011-03-24,839.9,868.4,826.1,849.9,5832,4941815.4,EQNL
2011-03-25,845.0,854.7,843.1,852.4,1564,1322035.6,EQNL
2011-03-28,852.0,852.0,838.0,839.8,2467,2073586.4,EQNL
2011-03-29,840.0,842.0,835.0,839.9,2250,1889419.5,EQNL
2011-03-30,831.9,844.2,831.1,840.0,2333,1952377.8,EQNL
2011-03-31,840.0,875.0,832.0,839.3,3609,3051788.9,EQNL
2011-04-01,835.0,840.8,831.1,839.9,1053,881833.5,EQNL
2011-04-04,831.2,840.0,831.2,837.0,915,766355.4,EQNL
2011-04-05,831.1,837.6,824.0,833.5,728,602618.1,EQNL
2011-04-06,832.2,850.0,829.9,837.0,3762,3153751.2,EQNL
2011-04-07,830.1,845.0,800.1,830.0,5545,4597203.7,EQNL
2011-04-08,835.0,840.0,828.0,831.0,2521,2097451.7,EQNL
2011-04-11,837.2,840.0,821.1,829.7,4110,3412858.9,EQNL
2011-04-12,820.0,824.0,803.5,803.5,2820,2308712.3,EQNL
2011-04-13,810.0,818.0,805.1,815.0,637,517119.7,EQNL
2011-04-14,810.0,820.0,784.1,792.9,4303,3448588.2,EQNL
2011-04-15,799.8,799.9,790.0,790.5,589,467271.8,EQNL
2011-04-18,796.6,796.6,751.0,751.0,6286,4905304.5,EQNL
2011-04-19,750.0,761.9,738.6,753.0,1926,1444436.4,EQNL
2011-04-20,759.9,759.9,742.7,747.9,2681,2010044.7,EQNL
2011-04-21,749.3,760.0,740.4,744.8,3487,2609518.9,EQNL
2011-04-22,744.9,750.0,740.5,745.0,4239,3159341.4,EQNL
2011-04-25,741.0,749.9,737.0,739.8,4806,3560543.0,EQNL
2011-04-26,733.2,740.8,728.9,740.8,943,690871.7,EQNL
2011-04-27,739.7,740.0,720.2,724.9,2584,1894997.0,EQNL
2011-04-28,725.1,788.5,717.0,728.0,19134,14715694.8,EQNL
2011-04-29,720.1,740.0,720.1,725.2,2679,1957715.2,EQNL
2011-05-03,725.7,725.7,699.9,700.0,3590,2543073.9,EQNL
2011-05-04,699.4,703.1,684.4,698.0,1577,1094491.2,EQNL
2011-05-05,702.7,710.0,692.5,708.1,857,600248.1,EQNL
2011-05-06,700.7,710.0,697.0,709.9,1410,992346.4,EQNL
2011-05-10,714.9,715.0,703.0,703.0,1602,1143160.6,EQNL
2011-05-11,714.9,714.9,681.3,700.4,4409,3077906.3,EQNL
2011-05-12,700.0,700.1,683.0,700.0,1459,1005418.1,EQNL
2011-05-13,703.0,704.9,697.3,702.6,643,448970.0,EQNL
2011-05-16,695.1,699.9,694.3,699.9,381,265068.2,EQNL
2011-05-17,699.8,700.0,694.5,700.0,333,231662.3,EQNL
2011-05-18,700.0,719.9,698.0,704.1,12715,8914514.9,EQNL
2011-05-19,705.0,705.0,695.0,701.8,1160,811909.7,EQNL
2011-05-20,700.3,707.3,700.0,702.8,1102,771933.5,EQNL
2011-05-23,695.7,707.0,686.8,690.0,1690,1165601.6,EQNL
2011-05-24,714.9,714.9,697.0,701.0,3238,2273904.1,EQNL
2011-05-25,699.9,700.0,686.9,695.0,707,491557.0,EQNL
2011-05-26,694.8,698.4,690.5,694.9,532,369610.9,EQNL
2011-05-27,693.0,701.4,692.9,697.0,1963,1372363.2,EQNL
2011-05-30,705.0,705.0,696.0,701.0,920,643879.0,EQNL
2011-05-31,704.9,705.2,692.8,701.0,5915,4140171.0,EQNL
2011-06-01,705.0,711.9,697.6,697.6,5858,4142989.6,EQNL
2011-06-02,697.4,708.0,685.3,708.0,321,225312.1,EQNL
2011-06-03,705.0,707.5,695.8,700.0,904,632751.6,EQNL
2011-06-06,692.0,699.9,685.4,695.0,442,304279.2,EQNL
2011-06-07,699.0,705.0,697.0,703.9,4760,3340900.1,EQNL
2011-06-08,692.0,760.0,692.0,729.9,6744,4961111.5,EQNL
2011-06-09,745.9,757.9,718.0,720.2,704,511154.3,EQNL
2011-06-10,730.4,745.0,720.6,733.1,657,481566.6,EQNL
2011-06-14,749.0,759.9,747.2,751.9,373,280287.1,EQNL
2011-06-15,754.9,755.0,726.0,749.9,10439,7839185.8,EQNL
2011-06-16,733.3,747.0,726.0,746.7,1497,1096646.3,EQNL
2011-06-17,739.9,740.0,725.0,738.4,92,67535.6,EQNL
2011-06-20,749.7,749.7,726.5,726.7,48,35142.6,EQNL
2011-06-21,744.4,757.5,726.7,757.5,8098,6078285.7,EQNL
2011-06-22,751.2,752.5,742.7,750.5,299,224088.7,EQNL
2011-06-23,733.2,750.0,732.9,733.0,2338,1730868.0,EQNL
2011-06-24,739.2,744.6,732.9,744.0,1295,961951.6,EQNL
2011-06-27,739.9,750.3,730.1,745.0,1147,849147.4,EQNL
2011-06-28,745.0,747.0,734.2,746.5,37,27289.5,EQNL
2011-06-29,715.3,747.0,715.3,740.0,1613,1199316.4,EQNL
2011-06-30,735.6,751.0,735.6,747.9,412,308116.2,EQNL
2011-07-01,748.0,752.6,742.0,750.0,996,744133.5,EQNL
2011-07-04,750.0,750.0,736.2,749.8,314,234029.7,EQNL
2011-07-05,749.8,760.0,745.2,745.2,1827,1376276.2,EQNL
2011-07-06,749.0,749.0,732.0,740.0,953,706804.9,EQNL
2011-07-07,740.0,770.0,739.6,749.8,5067,3793430.0,EQNL
2011-07-08,744.4,752.8,738.4,744.3,667,495869.6,EQNL
2011-07-11,744.9,744.9,726.1,729.9,1272,937904.8,EQNL
2011-07-12,726.0,726.0,711.5,722.0,888,638739.4,EQNL
2011-07-13,735.0,735.0,705.0,705.0,2359,1686870.8,EQNL
2011-07-14,704.9,710.0,690.1,705.0,5458,3826207.9,EQNL
2011-07-15,719.5,719.5,703.0,705.0,1019,717813.4,EQNL
2011-07-18,705.0,710.7,698.0,698.1,3726,2606316.3,EQNL
2011-07-19,698.0,703.9,698.0,703.2,2743,1923841.9,EQNL
2011-07-20,707.5,719.9,707.5,714.9,511,364039.1,EQNL
2011-07-21,715.0,727.0,705.0,705.0,3091,2227095.2,EQNL
2011-07-22,713.8,730.0,700.0,715.0,4614,3315956.5,EQNL
2011-07-25,714.9,719.9,711.1,715.0,1136,808509.4,EQNL
2011-07-26,714.9,735.0,704.6,715.0,1717,1232143.3,EQNL
2011-07-27,719.9,725.0,700.0,720.0,3696,2626560.2,EQNL
2011-07-28,710.9,716.2,700.0,712.8,2164,1530809.9,EQNL
2011-07-29,711.0,750.0,705.5,725.0,1209,878209.1,EQNL
2011-08-01,724.9,730.0,723.5,728.9,1518,1106986.0,EQNL
2011-08-02,721.1,727.0,721.0,726.9,1385,999700.6,EQNL
2011-08-03,720.0,725.9,716.0,716.0,513,368102.6,EQNL
2011-08-04,720.0,725.6,705.0,705.0,765,546297.8,EQNL
2011-08-05,664.8,679.9,650.1,674.9,5758,3792599.8,EQNL
2011-08-08,655.2,655.2,580.0,592.0,3602,2218874.1,EQNL
2011-08-09,572.3,588.8,500.0,560.0,13517,7400976.5,EQNL
2011-08-10,594.0,594.0,550.0,553.0,3357,1882431.5,EQNL
2011-08-11,593.9,598.1,510.8,550.0,1099,613656.2,EQNL
2011-08-12,560.0,569.9,539.0,569.9,1919,1052611.6,EQNL
2011-08-15,575.0,597.0,549.9,560.0,3677,2066234.0,EQNL
2011-08-16,550.2,564.6,535.2,559.6,373,205854.8,EQNL
2011-08-17,559.5,574.7,549.2,571.9,1458,817003.4,EQNL
2011-08-18,562.0,562.0,505.5,535.9,1652,882676.2,EQNL
2011-08-19,520.0,534.9,507.9,533.0,1603,828048.2,EQNL
2011-08-22,520.9,543.7,517.2,534.4,1379,737312.0,EQNL
2011-08-23,539.7,542.0,505.0,510.2,2764,1446666.8,EQNL
2011-08-24,540.5,540.5,516.2,518.5,1547,807341.9,EQNL
2011-08-25,516.7,527.5,513.7,521.6,897,466053.3,EQNL
2011-08-26,523.9,530.9,510.0,518.0,1913,995773.6,EQNL
2011-08-29,529.9,545.0,523.4,540.0,2356,1257690.0,EQNL
2011-08-30,540.0,545.0,527.7,540.0,2962,1585270.0,EQNL
2011-08-31,540.0,585.0,526.9,556.3,5626,3102822.4,EQNL
2011-09-01,553.3,553.3,534.0,545.0,967,522456.8,EQNL
2011-09-02,530.0,544.0,530.0,540.0,2109,1138422.6,EQNL
2011-09-05,535.0,536.0,529.3,535.0,1583,840602.5,EQNL
2011-09-06,513.5,535.0,510.2,535.0,974,514295.0,EQNL
2011-09-07,534.9,537.1,523.9,525.0,6298,3352519.4,EQNL
2011-09-08,525.0,525.0,513.3,520.0,7980,4128893.1,EQNL
2011-09-09,519.9,525.0,505.1,519.4,3951,2031823.1,EQNL
2011-09-12,502.1,508.5,499.5,508.5,1799,906764.2,EQNL
2011-09-13,509.9,511.9,501.3,506.5,1430,724290.6,EQNL
2011-09-14,509.8,509.8,500.0,500.0,1860,934506.1,EQNL
2011-09-15,499.8,507.0,495.1,495.1,2366,1184336.2,EQNL
2011-09-16,494.9,500.0,477.6,488.9,1634,800128.9,EQNL
2011-09-19,484.9,500.0,480.0,499.9,2918,1429896.2,EQNL
2011-09-20,497.3,507.5,492.1,497.2,3181,1581326.6,EQNL
2011-09-21,498.3,500.1,493.5,493.8,1683,835131.6,EQNL
2011-09-22,490.1,494.9,422.3,423.0,5026,2260392.2,EQNL
2011-09-23,427.8,429.9,389.7,394.0,3238,1312303.8,EQNL
2011-09-26,394.0,413.8,381.8,394.1,3504,1387798.6,EQNL
2011-09-27,419.7,424.9,402.0,420.9,2020,828765.6,EQNL
2011-09-28,394.4,449.0,391.9,395.0,5867,2344340.4,EQNL
2011-09-29,395.0,418.7,395.0,401.2,4528,1835260.8,EQNL
2011-09-30,409.9,409.9,373.0,395.7,4657,1815258.2,EQNL
2011-10-03,377.7,385.9,336.0,364.0,2852,1014717.7,EQNL
2011-10-04,366.9,380.0,313.2,331.9,5126,1731062.1,EQNL
2011-10-05,321.8,338.3,301.7,320.4,2615,822211.9,EQNL
2011-10-06,320.3,347.4,310.0,323.0,9527,3105022.7,EQNL
2011-10-07,327.1,338.0,315.6,336.8,4462,1475807.0,EQNL
2011-10-10,338.5,338.5,320.0,330.0,2567,836850.4,EQNL
2011-10-11,330.0,334.9,315.0,324.7,2332,753141.0,EQNL
2011-10-12,321.9,337.0,320.1,333.5,3766,1261082.8,EQNL
2011-10-13,333.4,335.0,328.0,332.3,2850,943246.1,EQNL
2011-10-14,325.1,336.7,302.2,333.0,10351,3369835.8,EQNL
2011-10-17,331.6,335.0,314.4,327.3,3385,1109397.5,EQNL
2011-10-18,329.9,333.0,320.0,327.0,2705,873384.4,EQNL
2011-10-19,330.0,330.0,320.0,329.9,1074,351882.6,EQNL
2011-10-20,323.0,333.0,323.0,333.0,4040,1343604.5,EQNL
2011-10-21,334.8,342.5,326.6,333.2,2953,989609.9,EQNL
2011-10-24,333.2,335.0,327.9,332.9,9430,3132636.3,EQNL
2011-10-25,332.9,332.9,322.2,323.9,12695,4166390.3,EQNL
2011-10-26,326.0,339.5,325.6,332.5,14187,4699298.3,EQNL
2011-10-27,332.5,374.8,332.5,358.0,39144,13831941.0,EQNL
2011-10-28,316.5,366.9,316.5,359.8,10442,3728036.5,EQNL
2011-10-31,350.1,373.0,350.0,360.0,10785,3892695.1,EQNL
2011-11-01,353.2,359.7,345.0,350.0,4522,1584412.8,EQNL
2011-11-02,349.9,360.0,330.1,353.9,7707,2716792.6,EQNL
2011-11-03,352.9,353.0,331.2,345.0,6661,2276054.3,EQNL
2011-11-07,350.1,359.6,337.1,342.9,3235,1105824.1,EQNL
2011-11-08,341.1,347.1,337.0,337.1,4637,1574972.0,EQNL
2011-11-09,337.3,349.9,321.5,325.0,8151,2722731.5,EQNL
2011-11-10,320.1,326.8,313.0,317.3,6512,2062558.0,EQNL
2011-11-11,315.3,322.0,315.3,317.5,2464,788024.0,EQNL
2011-11-14,320.9,323.0,315.0,317.0,2531,804779.0,EQNL
2011-11-15,338.5,338.5,304.0,309.4,4863,1500617.0,EQNL
2011-11-16,308.5,313.3,300.1,301.5,3882,1174184.8,EQNL
2011-11-17,303.7,306.9,275.5,290.0,23547,6781935.8,EQNL
2011-11-18,288.8,291.8,280.0,287.0,6892,1988977.2,EQNL
2011-11-21,285.0,289.1,280.0,280.0,4805,1356381.7,EQNL
2011-11-22,280.0,288.4,270.0,284.9,6948,1956142.5,EQNL
2011-11-23,285.0,290.1,276.0,288.0,2655,765694.9,EQNL
2011-11-24,289.8,289.8,283.6,284.2,223,63680.4,EQNL
2011-11-25,289.6,289.6,252.6,285.0,3771,1062421.0,EQNL
2011-11-28,286.4,289.1,281.0,288.9,2140,605899.1,EQNL
2011-11-29,289.9,294.6,286.0,289.9,3220,932707.3,EQNL
2011-11-30,290.0,293.5,276.0,292.7,2018,580572.6,EQNL
2011-12-01,293.0,295.0,287.8,289.8,4505,1309938.1,EQNL
2011-12-02,290.0,314.5,280.9,300.5,21392,6522828.8,EQNL
2011-12-05,306.2,319.7,302.2,319.0,5597,1754419.4,EQNL
2011-12-06,315.1,321.5,305.0,312.0,11523,3636318.6,EQNL
2011-12-07,312.0,318.6,305.4,305.8,2132,663659.4,EQNL
2011-12-08,306.9,310.1,297.3,305.9,4439,1359459.0,EQNL
2011-12-09,303.0,310.1,294.8,295.0,2973,902592.6,EQNL
2011-12-12,297.4,308.6,290.1,290.1,3121,931806.5,EQNL
2011-12-13,295.7,303.0,290.1,290.1,294,86633.1,EQNL
2011-12-14,301.8,301.8,295.5,301.2,16468,4938938.8,EQNL
2011-12-15,297.8,305.2,290.1,305.2,1528,449238.8,EQNL
2011-12-16,304.7,304.7,293.4,294.9,856,252861.5,EQNL
2011-12-19,293.4,298.0,293.0,294.8,5282,1557961.5,EQNL
2011-12-20,297.0,297.0,283.6,288.4,19223,5585793.9,EQNL
2011-12-21,294.6,294.6,288.0,290.0,6435,1863283.5,EQNL
2011-12-22,295.9,304.9,286.6,289.1,9054,2628455.1,EQNL
2011-12-23,289.1,290.0,285.1,285.5,4109,1184476.9,EQNL
2011-12-26,294.5,294.6,287.0,291.8,446,128483.1,EQNL
2011-12-27,288.6,288.7,286.5,286.6,577,165586.6,EQNL
2011-12-28,285.7,286.7,265.2,282.0,1128,318774.4,EQNL
2011-12-29,278.6,282.0,277.0,280.9,1026,286576.6,EQNL
2011-12-30,285.5,285.7,275.2,278.5,2391,666985.1,EQNL
2012-01-03,285.8,285.8,280.0,282.5,27,7664.7,EQNL
2012-01-04,281.5,281.5,278.2,279.7,4402,1233102.1,EQNL
2012-01-05,284.4,285.8,282.5,283.0,2965,842983.4,EQNL
2012-01-06,282.0,282.0,275.1,279.5,1537,427052.1,EQNL
2012-01-09,276.4,280.0,276.4,280.0,217,60667.1,EQNL
2012-01-10,283.8,292.9,282.0,287.3,2067,595407.6,EQNL
2012-01-11,293.4,293.4,283.7,285.0,886,252137.1,EQNL
2012-01-12,287.7,288.0,283.7,287.0,1703,488914.1,EQNL
2012-01-13,290.0,290.0,271.6,280.0,6040,1703021.9,EQNL
2012-01-16,277.1,280.0,268.9,273.0,9979,2740856.1,EQNL
2012-01-17,274.6,285.0,274.6,285.0,5583,1554778.7,EQNL
2012-01-18,283.0,288.8,282.0,286.4,1770,500974.2,EQNL
2012-01-19,285.5,295.0,280.4,293.9,2316,666671.8,EQNL
2012-01-20,290.0,295.0,286.3,288.4,3530,1020060.6,EQNL
2012-01-23,286.1,294.5,286.1,291.7,8431,2445957.7,EQNL
2012-01-24,290.0,302.5,288.0,298.5,16836,4913210.8,EQNL
2012-01-25,298.5,299.0,288.5,295.7,6621,1945681.9,EQNL
2012-01-26,298.7,304.0,291.3,303.7,10041,2982726.4,EQNL
2012-01-27,303.7,303.7,288.5,289.1,9981,2913194.5,EQNL
2012-01-30,289.9,290.0,284.5,285.6,2995,855340.6,EQNL
2012-01-31,285.5,294.9,285.5,289.3,2297,658541.5,EQNL
2012-02-01,284.0,290.8,283.7,287.5,5092,1458983.3,EQNL
2012-02-02,287.5,288.0,283.0,288.0,5939,1702823.6,EQNL
2012-02-03,287.8,295.0,285.0,289.0,7512,2172882.0,EQNL
2012-02-06,293.1,295.8,285.0,294.0,6915,2014993.4,EQNL
2012-02-07,295.0,319.0,292.2,307.0,27766,8474956.1,EQNL
2012-02-08,308.9,329.6,308.9,325.0,39286,12510637.7,EQNL
2012-02-09,326.0,353.8,326.0,344.1,25096,8547552.9,EQNL
2012-02-10,354.7,354.7,322.2,331.3,13736,4523107.7,EQNL
2012-02-13,334.3,370.2,331.6,347.0,29432,10490176.7,EQNL
2012-02-14,345.3,368.4,339.2,350.0,27113,9518030.3,EQNL
2012-02-15,379.0,379.0,345.8,351.8,7268,2543696.8,EQNL
2012-02-16,348.7,354.5,341.0,351.0,2246,779886.2,EQNL
2012-02-17,355.0,356.8,344.0,348.9,8143,2848566.6,EQNL
2012-02-20,349.1,353.3,324.9,326.1,24446,8083229.3,EQNL
2012-02-21,326.6,331.0,320.1,323.0,7436,2421192.8,EQNL
2012-02-22,324.7,330.0,318.0,321.5,51250,16564176.4,EQNL
2012-02-24,322.0,340.0,321.1,331.0,7172,2337838.8,EQNL
2012-02-27,333.0,335.9,326.1,328.5,1891,623850.8,EQNL
2012-02-28,329.3,329.4,313.1,315.0,13336,4272924.8,EQNL
2012-02-29,315.0,321.0,311.6,318.9,11936,3798217.6,EQNL
2012-03-01,315.3,322.5,314.9,318.0,45847,14602435.2,EQNL
2012-03-02,318.9,354.4,318.0,334.9,66041,21887070.0,EQNL
2012-03-05,339.2,352.6,326.2,342.3,9515,3223340.7,EQNL
2012-03-06,341.5,342.3,325.3,325.4,9231,3076244.6,EQNL
2012-03-07,325.4,329.0,320.2,325.6,3342,1089364.5,EQNL
2012-03-11,333.0,334.3,325.0,330.6,4933,1630744.9,EQNL
2012-03-12,329.9,345.0,328.0,339.7,4511,1502509.3,EQNL
2012-03-13,333.7,336.4,331.8,334.0,2876,961288.2,EQNL
2012-03-14,334.1,338.8,326.1,338.7,2705,903309.8,EQNL
2012-03-15,339.0,339.0,331.1,333.7,866,289139.3,EQNL
2012-03-16,333.0,351.0,332.0,345.1,7091,2444571.5,EQNL
2012-03-19,343.1,358.0,337.6,342.0,8141,2831054.6,EQNL
2012-03-20,338.8,341.5,333.0,334.9,2641,887132.5,EQNL
2012-03-21,338.4,344.4,334.0,337.0,4789,1621716.3,EQNL
2012-03-22,342.5,342.5,326.8,328.2,2369,790750.1,EQNL
2012-03-23,337.0,337.0,323.7,329.7,2349,774551.2,EQNL
2012-03-26,334.3,343.0,327.4,336.1,2032,683583.5,EQNL
2012-03-27,340.0,343.4,336.4,339.0,2853,968201.3,EQNL
2012-03-28,336.1,337.0,330.0,331.1,807,269170.9,EQNL
2012-03-29,330.1,331.1,323.7,324.0,1482,486609.1,EQNL
2012-03-30,323.8,337.0,320.5,332.5,1730,568312.3,EQNL
2012-04-02,333.9,334.0,323.2,329.9,996,329066.5,EQNL
2012-04-03,330.1,337.5,326.7,335.0,2921,966634.2,EQNL
2012-04-04,332.3,337.0,325.7,332.1,1361,451612.5,EQNL
2012-04-05,325.7,335.9,325.0,332.0,1038,345411.0,EQNL
2012-04-06,333.0,345.0,329.1,329.1,6568,2229522.7,EQNL
2012-04-09,326.8,338.9,325.0,335.9,1646,551538.1,EQNL
2012-04-10,330.5,336.0,330.0,333.0,1051,348598.0,EQNL
2012-04-11,333.0,335.9,320.0,329.5,1979,646842.1,EQNL
2012-04-12,327.0,336.7,326.1,328.7,614,201147.5,EQNL
2012-04-13,331.7,336.0,327.7,332.9,3102,1030601.6,EQNL
2012-04-16,331.0,344.0,331.0,337.7,998,337464.4,EQNL
2012-04-17,333.7,338.8,332.5,335.0,1869,622599.3,EQNL
2012-04-18,335.0,335.0,333.0,333.0,544,181182.8,EQNL
2012-04-19,331.5,337.6,330.1,335.6,316,105562.2,EQNL
2012-04-20,335.0,336.3,325.0,329.7,3420,1134827.7,EQNL
2012-04-23,329.5,330.0,320.0,324.6,2216,723399.7,EQNL
2012-04-24,328.0,330.0,320.0,324.4,508,165280.9,EQNL
2012-04-25,323.0,326.9,319.6,323.7,867,281229.7,EQNL
2012-04-26,323.0,323.0,296.5,313.4,1670,518490.8,EQNL
2012-04-27,306.8,316.5,300.4,313.7,711,220280.1,EQNL
2012-04-28,316.0,318.0,310.3,310.3,4365,1380615.1,EQNL
2012-05-02,306.1,322.4,306.1,308.1,2079,654436.8,EQNL
2012-05-03,307.0,308.0,295.8,302.3,602,183090.1,EQNL
2012-05-04,300.6,300.9,290.0,294.4,1574,468589.8,EQNL
2012-05-05,287.4,300.0,258.7,290.5,2408,674322.7,EQNL
2012-05-07,298.1,299.4,272.0,278.8,1396,388030.2,EQNL
2012-05-08,287.3,287.3,277.7,283.2,409,114499.9,EQNL
2012-05-10,282.9,288.9,278.4,284.5,658,187769.0,EQNL
2012-05-11,287.0,287.0,275.1,281.3,400,111864.7,EQNL
2012-05-12,285.5,286.4,282.8,284.1,191,54413.2,EQNL
2012-05-14,272.9,285.6,269.5,269.6,133,36586.1,EQNL
2012-05-15,269.3,284.7,265.7,270.7,478,130823.0,EQNL
2012-05-16,271.2,276.6,270.8,276.0,343,94140.0,EQNL
2012-05-17,270.0,274.7,251.0,261.9,2506,649886.1,EQNL
2012-05-18,254.8,274.9,250.0,264.1,5086,1354177.5,EQNL
2012-05-21,275.0,275.0,264.0,274.3,910,244655.7,EQNL
2012-05-22,260.4,278.4,260.4,277.5,976,269861.0,EQNL
2012-05-23,270.0,274.0,263.0,265.0,990,262234.8,EQNL
2012-05-24,268.8,268.8,251.6,259.6,2037,524459.7,EQNL
2012-05-25,260.0,262.6,259.0,259.1,870,225717.4,EQNL
2012-05-28,260.0,262.4,258.8,259.5,13947,3623663.0,EQNL
2012-05-29,265.4,269.4,258.5,264.6,8696,2279898.1,EQNL
2012-05-30,262.9,262.9,257.5,257.7,1195,308956.4,EQNL
2012-05-31,255.0,268.6,255.0,260.8,2782,727202.0,EQNL
2012-06-01,259.5,259.5,253.1,253.5,608,155568.6,EQNL
2012-06-04,250.3,255.5,250.0,253.0,2265,573808.8,EQNL
2012-06-05,265.3,265.5,255.0,260.8,5843,1520744.5,EQNL
2012-06-06,264.9,264.9,255.2,261.7,1211,316698.3,EQNL
2012-06-07,260.0,263.5,259.0,259.0,716,186732.4,EQNL
2012-06-08,255.5,257.4,255.5,257.0,101,25873.3,EQNL
2012-06-09,263.0,263.0,258.7,262.3,89,23281.1,EQNL
2012-06-13,265.1,265.7,258.4,261.0,673,175188.9,EQNL
2012-06-14,263.0,263.0,259.1,260.4,1172,305272.7,EQNL
2012-06-15,258.5,270.1,256.6,262.0,35294,9098997.6,EQNL
2012-06-18,261.9,267.6,257.5,262.5,1754,461901.5,EQNL
2012-06-19,260.0,263.0,260.0,262.5,4016,1056000.0,EQNL
2012-06-20,262.5,300.0,260.4,282.0,7351,1972612.7,EQNL
2012-06-21,279.9,288.5,267.8,273.9,540,150944.0,EQNL
2012-06-22,279.2,279.2,266.0,276.0,183,49952.4,EQNL
2012-06-25,283.9,291.7,275.4,277.9,468,133769.7,EQNL
2012-06-26,276.0,280.0,262.8,269.5,8246,2258600.7,EQNL
2012-06-27,268.6,275.0,268.5,273.0,1108,301298.5,EQNL
2012-06-28,270.0,272.1,266.7,267.5,100,26805.6,EQNL
2012-06-29,269.0,275.0,268.8,274.7,487,133360.7,EQNL
2012-07-02,274.7,280.0,268.9,274.9,9425,2605916.5,EQNL
2012-07-03,279.7,279.8,272.9,278.0,12830,3564498.7,EQNL
2012-07-04,277.9,280.0,277.0,279.4,355,98746.2,EQNL
2012-07-05,279.9,279.9,275.3,279.0,5545,1544639.3,EQNL
2012-07-06,289.1,289.1,276.0,276.0,1805,506069.4,EQNL
2012-07-09,289.9,293.8,273.5,273.6,768,211242.7,EQNL
2012-07-10,275.0,283.9,274.0,278.5,314,87188.9,EQNL
2012-07-11,280.0,280.0,279.9,279.9,3,839.9,EQNL
2012-07-12,279.9,280.0,271.5,279.5,1195,333675.2,EQNL
2012-07-13,291.0,291.0,270.5,275.4,761,208228.5,EQNL
2012-07-16,275.0,278.7,275.0,278.7,137,37964.5,EQNL
2012-07-17,280.0,280.1,277.5,277.8,32,8934.1,EQNL
2012-07-18,279.9,279.9,276.0,276.0,19,5268.5,EQNL
2012-07-19,287.7,287.7,274.0,274.5,1038,285530.4,EQNL
2012-07-20,275.0,275.0,272.3,273.6,368,100843.3,EQNL
2012-07-23,275.0,275.0,251.4,264.7,902,236557.3,EQNL
2012-07-24,267.7,267.7,262.1,262.1,211,55861.4,EQNL
2012-07-25,269.8,269.8,257.0,257.0,449,117405.4,EQNL
2012-07-26,260.1,268.9,260.0,263.1,2245,586637.1,EQNL
2012-07-27,264.5,266.9,264.3,265.1,71,18815.1,EQNL
2012-07-30,264.4,269.7,264.4,269.1,336,89875.4,EQNL
2012-07-31,263.0,267.9,260.1,262.6,1059,280700.2,EQNL
2012-08-01,268.0,268.8,263.7,266.5,379,100191.1,EQNL
2012-08-02,266.7,268.6,262.1,263.3,654,173597.6,EQNL
2012-08-03,261.5,264.1,259.5,260.8,1022,266638.9,EQNL
2012-08-06,264.8,265.9,263.0,263.0,1983,524808.7,EQNL
2012-08-07,262.9,274.9,262.0,264.5,1674,444525.0,EQNL
2012-08-08,265.0,273.8,264.2,268.5,750,202571.0,EQNL
2012-08-09,269.5,279.0,264.2,266.9,396,107883.1,EQNL
2012-08-10,265.3,267.5,261.3,261.3,1518,400397.7,EQNL
2012-08-13,271.0,271.0,261.9,264.0,656,175653.5,EQNL
2012-08-14,263.9,271.0,262.5,266.2,9053,2436251.5,EQNL
2012-08-15,269.9,269.9,264.0,266.2,172,45456.4,EQNL
2012-08-16,269.9,270.0,267.0,268.0,1795,483276.4,EQNL
2012-08-17,270.9,270.9,267.9,268.0,532,142698.1,EQNL
2012-08-20,269.9,269.9,265.0,265.1,898,238722.0,EQNL
2012-08-21,269.9,270.0,267.3,267.3,461,123497.1,EQNL
2012-08-22,269.5,269.5,265.6,268.5,14,3743.1,EQNL
2012-08-23,269.9,270.0,264.1,264.4,290,77375.7,EQNL
2012-08-24,264.6,265.8,261.0,265.8,7656,2027026.9,EQNL
2012-08-27,261.0,267.5,261.0,267.5,4576,1215572.7,EQNL
2012-08-28,266.6,266.9,250.6,257.5,4777,1255282.5,EQNL
2012-08-29,255.0,263.2,255.0,262.0,10927,2842204.3,EQNL
2012-08-30,262.5,264.5,255.7,263.5,4487,1178815.4,EQNL
2012-08-31,267.0,267.0,263.2,263.2,324,85294.0,EQNL
2012-09-03,266.9,266.9,260.0,265.0,12818,3374351.4,EQNL
2012-09-04,264.9,265.0,262.1,264.5,40,10503.6,EQNL
2012-09-05,267.3,267.5,261.5,266.9,5016,1338543.5,EQNL
2012-09-06,266.0,266.9,249.0,254.9,9508,2416453.2,EQNL
2012-09-07,254.8,263.5,251.8,262.0,4874,1249917.1,EQNL
2012-09-10,259.2,264.9,256.5,262.0,2335,610129.1,EQNL
2012-09-11,267.0,269.0,260.6,263.1,3130,818490.7,EQNL
2012-09-12,267.9,267.9,260.7,265.3,1077,284165.1,EQNL
2012-09-13,260.0,263.8,258.1,258.6,1066,277091.7,EQNL
2012-09-14,268.7,268.7,260.8,263.0,4098,1081766.6,EQNL
2012-09-17,263.1,294.9,263.0,276.0,15465,4171877.3,EQNL
2012-09-18,276.0,282.8,269.5,270.0,1509,415614.8,EQNL
2012-09-19,270.0,270.9,263.6,266.6,907,242707.9,EQNL
2012-09-20,264.1,266.0,263.1,263.3,676,178216.7,EQNL
2012-09-21,269.0,272.8,264.1,266.2,719,191018.6,EQNL
2012-09-24,269.0,269.0,257.1,257.5,5793,1530352.7,EQNL
2012-09-25,261.3,262.8,257.8,257.8,2143,555823.0,EQNL
2012-09-26,257.7,259.8,256.9,257.6,292,75244.7,EQNL
2012-09-27,258.0,264.5,257.6,263.1,7097,1860959.2,EQNL
2012-09-28,263.4,266.5,259.2,261.0,5136,1345411.1,EQNL
2012-10-01,258.1,260.5,252.7,255.4,17675,4487191.4,EQNL
2012-10-02,255.1,257.9,251.1,254.7,2482,632416.0,EQNL
2012-10-03,254.0,255.0,250.5,254.8,376,95049.8,EQNL
2012-10-04,250.3,253.7,248.0,251.0,2792,701475.5,EQNL
2012-10-05,254.9,254.9,248.2,251.4,891,223610.0,EQNL
2012-10-08,250.0,251.2,246.0,248.0,1118,277564.1,EQNL
2012-10-09,250.0,250.7,247.2,247.5,542,134575.3,EQNL
2012-10-10,248.1,248.1,241.1,242.4,2449,596058.9,EQNL
2012-10-11,241.5,241.6,218.3,236.7,10517,2411976.6,EQNL
2012-10-12,234.8,236.5,228.0,231.2,2060,475883.5,EQNL
2012-10-15,228.1,232.0,226.5,229.5,1215,278561.4,EQNL
2012-10-16,230.0,231.6,211.2,226.7,892,202927.5,EQNL
2012-10-17,230.6,230.7,227.9,228.7,544,124711.8,EQNL
2012-10-18,232.8,232.8,230.0,230.0,283,65321.5,EQNL
2012-10-19,232.7,232.7,227.9,229.0,1650,378209.9,EQNL
2012-10-22,231.0,233.0,227.3,230.3,819,188491.1,EQNL
2012-10-23,228.4,230.5,228.4,229.6,3117,715837.7,EQNL
2012-10-24,230.0,230.0,222.1,228.0,1396,319397.4,EQNL
2012-10-25,225.2,227.7,225.2,226.8,481,108698.8,EQNL
2012-10-26,219.1,230.0,219.1,227.1,1403,313337.2,EQNL
2012-10-29,210.1,228.0,210.1,222.2,679,150013.6,EQNL
2012-10-30,216.5,224.5,215.1,215.1,1522,330539.3,EQNL
2012-10-31,215.4,218.2,215.4,215.5,626,134938.1,EQNL
2012-11-01,206.8,217.2,206.8,214.4,851,181973.9,EQNL
2012-11-02,216.7,220.5,216.1,218.7,350,76298.0,EQNL
2012-11-06,214.5,220.2,214.5,220.0,559,122318.7,EQNL
2012-11-07,216.0,222.5,215.7,216.0,457,99767.6,EQNL
2012-11-08,218.4,221.0,215.0,216.2,272,59232.8,EQNL
2012-11-09,202.3,219.4,202.3,215.2,1104,235322.4,EQNL
2012-11-12,215.0,215.9,212.8,214.1,86,18343.1,EQNL
2012-11-13,211.5,213.5,207.0,211.4,2097,443600.5,EQNL
2012-11-14,216.5,222.5,210.0,217.9,2238,489418.5,EQNL
2012-11-15,218.0,220.0,217.0,219.7,773,168712.6,EQNL
2012-11-16,219.9,221.0,217.1,219.0,1140,250302.4,EQNL
2012-11-19,215.4,224.3,215.0,223.0,1381,301111.1,EQNL
2012-11-20,222.6,222.6,216.5,218.5,285,63105.3,EQNL
2012-11-21,224.0,224.0,217.2,217.2,22,4828.9,EQNL
2012-11-22,220.2,223.3,218.2,219.0,221,48781.9,EQNL
2012-11-23,219.8,224.0,219.8,222.9,123,27310.3,EQNL
2012-11-26,221.1,222.8,220.3,222.3,467,103144.5,EQNL
2012-11-27,222.8,223.0,210.2,210.2,15933,3387198.7,EQNL
2012-11-28,212.0,212.5,209.0,211.7,1185,250556.7,EQNL
2012-11-29,212.0,214.6,211.1,214.2,18,3814.2,EQNL
2012-11-30,214.0,214.0,209.0,212.9,277,58213.5,EQNL
2012-12-03,214.9,218.0,213.0,214.7,262,55953.4,EQNL
2012-12-04,215.0,215.6,213.0,213.0,260,55912.3,EQNL
2012-12-05,210.1,214.8,210.0,214.0,300,63491.1,EQNL
2012-12-06,212.0,214.4,210.7,213.8,110,23322.2,EQNL
2012-12-07,214.0,215.5,211.2,214.0,1388,298771.2,EQNL
2012-12-10,211.0,212.0,210.0,211.3,162,34086.6,EQNL
2012-12-11,212.9,213.0,208.1,209.9,1270,266161.3,EQNL
2012-12-12,210.7,211.8,208.0,210.7,954,199696.5,EQNL
2012-12-13,210.2,210.2,204.1,207.8,576,119053.8,EQNL
2012-12-14,207.8,212.0,200.1,209.2,863,176096.8,EQNL
2012-12-17,210.0,211.0,208.0,210.8,232,48822.0,EQNL
2012-12-18,208.8,210.5,207.2,210.5,74,15521.1,EQNL
2012-12-19,210.5,210.5,206.9,210.0,125,26074.7,EQNL
2012-12-20,209.9,210.0,200.0,201.8,9765,1984104.2,EQNL
2012-12-21,202.7,202.7,190.0,192.8,9276,1775054.2,EQNL
2012-12-24,193.0,195.7,190.0,190.0,2760,525906.2,EQNL
2012-12-25,189.0,194.7,184.0,188.2,1535,288259.5,EQNL
2012-12-26,185.7,189.3,180.0,180.0,4119,745979.0,EQNL
2012-12-27,180.3,186.0,156.3,161.0,153880,25472024.7,EQNL
2012-12-28,164.6,164.6,144.0,145.0,79219,11885058.4,EQNL
2013-01-08,153.7,153.7,135.3,140.5,8448,1182242.9,EQNL
2013-01-09,146.5,149.9,141.0,145.5,81992,11782832.6,EQNL
2013-01-10,148.0,152.6,144.1,149.0,7167,1056270.8,EQNL
2013-01-11,148.0,172.0,148.0,160.0,24535,3964744.4,EQNL
2013-01-14,171.9,171.9,154.5,162.3,18143,2898043.5,EQNL
2013-01-15,163.5,187.4,157.2,174.0,18786,3223758.7,EQNL
2013-01-16,174.5,183.9,171.3,177.7,4728,838793.9,EQNL
2013-01-17,174.6,181.7,173.4,176.5,1861,328594.5,EQNL
2013-01-18,175.0,181.3,172.0,181.0,1201,212674.9,EQNL
2013-01-21,180.0,182.0,174.2,178.6,1596,283995.3,EQNL
2013-01-22,179.1,198.0,172.2,185.0,25609,4672210.7,EQNL
2013-01-23,185.5,188.1,182.2,183.8,738,135665.1,EQNL
2013-01-24,192.5,198.5,181.2,191.9,5790,1101918.0,EQNL
2013-01-25,191.9,191.9,182.0,189.5,4720,890722.2,EQNL
2013-01-28,191.2,191.2,176.2,182.8,2887,522966.8,EQNL
2013-01-29,201.7,201.7,182.8,185.5,1713,319987.1,EQNL
2013-01-30,195.2,197.1,185.5,188.5,3370,647548.3,EQNL
2013-01-31,199.5,199.5,177.5,186.0,1910,353416.3,EQNL
2013-02-01,188.8,191.3,186.3,189.6,2531,481499.0,EQNL
2013-02-04,187.2,191.0,186.0,186.3,999,188873.4,EQNL
2013-02-05,188.8,233.0,188.7,225.4,107135,21572901.8,EQNL
2013-02-06,220.0,243.8,205.6,214.8,10458,2365050.4,EQNL
2013-02-07,215.0,219.6,206.0,212.3,4633,980066.7,EQNL
2013-02-08,208.8,235.0,208.2,228.8,10362,2386756.3,EQNL
2013-02-11,232.8,236.5,221.3,232.9,1680,385376.6,EQNL
2013-02-12,230.6,239.6,221.3,230.0,2541,585893.4,EQNL
2013-02-13,233.1,245.6,232.0,240.0,16760,3965893.1,EQNL
2013-02-14,240.0,244.5,235.0,239.9,3859,920648.3,EQNL
2013-02-15,239.3,240.0,236.5,237.0,656,155959.0,EQNL
2013-02-18,236.5,239.7,236.5,237.2,701,166083.8,EQNL
2013-02-19,236.4,266.5,235.1,256.8,7815,1944994.2,EQNL
2013-02-20,256.8,264.0,251.6,260.0,4371,1142934.6,EQNL
2013-02-21,254.0,266.4,252.4,262.0,4960,1286069.6,EQNL
2013-02-22,262.0,265.8,255.5,262.0,212,55506.7,EQNL
2013-02-25,264.5,275.1,264.5,265.0,6288,1676997.0,EQNL
2013-02-26,265.0,265.0,253.2,260.2,228,58915.9,EQNL
2013-02-27,263.1,263.1,242.6,256.8,963,244459.4,EQNL
2013-02-28,257.8,263.0,256.4,257.0,612,158681.8,EQNL
2013-03-01,255.5,257.5,205.1,240.0,12839,2921115.8,EQNL
2013-03-04,234.6,236.0,227.3,230.0,1143,261603.8,EQNL
2013-03-05,232.7,232.7,229.6,231.0,609,140552.8,EQNL
2013-03-06,225.7,241.8,225.7,241.0,735,175716.0,EQNL
2013-03-07,242.0,247.8,237.0,247.6,532,130667.4,EQNL
2013-03-11,250.0,266.6,248.0,257.7,5078,1314004.5,EQNL
2013-03-12,260.0,300.0,245.8,272.0,10363,2817099.0,EQNL
2013-03-13,269.8,280.0,263.2,272.0,3845,1061747.9,EQNL
2013-03-14,265.4,274.9,256.2,271.0,1656,445242.6,EQNL
2013-03-15,274.8,274.8,266.5,269.1,1155,312781.4,EQNL
2013-03-18,269.1,273.0,255.0,257.4,1406,372038.6,EQNL
2013-03-19,266.0,268.0,236.9,260.0,1413,367089.7,EQNL
2013-03-20,253.0,267.0,241.2,258.6,831,207723.3,EQNL
2013-03-21,258.0,266.1,248.0,263.0,859,220588.8,EQNL
2013-03-22,252.0,266.8,252.0,260.0,3783,978640.7,EQNL
2013-03-25,260.0,268.2,260.0,260.0,1660,436791.7,EQNL
2013-03-26,260.0,266.9,260.0,260.0,6848,1782473.1,EQNL
2013-03-27,261.7,262.7,260.0,260.0,2038,529894.7,EQNL
2013-03-28,260.0,270.0,260.0,262.5,3027,793105.6,EQNL
2013-03-29,263.0,277.0,263.0,265.1,644,173095.6,EQNL
2013-04-01,264.2,269.9,261.6,266.0,1479,392996.1,EQNL
2013-04-02,269.9,277.9,265.6,269.0,1191,321623.0,EQNL
2013-04-03,265.0,268.7,265.0,265.0,3322,881382.1,EQNL
2013-04-04,265.0,271.9,265.0,270.0,10171,2744870.1,EQNL
2013-04-05,272.0,289.5,272.0,289.4,115353,33068112.1,EQNL
2013-04-08,290.3,294.9,283.0,283.0,1329,385087.9,EQNL
2013-04-09,283.1,283.5,244.0,262.6,5444,1438924.6,EQNL
2013-04-10,266.5,293.8,250.0,282.1,3644,1015651.2,EQNL
2013-04-11,274.6,290.0,274.6,286.5,8158,2332157.9,EQNL
2013-04-12,281.0,290.0,281.0,285.5,10874,3106150.2,EQNL
2013-04-15,288.3,288.3,261.0,282.1,13492,3820936.8,EQNL
2013-04-16,282.1,290.0,278.0,283.5,2150,606982.2,EQNL
2013-04-17,284.2,284.3,280.0,280.0,8298,2323646.6,EQNL
2013-04-18,280.0,290.0,278.0,281.2,3455,995538.5,EQNL
2013-04-19,290.0,295.0,284.9,288.3,879,253540.7,EQNL
2013-04-22,289.5,295.5,278.0,283.1,5664,1629105.0,EQNL
2013-04-23,280.0,284.8,277.8,284.7,1014,283328.7,EQNL
2013-04-24,285.1,292.4,281.0,281.5,442,124751.6,EQNL
2013-04-25,285.0,285.0,278.0,281.5,2135,597354.6,EQNL
2013-04-26,282.4,290.0,282.0,284.9,798,225823.3,EQNL
2013-04-29,286.4,286.4,281.0,282.1,481,135876.5,EQNL
2013-04-30,282.1,290.0,282.0,290.0,2564,734319.6,EQNL
2013-05-02,285.6,295.0,284.0,284.0,467,137331.4,EQNL
2013-05-03,289.9,289.9,287.0,287.0,5,1437.9,EQNL
2013-05-06,285.0,289.9,283.9,283.9,69,19630.6,EQNL
2013-05-07,283.1,287.3,283.1,287.3,40,11435.9,EQNL
2013-05-08,288.3,288.4,288.3,288.4,50,14415.6,EQNL
2013-05-10,288.6,288.6,284.3,285.1,31,8856.0,EQNL
2013-05-13,284.2,284.4,284.0,284.0,420,119312.4,EQNL
2013-05-14,287.0,287.0,287.0,287.0,1,287.0,EQNL
2013-05-15,287.0,287.0,282.2,286.0,396,112686.7,EQNL
2013-05-16,283.3,286.0,283.3,286.0,2950,843545.9,EQNL
2013-05-17,286.0,286.6,286.0,286.0,501,143286.6,EQNL
2013-05-20,286.8,286.8,286.0,286.0,1093,312613.5,EQNL
2013-05-21,286.0,286.5,286.0,286.0,1891,540839.5,EQNL
2013-05-22,286.4,286.6,286.0,286.0,843,241151.5,EQNL
2013-05-23,286.0,286.1,286.0,286.0,21171,6054907.9,EQNL
2013-05-24,285.1,295.0,285.1,291.0,18681,5356628.5,EQNL
2013-05-27,287.9,288.9,280.0,288.0,10788,3097796.7,EQNL
2013-05-28,288.9,290.8,288.9,289.9,904,261404.6,EQNL
2013-05-29,292.5,293.0,286.0,289.2,14518,4160715.1,EQNL
2013-05-30,289.8,295.0,288.0,289.0,1154,337741.0,EQNL
2013-05-31,293.8,293.8,288.0,293.7,2433,703221.6,EQNL
2013-06-03,293.9,293.9,284.1,289.1,11192,3224463.7,EQNL
2013-06-04,288.1,296.0,288.0,295.0,2702,791336.3,EQNL
2013-06-05,295.0,295.0,288.0,288.0,8424,2432716.4,EQNL
2013-06-06,288.0,288.4,288.0,288.3,1095,315628.4,EQNL
2013-06-07,288.0,370.0,288.0,343.2,9336,3150766.7,EQNL
2013-06-10,344.7,344.7,290.0,319.0,6241,1896808.5,EQNL
2013-06-11,319.0,320.0,300.0,303.2,1880,570659.7,EQNL
2013-06-13,305.1,370.0,305.1,358.5,7523,2599848.7,EQNL
2013-06-14,345.0,377.7,332.5,359.0,1146,412921.1,EQNL
2013-06-17,369.0,374.0,348.5,350.1,2443,901456.3,EQNL
2013-06-18,350.1,350.1,342.0,345.1,77,26495.0,EQNL
2013-06-19,349.8,349.8,315.6,340.0,443,150393.0,EQNL
2013-06-20,343.4,343.4,316.8,335.0,243,81664.4,EQNL
2013-06-24,310.4,349.0,298.3,334.0,600,193081.0,EQNL
2013-06-25,312.6,351.5,306.6,336.0,1371,446721.4,EQNL
2013-06-26,323.5,330.2,323.5,330.2,26,8417.7,EQNL
2013-06-27,344.9,344.9,330.3,337.0,458,154055.7,EQNL
2013-06-28,345.0,369.0,330.6,345.0,1369,485289.8,EQNL
2013-07-01,345.0,357.0,318.2,357.0,566,191907.2,EQNL
2013-07-02,358.9,359.9,344.0,345.0,688,243737.7,EQNL
2013-07-03,347.0,347.0,331.2,339.9,425,145764.7,EQNL
2013-07-04,345.9,356.9,332.2,355.3,138,47071.3,EQNL
2013-07-05,348.3,348.3,302.2,330.2,5115,1668173.9,EQNL
2013-07-08,314.7,338.9,314.7,321.1,372,122861.8,EQNL
2013-07-09,333.0,340.0,312.7,316.1,1506,477761.8,EQNL
2013-07-10,317.8,320.5,311.3,320.5,1993,632593.1,EQNL
2013-07-11,323.0,339.0,304.3,338.5,1463,471593.8,EQNL
2013-07-12,321.4,337.9,319.8,332.0,3316,1070527.2,EQNL
2013-07-15,335.0,348.4,335.0,342.2,286,97424.2,EQNL
2013-07-16,342.0,348.8,335.1,340.0,911,310846.7,EQNL
2013-07-17,339.8,340.0,325.0,340.0,623,209452.8,EQNL
2013-07-18,340.0,343.0,330.3,331.0,426,143746.0,EQNL
2013-07-19,339.0,339.0,339.0,339.0,1,339.0,EQNL
2013-07-22,333.9,334.7,331.0,331.0,119,39443.7,EQNL
2013-07-23,333.3,336.0,331.8,334.0,21,6979.5,EQNL
2013-07-24,330.6,333.7,330.6,332.0,113,37590.4,EQNL
2013-07-25,330.0,332.2,330.0,332.2,173,57130.1,EQNL
2013-07-26,328.0,328.9,315.0,328.9,230,74450.8,EQNL
2013-07-29,325.0,333.9,309.5,326.1,341,109499.6,EQNL
2013-07-30,327.1,329.0,327.0,329.0,195,63776.5,EQNL
2013-07-31,325.0,328.0,325.0,326.0,134,43686.5,EQNL
2013-08-01,324.2,327.0,313.3,317.9,290,93857.0,EQNL
2013-08-02,318.7,320.0,311.0,311.0,320,101998.8,EQNL
2013-08-05,309.1,325.0,303.1,319.9,384,119822.9,EQNL
2013-08-06,310.0,317.5,303.0,307.0,603,186061.8,EQNL
2013-08-07,322.1,322.1,304.3,305.3,256,79425.3,EQNL
2013-08-08,304.2,321.4,304.2,314.6,698,216112.5,EQNL
2013-08-09,319.6,327.4,315.1,315.2,271,86887.3,EQNL
2013-08-12,316.1,322.0,297.1,310.0,1132,349194.9,EQNL
2013-08-13,315.0,315.0,296.4,296.6,998,302575.4,EQNL
2013-08-14,303.8,348.9,301.8,335.0,4361,1442098.6,EQNL
2013-08-15,327.3,352.0,326.9,326.9,946,319900.2,EQNL
2013-08-16,326.9,326.9,315.0,315.0,169,54534.7,EQNL
2013-08-19,315.0,359.9,315.0,338.2,6067,2090931.1,EQNL
2013-08-20,340.0,350.0,338.4,340.6,1613,557007.9,EQNL
2013-08-21,341.0,348.4,328.0,332.9,141,46968.9,EQNL
2013-08-22,331.0,337.0,325.0,336.8,578,192559.5,EQNL
2013-08-23,329.1,337.8,325.0,337.8,772,254255.2,EQNL
2013-08-26,337.9,337.9,325.7,332.0,421,140908.5,EQNL
2013-08-27,327.1,327.6,323.3,325.3,30,9758.6,EQNL
2013-08-28,325.3,325.3,311.1,315.2,302,97234.1,EQNL
2013-08-29,320.0,320.8,319.0,319.9,132,42230.7,EQNL
2013-08-30,312.0,318.9,312.0,314.0,465,146673.6,EQNL
2013-09-02,315.1,316.6,310.6,314.9,219,68973.0,TQNL
2013-09-03,317.9,322.0,310.0,310.0,157,49319.1,TQNL
2013-09-04,310.0,310.0,293.0,305.0,444,135691.1,TQNL
2013-09-05,305.7,308.1,305.3,308.1,50,15380.7,TQNL
2013-09-06,295.0,308.8,295.0,305.2,151,46320.6,TQNL
2013-09-09,301.1,332.0,301.1,318.2,431,137361.0,TQNL
2013-09-10,320.0,329.9,318.1,318.6,287,92337.1,TQNL
2013-09-11,288.5,330.0,288.5,304.7,1699,516908.0,TQNL
2013-09-12,305.0,312.8,302.8,310.2,700,216292.6,TQNL
2013-09-13,310.1,325.0,310.1,314.7,380,121847.7,TQNL
2013-09-16,311.4,320.0,311.4,315.7,122,38506.8,TQNL
2013-09-17,315.5,315.5,315.0,315.0,7,2205.5,TQNL
2013-09-18,319.0,370.0,315.1,341.3,9183,3203473.5,TQNL
2013-09-19,335.1,370.0,330.6,362.8,9444,3460017.5,TQNL
2013-09-20,361.9,410.0,355.0,362.5,2461,917663.1,TQNL
2013-09-23,352.2,352.2,342.3,350.0,1335,467286.3,TQNL
2013-09-24,354.0,375.0,343.2,375.0,86964,32592197.2,TQNL
2013-09-25,365.1,379.0,353.2,355.0,1053,375517.9,TQNL
2013-09-26,356.8,356.8,345.5,351.5,228,80307.3,TQNL
2013-09-27,345.6,356.9,345.5,355.5,45,15681.8,TQNL
2013-09-30,345.0,357.9,340.2,347.7,144,49315.2,TQNL
2013-10-01,354.1,354.1,345.3,353.9,169,59238.0,TQNL
2013-10-02,345.1,352.9,345.0,351.9,446,155164.9,TQNL
2013-10-03,352.8,353.0,341.3,347.0,123,42845.7,TQNL
2013-10-04,336.1,369.0,336.1,358.0,2866,1023039.4,TQNL
2013-10-07,364.8,364.8,346.4,346.4,178,62003.0,TQNL
2013-10-08,342.5,353.4,342.0,345.9,166,56951.8,TQNL
2013-10-09,343.0,349.5,343.0,349.0,417,143656.4,TQNL
2013-10-10,353.9,354.0,335.0,344.6,381,131113.4,TQNL
2013-10-11,349.3,349.3,340.0,340.0,151,51474.7,TQNL
2013-10-14,353.7,368.1,348.0,351.8,589,208053.5,TQNL
2013-10-15,306.5,400.0,306.5,386.8,6850,2662713.7,TQNL
2013-10-16,371.2,395.7,354.2,395.0,1872,688831.0,TQNL
2013-10-17,394.9,397.0,385.0,390.0,455,177193.4,TQNL
2013-10-18,382.0,396.0,382.0,391.0,2421,929131.4,TQNL
2013-10-21,399.9,403.0,385.0,385.0,1011,401049.1,TQNL
2013-10-22,390.0,393.7,388.0,393.7,458,178271.1,TQNL
2013-10-23,378.3,394.0,378.0,385.0,1134,435999.9,TQNL
2013-10-24,380.1,382.4,361.2,369.6,1762,665834.0,TQNL
2013-10-25,370.0,372.0,355.1,371.9,610,223382.1,TQNL
2013-10-28,375.0,382.4,375.0,378.2,440,166567.5,TQNL
2013-10-29,382.2,382.4,380.0,382.4,1415,540252.0,TQNL
2013-10-30,382.4,382.4,379.9,382.0,1016,387766.7,TQNL
2013-10-31,383.4,383.4,370.0,370.0,529,198281.2,TQNL
2013-11-01,365.0,394.0,365.0,385.5,8095,3124021.8,TQNL
2013-11-05,388.7,506.5,382.0,425.1,27923,12007235.5,TQNL
2013-11-06,425.0,433.6,420.0,429.2,1152,488903.3,TQNL
2013-11-07,413.1,430.8,413.1,428.1,43,18143.7,TQNL
2013-11-08,427.8,427.9,422.1,422.1,10,4245.3,TQNL
2013-11-11,425.0,449.9,425.0,447.7,4657,2054995.0,TQNL
2013-11-12,446.0,449.8,443.6,449.8,981,435834.0,TQNL
2013-11-13,441.5,459.4,422.0,422.0,940,416815.0,TQNL
2013-11-14,422.1,445.9,404.4,428.9,1723,728698.6,TQNL
2013-11-15,435.0,440.0,430.0,437.7,189,81748.9,TQNL
2013-11-18,454.0,454.0,445.0,448.9,2525,1132802.5,TQNL
2013-11-19,448.8,448.8,428.6,437.0,736,320810.4,TQNL
2013-11-20,436.1,444.7,436.0,436.0,152,66284.3,TQNL
2013-11-21,430.1,432.9,418.0,425.0,331,140593.3,TQNL
2013-11-22,435.8,435.8,430.0,430.0,12,5171.6,TQNL
2013-11-25,431.0,488.9,431.0,470.1,7091,3304990.5,TQNL
2013-11-26,468.9,484.0,468.9,480.0,2545,1206956.7,TQNL
2013-11-27,467.7,494.9,462.1,478.1,2272,1103994.7,TQNL
2013-11-28,493.6,493.6,476.6,480.1,946,456315.7,TQNL
2013-11-29,485.3,520.0,466.0,510.0,7836,3892889.6,TQNL
2013-12-02,514.5,573.9,497.6,571.0,8452,4481818.2,TQNL
2013-12-03,548.3,748.8,548.3,680.0,12584,8083449.3,TQNL
2013-12-04,670.5,769.9,655.0,760.0,20580,15218199.7,TQNL
2013-12-05,753.0,865.0,747.9,840.0,23888,19708361.1,TQNL
2013-12-06,868.9,958.0,720.0,925.0,20694,18227114.8,TQNL
2013-12-09,870.0,949.9,851.0,900.4,4067,3708573.1,TQNL
2013-12-10,860.1,925.0,791.1,852.0,3533,3098714.3,TQNL
2013-12-11,845.2,918.8,845.0,900.0,4949,4435737.0,TQNL
2013-12-12,897.9,947.0,867.0,879.9,4982,4514302.9,TQNL
2013-12-13,863.0,900.0,854.2,885.0,2222,1971237.3,TQNL
2013-12-16,881.0,969.0,846.1,960.0,18780,17685621.6,TQNL
2013-12-17,969.8,1068.0,941.6,1040.0,15321,15749325.0,TQNL
2013-12-18,1050.0,1133.0,1043.2,1100.0,11378,12494837.0,TQNL
2013-12-19,1101.4,1128.3,1096.1,1102.2,3973,4385889.4,TQNL
2013-12-20,1090.0,1117.4,980.5,1100.0,7234,7840076.8,TQNL
2013-12-23,1100.0,1129.9,890.0,902.0,8215,8399632.5,TQNL
2013-12-24,915.3,950.0,701.2,935.0,14151,12375046.7,TQNL
2013-12-25,944.0,968.7,904.5,935.0,1515,1424685.1,TQNL
2013-12-26,950.0,950.0,915.8,935.0,2488,2326091.5,TQNL
2013-12-27,901.0,980.0,900.8,940.1,4132,3879859.1,TQNL
2013-12-30,927.0,968.0,889.0,935.0,8716,8142385.0,TQNL
2014-01-06,943.0,943.0,935.2,940.5,43,40362.0,TQNL
2014-01-08,904.7,936.0,904.7,935.0,484,448796.5,TQNL
2014-01-09,919.9,959.0,919.9,935.0,745,695645.9,TQNL
2014-01-10,918.0,934.5,916.6,932.5,220,204245.8,TQNL
2014-01-13,933.0,935.7,930.0,935.7,4853,4522789.9,TQNL
2014-01-14,935.0,943.6,916.5,930.0,1240,1153242.9,TQNL
2014-01-15,930.0,975.0,929.9,966.9,690,663761.0,TQNL
2014-01-16,966.0,969.9,815.0,900.0,1008,900826.8,TQNL
2014-01-17,880.0,938.5,855.4,935.0,456,417388.1,TQNL
2014-01-20,935.3,959.8,919.1,935.0,1463,1367414.8,TQNL
2014-01-21,944.8,944.8,915.8,930.0,2805,2608662.9,TQNL
2014-01-22,890.5,953.0,875.1,950.0,4501,4229781.0,TQNL
2014-01-23,930.6,960.0,930.6,960.0,1737,1654774.6,TQNL
2014-01-24,959.6,985.0,959.6,960.0,1303,1265026.2,TQNL
2014-01-27,970.0,976.0,945.0,965.1,4284,4110707.9,TQNL
2014-01-28,945.4,974.6,945.4,964.0,47,45496.7,TQNL
2014-01-29,974.7,978.9,902.5,974.0,4776,4514352.1,TQNL
2014-01-30,935.0,1020.0,935.0,977.0,785,776825.6,TQNL
2014-01-31,979.6,985.0,965.0,965.0,505,491798.1,TQNL
2014-02-03,965.6,965.6,945.3,960.1,1305,1252847.7,TQNL
2014-02-04,1082.5,1082.5,940.1,960.0,1252,1202119.1,TQNL
2014-02-05,945.0,980.0,940.0,960.0,1764,1693071.0,TQNL
2014-02-06,962.0,983.4,962.0,965.1,288,278961.8,TQNL
2014-02-07,960.0,1039.9,960.0,1039.1,3442,3432283.3,TQNL
2014-02-10,1018.1,1038.1,982.1,1003.2,716,722705.8,TQNL
2014-02-11,985.5,1048.8,962.1,1048.8,1017,1044135.0,TQNL
2014-02-12,1027.2,1040.0,1027.2,1027.2,567,587889.2,TQNL
2014-02-13,1024.9,1035.0,986.8,1009.0,1091,1106882.4,TQNL
2014-02-14,1031.3,1045.0,1000.1,1020.3,110804,111924184.4,TQNL
2014-02-17,1024.6,1026.0,999.1,1010.0,75984,76737328.1,TQNL
2014-02-18,995.3,1019.7,995.0,1011.1,232327,234626678.8,TQNL
2014-02-19,982.1,1028.8,965.0,1005.0,149727,151213285.4,TQNL
2014-02-20,1016.9,1017.0,969.1,975.0,677,673496.8,TQNL
2014-02-21,981.0,1010.0,977.0,1010.0,1112,1100955.6,TQNL
2014-02-24,991.0,1005.0,960.4,970.0,112,109352.8,TQNL
2014-02-25,995.9,1010.0,995.9,1005.0,40093,40480504.6,TQNL
2014-02-26,1010.0,1019.0,1000.0,1019.0,1127,1135227.0,TQNL
2014-02-27,1033.2,1033.2,995.7,1010.0,39312,39699547.4,TQNL
2014-02-28,1000.1,1060.0,1000.0,1050.0,15400,15795799.1,TQNL
2014-03-03,1030.0,1030.0,807.7,950.0,6018,5698666.6,TQNL
2014-03-04,949.9,1010.0,925.0,1001.0,2696,2593110.2,TQNL
2014-03-05,1009.0,1009.0,985.0,985.6,126,125449.7,TQNL
2014-03-06,999.2,999.2,949.0,949.0,17498,16681562.9,TQNL
2014-03-07,945.1,964.9,906.4,956.0,1093,1047700.8,TQNL
2014-03-11,956.1,1039.7,912.1,1000.0,6932,6867624.5,TQNL
2014-03-12,953.1,1042.9,953.1,975.0,632,615763.5,TQNL
2014-03-13,980.0,997.9,940.1,968.8,10982,10445472.7,TQNL
2014-03-14,950.0,950.0,900.0,909.0,996,911262.3,TQNL
2014-03-17,949.9,1000.2,930.0,1000.0,2736,2689001.6,TQNL
2014-03-18,969.1,1075.0,969.0,1075.0,54596,57168543.5,TQNL
2014-03-19,1067.5,1120.0,1065.0,1080.0,29370,31658100.7,TQNL
2014-03-20,1059.8,1139.0,1059.8,1060.0,6038,6523152.1,TQNL
2014-03-21,1060.0,1060.0,953.4,1035.0,10247,10627248.7,TQNL
2014-03-24,1045.0,1110.0,1045.0,1085.0,1683,1833633.2,TQNL
2014-03-25,1109.7,1109.7,1070.0,1070.0,75,81545.9,TQNL
2014-03-26,1137.6,1137.6,976.1,1080.0,6417,6722801.3,TQNL
2014-03-27,1030.0,1074.7,1029.8,1067.0,2345,2462376.4,TQNL
2014-03-28,1040.0,1075.0,1031.0,1070.0,594,628193.9,TQNL
2014-03-31,1012.0,1099.8,1010.4,1030.0,123,127674.6,TQNL
2014-04-01,1048.9,1049.0,940.0,960.0,741,722430.4,TQNL
2014-04-02,987.8,1000.0,980.0,986.6,66,65569.0,TQNL
2014-04-03,980.1,1010.0,975.0,1010.0,570,569280.8,TQNL
2014-04-04,1029.7,1044.9,1005.0,1020.0,65,66828.9,TQNL
2014-04-07,1019.9,1020.0,963.3,990.0,68,67678.4,TQNL
2014-04-08,990.0,990.0,970.0,971.0,40,38923.4,TQNL
2014-04-09,999.0,1024.9,999.0,1015.0,27,27148.9,TQNL
2014-04-10,1002.7,1002.7,989.9,990.0,154,153279.1,TQNL
2014-04-11,989.8,999.5,978.2,990.0,179,177174.1,TQNL
2014-04-14,990.0,990.0,954.5,990.0,184,179542.9,TQNL
2014-04-15,1017.0,1017.1,979.7,1000.0,1839,1828713.4,TQNL
2014-04-16,965.1,979.9,965.0,979.9,242,236676.8,TQNL
2014-04-17,999.3,999.5,955.0,965.0,69,66337.5,TQNL
2014-04-18,985.1,988.3,965.0,981.0,179,174702.3,TQNL
2014-04-21,970.0,979.9,952.0,979.9,62,59370.8,TQNL
2014-04-22,979.6,979.6,963.0,963.0,157,151307.2,TQNL
2014-04-23,950.1,970.0,812.0,970.0,4980,4337167.0,TQNL
2014-04-24,939.4,969.5,899.8,969.0,870,819117.9,TQNL
2014-04-25,927.1,949.9,925.1,944.8,162,150276.2,TQNL
2014-04-28,895.1,950.0,885.5,950.0,1517,1412248.7,TQNL
2014-04-29,920.0,920.0,909.7,909.7,5,4558.8,TQNL
2014-04-30,947.7,948.4,918.2,942.7,124,114556.6,TQNL
2014-05-02,930.1,930.1,911.9,929.0,13,11998.7,TQNL
2014-05-05,929.0,929.0,875.0,920.5,312,281567.1,TQNL
2014-05-06,920.1,920.1,902.1,914.9,81,73673.5,TQNL
2014-05-07,915.0,999.0,900.1,990.0,1379,1294172.1,TQNL
2014-05-08,990.0,998.8,911.2,970.0,1018,960531.4,TQNL
2014-05-12,950.0,950.0,931.3,944.8,4,3757.4,TQNL
2014-05-13,944.8,944.9,930.3,930.3,50,46781.5,TQNL
2014-05-14,921.5,921.5,902.3,904.1,133,120895.8,TQNL
2014-05-15,904.1,908.0,882.1,908.0,177,158048.3,TQNL
2014-05-16,908.0,908.0,883.4,905.0,534,479309.3,TQNL
2014-05-19,905.0,919.5,812.8,855.0,942,832397.5,TQNL
2014-05-20,872.1,929.7,866.8,929.0,1606,1447755.8,TQNL
2014-05-21,891.4,910.0,889.9,893.0,1106,991604.8,TQNL
2014-05-22,926.2,926.2,895.0,902.0,255,229917.5,TQNL
2014-05-23,900.1,901.4,850.0,881.0,3943,3408961.4,TQNL
2014-05-26,871.9,933.6,860.0,933.6,2350,2081925.2,TQNL
2014-05-27,930.1,952.9,888.1,929.0,1930,1760462.2,TQNL
2014-05-28,924.8,925.0,897.3,919.0,1369,1235368.9,TQNL
2014-05-29,924.8,928.4,909.9,928.4,1495,1366264.1,TQNL
2014-05-30,928.6,949.6,922.0,949.0,3908,3669307.4,TQNL
2014-06-02,949.0,960.0,909.2,960.0,684,650197.1,TQNL
2014-06-03,920.0,949.0,920.0,949.0,274,258696.5,TQNL
2014-06-04,948.6,948.8,920.0,948.8,603,566742.8,TQNL
2014-06-05,947.8,947.8,910.0,945.0,272,254250.8,TQNL
2014-06-06,947.8,947.8,930.2,947.6,717,677322.6,TQNL
2014-06-09,940.0,940.0,910.2,910.2,97,89017.2,TQBR
2014-06-10,929.5,930.0,911.0,930.0,107,98439.8,TQBR
2014-06-11,912.2,929.6,900.0,928.5,1074,981308.4,TQBR
2014-06-16,912.0,919.6,901.0,911.6,152,138120.3,TQBR
2014-06-17,905.0,917.0,905.0,905.0,468,424529.1,TQBR
2014-06-18,918.7,918.7,880.0,889.2,2163,1908551.4,TQBR
2014-06-19,890.0,895.8,880.0,888.1,1173,1041173.5,TQBR
2014-06-20,888.0,944.9,888.0,942.9,11726,10919534.0,TQBR
2014-06-23,921.1,962.9,921.1,962.8,12737,12044221.9,TQBR
2014-06-24,944.5,1020.0,941.2,1010.0,78467,78463534.4,TQBR
2014-06-25,1044.6,1045.0,1016.1,1045.0,72531,74716527.9,TQBR
2014-06-26,1055.8,1134.5,1012.0,1100.0,86421,92895436.6,TQBR
2014-06-27,1095.4,1120.0,1049.8,1120.0,110908,120840326.9,TQBR
2014-06-30,1046.0,1180.0,1046.0,1175.0,115933,128834585.6,TQBR
2014-07-01,1248.8,1310.0,1149.9,1309.9,38323,46429582.0,TQBR
2014-07-02,1330.0,1410.0,1329.9,1400.0,22084,30324482.4,TQBR
2014-07-03,1399.5,1537.8,1320.4,1370.0,8862,12224235.3,TQBR
2014-07-04,1381.3,1381.3,1270.0,1300.0,4291,5534294.1,TQBR
2014-07-07,1300.1,1429.9,1250.1,1370.0,8895,11653133.1,TQBR
2014-07-08,1390.0,1390.0,1339.0,1349.9,3581,4967973.9,TQBR
2014-07-09,1349.2,1374.8,1262.8,1299.9,3294,4232972.4,TQBR
2014-07-10,1267.3,1298.0,1205.1,1298.0,4788,6073619.8,TQBR
2014-07-11,1331.0,1424.0,1262.3,1305.0,80,107965.7,TQBR
2014-07-14,1307.4,1328.9,1199.9,1250.0,6658,8254323.4,TQBR
2014-07-15,1249.6,1251.8,1199.8,1251.8,15591,19047089.2,TQBR
2014-07-16,1295.0,1300.0,1200.0,1201.0,3302,3992926.5,TQBR
2014-07-17,1218.8,1218.8,1165.0,1209.8,5618,6762781.6,TQBR
2014-07-18,1238.7,1244.7,1200.0,1217.0,222,268896.2,TQBR
2014-07-21,1190.6,1210.0,1190.6,1203.0,58,69816.5,TQBR
2014-07-22,1185.0,1209.9,1185.0,1203.0,169,202703.8,TQBR
2014-07-23,1201.5,1201.5,1183.4,1192.0,383,455265.1,TQBR
2014-07-24,1187.7,1190.0,1150.3,1186.0,734,867301.0,TQBR
2014-07-25,1160.3,1195.7,1160.0,1182.3,315,367853.0,TQBR
2014-07-28,1178.3,1181.0,1111.0,1181.0,1468,1680351.2,TQBR
2014-07-29,1219.6,1220.3,1154.0,1190.0,478,561790.7,TQBR
2014-07-30,1190.1,1190.1,1175.1,1175.1,33,38912.4,TQBR
2014-07-31,1189.0,1310.0,1167.0,1283.0,933,1126586.4,TQBR
2014-08-01,1174.4,1373.0,1174.4,1373.0,4018,5165061.0,TQBR
2014-08-04,1399.3,1414.1,1300.8,1393.6,1813,2456096.8,TQBR
2014-08-05,1357.1,1460.0,1330.1,1458.0,5408,7679509.2,TQBR
2014-08-06,1415.1,1475.0,1384.4,1450.0,4092,5898793.4,TQBR
2014-08-07,1450.0,1460.0,1361.5,1430.0,2587,3692154.6,TQBR
2014-08-08,1430.0,1435.0,1355.3,1425.0,1570,2220541.2,TQBR
2014-08-11,1420.0,1592.0,1400.5,1550.0,5952,8932659.9,TQBR
2014-08-12,1524.9,1549.8,1500.0,1543.0,512826,790886936.0,TQBR
2014-08-13,1599.8,1599.8,1513.5,1543.0,384090,592652197.8,TQBR
2014-08-14,1501.6,1535.1,1474.1,1502.3,1774,2652874.1,TQBR
2014-08-15,1485.0,1537.4,1416.7,1431.7,536,786727.9,TQBR
2014-08-18,1441.3,1474.1,1416.7,1416.7,929,1328790.2,TQBR
2014-08-19,1417.0,1439.2,1274.6,1299.9,3337,4385104.7,TQBR
2014-08-20,1304.1,1344.9,1304.0,1320.1,1029,1371492.0,TQBR
2014-08-21,1348.9,1392.8,1315.8,1348.4,3286,4392840.0,TQBR
2014-08-22,1336.4,1350.0,1303.0,1320.0,1185,1571216.4,TQBR
2014-08-25,1292.2,1340.0,1292.2,1318.7,1069,1390484.9,TQBR
2014-08-26,1310.0,1339.6,1291.0,1299.7,1542,2024353.0,TQBR
2014-08-27,1256.6,1316.7,1256.6,1294.3,1709,2229391.6,TQBR
2014-08-28,1258.4,1333.1,1244.0,1275.0,214,275324.2,TQBR
2014-08-29,1256.5,1298.9,1250.0,1283.9,3631,4629559.1,TQBR
2014-09-01,1276.0,1326.0,1272.7,1272.8,134,172829.1,TQBR
2014-09-02,1300.2,1324.0,1300.0,1320.0,517,675996.7,TQBR
2014-09-03,1273.2,1310.0,1270.0,1304.8,996,1303665.4,TQBR
2014-09-04,1304.8,1309.6,1290.0,1306.3,546,710428.6,TQBR
2014-09-05,1300.1,1309.8,1300.1,1308.0,21,27461.9,TQBR
2014-09-08,1308.0,1319.6,1295.3,1314.9,670,877550.9,TQBR
2014-09-09,1314.0,1339.0,1300.7,1334.7,2422,3203152.6,TQBR
2014-09-10,1339.6,1351.0,1333.0,1347.0,5591,7544125.1,TQBR
2014-09-11,1250.2,1359.2,1250.0,1340.0,314,421515.8,TQBR
2014-09-12,1252.5,1356.3,1252.1,1340.0,716,961560.0,TQBR
2014-09-15,1359.1,1542.7,1332.5,1492.2,21619,30068392.0,TQBR
2014-09-16,1505.0,1505.0,1495.0,1496.0,8992,13465028.1,TQBR
2014-09-17,1495.1,1504.8,1490.1,1499.8,2408,3599656.7,TQBR
2014-09-18,1504.7,1504.7,1491.1,1499.7,5175,7745677.5,TQBR
2014-09-19,1495.1,1503.9,1490.2,1495.5,2779,4155783.7,TQBR
2014-09-22,1502.7,1502.7,1495.1,1499.3,7951,11887695.4,TQBR
2014-09-23,1499.5,1502.9,1495.1,1500.0,3159,4728850.2,TQBR
2014-09-24,1420.7,1509.9,1420.7,1503.0,1786,2681523.9,TQBR
2014-09-25,1501.2,1504.9,1500.1,1501.0,1925,2888343.6,TQBR
2014-09-26,1480.0,1504.9,1480.0,1502.0,9880,14860468.7,TQBR
2014-09-29,1500.1,1504.0,1500.1,1502.1,3742,5619584.2,TQBR
2014-09-30,1500.1,1504.3,1500.1,1501.1,4242,6367143.2,TQBR
2014-10-01,1501.0,1502.0,1501.0,1502.0,2950,4428850.0,TQBR
2014-10-02,1502.0,1502.0,1502.0,1502.0,1566,2352132.0,TQBR
2014-10-03,1502.0,1504.0,1502.0,1502.0,17505,26302514.0,TQBR
2014-10-06,1502.0,1505.0,1502.0,1503.0,791,1188844.0,TQBR
2014-10-07,1503.0,1504.0,1502.0,1503.0,1819,2733951.0,TQBR
2014-10-08,1504.0,1504.0,1503.0,1503.0,28,42090.0,TQBR
2014-10-09,1503.0,1504.0,1503.0,1504.0,596,896374.0,TQBR
2014-10-10,1503.0,1539.0,1490.0,1493.0,895,1336450.0,TQBR
2014-10-13,1450.0,1504.0,1450.0,1504.0,417,625598.0,TQBR
2014-10-14,1504.0,1505.0,1504.0,1505.0,5512,8295552.0,TQBR
2014-10-15,1570.0,1570.0,1505.0,1510.0,2914,4395772.0,TQBR
2014-10-16,1512.0,1513.0,1512.0,1513.0,5,7562.0,TQBR
2014-10-17,1513.0,1517.0,1512.0,1514.0,1060,1603824.0,TQBR
2014-10-20,1514.0,1518.0,1514.0,1518.0,204,309569.0,TQBR
2014-10-21,1519.0,1522.0,1516.0,1522.0,3024,4596742.0,TQBR
2014-10-22,1522.0,1523.0,1521.0,1523.0,1103,1678691.0,TQBR
2014-10-23,1523.0,1524.0,1520.0,1523.0,6176,9394707.0,TQBR
2014-10-24,1533.0,1533.0,1529.0,1530.0,20614,31596426.0,TQBR
2014-10-27,1532.0,1533.0,1530.0,1531.0,4590,7023511.0,TQBR
2014-10-28,1533.0,1534.0,1533.0,1534.0,3828,5868336.0,TQBR
2014-10-29,1533.0,1534.0,1533.0,1534.0,6522,9998248.0,TQBR
2014-10-30,1533.0,1534.0,1532.0,1533.0,650,996422.0,TQBR
2014-10-31,1533.0,1533.0,1532.0,1532.0,213,326327.0,TQBR
2014-11-03,1532.0,1539.0,1530.0,1534.0,6557,10043569.0,TQBR
2014-11-05,1537.0,1540.0,1533.0,1540.0,42845,65885192.0,TQBR
2014-11-06,1540.0,1549.0,1525.0,1525.0,88,134769.0,TQBR
2014-11-07,1549.0,1579.0,1530.0,1530.0,242,371975.0,TQBR
2014-11-10,1530.0,1541.0,1520.0,1525.0,6131,9351239.0,TQBR
2014-11-11,1527.0,1527.0,1525.0,1525.0,704,1073614.0,TQBR
2014-11-12,1538.0,1540.0,1525.0,1534.0,3578,5457148.0,TQBR
2014-11-13,1539.0,1540.0,1525.0,1538.0,9996,15383622.0,TQBR
2014-11-14,1541.0,1541.0,1527.0,1535.0,2590,3965368.0,TQBR
2014-11-17,1538.0,1539.0,1525.0,1535.0,5357,8194175.0,TQBR
2014-11-18,1533.0,1535.0,1530.0,1535.0,9749,14957611.0,TQBR
2014-11-19,1541.0,1541.0,1535.0,1535.0,45,69199.0,TQBR
2014-11-20,1540.0,1542.0,1111.0,1505.0,692,1028004.0,TQBR
2014-11-21,1482.0,1513.0,1450.0,1463.0,856,1245006.0,TQBR
2014-11-24,1593.0,1594.0,1423.0,1438.0,372,534142.0,TQBR
2014-11-25,1449.0,1449.0,1250.0,1365.0,7245,9583766.0,TQBR
2014-11-26,1319.0,1389.0,1319.0,1346.0,73,98817.0,TQBR
2014-11-27,1305.0,1319.0,1303.0,1303.0,38,49859.0,TQBR
2014-11-28,1296.0,1344.0,1250.0,1251.0,742,943237.0,TQBR
2014-12-01,1247.0,1247.0,1100.0,1105.0,939,1066823.0,TQBR
2014-12-02,1119.0,1300.0,1119.0,1279.0,747,919221.0,TQBR
2014-12-03,1280.0,1325.0,1280.0,1280.0,486,637669.0,TQBR
2014-12-04,1299.0,1312.0,1200.0,1276.0,966,1231739.0,TQBR
2014-12-05,1299.0,1340.0,1299.0,1299.0,599,782920.0,TQBR
2014-12-08,1393.0,1394.0,1240.0,1293.0,170,232871.0,TQBR
2014-12-09,1291.0,1341.0,1291.0,1301.0,15,19590.0,TQBR
2014-12-10,1350.0,1362.0,1350.0,1362.0,20,27170.0,TQBR
2014-12-11,1365.0,1415.0,1340.0,1340.0,52,71291.0,TQBR
2014-12-12,1262.0,1359.0,1260.0,1359.0,8,10188.0,TQBR
2014-12-15,1287.0,1339.0,1131.0,1220.0,34,39850.0,TQBR
2014-12-16,1221.0,1282.0,999.0,1079.0,276,295517.0,TQBR
2014-12-17,1101.0,1101.0,1050.0,1078.0,26,28363.0,TQBR
2014-12-18,1113.0,1113.0,1050.0,1050.0,48,52838.0,TQBR
2014-12-19,1098.0,1197.0,1075.0,1197.0,168,184823.0,TQBR
2014-12-22,1220.0,1221.0,1020.0,1046.0,372,385971.0,TQBR
2014-12-23,1022.0,1100.0,701.0,1008.0,141,144904.0,TQBR
2014-12-24,946.0,1147.0,946.0,1115.0,175,177054.0,TQBR
2014-12-25,1241.0,1269.0,1175.0,1175.0,222,266881.0,TQBR
2014-12-26,1013.0,1235.0,1013.0,1235.0,7,7680.0,TQBR
2014-12-29,1129.0,1257.0,1110.0,1198.0,238,281995.0,TQBR
2014-12-30,1150.0,1243.0,1150.0,1202.0,116,139527.0,TQBR
2015-01-05,1243.0,1267.0,1243.0,1267.0,85,106018.0,TQBR
2015-01-06,1258.0,1318.0,1249.0,1315.0,1724,2216922.0,TQBR
2015-01-08,1311.0,1494.0,1309.0,1330.0,1438,1922496.0,TQBR
2015-01-09,1338.0,1359.0,1334.0,1349.0,292,392722.0,TQBR
2015-01-12,1329.0,1347.0,1306.0,1318.0,306,404065.0,TQBR
2015-01-13,1327.0,1328.0,1318.0,1318.0,13,17235.0,TQBR
2015-01-14,1319.0,1326.0,1206.0,1246.0,2322,2894835.0,TQBR
2015-01-15,1257.0,1269.0,1250.0,1260.0,247,310821.0,TQBR
2015-01-16,1251.0,1278.0,1251.0,1271.0,36,45810.0,TQBR
2015-01-19,1270.0,1270.0,1255.0,1269.0,11,13913.0,TQBR
2015-01-20,1263.0,1278.0,1206.0,1218.0,665,815172.0,TQBR
2015-01-21,1227.0,1227.0,1160.0,1178.0,315,373080.0,TQBR
2015-01-22,1171.0,1229.0,1160.0,1200.0,391,469600.0,TQBR
2015-01-23,1218.0,1259.0,1218.0,1258.0,843,1043746.0,TQBR
2015-01-26,1243.0,1259.0,1243.0,1259.0,249,311336.0,TQBR
2015-01-27,1259.0,1259.0,1211.0,1211.0,1089,1334798.0,TQBR
2015-01-28,1208.0,1229.0,1208.0,1219.0,246,298816.0,TQBR
2015-01-29,1218.0,1239.0,1212.0,1229.0,18,21950.0,TQBR
2015-01-30,1230.0,1268.0,1226.0,1259.0,675,840233.0,TQBR
2015-02-02,1268.0,1400.0,1250.0,1255.0,443,562149.0,TQBR
2015-02-03,1268.0,1289.0,1221.0,1274.0,886,1123525.0,TQBR
2015-02-04,1287.0,1309.0,1287.0,1309.0,473,613596.0,TQBR
2015-02-05,1319.0,1488.0,1319.0,1425.0,947,1282844.0,TQBR
2015-02-09,1395.0,1479.0,1395.0,1405.0,753,1092283.0,TQBR
2015-02-10,1425.0,1475.0,1425.0,1450.0,112,162614.0,TQBR
2015-02-11,1452.0,1452.0,1301.0,1350.0,2957,4000814.0,TQBR
2015-02-12,1358.0,1358.0,1312.0,1339.0,396,522007.0,TQBR
2015-02-13,1339.0,1339.0,1272.0,1272.0,1114,1446630.0,TQBR
2015-02-16,1291.0,1291.0,1282.0,1282.0,13,16684.0,TQBR
2015-02-17,1301.0,1490.0,1298.0,1312.0,363,480167.0,TQBR
2015-02-18,1299.0,1364.0,1291.0,1313.0,695,928772.0,TQBR
2015-02-19,1304.0,1799.0,1300.0,1410.0,2355,3452392.0,TQBR
2015-02-20,1401.0,1800.0,1380.0,1600.0,777,1239021.0,TQBR
2015-02-24,1507.0,1507.0,1451.0,1451.0,45,67655.0,TQBR
2015-02-25,1456.0,1595.0,1404.0,1501.0,182,265812.0,TQBR
2015-02-26,1458.0,2097.0,1458.0,1804.0,2355,4224673.0,TQBR
2015-02-27,1805.0,2097.0,1666.0,1950.0,2019,3899071.0,TQBR
2015-03-02,1900.0,2080.0,1860.0,2038.0,324,642783.0,TQBR
2015-03-03,1969.0,2048.0,1930.0,1999.0,212,424967.0,TQBR
2015-03-04,1930.0,2048.0,1900.0,2000.0,342,676078.0,TQBR
2015-03-05,2001.0,2748.0,1982.0,2350.0,1061,2450334.0,TQBR
2015-03-06,2498.0,2748.0,2211.0,2400.0,718,1764153.0,TQBR
2015-03-10,2437.0,2440.0,2350.0,2350.0,37,88297.0,TQBR
2015-03-11,2110.0,2256.0,1910.0,1949.0,3076,6173460.0,TQBR
2015-03-12,1948.0,2099.0,1850.0,1900.0,2478,4746727.0,TQBR
2015-03-13,1905.0,1915.0,1739.0,1785.0,856,1550358.0,TQBR
2015-03-16,1785.0,1895.0,1679.0,1796.0,454,812157.0,TQBR
2015-03-17,1708.0,1849.0,1704.0,1741.0,162,284351.0,TQBR
2015-03-18,1747.0,2088.0,1747.0,1841.0,495,944939.0,TQBR
2015-03-19,1857.0,2573.0,1808.0,2573.0,1092,2454261.0,TQBR
2015-03-20,2600.0,3500.0,2298.0,2800.0,1748,4923825.0,TQBR
2015-03-23,2800.0,3200.0,2150.0,2151.0,1568,3913764.0,TQBR
2015-03-24,2151.0,2298.0,2006.0,2198.0,676,1451518.0,TQBR
2015-03-25,2167.0,2187.0,2050.0,2150.0,268,570705.0,TQBR
2015-03-26,2102.0,2800.0,2100.0,2667.0,1246,3143407.0,TQBR
2015-03-27,2588.0,2945.0,2410.0,2898.0,615,1646848.0,TQBR
2015-03-30,2890.0,3000.0,2222.0,2300.0,433,1059680.0,TQBR
2015-03-31,2300.0,2448.0,2021.0,2322.0,496,1131404.0,TQBR
2015-04-01,2309.0,2725.0,2309.0,2489.0,1078,2667929.0,TQBR
2015-04-02,2410.0,2486.0,2229.0,2442.0,192,459729.0,TQBR
2015-04-03,2402.0,2469.0,2000.0,2163.0,2456,5178704.0,TQBR
2015-04-06,2165.0,2205.0,2056.0,2134.0,149,318062.0,TQBR
2015-04-07,2130.0,2195.0,2026.0,2146.0,260,541975.0,TQBR
2015-04-08,2154.0,2154.0,2040.0,2127.0,119,247074.0,TQBR
2015-04-09,2123.0,2227.0,2041.0,2056.0,858,1783371.0,TQBR
2015-04-10,2054.0,2055.0,1291.0,1792.0,950,1740744.0,TQBR
2015-04-13,1835.0,1994.0,1701.0,1850.0,1163,2149667.0,TQBR
2015-04-14,1848.0,2244.0,1780.0,2175.0,889,1843912.0,TQBR
2015-04-15,2175.0,2222.0,2020.0,2156.0,177,371515.0,TQBR
2015-04-16,2156.0,2156.0,1811.0,2009.0,135,264748.0,TQBR
2015-04-17,2009.0,2009.0,1880.0,1959.0,83,161212.0,TQBR
2015-04-20,1833.0,2028.0,1820.0,1919.0,57,110848.0,TQBR
2015-04-21,1931.0,1931.0,1890.0,1890.0,4,7682.0,TQBR
2015-04-22,1870.0,2189.0,1870.0,1915.0,6293,12074388.0,TQBR
2015-04-23,1915.0,1923.0,1820.0,1923.0,815,1547838.0,TQBR
2015-04-24,1865.0,1910.0,1848.0,1900.0,209,397091.0,TQBR
2015-04-27,1900.0,2085.0,1859.0,1965.0,2405,4705361.0,TQBR
2015-04-28,1960.0,2420.0,1897.0,2193.0,4560,9493782.0,TQBR
2015-04-29,2199.0,2251.0,1971.0,2049.0,344,731254.0,TQBR
2015-04-30,2044.0,2068.0,1931.0,1976.0,102,200057.0,TQBR
2015-05-05,1675.0,2110.0,1675.0,1965.0,820,1619180.0,TQBR
2015-05-06,1965.0,1980.0,1840.0,1855.0,2304,4350775.0,TQBR
2015-05-07,1855.0,1855.0,1805.0,1805.0,49,89610.0,TQBR
2015-05-08,1870.0,1870.0,1805.0,1835.0,165,302925.0,TQBR
2015-05-12,1840.0,1900.0,1830.0,1830.0,333,614895.0,TQBR
2015-05-13,1810.0,1835.0,1780.0,1785.0,399,717425.0,TQBR
2015-05-14,1785.0,1795.0,1725.0,1775.0,128,225985.0,TQBR
2015-05-15,1775.0,1845.0,1775.0,1805.0,1610,2872835.0,TQBR
2015-05-18,1810.0,1810.0,1735.0,1760.0,80,141120.0,TQBR
2015-05-19,1775.0,1790.0,1660.0,1700.0,1024,1826610.0,TQBR
2015-05-20,1725.0,1745.0,1590.0,1675.0,1289,2149680.0,TQBR
2015-05-21,1680.0,1680.0,1540.0,1580.0,689,1085130.0,TQBR
2015-05-22,1580.0,1580.0,1505.0,1545.0,1883,2885555.0,TQBR
2015-05-25,1575.0,1580.0,1505.0,1540.0,128,195385.0,TQBR
2015-05-26,1560.0,1600.0,1500.0,1505.0,876,1347955.0,TQBR
2015-05-27,1515.0,1580.0,1510.0,1510.0,57,87555.0,TQBR
2015-05-28,1565.0,1565.0,1515.0,1525.0,1049,1620535.0,TQBR
2015-05-29,1540.0,1750.0,1535.0,1625.0,729,1203595.0,TQBR
2015-06-01,1675.0,1740.0,1600.0,1640.0,469,777695.0,TQBR
2015-06-02,1575.0,1625.0,1570.0,1570.0,60,96330.0,TQBR
2015-06-03,1535.0,1570.0,1520.0,1555.0,185,285460.0,TQBR
2015-06-04,1615.0,1615.0,1570.0,1580.0,20,31645.0,TQBR
2015-06-05,1600.0,1600.0,1505.0,1535.0,194,297300.0,TQBR
2015-06-08,1525.0,1525.0,1480.0,1500.0,59,88610.0,TQBR
2015-06-09,1480.0,1495.0,1425.0,1460.0,165,240560.0,TQBR
2015-06-10,1480.0,1585.0,1460.0,1535.0,461,713545.0,TQBR
2015-06-11,1495.0,1495.0,1460.0,1485.0,19,28085.0,TQBR
2015-06-15,1495.0,1535.0,1465.0,1465.0,243,364585.0,TQBR
2015-06-16,1470.0,1490.0,1465.0,1485.0,15,22100.0,TQBR
2015-06-17,1475.0,1475.0,1475.0,1475.0,1,1475.0,TQBR
2015-06-18,1490.0,1525.0,1490.0,1510.0,51,76930.0,TQBR
2015-06-19,1525.0,1525.0,1465.0,1480.0,14,20760.0,TQBR
2015-06-22,1490.0,1490.0,1490.0,1490.0,1,1490.0,TQBR
2015-06-23,1475.0,1505.0,1470.0,1505.0,17,25060.0,TQBR
2015-06-24,1505.0,1645.0,1505.0,1530.0,616,972045.0,TQBR
2015-06-25,1580.0,1620.0,1555.0,1580.0,323,516085.0,TQBR
2015-06-26,1590.0,1740.0,1585.0,1645.0,688,1138965.0,TQBR
2015-06-29,1600.0,1710.0,1525.0,1555.0,427,693110.0,TQBR
2015-06-30,1570.0,1575.0,1400.0,1415.0,2715,3875510.0,TQBR
2015-07-01,1440.0,1450.0,1400.0,1435.0,681,968085.0,TQBR
2015-07-02,1440.0,1470.0,1425.0,1445.0,204,291610.0,TQBR
2015-07-03,1465.0,1465.0,1305.0,1320.0,938,1259340.0,TQBR
2015-07-06,1315.0,1355.0,1135.0,1320.0,2000,2416235.0,TQBR
2015-07-07,1315.0,1355.0,1290.0,1290.0,43,56665.0,TQBR
2015-07-08,1265.0,1270.0,1170.0,1230.0,371,452875.0,TQBR
2015-07-09,1295.0,1330.0,1230.0,1295.0,704,920990.0,TQBR
2015-07-10,1305.0,1410.0,1290.0,1385.0,1718,2295090.0,TQBR
2015-07-13,1465.0,1465.0,1355.0,1380.0,40,55770.0,TQBR
2015-07-14,1370.0,1375.0,1355.0,1360.0,108,147375.0,TQBR
2015-07-15,1375.0,1400.0,1335.0,1390.0,1057,1430750.0,TQBR
2015-07-16,1395.0,1450.0,1390.0,1400.0,124,174930.0,TQBR
2015-07-17,1440.0,1440.0,1400.0,1400.0,245,346285.0,TQBR
2015-07-20,1405.0,1410.0,1365.0,1400.0,181,253335.0,TQBR
2015-07-21,1395.0,1400.0,1370.0,1400.0,373,518040.0,TQBR
2015-07-22,1395.0,1395.0,1355.0,1390.0,241,328645.0,TQBR
2015-07-23,1375.0,1385.0,1370.0,1385.0,343,470455.0,TQBR
2015-07-24,1375.0,1490.0,1365.0,1430.0,616,883550.0,TQBR
2015-07-27,1425.0,1425.0,1380.0,1390.0,101,141005.0,TQBR
2015-07-28,1390.0,1425.0,1385.0,1400.0,132,184280.0,TQBR
2015-07-29,1390.0,1440.0,1385.0,1405.0,239,335390.0,TQBR
2015-07-30,1425.0,1450.0,1425.0,1450.0,73,104655.0,TQBR
2015-07-31,1435.0,1545.0,1425.0,1495.0,397,589175.0,TQBR
2015-08-03,1565.0,1565.0,1490.0,1545.0,41,62070.0,TQBR
2015-08-04,1495.0,1525.0,1480.0,1525.0,41,61150.0,TQBR
2015-08-05,1505.0,1590.0,1505.0,1590.0,139,218810.0,TQBR
2015-08-06,1620.0,1620.0,1545.0,1545.0,86,134560.0,TQBR
2015-08-07,1610.0,1610.0,1535.0,1545.0,332,518885.0,TQBR
2015-08-10,1570.0,1590.0,1570.0,1580.0,137,215530.0,TQBR
2015-08-11,1505.0,1650.0,1505.0,1570.0,93,145040.0,TQBR
2015-08-12,1510.0,1585.0,1510.0,1535.0,79,120850.0,TQBR
2015-08-13,1590.0,1690.0,1590.0,1625.0,729,1179080.0,TQBR
2015-08-14,1640.0,1650.0,1585.0,1650.0,65,105880.0,TQBR
2015-08-17,1625.0,1625.0,1625.0,1625.0,1,1625.0,TQBR
2015-08-18,1625.0,1625.0,1590.0,1625.0,595,948330.0,TQBR
2015-08-19,1600.0,1635.0,1600.0,1635.0,795,1283410.0,TQBR
2015-08-20,1635.0,1655.0,1610.0,1640.0,701,1149120.0,TQBR
2015-08-21,1620.0,1650.0,1615.0,1635.0,715,1167420.0,TQBR
2015-08-24,1640.0,1670.0,1630.0,1670.0,180,295940.0,TQBR
2015-08-25,1670.0,1675.0,1625.0,1635.0,202,336945.0,TQBR
2015-08-26,1675.0,1705.0,1670.0,1700.0,1220,2056560.0,TQBR
2015-08-27,1695.0,1695.0,1645.0,1645.0,46,76985.0,TQBR
2015-08-28,1650.0,1650.0,1625.0,1635.0,244,397745.0,TQBR
2015-08-31,1730.0,1785.0,1720.0,1730.0,7880,13687070.0,TQBR
2015-09-01,1740.0,1750.0,1730.0,1740.0,542,942885.0,TQBR
2015-09-02,1730.0,1735.0,1705.0,1730.0,5470,9423170.0,TQBR
2015-09-03,1745.0,1745.0,1720.0,1730.0,5404,9403575.0,TQBR
2015-09-04,1740.0,1740.0,1730.0,1730.0,516,897680.0,TQBR
2015-09-07,1730.0,1735.0,1730.0,1735.0,3407,5896840.0,TQBR
2015-09-08,1710.0,1725.0,1710.0,1725.0,5096,8714310.0,TQBR
2015-09-09,1715.0,1735.0,1715.0,1735.0,10363,17925340.0,TQBR
2015-09-10,1740.0,1740.0,1735.0,1735.0,91,157900.0,TQBR
2015-09-11,1735.0,1750.0,1735.0,1750.0,373,647195.0,TQBR
2015-09-14,1750.0,1760.0,1740.0,1750.0,71,124385.0,TQBR
2015-09-15,1755.0,1760.0,1740.0,1740.0,190,332940.0,TQBR
2015-09-16,1755.0,1755.0,1750.0,1755.0,7,12280.0,TQBR
2015-09-17,1760.0,1765.0,1750.0,1750.0,142,250195.0,TQBR
2015-09-21,1740.0,1770.0,1740.0,1765.0,434,758330.0,TQBR
2015-09-22,1750.0,1765.0,1750.0,1755.0,1185,2081135.0,TQBR
2015-09-23,1765.0,1765.0,1750.0,1760.0,516,906670.0,TQBR
2015-09-24,1760.0,1765.0,1735.0,1750.0,692,1214690.0,TQBR
2015-09-25,1745.0,1760.0,1745.0,1760.0,3,5260.0,TQBR
2015-09-28,1760.0,1765.0,1755.0,1765.0,105,185090.0,TQBR
2015-09-29,1760.0,1780.0,1760.0,1765.0,1201,2114795.0,TQBR
2015-09-30,1765.0,1765.0,1760.0,1760.0,2,3525.0,TQBR
2015-10-01,1760.0,1760.0,1760.0,1760.0,7,12320.0,TQBR
2015-10-02,1765.0,1765.0,1765.0,1765.0,1,1765.0,TQBR
2015-10-05,1765.0,1775.0,1760.0,1760.0,26,45815.0,TQBR
2015-10-06,1765.0,1770.0,1765.0,1765.0,113,199465.0,TQBR
2015-10-07,1765.0,1770.0,1765.0,1770.0,565,999555.0,TQBR
2015-10-08,1770.0,1770.0,1765.0,1765.0,13,23000.0,TQBR
2015-10-09,1775.0,1775.0,1765.0,1765.0,58,102380.0,TQBR
2015-10-13,1770.0,1770.0,1740.0,1770.0,4690,8170735.0,TQBR
2015-10-14,1770.0,1770.0,1770.0,1770.0,917,1623090.0,TQBR
2015-10-15,1770.0,1785.0,1770.0,1785.0,9,15945.0,TQBR
2015-10-16,1775.0,1775.0,1770.0,1770.0,16,28335.0,TQBR
2015-10-19,1785.0,1785.0,1770.0,1770.0,8,14220.0,TQBR
2015-10-20,1770.0,1770.0,1765.0,1765.0,119,210040.0,TQBR
2015-10-21,1770.0,1770.0,1770.0,1770.0,2,3540.0,TQBR
2015-10-22,1765.0,1765.0,1765.0,1765.0,15,26475.0,TQBR
2015-10-23,1740.0,1770.0,1740.0,1765.0,5093,8867695.0,TQBR
2015-10-26,1775.0,1775.0,1770.0,1770.0,8,14190.0,TQBR
2015-10-27,1770.0,1775.0,1770.0,1770.0,159,281510.0,TQBR
2015-10-28,1770.0,1800.0,1770.0,1780.0,83,148025.0,TQBR
2015-10-29,1790.0,1795.0,1770.0,1770.0,307,543600.0,TQBR
2015-10-30,1780.0,1780.0,1770.0,1770.0,168,297490.0,TQBR
2015-11-02,1770.0,1775.0,1770.0,1770.0,51,90305.0,TQBR
2015-11-03,1770.0,1780.0,1770.0,1770.0,4,7090.0,TQBR
2015-11-05,1770.0,1775.0,1770.0,1775.0,14,24790.0,TQBR
2015-11-06,1775.0,1795.0,1775.0,1775.0,117,207695.0,TQBR
2015-11-09,1765.0,1770.0,1765.0,1770.0,102,180525.0,TQBR
2015-11-10,1775.0,1775.0,1775.0,1775.0,5,8875.0,TQBR
2015-11-11,1785.0,1785.0,1780.0,1785.0,35,62345.0,TQBR
2015-11-12,1755.0,1785.0,1755.0,1775.0,2030,3562740.0,TQBR
2015-11-13,1790.0,1790.0,1790.0,1790.0,1,1790.0,TQBR
2015-11-16,1775.0,1775.0,1775.0,1775.0,10,17750.0,TQBR
2015-11-17,1795.0,1795.0,1770.0,1775.0,3,5340.0,TQBR
2015-11-18,1790.0,1790.0,1780.0,1780.0,2,3570.0,TQBR
2015-11-19,1780.0,1780.0,1775.0,1775.0,16,28405.0,TQBR
2015-11-20,1775.0,1775.0,1775.0,1775.0,58,102950.0,TQBR
2015-11-24,1780.0,1780.0,1780.0,1780.0,154,274120.0,TQBR
2015-11-25,1775.0,1775.0,1775.0,1775.0,490,869750.0,TQBR
2015-11-26,1775.0,1790.0,1775.0,1775.0,42,74835.0,TQBR
2015-11-27,1785.0,1785.0,1780.0,1780.0,51,90785.0,TQBR
2015-11-30,1790.0,1790.0,1790.0,1790.0,6,10740.0,TQBR
2015-12-01,1775.0,1775.0,1775.0,1775.0,6,10650.0,TQBR
2015-12-02,1780.0,1780.0,1780.0,1780.0,63,112140.0,TQBR
2015-12-04,1780.0,1780.0,1780.0,1780.0,13,23140.0,TQBR
2015-12-07,1780.0,1780.0,1780.0,1780.0,1,1780.0,TQBR
2015-12-08,1765.0,1785.0,1765.0,1785.0,906,1599950.0,TQBR
2015-12-09,1780.0,1790.0,1780.0,1785.0,72,128255.0,TQBR
2015-12-10,1780.0,1790.0,1775.0,1790.0,209,371830.0,TQBR
2015-12-11,1780.0,1785.0,1780.0,1785.0,604,1078095.0,TQBR
2015-12-14,1785.0,1785.0,1785.0,1785.0,52,92820.0,TQBR
2015-12-15,1790.0,1790.0,1785.0,1785.0,15,26800.0,TQBR
2015-12-16,1795.0,1795.0,1785.0,1785.0,17,30365.0,TQBR
2015-12-17,1790.0,1790.0,1785.0,1785.0,34,60710.0,TQBR
2015-12-18,1785.0,1785.0,1785.0,1785.0,1,1785.0,TQBR
2015-12-21,1810.0,1810.0,1780.0,1780.0,27,48160.0,TQBR
2015-12-23,1780.0,1780.0,1780.0,1780.0,82,145960.0,TQBR
2015-12-24,1785.0,1785.0,1765.0,1775.0,580,1027145.0,TQBR
2015-12-25,1775.0,1785.0,1775.0,1785.0,100,177770.0,TQBR
2015-12-28,1770.0,1775.0,1770.0,1775.0,177,314145.0,TQBR
2015-12-29,1775.0,1775.0,1775.0,1775.0,10,17750.0,TQBR
2015-12-30,1780.0,1780.0,1780.0,1780.0,64,113920.0,TQBR
2016-01-04,1785.0,1785.0,1780.0,1780.0,17,30265.0,TQBR
2016-01-05,1800.0,1870.0,1780.0,1780.0,191,341710.0,TQBR
2016-01-06,1785.0,1785.0,1785.0,1785.0,1,1785.0,TQBR
2016-01-11,1775.0,1780.0,1775.0,1780.0,153,272190.0,TQBR
2016-01-12,1780.0,1785.0,1780.0,1780.0,13,23160.0,TQBR
2016-01-13,1780.0,1785.0,1780.0,1780.0,54,96200.0,TQBR
2016-01-15,1780.0,1785.0,1780.0,1780.0,48,85460.0,TQBR
2016-01-18,1780.0,1780.0,1780.0,1780.0,56,99680.0,TQBR
2016-01-20,1765.0,1785.0,1765.0,1770.0,1316,2326280.0,TQBR
2016-01-21,1780.0,1780.0,1780.0,1780.0,2,3560.0,TQBR
2016-01-25,1785.0,1785.0,1775.0,1775.0,51,90820.0,TQBR
2016-01-26,1775.0,1775.0,1775.0,1775.0,1,1775.0,TQBR
2016-01-27,1790.0,1790.0,1775.0,1775.0,41,72995.0,TQBR
2016-01-28,1775.0,1775.0,1775.0,1775.0,10,17750.0,TQBR
2016-01-29,1750.0,1770.0,1750.0,1770.0,23,40570.0,TQBR
2016-02-01,1760.0,1790.0,1760.0,1780.0,10,17770.0,TQBR
2016-02-02,1790.0,1790.0,1775.0,1785.0,21,37420.0,TQBR
2016-02-03,1760.0,1785.0,1760.0,1780.0,1094,1926545.0,TQBR
2016-02-05,1790.0,1790.0,1790.0,1790.0,1,1790.0,TQBR
2016-02-08,1785.0,1785.0,1780.0,1780.0,2,3565.0,TQBR
2016-02-09,1780.0,1800.0,1775.0,1780.0,174,310910.0,TQBR
2016-02-10,1780.0,1785.0,1780.0,1780.0,41,73040.0,TQBR
2016-02-11,1780.0,1785.0,1780.0,1785.0,21,37410.0,TQBR
2016-02-16,1785.0,1790.0,1785.0,1790.0,2,3575.0,TQBR
2016-02-17,1775.0,1775.0,1775.0,1775.0,7,12425.0,TQBR
2016-02-18,1760.0,1760.0,1645.0,1720.0,277,462950.0,TQBR
2016-02-19,1700.0,1740.0,1700.0,1740.0,101,173720.0,TQBR
2016-02-22,1770.0,1880.0,1745.0,1750.0,56,98505.0,TQBR
2016-02-24,1770.0,1770.0,1770.0,1770.0,16,28320.0,TQBR
2016-02-25,1790.0,1790.0,1780.0,1780.0,5,8910.0,TQBR
2016-02-26,1790.0,1790.0,1790.0,1790.0,3,5370.0,TQBR
2016-02-29,1870.0,1880.0,1800.0,1810.0,35,63635.0,TQBR
2016-03-01,1720.0,1785.0,1720.0,1770.0,34,59865.0,TQBR
2016-03-02,1780.0,1780.0,1780.0,1780.0,1,1780.0,TQBR
2016-03-03,1735.0,1780.0,1735.0,1780.0,2,3515.0,TQBR
2016-03-04,1780.0,1840.0,1780.0,1805.0,42,75650.0,TQBR
2016-03-07,1815.0,1840.0,1815.0,1840.0,2,3655.0,TQBR
2016-03-09,1825.0,1825.0,1765.0,1770.0,19,34420.0,TQBR
2016-03-10,1770.0,1770.0,1725.0,1725.0,39,67805.0,TQBR
2016-03-11,1755.0,1785.0,1755.0,1765.0,23,40725.0,TQBR
2016-03-15,1765.0,1765.0,1700.0,1720.0,43,74100.0,TQBR
2016-03-16,1755.0,1755.0,1695.0,1725.0,164,282380.0,TQBR
2016-03-17,1730.0,1730.0,1695.0,1705.0,12,20480.0,TQBR
2016-03-18,1700.0,1705.0,1695.0,1695.0,13,22085.0,TQBR
2016-03-21,1700.0,1700.0,1690.0,1690.0,10,16960.0,TQBR
2016-03-22,1690.0,1700.0,1685.0,1690.0,11,18595.0,TQBR
2016-03-23,1705.0,1710.0,1685.0,1690.0,14,23730.0,TQBR
2016-03-24,1700.0,1705.0,1580.0,1655.0,49,81565.0,TQBR
2016-03-25,1685.0,1685.0,1685.0,1685.0,1,1685.0,TQBR
2016-03-29,1645.0,1665.0,1630.0,1630.0,32,52755.0,TQBR
2016-03-30,1680.0,1680.0,1600.0,1625.0,18,29625.0,TQBR
2016-03-31,1625.0,1675.0,1600.0,1675.0,37,59485.0,TQBR
2016-04-01,1610.0,1635.0,1575.0,1605.0,23,37095.0,TQBR
2016-04-04,1640.0,1640.0,1640.0,1640.0,1,1640.0,TQBR
2016-04-05,1600.0,1600.0,1545.0,1575.0,51,79805.0,TQBR
2016-04-06,1530.0,1545.0,1500.0,1505.0,61,92230.0,TQBR
2016-04-07,1525.0,1525.0,1505.0,1510.0,5,7570.0,TQBR
2016-04-08,1505.0,1510.0,1500.0,1510.0,6,9025.0,TQBR
2016-04-11,1500.0,1520.0,1495.0,1500.0,44,66190.0,TQBR
2016-04-12,1500.0,1510.0,1500.0,1505.0,5,7520.0,TQBR
2016-04-13,1505.0,1505.0,1480.0,1490.0,118,174815.0,TQBR
2016-04-14,1485.0,1485.0,1470.0,1470.0,15,22100.0,TQBR
2016-04-15,1475.0,1485.0,1465.0,1465.0,39,57335.0,TQBR
2016-04-18,1465.0,1470.0,1465.0,1470.0,7,10285.0,TQBR
2016-04-19,1465.0,1485.0,1455.0,1485.0,30,44165.0,TQBR
2016-04-20,1470.0,1485.0,1470.0,1485.0,4,5920.0,TQBR
2016-04-21,1495.0,1530.0,1495.0,1510.0,23,34905.0,TQBR
2016-04-22,1525.0,1535.0,1510.0,1525.0,8,12210.0,TQBR
2016-04-25,1485.0,1520.0,1485.0,1520.0,18,27280.0,TQBR
2016-04-27,1510.0,1510.0,1510.0,1510.0,3,4530.0,TQBR
2016-04-29,1505.0,1505.0,1480.0,1490.0,42,62505.0,TQBR
2016-05-04,1485.0,1485.0,1485.0,1485.0,2,2970.0,TQBR
2016-05-10,1470.0,1480.0,1450.0,1480.0,9,13140.0,TQBR
2016-05-11,1480.0,1485.0,1480.0,1480.0,21,31085.0,TQBR
2016-05-16,1455.0,1470.0,1450.0,1470.0,5,7275.0,TQBR
2016-05-17,1455.0,1465.0,1415.0,1465.0,37,53155.0,TQBR
2016-05-18,1410.0,1450.0,1235.0,1450.0,37,51205.0,TQBR
2016-05-19,1375.0,1375.0,1220.0,1255.0,408,527345.0,TQBR
2016-05-20,1260.0,1300.0,1235.0,1260.0,69,86485.0,TQBR
2016-05-23,1230.0,1295.0,1230.0,1295.0,14,17785.0,TQBR
2016-05-24,1300.0,1300.0,1240.0,1260.0,30,37410.0,TQBR
2016-05-25,1300.0,1300.0,1260.0,1295.0,41,52960.0,TQBR
2016-05-27,1290.0,1290.0,1245.0,1280.0,23,29410.0,TQBR
2016-05-30,1260.0,1260.0,1235.0,1260.0,39,48730.0,TQBR
2016-05-31,1245.0,1255.0,1245.0,1245.0,10,12510.0,TQBR
2016-06-01,1300.0,1300.0,1260.0,1270.0,16,20275.0,TQBR
2016-06-02,1270.0,1295.0,1270.0,1280.0,42,54130.0,TQBR
2016-06-03,1280.0,1355.0,1230.0,1350.0,87,113445.0,TQBR
2016-06-06,1320.0,1490.0,1320.0,1425.0,152,216500.0,TQBR
2016-06-07,1475.0,1495.0,1390.0,1475.0,26,37900.0,TQBR
2016-06-10,1410.0,1415.0,1405.0,1410.0,57,80515.0,TQBR
2016-06-14,1465.0,1465.0,1465.0,1465.0,1,1465.0,TQBR
2016-06-16,1410.0,1435.0,1400.0,1435.0,136,190625.0,TQBR
2016-06-17,1445.0,1445.0,1410.0,1440.0,3,4295.0,TQBR
2016-06-20,1415.0,1430.0,1415.0,1430.0,2,2845.0,TQBR
2016-06-23,1405.0,1410.0,1340.0,1410.0,56,76730.0,TQBR
2016-06-24,1385.0,1415.0,1300.0,1415.0,26,35165.0,TQBR
2016-06-27,1320.0,1445.0,1300.0,1445.0,49,65630.0,TQBR
2016-06-29,1420.0,1420.0,1405.0,1405.0,2,2825.0,TQBR
2016-06-30,1430.0,1440.0,1370.0,1440.0,21,29175.0,TQBR
2016-07-01,1425.0,1440.0,1390.0,1440.0,24,33820.0,TQBR
2016-07-04,1425.0,1425.0,1425.0,1425.0,2,2850.0,TQBR
2016-07-08,1400.0,1430.0,1400.0,1430.0,2,2830.0,TQBR
2016-07-12,1445.0,1445.0,1445.0,1445.0,1,1445.0,TQBR
2016-07-13,1425.0,1425.0,1425.0,1425.0,1,1425.0,TQBR
2016-07-14,1400.0,1400.0,1400.0,1400.0,2,2800.0,TQBR
2016-07-18,1405.0,1415.0,1405.0,1415.0,22,31105.0,TQBR
2016-07-19,1395.0,1405.0,1370.0,1405.0,12,16670.0,TQBR
2016-07-22,1395.0,1405.0,1390.0,1405.0,4,5580.0,TQBR
2016-07-25,1395.0,1440.0,1230.0,1365.0,36,48480.0,TQBR
2016-07-26,1370.0,1380.0,1355.0,1375.0,25,34155.0,TQBR
2016-07-27,1365.0,1385.0,1355.0,1385.0,22,30135.0,TQBR
2016-07-29,1380.0,1395.0,1380.0,1395.0,2,2775.0,TQBR
2016-08-01,1380.0,1415.0,1315.0,1415.0,23,32110.0,TQBR
2016-08-02,1400.0,1435.0,1395.0,1400.0,14,19820.0,TQBR
2016-08-04,1400.0,1400.0,1400.0,1400.0,2,2800.0,TQBR
2016-08-05,1405.0,1410.0,1405.0,1410.0,54,75960.0,TQBR
2016-08-08,1420.0,1420.0,1420.0,1420.0,1,1420.0,TQBR
2016-08-10,1425.0,1425.0,1420.0,1420.0,3,4270.0,TQBR
2016-08-11,1425.0,1425.0,1425.0,1425.0,1,1425.0,TQBR
2016-08-12,1420.0,1420.0,1420.0,1420.0,1,1420.0,TQBR
2016-08-15,1420.0,1420.0,1420.0,1420.0,38,53960.0,TQBR
2016-08-16,1435.0,1435.0,1415.0,1415.0,6,8575.0,TQBR
2016-08-17,1415.0,1415.0,1360.0,1400.0,13,17845.0,TQBR
2016-08-18,1410.0,1440.0,1410.0,1440.0,27,38725.0,TQBR
2016-08-19,1420.0,1430.0,1420.0,1430.0,3,4275.0,TQBR
2016-08-22,1420.0,1420.0,1420.0,1420.0,2,2840.0,TQBR
2016-08-23,1420.0,1435.0,1420.0,1435.0,2,2855.0,TQBR
2016-08-24,1425.0,1425.0,1425.0,1425.0,1,1425.0,TQBR
2016-08-25,1445.0,1445.0,1425.0,1430.0,19,27210.0,TQBR
2016-08-26,1440.0,1440.0,1440.0,1440.0,1,1440.0,TQBR
2016-08-29,1430.0,1430.0,1410.0,1425.0,29,41025.0,TQBR
2016-09-01,1440.0,1445.0,1440.0,1445.0,19,27400.0,TQBR
2016-09-02,1435.0,1465.0,1435.0,1465.0,31,45335.0,TQBR
2016-09-05,1455.0,1460.0,1455.0,1460.0,16,23355.0,TQBR
2016-09-07,1460.0,1480.0,1460.0,1465.0,4,5880.0,TQBR
2016-09-08,1470.0,1475.0,1460.0,1460.0,12,17625.0,TQBR
2016-09-09,1460.0,1465.0,1455.0,1455.0,4,5835.0,TQBR
2016-09-12,1455.0,1455.0,1445.0,1445.0,23,33320.0,TQBR
2016-09-13,1440.0,1440.0,1440.0,1440.0,1,1440.0,TQBR
2016-09-14,1440.0,1440.0,1425.0,1425.0,25,35720.0,TQBR
2016-09-16,1425.0,1425.0,1425.0,1425.0,7,9975.0,TQBR
2016-09-19,1425.0,1425.0,1425.0,1425.0,5,7125.0,TQBR
2016-09-21,1405.0,1420.0,1405.0,1420.0,11,15530.0,TQBR
2016-09-26,1420.0,1420.0,1420.0,1420.0,1,1420.0,TQBR
2016-09-27,1465.0,1470.0,1410.0,1410.0,14,20495.0,TQBR
2016-09-28,1420.0,1420.0,1420.0,1420.0,1,1420.0,TQBR
2016-09-29,1435.0,1450.0,1405.0,1405.0,67,94970.0,TQBR
2016-09-30,1420.0,1420.0,1420.0,1420.0,1,1420.0,TQBR
2016-10-03,1405.0,1415.0,1400.0,1415.0,3,4220.0,TQBR
2016-10-04,1335.0,1405.0,1330.0,1405.0,13,18045.0,TQBR
2016-10-06,1390.0,1395.0,1385.0,1395.0,4,5560.0,TQBR
2016-10-07,1380.0,1385.0,1375.0,1375.0,4,5520.0,TQBR
2016-10-10,1375.0,1375.0,1355.0,1375.0,14,19125.0,TQBR
2016-10-11,1360.0,1360.0,1350.0,1350.0,4,5430.0,TQBR
2016-10-12,1340.0,1340.0,1310.0,1315.0,12,15840.0,TQBR
2016-10-13,1300.0,1300.0,1235.0,1270.0,14,17850.0,TQBR
2016-10-14,1260.0,1260.0,1240.0,1250.0,16,20025.0,TQBR
2016-10-17,1230.0,1260.0,1220.0,1260.0,121,151050.0,TQBR
2016-10-18,1240.0,1260.0,1240.0,1260.0,5,6225.0,TQBR
2016-10-20,1180.0,1260.0,1180.0,1260.0,29,36130.0,TQBR
2016-10-24,1270.0,1270.0,1230.0,1250.0,8,9910.0,TQBR
2016-10-25,1235.0,1255.0,1235.0,1255.0,3,3740.0,TQBR
2016-10-27,1245.0,1265.0,1245.0,1265.0,5,6265.0,TQBR
2016-10-28,1245.0,1245.0,1175.0,1235.0,17,20520.0,TQBR
2016-11-01,1240.0,1245.0,1240.0,1245.0,2,2485.0,TQBR
2016-11-07,1250.0,1265.0,1250.0,1265.0,7,8800.0,TQBR
2016-11-09,1295.0,1365.0,1290.0,1355.0,75,101245.0,TQBR
2016-11-11,1285.0,1335.0,1265.0,1325.0,123,160300.0,TQBR
2016-11-14,1285.0,1285.0,1195.0,1265.0,92,115560.0,TQBR
2016-11-15,1210.0,1250.0,1200.0,1250.0,109,131200.0,TQBR
2016-11-16,1200.0,1260.0,1200.0,1260.0,159,193855.0,TQBR
2016-11-18,1215.0,1290.0,1215.0,1290.0,4,5045.0,TQBR
2016-11-21,1285.0,1285.0,1285.0,1285.0,1,1285.0,TQBR
2016-11-22,1285.0,1315.0,1285.0,1310.0,58,75770.0,TQBR
2016-11-23,1305.0,1305.0,1305.0,1305.0,1,1305.0,TQBR
2016-11-28,1300.0,1300.0,1300.0,1300.0,1,1300.0,TQBR
2016-11-29,1295.0,1305.0,1265.0,1305.0,49,62365.0,TQBR
2016-11-30,1295.0,1295.0,1295.0,1295.0,1,1295.0,TQBR
2016-12-01,1290.0,1295.0,1275.0,1295.0,6,7715.0,TQBR
2016-12-02,1280.0,1280.0,1280.0,1280.0,1,1280.0,TQBR
2016-12-05,1285.0,1310.0,1285.0,1310.0,12,15665.0,TQBR
2016-12-07,1310.0,1320.0,1295.0,1295.0,38,49820.0,TQBR
2016-12-08,1310.0,1310.0,1285.0,1305.0,34,43910.0,TQBR
2016-12-09,1290.0,1300.0,1290.0,1300.0,2,2590.0,TQBR
2016-12-12,1285.0,1285.0,1145.0,1225.0,141,166685.0,TQBR
2016-12-13,1265.0,1280.0,1240.0,1280.0,53,66510.0,TQBR
2016-12-15,1265.0,1265.0,1205.0,1265.0,25,30405.0,TQBR
2016-12-16,1270.0,1310.0,1270.0,1300.0,89,115820.0,TQBR
2016-12-19,1300.0,1320.0,1290.0,1310.0,32,41725.0,TQBR
2016-12-20,1325.0,1440.0,1320.0,1390.0,293,413635.0,TQBR
2016-12-21,1395.0,1395.0,1285.0,1355.0,112,151570.0,TQBR
2016-12-22,1380.0,1380.0,1345.0,1345.0,8,10820.0,TQBR
2016-12-23,1355.0,1385.0,1195.0,1250.0,820,1027415.0,TQBR
2016-12-26,1250.0,1305.0,1195.0,1305.0,36,44635.0,TQBR
2016-12-27,1235.0,1290.0,1225.0,1290.0,16,19825.0,TQBR
2016-12-28,1270.0,1285.0,1265.0,1285.0,15,19070.0,TQBR
2016-12-29,1270.0,1270.0,1215.0,1255.0,27,33470.0,TQBR
2016-12-30,1220.0,1285.0,1220.0,1265.0,39,48185.0,TQBR
2017-01-03,1255.0,1290.0,1230.0,1290.0,12,15020.0,TQBR
2017-01-04,1270.0,1285.0,1270.0,1285.0,5,6375.0,TQBR
2017-01-05,1275.0,1275.0,1255.0,1270.0,4,5060.0,TQBR
2017-01-06,1285.0,1285.0,1280.0,1280.0,5,6405.0,TQBR
2017-01-11,1290.0,1290.0,1260.0,1280.0,22,27990.0,TQBR
2017-01-12,1280.0,1280.0,930.0,1245.0,167,190185.0,TQBR
2017-01-13,1240.0,1245.0,1230.0,1245.0,18,22255.0,TQBR
2017-01-16,1240.0,1250.0,1240.0,1240.0,5,6225.0,TQBR
2017-01-17,1240.0,1240.0,1240.0,1240.0,5,6200.0,TQBR
2017-01-18,1240.0,1245.0,1235.0,1245.0,25,30995.0,TQBR
2017-01-19,1245.0,1245.0,1240.0,1240.0,17,21105.0,TQBR
2017-01-20,1245.0,1245.0,1245.0,1245.0,29,36105.0,TQBR
2017-01-23,1245.0,1245.0,1240.0,1245.0,28,34850.0,TQBR
2017-01-24,1245.0,1245.0,1245.0,1245.0,30,37350.0,TQBR
2017-01-25,1240.0,1240.0,1240.0,1240.0,14,17360.0,TQBR
2017-01-26,1240.0,1245.0,1240.0,1245.0,3,3730.0,TQBR
2017-01-27,1245.0,1250.0,1245.0,1250.0,5,6230.0,TQBR
2017-01-30,1240.0,1270.0,1105.0,1265.0,95,117280.0,TQBR
2017-01-31,1255.0,1270.0,1250.0,1260.0,48,60630.0,TQBR
2017-02-01,1255.0,1255.0,1200.0,1250.0,116,141325.0,TQBR
2017-02-02,1190.0,1200.0,1185.0,1190.0,202,241710.0,TQBR
2017-02-03,1140.0,1185.0,1080.0,1175.0,492,541910.0,TQBR
2017-02-06,1185.0,1190.0,1170.0,1175.0,56,66105.0,TQBR
2017-02-07,1200.0,1200.0,1185.0,1185.0,11,13170.0,TQBR
2017-02-08,1190.0,1190.0,1190.0,1190.0,5,5950.0,TQBR
2017-02-09,1190.0,1190.0,1185.0,1190.0,9,10705.0,TQBR
2017-02-10,1175.0,1655.0,1175.0,1420.0,4300,6176105.0,TQBR
2017-02-13,1450.0,1560.0,1405.0,1500.0,3576,5326665.0,TQBR
2017-02-14,1515.0,1520.0,1375.0,1490.0,1539,2248985.0,TQBR
2017-02-15,1450.0,1485.0,1325.0,1350.0,1477,2048525.0,TQBR
2017-02-16,1355.0,1360.0,1245.0,1275.0,1065,1375235.0,TQBR
2017-02-17,1265.0,1280.0,1245.0,1270.0,35,44405.0,TQBR
2017-02-20,1260.0,1265.0,1210.0,1235.0,183,224080.0,TQBR
2017-02-21,1220.0,1235.0,1205.0,1235.0,28,34035.0,TQBR
2017-02-22,1225.0,1240.0,1220.0,1240.0,35,43065.0,TQBR
2017-02-24,1235.0,1235.0,1220.0,1225.0,10,12260.0,TQBR
2017-02-27,1215.0,1215.0,1190.0,1200.0,78,93150.0,TQBR
2017-02-28,1190.0,1200.0,1105.0,1190.0,168,197280.0,TQBR
2017-03-01,1195.0,1200.0,1190.0,1190.0,12,14305.0,TQBR
2017-03-02,1200.0,1200.0,1190.0,1190.0,8,9565.0,TQBR
2017-03-03,1185.0,1200.0,1165.0,1195.0,26,30870.0,TQBR
2017-03-06,1200.0,1210.0,1190.0,1210.0,11,13180.0,TQBR
2017-03-07,1200.0,1200.0,1195.0,1195.0,2,2395.0,TQBR
2017-03-09,1260.0,1290.0,1175.0,1195.0,38,45815.0,TQBR
2017-03-10,1190.0,1190.0,1180.0,1180.0,15,17750.0,TQBR
2017-03-13,1190.0,1190.0,1180.0,1180.0,2,2370.0,TQBR
2017-03-14,1175.0,1200.0,1155.0,1170.0,18,21320.0,TQBR
2017-03-15,1185.0,1200.0,1175.0,1185.0,7,8290.0,TQBR
2017-03-16,1185.0,1280.0,1185.0,1275.0,117,142315.0,TQBR
2017-03-17,1235.0,1235.0,1235.0,1235.0,1,1235.0,TQBR
2017-03-21,1210.0,1245.0,1210.0,1245.0,2,2455.0,TQBR
2017-03-22,1215.0,1215.0,1160.0,1200.0,182,212760.0,TQBR
2017-03-23,1210.0,1225.0,1200.0,1225.0,10,12050.0,TQBR
2017-03-24,1165.0,1200.0,1160.0,1165.0,13,15265.0,TQBR
2017-03-27,1150.0,1170.0,1150.0,1170.0,25,29145.0,TQBR
2017-03-28,1170.0,1195.0,1170.0,1170.0,17,19995.0,TQBR
2017-03-29,1165.0,1180.0,1160.0,1180.0,9,10580.0,TQBR
2017-03-30,1170.0,1170.0,1115.0,1155.0,28,31570.0,TQBR
2017-03-31,1160.0,1160.0,1160.0,1160.0,1,1160.0,TQBR
2017-04-06,1165.0,1165.0,1165.0,1165.0,4,4660.0,TQBR
2017-04-07,1165.0,1180.0,1165.0,1180.0,5,5850.0,TQBR
2017-04-10,1160.0,1175.0,1160.0,1175.0,71,82375.0,TQBR
2017-04-12,1160.0,1160.0,1160.0,1160.0,3,3480.0,TQBR
2017-04-13,1165.0,1235.0,1100.0,1145.0,126,141965.0,TQBR
2017-04-14,1150.0,1205.0,1150.0,1165.0,8,9285.0,TQBR
2017-04-18,1160.0,1160.0,1150.0,1150.0,15,17330.0,TQBR
2017-04-19,1150.0,1150.0,1150.0,1150.0,3,3450.0,TQBR
2017-04-21,1150.0,1270.0,1150.0,1270.0,208,254310.0,TQBR
2017-04-24,1230.0,1265.0,1155.0,1180.0,143,170925.0,TQBR
2017-04-25,1165.0,1200.0,1135.0,1160.0,22,25700.0,TQBR
2017-04-26,1160.0,1160.0,1160.0,1160.0,5,5800.0,TQBR
2017-04-28,1055.0,1175.0,1015.0,1175.0,44,48410.0,TQBR
2017-05-02,1170.0,1170.0,1170.0,1170.0,8,9360.0,TQBR
2017-05-03,1170.0,1220.0,1070.0,1220.0,88,96285.0,TQBR
2017-05-05,1095.0,1215.0,1095.0,1210.0,28,31760.0,TQBR
2017-05-10,1140.0,1195.0,1135.0,1195.0,8,9150.0,TQBR
2017-05-11,1155.0,1195.0,1155.0,1195.0,3,3545.0,TQBR
2017-05-12,1105.0,1125.0,1010.0,1125.0,113,118160.0,TQBR
2017-05-15,1105.0,1185.0,1070.0,1175.0,81,90385.0,TQBR
2017-05-16,1080.0,1110.0,1070.0,1110.0,98,105770.0,TQBR
2017-05-18,1050.0,1050.0,1045.0,1050.0,3,3145.0,TQBR
2017-05-19,1065.0,1070.0,1065.0,1070.0,2,2135.0,TQBR
2017-05-22,1030.0,1090.0,1025.0,1045.0,38,40310.0,TQBR
2017-05-23,1045.0,1045.0,1030.0,1040.0,8,8330.0,TQBR
2017-05-24,1045.0,1050.0,1040.0,1050.0,6,6265.0,TQBR
2017-05-26,1075.0,1075.0,1075.0,1075.0,1,1075.0,TQBR
2017-06-01,1090.0,1165.0,1090.0,1165.0,21,23805.0,TQBR
2017-06-02,1115.0,1115.0,1115.0,1115.0,1,1115.0,TQBR
2017-06-05,1030.0,1110.0,1030.0,1110.0,9,9815.0,TQBR
2017-06-06,1120.0,1130.0,1120.0,1130.0,7,7860.0,TQBR
2017-06-07,1115.0,1120.0,1115.0,1115.0,4,4465.0,TQBR
2017-06-08,1130.0,1150.0,1120.0,1120.0,19,21685.0,TQBR
2017-06-14,1130.0,1145.0,1130.0,1145.0,19,21675.0,TQBR
2017-06-15,1045.0,1085.0,1025.0,1085.0,14,14570.0,TQBR
2017-06-16,1105.0,1110.0,1035.0,1090.0,113,117820.0,TQBR
2017-06-19,1065.0,1100.0,1065.0,1100.0,8,8715.0,TQBR
2017-06-20,1030.0,1040.0,825.0,1030.0,171,165195.0,TQBR
2017-06-21,1030.0,1030.0,1015.0,1015.0,6,6165.0,TQBR
2017-06-22,1005.0,1005.0,1005.0,1005.0,5,5025.0,TQBR
2017-06-23,1025.0,1030.0,1010.0,1010.0,3,3065.0,TQBR
2017-06-26,1090.0,1090.0,1035.0,1035.0,43,44995.0,TQBR
2017-06-28,1035.0,1035.0,1035.0,1035.0,1,1035.0,TQBR
2017-06-29,1090.0,1090.0,1090.0,1090.0,3,3270.0,TQBR
2017-06-30,1050.0,1050.0,1050.0,1050.0,2,2100.0,TQBR
2017-07-03,1055.0,1055.0,1055.0,1055.0,1,1055.0,TQBR
2017-07-05,1060.0,1095.0,1005.0,1025.0,63,64525.0,TQBR
2017-07-06,1075.0,1075.0,1010.0,1020.0,50,51610.0,TQBR
2017-07-07,1010.0,1010.0,975.0,1010.0,63,63275.0,TQBR
2017-07-11,1005.0,1005.0,945.0,975.0,83,80430.0,TQBR
2017-07-12,995.0,1000.0,965.0,975.0,75,73805.0,TQBR
2017-07-17,980.0,980.0,975.0,975.0,5,4885.0,TQBR
2017-07-18,995.0,995.0,995.0,995.0,13,12935.0,TQBR
2017-07-21,955.0,990.0,950.0,990.0,21,20130.0,TQBR
2017-07-25,975.0,975.0,950.0,960.0,70,67145.0,TQBR
2017-07-26,960.0,960.0,960.0,960.0,4,3840.0,TQBR
2017-07-27,950.0,950.0,950.0,950.0,6,5700.0,TQBR
2017-07-28,950.0,975.0,950.0,975.0,7,6675.0,TQBR
2017-07-31,975.0,975.0,975.0,975.0,8,7800.0,TQBR
2017-08-02,970.0,970.0,940.0,940.0,11,10610.0,TQBR
2017-08-07,955.0,980.0,825.0,905.0,115,103645.0,TQBR
2017-08-09,920.0,925.0,915.0,915.0,16,14700.0,TQBR
2017-08-10,945.0,945.0,920.0,920.0,9,8420.0,TQBR
2017-08-11,915.0,915.0,915.0,915.0,4,3660.0,TQBR
2017-08-14,985.0,995.0,905.0,950.0,19,18190.0,TQBR
2017-08-15,910.0,940.0,910.0,935.0,41,37670.0,TQBR
2017-08-17,950.0,965.0,950.0,965.0,25,24105.0,TQBR
2017-08-18,965.0,965.0,965.0,965.0,5,4825.0,TQBR
2017-08-22,985.0,985.0,985.0,985.0,15,14775.0,TQBR
2017-08-24,915.0,920.0,915.0,920.0,10,9180.0,TQBR
2017-08-25,925.0,955.0,910.0,955.0,19,17760.0,TQBR
2017-08-28,910.0,920.0,910.0,910.0,17,15515.0,TQBR
2017-08-29,940.0,940.0,910.0,910.0,39,36095.0,TQBR
2017-08-30,910.0,930.0,780.0,800.0,2856,2344060.0,TQBR
2017-08-31,835.0,850.0,775.0,800.0,383,306745.0,TQBR
2017-09-01,810.0,830.0,790.0,790.0,147,117890.0,TQBR
2017-09-04,810.0,815.0,775.0,795.0,156,122725.0,TQBR
2017-09-05,790.0,790.0,715.0,755.0,527,392735.0,TQBR
2017-09-06,755.0,780.0,745.0,770.0,273,206290.0,TQBR
2017-09-07,770.0,780.0,750.0,775.0,95,72165.0,TQBR
2017-09-08,790.0,790.0,770.0,780.0,85,66080.0,TQBR
2017-09-11,775.0,780.0,775.0,780.0,49,37980.0,TQBR
2017-09-12,775.0,815.0,770.0,800.0,213,166150.0,TQBR
2017-09-13,805.0,805.0,775.0,795.0,104,82305.0,TQBR
2017-09-14,800.0,800.0,800.0,800.0,28,22400.0,TQBR
2017-09-15,800.0,840.0,775.0,790.0,460,370320.0,TQBR
2017-09-18,820.0,820.0,790.0,790.0,29,22965.0,TQBR
2017-09-19,790.0,800.0,765.0,775.0,56,43440.0,TQBR
2017-09-20,780.0,820.0,745.0,765.0,163,124940.0,TQBR
2017-09-21,770.0,780.0,770.0,780.0,5,3870.0,TQBR
2017-09-22,780.0,780.0,715.0,730.0,567,414125.0,TQBR
2017-09-25,735.0,760.0,730.0,735.0,103,76230.0,TQBR
2017-09-26,735.0,740.0,625.0,685.0,1023,694270.0,TQBR
2017-09-27,685.0,700.0,660.0,695.0,177,120115.0,TQBR
2017-09-28,690.0,695.0,690.0,695.0,11,7595.0,TQBR
2017-09-29,685.0,705.0,685.0,705.0,65,45460.0,TQBR
2017-10-02,700.0,705.0,700.0,705.0,6,4205.0,TQBR
2017-10-03,710.0,715.0,700.0,700.0,20,14060.0,TQBR
2017-10-04,700.0,730.0,700.0,720.0,263,188895.0,TQBR
2017-10-05,700.0,710.0,700.0,700.0,8,5610.0,TQBR
2017-10-06,725.0,725.0,725.0,725.0,1,725.0,TQBR
2017-10-09,730.0,730.0,690.0,720.0,415,288215.0,TQBR
2017-10-10,720.0,720.0,685.0,710.0,57,39680.0,TQBR
2017-10-11,705.0,705.0,670.0,700.0,197,134220.0,TQBR
2017-10-12,695.0,715.0,690.0,700.0,17,11840.0,TQBR
2017-10-13,700.0,705.0,690.0,700.0,59,40995.0,TQBR
2017-10-16,695.0,695.0,690.0,690.0,2,1385.0,TQBR
2017-10-17,690.0,720.0,685.0,700.0,371,261695.0,TQBR
2017-10-18,710.0,725.0,705.0,715.0,7,4995.0,TQBR
2017-10-19,700.0,720.0,700.0,720.0,4,2845.0,TQBR
2017-10-20,700.0,720.0,690.0,695.0,162,112695.0,TQBR
2017-10-23,705.0,765.0,685.0,755.0,645,467715.0,TQBR
2017-10-24,745.0,750.0,700.0,735.0,229,163710.0,TQBR
2017-10-25,735.0,745.0,725.0,740.0,61,44615.0,TQBR
2017-10-26,745.0,745.0,725.0,735.0,92,68245.0,TQBR
2017-10-27,730.0,740.0,700.0,730.0,52,37285.0,TQBR
2017-10-30,715.0,740.0,685.0,735.0,148,105545.0,TQBR
2017-10-31,720.0,720.0,700.0,710.0,185,130115.0,TQBR
2017-11-01,705.0,705.0,685.0,705.0,92,64395.0,TQBR
2017-11-02,705.0,715.0,700.0,715.0,180,127545.0,TQBR
2017-11-03,725.0,735.0,715.0,720.0,9,6490.0,TQBR
2017-11-07,720.0,730.0,710.0,725.0,86,62375.0,TQBR
2017-11-08,725.0,745.0,725.0,730.0,38,28005.0,TQBR
2017-11-09,740.0,740.0,740.0,740.0,8,5920.0,TQBR
2017-11-10,740.0,740.0,740.0,740.0,121,89540.0,TQBR
2017-11-13,725.0,745.0,725.0,740.0,4,2950.0,TQBR
2017-11-14,725.0,730.0,720.0,730.0,8,5795.0,TQBR
2017-11-15,735.0,740.0,720.0,730.0,21,15490.0,TQBR
2017-11-16,740.0,745.0,725.0,730.0,111,82240.0,TQBR
2017-11-17,730.0,735.0,725.0,725.0,4,2925.0,TQBR
2017-11-20,730.0,730.0,725.0,725.0,32,23300.0,TQBR
2017-11-21,735.0,765.0,735.0,760.0,597,448240.0,TQBR
2017-11-22,750.0,750.0,720.0,720.0,159,116045.0,TQBR
2017-11-23,720.0,730.0,710.0,725.0,137,98505.0,TQBR
2017-11-24,735.0,750.0,730.0,745.0,64,47205.0,TQBR
2017-11-27,725.0,755.0,725.0,740.0,59,44010.0,TQBR
2017-11-28,740.0,740.0,720.0,740.0,31,22670.0,TQBR
2017-11-29,740.0,1020.0,740.0,915.0,2674,2360610.0,TQBR
2017-11-30,930.0,985.0,785.0,800.0,1023,878410.0,TQBR
2017-12-01,810.0,850.0,800.0,800.0,206,168350.0,TQBR
2017-12-04,805.0,805.0,700.0,740.0,975,718100.0,TQBR
2017-12-05,740.0,745.0,730.0,740.0,89,65550.0,TQBR
2017-12-06,745.0,745.0,690.0,710.0,508,359585.0,TQBR
2017-12-07,705.0,720.0,690.0,695.0,145,101180.0,TQBR
2017-12-08,700.0,700.0,690.0,690.0,59,40970.0,TQBR
2017-12-11,695.0,700.0,690.0,700.0,36,24950.0,TQBR
2017-12-12,705.0,705.0,695.0,700.0,16,11205.0,TQBR
2017-12-13,700.0,700.0,680.0,685.0,81,55510.0,TQBR
2017-12-14,730.0,730.0,690.0,690.0,55,38340.0,TQBR
2017-12-15,700.0,705.0,690.0,705.0,73,50605.0,TQBR
2017-12-18,690.0,725.0,685.0,715.0,112,78655.0,TQBR
2017-12-19,715.0,725.0,685.0,700.0,100,70415.0,TQBR
2017-12-20,695.0,725.0,695.0,725.0,46,32765.0,TQBR
2017-12-21,725.0,730.0,690.0,700.0,133,93250.0,TQBR
2017-12-22,695.0,705.0,690.0,705.0,83,58080.0,TQBR
2017-12-25,710.0,710.0,705.0,705.0,14,9890.0,TQBR
2017-12-26,705.0,705.0,695.0,695.0,57,39825.0,TQBR
2017-12-27,690.0,700.0,685.0,695.0,77,53000.0,TQBR
2017-12-28,685.0,695.0,680.0,695.0,84,57265.0,TQBR
2017-12-29,695.0,695.0,695.0,695.0,6,4170.0,TQBR
2018-01-03,700.0,700.0,700.0,700.0,1,700.0,TQBR
2018-01-04,700.0,700.0,685.0,695.0,15,10370.0,TQBR
2018-01-05,695.0,695.0,695.0,695.0,1,695.0,TQBR
2018-01-09,700.0,750.0,700.0,725.0,563,407110.0,TQBR
2018-01-10,725.0,745.0,705.0,735.0,89,64340.0,TQBR
2018-01-11,745.0,755.0,730.0,740.0,87,64585.0,TQBR
2018-01-12,760.0,770.0,735.0,755.0,251,188320.0,TQBR
2018-01-15,740.0,770.0,740.0,770.0,348,262470.0,TQBR
2018-01-16,770.0,795.0,765.0,775.0,138,107255.0,TQBR
2018-01-17,800.0,810.0,755.0,775.0,140,107335.0,TQBR
2018-01-18,765.0,775.0,755.0,775.0,110,83840.0,TQBR
2018-01-19,760.0,760.0,755.0,760.0,12,9115.0,TQBR
2018-01-22,760.0,760.0,760.0,760.0,6,4560.0,TQBR
2018-01-23,765.0,780.0,730.0,730.0,117,89130.0,TQBR
2018-01-24,750.0,750.0,750.0,750.0,21,15750.0,TQBR
2018-01-25,760.0,765.0,755.0,755.0,6,4560.0,TQBR
2018-01-26,750.0,750.0,725.0,740.0,24,17630.0,TQBR
2018-01-29,735.0,770.0,705.0,770.0,274,200930.0,TQBR
2018-01-30,760.0,770.0,760.0,760.0,24,18390.0,TQBR
2018-01-31,755.0,755.0,685.0,710.0,1150,803380.0,TQBR
2018-02-01,720.0,720.0,710.0,710.0,58,41700.0,TQBR
2018-02-02,710.0,715.0,695.0,710.0,33,23165.0,TQBR
2018-02-05,715.0,715.0,700.0,715.0,38,26760.0,TQBR
2018-02-06,705.0,705.0,700.0,705.0,18,12650.0,TQBR
2018-02-07,700.0,715.0,695.0,715.0,15,10575.0,TQBR
2018-02-12,720.0,720.0,705.0,710.0,8,5680.0,TQBR
2018-02-13,700.0,720.0,700.0,720.0,24,16945.0,TQBR
2018-02-14,710.0,710.0,705.0,705.0,2,1415.0,TQBR
2018-02-16,715.0,715.0,685.0,705.0,29,20320.0,TQBR
2018-02-19,710.0,710.0,700.0,710.0,3,2120.0,TQBR
2018-02-20,710.0,710.0,690.0,705.0,9,6285.0,TQBR
2018-02-21,695.0,785.0,650.0,700.0,323,224110.0,TQBR
2018-02-22,700.0,710.0,700.0,710.0,9,6310.0,TQBR
2018-02-26,700.0,705.0,690.0,700.0,35,24470.0,TQBR
2018-02-27,710.0,715.0,710.0,710.0,32,22800.0,TQBR
2018-02-28,705.0,715.0,700.0,715.0,25,17675.0,TQBR
2018-03-01,700.0,705.0,700.0,705.0,2,1405.0,TQBR
2018-03-02,700.0,710.0,700.0,710.0,24,16885.0,TQBR
2018-03-05,705.0,720.0,705.0,720.0,77,55160.0,TQBR
2018-03-06,705.0,715.0,705.0,710.0,15,10695.0,TQBR
2018-03-07,705.0,715.0,705.0,710.0,54,38230.0,TQBR
2018-03-12,705.0,715.0,700.0,715.0,41,28995.0,TQBR
2018-03-13,715.0,715.0,715.0,715.0,4,2860.0,TQBR
2018-03-14,715.0,715.0,685.0,685.0,57,39780.0,TQBR
2018-03-15,700.0,700.0,700.0,700.0,3,2100.0,TQBR
2018-03-16,710.0,715.0,700.0,715.0,49,34665.0,TQBR
2018-03-19,710.0,710.0,710.0,710.0,1,710.0,TQBR
2018-03-22,710.0,710.0,700.0,700.0,6,4250.0,TQBR
2018-03-23,700.0,700.0,700.0,700.0,3,2100.0,TQBR
2018-03-27,690.0,700.0,690.0,700.0,15,10360.0,TQBR
2018-03-29,705.0,920.0,705.0,790.0,1350,1102030.0,TQBR
2018-03-30,770.0,800.0,750.0,765.0,679,524125.0,TQBR
2018-04-02,770.0,780.0,750.0,750.0,134,102540.0,TQBR
2018-04-03,750.0,750.0,710.0,740.0,246,180340.0,TQBR
2018-04-04,735.0,825.0,735.0,810.0,1497,1167360.0,TQBR
2018-04-05,845.0,860.0,750.0,790.0,1141,896575.0,TQBR
2018-04-06,775.0,805.0,765.0,775.0,407,318250.0,TQBR
2018-04-09,780.0,795.0,730.0,750.0,293,224645.0,TQBR
2018-04-10,750.0,765.0,725.0,745.0,301,224100.0,TQBR
2018-04-11,745.0,785.0,740.0,760.0,217,160865.0,TQBR
2018-04-12,760.0,810.0,755.0,800.0,118,93185.0,TQBR
2018-04-13,820.0,1050.0,790.0,975.0,2671,2518990.0,TQBR
2018-04-16,1035.0,1360.0,725.0,740.0,6136,6025860.0,TQBR
2018-04-17,735.0,750.0,695.0,700.0,3509,2484350.0,TQBR
2018-04-18,710.0,715.0,690.0,705.0,908,637490.0,TQBR
2018-04-19,705.0,705.0,680.0,705.0,278,192155.0,TQBR
2018-04-20,690.0,705.0,680.0,705.0,230,159150.0,TQBR
2018-04-23,690.0,710.0,680.0,690.0,810,558155.0,TQBR
2018-04-24,685.0,695.0,680.0,695.0,139,95625.0,TQBR
2018-04-25,685.0,685.0,670.0,680.0,569,385385.0,TQBR
2018-04-26,675.0,675.0,630.0,650.0,969,624525.0,TQBR
2018-04-27,650.0,715.0,635.0,700.0,2265,1551210.0,TQBR
2018-04-28,700.0,725.0,640.0,640.0,1961,1291435.0,TQBR
2018-04-30,640.0,680.0,640.0,660.0,266,174500.0,TQBR
2018-05-02,670.0,680.0,650.0,670.0,446,294120.0,TQBR
2018-05-03,670.0,675.0,655.0,670.0,43,28665.0,TQBR
2018-05-04,655.0,665.0,645.0,660.0,351,229740.0,TQBR
2018-05-08,650.0,655.0,645.0,655.0,14,9125.0,TQBR
2018-05-10,645.0,655.0,640.0,650.0,119,76880.0,TQBR
2018-05-11,650.0,650.0,640.0,640.0,95,61630.0,TQBR
2018-05-14,635.0,635.0,630.0,630.0,30,18940.0,TQBR
2018-05-15,635.0,650.0,635.0,640.0,30,19320.0,TQBR
2018-05-16,640.0,640.0,640.0,640.0,50,32000.0,TQBR
2018-05-17,645.0,695.0,645.0,655.0,275,183745.0,TQBR
2018-05-18,655.0,665.0,645.0,645.0,47,30715.0,TQBR
2018-05-22,645.0,655.0,645.0,645.0,19,12275.0,TQBR
2018-05-23,635.0,645.0,635.0,645.0,15,9625.0,TQBR
2018-05-24,635.0,655.0,620.0,640.0,156,98385.0,TQBR
2018-05-25,645.0,645.0,630.0,630.0,9,5785.0,TQBR
2018-05-28,635.0,665.0,630.0,650.0,131,86170.0,TQBR
2018-05-29,655.0,680.0,640.0,640.0,205,135995.0,TQBR
2018-05-30,645.0,645.0,640.0,640.0,23,14735.0,TQBR
2018-05-31,640.0,640.0,640.0,640.0,3,1920.0,TQBR
2018-06-01,635.0,635.0,625.0,635.0,78,49080.0,TQBR
2018-06-04,650.0,660.0,640.0,660.0,51,33100.0,TQBR
2018-06-05,635.0,640.0,625.0,625.0,168,106200.0,TQBR
2018-06-06,635.0,650.0,615.0,625.0,272,168955.0,TQBR
2018-06-07,620.0,680.0,620.0,660.0,979,638670.0,TQBR
2018-06-08,660.0,670.0,650.0,660.0,69,45250.0,TQBR
2018-06-09,670.0,670.0,670.0,670.0,1,670.0,TQBR
2018-06-11,665.0,665.0,665.0,665.0,1,665.0,TQBR
2018-06-13,645.0,680.0,640.0,675.0,351,235685.0,TQBR
2018-06-14,670.0,715.0,670.0,715.0,267,187670.0,TQBR
2018-06-15,685.0,700.0,660.0,700.0,733,500160.0,TQBR
2018-06-18,710.0,715.0,710.0,710.0,514,364970.0,TQBR
2018-06-19,715.0,730.0,710.0,710.0,217,156170.0,TQBR
2018-06-20,725.0,725.0,680.0,725.0,28,20205.0,TQBR
2018-06-21,705.0,730.0,705.0,725.0,176,127170.0,TQBR
2018-06-22,725.0,765.0,725.0,750.0,561,418980.0,TQBR
2018-06-25,710.0,755.0,695.0,750.0,350,261645.0,TQBR
2018-06-26,755.0,755.0,750.0,750.0,7,5255.0,TQBR
2018-06-27,750.0,765.0,750.0,755.0,89,67085.0,TQBR
2018-06-28,760.0,840.0,760.0,800.0,255,199570.0,TQBR
2018-06-29,805.0,865.0,800.0,805.0,320,265250.0,TQBR
2018-07-02,805.0,835.0,800.0,800.0,757,607550.0,TQBR
2018-07-03,770.0,785.0,760.0,775.0,23,17805.0,TQBR
2018-07-04,770.0,790.0,770.0,775.0,31,24320.0,TQBR
2018-07-05,810.0,825.0,770.0,780.0,12,9690.0,TQBR
2018-07-06,805.0,805.0,755.0,775.0,18,13885.0,TQBR
2018-07-09,775.0,775.0,755.0,755.0,11,8435.0,TQBR
2018-07-10,765.0,800.0,745.0,765.0,1079,860700.0,TQBR
2018-07-11,760.0,765.0,760.0,765.0,11,8410.0,TQBR
2018-07-12,745.0,765.0,725.0,765.0,109,81400.0,TQBR
2018-07-13,755.0,760.0,755.0,760.0,8,6045.0,TQBR
2018-07-16,740.0,815.0,730.0,815.0,132,103920.0,TQBR
2018-07-17,815.0,815.0,765.0,800.0,16,12650.0,TQBR
2018-07-18,775.0,795.0,770.0,795.0,9,6985.0,TQBR
2018-07-19,790.0,790.0,770.0,770.0,6,4670.0,TQBR
2018-07-24,785.0,800.0,785.0,800.0,4,3180.0,TQBR
2018-07-25,725.0,805.0,720.0,805.0,10,7725.0,TQBR
2018-07-26,755.0,815.0,755.0,785.0,7,5520.0,TQBR
2018-07-27,800.0,810.0,800.0,810.0,4854,3883275.0,TQBR
2018-07-30,770.0,785.0,770.0,785.0,20,15670.0,TQBR
2018-07-31,750.0,785.0,750.0,780.0,9,7025.0,TQBR
2018-08-01,745.0,785.0,745.0,780.0,37,27960.0,TQBR
2018-08-02,770.0,770.0,770.0,770.0,5,3850.0,TQBR
2018-08-03,785.0,785.0,785.0,785.0,2,1570.0,TQBR
2018-08-09,765.0,765.0,760.0,760.0,35,26660.0,TQBR
2018-08-14,735.0,740.0,730.0,735.0,46,33835.0,TQBR
2018-08-15,745.0,765.0,740.0,740.0,17,12660.0,TQBR
2018-08-16,730.0,730.0,730.0,730.0,8,5840.0,TQBR
2018-08-17,735.0,735.0,735.0,735.0,12,8820.0,TQBR
2018-08-20,730.0,730.0,730.0,730.0,33,24090.0,TQBR
2018-08-21,725.0,730.0,720.0,730.0,12,8700.0,TQBR
2018-08-22,730.0,730.0,715.0,725.0,18,12985.0,TQBR
2018-08-24,720.0,725.0,710.0,725.0,19,13555.0,TQBR
2018-08-28,720.0,730.0,695.0,715.0,80,56475.0,TQBR
2018-08-29,695.0,715.0,695.0,705.0,6,4240.0,TQBR
2018-08-30,720.0,720.0,705.0,705.0,23,16325.0,TQBR
2018-08-31,690.0,705.0,690.0,695.0,25,17560.0,TQBR
2018-09-03,695.0,695.0,680.0,690.0,49,33810.0,TQBR
2018-09-04,685.0,685.0,685.0,685.0,1,685.0,TQBR
2018-09-05,690.0,690.0,690.0,690.0,1,690.0,TQBR
2018-09-06,685.0,685.0,685.0,685.0,1,685.0,TQBR
2018-09-07,690.0,690.0,680.0,690.0,4,2745.0,TQBR
2018-09-10,685.0,685.0,680.0,680.0,8,5445.0,TQBR
2018-09-11,680.0,695.0,650.0,680.0,45,30640.0,TQBR
2018-09-12,685.0,685.0,685.0,685.0,2,1370.0,TQBR
2018-09-13,685.0,685.0,680.0,680.0,7,4775.0,TQBR
2018-09-14,675.0,685.0,660.0,685.0,65,43505.0,TQBR
2018-09-17,685.0,685.0,680.0,680.0,4,2730.0,TQBR
2018-09-18,675.0,680.0,670.0,680.0,55,36875.0,TQBR
2018-09-19,665.0,685.0,665.0,680.0,31,20915.0,TQBR
2018-09-20,665.0,680.0,665.0,670.0,22,14750.0,TQBR
2018-09-21,685.0,690.0,665.0,675.0,15,10095.0,TQBR
2018-09-24,665.0,710.0,665.0,700.0,68,47070.0,TQBR
2018-09-25,665.0,710.0,660.0,695.0,61,41765.0,TQBR
2018-09-26,680.0,685.0,675.0,685.0,13,8790.0,TQBR
2018-09-27,680.0,690.0,630.0,675.0,366,240805.0,TQBR
2018-09-28,695.0,700.0,660.0,660.0,63,42895.0,TQBR
2018-10-01,690.0,905.0,680.0,685.0,4395,3432355.0,TQBR
2018-10-02,705.0,850.0,700.0,750.0,3771,2876660.0,TQBR
2018-10-03,740.0,750.0,685.0,735.0,927,657100.0,TQBR
2018-10-04,715.0,760.0,710.0,735.0,387,283750.0,TQBR
2018-10-05,720.0,745.0,690.0,735.0,341,244095.0,TQBR
2018-10-08,765.0,765.0,730.0,745.0,69,51875.0,TQBR
2018-10-09,720.0,760.0,715.0,740.0,43,31275.0,TQBR
2018-10-10,700.0,740.0,700.0,725.0,66,47585.0,TQBR
2018-10-11,730.0,730.0,705.0,715.0,71,51530.0,TQBR
2018-10-12,730.0,735.0,705.0,710.0,29,20695.0,TQBR
2018-10-15,705.0,715.0,700.0,710.0,12,8475.0,TQBR
2018-10-16,725.0,725.0,705.0,715.0,24,17205.0,TQBR
2018-10-17,700.0,720.0,690.0,710.0,208,145590.0,TQBR
2018-10-18,700.0,705.0,690.0,705.0,32,22275.0,TQBR
2018-10-19,700.0,720.0,695.0,695.0,37,26020.0,TQBR
2018-10-22,705.0,715.0,685.0,690.0,98,68050.0,TQBR
2018-10-23,700.0,765.0,700.0,750.0,365,271380.0,TQBR
2018-10-24,745.0,810.0,730.0,795.0,244,189950.0,TQBR
2018-10-25,825.0,825.0,740.0,765.0,80,60525.0,TQBR
2018-10-26,810.0,810.0,740.0,755.0,20,15035.0,TQBR
2018-10-29,700.0,805.0,700.0,795.0,455,360765.0,TQBR
2018-10-30,790.0,790.0,780.0,780.0,10,7810.0,TQBR
2018-10-31,785.0,840.0,780.0,815.0,313,259615.0,TQBR
2018-11-01,760.0,814.0,756.0,798.0,32,25260.0,TQBR
2018-11-02,794.0,796.0,774.0,792.0,11,8692.0,TQBR
2018-11-06,800.0,800.0,780.0,790.0,10,7874.0,TQBR
2018-11-07,762.0,788.0,756.0,788.0,20,15278.0,TQBR
2018-11-08,774.0,788.0,772.0,788.0,14,10932.0,TQBR
2018-11-12,800.0,800.0,756.0,774.0,26,20212.0,TQBR
2018-11-13,758.0,800.0,758.0,800.0,75,59406.0,TQBR
2018-11-14,794.0,796.0,768.0,778.0,32,25136.0,TQBR
2018-11-15,818.0,834.0,764.0,764.0,98,78074.0,TQBR
2018-11-16,786.0,808.0,780.0,798.0,16,12684.0,TQBR
2018-11-19,808.0,808.0,764.0,794.0,80,63220.0,TQBR
2018-11-20,768.0,810.0,768.0,770.0,9,7094.0,TQBR
2018-11-21,798.0,804.0,764.0,776.0,74,58894.0,TQBR
2018-11-22,774.0,798.0,774.0,782.0,6,4708.0,TQBR
2018-11-23,794.0,798.0,770.0,796.0,17,13360.0,TQBR
2018-11-26,744.0,1090.0,738.0,784.0,806,661720.0,TQBR
2018-11-27,750.0,788.0,750.0,778.0,20,15546.0,TQBR
2018-11-28,832.0,832.0,752.0,762.0,21,16250.0,TQBR
2018-11-29,816.0,816.0,758.0,766.0,11,8476.0,TQBR
2018-11-30,760.0,760.0,758.0,758.0,3,2278.0,TQBR
2018-12-03,780.0,780.0,758.0,772.0,67,51426.0,TQBR
2018-12-04,758.0,782.0,756.0,758.0,99,75858.0,TQBR
2018-12-05,782.0,784.0,756.0,778.0,119,91510.0,TQBR
2018-12-06,758.0,778.0,754.0,764.0,107,81576.0,TQBR
2018-12-07,768.0,778.0,756.0,770.0,68,51934.0,TQBR
2018-12-10,762.0,774.0,760.0,762.0,29,22264.0,TQBR
2018-12-11,760.0,774.0,760.0,762.0,8,6166.0,TQBR
2018-12-12,760.0,776.0,754.0,754.0,29,22030.0,TQBR
2018-12-13,778.0,778.0,754.0,772.0,87,66366.0,TQBR
2018-12-14,756.0,772.0,756.0,758.0,26,19768.0,TQBR
2018-12-17,754.0,766.0,754.0,756.0,57,43306.0,TQBR
2018-12-18,754.0,760.0,754.0,754.0,28,21132.0,TQBR
2018-12-19,756.0,756.0,746.0,746.0,75,56220.0,TQBR
2018-12-20,744.0,748.0,724.0,742.0,24,17652.0,TQBR
2018-12-21,734.0,738.0,724.0,738.0,25,18312.0,TQBR
2018-12-24,744.0,744.0,718.0,730.0,46,33502.0,TQBR
2018-12-25,716.0,726.0,716.0,726.0,13,9318.0,TQBR
2018-12-26,712.0,716.0,710.0,716.0,34,24154.0,TQBR
2018-12-27,714.0,718.0,706.0,718.0,62,43924.0,TQBR
2018-12-28,706.0,716.0,702.0,716.0,28,19924.0,TQBR
2018-12-29,714.0,716.0,710.0,714.0,211,150256.0,TQBR
2019-01-03,720.0,730.0,698.0,730.0,130,93646.0,TQBR
2019-01-04,744.0,744.0,730.0,736.0,4,2940.0,TQBR
2019-01-08,732.0,742.0,730.0,732.0,15,10980.0,TQBR
2019-01-09,732.0,734.0,732.0,732.0,13,9518.0,TQBR
2019-01-10,732.0,734.0,732.0,734.0,5,3664.0,TQBR
2019-01-11,746.0,748.0,736.0,740.0,88,65610.0,TQBR
2019-01-14,742.0,748.0,732.0,734.0,55,40646.0,TQBR
2019-01-15,740.0,748.0,734.0,734.0,159,117758.0,TQBR
2019-01-16,744.0,746.0,742.0,744.0,38,28278.0,TQBR
2019-01-17,738.0,742.0,738.0,742.0,3,2218.0,TQBR
2019-01-18,738.0,744.0,738.0,744.0,3,2224.0,TQBR
2019-01-21,734.0,738.0,732.0,738.0,36,26448.0,TQBR
2019-01-22,734.0,734.0,724.0,732.0,113,82318.0,TQBR
2019-01-23,738.0,738.0,734.0,734.0,37,27226.0,TQBR
2019-01-24,738.0,740.0,732.0,740.0,38,27998.0,TQBR
2019-01-25,734.0,740.0,734.0,740.0,9,6636.0,TQBR
2019-01-28,734.0,740.0,732.0,732.0,18,13200.0,TQBR
2019-01-29,738.0,740.0,738.0,740.0,36,26636.0,TQBR
2019-01-30,748.0,748.0,730.0,734.0,36,26396.0,TQBR
2019-01-31,738.0,738.0,724.0,736.0,13,9552.0,TQBR
2019-02-01,736.0,736.0,709.0,722.0,24,17346.0,TQBR
2019-02-04,732.0,735.0,732.0,732.0,16,11719.0,TQBR
2019-02-05,733.0,735.0,732.0,732.0,18,13180.0,TQBR
2019-02-06,733.0,735.0,721.0,732.0,110,79957.0,TQBR
2019-02-07,732.0,734.0,732.0,732.0,10,7324.0,TQBR
2019-02-08,734.0,735.0,732.0,732.0,14,10272.0,TQBR
2019-02-11,733.0,733.0,721.0,732.0,65,47551.0,TQBR
2019-02-12,738.0,738.0,732.0,738.0,67,49348.0,TQBR
2019-02-13,732.0,737.0,732.0,737.0,138,101112.0,TQBR
2019-02-14,737.0,737.0,732.0,732.0,28,20537.0,TQBR
2019-02-15,733.0,733.0,733.0,733.0,2,1466.0,TQBR
2019-02-18,733.0,733.0,732.0,732.0,8,5862.0,TQBR
2019-02-19,732.0,733.0,732.0,732.0,24,17576.0,TQBR
2019-02-20,733.0,733.0,731.0,733.0,80,58559.0,TQBR
2019-02-21,732.0,737.0,729.0,730.0,332,242359.0,TQBR
2019-02-22,732.0,732.0,731.0,731.0,11,8051.0,TQBR
2019-02-25,737.0,737.0,730.0,731.0,30,21935.0,TQBR
2019-02-26,730.0,732.0,704.0,730.0,22,15856.0,TQBR
2019-02-27,726.0,726.0,726.0,726.0,1,726.0,TQBR
2019-02-28,729.0,729.0,729.0,729.0,1,729.0,TQBR
2019-03-01,733.0,734.0,714.0,734.0,54,39196.0,TQBR
2019-03-04,697.0,737.0,697.0,737.0,528,385121.0,TQBR
2019-03-05,738.0,840.0,732.0,744.0,19,14362.0,TQBR
2019-03-06,729.0,745.0,729.0,740.0,33,24304.0,TQBR
2019-03-11,745.0,757.0,736.0,737.0,20,14931.0,TQBR
2019-03-12,755.0,755.0,736.0,736.0,21,15657.0,TQBR
2019-03-13,765.0,776.0,736.0,741.0,195,145592.0,TQBR
2019-03-14,744.0,744.0,736.0,737.0,14,10362.0,TQBR
2019-03-15,742.0,743.0,739.0,741.0,12,8904.0,TQBR
2019-03-18,742.0,743.0,738.0,738.0,5,3709.0,TQBR
2019-03-19,737.0,742.0,737.0,741.0,25,18513.0,TQBR
2019-03-20,736.0,742.0,735.0,735.0,503,369747.0,TQBR
2019-03-21,743.0,745.0,743.0,745.0,91,67686.0,TQBR
2019-03-22,745.0,745.0,740.0,740.0,6,4455.0,TQBR
2019-03-26,736.0,736.0,735.0,735.0,151,110988.0,TQBR
2019-03-27,735.0,740.0,735.0,740.0,12,8836.0,TQBR
2019-03-28,735.0,735.0,732.0,732.0,3,2199.0,TQBR
2019-03-29,739.0,740.0,731.0,731.0,16,11769.0,TQBR
2019-04-01,732.0,738.0,732.0,738.0,4,2946.0,TQBR
2019-04-02,726.0,737.0,726.0,737.0,4,2936.0,TQBR
2019-04-03,732.0,735.0,732.0,735.0,6,4407.0,TQBR
2019-04-04,729.0,744.0,729.0,743.0,27,19947.0,TQBR
2019-04-05,731.0,731.0,731.0,731.0,1,731.0,TQBR
2019-04-08,732.0,742.0,730.0,731.0,20,14676.0,TQBR
2019-04-09,730.0,730.0,730.0,730.0,28,20440.0,TQBR
2019-04-11,740.0,744.0,740.0,741.0,45,33407.0,TQBR
2019-04-12,741.0,743.0,740.0,743.0,39,28885.0,TQBR
2019-04-15,777.0,777.0,610.0,740.0,523,378317.0,TQBR
2019-04-16,745.0,745.0,740.0,740.0,35,25938.0,TQBR
2019-04-17,743.0,744.0,740.0,741.0,17,12615.0,TQBR
2019-04-19,743.0,743.0,742.0,743.0,23,17074.0,TQBR
2019-04-22,743.0,745.0,740.0,740.0,7,5188.0,TQBR
2019-04-23,741.0,744.0,740.0,743.0,32,23754.0,TQBR
2019-04-24,744.0,745.0,740.0,741.0,98,72746.0,TQBR
2019-04-25,740.0,744.0,740.0,744.0,21,15615.0,TQBR
2019-04-26,744.0,744.0,741.0,741.0,8,5934.0,TQBR
2019-04-29,740.0,789.0,740.0,744.0,266,200320.0,TQBR
2019-04-30,745.0,745.0,740.0,741.0,10,7422.0,TQBR
2019-05-03,762.0,781.0,713.0,776.0,55,41643.0,TQBR
2019-05-06,714.0,745.0,703.0,738.0,60,44227.0,TQBR
2019-05-07,748.0,748.0,748.0,748.0,1,748.0,TQBR
2019-05-08,739.0,749.0,739.0,742.0,68,50569.0,TQBR
2019-05-10,712.0,774.0,712.0,750.0,55,41176.0,TQBR
2019-05-13,750.0,755.0,750.0,755.0,30,22600.0,TQBR
2019-05-14,750.0,760.0,750.0,760.0,38,28715.0,TQBR
2019-05-15,750.0,759.0,745.0,750.0,111,83041.0,TQBR
2019-05-16,772.0,772.0,745.0,759.0,120,90155.0,TQBR
2019-05-17,747.0,757.0,745.0,749.0,100,74747.0,TQBR
2019-05-20,736.0,766.0,736.0,750.0,162,120664.0,TQBR
2019-05-21,750.0,755.0,749.0,750.0,80,60189.0,TQBR
2019-05-22,749.0,754.0,749.0,754.0,45,33774.0,TQBR
2019-05-23,750.0,756.0,750.0,756.0,74,55724.0,TQBR
2019-05-24,749.0,755.0,749.0,755.0,72,54214.0,TQBR
2019-05-27,755.0,755.0,752.0,753.0,7,5272.0,TQBR
2019-05-28,749.0,759.0,749.0,752.0,76,57241.0,TQBR
2019-05-29,755.0,755.0,751.0,754.0,3,2260.0,TQBR
2019-05-30,750.0,755.0,748.0,755.0,65,48837.0,TQBR
2019-05-31,751.0,760.0,751.0,760.0,53,40044.0,TQBR
2019-06-03,755.0,784.0,730.0,758.0,255,191854.0,TQBR
2019-06-04,752.0,754.0,752.0,754.0,2,1506.0,TQBR
2019-06-05,755.0,755.0,747.0,751.0,13,9753.0,TQBR
2019-06-06,755.0,755.0,742.0,747.0,11,8247.0,TQBR
2019-06-07,748.0,755.0,746.0,750.0,76,57108.0,TQBR
2019-06-10,750.0,758.0,747.0,758.0,100,75201.0,TQBR
2019-06-11,755.0,755.0,755.0,755.0,17,12835.0,TQBR
2019-06-13,767.0,767.0,749.0,767.0,15,11445.0,TQBR
2019-06-14,760.0,764.0,757.0,764.0,23,17486.0,TQBR
2019-06-17,767.0,772.0,763.0,764.0,67,51633.0,TQBR
2019-06-18,783.0,783.0,763.0,763.0,22,16949.0,TQBR
2019-06-19,774.0,779.0,757.0,757.0,176,133992.0,TQBR
2019-06-20,750.0,760.0,749.0,756.0,60,45320.0,TQBR
2019-06-21,758.0,758.0,744.0,755.0,38,28481.0,TQBR
2019-06-24,759.0,762.0,759.0,762.0,7,5322.0,TQBR
2019-06-25,759.0,759.0,739.0,749.0,28,20962.0,TQBR
2019-06-26,739.0,779.0,736.0,747.0,243,184048.0,TQBR
2019-06-27,778.0,778.0,756.0,756.0,34,26083.0,TQBR
2019-06-28,776.0,779.0,750.0,752.0,92,70300.0,TQBR
2019-07-01,748.0,774.0,739.0,756.0,86,64903.0,TQBR
2019-07-02,758.0,775.0,758.0,758.0,25,19220.0,TQBR
2019-07-03,750.0,778.0,750.0,756.0,99,75159.0,TQBR
2019-07-04,776.0,780.0,760.0,760.0,94,72802.0,TQBR
2019-07-05,779.0,792.0,772.0,779.0,247,193068.0,TQBR
2019-07-08,781.0,781.0,763.0,777.0,27,20871.0,TQBR
2019-07-09,774.0,775.0,767.0,767.0,40,30745.0,TQBR
2019-07-10,787.0,1074.0,769.0,1074.0,1825,1780505.0,TQBR
2019-07-11,1181.0,1502.0,1011.0,1030.0,9331,12137931.0,TQBR
2019-07-12,1089.0,1115.0,905.0,909.0,1301,1272153.0,TQBR
2019-07-15,928.0,947.0,844.0,887.0,874,771684.0,TQBR
2019-07-16,895.0,1241.0,832.0,1035.0,10629,12053552.0,TQBR
2019-07-17,1067.0,1282.0,1067.0,1192.0,4663,5508481.0,TQBR
2019-07-18,1250.0,1368.0,1106.0,1156.0,2396,2884557.0,TQBR
2019-07-19,1187.0,1187.0,1050.0,1094.0,1606,1785698.0,TQBR
2019-07-22,1119.0,1135.0,927.0,1015.0,1673,1728733.0,TQBR
2019-07-23,1032.0,1102.0,962.0,994.0,869,894101.0,TQBR
2019-07-24,1007.0,1152.0,1000.0,1095.0,1861,2035936.0,TQBR
2019-07-25,1134.0,1136.0,1020.0,1046.0,1082,1145052.0,TQBR
2019-07-26,1054.0,1102.0,1042.0,1050.0,679,727209.0,TQBR
2019-07-29,1027.0,1062.0,1005.0,1011.0,484,501455.0,TQBR
2019-07-30,1055.0,1055.0,958.0,1006.0,781,787567.0,TQBR
2019-07-31,1000.0,1129.0,980.0,1039.0,1933,2026910.0,TQBR
2019-08-01,1033.0,1098.0,1002.0,1035.0,834,868456.0,TQBR
2019-08-02,1064.0,1066.0,992.0,1000.0,224,226208.0,TQBR
2019-08-05,1025.0,1025.0,998.0,1010.0,226,227007.0,TQBR
2019-08-06,1014.0,1044.0,960.0,968.0,1358,1349351.0,TQBR
2019-08-07,962.0,985.0,957.0,968.0,162,157188.0,TQBR
2019-08-08,977.0,977.0,925.0,933.0,449,424959.0,TQBR
2019-08-09,928.0,946.0,900.0,900.0,365,333902.0,TQBR
2019-08-12,897.0,905.0,761.0,846.0,535,461716.0,TQBR
2019-08-13,849.0,852.0,762.0,832.0,607,485817.0,TQBR
2019-08-14,810.0,838.0,810.0,817.0,531,434545.0,TQBR
2019-08-15,832.0,834.0,811.0,834.0,63,52014.0,TQBR
2019-08-16,826.0,841.0,812.0,825.0,36,29543.0,TQBR
2019-08-19,834.0,835.0,795.0,815.0,112,91267.0,TQBR
2019-08-20,812.0,813.0,801.0,808.0,61,49199.0,TQBR
2019-08-21,810.0,824.0,805.0,807.0,103,84101.0,TQBR
2019-08-22,825.0,1037.0,814.0,985.0,2355,2279622.0,TQBR
2019-08-23,1016.0,1069.0,935.0,974.0,1164,1149736.0,TQBR
2019-08-26,969.0,1035.0,898.0,919.0,1942,1874053.0,TQBR
2019-08-27,936.0,946.0,915.0,915.0,326,304547.0,TQBR
2019-08-28,909.0,926.0,908.0,915.0,82,75036.0,TQBR
2019-08-29,934.0,935.0,913.0,916.0,55,50787.0,TQBR
2019-08-30,925.0,1035.0,915.0,926.0,2058,1989004.0,TQBR
2019-09-02,926.0,972.0,912.0,938.0,824,775542.0,TQBR
2019-09-03,919.0,974.0,918.0,929.0,336,314059.0,TQBR
2019-09-04,969.0,969.0,922.0,935.0,315,295107.0,TQBR
2019-09-05,946.0,951.0,935.0,940.0,89,83955.0,TQBR
2019-09-06,945.0,945.0,932.0,932.0,42,39664.0,TQBR
2019-09-09,949.0,950.0,931.0,932.0,102,95397.0,TQBR
2019-09-10,929.0,932.0,921.0,923.0,94,86848.0,TQBR
2019-09-11,920.0,922.0,889.0,911.0,329,298288.0,TQBR
2019-09-12,909.0,928.0,897.0,903.0,95,86727.0,TQBR
2019-09-13,898.0,919.0,890.0,902.0,103,93165.0,TQBR
2019-09-16,899.0,916.0,893.0,894.0,107,96664.0,TQBR
2019-09-17,900.0,909.0,893.0,904.0,27,24365.0,TQBR
2019-09-18,896.0,915.0,894.0,895.0,51,45850.0,TQBR
2019-09-19,890.0,890.0,880.0,880.0,25,22069.0,TQBR
2019-09-20,881.0,905.0,880.0,902.0,57,50614.0,TQBR
2019-09-23,884.0,907.0,881.0,900.0,37,33277.0,TQBR
2019-09-24,911.0,911.0,888.0,888.0,14,12496.0,TQBR
2019-09-25,887.0,889.0,845.0,860.0,246,214713.0,TQBR
2019-09-26,863.0,870.0,852.0,857.0,88,75888.0,TQBR
2019-09-27,853.0,883.0,853.0,877.0,72,62811.0,TQBR
2019-09-30,886.0,913.0,876.0,883.0,180,160912.0,TQBR
2019-10-01,890.0,900.0,878.0,878.0,34,30213.0,TQBR
2019-10-02,885.0,964.0,871.0,884.0,305,273165.0,TQBR
2019-10-03,890.0,899.0,853.0,862.0,39,34346.0,TQBR
2019-10-04,889.0,890.0,865.0,865.0,17,15074.0,TQBR
2019-10-07,864.0,885.0,864.0,865.0,18,15665.0,TQBR
2019-10-08,865.0,890.0,732.0,889.0,104,85223.0,TQBR
2019-10-09,859.0,883.0,858.0,877.0,100,86851.0,TQBR
2019-10-10,883.0,883.0,861.0,863.0,77,67019.0,TQBR
2019-10-11,852.0,878.0,850.0,850.0,63,54282.0,TQBR
2019-10-14,850.0,861.0,848.0,849.0,125,106294.0,TQBR
2019-10-15,847.0,847.0,818.0,824.0,165,136747.0,TQBR
2019-10-16,830.0,830.0,815.0,825.0,35,28722.0,TQBR
2019-10-17,849.0,1000.0,825.0,863.0,3812,3495797.0,TQBR
2019-10-18,861.0,869.0,850.0,858.0,218,187587.0,TQBR
2019-10-21,851.0,857.0,841.0,854.0,109,92260.0,TQBR
2019-10-22,868.0,868.0,851.0,858.0,50,42893.0,TQBR
2019-10-23,861.0,879.0,841.0,841.0,92,78822.0,TQBR
2019-10-24,853.0,878.0,848.0,859.0,445,383838.0,TQBR
2019-10-25,851.0,888.0,850.0,861.0,352,303228.0,TQBR
2019-10-28,848.0,909.0,841.0,851.0,192,165651.0,TQBR
2019-10-29,843.0,857.0,840.0,850.0,67,57023.0,TQBR
2019-10-30,880.0,883.0,851.0,864.0,157,134755.0,TQBR
2019-10-31,854.0,867.0,851.0,863.0,19,16251.0,TQBR
2019-11-01,856.0,856.0,853.0,853.0,49,41838.0,TQBR
2019-11-05,841.0,855.0,835.0,843.0,90,75670.0,TQBR
2019-11-06,840.0,856.0,840.0,842.0,109,92670.0,TQBR
2019-11-07,857.0,858.0,842.0,844.0,68,57739.0,TQBR
2019-11-08,844.0,853.0,841.0,842.0,54,45679.0,TQBR
2019-11-11,858.0,858.0,840.0,840.0,58,48973.0,TQBR
2019-11-12,842.0,842.0,828.0,835.0,134,111614.0,TQBR
2019-11-13,830.0,840.0,830.0,840.0,52,43252.0,TQBR
2019-11-14,831.0,885.0,831.0,831.0,130,111171.0,TQBR
2019-11-15,828.0,844.0,820.0,827.0,67,55934.0,TQBR
2019-11-18,857.0,859.0,830.0,842.0,65,54729.0,TQBR
2019-11-19,841.0,842.0,827.0,838.0,71,59413.0,TQBR
2019-11-20,827.0,840.0,825.0,840.0,94,78438.0,TQBR
2019-11-21,829.0,839.0,826.0,826.0,68,56591.0,TQBR
2019-11-22,824.0,839.0,820.0,823.0,93,76993.0,TQBR
2019-11-25,841.0,842.0,821.0,823.0,118,98107.0,TQBR
2019-11-26,818.0,839.0,818.0,825.0,126,104721.0,TQBR
2019-11-27,842.0,855.0,823.0,840.0,711,597066.0,TQBR
2019-11-28,839.0,839.0,819.0,831.0,139,115124.0,TQBR
2019-11-29,838.0,841.0,832.0,832.0,98,81968.0,TQBR
2019-12-02,840.0,840.0,821.0,821.0,453,375488.0,TQBR
2019-12-03,836.0,836.0,807.0,820.0,184,151416.0,TQBR
2019-12-04,793.0,835.0,793.0,812.0,481,396051.0,TQBR
2019-12-05,827.0,874.0,806.0,811.0,890,734322.0,TQBR
2019-12-06,813.0,820.0,806.0,813.0,318,259311.0,TQBR
2019-12-09,870.0,870.0,811.0,817.0,627,515480.0,TQBR
2019-12-10,832.0,832.0,794.0,802.0,805,651048.0,TQBR
2019-12-11,809.0,809.0,798.0,798.0,374,300593.0,TQBR
2019-12-12,824.0,824.0,795.0,796.0,693,557982.0,TQBR
2019-12-13,824.0,824.0,795.0,795.0,591,473564.0,TQBR
2019-12-16,799.0,799.0,787.0,790.0,253,200181.0,TQBR
2019-12-17,794.0,794.0,780.0,786.0,232,182880.0,TQBR
2019-12-18,789.0,795.0,783.0,789.0,395,311365.0,TQBR
2019-12-19,789.0,791.0,783.0,785.0,608,478933.0,TQBR
2019-12-20,781.0,789.0,778.0,782.0,171,133828.0,TQBR
2019-12-23,789.0,805.0,779.0,779.0,356,279557.0,TQBR
2019-12-24,780.0,780.0,767.0,770.0,227,175561.0,TQBR
2019-12-25,775.0,775.0,766.0,769.0,68,52240.0,TQBR
2019-12-26,758.0,776.0,757.0,772.0,138,106113.0,TQBR
2019-12-27,759.0,772.0,748.0,766.0,497,377756.0,TQBR
2019-12-30,767.0,806.0,747.0,767.0,509,392293.0,TQBR
2020-01-03,787.0,946.0,774.0,880.0,4427,3854928.0,TQBR
2020-01-06,880.0,984.0,833.0,861.0,2725,2419855.0,TQBR
2020-01-08,890.0,891.0,838.0,860.0,875,754758.0,TQBR
2020-01-09,863.0,865.0,826.0,864.0,147,124040.0,TQBR
2020-01-10,866.0,866.0,824.0,856.0,156,131041.0,TQBR
2020-01-13,831.0,862.0,830.0,841.0,177,150860.0,TQBR
2020-01-14,850.0,856.0,806.0,821.0,673,552025.0,TQBR
2020-01-15,813.0,823.0,790.0,803.0,571,462234.0,TQBR
2020-01-16,793.0,821.0,793.0,821.0,1137,926651.0,TQBR
2020-01-17,821.0,832.0,802.0,825.0,273,223819.0,TQBR
2020-01-20,825.0,862.0,817.0,845.0,562,475708.0,TQBR
2020-01-21,831.0,862.0,831.0,842.0,207,174880.0,TQBR
2020-01-22,860.0,860.0,845.0,849.0,211,179938.0,TQBR
2020-01-23,839.0,855.0,820.0,829.0,314,261541.0,TQBR
2020-01-24,829.0,847.0,828.0,841.0,85,71171.0,TQBR
2020-01-27,814.0,854.0,802.0,821.0,327,271191.0,TQBR
2020-01-28,821.0,1036.0,820.0,976.0,27388,26440922.0,TQBR
2020-01-29,979.0,997.0,910.0,919.0,4613,4369929.0,TQBR
2020-01-30,920.0,920.0,850.0,908.0,3183,2842184.0,TQBR
2020-01-31,927.0,930.0,902.0,915.0,825,756442.0,TQBR
2020-02-03,915.0,915.0,888.0,894.0,317,285583.0,TQBR
2020-02-04,908.0,908.0,876.0,884.0,204,180708.0,TQBR
2020-02-05,915.0,984.0,885.0,905.0,2676,2515320.0,TQBR
2020-02-06,920.0,1085.0,908.0,975.0,7792,7765089.0,TQBR
2020-02-07,985.0,1145.0,985.0,1016.0,5211,5491128.0,TQBR
2020-02-10,1016.0,1032.0,991.0,1000.0,726,731163.0,TQBR
2020-02-11,1000.0,1030.0,967.0,983.0,499,496848.0,TQBR
2020-02-12,1019.0,1019.0,970.0,979.0,259,254466.0,TQBR
2020-02-13,1009.0,1019.0,951.0,986.0,687,681467.0,TQBR
2020-02-14,977.0,1007.0,971.0,981.0,373,368187.0,TQBR
2020-02-17,965.0,1004.0,965.0,996.0,239,236934.0,TQBR
2020-02-18,992.0,999.0,983.0,999.0,202,200363.0,TQBR
2020-02-19,1015.0,1018.0,977.0,990.0,221,220089.0,TQBR
2020-02-20,991.0,1010.0,978.0,1002.0,362,359344.0,TQBR
2020-02-21,1007.0,1049.0,990.0,1005.0,830,841896.0,TQBR
2020-02-25,985.0,1015.0,957.0,986.0,240,238302.0,TQBR
2020-02-26,975.0,987.0,915.0,937.0,714,675236.0,TQBR
2020-02-27,955.0,1050.0,861.0,940.0,1013,972837.0,TQBR
2020-02-28,870.0,920.0,804.0,863.0,702,599922.0,TQBR
2020-03-02,878.0,948.0,841.0,869.0,522,457611.0,TQBR
2020-03-03,940.0,940.0,889.0,898.0,105,94388.0,TQBR
2020-03-04,881.0,1042.0,873.0,990.0,2774,2680630.0,TQBR
2020-03-05,990.0,1020.0,945.0,977.0,451,440923.0,TQBR
2020-03-06,997.0,998.0,881.0,892.0,1227,1130608.0,TQBR
2020-03-10,806.0,883.0,740.0,815.0,417,346360.0,TQBR
2020-03-11,860.0,894.0,805.0,826.0,257,214896.0,TQBR
2020-03-12,756.0,842.0,670.0,680.0,1020,754813.0,TQBR
2020-03-13,729.0,739.0,688.0,710.0,276,199022.0,TQBR
2020-03-16,684.0,722.0,620.0,669.0,852,563685.0,TQBR
2020-03-17,720.0,720.0,650.0,657.0,193,133503.0,TQBR
2020-03-18,671.0,690.0,555.0,670.0,599,379717.0,TQBR
2020-03-19,698.0,698.0,657.0,672.0,140,95059.0,TQBR
2020-03-20,701.0,898.0,684.0,880.0,2764,2257454.0,TQBR
2020-03-23,819.0,918.0,728.0,843.0,831,690958.0,TQBR
2020-03-24,864.0,873.0,809.0,829.0,463,384630.0,TQBR
2020-03-25,872.0,960.0,727.0,740.0,3564,2744123.0,TQBR
2020-03-26,745.0,769.0,730.0,750.0,1982,1478633.0,TQBR
2020-03-27,767.0,767.0,717.0,718.0,354,258204.0,TQBR
2020-03-30,725.0,725.0,705.0,707.0,493,350516.0,TQBR
2020-03-31,713.0,746.0,713.0,720.0,273,197056.0,TQBR
2020-04-01,728.0,728.0,694.0,714.0,456,321639.0,TQBR
2020-04-02,718.0,731.0,714.0,720.0,514,372264.0,TQBR
2020-04-03,720.0,780.0,720.0,760.0,2472,1870874.0,TQBR
2020-04-06,750.0,810.0,740.0,761.0,1656,1283779.0,TQBR
2020-04-07,753.0,780.0,752.0,764.0,266,204245.0,TQBR
2020-04-08,752.0,771.0,720.0,771.0,429,322081.0,TQBR
2020-04-09,758.0,805.0,758.0,783.0,753,587869.0,TQBR
2020-04-10,773.0,782.0,756.0,773.0,962,738197.0,TQBR
2020-04-13,765.0,772.0,752.0,769.0,256,195026.0,TQBR
2020-04-14,776.0,780.0,746.0,760.0,434,327050.0,TQBR
2020-04-15,752.0,755.0,723.0,723.0,600,443953.0,TQBR
2020-04-16,728.0,747.0,724.0,735.0,114,83828.0,TQBR
2020-04-17,747.0,776.0,715.0,730.0,1565,1168768.0,TQBR
2020-04-20,732.0,750.0,728.0,732.0,69,50913.0,TQBR
2020-04-21,736.0,736.0,702.0,703.0,360,255762.0,TQBR
2020-04-22,702.0,725.0,695.0,723.0,558,395306.0,TQBR
2020-04-23,737.0,737.0,711.0,721.0,222,159233.0,TQBR
2020-04-24,721.0,721.0,706.0,712.0,169,120254.0,TQBR
2020-04-27,709.0,718.0,700.0,711.0,192,136501.0,TQBR
2020-04-28,700.0,714.0,699.0,714.0,122,86641.0,TQBR
2020-04-29,738.0,738.0,719.0,726.0,203,147234.0,TQBR
2020-04-30,740.0,740.0,727.0,730.0,236,173602.0,TQBR
2020-05-04,721.0,735.0,720.0,731.0,126,91823.0,TQBR
2020-05-05,741.0,741.0,730.0,740.0,336,248047.0,TQBR
2020-05-06,729.0,743.0,726.0,741.0,58,42746.0,TQBR
2020-05-07,750.0,765.0,741.0,754.0,342,257841.0,TQBR
2020-05-08,740.0,755.0,723.0,750.0,54,40140.0,TQBR
2020-05-12,751.0,751.0,740.0,745.0,37,27560.0,TQBR
2020-05-13,733.0,742.0,733.0,737.0,40,29561.0,TQBR
2020-05-14,750.0,750.0,717.0,717.0,157,113845.0,TQBR
2020-05-15,711.0,721.0,710.0,715.0,269,192428.0,TQBR
2020-05-18,714.0,824.0,714.0,741.0,1983,1513747.0,TQBR
2020-05-19,751.0,793.0,736.0,749.0,416,314563.0,TQBR
2020-05-20,734.0,753.0,734.0,753.0,64,47897.0,TQBR
2020-05-21,744.0,756.0,744.0,749.0,76,56815.0,TQBR
2020-05-22,753.0,753.0,750.0,751.0,154,115714.0,TQBR
2020-05-25,749.0,767.0,749.0,760.0,74,55679.0,TQBR
2020-05-26,768.0,779.0,751.0,766.0,243,186443.0,TQBR
2020-05-27,797.0,798.0,756.0,775.0,264,204401.0,TQBR
2020-05-28,798.0,798.0,745.0,763.0,208,159659.0,TQBR
2020-05-29,770.0,773.0,751.0,770.0,148,112973.0,TQBR
2020-06-01,776.0,796.0,775.0,781.0,529,416564.0,TQBR
2020-06-02,783.0,794.0,776.0,778.0,206,161866.0,TQBR
2020-06-03,778.0,795.0,777.0,795.0,56,44039.0,TQBR
2020-06-04,796.0,796.0,771.0,779.0,359,279012.0,TQBR
2020-06-05,778.0,786.0,775.0,775.0,72,56114.0,TQBR
2020-06-08,771.0,793.0,770.0,785.0,145,113064.0,TQBR
2020-06-09,785.0,788.0,764.0,771.0,202,155957.0,TQBR
2020-06-10,773.0,788.0,771.0,784.0,256,200278.0,TQBR
2020-06-11,777.0,782.0,770.0,770.0,50,38751.0,TQBR
2020-06-15,779.0,780.0,761.0,762.0,176,135545.0,TQBR
2020-06-16,761.0,776.0,761.0,774.0,125,95359.0,TQBR
2020-06-17,775.0,775.0,771.0,771.0,31,23956.0,TQBR
2020-06-18,770.0,770.0,746.0,765.0,145,110728.0,TQBR
2020-06-19,759.0,770.0,759.0,769.0,51,38843.0,TQBR
2020-06-22,776.0,776.0,752.0,764.0,47,36263.0,TQBR
2020-06-23,768.0,773.0,765.0,772.0,35,26932.0,TQBR
2020-06-25,742.0,769.0,742.0,764.0,21,15834.0,TQBR
2020-06-26,772.0,773.0,761.0,769.0,63,48546.0,TQBR
2020-06-29,745.0,758.0,739.0,758.0,44,32766.0,TQBR
2020-06-30,755.0,755.0,750.0,752.0,152,114222.0,TQBR
2020-07-02,740.0,756.0,740.0,750.0,163,122335.0,TQBR
2020-07-03,753.0,776.0,751.0,754.0,184,140231.0,TQBR
2020-07-06,779.0,779.0,761.0,764.0,258,198365.0,TQBR
2020-07-07,742.0,788.0,742.0,770.0,110,86272.0,TQBR
2020-07-08,775.0,776.0,774.0,776.0,15,11618.0,TQBR
2020-07-09,780.0,780.0,760.0,762.0,144,111609.0,TQBR
2020-07-10,753.0,769.0,749.0,768.0,112,85112.0,TQBR
2020-07-13,769.0,770.0,738.0,751.0,105,79601.0,TQBR
2020-07-14,731.0,762.0,731.0,751.0,169,127368.0,TQBR
2020-07-15,760.0,762.0,760.0,762.0,2,1522.0,TQBR
2020-07-16,797.0,980.0,785.0,850.0,6081,5286472.0,TQBR
2020-07-17,860.0,860.0,784.0,829.0,2155,1745802.0,TQBR
2020-07-20,848.0,1160.0,814.0,1160.0,7988,7831271.0,TQBR
2020-07-21,1276.0,1580.0,1074.0,1083.0,22463,29840810.0,TQBR
2020-07-22,1078.0,1264.0,1010.0,1183.0,9214,10592917.0,TQBR
2020-07-23,1168.0,1200.0,1075.0,1108.0,3202,3583194.0,TQBR
2020-07-24,1111.0,1190.0,1060.0,1109.0,2710,3065632.0,TQBR
2020-07-27,1099.0,1107.0,1051.0,1057.0,964,1040118.0,TQBR
2020-07-28,1059.0,1059.0,1028.0,1056.0,453,475269.0,TQBR
2020-07-29,1035.0,1192.0,1035.0,1090.0,3695,4105563.0,TQBR
2020-07-30,1050.0,1147.0,1040.0,1095.0,1959,2172781.0,TQBR
2020-07-31,1110.0,1422.0,1110.0,1192.0,17732,22411249.0,TQBR
2020-08-03,1195.0,1210.0,1109.0,1180.0,2435,2811710.0,TQBR
2020-08-04,1195.0,1450.0,1150.0,1236.0,14846,19299196.0,TQBR
2020-08-05,1280.0,1280.0,1187.0,1242.0,2365,2913051.0,TQBR
2020-08-06,1258.0,1268.0,1181.0,1199.0,659,794596.0,TQBR
2020-08-07,1187.0,1197.0,1150.0,1171.0,1537,1791798.0,TQBR
2020-08-10,1156.0,1176.0,1101.0,1165.0,401,465179.0,TQBR
2020-08-11,1170.0,1380.0,1140.0,1281.0,5158,6627079.0,TQBR
2020-08-12,1274.0,1405.0,1224.0,1241.0,2904,3795097.0,TQBR
2020-08-13,1237.0,1291.0,1228.0,1242.0,543,677677.0,TQBR
2020-08-14,1272.0,1272.0,1230.0,1230.0,224,282570.0,TQBR
2020-08-17,1250.0,1272.0,1200.0,1242.0,624,769550.0,TQBR
2020-08-18,1222.0,1270.0,1175.0,1254.0,875,1082757.0,TQBR
2020-08-19,1260.0,1599.0,1251.0,1451.0,24494,35383588.0,TQBR
2020-08-20,1467.0,1739.0,1323.0,1371.0,32955,49261649.0,TQBR
2020-08-21,1383.0,1400.0,1301.0,1326.0,2330,3122744.0,TQBR
2020-08-24,1298.0,1373.0,1277.0,1303.0,1880,2465108.0,TQBR
2020-08-25,1329.0,1438.0,1327.0,1388.0,3531,4904859.0,TQBR
2020-08-26,1396.0,1396.0,1301.0,1331.0,2147,2882180.0,TQBR
2020-08-27,1358.0,1358.0,1310.0,1325.0,418,553703.0,TQBR
2020-08-28,1350.0,1400.0,1308.0,1355.0,985,1333890.0,TQBR
2020-08-31,1353.0,1383.0,1300.0,1334.0,971,1284821.0,TQBR
2020-09-01,1311.0,1325.0,1280.0,1293.0,406,530378.0,TQBR
2020-09-02,1315.0,1331.0,1300.0,1318.0,91,119484.0,TQBR
2020-09-03,1295.0,1331.0,1280.0,1280.0,344,445669.0,TQBR
2020-09-04,1268.0,1277.0,1236.0,1238.0,432,540122.0,TQBR
2020-09-07,1285.0,1299.0,1218.0,1238.0,385,482577.0,TQBR
2020-09-08,1258.0,1319.0,1229.0,1256.0,502,639644.0,TQBR
2020-09-09,1247.0,1247.0,1223.0,1228.0,153,188756.0,TQBR
2020-09-10,1225.0,1240.0,1203.0,1221.0,236,286648.0,TQBR
2020-09-11,1224.0,1240.0,1209.0,1237.0,75,91523.0,TQBR
2020-09-14,1263.0,1270.0,1200.0,1225.0,248,300738.0,TQBR
2020-09-15,1239.0,1251.0,1212.0,1212.0,40,49247.0,TQBR
2020-09-16,1212.0,1233.0,1211.0,1231.0,50,60937.0,TQBR
2020-09-17,1231.0,1231.0,1200.0,1205.0,197,237632.0,TQBR
2020-09-18,1216.0,1216.0,1207.0,1211.0,36,43617.0,TQBR
2020-09-21,1218.0,1224.0,1190.0,1203.0,370,445470.0,TQBR
2020-09-22,1199.0,1200.0,1163.0,1168.0,279,328909.0,TQBR
2020-09-23,1178.0,1180.0,1158.0,1165.0,103,120780.0,TQBR
2020-09-24,1186.0,1202.0,1151.0,1159.0,177,206550.0,TQBR
2020-09-25,1171.0,1171.0,1116.0,1137.0,414,471370.0,TQBR
2020-09-28,1120.0,1149.0,1120.0,1127.0,350,396722.0,TQBR
2020-09-29,1153.0,1153.0,1121.0,1131.0,55,62102.0,TQBR
2020-09-30,1122.0,1144.0,1121.0,1124.0,138,155090.0,TQBR
2020-10-01,1145.0,1145.0,1069.0,1079.0,634,691176.0,TQBR
2020-10-02,1070.0,1092.0,1004.0,1026.0,1307,1347578.0,TQBR
2020-10-05,1053.0,1340.0,1030.0,1236.0,13212,16311141.0,TQBR
2020-10-06,1286.0,1286.0,1185.0,1219.0,4346,5289680.0,TQBR
2020-10-07,1230.0,1230.0,1142.0,1148.0,2249,2644291.0,TQBR
2020-10-08,1148.0,1162.0,1142.0,1146.0,257,296305.0,TQBR
2020-10-09,1140.0,1158.0,1070.0,1113.0,242,272600.0,TQBR
2020-10-12,1150.0,1200.0,1116.0,1153.0,1792,2071333.0,TQBR
2020-10-13,1150.0,1188.0,1126.0,1151.0,878,1010211.0,TQBR
2020-10-14,1149.0,1149.0,1120.0,1125.0,177,199380.0,TQBR
2020-10-15,1112.0,1137.0,1045.0,1056.0,1700,1819209.0,TQBR
2020-10-16,1061.0,1078.0,1047.0,1063.0,288,305939.0,TQBR
2020-10-19,1056.0,1069.0,1034.0,1048.0,203,212817.0,TQBR
2020-10-20,1032.0,1047.0,1000.0,1015.0,622,631307.0,TQBR
2020-10-21,1020.0,1140.0,1020.0,1047.0,1577,1686028.0,TQBR
2020-10-22,1030.0,1240.0,1020.0,1206.0,7016,8285804.0,TQBR
2020-10-23,1190.0,1224.0,1154.0,1178.0,2885,3414410.0,TQBR
2020-10-26,1156.0,1198.0,1156.0,1190.0,1218,1435545.0,TQBR
2020-10-27,1190.0,1195.0,1160.0,1169.0,1401,1639079.0,TQBR
2020-10-28,1170.0,1179.0,1144.0,1170.0,688,803155.0,TQBR
2020-10-29,1166.0,1175.0,1145.0,1175.0,188,219272.0,TQBR
2020-10-30,1146.0,1146.0,1126.0,1136.0,240,273643.0,TQBR
2020-11-02,1118.0,1143.0,1101.0,1131.0,525,585582.0,TQBR
2020-11-03,1111.0,1149.0,1111.0,1149.0,70,80169.0,TQBR
2020-11-05,1089.0,1185.0,1089.0,1151.0,85,97482.0,TQBR
2020-11-06,1149.0,1162.0,1149.0,1155.0,101,116349.0,TQBR
2020-11-09,1169.0,1169.0,1150.0,1150.0,6,6923.0,TQBR
2020-11-10,1147.0,1167.0,1139.0,1165.0,39,44983.0,TQBR
2020-11-11,1165.0,1169.0,1141.0,1168.0,147,171331.0,TQBR
2020-11-12,1152.0,1219.0,1152.0,1191.0,379,454110.0,TQBR
2020-11-13,1185.0,1217.0,1185.0,1207.0,31,37523.0,TQBR
2020-11-16,1224.0,1239.0,1187.0,1187.0,55,66927.0,TQBR
2020-11-17,1187.0,1212.0,1187.0,1195.0,105,125943.0,TQBR
2020-11-18,1238.0,1238.0,1180.0,1198.0,181,217954.0,TQBR
2020-11-19,1181.0,1192.0,1177.0,1192.0,115,135622.0,TQBR
2020-11-20,1172.0,1190.0,1167.0,1190.0,135,158014.0,TQBR
2020-11-23,1187.0,1189.0,1175.0,1175.0,28,33200.0,TQBR
2020-11-24,1166.0,1191.0,1145.0,1186.0,473,547137.0,TQBR
2020-11-25,1144.0,1181.0,1123.0,1181.0,130,151032.0,TQBR
2020-11-26,1183.0,1183.0,1148.0,1175.0,15,17389.0,TQBR
2020-11-27,1169.0,1170.0,1169.0,1170.0,26,30404.0,TQBR
2020-11-30,1141.0,1163.0,1141.0,1163.0,405,465227.0,TQBR
2020-12-01,1167.0,1207.0,1128.0,1168.0,460,539536.0,TQBR
2020-12-02,1176.0,1210.0,1152.0,1196.0,616,723750.0,TQBR
2020-12-03,1207.0,1207.0,1163.0,1179.0,154,183209.0,TQBR
2020-12-04,1173.0,1175.0,1168.0,1168.0,97,113460.0,TQBR
2020-12-07,1168.0,1171.0,1168.0,1168.0,88,102858.0,TQBR
2020-12-08,1167.0,1176.0,1167.0,1176.0,27,31518.0,TQBR
2020-12-09,1162.0,1174.0,1152.0,1152.0,90,104282.0,TQBR
2020-12-10,1150.0,1173.0,1114.0,1153.0,239,274956.0,TQBR
2020-12-11,1161.0,1164.0,1141.0,1159.0,75,86348.0,TQBR
2020-12-14,1178.0,1178.0,1155.0,1155.0,74,86496.0,TQBR
2020-12-15,1170.0,1175.0,1139.0,1175.0,16,18673.0,TQBR
2020-12-16,1169.0,1169.0,1147.0,1167.0,10,11641.0,TQBR
2020-12-17,1146.0,1174.0,1141.0,1152.0,17,19716.0,TQBR
2020-12-18,1172.0,1172.0,1156.0,1169.0,26,30236.0,TQBR
2020-12-21,1165.0,1165.0,1152.0,1165.0,15,17451.0,TQBR
2020-12-22,1139.0,1165.0,1135.0,1165.0,141,161911.0,TQBR
2020-12-23,1164.0,1174.0,1144.0,1174.0,241,280949.0,TQBR
2020-12-24,1178.0,1178.0,1142.0,1166.0,183,210014.0,TQBR
2020-12-25,1174.0,1177.0,1146.0,1171.0,100,116833.0,TQBR
2020-12-28,1173.0,1173.0,1150.0,1169.0,149,173355.0,TQBR
2020-12-29,1181.0,1183.0,1134.0,1154.0,360,415915.0,TQBR
2020-12-30,1175.0,1175.0,1137.0,1166.0,408,472871.0,TQBR
2021-01-04,1172.0,1172.0,1143.0,1156.0,264,303886.0,TQBR
2021-01-05,1138.0,1167.0,1138.0,1151.0,203,231602.0,TQBR
2021-01-06,1154.0,1154.0,1136.0,1147.0,17,19425.0,TQBR
2021-01-08,1153.0,1153.0,1134.0,1150.0,79,90096.0,TQBR
2021-01-11,1150.0,1150.0,1135.0,1146.0,51,58075.0,TQBR
2021-01-12,1147.0,1154.0,1134.0,1144.0,15,17071.0,TQBR
2021-01-13,1131.0,1139.0,1125.0,1139.0,29,33008.0,TQBR
2021-01-14,1145.0,1153.0,1119.0,1147.0,42,47734.0,TQBR
2021-01-15,1155.0,1155.0,1125.0,1144.0,22,25102.0,TQBR
2021-01-18,1145.0,1152.0,1125.0,1149.0,371,419900.0,TQBR
2021-01-19,1153.0,1153.0,1128.0,1142.0,509,578281.0,TQBR
2021-01-20,1141.0,1141.0,1129.0,1133.0,120,135664.0,TQBR
2021-01-21,1141.0,1141.0,1100.0,1116.0,525,584846.0,TQBR
2021-01-22,1131.0,1131.0,1109.0,1113.0,176,195629.0,TQBR
2021-01-25,1130.0,1130.0,1108.0,1122.0,57,63823.0,TQBR
2021-01-26,1134.0,1134.0,1081.0,1115.0,246,270996.0,TQBR
2021-01-27,1129.0,1129.0,1083.0,1114.0,108,118687.0,TQBR
2021-01-28,1104.0,1104.0,1086.0,1102.0,20,21923.0,TQBR
2021-01-29,1101.0,1101.0,1088.0,1088.0,36,39434.0,TQBR
2021-02-01,1090.0,1096.0,1086.0,1096.0,14,15260.0,TQBR
2021-02-02,1086.0,1100.0,1080.0,1087.0,87,94150.0,TQBR
2021-02-03,1076.0,1101.0,1076.0,1098.0,36,39457.0,TQBR
2021-02-04,1091.0,1091.0,1090.0,1091.0,3,3272.0,TQBR
2021-02-05,1074.0,1105.0,1074.0,1103.0,188,206872.0,TQBR
2021-02-08,1083.0,1098.0,1080.0,1098.0,30,32508.0,TQBR
2021-02-09,1100.0,1100.0,1082.0,1099.0,12,13108.0,TQBR
2021-02-10,1077.0,1098.0,1077.0,1091.0,65,70479.0,TQBR
2021-02-11,1097.0,1098.0,1051.0,1094.0,54,58781.0,TQBR
2021-02-12,1074.0,1098.0,1068.0,1077.0,201,216853.0,TQBR
2021-02-15,1113.0,1129.0,1083.0,1083.0,156,174584.0,TQBR
2021-02-16,1082.0,1099.0,1070.0,1090.0,23,24921.0,TQBR
2021-02-17,1101.0,1103.0,1076.0,1089.0,78,85630.0,TQBR
2021-02-18,1101.0,1101.0,1090.0,1090.0,35,38390.0,TQBR
2021-02-19,1114.0,1119.0,1100.0,1100.0,69,76702.0,TQBR
2021-02-20,1108.0,1108.0,1077.0,1077.0,72,79370.0,TQBR
2021-02-22,1087.0,1087.0,1065.0,1066.0,94,100761.0,TQBR
2021-02-24,1065.0,1086.0,1037.0,1049.0,114,120506.0,TQBR
2021-02-25,1088.0,1154.0,1020.0,1042.0,706,765061.0,TQBR
2021-02-26,1085.0,1085.0,1001.0,1031.0,219,222651.0,TQBR
2021-03-01,1031.0,1037.0,1019.0,1037.0,17,17473.0,TQBR
2021-03-02,1040.0,1042.0,1014.0,1022.0,181,185886.0,TQBR
2021-03-03,1003.0,1023.0,1003.0,1014.0,41,41587.0,TQBR
2021-03-04,1002.0,1008.0,971.0,992.0,200,198185.0,TQBR
2021-03-05,990.0,990.0,920.0,972.0,139,131749.0,TQBR
2021-03-09,989.0,989.0,952.0,980.0,36,35104.0,TQBR
2021-03-10,980.0,998.0,980.0,989.0,15,14798.0,TQBR
2021-03-11,1000.0,1215.0,1000.0,1066.0,5924,6689901.0,TQBR
2021-03-12,1067.0,1080.0,1014.0,1039.0,1171,1213127.0,TQBR
2021-03-15,1019.0,1065.0,1017.0,1032.0,415,433294.0,TQBR
2021-03-16,1021.0,1048.0,1010.0,1021.0,131,133416.0,TQBR
2021-03-17,1036.0,1036.0,1006.0,1006.0,112,113300.0,TQBR
2021-03-18,1036.0,1064.0,1023.0,1023.0,501,519759.0,TQBR
2021-03-19,1023.0,1039.0,1012.0,1039.0,37,37785.0,TQBR
2021-03-22,1075.0,1075.0,1021.0,1023.0,104,106771.0,TQBR
2021-03-23,1039.0,1053.0,1011.0,1011.0,561,572112.0,TQBR
2021-03-24,1037.0,1068.0,1012.0,1012.0,47,48429.0,TQBR
2021-03-25,1025.0,1027.0,979.0,997.0,190,191851.0,TQBR
2021-03-26,1000.0,1017.0,991.0,994.0,27,26865.0,TQBR
2021-03-29,1004.0,1033.0,1003.0,1015.0,136,138755.0,TQBR
2021-03-30,1012.0,1028.0,970.0,1003.0,229,230721.0,TQBR
2021-03-31,1028.0,1028.0,1002.0,1005.0,19,19170.0,TQBR
2021-04-01,1029.0,1039.0,1024.0,1030.0,167,172014.0,TQBR
2021-04-02,1030.0,1039.0,1030.0,1035.0,7,7252.0,TQBR
2021-04-05,1034.0,1034.0,1005.0,1018.0,180,181515.0,TQBR
2021-04-06,1011.0,1030.0,1011.0,1030.0,26,26667.0,TQBR
2021-04-07,1009.0,1035.0,997.0,1008.0,174,174961.0,TQBR
2021-04-08,1016.0,1016.0,995.0,1000.0,87,86840.0,TQBR
2021-04-09,1003.0,1020.0,1000.0,1019.0,78,78559.0,TQBR
2021-04-12,1016.0,1016.0,993.0,1016.0,68,68093.0,TQBR
2021-04-13,1000.0,1000.0,990.0,999.0,267,265496.0,TQBR
2021-04-14,1000.0,1013.0,998.0,1001.0,73,73042.0,TQBR
2021-04-15,992.0,1004.0,992.0,993.0,7,6972.0,TQBR
2021-04-16,998.0,1000.0,981.0,1000.0,40,39523.0,TQBR
2021-04-19,1002.0,1035.0,966.0,983.0,780,772573.0,TQBR
2021-04-20,985.0,985.0,966.0,974.0,101,98225.0,TQBR
2021-04-21,962.0,971.0,955.0,971.0,61,58812.0,TQBR
2021-04-22,986.0,986.0,968.0,979.0,23,22484.0,TQBR
2021-04-23,985.0,985.0,961.0,973.0,23,22273.0,TQBR
2021-04-26,978.0,1009.0,955.0,974.0,46,44625.0,TQBR
2021-04-27,984.0,984.0,976.0,976.0,11,10746.0,TQBR
2021-04-28,974.0,974.0,974.0,974.0,5,4870.0,TQBR
2021-04-29,965.0,982.0,961.0,970.0,77,74279.0,TQBR
2021-04-30,956.0,973.0,950.0,950.0,136,130080.0,TQBR
2021-05-04,990.0,990.0,962.0,962.0,60,58324.0,TQBR
2021-05-05,962.0,990.0,958.0,970.0,304,296349.0,TQBR
2021-05-06,985.0,985.0,966.0,980.0,177,174105.0,TQBR
2021-05-07,962.0,979.0,956.0,960.0,59,56752.0,TQBR
2021-05-10,973.0,974.0,957.0,957.0,22,21265.0,TQBR
2021-05-11,965.0,965.0,940.0,940.0,205,194429.0,TQBR
2021-05-12,950.0,950.0,890.0,913.0,682,623527.0,TQBR
