date,open,high,low,close,volume,value,board
2014-06-09,292.0,327.9,280.0,280.0,103,29619.3,TQBR
2014-06-10,305.5,305.5,280.5,288.9,295,83397.2,TQBR
2014-06-11,284.7,284.7,282.9,283.0,62,17545.3,TQBR
2014-06-16,282.9,295.5,250.8,281.6,109,30402.6,TQBR
2014-06-18,275.1,283.9,275.0,283.9,18,4959.6,TQBR
2014-06-19,271.1,275.8,271.1,275.0,258,70239.7,TQBR
2014-06-20,270.1,276.9,270.1,276.9,31,8577.1,TQBR
2014-06-23,283.2,283.2,277.0,280.0,310,87364.6,TQBR
2014-06-24,305.5,307.7,255.1,277.5,124,34090.4,TQBR
2014-06-25,278.0,278.0,271.1,271.1,13,3531.2,TQBR
2014-06-26,280.8,303.8,278.7,282.0,49,13810.6,TQBR
2014-06-27,277.0,283.0,270.0,282.4,1181,319888.6,TQBR
2014-06-30,279.0,282.8,272.7,282.8,10,2784.4,TQBR
2014-07-01,281.0,281.0,266.1,277.3,116,31907.8,TQBR
2014-07-02,279.0,288.9,279.0,283.9,641,180508.8,TQBR
2014-07-03,284.8,284.8,280.1,283.0,200,56692.7,TQBR
2014-07-04,284.8,284.9,281.1,283.0,144,40718.4,TQBR
2014-07-07,282.9,293.9,280.5,292.7,511,145624.4,TQBR
2014-07-08,292.2,293.0,280.0,289.6,435,123492.2,TQBR
2014-07-09,281.8,284.8,281.4,284.8,6,1698.8,TQBR
2014-07-10,281.4,284.0,272.1,279.8,100,27736.1,TQBR
2014-07-11,271.3,288.0,271.3,288.0,108,30213.3,TQBR
2014-07-15,272.0,285.7,272.0,283.9,16,4490.1,TQBR
2014-07-16,287.9,301.2,275.9,287.9,290,81449.2,TQBR
2014-07-17,302.9,305.4,282.0,282.9,24,6890.7,TQBR
2014-07-18,273.1,289.1,267.6,272.5,703,190751.0,TQBR
2014-07-21,272.2,272.2,259.8,267.7,354,92350.8,TQBR
2014-07-22,261.0,269.0,260.0,269.0,476,126852.7,TQBR
2014-07-23,270.2,287.9,269.1,278.9,32,8706.9,TQBR
2014-07-24,265.1,286.1,252.3,276.2,123,32593.6,TQBR
2014-07-25,276.4,283.8,273.0,282.8,72,20175.7,TQBR
2014-07-28,282.6,282.7,255.1,271.0,79,21181.8,TQBR
2014-07-29,285.0,304.5,271.0,276.7,22,6087.3,TQBR
2014-07-30,276.0,277.9,252.8,277.9,54,14933.8,TQBR
2014-07-31,278.9,284.7,272.0,284.5,40,11069.4,TQBR
2014-08-01,279.5,280.0,274.1,279.9,24,6711.5,TQBR
2014-08-04,283.3,291.8,280.0,282.8,22,6212.6,TQBR
2014-08-05,283.9,304.1,255.0,260.1,1306,337137.6,TQBR
2014-08-06,267.7,267.7,251.0,256.3,378,96203.8,TQBR
2014-08-07,252.7,258.5,252.5,258.5,279,70508.9,TQBR
2014-08-08,252.3,259.9,252.3,259.9,5,1276.7,TQBR
2014-08-11,264.9,289.6,264.5,275.0,207,55981.4,TQBR
2014-08-12,278.8,279.0,278.7,279.0,81,22595.3,TQBR
2014-08-13,255.5,283.0,255.5,280.0,192,53631.9,TQBR
2014-08-14,279.8,327.1,279.8,285.0,3339,1002667.8,TQBR
2014-08-15,332.6,336.8,270.0,285.3,93,26193.5,TQBR
2014-08-18,275.1,284.9,260.0,275.2,933,250200.7,TQBR
2014-08-19,275.1,275.1,272.0,274.5,681,186388.1,TQBR
2014-08-20,298.0,308.2,270.0,271.3,201,54974.2,TQBR
2014-08-21,275.0,304.5,272.7,272.7,526,143941.2,TQBR
2014-08-22,269.8,275.0,269.8,272.5,1244,339770.4,TQBR
2014-08-25,275.4,279.9,270.4,276.0,2100,575780.1,TQBR
2014-08-26,277.0,277.0,270.5,274.0,326,89302.5,TQBR
2014-08-27,277.0,277.0,270.0,273.1,660,180640.5,TQBR
2014-08-28,271.4,273.4,263.0,273.4,3952,1062662.1,TQBR
2014-08-29,271.2,272.8,270.0,272.8,70,19036.4,TQBR
2014-09-01,270.8,279.9,270.7,279.9,31,8402.2,TQBR
2014-09-02,270.0,272.6,255.9,272.3,1645,428238.0,TQBR
2014-09-03,258.0,275.0,252.1,275.0,281,74795.7,TQBR
2014-09-04,261.1,282.0,261.1,273.0,74,20194.3,TQBR
2014-09-05,274.0,274.0,270.0,270.0,101,27274.0,TQBR
2014-09-08,270.1,270.1,255.1,265.0,1606,417037.7,TQBR
2014-09-09,264.2,268.5,261.3,267.0,852,226220.0,TQBR
2014-09-10,266.0,269.8,266.0,269.8,80,21358.4,TQBR
2014-09-11,262.7,268.9,250.0,268.9,2386,605945.1,TQBR
2014-09-12,266.9,270.9,259.5,270.6,1493,392263.4,TQBR
2014-09-15,262.7,271.0,262.7,270.0,228,61472.2,TQBR
2014-09-16,269.8,270.0,264.0,268.5,378,100454.3,TQBR
2014-09-17,268.1,271.9,216.2,250.0,7166,1686715.4,TQBR
2014-09-18,255.8,270.0,220.1,254.0,4698,1121214.6,TQBR
2014-09-19,254.0,262.4,254.0,260.8,37,9612.5,TQBR
2014-09-22,250.8,259.7,250.0,259.7,72,18036.6,TQBR
2014-09-23,236.3,266.9,227.0,255.1,4987,1257822.7,TQBR
2014-09-24,252.8,255.1,252.8,255.1,3,760.8,TQBR
2014-09-25,254.5,254.6,254.5,254.6,157,39965.6,TQBR
2014-09-26,255.2,269.0,248.8,261.1,576,153015.2,TQBR
2014-09-29,247.4,269.1,233.1,260.0,1964,490049.4,TQBR
2014-09-30,250.0,250.0,242.3,249.7,614,152967.9,TQBR
2014-10-01,245.0,250.0,240.0,250.0,537,130238.0,TQBR
2014-10-02,243.0,244.0,225.0,236.0,2616,605839.0,TQBR
2014-10-03,236.0,264.0,235.0,248.0,2141,523611.0,TQBR
2014-10-06,240.0,244.0,220.0,236.0,7728,1773493.0,TQBR
2014-10-07,237.0,247.0,236.0,241.0,347,84498.0,TQBR
2014-10-08,239.0,244.0,236.0,244.0,30,7191.0,TQBR
2014-10-09,247.0,258.0,220.0,235.0,7283,1683099.0,TQBR
2014-10-10,232.0,238.0,228.0,236.0,1284,304281.0,TQBR
2014-10-13,235.0,235.0,222.0,234.0,322,74533.0,TQBR
2014-10-14,234.0,235.0,225.0,232.0,215,49722.0,TQBR
2014-10-15,233.0,247.0,230.0,247.0,207,48391.0,TQBR
2014-10-16,254.0,260.0,225.0,230.0,1607,382485.0,TQBR
2014-10-17,230.0,230.0,225.0,230.0,163,37294.0,TQBR
2014-10-20,234.0,241.0,226.0,238.0,237,54476.0,TQBR
2014-10-21,225.0,245.0,225.0,236.0,26,6123.0,TQBR
2014-10-23,240.0,240.0,230.0,230.0,127,29657.0,TQBR
2014-10-24,220.0,235.0,218.0,223.0,2495,556654.0,TQBR
2014-10-27,229.0,232.0,215.0,220.0,3974,878939.0,TQBR
2014-10-28,229.0,237.0,219.0,226.0,1548,349747.0,TQBR
2014-10-29,226.0,230.0,220.0,227.0,570,127741.0,TQBR
2014-10-30,215.0,235.0,211.0,228.0,1423,311288.0,TQBR
2014-10-31,224.0,240.0,224.0,238.0,191,44053.0,TQBR
2014-11-03,235.0,270.0,235.0,256.0,461,119052.0,TQBR
2014-11-05,246.0,267.0,239.0,252.0,18,4451.0,TQBR
2014-11-06,250.0,253.0,240.0,248.0,267,64819.0,TQBR
2014-11-07,245.0,262.0,240.0,245.0,353,85886.0,TQBR
2014-11-10,249.0,250.0,241.0,248.0,342,83982.0,TQBR
2014-11-11,250.0,251.0,220.0,231.0,1052,241434.0,TQBR
2014-11-12,238.0,245.0,234.0,239.0,250,60248.0,TQBR
2014-11-13,248.0,253.0,233.0,240.0,10,2428.0,TQBR
2014-11-14,231.0,239.0,231.0,236.0,71,16594.0,TQBR
2014-11-17,248.0,258.0,231.0,231.0,85,19722.0,TQBR
2014-11-18,234.0,240.0,219.0,224.0,10273,2272783.0,TQBR
2014-11-19,221.0,240.0,216.0,236.0,1112,252093.0,TQBR
2014-11-20,228.0,231.0,220.0,231.0,1440,319737.0,TQBR
2014-11-21,232.0,252.0,215.0,222.0,2085,455081.0,TQBR
2014-11-24,224.0,224.0,212.0,218.0,3464,744368.0,TQBR
2014-11-25,221.0,228.0,210.0,222.0,1738,371031.0,TQBR
2014-11-26,220.0,220.0,214.0,216.0,7364,1611468.0,TQBR
2014-11-27,230.0,230.0,213.0,216.0,599,129793.0,TQBR
2014-11-28,214.0,219.0,211.0,216.0,951,204966.0,TQBR
2014-12-01,214.0,217.0,180.0,201.0,24556,4710485.0,TQBR
2014-12-02,204.0,205.0,178.0,178.0,24146,4441329.0,TQBR
2014-12-03,181.0,234.0,174.0,226.0,10224,2079109.0,TQBR
2014-12-04,229.0,259.0,213.0,238.0,9306,2248477.0,TQBR
2014-12-05,238.0,248.0,204.0,208.0,1698,363084.0,TQBR
2014-12-08,222.0,228.0,180.0,191.0,3282,629500.0,TQBR
2014-12-09,186.0,191.0,180.0,188.0,574,106894.0,TQBR
2014-12-10,185.0,190.0,181.0,186.0,922,170651.0,TQBR
2014-12-11,186.0,190.0,181.0,187.0,418,78193.0,TQBR
2014-12-12,183.0,210.0,183.0,198.0,971,192259.0,TQBR
2014-12-15,203.0,224.0,190.0,202.0,2257,467263.0,TQBR
2014-12-16,191.0,208.0,122.0,151.0,16727,2527216.0,TQBR
2014-12-17,160.0,173.0,160.0,172.0,479,80549.0,TQBR
2014-12-18,179.0,215.0,179.0,213.0,2023,408652.0,TQBR
2014-12-19,133.0,219.0,130.0,213.0,330,55880.0,TQBR
2014-12-22,216.0,219.0,200.0,209.0,839,171324.0,TQBR
2014-12-23,200.0,216.0,200.0,208.0,200,42017.0,TQBR
2014-12-24,206.0,206.0,193.0,203.0,4068,803080.0,TQBR
2014-12-25,203.0,233.0,203.0,232.0,1380,288051.0,TQBR
2014-12-26,222.0,235.0,213.0,230.0,871,194914.0,TQBR
2014-12-29,239.0,244.0,210.0,210.0,273,58548.0,TQBR
2014-12-30,212.0,213.0,198.0,212.0,202,41798.0,TQBR
2015-01-05,224.0,235.0,196.0,227.0,128,28378.0,TQBR
2015-01-06,218.0,228.0,196.0,220.0,244,51018.0,TQBR
2015-01-08,214.0,230.0,213.0,220.0,190,41653.0,TQBR
2015-01-09,218.0,231.0,208.0,219.0,235,50995.0,TQBR
2015-01-12,220.0,230.0,212.0,229.0,108,24337.0,TQBR
2015-01-13,215.0,226.0,209.0,222.0,132,28439.0,TQBR
2015-01-14,216.0,234.0,200.0,204.0,825,170798.0,TQBR
2015-01-15,211.0,219.0,206.0,219.0,97,20616.0,TQBR
2015-01-16,213.0,229.0,200.0,215.0,909,194051.0,TQBR
2015-01-19,206.0,220.0,204.0,207.0,204,42957.0,TQBR
2015-01-20,206.0,215.0,205.0,205.0,198,40897.0,TQBR
2015-01-21,208.0,214.0,202.0,212.0,233,47854.0,TQBR
2015-01-22,213.0,228.0,196.0,197.0,4229,864890.0,TQBR
2015-01-23,205.0,222.0,187.0,194.0,5195,1050345.0,TQBR
2015-01-26,199.0,209.0,147.0,190.0,1036,192767.0,TQBR
2015-01-27,194.0,207.0,187.0,207.0,109,22145.0,TQBR
2015-01-28,198.0,213.0,198.0,206.0,102,20624.0,TQBR
2015-01-29,202.0,209.0,191.0,196.0,188,36986.0,TQBR
2015-01-30,199.0,212.0,195.0,200.0,313,62388.0,TQBR
2015-02-02,209.0,216.0,201.0,209.0,651,134038.0,TQBR
2015-02-03,207.0,226.0,191.0,207.0,2104,426063.0,TQBR
2015-02-04,207.0,211.0,195.0,207.0,716,141843.0,TQBR
2015-02-05,215.0,220.0,204.0,210.0,227,47653.0,TQBR
2015-02-06,209.0,211.0,202.0,208.0,72,14698.0,TQBR
2015-02-09,219.0,219.0,204.0,219.0,463,96482.0,TQBR
2015-02-10,206.0,212.0,196.0,205.0,639,131005.0,TQBR
2015-02-11,207.0,212.0,204.0,210.0,3150,654447.0,TQBR
2015-02-12,209.0,239.0,209.0,212.0,5620,1236490.0,TQBR
2015-02-13,220.0,229.0,219.0,220.0,1132,253477.0,TQBR
2015-02-16,230.0,235.0,207.0,229.0,2139,468422.0,TQBR
2015-02-17,230.0,240.0,204.0,210.0,4523,965208.0,TQBR
2015-02-18,210.0,219.0,205.0,213.0,1533,326797.0,TQBR
2015-02-19,219.0,227.0,198.0,213.0,1698,351352.0,TQBR
2015-02-20,218.0,218.0,194.0,212.0,1547,307367.0,TQBR
2015-02-24,203.0,218.0,198.0,200.0,2865,589296.0,TQBR
2015-02-25,206.0,212.0,198.0,212.0,547,112647.0,TQBR
2015-02-26,213.0,224.0,195.0,203.0,9535,1933220.0,TQBR
2015-02-27,205.0,208.0,200.0,208.0,8657,1768268.0,TQBR
2015-03-02,210.0,214.0,204.0,210.0,6649,1393176.0,TQBR
2015-03-03,210.0,215.0,203.0,205.0,5735,1193409.0,TQBR
2015-03-04,205.0,211.0,188.0,205.0,12242,2429865.0,TQBR
2015-03-05,203.0,207.0,200.0,207.0,7214,1455609.0,TQBR
2015-03-06,209.0,211.0,199.0,203.0,954,195158.0,TQBR
2015-03-10,207.0,207.0,189.0,199.0,1052,208189.0,TQBR
2015-03-11,195.0,203.0,195.0,202.0,442,88365.0,TQBR
2015-03-12,202.0,207.0,197.0,200.0,1464,292022.0,TQBR
2015-03-13,202.0,206.0,199.0,200.0,405,81016.0,TQBR
2015-03-16,196.0,209.0,195.0,204.0,1163,236234.0,TQBR
2015-03-17,199.0,217.0,199.0,217.0,2224,463253.0,TQBR
2015-03-18,217.0,223.0,202.0,206.0,1954,407401.0,TQBR
2015-03-19,213.0,220.0,205.0,206.0,675,139750.0,TQBR
2015-03-20,206.0,208.0,204.0,208.0,1882,387582.0,TQBR
2015-03-23,202.0,206.0,201.0,204.0,1136,229173.0,TQBR
2015-03-24,204.0,204.0,202.0,203.0,353,71654.0,TQBR
2015-03-25,205.0,205.0,201.0,205.0,475,96289.0,TQBR
2015-03-26,203.0,204.0,193.0,200.0,2055,406308.0,TQBR
2015-03-27,199.0,210.0,198.0,203.0,651,132290.0,TQBR
2015-03-30,200.0,206.0,196.0,201.0,1526,307465.0,TQBR
2015-03-31,206.0,212.0,202.0,205.0,131,26878.0,TQBR
2015-04-01,201.0,205.0,200.0,205.0,416,84737.0,TQBR
2015-04-02,201.0,207.0,201.0,206.0,730,149195.0,TQBR
2015-04-03,207.0,236.0,206.0,211.0,2993,654441.0,TQBR
2015-04-06,209.0,214.0,209.0,211.0,286,60370.0,TQBR
2015-04-07,209.0,210.0,200.0,208.0,601,122881.0,TQBR
2015-04-08,206.0,206.0,196.0,205.0,520,104779.0,TQBR
2015-04-09,205.0,205.0,196.0,199.0,405,81523.0,TQBR
2015-04-10,204.0,204.0,197.0,203.0,707,140265.0,TQBR
2015-04-13,203.0,210.0,200.0,210.0,1256,254962.0,TQBR
2015-04-14,209.0,213.0,200.0,205.0,231,46501.0,TQBR
2015-04-15,205.0,213.0,200.0,210.0,571,118110.0,TQBR
2015-04-16,213.0,213.0,197.0,205.0,399,80264.0,TQBR
2015-04-17,209.0,213.0,195.0,204.0,1483,296494.0,TQBR
2015-04-20,207.0,212.0,198.0,201.0,943,188667.0,TQBR
2015-04-21,210.0,211.0,194.0,200.0,2120,419293.0,TQBR
2015-04-22,204.0,204.0,200.0,201.0,176,35400.0,TQBR
2015-04-23,201.0,216.0,201.0,209.0,3664,764058.0,TQBR
2015-04-24,213.0,218.0,185.0,195.0,15482,2970572.0,TQBR
2015-04-27,195.0,218.0,190.0,199.0,6176,1236238.0,TQBR
2015-04-28,201.0,201.0,197.0,199.0,219,43518.0,TQBR
2015-04-29,202.0,210.0,199.0,204.0,4040,815068.0,TQBR
2015-04-30,203.0,213.0,196.0,200.0,14966,2992767.0,TQBR
2015-05-05,200.0,210.0,200.0,210.0,3530,738238.0,TQBR
2015-05-06,203.0,208.0,200.0,206.0,216,43590.0,TQBR
2015-05-07,203.0,207.0,196.0,196.0,2850,564669.0,TQBR
2015-05-08,202.0,203.0,193.0,197.0,4682,920810.0,TQBR
2015-05-12,210.0,210.0,198.0,198.0,1719,343062.0,TQBR
2015-05-13,198.0,199.0,188.0,199.0,5892,1144868.0,TQBR
2015-05-14,199.0,200.0,196.0,196.0,487,95518.0,TQBR
2015-05-15,197.0,197.0,197.0,197.0,21,4137.0,TQBR
2015-05-18,199.0,200.0,197.0,197.0,89,17615.0,TQBR
2015-05-19,200.0,207.0,200.0,206.0,1653,337434.0,TQBR
2015-05-20,208.0,210.0,199.0,206.0,371,76384.0,TQBR
2015-05-21,200.0,206.0,200.0,205.0,137,27422.0,TQBR
2015-05-22,200.0,200.0,196.0,200.0,239,47367.0,TQBR
2015-05-25,196.0,201.0,196.0,200.0,391,78242.0,TQBR
2015-05-26,203.0,204.0,197.0,201.0,142,28577.0,TQBR
2015-05-27,200.0,205.0,195.0,205.0,354,70791.0,TQBR
2015-05-28,206.0,214.0,193.0,197.0,997,197415.0,TQBR
2015-05-29,197.0,200.0,197.0,199.0,28,5572.0,TQBR
2015-06-01,198.0,198.0,185.0,194.0,1778,336392.0,TQBR
2015-06-02,196.0,196.0,192.0,195.0,130,25383.0,TQBR
2015-06-03,198.0,199.0,188.0,195.0,3754,713241.0,TQBR
2015-06-05,192.0,195.0,190.0,190.0,371,71181.0,TQBR
2015-06-08,191.0,195.0,180.0,191.0,1113,204929.0,TQBR
2015-06-09,187.0,192.0,186.0,192.0,731,138282.0,TQBR
2015-06-10,198.0,198.0,191.0,194.0,39,7546.0,TQBR
2015-06-11,197.0,197.0,190.0,190.0,90,17200.0,TQBR
2015-06-15,192.0,193.0,191.0,193.0,9,1730.0,TQBR
2015-06-16,194.0,195.0,186.0,193.0,429,81682.0,TQBR
2015-06-17,191.0,194.0,190.0,190.0,82,15673.0,TQBR
2015-06-18,192.0,195.0,190.0,195.0,134,25643.0,TQBR
2015-06-19,194.0,196.0,192.0,193.0,154,29856.0,TQBR
2015-06-22,193.0,193.0,184.0,191.0,1206,228714.0,TQBR
2015-06-23,191.0,192.0,190.0,190.0,864,164273.0,TQBR
2015-06-24,190.0,193.0,190.0,191.0,191,36478.0,TQBR
2015-06-25,194.0,197.0,193.0,195.0,139,26964.0,TQBR
2015-06-26,191.0,196.0,191.0,195.0,258,50407.0,TQBR
2015-06-29,192.0,195.0,192.0,195.0,3,581.0,TQBR
2015-06-30,196.0,211.0,194.0,198.0,144,28602.0,TQBR
2015-07-01,197.0,198.0,192.0,196.0,114,21943.0,TQBR
2015-07-02,193.0,196.0,185.0,189.0,714,133796.0,TQBR
2015-07-03,189.0,196.0,187.0,196.0,586,113170.0,TQBR
2015-07-06,191.0,196.0,191.0,196.0,287,56093.0,TQBR
2015-07-07,198.0,209.0,193.0,197.0,189,37429.0,TQBR
2015-07-08,192.0,195.0,187.0,191.0,1297,245615.0,TQBR
2015-07-09,193.0,193.0,191.0,193.0,189,36290.0,TQBR
2015-07-10,196.0,196.0,190.0,190.0,214,40872.0,TQBR
2015-07-13,194.0,196.0,191.0,195.0,366,70364.0,TQBR
2015-07-14,195.0,201.0,195.0,200.0,1155,229900.0,TQBR
2015-07-15,203.0,223.0,200.0,203.0,1360,284668.0,TQBR
2015-07-16,204.0,205.0,201.0,204.0,538,110209.0,TQBR
2015-07-17,209.0,209.0,201.0,203.0,201,40489.0,TQBR
2015-07-20,208.0,208.0,200.0,202.0,150,30174.0,TQBR
2015-07-21,203.0,203.0,201.0,202.0,9,1820.0,TQBR
2015-07-22,211.0,211.0,202.0,204.0,102,20820.0,TQBR
2015-07-23,202.0,202.0,198.0,200.0,1061,212291.0,TQBR
2015-07-24,198.0,202.0,195.0,201.0,217,42692.0,TQBR
2015-07-27,202.0,202.0,196.0,198.0,348,68730.0,TQBR
2015-07-28,198.0,204.0,197.0,204.0,320,63812.0,TQBR
2015-07-29,210.0,210.0,196.0,203.0,186,37328.0,TQBR
2015-07-30,207.0,207.0,193.0,198.0,284,55651.0,TQBR
2015-07-31,206.0,207.0,196.0,207.0,13,2637.0,TQBR
2015-08-03,208.0,214.0,197.0,198.0,195,38997.0,TQBR
2015-08-04,199.0,201.0,198.0,201.0,62,12386.0,TQBR
2015-08-05,199.0,203.0,198.0,203.0,23,4597.0,TQBR
2015-08-06,204.0,215.0,202.0,202.0,171,34929.0,TQBR
2015-08-07,208.0,208.0,202.0,202.0,107,21796.0,TQBR
2015-08-10,208.0,208.0,200.0,201.0,49,9976.0,TQBR
2015-08-11,203.0,206.0,200.0,201.0,218,43620.0,TQBR
2015-08-12,200.0,204.0,200.0,204.0,195,39200.0,TQBR
2015-08-13,202.0,203.0,195.0,203.0,1689,336638.0,TQBR
2015-08-14,199.0,203.0,198.0,200.0,174,34676.0,TQBR
2015-08-17,200.0,201.0,180.0,200.0,955,182098.0,TQBR
2015-08-18,200.0,201.0,197.0,198.0,311,62051.0,TQBR
2015-08-19,199.0,203.0,199.0,202.0,333,67208.0,TQBR
2015-08-20,204.0,206.0,198.0,203.0,40,7986.0,TQBR
2015-08-21,208.0,208.0,208.0,208.0,1,208.0,TQBR
2015-08-24,205.0,205.0,187.0,199.0,517,98812.0,TQBR
2015-08-25,197.0,204.0,197.0,198.0,37,7425.0,TQBR
2015-08-26,209.0,209.0,189.0,199.0,4794,966313.0,TQBR
2015-08-27,188.0,245.0,151.0,202.0,4347,828145.0,TQBR
2015-08-28,199.0,209.0,192.0,202.0,120,24239.0,TQBR
2015-08-31,198.0,199.0,194.0,198.0,1696,331189.0,TQBR
2015-09-01,191.0,198.0,189.0,196.0,391,77080.0,TQBR
2015-09-02,194.0,197.0,189.0,196.0,103,20066.0,TQBR
2015-09-03,207.0,207.0,196.0,197.0,332,65130.0,TQBR
2015-09-04,192.0,210.0,186.0,193.0,2461,468179.0,TQBR
2015-09-07,191.0,193.0,191.0,193.0,29,5563.0,TQBR
2015-09-08,193.0,194.0,190.0,192.0,516,99584.0,TQBR
2015-09-09,194.0,194.0,194.0,194.0,3,582.0,TQBR
2015-09-10,194.0,194.0,187.0,190.0,462,87099.0,TQBR
2015-09-11,190.0,191.0,188.0,189.0,25,4728.0,TQBR
2015-09-14,190.0,193.0,183.0,191.0,790,150011.0,TQBR
2015-09-15,190.0,190.0,186.0,188.0,335,63306.0,TQBR
2015-09-16,188.0,188.0,177.0,187.0,524,95531.0,TQBR
2015-09-17,185.0,189.0,180.0,180.0,212,39127.0,TQBR
2015-09-18,187.0,189.0,177.0,188.0,742,139163.0,TQBR
2015-09-21,189.0,191.0,189.0,191.0,263,49963.0,TQBR
2015-09-22,188.0,194.0,188.0,192.0,17,3222.0,TQBR
2015-09-23,190.0,192.0,186.0,189.0,24,4514.0,TQBR
2015-09-24,185.0,189.0,183.0,188.0,528,97347.0,TQBR
2015-09-25,185.0,191.0,185.0,191.0,89,16740.0,TQBR
2015-09-28,187.0,189.0,182.0,188.0,528,96997.0,TQBR
2015-09-29,189.0,190.0,186.0,189.0,15,2817.0,TQBR
2015-09-30,188.0,189.0,187.0,189.0,14,2632.0,TQBR
2015-10-01,190.0,190.0,180.0,186.0,121,21958.0,TQBR
2015-10-02,183.0,186.0,181.0,186.0,54,9861.0,TQBR
2015-10-05,187.0,188.0,185.0,186.0,22,4125.0,TQBR
2015-10-06,193.0,197.0,190.0,195.0,206,40199.0,TQBR
2015-10-07,198.0,209.0,192.0,196.0,95,18636.0,TQBR
2015-10-08,191.0,195.0,180.0,195.0,910,167840.0,TQBR
2015-10-09,192.0,195.0,181.0,190.0,1092,204408.0,TQBR
2015-10-12,187.0,187.0,187.0,187.0,4,748.0,TQBR
2015-10-13,186.0,191.0,185.0,188.0,549,103393.0,TQBR
2015-10-14,190.0,195.0,182.0,190.0,754,141593.0,TQBR
2015-10-15,188.0,188.0,184.0,188.0,293,54369.0,TQBR
2015-10-16,196.0,196.0,185.0,185.0,467,89538.0,TQBR
2015-10-19,185.0,192.0,185.0,191.0,73,13976.0,TQBR
2015-10-20,187.0,190.0,181.0,190.0,75,13926.0,TQBR
2015-10-21,191.0,195.0,190.0,195.0,56,10858.0,TQBR
2015-10-22,194.0,196.0,188.0,194.0,40,7639.0,TQBR
2015-10-23,194.0,195.0,194.0,194.0,302,58608.0,TQBR
2015-10-26,190.0,190.0,189.0,189.0,12,2270.0,TQBR
2015-10-27,190.0,193.0,187.0,193.0,525,98862.0,TQBR
2015-10-28,188.0,190.0,186.0,190.0,174,32412.0,TQBR
2015-10-29,193.0,194.0,184.0,191.0,286,53857.0,TQBR
2015-10-30,198.0,198.0,180.0,189.0,1119,204073.0,TQBR
2015-11-02,186.0,189.0,185.0,187.0,35,6545.0,TQBR
2015-11-03,190.0,194.0,188.0,191.0,125,23779.0,TQBR
2015-11-05,192.0,192.0,184.0,185.0,951,176444.0,TQBR
2015-11-06,190.0,198.0,189.0,189.0,123,23390.0,TQBR
2015-11-09,192.0,192.0,192.0,192.0,1,192.0,TQBR
2015-11-10,190.0,190.0,185.0,187.0,299,55868.0,TQBR
2015-11-11,200.0,200.0,185.0,188.0,2580,477801.0,TQBR
2015-11-12,185.0,190.0,184.0,188.0,267,49988.0,TQBR
2015-11-13,189.0,198.0,186.0,193.0,1955,377293.0,TQBR
2015-11-16,189.0,190.0,184.0,190.0,1170,216390.0,TQBR
2015-11-17,192.0,232.0,185.0,203.0,5250,1099778.0,TQBR
2015-11-18,210.0,210.0,188.0,199.0,1420,275345.0,TQBR
2015-11-19,196.0,204.0,193.0,195.0,1984,387989.0,TQBR
2015-11-20,194.0,197.0,194.0,197.0,87,17010.0,TQBR
2015-11-23,196.0,196.0,191.0,195.0,243,47268.0,TQBR
2015-11-24,195.0,195.0,190.0,194.0,433,83547.0,TQBR
2015-11-25,194.0,202.0,190.0,196.0,1475,281191.0,TQBR
2015-11-26,192.0,196.0,192.0,194.0,67,12924.0,TQBR
2015-11-27,195.0,202.0,188.0,195.0,108,20652.0,TQBR
2015-11-30,193.0,195.0,191.0,191.0,21,4038.0,TQBR
2015-12-01,192.0,197.0,188.0,196.0,888,170720.0,TQBR
2015-12-02,192.0,196.0,190.0,193.0,323,62091.0,TQBR
2015-12-03,191.0,193.0,190.0,192.0,743,141390.0,TQBR
2015-12-04,192.0,196.0,192.0,195.0,56,10923.0,TQBR
2015-12-07,195.0,200.0,187.0,189.0,686,130365.0,TQBR
2015-12-08,189.0,189.0,187.0,188.0,165,31025.0,TQBR
2015-12-09,188.0,194.0,188.0,194.0,466,88453.0,TQBR
2015-12-10,189.0,196.0,187.0,195.0,46,8690.0,TQBR
2015-12-11,194.0,195.0,190.0,192.0,77,14699.0,TQBR
2015-12-14,193.0,193.0,185.0,188.0,760,140779.0,TQBR
2015-12-15,188.0,189.0,187.0,189.0,74,13875.0,TQBR
2015-12-16,189.0,192.0,185.0,188.0,727,136818.0,TQBR
2015-12-17,187.0,190.0,186.0,187.0,715,133987.0,TQBR
2015-12-18,187.0,190.0,185.0,190.0,1055,197322.0,TQBR
2015-12-21,187.0,187.0,179.0,186.0,1105,201422.0,TQBR
2015-12-22,187.0,191.0,185.0,188.0,385,72947.0,TQBR
2015-12-23,190.0,191.0,188.0,188.0,284,53562.0,TQBR
2015-12-24,187.0,190.0,183.0,190.0,362,67961.0,TQBR
2015-12-25,185.0,192.0,185.0,190.0,4366,820909.0,TQBR
2015-12-28,188.0,189.0,181.0,183.0,3518,654673.0,TQBR
2015-12-29,184.0,189.0,181.0,189.0,780,144999.0,TQBR
2015-12-30,187.0,193.0,179.0,193.0,934,171322.0,TQBR
2016-01-04,188.0,196.0,186.0,196.0,494,93705.0,TQBR
2016-01-05,196.0,197.0,190.0,193.0,102,19747.0,TQBR
2016-01-06,193.0,195.0,193.0,193.0,39,7571.0,TQBR
2016-01-11,192.0,192.0,180.0,185.0,1019,189533.0,TQBR
2016-01-12,184.0,187.0,184.0,187.0,12,2214.0,TQBR
2016-01-13,188.0,196.0,184.0,188.0,296,55927.0,TQBR
2016-01-14,189.0,190.0,188.0,190.0,479,90604.0,TQBR
2016-01-15,190.0,190.0,180.0,190.0,358,66775.0,TQBR
2016-01-18,187.0,187.0,186.0,186.0,25,4651.0,TQBR
2016-01-19,188.0,195.0,180.0,185.0,563,105224.0,TQBR
2016-01-20,183.0,185.0,183.0,185.0,5,919.0,TQBR
2016-01-21,180.0,186.0,180.0,182.0,179,32448.0,TQBR
2016-01-22,180.0,185.0,175.0,185.0,2118,379795.0,TQBR
2016-01-25,183.0,185.0,176.0,185.0,1235,224603.0,TQBR
2016-01-26,182.0,184.0,180.0,184.0,327,59231.0,TQBR
2016-01-27,180.0,185.0,176.0,184.0,398,70775.0,TQBR
2016-01-28,182.0,182.0,176.0,182.0,1589,287068.0,TQBR
2016-01-29,182.0,185.0,178.0,181.0,518,94123.0,TQBR
2016-02-01,182.0,186.0,181.0,182.0,51,9297.0,TQBR
2016-02-02,182.0,185.0,178.0,179.0,550,99756.0,TQBR
2016-02-03,181.0,183.0,180.0,183.0,321,58270.0,TQBR
2016-02-04,181.0,185.0,179.0,184.0,232,42794.0,TQBR
2016-02-05,185.0,186.0,182.0,185.0,92,17038.0,TQBR
2016-02-08,184.0,187.0,181.0,185.0,432,78348.0,TQBR
2016-02-09,184.0,187.0,179.0,182.0,1609,290275.0,TQBR
2016-02-10,183.0,183.0,178.0,181.0,106,19040.0,TQBR
2016-02-11,182.0,183.0,177.0,182.0,329,59165.0,TQBR
2016-02-12,182.0,182.0,181.0,182.0,111,20201.0,TQBR
2016-02-15,180.0,183.0,175.0,182.0,271,48438.0,TQBR
2016-02-16,182.0,184.0,175.0,183.0,868,153643.0,TQBR
2016-02-17,180.0,187.0,180.0,187.0,477,87754.0,TQBR
2016-02-18,183.0,183.0,181.0,183.0,31,5661.0,TQBR
2016-02-19,182.0,183.0,181.0,183.0,129,23367.0,TQBR
2016-02-20,184.0,187.0,184.0,187.0,142,26422.0,TQBR
2016-02-22,188.0,188.0,183.0,187.0,51,9398.0,TQBR
2016-02-24,187.0,189.0,187.0,189.0,14,2639.0,TQBR
2016-02-25,196.0,215.0,181.0,186.0,209,39231.0,TQBR
2016-02-26,193.0,239.0,187.0,191.0,241,47467.0,TQBR
2016-02-29,187.0,194.0,185.0,194.0,119,22616.0,TQBR
2016-03-01,191.0,191.0,187.0,191.0,7,1328.0,TQBR
2016-03-02,191.0,191.0,187.0,191.0,112,21349.0,TQBR
2016-03-03,194.0,196.0,187.0,192.0,545,105686.0,TQBR
2016-03-04,190.0,196.0,190.0,196.0,496,96333.0,TQBR
2016-03-07,197.0,199.0,189.0,194.0,201,39387.0,TQBR
2016-03-09,199.0,199.0,192.0,196.0,43,8339.0,TQBR
2016-03-10,195.0,207.0,195.0,199.0,995,197922.0,TQBR
2016-03-11,199.0,216.0,199.0,210.0,811,167783.0,TQBR
2016-03-14,210.0,275.0,210.0,249.0,12527,2931672.0,TQBR
2016-03-15,249.0,249.0,219.0,236.0,1356,310195.0,TQBR
2016-03-16,231.0,240.0,203.0,228.0,3899,837986.0,TQBR
2016-03-17,223.0,231.0,215.0,222.0,1185,259043.0,TQBR
2016-03-18,222.0,240.0,218.0,232.0,579,135748.0,TQBR
2016-03-21,232.0,232.0,222.0,225.0,115,26202.0,TQBR
2016-03-22,222.0,230.0,215.0,226.0,755,165092.0,TQBR
2016-03-23,221.0,221.0,214.0,216.0,656,141584.0,TQBR
2016-03-24,215.0,215.0,209.0,214.0,667,140817.0,TQBR
2016-03-25,212.0,219.0,206.0,217.0,99,21428.0,TQBR
2016-03-28,219.0,221.0,214.0,220.0,24,5265.0,TQBR
2016-03-29,213.0,219.0,208.0,219.0,48,10235.0,TQBR
2016-03-30,212.0,218.0,212.0,218.0,4,863.0,TQBR
2016-03-31,219.0,227.0,215.0,220.0,484,106566.0,TQBR
2016-04-01,219.0,219.0,215.0,219.0,474,102687.0,TQBR
2016-04-04,220.0,227.0,210.0,224.0,562,122600.0,TQBR
2016-04-05,218.0,220.0,217.0,219.0,40,8778.0,TQBR
2016-04-06,216.0,224.0,212.0,218.0,1311,279098.0,TQBR
2016-04-07,218.0,222.0,215.0,222.0,734,160131.0,TQBR
2016-04-08,219.0,223.0,213.0,217.0,1268,276678.0,TQBR
2016-04-11,224.0,225.0,215.0,216.0,425,93780.0,TQBR
2016-04-12,218.0,220.0,216.0,219.0,381,82768.0,TQBR
2016-04-13,219.0,222.0,218.0,222.0,147,32326.0,TQBR
2016-04-14,219.0,220.0,215.0,220.0,726,156637.0,TQBR
2016-04-15,215.0,224.0,210.0,220.0,637,138309.0,TQBR
2016-04-18,219.0,221.0,213.0,221.0,74,15918.0,TQBR
2016-04-19,221.0,240.0,221.0,238.0,1899,432033.0,TQBR
2016-04-20,240.0,243.0,233.0,240.0,60,14246.0,TQBR
2016-04-21,240.0,246.0,233.0,237.0,899,217763.0,TQBR
2016-04-22,239.0,269.0,238.0,262.0,3606,916307.0,TQBR
2016-04-25,263.0,279.0,257.0,265.0,8749,2321378.0,TQBR
2016-04-26,259.0,264.0,251.0,260.0,846,215504.0,TQBR
2016-04-27,255.0,265.0,250.0,265.0,1285,330980.0,TQBR
2016-04-28,266.0,279.0,261.0,277.0,1687,461455.0,TQBR
2016-04-29,277.0,279.0,245.0,245.0,31921,7957459.0,TQBR
2016-05-04,243.0,250.0,222.0,247.0,420,103801.0,TQBR
2016-05-05,239.0,255.0,233.0,250.0,691,171657.0,TQBR
2016-05-06,244.0,251.0,233.0,251.0,146,35079.0,TQBR
2016-05-10,251.0,255.0,243.0,254.0,1991,503407.0,TQBR
2016-05-11,251.0,256.0,251.0,256.0,8902,2269959.0,TQBR
2016-05-12,250.0,257.0,230.0,251.0,149,36789.0,TQBR
2016-05-13,244.0,264.0,220.0,229.0,1732,426241.0,TQBR
2016-05-16,238.0,248.0,229.0,244.0,195,45913.0,TQBR
2016-05-17,245.0,245.0,235.0,235.0,233,54929.0,TQBR
2016-05-18,238.0,241.0,237.0,241.0,92,21899.0,TQBR
2016-05-19,239.0,243.0,220.0,220.0,4603,1037652.0,TQBR
2016-05-20,228.0,232.0,222.0,228.0,1879,425122.0,TQBR
2016-05-23,226.0,231.0,226.0,229.0,156,35325.0,TQBR
2016-05-24,224.0,229.0,224.0,228.0,82,18683.0,TQBR
2016-05-25,234.0,240.0,224.0,228.0,473,107136.0,TQBR
2016-05-26,230.0,239.0,230.0,239.0,1707,403973.0,TQBR
2016-05-27,241.0,241.0,238.0,238.0,2,479.0,TQBR
2016-05-30,242.0,248.0,192.0,211.0,14303,2963461.0,TQBR
2016-05-31,214.0,217.0,205.0,207.0,1400,289469.0,TQBR
2016-06-01,208.0,211.0,208.0,209.0,539,112298.0,TQBR
2016-06-02,213.0,224.0,205.0,205.0,1281,266120.0,TQBR
2016-06-03,206.0,213.0,187.0,202.0,2913,568446.0,TQBR
2016-06-06,204.0,204.0,192.0,199.0,2612,513824.0,TQBR
2016-06-07,197.0,197.0,189.0,193.0,3322,634480.0,TQBR
2016-06-08,193.0,195.0,191.0,195.0,1536,296013.0,TQBR
2016-06-09,196.0,196.0,190.0,193.0,513,99738.0,TQBR
2016-06-10,193.0,193.0,180.0,184.0,4802,878781.0,TQBR
2016-06-14,185.0,192.0,184.0,191.0,393,74188.0,TQBR
2016-06-15,193.0,193.0,190.0,190.0,204,38844.0,TQBR
2016-06-16,188.0,188.0,184.0,185.0,382,70800.0,TQBR
2016-06-17,188.0,191.0,185.0,185.0,49,9258.0,TQBR
2016-06-20,194.0,195.0,185.0,188.0,100,19027.0,TQBR
2016-06-21,192.0,192.0,186.0,186.0,46,8686.0,TQBR
2016-06-22,187.0,191.0,187.0,191.0,3,565.0,TQBR
2016-06-23,188.0,188.0,188.0,188.0,22,4136.0,TQBR
2016-06-24,189.0,189.0,179.0,185.0,458,83025.0,TQBR
2016-06-27,185.0,190.0,183.0,185.0,1007,188704.0,TQBR
2016-06-28,186.0,186.0,180.0,185.0,844,153534.0,TQBR
2016-06-29,190.0,191.0,185.0,189.0,322,60149.0,TQBR
2016-06-30,189.0,190.0,185.0,189.0,93,17383.0,TQBR
2016-07-01,193.0,193.0,185.0,186.0,133,25111.0,TQBR
2016-07-04,203.0,250.0,195.0,212.0,21487,4843523.0,TQBR
2016-07-05,208.0,219.0,196.0,197.0,3121,646719.0,TQBR
2016-07-06,202.0,214.0,192.0,206.0,738,146000.0,TQBR
2016-07-07,199.0,203.0,198.0,202.0,171,34043.0,TQBR
2016-07-08,200.0,207.0,196.0,207.0,1619,321973.0,TQBR
2016-07-11,208.0,212.0,201.0,206.0,106,21722.0,TQBR
2016-07-12,209.0,219.0,200.0,205.0,343,69810.0,TQBR
2016-07-13,198.0,200.0,197.0,198.0,92,18224.0,TQBR
2016-07-14,200.0,200.0,195.0,197.0,670,130856.0,TQBR
2016-07-15,206.0,206.0,203.0,205.0,71,14554.0,TQBR
2016-07-18,205.0,205.0,202.0,203.0,58,11872.0,TQBR
2016-07-19,203.0,209.0,203.0,205.0,106,21922.0,TQBR
2016-07-20,209.0,223.0,207.0,209.0,124,26025.0,TQBR
2016-07-21,209.0,210.0,202.0,206.0,42,8606.0,TQBR
2016-07-22,206.0,233.0,206.0,213.0,91,19444.0,TQBR
2016-07-25,214.0,230.0,207.0,215.0,833,181076.0,TQBR
2016-07-26,217.0,258.0,205.0,223.0,1235,276804.0,TQBR
2016-07-27,223.0,243.0,218.0,220.0,192,42798.0,TQBR
2016-07-28,227.0,268.0,220.0,225.0,594,137468.0,TQBR
2016-07-29,228.0,233.0,210.0,218.0,856,184095.0,TQBR
2016-08-01,210.0,225.0,208.0,214.0,547,117161.0,TQBR
2016-08-02,217.0,228.0,212.0,214.0,48,10453.0,TQBR
2016-08-03,215.0,215.0,210.0,210.0,217,45740.0,TQBR
2016-08-04,212.0,212.0,206.0,206.0,100,21112.0,TQBR
2016-08-05,208.0,212.0,201.0,207.0,793,160163.0,TQBR
2016-08-08,215.0,215.0,200.0,206.0,919,188396.0,TQBR
2016-08-09,209.0,220.0,208.0,218.0,549,116200.0,TQBR
2016-08-10,219.0,226.0,213.0,213.0,45,9748.0,TQBR
2016-08-11,216.0,225.0,216.0,219.0,45,9923.0,TQBR
2016-08-12,222.0,231.0,216.0,221.0,402,87958.0,TQBR
2016-08-15,222.0,230.0,221.0,221.0,39,8717.0,TQBR
2016-08-16,224.0,228.0,222.0,222.0,95,21098.0,TQBR
2016-08-17,225.0,240.0,219.0,225.0,513,118681.0,TQBR
2016-08-18,239.0,243.0,225.0,228.0,109,25592.0,TQBR
2016-08-19,232.0,238.0,231.0,231.0,31,7304.0,TQBR
2016-08-22,234.0,239.0,231.0,231.0,146,34095.0,TQBR
2016-08-23,236.0,239.0,229.0,230.0,69,15956.0,TQBR
2016-08-24,233.0,237.0,210.0,227.0,143,32183.0,TQBR
2016-08-25,225.0,226.0,216.0,220.0,585,129213.0,TQBR
2016-08-26,228.0,238.0,220.0,220.0,93,20561.0,TQBR
2016-08-29,219.0,220.0,217.0,218.0,168,36844.0,TQBR
2016-08-30,218.0,219.0,217.0,217.0,172,37465.0,TQBR
2016-08-31,219.0,234.0,214.0,217.0,720,158856.0,TQBR
2016-09-01,217.0,217.0,202.0,213.0,4592,976051.0,TQBR
2016-09-02,213.0,213.0,213.0,213.0,619,131847.0,TQBR
2016-09-05,214.0,215.0,212.0,214.0,702,150437.0,TQBR
2016-09-06,215.0,217.0,212.0,217.0,1348,289772.0,TQBR
2016-09-07,218.0,220.0,216.0,218.0,217,47205.0,TQBR
2016-09-08,216.0,217.0,213.0,217.0,243,52276.0,TQBR
2016-09-09,219.0,220.0,210.0,211.0,1703,365802.0,TQBR
2016-09-12,211.0,211.0,202.0,205.0,111,22835.0,TQBR
2016-09-13,208.0,213.0,206.0,209.0,69,14384.0,TQBR
2016-09-14,209.0,210.0,209.0,209.0,32,6692.0,TQBR
2016-09-15,209.0,209.0,205.0,207.0,587,120458.0,TQBR
2016-09-16,208.0,219.0,205.0,205.0,499,104095.0,TQBR
2016-09-19,207.0,207.0,204.0,204.0,85,17406.0,TQBR
2016-09-20,203.0,207.0,203.0,204.0,53,10820.0,TQBR
2016-09-21,204.0,207.0,200.0,207.0,180,36385.0,TQBR
2016-09-22,206.0,209.0,200.0,207.0,1534,311033.0,TQBR
2016-09-23,206.0,213.0,200.0,200.0,700,140365.0,TQBR
2016-09-26,200.0,204.0,198.0,200.0,1455,293492.0,TQBR
2016-09-27,204.0,207.0,200.0,207.0,1707,349981.0,TQBR
2016-09-28,206.0,209.0,204.0,208.0,533,109970.0,TQBR
2016-09-29,207.0,216.0,206.0,213.0,4533,959923.0,TQBR
2016-09-30,212.0,215.0,204.0,214.0,536,112347.0,TQBR
2016-10-03,214.0,214.0,201.0,206.0,147,30645.0,TQBR
2016-10-04,206.0,210.0,206.0,209.0,221,46268.0,TQBR
2016-10-05,209.0,216.0,209.0,209.0,3602,761409.0,TQBR
2016-10-06,209.0,211.0,208.0,210.0,175,36713.0,TQBR
2016-10-07,209.0,211.0,207.0,208.0,280,58544.0,TQBR
2016-10-10,209.0,209.0,205.0,205.0,23,4758.0,TQBR
2016-10-11,205.0,205.0,201.0,205.0,74,15111.0,TQBR
2016-10-12,205.0,206.0,203.0,203.0,110,22567.0,TQBR
2016-10-13,202.0,204.0,202.0,204.0,44,8891.0,TQBR
2016-10-14,203.0,203.0,203.0,203.0,2,406.0,TQBR
2016-10-17,202.0,210.0,202.0,210.0,773,161965.0,TQBR
2016-10-18,207.0,210.0,207.0,210.0,358,75167.0,TQBR
2016-10-19,208.0,208.0,207.0,207.0,264,54911.0,TQBR
2016-10-20,206.0,207.0,205.0,207.0,274,56417.0,TQBR
2016-10-21,206.0,207.0,205.0,205.0,1062,218737.0,TQBR
2016-10-24,206.0,210.0,205.0,207.0,2417,498009.0,TQBR
2016-10-25,208.0,210.0,208.0,210.0,567,118851.0,TQBR
2016-10-26,209.0,210.0,208.0,210.0,730,152652.0,TQBR
2016-10-27,210.0,211.0,208.0,211.0,2183,458402.0,TQBR
2016-10-28,211.0,213.0,210.0,212.0,3842,815043.0,TQBR
2016-10-31,211.0,215.0,183.0,215.0,2333,496749.0,TQBR
2016-11-01,212.0,220.0,209.0,215.0,5785,1245711.0,TQBR
2016-11-02,215.0,215.0,209.0,215.0,1323,283257.0,TQBR
2016-11-03,213.0,215.0,212.0,215.0,1494,319074.0,TQBR
2016-11-07,215.0,215.0,212.0,212.0,1814,390007.0,TQBR
2016-11-08,213.0,215.0,213.0,215.0,938,201124.0,TQBR
2016-11-09,226.0,231.0,215.0,220.0,1421,309603.0,TQBR
2016-11-10,220.0,222.0,217.0,222.0,1798,395078.0,TQBR
2016-11-11,223.0,243.0,214.0,220.0,2161,475605.0,TQBR
2016-11-14,227.0,227.0,218.0,221.0,1173,259609.0,TQBR
2016-11-15,221.0,221.0,208.0,215.0,1805,398144.0,TQBR
2016-11-16,216.0,220.0,215.0,217.0,1400,304123.0,TQBR
2016-11-17,217.0,218.0,214.0,218.0,1324,287113.0,TQBR
2016-11-18,227.0,240.0,215.0,219.0,1130,245288.0,TQBR
2016-11-21,220.0,220.0,214.0,220.0,1627,353348.0,TQBR
2016-11-22,221.0,222.0,213.0,221.0,3915,855938.0,TQBR
2016-11-23,223.0,223.0,215.0,222.0,2027,448117.0,TQBR
2016-11-24,221.0,225.0,220.0,223.0,2143,477734.0,TQBR
2016-11-25,222.0,222.0,220.0,221.0,1308,288612.0,TQBR
2016-11-28,221.0,269.0,211.0,230.0,7686,1742427.0,TQBR
2016-11-29,231.0,268.0,229.0,250.0,11882,2898372.0,TQBR
2016-11-30,250.0,265.0,218.0,236.0,14281,3395825.0,TQBR
2016-12-01,235.0,248.0,234.0,245.0,8965,2152604.0,TQBR
2016-12-02,246.0,247.0,226.0,244.0,7581,1832329.0,TQBR
2016-12-05,241.0,247.0,231.0,247.0,6939,1679248.0,TQBR
2016-12-06,243.0,257.0,240.0,256.0,6717,1669048.0,TQBR
2016-12-07,256.0,298.0,244.0,246.0,26267,6839401.0,TQBR
2016-12-08,246.0,254.0,236.0,238.0,33945,8264012.0,TQBR
2016-12-09,240.0,261.0,236.0,241.0,25134,6112004.0,TQBR
2016-12-12,244.0,269.0,236.0,257.0,20503,5041021.0,TQBR
2016-12-13,256.0,296.0,252.0,285.0,15176,4290565.0,TQBR
2016-12-14,310.0,372.0,310.0,328.0,32361,10979107.0,TQBR
2016-12-15,340.0,349.0,300.0,325.0,12839,4102074.0,TQBR
2016-12-16,332.0,337.0,309.0,314.0,5850,1876433.0,TQBR
2016-12-19,319.0,326.0,301.0,315.0,7229,2249033.0,TQBR
2016-12-20,315.0,345.0,311.0,318.0,12132,3944253.0,TQBR
2016-12-21,323.0,327.0,316.0,321.0,1089,349414.0,TQBR
2016-12-22,321.0,328.0,304.0,322.0,4787,1527513.0,TQBR
2016-12-23,323.0,326.0,305.0,321.0,1777,566304.0,TQBR
2016-12-26,307.0,345.0,307.0,324.0,27403,9082202.0,TQBR
2016-12-27,330.0,375.0,321.0,324.0,16397,5623720.0,TQBR
2016-12-28,323.0,348.0,297.0,340.0,23689,7581378.0,TQBR
2016-12-29,357.0,357.0,331.0,343.0,16018,5524240.0,TQBR
2016-12-30,349.0,359.0,345.0,353.0,8048,2836433.0,TQBR
2017-01-03,359.0,359.0,347.0,350.0,343,120263.0,TQBR
2017-01-04,351.0,354.0,330.0,340.0,575,195242.0,TQBR
2017-01-05,339.0,342.0,321.0,332.0,377,124890.0,TQBR
2017-01-06,326.0,333.0,326.0,332.0,84,27747.0,TQBR
2017-01-09,333.0,334.0,325.0,332.0,394,129691.0,TQBR
2017-01-10,331.0,334.0,315.0,331.0,1489,487776.0,TQBR
2017-01-11,331.0,334.0,327.0,334.0,41,13591.0,TQBR
2017-01-12,334.0,337.0,326.0,334.0,502,166666.0,TQBR
2017-01-13,332.0,332.0,319.0,320.0,1310,422242.0,TQBR
2017-01-16,321.0,335.0,321.0,331.0,2573,841753.0,TQBR
2017-01-17,330.0,345.0,326.0,338.0,2818,947045.0,TQBR
2017-01-18,339.0,345.0,329.0,343.0,4929,1653941.0,TQBR
2017-01-19,348.0,350.0,336.0,339.0,5257,1808347.0,TQBR
2017-01-20,339.0,341.0,330.0,336.0,663,223354.0,TQBR
2017-01-23,335.0,339.0,327.0,338.0,2687,905963.0,TQBR
2017-01-24,337.0,350.0,329.0,336.0,3042,1035049.0,TQBR
2017-01-25,338.0,339.0,327.0,330.0,413,137531.0,TQBR
2017-01-26,328.0,340.0,324.0,327.0,4251,1411555.0,TQBR
2017-01-27,330.0,348.0,330.0,339.0,1834,618398.0,TQBR
2017-01-30,340.0,340.0,333.0,336.0,407,136340.0,TQBR
2017-01-31,336.0,347.0,333.0,341.0,1203,411581.0,TQBR
2017-02-01,343.0,360.0,334.0,353.0,5438,1899276.0,TQBR
2017-02-02,355.0,358.0,341.0,349.0,2071,729595.0,TQBR
2017-02-03,347.0,350.0,339.0,346.0,1772,613940.0,TQBR
2017-02-06,346.0,356.0,346.0,356.0,2222,781290.0,TQBR
2017-02-07,360.0,365.0,355.0,359.0,488,175233.0,TQBR
2017-02-08,360.0,363.0,355.0,355.0,529,189262.0,TQBR
2017-02-09,354.0,375.0,354.0,366.0,4876,1765040.0,TQBR
2017-02-10,375.0,390.0,370.0,378.0,7390,2818852.0,TQBR
2017-02-13,376.0,388.0,351.0,388.0,4823,1826148.0,TQBR
2017-02-14,378.0,400.0,371.0,390.0,7175,2790890.0,TQBR
2017-02-15,397.0,399.0,386.0,397.0,7905,3105117.0,TQBR
2017-02-16,399.0,400.0,387.0,400.0,2122,842855.0,TQBR
2017-02-17,400.0,401.0,395.0,399.0,1660,662163.0,TQBR
2017-02-20,401.0,425.0,387.0,403.0,2365,944783.0,TQBR
2017-02-21,400.0,413.0,350.0,385.0,2797,1091497.0,TQBR
2017-02-22,392.0,413.0,378.0,409.0,11004,4412578.0,TQBR
2017-02-24,410.0,410.0,400.0,409.0,111,45252.0,TQBR
2017-02-27,406.0,418.0,390.0,390.0,8938,3652137.0,TQBR
2017-02-28,391.0,411.0,376.0,411.0,20437,8256172.0,TQBR
2017-03-01,410.0,410.0,393.0,400.0,382,152747.0,TQBR
2017-03-02,395.0,400.0,390.0,390.0,267,105175.0,TQBR
2017-03-03,385.0,407.0,380.0,398.0,2747,1102827.0,TQBR
2017-03-06,399.0,410.0,398.0,400.0,5362,2156943.0,TQBR
2017-03-07,411.0,418.0,395.0,400.0,8274,3331125.0,TQBR
2017-03-09,400.0,409.0,387.0,409.0,13824,5595454.0,TQBR
2017-03-10,409.0,411.0,395.0,410.0,8240,3353280.0,TQBR
2017-03-13,411.0,416.0,402.0,412.0,2915,1198480.0,TQBR
2017-03-14,416.0,420.0,405.0,414.0,6711,2780912.0,TQBR
2017-03-15,415.0,419.0,414.0,417.0,13797,5746608.0,TQBR
2017-03-16,420.0,420.0,413.0,419.0,7803,3255398.0,TQBR
2017-03-17,415.0,419.0,415.0,417.0,7824,3261518.0,TQBR
2017-03-20,417.0,417.0,411.0,415.0,3154,1311748.0,TQBR
2017-03-21,417.0,418.0,401.0,401.0,3369,1378994.0,TQBR
2017-03-22,398.0,405.0,387.0,404.0,2036,812006.0,TQBR
2017-03-23,403.0,410.0,394.0,400.0,8372,3362370.0,TQBR
2017-03-24,399.0,405.0,390.0,400.0,977,392071.0,TQBR
2017-03-27,402.0,402.0,382.0,399.0,5456,2164731.0,TQBR
2017-03-28,396.0,398.0,393.0,398.0,1541,609359.0,TQBR
2017-03-29,399.0,403.0,395.0,403.0,21302,8492882.0,TQBR
2017-03-30,405.0,405.0,395.0,397.0,21747,8665544.0,TQBR
2017-03-31,400.0,415.0,396.0,400.0,15014,5994359.0,TQBR
2017-04-03,409.0,409.0,400.0,406.0,1026,415117.0,TQBR
2017-04-04,410.0,410.0,401.0,402.0,5690,2315423.0,TQBR
2017-04-05,403.0,403.0,395.0,395.0,3625,1445900.0,TQBR
2017-04-06,395.0,400.0,392.0,397.0,2848,1134808.0,TQBR
2017-04-07,396.0,405.0,391.0,397.0,3236,1296320.0,TQBR
2017-04-10,403.0,406.0,392.0,397.0,3075,1221432.0,TQBR
2017-04-11,397.0,400.0,395.0,396.0,1797,710502.0,TQBR
2017-04-12,393.0,402.0,361.0,389.0,3387,1322788.0,TQBR
2017-04-13,385.0,385.0,380.0,380.0,2521,968570.0,TQBR
2017-04-14,394.0,399.0,379.0,399.0,1584,624867.0,TQBR
2017-04-17,387.0,399.0,387.0,398.0,2141,852587.0,TQBR
2017-04-18,388.0,400.0,388.0,389.0,1846,733636.0,TQBR
2017-04-19,389.0,397.0,389.0,395.0,3860,1525041.0,TQBR
2017-04-20,391.0,399.0,389.0,399.0,1764,698604.0,TQBR
2017-04-21,391.0,398.0,361.0,394.0,3522,1380165.0,TQBR
2017-04-24,389.0,394.0,370.0,391.0,3042,1181313.0,TQBR
2017-04-25,387.0,399.0,387.0,399.0,6155,2435393.0,TQBR
2017-04-26,390.0,399.0,390.0,399.0,4762,1891414.0,TQBR
2017-04-27,398.0,403.0,395.0,400.0,7636,3052359.0,TQBR
2017-04-28,389.0,399.0,387.0,398.0,14222,5640987.0,TQBR
2017-05-02,399.0,469.0,396.0,399.0,10311,4128756.0,TQBR
2017-05-03,396.0,401.0,391.0,400.0,12752,5063522.0,TQBR
2017-05-04,405.0,425.0,391.0,395.0,11515,4565108.0,TQBR
2017-05-05,400.0,425.0,398.0,409.0,15262,6119112.0,TQBR
2017-05-10,424.0,425.0,406.0,416.0,1768,746847.0,TQBR
2017-05-11,423.0,435.0,423.0,430.0,7253,3120769.0,TQBR
2017-05-12,444.0,445.0,427.0,440.0,11938,5188306.0,TQBR
2017-05-15,445.0,450.0,445.0,450.0,5306,2379754.0,TQBR
2017-05-16,459.0,468.0,436.0,437.0,648,288714.0,TQBR
2017-05-17,437.0,470.0,437.0,455.0,14692,6622059.0,TQBR
2017-05-18,460.0,471.0,460.0,468.0,4540,2129957.0,TQBR
2017-05-19,471.0,475.0,465.0,474.0,2272,1074432.0,TQBR
2017-05-22,473.0,490.0,464.0,486.0,10483,5065364.0,TQBR
2017-05-23,487.0,494.0,480.0,489.0,4763,2314422.0,TQBR
2017-05-24,489.0,497.0,481.0,490.0,3716,1824911.0,TQBR
2017-05-25,490.0,515.0,490.0,515.0,14635,7303051.0,TQBR
2017-05-26,515.0,527.0,503.0,510.0,7162,3670754.0,TQBR
2017-05-29,509.0,520.0,509.0,520.0,8261,4245956.0,TQBR
2017-05-30,515.0,525.0,510.0,520.0,1570,818394.0,TQBR
2017-05-31,525.0,531.0,508.0,520.0,1276,661269.0,TQBR
2017-06-01,509.0,559.0,410.0,540.0,10028,5208210.0,TQBR
2017-06-02,515.0,546.0,515.0,546.0,5327,2857143.0,TQBR
2017-06-05,540.0,565.0,540.0,556.0,14391,7979996.0,TQBR
2017-06-06,553.0,570.0,553.0,570.0,2879,1620022.0,TQBR
2017-06-07,570.0,575.0,557.0,573.0,3858,2199549.0,TQBR
2017-06-08,562.0,575.0,553.0,564.0,342,192749.0,TQBR
2017-06-09,554.0,574.0,554.0,565.0,3514,1986872.0,TQBR
2017-06-13,564.0,575.0,551.0,575.0,1239,700967.0,TQBR
2017-06-14,566.0,598.0,565.0,594.0,12697,7331275.0,TQBR
2017-06-15,583.0,598.0,583.0,590.0,5068,2993513.0,TQBR
2017-06-16,590.0,600.0,580.0,595.0,4549,2700801.0,TQBR
2017-06-19,598.0,645.0,525.0,580.0,8016,4686070.0,TQBR
2017-06-20,566.0,594.0,531.0,587.0,9161,5356998.0,TQBR
2017-06-21,573.0,595.0,573.0,590.0,9646,5662004.0,TQBR
2017-06-22,599.0,615.0,599.0,605.0,5838,3524434.0,TQBR
2017-06-23,604.0,610.0,600.0,607.0,2794,1696264.0,TQBR
2017-06-26,627.0,670.0,612.0,640.0,8490,5283506.0,TQBR
2017-06-27,675.0,692.0,612.0,650.0,9708,6374398.0,TQBR
2017-06-28,655.0,699.0,650.0,699.0,9663,6585936.0,TQBR
2017-06-29,680.0,749.0,675.0,740.0,6671,4729217.0,TQBR
2017-06-30,746.0,839.0,741.0,780.0,4183,3224472.0,TQBR
2017-07-03,799.0,899.0,780.0,785.0,590,465394.0,TQBR
2017-07-04,849.0,1000.0,800.0,818.0,4595,3717101.0,TQBR
2017-07-05,801.0,838.0,750.0,824.0,1813,1465282.0,TQBR
2017-07-06,830.0,845.0,761.0,844.0,2675,2226245.0,TQBR
2017-07-07,816.0,895.0,816.0,840.0,5906,4992109.0,TQBR
2017-07-10,833.0,850.0,815.0,850.0,3007,2532935.0,TQBR
2017-07-11,850.0,850.0,824.0,824.0,279,233649.0,TQBR
2017-07-12,906.0,906.0,834.0,845.0,5550,4728405.0,TQBR
2017-07-13,822.0,860.0,822.0,855.0,1866,1590542.0,TQBR
2017-07-14,850.0,860.0,827.0,855.0,2562,2189001.0,TQBR
2017-07-17,888.0,898.0,851.0,852.0,32,27514.0,TQBR
2017-07-18,849.0,865.0,849.0,865.0,2873,2469789.0,TQBR
2017-07-19,870.0,900.0,829.0,850.0,2766,2370268.0,TQBR
2017-07-20,844.0,865.0,844.0,855.0,3590,3071948.0,TQBR
2017-07-21,834.0,885.0,834.0,879.0,4733,4071932.0,TQBR
2017-07-24,881.0,895.0,880.0,889.0,1784,1584390.0,TQBR
2017-07-25,889.0,890.0,870.0,880.0,2030,1790962.0,TQBR
2017-07-26,880.0,889.0,851.0,877.0,5173,4582086.0,TQBR
2017-07-27,900.0,909.0,848.0,870.0,1304,1137285.0,TQBR
2017-07-28,904.0,905.0,850.0,879.0,2417,2116670.0,TQBR
2017-07-31,870.0,877.0,850.0,855.0,7888,6781131.0,TQBR
2017-08-01,862.0,900.0,836.0,880.0,9361,8170785.0,TQBR
2017-08-02,881.0,885.0,850.0,860.0,1441,1251813.0,TQBR
2017-08-03,862.0,885.0,860.0,880.0,1595,1404224.0,TQBR
2017-08-04,884.0,946.0,884.0,890.0,1213,1082686.0,TQBR
2017-08-07,898.0,898.0,894.0,895.0,1041,931731.0,TQBR
2017-08-08,919.0,931.0,880.0,880.0,2571,2326056.0,TQBR
2017-08-09,876.0,998.0,874.0,922.0,2568,2409284.0,TQBR
2017-08-10,996.0,998.0,905.0,937.0,2818,2632221.0,TQBR
2017-08-11,960.0,977.0,875.0,877.0,3924,3661162.0,TQBR
2017-08-14,872.0,980.0,850.0,975.0,5642,5450882.0,TQBR
2017-08-15,975.0,980.0,940.0,941.0,122,116926.0,TQBR
2017-08-16,984.0,984.0,951.0,968.0,7741,7481084.0,TQBR
2017-08-17,979.0,996.0,950.0,969.0,7687,7440816.0,TQBR
2017-08-18,951.0,969.0,951.0,955.0,1982,1897815.0,TQBR
2017-08-21,986.0,986.0,950.0,969.0,2186,2077909.0,TQBR
2017-08-22,994.0,994.0,944.0,955.0,2895,2756960.0,TQBR
2017-08-23,983.0,984.0,902.0,945.0,2571,2430167.0,TQBR
2017-08-24,958.0,962.0,925.0,925.0,343,318248.0,TQBR
2017-08-25,948.0,955.0,880.0,883.0,3010,2716508.0,TQBR
2017-08-28,948.0,997.0,902.0,980.0,58236,56024886.0,TQBR
2017-08-29,980.0,1080.0,980.0,1010.0,11642,11728803.0,TQBR
2017-08-30,1010.0,1093.0,989.0,1075.0,4365,4450790.0,TQBR
2017-08-31,1094.0,1148.0,1032.0,1055.0,1301,1370042.0,TQBR
2017-09-01,1065.0,1095.0,1036.0,1050.0,885,927934.0,TQBR
2017-09-04,1099.0,1117.0,1002.0,1011.0,1278,1358785.0,TQBR
2017-09-05,1011.0,1108.0,999.0,1062.0,838,869837.0,TQBR
2017-09-06,1119.0,1119.0,974.0,1050.0,2653,2799481.0,TQBR
2017-09-07,1039.0,1040.0,1020.0,1035.0,970,1005026.0,TQBR
2017-09-08,1028.0,1034.0,982.0,1005.0,1258,1288166.0,TQBR
2017-09-11,980.0,1060.0,952.0,1040.0,1908,1965182.0,TQBR
2017-09-12,1024.0,1055.0,1020.0,1051.0,785,814286.0,TQBR
2017-09-13,1024.0,1067.0,1020.0,1065.0,1365,1416387.0,TQBR
2017-09-14,1040.0,1053.0,1011.0,1038.0,964,1002163.0,TQBR
2017-09-15,1050.0,1141.0,1023.0,1036.0,413,430206.0,TQBR
2017-09-18,1021.0,1035.0,1016.0,1024.0,545,559661.0,TQBR
2017-09-19,1048.0,1117.0,1022.0,1035.0,214,222716.0,TQBR
2017-09-20,1023.0,1066.0,1023.0,1030.0,198,203977.0,TQBR
2017-09-21,1077.0,1109.0,1029.0,1030.0,549,568731.0,TQBR
2017-09-22,1030.0,1033.0,1013.0,1013.0,540,556213.0,TQBR
2017-09-25,1029.0,1094.0,953.0,1094.0,1155,1187151.0,TQBR
2017-09-26,1040.0,1066.0,1020.0,1040.0,1376,1424260.0,TQBR
2017-09-27,1031.0,1031.0,1020.0,1020.0,977,1006081.0,TQBR
2017-09-28,1021.0,1031.0,1020.0,1031.0,130,132660.0,TQBR
2017-09-29,1041.0,1041.0,1030.0,1040.0,1936,2008042.0,TQBR
2017-10-02,1032.0,1058.0,1030.0,1058.0,184,189702.0,TQBR
2017-10-03,1023.0,1025.0,1014.0,1020.0,26,26537.0,TQBR
2017-10-04,1011.0,1035.0,1004.0,1012.0,693,710053.0,TQBR
2017-10-05,1001.0,1050.0,1000.0,1027.0,839,863632.0,TQBR
2017-10-06,1049.0,1070.0,1009.0,1031.0,197,203450.0,TQBR
2017-10-09,985.0,1070.0,985.0,1005.0,869,880078.0,TQBR
2017-10-10,1025.0,1030.0,1000.0,1000.0,816,822668.0,TQBR
2017-10-11,1028.0,1028.0,996.0,1017.0,515,524978.0,TQBR
2017-10-12,1019.0,1148.0,960.0,976.0,395,393914.0,TQBR
2017-10-13,985.0,1015.0,968.0,979.0,141,139295.0,TQBR
2017-10-16,997.0,1017.0,970.0,1000.0,1611,1621602.0,TQBR
2017-10-17,981.0,999.0,980.0,999.0,6,5939.0,TQBR
2017-10-18,1013.0,1020.0,940.0,992.0,2633,2640620.0,TQBR
2017-10-19,997.0,1020.0,988.0,1000.0,1292,1294835.0,TQBR
2017-10-20,1000.0,1000.0,990.0,990.0,803,799999.0,TQBR
2017-10-23,1011.0,1011.0,950.0,994.0,1786,1752740.0,TQBR
2017-10-24,991.0,991.0,951.0,960.0,970,944602.0,TQBR
2017-10-25,955.0,1000.0,951.0,955.0,1686,1639801.0,TQBR
2017-10-26,923.0,949.0,866.0,942.0,343,318422.0,TQBR
2017-10-27,906.0,998.0,906.0,998.0,1467,1393097.0,TQBR
2017-10-30,951.0,1015.0,950.0,1000.0,3319,3274598.0,TQBR
2017-10-31,961.0,1048.0,957.0,1017.0,3135,3133847.0,TQBR
2017-11-01,1000.0,1010.0,965.0,975.0,1222,1209005.0,TQBR
2017-11-02,965.0,980.0,960.0,975.0,409,397005.0,TQBR
2017-11-03,965.0,965.0,950.0,950.0,61,58755.0,TQBR
2017-11-07,950.0,950.0,935.0,945.0,69,65440.0,TQBR
2017-11-08,950.0,970.0,945.0,945.0,231,220700.0,TQBR
2017-11-09,950.0,1010.0,925.0,1000.0,1081,1050250.0,TQBR
2017-11-10,975.0,995.0,950.0,950.0,832,811105.0,TQBR
2017-11-13,965.0,965.0,940.0,950.0,244,231390.0,TQBR
2017-11-14,950.0,980.0,950.0,950.0,1190,1152865.0,TQBR
2017-11-15,950.0,1045.0,945.0,950.0,881,850315.0,TQBR
2017-11-16,945.0,950.0,935.0,950.0,298,282135.0,TQBR
2017-11-17,940.0,950.0,940.0,950.0,116,110180.0,TQBR
2017-11-20,940.0,980.0,905.0,930.0,1487,1421255.0,TQBR
2017-11-21,935.0,985.0,935.0,960.0,698,665515.0,TQBR
2017-11-22,950.0,950.0,930.0,950.0,190,179115.0,TQBR
2017-11-23,940.0,950.0,925.0,950.0,368,348480.0,TQBR
2017-11-24,950.0,1045.0,950.0,950.0,2427,2365310.0,TQBR
2017-11-27,945.0,970.0,935.0,940.0,1418,1349205.0,TQBR
2017-11-28,945.0,960.0,935.0,945.0,624,591330.0,TQBR
2017-11-29,945.0,980.0,930.0,950.0,213,200550.0,TQBR
2017-11-30,940.0,950.0,925.0,925.0,142,132475.0,TQBR
2017-12-01,935.0,945.0,900.0,930.0,1871,1762825.0,TQBR
2017-12-04,960.0,960.0,910.0,945.0,990,926570.0,TQBR
2017-12-05,940.0,940.0,915.0,930.0,54,49790.0,TQBR
2017-12-06,930.0,950.0,930.0,945.0,5259,4945335.0,TQBR
2017-12-07,945.0,945.0,935.0,935.0,602,568870.0,TQBR
2017-12-08,945.0,985.0,940.0,950.0,1400,1332410.0,TQBR
2017-12-11,945.0,950.0,940.0,950.0,940,890465.0,TQBR
2017-12-12,945.0,955.0,940.0,940.0,532,504480.0,TQBR
2017-12-13,940.0,950.0,935.0,950.0,212,201260.0,TQBR
2017-12-14,950.0,990.0,940.0,950.0,1094,1041940.0,TQBR
2017-12-15,950.0,970.0,935.0,960.0,910,864285.0,TQBR
2017-12-18,955.0,965.0,950.0,955.0,653,622620.0,TQBR
2017-12-19,955.0,990.0,945.0,980.0,2591,2517610.0,TQBR
2017-12-20,980.0,990.0,950.0,990.0,1673,1629880.0,TQBR
2017-12-21,980.0,995.0,900.0,950.0,6940,6663870.0,TQBR
2017-12-22,945.0,1000.0,920.0,955.0,4545,4319235.0,TQBR
2017-12-25,950.0,990.0,925.0,935.0,3802,3603855.0,TQBR
2017-12-26,940.0,1015.0,940.0,995.0,15893,15587995.0,TQBR
2017-12-27,990.0,1000.0,955.0,965.0,2153,2085745.0,TQBR
2017-12-28,970.0,1025.0,970.0,1000.0,8561,8565520.0,TQBR
2017-12-29,995.0,1045.0,975.0,975.0,43876,43641005.0,TQBR
2018-01-03,985.0,990.0,980.0,980.0,73,71760.0,TQBR
2018-01-05,985.0,985.0,985.0,985.0,45,44325.0,TQBR
2018-01-09,980.0,995.0,970.0,995.0,104,101455.0,TQBR
2018-01-10,985.0,1015.0,980.0,990.0,698,696495.0,TQBR
2018-01-11,990.0,990.0,955.0,965.0,4698,4507220.0,TQBR
2018-01-12,960.0,970.0,930.0,955.0,671,641825.0,TQBR
2018-01-15,955.0,960.0,950.0,960.0,271,258325.0,TQBR
2018-01-16,950.0,960.0,940.0,960.0,97,91790.0,TQBR
2018-01-17,955.0,965.0,955.0,965.0,191,182910.0,TQBR
2018-01-18,960.0,960.0,945.0,950.0,92,87380.0,TQBR
2018-01-19,950.0,950.0,920.0,945.0,154,143265.0,TQBR
2018-01-22,945.0,960.0,940.0,945.0,827,786395.0,TQBR
2018-01-23,950.0,965.0,920.0,950.0,1228,1172300.0,TQBR
2018-01-24,950.0,950.0,925.0,940.0,250,234225.0,TQBR
2018-01-25,935.0,940.0,925.0,940.0,249,231775.0,TQBR
2018-01-26,940.0,940.0,930.0,935.0,44,41330.0,TQBR
2018-01-29,935.0,950.0,920.0,950.0,2172,2058935.0,TQBR
2018-01-30,940.0,950.0,930.0,945.0,1028,975125.0,TQBR
2018-01-31,950.0,950.0,945.0,945.0,59,55930.0,TQBR
2018-02-01,945.0,950.0,945.0,950.0,535,508115.0,TQBR
2018-02-02,950.0,950.0,950.0,950.0,562,533900.0,TQBR
2018-02-05,945.0,945.0,945.0,945.0,35,33075.0,TQBR
2018-02-06,940.0,940.0,930.0,930.0,61,57240.0,TQBR
2018-02-07,930.0,930.0,925.0,925.0,36,33345.0,TQBR
2018-02-08,925.0,950.0,925.0,935.0,1628,1536710.0,TQBR
2018-02-09,930.0,945.0,930.0,945.0,501,472920.0,TQBR
2018-02-12,945.0,945.0,935.0,935.0,37,34780.0,TQBR
2018-02-13,930.0,965.0,920.0,920.0,2112,1973500.0,TQBR
2018-02-14,915.0,935.0,915.0,930.0,821,762770.0,TQBR
2018-02-15,930.0,930.0,925.0,930.0,125,116240.0,TQBR
2018-02-16,935.0,945.0,920.0,920.0,74,69505.0,TQBR
2018-02-19,925.0,925.0,925.0,925.0,22,20350.0,TQBR
2018-02-20,925.0,925.0,910.0,910.0,45,41245.0,TQBR
2018-02-21,915.0,935.0,910.0,910.0,2630,2448690.0,TQBR
2018-02-22,915.0,915.0,915.0,915.0,5,4575.0,TQBR
2018-02-26,920.0,935.0,920.0,930.0,547,510115.0,TQBR
2018-02-27,920.0,930.0,920.0,930.0,248,230610.0,TQBR
2018-02-28,920.0,920.0,920.0,920.0,5,4600.0,TQBR
2018-03-01,915.0,915.0,905.0,905.0,56,51030.0,TQBR
2018-03-02,905.0,905.0,905.0,905.0,7,6335.0,TQBR
2018-03-05,900.0,900.0,900.0,900.0,11,9900.0,TQBR
2018-03-06,895.0,895.0,880.0,885.0,69,60960.0,TQBR
2018-03-07,885.0,885.0,880.0,880.0,6,5295.0,TQBR
2018-03-12,885.0,885.0,875.0,875.0,9,7910.0,TQBR
2018-03-13,875.0,875.0,850.0,850.0,76,65095.0,TQBR
2018-03-14,850.0,935.0,825.0,840.0,444,379055.0,TQBR
2018-03-15,830.0,830.0,780.0,815.0,160,128545.0,TQBR
2018-03-16,805.0,810.0,800.0,800.0,15,12045.0,TQBR
2018-03-19,790.0,790.0,710.0,760.0,174,130810.0,TQBR
2018-03-20,765.0,850.0,755.0,840.0,539,432845.0,TQBR
2018-03-21,815.0,830.0,795.0,820.0,13,10535.0,TQBR
2018-03-22,845.0,950.0,800.0,820.0,2832,2461100.0,TQBR
2018-03-23,840.0,840.0,770.0,785.0,186,147205.0,TQBR
2018-03-26,775.0,940.0,770.0,915.0,1481,1308690.0,TQBR
2018-03-27,915.0,920.0,900.0,910.0,1590,1446800.0,TQBR
2018-03-28,930.0,935.0,850.0,915.0,5993,5431560.0,TQBR
2018-03-29,930.0,950.0,930.0,945.0,8860,8373200.0,TQBR
2018-03-30,950.0,950.0,920.0,940.0,11846,11216360.0,TQBR
2018-04-02,950.0,950.0,820.0,950.0,364,345360.0,TQBR
2018-04-03,895.0,950.0,895.0,930.0,4727,4420655.0,TQBR
2018-04-04,940.0,945.0,940.0,945.0,20,18825.0,TQBR
2018-04-05,885.0,950.0,885.0,950.0,1023,961720.0,TQBR
2018-04-06,950.0,950.0,930.0,945.0,2550,2392225.0,TQBR
2018-04-09,940.0,940.0,900.0,920.0,2001,1840920.0,TQBR
2018-04-10,985.0,985.0,890.0,890.0,5060,4809005.0,TQBR
2018-04-11,900.0,900.0,900.0,900.0,300,270000.0,TQBR
2018-04-12,890.0,890.0,890.0,890.0,688,612320.0,TQBR
2018-04-16,910.0,910.0,900.0,900.0,502,451820.0,TQBR
2018-04-17,895.0,910.0,890.0,910.0,506,455385.0,TQBR
2018-04-18,915.0,950.0,900.0,910.0,527,475320.0,TQBR
2018-04-19,940.0,950.0,920.0,920.0,6,5645.0,TQBR
2018-04-20,925.0,950.0,910.0,950.0,40,37415.0,TQBR
2018-04-24,950.0,955.0,950.0,955.0,60,57045.0,TQBR
2018-04-25,905.0,905.0,900.0,900.0,501,450910.0,TQBR
2018-04-26,900.0,900.0,900.0,900.0,401,360900.0,TQBR
2018-04-27,905.0,905.0,905.0,905.0,2,1810.0,TQBR
2018-04-28,940.0,945.0,940.0,945.0,40,37760.0,TQBR
2018-05-02,945.0,945.0,945.0,945.0,1,945.0,TQBR
2018-05-04,905.0,905.0,890.0,890.0,1750,1567300.0,TQBR
2018-05-07,900.0,900.0,900.0,900.0,72,64800.0,TQBR
2018-05-10,900.0,920.0,900.0,920.0,51,46900.0,TQBR
2018-05-11,920.0,920.0,900.0,900.0,42,38500.0,TQBR
2018-05-14,900.0,900.0,900.0,900.0,412,370800.0,TQBR
2018-05-16,900.0,900.0,890.0,890.0,2202,1968290.0,TQBR
2018-05-17,900.0,945.0,890.0,920.0,2217,1982465.0,TQBR
2018-05-18,905.0,925.0,890.0,925.0,2265,2024595.0,TQBR
2018-05-21,905.0,910.0,895.0,895.0,548,493135.0,TQBR
2018-05-22,900.0,900.0,900.0,900.0,21,18900.0,TQBR
2018-05-23,905.0,905.0,900.0,900.0,105,94545.0,TQBR
2018-05-24,900.0,940.0,855.0,940.0,2206,1971745.0,TQBR
2018-05-25,900.0,915.0,890.0,900.0,2336,2087630.0,TQBR
2018-05-28,900.0,905.0,900.0,905.0,132,118815.0,TQBR
2018-05-29,900.0,900.0,890.0,890.0,2202,1968290.0,TQBR
2018-05-30,925.0,950.0,855.0,855.0,2304,2060765.0,TQBR
2018-05-31,905.0,905.0,890.0,895.0,2238,2000400.0,TQBR
2018-06-01,900.0,900.0,890.0,900.0,2310,2064455.0,TQBR
2018-06-04,900.0,900.0,890.0,890.0,2350,2100000.0,TQBR
2018-06-05,900.0,940.0,890.0,920.0,2820,2519940.0,TQBR
2018-06-06,900.0,910.0,895.0,900.0,575,517350.0,TQBR
2018-06-07,900.0,900.0,880.0,895.0,2813,2512065.0,TQBR
2018-06-08,900.0,930.0,870.0,895.0,2553,2280525.0,TQBR
2018-06-09,900.0,910.0,900.0,900.0,431,387925.0,TQBR
2018-06-11,900.0,900.0,890.0,890.0,3,2690.0,TQBR
2018-06-13,900.0,905.0,890.0,895.0,2706,2417130.0,TQBR
2018-06-14,900.0,900.0,880.0,890.0,2852,2546760.0,TQBR
2018-06-15,900.0,900.0,890.0,895.0,2253,2013680.0,TQBR
2018-06-18,900.0,900.0,890.0,895.0,2708,2418635.0,TQBR
2018-06-19,900.0,900.0,890.0,895.0,2451,2189895.0,TQBR
2018-06-20,900.0,900.0,890.0,895.0,2698,2409730.0,TQBR
2018-06-21,900.0,900.0,890.0,895.0,2570,2295805.0,TQBR
2018-06-22,900.0,900.0,885.0,890.0,2476,2212215.0,TQBR
2018-06-25,900.0,900.0,885.0,890.0,3141,2804175.0,TQBR
2018-06-26,890.0,900.0,880.0,890.0,2515,2246660.0,TQBR
2018-06-27,900.0,900.0,885.0,890.0,3002,2680015.0,TQBR
2018-06-28,895.0,895.0,885.0,890.0,2679,2390305.0,TQBR
2018-06-29,900.0,900.0,885.0,890.0,2823,2521110.0,TQBR
2018-07-02,900.0,900.0,885.0,890.0,2953,2636665.0,TQBR
2018-07-03,895.0,895.0,885.0,890.0,2563,2287015.0,TQBR
2018-07-04,900.0,900.0,880.0,890.0,2988,2666725.0,TQBR
2018-07-05,900.0,900.0,885.0,890.0,2766,2470210.0,TQBR
2018-07-06,895.0,895.0,880.0,890.0,3330,2966500.0,TQBR
2018-07-09,895.0,895.0,890.0,890.0,3023,2696485.0,TQBR
2018-07-10,895.0,895.0,885.0,890.0,2801,2498885.0,TQBR
2018-07-11,900.0,900.0,885.0,890.0,3224,2877740.0,TQBR
2018-07-12,895.0,895.0,890.0,890.0,3281,2926090.0,TQBR
2018-07-13,890.0,890.0,880.0,890.0,2562,2278145.0,TQBR
2018-07-16,895.0,895.0,885.0,885.0,2899,2582725.0,TQBR
2018-07-17,895.0,895.0,885.0,890.0,2635,2351045.0,TQBR
2018-07-18,900.0,900.0,885.0,890.0,3157,2818160.0,TQBR
2018-07-19,895.0,895.0,890.0,890.0,3180,2836200.0,TQBR
2018-07-20,895.0,895.0,890.0,890.0,3214,2866460.0,TQBR
2018-07-23,895.0,895.0,885.0,890.0,3279,2924290.0,TQBR
2018-07-24,895.0,895.0,885.0,890.0,2950,2631450.0,TQBR
2018-07-25,885.0,890.0,880.0,890.0,329,290990.0,TQBR
2018-07-26,885.0,890.0,885.0,890.0,100,88750.0,TQBR
2018-07-27,890.0,890.0,890.0,890.0,50,44500.0,TQBR
2018-07-30,890.0,890.0,890.0,890.0,50,44500.0,TQBR
2018-07-31,890.0,890.0,890.0,890.0,50,44500.0,TQBR
2018-08-01,890.0,890.0,880.0,890.0,101,89880.0,TQBR
2018-08-02,890.0,890.0,890.0,890.0,50,44500.0,TQBR
2018-08-03,890.0,890.0,880.0,890.0,102,90770.0,TQBR
2018-08-06,890.0,890.0,880.0,890.0,165,146665.0,TQBR
2018-08-07,890.0,890.0,890.0,890.0,50,44500.0,TQBR
2018-08-08,890.0,890.0,890.0,890.0,50,44500.0,TQBR
2018-08-09,890.0,890.0,875.0,890.0,461,406625.0,TQBR
2018-08-10,890.0,890.0,880.0,890.0,177,157265.0,TQBR
2018-08-13,890.0,890.0,880.0,890.0,184,162940.0,TQBR
2018-08-14,890.0,890.0,880.0,890.0,450,397000.0,TQBR
2018-08-15,890.0,890.0,880.0,890.0,104,92520.0,TQBR
2018-08-16,890.0,890.0,880.0,890.0,109,96930.0,TQBR
2018-08-17,890.0,890.0,880.0,885.0,500,440750.0,TQBR
2018-08-20,890.0,890.0,880.0,880.0,136,120880.0,TQBR
2018-08-21,885.0,885.0,880.0,885.0,598,526855.0,TQBR
2018-08-22,890.0,890.0,880.0,885.0,438,386300.0,TQBR
2018-08-23,890.0,890.0,870.0,890.0,789,696770.0,TQBR
2018-08-24,890.0,890.0,880.0,890.0,522,460665.0,TQBR
2018-08-27,890.0,890.0,880.0,880.0,586,516860.0,TQBR
2018-08-28,885.0,890.0,880.0,880.0,759,669520.0,TQBR
2018-08-29,885.0,890.0,875.0,880.0,2243,1980320.0,TQBR
2018-08-30,885.0,885.0,870.0,880.0,927,814360.0,TQBR
2018-08-31,875.0,880.0,870.0,880.0,990,870535.0,TQBR
2018-09-03,885.0,885.0,870.0,880.0,770,675660.0,TQBR
2018-09-04,880.0,880.0,880.0,880.0,501,440880.0,TQBR
2018-09-05,890.0,890.0,870.0,880.0,949,834085.0,TQBR
2018-09-06,890.0,890.0,875.0,880.0,374,329500.0,TQBR
2018-09-07,885.0,885.0,875.0,880.0,401,353125.0,TQBR
2018-09-10,885.0,885.0,875.0,875.0,466,410080.0,TQBR
2018-09-11,875.0,880.0,875.0,880.0,400,351625.0,TQBR
2018-09-12,890.0,890.0,870.0,870.0,1246,1091810.0,TQBR
2018-09-13,880.0,890.0,870.0,875.0,2376,2090515.0,TQBR
2018-09-14,885.0,885.0,880.0,880.0,360,317050.0,TQBR
2018-09-17,890.0,890.0,875.0,880.0,442,388980.0,TQBR
2018-09-18,880.0,880.0,875.0,880.0,373,328030.0,TQBR
2018-09-19,880.0,890.0,875.0,880.0,366,322165.0,TQBR
2018-09-20,880.0,880.0,875.0,875.0,341,299625.0,TQBR
2018-09-24,880.0,885.0,870.0,880.0,570,501090.0,TQBR
2018-09-25,880.0,885.0,870.0,875.0,812,712890.0,TQBR
2018-09-26,880.0,890.0,875.0,875.0,514,452480.0,TQBR
2018-09-27,890.0,890.0,875.0,875.0,401,352875.0,TQBR
2018-09-28,880.0,890.0,880.0,880.0,300,264255.0,TQBR
2018-10-01,880.0,880.0,880.0,880.0,300,264000.0,TQBR
2018-10-02,890.0,890.0,875.0,875.0,313,275880.0,TQBR
2018-10-03,890.0,890.0,850.0,880.0,1560,1372840.0,TQBR
2018-10-04,885.0,885.0,880.0,880.0,302,266010.0,TQBR
2018-10-05,880.0,880.0,870.0,880.0,501,440870.0,TQBR
2018-10-08,885.0,885.0,870.0,880.0,503,442880.0,TQBR
2018-10-09,880.0,880.0,880.0,880.0,300,264000.0,TQBR
2018-10-10,885.0,885.0,870.0,880.0,510,448950.0,TQBR
2018-10-11,880.0,885.0,875.0,875.0,315,277205.0,TQBR
2018-10-12,890.0,890.0,880.0,880.0,369,325220.0,TQBR
2018-10-15,885.0,885.0,880.0,880.0,394,346970.0,TQBR
2018-10-16,885.0,885.0,870.0,875.0,935,817460.0,TQBR
2018-10-17,880.0,880.0,875.0,875.0,310,272750.0,TQBR
2018-10-18,880.0,880.0,880.0,880.0,300,264000.0,TQBR
2018-10-19,890.0,890.0,875.0,875.0,310,273250.0,TQBR
2018-10-22,890.0,890.0,870.0,875.0,827,723125.0,TQBR
2018-10-23,880.0,885.0,870.0,875.0,767,670830.0,TQBR
2018-10-24,880.0,880.0,875.0,875.0,323,284125.0,TQBR
2018-10-25,890.0,890.0,880.0,880.0,312,275060.0,TQBR
2018-10-26,890.0,890.0,880.0,880.0,365,322200.0,TQBR
2018-10-29,890.0,890.0,875.0,880.0,421,371465.0,TQBR
2018-10-30,890.0,890.0,875.0,880.0,362,318810.0,TQBR
2018-10-31,890.0,890.0,875.0,880.0,339,298705.0,TQBR
2018-11-01,882.0,882.0,876.0,880.0,310,272876.0,TQBR
2018-11-02,890.0,890.0,878.0,880.0,350,308494.0,TQBR
2018-11-06,880.0,880.0,874.0,874.0,270,237480.0,TQBR
2018-11-07,888.0,890.0,850.0,880.0,1450,1274800.0,TQBR
2018-11-08,878.0,880.0,878.0,880.0,200,175988.0,TQBR
2018-11-09,890.0,890.0,880.0,880.0,365,321700.0,TQBR
2018-11-12,886.0,890.0,880.0,880.0,3649,3216780.0,TQBR
2018-11-13,894.0,894.0,870.0,880.0,3580,3152920.0,TQBR
2018-11-14,880.0,880.0,870.0,878.0,57,50130.0,TQBR
2018-11-16,872.0,880.0,870.0,878.0,35,30682.0,TQBR
2018-11-19,880.0,880.0,880.0,880.0,30,26400.0,TQBR
2018-11-20,880.0,880.0,870.0,870.0,47,41260.0,TQBR
2018-11-21,880.0,880.0,856.0,860.0,37,32506.0,TQBR
2018-11-22,878.0,880.0,878.0,880.0,40,35198.0,TQBR
2018-11-23,880.0,880.0,880.0,880.0,1,880.0,TQBR
2018-11-26,870.0,870.0,870.0,870.0,18,15660.0,TQBR
2018-11-27,876.0,876.0,850.0,874.0,85,74324.0,TQBR
2018-11-28,856.0,856.0,856.0,856.0,22,18832.0,TQBR
2018-11-29,856.0,856.0,750.0,854.0,37,31264.0,TQBR
2018-11-30,772.0,852.0,770.0,852.0,18,15044.0,TQBR
2018-12-03,854.0,880.0,800.0,840.0,1444,1243806.0,TQBR
2018-12-04,854.0,874.0,806.0,854.0,1470,1263988.0,TQBR
2018-12-05,830.0,856.0,830.0,856.0,38,32472.0,TQBR
2018-12-06,856.0,856.0,830.0,856.0,59,49868.0,TQBR
2018-12-07,856.0,856.0,840.0,850.0,50,42632.0,TQBR
2018-12-10,850.0,852.0,836.0,836.0,29,24684.0,TQBR
2018-12-11,848.0,850.0,806.0,850.0,7,5856.0,TQBR
2018-12-12,880.0,880.0,842.0,852.0,1253,1085544.0,TQBR
2018-12-13,880.0,880.0,846.0,856.0,895,774426.0,TQBR
2018-12-14,822.0,854.0,822.0,840.0,5,4200.0,TQBR
2018-12-17,826.0,826.0,812.0,816.0,17,13928.0,TQBR
2018-12-18,804.0,804.0,804.0,804.0,7,5628.0,TQBR
2018-12-19,832.0,832.0,786.0,786.0,4,3252.0,TQBR
2018-12-20,844.0,844.0,788.0,788.0,9,7384.0,TQBR
2018-12-21,780.0,846.0,780.0,814.0,6,4826.0,TQBR
2018-12-24,780.0,780.0,780.0,780.0,1,780.0,TQBR
2018-12-25,838.0,886.0,790.0,824.0,1129,985452.0,TQBR
2018-12-26,814.0,842.0,814.0,820.0,30,24740.0,TQBR
2018-12-27,830.0,840.0,760.0,814.0,208,166588.0,TQBR
2018-12-28,774.0,830.0,774.0,820.0,51,41670.0,TQBR
2018-12-29,796.0,826.0,794.0,820.0,22,17970.0,TQBR
2019-01-03,824.0,830.0,774.0,808.0,110,89466.0,TQBR
2019-01-04,796.0,820.0,796.0,820.0,16,12938.0,TQBR
2019-01-08,790.0,810.0,784.0,810.0,21,16602.0,TQBR
2019-01-09,812.0,812.0,808.0,808.0,14,11364.0,TQBR
2019-01-10,816.0,816.0,780.0,798.0,16,12832.0,TQBR
2019-01-11,808.0,812.0,770.0,796.0,116,92816.0,TQBR
2019-01-14,800.0,860.0,780.0,780.0,1011,866422.0,TQBR
2019-01-15,786.0,850.0,782.0,798.0,114,91082.0,TQBR
2019-01-16,848.0,848.0,786.0,816.0,15,12202.0,TQBR
2019-01-17,792.0,814.0,786.0,788.0,42,33192.0,TQBR
2019-01-18,830.0,844.0,780.0,842.0,73,59200.0,TQBR
2019-01-21,790.0,830.0,786.0,820.0,90,72336.0,TQBR
2019-01-22,838.0,838.0,800.0,802.0,33,26628.0,TQBR
2019-01-23,834.0,836.0,792.0,816.0,74,60192.0,TQBR
2019-01-24,806.0,842.0,804.0,806.0,62,50392.0,TQBR
2019-01-25,826.0,826.0,806.0,826.0,26,21116.0,TQBR
2019-01-28,814.0,814.0,788.0,808.0,69,55412.0,TQBR
2019-01-29,810.0,810.0,790.0,808.0,4,3216.0,TQBR
2019-01-30,810.0,812.0,790.0,808.0,532,430388.0,TQBR
2019-01-31,850.0,850.0,790.0,820.0,319,265610.0,TQBR
2019-02-01,820.0,820.0,820.0,820.0,5,4100.0,TQBR
2019-02-04,796.0,802.0,790.0,800.0,131,104484.0,TQBR
2019-02-05,810.0,810.0,784.0,784.0,572,457610.0,TQBR
2019-02-06,800.0,802.0,760.0,780.0,406,318200.0,TQBR
2019-02-07,772.0,788.0,746.0,754.0,2389,1803128.0,TQBR
2019-02-08,758.0,856.0,740.0,748.0,2644,2072320.0,TQBR
2019-02-11,760.0,764.0,732.0,740.0,481,358196.0,TQBR
2019-02-12,744.0,748.0,738.0,746.0,73,54136.0,TQBR
2019-02-13,750.0,800.0,740.0,762.0,781,604334.0,TQBR
2019-02-14,740.0,772.0,728.0,744.0,1432,1081464.0,TQBR
2019-02-15,762.0,762.0,710.0,710.0,3621,2590878.0,TQBR
2019-02-18,712.0,756.0,694.0,746.0,795,580480.0,TQBR
2019-02-19,754.0,754.0,718.0,732.0,298,222148.0,TQBR
2019-02-20,738.0,740.0,706.0,720.0,29,21180.0,TQBR
2019-02-21,720.0,748.0,720.0,730.0,48,34798.0,TQBR
2019-02-22,730.0,732.0,724.0,732.0,11,8030.0,TQBR
2019-02-25,726.0,738.0,724.0,734.0,135,98360.0,TQBR
2019-02-26,734.0,734.0,718.0,724.0,55,39602.0,TQBR
2019-02-27,728.0,850.0,724.0,748.0,1265,981916.0,TQBR
2019-02-28,732.0,790.0,716.0,734.0,332,241666.0,TQBR
2019-03-01,750.0,764.0,722.0,742.0,38,28134.0,TQBR
2019-03-04,722.0,742.0,708.0,734.0,104,74568.0,TQBR
2019-03-05,740.0,752.0,680.0,746.0,1532,1108804.0,TQBR
2019-03-06,750.0,750.0,712.0,728.0,66,47938.0,TQBR
2019-03-07,710.0,742.0,704.0,722.0,215,153938.0,TQBR
2019-03-11,718.0,718.0,698.0,706.0,296,209312.0,TQBR
2019-03-12,702.0,708.0,700.0,708.0,317,222228.0,TQBR
2019-03-13,728.0,748.0,722.0,746.0,628,465580.0,TQBR
2019-03-14,720.0,740.0,720.0,726.0,35,25640.0,TQBR
2019-03-15,714.0,740.0,714.0,728.0,57,41434.0,TQBR
2019-03-18,710.0,742.0,700.0,700.0,415,292120.0,TQBR
2019-03-19,740.0,740.0,714.0,724.0,624,455254.0,TQBR
2019-03-20,716.0,748.0,714.0,746.0,293,217638.0,TQBR
2019-03-21,736.0,748.0,736.0,736.0,7,5164.0,TQBR
2019-03-22,750.0,750.0,734.0,742.0,47,35132.0,TQBR
2019-03-25,734.0,742.0,734.0,734.0,45,33126.0,TQBR
2019-03-26,738.0,740.0,718.0,734.0,115,84180.0,TQBR
2019-03-27,730.0,760.0,720.0,756.0,221,163386.0,TQBR
2019-03-28,760.0,786.0,744.0,786.0,244,185982.0,TQBR
2019-03-29,800.0,800.0,776.0,800.0,421,335248.0,TQBR
2019-04-01,756.0,798.0,752.0,776.0,74,58136.0,TQBR
2019-04-02,770.0,792.0,770.0,784.0,135,106582.0,TQBR
2019-04-03,790.0,790.0,758.0,760.0,78,59604.0,TQBR
2019-04-04,786.0,790.0,768.0,768.0,115,89564.0,TQBR
2019-04-05,764.0,780.0,754.0,762.0,85,65596.0,TQBR
2019-04-08,752.0,792.0,752.0,774.0,134,104566.0,TQBR
2019-04-09,794.0,794.0,780.0,780.0,51,40148.0,TQBR
2019-04-10,820.0,820.0,764.0,798.0,115,90382.0,TQBR
2019-04-11,824.0,824.0,774.0,774.0,86,68044.0,TQBR
2019-04-12,796.0,816.0,786.0,790.0,270,216370.0,TQBR
2019-04-15,800.0,808.0,796.0,804.0,66,52822.0,TQBR
2019-04-16,802.0,808.0,798.0,804.0,64,51406.0,TQBR
2019-04-17,810.0,810.0,792.0,792.0,47,37618.0,TQBR
2019-04-18,792.0,794.0,792.0,794.0,18,14290.0,TQBR
2019-04-19,800.0,810.0,742.0,786.0,505,393518.0,TQBR
2019-04-22,800.0,818.0,786.0,790.0,212,169572.0,TQBR
2019-04-23,796.0,796.0,760.0,778.0,125,96468.0,TQBR
2019-04-24,796.0,808.0,788.0,800.0,243,194276.0,TQBR
2019-04-25,800.0,808.0,778.0,780.0,206,163386.0,TQBR
2019-04-26,802.0,804.0,780.0,792.0,134,106436.0,TQBR
2019-04-29,792.0,808.0,756.0,770.0,486,375644.0,TQBR
2019-04-30,772.0,784.0,766.0,780.0,194,149448.0,TQBR
2019-05-02,774.0,786.0,770.0,771.0,50,38898.0,TQBR
2019-05-03,782.0,782.0,769.0,769.0,37,28541.0,TQBR
2019-05-06,779.0,820.0,770.0,770.0,229,181111.0,TQBR
2019-05-07,800.0,813.0,788.0,807.0,255,203128.0,TQBR
2019-05-08,800.0,806.0,794.0,794.0,52,41577.0,TQBR
2019-05-10,806.0,806.0,782.0,802.0,13,10360.0,TQBR
2019-05-13,804.0,808.0,794.0,799.0,234,186469.0,TQBR
2019-05-14,807.0,810.0,776.0,778.0,195,153535.0,TQBR
2019-05-15,805.0,805.0,754.0,778.0,375,290583.0,TQBR
2019-05-16,759.0,775.0,741.0,759.0,146,111109.0,TQBR
2019-05-17,760.0,796.0,743.0,788.0,352,271505.0,TQBR
2019-05-20,751.0,800.0,751.0,788.0,95,75326.0,TQBR
2019-05-21,801.0,801.0,726.0,794.0,119,93141.0,TQBR
2019-05-22,799.0,799.0,773.0,775.0,64,49973.0,TQBR
2019-05-23,766.0,789.0,765.0,766.0,106,81810.0,TQBR
2019-05-24,790.0,840.0,789.0,799.0,529,423504.0,TQBR
2019-05-27,810.0,810.0,786.0,797.0,120,95180.0,TQBR
2019-05-28,810.0,810.0,777.0,783.0,165,129599.0,TQBR
2019-05-29,796.0,796.0,777.0,778.0,115,89828.0,TQBR
2019-05-30,798.0,798.0,771.0,775.0,162,126498.0,TQBR
2019-05-31,790.0,800.0,758.0,781.0,197,154721.0,TQBR
2019-06-03,758.0,774.0,758.0,772.0,122,93112.0,TQBR
2019-06-04,774.0,783.0,749.0,775.0,102,77854.0,TQBR
2019-06-05,763.0,783.0,758.0,778.0,156,120399.0,TQBR
2019-06-06,772.0,772.0,762.0,770.0,77,59410.0,TQBR
2019-06-07,780.0,800.0,759.0,775.0,275,214373.0,TQBR
2019-06-10,768.0,796.0,763.0,770.0,136,106019.0,TQBR
2019-06-11,797.0,800.0,772.0,780.0,57,45254.0,TQBR
2019-06-13,800.0,800.0,771.0,787.0,127,98990.0,TQBR
2019-06-14,799.0,800.0,764.0,786.0,128,100382.0,TQBR
2019-06-17,798.0,800.0,774.0,786.0,459,362866.0,TQBR
2019-06-18,797.0,797.0,763.0,795.0,171,134009.0,TQBR
2019-06-19,799.0,799.0,785.0,787.0,54,42463.0,TQBR
2019-06-20,800.0,800.0,776.0,782.0,106,84128.0,TQBR
2019-06-21,800.0,800.0,796.0,798.0,95,75731.0,TQBR
2019-06-24,762.0,800.0,762.0,797.0,130,103578.0,TQBR
2019-06-25,800.0,820.0,788.0,800.0,614,492712.0,TQBR
2019-06-26,800.0,800.0,783.0,799.0,67,53357.0,TQBR
2019-06-27,797.0,820.0,795.0,799.0,2133,1728230.0,TQBR
2019-06-28,800.0,820.0,796.0,800.0,495,401479.0,TQBR
2019-07-01,780.0,797.0,780.0,797.0,89,70443.0,TQBR
2019-07-02,799.0,800.0,774.0,794.0,218,174078.0,TQBR
2019-07-03,797.0,800.0,783.0,800.0,82,65447.0,TQBR
2019-07-04,800.0,800.0,781.0,800.0,194,154692.0,TQBR
2019-07-05,800.0,800.0,792.0,799.0,897,716691.0,TQBR
2019-07-08,781.0,800.0,781.0,796.0,123,97231.0,TQBR
2019-07-09,787.0,799.0,785.0,797.0,111,88069.0,TQBR
2019-07-10,785.0,800.0,783.0,798.0,365,287845.0,TQBR
2019-07-11,789.0,820.0,788.0,791.0,610,488376.0,TQBR
2019-07-12,797.0,800.0,788.0,797.0,135,107389.0,TQBR
2019-07-15,800.0,800.0,790.0,792.0,167,132960.0,TQBR
2019-07-16,800.0,800.0,790.0,791.0,190,151429.0,TQBR
2019-07-17,800.0,800.0,791.0,791.0,134,106620.0,TQBR
2019-07-18,798.0,799.0,790.0,795.0,74,58811.0,TQBR
2019-07-19,792.0,798.0,786.0,798.0,40,31723.0,TQBR
2019-07-22,792.0,792.0,787.0,787.0,17,13413.0,TQBR
2019-07-23,788.0,796.0,787.0,795.0,43,34075.0,TQBR
2019-07-24,800.0,800.0,787.0,790.0,345,272827.0,TQBR
2019-07-25,782.0,800.0,782.0,792.0,70,55733.0,TQBR
2019-07-26,790.0,810.0,789.0,793.0,243,194789.0,TQBR
2019-07-29,799.0,800.0,782.0,788.0,109,85825.0,TQBR
2019-07-30,796.0,796.0,787.0,795.0,24,18989.0,TQBR
2019-07-31,797.0,810.0,790.0,791.0,276,221134.0,TQBR
2019-08-01,800.0,800.0,787.0,794.0,118,93388.0,TQBR
2019-08-02,795.0,795.0,789.0,789.0,37,29363.0,TQBR
2019-08-05,787.0,794.0,787.0,787.0,54,42633.0,TQBR
2019-08-06,791.0,791.0,782.0,789.0,57,44914.0,TQBR
2019-08-07,786.0,790.0,786.0,786.0,37,29094.0,TQBR
2019-08-08,787.0,790.0,776.0,781.0,237,186592.0,TQBR
2019-08-09,796.0,800.0,792.0,793.0,296,236201.0,TQBR
2019-08-12,787.0,797.0,787.0,789.0,77,60790.0,TQBR
2019-08-13,796.0,797.0,796.0,796.0,41,32643.0,TQBR
2019-08-14,792.0,800.0,788.0,798.0,33,26167.0,TQBR
2019-08-15,798.0,798.0,789.0,789.0,338,269291.0,TQBR
2019-08-16,799.0,810.0,796.0,796.0,221,177529.0,TQBR
2019-08-19,788.0,798.0,788.0,788.0,44,34826.0,TQBR
2019-08-20,790.0,790.0,754.0,780.0,59,46106.0,TQBR
2019-08-21,759.0,797.0,759.0,793.0,305,240916.0,TQBR
2019-08-22,787.0,793.0,782.0,793.0,61,47856.0,TQBR
2019-08-23,776.0,791.0,761.0,773.0,121,93162.0,TQBR
2019-08-26,777.0,800.0,774.0,791.0,1588,1243629.0,TQBR
2019-08-27,799.0,799.0,782.0,791.0,79,62472.0,TQBR
2019-08-28,797.0,797.0,784.0,784.0,22,17313.0,TQBR
2019-08-29,789.0,789.0,782.0,782.0,6,4706.0,TQBR
2019-08-30,783.0,783.0,780.0,780.0,213,166753.0,TQBR
2019-09-02,790.0,790.0,774.0,780.0,803,624340.0,TQBR
2019-09-03,782.0,784.0,773.0,773.0,126,98636.0,TQBR
2019-09-04,769.0,789.0,769.0,770.0,75,57961.0,TQBR
2019-09-05,776.0,799.0,764.0,765.0,154,118827.0,TQBR
2019-09-06,771.0,810.0,765.0,770.0,665,525016.0,TQBR
2019-09-09,782.0,782.0,768.0,776.0,179,138983.0,TQBR
2019-09-10,782.0,794.0,771.0,771.0,277,218853.0,TQBR
2019-09-11,790.0,790.0,770.0,770.0,260,201026.0,TQBR
2019-09-12,771.0,778.0,768.0,772.0,131,101199.0,TQBR
2019-09-13,770.0,770.0,753.0,753.0,266,203193.0,TQBR
2019-09-16,759.0,759.0,755.0,759.0,633,478305.0,TQBR
2019-09-17,765.0,777.0,752.0,777.0,2005,1524165.0,TQBR
2019-09-18,783.0,783.0,770.0,777.0,182,140698.0,TQBR
2019-09-19,776.0,784.0,773.0,773.0,76,58954.0,TQBR
2019-09-20,787.0,787.0,780.0,784.0,64,50087.0,TQBR
2019-09-23,788.0,790.0,788.0,790.0,84,66214.0,TQBR
2019-09-24,793.0,795.0,787.0,790.0,935,738684.0,TQBR
2019-09-25,743.0,800.0,743.0,800.0,220,174176.0,TQBR
2019-09-26,800.0,800.0,786.0,786.0,764,608840.0,TQBR
2019-09-27,805.0,805.0,798.0,805.0,824,659382.0,TQBR
2019-09-30,810.0,812.0,787.0,789.0,1644,1327877.0,TQBR
2019-10-01,787.0,797.0,784.0,784.0,45,35598.0,TQBR
2019-10-02,786.0,786.0,776.0,778.0,109,85151.0,TQBR
2019-10-03,787.0,787.0,772.0,772.0,117,91826.0,TQBR
2019-10-04,784.0,785.0,772.0,782.0,58,45300.0,TQBR
2019-10-07,772.0,795.0,772.0,785.0,328,257398.0,TQBR
2019-10-08,774.0,800.0,774.0,781.0,155,121866.0,TQBR
2019-10-09,797.0,805.0,785.0,799.0,294,235630.0,TQBR
2019-10-10,783.0,799.0,783.0,798.0,53,42267.0,TQBR
2019-10-11,788.0,800.0,788.0,799.0,79,62860.0,TQBR
2019-10-14,781.0,799.0,781.0,786.0,89,70130.0,TQBR
2019-10-15,792.0,798.0,780.0,783.0,132,104098.0,TQBR
2019-10-16,782.0,785.0,782.0,785.0,48,37629.0,TQBR
2019-10-17,792.0,792.0,782.0,782.0,17,13454.0,TQBR
2019-10-18,793.0,800.0,786.0,797.0,348,276210.0,TQBR
2019-10-21,788.0,797.0,788.0,797.0,55,43786.0,TQBR
2019-10-22,798.0,798.0,796.0,796.0,116,92410.0,TQBR
2019-10-23,799.0,799.0,789.0,789.0,327,260873.0,TQBR
2019-10-24,798.0,798.0,797.0,797.0,31,24715.0,TQBR
2019-10-25,799.0,799.0,788.0,797.0,102,81051.0,TQBR
2019-10-28,797.0,798.0,797.0,797.0,57,45450.0,TQBR
2019-10-29,800.0,800.0,782.0,790.0,114,89758.0,TQBR
2019-10-30,795.0,795.0,783.0,786.0,54,42737.0,TQBR
2019-10-31,794.0,794.0,785.0,785.0,51,40184.0,TQBR
2019-11-01,786.0,786.0,784.0,785.0,24,18855.0,TQBR
2019-11-05,786.0,787.0,785.0,787.0,125,98323.0,TQBR
2019-11-06,784.0,787.0,784.0,787.0,54,42463.0,TQBR
2019-11-07,787.0,789.0,787.0,787.0,45,35483.0,TQBR
2019-11-08,790.0,791.0,790.0,790.0,36,28457.0,TQBR
2019-11-11,789.0,790.0,789.0,789.0,51,40242.0,TQBR
2019-11-12,791.0,794.0,790.0,791.0,175,138431.0,TQBR
2019-11-13,793.0,805.0,793.0,805.0,388,310269.0,TQBR
2019-11-14,800.0,800.0,798.0,798.0,295,235671.0,TQBR
2019-11-15,798.0,799.0,798.0,799.0,33,26352.0,TQBR
2019-11-18,791.0,799.0,790.0,798.0,33,26324.0,TQBR
2019-11-19,798.0,799.0,797.0,797.0,74,59050.0,TQBR
2019-11-20,800.0,800.0,799.0,799.0,115,91979.0,TQBR
2019-11-21,800.0,800.0,789.0,789.0,184,146926.0,TQBR
2019-11-22,791.0,799.0,789.0,789.0,73,57924.0,TQBR
2019-11-25,798.0,799.0,789.0,790.0,55,43834.0,TQBR
2019-11-26,797.0,797.0,775.0,796.0,263,206605.0,TQBR
2019-11-27,795.0,795.0,785.0,794.0,212,168318.0,TQBR
2019-11-28,793.0,794.0,785.0,791.0,225,177376.0,TQBR
2019-11-29,796.0,800.0,790.0,792.0,719,573986.0,TQBR
2019-12-02,792.0,798.0,790.0,790.0,419,333494.0,TQBR
2019-12-03,787.0,800.0,781.0,790.0,272,215687.0,TQBR
2019-12-04,794.0,800.0,783.0,784.0,274,217063.0,TQBR
2019-12-05,795.0,796.0,780.0,788.0,91,71892.0,TQBR
2019-12-06,787.0,788.0,781.0,782.0,221,173454.0,TQBR
2019-12-09,781.0,787.0,780.0,780.0,95,74599.0,TQBR
2019-12-10,785.0,789.0,771.0,772.0,412,320415.0,TQBR
2019-12-11,777.0,779.0,777.0,777.0,49,38141.0,TQBR
2019-12-12,783.0,783.0,747.0,770.0,172,132468.0,TQBR
2019-12-13,775.0,776.0,748.0,765.0,238,182749.0,TQBR
2019-12-16,780.0,781.0,770.0,771.0,329,256679.0,TQBR
2019-12-17,781.0,781.0,761.0,776.0,71,55048.0,TQBR
2019-12-18,766.0,775.0,760.0,774.0,479,366297.0,TQBR
2019-12-19,764.0,778.0,760.0,762.0,469,358054.0,TQBR
2019-12-20,775.0,783.0,761.0,779.0,394,301936.0,TQBR
2019-12-23,781.0,786.0,768.0,783.0,988,767635.0,TQBR
2019-12-24,787.0,790.0,777.0,788.0,462,362263.0,TQBR
2019-12-25,780.0,790.0,779.0,785.0,192,150578.0,TQBR
2019-12-26,779.0,797.0,779.0,789.0,428,338315.0,TQBR
2019-12-27,793.0,800.0,793.0,795.0,1006,801855.0,TQBR
2019-12-30,800.0,810.0,784.0,785.0,2141,1725873.0,TQBR
2020-01-03,783.0,799.0,783.0,786.0,4,3154.0,TQBR
2020-01-06,785.0,799.0,784.0,798.0,19,15058.0,TQBR
2020-01-08,799.0,799.0,798.0,798.0,195,155686.0,TQBR
2020-01-09,788.0,799.0,787.0,799.0,246,194067.0,TQBR
2020-01-10,800.0,800.0,786.0,789.0,195,155497.0,TQBR
2020-01-13,798.0,799.0,786.0,788.0,106,84535.0,TQBR
2020-01-14,790.0,792.0,784.0,792.0,102,80546.0,TQBR
2020-01-15,795.0,795.0,787.0,788.0,87,68903.0,TQBR
2020-01-16,786.0,792.0,783.0,784.0,84,66095.0,TQBR
2020-01-17,783.0,789.0,783.0,783.0,73,57485.0,TQBR
2020-01-20,792.0,795.0,761.0,777.0,354,276046.0,TQBR
2020-01-21,790.0,790.0,777.0,781.0,189,148997.0,TQBR
2020-01-22,773.0,791.0,773.0,780.0,227,177058.0,TQBR
2020-01-23,788.0,788.0,774.0,775.0,141,109267.0,TQBR
2020-01-24,773.0,773.0,768.0,768.0,173,133376.0,TQBR
2020-01-27,768.0,788.0,704.0,765.0,338,263057.0,TQBR
2020-01-28,770.0,770.0,765.0,770.0,285,219280.0,TQBR
2020-01-29,769.0,769.0,753.0,762.0,400,305022.0,TQBR
2020-01-30,762.0,768.0,757.0,760.0,189,143775.0,TQBR
2020-01-31,753.0,787.0,753.0,755.0,299,227884.0,TQBR
2020-02-03,760.0,786.0,750.0,761.0,540,408523.0,TQBR
2020-02-04,763.0,785.0,747.0,758.0,866,665143.0,TQBR
2020-02-05,760.0,766.0,749.0,749.0,329,247685.0,TQBR
2020-02-06,750.0,776.0,747.0,748.0,568,429503.0,TQBR
2020-02-07,750.0,750.0,748.0,748.0,75,56208.0,TQBR
2020-02-10,749.0,750.0,748.0,749.0,59,44197.0,TQBR
2020-02-11,749.0,755.0,739.0,752.0,9292,6960295.0,TQBR
2020-02-12,775.0,775.0,766.0,767.0,201,154990.0,TQBR
2020-02-13,760.0,779.0,753.0,758.0,1022,779341.0,TQBR
2020-02-14,755.0,770.0,750.0,764.0,818,620109.0,TQBR
2020-02-17,770.0,770.0,744.0,767.0,508,388006.0,TQBR
2020-02-18,770.0,770.0,756.0,756.0,414,315695.0,TQBR
2020-02-19,760.0,770.0,748.0,750.0,617,467914.0,TQBR
2020-02-20,750.0,753.0,749.0,750.0,325,243761.0,TQBR
2020-02-21,746.0,757.0,746.0,749.0,387,290185.0,TQBR
2020-02-25,746.0,770.0,741.0,750.0,711,540563.0,TQBR
2020-02-26,765.0,769.0,748.0,749.0,371,280729.0,TQBR
2020-02-27,748.0,755.0,744.0,744.0,105,78950.0,TQBR
2020-02-28,730.0,742.0,670.0,711.0,491,346319.0,TQBR
2020-03-02,703.0,760.0,700.0,749.0,168,123371.0,TQBR
2020-03-03,760.0,760.0,737.0,737.0,122,91045.0,TQBR
2020-03-04,717.0,755.0,717.0,737.0,57,42353.0,TQBR
2020-03-05,747.0,752.0,725.0,730.0,106,78846.0,TQBR
2020-03-06,749.0,749.0,705.0,705.0,181,130322.0,TQBR
2020-03-10,650.0,724.0,644.0,709.0,245,171954.0,TQBR
2020-03-11,719.0,720.0,719.0,720.0,61,43899.0,TQBR
2020-03-12,701.0,705.0,650.0,704.0,359,249479.0,TQBR
2020-03-13,718.0,720.0,700.0,702.0,62,44327.0,TQBR
2020-03-16,604.0,725.0,604.0,680.0,165,113127.0,TQBR
2020-03-17,714.0,715.0,647.0,647.0,123,83346.0,TQBR
2020-03-18,654.0,722.0,654.0,714.0,570,408617.0,TQBR
2020-03-19,699.0,723.0,685.0,714.0,281,197881.0,TQBR
2020-03-20,655.0,721.0,655.0,687.0,605,428553.0,TQBR
2020-03-23,720.0,720.0,685.0,690.0,161,113443.0,TQBR
2020-03-24,719.0,719.0,681.0,703.0,162,113727.0,TQBR
2020-03-25,719.0,719.0,688.0,695.0,231,164543.0,TQBR
2020-03-26,717.0,717.0,689.0,713.0,178,125450.0,TQBR
2020-03-27,700.0,725.0,680.0,725.0,663,467399.0,TQBR
2020-03-30,725.0,768.0,725.0,768.0,91,68890.0,TQBR
2020-03-31,750.0,796.0,740.0,796.0,795,613232.0,TQBR
2020-04-01,754.0,768.0,754.0,760.0,82,62637.0,TQBR
2020-04-02,760.0,764.0,754.0,754.0,58,43871.0,TQBR
2020-04-03,762.0,762.0,750.0,750.0,107,80262.0,TQBR
2020-04-06,735.0,787.0,735.0,770.0,111,85624.0,TQBR
2020-04-07,780.0,785.0,751.0,771.0,521,405872.0,TQBR
2020-04-08,760.0,760.0,760.0,760.0,18,13680.0,TQBR
2020-04-09,770.0,770.0,770.0,770.0,54,41580.0,TQBR
2020-04-10,754.0,758.0,754.0,755.0,42,31684.0,TQBR
2020-04-13,770.0,770.0,762.0,764.0,89,68238.0,TQBR
2020-04-14,766.0,770.0,766.0,766.0,49,37543.0,TQBR
2020-04-15,776.0,784.0,768.0,768.0,123,95542.0,TQBR
2020-04-16,755.0,784.0,755.0,764.0,168,130335.0,TQBR
2020-04-17,700.0,765.0,699.0,761.0,52,39185.0,TQBR
2020-04-20,786.0,786.0,770.0,770.0,119,92375.0,TQBR
2020-04-21,775.0,775.0,763.0,764.0,95,73216.0,TQBR
2020-04-22,761.0,787.0,752.0,777.0,88,66760.0,TQBR
2020-04-23,770.0,776.0,757.0,776.0,106,81017.0,TQBR
2020-04-24,743.0,761.0,730.0,757.0,166,123885.0,TQBR
2020-04-27,721.0,775.0,721.0,762.0,49,37338.0,TQBR
2020-04-28,750.0,768.0,750.0,768.0,157,119923.0,TQBR
2020-04-29,769.0,770.0,756.0,770.0,49,37267.0,TQBR
2020-04-30,750.0,770.0,750.0,765.0,25,19135.0,TQBR
2020-05-04,743.0,765.0,730.0,761.0,53,39433.0,TQBR
2020-05-05,763.0,765.0,763.0,765.0,30,22904.0,TQBR
2020-05-06,770.0,1063.0,752.0,752.0,37443,32383568.0,TQBR
2020-05-07,765.0,820.0,756.0,769.0,7589,5951348.0,TQBR
2020-05-08,771.0,777.0,755.0,765.0,1059,808496.0,TQBR
2020-05-12,769.0,807.0,750.0,762.0,2953,2276802.0,TQBR
2020-05-13,753.0,773.0,750.0,758.0,1257,953764.0,TQBR
2020-05-14,750.0,759.0,735.0,753.0,726,545285.0,TQBR
2020-05-15,754.0,763.0,739.0,755.0,1291,970419.0,TQBR
2020-05-18,756.0,795.0,756.0,774.0,599,462719.0,TQBR
2020-05-19,765.0,770.0,756.0,767.0,300,228355.0,TQBR
2020-05-20,766.0,766.0,745.0,764.0,840,636185.0,TQBR
2020-05-21,765.0,790.0,758.0,779.0,1436,1108465.0,TQBR
2020-05-22,776.0,778.0,770.0,774.0,327,252656.0,TQBR
2020-05-25,775.0,830.0,775.0,810.0,2166,1732604.0,TQBR
2020-05-26,810.0,817.0,800.0,800.0,1774,1434468.0,TQBR
2020-05-27,799.0,814.0,779.0,791.0,2747,2184142.0,TQBR
2020-05-28,793.0,811.0,783.0,802.0,711,568382.0,TQBR
2020-05-29,794.0,808.0,794.0,800.0,747,597981.0,TQBR
2020-06-01,813.0,815.0,800.0,814.0,834,673296.0,TQBR
2020-06-02,817.0,827.0,801.0,817.0,616,498863.0,TQBR
2020-06-03,817.0,823.0,807.0,815.0,2605,2119668.0,TQBR
2020-06-04,816.0,835.0,811.0,826.0,738,608810.0,TQBR
2020-06-05,822.0,840.0,800.0,810.0,7941,6444274.0,TQBR
2020-06-08,817.0,1099.0,805.0,807.0,10845,8869488.0,TQBR
2020-06-09,815.0,819.0,802.0,809.0,1726,1399389.0,TQBR
2020-06-10,811.0,829.0,799.0,800.0,3897,3152186.0,TQBR
2020-06-11,827.0,860.0,810.0,817.0,12872,10611836.0,TQBR
2020-06-15,827.0,847.0,817.0,820.0,7785,6399574.0,TQBR
2020-06-16,822.0,850.0,812.0,824.0,23394,19401973.0,TQBR
2020-06-17,826.0,843.0,820.0,825.0,28667,23710521.0,TQBR
2020-06-18,763.0,790.0,747.0,750.0,17204,12972135.0,TQBR
2020-06-19,750.0,755.0,711.0,737.0,6716,4975843.0,TQBR
2020-06-22,740.0,740.0,723.0,727.0,3684,2687590.0,TQBR
2020-06-23,764.0,764.0,727.0,734.0,3566,2615164.0,TQBR
2020-06-25,726.0,728.0,711.0,719.0,3403,2445202.0,TQBR
2020-06-26,722.0,736.0,714.0,733.0,3045,2211824.0,TQBR
2020-06-29,719.0,750.0,710.0,749.0,6966,5160101.0,TQBR
2020-06-30,740.0,756.0,737.0,746.0,9778,7330259.0,TQBR
2020-07-02,738.0,747.0,735.0,743.0,856,634086.0,TQBR
2020-07-03,744.0,749.0,730.0,730.0,1101,810430.0,TQBR
2020-07-06,740.0,763.0,726.0,729.0,2479,1828639.0,TQBR
2020-07-07,626.0,745.0,626.0,733.0,1029,751342.0,TQBR
2020-07-08,738.0,738.0,728.0,730.0,702,513901.0,TQBR
2020-07-09,737.0,738.0,727.0,735.0,2581,1892566.0,TQBR
2020-07-10,738.0,738.0,721.0,730.0,966,706725.0,TQBR
2020-07-13,735.0,735.0,726.0,729.0,806,588202.0,TQBR
2020-07-14,734.0,734.0,705.0,721.0,1649,1188663.0,TQBR
2020-07-15,722.0,727.0,722.0,724.0,588,425726.0,TQBR
2020-07-16,725.0,725.0,720.0,725.0,394,284336.0,TQBR
2020-07-17,725.0,726.0,719.0,724.0,858,620281.0,TQBR
2020-07-20,725.0,730.0,724.0,729.0,604,438754.0,TQBR
2020-07-21,730.0,735.0,720.0,734.0,2154,1564020.0,TQBR
2020-07-22,734.0,737.0,727.0,735.0,1030,755387.0,TQBR
2020-07-23,735.0,737.0,725.0,734.0,1312,959510.0,TQBR
2020-07-24,727.0,735.0,725.0,733.0,1903,1391784.0,TQBR
2020-07-27,750.0,760.0,732.0,741.0,4396,3263823.0,TQBR
2020-07-28,735.0,745.0,735.0,742.0,2074,1538042.0,TQBR
2020-07-29,736.0,743.0,734.0,742.0,4913,3639386.0,TQBR
2020-07-30,747.0,747.0,736.0,740.0,1624,1200351.0,TQBR
2020-07-31,746.0,764.0,740.0,750.0,2678,2009498.0,TQBR
2020-08-03,741.0,755.0,739.0,746.0,1470,1100652.0,TQBR
2020-08-04,752.0,762.0,741.0,762.0,2515,1891430.0,TQBR
2020-08-05,760.0,768.0,752.0,767.0,3950,3006608.0,TQBR
2020-08-06,759.0,771.0,759.0,768.0,2354,1798115.0,TQBR
2020-08-07,804.0,835.0,789.0,815.0,20156,16517879.0,TQBR
2020-08-10,840.0,840.0,790.0,800.0,3881,3175111.0,TQBR
2020-08-11,807.0,807.0,787.0,796.0,4283,3401904.0,TQBR
2020-08-12,792.0,820.0,791.0,815.0,5684,4572748.0,TQBR
2020-08-13,821.0,840.0,813.0,818.0,4427,3673418.0,TQBR
2020-08-14,818.0,822.0,815.0,822.0,548,448664.0,TQBR
2020-08-17,816.0,820.0,812.0,812.0,1236,1007087.0,TQBR
2020-08-18,811.0,824.0,800.0,820.0,3275,2635779.0,TQBR
2020-08-19,811.0,818.0,808.0,812.0,329,267072.0,TQBR
2020-08-20,808.0,813.0,801.0,813.0,424,341960.0,TQBR
2020-08-21,805.0,820.0,804.0,806.0,520,422101.0,TQBR
2020-08-24,814.0,820.0,806.0,808.0,392,318311.0,TQBR
2020-08-25,807.0,820.0,802.0,810.0,253,205554.0,TQBR
2020-08-26,807.0,820.0,807.0,810.0,561,456698.0,TQBR
2020-08-27,813.0,839.0,810.0,821.0,1280,1048355.0,TQBR
2020-08-28,822.0,825.0,802.0,807.0,799,645369.0,TQBR
2020-08-31,804.0,818.0,804.0,809.0,452,365916.0,TQBR
2020-09-01,817.0,817.0,804.0,804.0,109,88056.0,TQBR
2020-09-02,810.0,816.0,800.0,800.0,1778,1426480.0,TQBR
2020-09-03,801.0,805.0,796.0,799.0,227,181767.0,TQBR
2020-09-04,796.0,802.0,787.0,802.0,558,445405.0,TQBR
2020-09-07,786.0,809.0,786.0,807.0,312,251805.0,TQBR
2020-09-08,789.0,812.0,788.0,790.0,159,126711.0,TQBR
2020-09-09,785.0,801.0,784.0,795.0,152,120461.0,TQBR
2020-09-10,787.0,797.0,787.0,789.0,337,266191.0,TQBR
2020-09-11,796.0,802.0,791.0,800.0,552,440919.0,TQBR
2020-09-14,801.0,802.0,790.0,795.0,228,181368.0,TQBR
2020-09-15,802.0,810.0,791.0,807.0,1235,996883.0,TQBR
2020-09-16,800.0,811.0,800.0,810.0,1638,1326063.0,TQBR
2020-09-17,801.0,810.0,790.0,802.0,486,387791.0,TQBR
2020-09-18,800.0,808.0,796.0,806.0,702,562459.0,TQBR
2020-09-21,799.0,808.0,799.0,803.0,1055,848488.0,TQBR
2020-09-22,799.0,807.0,798.0,799.0,85,68146.0,TQBR
2020-09-23,807.0,811.0,807.0,810.0,564,456469.0,TQBR
2020-09-24,810.0,815.0,801.0,805.0,147,119087.0,TQBR
2020-09-25,805.0,806.0,798.0,800.0,203,162448.0,TQBR
2020-09-28,808.0,808.0,801.0,808.0,256,206293.0,TQBR
2020-09-29,802.0,805.0,801.0,802.0,344,276174.0,TQBR
2020-09-30,802.0,808.0,800.0,801.0,924,739889.0,TQBR
2020-10-01,802.0,809.0,797.0,800.0,214,171023.0,TQBR
2020-10-02,804.0,820.0,800.0,810.0,885,716825.0,TQBR
2020-10-05,810.0,817.0,800.0,817.0,802,644246.0,TQBR
2020-10-06,818.0,839.0,818.0,839.0,6756,5607486.0,TQBR
2020-10-07,830.0,844.0,830.0,844.0,6179,5183859.0,TQBR
2020-10-08,845.0,939.0,842.0,860.0,9873,8597069.0,TQBR
2020-10-09,860.0,872.0,843.0,872.0,9588,8261654.0,TQBR
2020-10-12,875.0,942.0,875.0,916.0,13580,12502172.0,TQBR
2020-10-13,950.0,950.0,917.0,923.0,9129,8419915.0,TQBR
2020-10-14,915.0,926.0,915.0,922.0,6310,5821099.0,TQBR
2020-10-15,921.0,926.0,914.0,926.0,5023,4622780.0,TQBR
2020-10-16,913.0,919.0,909.0,915.0,8214,7508932.0,TQBR
2020-10-19,922.0,928.0,917.0,923.0,9109,8406762.0,TQBR
2020-10-20,923.0,943.0,920.0,941.0,17470,16289400.0,TQBR
2020-10-21,950.0,955.0,945.0,955.0,5837,5544759.0,TQBR
2020-10-22,954.0,961.0,954.0,958.0,6348,6078491.0,TQBR
2020-10-23,958.0,958.0,950.0,950.0,10025,9566369.0,TQBR
2020-10-26,950.0,980.0,948.0,952.0,7809,7454049.0,TQBR
2020-10-27,957.0,958.0,950.0,950.0,5997,5724275.0,TQBR
2020-10-28,952.0,956.0,948.0,954.0,7794,7418018.0,TQBR
2020-10-29,955.0,958.0,948.0,949.0,8384,7991627.0,TQBR
2020-10-30,955.0,957.0,944.0,948.0,7888,7488184.0,TQBR
2020-11-02,942.0,955.0,942.0,947.0,4508,4280799.0,TQBR
2020-11-03,947.0,954.0,944.0,948.0,5834,5533487.0,TQBR
2020-11-05,953.0,955.0,874.0,950.0,6451,6071352.0,TQBR
2020-11-06,952.0,956.0,947.0,955.0,5517,5245411.0,TQBR
2020-11-09,957.0,966.0,953.0,964.0,14160,13617444.0,TQBR
2020-11-10,970.0,970.0,956.0,961.0,7069,6804071.0,TQBR
2020-11-11,962.0,965.0,954.0,959.0,14992,14387102.0,TQBR
2020-11-12,960.0,964.0,953.0,959.0,8859,8468608.0,TQBR
2020-11-13,954.0,963.0,952.0,958.0,5826,5572918.0,TQBR
2020-11-16,958.0,960.0,958.0,958.0,5080,4871991.0,TQBR
2020-11-17,959.0,969.0,949.0,956.0,9734,9296455.0,TQBR
2020-11-18,954.0,962.0,949.0,956.0,15227,14539546.0,TQBR
2020-11-19,958.0,961.0,949.0,959.0,11138,10651332.0,TQBR
2020-11-20,954.0,957.0,951.0,954.0,11466,10924759.0,TQBR
2020-11-23,955.0,957.0,954.0,954.0,5770,5512704.0,TQBR
2020-11-24,958.0,965.0,958.0,961.0,5421,5220896.0,TQBR
2020-11-25,959.0,963.0,958.0,959.0,6006,5770561.0,TQBR
2020-11-26,961.0,964.0,960.0,964.0,5882,5657485.0,TQBR
2020-11-27,961.0,964.0,959.0,959.0,6368,6125337.0,TQBR
2020-11-30,958.0,964.0,958.0,961.0,5967,5743984.0,TQBR
2020-12-01,962.0,964.0,960.0,960.0,5127,4934566.0,TQBR
2020-12-02,961.0,965.0,960.0,960.0,7352,7075376.0,TQBR
2020-12-03,963.0,975.0,963.0,970.0,6650,6471912.0,TQBR
2020-12-04,980.0,980.0,953.0,963.0,11198,10848948.0,TQBR
2020-12-07,970.0,980.0,968.0,974.0,8459,8234831.0,TQBR
2020-12-08,979.0,984.0,972.0,982.0,16052,15706664.0,TQBR
2020-12-09,980.0,990.0,975.0,989.0,13996,13710243.0,TQBR
2020-12-10,983.0,999.0,982.0,999.0,12703,12631285.0,TQBR
2020-12-11,1000.0,1002.0,992.0,1000.0,15985,15910830.0,TQBR
2020-12-14,1000.0,1015.0,996.0,1009.0,22096,22132997.0,TQBR
2020-12-15,1000.0,1035.0,1000.0,1035.0,22148,22447750.0,TQBR
2020-12-16,1033.0,1069.0,1032.0,1060.0,20753,21761581.0,TQBR
2020-12-17,1068.0,1100.0,1057.0,1090.0,16766,17928693.0,TQBR
2020-12-18,1095.0,1127.0,1091.0,1125.0,21263,23726404.0,TQBR
2020-12-21,1130.0,1148.0,1120.0,1140.0,12903,14738271.0,TQBR
2020-12-22,1147.0,1169.0,1145.0,1168.0,22874,26429786.0,TQBR
2020-12-23,1170.0,1172.0,1150.0,1150.0,11414,13145782.0,TQBR
2020-12-24,1158.0,1160.0,1149.0,1149.0,7625,8800703.0,TQBR
2020-12-25,1150.0,1160.0,1150.0,1150.0,7788,8982550.0,TQBR
2020-12-28,1158.0,1165.0,1151.0,1152.0,6670,7729728.0,TQBR
2020-12-29,1161.0,1174.0,1157.0,1174.0,8106,9499993.0,TQBR
2020-12-30,1174.0,1186.0,1174.0,1178.0,17728,20939545.0,TQBR
2021-01-04,1240.0,1240.0,1096.0,1152.0,15350,17891759.0,TQBR
2021-01-05,1153.0,1154.0,1150.0,1150.0,8993,10364351.0,TQBR
2021-01-06,1144.0,1160.0,1144.0,1148.0,9014,10360296.0,TQBR
2021-01-08,1143.0,1163.0,1138.0,1160.0,8522,9736464.0,TQBR
2021-01-11,1140.0,1170.0,1139.0,1159.0,14413,16708088.0,TQBR
2021-01-12,1161.0,1173.0,1159.0,1159.0,9726,11343321.0,TQBR
2021-01-13,1168.0,1170.0,1163.0,1163.0,7824,9117798.0,TQBR
2021-01-14,1165.0,1169.0,1165.0,1165.0,7104,8286571.0,TQBR
2021-01-15,1171.0,1181.0,1162.0,1166.0,18287,21373101.0,TQBR
2021-01-18,1165.0,1170.0,1160.0,1160.0,7322,8545020.0,TQBR
2021-01-19,1169.0,1178.0,1164.0,1173.0,12100,14127498.0,TQBR
2021-01-20,1180.0,1180.0,1166.0,1166.0,7576,8862364.0,TQBR
2021-01-21,1173.0,1177.0,1167.0,1167.0,9183,10769865.0,TQBR
2021-01-22,1167.0,1178.0,1162.0,1162.0,8139,9478940.0,TQBR
2021-01-25,1161.0,1188.0,1161.0,1188.0,9722,11412844.0,TQBR
2021-01-26,1190.0,1216.0,1190.0,1216.0,17495,21037712.0,TQBR
2021-01-27,1220.0,1241.0,1217.0,1234.0,9679,11915926.0,TQBR
2021-01-28,1224.0,1246.0,1222.0,1246.0,6742,8372651.0,TQBR
2021-01-29,1224.0,1247.0,1223.0,1238.0,7409,9192310.0,TQBR
2021-02-01,1243.0,1250.0,1238.0,1247.0,6824,8502485.0,TQBR
2021-02-02,1253.0,1275.0,1228.0,1274.0,26682,33517248.0,TQBR
2021-02-03,1280.0,1285.0,1261.0,1283.0,11686,14886578.0,TQBR
2021-02-04,1288.0,1301.0,1288.0,1296.0,9513,12321326.0,TQBR
2021-02-05,1310.0,1312.0,1297.0,1303.0,8356,10902053.0,TQBR
2021-02-08,1303.0,1338.0,1303.0,1338.0,11399,15094788.0,TQBR
2021-02-09,1346.0,1346.0,1331.0,1338.0,6779,9063760.0,TQBR
2021-02-10,1349.0,1351.0,1335.0,1335.0,7945,10639607.0,TQBR
2021-02-11,1336.0,1351.0,1330.0,1339.0,7891,10562879.0,TQBR
2021-02-12,1328.0,1339.0,1327.0,1338.0,6166,8221694.0,TQBR
2021-02-15,1350.0,1367.0,1340.0,1365.0,10766,14613910.0,TQBR
2021-02-16,1368.0,1378.0,1363.0,1369.0,11536,15816045.0,TQBR
2021-02-17,1369.0,1388.0,1359.0,1359.0,16747,22874492.0,TQBR
2021-02-18,1375.0,1375.0,1065.0,1349.0,17274,23371769.0,TQBR
2021-02-19,1345.0,1380.0,1340.0,1380.0,18153,24660978.0,TQBR
2021-02-20,1362.0,1383.0,1362.0,1373.0,10148,13947370.0,TQBR
2021-02-22,1374.0,1382.0,1369.0,1378.0,11957,16426620.0,TQBR
2021-02-24,1356.0,1380.0,1356.0,1370.0,17355,23813455.0,TQBR
2021-02-25,1371.0,1390.0,1362.0,1388.0,16053,22194519.0,TQBR
2021-02-26,1391.0,1391.0,1372.0,1377.0,13529,18661223.0,TQBR
2021-03-01,1379.0,1405.0,1375.0,1404.0,26143,36441644.0,TQBR
2021-03-02,1402.0,1425.0,1397.0,1425.0,14423,20353683.0,TQBR
2021-03-03,1429.0,1437.0,1423.0,1434.0,13606,19487752.0,TQBR
2021-03-04,1438.0,1439.0,1426.0,1426.0,12932,18542953.0,TQBR
2021-03-05,1430.0,1444.0,1416.0,1443.0,13258,18943873.0,TQBR
2021-03-09,1444.0,1470.0,1438.0,1469.0,12910,18886200.0,TQBR
2021-03-10,1472.0,1490.0,1462.0,1462.0,8107,11937629.0,TQBR
2021-03-11,1467.0,1484.0,1467.0,1484.0,7935,11692377.0,TQBR
2021-03-12,1485.0,1498.0,1484.0,1498.0,7833,11702663.0,TQBR
2021-03-15,1500.0,1520.0,1489.0,1517.0,29930,45173221.0,TQBR
2021-03-16,1520.0,1521.0,1505.0,1514.0,17574,26596903.0,TQBR
2021-03-17,1520.0,1520.0,1492.0,1492.0,12182,18300688.0,TQBR
2021-03-18,1497.0,1519.0,1487.0,1496.0,18457,27689450.0,TQBR
2021-03-19,1488.0,1501.0,1481.0,1483.0,15000,22371920.0,TQBR
2021-03-22,1483.0,1497.0,1477.0,1491.0,14084,20973781.0,TQBR
2021-03-23,1483.0,1494.0,1479.0,1482.0,12229,18163034.0,TQBR
2021-03-24,1485.0,1493.0,1476.0,1490.0,13901,20601694.0,TQBR
2021-03-25,1484.0,1500.0,1476.0,1476.0,13568,20156984.0,TQBR
2021-03-26,1476.0,1520.0,1476.0,1512.0,22698,34168546.0,TQBR
2021-03-29,1514.0,1545.0,1511.0,1536.0,19892,30474433.0,TQBR
2021-03-30,1531.0,1549.0,1525.0,1529.0,14794,22724348.0,TQBR
2021-03-31,1527.0,1540.0,1521.0,1534.0,13828,21141728.0,TQBR
2021-04-01,1536.0,1555.0,1531.0,1531.0,16578,25618487.0,TQBR
2021-04-02,1536.0,1558.0,1532.0,1554.0,13300,20519414.0,TQBR
2021-04-05,1550.0,1553.0,1532.0,1546.0,12975,20082641.0,TQBR
2021-04-06,1549.0,1550.0,1535.0,1536.0,16331,25187926.0,TQBR
2021-04-07,1540.0,1550.0,1532.0,1543.0,12672,19535222.0,TQBR
2021-04-08,1538.0,1563.0,1538.0,1549.0,16606,25726888.0,TQBR
2021-04-09,1551.0,1551.0,1532.0,1542.0,12270,18968996.0,TQBR
2021-04-12,1541.0,1579.0,1530.0,1559.0,15373,23995378.0,TQBR
2021-04-13,1564.0,1565.0,1553.0,1563.0,13684,21294220.0,TQBR
2021-04-14,1567.0,1600.0,1559.0,1584.0,18297,28907042.0,TQBR
2021-04-15,1581.0,1588.0,1572.0,1576.0,17034,26935013.0,TQBR
2021-04-16,1579.0,1597.0,1572.0,1591.0,13088,20750492.0,TQBR
2021-04-19,1593.0,1597.0,1582.0,1588.0,12169,19368523.0,TQBR
2021-04-20,1587.0,1603.0,1571.0,1580.0,12060,19160387.0,TQBR
2021-04-21,1583.0,1593.0,1574.0,1590.0,15910,25183676.0,TQBR
2021-04-22,1586.0,1619.0,1586.0,1614.0,25771,41287178.0,TQBR
2021-04-23,1586.0,1614.0,1574.0,1596.0,30503,48836616.0,TQBR
2021-04-26,1596.0,1600.0,1591.0,1597.0,28507,45423150.0,TQBR
2021-04-27,1600.0,1602.0,1587.0,1592.0,16185,25821551.0,TQBR
2021-04-28,1594.0,1595.0,1570.0,1586.0,12479,19765685.0,TQBR
2021-04-29,1588.0,1594.0,1567.0,1584.0,16045,25345826.0,TQBR
2021-04-30,1586.0,1615.0,1571.0,1595.0,27936,44471700.0,TQBR
2021-05-04,1594.0,1603.0,1592.0,1600.0,4282,6843157.0,TQBR
2021-05-05,1597.0,1604.0,1597.0,1601.0,3110,4975621.0,TQBR
2021-05-06,1599.0,1608.0,1596.0,1606.0,8454,13567597.0,TQBR
2021-05-07,1596.0,1611.0,1596.0,1603.0,1290,2067973.0,TQBR
2021-05-10,1601.0,1609.0,1600.0,1602.0,576,922808.0,TQBR
2021-05-11,1604.0,1604.0,1559.0,1579.0,10734,17015246.0,TQBR
2021-05-12,1573.0,1599.0,1572.0,1575.0,7824,12353726.0,TQBR
2021-05-13,1572.0,1575.0,1551.0,1573.0,7601,11883681.0,TQBR
2021-05-14,1569.0,1577.0,1556.0,1568.0,6891,10813331.0,TQBR
2021-05-17,1571.0,1572.0,1557.0,1572.0,7478,11682339.0,TQBR
2021-05-18,1563.0,1597.0,1557.0,1577.0,7143,11252701.0,TQBR
2021-05-19,1574.0,1579.0,1544.0,1555.0,14040,21882939.0,TQBR
2021-05-20,1552.0,1557.0,1541.0,1550.0,5944,9211336.0,TQBR
2021-05-21,1553.0,1558.0,1547.0,1547.0,2653,4112737.0,TQBR
2021-05-24,1548.0,1551.0,1541.0,1541.0,2996,4630716.0,TQBR
2021-05-25,1532.0,1550.0,1521.0,1542.0,4350,6682786.0,TQBR
2021-05-26,1538.0,1542.0,1532.0,1540.0,3317,5104201.0,TQBR
2021-05-27,1535.0,1560.0,1518.0,1542.0,5077,7817823.0,TQBR
2021-05-28,1544.0,1544.0,1531.0,1539.0,6072,9327162.0,TQBR
2021-05-31,1541.0,1542.0,1527.0,1529.0,6708,10309741.0,TQBR
2021-06-01,1524.0,1538.0,1524.0,1532.0,7822,11986867.0,TQBR
2021-06-02,1530.0,1539.0,1526.0,1537.0,13779,21075644.0,TQBR
2021-06-03,1537.0,1537.0,1522.0,1528.0,7742,11836760.0,TQBR
2021-06-04,1528.0,1530.0,1513.0,1525.0,7363,11218953.0,TQBR
2021-06-07,1525.0,1531.0,1514.0,1524.0,7790,11872089.0,TQBR
2021-06-08,1529.0,1529.0,1511.0,1517.0,3957,6003526.0,TQBR
2021-06-09,1511.0,1531.0,1511.0,1523.0,5165,7851444.0,TQBR
2021-06-10,1519.0,1530.0,1508.0,1519.0,6903,10485433.0,TQBR
2021-06-11,1516.0,1531.0,1506.0,1523.0,6927,10521606.0,TQBR
2021-06-14,1522.0,1527.0,1512.0,1523.0,6410,9759898.0,TQBR
2021-06-15,1520.0,1540.0,1518.0,1524.0,5923,9025262.0,TQBR
2021-06-16,1528.0,1529.0,1520.0,1529.0,667,1018213.0,TQBR
2021-06-17,1532.0,1532.0,1518.0,1523.0,420,641155.0,TQBR
2021-06-18,1519.0,1519.0,1501.0,1517.0,5760,8691890.0,TQBR
2021-06-21,1518.0,1522.0,1500.0,1522.0,5818,8803579.0,TQBR
2021-06-22,1521.0,1527.0,1518.0,1518.0,5089,7759684.0,TQBR
2021-06-23,1521.0,1523.0,1513.0,1514.0,8433,12790652.0,TQBR
2021-06-24,1516.0,1518.0,1493.0,1501.0,5417,8152789.0,TQBR
2021-06-25,1500.0,1503.0,1492.0,1499.0,3476,5212062.0,TQBR
2021-06-28,1489.0,1501.0,1489.0,1494.0,2610,3901638.0,TQBR
2021-06-29,1497.0,1497.0,1473.0,1479.0,24322,35951726.0,TQBR
2021-06-30,1478.0,1484.0,1473.0,1481.0,14367,21199825.0,TQBR
2021-07-01,1476.0,1488.0,1475.0,1478.0,4660,6918367.0,TQBR
2021-07-02,1471.0,1479.0,1470.0,1470.0,5525,8139859.0,TQBR
2021-07-05,1467.0,1472.0,1465.0,1467.0,6250,9167442.0,TQBR
2021-07-06,1465.0,1472.0,1463.0,1464.0,5933,8707690.0,TQBR
2021-07-07,1468.0,1470.0,1460.0,1465.0,4870,7137172.0,TQBR
2021-07-08,1458.0,1468.0,1431.0,1442.0,7460,10819804.0,TQBR
2021-07-09,1445.0,1447.0,1420.0,1426.0,40651,58236552.0,TQBR
2021-07-12,1430.0,1431.0,1395.0,1420.0,40886,57737661.0,TQBR
2021-07-13,1416.0,1424.0,1376.0,1405.0,32998,46098146.0,TQBR
2021-07-14,1407.0,1429.0,1362.0,1377.0,26003,35951963.0,TQBR
2021-07-15,1368.0,1382.0,1340.0,1372.0,36614,49824196.0,TQBR
2021-07-16,1370.0,1376.0,1347.0,1347.0,4912,6692843.0,TQBR
2021-07-19,1344.0,1352.0,1315.0,1317.0,16432,21847683.0,TQBR
2021-07-20,1319.0,1324.0,1314.0,1320.0,5430,7165291.0,TQBR
2021-07-21,1316.0,1335.0,1300.0,1301.0,17071,22498638.0,TQBR
2021-07-22,1303.0,1306.0,1287.0,1287.0,4444,5769192.0,TQBR
2021-07-23,1278.0,1292.0,1278.0,1292.0,703,906552.0,TQBR
2021-07-26,1296.0,1296.0,1277.0,1278.0,4219,5425097.0,TQBR
2021-07-27,1282.0,1298.0,1251.0,1295.0,43962,56039664.0,TQBR
2021-07-28,1295.0,1298.0,1270.0,1273.0,16615,21350188.0,TQBR
2021-07-29,1274.0,1297.0,1261.0,1264.0,15677,20013555.0,TQBR
2021-07-30,1259.0,1267.0,1233.0,1233.0,28704,35855834.0,TQBR
2021-08-02,1249.0,1251.0,1231.0,1236.0,5672,7007981.0,TQBR
2021-08-03,1232.0,1275.0,1228.0,1235.0,16480,20470371.0,TQBR
2021-08-04,1233.0,1240.0,1229.0,1231.0,7470,9231713.0,TQBR
2021-08-05,1233.0,1235.0,1225.0,1227.0,4856,5975993.0,TQBR
2021-08-06,1229.0,1229.0,1212.0,1213.0,5420,6625964.0,TQBR
2021-08-09,1211.0,1225.0,1209.0,1217.0,3920,4764060.0,TQBR
2021-08-10,1220.0,1224.0,1213.0,1220.0,5374,6551290.0,TQBR
2021-08-11,1222.0,1224.0,1212.0,1219.0,9569,11640506.0,TQBR
2021-08-12,1220.0,1224.0,1207.0,1221.0,8895,10839891.0,TQBR
2021-08-13,1217.0,1223.0,1215.0,1217.0,5777,7030012.0,TQBR
2021-08-16,1219.0,1223.0,1212.0,1213.0,7527,9157754.0,TQBR
2021-08-17,1215.0,1221.0,1207.0,1219.0,5810,7060761.0,TQBR
2021-08-18,1215.0,1224.0,1212.0,1221.0,7838,9531925.0,TQBR
2021-08-19,1224.0,1224.0,1212.0,1219.0,6594,8031997.0,TQBR
2021-08-20,1215.0,1221.0,1213.0,1214.0,8221,10002272.0,TQBR
2021-08-23,1215.0,1233.0,1209.0,1231.0,9019,10975701.0,TQBR
2021-08-24,1235.0,1241.0,1224.0,1236.0,7605,9362150.0,TQBR
2021-08-25,1240.0,1241.0,1227.0,1234.0,8915,11007814.0,TQBR
2021-08-26,1238.0,1274.0,1227.0,1267.0,51509,64819577.0,TQBR
2021-08-27,1268.0,1299.0,1243.0,1298.0,43453,55046725.0,TQBR
2021-08-30,1298.0,1308.0,1290.0,1308.0,7796,10148656.0,TQBR
2021-08-31,1311.0,1328.0,1305.0,1325.0,15928,20981042.0,TQBR
2021-09-01,1325.0,1342.0,1325.0,1341.0,12289,16354748.0,TQBR
2021-09-02,1335.0,1345.0,1334.0,1338.0,13513,18123943.0,TQBR
2021-09-03,1340.0,1341.0,1308.0,1325.0,12095,16077282.0,TQBR
2021-09-06,1337.0,1339.0,1328.0,1338.0,9912,13226196.0,TQBR
2021-09-07,1335.0,1342.0,1329.0,1333.0,8337,11137020.0,TQBR
2021-09-08,1330.0,1344.0,1320.0,1341.0,8420,11259249.0,TQBR
2021-09-09,1335.0,1347.0,1330.0,1337.0,10829,14509524.0,TQBR
2021-09-10,1341.0,1347.0,1331.0,1344.0,10034,13445966.0,TQBR
2021-09-13,1347.0,1373.0,1339.0,1362.0,18176,24608644.0,TQBR
2021-09-14,1362.0,1372.0,1355.0,1372.0,7298,9988812.0,TQBR
2021-09-15,1374.0,1387.0,1372.0,1383.0,5378,7425596.0,TQBR
2021-09-16,1388.0,1390.0,1366.0,1368.0,6194,8561815.0,TQBR
2021-09-17,1372.0,1373.0,1355.0,1355.0,13906,18889450.0,TQBR
2021-09-20,1371.0,1371.0,1333.0,1338.0,15944,21422286.0,TQBR
2021-09-21,1361.0,1369.0,1335.0,1338.0,25930,34892998.0,TQBR
2021-09-22,1354.0,1363.0,1345.0,1359.0,9568,12991861.0,TQBR
2021-09-23,1362.0,1370.0,1352.0,1366.0,11912,16200578.0,TQBR
2021-09-24,1369.0,1369.0,1350.0,1358.0,7650,10397367.0,TQBR
2021-09-27,1361.0,1370.0,1357.0,1367.0,7260,9909758.0,TQBR
2021-09-28,1367.0,1380.0,1357.0,1357.0,7259,9951045.0,TQBR
2021-09-29,1356.0,1363.0,1345.0,1356.0,6991,9487396.0,TQBR
2021-09-30,1359.0,1370.0,1354.0,1364.0,9519,12977512.0,TQBR
2021-10-01,1361.0,1363.0,1349.0,1353.0,4248,5756805.0,TQBR
2021-10-04,1353.0,1368.0,1352.0,1355.0,2878,3914207.0,TQBR
2021-10-05,1357.0,1398.0,1356.0,1395.0,6086,8378839.0,TQBR
2021-10-06,1395.0,1411.0,1371.0,1374.0,7985,11119260.0,TQBR
2021-10-07,1365.0,1396.0,1365.0,1395.0,1597,2211205.0,TQBR
2021-10-08,1392.0,1406.0,1388.0,1395.0,2580,3613303.0,TQBR
2021-10-11,1379.0,1416.0,1344.0,1412.0,3953,5572954.0,TQBR
2021-10-12,1410.0,1415.0,1394.0,1407.0,5031,7086258.0,TQBR
2021-10-13,1406.0,1412.0,1381.0,1396.0,6269,8752729.0,TQBR
2021-10-14,1396.0,1416.0,1382.0,1406.0,10043,14139789.0,TQBR
2021-10-15,1409.0,1417.0,1401.0,1402.0,30089,42365781.0,TQBR
2021-10-18,1390.0,1407.0,1385.0,1393.0,4624,6469585.0,TQBR
2021-10-19,1390.0,1404.0,1386.0,1401.0,4692,6552107.0,TQBR
2021-10-20,1399.0,1404.0,1392.0,1400.0,4007,5611284.0,TQBR
2021-10-21,1397.0,1402.0,1374.0,1374.0,4802,6688330.0,TQBR
2021-10-22,1367.0,1382.0,1366.0,1374.0,6990,9615644.0,TQBR
2021-10-25,1372.0,1391.0,1367.0,1390.0,6550,9033168.0,TQBR
2021-10-26,1392.0,1393.0,1383.0,1384.0,5465,7582911.0,TQBR
2021-10-27,1387.0,1387.0,1364.0,1376.0,6630,9119623.0,TQBR
2021-10-28,1371.0,1379.0,1351.0,1356.0,10216,13894243.0,TQBR
2021-10-29,1357.0,1358.0,1331.0,1344.0,4411,5945100.0,TQBR
2021-11-01,1345.0,1367.0,1341.0,1366.0,5326,7224019.0,TQBR
2021-11-02,1365.0,1378.0,1352.0,1362.0,4780,6522128.0,TQBR
2021-11-03,1355.0,1364.0,1347.0,1348.0,4644,6286346.0,TQBR
2021-11-05,1352.0,1352.0,1340.0,1347.0,2448,3299226.0,TQBR
2021-11-08,1348.0,1365.0,1348.0,1362.0,6153,8353400.0,TQBR
2021-11-09,1360.0,1366.0,1356.0,1360.0,4761,6482299.0,TQBR
2021-11-10,1359.0,1359.0,1347.0,1349.0,5052,6855285.0,TQBR
2021-11-11,1349.0,1349.0,1325.0,1347.0,5118,6835339.0,TQBR
2021-11-12,1349.0,1350.0,1315.0,1322.0,7969,10579164.0,TQBR
2021-11-15,1318.0,1336.0,1312.0,1323.0,5983,7936309.0,TQBR
2021-11-16,1323.0,1331.0,1305.0,1313.0,5451,7176789.0,TQBR
2021-11-17,1306.0,1318.0,1305.0,1315.0,4297,5639393.0,TQBR
2021-11-18,1310.0,1317.0,1293.0,1293.0,5674,7437160.0,TQBR
2021-11-19,1294.0,1305.0,1266.0,1268.0,9306,11922789.0,TQBR
2021-11-22,1266.0,1271.0,1239.0,1242.0,12373,15586230.0,TQBR
2021-11-23,1237.0,1285.0,1237.0,1283.0,34752,43849167.0,TQBR
2021-11-24,1284.0,1297.0,1280.0,1287.0,13830,17815618.0,TQBR
2021-11-25,1284.0,1301.0,1284.0,1284.0,10819,14008220.0,TQBR
2021-11-26,1276.0,1285.0,1274.0,1276.0,6418,8187574.0,TQBR
2021-11-29,1280.0,1346.0,1278.0,1343.0,21679,28708658.0,TQBR
2021-11-30,1340.0,1349.0,1312.0,1342.0,19709,26268833.0,TQBR
2021-12-01,1342.0,1370.0,1342.0,1363.0,8284,11256305.0,TQBR
2021-12-02,1362.0,1367.0,1356.0,1357.0,12634,17181525.0,TQBR
2021-12-03,1358.0,1372.0,1358.0,1362.0,10843,14822454.0,TQBR
2021-12-06,1379.0,1449.0,1362.0,1405.0,7882,11195642.0,TQBR
2021-12-07,1417.0,1459.0,1412.0,1455.0,19207,27544427.0,TQBR
2021-12-08,1455.0,1468.0,1417.0,1447.0,5590,8119494.0,TQBR
2021-12-09,1450.0,1493.0,1447.0,1482.0,10054,14839558.0,TQBR
2021-12-10,1485.0,1487.0,1475.0,1478.0,2797,4143730.0,TQBR
2021-12-13,1483.0,1498.0,1483.0,1490.0,5578,8326489.0,TQBR
2021-12-14,1492.0,1533.0,1450.0,1533.0,25099,37950685.0,TQBR
2021-12-15,1530.0,1575.0,1527.0,1573.0,18542,28923339.0,TQBR
2021-12-16,1569.0,1607.0,1553.0,1602.0,35651,56590294.0,TQBR
2021-12-17,1605.0,1609.0,1587.0,1600.0,28584,45701856.0,TQBR
2021-12-20,1596.0,1621.0,1577.0,1585.0,10640,16881887.0,TQBR
2021-12-21,1589.0,1615.0,1584.0,1598.0,15863,25331420.0,TQBR
2021-12-22,1596.0,1640.0,1595.0,1638.0,30249,49033057.0,TQBR
2021-12-23,1637.0,1639.0,1622.0,1627.0,7207,11773504.0,TQBR
2021-12-24,1628.0,1713.0,1602.0,1693.0,30259,50125350.0,TQBR
2021-12-27,1687.0,1752.0,1687.0,1748.0,15875,27704116.0,TQBR
2021-12-28,1748.0,1820.0,1746.0,1808.0,19607,34936036.0,TQBR
2021-12-29,1808.0,1808.0,1784.0,1785.0,15093,27166826.0,TQBR
2021-12-30,1788.0,1810.0,1783.0,1807.0,6528,11768136.0,TQBR
2022-01-03,1825.0,1865.0,1761.0,1855.0,5529,10249264.0,TQBR
2022-01-04,1847.0,1886.0,1846.0,1871.0,5294,9914752.0,TQBR
2022-01-05,1866.0,1873.0,1852.0,1858.0,5063,9442242.0,TQBR
2022-01-06,1851.0,1870.0,1800.0,1844.0,8458,15564473.0,TQBR
2022-01-10,1844.0,1883.0,1833.0,1834.0,16471,30701428.0,TQBR
2022-01-11,1835.0,1882.0,1832.0,1853.0,6040,11217419.0,TQBR
2022-01-12,1855.0,1879.0,1840.0,1878.0,4573,8525812.0,TQBR
2022-01-13,1876.0,1877.0,1805.0,1805.0,5417,10033547.0,TQBR
2022-01-14,1808.0,1829.0,1757.0,1772.0,17192,30769488.0,TQBR
2022-01-17,1773.0,1774.0,1756.0,1763.0,8144,14421966.0,TQBR
2022-01-18,1759.0,1773.0,1722.0,1738.0,2868,5025458.0,TQBR
2022-01-19,1736.0,1867.0,1729.0,1827.0,14486,26355430.0,TQBR
2022-01-20,1826.0,1905.0,1815.0,1895.0,21734,40319477.0,TQBR
2022-01-21,1888.0,1892.0,1867.0,1881.0,16996,32051167.0,TQBR
2022-01-24,1885.0,1885.0,1795.0,1832.0,4872,8941084.0,TQBR
2022-01-25,1833.0,1896.0,1822.0,1822.0,13004,23962666.0,TQBR
2022-01-26,1831.0,1891.0,1782.0,1807.0,33095,60321991.0,TQBR
2022-01-27,1810.0,1838.0,1094.0,1817.0,23422,42484615.0,TQBR
2022-01-28,1822.0,1860.0,1817.0,1840.0,15612,28512698.0,TQBR
2022-01-31,1843.0,1901.0,1838.0,1879.0,12198,22806006.0,TQBR
2022-02-01,1881.0,1918.0,1881.0,1897.0,10145,19307807.0,TQBR
2022-02-02,1901.0,1923.0,1891.0,1913.0,3838,7319735.0,TQBR
2022-02-03,1915.0,1945.0,1899.0,1908.0,2249,4292732.0,TQBR
2022-02-04,1914.0,1978.0,1899.0,1912.0,22115,43008811.0,TQBR
2022-02-07,1921.0,1959.0,1888.0,1904.0,31489,60280155.0,TQBR
2022-02-08,1915.0,1923.0,1894.0,1908.0,22267,42491699.0,TQBR
2022-02-09,1911.0,1918.0,1907.0,1912.0,11748,22446322.0,TQBR
2022-02-10,1895.0,1916.0,1874.0,1892.0,27783,52733813.0,TQBR
2022-02-11,1892.0,1902.0,1789.0,1832.0,18136,33306521.0,TQBR
2022-02-14,1832.0,1833.0,1745.0,1796.0,14507,25915920.0,TQBR
2022-02-15,1799.0,1810.0,1795.0,1803.0,9418,16979594.0,TQBR
2022-02-16,1803.0,1814.0,1799.0,1806.0,2592,4678531.0,TQBR
2022-02-17,1798.0,1798.0,1715.0,1720.0,11174,19689022.0,TQBR
2022-02-18,1723.0,1724.0,1658.0,1703.0,11999,20349386.0,TQBR
2022-02-21,1703.0,1706.0,1613.0,1613.0,15214,25256520.0,TQBR
2022-02-22,1628.0,1628.0,1473.0,1616.0,3419,5314988.0,TQBR
2022-02-24,969.0,1537.0,969.0,1485.0,3229,4796740.0,TQBR
2022-02-25,1477.0,1497.0,1461.0,1490.0,10932,16289442.0,TQBR
2022-03-28,1500.0,1509.0,1220.0,1447.0,5911,8648061.0,TQBR
2022-03-29,1455.0,1461.0,1398.0,1426.0,1172,1695614.0,TQBR
2022-03-30,1426.0,1436.0,1426.0,1433.0,397,567437.0,TQBR
2022-03-31,1433.0,1455.0,1432.0,1448.0,4147,5996820.0,TQBR
2022-04-01,1458.0,1468.0,1447.0,1455.0,3331,4845075.0,TQBR
2022-04-04,1457.0,1475.0,1402.0,1460.0,4224,6136918.0,TQBR
2022-04-05,1454.0,1463.0,1335.0,1383.0,18957,26231375.0,TQBR
2022-04-06,1386.0,1389.0,1351.0,1351.0,3760,5193568.0,TQBR
2022-04-07,1347.0,1358.0,1346.0,1350.0,4974,6725427.0,TQBR
2022-04-08,1349.0,1357.0,1299.0,1326.0,6227,8324485.0,TQBR
2022-04-11,1297.0,1358.0,1297.0,1302.0,3268,4320943.0,TQBR
2022-04-12,1302.0,1313.0,1251.0,1257.0,12065,15246972.0,TQBR
2022-04-13,1289.0,1322.0,1239.0,1250.0,1075,1362204.0,TQBR
2022-04-14,1253.0,1253.0,1172.0,1203.0,4172,5023893.0,TQBR
2022-04-15,1200.0,1238.0,1199.0,1236.0,20338,24747148.0,TQBR
2022-04-18,1241.0,1252.0,1235.0,1242.0,16278,20271410.0,TQBR
2022-04-19,1243.0,1243.0,1162.0,1221.0,10605,12668253.0,TQBR
2022-04-20,1221.0,1300.0,1195.0,1216.0,3653,4464250.0,TQBR
2022-04-21,1218.0,1218.0,1174.0,1174.0,2953,3560730.0,TQBR
2022-04-22,1175.0,1184.0,1144.0,1153.0,2435,2832719.0,TQBR
2022-04-25,1148.0,1148.0,1110.0,1132.0,1426,1607715.0,TQBR
2022-04-26,1125.0,1145.0,1125.0,1144.0,12119,13697705.0,TQBR
2022-04-27,1150.0,1178.0,1142.0,1152.0,4372,5056132.0,TQBR
2022-04-28,1158.0,1163.0,1118.0,1131.0,4313,4948033.0,TQBR
2022-04-29,1128.0,1183.0,1128.0,1176.0,7046,8095284.0,TQBR
2022-05-04,1187.0,1187.0,1137.0,1139.0,627,723269.0,TQBR
2022-05-05,1135.0,1187.0,1134.0,1186.0,765,901614.0,TQBR
2022-05-06,1184.0,1189.0,1184.0,1186.0,477,565916.0,TQBR
2022-05-11,1187.0,1207.0,1187.0,1203.0,4614,5545010.0,TQBR
2022-05-12,1202.0,1232.0,1200.0,1212.0,8284,9995683.0,TQBR
2022-05-13,1213.0,1217.0,1210.0,1212.0,4468,5417765.0,TQBR
2022-05-16,1212.0,1281.0,1210.0,1266.0,10684,13111056.0,TQBR
2022-05-17,1270.0,1320.0,1263.0,1313.0,21071,27050557.0,TQBR
2022-05-18,1319.0,1379.0,1319.0,1341.0,2838,3857570.0,TQBR
2022-05-19,1338.0,1339.0,1318.0,1337.0,3498,4658734.0,TQBR
2022-05-20,1332.0,1362.0,1289.0,1289.0,6436,8559742.0,TQBR
2022-05-23,1289.0,1294.0,1238.0,1238.0,4244,5387840.0,TQBR
2022-05-24,1237.0,1249.0,1195.0,1234.0,13095,15985161.0,TQBR
2022-05-25,1236.0,1277.0,1228.0,1275.0,20677,25790441.0,TQBR
2022-05-26,1282.0,1350.0,1268.0,1342.0,35807,46722893.0,TQBR
2022-05-27,1342.0,1360.0,1335.0,1341.0,6259,8471691.0,TQBR
2022-05-30,1344.0,1375.0,1317.0,1336.0,16890,22671234.0,TQBR
2022-05-31,1333.0,1338.0,1284.0,1306.0,13169,17318265.0,TQBR
2022-06-01,1310.0,1338.0,1294.0,1316.0,15827,20768806.0,TQBR
2022-06-02,1322.0,1341.0,1287.0,1287.0,7429,9735982.0,TQBR
2022-06-03,1268.0,1301.0,1256.0,1258.0,20201,25754561.0,TQBR
2022-06-06,1261.0,1264.0,1232.0,1237.0,10463,13053252.0,TQBR
2022-06-07,1245.0,1248.0,1215.0,1245.0,4575,5588677.0,TQBR
2022-06-08,1249.0,1294.0,1249.0,1272.0,15010,19021423.0,TQBR
2022-06-09,1268.0,1302.0,1242.0,1250.0,3991,4997728.0,TQBR
2022-06-10,1251.0,1262.0,1233.0,1240.0,5273,6556029.0,TQBR
2022-06-14,1235.0,1260.0,1220.0,1237.0,17621,21760086.0,TQBR
2022-06-15,1247.0,1267.0,1235.0,1254.0,12542,15642255.0,TQBR
2022-06-16,1268.0,1311.0,1257.0,1292.0,10371,13298377.0,TQBR
2022-06-17,1299.0,1307.0,1276.0,1284.0,12881,16681233.0,TQBR
2022-06-20,1277.0,1327.0,1277.0,1327.0,12469,16172899.0,TQBR
2022-06-21,1335.0,1340.0,1301.0,1304.0,13126,17252346.0,TQBR
2022-06-22,1301.0,1316.0,1282.0,1309.0,15717,20350202.0,TQBR
2022-06-23,1327.0,1338.0,1293.0,1338.0,11221,14708529.0,TQBR
2022-06-24,1343.0,1344.0,1311.0,1321.0,9854,13107669.0,TQBR
2022-06-27,1325.0,1342.0,1322.0,1335.0,7644,10152433.0,TQBR
2022-06-28,1343.0,1349.0,1316.0,1325.0,5096,6778222.0,TQBR
2022-06-29,1325.0,1327.0,1297.0,1310.0,4007,5244916.0,TQBR
2022-06-30,1308.0,1324.0,1194.0,1200.0,48915,60524965.0,TQBR
2022-07-01,1198.0,1226.0,1183.0,1217.0,29468,35561355.0,TQBR
2022-07-04,1212.0,1236.0,1208.0,1233.0,16517,20168264.0,TQBR
2022-07-05,1233.0,1240.0,1216.0,1236.0,9764,12036482.0,TQBR
2022-07-06,1231.0,1263.0,1230.0,1263.0,14792,18457943.0,TQBR
2022-07-07,1263.0,1274.0,1262.0,1272.0,9147,11596562.0,TQBR
2022-07-08,1271.0,1277.0,1271.0,1273.0,3590,4568646.0,TQBR
2022-07-11,1275.0,1277.0,1272.0,1272.0,11218,14303361.0,TQBR
2022-07-12,1270.0,1277.0,1270.0,1272.0,4178,5316943.0,TQBR
2022-07-13,1272.0,1284.0,1261.0,1283.0,5748,7335838.0,TQBR
2022-07-14,1283.0,1303.0,1281.0,1303.0,18802,24193550.0,TQBR
2022-07-15,1303.0,1325.0,1300.0,1322.0,8312,10920276.0,TQBR
2022-07-18,1324.0,1326.0,1322.0,1323.0,10328,13662392.0,TQBR
2022-07-19,1323.0,1323.0,1300.0,1323.0,26586,34793558.0,TQBR
2022-07-20,1323.0,1353.0,1317.0,1317.0,15838,21109666.0,TQBR
2022-07-21,1323.0,1383.0,1272.0,1383.0,14791,19277196.0,TQBR
2022-07-22,1382.0,1433.0,1380.0,1402.0,27305,38233489.0,TQBR
2022-07-25,1402.0,1404.0,1402.0,1402.0,17481,24517190.0,TQBR
2022-07-26,1403.0,1403.0,1389.0,1393.0,18635,26041817.0,TQBR
2022-07-27,1393.0,1393.0,1390.0,1393.0,5140,7156859.0,TQBR
2022-07-28,1392.0,1393.0,1390.0,1392.0,954,1327971.0,TQBR
2022-07-29,1390.0,1422.0,1390.0,1416.0,515,724041.0,TQBR
2022-08-01,1417.0,1420.0,1386.0,1398.0,5900,8253515.0,TQBR
2022-08-02,1386.0,1391.0,1370.0,1375.0,193,266221.0,TQBR
2022-08-03,1368.0,1398.0,1364.0,1370.0,2486,3418384.0,TQBR
2022-08-04,1367.0,1383.0,1361.0,1361.0,3881,5347438.0,TQBR
2022-08-05,1360.0,1372.0,1311.0,1318.0,17342,23162220.0,TQBR
2022-08-08,1321.0,1394.0,1321.0,1357.0,15259,20766994.0,TQBR
2022-08-09,1358.0,1374.0,1349.0,1372.0,10560,14422069.0,TQBR
2022-08-10,1366.0,1396.0,1359.0,1378.0,10472,14418765.0,TQBR
2022-08-11,1385.0,1400.0,1382.0,1383.0,16874,23401388.0,TQBR
2022-08-12,1396.0,1400.0,1343.0,1352.0,40259,54623973.0,TQBR
2022-08-15,1352.0,1397.0,1327.0,1342.0,38136,51579876.0,TQBR
2022-08-16,1342.0,1389.0,1340.0,1387.0,12315,16773309.0,TQBR
2022-08-17,1393.0,1406.0,1369.0,1369.0,8389,11608022.0,TQBR
2022-08-18,1375.0,1398.0,1345.0,1374.0,8747,11976970.0,TQBR
2022-08-19,1377.0,1394.0,1360.0,1366.0,8323,11394063.0,TQBR
2022-08-22,1367.0,1404.0,1356.0,1396.0,9173,12720187.0,TQBR
2022-08-23,1400.0,1435.0,1400.0,1430.0,3872,5493012.0,TQBR
2022-08-24,1434.0,1449.0,1412.0,1422.0,4868,6985558.0,TQBR
2022-08-25,1424.0,1456.0,1413.0,1424.0,8361,11946877.0,TQBR
2022-08-26,1424.0,1446.0,1408.0,1446.0,4528,6429998.0,TQBR
2022-08-29,1450.0,1472.0,1423.0,1470.0,6963,10180310.0,TQBR
2022-08-30,1473.0,1490.0,1462.0,1474.0,10674,15713272.0,TQBR
2022-08-31,1477.0,1576.0,1466.0,1513.0,18135,27471476.0,TQBR
2022-09-01,1512.0,1530.0,1510.0,1517.0,8719,13195936.0,TQBR
2022-09-02,1517.0,1530.0,1505.0,1527.0,6587,10028505.0,TQBR
2022-09-05,1526.0,1553.0,1499.0,1522.0,11187,17045126.0,TQBR
2022-09-06,1521.0,1542.0,1508.0,1522.0,22341,34074958.0,TQBR
2022-09-07,1521.0,1535.0,1500.0,1511.0,11632,17684410.0,TQBR
2022-09-08,1501.0,1538.0,1495.0,1500.0,7314,11042734.0,TQBR
2022-09-09,1500.0,1545.0,1500.0,1537.0,9201,13967261.0,TQBR
2022-09-12,1529.0,1587.0,1528.0,1563.0,10266,16065326.0,TQBR
2022-09-13,1575.0,1584.0,1551.0,1561.0,7758,12180734.0,TQBR
2022-09-14,1561.0,1568.0,1524.0,1548.0,7937,12190816.0,TQBR
2022-09-15,1548.0,1575.0,1531.0,1554.0,8569,13277780.0,TQBR
2022-09-16,1556.0,1580.0,1536.0,1541.0,9573,14847765.0,TQBR
2022-09-19,1542.0,1565.0,1531.0,1538.0,9822,15193068.0,TQBR
2022-09-20,1538.0,1546.0,1380.0,1380.0,38051,55333763.0,TQBR
2022-09-21,1381.0,1413.0,1249.0,1413.0,44168,58701552.0,TQBR
2022-09-22,1413.0,1517.0,1411.0,1474.0,43020,63091534.0,TQBR
2022-09-23,1484.0,1484.0,1380.0,1392.0,27849,39462665.0,TQBR
2022-09-26,951.0,1330.0,950.0,1277.0,62222,79319293.0,TQBR
2022-09-27,1239.0,1316.0,1239.0,1302.0,57873,74520669.0,TQBR
2022-09-28,1355.0,1378.0,1300.0,1313.0,55991,74875698.0,TQBR
2022-09-29,1339.0,1355.0,1277.0,1307.0,32795,42835034.0,TQBR
2022-09-30,1325.0,1363.0,1260.0,1312.0,96433,126721041.0,TQBR
2022-10-03,1388.0,1421.0,1338.0,1418.0,26914,36802746.0,TQBR
2022-10-04,1444.0,1461.0,1400.0,1428.0,37684,53635214.0,TQBR
2022-10-05,1425.0,1429.0,1374.0,1414.0,28254,39485291.0,TQBR
2022-10-06,1415.0,1444.0,1401.0,1406.0,38849,55395103.0,TQBR
2022-10-07,1400.0,1400.0,1336.0,1337.0,23566,32392923.0,TQBR
2022-10-10,1447.0,1447.0,1298.0,1307.0,54660,71238931.0,TQBR
2022-10-11,1306.0,1325.0,1300.0,1312.0,28046,36829614.0,TQBR
2022-10-12,1322.0,1358.0,1301.0,1313.0,37347,49131715.0,TQBR
2022-10-13,1313.0,1342.0,1303.0,1311.0,29258,38608777.0,TQBR
2022-10-14,1326.0,1337.0,1298.0,1302.0,15866,20699404.0,TQBR
2022-10-17,1336.0,1373.0,1314.0,1369.0,15996,21572691.0,TQBR
2022-10-18,1391.0,1402.0,1354.0,1391.0,17088,23636301.0,TQBR
2022-10-19,1357.0,1372.0,1329.0,1340.0,52104,70206979.0,TQBR
2022-10-20,1355.0,1401.0,1355.0,1390.0,25252,34839812.0,TQBR
2022-10-21,1395.0,1411.0,1366.0,1408.0,16788,23304840.0,TQBR
2022-10-24,1476.0,1477.0,1415.0,1425.0,14643,21037518.0,TQBR
2022-10-25,1432.0,1500.0,1424.0,1500.0,572,837048.0,TQBR
2022-10-26,1500.0,1518.0,1466.0,1493.0,37782,56377554.0,TQBR
2022-10-27,1496.0,1545.0,1496.0,1539.0,29682,45270428.0,TQBR
2022-10-28,1541.0,1549.0,1509.0,1542.0,25381,38930845.0,TQBR
2022-10-31,1550.0,1656.0,1530.0,1547.0,20500,31760991.0,TQBR
2022-11-01,1552.0,1568.0,1522.0,1550.0,9809,15228275.0,TQBR
2022-11-02,1556.0,1558.0,1537.0,1550.0,9598,14853451.0,TQBR
2022-11-03,1530.0,1535.0,1506.0,1528.0,37586,57352751.0,TQBR
2022-11-07,1517.0,1581.0,1500.0,1505.0,19910,30274523.0,TQBR
2022-11-08,1501.0,1511.0,1501.0,1503.0,62754,94398542.0,TQBR
2022-11-09,1502.0,1506.0,1500.0,1502.0,11614,17448662.0,TQBR
2022-11-10,1502.0,1511.0,1496.0,1503.0,13076,19683299.0,TQBR
2022-11-11,1501.0,1507.0,1473.0,1502.0,20393,30659295.0,TQBR
2022-11-14,1390.0,1529.0,1390.0,1503.0,22650,34026698.0,TQBR
2022-11-15,1503.0,1507.0,1474.0,1485.0,20457,30537413.0,TQBR
2022-11-16,1429.0,1498.0,1426.0,1487.0,23546,34983252.0,TQBR
2022-11-17,1490.0,1501.0,1469.0,1484.0,13995,20842885.0,TQBR
2022-11-18,1471.0,1488.0,1462.0,1483.0,11697,17247260.0,TQBR
2022-11-21,1530.0,1530.0,1449.0,1450.0,3535,5184319.0,TQBR
2022-11-22,1459.0,1492.0,1453.0,1492.0,18605,27330211.0,TQBR
2022-11-23,1487.0,1516.0,1442.0,1453.0,24098,35861768.0,TQBR
2022-11-24,1452.0,1476.0,1444.0,1448.0,43205,62850508.0,TQBR
2022-11-25,1447.0,1454.0,1421.0,1433.0,11602,16691764.0,TQBR
2022-11-28,1420.0,1425.0,1405.0,1420.0,12027,17019109.0,TQBR
2022-11-29,1415.0,1435.0,1406.0,1429.0,14158,20178859.0,TQBR
2022-11-30,1425.0,1438.0,1402.0,1419.0,14318,20368157.0,TQBR
2022-12-01,1431.0,1447.0,1429.0,1438.0,10525,15107106.0,TQBR
2022-12-02,1435.0,1441.0,1421.0,1431.0,12040,17230838.0,TQBR
2022-12-05,1437.0,1472.0,1419.0,1461.0,17157,24952643.0,TQBR
2022-12-06,1459.0,1463.0,1440.0,1445.0,10291,14885026.0,TQBR
2022-12-07,1439.0,1449.0,1420.0,1431.0,25715,36781405.0,TQBR
2022-12-08,1428.0,1432.0,1403.0,1422.0,16194,23069815.0,TQBR
2022-12-09,1416.0,1422.0,1396.0,1415.0,16431,23268041.0,TQBR
2022-12-12,1437.0,1437.0,1396.0,1407.0,16612,23412320.0,TQBR
2022-12-13,1408.0,1412.0,1390.0,1409.0,17754,24882082.0,TQBR
2022-12-14,1407.0,1416.0,1387.0,1396.0,19408,27137948.0,TQBR
2022-12-15,1390.0,1423.0,1362.0,1423.0,29974,41538350.0,TQBR
2022-12-16,1420.0,1485.0,1420.0,1483.0,33487,48739955.0,TQBR
2022-12-19,1500.0,1500.0,1453.0,1481.0,20573,30308722.0,TQBR
2022-12-20,1477.0,1505.0,1444.0,1502.0,21802,32183111.0,TQBR
2022-12-21,1503.0,1528.0,1484.0,1491.0,14983,22595743.0,TQBR
2022-12-22,1498.0,1516.0,1486.0,1492.0,12173,18318681.0,TQBR
2022-12-23,1496.0,1504.0,1478.0,1498.0,10924,16217613.0,TQBR
2022-12-26,1527.0,1550.0,1491.0,1522.0,14525,21927760.0,TQBR
2022-12-27,1523.0,1574.0,1509.0,1565.0,13892,21472326.0,TQBR
2022-12-28,1562.0,1575.0,1557.0,1572.0,13003,20418486.0,TQBR
2022-12-29,1573.0,1578.0,1542.0,1575.0,12646,19892501.0,TQBR
2022-12-30,1574.0,1575.0,1569.0,1570.0,12788,20120184.0,TQBR
2023-01-03,1568.0,1618.0,1566.0,1596.0,24999,39576807.0,TQBR
2023-01-04,1598.0,1608.0,1582.0,1593.0,12506,19937228.0,TQBR
2023-01-05,1598.0,1598.0,1578.0,1582.0,11232,17821281.0,TQBR
2023-01-06,1587.0,1592.0,1575.0,1582.0,12677,20081317.0,TQBR
2023-01-09,1584.0,1618.0,1584.0,1599.0,14160,22592638.0,TQBR
2023-01-10,1597.0,1615.0,1573.0,1594.0,12380,19686347.0,TQBR
2023-01-11,1594.0,1632.0,1587.0,1630.0,11258,18143940.0,TQBR
2023-01-12,1635.0,1648.0,1614.0,1626.0,11523,18776901.0,TQBR
2023-01-13,1627.0,1644.0,1615.0,1623.0,12893,20928838.0,TQBR
2023-01-16,1523.0,1653.0,1370.0,1649.0,23171,37105599.0,TQBR
2023-01-17,1650.0,1657.0,1625.0,1629.0,12593,20619854.0,TQBR
2023-01-18,1614.0,1645.0,1581.0,1638.0,11139,18178465.0,TQBR
2023-01-19,1626.0,1633.0,1606.0,1611.0,10783,17445107.0,TQBR
2023-01-20,1613.0,1623.0,1590.0,1609.0,25953,41507459.0,TQBR
2023-01-23,1636.0,1642.0,1577.0,1627.0,13431,21845998.0,TQBR
2023-01-24,1639.0,1649.0,1614.0,1615.0,12505,20357531.0,TQBR
2023-01-25,1618.0,1623.0,1602.0,1613.0,11814,19039830.0,TQBR
2023-01-26,1620.0,1626.0,1611.0,1615.0,9937,16094361.0,TQBR
2023-01-27,1621.0,1643.0,1612.0,1642.0,10151,16536813.0,TQBR
2023-01-30,1650.0,1679.0,1638.0,1657.0,11945,19706261.0,TQBR
2023-01-31,1657.0,1681.0,1655.0,1679.0,9359,15614808.0,TQBR
2023-02-01,1687.0,1709.0,1680.0,1688.0,11603,19684490.0,TQBR
2023-02-02,1696.0,1717.0,1683.0,1707.0,10377,17655690.0,TQBR
2023-02-03,1705.0,1716.0,1678.0,1706.0,12094,20487344.0,TQBR
2023-02-06,1696.0,1745.0,1696.0,1742.0,14295,24650643.0,TQBR
2023-02-07,1744.0,1764.0,1731.0,1739.0,19305,33730441.0,TQBR
2023-02-08,1743.0,1758.0,1721.0,1721.0,27073,46970140.0,TQBR
2023-02-09,1660.0,1751.0,1400.0,1737.0,9907,17041806.0,TQBR
2023-02-10,1729.0,1739.0,1726.0,1731.0,10462,18135588.0,TQBR
2023-02-13,1729.0,1748.0,1697.0,1733.0,10895,18934940.0,TQBR
2023-02-14,1725.0,1736.0,1695.0,1703.0,13473,23064135.0,TQBR
2023-02-15,1700.0,1700.0,1647.0,1647.0,10034,16807816.0,TQBR
2023-02-16,1629.0,1675.0,1628.0,1638.0,23033,38087206.0,TQBR
2023-02-17,1641.0,1674.0,1631.0,1663.0,24988,41277543.0,TQBR
2023-02-20,1657.0,1689.0,1635.0,1689.0,11919,19631922.0,TQBR
2023-02-21,1682.0,1749.0,1678.0,1723.0,74398,127706639.0,TQBR
2023-02-22,1732.0,1735.0,1705.0,1724.0,10694,18321390.0,TQBR
2023-02-24,1721.0,1739.0,1712.0,1716.0,16689,28822994.0,TQBR
2023-02-27,1723.0,1759.0,1686.0,1759.0,34618,59865156.0,TQBR
2023-02-28,1751.0,1782.0,1751.0,1771.0,12293,21738549.0,TQBR
2023-03-01,1777.0,1822.0,1776.0,1803.0,13622,24508841.0,TQBR
2023-03-02,1806.0,1819.0,1766.0,1776.0,36679,65292187.0,TQBR
2023-03-03,1771.0,1806.0,1769.0,1799.0,15849,28336967.0,TQBR
2023-03-06,1806.0,1832.0,1806.0,1824.0,10741,19570435.0,TQBR
2023-03-07,1813.0,1831.0,1813.0,1825.0,8969,16347549.0,TQBR
2023-03-09,1821.0,1833.0,1807.0,1811.0,16005,29134669.0,TQBR
2023-03-10,1813.0,1816.0,1783.0,1796.0,9569,17177359.0,TQBR
2023-03-13,1774.0,1814.0,1758.0,1763.0,59503,106227572.0,TQBR
2023-03-14,1756.0,1811.0,1732.0,1737.0,27900,49261154.0,TQBR
2023-03-15,1771.0,1771.0,1718.0,1753.0,44980,78165328.0,TQBR
2023-03-16,1795.0,1795.0,1727.0,1751.0,15628,27421312.0,TQBR
2023-03-17,1762.0,1845.0,1757.0,1833.0,50095,90109909.0,TQBR
2023-03-20,1841.0,1880.0,1833.0,1847.0,39861,74193534.0,TQBR
2023-03-21,1848.0,1865.0,1780.0,1823.0,21368,39217168.0,TQBR
2023-03-22,1821.0,1823.0,1732.0,1733.0,39798,70073269.0,TQBR
2023-03-23,1733.0,1748.0,1705.0,1719.0,14611,25178820.0,TQBR
2023-03-24,1720.0,1733.0,1711.0,1720.0,10174,17485982.0,TQBR
2023-03-27,1730.0,1731.0,1680.0,1682.0,22499,38069559.0,TQBR
2023-03-28,1683.0,1687.0,1661.0,1679.0,15495,26002357.0,TQBR
2023-03-29,1679.0,1712.0,1669.0,1684.0,8026,13492441.0,TQBR
2023-03-30,1681.0,1690.0,1662.0,1688.0,13034,21911240.0,TQBR
2023-03-31,1689.0,1691.0,1622.0,1650.0,15936,26410435.0,TQBR
2023-04-03,1688.0,1688.0,1630.0,1658.0,14190,23412565.0,TQBR
2023-04-04,1658.0,1667.0,1652.0,1655.0,16439,27322007.0,TQBR
2023-04-05,1656.0,1666.0,1631.0,1659.0,13827,22838699.0,TQBR
2023-04-06,1661.0,1665.0,1653.0,1659.0,11207,18614318.0,TQBR
2023-04-07,1658.0,1665.0,1652.0,1662.0,10874,18042057.0,TQBR
2023-04-10,1660.0,1671.0,1648.0,1663.0,8765,14578681.0,TQBR
2023-04-11,1670.0,1675.0,1625.0,1649.0,21275,35206075.0,TQBR
2023-04-12,1638.0,1657.0,1626.0,1652.0,21596,35496986.0,TQBR
2023-04-13,1648.0,1665.0,1635.0,1644.0,16330,26822050.0,TQBR
2023-04-14,1652.0,1656.0,1630.0,1640.0,9706,15924447.0,TQBR
2023-04-17,1645.0,1655.0,1627.0,1640.0,11837,19446035.0,TQBR
2023-04-18,1648.0,1655.0,1624.0,1641.0,13130,21517033.0,TQBR
2023-04-19,1646.0,1647.0,1592.0,1622.0,27578,44712829.0,TQBR
2023-04-20,1619.0,1627.0,1566.0,1621.0,41121,65686228.0,TQBR
2023-04-21,1622.0,1631.0,1603.0,1620.0,15762,25499553.0,TQBR
2023-04-24,1621.0,1625.0,1588.0,1610.0,15273,24706317.0,TQBR
2023-04-25,1613.0,1627.0,1585.0,1593.0,19346,30947198.0,TQBR
2023-04-26,1594.0,1597.0,1579.0,1582.0,11079,17610558.0,TQBR
2023-04-27,1582.0,1589.0,1574.0,1585.0,11160,17664570.0,TQBR
2023-04-28,1588.0,1592.0,1535.0,1564.0,24002,37323288.0,TQBR
2023-05-02,1556.0,1565.0,1462.0,1485.0,47235,71664479.0,TQBR
2023-05-03,1494.0,1497.0,1440.0,1441.0,57513,84384858.0,TQBR
2023-05-04,1420.0,1448.0,1420.0,1434.0,22059,31766393.0,TQBR
2023-05-05,1440.0,1443.0,1429.0,1435.0,10786,15458820.0,TQBR
2023-05-08,1435.0,1447.0,1404.0,1415.0,13118,18573575.0,TQBR
2023-05-10,1415.0,1422.0,1383.0,1421.0,21742,30540961.0,TQBR
2023-05-11,1418.0,1432.0,1417.0,1421.0,7700,10964586.0,TQBR
2023-05-12,1421.0,1421.0,1366.0,1418.0,18844,26206703.0,TQBR
2023-05-15,1420.0,1467.0,1402.0,1467.0,9583,13900781.0,TQBR
2023-05-16,1485.0,1510.0,1480.0,1490.0,7199,10762206.0,TQBR
2023-05-17,1490.0,1510.0,1485.0,1491.0,12853,19223360.0,TQBR
2023-05-18,1494.0,1554.0,1418.0,1427.0,26007,39046879.0,TQBR
2023-05-19,1450.0,1526.0,1400.0,1421.0,13421,19450185.0,TQBR
2023-05-22,1427.0,1458.0,1416.0,1430.0,9145,13108613.0,TQBR
2023-05-23,1436.0,1438.0,1421.0,1432.0,8222,11760339.0,TQBR
2023-05-24,1435.0,1445.0,1423.0,1441.0,8972,12847663.0,TQBR
2023-05-25,1446.0,1457.0,1426.0,1443.0,10833,15613938.0,TQBR
2023-05-26,1446.0,1478.0,1435.0,1475.0,10805,15735481.0,TQBR
2023-05-29,1475.0,1520.0,1461.0,1518.0,12613,18962168.0,TQBR
2023-05-30,1527.0,1534.0,1501.0,1507.0,13963,21285916.0,TQBR
2023-05-31,1509.0,1534.0,1491.0,1523.0,11368,17182123.0,TQBR
2023-06-01,1524.0,1534.0,1516.0,1523.0,10768,16426573.0,TQBR
2023-06-02,1518.0,1528.0,1452.0,1522.0,9561,14491988.0,TQBR
2023-06-05,1521.0,1544.0,1504.0,1513.0,10782,16463805.0,TQBR
2023-06-06,1513.0,1513.0,1470.0,1505.0,7297,10921221.0,TQBR
2023-06-07,1507.0,1537.0,1507.0,1518.0,9176,13979879.0,TQBR
2023-06-08,1518.0,1534.0,1508.0,1526.0,8877,13525633.0,TQBR
2023-06-09,1527.0,1541.0,1522.0,1528.0,8986,13761502.0,TQBR
2023-06-13,1530.0,1574.0,1524.0,1570.0,13149,20449547.0,TQBR
2023-06-14,1590.0,1599.0,1571.0,1583.0,9130,14468272.0,TQBR
2023-06-15,1590.0,1630.0,1577.0,1610.0,11056,17629806.0,TQBR
2023-06-16,1620.0,1626.0,1601.0,1605.0,8825,14202046.0,TQBR
2023-06-19,1608.0,1635.0,1602.0,1616.0,4758,7673413.0,TQBR
2023-06-20,1616.0,1683.0,1604.0,1683.0,15441,25089016.0,TQBR
2023-06-21,1680.0,1709.0,1656.0,1697.0,11045,18676306.0,TQBR
2023-06-22,1695.0,1707.0,1692.0,1699.0,2773,4709940.0,TQBR
2023-06-23,1690.0,1706.0,1608.0,1688.0,11926,20074533.0,TQBR
2023-06-26,1675.0,1688.0,1654.0,1673.0,10360,17365486.0,TQBR
2023-06-27,1678.0,1706.0,1668.0,1706.0,9056,15275791.0,TQBR
2023-06-28,1706.0,1719.0,1693.0,1704.0,9482,16210213.0,TQBR
2023-06-29,1714.0,1729.0,1704.0,1718.0,8938,15359366.0,TQBR
2023-06-30,1719.0,1719.0,1684.0,1712.0,8789,15071816.0,TQBR
2023-07-03,1687.0,1718.0,1683.0,1713.0,7934,13576507.0,TQBR
2023-07-04,1714.0,1718.0,1704.0,1715.0,22538,38608898.0,TQBR
2023-07-05,1715.0,1718.0,1705.0,1717.0,8792,15068125.0,TQBR
2023-07-06,1720.0,1752.0,1719.0,1734.0,49083,85553182.0,TQBR
2023-07-07,1900.0,2384.0,1669.0,1738.0,70509,133573874.0,TQBR
2023-07-10,1729.0,1799.0,1707.0,1763.0,11972,21007575.0,TQBR
2023-07-11,1780.0,1795.0,1753.0,1771.0,11904,21041505.0,TQBR
2023-07-12,1782.0,1824.0,1775.0,1814.0,13200,23775597.0,TQBR
2023-07-13,1816.0,1828.0,1805.0,1815.0,9700,17585403.0,TQBR
2023-07-14,1814.0,1847.0,1803.0,1832.0,9184,16763488.0,TQBR
2023-07-17,1831.0,1893.0,1810.0,1893.0,12797,23727371.0,TQBR
2023-07-18,1893.0,1959.0,1856.0,1941.0,11862,22846288.0,TQBR
2023-07-19,1952.0,1956.0,1932.0,1940.0,10062,19525890.0,TQBR
2023-07-20,1935.0,1944.0,1923.0,1932.0,8539,16484156.0,TQBR
2023-07-21,1918.0,1945.0,1917.0,1935.0,8281,15980084.0,TQBR
2023-07-24,1950.0,2040.0,1934.0,1946.0,9691,18940206.0,TQBR
2023-07-25,1960.0,1987.0,1955.0,1983.0,8628,17032185.0,TQBR
2023-07-26,1996.0,2000.0,1972.0,1977.0,8144,16131002.0,TQBR
2023-07-27,1978.0,2010.0,1970.0,1980.0,8385,16616244.0,TQBR
2023-07-28,1982.0,1998.0,1967.0,1976.0,12675,25088605.0,TQBR
2023-07-31,1975.0,1984.0,1970.0,1982.0,18377,36342304.0,TQBR
2023-08-01,1985.0,1991.0,1940.0,1979.0,11592,22955649.0,TQBR
2023-08-02,1988.0,1998.0,1956.0,1983.0,6001,11854345.0,TQBR
2023-08-03,2002.0,2050.0,1974.0,1984.0,9679,19245216.0,TQBR
2023-08-04,1986.0,2020.0,1812.0,1916.0,36736,71771578.0,TQBR
2023-08-07,1922.0,1952.0,1901.0,1919.0,21306,40913510.0,TQBR
2023-08-08,1915.0,1956.0,1848.0,1914.0,22809,42835603.0,TQBR
2023-08-09,1920.0,1951.0,1910.0,1910.0,9308,17854389.0,TQBR
2023-08-10,1914.0,1943.0,1895.0,1909.0,7811,14937611.0,TQBR
2023-08-11,1925.0,1949.0,1882.0,1913.0,9163,17492832.0,TQBR
2023-08-14,1919.0,1934.0,1871.0,1888.0,11402,21766507.0,TQBR
2023-08-15,1883.0,1894.0,1850.0,1883.0,23777,44631133.0,TQBR
2023-08-16,1888.0,1888.0,1765.0,1798.0,30944,55496725.0,TQBR
2023-08-17,1801.0,1803.0,1783.0,1799.0,9581,17139203.0,TQBR
2023-08-18,1801.0,1807.0,1798.0,1805.0,587,1058362.0,TQBR
2023-08-21,1810.0,1855.0,1802.0,1810.0,1113,2020966.0,TQBR
2023-08-22,1812.0,1815.0,1795.0,1815.0,3291,5943132.0,TQBR
2023-08-23,1813.0,1887.0,1755.0,1790.0,16177,28722326.0,TQBR
2023-08-24,1786.0,1791.0,1754.0,1772.0,2921,5151614.0,TQBR
2023-08-25,1776.0,1777.0,1768.0,1776.0,408,723623.0,TQBR
2023-08-28,1780.0,1781.0,1773.0,1776.0,557,989427.0,TQBR
2023-08-29,1779.0,1779.0,1754.0,1772.0,4650,8240445.0,TQBR
2023-08-30,1776.0,1811.0,1761.0,1768.0,7016,12454477.0,TQBR
2023-08-31,1768.0,1774.0,1751.0,1767.0,7355,12992871.0,TQBR
2023-09-01,1767.0,1778.0,1752.0,1762.0,7436,13105498.0,TQBR
2023-09-04,1762.0,1796.0,1752.0,1768.0,8255,14570986.0,TQBR
2023-09-05,1770.0,1773.0,1743.0,1765.0,8537,15052868.0,TQBR
2023-09-06,1765.0,1771.0,1735.0,1748.0,8845,15466585.0,TQBR
2023-09-07,1753.0,1753.0,1650.0,1702.0,23919,40780536.0,TQBR
2023-09-08,1707.0,1727.0,1646.0,1694.0,29988,50048546.0,TQBR
2023-09-11,1699.0,1726.0,1673.0,1677.0,8137,13718961.0,TQBR
2023-09-12,1676.0,1720.0,1673.0,1699.0,7677,12984422.0,TQBR
2023-09-13,1696.0,1715.0,1678.0,1693.0,7824,13292070.0,TQBR
2023-09-14,1690.0,1691.0,1661.0,1677.0,17157,28618193.0,TQBR
2023-09-15,1672.0,1698.0,1669.0,1686.0,12535,21034167.0,TQBR
2023-09-18,1682.0,1710.0,1671.0,1674.0,7431,12533729.0,TQBR
2023-09-19,1679.0,1698.0,1613.0,1640.0,12410,20472471.0,TQBR
2023-09-20,1636.0,1687.0,1605.0,1637.0,19475,31599878.0,TQBR
2023-09-21,1641.0,1669.0,1603.0,1604.0,5394,8750557.0,TQBR
2023-09-22,1600.0,1663.0,1597.0,1663.0,8403,13514510.0,TQBR
2023-09-25,1659.0,1711.0,1659.0,1663.0,11149,18542006.0,TQBR
2023-09-26,1658.0,1690.0,1640.0,1660.0,9099,15035173.0,TQBR
2023-09-27,1665.0,1697.0,1658.0,1673.0,22308,37531744.0,TQBR
2023-09-28,1677.0,1732.0,1671.0,1723.0,20311,34142262.0,TQBR
2023-09-29,1722.0,1777.0,1696.0,1732.0,23574,41468035.0,TQBR
2023-10-02,1736.0,1766.0,1728.0,1732.0,18613,32492921.0,TQBR
2023-10-03,1739.0,1748.0,1715.0,1739.0,8245,14253384.0,TQBR
2023-10-04,1739.0,1764.0,1727.0,1738.0,11697,20400214.0,TQBR
2023-10-05,1734.0,1739.0,1722.0,1736.0,5030,8694265.0,TQBR
2023-10-06,1732.0,1770.0,1729.0,1746.0,5613,9774366.0,TQBR
2023-10-09,1751.0,1784.0,1745.0,1764.0,8436,14901808.0,TQBR
2023-10-10,1817.0,1817.0,1760.0,1768.0,7929,14007197.0,TQBR
2023-10-11,1772.0,1801.0,1762.0,1777.0,6812,12078485.0,TQBR
2023-10-12,1772.0,1781.0,1749.0,1765.0,7343,12906650.0,TQBR
2023-10-13,1767.0,1800.0,1762.0,1772.0,6232,11038573.0,TQBR
2023-10-16,1768.0,1797.0,1768.0,1793.0,8322,14876463.0,TQBR
2023-10-17,1796.0,1817.0,1772.0,1806.0,6891,12386400.0,TQBR
2023-10-18,1806.0,1822.0,1773.0,1805.0,8419,15208458.0,TQBR
2023-10-19,1809.0,1813.0,1780.0,1802.0,6282,11305957.0,TQBR
2023-10-20,1799.0,1810.0,1776.0,1805.0,5182,9306927.0,TQBR
2023-10-23,1809.0,1812.0,1792.0,1798.0,7280,13119437.0,TQBR
2023-10-24,1801.0,1809.0,1784.0,1794.0,6563,11776193.0,TQBR
2023-10-25,1794.0,1810.0,1781.0,1792.0,6232,11153108.0,TQBR
2023-10-26,1790.0,1819.0,1763.0,1767.0,12915,22951536.0,TQBR
2023-10-27,1765.0,1775.0,1733.0,1764.0,8806,15500622.0,TQBR
2023-10-30,1761.0,1776.0,1749.0,1770.0,7026,12422613.0,TQBR
2023-10-31,1778.0,1805.0,1740.0,1749.0,5824,10203855.0,TQBR
2023-11-01,1757.0,1761.0,1739.0,1752.0,5528,9702151.0,TQBR
2023-11-02,1751.0,1767.0,1748.0,1756.0,5601,9846740.0,TQBR
2023-11-03,1755.0,1765.0,1732.0,1756.0,6345,11136531.0,TQBR
2023-11-06,1761.0,1766.0,1752.0,1766.0,6339,11165618.0,TQBR
2023-11-07,1767.0,1801.0,1761.0,1770.0,6484,11470775.0,TQBR
2023-11-08,1775.0,1833.0,1762.0,1832.0,16099,29002113.0,TQBR
2023-11-09,1837.0,1837.0,1777.0,1823.0,9875,18033177.0,TQBR
2023-11-10,1819.0,1835.0,1815.0,1822.0,5268,9593273.0,TQBR
2023-11-13,1822.0,1866.0,1791.0,1820.0,10470,19178194.0,TQBR
2023-11-14,1821.0,1846.0,1789.0,1797.0,8808,15884976.0,TQBR
2023-11-15,1792.0,1815.0,1762.0,1800.0,8134,14515351.0,TQBR
2023-11-16,1805.0,1810.0,1773.0,1788.0,5954,10675383.0,TQBR
2023-11-17,1786.0,1807.0,1767.0,1800.0,7619,13563228.0,TQBR
2023-11-20,1805.0,1806.0,1790.0,1801.0,6031,10838536.0,TQBR
2023-11-21,1797.0,1810.0,1782.0,1810.0,4675,8405395.0,TQBR
2023-11-22,1810.0,1825.0,1788.0,1815.0,9106,16528223.0,TQBR
2023-11-23,1818.0,1848.0,1805.0,1806.0,5377,9768191.0,TQBR
2023-11-24,1802.0,1842.0,1796.0,1801.0,5195,9387055.0,TQBR
2023-11-27,1798.0,1806.0,1745.0,1779.0,6549,11739970.0,TQBR
2023-11-28,1777.0,1828.0,1761.0,1779.0,3672,6521078.0,TQBR
2023-11-29,1783.0,1783.0,1746.0,1768.0,5828,10313164.0,TQBR
2023-11-30,1771.0,1803.0,1746.0,1763.0,6536,11533803.0,TQBR
2023-12-01,1759.0,1764.0,1746.0,1746.0,4914,8620754.0,TQBR
2023-12-04,1745.0,1750.0,1705.0,1725.0,8073,13977408.0,TQBR
2023-12-05,1723.0,1749.0,1701.0,1733.0,7685,13219935.0,TQBR
2023-12-06,1730.0,1744.0,1706.0,1706.0,4884,8408304.0,TQBR
2023-12-07,1703.0,1711.0,1677.0,1707.0,6344,10751141.0,TQBR
2023-12-08,1707.0,1722.0,1698.0,1707.0,4524,7737370.0,TQBR
2023-12-11,1710.0,1741.0,1676.0,1676.0,21561,36429502.0,TQBR
2023-12-12,1672.0,1689.0,1662.0,1678.0,1168,1959224.0,TQBR
2023-12-13,1674.0,1689.0,1645.0,1683.0,3727,6221246.0,TQBR
2023-12-14,1688.0,1708.0,1669.0,1672.0,5423,9148412.0,TQBR
2023-12-15,1676.0,1705.0,1646.0,1682.0,14395,23936265.0,TQBR
2023-12-18,1682.0,1715.0,1681.0,1714.0,13055,22295885.0,TQBR
2023-12-19,1719.0,1766.0,1711.0,1745.0,11622,20177532.0,TQBR
2023-12-20,1750.0,1793.0,1750.0,1764.0,9891,17464875.0,TQBR
2023-12-21,1760.0,1799.0,1752.0,1765.0,4329,7642601.0,TQBR
2023-12-22,1770.0,1794.0,1752.0,1774.0,15830,28128410.0,TQBR
2023-12-25,1771.0,1800.0,1752.0,1775.0,5366,9541478.0,TQBR
2023-12-26,1780.0,1848.0,1751.0,1847.0,8671,15417952.0,TQBR
2023-12-27,1853.0,1877.0,1825.0,1853.0,3573,6622894.0,TQBR
2023-12-28,1858.0,1893.0,1835.0,1892.0,5394,10042499.0,TQBR
2023-12-29,1896.0,1918.0,1843.0,1902.0,8287,15748415.0,TQBR
2024-01-03,1892.0,1906.0,1864.0,1890.0,136,257050.0,TQBR
2024-01-04,1891.0,1893.0,1874.0,1879.0,276,519182.0,TQBR
2024-01-05,1880.0,1880.0,1850.0,1852.0,1515,2804708.0,TQBR
2024-01-08,1861.0,1872.0,1860.0,1868.0,104,193738.0,TQBR
2024-01-09,1870.0,1894.0,1869.0,1871.0,88,165061.0,TQBR
2024-01-10,1871.0,1897.0,1849.0,1853.0,625,1161860.0,TQBR
2024-01-11,1868.0,1872.0,1820.0,1840.0,965,1775535.0,TQBR
2024-01-12,1830.0,1858.0,1830.0,1855.0,1165,2162117.0,TQBR
2024-01-15,1857.0,1870.0,1829.0,1857.0,527,975161.0,TQBR
2024-01-16,1857.0,1888.0,1857.0,1859.0,568,1065041.0,TQBR
2024-01-17,1859.0,1884.0,1858.0,1875.0,404,755668.0,TQBR
2024-01-18,1960.0,2055.0,1900.0,1928.0,1916,3756417.0,TQBR
2024-01-19,1929.0,1941.0,1903.0,1918.0,366,701361.0,TQBR
2024-01-22,1918.0,1918.0,1896.0,1912.0,332,630858.0,TQBR
2024-01-23,1915.0,1915.0,1887.0,1889.0,142,269758.0,TQBR
2024-01-24,1889.0,1914.0,1872.0,1903.0,475,904224.0,TQBR
2024-01-25,1906.0,1919.0,1876.0,1877.0,867,1644863.0,TQBR
2024-01-26,1915.0,1915.0,1850.0,1850.0,667,1249122.0,TQBR
2024-01-29,1855.0,1867.0,1840.0,1840.0,312,576018.0,TQBR
2024-01-30,1840.0,1840.0,1784.0,1786.0,1074,1934292.0,TQBR
2024-01-31,1786.0,1817.0,1786.0,1816.0,321,580927.0,TQBR
2024-02-01,1801.0,1817.0,1794.0,1800.0,386,698327.0,TQBR
2024-02-02,1794.0,1813.0,1788.0,1790.0,380,682363.0,TQBR
2024-02-05,1772.0,1806.0,1757.0,1798.0,305,543078.0,TQBR
2024-02-06,1783.0,1808.0,1783.0,1788.0,58,104307.0,TQBR
2024-02-07,1807.0,1807.0,1770.0,1785.0,666,1183354.0,TQBR
2024-02-08,1788.0,1790.0,1772.0,1772.0,314,560138.0,TQBR
2024-02-09,1771.0,1780.0,1760.0,1760.0,401,707587.0,TQBR
2024-02-12,1759.0,1759.0,1738.0,1740.0,585,1019742.0,TQBR
2024-02-13,1740.0,1774.0,1738.0,1764.0,256,450607.0,TQBR
2024-02-14,1777.0,1785.0,1757.0,1765.0,314,557065.0,TQBR
2024-02-15,1765.0,1800.0,1759.0,1799.0,3024,5382857.0,TQBR
2024-02-16,1810.0,1810.0,1770.0,1785.0,2684,4770144.0,TQBR
2024-02-19,1785.0,1804.0,1776.0,1784.0,291,522407.0,TQBR
2024-02-20,1789.0,1800.0,1751.0,1758.0,342,601012.0,TQBR
2024-02-21,1751.0,1763.0,1701.0,1705.0,544,937899.0,TQBR
2024-02-22,1733.0,1734.0,1702.0,1705.0,116,199445.0,TQBR
2024-02-26,1705.0,1743.0,1705.0,1709.0,445,763828.0,TQBR
2024-02-27,1710.0,1747.0,1710.0,1745.0,174,302135.0,TQBR
2024-02-28,1758.0,1775.0,1744.0,1770.0,3045,5378592.0,TQBR
2024-02-29,1780.0,1819.0,1774.0,1794.0,972,1757030.0,TQBR
2024-03-01,1774.0,1780.0,1761.0,1767.0,2404,4235580.0,TQBR
2024-03-04,1762.0,1768.0,1750.0,1750.0,820,1436729.0,TQBR
2024-03-05,1754.0,1754.0,1737.0,1740.0,137,238831.0,TQBR
2024-03-06,1741.0,1757.0,1741.0,1752.0,117,204719.0,TQBR
2024-03-07,1758.0,1758.0,1743.0,1743.0,37,64728.0,TQBR
2024-03-11,1748.0,1756.0,1738.0,1743.0,103,179687.0,TQBR
2024-03-12,1737.0,1743.0,1720.0,1740.0,157,272358.0,TQBR
2024-03-13,1737.0,1741.0,1728.0,1732.0,72,125007.0,TQBR
2024-03-14,1736.0,1737.0,1716.0,1732.0,60,103346.0,TQBR
2024-03-15,1735.0,1739.0,1719.0,1725.0,61,105303.0,TQBR
2024-03-18,1724.0,1729.0,1723.0,1728.0,151,260990.0,TQBR
2024-03-19,1719.0,1746.0,1718.0,1722.0,122,210958.0,TQBR
2024-03-20,1738.0,1738.0,1710.0,1710.0,192,329087.0,TQBR
2024-03-21,1717.0,1718.0,1711.0,1715.0,83,142259.0,TQBR
2024-03-22,1711.0,1714.0,1705.0,1714.0,45,76931.0,TQBR
2024-03-25,1715.0,1762.0,1711.0,1711.0,258,445977.0,TQBR
2024-03-26,1721.0,1746.0,1711.0,1746.0,408,707540.0,TQBR
2024-03-27,1746.0,1835.0,1746.0,1794.0,4281,7624805.0,TQBR
2024-03-28,1791.0,1857.0,1785.0,1845.0,779,1411810.0,TQBR
2024-03-29,1872.0,1888.0,1811.0,1857.0,559,1036355.0,TQBR
2024-04-01,1849.0,1879.0,1845.0,1867.0,562,1047333.0,TQBR
2024-04-02,1855.0,1875.0,1849.0,1866.0,239,445824.0,TQBR
2024-04-03,1835.0,1873.0,1829.0,1864.0,154,286975.0,TQBR
2024-04-04,1857.0,1858.0,1843.0,1855.0,260,482131.0,TQBR
2024-04-05,1855.0,1867.0,1855.0,1859.0,158,293660.0,TQBR
2024-04-08,1859.0,1878.0,1845.0,1850.0,541,1006933.0,TQBR
2024-04-09,1850.0,1863.0,1850.0,1859.0,76,141202.0,TQBR
2024-04-10,1858.0,1898.0,1858.0,1895.0,974,1831217.0,TQBR
2024-04-11,1895.0,1969.0,1869.0,1926.0,2050,3955498.0,TQBR
2024-04-12,1916.0,1969.0,1875.0,1875.0,1029,1944120.0,TQBR
2024-04-15,1919.0,1919.0,1859.0,1859.0,298,557920.0,TQBR
2024-04-16,1860.0,1862.0,1835.0,1846.0,891,1650228.0,TQBR
2024-04-17,1852.0,1854.0,1840.0,1841.0,62,114417.0,TQBR
2024-04-18,1841.0,1865.0,1837.0,1849.0,96,176950.0,TQBR
2024-04-19,1841.0,1875.0,1836.0,1854.0,1502,2806672.0,TQBR
2024-04-22,1840.0,1861.0,1840.0,1842.0,51,94153.0,TQBR
2024-04-23,1859.0,1859.0,1815.0,1815.0,1494,2737989.0,TQBR
2024-04-24,1802.0,1835.0,1800.0,1835.0,125,226887.0,TQBR
2024-04-25,1807.0,1835.0,1764.0,1791.0,284,512584.0,TQBR
2024-04-26,1754.0,1805.0,1754.0,1776.0,414,735813.0,TQBR
2024-04-27,1764.0,1821.0,1764.0,1809.0,60,108253.0,TQBR
2024-04-29,1801.0,1819.0,1782.0,1819.0,91,165047.0,TQBR
2024-04-30,1814.0,1834.0,1805.0,1824.0,214,388925.0,TQBR
2024-05-02,1837.0,2179.0,1837.0,1854.0,15043,30410011.0,TQBR
2024-05-03,1853.0,1905.0,1816.0,1821.0,697,1279500.0,TQBR
2024-05-06,1837.0,1874.0,1794.0,1816.0,739,1344174.0,TQBR
2024-05-07,1810.0,1825.0,1734.0,1780.0,3893,6990470.0,TQBR
2024-05-08,1767.0,1800.0,1763.0,1800.0,446,795313.0,TQBR
2024-05-10,1799.0,1831.0,1799.0,1800.0,510,922757.0,TQBR
2024-05-13,1806.0,1825.0,1800.0,1811.0,119,215620.0,TQBR
2024-05-14,1803.0,1804.0,1772.0,1772.0,1632,2918420.0,TQBR
2024-05-15,1778.0,1798.0,1772.0,1772.0,253,448970.0,TQBR
2024-05-16,1772.0,1783.0,1760.0,1760.0,543,959739.0,TQBR
2024-05-17,1767.0,1789.0,1751.0,1775.0,407,719537.0,TQBR
2024-05-20,1777.0,1787.0,1754.0,1755.0,527,928596.0,TQBR
2024-05-21,1761.0,1763.0,1741.0,1741.0,177,309732.0,TQBR
2024-05-22,1750.0,1914.0,1750.0,1820.0,1601,2945188.0,TQBR
2024-05-23,1797.0,1839.0,1788.0,1789.0,227,407486.0,TQBR
2024-05-24,1789.0,1800.0,1761.0,1779.0,196,349930.0,TQBR
2024-05-27,1770.0,1790.0,1750.0,1780.0,1575,2808187.0,TQBR
2024-05-28,1790.0,1825.0,1770.0,1790.0,2812,5047508.0,TQBR
2024-05-29,1775.0,1784.0,1770.0,1771.0,742,1313649.0,TQBR
2024-05-30,1781.0,1790.0,1758.0,1789.0,160,284904.0,TQBR
2024-05-31,1764.0,1772.0,1760.0,1760.0,284,500206.0,TQBR
2024-06-03,1760.0,1775.0,1740.0,1771.0,527,925484.0,TQBR
2024-06-04,1771.0,1791.0,1760.0,1791.0,88,156153.0,TQBR
2024-06-05,1790.0,1790.0,1767.0,1790.0,91,162241.0,TQBR
2024-06-06,1868.0,1868.0,1785.0,1794.0,148,268177.0,TQBR
2024-06-07,1802.0,1813.0,1792.0,1799.0,101,182420.0,TQBR
2024-06-10,1797.0,1830.0,1794.0,1805.0,319,578961.0,TQBR
2024-06-11,1805.0,1805.0,1780.0,1780.0,281,501127.0,TQBR
2024-06-13,1753.0,1779.0,1751.0,1768.0,193,340530.0,TQBR
2024-06-14,1766.0,1767.0,1751.0,1764.0,83,145750.0,TQBR
2024-06-17,1765.0,1847.0,1753.0,1788.0,2177,3889873.0,TQBR
2024-06-18,1789.0,1820.0,1760.0,1760.0,231,407733.0,TQBR
2024-06-19,1750.0,1761.0,1741.0,1741.0,909,1585098.0,TQBR
2024-06-20,1741.0,1741.0,1600.0,1650.0,1755,2930611.0,TQBR
2024-06-21,1671.0,1718.0,1651.0,1652.0,289,481828.0,TQBR
2024-06-24,1667.0,1678.0,1640.0,1661.0,771,1282652.0,TQBR
2024-06-25,1650.0,1701.0,1640.0,1701.0,196,326005.0,TQBR
2024-06-26,1701.0,1727.0,1693.0,1703.0,222,379628.0,TQBR
2024-06-27,1700.0,1730.0,1669.0,1727.0,78,133726.0,TQBR
2024-06-28,1725.0,1750.0,1725.0,1749.0,185,321648.0,TQBR
2024-07-01,1731.0,1732.0,1615.0,1615.0,5648,9550815.0,TQBR
2024-07-02,1630.0,1670.0,1570.0,1625.0,2271,3636149.0,TQBR
2024-07-03,1623.0,1624.0,1578.0,1584.0,662,1056750.0,TQBR
2024-07-04,1600.0,1640.0,1500.0,1543.0,1214,1902144.0,TQBR
2024-07-05,1543.0,1575.0,1501.0,1555.0,473,731282.0,TQBR
2024-07-08,1576.0,1581.0,1560.0,1575.0,369,577400.0,TQBR
2024-07-09,1532.0,1554.0,1518.0,1518.0,252,386789.0,TQBR
2024-07-10,1512.0,1527.0,1476.0,1477.0,293,442566.0,TQBR
2024-07-11,1477.0,1519.0,1477.0,1485.0,287,430151.0,TQBR
2024-07-12,1480.0,1496.0,1480.0,1483.0,65,96773.0,TQBR
2024-07-15,1483.0,1500.0,1463.0,1463.0,201,297603.0,TQBR
2024-07-16,1463.0,1464.0,1450.0,1451.0,66,95920.0,TQBR
2024-07-17,1451.0,1459.0,1443.0,1443.0,71,103214.0,TQBR
2024-07-18,1441.0,1488.0,1428.0,1477.0,140,203756.0,TQBR
2024-07-19,1477.0,1497.0,1477.0,1487.0,52,77278.0,TQBR
2024-07-22,1494.0,1497.0,1483.0,1489.0,119,177425.0,TQBR
2024-07-23,1490.0,1497.0,1468.0,1487.0,205,303731.0,TQBR
2024-07-24,1451.0,1491.0,1451.0,1484.0,25,36985.0,TQBR
2024-07-25,1488.0,1491.0,1488.0,1491.0,22,32788.0,TQBR
2024-07-26,1491.0,1520.0,1491.0,1512.0,250,375635.0,TQBR
2024-07-29,1520.0,1523.0,1490.0,1495.0,106,158891.0,TQBR
2024-07-30,1504.0,1628.0,1504.0,1560.0,395,620965.0,TQBR
2024-07-31,1569.0,1650.0,1471.0,1516.0,315,496883.0,TQBR
2024-08-01,1516.0,1557.0,1514.0,1533.0,64,97682.0,TQBR
2024-08-02,1519.0,1522.0,1481.0,1481.0,85,127399.0,TQBR
2024-08-05,1503.0,1503.0,1470.0,1481.0,104,153915.0,TQBR
2024-08-06,1487.0,1487.0,1471.0,1477.0,145,213810.0,TQBR
2024-08-07,1485.0,1494.0,1471.0,1479.0,89,131528.0,TQBR
2024-08-08,1481.0,1484.0,1463.0,1471.0,10,14785.0,TQBR
2024-08-09,1470.0,1471.0,1450.0,1451.0,46,66921.0,TQBR
2024-08-12,1450.0,1450.0,1408.0,1416.0,135,192775.0,TQBR
2024-08-13,1440.0,1464.0,1428.0,1464.0,79,114085.0,TQBR
2024-08-14,1464.0,1478.0,1464.0,1468.0,70,103038.0,TQBR
2024-08-15,1474.0,1482.0,1460.0,1461.0,147,216447.0,TQBR
2024-08-16,1479.0,1479.0,1462.0,1470.0,28,41173.0,TQBR
2024-08-19,1465.0,1480.0,1450.0,1451.0,5620,8237129.0,TQBR
2024-08-20,1457.0,1471.0,1450.0,1451.0,125,182112.0,TQBR
2024-08-21,1451.0,1740.0,1432.0,1526.0,1765,2795893.0,TQBR
2024-08-22,1527.0,1586.0,1391.0,1585.0,2042,3099989.0,TQBR
2024-08-23,1583.0,1583.0,1433.0,1512.0,522,780994.0,TQBR
2024-08-26,1530.0,1720.0,1530.0,1588.0,2101,3512788.0,TQBR
2024-08-27,1623.0,1625.0,1573.0,1581.0,871,1393165.0,TQBR
2024-08-28,1611.0,1659.0,1552.0,1586.0,1126,1818796.0,TQBR
2024-08-29,1639.0,1640.0,1586.0,1586.0,159,253729.0,TQBR
2024-08-30,1586.0,1624.0,1478.0,1586.0,730,1130278.0,TQBR
2024-09-02,1596.0,1597.0,1490.0,1514.0,2364,3678449.0,TQBR
2024-09-03,1450.0,1568.0,1450.0,1499.0,147,221370.0,TQBR
2024-09-04,1530.0,1534.0,1505.0,1521.0,38,57597.0,TQBR
2024-09-05,1533.0,1538.0,1504.0,1504.0,168,257043.0,TQBR
2024-09-06,1498.0,1534.0,1476.0,1504.0,537,812111.0,TQBR
2024-09-09,1507.0,1527.0,1500.0,1500.0,119,179343.0,TQBR
2024-09-10,1506.0,1532.0,1500.0,1520.0,197,298183.0,TQBR
2024-09-11,1511.0,1519.0,1511.0,1519.0,5,7563.0,TQBR
2024-09-12,1514.0,1514.0,1475.0,1491.0,142,212126.0,TQBR
2024-09-13,1489.0,1506.0,1471.0,1496.0,53,79127.0,TQBR
2024-09-16,1512.0,1525.0,1494.0,1496.0,137,206766.0,TQBR
2024-09-17,1523.0,1525.0,1455.0,1455.0,419,626317.0,TQBR
2024-09-18,1488.0,1579.0,1471.0,1502.0,227,341833.0,TQBR
2024-09-19,1507.0,1516.0,1507.0,1515.0,41,61963.0,TQBR
2024-09-20,1516.0,1532.0,1515.0,1515.0,100,152129.0,TQBR
2024-09-23,1514.0,1529.0,1512.0,1517.0,53,80301.0,TQBR
2024-09-24,1515.0,1556.0,1514.0,1517.0,841,1295006.0,TQBR
2024-09-25,1536.0,1650.0,1500.0,1500.0,1074,1668520.0,TQBR
2024-09-26,1500.0,1513.0,1490.0,1508.0,133,198957.0,TQBR
2024-09-27,1511.0,1527.0,1511.0,1527.0,40,60464.0,TQBR
2024-09-30,1545.0,1545.0,1513.0,1526.0,1253,1922512.0,TQBR
2024-10-01,1536.0,1567.0,1500.0,1500.0,163,247630.0,TQBR
2024-10-02,1503.0,1503.0,1481.0,1483.0,36,53912.0,TQBR
2024-10-03,1487.0,1487.0,1286.0,1402.0,535,764045.0,TQBR
2024-10-04,1434.0,1486.0,1420.0,1457.0,420,603119.0,TQBR
2024-10-07,1455.0,1462.0,1438.0,1438.0,88,127226.0,TQBR
2024-10-08,1438.0,1438.0,1409.0,1418.0,64,90916.0,TQBR
2024-10-09,1411.0,1411.0,1326.0,1355.0,117,159152.0,TQBR
2024-10-10,1356.0,1356.0,1342.0,1343.0,79,106229.0,TQBR
2024-10-11,1344.0,1482.0,1342.0,1404.0,220,312645.0,TQBR
2024-10-14,1401.0,1419.0,1374.0,1387.0,53,73769.0,TQBR
2024-10-15,1399.0,1468.0,1377.0,1416.0,322,467514.0,TQBR
2024-10-16,1460.0,1645.0,1460.0,1537.0,1157,1799706.0,TQBR
2024-10-17,1514.0,1572.0,1501.0,1513.0,1020,1572567.0,TQBR
2024-10-18,1503.0,1642.0,1491.0,1525.0,496,774597.0,TQBR
2024-10-21,1578.0,1648.0,1470.0,1526.0,1098,1676490.0,TQBR
2024-10-22,1527.0,1608.0,1501.0,1530.0,463,712411.0,TQBR
2024-10-23,1530.0,1558.0,1488.0,1492.0,456,697499.0,TQBR
2024-10-24,1492.0,1590.0,1491.0,1587.0,66,101589.0,TQBR
2024-10-25,1590.0,1624.0,1512.0,1560.0,231,362702.0,TQBR
2024-10-28,1544.0,1578.0,1540.0,1578.0,180,282317.0,TQBR
2024-10-29,1579.0,1595.0,1512.0,1578.0,158,247678.0,TQBR
2024-10-30,1592.0,1599.0,1564.0,1583.0,305,487176.0,TQBR
2024-10-31,1566.0,1572.0,1533.0,1533.0,35,54609.0,TQBR
2024-11-01,1518.0,1518.0,1518.0,1518.0,1,1518.0,TQBR
2024-11-02,1564.0,1642.0,1542.0,1610.0,195,313618.0,TQBR
2024-11-05,1596.0,1648.0,1560.0,1632.0,546,886228.0,TQBR
2024-11-06,1636.0,1662.0,1614.0,1614.0,332,547488.0,TQBR
2024-11-07,1614.0,1676.0,1610.0,1670.0,180,297692.0,TQBR
2024-11-08,1682.0,1684.0,1632.0,1666.0,351,581184.0,TQBR
2024-11-11,1684.0,1686.0,1634.0,1674.0,220,365390.0,TQBR
2024-11-12,1684.0,1684.0,1656.0,1670.0,189,313946.0,TQBR
2024-11-13,1660.0,1674.0,1654.0,1674.0,113,188466.0,TQBR
2024-11-14,1670.0,1674.0,1646.0,1670.0,204,340424.0,TQBR
2024-11-15,1668.0,1672.0,1664.0,1664.0,14,23322.0,TQBR
2024-11-18,1644.0,1686.0,1620.0,1676.0,528,881354.0,TQBR
2024-11-19,1664.0,1680.0,1660.0,1674.0,243,405684.0,TQBR
2024-11-20,1676.0,1684.0,1670.0,1670.0,100,167296.0,TQBR
2024-11-21,1668.0,1674.0,1644.0,1668.0,203,338628.0,TQBR
2024-11-22,1670.0,1726.0,1666.0,1670.0,387,647284.0,TQBR
2024-11-25,1668.0,1668.0,1656.0,1664.0,513,852578.0,TQBR
2024-11-26,1660.0,1662.0,1588.0,1632.0,453,739420.0,TQBR
2024-11-27,1538.0,1672.0,1536.0,1672.0,38,60578.0,TQBR
2024-11-28,1656.0,1674.0,1654.0,1668.0,659,1095688.0,TQBR
2024-11-29,1658.0,1678.0,1652.0,1670.0,49,81846.0,TQBR
2024-12-02,1670.0,1676.0,1670.0,1672.0,481,804388.0,TQBR
2024-12-03,1668.0,1672.0,1666.0,1672.0,196,327346.0,TQBR
2024-12-04,1664.0,1672.0,1664.0,1672.0,17,28332.0,TQBR
2024-12-05,1658.0,1798.0,1658.0,1752.0,1212,2114132.0,TQBR
2024-12-06,1750.0,1788.0,1722.0,1766.0,224,392636.0,TQBR
2024-12-09,1732.0,1762.0,1730.0,1758.0,287,504522.0,TQBR
2024-12-10,1758.0,1770.0,1636.0,1760.0,80,138114.0,TQBR
2024-12-11,1768.0,1770.0,1760.0,1760.0,51,89888.0,TQBR
2024-12-12,1760.0,1768.0,1752.0,1754.0,94,164954.0,TQBR
2024-12-13,1746.0,1770.0,1746.0,1770.0,117,205332.0,TQBR
2024-12-16,1748.0,1760.0,1630.0,1758.0,361,631924.0,TQBR
2024-12-17,1758.0,1796.0,1758.0,1770.0,47,83572.0,TQBR
2024-12-18,1780.0,1780.0,1754.0,1754.0,61,107308.0,TQBR
2024-12-19,1772.0,1788.0,1758.0,1758.0,122,215614.0,TQBR
2024-12-20,1764.0,1798.0,1706.0,1778.0,246,433270.0,TQBR
2024-12-23,1794.0,1800.0,1722.0,1780.0,255,448390.0,TQBR
2024-12-24,1780.0,1780.0,1736.0,1738.0,41,71704.0,TQBR
2024-12-25,1754.0,1780.0,1736.0,1776.0,48,84488.0,TQBR
2024-12-26,1782.0,1796.0,1758.0,1780.0,71,125312.0,TQBR
2024-12-27,1716.0,1772.0,1716.0,1758.0,557,978322.0,TQBR
2024-12-28,1762.0,1792.0,1762.0,1790.0,179,319632.0,TQBR
2024-12-30,1776.0,1800.0,1766.0,1790.0,47,84286.0,TQBR
2025-01-03,1822.0,1822.0,1750.0,1796.0,64,114540.0,TQBR
2025-01-06,1820.0,1820.0,1770.0,1774.0,51,91470.0,TQBR
2025-01-08,1772.0,1772.0,1754.0,1766.0,18,31698.0,TQBR
2025-01-09,1800.0,1800.0,1770.0,1774.0,119,211384.0,TQBR
2025-01-10,1772.0,1786.0,1714.0,1786.0,22,39008.0,TQBR
2025-01-13,1798.0,1798.0,1760.0,1780.0,46,82174.0,TQBR
2025-01-14,1752.0,1782.0,1752.0,1774.0,34,60148.0,TQBR
2025-01-15,1792.0,1792.0,1774.0,1778.0,9,16056.0,TQBR
2025-01-16,1776.0,1786.0,1776.0,1784.0,17,30286.0,TQBR
2025-01-17,1762.0,1800.0,1762.0,1784.0,125,222896.0,TQBR
2025-01-20,1776.0,1794.0,1770.0,1778.0,64,114116.0,TQBR
2025-01-21,1792.0,1792.0,1776.0,1780.0,9,16040.0,TQBR
2025-01-22,1786.0,1790.0,1778.0,1782.0,58,103672.0,TQBR
2025-01-23,1798.0,1798.0,1762.0,1772.0,127,226264.0,TQBR
2025-01-24,1768.0,1782.0,1766.0,1766.0,46,81716.0,TQBR
2025-01-27,1766.0,1826.0,1728.0,1764.0,453,805890.0,TQBR
2025-01-28,1760.0,1784.0,1758.0,1776.0,33,58098.0,TQBR
2025-01-29,1758.0,1798.0,1758.0,1760.0,60,106312.0,TQBR
2025-01-30,1758.0,1760.0,1742.0,1760.0,52,91378.0,TQBR
2025-01-31,1758.0,1762.0,1750.0,1754.0,80,140298.0,TQBR
2025-02-03,1744.0,1772.0,1740.0,1762.0,22,38650.0,TQBR
2025-02-04,1748.0,1748.0,1748.0,1748.0,2,3496.0,TQBR
2025-02-05,1736.0,1758.0,1724.0,1758.0,80,139542.0,TQBR
2025-02-06,1754.0,1768.0,1754.0,1754.0,73,128552.0,TQBR
2025-02-07,1766.0,1766.0,1734.0,1746.0,55,95862.0,TQBR
2025-02-10,1732.0,1760.0,1702.0,1754.0,1194,2087248.0,TQBR
2025-02-11,1730.0,1790.0,1730.0,1790.0,59,104802.0,TQBR
2025-02-12,1774.0,1792.0,1764.0,1790.0,70,124482.0,TQBR
2025-02-13,1790.0,1798.0,1740.0,1770.0,97,171408.0,TQBR
2025-02-14,1778.0,1796.0,1778.0,1794.0,31,55404.0,TQBR
2025-02-17,1796.0,1798.0,1772.0,1796.0,233,416160.0,TQBR
2025-02-18,1796.0,1796.0,1738.0,1738.0,127,222646.0,TQBR
2025-02-19,1768.0,1768.0,1756.0,1762.0,45,79124.0,TQBR
2025-02-20,1772.0,1772.0,1760.0,1768.0,40,70742.0,TQBR
2025-02-21,1744.0,1772.0,1744.0,1758.0,15,26426.0,TQBR
2025-02-24,1770.0,1770.0,1762.0,1768.0,17,30030.0,TQBR
2025-02-25,1768.0,1770.0,1762.0,1768.0,60,106034.0,TQBR
2025-02-26,1794.0,1794.0,1722.0,1728.0,49,85848.0,TQBR
2025-02-27,1724.0,1746.0,1700.0,1746.0,347,595150.0,TQBR
2025-02-28,1722.0,1772.0,1696.0,1756.0,87,151304.0,TQBR
2025-03-03,1792.0,1794.0,1720.0,1762.0,140,245310.0,TQBR
2025-03-04,1758.0,1770.0,1758.0,1768.0,56,98836.0,TQBR
2025-03-05,1744.0,1758.0,1744.0,1758.0,173,302908.0,TQBR
2025-03-06,1746.0,1766.0,1738.0,1760.0,134,235208.0,TQBR
2025-03-07,1744.0,1762.0,1742.0,1758.0,107,187106.0,TQBR
2025-03-10,1728.0,1766.0,1728.0,1760.0,67,116294.0,TQBR
2025-03-11,1736.0,1770.0,1736.0,1770.0,25,43934.0,TQBR
2025-03-12,1778.0,1778.0,1756.0,1756.0,46,80936.0,TQBR
2025-03-13,1730.0,1758.0,1730.0,1742.0,61,106770.0,TQBR
2025-03-14,1762.0,1768.0,1746.0,1750.0,25,43992.0,TQBR
2025-03-17,1762.0,1768.0,1734.0,1760.0,119,208470.0,TQBR
2025-03-18,1770.0,1770.0,1756.0,1758.0,20,35200.0,TQBR
2025-03-19,1758.0,1764.0,1732.0,1734.0,70,121864.0,TQBR
2025-03-20,1746.0,1770.0,1736.0,1754.0,108,189436.0,TQBR
2025-03-21,1770.0,1770.0,1742.0,1742.0,26,45490.0,TQBR
2025-03-24,1766.0,1766.0,1744.0,1746.0,29,50676.0,TQBR
2025-03-25,1760.0,1762.0,1746.0,1750.0,16,28008.0,TQBR
2025-03-26,1744.0,1762.0,1742.0,1758.0,26,45700.0,TQBR
2025-03-27,1758.0,1758.0,1742.0,1742.0,12,20938.0,TQBR
2025-03-28,1752.0,1760.0,1738.0,1738.0,106,185786.0,TQBR
2025-03-31,1738.0,1760.0,1712.0,1750.0,157,273808.0,TQBR
2025-04-01,1760.0,1760.0,1746.0,1746.0,204,357454.0,TQBR
2025-04-02,1736.0,1758.0,1702.0,1746.0,125,218482.0,TQBR
2025-04-03,1746.0,1758.0,1734.0,1736.0,146,254900.0,TQBR
2025-04-04,1736.0,1744.0,1636.0,1636.0,116,192952.0,TQBR
2025-04-07,1636.0,1636.0,1496.0,1602.0,194,308140.0,TQBR
2025-04-08,1592.0,1752.0,1592.0,1752.0,62,103434.0,TQBR
2025-04-09,1674.0,1780.0,1672.0,1730.0,443,769886.0,TQBR
2025-04-10,1792.0,1796.0,1726.0,1726.0,137,241432.0,TQBR
2025-04-11,1750.0,1756.0,1740.0,1756.0,18,31474.0,TQBR
2025-04-14,1734.0,1772.0,1734.0,1748.0,132,231184.0,TQBR
2025-04-15,1776.0,1778.0,1738.0,1760.0,90,158258.0,TQBR
2025-04-16,1754.0,1760.0,1750.0,1760.0,217,380506.0,TQBR
2025-04-17,1762.0,1762.0,1746.0,1760.0,67,117806.0,TQBR
2025-04-18,1762.0,1766.0,1760.0,1760.0,41,72278.0,TQBR
2025-04-21,1764.0,1782.0,1764.0,1764.0,56,99040.0,TQBR
2025-04-22,1776.0,1776.0,1744.0,1762.0,30,52806.0,TQBR
2025-04-24,1756.0,1756.0,1754.0,1754.0,20,35084.0,TQBR
2025-04-25,1738.0,1760.0,1710.0,1760.0,1057,1858900.0,TQBR
2025-04-28,1764.0,1786.0,1760.0,1766.0,170,302962.0,TQBR
2025-04-29,1768.0,1774.0,1764.0,1764.0,9,15910.0,TQBR
2025-04-30,1764.0,1764.0,1742.0,1762.0,11,19328.0,TQBR
2025-05-02,1746.0,1746.0,1588.0,1614.0,410,685870.0,TQBR
2025-05-05,1612.0,1612.0,1570.0,1570.0,32,50678.0,TQBR
2025-05-06,1570.0,1584.0,1552.0,1572.0,59,93054.0,TQBR
2025-05-07,1586.0,1588.0,1572.0,1572.0,13,20578.0,TQBR
2025-05-08,1652.0,1660.0,1588.0,1596.0,25,40286.0,TQBR
2025-05-12,1636.0,1768.0,1634.0,1746.0,298,514190.0,TQBR
2025-05-13,1750.0,1770.0,1674.0,1684.0,65,112768.0,TQBR
2025-05-14,1702.0,1712.0,1700.0,1700.0,13,22154.0,TQBR
2025-05-15,1692.0,1762.0,1692.0,1750.0,34,58640.0,TQBR
2025-05-16,1750.0,1758.0,1734.0,1744.0,26,45388.0,TQBR
2025-05-19,1744.0,1744.0,1730.0,1730.0,9,15670.0,TQBR
2025-05-20,1744.0,1762.0,1704.0,1720.0,438,764818.0,TQBR
2025-05-21,1700.0,1758.0,1640.0,1758.0,25,42910.0,TQBR
2025-05-22,1750.0,1758.0,1730.0,1730.0,49,85368.0,TQBR
2025-05-26,1726.0,1758.0,1700.0,1700.0,250,436468.0,TQBR
2025-05-27,1700.0,1700.0,1644.0,1664.0,36,59692.0,TQBR
2025-05-28,1680.0,1698.0,1680.0,1696.0,5,8468.0,TQBR
2025-05-29,1682.0,1700.0,1648.0,1648.0,14,23428.0,TQBR
2025-05-30,1674.0,1760.0,1674.0,1746.0,93,159792.0,TQBR
2025-06-02,1746.0,1758.0,1724.0,1726.0,37,64580.0,TQBR
2025-06-03,1754.0,1762.0,1744.0,1746.0,35,61410.0,TQBR
2025-06-04,1730.0,1764.0,1730.0,1762.0,75,131458.0,TQBR
2025-06-05,1742.0,1750.0,1722.0,1738.0,32,55362.0,TQBR
2025-06-06,1720.0,1756.0,1720.0,1722.0,52,90568.0,TQBR
2025-06-09,1724.0,1758.0,1710.0,1734.0,325,569834.0,TQBR
2025-06-10,1756.0,1756.0,1726.0,1726.0,2,3482.0,TQBR
2025-06-11,1746.0,1746.0,1746.0,1746.0,1,1746.0,TQBR
2025-06-13,1758.0,1758.0,1758.0,1758.0,11,19338.0,TQBR
2025-06-16,1730.0,1730.0,1698.0,1724.0,11,18968.0,TQBR
2025-06-17,1736.0,1736.0,1720.0,1720.0,9,15598.0,TQBR
2025-06-18,1746.0,1746.0,1734.0,1746.0,7,12174.0,TQBR
