date,open,high,low,close,volume,value,board
2003-02-03,0.0,0.0,0.0,0.0,0,0.0,EQNE
2003-02-04,0.0,0.0,0.0,0.0,0,0.0,EQNE
2003-02-05,0.0,0.0,0.0,0.0,0,0.0,EQNE
2003-02-06,0.0,0.0,0.0,0.0,0,0.0,EQNE
2003-02-07,0.0,0.0,0.0,0.0,0,0.0,EQNE
2003-02-10,0.0,0.0,0.0,0.0,0,0.0,EQNE
2003-02-11,0.0,0.0,0.0,0.0,0,0.0,EQNE
2003-02-12,0.0,0.0,0.0,0.0,0,0.0,EQNE
2003-02-13,0.0,0.0,0.0,0.0,0,0.0,EQNE
2003-02-14,0.0,0.0,0.0,0.0,0,0.0,EQNE
2003-02-17,0.0,0.0,0.0,0.0,0,0.0,EQNE
2003-02-18,0.0,0.0,0.0,0.0,0,0.0,EQNE
2003-02-19,0.0,0.0,0.0,0.0,0,0.0,EQNE
2003-02-20,0.0,0.0,0.0,0.0,0,0.0,EQNE
2003-02-21,0.0,0.0,0.0,0.0,0,0.0,EQNE
2003-02-25,0.0,0.0,0.0,0.0,0,0.0,EQNE
2003-02-26,0.0,0.0,0.0,0.0,0,0.0,EQNE
2003-02-27,0.0,0.0,0.0,0.0,0,0.0,EQNE
2003-02-28,0.0,0.0,0.0,0.0,0,0.0,EQNE
2003-03-03,0.0,0.0,0.0,0.0,0,0.0,EQNE
2003-03-04,0.0,0.0,0.0,0.0,0,0.0,EQNE
2003-03-05,0.0,0.0,0.0,0.0,0,0.0,EQNE
2003-03-06,0.0,0.0,0.0,0.0,0,0.0,EQNE
2003-03-07,0.0,0.0,0.0,0.0,0,0.0,EQNE
2003-03-11,0.0,0.0,0.0,0.0,0,0.0,EQNE
2003-03-17,0.0,0.0,0.0,0.0,0,0.0,EQNE
2005-02-18,250.0,250.0,250.0,250.0,50,12500.0,EQNE
2005-02-22,200.01,200.01,200.0,200.0,50,10000.01,EQNE
2005-03-02,249.99,249.99,249.99,249.99,1,249.99,EQNE
2005-05-11,230.0,230.0,230.0,230.0,1,230.0,EQNE
2005-06-01,250.0,250.0,250.0,250.0,48,12000.0,EQNE
2006-03-16,100.0,450.0,100.0,402.48,895,267977.28,EQNE
2006-03-17,500.0,740.0,500.0,630.0,764,463846.26,EQNE
2006-03-20,650.0,668.0,650.0,668.0,70,45854.0,EQNE
2006-03-21,670.0,700.0,611.0,690.0,30,20360.0,EQNE
2006-03-22,610.05,610.05,610.0,610.05,167,101876.6,EQNE
2006-03-23,650.0,650.0,640.0,650.0,345,224049.0,EQNE
2006-03-24,675.0,848.0,650.0,847.0,1873,1381231.35,EQNE
2006-03-27,800.0,800.0,800.0,800.0,3,2400.0,EQNE
2006-03-28,940.0,940.0,929.99,929.99,18,16839.92,EQNE
2006-04-03,800.0,815.0,800.0,815.0,5,4030.0,EQNE
2006-04-04,800.0,800.0,800.0,800.0,2,1600.0,EQNE
2006-04-06,800.0,830.0,721.0,830.0,4,3151.0,EQNE
2006-04-10,850.0,850.0,850.0,850.0,1,850.0,EQNE
2006-04-11,870.0,899.01,870.0,870.0,4,3538.02,EQNE
2006-04-17,800.0,800.0,800.0,800.0,12,9600.0,EQNE
2006-04-18,860.0,860.0,850.0,850.0,15,12850.0,EQNE
2006-04-20,600.0,800.0,600.0,800.0,40,28700.0,EQNE
2006-04-21,800.0,850.0,800.0,850.0,45,37750.0,EQNE
2006-04-24,890.0,890.0,888.0,888.0,6,5330.0,EQNE
2006-04-27,900.0,900.0,870.0,900.0,90,79800.0,EQNE
2006-05-02,950.0,975.0,950.0,975.0,20,19250.0,EQNE
2006-05-03,999.0,1048.0,900.0,900.0,125,115568.0,EQNE
2006-05-04,900.0,900.0,900.0,900.0,348,313200.0,EQNE
2006-05-12,750.0,750.0,750.0,750.0,8,6000.0,EQNE
2006-05-17,900.0,900.0,800.0,800.0,33,28403.0,EQNE
2006-05-24,750.0,750.0,750.0,750.0,92,69000.0,EQNE
2006-05-25,567.0,567.0,567.0,567.0,2,1134.0,EQNE
2006-05-30,726.0,726.0,726.0,726.0,20,14520.0,EQNE
2006-06-13,651.0,651.0,651.0,651.0,5,3255.0,EQNE
2006-06-14,700.01,700.01,700.01,700.01,10,7000.1,EQNE
2006-06-15,681.0,681.0,681.0,681.0,6,4086.0,EQNE
2006-06-16,740.0,740.0,740.0,740.0,50,37000.0,EQNE
2006-06-20,750.0,750.0,750.0,750.0,5,3750.0,EQNE
2006-06-22,800.0,800.0,800.0,800.0,1,800.0,EQNE
2006-06-26,830.56,830.56,750.0,750.0,4,3241.68,EQNE
2006-06-28,730.0,730.0,730.0,730.0,80,58400.0,EQNE
2006-06-29,811.99,811.99,811.99,811.99,1,811.99,EQNE
2006-07-03,590.0,590.0,590.0,590.0,17,10030.0,EQNE
2006-07-20,570.0,570.0,570.0,570.0,3,1710.0,EQNE
2006-07-27,557.18,557.18,557.18,557.18,2,1114.36,EQNE
2006-08-30,557.18,565.0,557.18,565.0,11,6144.45,EQNE
2006-09-06,600.0,600.0,600.0,600.0,4,2400.0,EQNE
2006-09-07,560.0,560.0,560.0,560.0,30,16800.0,EQNE
2006-09-19,599.99,599.99,599.99,599.99,1,599.99,EQNE
2006-09-27,580.0,580.0,580.0,580.0,5,2900.0,EQNE
2006-09-29,605.0,700.0,605.0,700.0,3,1985.0,EQNE
2006-10-06,700.0,700.0,695.0,695.0,232,161400.0,EQNE
2006-10-10,699.0,700.0,680.0,680.0,401,280340.01,EQNE
2006-10-12,686.81,700.0,686.81,700.0,288,201586.81,EQNE
2006-10-18,700.0,700.0,685.0,685.0,2,1385.0,EQNE
2006-10-27,620.0,787.0,620.0,787.0,5,3427.0,EQNE
2006-10-30,890.0,942.0,890.0,942.0,2,1832.0,EQNE
2006-10-31,942.0,942.0,710.0,710.0,8,5912.01,EQNE
2006-11-01,800.0,900.0,799.0,799.0,7,5695.0,EQNE
2006-11-02,710.0,730.0,710.0,730.0,382,276050.44,EQNE
2006-11-03,720.0,720.01,720.0,720.0,65,46800.01,EQNE
2006-11-07,734.99,735.01,734.99,735.0,53,38955.0,EQNE
2006-11-08,739.99,750.0,739.99,750.0,100,74459.97,EQNE
2006-11-09,755.85,820.0,755.85,820.0,535,425474.55,EQNE
2006-11-21,900.0,900.0,850.0,850.0,11,9400.0,EQNE
2006-11-23,770.11,800.0,770.11,800.0,22,17290.22,EQNE
2006-11-27,800.0,870.0,800.0,870.0,153,130980.0,EQNE
2006-12-14,621.01,788.88,621.0,750.0,606,438235.93,EQNE
2006-12-15,750.0,763.84,750.0,763.84,1619,1222210.51,EQNE
2006-12-18,769.99,784.75,769.99,784.75,1300,1013649.73,EQNE
2006-12-19,780.0,783.0,780.0,783.0,11,8598.0,EQNE
2006-12-26,750.0,750.0,750.0,750.0,1,750.0,EQNE
2006-12-27,761.0,761.0,761.0,761.0,1,761.0,EQNE
2006-12-28,700.0,750.0,665.0,750.0,9,6585.0,EQNE
2007-01-10,700.01,735.0,700.0,735.0,42,30134.0,EQNE
2007-01-11,715.01,720.0,715.0,720.0,6,4310.01,EQNE
2007-01-12,747.47,747.47,720.0,720.35,10,7372.79,EQNE
2007-01-15,722.16,722.16,710.02,710.02,2,1432.18,EQNE
2007-01-16,717.12,717.12,717.12,717.12,1,717.12,EQNE
2007-01-17,782.0,782.0,741.0,741.0,775,591741.01,EQNE
2007-01-25,700.05,700.05,700.05,700.05,1,700.05,EQNE
2007-01-26,748.42,805.04,748.0,782.7,83,65581.52,EQNE
2007-01-30,750.0,750.0,750.0,750.0,3,2250.0,EQNE
2007-01-31,737.01,780.0,737.0,780.0,85,62731.0,EQNE
2007-02-01,785.0,880.0,750.0,880.0,687,558969.06,EQNE
2007-02-02,890.0,930.0,880.0,900.0,1741,1577200.01,EQNE
2007-02-05,920.0,920.0,920.0,920.0,34,31280.0,EQNE
2007-02-06,900.01,905.0,900.0,905.0,735,662155.0,EQNE
2007-02-07,700.0,880.01,700.0,880.01,31,21880.01,EQNE
2007-02-08,828.01,828.01,828.01,828.01,1,828.01,EQNE
2007-02-09,924.99,950.0,871.0,950.0,1128,1011157.26,EQNE
2007-02-12,900.0,900.0,900.0,900.0,1,900.0,EQNE
2007-02-13,871.0,871.0,871.0,871.0,10,8710.0,EQNE
2007-02-14,865.0,930.0,865.0,930.0,2,1795.0,EQNE
2007-02-15,933.32,1100.0,933.32,1011.0,5869,5949727.99,EQNE
2007-02-16,1000.01,1290.0,1000.01,1100.0,1674,1846789.02,EQNE
2007-02-19,1200.0,1623.3,1150.0,1352.0,3627,4934317.69,EQNE
2007-02-20,1350.0,1470.0,1340.0,1400.0,1545,2125327.76,EQNE
2007-02-21,1400.0,1400.0,1300.0,1349.0,790,1035192.18,EQNE
2007-02-22,1469.77,1499.97,1400.0,1448.99,223,321241.67,EQNE
2007-02-26,1594.99,1595.0,1401.09,1500.0,408,609473.55,EQNE
2007-02-27,1500.0,1500.0,1380.0,1495.0,146,212339.78,EQNE
2007-02-28,1380.0,1499.99,1350.0,1450.0,317,445810.84,EQNE
2007-03-01,1445.0,1445.0,1320.0,1445.0,436,584416.0,EQNE
2007-03-02,1400.0,1450.0,1330.0,1449.2,6110,8510030.47,EQNE
2007-03-05,1338.6,1450.0,875.0,1300.0,609,748434.09,EQNE
2007-03-06,1250.0,1470.0,1250.0,1468.9,28,39413.5,EQNE
2007-03-07,1468.85,1489.0,1350.0,1439.0,38,54255.7,EQNE
2007-03-09,1469.0,1496.5,1366.02,1458.56,49,69986.82,EQNE
2007-03-12,1449.7,1450.0,1103.0,1436.0,384,534382.2,EQNE
2007-03-13,1425.0,1425.0,1425.0,1425.0,1,1425.0,EQNE
2007-03-14,1301.0,1399.99,1177.7,1399.99,949,1193197.82,EQNE
2007-03-15,1439.95,1439.95,1204.0,1427.9,10,13445.82,EQNE
2007-03-16,1434.0,1434.0,1312.08,1415.0,3,4161.08,EQNE
2007-03-19,1370.0,1409.05,1370.0,1409.05,35,49160.55,EQNE
2007-03-20,1398.99,1398.99,1398.99,1398.99,4,5595.96,EQNE
2007-03-21,1330.0,1380.75,1300.02,1300.02,36,47336.97,EQNE
2007-03-22,1364.97,1380.0,1364.97,1380.0,62,84788.08,EQNE
2007-03-23,1300.0,1394.0,1300.0,1394.0,15,19782.0,EQNE
2007-03-26,1370.0,1390.0,1370.0,1389.0,80,110965.0,EQNE
2007-03-27,1389.0,1400.0,1340.0,1371.0,190,260638.0,EQNE
2007-03-28,1303.0,1379.99,1290.0,1379.99,5,6642.98,EQNE
2007-03-29,1301.0,1388.99,1280.0,1375.0,20,26240.0,EQNE
2007-03-30,1370.0,1435.0,1250.1,1435.0,1020,1389444.11,EQNE
2007-04-02,1435.0,1435.0,1300.0,1380.0,197,267456.58,EQNE
2007-04-03,1311.01,1311.01,1261.13,1300.0,60,76813.46,EQNE
2007-04-04,1300.0,1330.0,1300.0,1330.0,40,52120.0,EQNE
2007-04-05,1270.0,1300.0,1270.0,1300.0,57,73505.0,EQNE
2007-04-06,1250.1,1293.42,1231.0,1293.42,32,39767.32,EQNE
2007-04-09,1275.0,1275.0,1230.0,1265.0,8,10012.01,EQNE
2007-04-10,1269.0,1270.0,1179.9,1230.0,998,1246233.3,EQNE
2007-04-11,1150.02,1244.0,1150.02,1244.0,20,24020.1,EQNE
2007-04-13,1200.1,1250.0,1200.0,1245.0,808,1002640.33,EQNE
2007-04-16,1240.0,1298.0,1239.0,1295.0,684,863456.02,EQNE
2007-04-17,1235.0,1290.0,1200.0,1290.0,2262,2760852.6,EQNE
2007-04-18,1200.55,1277.0,1189.05,1277.0,11,13202.15,EQNE
2007-04-19,1250.0,1280.0,1249.0,1265.0,222,282495.0,EQNE
2007-04-20,1201.0,1269.9,1200.0,1269.9,994,1193014.7,EQNE
2007-04-23,1282.9,1284.98,1282.9,1284.98,14,17979.36,EQNE
2007-04-24,1202.02,1271.98,1200.0,1271.98,1211,1455830.98,EQNE
2007-04-25,1200.0,1244.99,1195.0,1244.99,408,492099.42,EQNE
2007-04-26,1210.0,1210.0,1187.0,1190.0,74,88665.0,EQNE
2007-04-27,1200.0,1200.0,1125.0,1195.0,118,139575.3,EQNE
2007-04-28,1249.8,1411.65,1200.0,1200.01,95,122584.14,EQNE
2007-05-02,1200.0,1378.79,1200.0,1338.9,253,319704.74,EQNE
2007-05-03,1294.97,1294.97,1150.0,1235.0,3991,4689163.06,EQNE
2007-05-04,1200.0,1209.99,1163.2,1163.2,562,658385.6,EQNE
2007-05-07,1162.11,1162.11,1092.5,1145.96,381,424696.07,EQNE
2007-05-08,1050.0,1130.0,1021.0,1120.0,1500,1627087.73,EQNE
2007-05-10,1107.0,1107.0,1030.0,1060.0,266,276323.98,EQNE
2007-05-11,1020.0,1030.0,996.0,1030.0,810,825042.45,EQNE
2007-05-14,1015.0,1015.0,950.0,1000.0,571,546832.15,EQNE
2007-05-15,901.12,1052.0,901.12,985.0,50,49454.12,EQNE
2007-05-16,976.0,1013.9,941.14,1013.9,18,17631.18,EQNE
2007-05-17,920.2,979.0,906.0,930.0,1375,1266482.3,EQNE
2007-05-18,929.84,968.85,920.0,968.85,314,294369.84,EQNE
2007-05-21,970.0,970.0,900.0,929.0,94,86547.79,EQNE
2007-05-22,929.0,929.0,900.07,914.0,255,230894.28,EQNE
2007-05-23,900.01,925.0,870.0,925.0,623,555377.95,EQNE
2007-05-24,920.0,1099.0,920.0,920.0,350,342976.82,EQNE
2007-05-25,870.01,939.0,870.01,939.0,25,22597.53,EQNE
2007-05-28,888.0,924.99,885.0,924.99,13,11559.05,EQNE
2007-05-29,860.0,920.0,845.0,880.0,6188,5287686.68,EQNE
2007-05-30,871.2,871.2,820.0,850.0,614,508370.02,EQNE
2007-05-31,845.0,895.0,845.0,850.0,138,121984.74,EQNE
2007-06-01,857.0,863.0,850.0,863.0,51,43550.21,EQNE
2007-06-04,850.0,875.0,850.0,875.0,6,5125.0,EQNE
2007-06-05,875.0,885.0,860.0,883.0,1180,1044023.0,EQNE
2007-06-06,925.0,925.0,823.0,823.0,1338,1133265.48,EQNE
2007-06-07,811.01,863.0,803.0,863.0,549,455685.66,EQNE
2007-06-08,801.03,863.0,801.03,863.0,1061,876788.07,EQNE
2007-06-09,805.01,817.7,785.0,817.7,110,87148.09,EQNE
2007-06-13,806.0,829.99,806.0,806.0,536,444430.35,EQNE
2007-06-14,760.0,850.0,760.0,850.0,883,743436.06,EQNE
2007-06-15,849.98,849.99,815.0,845.0,308,258451.65,EQNE
2007-06-18,860.0,860.0,855.04,860.0,595,511680.16,EQNE
2007-06-19,859.0,900.0,859.0,870.0,1388,1202298.4,EQNE
2007-06-20,920.0,920.0,881.0,881.0,24,21906.0,EQNE
2007-06-21,870.0,880.0,850.0,880.0,7,6000.0,EQNE
2007-06-22,865.0,870.0,865.0,870.0,584,507460.0,EQNE
2007-06-26,902.73,902.73,812.45,855.0,920,785959.67,EQNE
2007-06-27,810.03,830.07,810.03,830.0,131,106693.13,EQNE
2007-06-28,864.0,970.0,830.73,850.0,312,276835.07,EQNE
2007-06-29,841.01,850.0,825.0,842.05,74,61413.31,EQNE
2007-07-02,849.99,850.21,849.0,850.0,568,482798.19,EQNE
2007-07-03,850.0,850.0,815.04,815.04,856,710177.43,EQNE
2007-07-04,811.51,829.0,810.0,829.0,301,246746.74,EQNE
2007-07-05,838.15,987.0,838.15,970.0,39693,38213215.23,EQNE
2007-07-06,970.0,1045.0,968.0,985.99,74746,74013057.29,EQNE
2007-07-09,1000.02,1000.02,963.0,974.9,32930,32161577.4,EQNE
2007-07-10,962.5,974.98,935.0,950.0,12139,11554413.36,EQNE
2007-07-11,940.0,949.99,912.1,921.2,10969,10181870.61,EQNE
2007-07-12,922.6,939.97,910.0,912.51,5696,5239374.08,EQNE
2007-07-13,912.57,928.88,908.0,912.5,2365,2166892.42,EQNE
2007-07-16,914.0,916.7,901.0,914.2,1164,1059124.94,EQNE
2007-07-17,883.75,915.0,883.75,904.0,1885,1701151.87,EQNE
2007-07-18,908.99,979.0,893.51,909.94,11667,10516164.74,EQNE
2007-07-19,916.0,916.0,900.01,913.48,787,711565.46,EQNE
2007-07-20,942.99,942.99,898.0,898.0,710,647364.39,EQNE
2007-07-23,904.0,928.45,892.01,908.9,967,872504.03,EQNE
2007-07-24,909.99,911.0,893.21,911.0,518,470459.19,EQNE
2007-07-25,921.0,921.0,870.13,901.96,2281,2029773.68,EQNE
2007-07-26,909.0,919.77,878.0,910.0,1988,1782456.49,EQNE
2007-07-27,880.0,899.49,855.0,893.0,1728,1502249.27,EQNE
2007-07-30,892.98,892.98,870.0,870.0,1049,914560.0,EQNE
2007-07-31,888.88,889.0,872.02,887.69,1455,1276478.92,EQNE
2007-08-01,863.0,898.99,860.0,870.0,727,629366.57,EQNE
2007-08-02,865.0,889.5,865.0,886.98,809,708092.83,EQNE
2007-08-03,921.26,921.26,871.04,878.86,1072,938104.53,EQNE
2007-08-06,869.99,876.13,852.51,876.13,513,442625.25,EQNE
2007-08-07,873.5,874.7,870.0,870.8,579,504254.97,EQNE
2007-08-08,884.84,889.98,860.02,887.98,500,436956.84,EQNE
2007-08-09,898.9,898.9,832.0,878.0,6062,5234109.99,EQNE
2007-08-10,860.0,874.0,845.0,850.0,1148,979043.01,EQNE
2007-08-13,879.79,879.79,845.11,867.96,54,46320.21,EQNE
2007-08-14,851.01,868.0,843.0,856.0,751,637491.4,EQNE
2007-08-15,845.0,848.96,831.5,846.0,902,756872.14,EQNE
2007-08-16,853.0,853.0,760.03,785.0,1621,1280760.56,EQNE
2007-08-17,771.1,799.98,761.0,785.0,2347,1833141.39,EQNE
2007-08-20,785.0,790.0,785.0,785.0,191,150005.31,EQNE
2007-08-21,794.0,794.0,771.0,771.0,176,137729.0,EQNE
2007-08-22,799.98,800.0,750.06,767.0,2764,2124982.75,EQNE
2007-08-23,770.01,783.0,763.0,775.5,542,420111.74,EQNE
2007-08-24,770.0,776.8,765.0,765.28,142,108756.96,EQNE
2007-08-27,755.0,766.0,747.0,755.0,1566,1176680.43,EQNE
2007-08-28,754.0,754.0,710.0,748.78,4033,2900299.78,EQNE
2007-08-29,750.0,750.0,725.0,725.0,1416,1035543.51,EQNE
2007-08-30,729.97,748.0,717.5,717.5,201,145765.88,EQNE
2007-08-31,734.99,739.99,716.04,737.77,1066,774735.51,EQNE
2007-09-03,720.78,739.99,720.77,725.0,142,102494.15,EQNE
2007-09-04,728.99,728.99,713.07,728.5,127,92099.15,EQNE
2007-09-05,728.5,728.5,710.0,720.0,125,89650.88,EQNE
2007-09-06,727.0,730.01,720.0,730.0,1233,897273.91,EQNE
2007-09-07,720.0,725.0,713.0,720.0,595,427166.88,EQNE
2007-09-10,713.3,724.97,700.0,724.97,1857,1324705.27,EQNE
2007-09-11,724.99,734.0,711.01,734.0,982,712899.07,EQNE
2007-09-12,730.02,747.68,718.0,745.8,4401,3253174.19,EQNE
2007-09-13,730.04,749.99,720.0,749.99,1477,1075444.59,EQNE
2007-09-14,730.83,746.93,718.0,724.0,487,350960.06,EQNE
2007-09-17,733.97,733.97,702.99,713.0,1470,1053690.93,EQNE
2007-09-18,710.0,725.99,710.0,725.99,1139,817333.95,EQNE
2007-09-19,734.99,734.99,711.0,720.0,776,560099.44,EQNE
2007-09-20,710.0,716.0,709.6,711.0,248,176712.13,EQNE
2007-09-21,715.0,720.0,715.0,720.0,65,46784.72,EQNE
2007-09-24,720.0,720.0,707.0,707.0,1731,1228106.54,EQNE
2007-09-25,705.1,720.96,705.1,720.0,3322,2374085.6,EQNE
2007-09-26,719.95,720.02,710.0,720.0,508,362561.98,EQNE
2007-09-27,720.0,722.0,707.99,707.99,1003,719276.66,EQNE
2007-09-28,728.98,749.0,720.0,720.0,11419,8369332.62,EQNE
2007-10-01,719.99,730.0,705.0,730.0,6527,4668255.34,EQNE
2007-10-02,732.98,733.0,715.5,721.0,139,100639.87,EQNE
2007-10-03,725.0,729.8,715.0,720.0,709,513141.44,EQNE
2007-10-04,724.44,724.44,705.0,705.0,839,594559.26,EQNE
2007-10-05,705.0,719.97,705.0,713.98,424,301951.78,EQNE
2007-10-08,720.0,726.0,717.0,717.0,1736,1251501.4,EQNE
2007-10-09,719.21,719.21,706.1,718.89,797,565481.43,EQNE
2007-10-10,719.05,719.05,705.0,706.01,1547,1093243.77,EQNE
2007-10-11,703.01,713.71,700.0,707.05,381,267926.37,EQNE
2007-10-12,705.2,709.96,705.2,709.44,75,52903.27,EQNE
2007-10-15,710.0,717.88,705.0,705.0,508,359833.11,EQNE
2007-10-16,704.0,704.0,700.03,703.0,298,209353.23,EQNE
2007-10-17,709.98,709.98,702.6,705.0,205,144209.68,EQNE
2007-10-18,711.99,720.0,704.51,720.0,750,535090.28,EQNE
2007-10-19,724.89,724.9,706.06,706.56,454,322257.69,EQNE
2007-10-22,710.0,720.0,707.5,720.0,830,593588.39,EQNE
2007-10-23,722.75,725.0,719.0,721.99,376,271906.76,EQNE
2007-10-24,715.81,721.1,704.0,705.22,344,244418.73,EQNE
2007-10-25,706.0,716.95,702.5,716.95,406,287739.95,EQNE
2007-10-26,714.99,718.0,714.99,718.0,195,139733.79,EQNE
2007-10-29,721.89,721.9,711.0,714.0,84,59866.37,EQNE
2007-10-30,705.06,719.9,704.0,709.0,153,108428.07,EQNE
2007-10-31,706.22,747.0,706.01,713.01,2551,1854079.15,EQNE
2007-11-01,713.01,720.0,710.0,710.0,1235,881906.88,EQNE
2007-11-02,713.01,722.0,713.01,715.01,520,373584.02,EQNE
2007-11-06,719.99,730.0,719.99,728.98,731,530195.49,EQNE
2007-11-07,734.97,744.98,720.39,735.0,925,675155.67,EQNE
2007-11-08,734.0,734.0,724.1,732.0,67,49081.3,EQNE
2007-11-09,731.0,820.0,730.0,790.0,5786,4521536.52,EQNE
2007-11-12,826.6,830.0,775.0,800.0,4014,3144342.02,EQNE
2007-11-13,802.0,802.0,775.55,798.99,4343,3415112.43,EQNE
2007-11-14,814.98,815.0,785.0,799.99,344,272641.54,EQNE
2007-11-15,780.0,809.0,780.0,800.0,3273,2588982.01,EQNE
2007-11-16,800.0,819.99,800.0,819.99,332,269193.06,EQNE
2007-11-19,810.01,817.0,798.0,811.0,3684,2968333.53,EQNE
2007-11-20,824.0,910.0,824.0,905.99,14634,12851893.7,EQNE
2007-11-21,890.0,934.0,880.0,900.0,4100,3724757.69,EQNE
2007-11-22,914.0,914.0,865.0,900.0,1262,1124811.23,EQNE
2007-11-23,910.06,910.06,871.06,900.0,2780,2462835.45,EQNE
2007-11-26,887.3,900.0,830.1,898.0,1512,1329123.63,EQNE
2007-11-27,885.98,903.0,880.11,900.0,380,341282.48,EQNE
2007-11-28,890.0,924.0,880.0,904.99,3728,3357699.72,EQNE
2007-11-29,927.97,927.97,898.0,902.0,83,75044.17,EQNE
2007-11-30,913.99,915.0,893.0,906.95,403,363243.99,EQNE
2007-12-03,918.0,918.87,895.0,910.0,2860,2586383.92,EQNE
2007-12-04,918.99,918.99,855.0,892.0,1976,1736656.97,EQNE
2007-12-05,893.0,894.98,860.0,889.9,900,789424.14,EQNE
2007-12-06,889.9,898.4,861.0,884.5,1338,1184983.85,EQNE
2007-12-07,888.88,909.0,888.88,893.0,528,476148.77,EQNE
2007-12-10,891.0,900.0,885.01,900.0,453,406480.02,EQNE
2007-12-11,900.0,950.0,895.11,895.24,2865,2598727.99,EQNE
2007-12-12,895.0,909.88,880.0,899.96,2531,2272467.47,EQNE
2007-12-13,885.02,939.8,875.3,935.0,2575,2345195.17,EQNE
2007-12-14,895.0,933.2,890.11,925.0,2148,1958401.2,EQNE
2007-12-17,901.0,923.0,900.0,917.0,71,64127.74,EQNE
2007-12-18,905.05,918.89,905.0,911.0,293,266998.52,EQNE
2007-12-19,924.0,934.0,905.0,920.0,103,94869.36,EQNE
2007-12-20,900.1,926.49,850.3,924.4,1996,1811112.37,EQNE
2007-12-21,924.0,930.0,918.5,918.5,2256,2072469.45,EQNE
2007-12-24,919.96,919.96,900.0,900.0,642,578540.31,EQNE
2007-12-25,908.46,928.0,908.46,918.0,1539,1413648.91,EQNE
2007-12-26,920.0,930.0,907.0,916.8,1016,929998.43,EQNE
2007-12-27,910.1,928.99,910.0,910.04,555,509336.98,EQNE
2007-12-28,908.0,917.0,881.12,890.1,757,679330.2,EQNE
2008-01-09,900.0,908.8,890.0,900.0,1479,1329022.25,EQNE
2008-01-10,908.0,909.0,888.13,900.0,1784,1599539.25,EQNE
2008-01-11,895.0,900.0,890.31,890.31,622,557226.01,EQNE
2008-01-14,895.16,914.99,883.0,914.99,4010,3621955.39,EQNE
2008-01-15,918.9,919.0,910.0,910.0,1204,1099395.74,EQNE
2008-01-16,890.0,929.98,881.0,929.98,2246,2034747.98,EQNE
2008-01-17,913.01,919.0,900.0,919.0,982,895341.26,EQNE
2008-01-18,910.0,913.31,902.0,909.98,1118,1011002.5,EQNE
2008-01-21,899.0,913.95,860.0,909.0,7198,6485254.83,EQNE
2008-01-22,871.0,920.0,851.0,920.0,1367,1219231.57,EQNE
2008-01-23,900.0,928.49,876.85,928.49,811,728233.31,EQNE
2008-01-24,901.0,924.0,901.0,924.0,419,386108.01,EQNE
2008-01-25,925.0,926.0,900.0,920.0,224,204729.66,EQNE
2008-01-28,900.5,910.94,895.05,910.94,127,114845.15,EQNE
2008-01-29,909.5,909.5,895.0,895.0,1147,1028189.5,EQNE
2008-01-30,895.0,900.0,882.0,882.0,136,121777.11,EQNE
2008-01-31,885.0,910.0,862.0,909.0,991,882409.28,EQNE
2008-02-01,909.0,909.0,890.0,900.0,255,229486.98,EQNE
2008-02-04,903.01,909.99,882.0,890.0,602,538378.36,EQNE
2008-02-05,891.0,895.0,890.0,893.0,462,411469.4,EQNE
2008-02-06,895.0,895.0,874.0,880.0,6171,5427718.54,EQNE
2008-02-07,884.97,884.97,850.09,866.66,588,511199.06,EQNE
2008-02-08,875.0,875.0,811.29,863.9,1597,1359905.52,EQNE
2008-02-11,863.0,875.0,860.0,860.01,1132,974178.12,EQNE
2008-02-12,875.0,875.0,865.0,865.0,302,263265.11,EQNE
2008-02-13,863.01,870.0,863.0,870.0,54,46958.88,EQNE
2008-02-14,865.0,865.0,853.0,859.0,260,223514.12,EQNE
2008-02-15,860.0,860.0,857.0,857.0,2680,2299940.0,EQNE
2008-02-18,864.0,864.0,860.0,860.0,28,24112.0,EQNE
2008-02-19,850.01,850.01,837.0,849.97,94,79289.04,EQNE
2008-02-20,847.9,847.99,812.04,838.99,96,80441.86,EQNE
2008-02-21,808.09,849.93,808.09,849.93,228,193465.17,EQNE
2008-02-22,839.01,839.01,827.0,830.0,704,583790.68,EQNE
2008-02-26,879.99,887.0,827.18,867.19,71,62288.98,EQNE
2008-02-27,870.0,870.0,827.0,829.99,571,489178.12,EQNE
2008-02-28,828.8,869.0,810.0,821.0,408,338630.76,EQNE
2008-02-29,839.97,839.97,815.0,815.0,156,130924.47,EQNE
2008-03-03,830.0,830.0,790.0,816.0,44,35769.0,EQNE
2008-03-04,829.98,829.98,804.0,804.01,225,184166.92,EQNE
2008-03-05,829.99,830.0,805.01,826.93,714,577378.5,EQNE
2008-03-06,829.02,859.98,823.0,830.0,4072,3378515.43,EQNE
2008-03-07,799.0,836.96,799.0,819.0,8224,6722008.71,EQNE
2008-03-11,829.0,829.0,790.0,825.99,431,345907.06,EQNE
2008-03-12,838.94,838.94,829.87,830.0,1427,1184414.72,EQNE
2008-03-13,839.9,839.9,825.1,834.42,176,145513.63,EQNE
2008-03-14,837.98,841.31,816.0,838.0,510,416727.66,EQNE
2008-03-17,837.93,837.93,785.0,837.0,640,524609.96,EQNE
2008-03-18,835.0,835.0,805.5,810.5,730,589259.63,EQNE
2008-03-19,800.04,800.04,770.0,782.9,2625,2066197.28,EQNE
2008-03-20,798.0,800.0,787.04,799.96,105,83677.58,EQNE
2008-03-21,803.64,805.0,795.0,805.0,675,540482.23,EQNE
2008-03-24,808.0,814.0,790.0,798.0,677,540337.8,EQNE
2008-03-25,795.0,810.0,785.0,798.0,474,377707.97,EQNE
2008-03-26,793.0,800.4,790.0,798.0,2064,1637159.02,EQNE
2008-03-27,791.5,792.0,750.0,784.0,1825,1413741.97,EQNE
2008-03-28,789.0,789.0,776.0,780.0,438,341978.02,EQNE
2008-03-31,780.0,789.0,775.0,788.0,768,598725.7,EQNE
2008-04-01,787.95,788.0,779.25,787.92,215,169092.03,EQNE
2008-04-02,787.8,787.8,773.0,783.0,248,193049.8,EQNE
2008-04-03,770.0,779.0,740.01,770.0,634,482007.12,EQNE
2008-04-04,750.11,776.89,743.0,770.0,1123,850817.47,EQNE
2008-04-07,769.0,769.0,736.03,749.99,575,429358.34,EQNE
2008-04-08,758.99,758.99,737.0,749.9,154,115008.79,EQNE
2008-04-09,736.02,749.0,700.0,714.0,2670,1913730.56,EQNE
2008-04-10,725.0,725.0,701.0,714.25,117,82670.28,EQNE
2008-04-11,707.07,716.0,706.25,715.0,872,620590.25,EQNE
2008-04-14,708.2,714.0,700.0,709.95,264,186806.1,EQNE
2008-04-15,700.0,715.0,682.02,715.0,863,602209.61,EQNE
2008-04-16,717.98,717.98,700.0,714.9,200,141261.95,EQNE
2008-04-17,691.01,698.99,675.0,681.0,1647,1123074.64,EQNE
2008-04-18,693.79,710.0,677.12,710.0,433,306356.61,EQNE
2008-04-21,709.0,724.65,709.0,724.65,39,27817.73,EQNE
2008-04-22,696.01,696.01,660.0,684.9,1226,827154.02,EQNE
2008-04-23,689.53,700.0,665.0,700.0,152,104335.51,EQNE
2008-04-24,641.0,699.0,600.0,699.0,1092,692785.05,EQNE
2008-04-25,698.99,698.99,675.85,695.98,3,2070.82,EQNE
2008-04-28,699.0,699.0,650.0,695.98,24,15704.99,EQNE
2008-04-29,698.99,698.99,650.0,650.0,6,3993.99,EQNE
2008-04-30,694.79,694.79,600.0,667.98,226,142172.87,EQNE
2008-05-04,670.0,675.0,667.0,675.0,151,101594.81,EQNE
2008-05-05,692.89,692.89,683.0,683.0,2,1375.89,EQNE
2008-05-06,688.49,688.49,630.02,677.99,65,43351.85,EQNE
2008-05-07,687.98,700.0,622.0,690.0,1960,1336866.94,EQNE
2008-05-12,689.99,689.99,635.03,682.99,38,25022.95,EQNE
2008-05-13,652.01,675.0,626.0,666.0,14,9243.61,EQNE
2008-05-14,660.01,670.0,630.07,669.9,228,148374.71,EQNE
2008-05-15,677.99,700.0,623.31,651.65,1371,903794.21,EQNE
2008-05-16,669.99,674.99,648.0,674.99,1076,710914.94,EQNE
2008-05-19,680.0,694.65,635.0,676.32,149,95693.28,EQNE
2008-05-20,686.29,686.29,653.0,678.0,9,6074.41,EQNE
2008-05-21,684.0,684.0,660.0,674.65,822,542877.34,EQNE
2008-05-22,655.0,680.0,655.0,680.0,22,14659.44,EQNE
2008-05-23,684.98,684.98,645.0,661.82,868,573532.43,EQNE
2008-05-26,675.0,689.95,646.1,689.95,941,620967.82,EQNE
2008-05-27,689.84,695.0,660.0,688.0,895,602321.27,EQNE
2008-05-28,689.0,694.99,684.0,688.88,168,115798.16,EQNE
2008-05-29,687.99,694.0,660.0,689.93,207,139089.42,EQNE
2008-05-30,693.99,699.0,677.1,677.25,671,464402.4,EQNE
2008-06-02,675.0,675.0,620.0,645.0,3445,2207514.2,EQNE
2008-06-03,648.0,653.99,630.0,638.0,304,192818.41,EQNE
2008-06-04,630.01,640.0,627.03,639.5,600,383502.12,EQNE
2008-06-05,625.01,638.8,625.01,638.8,1494,941199.47,EQNE
2008-06-06,647.5,654.0,640.0,650.0,1127,729440.91,EQNE
2008-06-07,650.0,650.0,636.0,650.0,465,301069.7,EQNE
2008-06-09,648.98,650.0,648.98,650.0,65,42232.72,EQNE
2008-06-10,630.15,630.15,625.0,625.0,483,302276.68,EQNE
2008-06-11,631.0,632.0,625.0,625.0,1010,636357.86,EQNE
2008-06-16,634.04,634.04,625.04,625.04,1103,694873.12,EQNE
2008-06-17,625.0,629.98,602.06,618.0,1146,700811.18,EQNE
2008-06-18,625.0,648.83,620.0,620.0,269,169245.54,EQNE
2008-06-19,638.0,650.0,630.0,630.0,145,93784.75,EQNE
2008-06-20,650.0,650.0,623.01,623.01,206,131267.44,EQNE
2008-06-23,640.0,640.0,615.0,615.0,205,126187.08,EQNE
2008-06-24,615.02,615.02,605.0,610.0,998,608570.94,EQNE
2008-06-25,610.0,610.0,581.02,599.99,1054,632260.22,EQNE
2008-06-26,609.99,609.99,590.0,600.0,173,104587.9,EQNE
2008-06-27,580.02,580.02,580.01,580.01,6,3480.07,EQNE
2008-06-30,581.01,600.0,561.0,600.0,443,254980.12,EQNE
2008-07-01,608.9,610.0,580.0,580.0,2203,1309558.0,EQNE
2008-07-02,575.0,599.5,575.0,599.5,417,241716.94,EQNE
2008-07-03,570.0,585.0,570.0,585.0,151,88112.04,EQNE
2008-07-04,565.03,580.0,555.0,580.0,368,206820.49,EQNE
2008-07-07,598.0,598.0,562.01,562.01,22,13089.01,EQNE
2008-07-08,560.02,600.0,560.0,579.99,5269,3093230.72,EQNE
2008-07-09,550.0,600.0,500.0,560.0,1247,695849.4,EQNE
2008-07-10,560.0,589.99,555.0,560.0,1155,646353.03,EQNE
2008-07-11,575.0,589.99,561.01,563.0,1032,598221.0,EQNE
2008-07-14,560.01,560.05,560.0,560.05,475,266005.2,EQNE
2008-07-15,560.0,579.0,560.0,579.0,331,185399.0,EQNE
2008-07-16,561.63,565.0,555.0,565.0,75,42196.93,EQNE
2008-07-17,575.0,575.0,575.0,575.0,3,1725.0,EQNE
2008-07-18,574.97,574.97,517.0,539.98,333,175159.99,EQNE
2008-07-21,505.05,527.0,491.02,493.16,2840,1442545.87,EQNE
2008-07-22,471.13,514.0,456.0,489.98,284,133746.38,EQNE
2008-07-23,461.12,487.87,452.01,481.98,139,64987.12,EQNE
2008-07-24,477.98,490.0,460.09,470.0,53,25117.79,EQNE
2008-07-25,432.0,470.0,402.0,448.0,1739,745210.27,EQNE
2008-07-28,407.0,462.2,407.0,433.68,263,110200.63,EQNE
2008-07-29,427.99,427.99,403.18,405.52,26,10635.88,EQNE
2008-07-30,400.04,450.0,400.04,450.0,375,159408.85,EQNE
2008-07-31,420.42,477.86,414.0,477.86,13,5746.12,EQNE
2008-08-01,485.0,485.0,416.04,458.0,116,49516.64,EQNE
2008-08-04,483.0,483.0,399.13,410.0,314,129156.64,EQNE
2008-08-05,419.0,419.0,395.0,399.8,89,35631.58,EQNE
2008-08-06,400.0,415.98,400.0,415.98,38,15286.9,EQNE
2008-08-07,402.0,424.73,400.34,424.73,30,12042.85,EQNE
2008-08-08,424.72,424.72,392.01,392.01,72,28909.64,EQNE
2008-08-11,392.11,392.11,392.11,392.11,2,784.22,EQNE
2008-08-12,392.0,410.0,389.51,408.0,550,218917.16,EQNE
2008-08-13,449.01,449.01,408.0,415.0,145,60221.62,EQNE
2008-08-14,429.87,429.87,402.02,402.51,967,395740.07,EQNE
2008-08-15,395.0,409.97,394.0,409.97,21,8321.04,EQNE
2008-08-18,429.87,429.87,389.84,390.0,839,331692.24,EQNE
2008-08-19,399.99,409.48,390.0,409.48,43,17049.23,EQNE
2008-08-20,410.0,410.0,400.0,400.0,42,17199.96,EQNE
2008-08-22,404.99,404.99,380.02,380.02,7,2735.05,EQNE
2008-08-25,392.01,399.0,380.0,390.0,208,80047.0,EQNE
2008-08-26,331.91,375.0,331.8,365.0,223,79545.76,EQNE
2008-08-27,384.99,384.99,348.1,348.1,640,226141.12,EQNE
2008-08-28,385.0,385.0,378.97,378.98,47,17879.3,EQNE
2008-08-29,384.0,384.0,348.0,379.99,6,2223.98,EQNE
2008-09-01,379.99,399.99,378.99,399.99,204,78042.3,EQNE
2008-09-02,397.99,398.0,361.14,362.14,19,7489.12,EQNE
2008-09-03,375.12,380.79,351.12,360.02,248,90612.28,EQNE
2008-09-04,352.25,394.0,337.0,375.0,10637,3910625.48,EQNE
2008-09-05,375.0,394.0,335.51,393.0,4033,1473157.8,EQNE
2008-09-09,431.86,431.86,361.01,361.01,2244,826482.9,EQNE
2008-09-10,330.01,365.0,315.99,315.99,1456,519056.66,EQNE
2008-09-11,364.77,364.77,364.77,364.77,10,3647.7,EQNE
2008-09-12,400.01,400.01,306.01,352.0,231,81443.41,EQNE
2008-09-15,350.0,350.0,300.38,320.0,84,26908.54,EQNE
2008-09-16,251.01,336.99,250.0,280.0,2979,799718.25,EQNE
2008-09-17,298.99,298.99,200.05,200.05,54,10931.64,EQNE
2008-09-19,230.0,300.0,230.0,298.0,466,121006.61,EQNE
2008-09-22,310.0,310.0,250.0,282.0,821,227278.57,EQNE
2008-09-23,293.37,306.9,276.0,285.0,31,9134.92,EQNE
2008-09-24,251.01,291.99,230.03,270.0,711,191761.53,EQNE
2008-09-25,295.04,324.99,237.0,283.0,2769,776680.13,EQNE
2008-09-26,295.95,295.95,260.2,289.9,119,34336.45,EQNE
2008-09-29,268.04,268.04,235.0,239.97,2620,626284.34,EQNE
2008-09-30,202.11,321.98,202.11,260.0,765,200175.3,EQNE
2008-10-01,240.01,268.99,240.0,253.0,2683,670279.95,EQNE
2008-10-02,329.97,329.97,245.02,245.02,455,117718.8,EQNE
2008-10-03,237.05,237.05,211.71,237.01,272,64172.25,EQNE
2008-10-06,265.0,265.0,200.01,228.89,162,35487.99,EQNE
2008-10-07,247.99,247.99,200.01,218.85,315,65060.17,EQNE
2008-10-08,199.9,200.0,199.9,199.99,260,51998.4,EQNE
2008-10-09,210.0,219.98,185.37,185.37,70,15093.09,EQNE
2008-10-13,170.1,212.99,170.0,193.99,131,23608.43,EQNE
2008-10-14,167.0,217.92,167.0,204.99,85,17135.85,EQNE
2008-10-15,219.9,219.9,169.0,193.9,105,19292.12,EQNE
2008-10-16,193.9,193.9,120.0,189.9,165,23401.34,EQNE
2008-10-17,163.0,186.0,115.01,179.98,212,36035.89,EQNE
2008-10-20,229.97,229.97,162.98,178.5,29,5239.1,EQNE
2008-10-21,180.0,198.0,132.0,184.75,86,15070.37,EQNE
2008-10-22,180.0,188.99,150.0,151.13,91,15172.79,EQNE
2008-10-23,179.98,179.99,163.0,163.0,16,2828.86,EQNE
2008-10-24,179.99,199.95,163.0,163.0,29,5158.11,EQNE
2008-10-28,162.38,162.38,162.38,162.38,109,17699.42,EQNE
2008-10-29,170.0,170.0,155.0,155.0,3398,556535.38,EQNE
2008-10-30,157.96,177.0,150.0,159.8,322,49763.04,EQNE
2008-10-31,130.01,200.0,130.01,170.0,581,104730.75,EQNE
2008-11-01,155.13,188.35,155.13,160.0,117,19345.73,EQNE
2008-11-05,150.05,199.98,150.05,165.0,95,15378.71,EQNE
2008-11-06,174.97,174.97,140.01,142.0,452,66333.16,EQNE
2008-11-07,141.0,141.0,140.0,140.0,552,77281.0,EQNE
2008-11-10,159.99,159.99,137.0,150.0,43,6460.77,EQNE
2008-11-11,169.0,169.0,129.0,130.02,96,13658.54,EQNE
2008-11-13,168.99,168.99,136.5,138.0,122,16799.99,EQNE
2008-11-14,187.0,187.99,107.01,139.99,77,11721.01,EQNE
2008-11-17,160.0,160.0,160.0,160.0,1,160.0,EQNE
2008-11-18,139.99,139.99,128.0,134.9,288,36940.39,EQNE
2008-11-19,134.77,134.77,107.71,107.71,211,24267.92,EQNE
2008-11-20,139.88,139.88,101.03,101.03,676,72942.61,EQNE
2008-11-21,120.97,120.99,106.53,106.53,136,16027.08,EQNE
2008-11-24,115.0,119.99,115.0,115.0,49,5679.91,EQNE
2008-11-25,115.0,138.5,111.01,113.0,161,18994.2,EQNE
2008-11-26,113.0,118.99,107.16,118.99,20,2280.06,EQNE
2008-11-27,120.0,121.0,114.0,114.0,1281,153531.41,EQNE
2008-11-28,115.01,115.01,100.0,115.0,4556,522212.41,EQNE
2008-12-01,100.01,116.99,100.01,116.99,8,916.96,EQNE
2008-12-02,114.96,114.96,100.02,111.93,40,4279.15,EQNE
2008-12-03,101.03,108.0,94.5,95.0,1406,136839.13,EQNE
2008-12-04,95.0,95.0,94.99,95.0,1587,150764.95,EQNE
2008-12-05,99.99,99.99,90.0,99.0,121,11702.72,EQNE
2008-12-08,107.97,107.97,95.0,95.0,472,46046.18,EQNE
2008-12-09,103.89,103.89,92.01,94.5,1379,130210.23,EQNE
2008-12-10,92.11,103.24,92.11,99.5,239,23537.83,EQNE
2008-12-11,102.99,102.99,89.02,95.0,3233,306520.77,EQNE
2008-12-12,97.76,97.76,90.0,95.0,1507,143160.82,EQNE
2008-12-15,95.98,96.99,90.01,93.0,1256,114910.62,EQNE
2008-12-16,95.0,95.0,90.02,93.58,247,22455.32,EQNE
2008-12-17,91.01,91.01,80.0,84.9,7620,619312.32,EQNE
2008-12-18,91.43,91.5,81.46,91.5,322,29262.11,EQNE
2008-12-19,90.84,90.84,85.0,88.0,116,9995.42,EQNE
2008-12-22,76.53,90.84,76.0,76.31,4761,372860.98,EQNE
2008-12-23,75.21,78.0,71.71,76.0,1160,88367.47,EQNE
2008-12-24,76.4,81.98,74.08,75.92,1672,130343.52,EQNE
2008-12-25,86.0,86.0,77.51,80.0,610,48783.59,EQNE
2008-12-26,82.75,82.97,82.75,82.97,36,2986.33,EQNE
2008-12-29,77.22,78.0,77.15,78.0,1677,130007.11,EQNE
2008-12-30,75.0,78.2,71.02,77.6,1171,90990.54,EQNE
2008-12-31,77.0,80.0,77.0,78.51,157,12266.2,EQNE
2009-01-11,84.99,85.98,80.0,85.98,936,78792.45,EQNE
2009-01-12,84.29,84.5,84.29,84.5,23,1941.4,EQNE
2009-01-13,81.0,81.0,80.0,80.0,101,8081.0,EQNE
2009-01-14,78.25,79.98,76.03,78.98,144,11226.3,EQNE
2009-01-15,79.97,97.0,71.92,81.99,989,80127.71,EQNE
2009-01-16,82.0,82.0,77.8,80.0,1580,125614.95,EQNE
2009-01-19,76.11,80.49,76.1,79.99,61,4724.29,EQNE
2009-01-20,76.1,77.77,75.0,77.77,207,15739.74,EQNE
2009-01-21,70.93,75.05,70.06,70.06,147,10943.34,EQNE
2009-01-22,72.21,73.01,72.0,72.0,83,5989.36,EQNE
2009-01-23,72.0,72.0,72.0,72.0,10,720.0,EQNE
2009-01-26,70.0,74.0,69.81,74.0,227,16031.9,EQNE
2009-01-27,71.9,74.0,71.9,73.94,136,9951.98,EQNE
2009-01-28,73.05,74.49,69.78,73.0,2757,193350.23,EQNE
2009-01-29,70.01,70.01,70.0,70.0,13,910.02,EQNE
2009-01-30,70.1,74.39,70.05,74.38,576,40421.89,EQNE
2009-02-02,73.5,73.5,66.76,68.4,519,37317.68,EQNE
2009-02-03,68.36,81.35,68.36,81.35,1174,84582.38,EQNE
2009-02-04,81.35,81.35,75.04,79.9,400,30885.09,EQNE
2009-02-05,77.99,78.98,73.03,73.03,2833,213405.15,EQNE
2009-02-06,75.98,78.99,75.0,77.99,153,11807.05,EQNE
2009-02-09,77.98,79.98,75.0,79.98,1544,116906.58,EQNE
2009-02-10,77.01,81.98,77.01,81.95,38,3015.75,EQNE
2009-02-11,77.0,81.94,77.0,81.78,81,6568.42,EQNE
2009-02-12,80.0,80.03,80.0,80.0,658,52643.7,EQNE
2009-02-13,80.0,84.99,80.0,84.99,1849,152254.7,EQNE
2009-02-16,84.99,88.14,82.25,87.59,1839,157118.36,EQNE
2009-02-17,87.59,87.59,81.02,81.25,515,42649.93,EQNE
2009-02-18,80.01,80.01,73.0,78.8,1602,123537.2,EQNE
2009-02-19,78.35,88.89,78.35,81.01,251,21046.15,EQNE
2009-02-20,84.99,84.99,84.99,84.99,4,339.96,EQNE
2009-02-24,72.36,80.0,72.36,80.0,772,61742.36,EQNE
2009-02-25,77.01,82.65,68.11,81.0,2096,155958.11,EQNE
2009-02-26,80.39,85.99,78.02,78.02,915,74479.02,EQNE
2009-02-27,81.95,85.9,77.8,85.9,1563,126883.11,EQNE
2009-03-02,73.88,73.91,73.88,73.91,100,7390.4,EQNE
2009-03-03,83.47,83.47,83.47,83.47,30,2504.1,EQNE
2009-03-05,77.01,80.99,77.01,80.99,49,3883.31,EQNE
2009-03-06,73.01,81.49,70.0,75.89,1707,127883.84,EQNE
2009-03-10,82.99,87.0,71.07,84.31,3067,255065.2,EQNE
2009-03-12,78.5,79.99,78.5,79.99,178,14230.78,EQNE
2009-03-13,84.49,84.5,81.06,81.06,117,9818.96,EQNE
2009-03-16,80.06,80.06,75.25,78.55,2364,182759.91,EQNE
2009-03-17,78.7,80.0,77.01,79.99,5773,455417.01,EQNE
2009-03-18,79.99,81.5,77.01,81.49,2243,177348.34,EQNE
2009-03-19,81.0,88.99,80.22,85.0,2910,242424.53,EQNE
2009-03-20,82.98,84.39,80.0,81.99,3078,249302.44,EQNE
2009-03-23,81.99,81.99,80.0,81.89,1095,88513.14,EQNE
2009-03-24,81.99,88.97,78.63,88.96,2597,211373.04,EQNE
2009-03-25,80.03,94.98,80.0,92.98,6061,537089.55,EQNE
2009-03-26,87.02,87.02,87.02,87.02,84,7309.68,EQNE
2009-03-27,89.99,105.0,84.34,100.0,3092,284882.83,EQNE
2009-03-30,93.03,95.53,89.99,95.53,437,39689.02,EQNE
2009-03-31,83.15,94.99,83.15,94.99,25,2117.68,EQNE
2009-04-01,90.02,99.6,88.0,89.0,578,51781.87,EQNE
2009-04-02,86.02,98.7,80.0,85.99,2253,187829.27,EQNE
2009-04-03,86.0,86.97,82.12,86.97,318,26733.05,EQNE
2009-04-06,87.0,94.8,87.0,93.48,4270,383403.64,EQNE
2009-04-07,92.99,96.0,89.01,94.97,685,64552.21,EQNE
2009-04-08,90.0,97.19,90.0,96.99,2477,230118.38,EQNE
2009-04-09,99.0,100.0,92.99,94.99,4383,413514.33,EQNE
2009-04-10,90.08,95.0,90.08,94.3,6149,582846.67,EQNE
2009-04-13,95.0,97.99,90.01,94.0,15267,1449801.73,EQNE
2009-04-14,95.22,131.63,95.2,131.63,416314,53766950.27,EQNE
2009-04-15,140.0,174.99,131.6,157.0,62961,9682717.32,EQNE
2009-04-16,157.0,157.0,130.25,137.99,8308,1177643.01,EQNE
2009-04-17,140.0,140.9,132.0,139.93,10168,1397937.73,EQNE
2009-04-20,139.0,139.87,127.34,135.28,1888,249559.51,EQNE
2009-04-21,135.01,139.0,127.04,138.51,2028,264880.84,EQNE
2009-04-22,137.0,138.69,131.11,137.0,480,64078.97,EQNE
2009-04-23,138.0,138.99,125.61,134.82,1188,156310.72,EQNE
2009-04-24,137.77,137.77,125.02,130.24,2794,361481.52,EQNE
2009-04-27,130.22,134.0,121.54,130.0,2146,276015.82,EQNE
2009-04-28,125.0,129.78,120.01,125.05,17868,2217942.46,EQNE
2009-04-29,123.7,143.0,123.7,141.86,5395,726572.75,EQNE
2009-04-30,140.0,143.0,130.45,140.75,1267,179803.12,EQNE
2009-05-04,140.0,146.99,140.0,143.99,3590,514917.71,EQNE
2009-05-05,146.99,147.0,129.9,140.99,3050,436817.16,EQNE
2009-05-06,140.96,159.99,139.0,155.96,17094,2454727.93,EQNE
2009-05-07,157.99,158.0,131.67,149.0,11002,1619848.44,EQNE
2009-05-08,153.99,153.99,141.08,151.99,641,94744.37,EQNE
2009-05-12,149.53,161.1,142.0,159.94,3403,516553.81,EQNE
2009-05-13,154.98,179.99,147.0,156.01,4222,697362.26,EQNE
2009-05-14,154.0,161.0,132.0,158.0,3003,444555.42,EQNE
2009-05-15,156.0,160.0,147.11,157.5,2454,378774.84,EQNE
2009-05-18,169.89,169.89,150.19,159.95,418,63743.17,EQNE
2009-05-19,169.69,169.69,153.0,159.98,2589,410506.53,EQNE
2009-05-20,163.99,163.99,148.05,161.37,1221,189712.56,EQNE
2009-05-21,167.69,167.69,148.14,153.1,1316,203371.39,EQNE
2009-05-22,153.1,158.99,150.01,151.8,3088,467872.0,EQNE
2009-05-25,159.99,168.0,150.0,159.35,9038,1439926.57,EQNE
2009-05-26,160.0,163.99,152.06,154.5,3172,489175.87,EQNE
2009-05-27,160.0,163.0,150.05,150.05,4784,748757.57,EQNE
2009-05-28,158.86,159.99,150.0,154.0,3756,581803.05,EQNE
2009-05-29,155.54,159.98,154.0,155.0,3968,616542.29,EQNE
2009-06-01,163.75,164.93,156.01,158.99,19610,3133952.79,EQNE
2009-06-02,155.01,165.0,155.0,162.49,9605,1539114.64,EQNE
2009-06-03,163.93,163.93,155.0,156.97,2109,331642.83,EQNE
2009-06-04,156.97,163.76,148.0,153.44,4549,691529.01,EQNE
2009-06-05,153.44,162.88,148.02,159.99,12277,1913011.44,EQNE
2009-06-08,154.0,163.99,150.01,153.8,28976,4436319.58,EQNE
2009-06-09,154.78,158.58,147.2,148.49,22413,3342608.68,EQNE
2009-06-10,149.35,155.98,147.35,151.0,27249,4110108.71,EQNE
2009-06-11,149.0,149.0,140.0,143.71,6995,1026573.07,EQNE
2009-06-15,145.08,145.08,130.0,131.3,15623,2098745.36,EQNE
2009-06-16,129.75,135.96,125.01,135.96,1308,173469.71,EQNE
2009-06-17,133.0,134.29,128.88,131.76,1446,188842.55,EQNE
2009-06-18,129.03,131.0,116.0,122.95,8877,1086917.57,EQNE
2009-06-19,137.25,137.25,120.21,126.98,863,109149.08,EQNE
2009-06-22,121.07,124.88,117.0,117.0,4571,539788.23,EQNE
2009-06-23,117.0,117.98,105.0,112.06,4380,489971.46,EQNE
2009-06-24,122.99,122.99,108.27,120.75,2722,320094.76,EQNE
2009-06-25,120.0,121.91,116.29,121.6,326,39163.38,EQNE
2009-06-26,126.0,126.0,117.77,118.99,3521,422037.08,EQNE
2009-06-29,118.49,121.94,116.16,120.0,1806,214683.21,EQNE
2009-06-30,121.97,121.98,118.0,118.0,754,90036.45,EQNE
2009-07-01,119.94,120.0,118.03,119.0,1925,229377.9,EQNE
2009-07-02,121.99,122.89,112.01,114.45,7491,864650.22,EQNE
2009-07-03,116.0,118.2,112.04,117.8,4605,529305.74,EQNE
2009-07-06,113.02,114.8,112.2,114.8,502,56809.63,EQNE
2009-07-07,112.05,116.0,111.0,114.23,1317,151037.03,EQNE
2009-07-08,112.06,113.99,110.0,111.5,3511,393051.81,EQNE
2009-07-09,111.0,113.1,111.0,111.9,475,52833.75,EQNE
2009-07-10,112.59,113.0,101.6,103.0,3573,382547.14,EQNE
2009-07-13,109.96,109.99,101.0,106.0,392,41420.38,EQNE
2009-07-14,115.66,115.66,106.5,107.44,605,65044.09,EQNE
2009-07-15,119.19,119.19,109.0,110.0,1551,171914.88,EQNE
2009-07-16,117.99,117.99,104.5,108.0,3550,386263.9,EQNE
2009-07-17,124.36,124.36,105.03,108.99,8636,939339.3,EQNE
2009-07-20,111.98,113.99,105.01,106.98,22227,2390430.44,EQNE
2009-07-21,105.49,106.99,104.32,106.77,5695,598583.82,EQNE
2009-07-22,108.0,108.0,103.58,105.99,2182,229352.1,EQNE
2009-07-23,109.99,110.0,105.5,109.0,8043,868852.05,EQNE
2009-07-24,109.88,110.99,106.01,108.5,1425,155469.43,EQNE
2009-07-27,108.0,117.0,105.01,113.5,11627,1300044.53,EQNE
2009-07-28,115.0,125.0,112.0,113.99,29845,3483616.4,EQNE
2009-07-29,112.0,116.94,109.55,111.5,2334,264300.42,EQNE
2009-07-30,113.99,115.95,111.0,115.95,9678,1109548.64,EQNE
2009-07-31,115.01,116.94,113.17,115.09,1617,186024.64,EQNE
2009-08-03,120.0,120.0,113.7,116.3,4157,482533.68,EQNE
2009-08-04,116.99,117.5,115.01,116.01,6019,703955.98,EQNE
2009-08-05,116.0,118.0,114.51,115.0,13466,1567377.26,EQNE
2009-08-06,116.99,116.99,107.0,109.98,19568,2154787.52,EQNE
2009-08-07,109.0,111.5,107.0,111.5,10937,1188058.61,EQNE
2009-08-10,110.99,111.0,108.1,108.6,1227,135189.29,EQNE
2009-08-11,110.84,111.9,108.0,109.98,8124,898031.33,EQNE
2009-08-12,108.0,110.96,107.05,110.96,2605,282737.25,EQNE
2009-08-13,110.99,111.0,109.02,110.65,2602,287867.72,EQNE
2009-08-14,109.03,111.0,109.03,109.79,1835,202664.93,EQNE
2009-08-17,109.97,109.97,106.01,107.99,2818,302068.65,EQNE
2009-08-18,107.98,108.99,106.09,108.0,1148,123530.24,EQNE
2009-08-19,109.99,109.99,104.0,106.95,10083,1078817.35,EQNE
2009-08-20,107.0,107.5,105.02,106.0,10944,1164261.24,EQNE
2009-08-21,105.99,105.99,104.5,105.0,16118,1694128.35,EQNE
2009-08-24,105.5,106.79,104.2,105.49,23761,2505057.1,EQNE
2009-08-25,105.0,105.5,103.57,104.22,10160,1068617.05,EQNE
2009-08-26,105.34,105.34,103.08,104.2,4812,501882.57,EQNE
2009-08-27,103.1,107.88,103.06,107.49,54669,5776024.63,EQNE
2009-08-28,124.32,124.32,107.22,109.0,12754,1395619.78,EQNE
2009-08-31,113.5,117.7,104.6,109.3,58969,6553476.14,EQNE
2009-09-01,109.9,109.9,106.54,108.3,7797,842635.6,EQNE
2009-09-02,104.02,107.46,104.02,107.0,5551,590297.15,EQNE
2009-09-03,107.95,108.89,106.01,107.38,1429,152587.41,EQNE
2009-09-04,106.5,108.7,105.1,107.07,13704,1460185.82,EQNE
2009-09-07,113.85,113.85,107.0,109.0,2017,217856.45,EQNE
2009-09-08,112.15,112.15,107.68,108.53,8081,879963.93,EQNE
2009-09-09,127.25,127.25,109.0,112.0,16988,1881615.48,EQNE
2009-09-10,113.59,113.59,110.0,111.68,6924,766180.12,EQNE
2009-09-11,111.99,114.0,110.02,113.5,27177,3049004.76,EQNE
2009-09-14,113.3,126.0,113.0,126.0,35785,4233623.43,EQNE
2009-09-15,125.56,125.56,121.29,121.81,41257,5091068.69,EQNE
2009-09-16,122.0,122.5,118.28,120.42,18439,2239455.65,EQNE
2009-09-17,121.91,122.0,117.01,117.01,15947,1923346.45,EQNE
2009-09-18,119.48,123.0,117.99,121.5,159454,19275377.18,EQNE
2009-09-21,122.9,123.5,118.0,119.99,39100,4685517.65,EQNE
2009-09-22,119.0,123.39,118.0,121.0,114347,13825313.41,EQNE
2009-09-23,121.0,121.5,120.0,121.0,43465,5255407.43,EQNE
2009-09-24,122.0,122.0,116.0,120.49,7455,893107.37,EQNE
2009-09-25,122.0,125.98,118.03,119.92,55768,6787582.54,EQNE
2009-09-28,121.0,121.0,116.05,119.09,11458,1359310.21,EQNE
2009-09-29,121.64,121.64,117.52,120.0,21668,2590944.06,EQNE
2009-09-30,121.65,125.0,119.04,121.89,151389,18389153.3,EQNE
2009-10-01,125.01,155.0,122.0,133.99,382509,52608143.74,EQNE
2009-10-02,134.0,135.0,124.75,127.35,100188,12895735.55,EQNE
2009-10-05,133.31,133.31,125.16,127.69,66585,8448028.84,EQNE
2009-10-06,130.4,130.4,126.18,128.9,46617,5953641.29,EQNE
2009-10-07,130.45,134.85,127.17,131.99,80775,10677699.27,EQNE
2009-10-08,131.99,140.98,131.99,138.84,83810,11435906.61,EQNE
2009-10-09,138.85,139.49,133.04,137.98,49952,6785570.58,EQNE
2009-10-12,137.0,144.0,137.0,143.68,48956,6931497.22,EQNE
2009-10-13,142.11,146.5,139.03,142.0,80599,11547154.83,EQNE
2009-10-14,142.5,147.81,142.0,145.0,55710,8083446.02,EQNE
2009-10-15,145.0,148.76,137.71,138.9,50244,7053254.38,EQNE
2009-10-16,139.99,139.99,135.5,137.68,25770,3541700.78,EQNE
2009-10-19,139.4,139.48,135.6,136.99,51534,7056045.61,EQNE
2009-10-20,137.0,137.5,131.0,131.97,80584,10739865.25,EQNE
2009-10-21,133.99,133.99,128.03,130.76,83148,10811021.06,EQNE
2009-10-22,130.8,134.95,128.6,130.95,142009,18548655.47,EQNE
2009-10-23,131.97,134.3,131.02,133.7,25822,3424325.26,EQNE
2009-10-26,134.69,134.95,131.0,132.99,26044,3465464.94,EQNE
2009-10-27,130.07,133.9,128.14,130.54,46857,6121988.98,EQNE
2009-10-28,132.88,135.0,125.21,126.48,73245,9615167.16,EQNE
2009-10-29,126.74,128.66,121.5,128.5,31773,3991289.21,EQNE
2009-10-30,130.99,130.99,123.5,125.9,20496,2568095.67,EQNE
2009-11-02,126.99,126.99,124.08,126.98,11576,1454303.81,EQNE
2009-11-03,126.8,126.8,123.0,124.79,8494,1057031.16,EQNE
2009-11-05,126.5,129.87,124.01,126.9,8561,1076034.98,EQNE
2009-11-06,127.12,127.12,124.38,125.96,16611,2094016.58,EQNE
2009-11-09,126.97,131.0,126.97,128.99,47111,6086062.46,EQNE
2009-11-10,130.01,132.0,128.33,131.94,32978,4299091.37,EQNE
2009-11-11,131.94,136.98,131.06,133.74,29235,3910824.77,EQNE
2009-11-12,134.0,135.74,130.03,130.97,24041,3183660.44,EQNE
2009-11-13,130.99,130.99,128.11,130.95,15497,2011604.63,EQNE
2009-11-16,133.0,134.99,130.03,133.94,41241,5473578.6,EQNE
2009-11-17,133.89,135.0,131.14,133.92,45984,6155763.74,EQNE
2009-11-18,134.38,134.98,131.85,132.95,44882,5961433.73,EQNE
2009-11-19,133.48,133.8,130.05,130.99,3070,403928.88,EQNE
2009-11-20,130.0,130.89,128.0,130.0,21241,2750873.11,EQNE
2009-11-23,130.0,132.0,128.05,130.0,78243,10173375.36,EQNE
2009-11-24,130.0,130.0,126.99,127.9,23591,3021674.93,EQNE
2009-11-25,128.99,129.89,126.2,126.22,19283,2461185.06,EQNE
2009-11-26,127.14,127.14,121.8,122.8,13359,1651814.9,EQNE
2009-11-27,121.75,122.43,115.0,120.97,30114,3575762.71,EQNE
2009-11-30,122.97,124.47,119.99,122.97,14889,1817940.52,EQNE
2009-12-01,122.09,124.72,120.84,121.99,58075,7090520.81,EQNE
2009-12-02,122.35,124.0,120.2,122.52,12872,1577739.76,EQNE
2009-12-03,122.09,128.49,122.0,124.5,48541,6071129.96,EQNE
2009-12-04,123.98,124.99,122.0,124.89,14571,1803333.52,EQNE
2009-12-07,124.88,126.88,123.2,125.49,19145,2393202.59,EQNE
2009-12-08,125.77,129.49,124.0,124.63,34878,4410338.45,EQNE
2009-12-09,126.0,126.0,122.51,124.46,6932,855397.61,EQNE
2009-12-10,123.26,124.69,122.11,122.97,10083,1239219.61,EQNE
2009-12-11,125.88,127.5,122.56,122.71,10501,1296603.5,EQNE
2009-12-14,124.98,124.98,122.1,123.88,23680,2918321.37,EQNE
2009-12-15,124.4,129.0,122.5,124.0,8840,1100743.27,EQNE
2009-12-16,125.0,127.55,122.11,126.49,58431,7298408.02,EQNE
2009-12-17,125.99,129.0,125.0,125.9,16823,2118260.44,EQNE
2009-12-18,125.1,131.99,125.1,129.0,41615,5341896.96,EQNE
2009-12-21,131.28,131.28,127.2,128.99,11408,1467049.11,EQNE
2009-12-22,129.7,129.7,126.15,127.9,35801,4566206.31,EQNE
2009-12-23,127.95,129.0,126.89,128.45,21057,2701102.96,EQNE
2009-12-24,128.9,128.99,125.5,127.99,11721,1489350.45,EQNE
2009-12-25,128.0,128.99,126.15,127.99,4849,616895.57,EQNE
2009-12-28,128.0,130.0,127.0,127.99,19080,2450942.82,EQNE
2009-12-29,128.77,131.7,127.58,129.0,34070,4418618.89,EQNE
2009-12-30,130.96,131.6,128.35,130.99,25125,3282660.29,EQNE
2009-12-31,131.89,133.6,130.0,131.0,3418,446743.38,EQNE
2010-01-11,132.9,134.0,131.7,133.52,24511,3264865.15,EQNE
2010-01-12,133.0,133.89,130.15,131.0,23297,3064518.47,EQNE
2010-01-13,130.31,130.31,126.0,128.6,80888,10363479.28,EQNE
2010-01-14,130.0,130.0,128.0,129.88,44395,5724767.99,EQNE
2010-01-15,130.03,152.0,130.03,138.5,172068,24028433.65,EQNE
2010-01-18,139.0,156.54,137.59,154.96,146991,22017315.52,EQNE
2010-01-19,155.22,164.96,150.22,158.99,150629,23677619.32,EQNE
2010-01-20,159.46,163.32,147.13,150.05,85086,13030744.11,EQNE
2010-01-21,154.44,158.0,147.0,152.35,64183,9776352.82,EQNE
2010-01-22,152.63,152.63,141.0,143.72,68707,9938616.18,EQNE
2010-01-25,144.03,144.14,137.0,142.94,63311,8864401.9,EQNE
2010-01-26,142.94,143.03,137.0,139.7,14618,2024449.94,EQNE
2010-01-27,139.47,145.19,138.12,144.0,34450,4893180.31,EQNE
2010-01-28,144.83,155.0,144.83,149.84,50034,7503374.2,EQNE
2010-01-29,149.0,151.96,139.98,146.96,41377,6002941.24,EQNE
2010-02-01,145.26,149.0,143.0,147.65,12272,1795110.69,EQNE
2010-02-02,147.8,152.0,147.0,149.99,29964,4477438.66,EQNE
2010-02-03,150.29,152.5,149.1,150.2,37398,5628198.36,EQNE
2010-02-04,146.83,150.09,143.26,144.97,58244,8473613.04,EQNE
2010-02-05,141.75,142.95,137.75,140.45,20032,2793647.44,EQNE
2010-02-08,141.96,142.48,136.61,138.98,39670,5568158.08,EQNE
2010-02-09,140.79,140.79,137.61,139.48,8835,1227313.09,EQNE
2010-02-10,139.76,140.99,136.62,137.9,20327,2815765.78,EQNE
2010-02-11,140.64,140.64,138.0,139.0,25032,3478632.71,EQNE
2010-02-12,139.2,140.82,136.72,137.89,26244,3642384.96,EQNE
2010-02-15,143.54,143.54,137.43,139.88,12107,1675499.54,EQNE
2010-02-16,139.98,143.15,139.52,142.98,47500,6731243.09,EQNE
2010-02-17,143.46,143.99,142.12,142.98,15015,2149134.11,EQNE
2010-02-18,142.42,142.42,138.5,139.98,14122,1973904.37,EQNE
2010-02-19,139.09,139.91,137.05,139.49,42511,5900204.18,EQNE
2010-02-24,139.63,141.99,138.0,138.49,11789,1635834.45,EQNE
2010-02-25,138.33,138.99,135.12,136.47,22714,3128845.48,EQNE
2010-02-26,138.04,138.04,134.91,136.8,11240,1535046.34,EQNE
2010-02-27,137.0,138.92,136.99,138.0,15193,2095534.85,EQNE
2010-03-01,138.52,141.3,137.3,139.46,17831,2477602.36,EQNE
2010-03-02,139.6,140.88,137.0,138.9,28555,3947005.37,EQNE
2010-03-03,139.58,149.22,139.58,147.4,115384,16735703.09,EQNE
2010-03-04,153.87,153.87,143.23,147.5,29906,4377600.5,EQNE
2010-03-05,147.73,149.98,147.2,148.18,13713,2035962.16,EQNE
2010-03-09,150.0,150.01,145.0,148.5,16105,2355686.59,EQNE
2010-03-10,148.84,157.0,147.02,154.0,69507,10660242.89,EQNE
2010-03-11,152.43,156.89,152.43,154.68,37475,5805895.2,EQNE
2010-03-12,155.28,162.5,154.11,158.97,103274,16492223.94,EQNE
2010-03-15,158.5,175.0,158.5,164.0,193930,32132884.29,EQNE
2010-03-16,163.15,174.35,163.15,169.0,139918,23636094.34,EQNE
2010-03-17,169.11,172.61,162.07,165.98,90327,14951906.55,EQNE
2010-03-18,165.24,169.0,163.0,168.39,96093,15985343.75,EQNE
2010-03-19,167.28,168.39,164.61,165.98,58447,9707763.71,EQNE
2010-03-22,165.23,165.23,159.8,163.37,81186,13146157.01,EQNE
2010-03-23,163.66,163.66,160.14,162.97,19062,3086018.32,EQNE
2010-03-24,162.01,165.0,161.01,163.4,38512,6280496.34,EQNE
2010-03-25,163.26,169.5,161.8,164.84,58130,9646574.83,EQNE
2010-03-26,164.8,168.63,163.5,168.28,24799,4151670.31,EQNE
2010-03-29,171.0,177.0,166.07,174.98,89699,15514639.5,EQNE
2010-03-30,175.0,178.93,169.51,177.49,138096,24237682.1,EQNE
2010-03-31,177.06,199.55,176.73,198.8,282426,52720945.94,EQNE
2010-04-01,201.3,265.9,198.0,263.0,614527,145752011.3,EQNE
2010-04-02,270.27,320.0,253.0,277.0,908740,261145951.42,EQNE
2010-04-05,278.75,279.0,246.0,261.32,368127,95590635.0,EQNE
2010-04-06,261.32,264.68,250.01,264.68,121797,31078333.37,EQNE
2010-04-07,264.7,279.0,250.05,251.52,149297,38897313.3,EQNE
2010-04-08,251.06,257.0,244.5,254.51,53962,13553138.93,EQNE
2010-04-09,254.99,264.98,252.1,259.94,87230,22742210.75,EQNE
2010-04-12,260.0,260.0,246.44,248.6,85415,21506008.47,EQNE
2010-04-13,249.5,249.5,235.5,236.19,80540,19380416.79,EQNE
2010-04-14,237.01,248.8,231.0,238.0,148588,35751481.98,EQNE
2010-04-15,239.0,246.89,230.0,240.0,242905,56683575.96,EQNE
2010-04-16,240.0,244.7,230.13,236.99,64419,15204807.19,EQNE
2010-04-19,235.13,235.13,220.0,224.89,74401,16682949.09,EQNE
2010-04-20,225.15,228.93,223.02,223.5,72479,16378616.07,EQNE
2010-04-21,226.0,251.88,224.18,251.87,376622,91289573.31,EQNE
2010-04-22,252.99,262.0,235.5,238.0,245955,61069074.48,EQNE
2010-04-23,236.72,241.37,236.02,239.0,30350,7244627.02,EQNE
2010-04-26,241.0,246.0,238.26,239.99,42021,10146499.9,EQNE
2010-04-27,237.99,239.98,226.5,231.66,33244,7757441.52,EQNE
2010-04-28,230.05,230.05,216.0,224.5,48065,10693752.6,EQNE
2010-04-29,224.8,249.5,223.0,239.78,154782,37128988.59,EQNE
2010-04-30,239.92,247.83,233.02,239.9,121073,29242542.52,EQNE
2010-05-04,239.99,243.99,225.12,225.17,44988,10487472.45,EQNE
2010-05-05,225.0,228.48,217.0,222.99,52205,11603480.08,EQNE
2010-05-06,222.49,225.46,215.0,219.95,25593,5614225.92,EQNE
2010-05-07,205.5,214.5,197.0,207.17,76790,15925535.48,EQNE
2010-05-11,217.0,218.85,205.55,209.87,49868,10544949.6,EQNE
2010-05-12,209.69,218.31,205.21,216.96,33740,7226224.3,EQNE
2010-05-13,253.04,253.04,207.19,211.6,49865,10648345.31,EQNE
2010-05-14,211.17,214.87,200.68,202.0,28908,5899624.66,EQNE
2010-05-17,199.85,208.46,193.12,203.49,21669,4375305.16,EQNE
2010-05-18,203.71,206.1,201.81,203.21,34736,7078123.53,EQNE
2010-05-19,200.0,202.99,186.0,189.98,41750,8098373.6,EQNE
2010-05-20,190.75,204.0,180.01,183.36,139619,27269707.48,EQNE
2010-05-21,183.36,193.99,180.0,193.99,79165,14840830.72,EQNE
2010-05-24,196.77,197.0,187.5,193.9,53339,10205794.78,EQNE
2010-05-25,187.4,187.55,180.0,182.05,53815,9892988.52,EQNE
2010-05-26,183.26,194.17,182.16,193.99,42458,8060796.04,EQNE
2010-05-27,193.8,198.99,188.01,196.03,45066,8789991.99,EQNE
2010-05-28,196.79,202.0,195.0,199.4,60981,12183294.81,EQNE
2010-05-31,198.29,205.0,197.93,200.5,72468,14633610.08,EQNE
2010-06-01,199.85,200.05,190.14,196.73,28139,5490790.32,EQNE
2010-06-02,195.48,203.94,193.0,199.85,27513,5481808.16,EQNE
2010-06-03,202.92,205.8,198.7,200.48,52866,10683128.56,EQNE
2010-06-04,201.26,202.04,190.0,194.51,26645,5248149.32,EQNE
2010-06-07,193.63,196.5,186.0,193.5,38795,7492201.81,EQNE
2010-06-08,194.58,196.99,191.95,194.02,18635,3618146.43,EQNE
2010-06-09,194.25,203.25,193.5,197.95,10867,2159619.54,EQNE
2010-06-10,198.02,201.09,192.2,197.7,12777,2492758.62,EQNE
2010-06-11,198.02,198.2,191.02,194.94,12250,2383417.92,EQNE
2010-06-15,194.98,197.9,192.22,197.85,6510,1270160.88,EQNE
2010-06-16,197.99,200.5,195.5,199.03,21612,4283736.39,EQNE
2010-06-17,199.45,199.45,194.86,196.4,7783,1535748.37,EQNE
2010-06-18,196.4,197.98,194.88,196.23,72602,14197676.58,EQNE
2010-06-21,211.0,211.0,196.97,204.5,51960,10444674.67,EQNE
2010-06-22,201.97,203.95,199.32,203.79,6645,1336742.98,EQNE
2010-06-23,202.41,203.98,198.01,199.03,15881,3196834.56,EQNE
2010-06-24,200.03,203.0,199.0,201.48,23972,4823449.67,EQNE
2010-06-25,201.59,202.99,195.0,196.91,19504,3844560.03,EQNE
2010-06-28,197.68,199.21,193.54,194.99,7304,1432002.39,EQNE
2010-06-29,193.98,193.98,183.0,183.31,29980,5636810.85,EQNE
2010-06-30,183.93,189.99,183.44,186.0,37422,6956057.7,EQNE
2010-07-01,183.95,183.95,176.2,176.31,21052,3774291.13,EQNE
2010-07-02,176.33,184.78,175.63,178.0,5903,1050041.42,EQNE
2010-07-05,179.18,181.28,175.34,176.93,3305,581878.81,EQNE
2010-07-06,175.7,180.74,175.7,178.17,74877,13340806.86,EQNE
2010-07-07,177.0,178.31,170.57,176.03,24319,4247916.56,EQNE
2010-07-08,178.02,182.26,175.85,178.42,18976,3397634.85,EQNE
2010-07-09,179.0,182.37,174.92,177.02,39478,7006564.97,EQNE
2010-07-12,177.01,178.88,175.86,177.0,39792,7034782.7,EQNE
2010-07-13,176.89,182.0,175.02,180.83,111640,19790906.23,EQNE
2010-07-14,181.15,181.21,176.0,177.0,63609,11281816.84,EQNE
2010-07-15,177.0,183.86,175.71,177.5,43719,7851411.03,EQNE
2010-07-16,177.83,179.04,175.6,177.82,17340,3064853.97,EQNE
2010-07-19,176.97,179.0,175.55,177.25,13303,2365208.54,EQNE
2010-07-20,176.19,180.8,171.18,175.69,75870,13318579.13,EQNE
2010-07-21,174.85,179.0,173.0,179.0,20162,3555419.61,EQNE
2010-07-22,178.29,178.29,172.01,174.11,41638,7287657.12,EQNE
2010-07-23,177.08,177.55,173.75,174.0,16615,2902277.92,EQNE
2010-07-26,176.71,176.71,173.12,174.41,12075,2106924.79,EQNE
2010-07-27,174.44,174.45,172.0,172.01,33277,5737234.62,EQNE
2010-07-28,172.97,174.78,169.02,174.11,70928,12220982.11,EQNE
2010-07-29,174.16,175.0,169.5,170.91,78679,13480052.55,EQNE
2010-07-30,171.57,171.95,168.0,170.0,38314,6513566.52,EQNE
2010-08-02,170.06,175.97,169.92,175.0,40676,7042623.81,EQNE
2010-08-03,174.83,177.5,174.15,177.5,29049,5119984.16,EQNE
2010-08-04,177.0,179.0,174.11,176.88,13875,2457987.59,EQNE
2010-08-05,177.56,180.91,176.77,177.48,12942,2307117.45,EQNE
2010-08-06,177.56,182.8,177.12,182.8,17071,3082547.74,EQNE
2010-08-09,181.3,196.69,181.3,195.99,91580,17488510.98,EQNE
2010-08-10,195.09,199.75,186.96,187.75,140911,26959442.43,EQNE
2010-08-11,187.55,188.97,183.34,185.34,28916,5342500.81,EQNE
2010-08-12,183.97,184.88,177.07,180.12,66566,12012629.46,EQNE
2010-08-13,181.11,183.57,179.03,180.99,16356,2969026.63,EQNE
2010-08-16,181.7,182.97,178.0,179.5,36058,6471123.72,EQNE
2010-08-17,179.48,182.32,178.5,182.07,25372,4571735.8,EQNE
2010-08-18,182.05,182.98,180.01,181.67,20800,3771725.18,EQNE
2010-08-19,180.96,189.35,179.01,183.0,42303,7871031.58,EQNE
2010-08-20,183.06,184.49,179.8,179.95,19619,3546976.82,EQNE
2010-08-23,176.21,183.05,176.21,180.25,8637,1551812.24,EQNE
2010-08-24,178.85,179.89,176.09,177.9,6022,1069251.36,EQNE
2010-08-25,177.98,179.52,174.54,176.1,11810,2078950.04,EQNE
2010-08-26,176.78,179.95,175.04,179.95,11376,2028846.71,EQNE
2010-08-27,178.85,180.44,177.63,180.26,7621,1367469.38,EQNE
2010-08-30,181.7,181.7,169.99,174.0,125671,21883757.05,EQNE
2010-08-31,173.26,180.0,172.0,178.16,51889,9095480.71,EQNE
2010-09-01,182.0,185.0,177.47,181.99,72252,13104488.1,EQNE
2010-09-02,182.37,183.7,180.0,180.93,42080,7633916.4,EQNE
2010-09-03,180.02,184.0,177.57,184.0,59035,10691775.6,EQNE
2010-09-06,184.76,188.87,183.0,183.33,57986,10723643.87,EQNE
2010-09-07,184.61,184.61,181.0,182.29,17022,3098386.81,EQNE
2010-09-08,181.0,182.85,180.95,182.5,18739,3407273.25,EQNE
2010-09-09,183.07,184.07,181.5,182.39,24842,4530078.48,EQNE
2010-09-10,182.31,187.0,180.11,187.0,103697,19043587.97,EQNE
2010-09-13,187.78,191.01,185.26,186.0,110281,20675721.65,EQNE
2010-09-14,185.04,185.57,181.5,182.8,38918,7113165.04,EQNE
2010-09-15,186.65,186.65,181.21,182.8,7483,1366138.26,EQNE
2010-09-16,191.39,191.39,180.35,181.48,8935,1621582.67,EQNE
2010-09-17,181.98,182.95,180.48,180.61,35255,6417030.79,EQNE
2010-09-20,181.76,181.76,179.72,180.1,15223,2745450.14,EQNE
2010-09-21,180.89,181.0,179.01,180.39,16601,2994224.17,EQNE
2010-09-22,179.55,180.25,179.01,180.0,13210,2371972.99,EQNE
2010-09-23,180.0,180.0,177.77,178.2,18556,3315239.34,EQNE
2010-09-24,179.47,179.49,177.8,179.0,12084,2156425.91,EQNE
2010-09-27,179.99,181.9,178.02,179.0,30493,5483824.4,EQNE
2010-09-28,178.91,178.91,176.0,176.88,14707,2602264.75,EQNE
2010-09-29,177.47,178.91,175.83,176.76,22550,3997621.73,EQNE
2010-09-30,176.71,176.77,173.67,175.41,69706,12193622.41,EQNE
2010-10-01,175.4,176.0,173.5,173.9,58427,10190820.51,EQNE
2010-10-04,173.98,176.8,173.03,175.66,35550,6214505.14,EQNE
2010-10-05,176.78,176.78,173.6,174.89,20498,3576418.02,EQNE
2010-10-06,174.89,175.77,172.71,173.77,22509,3918506.82,EQNE
2010-10-07,174.04,174.89,171.78,172.0,43321,7510971.03,EQNE
2010-10-08,172.4,172.44,170.0,171.7,38857,6625180.96,EQNE
2010-10-11,171.98,173.32,170.55,171.5,14213,2435018.15,EQNE
2010-10-12,171.0,171.98,170.0,171.0,20978,3579795.4,EQNE
2010-10-13,172.0,172.79,170.51,171.35,31852,5464413.18,EQNE
2010-10-14,175.45,175.45,170.01,170.83,15648,2684716.87,EQNE
2010-10-15,170.09,170.5,165.11,167.97,53697,9006060.53,EQNE
2010-10-18,168.74,168.9,166.2,167.97,11334,1900773.94,EQNE
2010-10-19,167.23,169.65,165.18,166.59,22616,3791892.8,EQNE
2010-10-20,165.18,167.75,164.06,166.97,45810,7629718.57,EQNE
2010-10-21,166.98,167.37,165.32,166.65,36250,6030143.97,EQNE
2010-10-22,166.0,166.0,163.0,164.0,51946,8536389.58,EQNE
2010-10-25,165.27,165.27,160.75,162.6,22962,3748256.98,EQNE
2010-10-26,162.6,163.0,160.21,161.0,40174,6480955.57,EQNE
2010-10-27,161.0,163.0,160.12,160.51,12416,2005112.28,EQNE
2010-10-28,160.29,164.97,159.57,160.99,101583,16395473.34,EQNE
2010-10-29,161.01,181.7,161.01,179.98,474492,81602616.02,EQNE
2010-11-01,180.0,184.7,173.51,174.99,209099,37293353.87,EQNE
2010-11-02,175.31,175.97,171.12,174.67,60372,10476846.56,EQNE
2010-11-03,174.98,174.99,169.0,170.5,89331,15254131.74,EQNE
2010-11-08,171.14,173.9,171.01,173.9,36224,6230990.95,EQNE
2010-11-09,173.0,174.0,170.07,171.97,76864,13208490.3,EQNE
2010-11-10,172.0,172.38,170.03,170.56,26054,4445127.7,EQNE
2010-11-11,171.47,194.3,170.04,189.96,673250,126277061.92,EQNE
2010-11-12,188.69,191.9,181.15,183.0,66713,12314668.58,EQNE
2010-11-13,183.0,188.3,181.19,188.0,258222,48007717.68,EQNE
2010-11-15,188.14,192.0,185.11,186.02,38232,7151222.78,EQNE
2010-11-16,187.48,187.5,178.1,178.52,93839,17058898.89,EQNE
2010-11-17,179.55,180.35,175.35,179.99,77203,13738914.59,EQNE
2010-11-18,181.1,184.9,178.88,180.55,37922,6835460.58,EQNE
2010-11-19,180.55,182.2,179.0,180.29,24792,4474928.5,EQNE
2010-11-22,180.73,181.94,178.2,180.7,38163,6879048.35,EQNE
2010-11-23,180.95,181.95,177.78,180.24,14468,2593550.68,EQNE
2010-11-24,180.25,191.81,179.09,186.48,95668,17888849.54,EQNE
2010-11-25,187.01,187.88,183.25,185.7,45978,8502413.34,EQNE
2010-11-26,185.72,185.72,183.84,184.82,30463,5616844.13,EQNE
2010-11-29,184.82,184.84,182.26,183.27,22772,4166295.69,EQNE
2010-11-30,186.2,186.2,182.5,184.4,27394,5038285.36,EQNE
2010-12-01,184.99,185.74,184.03,184.99,9707,1791899.17,EQNE
2010-12-02,185.23,190.38,184.8,186.99,55778,10477261.7,EQNE
2010-12-03,203.12,203.12,181.0,184.44,113444,20810227.8,EQNE
2010-12-06,184.51,185.0,181.4,182.5,55463,10117618.14,EQNE
2010-12-07,183.0,183.86,181.2,182.58,32545,5939355.86,EQNE
2010-12-08,182.29,182.93,181.5,182.5,19068,3473144.88,EQNE
2010-12-09,182.75,182.75,181.5,182.1,14465,2629988.81,EQNE
2010-12-10,182.37,184.88,181.2,182.7,23215,4246425.15,EQNE
2010-12-13,183.08,186.77,182.5,183.49,25796,4742557.0,EQNE
2010-12-14,183.71,184.51,180.6,182.0,43045,7825725.44,EQNE
2010-12-15,182.87,182.88,180.0,181.0,13852,2505302.31,EQNE
2010-12-16,181.66,181.66,178.16,179.99,18761,3367601.96,EQNE
2010-12-17,180.25,181.89,178.5,179.21,24113,4337188.3,EQNE
2010-12-20,179.55,180.7,178.25,178.5,28798,5160909.92,EQNE
2010-12-21,180.0,180.2,178.14,180.11,21440,3843300.38,EQNE
2010-12-22,182.45,185.43,180.08,182.45,85350,15614597.75,EQNE
2010-12-23,182.65,183.37,179.0,180.25,58996,10686432.57,EQNE
2010-12-24,180.0,181.96,179.56,181.0,24171,4364841.08,EQNE
2010-12-27,181.66,181.8,179.6,180.94,10483,1887924.66,EQNE
2010-12-28,180.98,180.98,179.58,180.23,10944,1972060.1,EQNE
2010-12-29,179.71,180.0,177.77,178.61,30355,5420100.84,EQNE
2010-12-30,178.43,182.0,175.55,182.0,30175,5411620.82,EQNE
2011-01-11,182.0,182.0,178.0,180.52,79168,14304831.17,EQNE
2011-01-12,181.58,182.96,180.0,182.19,34468,6268551.42,EQNE
2011-01-13,183.06,183.06,179.0,179.98,24052,4353519.84,EQNE
2011-01-14,179.98,181.64,179.52,180.19,8660,1559686.49,EQNE
2011-01-17,180.02,180.8,179.08,180.8,12746,2302128.85,EQNE
2011-01-18,180.77,185.9,180.4,181.98,33950,6217640.17,EQNE
2011-01-19,181.99,182.0,179.5,181.83,34556,6251538.91,EQNE
2011-01-20,181.1,181.1,178.0,178.88,34113,6117510.78,EQNE
2011-01-21,178.93,180.29,177.01,179.46,7052,1256325.28,EQNE
2011-01-24,179.88,180.45,175.78,176.8,14573,2580048.76,EQNE
2011-01-25,176.91,179.9,171.12,177.69,29545,5223640.0,EQNE
2011-01-26,178.0,184.25,176.03,182.39,52403,9457710.32,EQNE
2011-01-27,181.68,182.98,178.76,179.22,39583,7142486.88,EQNE
2011-01-28,179.54,181.87,179.0,180.98,27416,4934597.64,EQNE
2011-01-31,180.1,180.1,177.5,177.85,6421,1145367.07,EQNE
2011-02-01,178.85,180.0,177.0,178.84,8034,1431163.73,EQNE
2011-02-02,178.85,180.59,177.11,178.16,12746,2278439.48,EQNE
2011-02-03,178.01,178.94,175.23,177.44,8537,1516007.2,EQNE
2011-02-04,178.16,179.75,175.0,176.78,8166,1441491.02,EQNE
2011-02-07,176.75,178.9,175.0,176.75,26205,4608690.21,EQNE
2011-02-08,176.75,181.0,175.03,176.09,36873,6527094.94,EQNE
2011-02-09,177.33,177.33,172.12,176.77,14570,2554252.46,EQNE
2011-02-10,176.0,176.76,171.12,171.98,21591,3721381.46,EQNE
2011-02-11,173.06,173.06,170.55,172.21,30913,5324918.19,EQNE
2011-02-14,172.91,173.83,170.0,171.8,13540,2325245.86,EQNE
2011-02-15,171.37,172.25,170.06,171.63,12958,2221202.91,EQNE
2011-02-16,172.12,172.17,165.12,169.65,31841,5395196.81,EQNE
2011-02-17,169.12,173.25,167.7,171.26,14946,2559648.29,EQNE
2011-02-18,171.36,173.5,165.3,166.97,66926,11304080.95,EQNE
2011-02-21,166.97,171.48,165.06,166.75,96400,16189579.14,EQNE
2011-02-22,166.1,166.79,163.54,164.68,17267,2837353.21,EQNE
2011-02-24,164.81,165.97,162.0,162.87,49021,8036377.83,EQNE
2011-02-25,162.9,166.99,161.33,165.27,18105,2950551.12,EQNE
2011-02-28,165.4,169.0,164.12,169.0,15866,2653253.65,EQNE
2011-03-01,169.0,171.0,167.94,169.5,6680,1132547.7,EQNE
2011-03-02,168.0,168.0,164.0,165.5,20240,3351996.6,EQNE
2011-03-03,166.74,167.89,165.58,167.89,6180,1031901.5,EQNE
2011-03-04,167.89,169.0,163.19,163.54,5880,977769.0,EQNE
2011-03-05,164.0,166.02,163.04,164.76,12340,2031416.0,EQNE
2011-03-09,164.81,165.98,160.65,162.26,17060,2782819.7,EQNE
2011-03-10,162.27,165.49,159.0,159.92,21750,3510825.7,EQNE
2011-03-11,159.0,159.65,156.04,157.18,13400,2112762.3,EQNE
2011-03-14,161.0,161.0,153.18,156.07,10030,1567127.8,EQNE
2011-03-15,151.5,157.0,143.24,145.5,35630,5272407.5,EQNE
2011-03-16,144.03,148.89,143.0,143.79,29650,4309038.3,EQNE
2011-03-17,145.0,147.99,143.0,147.98,9930,1435804.3,EQNE
2011-03-18,144.81,149.78,144.81,148.0,7030,1041357.7,EQNE
2011-03-21,142.81,154.87,142.81,151.98,6170,930356.6,EQNE
2011-03-22,152.84,153.0,149.26,152.12,7360,1117147.5,EQNE
2011-03-23,151.01,153.72,149.0,152.12,12520,1888836.6,EQNE
2011-03-24,152.0,153.5,150.6,152.23,12020,1830983.8,EQNE
2011-03-25,151.01,154.9,151.01,152.72,14380,2196050.8,EQNE
2011-03-28,153.09,154.49,149.03,153.08,6780,1033544.8,EQNE
2011-03-29,152.03,153.69,151.07,153.3,13410,2045288.4,EQNE
2011-03-30,153.0,157.9,153.0,156.7,7880,1231045.0,EQNE
2011-03-31,156.08,157.07,149.0,156.86,46240,7077969.1,EQNE
2011-04-01,154.86,157.07,152.02,155.94,19220,2984904.3,EQNE
2011-04-04,155.54,158.97,154.05,154.8,7750,1205794.8,EQNE
2011-04-05,158.0,158.0,152.1,153.48,11080,1697884.2,EQNE
2011-04-06,153.65,155.39,153.07,154.99,5230,806407.3,EQNE
2011-04-07,154.26,155.0,150.33,152.4,17470,2660057.5,EQNE
2011-04-08,153.66,153.96,150.0,151.0,7340,1107126.8,EQNE
2011-04-11,151.11,153.96,149.5,150.0,6770,1021923.2,EQNE
2011-04-12,150.63,150.63,144.85,144.85,19970,2919608.0,EQNE
2011-04-13,144.85,146.68,142.0,144.02,18860,2718348.0,EQNE
2011-04-14,143.01,146.3,141.85,142.62,6050,865950.3,EQNE
2011-04-15,142.01,146.0,141.74,143.46,10350,1482430.1,EQNE
2011-04-18,145.89,147.0,136.8,136.8,12130,1700541.0,EQNE
2011-04-19,138.99,139.11,131.13,137.0,33310,4496918.2,EQNE
2011-04-20,138.99,138.99,135.2,137.28,11730,1612265.1,EQNE
2011-04-21,138.33,140.0,135.68,135.68,15420,2115165.1,EQNE
2011-04-22,136.73,139.68,135.0,138.5,19280,2647188.1,EQNE
2011-04-25,138.0,139.95,135.18,135.22,21070,2891541.5,EQNE
2011-04-26,135.15,136.0,130.3,134.99,25610,3438089.9,EQNE
2011-04-27,134.99,135.4,129.8,129.99,35350,4614633.1,EQNE
2011-04-28,132.43,132.43,127.0,128.99,60350,7809534.3,EQNE
2011-04-29,128.05,137.0,122.03,137.0,49890,6309525.5,EQNE
2011-05-03,131.5,132.01,126.6,127.6,22580,2935717.7,EQNE
2011-05-04,124.1,133.0,124.1,125.61,22300,2875192.5,EQNE
2011-05-05,131.21,131.21,124.2,127.46,25570,3239129.8,EQNE
2011-05-06,125.82,131.0,125.17,130.98,14250,1832298.7,EQNE
2011-05-10,130.49,132.6,126.24,131.51,10830,1399962.2,EQNE
2011-05-11,131.0,132.42,127.02,127.02,4540,587203.4,EQNE
2011-05-12,127.0,127.97,124.02,126.74,9130,1143652.1,EQNE
2011-05-13,126.77,132.49,125.0,127.81,3420,435126.2,EQNE
2011-05-16,128.19,128.4,124.03,126.39,5650,714288.1,EQNE
2011-05-17,128.0,129.28,125.0,128.0,18760,2386909.8,EQNE
2011-05-18,127.99,129.0,125.44,125.82,4470,564943.2,EQNE
2011-05-19,126.02,127.92,125.0,127.0,6400,807418.8,EQNE
2011-05-20,126.55,128.88,125.5,126.19,9730,1234280.6,EQNE
2011-05-23,126.19,127.99,123.0,124.09,4160,517112.3,EQNE
2011-05-24,123.21,127.98,123.2,127.49,10150,1270750.5,EQNE
2011-05-25,125.03,127.35,124.5,127.0,8270,1036072.3,EQNE
2011-05-26,127.33,129.0,124.5,126.31,8530,1078403.1,EQNE
2011-05-27,125.92,127.55,125.55,127.55,2540,320507.2,EQNE
2011-05-30,128.0,128.99,126.26,127.91,6210,794034.9,EQNE
2011-05-31,128.97,131.98,128.12,128.97,5070,656251.9,EQNE
2011-06-01,128.59,130.59,126.26,128.99,9900,1265363.4,EQNE
2011-06-02,126.27,128.25,126.26,127.12,1720,218587.8,EQNE
2011-06-03,126.99,128.1,126.01,128.0,10020,1276251.0,EQNE
2011-06-06,126.93,128.26,126.74,127.7,2410,307832.0,EQNE
2011-06-07,127.01,131.0,127.01,130.33,8320,1077452.9,EQNE
2011-06-08,129.5,130.89,128.9,129.98,3170,410046.7,EQNE
2011-06-09,130.49,132.0,129.0,130.48,12480,1626052.7,EQNE
2011-06-10,129.6,132.5,129.6,130.44,12450,1640294.3,EQNE
2011-06-14,130.49,131.98,129.43,131.55,7470,973425.0,EQNE
2011-06-15,131.0,131.99,129.43,129.7,4900,640488.5,EQNE
2011-06-16,129.0,131.0,123.11,129.19,5290,676955.0,EQNE
2011-06-17,128.98,129.0,126.5,128.09,11930,1526944.1,EQNE
2011-06-20,128.0,128.0,126.54,127.0,5290,674678.1,EQNE
2011-06-21,127.46,130.97,127.0,127.75,6090,780205.8,EQNE
2011-06-22,127.75,129.0,125.99,127.47,10400,1316647.8,EQNE
2011-06-23,127.97,128.47,126.0,126.33,59830,7647604.2,EQNE
2011-06-24,127.27,127.47,126.0,126.0,8950,1135376.8,EQNE
2011-06-27,126.0,127.47,123.63,124.61,22610,2820834.5,EQNE
2011-06-28,125.02,127.0,123.68,126.45,13080,1641004.5,EQNE
2011-06-29,127.0,127.79,125.0,127.79,9180,1155536.0,EQNE
2011-06-30,127.97,127.98,125.15,126.28,4240,534987.8,EQNE
2011-07-01,126.48,126.98,124.05,125.65,7990,1003686.9,EQNE
2011-07-04,125.51,128.59,124.6,126.48,26330,3309949.2,EQNE
2011-07-05,126.48,127.0,124.9,126.5,13050,1640418.7,EQNE
2011-07-06,126.98,127.92,125.36,126.93,4280,542666.5,EQNE
2011-07-07,126.97,130.0,126.97,130.0,10070,1289363.8,EQNE
2011-07-08,128.49,129.9,127.05,128.71,25340,3251365.8,EQNE
2011-07-11,125.88,128.9,125.88,128.07,5090,653614.5,EQNE
2011-07-12,127.97,127.97,125.9,126.98,5630,713831.8,EQNE
2011-07-13,127.47,127.8,126.5,127.37,4220,536673.7,EQNE
2011-07-14,127.0,128.76,126.63,127.0,10170,1293427.2,EQNE
2011-07-15,127.69,128.66,127.0,127.83,5050,644483.7,EQNE
2011-07-18,126.7,128.89,126.68,127.03,6340,806823.8,EQNE
2011-07-19,127.05,127.43,126.02,127.4,3630,460438.5,EQNE
2011-07-20,127.47,129.5,125.01,128.47,11170,1430439.9,EQNE
2011-07-21,127.98,129.0,127.04,129.0,6420,826133.4,EQNE
2011-07-22,129.3,129.5,128.0,128.07,9370,1203859.5,EQNE
2011-07-25,127.97,127.97,127.04,127.78,1300,165475.3,EQNE
2011-07-26,127.96,129.0,127.51,128.03,20700,2650789.2,EQNE
2011-07-27,128.0,128.22,126.04,126.5,2900,369052.6,EQNE
2011-07-28,126.95,127.96,126.0,127.96,2440,310194.2,EQNE
2011-07-29,127.97,128.0,125.21,126.29,2740,347777.5,EQNE
2011-08-01,126.75,134.97,126.75,127.96,4850,626534.9,EQNE
2011-08-02,127.51,127.6,126.53,127.5,8460,1072696.9,EQNE
2011-08-03,126.98,126.98,124.61,125.55,16280,2054680.9,EQNE
2011-08-04,126.0,126.38,120.0,123.09,29690,3675369.9,EQNE
2011-08-05,120.05,120.05,114.0,115.89,47400,5488446.9,EQNE
2011-08-08,110.0,115.79,104.06,104.06,32160,3563281.2,EQNE
2011-08-09,95.25,108.92,90.21,99.5,83950,8084241.5,EQNE
2011-08-10,106.16,106.16,90.15,93.0,38180,3666356.1,EQNE
2011-08-11,93.73,98.5,84.0,91.0,18250,1674657.6,EQNE
2011-08-12,91.21,95.99,90.5,94.2,11620,1076935.8,EQNE
2011-08-15,94.83,98.0,93.05,97.0,23480,2257918.2,EQNE
2011-08-16,96.69,96.69,94.5,95.57,3150,299588.4,EQNE
2011-08-17,95.2,98.0,94.0,97.82,13060,1256831.9,EQNE
2011-08-18,97.82,99.87,92.22,94.45,14800,1419976.4,EQNE
2011-08-19,94.43,94.46,89.57,94.46,11590,1067430.9,EQNE
2011-08-22,93.73,97.98,90.22,97.8,3400,324944.1,EQNE
2011-08-23,97.83,100.4,95.84,97.8,12950,1290840.6,EQNE
2011-08-24,96.96,98.5,93.1,98.5,16070,1532517.0,EQNE
2011-08-25,99.7,99.7,95.0,96.68,6810,661390.2,EQNE
2011-08-26,96.69,96.69,93.35,95.0,7840,741720.3,EQNE
2011-08-29,95.97,99.5,95.0,98.59,14320,1390851.4,EQNE
2011-08-30,98.59,101.0,96.25,101.0,8160,797814.5,EQNE
2011-08-31,99.37,104.99,99.04,102.21,7490,761771.8,EQNE
2011-09-01,101.03,107.98,98.0,102.0,22270,2243626.0,EQNE
2011-09-02,101.0,102.0,98.14,99.47,12130,1214770.1,EQNE
2011-09-05,101.56,101.71,96.73,98.88,6300,628501.4,EQNE
2011-09-06,98.97,104.12,96.04,98.59,22280,2219526.7,EQNE
2011-09-07,98.97,105.09,98.97,102.38,19630,2014549.1,EQNE
2011-09-08,102.52,106.63,102.2,105.23,18690,1950233.2,EQNE
2011-09-09,105.0,105.74,102.81,103.99,2270,236431.4,EQNE
2011-09-12,101.8,103.31,98.51,103.31,5420,545152.5,EQNE
2011-09-13,102.91,103.0,101.76,102.51,960,98311.4,EQNE
2011-09-14,102.91,124.99,98.5,105.7,20320,2154768.8,EQNE
2011-09-15,105.75,113.76,105.75,109.44,6970,762297.6,EQNE
2011-09-16,110.0,110.0,105.5,106.55,10970,1162377.1,EQNE
2011-09-19,106.57,112.0,106.0,107.0,54310,5817698.6,EQNE
2011-09-20,107.79,110.84,107.79,108.11,11350,1238409.1,EQNE
2011-09-21,108.3,109.3,105.77,105.77,5260,562972.3,EQNE
2011-09-22,101.34,105.21,96.02,96.13,22490,2227855.5,EQNE
2011-09-23,98.01,101.0,88.07,93.73,22200,2066373.1,EQNE
2011-09-26,93.37,94.47,82.58,92.28,19930,1799999.1,EQNE
2011-09-27,92.64,98.96,92.3,95.49,19930,1893919.3,EQNE
2011-09-28,97.75,97.75,92.0,93.5,9840,940717.9,EQNE
2011-09-29,94.83,94.83,90.01,92.04,4460,410702.1,EQNE
2011-09-30,92.64,93.3,88.12,89.0,12800,1145239.5,EQNE
2011-10-03,89.0,89.79,85.0,88.0,37250,3225949.0,EQNE
2011-10-04,85.08,89.7,80.11,82.48,28680,2449589.1,EQNE
2011-10-05,84.0,87.5,81.17,83.2,20010,1682157.6,EQNE
2011-10-06,83.0,87.0,82.7,86.98,15800,1352909.1,EQNE
2011-10-07,85.02,95.0,85.02,87.71,12530,1096171.0,EQNE
2011-10-10,87.73,90.0,87.01,89.01,30740,2744561.5,EQNE
2011-10-11,87.02,89.9,86.56,87.0,10790,949834.8,EQNE
2011-10-12,86.1,90.0,85.9,89.0,36180,3196717.4,EQNE
2011-10-13,86.7,89.8,86.6,87.51,13620,1199481.3,EQNE
2011-10-14,88.12,96.94,87.0,91.57,21840,1962925.5,EQNE
2011-10-17,88.02,95.0,88.02,90.48,22450,2059162.4,EQNE
2011-10-18,93.0,93.0,88.0,90.82,10950,980641.3,EQNE
2011-10-19,90.86,92.3,89.39,90.48,11750,1066458.3,EQNE
2011-10-20,90.0,90.81,88.02,90.81,8020,716158.1,EQNE
2011-10-21,90.86,90.89,88.77,89.49,11630,1041974.9,EQNE
2011-10-24,89.14,90.99,84.01,89.11,25560,2251518.1,EQNE
2011-10-25,88.88,90.0,88.0,88.41,8370,740797.2,EQNE
2011-10-26,88.0,90.0,88.0,88.22,6840,609845.3,EQNE
2011-10-27,88.75,95.0,88.75,92.65,17050,1588107.8,EQNE
2011-10-28,93.37,96.0,90.76,92.64,13360,1264321.0,EQNE
2011-10-31,92.28,92.97,91.0,91.61,6070,557342.0,EQNE
2011-11-01,92.0,92.02,88.0,88.99,11530,1030156.4,EQNE
2011-11-02,89.0,91.98,86.07,89.07,17710,1579248.6,EQNE
2011-11-03,91.0,91.0,86.0,88.61,10630,929620.0,EQNE
2011-11-07,87.05,89.99,87.05,89.0,4000,354798.4,EQNE
2011-11-08,90.0,92.28,90.0,90.53,6480,593435.1,EQNE
2011-11-09,91.2,92.9,88.61,89.0,6330,569513.5,EQNE
2011-11-10,87.01,89.45,86.08,87.6,6570,573731.1,EQNE
2011-11-11,88.07,88.41,86.51,87.0,11390,991455.6,EQNE
2011-11-14,87.39,90.18,86.54,87.43,6210,541844.1,EQNE
2011-11-15,87.72,95.0,86.64,89.11,21770,1962986.8,EQNE
2011-11-16,89.45,89.45,87.2,87.64,3530,310070.1,EQNE
2011-11-17,94.01,94.01,84.34,86.99,11410,982053.5,EQNE
2011-11-18,84.03,85.51,84.0,85.51,7170,608819.9,EQNE
2011-11-21,86.99,86.99,83.02,83.97,10200,872138.4,EQNE
2011-11-22,87.3,87.3,82.27,83.52,5180,434078.1,EQNE
2011-11-23,84.54,84.54,81.13,83.98,2800,231399.1,EQNE
2011-11-24,83.99,85.0,83.3,83.3,4290,360623.3,EQNE
2011-11-25,82.24,82.78,80.0,81.9,4930,400423.3,EQNE
2011-11-28,82.61,84.4,82.6,84.37,2680,224347.4,EQNE
2011-11-29,84.4,86.0,81.33,84.03,14710,1241054.4,EQNE
2011-11-30,85.86,86.0,82.45,86.0,9310,789163.8,EQNE
2011-12-01,86.0,89.9,85.41,86.0,1540,133071.8,EQNE
2011-12-02,85.01,89.99,84.0,87.14,11530,988493.8,EQNE
2011-12-05,87.37,87.37,85.1,86.1,3070,265133.2,EQNE
2011-12-06,86.31,86.31,84.6,84.6,7190,611719.7,EQNE
2011-12-07,86.0,94.76,84.65,85.56,17060,1470481.5,EQNE
2011-12-08,85.92,89.0,85.92,86.37,5740,496761.0,EQNE
2011-12-09,86.35,86.35,80.72,83.55,31560,2629951.4,EQNE
2011-12-12,85.39,85.39,79.01,79.89,13200,1072630.5,EQNE
2011-12-13,89.84,89.84,75.09,79.99,25310,1962812.3,EQNE
2011-12-14,78.3,81.46,76.04,78.3,6020,474947.7,EQNE
2011-12-15,74.5,79.98,74.5,79.74,4740,370193.4,EQNE
2011-12-16,79.68,81.0,76.76,80.0,135390,10570180.7,EQNE
2011-12-19,80.99,82.2,77.06,78.0,5070,395693.5,EQNE
2011-12-20,80.8,80.8,74.01,77.89,15580,1181707.3,EQNE
2011-12-21,77.26,77.99,75.81,76.64,1040,79650.5,EQNE
2011-12-22,77.52,78.1,72.04,73.49,19510,1438001.4,EQNE
2011-12-23,73.04,73.82,71.23,73.5,12190,888040.0,EQNE
2011-12-26,71.55,75.35,71.55,72.51,9570,698333.7,EQNE
2011-12-27,71.75,72.28,71.12,71.54,13940,999027.3,EQNE
2011-12-28,73.16,73.22,70.77,71.0,11190,796282.5,EQNE
2011-12-29,72.34,72.34,68.07,69.0,26820,1873901.1,EQNE
2011-12-30,69.01,72.42,69.01,70.0,6020,423454.1,EQNE
2012-01-03,72.17,72.17,67.61,72.17,5090,361006.8,EQNE
2012-01-04,72.0,72.0,70.71,71.0,4010,284936.0,EQNE
2012-01-05,71.49,72.49,70.3,71.54,6070,432991.7,EQNE
2012-01-06,71.58,71.58,70.73,71.2,1660,118223.2,EQNE
2012-01-09,71.75,72.0,70.21,71.0,1900,135491.4,EQNE
2012-01-10,71.97,73.25,71.7,72.5,6230,450840.0,EQNE
2012-01-11,72.33,72.51,71.55,71.55,1140,81941.5,EQNE
2012-01-12,72.51,73.5,71.08,73.5,6240,451808.8,EQNE
2012-01-13,73.25,78.0,72.49,73.65,19200,1423898.5,EQNE
2012-01-16,73.0,75.25,73.0,75.24,6200,458810.8,EQNE
2012-01-17,75.23,76.5,75.0,75.25,5710,431864.0,EQNE
2012-01-18,74.35,75.0,73.71,75.0,7880,584512.9,EQNE
2012-01-19,75.25,75.75,73.51,74.38,8720,652048.2,EQNE
2012-01-20,75.5,75.5,73.26,73.51,2300,170409.2,EQNE
2012-01-23,73.51,74.97,73.51,74.97,740,54929.1,EQNE
2012-01-24,73.89,75.5,73.63,74.8,5780,429811.2,EQNE
2012-01-25,74.01,74.8,74.01,74.4,1700,126779.9,EQNE
2012-01-26,75.0,76.0,74.3,75.99,5020,376697.0,EQNE
2012-01-27,75.89,77.25,73.2,73.55,33640,2544416.4,EQNE
2012-01-30,73.81,74.1,72.51,73.3,8770,641795.6,EQNE
2012-01-31,73.32,75.45,73.3,75.0,11470,855359.0,EQNE
2012-02-01,75.44,79.87,74.89,77.42,26900,2088038.7,EQNE
2012-02-02,79.89,79.89,77.5,78.0,8820,689709.1,EQNE
2012-02-03,78.4,79.28,77.62,78.25,11300,885960.0,EQNE
2012-02-06,78.98,80.0,78.0,78.8,16750,1323138.7,EQNE
2012-02-07,78.99,80.25,77.06,77.5,9100,710645.4,EQNE
2012-02-08,78.09,79.0,77.77,78.28,17140,1341932.4,EQNE
2012-02-09,78.89,79.5,77.01,77.44,31010,2443404.1,EQNE
2012-02-10,77.44,78.32,76.43,77.3,10370,798472.3,EQNE
2012-02-13,78.0,78.0,76.09,77.98,3260,252369.2,EQNE
2012-02-14,77.99,78.25,77.08,78.19,4410,343414.6,EQNE
2012-02-15,77.5,78.98,77.5,78.97,6130,481143.9,EQNE
2012-02-16,78.14,78.86,78.0,78.86,950,74364.2,EQNE
2012-02-17,79.0,79.0,77.67,78.98,12370,973452.2,EQNE
2012-02-20,79.0,81.99,77.5,77.89,50950,4017267.2,EQNE
2012-02-21,77.39,78.99,77.3,78.49,21690,1692677.2,EQNE
2012-02-22,78.5,78.73,77.31,77.97,3890,303987.7,EQNE
2012-02-24,77.26,78.69,76.03,76.8,20530,1583117.7,EQNE
2012-02-27,77.21,77.21,75.26,76.26,26670,2028843.8,EQNE
2012-02-28,77.0,77.0,74.6,75.66,13430,1019312.3,EQNE
2012-02-29,76.02,76.02,75.28,75.97,7240,547688.9,EQNE
2012-03-01,76.49,76.49,73.58,75.9,18580,1384446.8,EQNE
2012-03-02,74.17,75.99,73.2,73.99,35530,2638847.1,EQNE
2012-03-05,73.02,75.5,71.71,74.99,9020,671902.7,EQNE
2012-03-06,74.99,75.0,70.01,71.68,39890,2877892.0,EQNE
2012-03-07,72.23,72.67,70.81,71.99,209560,15085133.5,EQNE
2012-03-11,73.0,73.0,71.9,72.33,33870,2442676.5,EQNE
2012-03-12,71.8,72.41,71.52,71.98,5800,416481.6,EQNE
2012-03-13,72.5,73.4,71.59,72.0,16140,1163777.7,EQNE
2012-03-14,72.7,72.7,70.57,71.18,26040,1856821.2,EQNE
2012-03-15,72.06,72.42,70.86,71.53,24570,1763431.1,EQNE
2012-03-16,71.9,72.55,71.2,71.92,23610,1699542.0,EQNE
2012-03-19,71.92,72.45,70.5,70.55,25770,1832794.4,EQNE
2012-03-20,70.82,71.38,69.56,69.85,16700,1174234.3,EQNE
2012-03-21,70.55,70.95,68.54,68.99,13290,924099.5,EQNE
2012-03-22,70.0,70.74,67.67,68.54,8240,569104.7,EQNE
2012-03-23,69.0,70.7,68.14,68.35,28640,1976845.1,EQNE
2012-03-26,69.56,70.0,68.73,68.89,9760,675709.1,EQNE
2012-03-27,69.83,70.0,68.69,69.39,9420,652272.0,EQNE
2012-03-28,69.84,69.84,67.15,67.96,18490,1266092.5,EQNE
2012-03-29,67.53,68.6,66.66,66.75,16680,1120773.3,EQNE
2012-03-30,67.84,71.0,66.75,71.0,25690,1773949.2,EQNE
2012-04-02,71.1,72.0,69.0,69.24,14120,985379.4,EQNE
2012-04-03,69.81,70.5,68.87,69.52,3830,266413.5,EQNE
2012-04-04,69.04,70.5,67.73,69.66,14220,984995.8,EQNE
2012-04-05,70.27,70.32,68.35,69.37,17500,1214567.8,EQNE
2012-04-06,69.93,69.99,68.8,69.95,11240,779201.2,EQNE
2012-04-09,72.0,97.65,72.0,97.65,886450,74584047.2,EQNE
2012-04-10,114.5,136.7,105.12,130.76,2382910,305161252.9,EQNE
2012-04-11,131.0,137.94,125.02,131.93,441420,57680359.8,EQNE
2012-04-12,132.5,132.5,128.0,128.5,142930,18326486.0,EQNE
2012-04-13,128.04,136.75,122.3,135.5,230520,29684973.4,EQNE
2012-04-16,135.07,146.0,130.26,140.0,342410,48515569.5,EQNE
2012-04-17,141.05,141.99,138.0,139.39,124540,17343679.4,EQNE
2012-04-18,139.0,140.5,137.5,138.0,43370,5988296.8,EQNE
2012-04-19,139.29,139.29,126.21,127.99,345300,45735159.8,EQNE
2012-04-20,128.89,128.89,108.09,114.48,290090,34256278.9,EQNE
2012-04-23,115.03,120.0,110.0,111.98,129660,14745775.0,EQNE
2012-04-24,114.76,116.48,106.4,114.5,73800,8256197.8,EQNE
2012-04-25,115.01,116.77,111.13,116.58,28290,3234575.0,EQNE
2012-04-26,115.02,115.35,112.7,112.9,29910,3396505.2,EQNE
2012-04-27,112.01,137.0,109.19,133.87,319360,41221118.6,EQNE
2012-04-28,136.09,137.5,129.0,129.0,41400,5465086.9,EQNE
2012-05-02,136.1,136.2,126.0,130.0,35560,4642116.1,EQNE
2012-05-03,130.49,133.88,130.0,130.2,48200,6346977.5,EQNE
2012-05-04,131.0,131.4,130.0,131.09,39760,5179321.6,EQNE
2012-05-05,130.32,133.32,129.31,130.51,7290,952206.8,EQNE
2012-05-07,130.0,130.0,129.98,129.98,2460,319763.5,EQNE
2012-05-08,130.47,130.9,126.1,130.9,300,38901.2,EQNE
2012-05-10,129.95,130.0,127.08,129.31,8700,1127242.4,EQNE
2012-05-11,129.57,129.57,107.0,116.73,157450,17900553.3,EQNE
2012-05-12,116.0,117.0,111.53,114.52,12100,1385695.1,EQNE
2012-05-14,112.03,115.9,111.03,115.39,17480,1991426.5,EQNE
2012-05-15,113.04,117.84,112.55,117.77,22980,2653711.0,EQNE
2012-05-16,117.49,117.49,110.95,113.79,13720,1558750.9,EQNE
2012-05-17,115.42,115.42,107.0,111.99,36610,4021162.3,EQNE
2012-05-18,108.81,109.02,100.0,104.37,46000,4871700.1,EQNE
2012-05-21,105.0,107.73,100.12,103.1,7590,783014.7,EQNE
2012-05-22,103.36,109.99,102.99,107.81,10170,1058975.6,EQNE
2012-05-23,104.22,116.0,104.21,107.5,104100,11146342.8,EQNE
2012-05-24,103.62,113.43,103.61,106.5,6440,690904.3,EQNE
2012-05-25,108.01,110.0,108.0,109.99,15510,1690085.3,EQNE
2012-05-28,110.99,113.8,109.24,110.0,5480,603336.8,EQNE
2012-05-29,110.34,114.93,109.61,111.52,7400,822980.9,EQNE
2012-05-30,110.31,113.64,110.01,112.01,11660,1296255.8,EQNE
2012-05-31,110.33,114.83,110.33,111.9,4700,530236.3,EQNE
2012-06-01,122.34,122.34,111.9,111.9,8520,954793.5,EQNE
2012-06-04,114.95,114.95,111.6,112.85,7410,834481.9,EQNE
2012-06-05,113.93,114.91,112.29,114.91,6080,694243.5,EQNE
2012-06-06,116.0,125.9,115.51,118.0,26720,3242640.3,EQNE
2012-06-07,120.26,121.0,114.55,116.0,17460,2022170.7,EQNE
2012-06-08,116.0,116.0,113.2,114.0,25960,2961819.8,EQNE
2012-06-09,114.72,114.72,113.12,114.0,10610,1209526.0,EQNE
2012-06-13,114.9,115.0,109.99,109.99,22060,2477730.6,EQNE
2012-06-14,111.68,111.68,102.28,105.0,20320,2143144.9,EQNE
2012-06-15,105.0,107.0,103.05,105.0,10040,1052148.9,EQNE
2012-06-18,108.0,108.9,103.77,105.0,5160,543681.7,EQNE
2012-06-19,104.01,105.99,90.37,93.02,65830,6348789.5,EQNE
2012-06-20,94.86,107.99,86.42,101.42,53190,5382637.6,EQNE
2012-06-21,100.01,105.5,97.05,103.7,13990,1443468.4,EQNE
2012-06-22,100.31,105.28,100.31,102.0,39200,4005802.2,EQNE
2012-06-25,100.01,105.0,99.68,103.31,17560,1812137.0,EQNE
2012-06-26,104.89,108.0,103.32,104.15,20580,2151593.2,EQNE
2012-06-27,105.0,105.0,103.5,104.6,4390,458141.3,EQNE
2012-06-28,105.99,106.0,104.0,105.0,6690,698800.4,EQNE
2012-06-29,107.98,125.8,104.0,123.55,108740,12597830.8,EQNE
2012-07-02,115.0,115.0,108.0,108.49,42900,4801475.0,EQNE
2012-07-03,109.0,114.97,107.21,112.0,181590,19698862.0,EQNE
2012-07-04,110.01,111.97,104.74,105.0,33120,3514304.0,EQNE
2012-07-05,106.99,115.0,103.01,106.01,38430,4123918.7,EQNE
2012-07-06,111.45,111.45,104.1,106.48,650,68918.7,EQNE
2012-07-09,100.01,106.45,99.0,105.01,15990,1630681.6,EQNE
2012-07-10,103.59,107.99,103.2,107.99,9000,951432.7,EQNE
2012-07-11,106.7,109.0,106.0,108.95,12560,1361828.1,EQNE
2012-07-12,109.99,109.99,106.52,109.0,1430,153991.3,EQNE
2012-07-13,109.41,109.48,106.3,109.46,240,25629.9,EQNE
2012-07-16,109.46,109.46,106.03,106.03,30,3215.2,EQNE
2012-07-17,106.54,108.75,106.54,108.75,200,21619.2,EQNE
2012-07-18,108.0,108.0,106.0,106.0,2590,279270.2,EQNE
2012-07-19,109.0,112.46,107.2,112.32,27150,2961879.4,EQNE
2012-07-20,108.0,117.98,106.71,114.6,16300,1850116.3,EQNE
2012-07-23,112.01,114.0,106.17,109.0,14430,1578615.1,EQNE
2012-07-24,107.0,112.13,105.14,111.77,14970,1644011.1,EQNE
2012-07-25,111.67,111.67,110.0,110.9,4990,549025.1,EQNE
2012-07-26,114.0,114.0,106.0,109.43,1580,170333.0,EQNE
2012-07-27,107.01,110.78,105.95,110.0,23300,2520633.8,EQNE
2012-07-30,113.99,113.99,110.03,111.98,200,22431.1,EQNE
2012-07-31,110.39,110.94,110.15,110.15,1960,216074.5,EQNE
2012-08-01,111.01,111.01,106.0,110.01,6030,655258.2,EQNE
2012-08-02,109.4,112.0,108.51,112.0,15200,1665384.9,EQNE
2012-08-03,113.0,113.0,110.05,112.7,240,26964.8,EQNE
2012-08-06,108.47,113.98,108.47,111.0,1660,186768.8,EQNE
2012-08-07,110.05,112.7,110.0,111.67,4120,454442.2,EQNE
2012-08-08,110.11,112.56,110.0,110.01,2540,279501.0,EQNE
2012-08-09,110.43,111.06,110.25,110.5,1880,207715.9,EQNE
2012-08-10,109.58,110.49,109.5,110.0,5040,552272.0,EQNE
2012-08-13,112.07,112.07,111.48,111.49,320,35681.8,EQNE
2012-08-14,109.04,112.07,109.0,111.0,3860,426100.4,EQNE
2012-08-15,109.8,111.68,108.0,108.21,11540,1254467.5,EQNE
2012-08-16,109.99,111.5,109.99,110.0,2450,269584.7,EQNE
2012-08-17,111.0,111.0,110.0,110.0,1520,167406.0,EQNE
2012-08-20,110.0,110.9,110.0,110.8,2080,229749.4,EQNE
2012-08-21,110.02,110.9,109.89,110.5,8020,882458.9,EQNE
2012-08-22,109.01,110.1,109.01,110.1,500,54860.0,EQNE
2012-08-23,109.01,110.94,109.0,110.43,3280,358620.2,EQNE
2012-08-24,109.99,110.0,109.0,110.0,6300,692244.0,EQNE
2012-08-27,110.0,110.0,109.0,109.4,5320,584285.7,EQNE
2012-08-28,109.01,110.0,109.01,110.0,4340,477208.6,EQNE
2012-08-29,109.89,110.1,109.47,109.8,6050,664714.0,EQNE
2012-08-30,110.99,110.99,109.06,110.63,1520,165936.9,EQNE
2012-08-31,110.87,110.87,109.25,109.26,370,40438.8,EQNE
2012-09-03,109.0,110.0,108.9,109.99,2630,287920.6,EQNE
2012-09-04,109.93,109.97,109.03,109.97,900,98243.6,EQNE
2012-09-05,109.97,109.97,108.0,109.96,1720,186914.4,EQNE
2012-09-06,109.93,113.0,108.48,110.0,4050,453729.7,EQNE
2012-09-07,111.99,112.0,110.11,110.11,3850,430916.1,EQNE
2012-09-10,110.12,111.75,110.11,110.3,460,50780.6,EQNE
2012-09-11,112.45,112.45,109.05,110.0,44130,4851252.8,EQNE
2012-09-12,111.89,111.89,109.3,110.0,25290,2780966.8,EQNE
2012-09-13,109.3,110.04,109.28,110.03,2950,324052.5,EQNE
2012-09-14,112.0,112.0,109.4,110.0,5820,642113.0,EQNE
2012-09-17,111.01,111.5,109.52,111.5,16010,1773037.0,EQNE
2012-09-18,111.49,111.51,109.99,111.0,17210,1897610.3,EQNE
2012-09-19,110.0,110.0,109.28,110.0,1410,155090.8,EQNE
2012-09-20,109.04,109.07,109.04,109.07,50,5452.3,EQNE
2012-09-21,113.99,121.94,112.0,112.0,60780,7090934.3,EQNE
2012-09-24,111.21,116.93,111.21,115.3,40430,4644497.8,EQNE
2012-09-25,116.93,116.93,114.27,114.5,2020,232280.7,EQNE
2012-09-26,114.0,121.8,113.33,116.26,48500,5773163.9,EQNE
2012-09-27,119.35,125.0,119.06,122.45,28480,3496285.7,EQNE
2012-09-28,121.22,124.0,118.07,123.96,16060,1974936.1,EQNE
2012-10-01,123.18,130.2,123.18,128.1,32830,4227466.2,EQNE
2012-10-02,127.95,130.2,125.0,127.96,6770,862803.8,EQNE
2012-10-03,126.8,126.8,123.22,123.51,17370,2156789.7,EQNE
2012-10-04,123.51,124.98,121.23,124.96,9390,1150280.3,EQNE
2012-10-05,127.22,127.22,123.5,123.5,3460,428842.7,EQNE
2012-10-08,123.51,126.07,123.5,125.0,13550,1692199.9,EQNE
2012-10-09,123.24,124.82,115.31,124.82,1090,130891.2,EQNE
2012-10-10,124.02,127.1,124.0,127.0,10130,1269026.5,EQNE
2012-10-11,127.2,127.2,124.5,124.5,12930,1625240.9,EQNE
2012-10-12,124.01,124.01,122.96,123.5,1790,220398.8,EQNE
2012-10-15,123.21,124.0,123.05,123.05,580,71526.8,EQNE
2012-10-16,122.08,125.99,122.03,124.99,1070,132876.2,EQNE
2012-10-17,123.38,124.99,123.37,124.0,490,60661.7,EQNE
2012-10-18,124.81,124.81,120.0,121.66,18270,2209028.1,EQNE
2012-10-19,122.12,122.45,121.75,121.75,800,97602.6,EQNE
2012-10-22,121.05,121.05,116.52,117.8,3190,376259.6,EQNE
2012-10-23,105.61,117.99,105.61,116.22,4990,567057.7,EQNE
2012-10-24,117.0,117.19,115.01,117.0,6580,764118.2,EQNE
2012-10-25,117.47,119.47,117.47,117.51,1670,199044.1,EQNE
2012-10-26,117.47,118.39,116.5,117.0,3190,372722.0,EQNE
2012-10-29,117.02,117.02,116.0,116.5,3860,449096.4,EQNE
2012-10-30,116.45,116.45,116.2,116.2,470,54632.9,EQNE
2012-10-31,116.5,116.59,114.0,114.0,42230,4892239.6,EQNE
2012-11-01,114.0,114.0,111.4,112.0,2000,224469.1,EQNE
2012-11-02,113.99,137.0,113.8,135.5,306460,39185746.1,EQNE
2012-11-06,128.58,143.9,128.58,140.0,82200,11538205.9,EQNE
2012-11-07,141.05,142.8,136.01,138.0,20050,2802037.5,EQNE
2012-11-08,137.0,138.98,133.74,137.26,4130,565524.9,EQNE
2012-11-09,138.32,138.32,135.53,136.99,52070,7125526.2,EQNE
2012-11-12,136.99,137.99,134.5,137.5,5440,740440.8,EQNE
2012-11-13,136.31,136.31,132.21,134.75,15770,2130782.3,EQNE
2012-11-14,134.61,137.99,132.25,136.2,14770,1986039.5,EQNE
2012-11-15,137.26,143.7,137.26,142.0,29630,4175139.8,EQNE
2012-11-16,142.15,143.59,142.0,142.46,11620,1654696.0,EQNE
2012-11-19,142.02,142.34,135.26,137.9,6550,921768.8,EQNE
2012-11-20,138.0,139.0,138.0,138.99,2750,380968.1,EQNE
2012-11-21,138.03,148.0,138.03,145.55,147390,21453702.2,EQNE
2012-11-22,145.03,146.99,145.03,146.69,14950,2179524.8,EQNE
2012-11-23,146.64,146.69,145.52,146.61,5370,782924.4,EQNE
2012-11-26,145.51,146.93,144.15,145.01,11480,1678219.0,EQNE
2012-11-27,145.8,146.25,145.8,146.01,17480,2554591.1,EQNE
2012-11-28,146.0,146.5,146.0,146.1,8470,1237500.5,EQNE
2012-11-29,145.76,146.65,145.76,146.65,9400,1373554.8,EQNE
2012-11-30,146.98,148.0,146.98,148.0,14480,2133955.1,EQNE
2012-12-03,146.66,148.0,146.1,147.8,17600,2601105.2,EQNE
2012-12-04,147.22,148.8,147.0,147.15,70760,10420243.6,EQNE
2012-12-05,148.79,149.25,146.78,148.07,19620,2909488.9,EQNE
2012-12-06,148.94,149.24,147.81,147.81,46930,6981830.9,EQNE
2012-12-07,149.96,152.0,149.1,151.5,339310,51382258.0,EQNE
2012-12-10,151.99,152.0,151.3,151.6,35420,5369940.8,EQNE
2012-12-11,151.9,151.98,151.51,151.51,44400,6737749.2,EQNE
2012-12-12,151.51,151.77,151.51,151.54,9600,1454764.4,EQNE
2012-12-13,151.29,151.57,151.29,151.57,6400,969872.9,EQNE
2012-12-14,151.7,151.8,151.56,151.8,4580,694830.1,EQNE
2012-12-17,150.71,151.88,150.71,151.81,2480,376389.4,EQNE
2012-12-18,151.75,152.47,151.75,152.0,42420,6455362.8,EQNE
2012-12-19,151.9,152.04,151.0,151.8,215500,32689362.9,EQNE
2012-12-20,151.86,152.0,151.86,151.87,10130,1538690.3,EQNE
2012-12-21,152.1,153.53,152.0,152.07,60540,9209837.4,EQNE
2012-12-24,152.06,152.44,151.76,152.1,67350,10242023.9,EQNE
2012-12-25,152.47,153.1,152.1,152.2,13150,2010596.0,EQNE
2012-12-26,152.3,152.31,152.1,152.1,50080,7621180.1,EQNE
2012-12-27,152.35,152.5,152.1,152.1,383640,58396773.5,EQNE
2012-12-28,152.25,153.0,152.25,153.0,2160,330405.8,EQNE
2013-01-08,154.98,154.98,152.39,153.01,660,100896.6,EQNE
2013-01-09,153.07,153.37,153.01,153.17,11560,1771896.3,EQNE
2013-01-10,153.4,153.4,153.27,153.4,131520,20174774.7,EQNE
2013-01-11,153.4,154.0,153.4,153.51,19960,3072834.7,EQNE
2013-01-14,153.6,153.6,153.55,153.55,7600,1167168.5,EQNE
2013-01-15,153.89,153.89,153.6,153.65,2630,404146.7,EQNE
2013-01-16,153.63,153.9,153.1,153.6,3130,480315.5,EQNE
2013-01-17,153.6,154.44,153.6,154.44,7670,1180812.9,EQNE
2013-01-18,154.0,154.27,154.0,154.2,5890,908561.3,EQNE
2013-01-21,154.0,154.0,153.7,154.0,144140,22196369.2,EQNE
2013-01-22,154.0,154.25,153.81,153.92,5650,869870.0,EQNE
2013-01-23,153.0,154.27,153.0,154.1,2660,409818.7,EQNE
2013-01-24,154.05,154.19,154.05,154.19,4630,713420.2,EQNE
2013-01-25,154.22,154.32,154.21,154.21,24030,3707072.7,EQNE
2013-01-28,154.4,154.6,154.05,154.51,18530,2857649.2,EQNE
2013-01-29,154.4,154.41,154.4,154.41,290,44777.9,EQNE
2013-01-30,154.4,154.57,154.4,154.51,1920,296563.3,EQNE
2013-01-31,154.51,154.6,154.5,154.5,1710,264216.8,EQNE
2013-02-01,154.53,154.8,154.53,154.8,2140,330721.9,EQNE
2013-02-04,154.8,155.0,154.71,154.91,11010,1706148.4,EQNE
2013-02-05,155.0,155.09,154.91,154.91,10700,1658484.0,EQNE
2013-02-06,155.15,155.2,155.15,155.2,6050,938955.0,EQNE
2013-02-07,155.35,155.98,155.25,155.25,31630,4910770.7,EQNE
2013-02-08,155.31,155.5,155.3,155.35,3820,593278.9,EQNE
2013-02-11,155.5,155.51,155.5,155.5,3510,545810.0,EQNE
2013-02-12,155.6,155.61,155.6,155.6,26900,4185640.5,EQNE
2013-02-13,155.21,155.97,153.0,155.6,245720,38236693.2,EQNE
2013-02-14,155.0,155.01,153.05,153.05,14650,2246612.7,EQNE
2013-02-15,154.49,154.5,153.08,153.1,14870,2281496.9,EQNE
2013-02-18,154.86,154.86,150.14,151.99,8020,1222899.8,EQNE
2013-02-19,153.66,153.74,153.66,153.74,210,32284.6,EQNE
2013-02-20,153.07,153.07,150.71,151.0,2920,440351.6,EQNE
2013-02-21,151.88,151.88,149.51,149.55,24800,3717169.2,EQNE
2013-02-22,149.69,150.99,149.59,150.99,1800,270047.4,EQNE
2013-02-25,151.29,156.68,149.56,156.25,59550,9285758.4,EQNE
2013-02-26,156.25,162.21,154.01,162.21,16280,2568324.0,EQNE
2013-02-27,163.25,164.0,157.0,159.0,1420,228149.6,EQNE
2013-02-28,161.32,161.32,157.14,157.14,640,101379.4,EQNE
2013-03-01,158.52,158.52,156.72,156.72,390,61159.3,EQNE
2013-03-04,157.91,157.91,156.8,156.8,520,81552.0,EQNE
2013-03-05,156.68,156.68,135.15,151.0,350,51501.3,EQNE
2013-03-06,138.02,144.32,127.27,140.0,6040,824822.3,EQNE
2013-03-07,140.49,141.0,140.49,141.0,210,29509.9,EQNE
2013-03-11,137.5,139.0,136.5,137.99,490,67799.7,EQNE
2013-03-12,137.01,137.01,132.76,132.76,100,13578.0,EQNE
2013-03-13,135.0,135.0,135.0,135.0,10,1350.0,EQNE
2013-03-14,135.0,140.99,133.09,140.99,360,49455.0,EQNE
2013-03-15,135.0,138.39,128.1,138.39,1440,191452.8,EQNE
2013-03-18,137.99,137.99,128.0,129.74,1150,149508.8,EQNE
2013-03-19,125.02,132.0,125.02,128.01,1060,136942.3,EQNE
2013-03-20,126.03,130.67,126.0,130.67,150,18950.6,EQNE
2013-03-21,128.0,131.97,126.05,126.05,320,41306.8,EQNE
2013-03-22,130.0,132.0,111.12,122.0,880,107916.7,EQNE
2013-03-25,119.0,127.99,118.01,127.86,650,79617.3,EQNE
2013-03-26,118.11,120.45,118.06,118.06,550,65171.4,EQNE
2013-03-27,118.06,118.06,118.05,118.05,650,76733.8,EQNE
2013-03-28,118.1,118.1,118.1,118.1,10,1181.0,EQNE
2013-03-29,120.98,120.98,120.98,120.98,10,1209.8,EQNE
2013-04-01,115.33,115.33,115.01,115.01,270,31071.1,EQNE
2013-04-02,113.0,117.0,105.21,116.0,1440,160177.9,EQNE
2013-04-03,109.03,118.79,109.03,118.79,110,12090.9,EQNE
2013-04-04,108.04,121.0,106.03,106.16,2880,314979.8,EQNE
2013-04-05,116.5,116.5,105.03,106.0,410,43744.0,EQNE
2013-04-08,106.99,115.0,106.5,106.5,970,105112.5,EQNE
2013-04-09,102.01,106.95,98.56,98.56,1460,147645.8,EQNE
2013-04-10,95.9,101.95,95.9,99.5,2610,262239.8,EQNE
2013-04-11,97.0,112.99,97.0,101.0,1460,147250.6,EQNE
2013-04-12,94.0,104.97,94.0,95.0,580,56828.1,EQNE
2013-04-15,91.16,97.0,90.04,92.0,1860,169197.1,EQNE
2013-04-16,85.05,93.99,85.05,93.99,1870,166721.4,EQNE
2013-04-17,91.49,91.99,88.0,91.99,250,22572.6,EQNE
2013-04-18,90.0,90.0,87.0,87.0,420,36903.7,EQNE
2013-04-22,88.01,88.08,87.0,87.0,4050,356312.3,EQNE
2013-04-23,81.0,86.0,81.0,86.0,250,20799.9,EQNE
2013-04-24,86.0,97.83,86.0,92.0,1180,109191.5,EQNE
2013-04-25,91.26,96.6,90.9,96.6,2510,229224.4,EQNE
2013-04-26,90.23,94.93,85.27,94.93,720,63493.6,EQNE
2013-04-29,98.43,98.43,90.01,96.56,2510,236738.9,EQNE
2013-04-30,84.0,96.38,84.0,90.07,400,36204.6,EQNE
2013-05-02,97.97,98.0,90.03,98.0,130,12489.5,EQNE
2013-05-03,94.51,94.51,90.22,93.0,1740,162716.0,EQNE
2013-05-06,99.0,99.0,93.01,94.1,1650,157693.8,EQNE
2013-05-07,90.35,117.94,90.35,116.0,7160,728700.9,EQNE
2013-05-08,103.16,110.5,95.5,102.0,2790,286261.4,EQNE
2013-05-10,98.09,103.58,98.09,103.58,70,6921.2,EQNE
2013-05-13,95.21,114.97,95.21,106.6,4030,433742.2,EQNE
2013-05-14,101.62,110.7,100.57,110.7,990,103641.5,EQNE
2013-05-15,100.4,112.0,100.4,103.45,350,36387.0,EQNE
2013-05-17,105.0,108.19,103.0,107.55,760,78585.2,EQNE
2013-05-20,108.77,108.77,90.69,101.46,1790,177889.4,EQNE
2013-05-21,95.0,100.0,95.0,99.95,650,63418.0,EQNE
2013-05-22,103.48,103.9,100.0,103.9,100,10320.6,EQNE
2013-05-23,100.0,100.99,99.0,99.0,40,3989.9,EQNE
2013-05-24,99.0,99.0,98.02,98.02,310,30503.6,EQNE
2013-05-27,99.99,100.0,99.98,99.98,190,18998.8,EQNE
2013-05-28,100.0,103.0,100.0,103.0,560,56534.9,EQNE
2013-05-29,98.01,99.49,98.0,99.49,330,32773.0,EQNE
2013-05-30,100.0,100.0,100.0,100.0,10,1000.0,EQNE
2013-05-31,90.64,97.0,87.26,96.71,450,41128.1,EQNE
2013-06-03,97.0,97.0,97.0,97.0,30,2910.0,EQNE
2013-06-04,96.0,96.0,95.99,96.0,140,13439.6,EQNE
2013-06-05,96.01,96.01,96.0,96.0,90,8640.5,EQNE
2013-06-06,99.84,99.84,95.86,95.86,60,5950.6,EQNE
2013-06-07,89.2,95.0,89.2,94.3,1040,98732.6,EQNE
2013-06-10,101.99,101.99,95.99,95.99,1610,154626.0,EQNE
2013-06-11,92.1,96.0,92.1,96.0,340,32015.0,EQNE
2013-06-14,99.98,109.0,90.74,102.89,1910,191689.8,EQNE
2013-06-19,91.41,101.21,91.41,101.21,110,10153.1,EQNE
2013-06-20,99.99,99.99,99.99,99.99,60,5999.4,EQNE
2013-06-21,102.1,102.1,96.0,96.0,550,54224.3,EQNE
2013-06-24,96.57,96.57,93.0,95.0,270,25638.3,EQNE
2013-06-25,95.0,95.0,95.0,95.0,50,4750.0,EQNE
2013-06-26,101.0,105.0,92.0,95.52,250,24457.5,EQNE
2013-06-28,93.07,93.07,93.07,93.07,10,930.7,EQNE
2013-07-01,97.18,97.19,82.01,91.01,1050,96816.6,EQNE
2013-07-02,95.93,100.88,95.93,99.0,60,5847.4,EQNE
2013-07-04,97.97,97.97,94.05,96.52,220,20987.2,EQNE
2013-07-05,89.83,95.0,89.72,92.5,90,8208.1,EQNE
2013-07-08,90.17,90.99,77.56,90.99,2070,176196.4,EQNE
2013-07-09,90.0,95.7,90.0,95.7,40,3706.9,EQNE
2013-07-10,100.0,100.89,92.0,94.51,2150,208479.6,EQNE
2013-07-11,91.8,94.99,91.8,93.5,250,23391.3,EQNE
2013-07-12,99.4,99.4,99.4,99.4,10,994.0,EQNE
2013-07-15,100.48,100.48,100.48,100.48,10,1004.8,EQNE
2013-07-16,92.0,92.0,91.03,91.03,20,1830.3,EQNE
2013-07-17,99.89,99.89,99.89,99.89,10,998.9,EQNE
2013-07-19,91.68,91.68,91.55,91.55,100,9161.3,EQNE
2013-07-22,99.77,99.79,97.99,97.99,60,5968.9,EQNE
2013-07-23,91.95,97.8,91.56,97.8,750,70509.3,EQNE
2013-07-24,93.0,93.0,93.0,93.0,100,9300.0,EQNE
2013-07-26,92.85,98.48,83.0,98.48,560,52718.7,EQNE
2013-07-29,89.04,90.04,88.95,90.04,7130,635437.1,EQNE
2013-07-30,94.0,97.72,94.0,97.72,130,12384.8,EQNE
2013-07-31,90.0,91.21,84.05,91.21,210,18497.6,EQNE
2013-08-01,91.0,95.99,91.0,92.85,120,11166.5,EQNE
2013-08-05,90.01,99.7,90.0,99.7,350,32731.5,EQNE
2013-08-06,86.89,90.0,81.2,87.46,330,27914.9,EQNE
2013-08-07,85.65,95.59,78.22,83.51,8740,724065.9,EQNE
2013-08-08,80.0,87.4,80.0,84.0,2670,222328.8,EQNE
2013-08-09,83.8,94.95,80.54,91.81,10210,918742.3,EQNE
2013-08-12,87.89,88.48,83.58,88.0,4180,354258.7,EQNE
2013-08-13,84.21,89.9,84.2,87.69,1300,113832.1,EQNE
2013-08-14,84.56,90.0,84.56,89.54,1470,131910.1,EQNE
2013-08-16,84.79,89.1,82.09,85.04,5620,483404.5,EQNE
2013-08-19,86.88,86.89,86.87,86.88,700,60815.4,EQNE
2013-08-20,83.51,89.0,83.51,86.2,1070,93977.6,EQNE
2013-08-21,86.74,87.33,86.74,87.33,320,27939.7,EQNE
2013-08-22,87.68,89.1,87.68,87.93,410,36344.9,EQNE
2013-08-23,88.0,88.0,88.0,88.0,10,880.0,EQNE
2013-08-26,87.79,90.0,85.01,87.78,1340,116588.2,EQNE
2013-08-27,87.78,89.99,87.78,89.99,70,6166.7,EQNE
2013-08-28,90.0,90.0,90.0,90.0,60,5400.0,EQNE
2013-08-29,86.9,89.8,86.9,88.76,80,7050.2,EQNE
2013-08-30,89.11,91.71,89.11,91.0,1610,146562.0,EQNE
2013-09-02,89.47,96.96,83.72,96.96,710,61737.7,TQNE
2013-09-03,96.53,96.7,86.07,89.8,670,64017.9,TQNE
2013-09-04,87.81,89.45,85.48,88.76,130,11454.7,TQNE
2013-09-05,88.99,89.8,83.6,87.39,1500,129373.4,TQNE
2013-09-06,87.73,89.99,87.73,89.09,360,31971.3,TQNE
2013-09-09,88.41,88.41,86.37,86.71,120,10500.4,TQNE
2013-09-10,87.05,87.73,87.05,87.39,590,51560.1,TQNE
2013-09-11,87.4,93.99,87.05,93.99,250,22123.4,TQNE
2013-09-12,87.73,88.76,87.73,87.73,500,43961.4,TQNE
2013-09-13,87.39,87.39,85.02,87.39,70,6080.0,TQNE
2013-09-16,85.02,85.23,85.02,85.23,300,25528.4,TQNE
2013-09-17,88.0,88.0,84.28,86.45,380,32170.5,TQNE
2013-09-18,87.96,87.96,86.95,87.96,50,4367.7,TQNE
2013-09-19,84.41,86.92,82.01,86.92,210,17590.6,TQNE
2013-09-20,84.21,87.86,82.62,87.86,170,14399.1,TQNE
2013-09-23,87.05,87.05,85.7,85.7,50,4318.7,TQNE
2013-09-24,82.01,87.63,82.01,86.71,130,11229.3,TQNE
2013-09-25,86.37,86.69,86.04,86.69,70,6042.6,TQNE
2013-09-26,86.04,91.96,82.66,88.07,2420,215880.2,TQNE
2013-09-27,87.39,87.39,87.05,87.39,70,6107.1,TQNE
2013-09-30,87.39,87.39,87.3,87.3,110,9605.7,TQNE
2013-10-01,87.73,88.41,87.73,88.41,90,7919.7,TQNE
2013-10-02,88.07,88.07,87.39,88.07,110,9663.9,TQNE
2013-10-03,87.73,88.07,87.39,87.39,70,6144.5,TQNE
2013-10-04,87.05,96.98,87.05,96.98,100,8959.7,TQNE
2013-10-07,88.07,90.6,88.07,89.11,870,77508.4,TQNE
2013-10-08,89.8,90.0,88.1,88.76,400,35656.6,TQNE
2013-10-09,89.11,89.8,89.11,89.45,140,12519.9,TQNE
2013-10-10,89.11,89.11,87.05,87.73,440,38729.3,TQNE
2013-10-11,87.73,88.07,84.0,88.07,60,5226.5,TQNE
2013-10-14,87.39,87.39,86.71,86.71,100,8705.0,TQNE
2013-10-15,87.05,87.05,87.05,87.05,20,1741.0,TQNE
2013-10-16,86.37,86.37,86.04,86.04,30,2584.5,TQNE
2013-10-17,86.37,94.0,86.04,86.04,100,8716.9,TQNE
2013-10-18,85.7,85.7,83.56,83.56,330,27623.5,TQNE
2013-10-22,86.04,88.47,85.7,86.37,160,13960.6,TQNE
2013-10-23,86.04,86.04,82.62,86.04,80,6842.2,TQNE
2013-10-24,86.37,87.73,85.7,85.7,820,71369.9,TQNE
2013-10-29,86.0,86.04,85.7,85.7,70,6012.2,TQNE
2013-10-30,83.02,86.0,83.0,86.0,40,3350.3,TQNE
2013-10-31,83.0,84.0,82.31,84.0,90,7449.6,TQNE
2013-11-01,82.06,82.06,78.97,79.97,4260,341017.2,TQNE
2013-11-05,79.78,79.95,79.54,79.62,80,6375.3,TQNE
2013-11-06,78.93,78.93,77.99,78.0,3250,254592.7,TQNE
2013-11-07,76.0,78.0,76.0,77.99,1880,146042.4,TQNE
2013-11-08,75.0,78.0,73.52,78.0,5580,432639.1,TQNE
2013-11-11,78.0,78.0,78.0,78.0,40,3120.0,TQNE
2013-11-12,78.0,78.0,78.0,78.0,1010,78780.0,TQNE
2013-11-13,78.0,78.0,78.0,78.0,1030,80340.0,TQNE
2013-11-14,78.0,78.0,73.45,77.98,420,32183.5,TQNE
2013-11-15,79.5,79.5,77.99,78.0,560,43694.4,TQNE
2013-11-18,77.99,77.99,77.99,77.99,10,779.9,TQNE
2013-11-19,77.96,77.96,77.0,77.0,110,8479.6,TQNE
2013-11-20,75.1,77.95,75.1,77.95,170,13223.0,TQNE
2013-11-21,77.97,77.97,77.17,77.21,470,36465.0,TQNE
2013-11-22,78.0,78.0,73.35,77.83,130,9756.0,TQNE
2013-11-25,83.97,83.97,76.88,77.99,320,25008.9,TQNE
2013-11-26,83.83,83.83,74.1,77.98,480,37019.7,TQNE
2013-11-27,80.92,80.92,75.01,78.0,610,47547.0,TQNE
2013-11-28,76.09,77.96,73.32,77.96,240,18114.4,TQNE
2013-11-29,77.0,81.89,77.0,77.98,100,7827.3,TQNE
2013-12-02,74.0,76.0,72.0,74.0,1460,106637.2,TQNE
2013-12-03,75.48,75.48,72.0,72.5,590,42681.7,TQNE
2013-12-04,72.5,73.35,71.0,72.47,570,40814.7,TQNE
2013-12-05,72.21,73.06,71.93,73.06,1890,137113.9,TQNE
2013-12-06,72.78,75.48,71.05,75.47,270,20034.2,TQNE
2013-12-09,75.48,75.48,75.48,75.48,40,3019.2,TQNE
2013-12-10,73.12,76.96,73.06,76.96,120,8853.3,TQNE
2013-12-11,76.87,76.87,75.99,75.99,20,1528.6,TQNE
2013-12-12,75.99,75.99,75.95,75.95,100,7595.4,TQNE
2013-12-13,75.97,75.97,75.97,75.97,10,759.7,TQNE
2013-12-16,75.96,75.96,75.96,75.96,20,1519.2,TQNE
2013-12-17,76.99,76.99,76.0,76.0,1750,133020.1,TQNE
2013-12-18,73.79,76.99,73.79,76.95,5140,390388.7,TQNE
2013-12-19,77.99,77.99,74.17,77.88,40,3042.2,TQNE
2013-12-20,77.0,78.5,77.0,78.5,1200,93367.6,TQNE
2013-12-23,77.99,77.99,77.9,77.9,2030,158139.7,TQNE
2013-12-24,74.89,74.89,74.89,74.89,200,14978.0,TQNE
2013-12-25,74.89,75.88,73.14,74.9,540,40358.6,TQNE
2013-12-26,74.22,74.22,73.2,73.2,70,5142.3,TQNE
2013-12-27,75.48,78.49,73.0,76.0,2940,219420.9,TQNE
2013-12-30,77.9,77.9,77.9,77.9,10,779.0,TQNE
2014-01-06,75.0,75.0,75.0,75.0,10,750.0,TQNE
2014-01-09,80.99,80.99,80.99,80.99,10,809.9,TQNE
2014-01-10,79.99,79.99,79.99,79.99,10,799.9,TQNE
2014-01-13,75.0,78.89,75.0,78.89,20,1538.9,TQNE
2014-01-14,77.99,77.99,77.98,77.98,20,1559.7,TQNE
2014-01-15,79.99,79.99,77.77,77.78,230,17911.3,TQNE
2014-01-16,77.0,77.0,77.0,77.0,20,1540.0,TQNE
2014-01-17,80.02,80.02,77.0,77.12,30,2341.4,TQNE
2014-01-20,77.0,79.54,75.04,79.54,3940,303412.8,TQNE
2014-01-22,79.98,79.98,75.9,75.9,40,3158.4,TQNE
2014-01-23,77.89,77.89,77.89,77.89,10,778.9,TQNE
2014-01-24,74.25,76.0,74.11,76.0,1580,117750.4,TQNE
2014-01-27,78.89,80.0,76.98,79.99,3290,259746.6,TQNE
2014-01-28,76.07,78.99,72.62,78.99,4980,372767.0,TQNE
2014-01-29,77.0,77.0,77.0,77.0,10,770.0,TQNE
2014-01-30,76.63,76.63,76.63,76.63,10,766.3,TQNE
2014-01-31,77.0,77.0,74.0,74.0,620,45972.6,TQNE
2014-02-03,79.7,79.7,71.0,77.0,1230,90582.5,TQNE
2014-02-04,75.98,75.98,70.0,75.0,620,45237.6,TQNE
2014-02-05,77.4,77.4,72.78,75.0,460,33976.1,TQNE
2014-02-06,78.72,78.72,73.06,73.35,160,11781.3,TQNE
2014-02-07,74.46,74.46,74.0,74.0,50,3708.7,TQNE
2014-02-10,76.89,76.89,73.16,73.16,60,4576.1,TQNE
2014-02-11,75.87,75.87,73.06,73.06,70,5142.4,TQNE
2014-02-12,73.34,76.0,73.06,73.2,1770,131787.4,TQNE
2014-02-13,73.09,73.35,72.0,73.35,300,21818.5,TQNE
2014-02-14,73.35,73.35,68.1,71.4,3150,223153.0,TQNE
2014-02-17,73.89,74.38,69.86,72.2,6240,437367.6,TQNE
2014-02-18,71.65,71.65,70.01,71.37,4290,302500.4,TQNE
2014-02-19,71.38,79.65,69.17,73.5,7280,543095.8,TQNE
2014-02-20,73.5,74.79,71.0,73.34,1690,123013.0,TQNE
2014-02-21,72.78,73.06,70.0,71.65,6720,476482.7,TQNE
2014-02-24,70.0,73.5,70.0,71.11,2210,159332.6,TQNE
2014-02-25,70.59,72.1,70.56,71.38,270,19304.1,TQNE
2014-02-26,71.1,71.64,70.0,71.63,4020,282566.0,TQNE
2014-02-27,71.1,71.37,69.26,70.08,2580,180791.6,TQNE
2014-02-28,69.28,70.11,69.28,70.09,1510,105566.7,TQNE
2014-03-03,70.14,70.14,59.91,65.05,7440,473367.1,TQNE
2014-03-04,71.43,71.43,60.32,60.32,270,17996.6,TQNE
2014-03-05,65.0,69.27,62.01,62.07,2450,155501.7,TQNE
2014-03-06,65.01,69.05,62.0,63.71,110,7118.6,TQNE
2014-03-07,66.76,66.76,60.55,61.17,630,39495.8,TQNE
2014-03-11,64.71,66.16,60.04,60.04,110,6872.4,TQNE
2014-03-12,64.74,64.74,60.03,60.99,300,18358.5,TQNE
2014-03-13,61.0,65.92,60.0,60.0,4910,294675.0,TQNE
2014-03-14,54.55,60.01,54.55,60.01,3050,182380.4,TQNE
2014-03-17,61.71,62.89,56.03,60.0,6630,377408.1,TQNE
2014-03-18,60.0,63.0,58.0,63.0,300,18213.9,TQNE
2014-03-19,60.0,63.96,52.5,60.0,2840,168187.4,TQNE
2014-03-20,59.99,60.0,59.99,60.0,160,9599.9,TQNE
2014-03-21,61.99,63.97,61.99,63.97,30,1879.6,TQNE
2014-03-24,61.01,62.98,61.01,62.98,20,1239.9,TQNE
2014-03-25,64.0,70.53,62.0,63.1,250,16859.8,TQNE
2014-03-26,71.62,71.62,63.0,63.0,180,11432.1,TQNE
2014-03-27,64.97,64.97,63.9,63.9,60,3855.4,TQNE
2014-03-28,70.86,70.86,62.02,62.02,80,5189.2,TQNE
2014-03-31,65.1,65.1,65.1,65.1,10,651.0,TQNE
2014-04-01,66.13,69.99,62.02,62.02,210,14101.8,TQNE
2014-04-02,68.51,68.51,68.51,68.51,10,685.1,TQNE
2014-04-03,62.06,73.63,60.01,70.07,2390,151700.1,TQNE
2014-04-04,68.02,68.29,67.73,67.73,60,4083.3,TQNE
2014-04-07,66.13,67.62,66.12,67.62,120,7949.5,TQNE
2014-04-08,66.67,66.67,66.67,66.67,10,666.7,TQNE
2014-04-09,67.3,67.33,62.01,62.16,1850,117430.8,TQNE
2014-04-10,61.3,69.87,60.14,65.0,3140,196848.1,TQNE
2014-04-11,62.7,62.7,61.52,62.6,1120,69946.2,TQNE
2014-04-14,63.3,63.3,63.3,63.3,110,6963.0,TQNE
2014-04-15,60.12,84.96,60.0,63.0,2360,154578.8,TQNE
2014-04-16,62.69,62.98,60.0,62.43,4940,296745.9,TQNE
2014-04-17,60.95,63.21,60.91,61.43,1050,64484.8,TQNE
2014-04-18,62.99,65.2,60.86,61.2,750,48045.9,TQNE
2014-04-21,60.04,63.0,60.04,60.54,150,9291.8,TQNE
2014-04-22,62.22,62.9,58.23,61.0,740,44698.4,TQNE
2014-04-23,61.18,61.18,58.34,60.48,1010,59661.9,TQNE
2014-04-24,59.02,61.0,58.02,59.81,1400,82727.4,TQNE
2014-04-28,59.17,59.96,57.09,59.38,960,55827.3,TQNE
2014-04-29,54.7,59.98,54.7,57.6,4130,238058.0,TQNE
2014-04-30,55.99,59.0,55.0,57.5,1290,73462.3,TQNE
2014-05-02,54.03,62.96,54.03,55.5,200,11400.7,TQNE
2014-05-05,58.99,58.99,52.57,58.86,1140,65974.2,TQNE
2014-05-06,57.11,57.96,56.0,57.9,870,49456.2,TQNE
2014-05-07,57.0,61.95,55.32,57.0,200,11666.5,TQNE
2014-05-08,59.0,59.0,55.6,57.01,2110,118242.7,TQNE
2014-05-12,57.97,57.97,57.97,57.97,10,579.7,TQNE
2014-05-13,59.96,59.96,57.97,58.0,6100,353848.3,TQNE
2014-05-14,57.39,58.97,57.39,58.95,50,2916.4,TQNE
2014-05-15,56.09,59.87,56.04,59.0,230,13251.5,TQNE
2014-05-19,61.93,64.56,57.05,57.05,470,27951.1,TQNE
2014-05-20,58.99,63.33,58.28,63.33,380,22490.0,TQNE
2014-05-21,60.49,60.79,58.02,60.79,1520,91202.9,TQNE
2014-05-22,60.42,60.61,57.1,60.0,5350,320680.1,TQNE
2014-05-23,60.61,60.61,58.68,59.57,330,19705.4,TQNE
2014-05-26,61.01,62.0,58.7,62.0,720,43108.3,TQNE
2014-05-27,57.52,61.97,57.43,61.43,270,15943.1,TQNE
2014-05-28,61.01,61.01,58.99,59.89,310,18784.4,TQNE
2014-05-29,61.0,62.94,58.79,60.5,440,26639.3,TQNE
2014-05-30,60.0,61.91,60.0,61.11,250,15150.1,TQNE
2014-06-02,62.26,68.4,60.45,62.28,690,42637.0,TQNE
2014-06-03,64.9,64.9,62.6,62.6,550,34858.3,TQNE
2014-06-04,64.98,64.98,61.15,62.22,690,43042.6,TQNE
2014-06-05,63.01,65.0,62.91,64.0,720,46000.4,TQNE
2014-06-06,65.3,65.81,63.46,64.41,670,43417.9,TQNE
2014-06-09,65.53,65.53,62.2,62.2,170,10759.0,TQBR
2014-06-10,65.81,65.81,62.35,63.95,720,46138.8,TQBR
2014-06-11,64.7,64.7,64.31,64.31,120,7723.0,TQBR
2014-06-16,61.15,61.15,61.14,61.14,150,9171.1,TQBR
2014-06-17,61.5,63.41,60.99,61.81,250,15375.5,TQBR
2014-06-18,63.0,64.31,61.02,63.59,620,39144.8,TQBR
2014-06-19,62.99,65.01,62.99,64.1,600,38257.9,TQBR
2014-06-23,64.0,64.0,63.8,63.8,120,7659.0,TQBR
2014-06-24,64.51,69.0,64.49,68.0,1890,128709.4,TQBR
2014-06-25,63.04,63.04,63.0,63.0,80,5041.8,TQBR
2014-06-26,62.64,65.25,62.56,65.25,430,27400.8,TQBR
2014-06-27,67.99,67.99,67.99,67.99,10,679.9,TQBR
2014-06-30,66.61,67.98,65.29,66.5,260,17325.4,TQBR
2014-07-01,64.54,67.99,63.3,63.97,500,32536.3,TQBR
2014-07-02,68.0,68.0,63.5,65.9,820,53577.9,TQBR
2014-07-04,65.5,65.5,64.65,64.65,20,1301.5,TQBR
2014-07-07,64.29,65.61,60.22,62.99,1440,91824.3,TQBR
2014-07-08,64.01,64.64,62.0,63.8,1530,96945.1,TQBR
2014-07-09,63.02,74.72,63.02,65.0,1060,70161.7,TQBR
2014-07-10,68.5,72.54,65.0,65.0,750,49790.5,TQBR
2014-07-11,70.04,70.08,66.0,66.0,4100,285461.7,TQBR
2014-07-14,66.69,69.93,66.59,68.5,580,39152.4,TQBR
2014-07-15,67.61,67.61,66.52,66.52,100,6718.2,TQBR
2014-07-17,66.6,66.6,64.69,65.09,180,11864.6,TQBR
2014-07-18,67.0,67.0,64.5,65.0,500,32762.2,TQBR
2014-07-21,65.29,68.0,63.02,65.11,990,63376.6,TQBR
2014-07-22,65.5,67.61,65.2,66.0,630,41449.1,TQBR
2014-07-23,62.8,62.8,62.51,62.51,30,1878.2,TQBR
2014-07-24,63.5,63.5,63.5,63.5,10,635.0,TQBR
2014-07-28,65.5,65.5,62.5,63.3,40,2567.6,TQBR
2014-07-29,63.03,63.03,62.99,63.0,1020,64261.4,TQBR
2014-07-30,64.99,64.99,60.23,64.94,170,10439.6,TQBR
2014-07-31,63.98,64.0,63.98,64.0,30,1919.6,TQBR
2014-08-01,62.0,64.0,62.0,64.0,20,1260.0,TQBR
2014-08-04,63.01,64.0,63.0,64.0,850,53930.1,TQBR
2014-08-05,62.01,62.01,62.0,62.0,20,1240.1,TQBR
2014-08-06,61.4,63.89,59.02,60.0,1240,73914.9,TQBR
2014-08-07,59.02,61.99,59.01,60.29,1430,85516.3,TQBR
2014-08-08,60.69,61.98,59.5,59.5,840,50504.8,TQBR
2014-08-11,61.99,61.99,52.59,58.5,3600,200480.9,TQBR
2014-08-12,57.0,60.97,55.0,56.93,1560,88276.0,TQBR
2014-08-13,59.7,61.97,56.99,61.97,530,31272.7,TQBR
2014-08-14,57.3,57.3,57.3,57.3,5,286.5,SMAL
2014-08-15,56.02,63.0,56.02,63.0,330,20698.4,TQBR
2014-08-18,63.0,64.47,63.0,63.99,60,3814.5,TQBR
2014-08-19,62.0,63.9,59.99,63.73,130,8049.1,TQBR
2014-08-20,63.99,64.78,60.03,64.78,30,1888.0,TQBR
2014-08-21,64.79,64.79,63.0,63.0,20,1277.9,TQBR
2014-08-22,64.8,64.8,58.67,64.3,270,16795.5,TQBR
2014-08-25,60.7,64.37,58.01,60.4,660,39382.4,TQBR
2014-08-26,61.39,63.92,59.13,60.0,3650,218041.4,TQBR
2014-08-27,59.99,60.0,56.71,56.71,2260,133901.9,TQBR
2014-08-28,60.97,60.97,55.7,59.85,1660,92597.4,TQBR
2014-08-29,55.71,60.99,54.02,60.99,610,33632.6,TQBR
2014-09-01,57.0,60.0,57.0,60.0,540,32084.6,TQBR
2014-09-03,59.99,59.99,59.99,59.99,60,3599.4,TQBR
2014-09-04,59.96,59.96,59.94,59.94,60,3596.8,TQBR
2014-09-05,61.99,61.99,59.35,59.97,330,19762.5,TQBR
2014-09-08,61.0,61.92,57.05,61.92,30,1799.7,TQBR
2014-09-10,58.0,61.9,57.0,59.96,310,17882.1,TQBR
2014-09-11,57.01,59.0,57.0,59.0,160,9210.1,TQBR
2014-09-15,58.01,59.0,57.0,59.0,90,5191.5,TQBR
2014-09-16,59.98,59.98,59.98,59.98,10,599.8,TQBR
2014-09-17,61.0,61.0,56.99,58.0,3060,174524.0,TQBR
2014-09-18,59.0,60.97,58.0,58.0,80,4699.8,TQBR
2014-09-19,56.0,57.0,55.0,56.0,1060,58791.2,TQBR
2014-09-22,58.0,58.0,52.76,56.0,170,9364.9,TQBR
2014-09-23,58.49,58.49,55.01,56.98,450,25150.3,TQBR
2014-09-24,56.0,57.0,56.0,57.0,20,1130.0,TQBR
2014-09-25,56.0,56.99,54.99,55.0,2160,118918.5,TQBR
2014-09-26,55.94,56.99,53.03,56.0,620,34906.6,TQBR
2014-09-29,54.0,55.87,52.61,55.72,490,26205.3,TQBR
2014-09-30,55.0,55.57,54.01,55.43,80,4417.8,TQBR
2014-10-01,53.1,56.5,52.2,53.4,1190,62791.0,TQBR
2014-10-02,52.7,53.4,52.5,53.4,620,32575.0,TQBR
2014-10-03,53.0,53.2,52.4,52.4,100,5278.0,TQBR
2014-10-06,53.9,53.9,53.9,53.9,10,539.0,TQBR
2014-10-07,52.3,52.6,51.6,52.6,210,10958.0,TQBR
2014-10-08,51.4,53.8,51.4,52.9,450,23281.0,TQBR
2014-10-09,52.0,53.7,52.0,53.7,970,50782.0,TQBR
2014-10-10,55.1,55.1,50.7,53.3,260,13342.0,TQBR
2014-10-13,50.8,53.3,50.7,53.3,210,10674.0,TQBR
2014-10-14,50.8,52.0,50.7,52.0,230,11756.0,TQBR
2014-10-15,50.9,53.6,50.9,53.6,70,3590.0,TQBR
2014-10-22,53.2,54.7,53.2,54.7,300,16018.0,TQBR
2014-10-23,54.9,55.5,50.9,53.0,260,13777.0,TQBR
2014-10-24,52.0,54.7,51.0,52.4,280,14557.0,TQBR
2014-10-27,53.7,55.8,51.4,51.5,190,10148.0,TQBR
2014-10-28,52.0,52.9,52.0,52.0,110,5747.0,TQBR
2014-10-29,53.9,53.9,52.0,52.8,130,6811.0,TQBR
2014-10-30,52.8,52.8,52.0,52.0,20,1048.0,TQBR
2014-10-31,50.8,52.6,49.0,52.6,310,15449.0,TQBR
2014-11-03,50.2,54.7,50.0,54.7,140,7239.0,TQBR
2014-11-05,50.7,53.0,50.5,51.3,870,44595.0,TQBR
2014-11-06,54.5,54.5,54.5,54.5,10,545.0,TQBR
2014-11-07,50.9,54.5,50.8,54.3,760,40549.0,TQBR
2014-11-10,52.2,52.2,52.2,52.2,20,1044.0,TQBR
2014-11-11,52.8,52.8,52.8,52.8,20,1056.0,TQBR
2014-11-12,52.4,52.4,52.4,52.4,30,1572.0,TQBR
2014-11-17,53.3,53.3,50.1,52.8,650,33013.0,TQBR
2014-11-18,52.9,52.9,51.2,52.9,70,3635.0,TQBR
2014-11-19,53.7,53.7,50.3,53.6,60,3119.0,TQBR
2014-11-20,49.3,53.8,49.3,53.5,50,2588.0,TQBR
2014-11-21,50.5,50.5,50.5,50.5,8,404.0,SMAL
2014-11-25,51.1,52.8,48.9,50.3,2990,148094.0,TQBR
2014-11-26,51.0,52.0,48.5,50.8,520,26142.0,TQBR
2014-11-27,51.0,51.7,50.1,51.6,1380,70496.0,TQBR
2014-11-28,50.1,50.1,49.9,50.0,170,8497.0,TQBR
2014-12-01,49.0,50.9,48.1,50.9,480,23854.0,TQBR
2014-12-02,49.1,49.1,48.2,48.9,1710,83752.0,TQBR
2014-12-03,50.8,51.3,50.0,50.8,600,30656.0,TQBR
2014-12-04,48.2,49.8,47.8,49.7,470,22617.0,TQBR
2014-12-05,48.1,48.9,47.1,48.9,1310,62336.0,TQBR
2014-12-08,49.0,50.0,47.7,48.0,80,3884.0,TQBR
2014-12-09,47.5,48.9,47.4,48.6,1230,59536.0,TQBR
2014-12-11,51.3,51.3,47.4,48.9,40,1950.0,TQBR
2014-12-12,51.1,51.1,48.9,49.0,30,1490.0,TQBR
2014-12-15,47.3,51.3,47.3,49.9,1430,70498.0,TQBR
2014-12-16,46.4,48.9,33.7,42.5,4270,180737.0,TQBR
2014-12-17,42.6,49.6,42.6,49.6,220,9858.0,TQBR
2014-12-18,43.9,49.0,33.6,44.3,10640,443999.0,TQBR
2014-12-19,48.9,48.9,40.5,45.4,390,16546.0,TQBR
2014-12-22,40.0,45.5,39.9,44.5,1950,79898.0,TQBR
2014-12-23,40.1,49.8,39.5,43.4,3030,130928.0,TQBR
2014-12-24,44.4,48.7,43.0,44.0,220,9768.0,TQBR
2014-12-25,45.0,48.6,40.9,45.6,250,11327.0,TQBR
2014-12-26,45.9,45.9,45.9,45.9,30,1377.0,TQBR
2014-12-30,39.8,43.1,38.0,42.9,1330,53286.0,TQBR
2015-01-05,40.1,43.7,40.1,43.7,40,1676.0,TQBR
2015-01-06,43.5,46.0,43.5,44.0,680,29977.0,TQBR
2015-01-08,45.0,45.0,45.0,45.0,40,1800.0,TQBR
2015-01-09,47.6,47.6,46.0,46.0,40,1882.0,TQBR
2015-01-12,42.1,46.6,40.6,46.0,120,5066.0,TQBR
2015-01-13,46.4,46.4,46.0,46.0,30,1384.0,TQBR
2015-01-14,46.4,50.0,46.0,48.8,1230,60050.0,TQBR
2015-01-15,44.3,46.7,42.5,46.7,1170,50667.0,TQBR
2015-01-16,43.2,46.4,43.2,46.4,80,3488.0,TQBR
2015-01-20,43.0,43.0,43.0,43.0,7,301.0,SMAL
2015-01-22,45.1,49.9,45.0,46.9,2180,100189.0,TQBR
2015-01-23,46.9,50.9,30.5,43.9,19800,746563.0,TQBR
2015-01-26,40.0,43.6,38.3,38.3,790,31511.0,TQBR
2015-01-27,41.2,49.9,39.2,43.9,830,36183.0,TQBR
2015-01-28,43.7,43.7,40.2,43.5,50,2114.0,TQBR
2015-01-29,43.0,43.0,38.9,42.8,100,4065.0,TQBR
2015-01-30,42.9,44.8,39.6,44.5,290,12529.0,TQBR
2015-02-02,41.0,44.4,41.0,44.4,20,854.0,TQBR
2015-02-03,41.2,44.9,41.1,44.9,30,1272.0,TQBR
2015-02-04,42.1,43.7,38.2,43.7,670,26880.0,TQBR
2015-02-06,43.8,44.3,42.9,44.3,210,9208.0,TQBR
2015-02-09,44.3,44.6,39.2,44.3,430,17898.0,TQBR
2015-02-10,44.4,44.4,41.1,44.2,40,1741.0,TQBR
2015-02-11,40.1,47.9,40.1,44.0,4070,184049.0,TQBR
2015-02-12,46.0,47.3,44.0,44.9,390,17784.0,TQBR
2015-02-13,43.1,50.0,42.9,50.0,8010,386736.0,TQBR
2015-02-16,51.0,65.0,51.0,60.0,10050,579139.0,TQBR
2015-02-17,57.0,60.0,56.3,57.8,550,31723.0,TQBR
2015-02-18,56.7,57.0,53.0,56.1,1340,73655.0,TQBR
2015-02-19,55.6,55.6,51.3,55.4,190,10257.0,TQBR
2015-02-20,55.0,55.9,53.0,54.4,210,11437.0,TQBR
2015-02-24,56.9,56.9,50.0,53.5,1490,77793.0,TQBR
2015-02-25,54.9,54.9,54.1,54.1,90,4877.0,TQBR
2015-02-26,55.7,57.0,47.7,51.5,15950,803739.0,TQBR
2015-02-27,52.2,52.2,46.0,50.7,6540,321030.0,TQBR
2015-03-02,51.7,51.9,50.0,51.9,1610,81284.0,TQBR
2015-03-03,50.1,51.9,50.1,51.9,1130,57817.0,TQBR
2015-03-04,50.1,51.5,47.2,51.4,2220,109550.0,TQBR
2015-03-05,51.2,51.8,47.6,51.8,150,7609.0,TQBR
2015-03-06,47.9,51.9,47.9,49.1,2520,126767.0,TQBR
2015-03-10,51.9,51.9,48.0,49.9,3150,156073.0,TQBR
2015-03-11,51.7,51.9,48.2,50.9,740,36821.0,TQBR
2015-03-12,50.8,52.0,50.8,52.0,980,50270.0,TQBR
2015-03-13,51.0,52.2,48.7,51.0,390,19584.0,TQBR
2015-03-16,49.0,51.9,48.5,49.9,130,6435.0,TQBR
2015-03-17,49.9,51.0,47.9,48.9,5620,270428.0,TQBR
2015-03-18,48.2,49.4,47.3,48.4,2310,112398.0,TQBR
2015-03-20,49.0,49.0,45.6,46.6,1790,82930.0,TQBR
2015-03-23,48.7,48.8,45.9,45.9,210,10184.0,TQBR
2015-03-24,45.8,45.8,45.3,45.6,970,44046.0,TQBR
2015-03-25,46.7,46.7,43.8,43.8,4470,200207.0,TQBR
2015-03-26,44.3,44.5,41.5,42.4,2980,126755.0,TQBR
2015-03-27,42.1,47.0,42.1,45.4,900,40783.0,TQBR
2015-03-30,44.1,44.9,44.1,44.9,80,3568.0,TQBR
2015-03-31,46.3,46.3,42.7,42.7,560,24482.0,TQBR
2015-04-01,43.1,43.1,43.1,43.1,190,8189.0,TQBR
2015-04-03,43.0,43.0,43.0,43.0,900,38700.0,TQBR
2015-04-06,43.0,45.2,41.9,45.2,1240,52196.0,TQBR
2015-04-07,45.9,47.5,44.2,45.8,200,9235.0,TQBR
2015-04-08,47.2,47.3,45.1,47.2,620,28419.0,TQBR
2015-04-09,45.6,45.6,45.6,45.6,20,912.0,TQBR
2015-04-10,44.6,44.6,44.6,44.6,10,446.0,TQBR
2015-04-13,46.0,47.5,46.0,47.3,140,6596.0,TQBR
2015-04-14,47.5,47.5,45.5,47.0,1450,67768.0,TQBR
2015-04-15,47.5,47.6,47.5,47.5,340,16153.0,TQBR
2015-04-17,45.1,45.1,45.1,45.1,9,405.9,SMAL
2015-04-21,46.0,47.5,45.0,47.5,460,21093.0,TQBR
2015-04-22,44.1,48.0,43.0,47.5,1040,49123.0,TQBR
2015-04-23,45.0,47.3,44.5,44.5,120,5510.0,TQBR
2015-04-24,46.0,47.9,46.0,47.6,390,18217.0,TQBR
2015-04-27,45.5,48.0,45.5,48.0,1110,52719.0,TQBR
2015-04-28,48.0,48.7,46.1,48.0,2110,101562.0,TQBR
2015-04-29,48.8,48.8,46.1,48.6,1220,57589.0,TQBR
2015-04-30,47.9,48.0,47.0,47.0,220,10522.0,TQBR
2015-05-05,48.0,48.8,46.1,46.1,240,11301.0,TQBR
2015-05-06,45.0,47.9,45.0,46.0,30,1389.0,TQBR
2015-05-07,46.0,46.0,42.5,42.5,340,14591.0,TQBR
2015-05-08,45.0,51.4,45.0,48.2,860,42577.0,TQBR
2015-05-12,49.9,50.0,49.3,49.3,120,5929.0,TQBR
2015-05-13,48.0,50.2,46.3,47.0,370,17981.0,TQBR
2015-05-14,48.0,50.5,46.4,49.5,1160,56705.0,TQBR
2015-05-15,48.0,49.0,48.0,48.0,140,6730.0,TQBR
2015-05-19,46.5,47.0,43.8,45.0,2670,119069.0,TQBR
2015-05-20,46.0,50.9,44.0,45.0,960,45183.0,TQBR
2015-05-21,44.4,45.9,42.5,45.9,2770,120487.0,TQBR
2015-05-22,45.1,45.3,45.0,45.3,70,3161.0,TQBR
2015-05-26,45.9,46.0,45.9,46.0,80,3679.0,TQBR
2015-05-27,44.1,44.1,44.1,44.1,3,132.3,SMAL
2015-05-28,46.0,46.0,46.0,46.0,10,460.0,TQBR
2015-05-29,45.0,45.0,42.9,44.0,5990,260774.0,TQBR
2015-06-01,43.0,44.0,43.0,43.0,40,1730.0,TQBR
2015-06-02,43.3,43.3,43.3,43.3,10,433.0,TQBR
2015-06-04,44.0,44.0,43.0,43.0,20,870.0,TQBR
2015-06-05,44.3,44.5,42.5,43.5,150,6467.0,TQBR
2015-06-08,42.6,43.9,42.5,43.9,450,19200.0,TQBR
2015-06-09,44.0,44.0,44.0,44.0,20,880.0,TQBR
2015-06-10,46.4,46.4,46.4,46.4,10,464.0,TQBR
2015-06-11,43.0,45.9,42.7,45.9,190,8533.0,TQBR
2015-06-15,44.0,45.3,42.7,44.8,330,14554.0,TQBR
2015-06-16,45.0,45.9,44.0,44.1,1570,69662.0,TQBR
2015-06-17,45.0,45.0,43.1,43.1,40,1752.0,TQBR
2015-06-19,44.9,44.9,42.6,42.6,180,7752.0,TQBR
2015-06-23,44.0,44.0,43.0,43.0,70,3040.0,TQBR
2015-06-25,43.0,43.0,42.0,42.5,170,7219.0,TQBR
2015-06-26,43.0,43.0,43.0,43.0,560,24080.0,TQBR
2015-06-29,42.0,42.0,39.6,42.0,2170,88243.0,TQBR
2015-06-30,43.0,43.0,42.9,42.9,50,2146.0,TQBR
2015-07-01,41.0,44.0,41.0,43.0,740,31977.0,TQBR
2015-07-02,43.0,43.0,42.9,42.9,420,18019.0,TQBR
2015-07-03,44.0,44.1,44.0,44.1,540,23813.0,TQBR
2015-07-06,46.0,51.0,43.0,46.1,6730,324216.0,TQBR
2015-07-07,46.8,48.8,44.2,45.0,4270,205684.0,TQBR
2015-07-08,46.0,47.0,46.0,47.0,60,2800.0,TQBR
2015-07-09,47.8,48.0,47.8,47.9,70,3353.0,TQBR
2015-07-10,46.0,49.0,44.5,48.0,160,7512.0,TQBR
2015-07-13,47.0,47.0,43.2,45.9,630,27901.0,TQBR
2015-07-14,45.9,47.0,45.9,47.0,100,4612.0,TQBR
2015-07-15,45.0,47.2,44.1,47.2,130,6011.0,TQBR
2015-07-16,46.0,46.0,46.0,46.0,470,21620.0,TQBR
2015-07-17,46.9,46.9,46.9,46.9,90,4221.0,TQBR
2015-07-20,47.5,47.5,47.5,47.5,10,475.0,TQBR
2015-07-21,47.8,47.8,47.7,47.7,100,4773.0,TQBR
2015-07-22,47.5,48.0,46.0,46.0,60,2835.0,TQBR
2015-07-23,47.0,51.5,47.0,50.1,950,47345.0,TQBR
2015-07-24,49.0,49.8,47.2,47.2,730,34771.0,TQBR
2015-07-27,47.0,47.0,45.2,45.2,70,3200.0,TQBR
2015-07-28,46.0,46.0,46.0,46.0,10,460.0,TQBR
2015-07-29,47.0,49.9,47.0,48.0,250,12251.0,TQBR
2015-07-30,47.0,47.0,47.0,47.0,120,5640.0,TQBR
2015-07-31,44.8,46.0,44.8,46.0,540,24815.0,TQBR
2015-08-03,45.1,47.0,45.1,46.0,60,2748.0,TQBR
2015-08-04,45.1,45.1,45.1,45.1,10,451.0,TQBR
2015-08-05,47.0,47.0,43.1,46.5,620,28412.0,TQBR
2015-08-06,47.0,48.0,43.1,47.2,2290,104521.0,TQBR
2015-08-07,47.8,47.8,47.8,47.8,10,478.0,TQBR
2015-08-10,45.0,47.0,45.0,46.9,490,22175.0,TQBR
2015-08-11,45.0,45.0,44.0,45.0,100,4490.0,TQBR
2015-08-12,44.0,44.0,43.9,44.0,430,18911.0,TQBR
2015-08-13,45.9,46.0,43.1,44.0,300,13390.0,TQBR
2015-08-14,44.5,45.9,43.1,45.9,350,15711.0,TQBR
2015-08-17,45.9,46.0,45.9,46.0,30,1378.0,TQBR
2015-08-18,45.7,45.7,44.0,44.0,80,3588.0,TQBR
2015-08-19,45.9,47.9,44.0,46.8,170,7785.0,TQBR
2015-08-20,44.1,47.0,44.0,45.9,2360,107854.0,TQBR
2015-08-21,47.0,49.9,44.2,44.4,360,16383.0,TQBR
2015-08-24,44.0,44.0,41.0,41.6,3520,146830.0,TQBR
2015-08-25,43.0,43.0,42.5,42.5,220,9360.0,TQBR
2015-08-26,43.9,49.6,43.9,45.0,740,34361.0,TQBR
2015-08-27,46.0,46.9,43.1,44.7,3310,145581.0,TQBR
2015-08-28,43.2,44.3,43.1,44.3,260,11233.0,TQBR
2015-08-31,44.5,44.5,43.0,43.9,220,9544.0,TQBR
2015-09-01,44.5,44.5,43.2,43.5,50,2196.0,TQBR
2015-09-02,44.3,44.7,43.0,44.3,210,9178.0,TQBR
2015-09-03,44.5,44.7,44.4,44.4,140,6242.0,TQBR
2015-09-04,43.9,44.6,43.1,44.3,230,10105.0,TQBR
2015-09-07,44.3,44.7,44.3,44.7,80,3564.0,TQBR
2015-09-08,44.5,44.7,42.7,44.5,1510,65426.0,TQBR
2015-09-09,44.2,46.0,44.2,45.0,1000,44368.0,TQBR
2015-09-10,44.9,48.0,44.0,44.4,3460,162336.0,TQBR
2015-09-11,44.4,44.4,43.6,43.6,540,23756.0,TQBR
2015-09-14,46.6,49.4,45.2,48.8,2210,104823.0,TQBR
2015-09-15,48.7,50.0,44.5,47.8,4930,236751.0,TQBR
2015-09-16,47.1,47.9,44.3,46.8,3400,155227.0,TQBR
2015-09-17,47.3,47.3,44.4,44.4,470,21114.0,TQBR
2015-09-18,43.9,46.0,43.6,45.7,580,25431.0,TQBR
2015-09-21,46.9,46.9,46.9,46.9,10,469.0,TQBR
2015-09-22,44.6,46.5,44.6,46.3,130,5980.0,TQBR
2015-09-23,45.1,47.2,45.1,46.0,900,40910.0,TQBR
2015-09-24,46.0,47.1,46.0,47.0,1020,47040.0,TQBR
2015-09-25,46.8,48.6,46.0,46.0,410,19351.0,TQBR
2015-09-28,47.9,48.0,46.0,46.0,50,2368.0,TQBR
2015-09-29,47.0,48.2,46.2,47.0,160,7515.0,TQBR
2015-09-30,48.0,48.0,46.5,47.0,440,20600.0,TQBR
2015-10-01,47.5,47.8,46.0,46.1,540,25160.0,TQBR
2015-10-02,47.4,47.6,46.2,47.5,100,4675.0,TQBR
2015-10-05,47.7,48.2,45.1,47.8,190,8974.0,TQBR
2015-10-06,48.0,49.4,45.4,49.4,410,19687.0,TQBR
2015-10-07,49.0,63.7,44.8,50.9,1630,84272.0,TQBR
2015-10-08,51.0,53.0,46.2,51.3,1680,81926.0,TQBR
2015-10-09,50.9,52.4,49.0,50.9,2660,133209.0,TQBR
2015-10-12,51.0,58.0,51.0,51.3,1700,89750.0,TQBR
2015-10-13,53.0,55.0,48.3,51.9,1150,57969.0,TQBR
2015-10-14,50.5,51.9,50.5,51.9,40,2053.0,TQBR
2015-10-15,51.7,52.1,48.7,51.9,910,46009.0,TQBR
2015-10-16,52.0,54.0,50.1,54.0,530,27365.0,TQBR
2015-10-19,52.0,54.6,51.0,52.1,500,26435.0,TQBR
2015-10-20,54.8,54.9,52.0,53.0,250,13084.0,TQBR
2015-10-21,52.9,53.6,52.9,53.6,90,4769.0,TQBR
2015-10-22,53.8,53.8,53.5,53.7,220,11809.0,TQBR
2015-10-23,51.5,54.8,50.3,54.6,1180,60904.0,TQBR
2015-10-26,51.4,54.6,48.0,49.3,3990,198004.0,TQBR
2015-10-27,49.6,53.8,46.7,50.9,7030,340859.0,TQBR
2015-10-28,48.9,50.6,48.0,48.8,3830,185438.0,TQBR
2015-10-29,47.3,48.2,46.0,47.6,3780,175864.0,TQBR
2015-10-30,46.8,47.8,46.3,47.8,1250,59086.0,TQBR
2015-11-02,47.9,47.9,44.0,45.0,5380,241405.0,TQBR
2015-11-03,44.8,46.8,44.5,46.8,5610,255198.0,TQBR
2015-11-05,45.2,49.0,45.1,47.8,1450,68716.0,TQBR
2015-11-06,47.6,47.6,45.0,46.0,3310,151483.0,TQBR
2015-11-09,45.1,45.9,44.2,44.2,2170,98482.0,TQBR
2015-11-10,45.0,45.0,44.0,44.9,1490,66388.0,TQBR
2015-11-11,44.9,44.9,44.1,44.9,1140,51057.0,TQBR
2015-11-12,44.9,45.6,44.4,44.4,1400,63560.0,TQBR
2015-11-13,45.7,51.8,45.7,46.5,10420,500881.0,TQBR
2015-11-16,47.9,48.1,44.1,48.0,2560,119070.0,TQBR
2015-11-17,47.9,48.8,46.0,47.1,2650,125136.0,TQBR
2015-11-18,47.9,48.5,45.2,47.8,3080,142897.0,TQBR
2015-11-19,48.2,66.6,48.0,57.6,46290,2683389.0,TQBR
2015-11-20,55.2,80.5,55.0,78.8,156860,11672747.0,TQBR
2015-11-23,78.9,81.0,66.0,69.0,103230,7567744.0,TQBR
2015-11-24,69.0,69.3,63.0,65.5,25130,1639239.0,TQBR
2015-11-25,64.1,65.9,60.1,63.8,14390,897548.0,TQBR
2015-11-26,63.1,64.6,59.0,60.7,10240,623991.0,TQBR
2015-11-27,60.3,60.7,56.9,58.0,11070,644002.0,TQBR
2015-11-30,57.8,77.0,57.0,69.0,43310,2932143.0,TQBR
2015-12-01,68.8,73.0,64.0,64.4,25970,1757091.0,TQBR
2015-12-02,65.4,66.9,64.7,64.7,4850,319195.0,TQBR
2015-12-03,64.9,65.8,61.0,62.0,8860,558213.0,TQBR
2015-12-04,62.0,63.0,61.6,62.0,1360,85013.0,TQBR
2015-12-07,63.0,66.6,63.0,64.9,13910,903467.0,TQBR
2015-12-08,64.0,64.0,60.7,61.0,1940,119765.0,TQBR
2015-12-09,62.0,62.0,60.1,62.0,2930,181270.0,TQBR
2015-12-10,60.5,62.1,56.5,61.5,1230,72921.0,TQBR
2015-12-11,60.6,61.4,60.6,61.4,120,7352.0,TQBR
2015-12-14,60.3,60.3,58.1,59.4,1550,91778.0,TQBR
2015-12-15,59.4,65.5,57.0,61.0,17860,1076974.0,TQBR
2015-12-16,61.3,64.0,58.1,60.0,3320,198084.0,TQBR
2015-12-17,60.1,61.1,57.6,59.9,5830,347803.0,TQBR
2015-12-18,59.7,59.8,57.2,57.2,760,43859.0,TQBR
2015-12-21,58.9,62.0,58.1,61.9,2640,158873.0,TQBR
2015-12-22,61.9,64.3,60.0,61.8,7990,503480.0,TQBR
2015-12-23,60.1,62.0,59.0,62.0,2110,128546.0,TQBR
2015-12-24,62.0,64.0,60.5,61.0,6090,374488.0,TQBR
2015-12-25,60.7,62.0,59.4,61.4,790,48182.0,TQBR
2015-12-28,60.0,60.7,59.1,59.9,790,47075.0,TQBR
2015-12-29,60.0,60.5,59.7,59.7,1450,86772.0,TQBR
2015-12-30,59.4,60.0,59.0,60.0,630,37331.0,TQBR
2016-01-04,60.0,60.0,59.2,59.4,200,11967.0,TQBR
2016-01-05,60.5,61.3,57.5,61.0,3110,185260.0,TQBR
2016-01-06,62.0,62.1,60.0,60.9,560,34203.0,TQBR
2016-01-11,59.9,60.0,59.0,59.0,960,56992.0,TQBR
2016-01-12,59.3,59.8,54.0,59.5,6880,394206.0,TQBR
2016-01-13,59.0,59.8,58.1,58.5,1840,108607.0,TQBR
2016-01-14,58.2,58.2,55.8,55.9,2460,139796.0,TQBR
2016-01-15,56.5,57.1,55.5,57.0,4160,233379.0,TQBR
2016-01-18,55.3,56.0,54.3,55.0,670,36846.0,TQBR
2016-01-19,56.1,59.0,55.0,55.0,2590,143537.0,TQBR
2016-01-20,55.0,56.4,55.0,55.0,410,22881.0,TQBR
2016-01-21,56.4,57.1,51.2,54.0,3870,202707.0,TQBR
2016-01-22,52.5,56.0,52.5,55.7,3330,182001.0,TQBR
2016-01-25,55.7,58.9,54.0,55.9,1060,59643.0,TQBR
2016-01-26,55.1,57.7,55.0,55.2,580,32535.0,TQBR
2016-01-27,55.1,57.0,55.1,55.9,1740,98605.0,TQBR
2016-01-28,56.3,57.1,56.0,56.0,620,35182.0,TQBR
2016-01-29,56.0,57.0,55.2,56.2,430,23963.0,TQBR
2016-02-01,56.3,58.8,55.0,55.2,880,49024.0,TQBR
2016-02-02,56.6,56.6,55.3,56.4,1210,67416.0,TQBR
2016-02-03,56.5,57.0,55.4,55.4,710,40132.0,TQBR
2016-02-04,55.2,57.5,55.2,57.5,420,23875.0,TQBR
2016-02-05,57.1,58.0,56.3,57.9,1500,86307.0,TQBR
2016-02-08,58.0,58.2,56.7,56.7,460,26398.0,TQBR
2016-02-09,57.0,57.0,57.0,57.0,10,570.0,TQBR
2016-02-11,57.8,57.8,56.4,57.5,1120,64318.0,TQBR
2016-02-12,57.4,57.4,56.5,56.6,60,3408.0,TQBR
2016-02-15,57.0,57.0,55.1,55.1,1120,63602.0,TQBR
2016-02-16,56.0,57.0,56.0,56.1,350,19768.0,TQBR
2016-02-17,56.0,57.0,56.0,57.0,1300,73420.0,TQBR
2016-02-18,56.1,57.7,54.7,57.7,940,52807.0,TQBR
2016-02-19,58.0,58.0,58.0,58.0,20,1160.0,TQBR
2016-02-20,56.4,58.5,56.4,58.5,310,18059.0,TQBR
2016-02-22,58.5,58.9,58.5,58.9,810,47497.0,TQBR
2016-02-24,56.8,57.1,56.0,57.1,590,33292.0,TQBR
2016-02-25,56.9,57.1,56.9,57.1,270,15414.0,TQBR
2016-02-26,57.3,65.5,57.3,64.2,26450,1665949.0,TQBR
2016-02-29,63.0,65.0,62.8,63.6,7810,499966.0,TQBR
2016-03-01,64.7,65.0,60.7,64.0,6360,401631.0,TQBR
2016-03-02,62.9,69.9,62.8,66.1,31830,2122475.0,TQBR
2016-03-03,66.0,68.0,59.1,64.8,23090,1463164.0,TQBR
2016-03-04,64.9,67.3,64.9,66.9,5240,350488.0,TQBR
2016-03-07,65.0,67.8,63.0,65.0,2160,139707.0,TQBR
2016-03-09,64.3,66.2,63.1,65.0,4050,260916.0,TQBR
2016-03-10,64.2,65.8,64.0,65.8,1410,91059.0,TQBR
2016-03-11,64.2,66.2,63.2,64.2,3690,236585.0,TQBR
2016-03-14,65.0,66.0,63.5,64.1,1660,106618.0,TQBR
2016-03-15,63.7,67.8,61.6,64.1,3480,229691.0,TQBR
2016-03-16,63.8,67.0,62.0,65.3,9190,591718.0,TQBR
2016-03-17,65.0,66.5,64.0,65.0,10520,693761.0,TQBR
2016-03-18,64.2,66.9,64.0,64.0,14580,946783.0,TQBR
2016-03-21,64.5,68.0,62.5,66.0,8610,558526.0,TQBR
2016-03-22,64.8,66.7,64.2,64.2,1810,117803.0,TQBR
2016-03-23,64.1,66.6,62.9,64.8,3350,215192.0,TQBR
2016-03-24,63.4,74.8,63.4,65.5,9180,617230.0,TQBR
2016-03-25,65.0,68.0,63.7,67.8,7670,510103.0,TQBR
2016-03-28,66.3,69.9,65.0,66.9,13180,887703.0,TQBR
2016-03-29,66.0,66.3,63.2,64.6,2220,142862.0,TQBR
2016-03-30,63.6,69.9,63.0,66.0,22880,1524406.0,TQBR
2016-03-31,67.0,67.3,64.0,65.8,14840,967861.0,TQBR
2016-04-01,65.8,66.3,64.3,66.1,1020,66827.0,TQBR
2016-04-04,65.8,71.8,65.8,68.4,24680,1682925.0,TQBR
2016-04-05,67.1,68.7,66.0,67.7,2960,197841.0,TQBR
2016-04-06,66.1,74.3,66.1,71.9,55110,3908214.0,TQBR
2016-04-07,70.2,79.5,70.2,74.3,83320,6340892.0,TQBR
2016-04-08,73.0,74.0,72.0,73.8,2810,203383.0,TQBR
2016-04-11,73.2,74.7,71.1,71.1,9410,680992.0,TQBR
2016-04-12,72.6,72.6,70.0,72.5,4230,302903.0,TQBR
2016-04-13,72.4,75.2,71.1,73.1,2550,185864.0,TQBR
2016-04-14,73.5,76.5,72.8,73.6,4720,347802.0,TQBR
2016-04-15,72.8,76.8,72.8,75.8,14530,1099826.0,TQBR
2016-04-18,75.8,75.8,72.7,74.8,3120,230611.0,TQBR
2016-04-19,74.1,75.5,71.2,73.8,3660,271230.0,TQBR
2016-04-20,72.1,75.0,70.7,74.2,4080,297789.0,TQBR
2016-04-21,74.0,76.8,73.1,74.3,8740,656348.0,TQBR
2016-04-22,73.3,76.6,73.1,76.6,24610,1850615.0,TQBR
2016-04-25,76.8,77.0,73.7,75.8,2700,203745.0,TQBR
2016-04-26,76.0,76.0,74.0,74.0,1530,114357.0,TQBR
2016-04-27,74.1,75.8,72.7,74.7,1080,79707.0,TQBR
2016-04-28,73.4,75.0,72.9,73.9,3140,229948.0,TQBR
2016-04-29,74.0,77.3,74.0,76.5,6420,487296.0,TQBR
2016-05-04,76.9,84.0,75.1,79.9,18630,1484299.0,TQBR
2016-05-05,80.1,84.0,79.5,80.9,10890,874179.0,TQBR
2016-05-06,79.1,82.8,78.9,80.0,2540,203783.0,TQBR
2016-05-10,79.1,80.7,69.3,72.1,19020,1372363.0,TQBR
2016-05-11,73.0,76.7,72.0,75.0,5260,392559.0,TQBR
2016-05-12,75.0,76.0,74.0,75.9,210,15750.0,TQBR
2016-05-13,74.1,75.8,72.8,74.9,1730,129461.0,TQBR
2016-05-16,74.2,75.8,72.2,74.0,2470,183034.0,TQBR
2016-05-17,75.0,75.8,72.6,75.8,3150,235914.0,TQBR
2016-05-18,74.1,76.0,73.0,76.0,1770,132923.0,TQBR
2016-05-19,75.1,75.9,73.2,75.8,1740,129694.0,TQBR
2016-05-20,76.0,77.3,75.0,76.0,1280,97495.0,TQBR
2016-05-23,76.0,78.0,74.0,75.9,7750,597039.0,TQBR
2016-05-24,76.0,79.0,73.7,78.0,18010,1374389.0,TQBR
2016-05-25,77.9,79.0,73.9,74.3,13660,1024974.0,TQBR
2016-05-26,74.5,75.4,74.0,74.9,2080,155156.0,TQBR
2016-05-27,74.6,75.2,74.6,74.9,420,31402.0,TQBR
2016-05-30,74.7,75.4,74.3,75.4,600,45108.0,TQBR
2016-06-01,74.3,74.9,72.1,74.8,1360,100540.0,TQBR
2016-06-02,74.7,74.9,73.2,74.7,3380,252122.0,TQBR
2016-06-03,74.1,75.0,73.5,75.0,1240,92070.0,TQBR
2016-06-06,74.7,75.4,72.6,75.4,1040,77533.0,TQBR
2016-06-07,75.0,75.5,75.0,75.5,980,73798.0,TQBR
2016-06-08,75.1,75.5,74.7,75.5,4180,312308.0,TQBR
2016-06-09,75.0,75.0,74.0,74.8,190,14159.0,TQBR
2016-06-10,73.3,74.9,73.3,74.7,1170,87388.0,TQBR
2016-06-14,74.0,75.0,73.9,74.0,190,14066.0,TQBR
2016-06-15,75.0,75.4,73.0,74.2,17720,1296204.0,TQBR
2016-06-16,73.7,74.8,71.9,74.0,16880,1257370.0,TQBR
2016-06-20,74.2,74.9,74.2,74.9,30,2233.0,TQBR
2016-06-21,74.2,74.7,72.0,73.7,9490,692433.0,TQBR
2016-06-22,73.9,73.9,73.9,73.9,10,739.0,TQBR
2016-06-23,73.3,73.5,73.3,73.5,30,2203.0,TQBR
2016-06-24,73.5,73.6,73.2,73.6,540,39690.0,TQBR
2016-06-27,73.7,73.9,73.5,73.9,1710,126022.0,TQBR
2016-06-28,73.9,74.5,73.6,74.5,1720,127120.0,TQBR
2016-06-29,74.4,74.7,74.2,74.7,720,53555.0,TQBR
2016-06-30,74.5,74.8,74.2,74.7,640,47779.0,TQBR
2016-07-01,73.3,74.3,69.3,73.2,1120,80610.0,TQBR
2016-07-04,74.4,76.0,73.1,75.0,4480,334838.0,TQBR
2016-07-05,74.6,75.0,74.2,75.0,3920,293240.0,TQBR
2016-07-06,74.7,75.0,73.7,75.0,17460,1307628.0,TQBR
2016-07-07,74.3,74.8,73.9,73.9,1450,107474.0,TQBR
2016-07-08,74.7,74.8,73.8,74.6,810,60143.0,TQBR
2016-07-11,74.0,74.7,74.0,74.7,2370,176207.0,TQBR
2016-07-12,71.3,72.5,71.0,71.3,2900,207654.0,TQBR
2016-07-13,71.2,71.9,71.2,71.7,630,45026.0,TQBR
2016-07-14,71.6,72.5,71.5,71.5,1330,95663.0,TQBR
2016-07-15,71.7,72.6,71.4,72.4,590,42417.0,TQBR
2016-07-18,72.3,72.3,71.6,72.0,2970,213815.0,TQBR
2016-07-19,72.0,72.3,71.3,71.5,5820,417326.0,TQBR
2016-07-20,71.4,72.1,71.2,71.3,940,67238.0,TQBR
2016-07-21,71.3,71.4,71.3,71.4,150,10697.0,TQBR
2016-07-22,71.4,72.0,71.4,71.7,1680,120119.0,TQBR
2016-07-25,71.5,76.5,71.3,76.5,28070,2074806.0,TQBR
2016-07-26,76.0,78.0,72.3,75.0,15290,1135830.0,TQBR
2016-07-27,74.6,75.0,72.0,74.8,4510,332779.0,TQBR
2016-07-28,74.1,74.8,73.5,74.8,1480,109765.0,TQBR
2016-07-29,74.1,75.4,74.1,75.2,2840,212357.0,TQBR
2016-08-01,75.5,75.9,74.8,74.8,1290,97146.0,TQBR
2016-08-02,75.0,75.0,71.0,74.2,3220,236885.0,TQBR
2016-08-03,74.5,74.5,73.9,74.1,1540,114661.0,TQBR
2016-08-04,74.1,77.3,73.7,74.1,8370,625497.0,TQBR
2016-08-05,74.0,76.0,74.0,74.7,4010,299578.0,TQBR
2016-08-08,75.9,76.3,74.4,75.4,2810,211227.0,TQBR
2016-08-09,75.1,76.0,73.5,76.0,4590,343020.0,TQBR
2016-08-10,75.1,77.0,74.1,74.9,14190,1065308.0,TQBR
2016-08-11,74.9,74.9,73.8,74.5,1150,85624.0,TQBR
2016-08-12,74.6,74.6,73.0,73.9,1460,107912.0,TQBR
2016-08-15,74.0,74.3,73.0,73.2,5800,427643.0,TQBR
2016-08-16,73.3,76.8,73.3,74.8,26520,1995128.0,TQBR
2016-08-17,74.1,75.7,73.8,74.8,4870,362723.0,TQBR
2016-08-18,74.7,75.1,73.6,74.9,9040,673604.0,TQBR
2016-08-19,73.4,74.8,72.9,73.2,3130,229388.0,TQBR
2016-08-22,73.4,74.7,72.2,73.5,2770,203914.0,TQBR
2016-08-23,73.9,74.0,73.1,73.4,990,73050.0,TQBR
2016-08-24,73.5,74.5,73.5,73.7,2640,194728.0,TQBR
2016-08-25,74.5,76.3,73.8,76.0,8320,625434.0,TQBR
2016-08-26,75.1,77.0,75.0,76.5,3300,251206.0,TQBR
2016-08-29,76.2,76.7,75.1,76.5,2040,154569.0,TQBR
2016-08-30,76.7,76.7,75.0,76.0,2740,207594.0,TQBR
2016-08-31,75.1,75.8,75.1,75.3,17600,1325709.0,TQBR
2016-09-01,75.3,75.6,73.7,74.5,5270,394890.0,TQBR
2016-09-02,75.0,80.2,74.0,77.9,14240,1114065.0,TQBR
2016-09-05,78.0,79.0,75.9,78.7,5480,423314.0,TQBR
2016-09-06,77.4,78.7,75.9,77.9,4010,307383.0,TQBR
2016-09-07,76.9,78.1,75.2,76.0,3410,261410.0,TQBR
2016-09-08,76.0,77.3,75.5,77.2,4540,345665.0,TQBR
2016-09-09,76.9,78.4,74.3,75.6,5070,382676.0,TQBR
2016-09-12,74.4,76.2,74.1,75.8,5760,430493.0,TQBR
2016-09-13,75.5,75.5,74.6,75.3,1280,95898.0,TQBR
2016-09-14,74.5,75.3,70.7,74.5,8130,598352.0,TQBR
2016-09-15,75.0,75.3,74.2,74.5,2770,207219.0,TQBR
2016-09-16,75.0,76.5,73.7,75.2,12990,978469.0,TQBR
2016-09-19,74.9,76.0,74.3,75.8,16550,1256140.0,TQBR
2016-09-20,75.5,75.5,73.9,75.0,2850,212312.0,TQBR
2016-09-21,74.9,75.3,74.0,75.3,38630,2881922.0,TQBR
2016-09-22,75.0,75.9,75.0,75.1,1550,116854.0,TQBR
2016-09-23,75.3,75.8,74.7,74.8,2470,185831.0,TQBR
2016-09-26,74.6,75.0,72.0,74.9,11950,889391.0,TQBR
2016-09-27,74.9,75.0,74.0,74.6,28320,2120304.0,TQBR
2016-09-28,73.6,74.7,73.6,74.7,940,69922.0,TQBR
2016-09-29,74.5,74.8,73.9,74.6,2370,175880.0,TQBR
2016-09-30,73.8,74.5,73.7,74.5,650,48195.0,TQBR
2016-10-03,74.7,77.0,74.0,76.0,16030,1216584.0,TQBR
2016-10-04,75.6,76.6,75.0,75.9,450,33901.0,TQBR
2016-10-05,75.8,75.9,74.5,75.9,460,34575.0,TQBR
2016-10-06,74.7,75.9,73.0,75.0,4000,296574.0,TQBR
2016-10-07,74.0,75.3,73.5,75.3,2400,179817.0,TQBR
2016-10-10,75.4,77.9,75.0,76.0,3840,292541.0,TQBR
2016-10-11,76.2,77.0,76.1,76.6,6190,475700.0,TQBR
2016-10-12,76.6,76.8,75.4,76.6,2620,199115.0,TQBR
2016-10-13,75.7,75.7,74.7,75.7,1290,96833.0,TQBR
2016-10-14,75.0,75.0,73.1,73.1,3420,252906.0,TQBR
2016-10-17,73.5,75.9,73.5,74.5,3560,265329.0,TQBR
2016-10-18,75.6,75.6,74.3,74.3,6300,469874.0,TQBR
2016-10-19,74.3,75.0,65.2,74.5,45160,3317617.0,TQBR
2016-10-20,73.9,74.4,73.9,74.4,80,5917.0,TQBR
2016-10-21,72.4,74.4,72.4,73.7,3510,257110.0,TQBR
2016-10-24,73.4,74.0,73.0,73.0,2120,156167.0,TQBR
2016-10-25,73.0,73.5,71.0,73.5,5520,401475.0,TQBR
2016-10-26,73.1,74.3,72.9,73.0,3730,272537.0,TQBR
2016-10-27,72.8,73.6,72.7,73.6,1030,74911.0,TQBR
2016-10-28,73.6,74.1,73.6,74.1,240,17735.0,TQBR
2016-10-31,74.0,74.9,70.4,74.7,26900,1994327.0,TQBR
2016-11-01,73.1,75.0,72.0,74.8,31660,2324837.0,TQBR
2016-11-02,73.2,74.7,72.8,74.0,2870,212101.0,TQBR
2016-11-03,73.2,74.0,73.2,73.9,730,53912.0,TQBR
2016-11-07,73.5,74.0,73.0,73.0,540,39807.0,TQBR
2016-11-08,72.8,73.0,71.8,72.9,1150,83066.0,TQBR
2016-11-09,72.2,73.0,71.2,72.0,4800,345887.0,TQBR
2016-11-10,72.0,73.6,72.0,73.5,3040,221860.0,TQBR
2016-11-11,73.2,73.4,71.6,72.0,8430,608859.0,TQBR
2016-11-14,72.2,72.6,70.8,72.5,13880,1000547.0,TQBR
2016-11-15,72.2,73.3,71.9,71.9,1010,72783.0,TQBR
2016-11-16,72.2,73.5,72.2,72.7,2410,175695.0,TQBR
2016-11-17,73.4,73.4,72.5,73.0,1570,115207.0,TQBR
2016-11-18,73.0,73.4,72.6,73.1,10810,787758.0,TQBR
2016-11-21,73.0,73.5,73.0,73.0,5760,422662.0,TQBR
2016-11-22,73.0,73.6,72.7,72.7,4490,328263.0,TQBR
2016-11-23,73.0,75.6,72.6,72.7,4220,311710.0,TQBR
2016-11-24,73.8,73.8,72.0,73.1,3550,259333.0,TQBR
2016-11-25,73.0,73.3,72.4,73.3,5520,402819.0,TQBR
2016-11-28,73.0,73.6,73.0,73.0,1770,129940.0,TQBR
2016-11-29,73.3,74.8,73.1,73.9,3030,222566.0,TQBR
2016-11-30,73.7,81.8,73.5,77.9,28740,2248316.0,TQBR
2016-12-01,78.1,79.9,76.1,77.9,7390,574589.0,TQBR
2016-12-02,78.6,78.6,75.8,75.8,9370,721000.0,TQBR
2016-12-05,76.3,76.9,74.9,75.5,7540,569642.0,TQBR
2016-12-06,76.3,89.0,76.3,85.1,31320,2592802.0,TQBR
2016-12-07,83.0,87.0,82.3,86.0,47120,3981050.0,TQBR
2016-12-08,85.0,86.0,83.0,85.7,4660,392367.0,TQBR
2016-12-09,85.0,91.0,78.0,89.7,31480,2636930.0,TQBR
2016-12-12,88.1,88.9,83.4,86.7,4570,388911.0,TQBR
2016-12-13,87.0,87.7,83.9,87.7,2470,211030.0,TQBR
2016-12-14,87.0,90.0,80.3,88.5,21790,1877552.0,TQBR
2016-12-15,89.7,97.0,88.7,90.0,14360,1335889.0,TQBR
2016-12-16,89.1,90.9,88.6,88.6,3610,321368.0,TQBR
2016-12-19,89.0,89.0,85.0,85.9,6450,560079.0,TQBR
2016-12-20,86.4,87.1,84.0,85.9,1690,143515.0,TQBR
2016-12-21,86.7,86.7,85.1,86.5,14200,1220949.0,TQBR
2016-12-22,86.8,87.0,79.7,82.1,9200,768721.0,TQBR
2016-12-23,82.1,83.6,79.6,81.4,5760,464504.0,TQBR
2016-12-26,81.4,82.0,81.1,81.5,3370,275156.0,TQBR
2016-12-27,81.2,82.8,81.2,82.8,1190,97843.0,TQBR
2016-12-28,82.9,84.8,82.2,84.0,13810,1139631.0,TQBR
2016-12-29,84.0,94.9,84.0,87.7,17180,1475155.0,TQBR
2016-12-30,88.0,88.0,85.7,87.0,5690,496706.0,TQBR
2017-01-03,86.5,89.0,85.6,86.1,1540,133158.0,TQBR
2017-01-04,87.0,87.0,82.1,83.1,1470,123505.0,TQBR
2017-01-05,84.0,89.1,82.6,87.2,4800,405170.0,TQBR
2017-01-06,88.8,88.8,85.4,85.4,6070,524426.0,TQBR
2017-01-09,86.1,88.9,86.1,87.0,2190,192249.0,TQBR
2017-01-10,88.0,93.0,86.4,88.0,9170,816781.0,TQBR
2017-01-11,89.0,89.0,87.0,88.8,1060,92791.0,TQBR
2017-01-12,89.0,89.0,87.0,87.8,1260,110069.0,TQBR
2017-01-13,88.2,88.2,86.5,87.4,1730,150342.0,TQBR
2017-01-16,87.1,87.6,85.0,86.6,1320,113494.0,TQBR
2017-01-17,86.9,87.5,86.0,86.8,2430,210770.0,TQBR
2017-01-18,87.0,88.9,86.5,88.3,4140,362870.0,TQBR
2017-01-19,88.5,95.4,87.0,93.0,57550,5383218.0,TQBR
2017-01-20,92.1,93.0,90.0,93.0,590,54104.0,TQBR
2017-01-23,93.0,97.6,92.0,97.6,39980,3803527.0,TQBR
2017-01-24,97.2,97.6,90.1,93.0,46010,4342883.0,TQBR
2017-01-25,94.0,94.3,89.0,92.0,38710,3553101.0,TQBR
2017-01-26,92.0,95.0,90.1,91.9,5720,530540.0,TQBR
2017-01-27,91.0,94.6,90.5,94.3,5980,551799.0,TQBR
2017-01-30,93.5,95.4,92.0,92.0,51230,4791540.0,TQBR
2017-01-31,92.7,94.2,89.7,91.8,17660,1630136.0,TQBR
2017-02-01,91.7,93.8,91.7,93.5,1810,168537.0,TQBR
2017-02-02,94.0,95.0,89.0,90.0,18080,1646547.0,TQBR
2017-02-03,91.0,91.0,88.8,91.0,9070,816558.0,TQBR
2017-02-06,91.2,91.9,91.2,91.8,1350,123770.0,TQBR
2017-02-07,91.5,95.0,91.4,93.5,19490,1789950.0,TQBR
2017-02-08,93.9,100.2,93.2,95.0,22000,2089583.0,TQBR
2017-02-09,96.0,98.5,94.2,95.8,2090,204138.0,TQBR
2017-02-10,95.4,97.6,94.7,97.6,7380,704801.0,TQBR
2017-02-13,97.6,97.6,93.4,96.0,17090,1605365.0,TQBR
2017-02-14,94.1,97.0,94.1,96.8,14900,1434123.0,TQBR
2017-02-15,97.9,97.9,94.2,96.8,3730,357233.0,TQBR
2017-02-16,94.8,96.7,93.2,96.4,31380,2954889.0,TQBR
2017-02-17,96.4,96.5,94.8,96.0,34570,3317777.0,TQBR
2017-02-20,96.4,96.4,94.1,96.2,3970,380282.0,TQBR
2017-02-21,96.8,96.9,95.8,96.9,1870,179621.0,TQBR
2017-02-22,96.4,96.4,94.1,95.9,440,42090.0,TQBR
2017-02-24,94.0,94.2,90.8,93.2,570,52611.0,TQBR
2017-02-27,93.9,94.1,90.0,92.6,7250,661654.0,TQBR
2017-02-28,92.2,93.0,80.2,85.9,9610,861631.0,TQBR
2017-03-01,86.9,92.1,86.9,91.0,5070,452290.0,TQBR
2017-03-02,92.9,94.7,92.0,94.6,10520,978467.0,TQBR
2017-03-03,94.1,95.3,92.8,95.3,10640,1004209.0,TQBR
2017-03-06,94.9,95.8,91.0,93.5,4580,421203.0,TQBR
2017-03-07,94.0,94.0,87.0,89.3,3660,325603.0,TQBR
2017-03-09,88.1,91.0,86.1,89.9,2170,193874.0,TQBR
2017-03-10,91.4,92.0,89.1,91.0,970,88514.0,TQBR
2017-03-13,90.6,92.0,89.9,90.0,3010,272279.0,TQBR
2017-03-14,89.7,90.4,88.0,88.0,1870,166562.0,TQBR
2017-03-15,88.5,92.2,88.5,90.0,4210,380283.0,TQBR
2017-03-16,90.0,97.4,90.0,93.1,36420,3400924.0,TQBR
2017-03-17,93.0,96.6,92.2,93.8,1240,117258.0,TQBR
2017-03-20,94.0,94.3,89.5,93.7,21010,1924470.0,TQBR
2017-03-21,92.9,94.1,91.2,92.9,19550,1835667.0,TQBR
2017-03-22,92.8,93.0,92.0,92.2,580,53857.0,TQBR
2017-03-23,92.6,93.1,92.0,92.0,720,66817.0,TQBR
2017-03-24,91.6,91.7,88.7,91.6,590,53675.0,TQBR
2017-03-27,91.8,91.8,91.8,91.8,10,918.0,TQBR
2017-03-28,89.4,90.8,75.7,85.2,13500,1146609.0,TQBR
2017-03-29,86.0,86.6,83.5,85.8,2280,193345.0,TQBR
2017-03-30,85.9,89.7,85.2,89.5,2040,177131.0,TQBR
2017-03-31,91.0,93.0,85.3,90.0,9240,850569.0,TQBR
2017-04-03,91.0,91.0,86.0,90.1,760,67013.0,TQBR
2017-04-04,90.8,92.7,90.3,92.7,760,69289.0,TQBR
2017-04-05,90.2,93.2,85.8,92.9,950,86630.0,TQBR
2017-04-06,93.3,93.8,91.0,91.5,140,12895.0,TQBR
2017-04-07,90.0,90.5,87.3,90.0,520,46396.0,TQBR
2017-04-10,92.9,92.9,88.1,89.5,220,19675.0,TQBR
2017-04-11,95.7,95.7,88.1,90.0,590,53125.0,TQBR
2017-04-12,94.9,94.9,85.9,88.0,1000,87383.0,TQBR
2017-04-13,88.0,93.3,81.9,87.2,1810,154500.0,TQBR
2017-04-14,88.0,90.0,84.1,85.9,1170,100224.0,TQBR
2017-04-17,89.8,89.8,82.0,84.0,13030,1092316.0,TQBR
2017-04-18,85.0,86.0,81.8,83.0,9530,785359.0,TQBR
2017-04-19,81.1,83.0,80.0,83.0,1270,103384.0,TQBR
2017-04-20,81.2,83.0,78.1,81.5,2780,223848.0,TQBR
2017-04-21,82.7,85.0,78.1,80.0,1770,143631.0,TQBR
2017-04-24,80.0,85.0,79.1,82.0,6470,531528.0,TQBR
2017-04-25,82.0,84.0,82.0,82.0,1010,82966.0,TQBR
2017-04-26,83.0,85.0,83.0,83.0,650,54663.0,TQBR
2017-04-27,81.8,82.3,78.0,80.9,4710,372720.0,TQBR
2017-04-28,81.0,82.3,78.2,80.0,2310,183646.0,TQBR
2017-05-02,79.0,82.0,79.0,81.9,1190,95734.0,TQBR
2017-05-03,80.0,80.0,80.0,80.0,10,800.0,TQBR
2017-05-04,81.0,83.0,81.0,81.6,790,64548.0,TQBR
2017-05-05,81.9,81.9,80.0,81.7,60,4856.0,TQBR
2017-05-10,82.8,83.0,80.1,82.0,100,8204.0,TQBR
2017-05-11,82.9,82.9,79.1,81.8,1590,126984.0,TQBR
2017-05-12,82.5,82.8,78.1,82.0,300,24364.0,TQBR
2017-05-15,82.9,82.9,80.8,81.5,1240,100523.0,TQBR
2017-05-16,82.0,82.0,80.1,81.1,130,10469.0,TQBR
2017-05-17,82.6,82.6,80.7,81.4,710,57520.0,TQBR
2017-05-18,82.0,83.0,77.7,80.8,1520,120980.0,TQBR
2017-05-19,80.0,82.8,80.0,80.7,300,24191.0,TQBR
2017-05-22,79.0,81.0,76.1,79.9,780,61093.0,TQBR
2017-05-23,79.9,83.0,79.9,80.1,3210,261583.0,TQBR
2017-05-24,82.0,83.9,78.6,79.5,860,69136.0,TQBR
2017-05-25,81.9,81.9,78.3,78.5,3850,313194.0,TQBR
2017-05-26,80.0,80.0,78.0,79.0,130,10194.0,TQBR
2017-05-29,78.0,79.0,78.0,78.8,120,9433.0,TQBR
2017-05-30,79.9,79.9,78.9,78.9,20,1588.0,TQBR
2017-05-31,79.9,79.9,74.7,78.9,370,28596.0,TQBR
2017-06-01,72.6,79.9,72.6,76.9,230,17735.0,TQBR
2017-06-02,76.9,79.0,73.0,75.2,790,60257.0,TQBR
2017-06-05,78.9,78.9,75.8,75.8,30,2307.0,TQBR
2017-06-06,77.9,77.9,77.9,77.9,10,779.0,TQBR
2017-06-07,76.1,78.0,76.1,78.0,70,5380.0,TQBR
2017-06-08,77.1,77.9,77.1,77.9,20,1550.0,TQBR
2017-06-09,76.1,77.9,76.1,77.9,20,1540.0,TQBR
2017-06-13,76.1,77.9,76.1,77.9,40,3062.0,TQBR
2017-06-14,75.0,77.5,73.5,77.0,11140,835795.0,TQBR
2017-06-15,76.0,77.7,76.0,77.4,11870,921204.0,TQBR
2017-06-16,76.1,77.7,75.4,75.4,150,11442.0,TQBR
2017-06-19,77.6,77.6,72.1,75.0,450,33790.0,TQBR
2017-06-20,75.9,80.9,73.0,75.4,700,53111.0,TQBR
2017-06-21,75.9,77.9,75.0,77.3,740,55822.0,TQBR
2017-06-22,78.9,78.9,78.9,78.9,10,789.0,TQBR
2017-06-23,77.9,77.9,77.8,77.8,30,2335.0,TQBR
2017-06-26,75.0,78.0,72.4,76.0,2470,184684.0,TQBR
2017-06-27,75.0,75.0,74.0,74.0,440,32586.0,TQBR
2017-06-28,74.9,77.9,74.9,75.0,240,18265.0,TQBR
2017-06-29,78.9,78.9,74.2,75.7,400,29930.0,TQBR
2017-06-30,74.2,74.2,73.0,73.0,580,42714.0,TQBR
2017-07-03,73.5,74.0,73.0,74.0,380,28105.0,TQBR
2017-07-04,74.0,76.8,74.0,76.8,300,22307.0,TQBR
2017-07-05,74.9,76.9,74.8,74.9,1070,80890.0,TQBR
2017-07-06,77.8,80.7,74.5,76.7,2600,201979.0,TQBR
2017-07-07,78.1,78.1,78.1,78.1,10,781.0,TQBR
2017-07-10,76.1,78.3,74.9,78.3,1700,130117.0,TQBR
2017-07-11,76.8,78.7,74.5,75.9,2910,220869.0,TQBR
2017-07-12,74.6,76.1,71.8,76.1,2330,172367.0,TQBR
2017-07-13,74.9,75.7,73.7,75.6,50,3755.0,TQBR
2017-07-14,75.9,75.9,75.9,75.9,20,1518.0,TQBR
2017-07-17,75.8,77.0,72.3,75.8,2340,175472.0,TQBR
2017-07-18,75.8,77.0,73.0,74.9,1580,117966.0,TQBR
2017-07-19,74.1,74.9,74.0,74.0,590,43790.0,TQBR
2017-07-20,73.1,75.0,72.4,73.9,680,49957.0,TQBR
2017-07-21,72.6,72.6,72.6,72.6,1500,108900.0,TQBR
2017-07-24,72.6,72.6,72.6,72.6,50,3630.0,TQBR
2017-07-25,73.9,73.9,73.5,73.5,20,1474.0,TQBR
2017-07-26,73.9,77.0,73.9,75.1,5820,439586.0,TQBR
2017-07-27,76.0,76.0,74.1,74.1,930,69997.0,TQBR
2017-07-28,75.4,78.9,75.0,75.0,270,20585.0,TQBR
2017-07-31,74.9,76.9,73.3,73.3,900,66682.0,TQBR
2017-08-01,74.4,75.0,73.9,75.0,380,28179.0,TQBR
2017-08-02,76.0,77.0,74.0,74.8,680,51394.0,TQBR
2017-08-03,74.9,75.9,73.7,74.5,3730,276336.0,TQBR
2017-08-04,75.1,75.1,74.5,74.5,30,2242.0,TQBR
2017-08-07,76.3,77.9,75.0,75.5,390,29436.0,TQBR
2017-08-08,77.9,78.0,74.6,74.6,1250,94641.0,TQBR
2017-08-09,75.9,78.0,72.9,75.4,1380,103932.0,TQBR
2017-08-10,75.4,75.5,75.4,75.5,220,16590.0,TQBR
2017-08-11,76.0,76.0,62.1,73.1,2440,169011.0,TQBR
2017-08-14,75.0,75.0,74.4,74.4,20,1494.0,TQBR
2017-08-15,74.4,75.3,66.1,72.5,1880,133599.0,TQBR
2017-08-16,73.0,73.4,72.0,73.4,280,20486.0,TQBR
2017-08-17,74.7,74.8,73.5,74.0,150,11105.0,TQBR
2017-08-18,74.0,74.0,74.0,74.0,10,740.0,TQBR
2017-08-21,73.5,73.5,70.4,70.5,3760,266902.0,TQBR
2017-08-22,71.4,71.5,68.1,70.5,2090,144944.0,TQBR
2017-08-23,70.8,70.8,67.0,68.5,27090,1912315.0,TQBR
2017-08-24,68.4,69.8,66.5,69.8,61680,4296497.0,TQBR
2017-08-25,69.8,69.8,67.0,68.7,1610,108471.0,TQBR
2017-08-28,68.7,68.8,66.2,68.8,350,23499.0,TQBR
2017-08-29,68.7,68.7,67.0,68.4,500,33643.0,TQBR
2017-08-30,68.6,71.0,68.6,71.0,1200,83769.0,TQBR
2017-08-31,70.0,71.1,69.2,71.0,1320,92533.0,TQBR
2017-09-01,71.5,72.7,70.1,71.6,600,43179.0,TQBR
2017-09-04,72.8,72.9,71.0,72.9,1080,78304.0,TQBR
2017-09-05,72.9,72.9,72.9,72.9,40,2916.0,TQBR
2017-09-06,72.8,72.8,72.8,72.8,10,728.0,TQBR
2017-09-07,72.8,72.9,72.7,72.7,50,3641.0,TQBR
2017-09-08,72.0,72.7,72.0,72.7,20,1447.0,TQBR
2017-09-11,72.8,72.8,67.9,70.5,4100,282303.0,TQBR
2017-09-12,72.6,72.7,71.0,72.7,2150,154746.0,TQBR
2017-09-13,72.9,72.9,68.7,72.3,710,50774.0,TQBR
2017-09-14,72.4,73.2,72.4,72.7,990,71969.0,TQBR
2017-09-15,72.9,73.0,68.3,71.9,1310,91095.0,TQBR
2017-09-18,73.3,73.3,70.7,72.6,260,18699.0,TQBR
2017-09-19,72.8,75.2,72.5,73.0,490,35911.0,TQBR
2017-09-20,73.0,73.6,73.0,73.2,17320,1267826.0,TQBR
2017-09-21,73.7,74.0,73.0,73.9,6060,447868.0,TQBR
2017-09-22,73.9,74.0,73.9,74.0,290,21459.0,TQBR
2017-09-25,74.5,75.0,72.0,75.0,5210,388293.0,TQBR
2017-09-26,75.0,75.5,75.0,75.1,560,42075.0,TQBR
2017-09-27,75.3,75.3,72.2,74.2,980,71302.0,TQBR
2017-09-28,75.6,75.6,70.6,74.0,640,46991.0,TQBR
2017-09-29,74.0,75.5,73.3,75.0,1670,125189.0,TQBR
2017-10-02,72.9,75.0,71.0,74.9,330,24211.0,TQBR
2017-10-03,75.0,75.6,74.9,74.9,130,9799.0,TQBR
2017-10-04,74.6,75.5,72.2,74.0,430,31764.0,TQBR
2017-10-05,75.0,75.0,71.6,73.5,540,39173.0,TQBR
2017-10-06,72.7,74.0,72.7,74.0,20,1467.0,TQBR
2017-10-09,74.7,74.7,72.6,74.0,350,25695.0,TQBR
2017-10-10,74.0,75.0,74.0,74.0,270,20118.0,TQBR
2017-10-11,74.4,74.5,74.4,74.5,110,8193.0,TQBR
2017-10-12,74.5,77.7,74.5,77.0,1100,84423.0,TQBR
2017-10-13,76.1,79.8,76.0,78.0,1030,80891.0,TQBR
2017-10-16,78.0,83.3,78.0,83.1,1290,104967.0,TQBR
2017-10-17,83.5,83.5,79.1,82.0,1010,82077.0,TQBR
2017-10-19,81.1,81.1,78.0,79.0,370,29354.0,TQBR
2017-10-20,79.0,80.5,79.0,80.0,180,14394.0,TQBR
2017-10-23,80.7,82.0,80.7,81.9,280,22861.0,TQBR
2017-10-24,82.0,82.0,80.0,80.0,600,48215.0,TQBR
2017-10-26,79.5,80.5,76.5,79.4,340,26760.0,TQBR
2017-10-27,79.5,79.5,77.5,79.0,200,15790.0,TQBR
2017-10-30,78.1,79.7,78.1,79.5,1310,102481.0,TQBR
2017-10-31,78.5,78.5,77.5,78.4,80,6244.0,TQBR
2017-11-01,77.1,78.5,76.9,77.2,250,19381.0,TQBR
2017-11-02,78.4,79.0,78.4,78.7,1760,139000.0,TQBR
2017-11-03,78.1,79.9,78.1,79.5,290,23044.0,TQBR
2017-11-07,80.0,80.0,77.1,79.0,190,14875.0,TQBR
2017-11-08,78.7,79.5,78.0,78.0,150,11774.0,TQBR
2017-11-09,77.9,77.9,77.9,77.9,300,23370.0,TQBR
2017-11-10,78.0,78.0,78.0,78.0,10,780.0,TQBR
2017-11-13,77.7,81.9,77.0,81.9,2330,186905.0,TQBR
2017-11-14,82.0,82.7,81.1,82.4,120,9838.0,TQBR
2017-11-15,82.5,82.5,80.0,80.0,190,15366.0,TQBR
2017-11-16,80.0,80.0,78.1,79.4,540,42988.0,TQBR
2017-11-17,79.5,79.7,78.9,79.6,90,7153.0,TQBR
2017-11-20,78.8,80.0,78.7,80.0,850,67466.0,TQBR
2017-11-21,79.1,80.3,78.1,79.3,340,26957.0,TQBR
2017-11-22,80.0,80.2,79.7,79.7,520,41586.0,TQBR
2017-11-23,79.6,79.6,78.9,79.0,320,25334.0,TQBR
2017-11-24,78.6,78.9,78.5,78.9,120,9451.0,TQBR
2017-11-28,80.1,80.1,80.0,80.0,310,24801.0,TQBR
2017-11-29,79.1,79.9,79.1,79.9,120,9524.0,TQBR
2017-11-30,79.1,79.1,78.0,78.3,150,11782.0,TQBR
2017-12-01,79.0,79.0,76.0,78.0,640,49514.0,TQBR
2017-12-04,76.3,79.7,76.3,78.4,980,75537.0,TQBR
2017-12-05,76.6,78.8,75.7,78.0,1270,97544.0,TQBR
2017-12-06,76.9,78.5,76.1,76.9,310,23854.0,TQBR
2017-12-07,77.0,77.0,74.4,74.9,1390,104970.0,TQBR
2017-12-08,74.6,75.0,70.0,73.7,3160,226092.0,TQBR
2017-12-11,74.5,74.5,74.5,74.5,690,51405.0,TQBR
2017-12-12,74.5,75.0,74.5,75.0,850,63490.0,TQBR
2017-12-13,74.1,75.5,74.0,74.0,210,15660.0,TQBR
2017-12-14,73.6,75.4,73.5,73.5,390,28861.0,TQBR
2017-12-15,73.5,73.5,73.5,73.5,10,735.0,TQBR
2017-12-18,72.2,74.5,72.0,74.5,420,30888.0,TQBR
2017-12-19,73.6,73.6,71.6,72.9,500,36166.0,TQBR
2017-12-20,72.9,72.9,71.3,72.9,70,5087.0,TQBR
2017-12-21,70.6,73.1,70.6,71.8,2380,170800.0,TQBR
2017-12-22,70.9,71.3,70.0,70.0,440,30927.0,TQBR
2017-12-25,70.7,79.0,70.0,78.0,4740,353200.0,TQBR
2017-12-26,77.5,79.5,77.5,79.3,920,72673.0,TQBR
2017-12-27,79.3,79.5,78.0,78.0,260,20491.0,TQBR
2017-12-28,78.0,78.5,77.5,77.5,350,27295.0,TQBR
2017-12-29,78.0,78.5,78.0,78.4,30,2349.0,TQBR
2018-01-03,78.4,79.1,78.4,79.1,1010,79739.0,TQBR
2018-01-04,79.0,79.0,78.9,79.0,160,12635.0,TQBR
2018-01-05,78.8,78.8,77.9,77.9,110,8604.0,TQBR
2018-01-09,77.7,78.6,73.5,78.0,480,37020.0,TQBR
2018-01-10,77.7,79.0,77.6,79.0,920,71809.0,TQBR
2018-01-11,79.2,80.5,75.5,78.5,3080,239928.0,TQBR
2018-01-12,77.3,77.8,76.0,76.4,1100,84294.0,TQBR
2018-01-15,76.5,76.5,75.5,75.5,40,3030.0,TQBR
2018-01-16,76.4,76.4,74.2,75.4,260,19483.0,TQBR
2018-01-17,76.1,78.3,75.4,78.3,1300,100379.0,TQBR
2018-01-18,77.1,77.4,75.0,77.4,2640,200817.0,TQBR
2018-01-19,77.5,77.7,76.8,77.7,790,60838.0,TQBR
2018-01-22,77.2,78.4,77.2,78.4,780,60765.0,TQBR
2018-01-23,77.9,79.4,77.4,78.4,890,69765.0,TQBR
2018-01-24,77.4,78.3,77.0,77.0,150,11611.0,TQBR
2018-01-25,77.0,77.0,76.1,76.1,30,2301.0,TQBR
2018-01-26,77.8,77.8,75.3,75.3,450,34218.0,TQBR
2018-01-29,75.4,75.8,73.5,75.4,810,60395.0,TQBR
2018-01-30,75.0,75.0,74.0,74.0,140,10416.0,TQBR
2018-01-31,75.0,75.5,74.9,75.1,880,66016.0,TQBR
2018-02-01,74.1,75.6,74.1,75.6,20,1497.0,TQBR
2018-02-02,75.6,75.6,75.6,75.6,20,1512.0,TQBR
2018-02-05,74.6,74.6,73.0,73.3,640,46981.0,TQBR
2018-02-06,73.0,75.5,73.0,73.1,570,42278.0,TQBR
2018-02-07,74.6,74.6,73.0,73.0,240,17643.0,TQBR
2018-02-08,72.6,73.9,71.5,73.6,710,51405.0,TQBR
2018-02-09,73.6,73.6,72.0,72.9,410,30026.0,TQBR
2018-02-12,72.1,73.5,72.0,73.4,330,24052.0,TQBR
2018-02-13,72.3,74.3,71.1,74.0,450,32774.0,TQBR
2018-02-14,74.0,74.5,73.9,74.0,640,47529.0,TQBR
2018-02-15,73.6,73.6,73.4,73.5,1520,111720.0,TQBR
2018-02-16,73.6,74.4,73.0,74.4,90,6611.0,TQBR
2018-02-19,73.9,73.9,73.9,73.9,10,739.0,TQBR
2018-02-20,72.6,74.0,72.6,74.0,470,34399.0,TQBR
2018-02-21,73.1,73.2,66.9,73.0,1510,107378.0,TQBR
2018-02-22,72.9,74.2,71.6,71.6,960,70197.0,TQBR
2018-02-26,72.8,76.2,72.8,74.5,1080,79640.0,TQBR
2018-02-27,75.0,75.4,75.0,75.4,20,1504.0,TQBR
2018-02-28,74.1,74.1,74.0,74.0,70,5184.0,TQBR
2018-03-01,74.7,74.7,74.7,74.7,10,747.0,TQBR
2018-03-02,72.8,72.8,72.6,72.6,80,5815.0,TQBR
2018-03-05,73.5,73.7,71.6,73.0,470,34172.0,TQBR
2018-03-06,72.0,74.0,71.6,74.0,290,21329.0,TQBR
2018-03-07,73.1,73.9,73.1,73.9,60,4410.0,TQBR
2018-03-12,73.1,73.8,73.1,73.8,20,1469.0,TQBR
2018-03-14,74.0,74.0,72.1,73.5,560,40832.0,TQBR
2018-03-15,73.1,73.1,73.1,73.1,30,2193.0,TQBR
2018-03-16,73.0,74.4,73.0,74.4,110,8129.0,TQBR
2018-03-19,73.0,73.0,70.8,72.4,1580,113830.0,TQBR
2018-03-20,71.5,72.5,71.5,71.9,80,5761.0,TQBR
2018-03-21,71.7,72.9,71.0,72.9,220,15752.0,TQBR
2018-03-23,71.6,71.6,70.0,70.8,520,36586.0,TQBR
2018-03-26,70.1,70.9,70.1,70.9,390,27533.0,TQBR
2018-03-27,70.8,70.9,70.8,70.9,50,3543.0,TQBR
2018-03-28,68.8,73.7,66.4,71.8,450,30835.0,TQBR
2018-03-29,70.9,71.8,70.9,71.8,200,14193.0,TQBR
2018-03-30,72.0,72.9,71.0,71.9,390,28235.0,TQBR
2018-04-03,71.9,72.7,70.5,70.6,90,6452.0,TQBR
2018-04-04,72.5,72.5,72.5,72.5,10,725.0,TQBR
2018-04-05,70.9,71.8,70.2,71.8,70,4973.0,TQBR
2018-04-06,70.7,71.7,69.8,69.9,660,46330.0,TQBR
2018-04-09,67.9,68.1,65.5,66.7,920,62147.0,TQBR
2018-04-10,66.2,66.2,60.0,64.0,9470,587728.0,TQBR
2018-04-11,66.0,66.4,58.7,63.5,4720,289525.0,TQBR
2018-04-12,63.1,63.1,60.0,62.4,2240,136597.0,TQBR
2018-04-13,61.1,62.9,60.4,61.9,1260,76708.0,TQBR
2018-04-16,59.2,62.0,59.2,62.0,550,33342.0,TQBR
2018-04-17,61.2,64.0,60.0,61.5,2430,147116.0,TQBR
2018-04-18,60.6,64.8,60.0,64.8,590,36976.0,TQBR
2018-04-19,64.8,66.0,64.0,64.6,1260,81879.0,TQBR
2018-04-20,64.3,64.3,64.0,64.0,30,1923.0,TQBR
2018-04-23,64.9,65.0,64.0,64.0,560,36375.0,TQBR
2018-04-25,63.1,64.5,62.1,63.5,400,25000.0,TQBR
2018-04-26,63.4,66.8,62.0,64.0,1500,95830.0,TQBR
2018-04-27,63.1,64.2,62.2,63.8,1270,79542.0,TQBR
2018-04-28,64.3,64.5,64.3,64.3,120,7724.0,TQBR
2018-04-30,65.0,66.0,65.0,66.0,50,3280.0,TQBR
2018-05-02,67.0,67.9,65.9,65.9,360,24021.0,TQBR
2018-05-03,65.5,65.5,64.2,64.8,260,16727.0,TQBR
2018-05-04,64.7,64.8,64.0,64.0,100,6440.0,TQBR
2018-05-07,64.1,64.5,63.0,64.0,100,6391.0,TQBR
2018-05-08,64.0,64.0,62.0,63.9,1020,63352.0,TQBR
2018-05-10,63.0,65.4,63.0,65.4,710,45836.0,TQBR
2018-05-11,65.0,66.0,64.0,65.5,600,39017.0,TQBR
2018-05-14,64.5,68.4,64.5,67.0,1830,120072.0,TQBR
2018-05-15,67.1,67.1,66.0,66.0,80,5312.0,TQBR
2018-05-16,69.1,69.3,69.1,69.1,210,14522.0,TQBR
2018-05-17,69.7,69.8,66.2,68.9,500,33586.0,TQBR
2018-05-18,70.1,70.1,66.0,67.6,1000,66459.0,TQBR
2018-05-22,69.5,69.5,66.0,68.0,120,8100.0,TQBR
2018-05-23,67.1,67.1,66.0,66.9,100,6655.0,TQBR
2018-05-24,66.0,66.7,66.0,66.7,180,11887.0,TQBR
2018-05-25,66.9,66.9,63.2,65.9,560,35891.0,TQBR
2018-05-28,64.8,65.8,64.0,65.8,180,11578.0,TQBR
2018-05-29,62.9,62.9,62.9,62.9,10,629.0,TQBR
2018-05-30,64.8,65.0,63.9,63.9,430,27730.0,TQBR
2018-05-31,66.5,68.9,65.0,65.0,1490,101162.0,TQBR
2018-06-01,65.1,67.8,65.0,67.8,310,20576.0,TQBR
2018-06-04,66.0,66.3,61.0,64.0,1950,123327.0,TQBR
2018-06-05,62.2,63.6,58.8,60.3,26500,1587423.0,TQBR
2018-06-06,61.9,62.1,59.0,60.7,4120,244859.0,TQBR
2018-06-07,59.3,60.3,59.3,60.3,260,15606.0,TQBR
2018-06-08,60.5,60.5,59.5,59.6,730,43827.0,TQBR
2018-06-09,59.5,60.4,59.5,60.4,450,27171.0,TQBR
2018-06-11,60.2,60.2,60.2,60.2,10,602.0,TQBR
2018-06-13,59.3,60.3,59.3,60.3,100,5987.0,TQBR
2018-06-15,60.4,60.4,59.3,59.3,860,51421.0,TQBR
2018-06-18,59.2,59.8,58.6,59.8,370,21896.0,TQBR
2018-06-19,59.1,59.1,57.3,58.0,1310,76602.0,TQBR
2018-06-20,58.1,58.9,57.6,58.9,220,12756.0,TQBR
2018-06-21,58.0,59.4,57.7,59.4,660,38233.0,TQBR
2018-06-25,57.9,58.3,57.1,58.3,960,55018.0,TQBR
2018-06-26,57.2,57.8,57.1,57.8,290,16634.0,TQBR
2018-06-27,57.9,57.9,57.9,57.9,130,7527.0,TQBR
2018-06-28,58.5,58.5,58.5,58.5,20,1170.0,TQBR
2018-06-29,58.5,59.5,58.5,59.4,80,4724.0,TQBR
2018-07-02,58.5,58.9,56.9,58.4,3380,194011.0,TQBR
2018-07-03,58.8,59.0,58.6,59.0,500,29483.0,TQBR
2018-07-04,58.9,59.2,58.5,58.5,110,6486.0,TQBR
2018-07-06,59.3,61.0,59.3,60.1,460,27550.0,TQBR
2018-07-09,61.2,61.9,58.3,60.1,800,48314.0,TQBR
2018-07-10,60.6,60.7,59.8,60.4,220,13328.0,TQBR
2018-07-11,61.0,62.6,61.0,62.1,1650,102275.0,TQBR
2018-07-12,62.4,62.5,62.4,62.5,80,4994.0,TQBR
2018-07-13,60.4,60.7,56.8,59.2,5920,348378.0,TQBR
2018-07-16,59.0,59.1,59.0,59.0,350,20664.0,TQBR
2018-07-17,59.0,59.2,58.6,58.6,100,5886.0,TQBR
2018-07-18,58.9,58.9,57.4,58.0,260,15161.0,TQBR
2018-07-19,58.0,59.4,58.0,58.4,530,30933.0,TQBR
2018-07-20,58.8,58.8,58.0,58.0,250,14557.0,TQBR
2018-07-23,58.2,59.6,58.2,59.1,400,23669.0,TQBR
2018-07-24,59.4,59.4,58.1,58.9,70,4102.0,TQBR
2018-07-25,59.4,59.9,58.7,58.7,780,46183.0,TQBR
2018-07-26,59.9,59.9,58.7,58.7,420,25146.0,TQBR
2018-07-27,59.9,60.0,59.4,59.4,730,43398.0,TQBR
2018-07-30,60.4,60.5,59.6,60.4,90,5421.0,TQBR
2018-07-31,60.4,60.4,60.0,60.0,200,12032.0,TQBR
2018-08-01,59.4,59.4,59.4,59.4,30,1782.0,TQBR
2018-08-02,59.2,59.8,58.0,59.8,220,13010.0,TQBR
2018-08-03,58.2,59.0,58.0,59.0,40,2332.0,TQBR
2018-08-06,58.2,59.0,55.4,59.0,280,16132.0,TQBR
2018-08-07,58.6,58.6,58.6,58.6,10,586.0,TQBR
2018-08-08,58.2,58.4,58.2,58.4,40,2334.0,TQBR
2018-08-09,58.2,58.2,56.2,58.0,670,37828.0,TQBR
2018-08-10,58.0,58.0,56.4,56.4,910,51570.0,TQBR
2018-08-13,56.2,58.0,56.0,58.0,530,30366.0,TQBR
2018-08-14,58.0,58.6,58.0,58.6,770,45090.0,TQBR
2018-08-15,58.6,59.0,58.4,58.4,140,8194.0,TQBR
2018-08-16,60.0,61.0,58.6,58.6,150,8894.0,TQBR
2018-08-20,59.4,60.0,59.4,60.0,160,9578.0,TQBR
2018-08-21,60.0,62.0,60.0,60.0,470,28734.0,TQBR
2018-08-22,59.2,59.2,59.2,59.2,30,1776.0,TQBR
2018-08-23,59.0,59.0,57.6,57.6,810,46884.0,TQBR
2018-08-24,57.8,57.8,54.2,55.6,1350,75138.0,TQBR
2018-08-27,55.0,56.8,55.0,56.0,1560,87128.0,TQBR
2018-08-28,56.8,58.0,55.6,55.6,450,25638.0,TQBR
2018-08-29,56.0,58.2,56.0,56.2,400,22976.0,TQBR
2018-08-30,57.2,57.2,54.6,55.6,730,40206.0,TQBR
2018-08-31,56.6,56.6,56.4,56.4,20,1130.0,TQBR
2018-09-03,55.4,55.4,54.2,54.2,580,31816.0,TQBR
2018-09-04,54.2,55.0,54.2,55.0,370,20276.0,TQBR
2018-09-05,55.4,55.4,55.4,55.4,30,1662.0,TQBR
2018-09-06,55.0,55.0,54.2,54.4,800,43410.0,TQBR
2018-09-07,55.0,56.8,54.0,54.2,560,30722.0,TQBR
2018-09-10,54.0,54.8,54.0,54.8,320,17304.0,TQBR
2018-09-11,53.6,54.4,53.0,53.4,220,11756.0,TQBR
2018-09-12,54.2,55.0,52.6,52.6,540,29138.0,TQBR
2018-09-13,53.2,53.2,53.2,53.2,10,532.0,TQBR
2018-09-17,54.2,54.2,54.2,54.2,10,542.0,TQBR
2018-09-18,52.8,54.4,52.0,53.6,640,33934.0,TQBR
2018-09-19,53.0,56.2,53.0,53.4,670,36746.0,TQBR
2018-09-20,56.8,57.6,54.0,54.0,470,26220.0,TQBR
2018-09-21,55.0,55.0,55.0,55.0,40,2200.0,TQBR
2018-09-25,54.6,55.0,54.0,55.0,60,3276.0,TQBR
2018-09-26,54.0,54.0,53.6,53.6,120,6476.0,TQBR
2018-09-27,54.8,54.8,54.8,54.8,20,1096.0,TQBR
2018-09-28,54.6,54.6,53.0,54.6,230,12302.0,TQBR
2018-10-01,54.6,54.6,52.8,53.0,370,19682.0,TQBR
2018-10-02,54.4,54.4,51.8,53.6,440,23210.0,TQBR
2018-10-03,53.8,53.8,51.0,52.2,3100,159936.0,TQBR
2018-10-04,52.0,52.0,52.0,52.0,60,3120.0,TQBR
2018-10-05,51.4,52.4,50.6,51.4,750,38458.0,TQBR
2018-10-08,50.6,51.0,50.6,51.0,70,3566.0,TQBR
2018-10-09,50.4,50.4,49.6,50.0,2490,124536.0,TQBR
2018-10-10,50.0,50.2,50.0,50.2,70,3506.0,TQBR
2018-10-11,52.4,52.4,51.0,51.6,50,2580.0,TQBR
2018-10-12,51.0,51.8,49.8,51.8,1090,54676.0,TQBR
2018-10-15,51.2,51.2,51.2,51.2,20,1024.0,TQBR
2018-10-16,51.0,51.0,50.0,51.0,40,2030.0,TQBR
2018-10-17,51.8,51.8,51.8,51.8,10,518.0,TQBR
2018-10-18,50.0,51.0,50.0,51.0,30,1520.0,TQBR
2018-10-19,50.4,52.0,50.2,51.8,1020,51326.0,TQBR
2018-10-22,51.8,51.8,50.2,51.4,510,25692.0,TQBR
2018-10-23,50.0,51.0,49.8,51.0,160,8038.0,TQBR
2018-10-24,51.2,51.2,50.2,51.2,70,3574.0,TQBR
2018-10-25,50.0,50.6,50.0,50.6,90,4524.0,TQBR
2018-10-26,50.2,50.2,50.2,50.2,30,1506.0,TQBR
2018-10-29,50.2,50.2,49.2,49.8,350,17404.0,TQBR
2018-10-30,50.0,50.2,49.8,50.2,1040,52108.0,TQBR
2018-10-31,50.6,51.0,50.6,51.0,30,1526.0,TQBR
2018-11-01,51.0,51.0,51.0,51.0,20,1020.0,TQBR
2018-11-02,51.0,51.8,50.6,50.6,1780,91964.0,TQBR
2018-11-06,50.2,51.0,49.6,51.0,70,3506.0,TQBR
2018-11-07,51.0,51.0,51.0,51.0,10,510.0,TQBR
2018-11-08,51.8,55.4,51.8,53.0,800,42860.0,TQBR
2018-11-09,52.2,52.2,52.0,52.0,690,35886.0,TQBR
2018-11-12,52.0,52.0,51.0,51.0,110,5642.0,TQBR
2018-11-13,53.0,54.4,53.0,53.6,390,20858.0,TQBR
2018-11-14,52.0,56.2,52.0,55.0,1510,80840.0,TQBR
2018-11-15,56.0,58.2,55.4,57.6,590,33420.0,TQBR
2018-11-16,57.8,57.8,55.0,55.0,140,7838.0,TQBR
2018-11-19,56.0,59.0,56.0,58.0,470,27486.0,TQBR
2018-11-20,57.0,58.8,57.0,57.0,430,24758.0,TQBR
2018-11-21,54.6,57.0,54.6,55.6,320,17744.0,TQBR
2018-11-22,56.0,56.0,55.0,55.0,90,4990.0,TQBR
2018-11-23,55.0,55.0,55.0,55.0,230,12650.0,TQBR
2018-11-26,54.2,54.4,52.4,52.6,2040,108896.0,TQBR
2018-11-27,52.6,59.2,52.6,56.6,750,41046.0,TQBR
2018-11-28,59.0,59.6,54.2,55.2,560,31772.0,TQBR
2018-11-29,54.4,58.8,54.2,55.2,1000,54990.0,TQBR
2018-11-30,55.8,55.8,55.8,55.8,10,558.0,TQBR
2018-12-03,54.8,58.0,53.8,56.0,1940,105950.0,TQBR
2018-12-05,54.2,54.4,53.0,54.2,3230,171672.0,TQBR
2018-12-07,53.4,53.6,53.4,53.6,20,1070.0,TQBR
2018-12-10,55.4,55.4,54.4,54.4,210,11500.0,TQBR
2018-12-11,53.4,53.4,53.2,53.2,290,15484.0,TQBR
2018-12-12,53.2,53.2,49.0,50.8,11970,597414.0,TQBR
2018-12-13,52.0,52.4,48.6,52.0,3700,182816.0,TQBR
2018-12-14,51.2,51.2,49.6,50.0,630,31722.0,TQBR
2018-12-17,50.6,52.2,50.6,52.0,750,38990.0,TQBR
2018-12-18,49.4,50.2,48.6,49.2,1360,67354.0,TQBR
2018-12-19,49.8,50.6,49.8,50.6,160,8004.0,TQBR
2018-12-20,50.0,50.8,50.0,50.8,520,26234.0,TQBR
2018-12-21,50.2,50.2,50.0,50.0,30,1504.0,TQBR
2018-12-24,49.4,49.8,49.4,49.8,100,4948.0,TQBR
2018-12-25,49.2,49.4,49.2,49.4,810,39900.0,TQBR
2018-12-26,49.4,49.6,46.4,48.2,4620,221240.0,TQBR
2018-12-27,48.2,48.6,48.0,48.4,490,23710.0,TQBR
2018-12-28,48.2,48.2,46.6,48.0,1030,48760.0,TQBR
2018-12-29,49.0,49.0,48.0,48.8,380,18520.0,TQBR
2019-01-03,49.6,50.2,49.0,49.0,410,20356.0,TQBR
2019-01-04,48.2,48.8,48.2,48.6,80,3896.0,TQBR
2019-01-08,49.2,49.2,48.8,49.0,440,21520.0,TQBR
2019-01-09,48.8,48.8,48.4,48.8,200,9736.0,TQBR
2019-01-10,46.6,49.4,46.4,49.4,210,10010.0,TQBR
2019-01-11,49.0,56.8,49.0,54.0,13610,728436.0,TQBR
2019-01-14,55.6,61.6,54.0,56.8,21740,1252900.0,TQBR
2019-01-15,56.2,57.0,52.4,56.0,3820,206950.0,TQBR
2019-01-16,55.8,56.2,53.2,56.2,900,49788.0,TQBR
2019-01-17,56.0,56.8,54.2,56.0,4160,232144.0,TQBR
2019-01-18,55.6,56.0,53.6,55.6,940,52134.0,TQBR
2019-01-21,57.0,57.2,53.6,56.2,1330,72722.0,TQBR
2019-01-22,55.2,56.2,54.2,55.2,660,36424.0,TQBR
2019-01-23,55.8,57.4,55.0,57.4,3260,183124.0,TQBR
2019-01-24,56.4,57.6,56.0,57.0,1190,68310.0,TQBR
2019-01-25,56.4,60.2,56.4,59.0,1850,106498.0,TQBR
2019-01-28,58.2,61.0,58.2,60.4,1630,97084.0,TQBR
2019-01-29,59.8,64.6,59.8,62.0,1050,65300.0,TQBR
2019-01-30,63.0,64.6,63.0,64.0,2100,133292.0,TQBR
2019-01-31,64.6,68.0,62.0,65.2,3940,255294.0,TQBR
2019-02-01,66.4,66.4,60.8,61.4,3200,199070.0,TQBR
2019-02-04,62.6,86.4,62.6,71.6,52640,3985832.0,TQBR
2019-02-05,71.0,71.0,65.8,67.8,9010,610164.0,TQBR
2019-02-06,67.0,69.0,65.2,68.8,3490,234314.0,TQBR
2019-02-07,69.0,70.0,64.0,66.6,3040,206668.0,TQBR
2019-02-08,65.4,68.0,65.4,66.4,1400,92736.0,TQBR
2019-02-11,67.0,67.0,63.6,66.2,1520,99566.0,TQBR
2019-02-12,65.8,66.6,65.2,66.0,530,34926.0,TQBR
2019-02-13,66.0,66.6,63.0,64.2,1740,112158.0,TQBR
2019-02-14,64.2,68.4,63.0,64.2,880,58320.0,TQBR
2019-02-15,64.0,64.0,63.2,63.6,430,27286.0,TQBR
2019-02-18,63.2,63.2,62.4,62.4,370,23102.0,TQBR
2019-02-19,63.0,63.2,61.0,63.2,390,24232.0,TQBR
2019-02-20,63.0,63.0,62.4,63.0,200,12568.0,TQBR
2019-02-21,63.8,64.2,59.0,61.2,5390,329950.0,TQBR
2019-02-22,62.0,62.0,61.0,61.8,700,43010.0,TQBR
2019-02-25,61.0,61.6,60.8,60.8,130,7994.0,TQBR
2019-02-26,60.8,60.8,59.0,59.8,310,18502.0,TQBR
2019-02-27,60.0,60.0,57.2,58.6,1490,87190.0,TQBR
2019-02-28,58.4,58.6,57.0,58.6,1670,96146.0,TQBR
2019-03-01,59.6,59.6,56.8,58.0,240,13898.0,TQBR
2019-03-04,57.2,57.8,57.2,57.4,200,11462.0,TQBR
2019-03-05,57.2,57.4,57.0,57.4,560,31962.0,TQBR
2019-03-06,57.6,57.6,55.0,56.8,2970,165930.0,TQBR
2019-03-07,58.0,58.0,56.2,57.0,620,35298.0,TQBR
2019-03-11,57.6,69.6,56.8,58.4,15400,958714.0,TQBR
2019-03-12,58.4,60.6,57.4,59.8,1850,108564.0,TQBR
2019-03-13,59.0,62.8,58.8,60.6,1200,73360.0,TQBR
2019-03-14,59.8,85.0,59.6,81.0,142920,11452852.0,TQBR
2019-03-15,83.0,87.8,69.4,70.0,52800,4016120.0,TQBR
2019-03-18,70.4,70.8,65.8,67.6,4710,326222.0,TQBR
2019-03-19,68.8,90.0,67.6,74.4,72560,5712968.0,TQBR
2019-03-20,74.6,79.0,72.0,74.0,16170,1216806.0,TQBR
2019-03-21,73.2,75.0,70.4,70.8,3830,277412.0,TQBR
2019-03-22,71.0,73.0,70.4,73.0,2050,147140.0,TQBR
2019-03-25,73.8,73.8,70.0,70.0,1370,96852.0,TQBR
2019-03-26,70.4,70.4,67.2,68.0,2750,187598.0,TQBR
2019-03-27,68.6,68.6,66.0,66.8,1670,111652.0,TQBR
2019-03-28,66.2,67.8,66.2,67.2,840,56116.0,TQBR
2019-03-29,67.0,67.0,65.8,67.0,440,29270.0,TQBR
2019-04-01,66.2,70.4,66.2,68.4,2230,153422.0,TQBR
2019-04-02,68.0,69.0,67.8,68.8,1300,89508.0,TQBR
2019-04-03,68.0,68.8,68.0,68.8,530,36124.0,TQBR
2019-04-04,68.8,68.8,68.0,68.8,1900,130700.0,TQBR
2019-04-05,69.0,69.0,68.0,68.8,350,24118.0,TQBR
2019-04-08,68.8,73.0,66.2,72.2,7800,545274.0,TQBR
2019-04-09,72.6,82.4,67.6,68.8,14710,1059724.0,TQBR
2019-04-10,68.8,70.2,68.6,69.4,1530,106454.0,TQBR
2019-04-11,69.4,71.0,69.4,70.2,840,58532.0,TQBR
2019-04-12,70.4,71.0,70.0,70.8,550,38864.0,TQBR
2019-04-15,71.0,72.4,70.2,71.8,1290,92434.0,TQBR
2019-04-16,71.8,72.2,70.6,70.6,500,35828.0,TQBR
2019-04-17,70.6,70.6,70.6,70.6,10,706.0,TQBR
2019-04-18,70.4,70.6,66.2,68.4,1250,84396.0,TQBR
2019-04-19,68.0,68.8,68.0,68.8,100,6866.0,TQBR
2019-04-22,68.6,68.6,62.6,67.6,2350,155148.0,TQBR
2019-04-23,66.4,67.6,65.0,65.0,810,53600.0,TQBR
2019-04-24,64.8,65.4,63.0,65.0,2250,143812.0,TQBR
2019-04-25,65.8,67.8,65.8,66.4,1040,69904.0,TQBR
2019-04-26,67.0,67.8,66.6,67.6,330,22040.0,TQBR
2019-04-29,67.2,68.6,67.2,68.6,210,14300.0,TQBR
2019-04-30,68.0,69.4,67.4,69.4,590,40440.0,TQBR
2019-05-02,68.8,69.0,68.8,69.0,110,7582.0,TQBR
2019-05-03,68.0,70.5,68.0,69.0,570,39554.0,TQBR
2019-05-06,68.7,68.9,68.5,68.9,50,3436.0,TQBR
2019-05-07,69.0,69.0,67.0,68.2,260,17739.0,TQBR
2019-05-08,69.2,70.0,68.4,68.9,40,2765.0,TQBR
2019-05-10,67.7,67.7,65.3,65.3,1480,97842.0,TQBR
2019-05-13,65.5,66.7,63.7,65.0,890,57602.0,TQBR
2019-05-14,64.8,64.9,64.8,64.9,60,3893.0,TQBR
2019-05-15,63.9,66.2,63.9,66.2,100,6584.0,TQBR
2019-05-16,64.9,65.3,63.6,65.3,920,59419.0,TQBR
2019-05-17,65.4,67.0,64.5,66.2,420,27670.0,TQBR
2019-05-20,66.4,66.4,63.6,64.8,3430,222889.0,TQBR
2019-05-21,64.6,65.8,63.1,65.8,730,46483.0,TQBR
2019-05-22,65.1,65.1,61.8,63.0,1820,114576.0,TQBR
2019-05-23,63.8,63.8,61.8,62.3,770,47997.0,TQBR
2019-05-24,62.5,64.8,62.5,64.8,1620,103901.0,TQBR
2019-05-27,63.8,64.0,51.0,64.0,6840,402792.0,TQBR
2019-05-28,64.0,64.3,63.0,63.9,620,39315.0,TQBR
2019-05-29,63.4,63.4,63.0,63.0,190,11982.0,TQBR
2019-05-30,62.3,63.0,62.0,63.0,530,33037.0,TQBR
2019-05-31,62.5,63.4,62.5,63.3,380,23804.0,TQBR
2019-06-03,63.0,63.0,62.1,62.2,300,18743.0,TQBR
2019-06-04,62.2,62.5,62.2,62.5,20,1247.0,TQBR
2019-06-05,62.8,62.8,61.2,62.0,290,18022.0,TQBR
2019-06-06,62.0,62.0,62.0,62.0,1640,101680.0,TQBR
2019-06-07,62.0,62.0,60.8,61.7,450,27608.0,TQBR
2019-06-13,62.0,62.0,62.0,62.0,40,2480.0,TQBR
2019-06-14,62.9,64.7,62.9,63.3,300,19086.0,TQBR
2019-06-17,63.4,64.7,63.0,64.5,2080,133494.0,TQBR
2019-06-18,64.5,65.2,64.3,64.4,80,5185.0,TQBR
2019-06-19,64.0,64.0,61.0,62.9,980,60954.0,TQBR
2019-06-20,65.2,66.2,64.0,65.9,2850,185472.0,TQBR
2019-06-21,66.1,68.6,65.2,67.0,1290,86709.0,TQBR
2019-06-24,66.3,66.3,66.0,66.2,140,9265.0,TQBR
2019-06-25,66.5,68.0,66.4,68.0,400,26954.0,TQBR
2019-06-26,67.4,67.9,67.4,67.5,550,37119.0,TQBR
2019-06-27,67.2,67.9,65.3,65.8,1290,85034.0,TQBR
2019-06-28,65.9,65.9,65.9,65.9,1,65.9,SMAL
2019-07-01,61.5,65.5,61.5,65.0,130,8414.0,TQBR
2019-07-02,64.4,64.4,62.0,63.9,620,39357.0,TQBR
2019-07-03,63.9,63.9,61.1,63.8,680,42310.0,TQBR
2019-07-04,62.1,63.8,61.2,62.9,530,33057.0,TQBR
2019-07-05,62.7,64.0,62.7,64.0,170,10777.0,TQBR
2019-07-08,63.2,63.8,62.9,63.0,930,58601.0,TQBR
2019-07-09,62.6,62.9,62.1,62.6,170,10620.0,TQBR
2019-07-10,63.8,63.8,62.1,62.1,1670,105189.0,TQBR
2019-07-11,62.8,63.8,62.8,63.6,140,8891.0,TQBR
2019-07-12,62.8,62.9,62.8,62.8,760,47789.0,TQBR
2019-07-15,62.1,62.5,62.0,62.3,240,14929.0,TQBR
2019-07-16,62.2,65.8,62.2,64.0,1360,85180.0,TQBR
2019-07-17,62.4,63.4,62.3,62.3,840,52955.0,TQBR
2019-07-18,63.4,63.4,62.2,63.3,1160,72376.0,TQBR
2019-07-19,64.3,64.3,61.9,62.0,4760,295469.0,TQBR
2019-07-22,63.0,63.9,56.1,61.0,1460,88464.0,TQBR
2019-07-23,60.4,61.6,58.8,60.0,1750,105567.0,TQBR
2019-07-24,59.0,61.0,58.0,61.0,870,51563.0,TQBR
2019-07-25,60.9,61.8,60.8,61.7,100,6118.0,TQBR
2019-07-26,61.7,61.7,60.0,61.0,220,13253.0,TQBR
2019-07-29,60.8,60.8,60.5,60.5,80,4849.0,TQBR
2019-07-30,61.4,61.6,60.8,60.8,410,25147.0,TQBR
2019-07-31,61.0,61.8,60.6,60.8,250,15387.0,TQBR
2019-08-01,61.1,61.1,60.5,60.5,240,14612.0,TQBR
2019-08-02,60.4,60.5,59.6,60.2,380,22848.0,TQBR
2019-08-05,60.3,60.4,59.3,60.2,260,15570.0,TQBR
2019-08-06,59.6,60.5,59.6,60.5,180,10852.0,TQBR
2019-08-07,60.6,61.0,60.6,60.6,90,5471.0,TQBR
2019-08-08,60.3,61.1,60.3,61.1,60,3634.0,TQBR
2019-08-09,60.1,60.5,60.1,60.2,100,6015.0,TQBR
2019-08-12,61.1,61.1,60.9,60.9,30,1829.0,TQBR
2019-08-13,60.1,61.2,60.1,60.9,110,6664.0,TQBR
2019-08-14,60.1,61.2,60.1,60.5,70,4238.0,TQBR
2019-08-15,60.4,60.9,60.0,60.9,30,1813.0,TQBR
2019-08-16,59.7,60.4,58.7,58.7,650,38663.0,TQBR
2019-08-19,58.5,59.8,58.0,59.8,260,15338.0,TQBR
2019-08-20,60.0,60.5,59.0,59.9,870,51685.0,TQBR
2019-08-21,58.8,59.4,58.8,59.0,30,1772.0,TQBR
2019-08-22,59.9,61.3,59.5,61.3,440,26571.0,TQBR
2019-08-23,59.6,61.2,59.6,61.0,710,42768.0,TQBR
2019-08-26,60.9,60.9,59.3,60.9,30,1811.0,TQBR
2019-08-27,59.8,60.7,59.8,60.1,50,3007.0,TQBR
2019-08-28,60.0,60.0,57.1,59.7,1030,60028.0,TQBR
2019-08-29,59.6,61.0,59.1,61.0,720,43205.0,TQBR
2019-09-02,60.5,62.4,60.5,61.0,240,14764.0,TQBR
2019-09-03,63.6,63.6,60.6,61.9,130,8063.0,TQBR
2019-09-04,60.5,62.6,60.5,62.0,370,22953.0,TQBR
2019-09-05,63.2,63.2,61.0,61.0,1460,89597.0,TQBR
2019-09-06,61.4,61.5,60.6,60.6,120,7359.0,TQBR
2019-09-09,61.3,61.3,61.2,61.2,670,41005.0,TQBR
2019-09-10,60.3,60.4,60.2,60.2,560,33738.0,TQBR
2019-09-11,61.0,62.0,60.0,60.1,460,27714.0,TQBR
2019-09-12,61.3,61.3,59.8,60.0,70,4215.0,TQBR
2019-09-13,62.3,64.4,61.9,62.5,1340,84403.0,TQBR
2019-09-16,61.3,64.0,61.3,64.0,1110,68936.0,TQBR
2019-09-17,62.6,63.2,62.6,63.2,60,3770.0,TQBR
2019-09-18,64.0,65.0,62.5,62.5,1860,117224.0,TQBR
2019-09-19,63.7,63.7,63.0,63.0,30,1903.0,TQBR
2019-09-20,62.1,62.6,62.1,62.6,30,1868.0,TQBR
2019-09-23,63.7,63.7,62.0,62.3,270,16926.0,TQBR
2019-09-24,62.3,62.7,62.3,62.6,60,3753.0,TQBR
2019-09-25,62.1,62.1,61.1,61.9,270,16713.0,TQBR
2019-09-26,61.9,61.9,61.9,61.9,10,619.0,TQBR
2019-09-27,62.9,66.7,61.9,63.4,10440,658390.0,TQBR
2019-09-30,63.4,63.4,62.0,62.0,1390,86645.0,TQBR
2019-10-01,62.0,63.9,62.0,62.7,1580,100417.0,TQBR
2019-10-02,63.2,63.2,61.4,61.4,670,41701.0,TQBR
2019-10-03,63.0,63.4,60.2,60.2,1010,61442.0,TQBR
2019-10-04,61.7,61.7,60.5,60.5,720,43812.0,TQBR
2019-10-07,60.2,61.1,60.1,61.1,340,20624.0,TQBR
2019-10-08,61.3,61.4,61.1,61.1,160,9810.0,TQBR
2019-10-09,60.8,61.5,55.5,59.7,2170,126827.0,TQBR
2019-10-10,60.0,60.1,59.4,60.0,130,7776.0,TQBR
2019-10-11,59.6,60.1,59.6,59.6,210,12545.0,TQBR
2019-10-14,60.0,60.5,60.0,60.5,20,1205.0,TQBR
2019-10-15,59.5,60.1,59.4,59.9,150,8964.0,TQBR
2019-10-16,59.9,61.1,59.9,60.1,1920,116130.0,TQBR
2019-10-17,60.0,61.3,59.8,61.3,1090,66355.0,TQBR
2019-10-21,60.9,61.1,60.0,60.0,1330,80911.0,TQBR
2019-10-22,60.0,60.0,60.0,60.0,90,5400.0,TQBR
2019-10-23,61.2,61.2,61.2,61.2,20,1224.0,TQBR
2019-10-24,60.0,60.0,59.9,59.9,210,12599.0,TQBR
2019-10-25,60.0,60.0,59.8,60.0,2100,125800.0,TQBR
2019-10-28,60.0,60.0,58.5,59.8,1250,73807.0,TQBR
2019-10-29,59.1,61.9,58.0,59.6,2980,178629.0,TQBR
2019-10-30,59.3,61.0,59.3,60.7,190,11455.0,TQBR
2019-10-31,59.4,61.0,59.4,60.8,240,14575.0,TQBR
2019-11-01,60.4,60.8,59.1,59.3,300,17836.0,TQBR
2019-11-05,60.4,60.5,60.4,60.5,180,10884.0,TQBR
2019-11-06,60.8,62.6,59.8,61.5,840,51111.0,TQBR
2019-11-07,62.0,62.0,61.0,61.2,90,5514.0,TQBR
2019-11-08,60.1,62.0,60.1,61.0,140,8538.0,TQBR
2019-11-11,62.0,62.0,60.8,60.8,290,17682.0,TQBR
2019-11-12,60.8,60.8,59.5,60.6,3060,182434.0,TQBR
2019-11-13,60.9,61.7,59.1,59.6,650,39153.0,TQBR
2019-11-14,60.4,80.0,60.0,66.4,94240,6938867.0,TQBR
2019-11-15,68.7,72.7,61.4,61.6,37310,2441252.0,TQBR
2019-11-18,62.5,63.0,60.0,60.1,9530,578980.0,TQBR
2019-11-19,60.1,61.4,60.0,60.2,2180,131710.0,TQBR
2019-11-20,60.3,62.3,60.0,62.3,3040,184589.0,TQBR
2019-11-21,61.9,62.3,61.1,62.1,1610,99807.0,TQBR
2019-11-22,61.6,62.9,61.6,62.6,360,22321.0,TQBR
2019-11-25,62.8,62.9,60.3,61.5,3790,232862.0,TQBR
2019-11-26,61.9,62.2,60.6,61.8,750,46206.0,TQBR
2019-11-27,61.9,61.9,61.8,61.8,50,3091.0,TQBR
2019-11-28,60.8,62.4,60.1,62.4,1680,102471.0,TQBR
2019-11-29,62.4,62.4,61.9,62.0,2470,152979.0,TQBR
2019-12-02,61.8,61.8,60.2,61.3,1270,76717.0,TQBR
2019-12-03,61.2,63.2,60.4,60.9,5570,343501.0,TQBR
2019-12-04,60.9,61.9,60.9,61.0,920,56278.0,TQBR
2019-12-05,61.2,61.2,61.2,61.2,10,612.0,TQBR
2019-12-06,61.5,62.0,60.4,61.4,470,28705.0,TQBR
2019-12-09,61.4,62.7,61.4,62.7,1010,62831.0,TQBR
2019-12-10,61.5,62.7,61.5,61.5,1270,79130.0,TQBR
2019-12-11,62.1,63.5,61.0,62.8,7040,439119.0,TQBR
2019-12-12,62.1,64.3,62.1,63.5,1280,80621.0,TQBR
2019-12-13,62.2,64.0,62.2,63.0,1330,84630.0,TQBR
2019-12-16,64.4,65.0,63.0,64.0,1540,99052.0,TQBR
2019-12-17,64.1,64.1,60.2,64.0,2030,125996.0,TQBR
2019-12-18,63.0,63.9,62.4,63.9,2120,134603.0,TQBR
2019-12-19,63.9,64.0,63.9,64.0,30,1919.0,TQBR
2019-12-20,63.1,63.9,62.0,62.0,980,61354.0,TQBR
2019-12-23,62.9,62.9,62.0,62.0,580,35978.0,TQBR
2019-12-24,62.0,63.9,61.0,63.0,2860,176272.0,TQBR
2019-12-25,62.7,62.9,62.7,62.9,580,36470.0,TQBR
2019-12-26,62.9,63.0,62.4,63.0,1190,74353.0,TQBR
2019-12-27,63.2,63.2,62.1,63.1,890,56062.0,TQBR
2019-12-30,63.1,63.8,62.4,62.4,310,19702.0,TQBR
2020-01-03,63.5,64.4,62.5,62.5,300,19029.0,TQBR
2020-01-06,63.4,70.5,63.4,67.0,20880,1380584.0,TQBR
2020-01-08,67.2,71.9,65.4,70.0,4230,294105.0,TQBR
2020-01-09,68.5,74.7,63.3,66.8,15270,1022435.0,TQBR
2020-01-10,66.8,68.0,66.5,67.9,3330,225722.0,TQBR
2020-01-13,67.1,68.4,65.0,66.0,2760,182613.0,TQBR
2020-01-14,65.1,66.4,63.4,65.0,4280,276827.0,TQBR
2020-01-15,65.0,68.4,64.0,68.2,2890,192052.0,TQBR
2020-01-16,66.5,68.8,66.5,67.8,1710,115856.0,TQBR
2020-01-17,67.8,68.5,66.3,68.4,2140,145075.0,TQBR
2020-01-20,67.9,71.3,67.9,70.8,2500,175782.0,TQBR
2020-01-21,69.0,83.8,69.0,74.0,40910,3103271.0,TQBR
2020-01-22,75.9,75.9,72.1,73.4,3070,225430.0,TQBR
2020-01-23,72.1,75.8,71.4,73.5,3660,269940.0,TQBR
2020-01-24,74.4,74.9,71.6,74.4,1370,100377.0,TQBR
2020-01-27,74.3,74.3,67.2,72.4,2940,209125.0,TQBR
2020-01-28,73.7,74.2,72.5,73.8,2310,170396.0,TQBR
2020-01-29,73.2,73.5,70.0,73.5,2700,194848.0,TQBR
2020-01-30,72.5,73.9,71.1,73.3,2190,157849.0,TQBR
2020-01-31,73.0,73.5,71.7,73.5,1110,80354.0,TQBR
2020-02-03,72.1,73.5,71.4,73.4,2510,182940.0,TQBR
2020-02-04,73.5,74.7,73.5,74.7,1420,105273.0,TQBR
2020-02-05,75.0,78.2,73.1,75.9,12410,949858.0,TQBR
2020-02-06,75.7,75.9,72.8,74.2,4050,300401.0,TQBR
2020-02-07,75.2,76.2,74.6,75.4,1080,81619.0,TQBR
2020-02-10,74.0,77.3,72.8,74.0,3050,225151.0,TQBR
2020-02-11,74.2,75.2,71.0,75.0,1590,116468.0,TQBR
2020-02-12,72.7,75.2,69.0,75.0,2320,168442.0,TQBR
2020-02-13,75.7,87.7,73.1,77.6,49490,4024762.0,TQBR
2020-02-14,80.4,80.8,74.2,75.4,18080,1384596.0,TQBR
2020-02-17,75.9,77.0,74.4,76.5,14530,1106869.0,TQBR
2020-02-18,76.0,76.8,74.6,75.9,1990,150144.0,TQBR
2020-02-19,75.7,77.8,75.7,76.6,1490,114524.0,TQBR
2020-02-20,76.9,88.3,75.7,80.0,27300,2238662.0,TQBR
2020-02-21,83.0,92.9,81.4,85.0,100450,8709703.0,TQBR
2020-02-25,88.0,88.0,78.0,79.2,30330,2444075.0,TQBR
2020-02-26,78.1,78.9,74.1,76.5,4000,302659.0,TQBR
2020-02-27,75.6,75.6,70.9,72.0,11850,862247.0,TQBR
2020-02-28,71.0,72.3,65.1,69.5,20130,1379189.0,TQBR
2020-03-02,66.9,73.5,66.9,70.9,2880,204233.0,TQBR
2020-03-03,67.0,73.8,67.0,73.2,1420,103115.0,TQBR
2020-03-04,72.3,74.5,72.2,74.5,990,72793.0,TQBR
2020-03-05,73.9,74.4,71.4,72.3,3050,220524.0,TQBR
2020-03-06,71.1,71.5,68.9,70.0,1720,119929.0,TQBR
2020-03-10,68.1,69.0,60.0,64.1,4580,303543.0,TQBR
2020-03-11,65.5,67.0,63.8,65.7,1920,126399.0,TQBR
2020-03-12,65.8,65.9,57.3,58.0,8590,505259.0,TQBR
2020-03-13,58.1,59.2,55.0,57.4,13160,745634.0,TQBR
2020-03-16,58.1,58.1,54.1,56.7,3860,214042.0,TQBR
2020-03-17,56.8,56.9,53.2,55.7,770,41926.0,TQBR
2020-03-18,53.5,54.4,51.0,53.7,1440,76067.0,TQBR
2020-03-19,51.1,56.5,51.1,55.9,3420,187930.0,TQBR
2020-03-20,60.1,64.8,55.9,59.0,3030,173559.0,TQBR
2020-03-23,58.6,63.1,56.1,60.0,5150,304775.0,TQBR
2020-03-24,59.2,64.0,56.2,63.6,5850,357029.0,TQBR
2020-03-25,63.6,64.7,60.0,60.9,11500,706445.0,TQBR
2020-03-26,60.9,61.5,59.8,61.5,1650,100529.0,TQBR
2020-03-27,61.7,62.2,59.0,59.9,790,47643.0,TQBR
2020-03-30,58.4,59.9,58.4,59.9,2060,121885.0,TQBR
2020-03-31,60.0,62.5,58.5,59.7,3110,191839.0,TQBR
2020-04-01,59.9,62.3,59.9,61.9,2420,147086.0,TQBR
2020-04-02,61.0,62.2,60.1,61.9,4200,256734.0,TQBR
2020-04-03,61.5,64.6,60.7,62.0,3270,204039.0,TQBR
2020-04-06,63.0,64.5,62.0,62.0,3730,236236.0,TQBR
2020-04-07,64.5,65.9,62.3,62.3,1840,117004.0,TQBR
2020-04-08,66.2,67.0,61.3,63.6,5820,367500.0,TQBR
2020-04-09,61.6,64.8,61.5,64.1,2200,139962.0,TQBR
2020-04-10,63.0,64.3,62.0,63.7,790,50176.0,TQBR
2020-04-13,63.7,64.3,60.0,61.3,13960,849093.0,TQBR
2020-04-14,61.9,63.3,60.1,62.3,12030,742306.0,TQBR
2020-04-15,61.0,62.0,59.0,60.0,6380,383445.0,TQBR
2020-04-16,59.0,60.9,58.8,59.9,5030,298660.0,TQBR
2020-04-17,59.0,61.2,59.0,60.9,14690,891261.0,TQBR
2020-04-20,60.8,61.0,59.1,60.6,3080,184316.0,TQBR
2020-04-21,61.0,61.0,58.1,59.7,1130,66865.0,TQBR
2020-04-22,58.6,60.8,58.3,60.4,3390,201513.0,TQBR
2020-04-23,60.7,60.8,59.7,60.5,120,7270.0,TQBR
2020-04-24,59.8,62.0,59.7,61.0,4110,249646.0,TQBR
2020-04-27,61.9,61.9,60.7,61.5,490,30162.0,TQBR
2020-04-28,60.4,62.5,60.4,61.5,1170,72278.0,TQBR
2020-04-29,61.2,62.4,60.9,62.4,3880,239629.0,TQBR
2020-04-30,63.6,73.4,60.2,64.9,59260,3997404.0,TQBR
2020-05-04,65.4,65.4,62.2,63.4,7800,491977.0,TQBR
2020-05-05,63.8,64.5,62.0,64.0,10210,645403.0,TQBR
2020-05-06,63.2,65.0,62.3,63.7,6270,397340.0,TQBR
2020-05-07,63.9,64.5,63.3,64.1,1790,114190.0,TQBR
2020-05-08,63.3,64.7,63.3,64.0,1430,91479.0,TQBR
2020-05-12,64.0,64.5,63.3,63.6,1700,108763.0,TQBR
2020-05-13,64.3,64.5,63.0,63.3,1400,89245.0,TQBR
2020-05-14,63.2,64.0,61.5,62.1,2970,186045.0,TQBR
2020-05-15,62.5,63.5,60.4,62.5,2520,156906.0,TQBR
2020-05-18,62.5,63.7,62.5,63.5,660,41802.0,TQBR
2020-05-19,63.9,64.0,62.2,63.0,2980,189902.0,TQBR
2020-05-20,62.8,65.4,62.8,64.9,5490,351395.0,TQBR
2020-05-21,65.0,65.4,63.1,64.6,3020,194146.0,TQBR
2020-05-22,64.1,65.0,63.6,65.0,2360,153079.0,TQBR
2020-05-25,65.0,72.3,65.0,69.4,18480,1268876.0,TQBR
2020-05-26,69.1,69.2,66.5,67.3,10380,700755.0,TQBR
2020-05-27,66.6,70.4,66.6,68.0,8740,595889.0,TQBR
2020-05-28,68.9,84.4,68.6,72.9,88590,6765754.0,TQBR
2020-05-29,72.8,80.0,70.0,75.0,25400,1918656.0,TQBR
2020-06-01,74.6,75.9,71.0,73.2,9600,701895.0,TQBR
2020-06-02,73.1,73.2,70.5,72.0,12120,862784.0,TQBR
2020-06-03,72.5,72.5,71.5,72.0,5980,430077.0,TQBR
2020-06-04,72.4,72.4,70.8,71.4,5850,416361.0,TQBR
2020-06-05,71.8,71.8,70.8,71.2,1160,82644.0,TQBR
2020-06-08,70.9,77.0,70.9,73.7,15170,1110775.0,TQBR
2020-06-09,73.0,74.0,70.2,72.5,1730,125197.0,TQBR
2020-06-10,72.2,73.1,72.1,72.1,2550,184606.0,TQBR
2020-06-11,71.6,72.0,70.0,70.8,2070,146279.0,TQBR
2020-06-15,69.2,75.4,69.0,70.7,23240,1680699.0,TQBR
2020-06-16,70.7,71.4,69.3,71.2,2760,194332.0,TQBR
2020-06-17,70.1,72.0,69.6,70.7,1220,85847.0,TQBR
2020-06-18,69.9,75.4,65.0,69.3,32310,2217040.0,TQBR
2020-06-19,69.1,70.0,68.5,70.0,2000,138507.0,TQBR
2020-06-22,69.5,71.5,68.6,69.9,2430,170236.0,TQBR
2020-06-23,69.4,74.3,69.4,71.0,27160,1958315.0,TQBR
2020-06-25,70.4,71.7,69.2,69.8,7370,513238.0,TQBR
2020-06-26,69.6,69.7,69.0,69.0,1690,117086.0,TQBR
2020-06-29,69.0,70.0,68.5,69.3,1540,106214.0,TQBR
2020-06-30,68.6,70.7,68.6,70.6,1740,122115.0,TQBR
2020-07-02,70.9,75.4,70.2,71.8,11780,864968.0,TQBR
2020-07-03,71.6,72.4,70.6,71.2,1120,80273.0,TQBR
2020-07-06,70.9,73.0,70.6,73.0,2730,196264.0,TQBR
2020-07-07,72.1,72.8,70.6,71.5,3150,227620.0,TQBR
2020-07-08,71.9,72.9,71.7,71.7,3510,252948.0,TQBR
2020-07-09,71.7,71.7,71.2,71.2,360,25726.0,TQBR
2020-07-10,71.4,72.4,71.2,71.8,1600,114256.0,TQBR
2020-07-13,72.3,72.3,71.2,71.8,500,35885.0,TQBR
2020-07-14,71.0,71.1,70.5,70.7,80,5669.0,TQBR
2020-07-15,70.6,70.9,70.0,70.9,630,44446.0,TQBR
2020-07-16,70.9,71.5,70.5,71.4,230,16329.0,TQBR
2020-07-17,70.6,70.6,70.6,70.6,120,8472.0,TQBR
2020-07-20,70.9,71.6,69.8,69.8,3340,234501.0,TQBR
2020-07-21,70.4,70.9,69.7,69.8,2060,144724.0,TQBR
2020-07-22,70.4,71.4,69.4,70.3,1620,113922.0,TQBR
2020-07-23,70.0,70.1,69.5,69.8,1240,86525.0,TQBR
2020-07-24,70.1,70.1,69.2,69.8,410,28546.0,TQBR
2020-07-27,69.8,71.0,65.8,69.5,6510,450337.0,TQBR
2020-07-28,69.8,69.8,68.0,68.0,1610,110924.0,TQBR
2020-07-29,68.8,69.1,67.8,69.1,970,66750.0,TQBR
2020-07-30,68.5,69.4,67.9,68.6,1680,115509.0,TQBR
2020-07-31,68.6,69.6,67.8,69.0,1980,135991.0,TQBR
2020-08-03,69.0,69.0,67.7,68.3,1980,134844.0,TQBR
2020-08-04,67.6,68.8,67.3,68.8,570,38807.0,TQBR
2020-08-05,68.1,69.8,68.1,69.7,1900,131681.0,TQBR
2020-08-06,69.8,72.3,69.1,71.3,2470,175466.0,TQBR
2020-08-07,71.0,72.6,70.1,71.2,2620,186891.0,TQBR
2020-08-10,71.9,88.3,71.7,78.5,207960,16817470.0,TQBR
2020-08-11,80.0,92.8,80.0,83.5,132660,11306182.0,TQBR
2020-08-12,82.5,83.9,77.3,80.5,56840,4505393.0,TQBR
2020-08-13,79.1,80.9,78.7,80.0,15420,1225753.0,TQBR
2020-08-14,79.0,79.9,77.2,79.8,3700,291153.0,TQBR
2020-08-17,77.3,78.9,75.3,77.0,22100,1688376.0,TQBR
2020-08-18,76.9,79.5,76.1,78.4,4690,364721.0,TQBR
2020-08-19,78.4,79.5,76.1,77.9,2910,228246.0,TQBR
2020-08-20,76.6,77.7,74.6,75.6,6870,519477.0,TQBR
2020-08-21,75.5,76.0,75.0,76.0,1180,89285.0,TQBR
2020-08-24,76.4,76.4,75.0,76.0,4050,307293.0,TQBR
2020-08-25,76.0,76.0,74.3,75.1,2030,151565.0,TQBR
2020-08-26,75.2,75.2,74.0,74.7,5690,422588.0,TQBR
2020-08-27,74.0,74.7,73.0,74.6,2920,216080.0,TQBR
2020-08-28,74.6,74.6,73.0,74.0,1830,134399.0,TQBR
2020-08-31,73.9,74.9,72.7,73.3,4150,303944.0,TQBR
2020-09-01,72.9,73.6,72.8,73.6,4340,318576.0,TQBR
2020-09-02,73.7,73.7,72.0,72.0,3790,274658.0,TQBR
2020-09-03,72.2,73.0,72.0,72.3,1440,104465.0,TQBR
2020-09-04,72.8,78.4,72.8,75.0,11550,875472.0,TQBR
2020-09-07,75.5,75.5,71.4,75.0,3280,240894.0,TQBR
2020-09-08,75.6,75.6,71.5,72.8,4820,352352.0,TQBR
2020-09-09,74.0,74.0,72.7,73.0,2840,207538.0,TQBR
2020-09-10,74.0,75.7,73.9,74.0,2520,188577.0,TQBR
2020-09-11,75.0,75.0,74.2,74.7,880,65561.0,TQBR
2020-09-14,75.0,75.0,73.5,74.9,1450,107677.0,TQBR
2020-09-15,74.5,75.3,73.0,75.3,2490,185052.0,TQBR
2020-09-16,75.3,75.3,74.0,74.6,690,51533.0,TQBR
2020-09-17,74.0,74.5,73.5,73.8,630,46827.0,TQBR
2020-09-18,74.4,74.4,73.0,73.9,3960,292189.0,TQBR
2020-09-21,72.6,73.5,71.1,73.0,5640,404961.0,TQBR
2020-09-22,72.9,74.3,72.9,74.0,1240,91499.0,TQBR
2020-09-23,73.2,73.5,70.0,72.9,5710,406681.0,TQBR
2020-09-24,72.0,72.8,71.0,71.5,4420,318730.0,TQBR
2020-09-25,71.8,71.8,69.7,70.7,7820,548223.0,TQBR
2020-09-28,70.0,71.4,70.0,70.8,2250,158949.0,TQBR
2020-09-29,70.8,70.8,70.2,70.8,1070,75567.0,TQBR
2020-09-30,70.6,70.6,69.6,70.5,330,23119.0,TQBR
2020-10-01,70.6,70.6,69.9,70.3,1420,99411.0,TQBR
2020-10-02,69.7,70.6,69.7,70.6,220,15462.0,TQBR
2020-10-05,70.8,75.2,70.8,72.8,8400,611702.0,TQBR
2020-10-06,72.8,72.8,72.0,72.5,190,13763.0,TQBR
2020-10-07,72.7,72.7,71.6,71.8,1120,80324.0,TQBR
2020-10-08,72.0,72.3,71.5,72.2,1180,84552.0,TQBR
2020-10-09,71.5,72.2,70.1,70.9,1360,96159.0,TQBR
2020-10-12,70.2,70.8,70.2,70.8,140,9875.0,TQBR
2020-10-13,70.7,70.8,70.2,70.8,530,37325.0,TQBR
2020-10-14,70.9,70.9,70.0,70.6,2360,165739.0,TQBR
2020-10-15,70.7,70.7,69.1,69.4,1540,107188.0,TQBR
2020-10-16,69.4,70.0,69.4,69.9,770,53772.0,TQBR
2020-10-19,69.5,70.4,69.2,69.4,530,36890.0,TQBR
2020-10-20,69.7,69.8,69.0,69.0,2450,169924.0,TQBR
2020-10-21,69.7,69.7,68.5,69.1,300,20693.0,TQBR
2020-10-22,68.4,69.1,68.3,69.0,1040,71587.0,TQBR
2020-10-23,68.2,70.0,68.0,68.5,4060,278422.0,TQBR
2020-10-26,68.6,68.6,67.6,68.3,2060,140191.0,TQBR
2020-10-27,67.7,68.0,65.6,68.0,570,38278.0,TQBR
2020-10-28,67.2,67.7,65.0,65.6,2000,131697.0,TQBR
2020-10-29,65.7,66.4,63.8,64.4,2100,136061.0,TQBR
2020-10-30,64.8,64.9,63.6,64.9,590,38074.0,TQBR
2020-11-02,63.6,65.2,63.6,64.5,910,58814.0,TQBR
2020-11-03,64.0,66.2,64.0,65.6,570,37250.0,TQBR
2020-11-05,66.1,66.3,65.2,66.0,1640,108109.0,TQBR
2020-11-06,66.3,66.3,65.0,66.1,1310,85946.0,TQBR
2020-11-09,66.2,69.5,65.0,69.0,13140,874989.0,TQBR
2020-11-10,68.0,69.0,66.0,69.0,1820,122813.0,TQBR
2020-11-11,68.2,69.0,67.8,69.0,2550,174447.0,TQBR
2020-11-12,68.0,68.7,66.0,67.6,2020,136872.0,TQBR
2020-11-13,67.9,67.9,67.6,67.8,280,18971.0,TQBR
2020-11-16,65.7,68.3,65.7,68.3,2960,198711.0,TQBR
2020-11-17,68.5,68.7,66.9,67.0,8120,554484.0,TQBR
2020-11-18,67.9,68.0,67.2,67.8,440,29869.0,TQBR
2020-11-19,67.8,68.0,66.9,67.9,1050,70654.0,TQBR
2020-11-20,67.9,70.6,67.9,68.5,2250,155944.0,TQBR
2020-11-23,68.9,68.9,68.1,68.8,400,27530.0,TQBR
2020-11-24,68.8,68.8,67.9,68.0,1200,81958.0,TQBR
2020-11-25,68.8,68.8,67.7,67.8,200,13641.0,TQBR
2020-11-26,67.0,69.0,67.0,67.3,1590,107545.0,TQBR
2020-11-27,67.9,67.9,66.8,67.7,1950,130759.0,TQBR
2020-11-30,67.5,67.6,66.7,67.3,350,23554.0,TQBR
2020-12-01,66.7,67.1,65.3,67.1,410,27050.0,TQBR
2020-12-02,67.5,69.5,66.3,69.5,1470,99308.0,TQBR
2020-12-03,68.9,69.0,67.9,68.5,2590,177360.0,TQBR
2020-12-04,68.4,68.7,67.3,68.0,950,64346.0,TQBR
2020-12-07,67.8,69.0,67.8,68.5,1030,70509.0,TQBR
2020-12-08,67.8,68.7,67.8,68.5,3150,216018.0,TQBR
2020-12-09,69.0,70.0,68.7,69.0,1160,80225.0,TQBR
2020-12-10,68.2,69.0,68.2,68.5,920,62978.0,TQBR
2020-12-11,70.0,70.0,68.6,69.0,320,22016.0,TQBR
2020-12-14,68.6,68.9,66.5,68.5,2180,147048.0,TQBR
2020-12-15,68.8,68.8,67.0,68.4,720,48602.0,TQBR
2020-12-16,67.7,68.9,67.0,68.9,1610,109057.0,TQBR
2020-12-17,69.0,69.3,68.1,68.8,240,16481.0,TQBR
2020-12-18,69.2,69.2,68.0,68.4,880,60210.0,TQBR
2020-12-21,67.8,68.7,67.6,67.8,320,21741.0,TQBR
2020-12-22,69.0,71.0,67.0,68.9,6030,413810.0,TQBR
2020-12-23,69.0,69.0,68.1,68.5,470,32211.0,TQBR
2020-12-24,68.8,68.8,68.0,68.1,310,21139.0,TQBR
2020-12-25,68.6,68.6,68.2,68.4,190,12991.0,TQBR
2020-12-28,68.5,68.5,66.7,68.5,3320,224380.0,TQBR
2020-12-29,68.5,69.0,67.7,69.0,1040,70999.0,TQBR
2020-12-30,68.9,68.9,68.1,68.9,170,11641.0,TQBR
2021-01-04,68.9,80.0,68.9,72.4,25250,1893540.0,TQBR
2021-01-05,71.5,74.3,71.2,72.9,3200,231948.0,TQBR
2021-01-06,72.3,74.0,71.8,72.9,2520,184687.0,TQBR
2021-01-08,72.9,74.2,72.0,73.5,2310,168663.0,TQBR
2021-01-11,72.9,76.5,72.9,75.0,5320,400957.0,TQBR
2021-01-12,75.0,76.4,72.1,73.5,5740,419301.0,TQBR
2021-01-13,75.7,75.7,72.0,72.1,1670,121510.0,TQBR
2021-01-14,75.6,75.6,71.6,72.9,2980,217611.0,TQBR
2021-01-15,74.4,75.2,72.5,72.6,2160,159397.0,TQBR
2021-01-18,71.6,73.4,71.6,72.7,1730,124948.0,TQBR
2021-01-19,72.6,72.8,71.5,71.8,1830,132296.0,TQBR
2021-01-20,71.7,72.1,71.5,72.1,550,39489.0,TQBR
2021-01-21,72.4,73.0,71.4,71.7,1510,108631.0,TQBR
2021-01-22,72.2,77.0,71.2,72.3,20580,1521969.0,TQBR
2021-01-25,72.5,75.8,71.9,72.5,3540,259276.0,TQBR
2021-01-26,71.8,76.8,71.8,74.0,6880,513148.0,TQBR
2021-01-27,74.5,76.7,72.0,72.9,4240,312086.0,TQBR
2021-01-28,73.1,74.0,71.6,73.0,3930,288187.0,TQBR
2021-01-29,74.2,74.2,73.0,74.0,2240,164807.0,TQBR
2021-02-01,73.6,74.2,73.1,74.2,440,32316.0,TQBR
2021-02-02,73.8,74.4,71.8,73.4,2100,153018.0,TQBR
2021-02-03,73.4,73.5,72.3,72.4,340,24721.0,TQBR
2021-02-04,73.3,73.5,72.6,72.9,290,21232.0,TQBR
2021-02-05,73.1,73.9,72.8,73.6,360,26352.0,TQBR
2021-02-08,73.9,74.0,73.8,73.8,460,34020.0,TQBR
2021-02-09,74.4,75.2,73.1,74.0,950,70468.0,TQBR
2021-02-10,74.5,74.5,72.6,73.9,2290,168031.0,TQBR
2021-02-11,74.0,74.5,73.8,74.3,870,64587.0,TQBR
2021-02-12,74.1,74.9,73.6,73.8,1370,101416.0,TQBR
2021-02-15,75.7,75.7,72.6,73.6,4510,329471.0,TQBR
2021-02-16,73.8,74.0,72.0,73.9,1420,103941.0,TQBR
2021-02-17,73.8,73.8,70.0,72.1,11430,813421.0,TQBR
2021-02-18,71.4,72.2,70.5,70.5,2390,169217.0,TQBR
2021-02-19,71.0,71.9,70.5,71.2,2230,159991.0,TQBR
2021-02-20,72.4,72.4,71.1,72.4,2130,152999.0,TQBR
2021-02-22,72.3,72.3,71.5,72.3,250,18055.0,TQBR
2021-02-24,72.3,72.4,71.1,72.0,580,41623.0,TQBR
2021-02-25,72.2,72.4,70.6,71.3,3580,255104.0,TQBR
2021-02-26,70.5,71.3,70.3,70.4,1010,71420.0,TQBR
2021-03-01,72.0,72.4,70.4,70.9,3510,250691.0,TQBR
2021-03-02,71.7,71.7,70.5,71.4,940,66731.0,TQBR
2021-03-03,71.5,72.0,70.6,71.2,680,48355.0,TQBR
2021-03-04,71.2,71.2,70.5,70.5,1050,74067.0,TQBR
2021-03-05,71.7,71.7,70.4,71.3,1160,81855.0,TQBR
2021-03-09,70.9,72.2,70.6,71.0,420,29954.0,TQBR
2021-03-10,70.3,71.4,70.2,70.4,980,69249.0,TQBR
2021-03-11,71.5,71.5,70.4,71.0,280,19780.0,TQBR
2021-03-12,71.0,71.0,70.4,71.0,430,30326.0,TQBR
2021-03-15,70.6,70.9,70.4,70.9,3410,240166.0,TQBR
2021-03-16,71.1,71.9,70.8,71.8,1000,71547.0,TQBR
2021-03-17,71.6,71.6,70.7,71.6,530,37886.0,TQBR
2021-03-18,70.8,70.9,70.8,70.9,600,42530.0,TQBR
2021-03-19,71.6,71.7,71.0,71.0,300,21358.0,TQBR
2021-03-22,71.6,71.6,70.6,70.6,200,14143.0,TQBR
2021-03-23,70.5,70.9,70.4,70.9,1180,83150.0,TQBR
2021-03-24,71.0,71.1,70.7,71.1,310,21997.0,TQBR
2021-03-25,70.9,71.0,70.2,70.6,1310,92257.0,TQBR
2021-03-26,70.6,71.2,70.3,71.1,310,21949.0,TQBR
2021-03-29,70.6,70.9,70.4,70.9,1070,75350.0,TQBR
2021-03-30,70.7,70.8,70.0,70.4,1470,103158.0,TQBR
2021-03-31,70.6,70.6,69.4,70.3,2480,173448.0,TQBR
2021-04-01,70.3,73.0,69.0,70.1,3910,274808.0,TQBR
2021-04-02,70.5,70.5,70.0,70.4,220,15467.0,TQBR
2021-04-05,70.4,70.4,70.0,70.3,680,47704.0,TQBR
2021-04-06,69.6,70.2,69.0,70.0,1600,111296.0,TQBR
2021-04-07,70.2,70.2,70.0,70.1,750,52532.0,TQBR
2021-04-08,70.2,70.5,70.2,70.4,370,26035.0,TQBR
2021-04-09,70.4,71.1,70.2,70.4,450,31895.0,TQBR
2021-04-12,70.9,71.4,70.0,70.0,780,55161.0,TQBR
2021-04-13,70.6,71.0,70.1,70.2,250,17675.0,TQBR
2021-04-14,71.8,71.8,70.0,70.9,220,15645.0,TQBR
2021-04-15,71.5,71.5,69.9,70.4,1130,79196.0,TQBR
2021-04-16,70.9,70.9,69.5,69.6,920,64097.0,TQBR
2021-04-19,70.3,71.0,69.6,70.3,490,34394.0,TQBR
2021-04-20,71.9,71.9,69.0,69.6,1620,112502.0,TQBR
2021-04-21,69.6,70.7,69.6,70.2,210,14670.0,TQBR
2021-04-22,70.0,70.0,69.6,70.0,630,43876.0,TQBR
2021-04-23,69.8,70.0,69.8,70.0,130,9097.0,TQBR
2021-04-26,70.0,70.1,69.3,70.0,1070,74473.0,TQBR
2021-04-27,70.0,70.1,69.0,69.7,1570,108681.0,TQBR
2021-04-28,69.6,69.6,69.6,69.6,60,4176.0,TQBR
2021-04-29,69.5,70.0,69.1,69.8,440,30602.0,TQBR
2021-04-30,69.8,69.8,69.1,69.2,110,7620.0,TQBR
2021-05-04,69.7,69.8,69.5,69.7,310,21601.0,TQBR
2021-05-05,69.3,69.6,68.9,69.4,360,24885.0,TQBR
2021-05-06,69.9,69.9,69.1,69.5,120,8329.0,TQBR
2021-05-07,68.8,69.4,68.8,69.0,620,42722.0,TQBR
2021-05-10,69.1,69.3,68.9,68.9,380,26248.0,TQBR
2021-05-11,69.2,69.2,68.3,68.3,1780,122354.0,TQBR
2021-05-12,68.3,68.8,68.3,68.7,240,16454.0,TQBR
2021-05-13,68.9,71.9,68.5,71.4,3880,273289.0,TQBR
2021-05-14,70.8,70.8,69.5,69.8,1390,97391.0,TQBR
2021-05-17,70.3,72.0,69.1,72.0,2620,185869.0,TQBR
2021-05-18,73.0,73.0,69.8,70.8,1410,99802.0,TQBR
2021-05-19,70.1,70.4,69.8,70.4,270,18922.0,TQBR
2021-05-20,70.0,71.1,69.9,70.3,930,65638.0,TQBR
2021-05-21,70.0,75.0,70.0,71.1,3000,217271.0,TQBR
2021-05-24,71.6,74.9,69.1,70.1,8650,621128.0,TQBR
2021-05-25,70.3,71.3,69.6,69.6,1090,76536.0,TQBR
2021-05-26,70.4,70.4,68.9,69.0,4910,339026.0,TQBR
2021-05-27,69.3,69.3,68.6,68.8,180,12394.0,TQBR
2021-05-28,69.1,69.1,68.2,69.0,460,31573.0,TQBR
2021-05-31,68.8,69.0,67.9,68.0,4230,288258.0,TQBR
2021-06-01,68.9,69.0,67.7,69.0,3120,214871.0,TQBR
2021-06-02,70.3,70.3,67.4,68.3,540,36863.0,TQBR
2021-06-03,70.0,70.0,67.7,68.2,1380,94843.0,TQBR
2021-06-04,69.9,69.9,68.3,68.3,250,17144.0,TQBR
2021-06-07,68.8,68.8,68.3,68.6,100,6849.0,TQBR
2021-06-08,68.6,68.8,68.5,68.6,270,18517.0,TQBR
2021-06-09,68.9,68.9,68.5,68.8,60,4124.0,TQBR
2021-06-10,68.4,68.7,68.3,68.6,150,10276.0,TQBR
2021-06-11,68.1,68.9,68.0,68.6,670,45751.0,TQBR
2021-06-14,68.8,68.9,68.8,68.9,100,6882.0,TQBR
2021-06-15,68.9,69.5,68.6,68.6,600,41413.0,TQBR
2021-06-16,68.6,69.0,68.3,68.3,880,60667.0,TQBR
2021-06-17,68.4,68.4,68.1,68.3,530,36112.0,TQBR
2021-06-18,68.3,68.3,68.0,68.1,660,44935.0,TQBR
2021-06-21,68.4,68.4,68.3,68.3,120,8205.0,TQBR
2021-06-22,68.3,68.8,68.3,68.6,340,23328.0,TQBR
2021-06-23,68.1,68.8,68.1,68.1,90,6162.0,TQBR
2021-06-24,68.7,68.7,68.2,68.2,100,6825.0,TQBR
2021-06-25,68.1,68.4,68.1,68.3,230,15691.0,TQBR
2021-06-28,68.1,68.4,66.3,67.7,1590,107546.0,TQBR
2021-06-29,67.4,67.8,67.4,67.8,380,25691.0,TQBR
2021-06-30,68.9,68.9,68.4,68.5,170,11675.0,TQBR
2021-07-01,68.9,68.9,67.7,68.0,80,5452.0,TQBR
2021-07-02,68.1,68.1,67.0,68.0,140,9456.0,TQBR
2021-07-05,67.2,68.0,66.2,67.9,590,39422.0,TQBR
2021-07-06,68.0,68.0,68.0,68.0,30,2040.0,TQBR
2021-07-07,68.4,68.4,67.0,68.0,130,8787.0,TQBR
2021-07-08,68.3,68.3,66.8,67.9,310,20916.0,TQBR
2021-07-09,68.0,68.0,68.0,68.0,10,680.0,TQBR
2021-07-12,66.5,68.4,66.5,67.9,590,39318.0,TQBR
2021-07-13,67.9,67.9,67.1,67.4,50,3378.0,TQBR
2021-07-14,67.9,67.9,67.8,67.8,20,1357.0,TQBR
2021-07-15,67.9,67.9,67.2,67.8,130,8818.0,TQBR
2021-07-16,67.0,67.5,67.0,67.0,270,18140.0,TQBR
2021-07-19,66.7,67.1,66.0,66.3,280,18595.0,TQBR
2021-07-20,66.0,67.0,66.0,67.0,130,8630.0,TQBR
2021-07-21,67.0,67.5,66.1,67.5,430,28859.0,TQBR
2021-07-22,68.3,68.3,65.0,67.0,560,37323.0,TQBR
2021-07-23,66.0,66.9,65.0,66.0,680,44806.0,TQBR
2021-07-26,65.5,66.0,65.0,65.9,350,22904.0,TQBR
2021-07-27,65.9,65.9,65.9,65.9,10,659.0,TQBR
2021-07-28,65.2,65.2,63.9,64.9,6100,391668.0,TQBR
2021-07-29,64.2,65.5,64.0,64.0,720,46651.0,TQBR
2021-07-30,64.0,65.9,64.0,65.0,530,34671.0,TQBR
2021-08-02,64.1,65.5,64.1,65.4,1140,74102.0,TQBR
2021-08-03,64.1,65.2,64.1,64.1,690,44731.0,TQBR
2021-08-04,64.1,65.4,64.1,65.4,440,28309.0,TQBR
2021-08-05,65.9,65.9,65.0,65.4,150,9791.0,TQBR
2021-08-06,64.2,65.4,64.1,65.3,520,33403.0,TQBR
2021-08-09,64.1,65.0,64.0,64.7,430,27654.0,TQBR
2021-08-10,64.9,65.0,64.9,65.0,90,5847.0,TQBR
2021-08-11,65.0,65.4,65.0,65.4,70,4557.0,TQBR
2021-08-12,65.8,65.8,65.1,65.1,50,3274.0,TQBR
2021-08-13,65.7,65.9,64.8,65.9,240,15776.0,TQBR
2021-08-16,65.8,65.9,64.8,65.0,700,45722.0,TQBR
2021-08-17,64.6,65.7,64.6,65.7,400,26109.0,TQBR
2021-08-18,65.7,65.7,64.1,64.8,850,55043.0,TQBR
2021-08-19,65.7,65.7,64.2,65.0,230,14888.0,TQBR
2021-08-20,64.9,64.9,64.9,64.9,40,2596.0,TQBR
2021-08-23,64.2,65.5,64.2,65.2,540,35052.0,TQBR
2021-08-24,65.5,66.0,65.3,66.0,670,44032.0,TQBR
2021-08-25,65.8,74.0,64.0,67.6,47010,3268793.0,TQBR
2021-08-26,66.6,67.4,65.0,67.3,3550,235971.0,TQBR
2021-08-27,67.2,67.8,66.1,67.8,1020,68474.0,TQBR
2021-08-30,67.4,67.4,66.1,67.0,820,54722.0,TQBR
2021-08-31,67.6,67.6,66.4,67.0,1050,70751.0,TQBR
2021-09-01,66.5,67.2,65.8,66.5,2590,171225.0,TQBR
2021-09-02,67.0,67.0,65.8,66.1,570,37660.0,TQBR
2021-09-03,66.9,66.9,65.1,66.4,1880,122872.0,TQBR
2021-09-06,65.4,66.0,65.3,66.0,560,36758.0,TQBR
2021-09-07,67.0,67.3,65.0,65.8,2540,166032.0,TQBR
2021-09-08,66.8,67.6,65.2,67.4,2390,159721.0,TQBR
2021-09-09,66.8,67.3,66.5,67.2,650,43458.0,TQBR
2021-09-10,67.0,67.2,67.0,67.2,30,2013.0,TQBR
2021-09-13,65.5,67.2,65.5,67.2,370,24760.0,TQBR
2021-09-14,67.1,67.5,66.0,66.9,840,55975.0,TQBR
2021-09-15,66.0,67.4,65.1,67.4,1120,74144.0,TQBR
2021-09-16,67.4,67.4,66.1,67.3,300,19917.0,TQBR
2021-09-17,67.3,67.5,66.4,67.5,230,15483.0,TQBR
2021-09-20,67.4,72.9,67.3,69.9,13800,970181.0,TQBR
2021-09-21,69.1,70.9,67.0,69.9,8490,587963.0,TQBR
2021-09-22,68.5,69.7,68.0,69.5,2060,141688.0,TQBR
2021-09-23,68.3,69.7,68.3,69.4,800,55481.0,TQBR
2021-09-24,70.7,70.7,68.6,69.6,250,17385.0,TQBR
2021-09-27,70.0,70.4,69.5,70.3,640,44905.0,TQBR
2021-09-28,70.4,71.0,68.5,69.9,1250,87202.0,TQBR
2021-09-29,70.8,70.9,67.3,68.2,4600,313420.0,TQBR
2021-09-30,68.2,70.0,67.9,70.0,1410,96947.0,TQBR
2021-10-01,67.4,72.0,67.4,71.0,1490,104381.0,TQBR
2021-10-04,70.7,70.7,67.0,68.9,9590,646832.0,TQBR
2021-10-05,69.9,70.4,67.1,69.9,1150,78744.0,TQBR
2021-10-06,68.1,69.5,68.1,69.0,410,28214.0,TQBR
2021-10-07,69.0,69.3,68.1,69.2,880,60587.0,TQBR
2021-10-08,69.5,70.8,69.5,70.8,4600,324046.0,TQBR
2021-10-11,71.0,71.8,69.2,71.3,6000,422121.0,TQBR
2021-10-12,71.1,74.5,69.5,74.4,15300,1118052.0,TQBR
2021-10-13,74.4,81.5,73.4,77.9,71180,5539076.0,TQBR
2021-10-14,77.9,86.0,76.0,81.4,110330,9081541.0,TQBR
2021-10-15,81.5,81.6,73.3,78.0,41990,3198901.0,TQBR
2021-10-18,77.7,77.7,74.6,75.1,8920,672250.0,TQBR
2021-10-19,76.0,76.0,68.3,73.5,41830,3035084.0,TQBR
2021-10-20,72.0,77.1,71.5,72.9,11680,863246.0,TQBR
2021-10-21,73.4,73.4,70.5,71.7,18470,1319252.0,TQBR
2021-10-22,72.9,74.0,70.4,72.3,8440,603540.0,TQBR
2021-10-25,73.2,74.2,70.3,74.1,9720,699007.0,TQBR
2021-10-26,74.5,75.0,72.6,73.8,2960,217772.0,TQBR
2021-10-27,75.3,75.3,70.3,71.9,5920,422418.0,TQBR
2021-10-28,72.6,72.6,69.5,71.6,6420,450775.0,TQBR
2021-10-29,71.7,72.2,68.7,71.1,5250,371554.0,TQBR
2021-11-01,69.5,72.6,69.5,71.0,950,67780.0,TQBR
2021-11-02,71.5,71.5,70.2,71.0,3830,270382.0,TQBR
2021-11-03,70.6,70.6,69.5,69.9,1080,75522.0,TQBR
2021-11-05,69.9,69.9,69.0,69.8,1230,85310.0,TQBR
2021-11-08,69.8,71.0,69.0,71.0,1470,103176.0,TQBR
2021-11-09,69.7,71.3,69.7,70.7,260,18334.0,TQBR
2021-11-10,71.9,71.9,70.0,71.0,1930,136863.0,TQBR
2021-11-11,70.6,70.8,69.0,69.8,1330,92564.0,TQBR
2021-11-12,69.9,70.2,69.1,69.1,870,60584.0,TQBR
2021-11-15,70.0,70.1,69.4,70.0,420,29313.0,TQBR
2021-11-16,70.0,74.0,69.5,71.1,4130,296925.0,TQBR
2021-11-17,70.3,73.0,70.3,71.5,7710,550616.0,TQBR
2021-11-18,70.9,71.5,70.2,70.2,300,21229.0,TQBR
2021-11-19,70.2,70.7,68.5,69.5,4660,322851.0,TQBR
2021-11-22,68.8,69.1,68.5,68.5,9570,656578.0,TQBR
2021-11-23,68.1,69.7,68.0,68.0,1150,78946.0,TQBR
2021-11-24,69.4,69.4,68.0,68.3,930,63521.0,TQBR
2021-11-25,69.6,69.6,68.2,69.0,420,28970.0,TQBR
2021-11-26,69.3,69.5,67.9,67.9,1840,125579.0,TQBR
2021-11-29,68.6,68.6,67.9,68.5,340,23210.0,TQBR
2021-11-30,67.6,67.7,65.3,65.7,6630,437722.0,TQBR
2021-12-01,65.7,66.5,65.7,66.5,1450,95635.0,TQBR
2021-12-02,66.4,68.8,66.4,68.3,860,57868.0,TQBR
2021-12-03,66.0,69.8,66.0,67.9,6830,472616.0,TQBR
2021-12-06,68.1,68.1,65.0,67.1,6380,425419.0,TQBR
2021-12-07,67.9,68.1,67.1,68.1,520,35340.0,TQBR
2021-12-08,68.8,68.8,67.2,67.2,360,24441.0,TQBR
2021-12-09,68.7,68.7,67.2,68.0,380,25862.0,TQBR
2021-12-10,68.4,68.4,66.0,67.9,620,41404.0,TQBR
2021-12-13,67.6,67.9,66.8,67.9,530,35656.0,TQBR
2021-12-14,66.1,67.7,64.4,65.9,5970,389501.0,TQBR
2021-12-15,65.1,65.5,64.0,65.4,1530,98717.0,TQBR
2021-12-16,65.5,67.0,64.0,65.0,3340,216856.0,TQBR
2021-12-17,64.9,64.9,63.0,64.2,2540,162747.0,TQBR
2021-12-20,64.3,64.3,63.8,63.8,300,19161.0,TQBR
2021-12-21,63.3,64.5,63.2,63.9,1010,64536.0,TQBR
2021-12-22,64.4,67.3,64.0,64.7,3810,248054.0,TQBR
2021-12-23,67.8,67.8,63.8,65.0,1650,105795.0,TQBR
2021-12-24,66.7,66.9,65.0,65.7,1610,106213.0,TQBR
2021-12-27,67.9,67.9,66.1,66.7,2190,145975.0,TQBR
2021-12-28,66.0,67.2,65.0,65.6,780,51461.0,TQBR
2021-12-29,66.9,67.0,65.0,67.0,720,47385.0,TQBR
2021-12-30,66.9,66.9,66.3,66.5,130,8671.0,TQBR
2022-01-03,67.2,67.2,66.7,66.7,250,16699.0,TQBR
2022-01-04,66.7,68.1,66.4,68.1,2440,165537.0,TQBR
2022-01-05,68.1,71.5,68.0,69.9,1760,122664.0,TQBR
2022-01-06,70.0,71.5,65.5,69.4,2400,167172.0,TQBR
2022-01-10,70.9,70.9,67.0,67.0,690,47008.0,TQBR
2022-01-11,69.2,69.2,66.7,67.7,890,60036.0,TQBR
2022-01-12,68.4,73.0,66.6,69.0,6990,488884.0,TQBR
2022-01-13,69.5,71.5,66.2,68.0,5010,345697.0,TQBR
2022-01-14,67.8,67.8,65.0,66.8,2990,197751.0,TQBR
2022-01-17,67.0,68.0,64.2,67.1,2650,173779.0,TQBR
2022-01-18,67.2,67.3,62.3,65.9,3420,221999.0,TQBR
2022-01-19,63.6,65.3,60.9,65.3,2620,166749.0,TQBR
2022-01-20,66.5,66.5,64.4,65.3,250,16238.0,TQBR
2022-01-21,66.1,66.1,62.5,64.1,1450,92558.0,TQBR
2022-01-24,63.7,63.7,60.2,61.8,2190,134504.0,TQBR
2022-01-25,59.4,63.5,59.0,61.7,4010,243173.0,TQBR
2022-01-26,61.9,62.0,60.1,61.8,800,49141.0,TQBR
2022-01-27,61.8,61.8,60.1,61.7,2660,162019.0,TQBR
2022-01-28,61.8,61.9,60.5,61.6,790,48472.0,TQBR
2022-01-31,61.9,62.9,60.0,61.0,3870,235580.0,TQBR
2022-02-01,61.0,62.6,60.0,60.8,3150,191343.0,TQBR
2022-02-02,60.8,61.5,60.0,61.1,1220,73683.0,TQBR
2022-02-03,61.2,61.2,58.4,61.2,960,57300.0,TQBR
2022-02-04,60.9,61.0,59.8,60.9,1090,66291.0,TQBR
2022-02-07,61.0,61.0,60.8,60.8,150,9124.0,TQBR
2022-02-08,60.8,61.0,60.1,61.0,1450,88144.0,TQBR
2022-02-09,61.0,65.0,59.9,61.3,5830,359217.0,TQBR
2022-02-10,61.1,61.9,60.1,61.9,650,39715.0,TQBR
2022-02-11,62.0,62.2,61.1,62.2,960,59505.0,TQBR
2022-02-14,60.6,62.0,60.2,62.0,260,15896.0,TQBR
2022-02-15,62.0,62.2,61.0,61.9,1080,66923.0,TQBR
2022-02-16,60.9,61.9,60.8,61.5,310,19070.0,TQBR
2022-02-17,61.1,61.9,60.4,61.9,1740,107401.0,TQBR
2022-02-18,61.0,61.0,58.9,60.9,3180,189409.0,TQBR
2022-02-21,58.8,60.4,53.9,56.5,8110,456920.0,TQBR
2022-02-22,53.0,56.3,49.8,55.0,3450,178194.0,TQBR
2022-02-24,51.0,51.0,40.6,45.5,2750,114978.0,TQBR
2022-02-25,49.0,53.9,42.9,50.0,3660,180857.0,TQBR
2022-03-28,41.1,63.0,40.0,49.7,2330,106816.0,TQBR
2022-03-29,54.0,54.0,41.8,44.7,4490,207028.0,TQBR
2022-03-30,49.2,59.8,44.8,49.2,2950,147393.0,TQBR
2022-03-31,45.6,57.0,45.6,51.9,9230,474862.0,TQBR
2022-04-01,51.8,61.9,48.2,53.0,12240,676572.0,TQBR
2022-04-04,55.0,65.9,53.1,59.0,24510,1454638.0,TQBR
2022-04-05,59.0,68.0,55.3,58.2,11740,696058.0,TQBR
2022-04-06,56.3,59.5,54.4,56.9,4500,254279.0,TQBR
2022-04-07,57.0,58.6,56.0,56.9,1440,81549.0,TQBR
2022-04-08,59.0,73.0,53.5,57.8,117990,7368707.0,TQBR
2022-04-11,57.8,58.6,53.6,53.7,18940,1046415.0,TQBR
2022-04-12,55.8,56.2,53.5,54.1,6330,348145.0,TQBR
2022-04-13,53.7,54.8,52.0,54.8,6830,363077.0,TQBR
2022-04-14,55.0,56.1,52.5,54.5,9420,512247.0,TQBR
2022-04-15,55.0,55.0,52.0,54.4,2990,158780.0,TQBR
2022-04-18,53.2,54.5,53.1,53.7,1610,85977.0,TQBR
2022-04-19,53.8,59.2,53.7,57.0,21120,1210238.0,TQBR
2022-04-20,57.0,57.0,53.5,55.2,7660,422291.0,TQBR
2022-04-21,55.2,57.0,53.5,55.9,4750,260539.0,TQBR
2022-04-22,56.9,56.9,53.8,55.9,2240,123841.0,TQBR
2022-04-25,56.3,56.3,53.7,56.0,1500,81437.0,TQBR
2022-04-26,55.7,57.0,54.1,57.0,5500,305039.0,TQBR
2022-04-27,57.0,61.5,56.3,58.6,4280,249869.0,TQBR
2022-04-28,58.9,58.9,55.5,56.2,890,50022.0,TQBR
2022-04-29,56.2,60.2,56.2,59.8,1590,94126.0,TQBR
2022-05-04,59.8,59.8,56.0,59.0,860,49662.0,TQBR
2022-05-05,59.2,60.0,59.0,59.7,150,8944.0,TQBR
2022-05-06,58.0,60.0,58.0,58.2,200,11795.0,TQBR
2022-05-11,58.0,61.0,58.0,58.1,700,41738.0,TQBR
2022-05-12,59.8,60.0,58.0,59.0,700,41336.0,TQBR
2022-05-13,59.8,59.9,54.0,58.3,2600,146302.0,TQBR
2022-05-16,58.7,60.0,57.9,60.0,580,33888.0,TQBR
2022-05-17,60.0,61.4,57.9,61.3,1320,79261.0,TQBR
2022-05-18,61.2,64.2,56.6,60.4,5450,326625.0,TQBR
2022-05-19,60.9,68.3,58.1,66.0,23260,1492834.0,TQBR
2022-05-20,67.0,67.0,58.7,63.0,8360,510413.0,TQBR
2022-05-23,62.5,64.5,59.8,64.5,6510,407872.0,TQBR
2022-05-24,64.9,64.9,56.2,59.0,6840,403488.0,TQBR
2022-05-25,59.4,62.5,57.0,62.5,2530,152416.0,TQBR
2022-05-26,62.5,62.9,58.3,60.3,2890,173887.0,TQBR
2022-05-27,59.0,60.6,58.6,60.4,690,41401.0,TQBR
2022-05-30,60.0,60.6,59.2,59.8,220,13238.0,TQBR
2022-05-31,60.6,60.6,58.5,59.6,510,30094.0,TQBR
2022-06-01,59.6,60.0,58.5,59.4,260,15466.0,TQBR
2022-06-02,60.0,60.0,59.5,59.9,360,21458.0,TQBR
2022-06-03,60.3,60.3,58.0,58.3,400,23385.0,TQBR
2022-06-06,59.0,60.0,58.0,59.0,1370,80746.0,TQBR
2022-06-07,59.2,59.2,57.6,58.5,1470,85408.0,TQBR
2022-06-08,57.4,58.5,56.3,57.6,2260,130124.0,TQBR
2022-06-09,57.9,68.1,56.5,57.1,59420,3703369.0,TQBR
2022-06-10,57.3,58.8,54.5,55.5,28730,1601133.0,TQBR
2022-06-14,55.7,58.0,55.2,56.9,4150,234314.0,TQBR
2022-06-15,57.0,57.0,55.2,56.9,4850,274514.0,TQBR
2022-06-16,56.8,60.5,56.8,59.0,16970,991789.0,TQBR
2022-06-17,59.0,59.9,58.4,59.0,2120,125113.0,TQBR
2022-06-20,59.5,61.0,58.9,60.7,8200,492581.0,TQBR
2022-06-21,59.9,60.6,58.0,58.9,4670,275755.0,TQBR
2022-06-22,59.4,59.8,57.0,59.4,17310,1011309.0,TQBR
2022-06-23,59.4,59.9,58.1,59.5,4840,286881.0,TQBR
2022-06-24,57.5,59.7,56.9,59.4,18280,1056738.0,TQBR
2022-06-27,53.5,58.2,53.5,56.8,5640,315886.0,TQBR
2022-06-28,57.5,57.9,56.8,57.2,640,36639.0,TQBR
2022-06-29,58.0,58.4,56.9,57.4,200,11461.0,TQBR
2022-06-30,58.0,58.0,55.0,56.2,1500,83881.0,TQBR
2022-07-01,55.1,57.0,55.0,56.0,1480,83245.0,TQBR
2022-07-04,56.5,58.1,55.6,55.9,2220,128096.0,TQBR
2022-07-05,56.0,56.0,54.9,55.2,7560,415516.0,TQBR
2022-07-06,54.7,55.9,54.7,55.9,260,14400.0,TQBR
2022-07-07,56.0,57.6,55.0,56.9,740,41831.0,TQBR
2022-07-08,56.9,56.9,56.5,56.9,50,2841.0,TQBR
2022-07-11,57.5,58.3,56.0,56.0,590,33470.0,TQBR
2022-07-12,56.9,56.9,55.9,56.9,550,31099.0,TQBR
2022-07-13,55.6,58.2,55.3,56.8,1260,72779.0,TQBR
2022-07-14,57.5,57.8,52.6,57.4,11900,642864.0,TQBR
2022-07-15,56.5,57.2,55.2,57.0,930,52005.0,TQBR
2022-07-18,57.0,57.2,53.0,55.4,14430,780105.0,TQBR
2022-07-19,55.3,56.5,53.1,56.5,1710,93596.0,TQBR
2022-07-20,56.5,56.8,55.6,56.4,570,32125.0,TQBR
2022-07-21,55.7,57.0,55.6,56.8,1960,111210.0,TQBR
2022-07-22,57.0,57.0,56.0,56.9,290,16462.0,TQBR
2022-07-25,56.5,56.6,56.0,56.5,140,7904.0,TQBR
2022-07-26,57.1,57.2,55.6,56.4,260,14645.0,TQBR
2022-07-27,56.4,56.9,55.0,56.5,550,30799.0,TQBR
2022-07-28,56.8,57.2,56.3,56.9,280,15944.0,TQBR
2022-07-29,57.2,60.7,57.0,58.0,13510,789997.0,TQBR
2022-08-01,57.0,58.4,56.5,58.0,8240,475331.0,TQBR
2022-08-02,58.0,58.0,56.6,57.2,4230,242360.0,TQBR
2022-08-03,57.4,58.0,57.4,57.9,1620,93858.0,TQBR
2022-08-04,57.9,57.9,56.0,57.5,1320,74734.0,TQBR
2022-08-05,57.0,57.4,55.6,55.6,470,26338.0,TQBR
2022-08-08,55.6,57.1,55.6,57.1,150,8483.0,TQBR
2022-08-09,56.6,56.6,54.0,54.7,46600,2547355.0,TQBR
2022-08-10,55.2,55.8,54.2,54.9,6590,360099.0,TQBR
2022-08-11,54.3,55.6,54.3,55.0,880,48440.0,TQBR
2022-08-12,55.0,55.4,54.5,55.2,120,6617.0,TQBR
2022-08-15,54.7,55.0,54.7,54.7,480,26377.0,TQBR
2022-08-16,55.0,55.0,53.0,54.4,25850,1394106.0,TQBR
2022-08-17,54.5,54.9,53.8,54.0,680,37020.0,TQBR
2022-08-18,55.0,55.0,53.8,54.5,1540,83587.0,TQBR
2022-08-19,54.4,54.7,53.0,54.4,8030,432173.0,TQBR
2022-08-22,54.5,54.6,54.1,54.6,240,13065.0,TQBR
2022-08-23,54.7,54.8,54.0,54.8,1190,65062.0,TQBR
2022-08-24,54.9,55.1,53.5,55.0,10950,591659.0,TQBR
2022-08-25,55.0,55.0,53.2,54.3,4490,243110.0,TQBR
2022-08-26,54.3,54.7,53.4,54.7,2840,152910.0,TQBR
2022-08-29,54.9,55.5,54.6,54.9,1950,107413.0,TQBR
2022-08-30,54.5,56.4,54.2,55.9,7180,396676.0,TQBR
2022-08-31,55.0,55.8,54.3,55.3,3180,174940.0,TQBR
2022-09-01,55.5,55.5,54.5,54.6,1560,85763.0,TQBR
2022-09-02,55.3,55.4,54.7,55.3,1110,61255.0,TQBR
2022-09-05,55.4,55.9,54.8,55.9,2230,123648.0,TQBR
2022-09-06,56.0,56.0,54.7,55.5,3810,209988.0,TQBR
2022-09-07,55.5,56.0,54.8,56.0,3520,195528.0,TQBR
2022-09-08,56.1,56.1,54.7,55.4,1680,92352.0,TQBR
2022-09-09,55.5,55.7,54.8,55.3,710,39216.0,TQBR
2022-09-12,55.8,56.7,54.5,55.8,5300,295917.0,TQBR
2022-09-13,56.1,56.5,55.2,56.2,1820,102119.0,TQBR
2022-09-14,56.2,56.2,55.5,55.9,680,37957.0,TQBR
2022-09-15,55.9,56.2,55.5,55.9,1140,63641.0,TQBR
2022-09-16,56.0,59.5,55.7,58.0,17800,1036526.0,TQBR
2022-09-19,58.2,58.8,56.6,57.6,1660,95472.0,TQBR
2022-09-20,58.1,58.1,53.0,54.6,10480,576376.0,TQBR
2022-09-21,50.0,54.1,47.0,54.1,4040,207957.0,TQBR
2022-09-22,54.0,54.7,53.5,54.1,600,32389.0,TQBR
2022-09-23,54.0,54.0,48.8,52.7,3180,161309.0,TQBR
2022-09-26,53.9,53.9,48.0,48.8,3790,187234.0,TQBR
2022-09-27,52.0,52.0,49.2,50.5,240,12078.0,TQBR
2022-09-28,51.5,51.5,50.0,51.1,290,14579.0,TQBR
2022-09-29,51.5,51.5,49.0,50.1,760,38250.0,TQBR
2022-09-30,51.1,51.1,48.0,49.8,2650,129729.0,TQBR
2022-10-03,51.4,51.4,51.1,51.3,310,15873.0,TQBR
2022-10-04,52.0,52.2,50.8,52.0,960,49964.0,TQBR
2022-10-05,51.9,52.0,50.7,51.7,710,36313.0,TQBR
2022-10-06,51.8,53.6,49.9,52.3,1780,92950.0,TQBR
2022-10-07,52.1,52.2,50.4,50.9,290,14758.0,TQBR
2022-10-10,51.6,51.6,50.0,51.2,1200,61614.0,TQBR
2022-10-11,50.6,52.5,50.5,52.3,1070,55781.0,TQBR
2022-10-12,52.3,52.4,51.0,52.2,1210,62269.0,TQBR
2022-10-13,52.0,52.0,51.1,52.0,330,17103.0,TQBR
2022-10-14,51.4,52.2,51.4,52.2,120,6229.0,TQBR
2022-10-17,52.2,52.5,51.6,52.5,280,14582.0,TQBR
2022-10-18,52.5,52.5,51.6,51.9,440,22860.0,TQBR
2022-10-19,51.6,51.8,51.0,51.5,950,48719.0,TQBR
2022-10-20,51.8,51.8,50.8,51.3,590,30198.0,TQBR
2022-10-21,51.2,51.3,50.7,51.3,130,6634.0,TQBR
2022-10-24,51.1,51.5,50.7,51.5,600,30681.0,TQBR
2022-10-25,51.6,52.5,51.6,52.2,2080,108618.0,TQBR
2022-10-26,51.3,52.5,49.5,51.9,2860,144618.0,TQBR
2022-10-27,51.9,56.5,51.9,55.0,21110,1148631.0,TQBR
2022-10-28,55.0,55.5,53.1,54.0,2660,144037.0,TQBR
2022-10-31,55.0,57.9,54.5,56.3,13130,736521.0,TQBR
2022-11-01,56.4,58.0,55.1,56.7,11010,624762.0,TQBR
2022-11-02,56.4,56.8,54.4,55.9,7320,407579.0,TQBR
2022-11-03,55.6,56.0,54.4,54.9,3940,216776.0,TQBR
2022-11-07,54.6,56.0,54.2,55.9,4150,228606.0,TQBR
2022-11-08,55.5,56.5,54.8,55.7,740,40876.0,TQBR
2022-11-09,55.9,57.6,54.0,54.7,6980,394254.0,TQBR
2022-11-10,54.0,55.1,53.8,55.1,1140,62219.0,TQBR
2022-11-11,55.0,57.8,54.2,57.8,5050,284048.0,TQBR
2022-11-14,58.5,60.5,56.0,60.0,75820,4469220.0,TQBR
2022-11-15,60.2,62.0,57.4,60.0,24980,1478734.0,TQBR
2022-11-16,60.0,61.2,57.0,60.5,9660,576135.0,TQBR
2022-11-17,61.2,61.2,58.0,59.4,7970,474363.0,TQBR
2022-11-18,59.4,60.1,58.0,59.9,5540,328537.0,TQBR
2022-11-21,60.2,63.0,59.2,63.0,31910,1956749.0,TQBR
2022-11-22,63.7,64.1,59.1,62.2,24960,1558635.0,TQBR
2022-11-23,62.0,65.8,62.0,64.1,41750,2675044.0,TQBR
2022-11-24,64.3,65.4,63.5,64.7,18120,1168028.0,TQBR
2022-11-25,64.0,67.4,63.7,66.0,44360,2897830.0,TQBR
2022-11-28,67.0,67.7,64.2,66.3,49480,3271297.0,TQBR
2022-11-29,66.6,66.8,65.0,65.7,17800,1176306.0,TQBR
2022-11-30,65.7,66.0,64.8,65.2,12060,789265.0,TQBR
2022-12-01,65.3,65.9,65.0,65.5,14130,921365.0,TQBR
2022-12-02,65.1,65.6,64.8,65.4,20410,1330384.0,TQBR
2022-12-05,66.0,67.0,65.5,65.9,32780,2168636.0,TQBR
2022-12-06,66.5,66.5,65.3,65.5,16200,1065201.0,TQBR
2022-12-07,65.4,66.9,63.6,65.7,39480,2566010.0,TQBR
2022-12-08,66.4,66.4,64.5,65.8,23160,1518049.0,TQBR
2022-12-09,65.8,67.6,64.2,67.0,41600,2754933.0,TQBR
2022-12-12,67.2,68.9,65.0,68.9,104970,7078935.0,TQBR
2022-12-13,69.0,73.8,68.2,73.2,139950,10072888.0,TQBR
2022-12-14,73.3,79.4,66.6,79.4,208580,15241273.0,TQBR
2022-12-15,71.5,73.0,64.1,64.4,224350,15195042.0,TQBR
2022-12-16,64.7,65.4,61.1,61.7,50790,3161474.0,TQBR
2022-12-19,60.7,62.3,56.4,56.4,94370,5487308.0,TQBR
2022-12-20,57.8,58.2,56.4,56.9,44190,2521569.0,TQBR
2022-12-21,57.5,57.5,56.4,56.4,20520,1166604.0,TQBR
2022-12-22,56.6,57.2,55.5,55.9,24240,1361636.0,TQBR
2022-12-23,55.9,57.4,55.4,56.8,28650,1618111.0,TQBR
2022-12-26,56.4,56.9,56.0,56.6,14840,840256.0,TQBR
2022-12-27,56.9,57.1,56.3,56.4,4920,278463.0,TQBR
2022-12-28,56.4,56.7,55.8,56.4,10170,571879.0,TQBR
2022-12-29,56.4,56.5,55.7,56.1,7150,400544.0,TQBR
2022-12-30,56.1,56.7,56.0,56.5,3350,188644.0,TQBR
2023-01-03,56.2,56.9,56.2,56.8,2770,157058.0,TQBR
2023-01-04,56.3,57.1,55.4,56.3,6090,343225.0,TQBR
2023-01-05,56.3,56.6,55.9,56.5,8150,459795.0,TQBR
2023-01-06,56.5,57.4,56.3,56.4,9730,553415.0,TQBR
2023-01-09,56.8,57.2,56.3,57.0,4860,276905.0,TQBR
2023-01-10,56.7,57.7,56.6,57.5,3170,180775.0,TQBR
2023-01-11,57.5,60.0,57.1,60.0,30590,1803567.0,TQBR
2023-01-12,58.1,61.2,58.1,61.1,14850,894163.0,TQBR
2023-01-13,61.1,62.0,58.5,59.9,10690,640320.0,TQBR
2023-01-16,60.1,60.4,58.5,58.9,16520,978687.0,TQBR
2023-01-17,59.5,59.5,58.2,58.7,4500,264573.0,TQBR
2023-01-18,58.5,59.4,58.5,59.2,1690,99793.0,TQBR
2023-01-19,59.2,59.2,58.1,58.6,6290,369388.0,TQBR
2023-01-20,58.6,62.0,58.6,59.1,26170,1563338.0,TQBR
2023-01-23,59.9,59.9,58.2,59.0,5930,350445.0,TQBR
2023-01-24,59.4,61.0,59.2,59.5,9490,567312.0,TQBR
2023-01-25,63.1,75.0,60.0,65.7,881200,61064197.0,TQBR
2023-01-26,65.5,65.5,62.6,64.6,78880,5006608.0,TQBR
2023-01-27,64.6,66.6,62.2,65.7,39130,2509845.0,TQBR
2023-01-30,64.9,67.4,64.3,66.6,9030,592991.0,TQBR
2023-01-31,65.7,72.6,65.5,70.8,79680,5485637.0,TQBR
2023-02-01,71.1,71.8,68.4,71.5,22760,1597419.0,TQBR
2023-02-02,70.8,74.8,69.1,73.3,52880,3829567.0,TQBR
2023-02-03,73.2,78.8,72.2,74.6,46980,3536420.0,TQBR
2023-02-06,74.7,79.1,74.7,78.5,34790,2690995.0,TQBR
2023-02-07,78.9,78.9,74.2,75.0,23670,1803093.0,TQBR
2023-02-08,75.0,76.3,73.7,74.0,5070,379412.0,TQBR
2023-02-09,75.3,75.3,70.0,72.8,8980,647635.0,TQBR
2023-02-10,73.0,78.9,72.8,77.1,32670,2506585.0,TQBR
2023-02-13,77.5,77.5,75.7,76.1,2590,198647.0,TQBR
2023-02-14,76.1,88.4,73.9,80.0,91770,7484885.0,TQBR
2023-02-15,80.0,83.6,74.0,77.4,13230,1042153.0,TQBR
2023-02-16,74.0,79.0,74.0,78.0,3310,253334.0,TQBR
2023-02-17,79.0,83.6,77.0,77.4,730,56979.0,TQBR
2023-02-20,77.4,84.0,77.2,83.9,16290,1333810.0,TQBR
2023-02-21,84.1,86.0,81.1,84.0,11920,1003605.0,TQBR
2023-02-22,82.9,84.0,81.3,82.0,2210,181211.0,TQBR
2023-02-24,81.3,82.4,80.0,80.6,1450,117548.0,TQBR
2023-02-27,81.4,84.5,80.0,82.5,5620,463527.0,TQBR
2023-02-28,83.1,99.5,80.0,84.0,298270,25954250.0,TQBR
2023-03-01,87.3,88.7,82.4,87.5,58650,4991433.0,TQBR
2023-03-02,87.5,88.0,85.6,88.0,9640,838443.0,TQBR
2023-03-03,88.5,92.9,85.5,89.4,13870,1217619.0,TQBR
2023-03-06,91.8,91.8,87.1,90.0,9450,843843.0,TQBR
2023-03-07,91.9,91.9,88.7,91.5,5640,509672.0,TQBR
2023-03-09,91.8,92.5,90.7,91.6,5650,519101.0,TQBR
2023-03-10,92.4,92.8,90.0,90.4,4660,426115.0,TQBR
2023-03-13,90.1,91.0,87.6,88.4,4440,398028.0,TQBR
2023-03-14,88.4,89.2,88.2,89.2,850,75410.0,TQBR
2023-03-15,88.5,90.0,88.5,89.2,1520,136114.0,TQBR
2023-03-16,88.9,90.4,88.3,89.0,3360,300240.0,TQBR
2023-03-17,89.9,92.9,89.0,92.8,8820,805124.0,TQBR
2023-03-20,92.7,93.4,90.6,93.4,9590,888752.0,TQBR
2023-03-21,93.8,94.0,91.0,93.0,1720,158597.0,TQBR
2023-03-22,92.6,92.6,86.0,86.0,128180,11311599.0,TQBR
2023-03-23,86.5,90.0,82.0,85.5,114280,9882080.0,TQBR
2023-03-24,85.6,86.5,84.5,85.3,15860,1346223.0,TQBR
2023-03-27,85.5,86.5,84.7,85.5,14510,1238368.0,TQBR
2023-03-28,85.9,85.9,84.0,85.1,24170,2048956.0,TQBR
2023-03-29,85.1,85.4,79.9,84.7,17780,1496100.0,TQBR
2023-03-30,84.7,86.0,84.4,85.6,16990,1447937.0,TQBR
2023-03-31,85.6,86.0,84.0,85.5,10700,910813.0,TQBR
2023-04-03,85.0,85.8,85.0,85.6,7100,606102.0,TQBR
2023-04-04,85.8,86.0,85.3,85.5,9650,826131.0,TQBR
2023-04-05,85.5,86.0,84.5,85.7,12400,1059944.0,TQBR
2023-04-06,85.6,87.0,85.2,86.0,39160,3381281.0,TQBR
2023-04-07,86.9,87.1,86.2,86.4,9690,839915.0,TQBR
2023-04-10,86.5,89.4,82.6,88.0,57040,4972080.0,TQBR
2023-04-11,88.2,93.0,88.0,90.0,89680,8098187.0,TQBR
2023-04-12,89.2,91.5,88.2,88.6,13850,1244373.0,TQBR
2023-04-13,89.0,91.4,84.0,88.0,30290,2634547.0,TQBR
2023-04-14,88.0,89.0,86.2,88.4,10190,893828.0,TQBR
2023-04-17,88.8,91.1,86.9,89.4,9280,826237.0,TQBR
2023-04-18,89.5,90.9,88.0,89.3,10470,940174.0,TQBR
2023-04-19,89.9,90.8,88.1,89.1,13050,1164827.0,TQBR
2023-04-20,88.9,90.0,87.8,88.9,5580,494432.0,TQBR
2023-04-21,89.5,89.9,88.5,88.7,1920,171081.0,TQBR
2023-04-24,88.6,90.9,87.3,90.0,9070,816455.0,TQBR
2023-04-25,90.7,126.0,90.0,126.0,387940,44636839.0,TQBR
2023-04-26,138.6,172.5,127.2,149.0,598150,94158506.0,TQBR
2023-04-27,162.0,162.2,136.6,142.5,109070,16247776.0,TQBR
2023-04-28,140.0,148.0,127.2,130.0,43420,5924986.0,TQBR
2023-05-02,131.0,141.3,111.9,123.5,82360,10729502.0,TQBR
2023-05-03,123.5,128.0,115.3,126.8,26620,3283494.0,TQBR
2023-05-04,126.3,135.3,121.2,130.1,76630,10091275.0,TQBR
2023-05-05,130.0,130.1,120.0,123.5,12620,1569632.0,TQBR
2023-05-08,125.9,132.8,120.1,126.0,15380,1935571.0,TQBR
2023-05-10,126.9,129.4,120.9,128.8,10910,1375928.0,TQBR
2023-05-11,129.0,133.0,124.0,126.0,51290,6516084.0,TQBR
2023-05-12,125.5,125.8,115.0,119.1,43400,5254192.0,TQBR
2023-05-15,120.4,129.2,118.2,125.5,48480,6072953.0,TQBR
2023-05-16,129.5,153.8,129.5,143.4,311280,45059686.0,TQBR
2023-05-17,145.9,147.9,132.1,139.0,60980,8474327.0,TQBR
2023-05-18,141.1,142.9,136.4,136.4,16340,2277597.0,TQBR
2023-05-19,136.4,138.6,131.4,134.5,10780,1444093.0,TQBR
2023-05-22,133.1,135.0,129.0,130.2,15120,1995439.0,TQBR
2023-05-23,130.2,136.5,127.7,132.5,13520,1795647.0,TQBR
2023-05-24,132.6,133.0,125.4,131.3,16400,2119893.0,TQBR
2023-05-25,133.3,160.0,131.5,140.1,328120,48735522.0,TQBR
2023-05-26,147.0,147.0,135.1,140.0,26160,3637740.0,TQBR
2023-05-29,138.2,141.4,136.0,138.7,19960,2765379.0,TQBR
2023-05-30,137.7,138.3,133.2,135.6,15060,2042988.0,TQBR
2023-05-31,134.2,137.0,127.4,136.6,23260,3069829.0,TQBR
2023-06-01,136.6,141.1,132.7,134.2,18370,2521371.0,TQBR
2023-06-02,134.4,145.6,132.6,140.9,51480,7269790.0,TQBR
2023-06-05,143.3,151.1,135.8,144.0,30290,4398652.0,TQBR
2023-06-06,140.2,146.0,139.1,141.1,9920,1412396.0,TQBR
2023-06-07,141.7,143.6,137.1,140.5,9090,1267603.0,TQBR
2023-06-08,139.1,143.6,136.0,142.6,8980,1259755.0,TQBR
2023-06-09,142.8,143.0,138.4,142.5,15440,2183523.0,TQBR
2023-06-13,140.3,197.9,140.3,180.5,775190,140398105.0,TQBR
2023-06-14,181.3,239.0,180.1,224.9,833690,183256076.0,TQBR
2023-06-15,220.0,229.0,197.0,202.8,217940,45480370.0,TQBR
2023-06-16,204.5,204.5,191.4,198.0,39790,7855631.0,TQBR
2023-06-19,191.3,198.2,191.3,198.0,13950,2725467.0,TQBR
2023-06-20,196.0,197.8,193.1,194.6,20530,4009290.0,TQBR
2023-06-21,197.2,208.8,195.9,202.0,40760,8237787.0,TQBR
2023-06-22,202.1,206.7,198.3,203.8,16770,3406390.0,TQBR
2023-06-23,205.7,205.8,198.6,202.7,15100,3043878.0,TQBR
2023-06-26,201.5,202.7,189.0,197.9,12150,2391312.0,TQBR
2023-06-27,197.5,217.6,197.5,215.4,120680,25595263.0,TQBR
2023-06-28,210.4,220.0,196.1,203.6,34600,7160927.0,TQBR
2023-06-29,201.0,216.8,201.0,205.9,68910,14548925.0,TQBR
2023-06-30,205.2,217.0,205.2,206.0,28430,5995017.0,TQBR
2023-07-03,190.3,208.0,190.1,203.5,34010,6745665.0,TQBR
2023-07-04,207.4,238.6,203.6,209.8,124540,27443331.0,TQBR
2023-07-05,209.8,223.2,208.3,212.1,36320,7798161.0,TQBR
2023-07-06,214.9,215.2,210.0,212.0,10440,2215109.0,TQBR
2023-07-07,212.1,215.0,211.0,214.3,15470,3292120.0,TQBR
2023-07-10,219.9,219.9,210.0,211.6,14120,2992462.0,TQBR
2023-07-11,215.0,226.8,210.2,217.4,55540,12137612.0,TQBR
2023-07-12,217.6,230.3,212.2,226.8,42880,9631377.0,TQBR
2023-07-13,240.0,240.0,221.4,230.0,41540,9443233.0,TQBR
2023-07-14,235.0,240.0,225.1,230.0,33700,7795645.0,TQBR
2023-07-17,231.0,249.3,231.0,243.9,52000,12575051.0,TQBR
2023-07-18,245.3,279.3,244.4,264.1,171370,45448542.0,TQBR
2023-07-19,269.2,269.2,251.5,261.0,74800,19390787.0,TQBR
2023-07-20,265.7,265.7,253.0,263.0,22450,5786702.0,TQBR
2023-07-21,265.8,290.0,265.0,279.0,194080,53969839.0,TQBR
2023-07-24,285.0,379.6,282.1,346.4,728830,253820706.0,TQBR
2023-07-25,347.0,359.2,332.8,344.2,96970,33376388.0,TQBR
2023-07-26,377.9,380.0,320.3,341.1,204210,70766345.0,TQBR
2023-07-27,344.6,345.5,324.6,332.9,78860,26185256.0,TQBR
2023-07-28,334.4,336.0,325.2,333.0,34430,11409351.0,TQBR
2023-07-31,333.0,340.2,326.0,338.0,53390,17928045.0,TQBR
2023-08-01,339.3,340.0,327.9,339.0,44220,14868801.0,TQBR
2023-08-02,339.5,375.0,338.1,369.9,228240,82447782.0,TQBR
2023-08-03,370.0,466.0,370.0,442.0,514070,221721320.0,TQBR
2023-08-04,460.0,499.5,406.2,451.2,251070,115674547.0,TQBR
2023-08-07,457.5,512.0,421.1,487.8,216190,104345686.0,TQBR
2023-08-08,496.1,630.0,496.0,622.2,500600,285738017.0,TQBR
2023-08-09,632.2,730.5,632.2,715.0,351220,245077531.0,TQBR
2023-08-10,725.0,764.0,454.2,523.3,429070,247532609.0,TQBR
2023-08-11,539.9,575.0,490.0,575.0,111350,60927518.0,TQBR
2023-08-14,589.0,609.9,520.1,543.7,123370,69779010.0,TQBR
2023-08-15,543.4,543.5,515.0,517.0,51270,27157137.0,TQBR
2023-08-16,516.9,536.4,432.3,468.4,134540,64452699.0,TQBR
2023-08-17,474.9,488.8,451.0,468.0,38100,18030227.0,TQBR
2023-08-18,479.3,487.3,456.1,479.0,16800,7990211.0,TQBR
2023-08-21,480.0,526.2,470.0,526.2,70150,36630148.0,TQBR
2023-08-22,526.4,578.4,526.4,578.4,136200,77277518.0,TQBR
2023-08-23,581.5,597.6,542.3,554.9,81490,46111185.0,TQBR
2023-08-24,543.0,585.0,543.0,550.5,40560,22458342.0,TQBR
2023-08-25,568.7,568.7,521.0,546.9,45990,24874080.0,TQBR
2023-08-28,558.7,567.0,531.2,546.1,51940,28431465.0,TQBR
2023-08-29,546.1,549.8,521.1,536.0,38940,20805642.0,TQBR
2023-08-30,538.0,552.0,502.3,536.3,75250,40280830.0,TQBR
2023-08-31,549.9,550.0,521.0,534.6,48150,25579602.0,TQBR
2023-09-01,539.8,559.0,510.0,526.0,44640,23796018.0,TQBR
2023-09-04,535.6,544.0,526.9,539.8,34440,18468661.0,TQBR
2023-09-05,541.4,555.0,539.8,549.4,50550,27700588.0,TQBR
2023-09-06,556.4,562.1,526.0,535.5,31770,17199502.0,TQBR
2023-09-07,540.8,543.3,478.6,507.9,42770,22229946.0,TQBR
2023-09-08,500.0,519.0,477.0,494.1,32180,15880846.0,TQBR
2023-09-11,508.9,519.8,473.8,502.9,27880,14126274.0,TQBR
2023-09-12,518.7,525.2,508.2,520.5,17950,9300303.0,TQBR
2023-09-13,529.9,569.0,495.1,508.3,103570,55591438.0,TQBR
2023-09-14,512.5,512.5,395.0,453.0,48970,22414635.0,TQBR
2023-09-15,452.0,487.9,429.9,478.8,28010,13098265.0,TQBR
2023-09-18,502.0,502.0,454.6,468.3,20980,10073560.0,TQBR
2023-09-19,474.0,476.0,436.7,443.7,17010,7701723.0,TQBR
2023-09-20,444.7,444.7,390.0,406.3,45020,18461585.0,TQBR
2023-09-21,406.5,413.7,395.0,397.6,12170,4912476.0,TQBR
2023-09-22,399.1,409.9,380.3,403.1,16320,6427344.0,TQBR
2023-09-25,409.0,428.6,404.0,424.8,37320,15685246.0,TQBR
2023-09-26,429.5,442.3,415.6,421.3,8820,3734991.0,TQBR
2023-09-27,429.0,436.5,415.5,429.4,9860,4193443.0,TQBR
2023-09-28,434.4,434.5,419.4,425.0,18200,7816753.0,TQBR
2023-09-29,434.4,445.0,418.3,423.5,11390,4860969.0,TQBR
2023-10-02,426.5,439.3,417.0,418.7,16570,7012456.0,TQBR
2023-10-03,418.5,418.6,395.8,401.2,36280,14546165.0,TQBR
2023-10-04,410.0,410.0,390.0,396.9,19280,7720231.0,TQBR
2023-10-05,398.8,399.9,388.0,391.7,21270,8347543.0,TQBR
2023-10-06,392.1,392.3,370.0,372.2,40090,15097346.0,TQBR
2023-10-09,375.1,378.9,369.9,378.4,19460,7285411.0,TQBR
2023-10-10,380.0,385.0,379.1,385.0,32410,12404856.0,TQBR
2023-10-11,385.0,386.7,380.0,383.0,24270,9329856.0,TQBR
2023-10-12,381.9,381.9,350.4,371.7,27140,10194569.0,TQBR
2023-10-13,371.0,381.0,365.2,369.1,19020,7144117.0,TQBR
2023-10-16,371.0,381.3,361.5,380.6,20370,7677657.0,TQBR
2023-10-17,384.6,405.0,375.4,397.1,53490,21005450.0,TQBR
2023-10-18,397.1,430.0,390.0,421.2,66950,27654594.0,TQBR
2023-10-19,426.4,426.7,410.6,417.1,8510,3563762.0,TQBR
2023-10-20,419.0,422.4,395.0,403.4,22700,9167050.0,TQBR
2023-10-23,403.8,418.6,399.1,400.0,13540,5539444.0,TQBR
2023-10-24,403.0,413.0,399.5,404.3,8730,3552221.0,TQBR
2023-10-25,408.4,440.0,405.4,432.4,44110,18748831.0,TQBR
2023-10-26,435.4,456.4,406.5,416.9,52900,23049221.0,TQBR
2023-10-27,427.4,427.4,397.4,409.1,35400,14404511.0,TQBR
2023-10-30,412.4,415.3,405.5,405.5,9940,4067547.0,TQBR
2023-10-31,429.9,429.9,413.1,414.0,53970,22689070.0,TQBR
2023-11-01,410.0,427.0,410.0,425.2,14540,6138442.0,TQBR
2023-11-02,425.0,432.0,413.0,413.0,14970,6289986.0,TQBR
2023-11-03,421.2,421.8,411.2,413.2,7580,3153874.0,TQBR
2023-11-06,420.0,421.0,411.2,417.4,5240,2182332.0,TQBR
2023-11-07,417.6,418.6,409.0,415.8,10550,4357218.0,TQBR
2023-11-08,415.8,415.8,406.0,408.6,13130,5370406.0,TQBR
2023-11-09,411.0,411.0,385.2,386.8,18350,7313712.0,TQBR
2023-11-10,393.2,414.6,390.6,394.4,44880,18003836.0,TQBR
2023-11-13,394.6,394.6,361.0,364.0,31180,11675414.0,TQBR
2023-11-14,360.0,376.6,279.0,306.8,55990,18016378.0,TQBR
2023-11-15,305.0,345.4,286.8,337.2,32510,10539636.0,TQBR
2023-11-16,340.0,379.0,332.4,348.6,42850,15013410.0,TQBR
2023-11-17,348.6,355.2,333.2,338.8,11700,3994272.0,TQBR
2023-11-20,341.8,342.0,331.2,331.2,8370,2821912.0,TQBR
2023-11-21,331.0,331.8,324.0,328.0,7450,2440972.0,TQBR
2023-11-22,325.0,338.8,322.2,328.0,10020,3317622.0,TQBR
2023-11-23,325.4,328.2,300.0,303.2,22160,6938808.0,TQBR
2023-11-24,309.0,309.0,285.0,294.0,14770,4314542.0,TQBR
2023-11-27,296.8,298.8,281.8,285.0,12360,3536746.0,TQBR
2023-11-28,285.0,321.4,279.0,321.0,33340,9992494.0,TQBR
2023-11-29,323.0,348.6,323.0,332.4,32590,11021228.0,TQBR
2023-11-30,333.0,333.6,304.0,311.2,21770,6763650.0,TQBR
2023-12-01,318.0,331.0,310.0,311.8,13970,4465666.0,TQBR
2023-12-04,319.8,333.6,285.0,291.2,13690,4134376.0,TQBR
2023-12-05,291.0,293.6,256.2,268.4,91020,24067374.0,TQBR
2023-12-06,274.8,274.8,243.2,251.0,28730,7390138.0,TQBR
2023-12-07,251.0,257.0,240.4,249.6,21630,5405512.0,TQBR
2023-12-08,249.4,264.6,248.2,263.0,10560,2722452.0,TQBR
2023-12-11,263.0,263.0,242.2,250.0,11280,2861876.0,TQBR
2023-12-12,252.8,257.8,238.4,248.0,9510,2347000.0,TQBR
2023-12-13,250.6,263.2,250.6,257.8,17640,4565516.0,TQBR
2023-12-14,258.0,259.6,243.2,252.0,22740,5762026.0,TQBR
2023-12-15,248.0,267.6,246.2,264.6,12310,3201304.0,TQBR
2023-12-18,269.2,276.2,265.0,276.2,19520,5286306.0,TQBR
2023-12-19,277.2,304.8,277.2,299.4,41800,12234656.0,TQBR
2023-12-20,302.0,320.0,295.0,315.0,53380,16568512.0,TQBR
2023-12-21,316.0,323.4,295.6,299.6,38270,11773976.0,TQBR
2023-12-22,308.2,308.4,297.0,304.2,12300,3731332.0,TQBR
2023-12-25,304.4,308.8,295.4,297.0,11420,3425700.0,TQBR
2023-12-26,301.8,301.8,283.0,285.0,15120,4340666.0,TQBR
2023-12-27,285.0,294.6,280.0,280.0,13690,3906036.0,TQBR
2023-12-28,279.8,280.8,269.0,272.6,13950,3825954.0,TQBR
2023-12-29,272.2,275.6,266.8,270.4,6360,1720052.0,TQBR
2024-01-03,285.8,285.8,265.0,282.0,5730,1584690.0,TQBR
2024-01-04,285.0,324.0,279.6,312.0,75400,23327006.0,TQBR
2024-01-05,315.0,372.6,315.0,350.0,162970,56282294.0,TQBR
2024-01-08,363.0,363.0,338.0,342.6,31610,10881750.0,TQBR
2024-01-09,344.2,350.0,338.0,349.6,22200,7669828.0,TQBR
2024-01-10,349.6,352.2,340.0,347.0,18450,6399030.0,TQBR
2024-01-11,349.0,383.6,341.2,375.8,73360,27014386.0,TQBR
2024-01-12,376.2,395.0,376.2,380.6,28040,10762758.0,TQBR
2024-01-15,394.0,401.8,371.4,392.8,41050,16025774.0,TQBR
2024-01-16,392.8,401.6,372.4,378.8,28490,10834818.0,TQBR
2024-01-17,375.0,380.2,370.0,375.6,9950,3740470.0,TQBR
2024-01-18,377.4,397.0,375.8,391.4,41960,16311100.0,TQBR
2024-01-19,392.6,395.6,379.0,385.2,17270,6683718.0,TQBR
2024-01-22,387.0,389.6,377.4,380.6,14260,5469738.0,TQBR
2024-01-23,384.8,460.2,381.0,441.4,306750,132618712.0,TQBR
2024-01-24,447.8,524.8,447.8,472.0,414640,205928802.0,TQBR
2024-01-25,473.0,488.0,435.6,459.2,88510,40247178.0,TQBR
2024-01-26,459.0,459.0,441.0,447.0,31720,14175922.0,TQBR
2024-01-29,447.0,495.8,447.0,480.2,101170,48147598.0,TQBR
2024-01-30,485.0,493.8,455.4,456.6,46160,21573718.0,TQBR
2024-01-31,461.0,477.0,456.6,467.4,31390,14623106.0,TQBR
2024-02-01,457.2,466.2,440.0,440.2,29010,13113842.0,TQBR
2024-02-02,438.8,443.8,421.6,440.0,38190,16458014.0,TQBR
2024-02-05,443.4,465.4,440.4,450.0,41030,18723782.0,TQBR
2024-02-06,452.0,457.2,441.2,456.6,15150,6823766.0,TQBR
2024-02-07,458.2,460.0,445.6,454.4,16090,7288484.0,TQBR
2024-02-08,454.6,459.8,437.0,437.6,18880,8405550.0,TQBR
2024-02-09,437.6,441.8,422.0,424.0,21650,9294536.0,TQBR
2024-02-12,426.8,429.6,409.2,417.8,22120,9204360.0,TQBR
2024-02-13,419.2,438.8,415.2,421.8,26000,11172914.0,TQBR
2024-02-14,425.2,427.4,411.4,416.6,16060,6692860.0,TQBR
2024-02-15,426.2,428.0,411.8,422.2,11020,4635862.0,TQBR
2024-02-16,422.2,448.8,417.2,420.6,27640,11982478.0,TQBR
2024-02-19,424.0,430.0,412.2,427.8,14390,6079478.0,TQBR
2024-02-20,427.6,427.6,402.4,409.0,14080,5846858.0,TQBR
2024-02-21,406.0,406.0,372.0,396.2,45070,17495658.0,TQBR
2024-02-22,396.0,400.0,377.0,394.6,15810,6187192.0,TQBR
2024-02-26,400.0,411.2,397.2,411.2,14730,5959856.0,TQBR
2024-02-27,411.6,415.4,395.2,400.0,25040,10104634.0,TQBR
2024-02-28,401.6,410.0,396.0,397.0,9400,3781286.0,TQBR
2024-02-29,399.6,399.6,385.4,394.6,16140,6318856.0,TQBR
2024-03-01,397.8,401.4,394.6,399.2,7910,3147314.0,TQBR
2024-03-04,399.2,399.2,390.0,395.0,8860,3484526.0,TQBR
2024-03-05,395.2,426.8,391.4,392.8,68410,28041848.0,TQBR
2024-03-06,393.2,404.6,387.2,393.2,15640,6165954.0,TQBR
2024-03-07,393.0,401.2,386.0,389.2,8760,3434254.0,TQBR
2024-03-11,390.2,395.0,388.6,392.4,4850,1898568.0,TQBR
2024-03-12,393.0,393.0,384.4,388.0,8010,3106728.0,TQBR
2024-03-13,392.0,424.0,385.2,420.0,69650,28677216.0,TQBR
2024-03-14,421.8,423.0,397.0,399.4,25240,10263560.0,TQBR
2024-03-15,401.0,404.0,399.6,402.0,3950,1586734.0,TQBR
2024-03-18,404.6,412.8,396.2,402.6,15370,6206676.0,TQBR
2024-03-19,401.8,411.0,400.0,400.6,8080,3263060.0,TQBR
2024-03-20,400.2,406.0,390.0,398.2,5140,2046974.0,TQBR
2024-03-21,392.2,403.6,392.2,400.8,4850,1937254.0,TQBR
2024-03-22,400.8,402.0,395.0,396.0,4720,1876908.0,TQBR
2024-03-25,396.0,396.0,376.4,385.8,12180,4695916.0,TQBR
2024-03-26,386.8,403.0,381.0,399.0,18690,7353870.0,TQBR
2024-03-27,400.4,406.2,390.2,399.0,12730,5102424.0,TQBR
2024-03-28,401.8,402.8,398.4,400.0,3010,1206260.0,TQBR
2024-03-29,403.6,405.6,395.2,397.0,3990,1595356.0,TQBR
2024-04-01,397.0,406.0,397.0,404.2,5660,2278616.0,TQBR
2024-04-02,404.2,404.2,392.0,400.0,8270,3291956.0,TQBR
2024-04-03,401.2,402.2,396.0,398.2,4100,1635948.0,TQBR
2024-04-04,400.0,400.0,394.2,398.0,6700,2662634.0,TQBR
2024-04-05,397.2,416.0,393.0,416.0,15790,6338398.0,TQBR
2024-04-08,418.6,420.4,398.8,411.4,20420,8377118.0,TQBR
2024-04-09,412.4,413.0,400.0,403.4,13870,5589182.0,TQBR
2024-04-10,404.8,412.0,402.2,409.8,5720,2337544.0,TQBR
2024-04-11,410.0,410.8,402.6,405.6,2890,1176576.0,TQBR
2024-04-12,406.8,406.8,401.2,403.0,3860,1556666.0,TQBR
2024-04-15,405.6,405.6,395.2,397.4,9960,3983924.0,TQBR
2024-04-16,399.2,400.8,398.2,400.0,3760,1501672.0,TQBR
2024-04-17,402.0,409.6,400.8,407.6,10770,4368686.0,TQBR
2024-04-18,407.4,408.0,398.0,402.2,3590,1443258.0,TQBR
2024-04-19,400.2,400.2,387.2,396.0,9660,3820888.0,TQBR
2024-04-22,395.4,401.2,388.0,397.6,8380,3325516.0,TQBR
2024-04-23,398.0,401.2,390.0,392.4,6230,2460536.0,TQBR
2024-04-24,395.8,399.0,390.0,397.2,5700,2246700.0,TQBR
2024-04-25,398.6,398.6,391.0,396.0,4270,1684810.0,TQBR
2024-04-26,393.8,397.0,390.0,391.4,3400,1337584.0,TQBR
2024-04-27,392.6,394.0,388.0,390.0,3410,1335710.0,TQBR
2024-04-29,390.0,398.0,390.0,397.0,2540,1002162.0,TQBR
2024-04-30,397.0,399.0,392.8,396.6,4600,1825610.0,TQBR
2024-05-02,397.6,401.4,382.4,385.0,33230,12898068.0,TQBR
2024-05-03,385.0,386.0,366.0,375.8,23820,8917398.0,TQBR
2024-05-06,378.0,385.0,372.0,377.2,8700,3275972.0,TQBR
2024-05-07,375.6,377.4,370.0,370.2,7530,2814952.0,TQBR
2024-05-08,370.0,380.8,368.4,370.4,9560,3556658.0,TQBR
2024-05-10,372.4,372.4,366.2,372.2,2920,1080030.0,TQBR
2024-05-13,372.0,384.4,363.0,363.0,15040,5591136.0,TQBR
2024-05-14,363.8,371.0,360.2,363.8,11620,4237442.0,TQBR
2024-05-15,367.6,367.6,348.0,352.0,19730,6994452.0,TQBR
2024-05-16,353.6,354.4,346.0,347.6,6980,2435310.0,TQBR
2024-05-17,350.0,350.2,340.6,347.6,14980,5145118.0,TQBR
2024-05-20,348.6,350.8,338.2,341.2,10790,3713758.0,TQBR
2024-05-21,341.6,341.6,331.2,334.2,10450,3505228.0,TQBR
2024-05-22,334.2,348.4,330.8,344.4,11620,3975680.0,TQBR
2024-05-23,347.2,347.2,337.0,337.4,2600,883676.0,TQBR
2024-05-24,341.0,349.8,331.0,332.6,5870,1985608.0,TQBR
2024-05-27,332.4,332.4,314.6,319.4,9520,3051802.0,TQBR
2024-05-28,316.2,322.0,312.0,320.0,5210,1660120.0,TQBR
2024-05-29,323.0,324.8,314.0,319.6,3560,1132888.0,TQBR
2024-05-30,315.2,333.0,315.2,330.0,5940,1953738.0,TQBR
2024-05-31,339.0,352.0,321.2,321.2,14300,4821508.0,TQBR
2024-06-03,318.0,329.0,281.8,302.0,10570,3174382.0,TQBR
2024-06-04,307.8,310.8,299.0,310.6,4160,1274318.0,TQBR
2024-06-05,308.0,323.0,308.0,321.8,4420,1403436.0,TQBR
2024-06-06,324.8,329.8,316.6,320.2,3380,1088854.0,TQBR
2024-06-07,319.6,336.6,312.0,335.8,8190,2694760.0,TQBR
2024-06-10,337.0,341.0,334.2,337.4,3480,1173978.0,TQBR
2024-06-11,335.4,355.0,324.6,342.0,19460,6562320.0,TQBR
2024-06-13,320.0,338.4,305.0,328.2,37310,11972382.0,TQBR
2024-06-14,330.0,331.6,323.6,331.2,4180,1367220.0,TQBR
2024-06-17,329.0,330.0,320.0,322.2,1840,599834.0,TQBR
2024-06-18,329.6,329.6,318.2,320.6,6650,2143732.0,TQBR
2024-06-19,320.8,320.8,304.4,310.0,8820,2722262.0,TQBR
2024-06-20,304.2,321.8,297.6,318.2,7010,2192462.0,TQBR
2024-06-21,322.6,325.0,316.0,316.0,2050,656934.0,TQBR
2024-06-24,318.8,319.2,306.8,307.6,2640,819276.0,TQBR
2024-06-25,306.8,316.0,302.0,310.8,2290,700342.0,TQBR
2024-06-26,310.0,318.4,309.4,314.0,4550,1429728.0,TQBR
2024-06-27,314.0,319.0,310.6,313.6,5160,1623584.0,TQBR
2024-06-28,308.2,317.2,303.8,313.0,5000,1569774.0,TQBR
2024-07-01,312.8,316.2,306.2,313.0,3380,1055614.0,TQBR
2024-07-02,314.8,324.8,314.8,322.4,10850,3456974.0,TQBR
2024-07-03,325.8,331.0,315.0,316.4,8500,2732696.0,TQBR
2024-07-04,319.8,319.8,310.0,311.8,2950,924384.0,TQBR
2024-07-05,310.0,310.0,303.8,303.8,3460,1059848.0,TQBR
2024-07-08,304.0,304.8,297.4,298.0,1930,581856.0,TQBR
2024-07-09,292.2,292.2,268.0,269.2,13320,3697868.0,TQBR
2024-07-10,268.2,268.2,249.0,250.8,5750,1471024.0,TQBR
2024-07-11,252.0,289.4,251.0,272.0,10720,2966300.0,TQBR
2024-07-12,279.4,285.0,276.2,282.0,2840,799012.0,TQBR
2024-07-15,283.6,300.0,278.6,286.4,19270,5588868.0,TQBR
2024-07-16,278.0,291.8,276.6,281.4,4820,1358972.0,TQBR
2024-07-17,280.6,286.4,280.4,281.4,1400,395720.0,TQBR
2024-07-18,275.4,279.2,270.0,277.8,4770,1303836.0,TQBR
2024-07-19,277.2,278.8,274.0,278.0,2620,727228.0,TQBR
2024-07-22,281.8,287.0,274.2,282.6,3210,898156.0,TQBR
2024-07-23,283.2,285.2,280.2,280.2,2110,594142.0,TQBR
2024-07-24,276.2,280.6,250.0,272.2,7790,2122926.0,TQBR
2024-07-25,275.0,275.0,268.8,270.4,6440,1744866.0,TQBR
2024-07-26,270.6,273.0,265.6,266.6,5230,1408778.0,TQBR
2024-07-29,265.0,265.0,254.2,254.2,4910,1258692.0,TQBR
2024-07-30,253.0,257.6,251.0,257.0,1930,493152.0,TQBR
2024-07-31,255.6,260.0,255.0,258.0,1570,404428.0,TQBR
2024-08-01,259.0,264.0,257.2,261.2,1630,424448.0,TQBR
2024-08-02,261.0,267.0,259.8,263.4,2590,684836.0,TQBR
2024-08-05,265.8,265.8,250.0,252.8,2990,760404.0,TQBR
2024-08-06,259.8,267.8,255.6,260.0,2760,715862.0,TQBR
2024-08-07,264.0,264.0,259.4,263.0,610,159644.0,TQBR
2024-08-08,262.0,262.0,258.6,260.2,930,242054.0,TQBR
2024-08-09,259.2,259.2,253.4,255.8,900,230166.0,TQBR
2024-08-12,253.4,254.4,251.0,253.6,920,232408.0,TQBR
2024-08-13,253.6,268.0,253.6,265.0,5310,1380402.0,TQBR
2024-08-14,269.6,291.0,267.8,282.2,27170,7747512.0,TQBR
2024-08-15,289.4,293.8,275.6,275.6,8200,2325876.0,TQBR
2024-08-16,275.6,277.0,260.0,271.6,7470,2000420.0,TQBR
2024-08-19,262.2,271.6,261.8,262.0,5200,1379106.0,TQBR
2024-08-20,266.0,266.0,255.0,257.2,4540,1177986.0,TQBR
2024-08-21,257.8,260.4,255.2,258.8,1500,387050.0,TQBR
2024-08-22,260.2,270.2,255.6,257.4,5320,1392152.0,TQBR
2024-08-23,255.8,256.0,239.6,239.6,5660,1384758.0,TQBR
2024-08-26,243.4,249.2,241.6,247.4,1970,484912.0,TQBR
2024-08-27,249.6,254.6,239.4,244.2,4040,1004314.0,TQBR
2024-08-28,255.0,255.0,234.2,237.2,4780,1147564.0,TQBR
2024-08-29,238.4,240.0,228.2,228.2,3400,796450.0,TQBR
2024-08-30,229.4,229.8,209.0,217.2,4850,1055072.0,TQBR
2024-09-02,217.2,217.2,197.2,201.8,8350,1691972.0,TQBR
2024-09-03,207.8,207.8,193.0,195.6,3440,690666.0,TQBR
2024-09-04,198.6,214.0,196.4,209.8,4310,894320.0,TQBR
2024-09-05,213.4,226.6,212.0,219.8,7130,1561632.0,TQBR
2024-09-06,217.0,222.2,211.4,213.4,2000,430022.0,TQBR
2024-09-09,219.6,224.2,212.2,219.0,5610,1219306.0,TQBR
2024-09-10,223.8,233.4,223.8,226.2,5930,1346518.0,TQBR
2024-09-11,227.8,231.4,220.2,227.4,2190,496216.0,TQBR
2024-09-12,224.4,224.4,217.2,218.4,1550,341862.0,TQBR
2024-09-13,218.4,218.4,210.2,216.4,2210,472878.0,TQBR
2024-09-16,217.4,227.4,207.4,210.0,14940,3215886.0,TQBR
2024-09-17,211.8,211.8,200.4,203.4,15130,3090196.0,TQBR
2024-09-18,204.0,208.0,201.6,204.0,13770,2820670.0,TQBR
2024-09-19,205.8,207.6,202.2,202.8,5260,1076136.0,TQBR
2024-09-20,203.8,204.4,198.0,202.4,9670,1947838.0,TQBR
2024-09-23,202.4,204.0,198.0,202.6,11630,2354342.0,TQBR
2024-09-24,202.8,204.2,198.0,203.8,7190,1454620.0,TQBR
2024-09-25,203.6,209.0,202.0,206.6,14860,3062280.0,TQBR
2024-09-26,207.2,209.8,203.0,205.2,6620,1370338.0,TQBR
2024-09-27,205.2,205.6,200.6,204.0,2770,564538.0,TQBR
2024-09-30,202.0,204.2,200.6,203.0,3380,684734.0,TQBR
2024-10-01,203.0,203.0,189.2,190.8,29050,5621064.0,TQBR
2024-10-02,190.8,193.4,174.2,174.8,49300,9031318.0,TQBR
2024-10-03,174.0,175.6,163.8,166.4,21580,3637286.0,TQBR
2024-10-04,166.8,170.4,165.0,167.0,8030,1342892.0,TQBR
2024-10-07,168.2,180.0,167.2,170.0,28830,5022280.0,TQBR
2024-10-08,169.8,169.8,160.8,167.2,8220,1358348.0,TQBR
2024-10-09,164.2,167.0,159.4,162.4,9830,1593102.0,TQBR
2024-10-10,162.8,164.8,160.0,163.2,3250,524634.0,TQBR
2024-10-11,164.0,164.0,160.0,161.2,2980,479356.0,TQBR
2024-10-14,160.8,160.8,152.8,155.0,16830,2610950.0,TQBR
2024-10-15,155.2,156.6,151.4,155.4,9900,1528484.0,TQBR
2024-10-16,155.4,161.4,153.0,157.6,12820,2020394.0,TQBR
2024-10-17,157.2,159.0,150.0,153.8,6420,992972.0,TQBR
2024-10-18,151.0,151.8,147.2,148.6,7870,1168246.0,TQBR
2024-10-21,148.2,149.2,144.2,145.2,9230,1350176.0,TQBR
2024-10-22,143.8,145.0,134.4,134.8,18700,2604508.0,TQBR
2024-10-23,136.0,137.0,134.0,135.2,3520,475946.0,TQBR
2024-10-24,135.2,135.4,126.0,128.6,13620,1762584.0,TQBR
2024-10-25,129.8,130.2,126.0,127.4,4400,561724.0,TQBR
2024-10-28,127.6,128.2,122.2,122.2,7030,873140.0,TQBR
2024-10-29,120.4,132.8,120.4,129.0,12250,1551834.0,TQBR
2024-10-30,129.0,132.4,127.2,127.2,2330,300888.0,TQBR
2024-10-31,127.0,130.4,123.2,125.0,3060,388998.0,TQBR
2024-11-01,122.4,129.4,122.0,127.8,1220,154434.0,TQBR
2024-11-02,128.0,131.6,127.8,130.0,1640,213188.0,TQBR
2024-11-05,129.2,136.8,127.8,132.0,6860,902894.0,TQBR
2024-11-06,132.0,140.0,130.0,131.4,8940,1192996.0,TQBR
2024-11-07,134.8,135.8,131.6,132.2,790,104668.0,TQBR
2024-11-08,133.4,135.6,130.0,134.4,4020,537918.0,TQBR
2024-11-11,135.8,163.0,135.8,153.6,40560,6184924.0,TQBR
2024-11-12,154.6,187.0,154.6,187.0,87330,15677482.0,TQBR
2024-11-13,196.4,205.4,187.6,205.4,73450,14834704.0,TQBR
2024-11-14,215.0,225.6,188.8,197.8,174620,36206074.0,TQBR
2024-11-15,198.2,210.0,188.0,192.2,32940,6377072.0,TQBR
2024-11-18,190.0,196.0,174.0,174.0,43580,7996296.0,TQBR
2024-11-19,174.0,174.0,161.0,161.4,66860,11100980.0,TQBR
2024-11-20,161.4,177.2,158.6,177.2,30890,5366924.0,TQBR
2024-11-21,183.0,192.2,166.0,166.2,57530,10295080.0,TQBR
2024-11-22,169.0,178.8,163.0,168.0,32060,5530260.0,TQBR
2024-11-25,174.0,176.6,153.2,155.0,19980,3225722.0,TQBR
2024-11-26,155.0,155.0,137.0,139.0,19990,2894104.0,TQBR
2024-11-27,140.0,147.6,125.0,136.8,20750,2822390.0,TQBR
2024-11-28,143.4,146.4,139.0,142.0,10900,1557974.0,TQBR
2024-11-29,137.2,153.4,137.0,153.4,18690,2841496.0,TQBR
2024-12-02,161.0,167.8,150.6,163.2,40770,6503464.0,TQBR
2024-12-03,163.2,169.8,153.4,155.4,9990,1576908.0,TQBR
2024-12-04,155.2,166.8,153.6,158.0,11640,1854844.0,TQBR
2024-12-05,155.2,163.0,150.2,153.0,11810,1847004.0,TQBR
2024-12-06,153.0,161.8,151.6,155.2,19370,3024864.0,TQBR
2024-12-09,152.0,156.8,143.8,150.0,58950,8872658.0,TQBR
2024-12-10,149.6,151.0,140.0,141.8,31600,4530950.0,TQBR
