date,open,high,low,close,volume,value,board
2000-01-05,0.0,0.0,0.0,0.0,0,0.0,EQNL
2000-01-06,0.0,0.0,0.0,0.0,0,0.0,EQNL
2000-01-10,0.0,0.0,0.0,0.0,0,0.0,EQNL
2000-01-11,0.0,0.0,0.0,0.0,0,0.0,EQNL
2000-01-12,0.0,0.0,0.0,0.0,0,0.0,EQNL
2000-01-13,0.0,0.0,0.0,0.0,0,0.0,EQNL
2000-01-14,0.0,0.0,0.0,0.0,0,0.0,EQNL
2000-01-17,0.0,0.0,0.0,0.0,0,0.0,EQNL
2000-01-18,0.0,0.0,0.0,0.0,0,0.0,EQNL
2000-01-19,0.0,0.0,0.0,0.0,0,0.0,EQNL
2000-01-20,0.0,0.0,0.0,0.0,0,0.0,EQNL
2000-01-21,0.0,0.0,0.0,0.0,0,0.0,EQNL
2000-01-24,0.0,0.0,0.0,0.0,0,0.0,EQNL
2000-01-25,0.0,0.0,0.0,0.0,0,0.0,EQNL
2000-01-26,0.0,0.0,0.0,0.0,0,0.0,EQNL
2000-01-27,0.0,0.0,0.0,0.0,0,0.0,EQNL
2000-01-28,0.0,0.0,0.0,0.0,0,0.0,EQNL
2000-01-31,0.0,0.0,0.0,0.0,0,0.0,EQNL
2000-02-01,0.0,0.0,0.0,0.0,0,0.0,EQNL
2000-02-02,0.0,0.0,0.0,0.0,0,0.0,EQNL
2000-02-03,0.0,0.0,0.0,0.0,0,0.0,EQNL
2000-02-04,0.0,0.0,0.0,0.0,0,0.0,EQNL
2000-02-07,0.0,0.0,0.0,0.0,0,0.0,EQNL
2000-02-08,0.0,0.0,0.0,0.0,0,0.0,EQNL
2000-02-09,0.0,0.0,0.0,0.0,0,0.0,EQNL
2000-02-10,0.0,0.0,0.0,0.0,0,0.0,EQNL
2000-02-11,0.0,0.0,0.0,0.0,0,0.0,EQNL
2000-02-14,0.0,0.0,0.0,0.0,0,0.0,EQNL
2000-02-15,0.0,0.0,0.0,0.0,0,0.0,EQNL
2000-02-16,2.55,2.55,2.55,2.55,10000,25500.0,EQNL
2000-02-17,0.0,0.0,0.0,0.0,0,0.0,EQNL
2000-02-18,0.0,0.0,0.0,0.0,0,0.0,EQNL
2000-02-21,0.0,0.0,0.0,0.0,0,0.0,EQNL
2000-02-22,0.0,0.0,0.0,0.0,0,0.0,EQNL
2000-02-23,0.0,0.0,0.0,0.0,0,0.0,EQNL
2000-02-24,0.0,0.0,0.0,0.0,0,0.0,EQNL
2000-02-25,0.0,0.0,0.0,0.0,0,0.0,EQNL
2000-02-28,0.0,0.0,0.0,0.0,0,0.0,EQNL
2000-02-29,0.0,0.0,0.0,0.0,0,0.0,EQNL
2000-03-01,0.0,0.0,0.0,0.0,0,0.0,EQNL
2000-03-02,0.0,0.0,0.0,0.0,0,0.0,EQNL
2000-03-03,5.22,5.22,5.22,5.22,1000,5220.0,EQNL
2000-03-06,0.0,0.0,0.0,0.0,0,0.0,EQNL
2000-03-07,0.0,0.0,0.0,0.0,0,0.0,EQNL
2000-03-09,2.5,2.5,2.5,2.5,240000,600000.0,EQNL
2000-03-10,0.0,0.0,0.0,0.0,0,0.0,EQNL
2000-03-13,0.0,0.0,0.0,0.0,0,0.0,EQNL
2000-03-14,0.0,0.0,0.0,0.0,0,0.0,EQNL
2000-03-15,0.0,0.0,0.0,0.0,0,0.0,EQNL
2000-03-16,0.0,0.0,0.0,0.0,0,0.0,EQNL
2000-03-17,0.0,0.0,0.0,0.0,0,0.0,EQNL
2000-03-20,0.0,0.0,0.0,0.0,0,0.0,EQNL
2000-03-21,0.0,0.0,0.0,0.0,0,0.0,EQNL
2000-03-22,0.0,0.0,0.0,0.0,0,0.0,EQNL
2000-03-23,0.0,0.0,0.0,0.0,0,0.0,EQNL
2000-03-24,0.0,0.0,0.0,0.0,0,0.0,EQNL
2000-03-28,0.0,0.0,0.0,0.0,0,0.0,EQNL
2000-03-29,4.3,4.3,4.3,4.3,300,1290.0,EQNL
2000-03-30,0.0,0.0,0.0,0.0,0,0.0,EQNL
2000-03-31,0.0,0.0,0.0,0.0,0,0.0,EQNL
2000-04-03,0.0,0.0,0.0,0.0,0,0.0,EQNL
2000-04-04,0.0,0.0,0.0,0.0,0,0.0,EQNL
2000-04-05,0.0,0.0,0.0,0.0,0,0.0,EQNL
2000-04-06,0.0,0.0,0.0,0.0,0,0.0,EQNL
2000-04-07,0.0,0.0,0.0,0.0,0,0.0,EQNL
2000-04-10,0.0,0.0,0.0,0.0,0,0.0,EQNL
2000-04-11,0.0,0.0,0.0,0.0,0,0.0,EQNL
2000-04-12,0.0,0.0,0.0,0.0,0,0.0,EQNL
2000-04-13,0.0,0.0,0.0,0.0,0,0.0,EQNL
2000-04-14,3.8,3.8,3.8,3.8,9700,36860.0,EQNL
2000-04-17,3.5,3.5,3.5,3.5,50000,175000.0,EQNL
2000-04-18,3.4,3.4,3.4,3.4,23100,78540.0,EQNL
2000-04-19,0.0,0.0,0.0,0.0,0,0.0,EQNL
2000-04-20,0.0,0.0,0.0,0.0,0,0.0,EQNL
2000-04-21,3.5,3.5,3.5,3.5,40300,141050.0,EQNL
2000-04-24,0.0,0.0,0.0,0.0,0,0.0,EQNL
2000-04-25,0.0,0.0,0.0,0.0,0,0.0,EQNL
2000-04-26,0.0,0.0,0.0,0.0,0,0.0,EQNL
2000-04-27,0.0,0.0,0.0,0.0,0,0.0,EQNL
2000-04-28,0.0,0.0,0.0,0.0,0,0.0,EQNL
2000-05-03,0.0,0.0,0.0,0.0,0,0.0,EQNL
2000-05-04,3.6,3.6,3.4,3.4,60000,214000.0,EQNL
2000-05-05,0.0,0.0,0.0,0.0,0,0.0,EQNL
2000-05-06,0.0,0.0,0.0,0.0,0,0.0,EQNL
2000-05-10,0.0,0.0,0.0,0.0,0,0.0,EQNL
2000-05-11,0.0,0.0,0.0,0.0,0,0.0,EQNL
2000-05-12,3.1,3.1,3.1,3.1,50000,155000.0,EQNL
2000-05-15,0.0,0.0,0.0,0.0,0,0.0,EQNL
2000-05-16,3.2,3.2,3.2,3.2,19700,63040.0,EQNL
2000-05-17,0.0,0.0,0.0,0.0,0,0.0,EQNL
2000-05-18,3.05,3.05,3.05,3.05,30000,91500.0,EQNL
2000-05-19,3.05,3.05,3.05,3.05,70000,213500.0,EQNL
2000-05-22,0.0,0.0,0.0,0.0,0,0.0,EQNL
2000-05-23,0.0,0.0,0.0,0.0,0,0.0,EQNL
2000-05-24,0.0,0.0,0.0,0.0,0,0.0,EQNL
2000-05-25,0.0,0.0,0.0,0.0,0,0.0,EQNL
2000-05-26,0.0,0.0,0.0,0.0,0,0.0,EQNL
2000-05-29,0.0,0.0,0.0,0.0,0,0.0,EQNL
2000-05-30,0.0,0.0,0.0,0.0,0,0.0,EQNL
2000-05-31,0.0,0.0,0.0,0.0,0,0.0,EQNL
2000-06-01,0.0,0.0,0.0,0.0,0,0.0,EQNL
2000-06-02,0.0,0.0,0.0,0.0,0,0.0,EQNL
2000-06-05,0.0,0.0,0.0,0.0,0,0.0,EQNL
2000-06-06,0.0,0.0,0.0,0.0,0,0.0,EQNL
2000-06-07,0.0,0.0,0.0,0.0,0,0.0,EQNL
2000-06-08,0.0,0.0,0.0,0.0,0,0.0,EQNL
2000-06-13,0.0,0.0,0.0,0.0,0,0.0,EQNL
2000-06-14,0.0,0.0,0.0,0.0,0,0.0,EQNL
2000-06-15,0.0,0.0,0.0,0.0,0,0.0,EQNL
2000-06-16,0.0,0.0,0.0,0.0,0,0.0,EQNL
2000-06-19,0.0,0.0,0.0,0.0,0,0.0,EQNL
2000-06-20,0.0,0.0,0.0,0.0,0,0.0,EQNL
2000-06-21,0.0,0.0,0.0,0.0,0,0.0,EQNL
2000-06-22,2.2,2.2,2.2,2.2,8000,17600.0,EQNL
2000-06-23,0.0,0.0,0.0,0.0,0,0.0,EQNL
2000-06-26,0.0,0.0,0.0,0.0,0,0.0,EQNL
2000-06-27,0.0,0.0,0.0,0.0,0,0.0,EQNL
2000-06-28,0.0,0.0,0.0,0.0,0,0.0,EQNL
2000-06-29,0.0,0.0,0.0,0.0,0,0.0,EQNL
2000-06-30,0.0,0.0,0.0,0.0,0,0.0,EQNL
2000-07-03,0.0,0.0,0.0,0.0,0,0.0,EQNL
2000-07-04,0.0,0.0,0.0,0.0,0,0.0,EQNL
2000-07-05,0.0,0.0,0.0,0.0,0,0.0,EQNL
2000-07-06,0.0,0.0,0.0,0.0,0,0.0,EQNL
2000-07-07,0.0,0.0,0.0,0.0,0,0.0,EQNL
2000-07-10,0.0,0.0,0.0,0.0,0,0.0,EQNL
2000-07-11,0.0,0.0,0.0,0.0,0,0.0,EQNL
2000-07-12,0.0,0.0,0.0,0.0,0,0.0,EQNL
2000-07-13,0.0,0.0,0.0,0.0,0,0.0,EQNL
2000-07-14,0.0,0.0,0.0,0.0,0,0.0,EQNL
2000-07-17,0.0,0.0,0.0,0.0,0,0.0,EQNL
2000-07-18,0.0,0.0,0.0,0.0,0,0.0,EQNL
2000-07-19,0.0,0.0,0.0,0.0,0,0.0,EQNL
2000-07-20,0.0,0.0,0.0,0.0,0,0.0,EQNL
2000-07-21,0.0,0.0,0.0,0.0,0,0.0,EQNL
2000-07-24,0.0,0.0,0.0,0.0,0,0.0,EQNL
2000-07-25,0.0,0.0,0.0,0.0,0,0.0,EQNL
2000-07-26,0.0,0.0,0.0,0.0,0,0.0,EQNL
2000-07-27,0.0,0.0,0.0,0.0,0,0.0,EQNL
2000-07-28,0.0,0.0,0.0,0.0,0,0.0,EQNL
2000-07-31,0.0,0.0,0.0,0.0,0,0.0,EQNL
2000-08-01,0.0,0.0,0.0,0.0,0,0.0,EQNL
2000-08-02,0.0,0.0,0.0,0.0,0,0.0,EQNL
2000-08-03,0.0,0.0,0.0,0.0,0,0.0,EQNL
2000-08-04,0.0,0.0,0.0,0.0,0,0.0,EQNL
2000-08-07,0.0,0.0,0.0,0.0,0,0.0,EQNL
2000-08-08,0.0,0.0,0.0,0.0,0,0.0,EQNL
2000-08-09,0.0,0.0,0.0,0.0,0,0.0,EQNL
2000-08-10,0.0,0.0,0.0,0.0,0,0.0,EQNL
2000-08-11,0.0,0.0,0.0,0.0,0,0.0,EQNL
2000-08-14,0.0,0.0,0.0,0.0,0,0.0,EQNL
2000-08-15,0.0,0.0,0.0,0.0,0,0.0,EQNL
2000-08-16,0.0,0.0,0.0,0.0,0,0.0,EQNL
2000-08-17,0.0,0.0,0.0,0.0,0,0.0,EQNL
2000-08-18,0.0,0.0,0.0,0.0,0,0.0,EQNL
2000-08-21,0.0,0.0,0.0,0.0,0,0.0,EQNL
2000-08-22,0.0,0.0,0.0,0.0,0,0.0,EQNL
2000-08-23,0.0,0.0,0.0,0.0,0,0.0,EQNL
2000-08-24,0.0,0.0,0.0,0.0,0,0.0,EQNL
2000-08-25,0.0,0.0,0.0,0.0,0,0.0,EQNL
2000-08-28,0.0,0.0,0.0,0.0,0,0.0,EQNL
2000-08-29,0.0,0.0,0.0,0.0,0,0.0,EQNL
2000-08-30,0.0,0.0,0.0,0.0,0,0.0,EQNL
2000-08-31,0.0,0.0,0.0,0.0,0,0.0,EQNL
2000-09-01,0.0,0.0,0.0,0.0,0,0.0,EQNL
2000-09-04,0.0,0.0,0.0,0.0,0,0.0,EQNL
2000-09-05,0.0,0.0,0.0,0.0,0,0.0,EQNL
2000-09-06,0.0,0.0,0.0,0.0,0,0.0,EQNL
2000-09-07,0.0,0.0,0.0,0.0,0,0.0,EQNL
2000-09-08,0.0,0.0,0.0,0.0,0,0.0,EQNL
2000-09-11,2.2,2.2,2.2,2.2,8000,17600.0,EQNL
2000-09-12,0.0,0.0,0.0,0.0,0,0.0,EQNL
2000-09-13,0.0,0.0,0.0,0.0,0,0.0,EQNL
2000-09-14,0.0,0.0,0.0,0.0,0,0.0,EQNL
2000-09-15,0.0,0.0,0.0,0.0,0,0.0,EQNL
2000-09-18,0.0,0.0,0.0,0.0,0,0.0,EQNL
2000-09-19,0.0,0.0,0.0,0.0,0,0.0,EQNL
2000-09-20,0.0,0.0,0.0,0.0,0,0.0,EQNL
2000-09-21,0.0,0.0,0.0,0.0,0,0.0,EQNL
2000-09-22,0.0,0.0,0.0,0.0,0,0.0,EQNL
2000-09-25,0.0,0.0,0.0,0.0,0,0.0,EQNL
2000-09-26,0.0,0.0,0.0,0.0,0,0.0,EQNL
2000-09-27,0.0,0.0,0.0,0.0,0,0.0,EQNL
2000-09-28,0.0,0.0,0.0,0.0,0,0.0,EQNL
2000-09-29,0.0,0.0,0.0,0.0,0,0.0,EQNL
2000-10-02,0.0,0.0,0.0,0.0,0,0.0,EQNL
2000-10-03,0.0,0.0,0.0,0.0,0,0.0,EQNL
2000-10-04,0.0,0.0,0.0,0.0,0,0.0,EQNL
2000-10-05,0.0,0.0,0.0,0.0,0,0.0,EQNL
2000-10-06,0.0,0.0,0.0,0.0,0,0.0,EQNL
2000-10-09,0.0,0.0,0.0,0.0,0,0.0,EQNL
2000-10-10,0.0,0.0,0.0,0.0,0,0.0,EQNL
2000-10-11,0.0,0.0,0.0,0.0,0,0.0,EQNL
2000-10-12,0.0,0.0,0.0,0.0,0,0.0,EQNL
2000-10-13,0.0,0.0,0.0,0.0,0,0.0,EQNL
2000-10-16,0.0,0.0,0.0,0.0,0,0.0,EQNL
2000-10-17,0.0,0.0,0.0,0.0,0,0.0,EQNL
2000-10-18,0.0,0.0,0.0,0.0,0,0.0,EQNL
2000-10-19,0.0,0.0,0.0,0.0,0,0.0,EQNL
2000-10-20,0.0,0.0,0.0,0.0,0,0.0,EQNL
2000-10-23,0.0,0.0,0.0,0.0,0,0.0,EQNL
2000-10-24,0.0,0.0,0.0,0.0,0,0.0,EQNL
2000-10-25,0.0,0.0,0.0,0.0,0,0.0,EQNL
2000-10-26,0.0,0.0,0.0,0.0,0,0.0,EQNL
2000-10-27,0.0,0.0,0.0,0.0,0,0.0,EQNL
2000-10-30,0.0,0.0,0.0,0.0,0,0.0,EQNL
2000-10-31,0.0,0.0,0.0,0.0,0,0.0,EQNL
2000-11-01,0.0,0.0,0.0,0.0,0,0.0,EQNL
2000-11-02,0.0,0.0,0.0,0.0,0,0.0,EQNL
2000-11-03,0.0,0.0,0.0,0.0,0,0.0,EQNL
2000-11-04,0.0,0.0,0.0,0.0,0,0.0,EQNL
2000-11-08,0.0,0.0,0.0,0.0,0,0.0,EQNL
2000-11-09,0.0,0.0,0.0,0.0,0,0.0,EQNL
2000-11-10,0.0,0.0,0.0,0.0,0,0.0,EQNL
2000-11-13,0.0,0.0,0.0,0.0,0,0.0,EQNL
2000-11-14,0.0,0.0,0.0,0.0,0,0.0,EQNL
2000-11-15,0.0,0.0,0.0,0.0,0,0.0,EQNL
2000-11-16,0.0,0.0,0.0,0.0,0,0.0,EQNL
2000-11-17,0.0,0.0,0.0,0.0,0,0.0,EQNL
2000-11-20,0.0,0.0,0.0,0.0,0,0.0,EQNL
2000-11-21,0.0,0.0,0.0,0.0,0,0.0,EQNL
2000-11-22,0.0,0.0,0.0,0.0,0,0.0,EQNL
2000-11-23,0.0,0.0,0.0,0.0,0,0.0,EQNL
2000-11-24,0.0,0.0,0.0,0.0,0,0.0,EQNL
2000-11-27,0.0,0.0,0.0,0.0,0,0.0,EQNL
2000-11-28,0.0,0.0,0.0,0.0,0,0.0,EQNL
2000-11-29,0.0,0.0,0.0,0.0,0,0.0,EQNL
2000-11-30,0.0,0.0,0.0,0.0,0,0.0,EQNL
2000-12-01,0.0,0.0,0.0,0.0,0,0.0,EQNL
2000-12-04,0.0,0.0,0.0,0.0,0,0.0,EQNL
2000-12-05,0.0,0.0,0.0,0.0,0,0.0,EQNL
2000-12-06,0.0,0.0,0.0,0.0,0,0.0,EQNL
2000-12-07,0.0,0.0,0.0,0.0,0,0.0,EQNL
2000-12-08,0.0,0.0,0.0,0.0,0,0.0,EQNL
2000-12-09,0.0,0.0,0.0,0.0,0,0.0,EQNL
2000-12-13,0.0,0.0,0.0,0.0,0,0.0,EQNL
2000-12-14,0.0,0.0,0.0,0.0,0,0.0,EQNL
2000-12-15,0.0,0.0,0.0,0.0,0,0.0,EQNL
2000-12-18,0.0,0.0,0.0,0.0,0,0.0,EQNL
2000-12-19,0.0,0.0,0.0,0.0,0,0.0,EQNL
2000-12-20,0.0,0.0,0.0,0.0,0,0.0,EQNL
2000-12-21,0.0,0.0,0.0,0.0,0,0.0,EQNL
2000-12-22,0.0,0.0,0.0,0.0,0,0.0,EQNL
2000-12-25,0.0,0.0,0.0,0.0,0,0.0,EQNL
2000-12-26,0.0,0.0,0.0,0.0,0,0.0,EQNL
2000-12-27,0.0,0.0,0.0,0.0,0,0.0,EQNL
2000-12-28,0.0,0.0,0.0,0.0,0,0.0,EQNL
2001-01-03,0.0,0.0,0.0,0.0,0,0.0,EQNL
2001-01-04,0.0,0.0,0.0,0.0,0,0.0,EQNL
2001-01-05,0.0,0.0,0.0,0.0,0,0.0,EQNL
2001-01-09,0.0,0.0,0.0,0.0,0,0.0,EQNL
2001-01-10,0.0,0.0,0.0,0.0,0,0.0,EQNL
2001-01-11,0.0,0.0,0.0,0.0,0,0.0,EQNL
2001-01-12,0.0,0.0,0.0,0.0,0,0.0,EQNL
2001-01-15,0.0,0.0,0.0,0.0,0,0.0,EQNL
2001-01-16,0.0,0.0,0.0,0.0,0,0.0,EQNL
2001-01-17,0.0,0.0,0.0,0.0,0,0.0,EQNL
2001-01-18,0.0,0.0,0.0,0.0,0,0.0,EQNL
2001-01-19,0.0,0.0,0.0,0.0,0,0.0,EQNL
2001-01-22,0.0,0.0,0.0,0.0,0,0.0,EQNL
2001-01-23,0.0,0.0,0.0,0.0,0,0.0,EQNL
2001-01-24,0.0,0.0,0.0,0.0,0,0.0,EQNL
2001-01-25,0.0,0.0,0.0,0.0,0,0.0,EQNL
2001-01-26,0.0,0.0,0.0,0.0,0,0.0,EQNL
2001-01-29,0.0,0.0,0.0,0.0,0,0.0,EQNL
2001-01-30,0.0,0.0,0.0,0.0,0,0.0,EQNL
2001-01-31,0.0,0.0,0.0,0.0,0,0.0,EQNL
2001-02-01,0.0,0.0,0.0,0.0,0,0.0,EQNL
2001-02-02,0.0,0.0,0.0,0.0,0,0.0,EQNL
2001-02-05,0.0,0.0,0.0,0.0,0,0.0,EQNL
2001-02-06,0.0,0.0,0.0,0.0,0,0.0,EQNL
2001-02-07,0.0,0.0,0.0,0.0,0,0.0,EQNL
2001-02-08,0.0,0.0,0.0,0.0,0,0.0,EQNL
2001-02-09,0.0,0.0,0.0,0.0,0,0.0,EQNL
2001-02-12,0.0,0.0,0.0,0.0,0,0.0,EQNL
2001-02-13,0.0,0.0,0.0,0.0,0,0.0,EQNL
2001-02-14,0.0,0.0,0.0,0.0,0,0.0,EQNL
2001-02-15,0.0,0.0,0.0,0.0,0,0.0,EQNL
2001-02-16,0.0,0.0,0.0,0.0,0,0.0,EQNL
2001-02-19,0.0,0.0,0.0,0.0,0,0.0,EQNL
2001-02-20,0.0,0.0,0.0,0.0,0,0.0,EQNL
2001-02-21,0.0,0.0,0.0,0.0,0,0.0,EQNL
2001-02-22,0.0,0.0,0.0,0.0,0,0.0,EQNL
2001-02-23,0.0,0.0,0.0,0.0,0,0.0,EQNL
2001-02-26,0.0,0.0,0.0,0.0,0,0.0,EQNL
2001-02-27,0.0,0.0,0.0,0.0,0,0.0,EQNL
2001-02-28,0.0,0.0,0.0,0.0,0,0.0,EQNL
2001-03-01,0.0,0.0,0.0,0.0,0,0.0,EQNL
2001-03-02,0.0,0.0,0.0,0.0,0,0.0,EQNL
2001-03-05,0.0,0.0,0.0,0.0,0,0.0,EQNL
2001-03-06,0.0,0.0,0.0,0.0,0,0.0,EQNL
2001-03-07,0.0,0.0,0.0,0.0,0,0.0,EQNL
2001-03-11,0.0,0.0,0.0,0.0,0,0.0,EQNL
2001-03-12,0.0,0.0,0.0,0.0,0,0.0,EQNL
2001-03-13,0.0,0.0,0.0,0.0,0,0.0,EQNL
2001-03-14,0.0,0.0,0.0,0.0,0,0.0,EQNL
2001-03-15,0.0,0.0,0.0,0.0,0,0.0,EQNL
2001-03-16,0.0,0.0,0.0,0.0,0,0.0,EQNL
2001-03-19,0.0,0.0,0.0,0.0,0,0.0,EQNL
2001-03-20,0.0,0.0,0.0,0.0,0,0.0,EQNL
2001-03-21,0.0,0.0,0.0,0.0,0,0.0,EQNL
2001-03-22,2.7,2.7,2.7,2.7,300,810.0,EQNL
2001-03-23,0.0,0.0,0.0,0.0,0,0.0,EQNL
2001-03-26,0.0,0.0,0.0,0.0,0,0.0,EQNL
2001-03-27,0.0,0.0,0.0,0.0,0,0.0,EQNL
2001-03-28,0.0,0.0,0.0,0.0,0,0.0,EQNL
2001-03-29,0.0,0.0,0.0,0.0,0,0.0,EQNL
2001-03-30,0.0,0.0,0.0,0.0,0,0.0,EQNL
2001-04-02,0.0,0.0,0.0,0.0,0,0.0,EQNL
2001-04-03,0.0,0.0,0.0,0.0,0,0.0,EQNL
2001-04-04,0.0,0.0,0.0,0.0,0,0.0,EQNL
2001-04-05,0.0,0.0,0.0,0.0,0,0.0,EQNL
2001-04-06,0.0,0.0,0.0,0.0,0,0.0,EQNL
2001-04-09,0.0,0.0,0.0,0.0,0,0.0,EQNL
2001-04-10,0.0,0.0,0.0,0.0,0,0.0,EQNL
2001-04-11,0.0,0.0,0.0,0.0,0,0.0,EQNL
2001-04-12,0.0,0.0,0.0,0.0,0,0.0,EQNL
2001-04-13,0.0,0.0,0.0,0.0,0,0.0,EQNL
2001-04-16,0.0,0.0,0.0,0.0,0,0.0,EQNL
2001-04-17,0.0,0.0,0.0,0.0,0,0.0,EQNL
2001-04-18,0.0,0.0,0.0,0.0,0,0.0,EQNL
2001-04-19,0.0,0.0,0.0,0.0,0,0.0,EQNL
2001-04-20,0.0,0.0,0.0,0.0,0,0.0,EQNL
2001-04-23,0.0,0.0,0.0,0.0,0,0.0,EQNL
2001-04-24,0.0,0.0,0.0,0.0,0,0.0,EQNL
2001-04-25,0.0,0.0,0.0,0.0,0,0.0,EQNL
2001-04-26,0.0,0.0,0.0,0.0,0,0.0,EQNL
2001-04-27,0.0,0.0,0.0,0.0,0,0.0,EQNL
2001-04-28,0.0,0.0,0.0,0.0,0,0.0,EQNL
2001-05-03,0.0,0.0,0.0,0.0,0,0.0,EQNL
2001-05-04,0.0,0.0,0.0,0.0,0,0.0,EQNL
2001-05-07,0.0,0.0,0.0,0.0,0,0.0,EQNL
2001-05-08,0.0,0.0,0.0,0.0,0,0.0,EQNL
2001-05-10,0.0,0.0,0.0,0.0,0,0.0,EQNL
2001-05-11,0.0,0.0,0.0,0.0,0,0.0,EQNL
2001-05-14,0.0,0.0,0.0,0.0,0,0.0,EQNL
2001-05-15,3.4,3.4,3.4,3.4,8400,28560.0,EQNL
2001-05-16,0.0,0.0,0.0,0.0,0,0.0,EQNL
2001-05-17,0.0,0.0,0.0,0.0,0,0.0,EQNL
2001-05-18,0.0,0.0,0.0,0.0,0,0.0,EQNL
2001-05-21,0.0,0.0,0.0,0.0,0,0.0,EQNL
2001-05-22,0.0,0.0,0.0,0.0,0,0.0,EQNL
2001-05-23,0.0,0.0,0.0,0.0,0,0.0,EQNL
2001-05-24,0.0,0.0,0.0,0.0,0,0.0,EQNL
2001-05-25,0.0,0.0,0.0,0.0,0,0.0,EQNL
2001-05-28,0.0,0.0,0.0,0.0,0,0.0,EQNL
2001-05-29,0.0,0.0,0.0,0.0,0,0.0,EQNL
2001-05-30,0.0,0.0,0.0,0.0,0,0.0,EQNL
2001-05-31,0.0,0.0,0.0,0.0,0,0.0,EQNL
2001-06-01,0.0,0.0,0.0,0.0,0,0.0,EQNL
2001-06-04,0.0,0.0,0.0,0.0,0,0.0,EQNL
2001-06-05,0.0,0.0,0.0,0.0,0,0.0,EQNL
2001-06-06,0.0,0.0,0.0,0.0,0,0.0,EQNL
2001-06-07,0.0,0.0,0.0,0.0,0,0.0,EQNL
2001-06-08,0.0,0.0,0.0,0.0,0,0.0,EQNL
2001-06-09,0.0,0.0,0.0,0.0,0,0.0,EQNL
2001-06-13,0.0,0.0,0.0,0.0,0,0.0,EQNL
2001-06-14,0.0,0.0,0.0,0.0,0,0.0,EQNL
2001-06-15,0.0,0.0,0.0,0.0,0,0.0,EQNL
2001-06-18,0.0,0.0,0.0,0.0,0,0.0,EQNL
2001-06-19,0.0,0.0,0.0,0.0,0,0.0,EQNL
2001-06-20,0.0,0.0,0.0,0.0,0,0.0,EQNL
2001-06-21,0.0,0.0,0.0,0.0,0,0.0,EQNL
2001-06-22,0.0,0.0,0.0,0.0,0,0.0,EQNL
2001-06-25,0.0,0.0,0.0,0.0,0,0.0,EQNL
2001-06-26,0.0,0.0,0.0,0.0,0,0.0,EQNL
2001-06-27,0.0,0.0,0.0,0.0,0,0.0,EQNL
2001-06-28,0.0,0.0,0.0,0.0,0,0.0,EQNL
2001-06-29,0.0,0.0,0.0,0.0,0,0.0,EQNL
2001-07-02,0.0,0.0,0.0,0.0,0,0.0,EQNL
2001-07-03,0.0,0.0,0.0,0.0,0,0.0,EQNL
2001-07-04,0.0,0.0,0.0,0.0,0,0.0,EQNL
2001-07-05,0.0,0.0,0.0,0.0,0,0.0,EQNL
2001-07-06,0.0,0.0,0.0,0.0,0,0.0,EQNL
2001-07-09,0.0,0.0,0.0,0.0,0,0.0,EQNL
2001-07-10,0.0,0.0,0.0,0.0,0,0.0,EQNL
2001-07-11,0.0,0.0,0.0,0.0,0,0.0,EQNL
2001-07-12,0.0,0.0,0.0,0.0,0,0.0,EQNL
2001-07-13,0.0,0.0,0.0,0.0,0,0.0,EQNL
2001-07-16,0.0,0.0,0.0,0.0,0,0.0,EQNL
2001-07-17,0.0,0.0,0.0,0.0,0,0.0,EQNL
2001-07-18,0.0,0.0,0.0,0.0,0,0.0,EQNL
2001-07-19,0.0,0.0,0.0,0.0,0,0.0,EQNL
2001-07-20,0.0,0.0,0.0,0.0,0,0.0,EQNL
2001-07-23,0.0,0.0,0.0,0.0,0,0.0,EQNL
2001-07-24,0.0,0.0,0.0,0.0,0,0.0,EQNL
2001-07-25,0.0,0.0,0.0,0.0,0,0.0,EQNL
2001-07-26,0.0,0.0,0.0,0.0,0,0.0,EQNL
2001-07-27,0.0,0.0,0.0,0.0,0,0.0,EQNL
2001-07-30,0.0,0.0,0.0,0.0,0,0.0,EQNL
2001-07-31,0.0,0.0,0.0,0.0,0,0.0,EQNL
2001-08-01,0.0,0.0,0.0,0.0,0,0.0,EQNL
2001-08-02,0.0,0.0,0.0,0.0,0,0.0,EQNL
2001-08-03,0.0,0.0,0.0,0.0,0,0.0,EQNL
2001-08-06,0.0,0.0,0.0,0.0,0,0.0,EQNL
2001-08-07,0.0,0.0,0.0,0.0,0,0.0,EQNL
2001-08-08,0.0,0.0,0.0,0.0,0,0.0,EQNL
2001-08-09,0.0,0.0,0.0,0.0,0,0.0,EQNL
2001-08-10,0.0,0.0,0.0,0.0,0,0.0,EQNL
2001-08-13,0.0,0.0,0.0,0.0,0,0.0,EQNL
2001-08-14,0.0,0.0,0.0,0.0,0,0.0,EQNL
2001-08-15,0.0,0.0,0.0,0.0,0,0.0,EQNL
2001-08-16,0.0,0.0,0.0,0.0,0,0.0,EQNL
2001-08-17,0.0,0.0,0.0,0.0,0,0.0,EQNL
2001-08-20,0.0,0.0,0.0,0.0,0,0.0,EQNL
2001-08-21,0.0,0.0,0.0,0.0,0,0.0,EQNL
2001-08-22,0.0,0.0,0.0,0.0,0,0.0,EQNL
2001-08-23,0.0,0.0,0.0,0.0,0,0.0,EQNL
2001-08-24,0.0,0.0,0.0,0.0,0,0.0,EQNL
2001-08-27,0.0,0.0,0.0,0.0,0,0.0,EQNL
2001-08-28,0.0,0.0,0.0,0.0,0,0.0,EQNL
2001-08-29,0.0,0.0,0.0,0.0,0,0.0,EQNL
2001-08-30,0.0,0.0,0.0,0.0,0,0.0,EQNL
2001-08-31,0.0,0.0,0.0,0.0,0,0.0,EQNL
2001-09-03,0.0,0.0,0.0,0.0,0,0.0,EQNL
2001-09-04,0.0,0.0,0.0,0.0,0,0.0,EQNL
2001-09-05,0.0,0.0,0.0,0.0,0,0.0,EQNL
2001-09-06,0.0,0.0,0.0,0.0,0,0.0,EQNL
2001-09-07,0.0,0.0,0.0,0.0,0,0.0,EQNL
2001-09-10,0.0,0.0,0.0,0.0,0,0.0,EQNL
2001-09-11,0.0,0.0,0.0,0.0,0,0.0,EQNL
2001-09-12,0.0,0.0,0.0,0.0,0,0.0,EQNL
2001-09-13,0.0,0.0,0.0,0.0,0,0.0,EQNL
2001-09-14,0.0,0.0,0.0,0.0,0,0.0,EQNL
2001-09-17,0.0,0.0,0.0,0.0,0,0.0,EQNL
2001-09-18,0.0,0.0,0.0,0.0,0,0.0,EQNL
2001-09-19,0.0,0.0,0.0,0.0,0,0.0,EQNL
2001-09-20,0.0,0.0,0.0,0.0,0,0.0,EQNL
2001-09-21,0.0,0.0,0.0,0.0,0,0.0,EQNL
2001-09-24,0.0,0.0,0.0,0.0,0,0.0,EQNL
2001-09-25,0.0,0.0,0.0,0.0,0,0.0,EQNL
2001-09-26,0.0,0.0,0.0,0.0,0,0.0,EQNL
2001-09-27,0.0,0.0,0.0,0.0,0,0.0,EQNL
2001-09-28,0.0,0.0,0.0,0.0,0,0.0,EQNL
2001-10-01,0.0,0.0,0.0,0.0,0,0.0,EQNL
2001-10-02,0.0,0.0,0.0,0.0,0,0.0,EQNL
2001-10-03,0.0,0.0,0.0,0.0,0,0.0,EQNL
2001-10-04,0.0,0.0,0.0,0.0,0,0.0,EQNL
2001-10-05,0.0,0.0,0.0,0.0,0,0.0,EQNL
2001-10-08,0.0,0.0,0.0,0.0,0,0.0,EQNL
2001-10-09,0.0,0.0,0.0,0.0,0,0.0,EQNL
2001-10-10,0.0,0.0,0.0,0.0,0,0.0,EQNL
2001-10-11,0.0,0.0,0.0,0.0,0,0.0,EQNL
2001-10-12,0.0,0.0,0.0,0.0,0,0.0,EQNL
2001-10-15,0.0,0.0,0.0,0.0,0,0.0,EQNL
2001-10-16,0.0,0.0,0.0,0.0,0,0.0,EQNL
2001-10-17,0.0,0.0,0.0,0.0,0,0.0,EQNL
2001-10-18,0.0,0.0,0.0,0.0,0,0.0,EQNL
2001-10-19,0.0,0.0,0.0,0.0,0,0.0,EQNL
2001-10-22,0.0,0.0,0.0,0.0,0,0.0,EQNL
2001-10-23,0.0,0.0,0.0,0.0,0,0.0,EQNL
2001-10-24,0.0,0.0,0.0,0.0,0,0.0,EQNL
2001-10-25,0.0,0.0,0.0,0.0,0,0.0,EQNL
2001-10-26,0.0,0.0,0.0,0.0,0,0.0,EQNL
2001-10-29,0.0,0.0,0.0,0.0,0,0.0,EQNL
2001-10-30,0.0,0.0,0.0,0.0,0,0.0,EQNL
2001-10-31,0.0,0.0,0.0,0.0,0,0.0,EQNL
2001-11-01,0.0,0.0,0.0,0.0,0,0.0,EQNL
2001-11-02,0.0,0.0,0.0,0.0,0,0.0,EQNL
2001-11-05,0.0,0.0,0.0,0.0,0,0.0,EQNL
2001-11-06,0.0,0.0,0.0,0.0,0,0.0,EQNL
2001-11-08,0.0,0.0,0.0,0.0,0,0.0,EQNL
2001-11-09,0.0,0.0,0.0,0.0,0,0.0,EQNL
2001-11-12,0.0,0.0,0.0,0.0,0,0.0,EQNL
2001-11-13,0.0,0.0,0.0,0.0,0,0.0,EQNL
2001-11-14,0.0,0.0,0.0,0.0,0,0.0,EQNL
2001-11-15,0.0,0.0,0.0,0.0,0,0.0,EQNL
2001-11-16,0.0,0.0,0.0,0.0,0,0.0,EQNL
2001-11-19,0.0,0.0,0.0,0.0,0,0.0,EQNL
2001-11-20,0.0,0.0,0.0,0.0,0,0.0,EQNL
2001-11-21,0.0,0.0,0.0,0.0,0,0.0,EQNL
2001-11-22,0.0,0.0,0.0,0.0,0,0.0,EQNL
2001-11-23,0.0,0.0,0.0,0.0,0,0.0,EQNL
2001-11-26,0.0,0.0,0.0,0.0,0,0.0,EQNL
2001-11-27,0.0,0.0,0.0,0.0,0,0.0,EQNL
2001-11-28,0.0,0.0,0.0,0.0,0,0.0,EQNL
2001-11-29,0.0,0.0,0.0,0.0,0,0.0,EQNL
2001-11-30,0.0,0.0,0.0,0.0,0,0.0,EQNL
2001-12-03,0.0,0.0,0.0,0.0,0,0.0,EQNL
2001-12-04,0.0,0.0,0.0,0.0,0,0.0,EQNL
2001-12-05,0.0,0.0,0.0,0.0,0,0.0,EQNL
2001-12-06,0.0,0.0,0.0,0.0,0,0.0,EQNL
2001-12-07,0.0,0.0,0.0,0.0,0,0.0,EQNL
2001-12-10,0.0,0.0,0.0,0.0,0,0.0,EQNL
2001-12-11,0.0,0.0,0.0,0.0,0,0.0,EQNL
2001-12-13,0.0,0.0,0.0,0.0,0,0.0,EQNL
2001-12-14,0.0,0.0,0.0,0.0,0,0.0,EQNL
2001-12-17,0.0,0.0,0.0,0.0,0,0.0,EQNL
2001-12-18,0.0,0.0,0.0,0.0,0,0.0,EQNL
2001-12-19,0.0,0.0,0.0,0.0,0,0.0,EQNL
2001-12-20,0.0,0.0,0.0,0.0,0,0.0,EQNL
2001-12-21,0.0,0.0,0.0,0.0,0,0.0,EQNL
2001-12-24,0.0,0.0,0.0,0.0,0,0.0,EQNL
2001-12-25,0.0,0.0,0.0,0.0,0,0.0,EQNL
2001-12-26,0.0,0.0,0.0,0.0,0,0.0,EQNL
2001-12-27,0.0,0.0,0.0,0.0,0,0.0,EQNL
2001-12-28,0.0,0.0,0.0,0.0,0,0.0,EQNL
2001-12-29,0.0,0.0,0.0,0.0,0,0.0,EQNL
2002-01-03,0.0,0.0,0.0,0.0,0,0.0,EQNL
2002-01-04,0.0,0.0,0.0,0.0,0,0.0,EQNL
2002-01-08,0.0,0.0,0.0,0.0,0,0.0,EQNL
2002-01-09,0.0,0.0,0.0,0.0,0,0.0,EQNL
2002-01-10,0.0,0.0,0.0,0.0,0,0.0,EQNL
2002-01-11,0.0,0.0,0.0,0.0,0,0.0,EQNL
2002-01-14,0.0,0.0,0.0,0.0,0,0.0,EQNL
2002-01-15,0.0,0.0,0.0,0.0,0,0.0,EQNL
2002-01-16,0.0,0.0,0.0,0.0,0,0.0,EQNL
2002-01-17,0.0,0.0,0.0,0.0,0,0.0,EQNL
2002-01-18,0.0,0.0,0.0,0.0,0,0.0,EQNL
2002-01-21,0.0,0.0,0.0,0.0,0,0.0,EQNL
2002-01-22,0.0,0.0,0.0,0.0,0,0.0,EQNL
2002-01-23,0.0,0.0,0.0,0.0,0,0.0,EQNL
2002-01-24,0.0,0.0,0.0,0.0,0,0.0,EQNL
2002-01-25,0.0,0.0,0.0,0.0,0,0.0,EQNL
2002-01-28,0.0,0.0,0.0,0.0,0,0.0,EQNL
2002-01-29,0.0,0.0,0.0,0.0,0,0.0,EQNL
2002-01-30,0.0,0.0,0.0,0.0,0,0.0,EQNL
2002-01-31,0.0,0.0,0.0,0.0,0,0.0,EQNL
2002-02-01,0.0,0.0,0.0,0.0,0,0.0,EQNL
2002-02-04,0.0,0.0,0.0,0.0,0,0.0,EQNL
2002-02-05,0.0,0.0,0.0,0.0,0,0.0,EQNL
2002-02-06,0.0,0.0,0.0,0.0,0,0.0,EQNL
2002-02-07,0.0,0.0,0.0,0.0,0,0.0,EQNL
2002-02-08,0.0,0.0,0.0,0.0,0,0.0,EQNL
2002-02-11,0.0,0.0,0.0,0.0,0,0.0,EQNL
2002-02-12,0.0,0.0,0.0,0.0,0,0.0,EQNL
2002-02-13,0.0,0.0,0.0,0.0,0,0.0,EQNL
2002-02-14,0.0,0.0,0.0,0.0,0,0.0,EQNL
2002-02-15,0.0,0.0,0.0,0.0,0,0.0,EQNL
2002-02-18,0.0,0.0,0.0,0.0,0,0.0,EQNL
2002-02-19,0.0,0.0,0.0,0.0,0,0.0,EQNL
2002-02-20,0.0,0.0,0.0,0.0,0,0.0,EQNL
2002-02-21,0.0,0.0,0.0,0.0,0,0.0,EQNL
2002-02-22,0.0,0.0,0.0,0.0,0,0.0,EQNL
2002-02-26,0.0,0.0,0.0,0.0,0,0.0,EQNL
2002-02-27,0.0,0.0,0.0,0.0,0,0.0,EQNL
2002-02-28,0.0,0.0,0.0,0.0,0,0.0,EQNL
2002-03-01,0.0,0.0,0.0,0.0,0,0.0,EQNL
2002-03-04,0.0,0.0,0.0,0.0,0,0.0,EQNL
2002-03-05,0.0,0.0,0.0,0.0,0,0.0,EQNL
2002-03-06,0.0,0.0,0.0,0.0,0,0.0,EQNL
2002-03-07,0.0,0.0,0.0,0.0,0,0.0,EQNL
2002-03-11,0.0,0.0,0.0,0.0,0,0.0,EQNL
2002-03-12,0.0,0.0,0.0,0.0,0,0.0,EQNL
2002-03-13,0.0,0.0,0.0,0.0,0,0.0,EQNL
2002-03-14,0.0,0.0,0.0,0.0,0,0.0,EQNL
2002-03-15,0.0,0.0,0.0,0.0,0,0.0,EQNL
2002-03-18,0.0,0.0,0.0,0.0,0,0.0,EQNL
2002-03-19,0.0,0.0,0.0,0.0,0,0.0,EQNL
2002-03-20,0.0,0.0,0.0,0.0,0,0.0,EQNL
2002-03-21,0.0,0.0,0.0,0.0,0,0.0,EQNL
2002-03-22,0.0,0.0,0.0,0.0,0,0.0,EQNL
2002-03-25,0.0,0.0,0.0,0.0,0,0.0,EQNL
2002-03-26,0.0,0.0,0.0,0.0,0,0.0,EQNL
2002-03-27,0.0,0.0,0.0,0.0,0,0.0,EQNL
2002-03-28,0.0,0.0,0.0,0.0,0,0.0,EQNL
2002-03-29,0.0,0.0,0.0,0.0,0,0.0,EQNL
2002-04-01,0.0,0.0,0.0,0.0,0,0.0,EQNL
2002-04-02,0.0,0.0,0.0,0.0,0,0.0,EQNL
2002-04-03,0.0,0.0,0.0,0.0,0,0.0,EQNL
2002-04-04,0.0,0.0,0.0,0.0,0,0.0,EQNL
2002-04-05,0.0,0.0,0.0,0.0,0,0.0,EQNL
2002-04-08,0.0,0.0,0.0,0.0,0,0.0,EQNL
2002-04-09,0.0,0.0,0.0,0.0,0,0.0,EQNL
2002-04-10,0.0,0.0,0.0,0.0,0,0.0,EQNL
2002-04-11,0.0,0.0,0.0,0.0,0,0.0,EQNL
2002-04-12,0.0,0.0,0.0,0.0,0,0.0,EQNL
2002-04-15,0.0,0.0,0.0,0.0,0,0.0,EQNL
2002-04-16,0.0,0.0,0.0,0.0,0,0.0,EQNL
2002-04-17,0.0,0.0,0.0,0.0,0,0.0,EQNL
2002-04-18,0.0,0.0,0.0,0.0,0,0.0,EQNL
2002-04-19,0.0,0.0,0.0,0.0,0,0.0,EQNL
2002-04-22,0.0,0.0,0.0,0.0,0,0.0,EQNL
2002-04-23,0.0,0.0,0.0,0.0,0,0.0,EQNL
2002-04-24,0.0,0.0,0.0,0.0,0,0.0,EQNL
2002-04-25,0.0,0.0,0.0,0.0,0,0.0,EQNL
2002-04-26,0.0,0.0,0.0,0.0,0,0.0,EQNL
2002-04-27,0.0,0.0,0.0,0.0,0,0.0,EQNL
2002-04-29,0.0,0.0,0.0,0.0,0,0.0,EQNL
2002-04-30,0.0,0.0,0.0,0.0,0,0.0,EQNL
2002-05-06,0.0,0.0,0.0,0.0,0,0.0,EQNL
2002-05-07,0.0,0.0,0.0,0.0,0,0.0,EQNL
2002-05-08,0.0,0.0,0.0,0.0,0,0.0,EQNL
2002-05-13,0.0,0.0,0.0,0.0,0,0.0,EQNL
2002-05-14,0.0,0.0,0.0,0.0,0,0.0,EQNL
2002-05-15,0.0,0.0,0.0,0.0,0,0.0,EQNL
2002-05-16,0.0,0.0,0.0,0.0,0,0.0,EQNL
2002-05-17,0.0,0.0,0.0,0.0,0,0.0,EQNL
2002-05-18,0.0,0.0,0.0,0.0,0,0.0,EQNL
2002-05-20,0.0,0.0,0.0,0.0,0,0.0,EQNL
2002-05-21,0.0,0.0,0.0,0.0,0,0.0,EQNL
2002-05-22,0.0,0.0,0.0,0.0,0,0.0,EQNL
2002-05-23,0.0,0.0,0.0,0.0,0,0.0,EQNL
2002-05-24,0.0,0.0,0.0,0.0,0,0.0,EQNL
2002-05-27,0.0,0.0,0.0,0.0,0,0.0,EQNL
2002-05-28,0.0,0.0,0.0,0.0,0,0.0,EQNL
2002-05-29,0.0,0.0,0.0,0.0,0,0.0,EQNL
2002-05-30,0.0,0.0,0.0,0.0,0,0.0,EQNL
2002-05-31,0.0,0.0,0.0,0.0,0,0.0,EQNL
2002-06-03,0.0,0.0,0.0,0.0,0,0.0,EQNL
2002-06-04,0.0,0.0,0.0,0.0,0,0.0,EQNL
2002-06-05,0.0,0.0,0.0,0.0,0,0.0,EQNL
2002-06-06,0.0,0.0,0.0,0.0,0,0.0,EQNL
2002-06-07,0.0,0.0,0.0,0.0,0,0.0,EQNL
2002-06-10,0.0,0.0,0.0,0.0,0,0.0,EQNL
2002-06-11,0.0,0.0,0.0,0.0,0,0.0,EQNL
2002-06-13,0.0,0.0,0.0,0.0,0,0.0,EQNL
2002-06-14,0.0,0.0,0.0,0.0,0,0.0,EQNL
2002-06-17,0.0,0.0,0.0,0.0,0,0.0,EQNL
2002-06-18,0.0,0.0,0.0,0.0,0,0.0,EQNL
2002-06-19,0.0,0.0,0.0,0.0,0,0.0,EQNL
2002-06-20,0.0,0.0,0.0,0.0,0,0.0,EQNL
2002-06-21,0.0,0.0,0.0,0.0,0,0.0,EQNL
2002-06-24,0.0,0.0,0.0,0.0,0,0.0,EQNL
2002-06-25,0.0,0.0,0.0,0.0,0,0.0,EQNL
2002-06-26,0.0,0.0,0.0,0.0,0,0.0,EQNL
2002-06-27,0.0,0.0,0.0,0.0,0,0.0,EQNL
2002-06-28,0.0,0.0,0.0,0.0,0,0.0,EQNL
2002-07-01,0.0,0.0,0.0,0.0,0,0.0,EQNL
2002-07-02,0.0,0.0,0.0,0.0,0,0.0,EQNL
2002-07-03,0.0,0.0,0.0,0.0,0,0.0,EQNL
2002-07-04,0.0,0.0,0.0,0.0,0,0.0,EQNL
2002-07-05,0.0,0.0,0.0,0.0,0,0.0,EQNL
2002-07-08,0.0,0.0,0.0,0.0,0,0.0,EQNL
2002-07-09,0.0,0.0,0.0,0.0,0,0.0,EQNL
2002-07-10,0.0,0.0,0.0,0.0,0,0.0,EQNL
2002-07-11,0.0,0.0,0.0,0.0,0,0.0,EQNL
2002-07-12,0.0,0.0,0.0,0.0,0,0.0,EQNL
2002-07-15,0.0,0.0,0.0,0.0,0,0.0,EQNL
2002-07-16,0.0,0.0,0.0,0.0,0,0.0,EQNL
2002-07-17,0.0,0.0,0.0,0.0,0,0.0,EQNL
2002-07-18,0.0,0.0,0.0,0.0,0,0.0,EQNL
2002-07-19,0.0,0.0,0.0,0.0,0,0.0,EQNL
2002-07-22,0.0,0.0,0.0,0.0,0,0.0,EQNL
2002-07-23,0.0,0.0,0.0,0.0,0,0.0,EQNL
2002-07-24,0.0,0.0,0.0,0.0,0,0.0,EQNL
2002-07-25,0.0,0.0,0.0,0.0,0,0.0,EQNL
2002-07-26,0.0,0.0,0.0,0.0,0,0.0,EQNL
2002-07-29,0.0,0.0,0.0,0.0,0,0.0,EQNL
2002-07-30,0.0,0.0,0.0,0.0,0,0.0,EQNL
2002-07-31,0.0,0.0,0.0,0.0,0,0.0,EQNL
2002-08-01,0.0,0.0,0.0,0.0,0,0.0,EQNL
2002-08-02,0.0,0.0,0.0,0.0,0,0.0,EQNL
2002-08-05,0.0,0.0,0.0,0.0,0,0.0,EQNL
2002-08-06,0.0,0.0,0.0,0.0,0,0.0,EQNL
2002-08-07,0.0,0.0,0.0,0.0,0,0.0,EQNL
2002-08-08,0.0,0.0,0.0,0.0,0,0.0,EQNL
2002-08-09,0.0,0.0,0.0,0.0,0,0.0,EQNL
2002-08-12,0.0,0.0,0.0,0.0,0,0.0,EQNL
2002-08-13,0.0,0.0,0.0,0.0,0,0.0,EQNL
2002-08-14,0.0,0.0,0.0,0.0,0,0.0,EQNL
2002-08-15,0.0,0.0,0.0,0.0,0,0.0,EQNL
2002-08-16,0.0,0.0,0.0,0.0,0,0.0,EQNL
2002-08-19,0.0,0.0,0.0,0.0,0,0.0,EQNL
2002-08-20,0.0,0.0,0.0,0.0,0,0.0,EQNL
2002-08-21,0.0,0.0,0.0,0.0,0,0.0,EQNL
2002-08-22,0.0,0.0,0.0,0.0,0,0.0,EQNL
2002-08-23,0.0,0.0,0.0,0.0,0,0.0,EQNL
2002-08-26,0.0,0.0,0.0,0.0,0,0.0,EQNL
2002-08-27,0.0,0.0,0.0,0.0,0,0.0,EQNL
2002-08-28,0.0,0.0,0.0,0.0,0,0.0,EQNL
2002-08-29,0.0,0.0,0.0,0.0,0,0.0,EQNL
2002-08-30,0.0,0.0,0.0,0.0,0,0.0,EQNL
2002-09-02,0.0,0.0,0.0,0.0,0,0.0,EQNL
2002-09-03,0.0,0.0,0.0,0.0,0,0.0,EQNL
2002-09-04,0.0,0.0,0.0,0.0,0,0.0,EQNL
2002-09-05,0.0,0.0,0.0,0.0,0,0.0,EQNL
2002-09-06,0.0,0.0,0.0,0.0,0,0.0,EQNL
2002-09-09,0.0,0.0,0.0,0.0,0,0.0,EQNL
2002-09-10,0.0,0.0,0.0,0.0,0,0.0,EQNL
2002-09-11,0.0,0.0,0.0,0.0,0,0.0,EQNL
2002-09-12,0.0,0.0,0.0,0.0,0,0.0,EQNL
2002-09-13,0.0,0.0,0.0,0.0,0,0.0,EQNL
2002-09-16,0.0,0.0,0.0,0.0,0,0.0,EQNL
2002-09-17,0.0,0.0,0.0,0.0,0,0.0,EQNL
2002-09-18,0.0,0.0,0.0,0.0,0,0.0,EQNL
2002-09-19,0.0,0.0,0.0,0.0,0,0.0,EQNL
2002-09-20,0.0,0.0,0.0,0.0,0,0.0,EQNL
2002-09-23,0.0,0.0,0.0,0.0,0,0.0,EQNL
2002-09-24,0.0,0.0,0.0,0.0,0,0.0,EQNL
2002-09-25,0.0,0.0,0.0,0.0,0,0.0,EQNL
2002-09-26,0.0,0.0,0.0,0.0,0,0.0,EQNL
2002-09-27,0.0,0.0,0.0,0.0,0,0.0,EQNL
2002-09-30,0.0,0.0,0.0,0.0,0,0.0,EQNL
2002-10-02,0.0,0.0,0.0,0.0,0,0.0,EQNL
2002-10-03,0.0,0.0,0.0,0.0,0,0.0,EQNL
2002-10-04,0.0,0.0,0.0,0.0,0,0.0,EQNL
2002-10-07,0.0,0.0,0.0,0.0,0,0.0,EQNL
2002-10-21,0.0,0.0,0.0,0.0,0,0.0,EQNL
2002-10-22,0.0,0.0,0.0,0.0,0,0.0,EQNL
2002-10-23,0.0,0.0,0.0,0.0,0,0.0,EQNL
2002-10-24,0.0,0.0,0.0,0.0,0,0.0,EQNL
2002-10-25,0.0,0.0,0.0,0.0,0,0.0,EQNL
2002-12-02,0.0,0.0,0.0,0.0,0,0.0,EQNL
2002-12-03,0.0,0.0,0.0,0.0,0,0.0,EQNL
2002-12-04,0.0,0.0,0.0,0.0,0,0.0,EQNL
2002-12-05,0.0,0.0,0.0,0.0,0,0.0,EQNL
2002-12-06,0.0,0.0,0.0,0.0,0,0.0,EQNL
2002-12-09,0.0,0.0,0.0,0.0,0,0.0,EQNL
2002-12-10,0.0,0.0,0.0,0.0,0,0.0,EQNL
2002-12-11,0.0,0.0,0.0,0.0,0,0.0,EQNL
2002-12-15,0.0,0.0,0.0,0.0,0,0.0,EQNL
2002-12-16,0.0,0.0,0.0,0.0,0,0.0,EQNL
2002-12-17,0.0,0.0,0.0,0.0,0,0.0,EQNL
2002-12-18,0.0,0.0,0.0,0.0,0,0.0,EQNL
2002-12-19,0.0,0.0,0.0,0.0,0,0.0,EQNL
2002-12-20,0.0,0.0,0.0,0.0,0,0.0,EQNL
2002-12-23,0.0,0.0,0.0,0.0,0,0.0,EQNL
2002-12-24,0.0,0.0,0.0,0.0,0,0.0,EQNL
2002-12-25,0.0,0.0,0.0,0.0,0,0.0,EQNL
2002-12-26,0.0,0.0,0.0,0.0,0,0.0,EQNL
2002-12-27,0.0,0.0,0.0,0.0,0,0.0,EQNL
2002-12-30,0.0,0.0,0.0,0.0,0,0.0,EQNL
2002-12-31,0.0,0.0,0.0,0.0,0,0.0,EQNL
2003-01-04,0.0,0.0,0.0,0.0,0,0.0,EQNL
2003-01-05,0.0,0.0,0.0,0.0,0,0.0,EQNL
2003-01-08,0.0,0.0,0.0,0.0,0,0.0,EQNL
2003-01-09,0.0,0.0,0.0,0.0,0,0.0,EQNL
2003-01-10,0.0,0.0,0.0,0.0,0,0.0,EQNL
2003-01-13,0.0,0.0,0.0,0.0,0,0.0,EQNL
2003-01-14,0.0,0.0,0.0,0.0,0,0.0,EQNL
2003-01-15,0.0,0.0,0.0,0.0,0,0.0,EQNL
2003-01-16,0.0,0.0,0.0,0.0,0,0.0,EQNL
2003-01-17,0.0,0.0,0.0,0.0,0,0.0,EQNL
2003-01-20,0.0,0.0,0.0,0.0,0,0.0,EQNL
2003-01-21,0.0,0.0,0.0,0.0,0,0.0,EQNL
2003-01-22,0.0,0.0,0.0,0.0,0,0.0,EQNL
2003-01-23,0.0,0.0,0.0,0.0,0,0.0,EQNL
2003-01-24,0.0,0.0,0.0,0.0,0,0.0,EQNL
2003-01-27,0.0,0.0,0.0,0.0,0,0.0,EQNL
2003-01-28,0.0,0.0,0.0,0.0,0,0.0,EQNL
2003-01-29,0.0,0.0,0.0,0.0,0,0.0,EQNL
2003-01-30,0.0,0.0,0.0,0.0,0,0.0,EQNL
2003-01-31,0.0,0.0,0.0,0.0,0,0.0,EQNL
2003-02-03,0.0,0.0,0.0,0.0,0,0.0,EQNE
2003-02-04,0.0,0.0,0.0,0.0,0,0.0,EQNE
2003-02-05,0.0,0.0,0.0,0.0,0,0.0,EQNE
2003-02-06,0.0,0.0,0.0,0.0,0,0.0,EQNE
2003-02-07,0.0,0.0,0.0,0.0,0,0.0,EQNE
2003-02-10,0.0,0.0,0.0,0.0,0,0.0,EQNE
2003-02-11,0.0,0.0,0.0,0.0,0,0.0,EQNE
2003-02-12,0.0,0.0,0.0,0.0,0,0.0,EQNE
2003-02-13,0.0,0.0,0.0,0.0,0,0.0,EQNE
2003-02-14,0.0,0.0,0.0,0.0,0,0.0,EQNE
2003-02-17,0.0,0.0,0.0,0.0,0,0.0,EQNE
2003-02-18,0.0,0.0,0.0,0.0,0,0.0,EQNE
2003-02-19,0.0,0.0,0.0,0.0,0,0.0,EQNE
2003-02-20,0.0,0.0,0.0,0.0,0,0.0,EQNE
2003-02-21,0.0,0.0,0.0,0.0,0,0.0,EQNE
2003-02-25,0.0,0.0,0.0,0.0,0,0.0,EQNE
2003-02-26,0.0,0.0,0.0,0.0,0,0.0,EQNE
2003-02-27,0.0,0.0,0.0,0.0,0,0.0,EQNE
2003-02-28,0.0,0.0,0.0,0.0,0,0.0,EQNE
2003-03-03,0.0,0.0,0.0,0.0,0,0.0,EQNE
2003-03-04,0.0,0.0,0.0,0.0,0,0.0,EQNE
2003-03-05,0.0,0.0,0.0,0.0,0,0.0,EQNE
2003-03-06,0.0,0.0,0.0,0.0,0,0.0,EQNE
2003-03-07,0.0,0.0,0.0,0.0,0,0.0,EQNE
2003-03-11,0.0,0.0,0.0,0.0,0,0.0,EQNE
2003-03-17,0.0,0.0,0.0,0.0,0,0.0,EQNE
2008-05-13,0.69,0.69,0.689,0.69,23900,16490.8,EQNL
2008-05-14,0.69,0.69,0.64,0.657,44300,29143.2,EQNL
2008-05-15,0.611,0.638,0.598,0.619,74800,46061.2,EQNL
2008-05-16,0.6,0.601,0.453,0.495,28073600,13380173.3,EQNL
2008-05-19,0.499,0.499,0.415,0.44,13422000,5830817.6,EQNL
2008-05-20,0.44,0.459,0.43,0.454,5536500,2473018.1,EQNL
2008-05-21,0.458,0.497,0.45,0.485,4874000,2328829.8,EQNL
2008-05-22,0.483,0.5,0.47,0.474,4663100,2261874.0,EQNL
2008-05-23,0.486,0.486,0.433,0.45,5504600,2465038.2,EQNL
2008-05-26,0.459,0.506,0.455,0.5,9488300,4612537.7,EQNL
2008-05-27,0.51,0.52,0.49,0.506,8950300,4508305.0,EQNL
2008-05-28,0.5,0.6,0.5,0.556,15762100,8781568.8,EQNL
2008-05-29,0.556,0.588,0.553,0.579,6623400,3793504.1,EQNL
2008-05-30,0.58,0.59,0.54,0.557,3525100,1976884.5,EQNL
2008-06-02,0.56,0.58,0.53,0.542,2766600,1499953.5,EQNL
2008-06-03,0.535,0.554,0.487,0.508,19030000,9678309.9,EQNL
2008-06-04,0.521,0.521,0.49,0.504,879900,441170.3,EQNL
2008-06-05,0.503,0.506,0.497,0.503,782900,391938.0,EQNL
2008-06-06,0.504,0.504,0.466,0.47,16039200,7647046.8,EQNL
2008-06-07,0.479,0.479,0.45,0.457,3941700,1815551.3,EQNL
2008-06-09,0.457,0.468,0.454,0.459,2762900,1266773.7,EQNL
2008-06-10,0.46,0.463,0.44,0.447,7686900,3455636.8,EQNL
2008-06-11,0.45,0.45,0.42,0.444,15208000,6574743.5,EQNL
2008-06-16,0.447,0.459,0.44,0.443,6496300,2894707.8,EQNL
2008-06-17,0.44,0.483,0.44,0.475,12264300,5649464.3,EQNL
2008-06-18,0.479,0.495,0.475,0.495,8226400,3996414.9,EQNL
2008-06-19,0.485,0.495,0.48,0.494,5229100,2557850.2,EQNL
2008-06-20,0.495,0.536,0.49,0.52,37579200,19511897.5,EQNL
2008-06-23,0.529,0.54,0.51,0.522,16447700,8548597.3,EQNL
2008-06-24,0.524,0.525,0.473,0.484,11517700,5752315.4,EQNL
2008-06-25,0.49,0.495,0.463,0.492,7844900,3796721.7,EQNL
2008-06-26,0.47,0.51,0.451,0.495,27107300,13177354.4,EQNL
2008-06-27,0.495,0.495,0.47,0.49,5767200,2807303.8,EQNL
2008-06-30,0.49,0.495,0.458,0.47,1649100,780718.4,EQNL
2008-07-01,0.476,0.479,0.447,0.466,3752500,1704930.8,EQNL
2008-07-02,0.475,0.475,0.451,0.468,1994800,923187.2,EQNL
2008-07-03,0.481,0.481,0.442,0.472,7537100,3522324.6,EQNL
2008-07-04,0.471,0.488,0.45,0.468,1259000,588571.5,EQNL
2008-07-07,0.468,0.48,0.446,0.465,3677400,1677811.1,EQNL
2008-07-08,0.465,0.474,0.447,0.462,7752300,3591697.2,EQNL
2008-07-09,0.452,0.47,0.452,0.465,4895900,2282311.9,EQNL
2008-07-10,0.46,0.468,0.453,0.464,4372700,2008381.9,EQNL
2008-07-11,0.452,0.46,0.442,0.453,13868600,6276169.6,EQNL
2008-07-14,0.449,0.464,0.432,0.443,6249300,2750208.5,EQNL
2008-07-15,0.433,0.441,0.42,0.433,3967800,1689187.0,EQNL
2008-07-16,0.425,0.428,0.417,0.418,2513700,1058477.4,EQNL
2008-07-17,0.417,0.429,0.406,0.409,3831000,1572655.6,EQNL
2008-07-18,0.408,0.419,0.385,0.415,14319700,5735019.8,EQNL
2008-07-21,0.401,0.425,0.39,0.4,4253800,1714778.9,EQNL
2008-07-22,0.4,0.403,0.386,0.395,7924300,3106015.9,EQNL
2008-07-23,0.399,0.399,0.382,0.383,2917700,1136656.6,EQNL
2008-07-24,0.384,0.39,0.376,0.38,2877800,1106288.3,EQNL
2008-07-25,0.383,0.393,0.359,0.364,3850300,1399595.8,EQNL
2008-07-28,0.365,0.38,0.35,0.357,4429000,1581938.8,EQNL
2008-07-29,0.351,0.357,0.32,0.34,6285800,2067998.6,EQNL
2008-07-30,0.345,0.35,0.307,0.319,31839800,10131612.0,EQNL
2008-07-31,0.325,0.325,0.305,0.309,8069100,2492896.9,EQNL
2008-08-01,0.31,0.313,0.303,0.306,3770300,1158211.6,EQNL
2008-08-04,0.306,0.311,0.3,0.304,3140200,963214.1,EQNL
2008-08-05,0.315,0.315,0.285,0.293,3977500,1159172.6,EQNL
2008-08-06,0.307,0.307,0.278,0.285,5365300,1545028.6,EQNL
2008-08-07,0.275,0.29,0.275,0.279,2532400,714005.9,EQNL
2008-08-08,0.279,0.283,0.263,0.265,5184600,1384463.1,EQNL
2008-08-11,0.282,0.282,0.207,0.27,2592400,658463.3,EQNL
2008-08-12,0.247,0.3,0.247,0.279,2731000,756879.1,EQNL
2008-08-13,0.285,0.304,0.265,0.294,6810500,1951854.8,EQNL
2008-08-14,0.298,0.312,0.276,0.309,9890400,2966577.6,EQNL
2008-08-15,0.3,0.314,0.295,0.312,8340200,2519509.4,EQNL
2008-08-18,0.303,0.317,0.295,0.298,2878900,865484.5,EQNL
2008-08-19,0.278,0.299,0.269,0.282,4392300,1212911.3,EQNL
2008-08-20,0.26,0.282,0.26,0.278,5345400,1484069.3,EQNL
2008-08-21,0.267,0.284,0.267,0.278,614500,168922.3,EQNL
2008-08-22,0.272,0.277,0.257,0.261,6605000,1736804.9,EQNL
2008-08-25,0.26,0.284,0.252,0.283,4719800,1276765.0,EQNL
2008-08-26,0.281,0.281,0.243,0.255,5719800,1445668.4,EQNL
2008-08-27,0.256,0.267,0.233,0.26,4355700,1077587.8,EQNL
2008-08-28,0.26,0.288,0.243,0.288,10805700,2921089.8,EQNL
2008-08-29,0.27,0.29,0.269,0.275,1387800,388025.5,EQNL
2008-09-01,0.266,0.295,0.26,0.29,3467900,954128.5,EQNL
2008-09-02,0.286,0.29,0.27,0.281,3042200,855210.6,EQNL
2008-09-03,0.288,0.288,0.266,0.274,3612000,1005976.5,EQNL
2008-09-04,0.275,0.285,0.266,0.285,5139700,1436316.7,EQNL
2008-09-05,0.273,0.28,0.241,0.276,5427700,1419880.2,EQNL
2008-09-08,0.281,0.285,0.261,0.285,6467400,1783166.1,EQNL
2008-09-09,0.274,0.279,0.242,0.25,4225600,1096055.9,EQNL
2008-09-10,0.25,0.25,0.209,0.228,4519300,993048.4,EQNL
2008-09-11,0.238,0.247,0.206,0.224,40307400,9203327.0,EQNL
2008-09-12,0.224,0.244,0.2,0.231,23500300,5046433.8,EQNL
2008-09-15,0.211,0.222,0.136,0.17,32494600,5519522.6,EQNL
2008-09-16,0.168,0.169,0.104,0.105,12346500,1696213.5,EQNL
2008-09-17,0.135,0.144,0.07,0.076,7997200,725714.0,EQNL
2008-09-19,0.099,0.114,0.09,0.114,34578700,3539487.2,EQNL
2008-09-22,0.112,0.144,0.112,0.125,14881200,1869017.0,EQNL
2008-09-23,0.123,0.137,0.104,0.126,50314100,6004990.9,EQNL
2008-09-24,0.126,0.146,0.121,0.135,23456000,3128015.8,EQNL
2008-09-25,0.132,0.135,0.118,0.127,21189400,2621062.8,EQNL
2008-09-26,0.118,0.135,0.118,0.134,8459800,1094396.1,EQNL
2008-09-29,0.135,0.138,0.12,0.131,34140600,4368598.9,EQNL
2008-09-30,0.125,0.133,0.122,0.132,11554500,1483345.2,EQNL
2008-10-01,0.135,0.15,0.13,0.139,20022500,2756591.9,EQNL
2008-10-02,0.137,0.139,0.128,0.132,9677800,1286573.2,EQNL
2008-10-03,0.128,0.144,0.126,0.134,27696000,3745016.3,EQNL
2008-10-06,0.13,0.13,0.097,0.108,32258400,4022064.7,EQNL
2008-10-07,0.114,0.12,0.088,0.115,39417000,4475761.6,EQNL
2008-10-08,0.099,0.114,0.092,0.092,1210900,116847.1,EQNL
2008-10-09,0.115,0.115,0.099,0.101,37819200,3897437.8,EQNL
2008-10-13,0.098,0.109,0.094,0.104,64798500,6463431.4,EQNL
2008-10-14,0.107,0.12,0.105,0.109,19596500,2138439.7,EQNL
2008-10-15,0.108,0.118,0.099,0.118,30763700,3153097.7,EQNL
2008-10-16,0.078,0.105,0.078,0.103,11402900,1122182.1,EQNL
2008-10-17,0.111,0.118,0.1,0.107,7583200,807558.1,EQNL
2008-10-20,0.112,0.112,0.105,0.106,3136800,333268.9,EQNL
2008-10-21,0.107,0.107,0.102,0.104,13747300,1438550.9,EQNL
2008-10-22,0.103,0.105,0.097,0.099,8055500,814086.4,EQNL
2008-10-23,0.098,0.101,0.091,0.094,8077300,770617.7,EQNL
2008-10-24,0.094,0.094,0.081,0.083,1219900,106872.4,EQNL
2008-10-28,0.072,0.092,0.072,0.086,8040600,701465.9,EQNL
2008-10-29,0.088,0.098,0.087,0.089,6311600,565802.9,EQNL
2008-10-30,0.092,0.099,0.089,0.095,3648300,336331.7,EQNL
2008-10-31,0.099,0.099,0.082,0.093,42868200,3752267.4,EQNL
2008-11-01,0.093,0.099,0.092,0.098,4005200,381196.9,EQNL
2008-11-05,0.102,0.113,0.102,0.107,13167000,1435923.3,EQNL
2008-11-06,0.099,0.104,0.091,0.098,5400500,527308.7,EQNL
2008-11-07,0.1,0.1,0.09,0.098,9396500,921321.2,EQNL
2008-11-10,0.098,0.105,0.097,0.1,15768000,1606826.2,EQNL
2008-11-11,0.098,0.1,0.089,0.092,10099200,933440.7,EQNL
2008-11-13,0.071,0.09,0.071,0.088,1703400,148303.8,EQNL
2008-11-14,0.094,0.094,0.083,0.085,25159900,2154973.9,EQNL
2008-11-17,0.087,0.09,0.077,0.081,20096000,1612939.3,EQNL
2008-11-18,0.084,0.084,0.077,0.079,17527700,1404581.3,EQNL
2008-11-19,0.08,0.08,0.074,0.075,9188700,704081.7,EQNL
2008-11-20,0.071,0.077,0.055,0.061,43012900,2655026.3,EQNL
2008-11-21,0.064,0.064,0.058,0.061,8606600,515335.7,EQNL
2008-11-24,0.062,0.066,0.058,0.064,5284200,329245.2,EQNL
2008-11-25,0.066,0.067,0.061,0.064,8214200,524923.9,EQNL
2008-11-26,0.067,0.067,0.061,0.066,5911500,371743.1,EQNL
2008-11-27,0.069,0.078,0.069,0.076,26537500,1956574.9,EQNL
2008-11-28,0.074,0.081,0.07,0.074,3055100,231688.6,EQNL
2008-12-01,0.074,0.075,0.068,0.07,5669700,400427.0,EQNL
2008-12-02,0.07,0.087,0.07,0.07,3540000,254431.0,EQNL
2008-12-03,0.075,0.076,0.068,0.069,11723200,843378.4,EQNL
2008-12-04,0.072,0.073,0.059,0.07,5442500,367265.9,EQNL
2008-12-05,0.069,0.072,0.068,0.07,5427400,378615.8,EQNL
2008-12-08,0.072,0.079,0.072,0.075,15471200,1168347.6,EQNL
2008-12-09,0.075,0.075,0.068,0.07,12675100,899042.7,EQNL
2008-12-10,0.072,0.072,0.068,0.071,2925100,205024.6,EQNL
2008-12-11,0.072,0.073,0.069,0.071,8744400,614042.4,EQNL
2008-12-12,0.072,0.072,0.068,0.069,5615700,393393.3,EQNL
2008-12-15,0.067,0.071,0.067,0.069,7387300,511887.6,EQNL
2008-12-16,0.07,0.07,0.066,0.068,8364100,570576.3,EQNL
2008-12-17,0.068,0.069,0.064,0.065,6396600,415850.1,EQNL
2008-12-18,0.067,0.069,0.056,0.064,25548100,1618745.5,EQNL
2008-12-19,0.067,0.072,0.061,0.066,24440700,1607696.9,EQNL
2008-12-22,0.068,0.075,0.066,0.07,16008700,1136146.4,EQNL
2008-12-23,0.069,0.074,0.064,0.072,18370300,1239923.9,EQNL
2008-12-24,0.061,0.075,0.061,0.075,14035200,1007338.4,EQNL
2008-12-25,0.069,0.076,0.069,0.069,3669300,260711.5,EQNL
2008-12-26,0.07,0.07,0.068,0.069,4355600,300785.6,EQNL
2008-12-29,0.068,0.071,0.066,0.069,4544900,308876.0,EQNL
2008-12-30,0.066,0.073,0.066,0.07,7499200,517489.3,EQNL
2008-12-31,0.072,0.074,0.069,0.07,4259000,311111.1,EQNL
2009-01-11,0.07,0.073,0.069,0.07,1223300,85591.5,EQNL
2009-01-12,0.069,0.072,0.069,0.071,1793000,126110.0,EQNL
2009-01-13,0.069,0.071,0.068,0.07,2788100,193334.9,EQNL
2009-01-14,0.069,0.071,0.068,0.068,3842900,269019.4,EQNL
2009-01-15,0.07,0.071,0.067,0.069,5900500,399894.5,EQNL
2009-01-16,0.066,0.071,0.066,0.069,6943800,486207.1,EQNL
2009-01-19,0.07,0.072,0.068,0.071,10228700,715332.9,EQNL
2009-01-20,0.069,0.069,0.066,0.066,9987900,673283.1,EQNL
2009-01-21,0.068,0.068,0.066,0.068,3827800,255020.3,EQNL
2009-01-22,0.068,0.069,0.066,0.066,3233100,216408.6,EQNL
2009-01-23,0.067,0.067,0.065,0.066,1189200,78314.7,EQNL
2009-01-26,0.067,0.068,0.065,0.066,3950700,262353.0,EQNL
2009-01-27,0.067,0.067,0.065,0.065,2325200,152996.8,EQNL
2009-01-28,0.066,0.071,0.065,0.069,11977100,810456.3,EQNL
2009-01-29,0.07,0.07,0.067,0.067,4766600,329565.6,EQNL
2009-01-30,0.068,0.069,0.066,0.066,8770300,588902.5,EQNL
2009-02-02,0.067,0.067,0.065,0.066,3985500,264089.0,EQNL
2009-02-03,0.066,0.07,0.066,0.067,4274700,289818.5,EQNL
2009-02-04,0.068,0.069,0.067,0.069,4068300,277040.9,EQNL
2009-02-05,0.069,0.07,0.069,0.069,3085900,213348.2,EQNL
2009-02-06,0.07,0.071,0.069,0.071,1758400,122488.8,EQNL
2009-02-09,0.07,0.075,0.067,0.074,46372200,3249832.8,EQNL
2009-02-10,0.074,0.077,0.073,0.074,4457000,332357.7,EQNL
2009-02-11,0.071,0.073,0.07,0.073,1498700,107800.3,EQNL
2009-02-12,0.074,0.083,0.074,0.075,3246700,244270.8,EQNL
2009-02-13,0.074,0.075,0.073,0.075,2363200,176342.6,EQNL
2009-02-16,0.076,0.076,0.071,0.075,14320200,1051230.0,EQNL
2009-02-17,0.073,0.075,0.072,0.074,62268600,4608238.0,EQNL
2009-02-18,0.073,0.073,0.071,0.073,2739600,198190.4,EQNL
2009-02-19,0.073,0.077,0.072,0.073,27114500,2008709.5,EQNL
2009-02-20,0.074,0.077,0.072,0.075,15672900,1165236.8,EQNL
2009-02-24,0.075,0.078,0.074,0.075,22149200,1686269.6,EQNL
2009-02-25,0.076,0.093,0.075,0.092,24807200,2183842.0,EQNL
2009-02-26,0.103,0.107,0.092,0.095,15973600,1567421.1,EQNL
2009-02-27,0.1,0.103,0.082,0.088,15917700,1433089.5,EQNL
2009-03-02,0.087,0.089,0.082,0.085,8477600,716463.6,EQNL
2009-03-03,0.085,0.09,0.081,0.085,12723600,1092962.4,EQNL
2009-03-04,0.085,0.088,0.081,0.083,11703900,975019.8,EQNL
2009-03-05,0.083,0.084,0.078,0.084,58371800,4697759.8,EQNL
2009-03-06,0.082,0.084,0.081,0.084,1573600,130230.5,EQNL
2009-03-10,0.083,0.088,0.083,0.087,7145900,604608.1,EQNL
2009-03-11,0.087,0.095,0.086,0.091,25370100,2321313.9,EQNL
2009-03-12,0.087,0.092,0.087,0.089,5208500,470319.6,EQNL
2009-03-13,0.09,0.093,0.09,0.09,4298800,389243.8,EQNL
2009-03-16,0.091,0.093,0.089,0.092,5605500,512365.2,EQNL
2009-03-17,0.093,0.093,0.09,0.092,1808800,164804.0,EQNL
2009-03-18,0.092,0.093,0.085,0.088,11112300,981695.2,EQNL
2009-03-19,0.089,0.09,0.084,0.09,7501600,644091.2,EQNL
2009-03-20,0.09,0.09,0.079,0.083,36085500,2973055.9,EQNL
2009-03-23,0.082,0.089,0.08,0.086,15685400,1340605.3,EQNL
2009-03-24,0.084,0.087,0.079,0.083,12798900,1036846.4,EQNL
2009-03-25,0.083,0.087,0.08,0.086,17315600,1443248.8,EQNL
2009-03-26,0.083,0.086,0.083,0.085,8775100,739285.4,EQNL
2009-03-27,0.085,0.085,0.08,0.084,11263800,923196.1,EQNL
2009-03-30,0.084,0.085,0.081,0.085,4154800,346167.1,EQNL
2009-03-31,0.083,0.085,0.082,0.084,2363000,196279.8,EQNL
2009-04-01,0.083,0.086,0.082,0.086,11155100,940306.5,EQNL
2009-04-02,0.085,0.088,0.084,0.088,15475700,1339734.0,EQNL
2009-04-03,0.09,0.09,0.084,0.087,31997300,2725658.1,EQNL
2009-04-06,0.088,0.091,0.087,0.087,33945800,3005312.6,EQNL
2009-04-07,0.087,0.09,0.085,0.087,17663500,1545975.4,EQNL
2009-04-08,0.087,0.097,0.085,0.094,41601200,3850411.6,EQNL
2009-04-09,0.096,0.1,0.092,0.096,25326300,2423206.7,EQNL
2009-04-10,0.094,0.097,0.094,0.097,9636700,922075.2,EQNL
2009-04-13,0.1,0.111,0.096,0.101,81463100,8378862.2,EQNL
2009-04-14,0.1,0.11,0.1,0.106,58183300,6177403.3,EQNL
2009-04-15,0.105,0.108,0.103,0.108,10409700,1095674.1,EQNL
2009-04-16,0.105,0.116,0.104,0.115,68274400,7452417.9,EQNL
2009-04-17,0.112,0.119,0.11,0.113,6849600,782141.5,EQNL
2009-04-20,0.113,0.113,0.104,0.104,18802900,2014336.6,EQNL
2009-04-21,0.103,0.109,0.101,0.104,7469900,796999.2,EQNL
2009-04-22,0.104,0.11,0.104,0.109,8747200,952910.5,EQNL
2009-04-23,0.109,0.117,0.109,0.113,30246600,3389791.3,EQNL
2009-04-24,0.113,0.125,0.113,0.122,43939800,5334949.5,EQNL
2009-04-27,0.123,0.127,0.118,0.125,9915400,1224297.7,EQNL
2009-04-28,0.125,0.134,0.117,0.121,8164600,986734.3,EQNL
2009-04-29,0.12,0.124,0.117,0.124,6693200,804449.4,EQNL
2009-04-30,0.12,0.133,0.12,0.131,65922600,8592350.7,EQNL
2009-05-04,0.132,0.135,0.127,0.134,6063800,799538.5,EQNL
2009-05-05,0.134,0.138,0.131,0.132,13701900,1848515.0,EQNL
2009-05-06,0.132,0.137,0.129,0.133,18780200,2543384.1,EQNL
2009-05-07,0.136,0.14,0.13,0.13,10706700,1446877.7,EQNL
2009-05-08,0.135,0.135,0.127,0.132,4485700,579946.9,EQNL
2009-05-12,0.132,0.143,0.132,0.137,14006400,1923769.4,EQNL
2009-05-13,0.142,0.144,0.129,0.133,20828300,2834287.7,EQNL
2009-05-14,0.128,0.135,0.126,0.132,7754100,1020086.8,EQNL
2009-05-15,0.133,0.14,0.133,0.135,5981100,814861.4,EQNL
2009-05-18,0.132,0.138,0.13,0.138,8017000,1067312.5,EQNL
2009-05-19,0.139,0.145,0.138,0.142,11492100,1621860.0,EQNL
2009-05-20,0.14,0.146,0.139,0.145,11828800,1684184.6,EQNL
2009-05-21,0.145,0.148,0.13,0.135,18957900,2594607.9,EQNL
2009-05-22,0.132,0.14,0.13,0.137,7538600,1018102.0,EQNL
2009-05-25,0.138,0.148,0.135,0.142,15331100,2143963.3,EQNL
2009-05-26,0.142,0.145,0.133,0.141,56773900,7825705.7,EQNL
2009-05-27,0.143,0.143,0.135,0.143,30782100,4296410.5,EQNL
2009-05-28,0.143,0.157,0.141,0.156,46629700,7056476.7,EQNL
2009-05-29,0.156,0.171,0.153,0.166,23827100,3801522.3,EQNL
2009-06-01,0.17,0.179,0.167,0.17,15306300,2637006.3,EQNL
2009-06-02,0.17,0.174,0.163,0.173,15779900,2697747.0,EQNL
2009-06-03,0.173,0.173,0.156,0.162,17050300,2864239.7,EQNL
2009-06-04,0.157,0.17,0.157,0.168,10105400,1658221.6,EQNL
2009-06-05,0.161,0.175,0.161,0.173,13818300,2375821.7,EQNL
2009-06-08,0.166,0.18,0.166,0.178,6812600,1193396.2,EQNL
2009-06-09,0.179,0.201,0.178,0.194,22723000,4380746.4,EQNL
2009-06-10,0.191,0.21,0.191,0.196,13820800,2785718.1,EQNL
2009-06-11,0.22,0.22,0.186,0.195,12042100,2307685.9,EQNL
2009-06-15,0.19,0.196,0.176,0.179,9854000,1801133.5,EQNL
2009-06-16,0.174,0.182,0.173,0.182,10611200,1873970.3,EQNL
2009-06-17,0.179,0.182,0.165,0.169,7273200,1264150.0,EQNL
2009-06-18,0.174,0.193,0.159,0.175,49562000,8681519.4,EQNL
2009-06-19,0.183,0.189,0.17,0.184,23072500,4208889.0,EQNL
2009-06-22,0.186,0.187,0.148,0.165,10755600,1861275.0,EQNL
2009-06-23,0.151,0.16,0.13,0.153,35924200,5335419.5,EQNL
2009-06-24,0.157,0.166,0.153,0.163,10545400,1671511.6,EQNL
2009-06-25,0.155,0.163,0.15,0.155,9002800,1376626.3,EQNL
2009-06-26,0.151,0.164,0.144,0.149,13103000,1990944.2,EQNL
2009-06-29,0.143,0.156,0.141,0.145,4233000,612826.2,EQNL
2009-06-30,0.148,0.16,0.141,0.143,23976600,3586531.6,EQNL
2009-07-01,0.145,0.149,0.136,0.147,27652100,3926369.5,EQNL
2009-07-02,0.143,0.154,0.142,0.146,11850600,1773207.3,EQNL
2009-07-03,0.148,0.15,0.14,0.143,5345200,768103.5,EQNL
2009-07-06,0.14,0.151,0.138,0.138,2828000,398322.1,EQNL
2009-07-07,0.14,0.143,0.139,0.141,8088100,1137778.1,EQNL
2009-07-08,0.142,0.142,0.131,0.134,10907100,1465612.2,EQNL
2009-07-09,0.138,0.138,0.126,0.129,23923600,3132779.5,EQNL
2009-07-10,0.128,0.132,0.114,0.119,11316400,1354266.3,EQNL
2009-07-13,0.114,0.125,0.11,0.123,10306500,1217694.9,EQNL
2009-07-14,0.123,0.129,0.12,0.126,15522700,1933190.9,EQNL
2009-07-15,0.126,0.132,0.123,0.132,12862600,1649136.5,EQNL
2009-07-16,0.131,0.133,0.126,0.128,9991100,1283387.9,EQNL
2009-07-17,0.129,0.133,0.127,0.132,12104800,1562621.7,EQNL
2009-07-20,0.132,0.139,0.132,0.137,19105900,2609389.1,EQNL
2009-07-21,0.139,0.139,0.13,0.135,13475000,1807201.9,EQNL
2009-07-22,0.135,0.135,0.125,0.129,11568200,1490776.5,EQNL
2009-07-23,0.13,0.134,0.128,0.132,17954700,2353523.8,EQNL
2009-07-24,0.133,0.136,0.131,0.132,8931500,1193660.3,EQNL
2009-07-27,0.133,0.137,0.129,0.131,22598500,3000991.8,EQNL
2009-07-28,0.129,0.137,0.125,0.128,16959100,2226897.1,EQNL
2009-07-29,0.128,0.128,0.123,0.123,8450100,1052378.8,EQNL
2009-07-30,0.127,0.13,0.123,0.129,15672700,1986753.5,EQNL
2009-07-31,0.127,0.131,0.126,0.129,22833600,2921533.0,EQNL
2009-08-03,0.128,0.134,0.126,0.134,14720200,1951329.4,EQNL
2009-08-04,0.134,0.136,0.131,0.135,16758000,2235676.5,EQNL
2009-08-05,0.133,0.14,0.133,0.136,28053800,3878734.5,EQNL
2009-08-06,0.134,0.14,0.131,0.133,12805200,1728408.6,EQNL
2009-08-07,0.131,0.135,0.126,0.129,47966700,6164902.5,EQNL
2009-08-10,0.129,0.132,0.127,0.131,17594400,2278729.9,EQNL
2009-08-11,0.131,0.134,0.128,0.131,28412200,3734544.2,EQNL
2009-08-12,0.134,0.134,0.128,0.133,11487500,1495656.0,EQNL
2009-08-13,0.134,0.14,0.128,0.134,11350200,1527930.2,EQNL
2009-08-14,0.135,0.136,0.129,0.13,10703000,1426011.2,EQNL
2009-08-17,0.126,0.131,0.119,0.131,27564400,3401980.6,EQNL
2009-08-18,0.132,0.16,0.132,0.152,128926700,18822066.3,EQNL
2009-08-19,0.156,0.165,0.147,0.147,138019900,21324667.0,EQNL
2009-08-20,0.15,0.153,0.145,0.151,29256100,4351380.2,EQNL
2009-08-21,0.15,0.157,0.149,0.154,33607400,5125002.6,EQNL
2009-08-24,0.154,0.157,0.148,0.153,18901900,2843097.2,EQNL
2009-08-25,0.149,0.152,0.149,0.15,3749000,562608.2,EQNL
2009-08-26,0.149,0.152,0.148,0.149,1775000,264780.4,EQNL
2009-08-27,0.149,0.15,0.146,0.147,2425600,355256.1,EQNL
2009-08-28,0.147,0.151,0.146,0.15,5655400,844516.6,EQNL
2009-08-31,0.15,0.16,0.146,0.155,25442400,3951981.3,EQNL
2009-09-01,0.156,0.159,0.15,0.157,13637900,2113216.6,EQNL
2009-09-02,0.155,0.163,0.152,0.16,15281800,2424913.8,EQNL
2009-09-03,0.162,0.169,0.161,0.167,29087500,4783955.0,EQNL
2009-09-04,0.165,0.171,0.161,0.165,14421400,2381901.6,EQNL
2009-09-07,0.157,0.165,0.157,0.164,3652400,593497.4,EQNL
2009-09-08,0.165,0.166,0.16,0.165,17910900,2928643.3,EQNL
2009-09-09,0.165,0.166,0.162,0.166,14621500,2394434.8,EQNL
2009-09-10,0.171,0.177,0.165,0.175,34552300,5929526.8,EQNL
2009-09-11,0.174,0.181,0.173,0.179,17171400,3066770.6,EQNL
2009-09-14,0.175,0.18,0.175,0.178,10481100,1858269.1,EQNL
2009-09-15,0.18,0.182,0.177,0.178,9056200,1622412.4,EQNL
2009-09-16,0.179,0.182,0.174,0.177,9585500,1700421.9,EQNL
2009-09-17,0.178,0.182,0.174,0.176,5590700,988795.4,EQNL
2009-09-18,0.173,0.179,0.17,0.175,12668500,2195192.2,EQNL
2009-09-21,0.179,0.186,0.175,0.178,21128900,3853411.7,EQNL
2009-09-22,0.183,0.184,0.178,0.182,13297400,2390824.0,EQNL
2009-09-23,0.179,0.182,0.178,0.178,13976300,2519194.9,EQNL
2009-09-24,0.175,0.18,0.172,0.175,9159200,1624619.7,EQNL
2009-09-25,0.178,0.181,0.173,0.178,13092200,2305435.2,EQNL
2009-09-28,0.178,0.18,0.171,0.175,6296200,1099572.7,EQNL
2009-09-29,0.195,0.195,0.172,0.177,8781800,1551025.8,EQNL
2009-09-30,0.175,0.186,0.172,0.176,19359900,3487505.8,EQNL
2009-10-01,0.175,0.197,0.175,0.185,38808000,7234284.6,EQNL
2009-10-02,0.19,0.19,0.178,0.182,13302800,2421564.4,EQNL
2009-10-05,0.18,0.185,0.178,0.18,6876200,1246643.7,EQNL
2009-10-06,0.184,0.184,0.178,0.182,4784400,862359.2,EQNL
2009-10-07,0.182,0.185,0.18,0.185,5619800,1025852.4,EQNL
2009-10-08,0.185,0.19,0.182,0.185,7836700,1452488.5,EQNL
2009-10-09,0.185,0.185,0.179,0.183,8365900,1510417.7,EQNL
2009-10-12,0.183,0.194,0.181,0.191,33641600,6229799.2,EQNL
2009-10-13,0.196,0.201,0.187,0.195,37791300,7403430.0,EQNL
2009-10-14,0.193,0.204,0.192,0.196,18396400,3586153.8,EQNL
2009-10-15,0.193,0.197,0.189,0.192,10562000,2022644.2,EQNL
2009-10-16,0.192,0.198,0.188,0.191,12435800,2392086.1,EQNL
2009-10-19,0.19,0.193,0.186,0.193,2296800,433805.9,EQNL
2009-10-20,0.19,0.194,0.19,0.193,1528100,293064.7,EQNL
2009-10-21,0.181,0.193,0.181,0.193,5485300,1037620.9,EQNL
2009-10-22,0.19,0.192,0.189,0.191,3413200,649595.5,EQNL
2009-10-23,0.191,0.194,0.188,0.191,6731300,1276987.8,EQNL
2009-10-26,0.185,0.193,0.185,0.191,2772100,530917.4,EQNL
2009-10-27,0.185,0.19,0.185,0.189,3028700,566684.0,EQNL
2009-10-28,0.189,0.189,0.175,0.177,9189000,1651817.0,EQNL
2009-10-29,0.177,0.178,0.163,0.178,11207000,1956805.2,EQNL
2009-10-30,0.18,0.18,0.168,0.175,12305000,2114817.0,EQNL
2009-11-02,0.172,0.177,0.165,0.176,120572000,20565729.7,EQNL
2009-11-03,0.171,0.175,0.169,0.174,8996300,1555695.0,EQNL
2009-11-05,0.176,0.181,0.175,0.181,5992300,1068615.5,EQNL
2009-11-06,0.18,0.184,0.178,0.184,17858200,3196341.3,EQNL
2009-11-09,0.184,0.19,0.183,0.187,9271900,1742074.1,EQNL
2009-11-10,0.189,0.19,0.185,0.187,3777300,707397.9,EQNL
2009-11-11,0.185,0.19,0.185,0.187,28277700,5325719.0,EQNL
2009-11-12,0.184,0.189,0.171,0.185,9365400,1722062.4,EQNL
2009-11-13,0.185,0.189,0.183,0.188,4676200,874055.1,EQNL
2009-11-16,0.188,0.193,0.187,0.193,7291600,1377486.7,EQNL
2009-11-17,0.189,0.195,0.188,0.19,5345700,1022281.7,EQNL
2009-11-18,0.189,0.191,0.184,0.187,3034600,568212.5,EQNL
2009-11-19,0.186,0.191,0.186,0.191,19803600,3708874.3,EQNL
2009-11-20,0.189,0.192,0.18,0.19,16457900,3072065.4,EQNL
2009-11-23,0.191,0.192,0.186,0.192,2647600,501464.7,EQNL
2009-11-24,0.188,0.192,0.187,0.192,2878800,544029.1,EQNL
2009-11-25,0.189,0.195,0.188,0.188,25530500,4908499.2,EQNL
2009-11-26,0.19,0.195,0.184,0.19,39402500,7577586.7,EQNL
2009-11-27,0.184,0.191,0.176,0.191,13776400,2546093.3,EQNL
2009-11-30,0.192,0.193,0.186,0.192,4641600,874987.0,EQNL
2009-12-01,0.188,0.19,0.184,0.187,25735400,4832854.5,EQNL
2009-12-02,0.186,0.193,0.186,0.19,14708400,2820744.5,EQNL
2009-12-03,0.189,0.193,0.189,0.191,7126100,1362584.0,EQNL
2009-12-04,0.189,0.192,0.189,0.191,3968300,753788.6,EQNL
2009-12-07,0.189,0.193,0.188,0.193,4160100,792792.6,EQNL
2009-12-08,0.189,0.193,0.189,0.191,4661800,888349.3,EQNL
2009-12-09,0.189,0.19,0.186,0.19,7009700,1319098.6,EQNL
2009-12-10,0.188,0.195,0.185,0.194,12473200,2386636.9,EQNL
2009-12-11,0.193,0.21,0.193,0.208,30367400,6158549.0,EQNL
2009-12-14,0.209,0.218,0.202,0.217,21913700,4635862.1,EQNL
2009-12-15,0.211,0.23,0.211,0.23,33144800,7416818.1,EQNL
2009-12-16,0.223,0.241,0.223,0.23,10909800,2548304.8,EQNL
2009-12-17,0.239,0.239,0.227,0.234,15428800,3558881.1,EQNL
2009-12-18,0.23,0.245,0.23,0.245,3458500,831641.1,EQNL
2009-12-21,0.243,0.275,0.238,0.263,21816500,5747748.1,EQNL
2009-12-22,0.266,0.272,0.242,0.246,14858900,3760003.8,EQNL
2009-12-23,0.249,0.264,0.239,0.262,13508000,3387876.8,EQNL
2009-12-24,0.264,0.266,0.254,0.262,8331800,2169698.8,EQNL
2009-12-25,0.264,0.269,0.255,0.269,6018800,1590960.8,EQNL
2009-12-28,0.269,0.269,0.26,0.266,4963500,1302156.1,EQNL
2009-12-29,0.268,0.269,0.259,0.267,3544400,937856.6,EQNL
2009-12-30,0.268,0.27,0.261,0.265,4180600,1112266.7,EQNL
2009-12-31,0.27,0.27,0.263,0.268,253500,67189.1,EQNL
2010-01-11,0.26,0.278,0.26,0.274,4580700,1254741.8,EQNL
2010-01-12,0.27,0.286,0.27,0.277,5392900,1502082.8,EQNL
2010-01-13,0.272,0.281,0.269,0.27,11734500,3193182.0,EQNL
2010-01-14,0.27,0.275,0.265,0.27,6006600,1611921.7,EQNL
2010-01-15,0.27,0.272,0.255,0.259,32800400,8517264.3,EQNL
2010-01-18,0.254,0.265,0.254,0.264,6605900,1729565.9,EQNL
2010-01-19,0.266,0.271,0.262,0.268,14756100,3927253.7,EQNL
2010-01-20,0.265,0.283,0.257,0.278,30325900,8193888.3,EQNL
2010-01-21,0.27,0.296,0.27,0.291,24958800,7213011.8,EQNL
2010-01-22,0.272,0.291,0.265,0.273,7078600,1947501.2,EQNL
2010-01-25,0.269,0.29,0.269,0.286,7620400,2139802.3,EQNL
2010-01-26,0.286,0.292,0.279,0.284,2065000,589846.2,EQNL
2010-01-27,0.282,0.287,0.273,0.28,5696900,1574139.5,EQNL
2010-01-28,0.28,0.292,0.277,0.287,3674200,1045916.0,EQNL
2010-01-29,0.282,0.288,0.28,0.284,2788800,787816.1,EQNL
2010-02-01,0.281,0.284,0.278,0.28,1136400,319484.7,EQNL
2010-02-02,0.28,0.283,0.277,0.28,6723100,1877647.5,EQNL
2010-02-03,0.28,0.28,0.274,0.279,4307800,1188583.7,EQNL
2010-02-04,0.275,0.279,0.273,0.273,4877600,1349076.8,EQNL
2010-02-05,0.271,0.271,0.253,0.265,12139000,3156076.5,EQNL
2010-02-08,0.261,0.265,0.245,0.253,12356300,3162684.4,EQNL
2010-02-09,0.262,0.262,0.24,0.245,5312700,1315471.3,EQNL
2010-02-10,0.255,0.255,0.241,0.248,3987700,982924.0,EQNL
2010-02-11,0.251,0.255,0.236,0.243,19021100,4672507.9,EQNL
2010-02-12,0.241,0.246,0.223,0.224,19821700,4571904.3,EQNL
2010-02-15,0.228,0.253,0.224,0.239,79667500,19632551.7,EQNL
2010-02-16,0.237,0.26,0.235,0.245,34850900,8805577.0,EQNL
2010-02-17,0.25,0.255,0.238,0.238,11137200,2742327.6,EQNL
2010-02-18,0.238,0.245,0.238,0.243,13350200,3210168.6,EQNL
2010-02-19,0.24,0.246,0.235,0.24,8319600,2005314.7,EQNL
2010-02-24,0.24,0.245,0.239,0.243,1683300,406775.4,EQNL
2010-02-25,0.24,0.243,0.233,0.235,15951600,3812816.9,EQNL
2010-02-26,0.238,0.241,0.225,0.23,41538500,9549026.9,EQNL
2010-02-27,0.231,0.239,0.227,0.236,9871800,2311651.2,EQNL
2010-03-01,0.237,0.247,0.237,0.245,11856800,2875343.9,EQNL
2010-03-02,0.245,0.249,0.24,0.245,5146800,1266958.4,EQNL
2010-03-03,0.245,0.25,0.237,0.247,25026200,6077357.9,EQNL
2010-03-04,0.245,0.26,0.242,0.257,16747500,4234617.9,EQNL
2010-03-05,0.258,0.269,0.257,0.269,11116200,2940738.1,EQNL
2010-03-09,0.267,0.348,0.267,0.348,192285100,61918392.7,EQNL
2010-03-10,0.346,0.369,0.322,0.331,90330400,30174487.6,EQNL
2010-03-11,0.33,0.36,0.319,0.326,62557300,21045246.2,EQNL
2010-03-12,0.346,0.346,0.325,0.341,103580700,34059723.8,EQNL
2010-03-15,0.34,0.342,0.326,0.334,17539900,5876846.9,EQNL
2010-03-16,0.339,0.341,0.33,0.334,12399000,4154357.1,EQNL
2010-03-17,0.335,0.34,0.327,0.332,16335200,5464364.5,EQNL
2010-03-18,0.33,0.337,0.328,0.329,7718800,2560646.1,EQNL
2010-03-19,0.33,0.332,0.326,0.329,2943600,967616.6,EQNL
2010-03-22,0.326,0.338,0.322,0.329,28658100,9454664.5,EQNL
2010-03-23,0.333,0.333,0.32,0.324,8305100,2685551.8,EQNL
2010-03-24,0.319,0.325,0.315,0.318,8164500,2592443.1,EQNL
2010-03-25,0.318,0.331,0.315,0.325,17275800,5595970.6,EQNL
2010-03-26,0.326,0.326,0.319,0.322,5639400,1815337.2,EQNL
2010-03-29,0.32,0.335,0.318,0.33,32301400,10419177.2,EQNL
2010-03-30,0.33,0.345,0.33,0.335,17601400,5899846.2,EQNL
2010-03-31,0.333,0.343,0.329,0.341,14109400,4774835.5,EQNL
2010-04-01,0.344,0.385,0.341,0.359,54456700,19820149.7,EQNL
2010-04-02,0.367,0.39,0.361,0.382,48496500,18102473.8,EQNL
2010-04-05,0.383,0.383,0.35,0.372,63865300,23224404.3,EQNL
2010-04-06,0.382,0.382,0.358,0.358,17172000,6226372.9,EQNL
2010-04-07,0.359,0.382,0.338,0.343,26818200,9494291.2,EQNL
2010-04-08,0.343,0.359,0.33,0.348,10805600,3725036.7,EQNL
2010-04-09,0.348,0.358,0.347,0.354,19185200,6773938.9,EQNL
2010-04-12,0.364,0.364,0.349,0.357,9912600,3520385.8,EQNL
2010-04-13,0.354,0.355,0.35,0.354,2871000,1013747.1,EQNL
2010-04-14,0.355,0.359,0.351,0.351,13301700,4721143.1,EQNL
2010-04-15,0.354,0.362,0.351,0.358,78602900,28033197.1,EQNL
2010-04-16,0.354,0.358,0.332,0.333,36526300,12641895.9,EQNL
2010-04-19,0.33,0.34,0.314,0.34,12772800,4136091.3,EQNL
2010-04-20,0.34,0.347,0.333,0.346,15389400,5281684.0,EQNL
2010-04-21,0.348,0.356,0.345,0.353,36675400,12879888.4,EQNL
2010-04-22,0.398,0.398,0.332,0.334,11885300,4059785.0,EQNL
2010-04-23,0.338,0.355,0.338,0.35,33383000,11623195.0,EQNL
2010-04-26,0.352,0.362,0.349,0.355,11433600,4069990.3,EQNL
2010-04-27,0.354,0.357,0.338,0.346,19344300,6719787.5,EQNL
2010-04-28,0.319,0.34,0.319,0.33,14379600,4798578.3,EQNL
2010-04-29,0.332,0.346,0.332,0.343,17368200,5963644.8,EQNL
2010-04-30,0.337,0.346,0.336,0.344,15202600,5205088.4,EQNL
2010-05-04,0.344,0.35,0.331,0.335,21842600,7577638.4,EQNL
2010-05-05,0.335,0.342,0.316,0.329,14680900,4823414.9,EQNL
2010-05-06,0.331,0.346,0.32,0.34,9832100,3319629.8,EQNL
2010-05-07,0.313,0.339,0.311,0.315,4743300,1521877.9,EQNL
2010-05-11,0.321,0.335,0.311,0.322,2370400,762696.3,EQNL
2010-05-12,0.313,0.346,0.312,0.34,16793400,5644474.8,EQNL
2010-05-13,0.345,0.346,0.328,0.331,7410100,2473754.5,EQNL
2010-05-14,0.328,0.33,0.323,0.325,3144200,1023960.8,EQNL
2010-05-17,0.32,0.326,0.315,0.326,5780700,1846754.5,EQNL
2010-05-18,0.326,0.33,0.32,0.33,6364800,2078115.0,EQNL
2010-05-19,0.323,0.324,0.315,0.318,4320400,1371465.0,EQNL
2010-05-20,0.309,0.322,0.3,0.305,6384200,1980996.0,EQNL
2010-05-21,0.295,0.324,0.295,0.314,25552600,7992398.1,EQNL
2010-05-24,0.315,0.321,0.305,0.31,1291100,397769.2,EQNL
2010-05-25,0.303,0.305,0.292,0.292,7819000,2334629.2,EQNL
2010-05-26,0.299,0.309,0.293,0.305,1605000,488303.6,EQNL
2010-05-27,0.305,0.311,0.301,0.311,2261300,692415.4,EQNL
2010-05-28,0.313,0.323,0.31,0.313,2161500,687256.0,EQNL
2010-05-31,0.314,0.323,0.31,0.323,3738000,1193233.4,EQNL
2010-06-01,0.322,0.325,0.309,0.317,1174800,368280.0,EQNL
2010-06-02,0.312,0.322,0.306,0.318,2037500,642016.2,EQNL
2010-06-03,0.323,0.335,0.319,0.327,13624400,4449282.8,EQNL
2010-06-04,0.328,0.334,0.32,0.32,4403700,1440187.7,EQNL
2010-06-07,0.317,0.317,0.304,0.311,3099200,958027.5,EQNL
2010-06-08,0.315,0.317,0.308,0.308,2239900,696553.3,EQNL
2010-06-09,0.312,0.312,0.306,0.309,943200,292060.4,EQNL
2010-06-10,0.311,0.316,0.31,0.315,3865000,1211789.1,EQNL
2010-06-11,0.325,0.325,0.311,0.314,1771700,559719.0,EQNL
2010-06-15,0.312,0.33,0.311,0.322,4408400,1421840.1,EQNL
2010-06-16,0.324,0.34,0.322,0.333,6274900,2078947.6,EQNL
2010-06-17,0.314,0.341,0.314,0.336,5064700,1712635.3,EQNL
2010-06-18,0.337,0.34,0.331,0.339,2066100,696641.7,EQNL
2010-06-21,0.339,0.347,0.336,0.344,10151400,3465675.5,EQNL
2010-06-22,0.339,0.343,0.317,0.324,15041800,4963378.9,EQNL
2010-06-23,0.32,0.34,0.318,0.338,23102500,7603121.2,EQNL
2010-06-24,0.333,0.34,0.328,0.328,6434000,2133888.4,EQNL
2010-06-25,0.327,0.333,0.322,0.33,6592900,2177999.8,EQNL
2010-06-28,0.327,0.34,0.327,0.339,18225800,6111390.0,EQNL
2010-06-29,0.332,0.335,0.325,0.332,9717600,3207824.3,EQNL
2010-06-30,0.321,0.332,0.314,0.331,6663500,2185488.9,EQNL
2010-07-01,0.321,0.321,0.31,0.314,2595800,820535.7,EQNL
2010-07-02,0.311,0.322,0.31,0.316,4036700,1263293.5,EQNL
2010-07-05,0.314,0.321,0.309,0.32,3765300,1189723.8,EQNL
2010-07-06,0.329,0.333,0.321,0.333,3010200,989784.7,EQNL
2010-07-07,0.326,0.327,0.321,0.327,3066500,995261.8,EQNL
2010-07-08,0.331,0.332,0.326,0.331,1763900,583391.5,EQNL
2010-07-09,0.332,0.335,0.328,0.333,742700,247731.0,EQNL
2010-07-12,0.327,0.336,0.327,0.332,3381600,1119228.4,EQNL
2010-07-13,0.33,0.338,0.326,0.337,3472100,1160572.2,EQNL
2010-07-14,0.333,0.34,0.33,0.334,8356600,2821438.8,EQNL
2010-07-15,0.332,0.333,0.328,0.33,2174800,718484.5,EQNL
2010-07-16,0.328,0.34,0.328,0.336,9580400,3251567.8,EQNL
2010-07-19,0.332,0.344,0.332,0.344,5059500,1726587.8,EQNL
2010-07-20,0.344,0.344,0.336,0.34,3594000,1219477.5,EQNL
2010-07-21,0.338,0.344,0.338,0.341,2418500,829874.8,EQNL
2010-07-22,0.336,0.353,0.336,0.35,14989600,5225185.6,EQNL
2010-07-23,0.349,0.36,0.344,0.354,10414800,3694358.8,EQNL
2010-07-26,0.353,0.354,0.34,0.344,2618600,901216.7,EQNL
2010-07-27,0.342,0.344,0.338,0.342,10532200,3580824.1,EQNL
2010-07-28,0.34,0.348,0.31,0.34,36002000,12006545.9,EQNL
2010-07-29,0.34,0.363,0.34,0.351,25506800,8922476.4,EQNL
2010-07-30,0.348,0.35,0.345,0.348,1890900,656911.5,EQNL
2010-08-02,0.345,0.353,0.345,0.35,2894700,1011153.2,EQNL
2010-08-03,0.351,0.356,0.344,0.351,5124800,1796784.9,EQNL
2010-08-04,0.349,0.351,0.344,0.348,4395600,1520316.7,EQNL
2010-08-05,0.347,0.35,0.347,0.347,1240700,431626.1,EQNL
2010-08-06,0.347,0.351,0.344,0.348,3662500,1267985.9,EQNL
2010-08-09,0.356,0.362,0.347,0.357,6298900,2238788.7,EQNL
2010-08-10,0.357,0.36,0.35,0.351,1090400,384813.0,EQNL
2010-08-11,0.376,0.376,0.347,0.35,4180300,1461226.5,EQNL
2010-08-12,0.365,0.365,0.35,0.356,9196900,3251928.9,EQNL
2010-08-13,0.377,0.377,0.358,0.365,19022300,6936044.9,EQNL
2010-08-16,0.384,0.384,0.362,0.375,24985700,9316174.4,EQNL
2010-08-17,0.373,0.378,0.37,0.376,52271100,19553291.0,EQNL
2010-08-18,0.371,0.377,0.37,0.377,2288600,854577.4,EQNL
2010-08-19,0.372,0.388,0.372,0.383,10478900,4001142.4,EQNL
2010-08-20,0.383,0.386,0.374,0.385,4247900,1624072.3,EQNL
2010-08-23,0.381,0.389,0.376,0.383,3795900,1446660.9,EQNL
2010-08-24,0.383,0.388,0.376,0.388,17902600,6915871.4,EQNL
2010-08-25,0.383,0.385,0.369,0.378,15593200,5893496.2,EQNL
2010-08-26,0.376,0.381,0.373,0.38,1966600,745411.4,EQNL
2010-08-27,0.38,0.383,0.37,0.38,4814800,1814991.5,EQNL
2010-08-30,0.377,0.4,0.376,0.389,29983100,11744747.1,EQNL
2010-08-31,0.381,0.383,0.377,0.378,4380600,1662966.9,EQNL
2010-09-01,0.38,0.393,0.377,0.388,49893900,19486424.8,EQNL
2010-09-02,0.397,0.399,0.376,0.377,11238400,4371655.8,EQNL
2010-09-03,0.379,0.379,0.371,0.375,20664800,7780321.6,EQNL
2010-09-06,0.373,0.376,0.365,0.365,6654300,2455558.2,EQNL
2010-09-07,0.361,0.37,0.358,0.359,4266700,1550958.3,EQNL
2010-09-08,0.358,0.369,0.358,0.369,1021100,373479.5,EQNL
2010-09-09,0.365,0.371,0.363,0.368,5613800,2067697.8,EQNL
2010-09-10,0.365,0.371,0.364,0.37,2042400,751181.8,EQNL
2010-09-13,0.372,0.376,0.366,0.375,5265300,1957434.7,EQNL
2010-09-14,0.372,0.376,0.365,0.372,3795400,1401012.6,EQNL
2010-09-15,0.371,0.385,0.365,0.38,8756100,3279924.9,EQNL
2010-09-16,0.379,0.387,0.369,0.377,17203500,6520619.4,EQNL
2010-09-17,0.375,0.381,0.375,0.379,1828300,691821.1,EQNL
2010-09-20,0.376,0.38,0.373,0.375,2719500,1017440.1,EQNL
2010-09-21,0.378,0.378,0.369,0.369,6383700,2375222.8,EQNL
2010-09-22,0.369,0.374,0.365,0.366,11253100,4156980.5,EQNL
2010-09-23,0.368,0.368,0.351,0.358,23561500,8463692.3,EQNL
2010-09-24,0.353,0.363,0.353,0.359,12727600,4527755.1,EQNL
2010-09-27,0.361,0.374,0.354,0.359,5462900,1970161.8,EQNL
2010-09-28,0.358,0.358,0.331,0.345,63787000,21934112.2,EQNL
2010-09-29,0.347,0.348,0.33,0.338,43295700,14606873.7,EQNL
2010-09-30,0.337,0.343,0.331,0.338,24576200,8319598.9,EQNL
2010-10-01,0.339,0.341,0.335,0.335,13885600,4688909.3,EQNL
2010-10-04,0.336,0.345,0.333,0.339,13561300,4625082.8,EQNL
2010-10-05,0.34,0.344,0.338,0.34,4904900,1671004.2,EQNL
2010-10-06,0.34,0.343,0.333,0.334,10365700,3491272.0,EQNL
2010-10-07,0.335,0.338,0.334,0.335,10969200,3685866.0,EQNL
2010-10-08,0.335,0.335,0.327,0.332,12255800,4042497.4,EQNL
2010-10-11,0.332,0.338,0.332,0.335,8553600,2863794.3,EQNL
2010-10-12,0.333,0.338,0.325,0.337,10841700,3595209.5,EQNL
2010-10-13,0.337,0.339,0.33,0.332,14903100,4976890.8,EQNL
2010-10-14,0.333,0.336,0.328,0.329,15247200,5063751.4,EQNL
2010-10-15,0.329,0.335,0.327,0.334,7728200,2568901.3,EQNL
2010-10-18,0.333,0.334,0.33,0.332,7908800,2623752.5,EQNL
2010-10-19,0.331,0.335,0.326,0.33,23098400,7646102.4,EQNL
2010-10-20,0.328,0.344,0.327,0.336,43478400,14542410.0,EQNL
2010-10-21,0.337,0.346,0.337,0.345,18570500,6351357.4,EQNL
2010-10-22,0.347,0.353,0.34,0.34,50687200,17655255.5,EQNL
2010-10-25,0.349,0.359,0.344,0.355,84491700,29505761.1,EQNL
2010-10-26,0.354,0.364,0.347,0.358,117022800,41310488.6,EQNL
2010-10-27,0.36,0.36,0.355,0.359,10722900,3848551.8,EQNL
2010-10-28,0.357,0.359,0.353,0.357,16605200,5924975.5,EQNL
2010-10-29,0.355,0.358,0.354,0.357,8955700,3185832.0,EQNL
2010-11-01,0.356,0.359,0.351,0.355,4669500,1657894.6,EQNL
2010-11-02,0.359,0.359,0.351,0.351,6901000,2434738.2,EQNL
2010-11-03,0.351,0.361,0.347,0.359,15231900,5419890.6,EQNL
2010-11-08,0.359,0.361,0.355,0.356,31854700,11457512.5,EQNL
2010-11-09,0.356,0.363,0.351,0.36,7369500,2634987.3,EQNL
2010-11-10,0.359,0.36,0.352,0.358,3118100,1115568.8,EQNL
2010-11-11,0.358,0.36,0.352,0.36,13513600,4804353.5,EQNL
2010-11-12,0.358,0.361,0.355,0.361,12925300,4644520.0,EQNL
2010-11-13,0.361,0.374,0.361,0.372,40824300,15111774.5,EQNL
2010-11-15,0.364,0.405,0.364,0.403,70537900,27527344.5,EQNL
2010-11-16,0.403,0.403,0.378,0.386,17622500,6773445.4,EQNL
2010-11-17,0.385,0.388,0.372,0.388,8961900,3396860.0,EQNL
2010-11-18,0.388,0.404,0.385,0.404,33108200,13082394.4,EQNL
2010-11-19,0.397,0.404,0.395,0.399,6888100,2749988.5,EQNL
2010-11-22,0.4,0.408,0.394,0.403,38940300,15626234.6,EQNL
2010-11-23,0.4,0.402,0.392,0.398,4130200,1637066.3,EQNL
2010-11-24,0.395,0.4,0.39,0.398,13415100,5316469.8,EQNL
2010-11-25,0.398,0.401,0.394,0.401,15565000,6186809.9,EQNL
2010-11-26,0.4,0.406,0.395,0.401,11797400,4726192.8,EQNL
2010-11-29,0.4,0.411,0.393,0.397,18364300,7382407.7,EQNL
2010-11-30,0.399,0.4,0.39,0.395,8919700,3526520.3,EQNL
2010-12-01,0.394,0.397,0.39,0.394,20546900,8115852.7,EQNL
2010-12-02,0.392,0.397,0.39,0.393,5935200,2328585.6,EQNL
2010-12-03,0.393,0.405,0.392,0.401,47407000,18960406.3,EQNL
2010-12-06,0.399,0.402,0.395,0.399,7228200,2880420.0,EQNL
2010-12-07,0.395,0.4,0.395,0.4,11524500,4595355.3,EQNL
2010-12-08,0.4,0.4,0.393,0.396,12506500,4955530.2,EQNL
2010-12-09,0.395,0.412,0.395,0.396,12889900,5203289.7,EQNL
2010-12-10,0.398,0.403,0.394,0.398,4001000,1595850.3,EQNL
2010-12-13,0.397,0.404,0.397,0.4,7200100,2887023.3,EQNL
2010-12-14,0.399,0.405,0.397,0.405,13123100,5275164.3,EQNL
2010-12-15,0.402,0.403,0.399,0.402,7955100,3189247.7,EQNL
2010-12-16,0.399,0.403,0.397,0.397,7570500,3027160.8,EQNL
2010-12-17,0.397,0.405,0.395,0.4,4114800,1646015.9,EQNL
2010-12-20,0.4,0.403,0.393,0.395,19333200,7690081.1,EQNL
2010-12-21,0.396,0.401,0.393,0.398,22424400,8954078.6,EQNL
2010-12-22,0.397,0.4,0.395,0.395,7170200,2849559.1,EQNL
2010-12-23,0.398,0.4,0.394,0.399,10408100,4143504.3,EQNL
2010-12-24,0.396,0.399,0.393,0.395,7377300,2921565.3,EQNL
2010-12-27,0.397,0.4,0.394,0.395,8426100,3343746.7,EQNL
2010-12-28,0.395,0.398,0.395,0.396,3751400,1488255.8,EQNL
2010-12-29,0.395,0.398,0.393,0.397,6689300,2656997.9,EQNL
2010-12-30,0.396,0.405,0.393,0.405,9521400,3787928.3,EQNL
2011-01-11,0.4,0.404,0.399,0.402,3005400,1209321.6,EQNL
2011-01-12,0.4,0.403,0.399,0.4,3403900,1362424.3,EQNL
2011-01-13,0.399,0.402,0.396,0.402,17127100,6858507.3,EQNL
2011-01-14,0.4,0.402,0.397,0.401,10228600,4092397.7,EQNL
2011-01-17,0.406,0.406,0.398,0.404,11088400,4453448.8,EQNL
2011-01-18,0.404,0.405,0.398,0.401,5362000,2155182.3,EQNL
2011-01-19,0.4,0.405,0.4,0.403,2006500,805960.3,EQNL
2011-01-20,0.4,0.404,0.4,0.401,2702500,1084266.1,EQNL
2011-01-21,0.401,0.403,0.4,0.403,3132400,1257882.1,EQNL
2011-01-24,0.405,0.405,0.4,0.402,7951700,3193827.5,EQNL
2011-01-25,0.4,0.402,0.397,0.397,1364400,544147.6,EQNL
2011-01-26,0.393,0.402,0.393,0.4,1719100,688356.3,EQNL
2011-01-27,0.4,0.402,0.394,0.399,4569200,1822313.5,EQNL
2011-01-28,0.396,0.4,0.388,0.393,4870500,1916804.5,EQNL
2011-01-31,0.389,0.393,0.38,0.385,11795500,4572393.1,EQNL
2011-02-01,0.386,0.391,0.38,0.383,6063100,2332318.8,EQNL
2011-02-02,0.383,0.392,0.383,0.391,4398900,1707598.5,EQNL
2011-02-03,0.389,0.39,0.385,0.385,14532300,5626885.8,EQNL
2011-02-04,0.384,0.39,0.384,0.386,5303000,2047979.2,EQNL
2011-02-07,0.386,0.386,0.381,0.383,3409200,1303080.6,EQNL
2011-02-08,0.384,0.386,0.38,0.381,3832800,1475290.7,EQNL
2011-02-09,0.381,0.39,0.381,0.381,8055200,3096634.7,EQNL
2011-02-10,0.381,0.382,0.374,0.377,2523400,953751.2,EQNL
2011-02-11,0.377,0.383,0.376,0.38,1603800,609200.2,EQNL
2011-02-14,0.381,0.389,0.378,0.382,10738300,4158704.8,EQNL
2011-02-15,0.38,0.386,0.38,0.383,2293700,880582.8,EQNL
2011-02-16,0.384,0.386,0.379,0.383,3249000,1241272.1,EQNL
2011-02-17,0.381,0.386,0.381,0.384,690700,265783.5,EQNL
2011-02-18,0.382,0.385,0.378,0.38,4302700,1640790.9,EQNL
2011-02-21,0.38,0.385,0.373,0.379,7525100,2848466.8,EQNL
2011-02-22,0.379,0.379,0.369,0.375,39975700,15094592.4,EQNL
2011-02-24,0.376,0.376,0.361,0.363,4875600,1795886.7,EQNL
2011-02-25,0.362,0.376,0.362,0.372,5657800,2092813.9,EQNL
2011-02-28,0.371,0.372,0.364,0.371,3542900,1301248.0,EQNL
2011-03-01,0.372,0.372,0.3665,0.3665,1690000,622902.9,EQNL
2011-03-02,0.366,0.367,0.36,0.364,2020000,731871.6,EQNL
2011-03-03,0.361,0.3668,0.36005,0.36005,2720000,983498.1,EQNL
2011-03-04,0.36005,0.361,0.36,0.36001,780000,280957.1,EQNL
2011-03-05,0.36005,0.36689,0.36005,0.36675,210000,76128.0,EQNL
2011-03-09,0.36,0.36698,0.3569,0.36016,1700000,612295.1,EQNL
2011-03-10,0.35651,0.36238,0.355,0.355,1800000,640187.8,EQNL
2011-03-11,0.3501,0.35957,0.34761,0.349,3310000,1161745.7,EQNL
2011-03-14,0.34601,0.34999,0.34,0.343,2470000,847679.1,EQNL
2011-03-15,0.33829,0.33829,0.3033,0.31999,5160000,1672748.1,EQNL
2011-03-16,0.32532,0.345,0.325,0.345,17160000,5827531.9,EQNL
2011-03-17,0.35,0.35,0.33255,0.33558,2570000,862463.7,EQNL
2011-03-18,0.34997,0.35,0.33502,0.35,5470000,1873466.2,EQNL
2011-03-21,0.33555,0.361,0.321,0.35499,12490000,4337530.1,EQNL
2011-03-22,0.35002,0.35899,0.34728,0.35,3410000,1190545.5,EQNL
2011-03-23,0.35,0.36,0.34751,0.34751,900000,318651.6,EQNL
2011-03-24,0.34727,0.35598,0.33814,0.35598,8350000,2919720.7,EQNL
2011-03-25,0.35593,0.35593,0.35001,0.3555,1630000,574509.3,EQNL
2011-03-28,0.35551,0.374,0.3555,0.36201,5650000,2076201.7,EQNL
2011-03-29,0.367,0.367,0.35234,0.354,3060000,1108141.1,EQNL
2011-03-30,0.35,0.35001,0.345,0.349,4660000,1621720.7,EQNL
2011-03-31,0.35364,0.35427,0.3437,0.34805,4250000,1487715.2,EQNL
2011-04-01,0.34511,0.375,0.344,0.366,8770000,3142641.5,EQNL
2011-04-04,0.35835,0.36564,0.35834,0.359,19480000,7018960.9,EQNL
2011-04-05,0.359,0.359,0.35021,0.35021,720000,255939.4,EQNL
2011-04-06,0.353,0.35459,0.341,0.34996,2980000,1045162.9,EQNL
2011-04-07,0.3505,0.3505,0.335,0.33703,9000000,3037693.3,EQNL
2011-04-08,0.34599,0.34599,0.3341,0.34393,3540000,1192987.2,EQNL
2011-04-11,0.34335,0.34335,0.33424,0.33997,4170000,1401486.2,EQNL
2011-04-12,0.33421,0.33496,0.33,0.33015,1770000,584572.5,EQNL
2011-04-13,0.32905,0.32905,0.324,0.3269,1120000,367116.3,EQNL
2011-04-14,0.325,0.32944,0.31702,0.3246,20680000,6632096.8,EQNL
2011-04-15,0.325,0.33,0.31901,0.32344,13480000,4360026.6,EQNL
2011-04-18,0.32597,0.34,0.31131,0.31888,5040000,1626845.5,EQNL
2011-04-19,0.31889,0.32092,0.311,0.311,2130000,664937.7,EQNL
2011-04-20,0.31999,0.31999,0.31,0.31235,1340000,422729.2,EQNL
2011-04-21,0.32487,0.32487,0.3135,0.315,3210000,1008883.4,EQNL
2011-04-22,0.3174,0.31809,0.31,0.31301,450000,141029.5,EQNL
2011-04-25,0.31999,0.31999,0.31001,0.315,1560000,491538.8,EQNL
2011-04-26,0.315,0.315,0.31028,0.31101,1290000,403186.8,EQNL
2011-04-27,0.31,0.31,0.29999,0.30788,3970000,1206525.2,EQNL
2011-04-28,0.315,0.325,0.2981,0.30236,16230000,5186297.5,EQNL
2011-04-29,0.302,0.316,0.29801,0.316,1770000,539084.8,EQNL
2011-05-03,0.29802,0.31744,0.29802,0.30002,1530000,467559.8,EQNL
2011-05-04,0.305,0.305,0.28161,0.28161,1190000,355470.2,EQNL
2011-05-05,0.303,0.303,0.267,0.27726,2840000,798412.5,EQNL
2011-05-06,0.283,0.28999,0.27503,0.28484,3660000,1036902.7,EQNL
2011-05-10,0.28994,0.295,0.28306,0.28499,1840000,530045.1,EQNL
2011-05-11,0.2865,0.2865,0.28231,0.28231,1920000,545212.0,EQNL
2011-05-12,0.285,0.285,0.26752,0.2813,2660000,748606.0,EQNL
2011-05-13,0.27806,0.284,0.27806,0.28159,320000,89904.2,EQNL
2011-05-16,0.27218,0.28247,0.27218,0.28,370000,103382.9,EQNL
2011-05-17,0.28,0.28244,0.26853,0.28099,870000,242501.4,EQNL
2011-05-18,0.28244,0.283,0.27671,0.27997,1240000,346668.6,EQNL
2011-05-19,0.28549,0.28549,0.27753,0.28005,200000,55918.1,EQNL
2011-05-20,0.28099,0.28164,0.27796,0.28076,810000,227047.8,EQNL
2011-05-23,0.27753,0.28,0.26793,0.28,4240000,1161275.4,EQNL
2011-05-24,0.2725,0.28,0.27,0.27811,2200000,603770.2,EQNL
2011-05-25,0.27401,0.28,0.27401,0.28,540000,150692.3,EQNL
2011-05-26,0.27591,0.28359,0.2711,0.27202,640000,175685.2,EQNL
2011-05-27,0.27111,0.28296,0.27111,0.2743,1330000,364791.5,EQNL
2011-05-30,0.2761,0.277,0.272,0.27231,860000,235129.2,EQNL
2011-05-31,0.275,0.277,0.273,0.273,1810000,498675.2,EQNL
2011-06-01,0.27697,0.277,0.27201,0.27201,1780000,489681.6,EQNL
2011-06-02,0.273,0.27398,0.26099,0.27,2150000,580221.1,EQNL
2011-06-03,0.27298,0.27298,0.26802,0.26805,460000,124244.1,EQNL
2011-06-06,0.268,0.27,0.268,0.27,500000,134840.1,EQNL
2011-06-07,0.27,0.273,0.27,0.273,480000,130389.1,EQNL
2011-06-08,0.26975,0.279,0.26935,0.279,310000,85171.8,EQNL
2011-06-09,0.27501,0.281,0.27201,0.28,7130000,1996155.4,EQNL
2011-06-10,0.27876,0.279,0.275,0.279,850000,236009.2,EQNL
2011-06-14,0.27659,0.27949,0.27659,0.2777,640000,177778.5,EQNL
2011-06-15,0.27767,0.2785,0.27445,0.27473,3580000,988145.1,EQNL
2011-06-16,0.274,0.274,0.268,0.27398,1850000,503238.4,EQNL
2011-06-17,0.27338,0.27398,0.26917,0.272,1340000,364926.1,EQNL
2011-06-20,0.27232,0.27232,0.269,0.27065,670000,181247.6,EQNL
2011-06-21,0.26916,0.27126,0.26916,0.26971,430000,116117.1,EQNL
2011-06-22,0.27126,0.27443,0.271,0.27443,200000,54512.1,EQNL
2011-06-23,0.27232,0.27232,0.26916,0.26916,640000,173158.7,EQNL
2011-06-24,0.26917,0.27171,0.26866,0.26866,3180000,856285.8,EQNL
2011-06-27,0.27021,0.27021,0.26603,0.26908,290000,77619.9,EQNL
2011-06-28,0.26702,0.268,0.26702,0.26702,300000,80116.7,EQNL
2011-06-29,0.268,0.274,0.26705,0.27,710000,192401.7,EQNL
2011-06-30,0.27,0.27,0.26,0.2617,6570000,1732436.1,EQNL
2011-07-01,0.26121,0.269,0.26112,0.269,870000,230075.5,EQNL
2011-07-04,0.2645,0.268,0.264,0.2656,1820000,484626.6,EQNL
2011-07-05,0.265,0.27516,0.26418,0.2714,2570000,696458.6,EQNL
2011-07-06,0.27232,0.27767,0.269,0.27659,11730000,3199944.9,EQNL
2011-07-07,0.27767,0.298,0.27767,0.295,18610000,5314477.0,EQNL
2011-07-08,0.299,0.315,0.29381,0.30202,16460000,4947789.9,EQNL
2011-07-11,0.3,0.319,0.293,0.31,3930000,1190038.6,EQNL
2011-07-12,0.309,0.309,0.29951,0.30215,3700000,1124017.1,EQNL
2011-07-13,0.30498,0.30498,0.294,0.3,2560000,759922.7,EQNL
2011-07-14,0.3,0.3,0.29,0.29798,740000,218196.7,EQNL
2011-07-15,0.295,0.321,0.28999,0.31,6460000,1973106.6,EQNL
2011-07-18,0.30905,0.31298,0.30904,0.3095,2560000,792938.8,EQNL
2011-07-19,0.30975,0.31127,0.3085,0.30998,1110000,343277.2,EQNL
2011-07-20,0.31,0.3148,0.30504,0.30877,2440000,756168.7,EQNL
2011-07-21,0.31184,0.31184,0.306,0.308,1790000,549354.5,EQNL
2011-07-22,0.30514,0.32,0.3041,0.32,4710000,1455545.5,EQNL
2011-07-25,0.32,0.32,0.30701,0.31402,2220000,694604.7,EQNL
2011-07-26,0.31184,0.31184,0.30704,0.30801,1000000,309400.9,EQNL
2011-07-27,0.307,0.31181,0.30507,0.30601,1820000,558848.9,EQNL
2011-07-28,0.30506,0.308,0.30506,0.3051,610000,186590.1,EQNL
2011-07-29,0.30503,0.30746,0.297,0.30197,1580000,476557.3,EQNL
2011-08-01,0.30799,0.3081,0.30152,0.302,2110000,642999.4,EQNL
2011-08-02,0.30061,0.30249,0.30002,0.30248,350000,105324.9,EQNL
2011-08-03,0.297,0.30273,0.29599,0.29804,1040000,310438.1,EQNL
2011-08-04,0.3,0.3,0.28452,0.28962,1770000,515263.0,EQNL
2011-08-05,0.28423,0.28495,0.27849,0.27849,2390000,669392.4,EQNL
2011-08-08,0.28486,0.28486,0.241,0.25998,4080000,1059685.8,EQNL
2011-08-09,0.25899,0.26,0.24216,0.2544,6710000,1689292.4,EQNL
2011-08-10,0.262,0.2727,0.25,0.25,2260000,588269.3,EQNL
2011-08-11,0.25002,0.25837,0.2203,0.24683,11310000,2829921.2,EQNL
2011-08-12,0.25,0.25199,0.225,0.25186,10190000,2530059.4,EQNL
2011-08-15,0.259,0.269,0.255,0.2636,6120000,1610984.1,EQNL
2011-08-16,0.26399,0.268,0.25602,0.268,3190000,844667.2,EQNL
2011-08-17,0.268,0.27489,0.26107,0.267,3460000,931798.1,EQNL
2011-08-18,0.264,0.272,0.26,0.26,1800000,476113.6,EQNL
2011-08-19,0.259,0.26,0.253,0.26,830000,212873.2,EQNL
2011-08-22,0.254,0.273,0.254,0.26012,140000,36601.3,EQNL
2011-08-23,0.26099,0.269,0.26,0.26153,840000,220703.9,EQNL
2011-08-24,0.26101,0.26697,0.26052,0.26052,190000,50234.7,EQNL
2011-08-25,0.26692,0.271,0.25902,0.271,780000,206834.3,EQNL
2011-08-26,0.26501,0.26501,0.26001,0.26002,850000,221741.8,EQNL
2011-08-29,0.26,0.26,0.259,0.26,370000,96172.3,EQNL
2011-08-30,0.26361,0.28,0.259,0.28,2830000,752272.2,EQNL
2011-08-31,0.27401,0.2899,0.26919,0.2899,6720000,1862567.9,EQNL
2011-09-01,0.29,0.29,0.269,0.278,3320000,913704.6,EQNL
2011-09-02,0.275,0.278,0.26232,0.26948,1670000,453679.5,EQNL
2011-09-05,0.269,0.269,0.26305,0.26401,610000,161539.4,EQNL
2011-09-06,0.264,0.27079,0.2635,0.26603,2310000,617629.0,EQNL
2011-09-07,0.26707,0.271,0.26656,0.268,2220000,597138.8,EQNL
2011-09-08,0.26811,0.306,0.267,0.3,23560000,6637733.4,EQNL
2011-09-09,0.294,0.29498,0.288,0.288,730000,212449.7,EQNL
2011-09-12,0.28701,0.28701,0.277,0.28028,1010000,285953.4,EQNL
2011-09-13,0.28313,0.29,0.27601,0.29,1570000,443362.3,EQNL
2011-09-14,0.28423,0.28423,0.28,0.28311,280000,78725.1,EQNL
2011-09-15,0.28313,0.28899,0.28206,0.28846,1390000,394500.5,EQNL
2011-09-16,0.28887,0.28887,0.28423,0.28532,360000,103121.9,EQNL
2011-09-19,0.28534,0.291,0.25002,0.275,1690000,455394.7,EQNL
2011-09-20,0.27446,0.287,0.27446,0.27984,3510000,980579.5,EQNL
2011-09-21,0.28093,0.29269,0.28093,0.29,3700000,1061772.6,EQNL
2011-09-22,0.29,0.293,0.26822,0.27445,2400000,669393.8,EQNL
2011-09-23,0.27338,0.27375,0.24502,0.26,2130000,557352.3,EQNL
2011-09-26,0.25989,0.28,0.24007,0.27021,3700000,984771.8,EQNL
2011-09-27,0.27,0.275,0.27,0.27253,330000,89959.1,EQNL
2011-09-28,0.26901,0.28,0.269,0.275,1180000,325310.5,EQNL
2011-09-29,0.27699,0.289,0.262,0.289,3750000,1012903.2,EQNL
2011-09-30,0.27873,0.296,0.2751,0.2751,920000,257479.1,EQNL
2011-10-03,0.275,0.28,0.265,0.2735,2370000,653952.4,EQNL
2011-10-04,0.274,0.27547,0.258,0.258,2490000,679624.4,EQNL
2011-10-05,0.26499,0.275,0.258,0.26003,9330000,2437103.9,EQNL
2011-10-06,0.25713,0.26999,0.25713,0.265,710000,187941.1,EQNL
2011-10-07,0.26,0.26531,0.26,0.26508,380000,100557.3,EQNL
2011-10-10,0.2643,0.268,0.26001,0.268,300000,79028.2,EQNL
2011-10-11,0.26797,0.26798,0.26318,0.26697,830000,220718.0,EQNL
2011-10-12,0.26898,0.27,0.26448,0.2655,460000,123039.1,EQNL
2011-10-13,0.26496,0.2651,0.26496,0.2651,20000,5300.6,EQNL
2011-10-14,0.26501,0.272,0.26501,0.272,1680000,450693.4,EQNL
2011-10-17,0.273,0.27405,0.26825,0.26826,340000,92431.8,EQNL
2011-10-18,0.268,0.27289,0.268,0.27,50000,13477.3,EQNL
2011-10-19,0.27399,0.28318,0.27044,0.27767,1160000,321908.7,EQNL
2011-10-20,0.27876,0.285,0.27,0.276,360000,98957.9,EQNL
2011-10-21,0.27001,0.28,0.27001,0.28,370000,102306.9,EQNL
2011-10-24,0.28093,0.281,0.267,0.267,1440000,395601.1,EQNL
2011-10-25,0.26601,0.27,0.266,0.26611,1310000,353051.6,EQNL
2011-10-26,0.26594,0.27,0.26594,0.2683,1270000,342586.2,EQNL
2011-10-27,0.27021,0.285,0.26916,0.275,14360000,3936015.5,EQNL
2011-10-28,0.27401,0.27479,0.27401,0.27476,120000,32957.6,EQNL
2011-10-31,0.27412,0.27412,0.27411,0.27411,100000,27411.1,EQNL
2011-11-01,0.27426,0.27426,0.273,0.27398,590000,161738.7,EQNL
2011-11-02,0.27302,0.27393,0.27302,0.27393,600000,163838.6,EQNL
2011-11-03,0.27201,0.278,0.263,0.271,5540000,1523395.8,EQNL
2011-11-07,0.27007,0.2825,0.26848,0.2825,4270000,1189479.2,EQNL
2011-11-08,0.27625,0.28313,0.271,0.27876,10830000,3030435.2,EQNL
2011-11-09,0.27776,0.27776,0.27446,0.27553,1210000,333168.7,EQNL
2011-11-10,0.27526,0.27526,0.274,0.27405,100000,27420.7,EQNL
2011-11-11,0.27338,0.27998,0.271,0.27337,3650000,1004071.8,EQNL
2011-11-14,0.27338,0.27989,0.27233,0.27659,1240000,341733.7,EQNL
2011-11-15,0.27552,0.27552,0.273,0.27445,640000,175650.1,EQNL
2011-11-16,0.27401,0.27401,0.272,0.272,910000,249248.1,EQNL
2011-11-17,0.27101,0.27105,0.266,0.27,910000,245564.2,EQNL
2011-11-18,0.26899,0.26975,0.2661,0.2661,1150000,306852.7,EQNL
2011-11-21,0.26541,0.275,0.26099,0.267,5860000,1591306.1,EQNL
2011-11-22,0.26601,0.267,0.265,0.26552,620000,165193.6,EQNL
2011-11-23,0.264,0.27,0.26201,0.27,480000,127456.1,EQNL
2011-11-24,0.26435,0.274,0.2641,0.26802,250000,67124.6,EQNL
2011-11-25,0.26826,0.27499,0.268,0.27027,1400000,382074.4,EQNL
2011-11-28,0.26502,0.27995,0.264,0.27876,10190000,2829480.1,EQNL
2011-11-29,0.27767,0.27767,0.27501,0.27501,50000,13793.3,EQNL
2011-11-30,0.27556,0.27556,0.26125,0.27103,660000,178646.2,EQNL
2011-12-01,0.27449,0.2745,0.265,0.26651,2060000,552800.7,EQNL
2011-12-02,0.27166,0.27166,0.26715,0.26752,390000,104673.4,EQNL
2011-12-05,0.26895,0.26916,0.26895,0.269,790000,212512.0,EQNL
2011-12-06,0.26815,0.2765,0.26815,0.27232,1820000,499605.4,EQNL
2011-12-07,0.27126,0.27126,0.27,0.27,120000,32412.6,EQNL
2011-12-08,0.27084,0.27084,0.25901,0.25901,1710000,460141.1,EQNL
2011-12-09,0.26908,0.26908,0.24398,0.24399,3040000,764667.8,EQNL
2011-12-12,0.24916,0.25013,0.24916,0.25,1140000,284996.6,EQNL
2011-12-13,0.2425,0.25,0.24012,0.25,3670000,889876.8,EQNL
2011-12-14,0.23333,0.25448,0.23333,0.24993,1680000,413475.3,EQNL
2011-12-15,0.24758,0.2579,0.24758,0.253,1140000,286470.5,EQNL
2011-12-16,0.25001,0.25448,0.24702,0.24705,540000,135082.8,EQNL
2011-12-19,0.247,0.247,0.243,0.243,1080000,264141.4,EQNL
2011-12-20,0.25906,0.25906,0.22522,0.23253,1450000,349241.2,EQNL
2011-12-21,0.23402,0.23402,0.231,0.232,920000,213935.8,EQNL
2011-12-22,0.23101,0.23101,0.2223,0.2223,1370000,307100.2,EQNL
2011-12-23,0.22304,0.229,0.217,0.217,10000000,2253692.6,EQNL
2011-12-26,0.2185,0.21901,0.2185,0.219,260000,56936.5,EQNL
2011-12-27,0.217,0.217,0.21,0.21251,300000,63619.7,EQNL
2011-12-28,0.21205,0.21205,0.20001,0.206,4930000,1021254.4,EQNL
2011-12-29,0.20002,0.205,0.195,0.19503,890000,179155.2,EQNL
2011-12-30,0.20499,0.209,0.19101,0.209,5040000,997660.8,EQNL
2012-01-03,0.20402,0.2225,0.2,0.2225,6710000,1443983.6,EQNL
2012-01-04,0.21601,0.24,0.215,0.22601,4810000,1093989.2,EQNL
2012-01-05,0.22997,0.24,0.22997,0.23002,3240000,769034.7,EQNL
2012-01-06,0.22726,0.253,0.22,0.23602,10090000,2459860.3,EQNL
2012-01-09,0.23999,0.244,0.23999,0.244,140000,33879.5,EQNL
2012-01-10,0.23628,0.245,0.236,0.23702,200000,48213.1,EQNL
2012-01-11,0.23601,0.23601,0.23211,0.23211,980000,229652.5,EQNL
2012-01-12,0.23749,0.23749,0.233,0.233,1220000,284892.2,EQNL
2012-01-13,0.23487,0.23487,0.225,0.23,13980000,3214926.7,EQNL
2012-01-16,0.23,0.23,0.22302,0.23,5220000,1198811.1,EQNL
2012-01-17,0.23,0.23,0.224,0.224,1540000,351982.2,EQNL
2012-01-18,0.22462,0.225,0.22462,0.225,40000,8994.4,EQNL
2012-01-19,0.22499,0.226,0.22499,0.22517,1320000,297298.8,EQNL
2012-01-20,0.224,0.224,0.21511,0.21868,1160000,254306.4,EQNL
2012-01-23,0.222,0.222,0.21705,0.219,3670000,801112.9,EQNL
2012-01-24,0.22199,0.222,0.21604,0.22194,3110000,686622.4,EQNL
2012-01-25,0.221,0.223,0.221,0.22116,110000,24364.8,EQNL
2012-01-26,0.224,0.2261,0.22097,0.221,930000,205891.6,EQNL
2012-01-27,0.22,0.221,0.2199,0.22001,790000,173794.1,EQNL
2012-01-30,0.22027,0.22027,0.219,0.219,2710000,596753.6,EQNL
2012-01-31,0.21951,0.21985,0.2181,0.2181,3560000,778170.3,EQNL
2012-02-01,0.218,0.224,0.218,0.22398,3050000,672479.5,EQNL
2012-02-02,0.225,0.225,0.22021,0.2229,1130000,250419.0,EQNL
2012-02-03,0.2233,0.2275,0.22225,0.2275,9550000,2157703.9,EQNL
2012-02-06,0.22613,0.23,0.222,0.22498,6000000,1348629.1,EQNL
2012-02-07,0.22351,0.225,0.22177,0.22205,1510000,335824.6,EQNL
2012-02-08,0.221,0.2225,0.22,0.22003,630000,139482.9,EQNL
2012-02-09,0.21995,0.22364,0.21995,0.22185,530000,117371.1,EQNL
2012-02-10,0.21931,0.221,0.21931,0.22001,470000,103343.9,EQNL
2012-02-13,0.22241,0.22241,0.21855,0.21916,3180000,697502.5,EQNL
2012-02-14,0.219,0.219,0.20983,0.21101,6540000,1406074.6,EQNL
2012-02-15,0.216,0.21687,0.2075,0.21101,3070000,645659.9,EQNL
2012-02-16,0.20814,0.20859,0.20309,0.20674,1700000,351923.2,EQNL
2012-02-17,0.20702,0.20702,0.204,0.20405,4220000,863544.8,EQNL
2012-02-20,0.204,0.209,0.202,0.20365,4420000,901115.2,EQNL
2012-02-21,0.20201,0.20319,0.20019,0.20248,1990000,402266.0,EQNL
2012-02-22,0.20499,0.205,0.1995,0.2015,80820000,16304839.2,EQNL
2012-02-24,0.2,0.205,0.198,0.20155,1770000,357397.0,EQNL
2012-02-27,0.20102,0.20102,0.1977,0.198,1740000,346540.6,EQNL
2012-02-28,0.1976,0.1976,0.19,0.19116,4000000,773188.7,EQNL
2012-02-29,0.18901,0.18901,0.18,0.184,12340000,2254845.5,EQNL
2012-03-01,0.18399,0.185,0.1799,0.18234,22220000,4007278.4,EQNL
2012-03-02,0.18234,0.21001,0.18,0.19801,140390000,26040589.0,EQNL
2012-03-05,0.1949,0.20149,0.19,0.197,45510000,8991614.0,EQNL
2012-03-06,0.1916,0.20499,0.18498,0.2013,15720000,3042907.9,EQNL
2012-03-07,0.19555,0.197,0.19361,0.195,140000,27350.2,EQNL
2012-03-11,0.19085,0.205,0.1866,0.2,25850000,5219053.2,EQNL
2012-03-12,0.19637,0.2035,0.1922,0.201,23300000,4670003.7,EQNL
2012-03-13,0.19429,0.2025,0.19111,0.198,35770000,7137136.2,EQNL
2012-03-14,0.198,0.198,0.19351,0.19351,3710000,725852.6,EQNL
2012-03-15,0.193,0.193,0.187,0.18881,1870000,353874.6,EQNL
2012-03-16,0.18799,0.19999,0.186,0.19999,31060000,6158278.3,EQNL
2012-03-19,0.1975,0.1975,0.18557,0.19,3300000,623565.0,EQNL
2012-03-20,0.18896,0.18896,0.185,0.18651,8210000,1532936.7,EQNL
2012-03-21,0.1874,0.1884,0.1865,0.1884,5750000,1080713.7,EQNL
2012-03-22,0.18742,0.18742,0.18524,0.18642,5010000,932091.4,EQNL
2012-03-23,0.18667,0.195,0.18005,0.19184,11360000,2099111.8,EQNL
2012-03-26,0.19259,0.2,0.19,0.2,21200000,4172015.8,EQNL
2012-03-27,0.19999,0.201,0.1905,0.19184,6900000,1325766.8,EQNL
2012-03-28,0.19109,0.1949,0.18503,0.19,16050000,3037703.5,EQNL
2012-03-29,0.19,0.19259,0.19,0.19002,2010000,383209.9,EQNL
2012-03-30,0.18978,0.2,0.18978,0.2,31020000,6111716.2,EQNL
2012-04-02,0.197,0.197,0.1935,0.19351,2160000,419782.4,EQNL
2012-04-03,0.19184,0.19399,0.19004,0.19306,1240000,239187.2,EQNL
2012-04-04,0.19184,0.19596,0.19,0.193,8070000,1551895.4,EQNL
2012-04-05,0.19184,0.201,0.19,0.2,1080670000,216562658.2,EQNL
2012-04-06,0.202,0.202,0.1975,0.19762,17140000,3432261.8,EQNL
2012-04-09,0.19571,0.19571,0.19,0.19105,3800000,726690.7,EQNL
2012-04-10,0.19101,0.19485,0.1905,0.19223,3890000,748652.8,EQNL
2012-04-11,0.192,0.1922,0.19,0.192,2780000,530356.3,EQNL
2012-04-12,0.19037,0.19401,0.19003,0.194,16600000,3200654.7,EQNL
2012-04-13,0.19995,0.2,0.19151,0.19151,22410000,4474961.8,EQNL
2012-04-16,0.19101,0.2015,0.19101,0.2,7880000,1585768.7,EQNL
2012-04-17,0.20297,0.2035,0.194,0.19415,1060000,208664.3,EQNL
2012-04-18,0.1942,0.1942,0.19251,0.19258,1590000,306841.9,EQNL
2012-04-19,0.19211,0.19498,0.19211,0.19498,21350000,4160149.4,EQNL
2012-04-20,0.19281,0.19365,0.19021,0.1915,1300000,249504.4,EQNL
2012-04-23,0.2,0.2,0.19,0.19076,3330000,635927.2,EQNL
2012-04-24,0.19899,0.2001,0.19087,0.1923,2530000,491843.8,EQNL
2012-04-25,0.1917,0.192,0.19,0.19,2430000,462544.9,EQNL
2012-04-26,0.19077,0.19198,0.188,0.18997,590000,111849.4,EQNL
2012-04-27,0.19345,0.19345,0.18639,0.18675,1050000,197260.2,EQNL
2012-04-28,0.18501,0.2,0.18112,0.2,30160000,5770851.5,EQNL
2012-05-02,0.18485,0.18899,0.1822,0.18382,15260000,2810623.6,EQNL
2012-05-03,0.18151,0.18151,0.1739,0.17807,5770000,1028773.1,EQNL
2012-05-04,0.171,0.17941,0.16201,0.16312,4070000,688966.8,EQNL
2012-05-05,0.1626,0.17238,0.1626,0.17099,70000,11614.6,EQNL
2012-05-07,0.15863,0.16499,0.1585,0.16499,100000,15920.0,EQNL
2012-05-10,0.1708,0.1708,0.16506,0.16511,60000,10000.8,EQNL
2012-05-11,0.16508,0.16699,0.1502,0.157,2390000,385117.5,EQNL
2012-05-12,0.159,0.159,0.14999,0.15795,3710000,561119.3,EQNL
2012-05-14,0.1495,0.15766,0.14511,0.14511,1900000,282139.0,EQNL
2012-05-15,0.14012,0.145,0.14005,0.14488,980000,140209.3,EQNL
2012-05-16,0.14001,0.14614,0.13751,0.13921,590000,82671.4,EQNL
2012-05-17,0.13802,0.1425,0.1375,0.1425,320000,44081.0,EQNL
2012-05-18,0.13776,0.1416,0.13103,0.1414,1390000,191548.6,EQNL
2012-05-21,0.15299,0.15299,0.13901,0.13979,1010000,143726.2,EQNL
2012-05-22,0.13915,0.1456,0.137,0.14032,770000,108982.5,EQNL
2012-05-23,0.14006,0.141,0.135,0.135,3450000,477943.0,EQNL
2012-05-24,0.13051,0.138,0.1305,0.13557,2930000,391250.6,EQNL
2012-05-25,0.1322,0.137,0.132,0.13504,250000,33755.4,EQNL
2012-05-28,0.13204,0.13501,0.13204,0.13271,330000,44415.5,EQNL
2012-05-29,0.13204,0.1355,0.132,0.13399,1150000,152693.2,EQNL
2012-05-30,0.13103,0.132,0.13053,0.13165,190000,24859.2,EQNL
2012-05-31,0.13051,0.13145,0.12501,0.12739,5430000,689780.4,EQNL
2012-06-01,0.12639,0.12639,0.1234,0.124,1910000,238321.8,EQNL
2012-06-04,0.12308,0.1299,0.12092,0.124,2070000,256362.5,EQNL
2012-06-05,0.1245,0.12467,0.12303,0.12311,370000,45813.4,EQNL
2012-06-06,0.132,0.132,0.121,0.127,1440000,181520.4,EQNL
2012-06-07,0.135,0.15979,0.13407,0.13798,2890000,395029.4,EQNL
2012-06-08,0.13004,0.1366,0.13,0.1366,430000,57255.5,EQNL
2012-06-09,0.13318,0.13318,0.12938,0.13,1780000,231503.5,EQNL
2012-06-13,0.13,0.13298,0.12984,0.12987,1760000,228803.6,EQNL
2012-06-14,0.13549,0.13549,0.13001,0.1342,780000,104542.8,EQNL
2012-06-15,0.12925,0.135,0.12617,0.135,950000,124931.1,EQNL
2012-06-18,0.12321,0.13549,0.12321,0.13549,270000,35782.3,EQNL
2012-06-19,0.12513,0.12976,0.123,0.12976,1290000,160772.9,EQNL
2012-06-20,0.12751,0.12984,0.1265,0.12978,590000,75445.7,EQNL
2012-06-21,0.12877,0.12965,0.12614,0.12965,220000,28229.0,EQNL
2012-06-22,0.12934,0.12934,0.1293,0.12931,120000,15518.2,EQNL
2012-06-25,0.12777,0.12928,0.12777,0.12845,890000,115006.5,EQNL
2012-06-26,0.12998,0.13124,0.12864,0.13121,550000,71356.9,EQNL
2012-06-27,0.12311,0.13443,0.12311,0.1285,230000,29250.6,EQNL
2012-06-28,0.12332,0.12677,0.12332,0.12677,270000,33994.7,EQNL
2012-06-29,0.12958,0.1311,0.12527,0.1311,890000,115130.9,EQNL
2012-07-02,0.1284,0.1284,0.12357,0.126,690000,86497.8,EQNL
2012-07-03,0.12527,0.12944,0.12522,0.12788,330000,41433.4,EQNL
2012-07-04,0.12877,0.12997,0.12807,0.12997,150000,19441.3,EQNL
2012-07-05,0.12999,0.13,0.1243,0.125,1360000,176583.5,EQNE
2012-07-06,0.12998,0.131,0.1255,0.1255,320000,41654.5,EQNE
2012-07-09,0.11001,0.11526,0.11001,0.11526,2611,297.57,SMAL
2012-07-10,0.12577,0.13077,0.125,0.13077,230000,28873.1,EQNE
2012-07-11,0.1257,0.13,0.125,0.13,470000,58956.9,EQNE
2012-07-12,0.12507,0.1308,0.125,0.13,8250000,1073422.6,EQNE
2012-07-13,0.12333,0.1275,0.1233,0.125,5890000,734805.0,EQNE
2012-07-16,0.1277,0.1277,0.1253,0.1255,160000,20268.0,EQNE
2012-07-17,0.1255,0.1293,0.12501,0.1293,290000,36644.1,EQNE
2012-07-18,0.127,0.13,0.1265,0.13,2710000,347748.5,EQNE
2012-07-19,0.13,0.1305,0.13,0.1305,1870000,243175.0,EQNE
2012-07-20,0.13296,0.133,0.129,0.129,340000,44811.7,EQNE
2012-07-23,0.129,0.129,0.129,0.129,500000,64500.0,EQNE
2012-07-24,0.129,0.13,0.129,0.13,5400000,696890.0,EQNE
2012-07-25,0.129,0.135,0.129,0.135,2550000,341530.6,EQNE
2012-07-26,0.12902,0.1295,0.129,0.1295,140000,18110.4,EQNE
2012-07-27,0.12906,0.134,0.12905,0.134,380000,50287.1,EQNE
2012-07-30,0.13804,0.14,0.1304,0.1304,900000,125064.2,EQNE
2012-07-31,0.132,0.135,0.132,0.135,1070000,144269.7,EQNE
2012-08-01,0.135,0.13501,0.135,0.13501,20000,2700.1,EQNE
2012-08-02,0.13002,0.13002,0.13,0.13,530000,68900.5,EQNE
2012-08-03,0.13898,0.13898,0.13007,0.135,350000,46698.8,EQNE
2012-08-06,0.135,0.13501,0.135,0.135,80000,10800.4,EQNE
2012-08-07,0.12018,0.13988,0.12018,0.13701,270000,36961.3,EQNE
2012-08-08,0.138,0.138,0.1303,0.135,970000,130198.6,EQNE
2012-08-09,0.13695,0.1423,0.13695,0.14,1230000,172181.7,EQNE
2012-08-10,0.14,0.1434,0.14,0.14,130000,18234.9,EQNE
2012-08-13,0.14482,0.16,0.1405,0.1451,1070000,159623.0,EQNE
2012-08-14,0.149,0.15,0.145,0.145,4500000,667824.4,EQNE
2012-08-15,0.14506,0.14506,0.142,0.14399,5280000,765473.0,EQNE
2012-08-16,0.14725,0.14725,0.14,0.14,7220000,1046533.4,EQNE
2012-08-17,0.136,0.15549,0.13002,0.15,2290000,319439.6,EQNE
2012-08-20,0.14445,0.14445,0.14,0.14001,140000,19689.1,EQNE
2012-08-21,0.14,0.14,0.13649,0.13649,70000,9589.4,EQNE
2012-08-22,0.13506,0.13999,0.13501,0.13999,90000,12241.8,EQNE
2012-08-23,0.15308,0.15308,0.14,0.14497,940000,135123.7,EQNE
2012-08-24,0.13751,0.14,0.1375,0.14,400000,55549.5,EQNE
2012-08-27,0.13533,0.14,0.13533,0.14,100000,13823.2,EQNE
2012-08-28,0.13536,0.14,0.13536,0.13603,200000,27449.3,EQNE
2012-08-29,0.13506,0.13776,0.13002,0.13496,1440000,190134.5,EQNE
2012-08-30,0.131,0.131,0.13,0.1301,230000,29928.1,EQNE
2012-08-31,0.12605,0.12997,0.126,0.12604,180000,22883.9,EQNE
2012-09-03,0.12609,0.12609,0.12609,0.12609,30000,3782.7,EQNE
2012-09-04,0.12607,0.12607,0.12607,0.12607,110000,13867.7,EQNE
2012-09-05,0.12607,0.12875,0.12607,0.12651,150000,18989.1,EQNE
2012-09-06,0.127,0.127,0.12608,0.1263,70000,8848.6,EQNE
2012-09-07,0.12826,0.12876,0.12625,0.12876,150000,19162.4,EQNE
2012-09-10,0.12615,0.1262,0.12005,0.1262,1160000,145623.0,EQNE
2012-09-11,0.126,0.126,0.126,0.126,30000,3780.0,EQNE
2012-09-12,0.12504,0.12504,0.12504,0.12504,50000,6252.0,EQNE
2012-09-13,0.12501,0.12501,0.12251,0.12251,390000,48290.4,EQNE
2012-09-14,0.12937,0.12938,0.12406,0.12699,490000,61972.2,EQNE
2012-09-17,0.125,0.131,0.12487,0.12648,2490000,321343.5,EQNE
2012-09-18,0.12968,0.12968,0.1222,0.1223,830000,103190.8,EQNE
2012-09-19,0.12599,0.12599,0.12215,0.12216,150000,18629.8,EQNE
2012-09-20,0.11001,0.12233,0.11001,0.11047,10779,1241.97,SMAL
2012-09-21,0.12074,0.12475,0.12005,0.12015,440000,53446.8,EQNE
2012-09-24,0.12012,0.12199,0.12009,0.121,630000,76170.3,EQNE
2012-09-25,0.12027,0.12104,0.1185,0.12104,2280000,272987.4,EQNE
2012-09-26,0.11802,0.11977,0.116,0.11809,660000,77556.8,EQNE
2012-09-27,0.11604,0.11699,0.113,0.11699,1230000,142403.9,EQNE
2012-09-28,0.11997,0.11997,0.11595,0.11595,70000,8156.9,EQNE
2012-10-01,0.11998,0.12845,0.112,0.11204,1280000,148978.0,EQNE
2012-10-02,0.11943,0.11948,0.11331,0.11691,920000,109164.2,EQNE
2012-10-03,0.1135,0.11449,0.11205,0.11449,200000,22581.9,EQNE
2012-10-04,0.11399,0.11399,0.11001,0.11182,1630000,181347.5,EQNE
2012-10-05,0.11173,0.11173,0.10904,0.11153,470000,51931.7,EQNE
2012-10-08,0.1112,0.1112,0.10763,0.10999,240000,26072.5,EQNE
2012-10-09,0.10508,0.1112,0.10508,0.10877,200000,21631.3,EQNE
2012-10-10,0.10525,0.10525,0.10011,0.104,5530000,564923.3,EQNE
2012-10-11,0.102,0.10256,0.101,0.10209,1630000,165342.5,EQNE
2012-10-12,0.10133,0.10133,0.09416,0.0971,12140000,1176392.6,EQNE
2012-10-15,0.09445,0.095,0.091,0.09289,12060000,1129431.4,EQNE
2012-10-16,0.09003,0.09359,0.09003,0.093,2240000,208688.6,EQNE
2012-10-17,0.09202,0.093,0.09202,0.09296,2330000,216516.1,EQNE
2012-10-18,0.09006,0.09289,0.089,0.09099,11400000,1026501.8,EQNE
2012-10-19,0.09099,0.09099,0.08003,0.08236,18900000,1580568.5,EQNE
2012-10-22,0.082,0.082,0.07203,0.07566,13260000,1012398.6,EQNE
2012-10-23,0.0775,0.07899,0.0732,0.0775,5560000,426965.3,EQNE
2012-10-24,0.0775,0.07999,0.0775,0.079,670000,52820.0,EQNE
2012-10-25,0.07929,0.08692,0.07801,0.0825,6890000,558133.8,EQNE
2012-10-26,0.08148,0.08148,0.07352,0.07789,7810000,603547.3,EQNE
2012-10-29,0.076,0.08,0.07368,0.07929,6320000,492434.6,EQNE
2012-10-30,0.07898,0.079,0.0738,0.0763,7100000,540007.4,EQNE
2012-10-31,0.075,0.07592,0.072,0.07592,3660000,273107.6,EQNE
2012-11-01,0.07597,0.08,0.07156,0.07684,4540000,352660.4,EQNE
2012-11-02,0.07712,0.07776,0.07712,0.07746,200000,15441.6,EQNE
2012-11-06,0.07716,0.0815,0.07716,0.07929,5120000,413654.6,EQNE
2012-11-07,0.07898,0.0815,0.07703,0.08115,11390000,915703.2,EQNE
2012-11-08,0.08053,0.0815,0.0796,0.08116,3920000,317407.1,EQNE
2012-11-09,0.08148,0.08385,0.07902,0.08116,500000,40997.1,EQNE
2012-11-12,0.08085,0.084,0.08053,0.0834,12460000,1031081.4,EQNE
2012-11-13,0.08308,0.08308,0.07929,0.08022,8830000,711977.4,EQNE
2012-11-14,0.07991,0.0804,0.07991,0.0804,150000,12005.3,EQNE
2012-11-15,0.07991,0.08116,0.07991,0.08116,2490000,199248.6,EQNE
2012-11-16,0.08085,0.0818,0.07618,0.08148,1400000,111859.4,EQNE
2012-11-19,0.0815,0.0835,0.0815,0.083,21030000,1742874.0,EQNE
2012-11-20,0.08276,0.08276,0.08029,0.08242,430000,34981.5,EQNE
2012-11-21,0.08243,0.08258,0.0818,0.08258,70000,5749.3,EQNE
2012-11-22,0.08181,0.08276,0.0815,0.08276,820000,67031.8,EQNE
2012-11-23,0.0825,0.08308,0.08,0.08147,26080000,2111338.6,EQNE
2012-11-26,0.08085,0.082,0.08,0.082,4410000,356081.8,EQNE
2012-11-27,0.08148,0.08211,0.07904,0.08147,3160000,253790.2,EQNE
2012-11-28,0.08085,0.081,0.07999,0.081,1570000,126438.5,EQNE
2012-11-29,0.092,0.092,0.08148,0.0834,2260000,190519.4,EQNE
2012-11-30,0.08308,0.08475,0.08177,0.0845,5910000,490419.8,EQNE
2012-12-03,0.08309,0.08499,0.083,0.0834,500000,41861.7,EQNE
2012-12-04,0.08276,0.08474,0.08008,0.08474,390000,32294.3,EQNE
2012-12-05,0.0831,0.0849,0.083,0.08373,1200000,99930.1,EQNE
2012-12-06,0.08308,0.0833,0.08243,0.0827,7610000,631763.5,EQNE
2012-12-07,0.08251,0.08444,0.08116,0.08444,4750000,394065.4,EQNE
2012-12-10,0.08373,0.08498,0.08031,0.08405,2490000,207786.5,EQNE
2012-12-11,0.08309,0.08373,0.0785,0.08022,19850000,1592173.1,EQNE
2012-12-12,0.07991,0.08051,0.074,0.07945,25730000,1995516.8,EQNE
2012-12-13,0.07776,0.08,0.076,0.0796,13980000,1091443.8,EQNE
2012-12-14,0.07932,0.07991,0.07746,0.07898,8700000,685058.4,EQNE
2012-12-17,0.07867,0.07867,0.0761,0.07746,4000000,309609.1,EQNE
2012-12-18,0.0775,0.0835,0.07746,0.0815,9570000,784299.3,EQNE
2012-12-19,0.0815,0.0815,0.0802,0.08085,1750000,142567.8,EQNE
2012-12-20,0.08053,0.0815,0.08,0.08121,2070000,168565.5,EQNE
2012-12-21,0.08086,0.081,0.0781,0.0799,4560000,364730.4,EQNE
2012-12-24,0.0799,0.08001,0.07504,0.07701,9650000,749829.8,EQNE
2012-12-25,0.07806,0.07867,0.075,0.07736,1150000,88088.3,EQNE
2012-12-26,0.07605,0.07793,0.07527,0.07793,9410000,716433.2,EQNE
2012-12-27,0.07782,0.07807,0.0778,0.07797,6060000,472318.4,EQNE
2012-12-28,0.077,0.07877,0.077,0.07877,4420000,340480.5,EQNE
2013-01-08,0.0764,0.07947,0.0764,0.07946,100000,7723.3,EQNE
2013-01-09,0.07836,0.07942,0.07836,0.07942,690000,54221.1,EQNE
2013-01-10,0.079,0.079,0.07707,0.07835,12280000,957432.7,EQNE
2013-01-11,0.07836,0.07837,0.078,0.07836,3260000,255478.4,EQNE
2013-01-14,0.07783,0.08,0.07783,0.0796,19200000,1507546.2,EQNE
2013-01-15,0.0796,0.07991,0.0775,0.0799,3950000,313726.6,EQNE
2013-01-16,0.0793,0.0793,0.07804,0.07898,2580000,203764.7,EQNE
2013-01-17,0.07897,0.08116,0.0786,0.081,12310000,985239.0,EQNE
2013-01-18,0.08148,0.08257,0.08085,0.0815,19820000,1615609.9,EQNE
2013-01-21,0.08116,0.08211,0.0778,0.08086,14580000,1193343.9,EQNE
2013-01-22,0.08086,0.0847,0.08086,0.08276,26030000,2160475.9,EQNE
2013-01-23,0.08161,0.0899,0.0816,0.0851,19700000,1679512.0,EQNE
2013-01-24,0.08575,0.094,0.08405,0.0921,3130000,284247.8,EQNE
2013-01-25,0.09201,0.09201,0.091,0.09145,920000,84007.8,EQNE
2013-01-28,0.09651,0.09651,0.08911,0.0906,370000,33775.2,EQNE
2013-01-29,0.09264,0.094,0.089,0.09036,780000,72285.8,EQNE
2013-01-30,0.08901,0.08901,0.0838,0.08555,9330000,814944.0,EQNE
2013-01-31,0.08405,0.08999,0.0802,0.08555,1720000,148566.7,EQNE
2013-02-01,0.08708,0.08709,0.08271,0.08477,840000,70638.0,EQNE
2013-02-04,0.0826,0.08899,0.0826,0.08444,3070000,257521.8,EQNE
2013-02-05,0.08432,0.0875,0.0843,0.0874,5140000,441793.2,EQNE
2013-02-06,0.0864,0.08995,0.086,0.0875,12400000,1088602.0,EQNE
2013-02-07,0.08528,0.08946,0.08527,0.08911,850000,74672.9,EQNE
2013-02-08,0.092,0.099,0.08912,0.08912,20720000,1940440.8,EQNE
2013-02-11,0.08981,0.09,0.08851,0.08851,610000,54516.1,EQNE
2013-02-12,0.08852,0.089,0.0885,0.08851,1330000,117721.4,EQNE
2013-02-13,0.08768,0.08799,0.08518,0.08518,760000,66390.0,EQNE
2013-02-14,0.08512,0.08609,0.0838,0.08381,410000,34622.1,EQNE
2013-02-15,0.0885,0.08953,0.0885,0.08851,2250000,199803.7,EQNE
2013-02-18,0.08961,0.09205,0.0885,0.08981,1340000,119794.8,EQNE
2013-02-19,0.08946,0.08946,0.08851,0.08851,100000,8870.0,EQNE
2013-02-20,0.0898,0.09247,0.08912,0.09,1380000,123192.4,EQNE
2013-02-21,0.08947,0.08981,0.08551,0.08842,2710000,237702.2,EQNE
2013-02-22,0.08751,0.08751,0.08751,0.08751,90000,7875.9,EQNE
2013-02-25,0.08751,0.08799,0.08751,0.08751,1150000,100655.9,EQNE
2013-02-26,0.08807,0.08807,0.08654,0.08654,70000,6082.2,EQNE
2013-02-27,0.08767,0.08767,0.0855,0.087,1240000,107789.9,EQNE
2013-02-28,0.08554,0.08554,0.0855,0.08551,1300000,111155.5,EQNE
2013-03-01,0.0856,0.0856,0.082,0.08399,2110000,178306.9,EQNE
2013-03-04,0.08405,0.08405,0.0805,0.08211,4500000,366038.0,EQNE
2013-03-05,0.08024,0.08163,0.07897,0.0802,3160000,253411.9,EQNE
2013-03-06,0.08197,0.0833,0.07803,0.08028,5050000,419498.4,EQNE
2013-03-07,0.08308,0.08308,0.07991,0.07991,210000,16927.4,EQNE
2013-03-11,0.07999,0.082,0.0798,0.07991,210000,16907.2,EQNE
2013-03-12,0.08211,0.0825,0.08017,0.08025,1210000,99631.1,EQNE
2013-03-13,0.07984,0.07999,0.07853,0.07866,550000,43457.1,EQNE
2013-03-14,0.0818,0.0818,0.07983,0.08,100000,8115.9,EQNE
2013-03-15,0.08148,0.08211,0.07852,0.08199,2470000,199076.5,EQNE
2013-03-18,0.08199,0.08199,0.07964,0.0797,120000,9595.8,EQNE
2013-03-19,0.07887,0.0821,0.07801,0.07801,1780000,140444.9,EQNE
2013-03-20,0.08047,0.09329,0.07794,0.09,17940000,1594303.1,EQNE
2013-03-21,0.08961,0.09,0.089,0.09,1430000,127510.4,EQNE
2013-03-22,0.089,0.089,0.089,0.089,380000,33820.0,EQNE
2013-03-25,0.089,0.089,0.089,0.089,270000,24030.0,EQNE
2013-03-26,0.089,0.08901,0.089,0.089,1200000,106801.5,EQNE
2013-03-27,0.089,0.09,0.089,0.09,810000,72103.9,EQNE
2013-03-28,0.09,0.09,0.08901,0.08901,80000,7140.6,EQNE
2013-03-29,0.08902,0.08902,0.089,0.089,4740000,421864.6,EQNE
2013-04-01,0.08901,0.08901,0.089,0.089,710000,63194.0,EQNE
2013-04-02,0.09127,0.09128,0.09037,0.09037,260000,23712.8,EQNE
2013-04-03,0.08986,0.08986,0.08983,0.08983,100000,8983.4,EQNE
2013-04-04,0.08911,0.08911,0.086,0.086,500000,44377.4,EQNE
2013-04-05,0.089,0.089,0.08899,0.089,1150000,102347.6,EQNE
2013-04-08,0.089,0.089,0.089,0.089,700000,62300.0,EQNE
2013-04-09,0.089,0.089,0.08605,0.089,310000,27560.5,EQNE
2013-04-10,0.0918,0.093,0.09001,0.09001,480000,44120.2,EQNE
2013-04-11,0.092,0.092,0.09001,0.092,1010000,92665.5,EQNE
2013-04-12,0.092,0.092,0.09001,0.09001,620000,56924.7,EQNE
2013-04-15,0.092,0.092,0.0891,0.091,3940000,355184.2,EQNE
2013-04-16,0.091,0.091,0.091,0.091,3000000,273000.0,EQNE
2013-04-17,0.091,0.091,0.09,0.0905,650000,58862.0,EQNE
2013-04-18,0.091,0.091,0.09099,0.091,1110000,101009.2,EQNE
2013-04-19,0.09101,0.09101,0.09,0.09,850000,76662.0,EQNE
2013-04-22,0.091,0.091,0.0905,0.0905,220000,19960.0,EQNE
2013-04-23,0.091,0.091,0.091,0.091,10000,910.0,EQNE
2013-04-24,0.09102,0.09199,0.09001,0.09199,220000,20022.0,EQNE
2013-04-25,0.08831,0.0886,0.08755,0.0883,31630000,2783865.0,EQNE
2013-04-26,0.08898,0.08898,0.08701,0.0872,70000,6191.0,EQNE
2013-04-29,0.08702,0.08702,0.086,0.08611,1440000,124359.3,EQNE
2013-04-30,0.08601,0.08658,0.086,0.08658,260000,22377.8,EQNE
2013-05-02,0.08611,0.08611,0.0861,0.0861,20000,1722.1,EQNE
2013-05-03,0.08613,0.08613,0.08612,0.08612,140000,12057.1,EQNE
2013-05-06,0.08651,0.08654,0.0861,0.08653,310000,26748.8,EQNE
2013-05-07,0.08659,0.08668,0.08611,0.08646,750000,64921.8,EQNE
2013-05-08,0.0879,0.0879,0.08645,0.08668,1450000,127331.1,EQNE
2013-05-10,0.08661,0.08661,0.08661,0.08661,10000,866.1,EQNE
2013-05-13,0.08615,0.08695,0.08615,0.08627,70000,6071.7,EQNE
2013-05-14,0.07802,0.085,0.07802,0.08422,4255,351.87,SMAL
2013-05-15,0.08647,0.08647,0.08647,0.08647,10000,864.7,EQNE
2013-05-16,0.08668,0.08668,0.0866,0.0866,70000,6062.8,EQNE
2013-05-17,0.0865,0.0865,0.0865,0.0865,10000,865.0,EQNE
2013-05-20,0.08652,0.0866,0.08652,0.0866,20000,1731.2,EQNE
2013-05-21,0.08671,0.08671,0.08671,0.08671,80000,6936.8,EQNE
2013-05-22,0.0872,0.0872,0.0872,0.0872,40000,3488.0,EQNE
2013-05-23,0.0872,0.0874,0.0872,0.0874,100000,8736.0,EQNE
2013-05-24,0.0874,0.0874,0.0874,0.0874,180000,15732.0,EQNE
2013-05-27,0.0874,0.0874,0.0874,0.0874,300000,26220.0,EQNE
2013-05-28,0.0875,0.0875,0.0875,0.0875,120000,10500.0,EQNE
2013-05-29,0.0875,0.0875,0.0875,0.0875,550000,48125.0,EQNE
2013-05-30,0.0875,0.0875,0.0875,0.0875,10000,875.0,EQNE
2013-05-31,0.0875,0.0875,0.0875,0.0875,20000,1750.0,EQNE
2013-06-03,0.0877,0.08801,0.08701,0.08704,1080000,94319.8,EQNE
2013-06-04,0.0877,0.0877,0.08744,0.0875,1600000,140158.2,EQNE
2013-06-05,0.0877,0.0877,0.0877,0.0877,710000,62267.0,EQNE
2013-06-06,0.0877,0.0877,0.0877,0.0877,60000,5262.0,EQNE
2013-06-07,0.0877,0.0877,0.0877,0.0877,930000,81561.0,EQNE
2013-06-10,0.0877,0.0877,0.0877,0.0877,80000,7016.0,EQNE
2013-06-11,0.08789,0.0879,0.0878,0.0878,3200000,281189.1,EQNE
2013-06-13,0.0878,0.0878,0.08779,0.0878,2400000,210717.8,EQNE
2013-06-14,0.0878,0.0878,0.0878,0.0878,9070000,796346.0,EQNE
2013-06-17,0.0878,0.0878,0.0878,0.0878,110000,9658.0,EQNE
2013-06-18,0.08782,0.08782,0.0878,0.0878,170000,14929.0,EQNE
2013-06-19,0.0878,0.0878,0.087,0.0878,11530000,1004494.0,EQNE
2013-06-20,0.0878,0.08781,0.0878,0.0878,1100000,96582.3,EQNE
2013-06-21,0.0878,0.088,0.0878,0.088,70000,6148.0,EQNE
2013-06-24,0.088,0.088,0.088,0.088,650000,57200.0,EQNE
2013-06-25,0.088,0.088,0.088,0.088,240000,21120.0,EQNE
2013-06-26,0.088,0.088,0.088,0.088,360000,31680.0,EQNE
2013-06-27,0.088,0.08869,0.088,0.08869,30000,2646.9,EQNE
2013-06-28,0.087,0.087,0.087,0.087,769,66.9,SMAL
2013-07-01,0.089,0.08917,0.0888,0.08917,34570000,3082479.3,EQNE
2013-07-02,0.08777,0.08811,0.08666,0.08811,190000,16502.1,EQNE
2013-07-03,0.08602,0.08828,0.08602,0.08828,30000,2614.4,EQNE
2013-07-04,0.078,0.08587,0.078,0.08575,1140000,97784.9,EQNE
2013-07-05,0.08556,0.08556,0.08,0.0805,860000,72598.1,EQNE
2013-07-08,0.08162,0.083,0.08161,0.083,220000,17968.2,EQNE
2013-07-09,0.08225,0.08301,0.08202,0.0824,2532,208.1,SMAL
2013-07-10,0.08407,0.085,0.08407,0.085,570000,47929.2,EQNE
2013-07-11,0.08407,0.08407,0.08407,0.08407,30000,2522.1,EQNE
2013-07-12,0.08407,0.08407,0.083,0.083,200000,16632.1,EQNE
2013-07-15,0.083,0.08795,0.083,0.0841,2340000,194836.0,EQNE
2013-07-16,0.08301,0.08789,0.083,0.08789,160000,13329.1,EQNE
2013-07-17,0.083,0.08301,0.083,0.083,5250000,435750.3,EQNE
2013-07-18,0.08207,0.0821,0.08206,0.08206,280000,22977.9,EQNE
2013-07-19,0.08121,0.08127,0.08121,0.08127,4320,350.94,SMAL
2013-07-22,0.08206,0.08206,0.08205,0.08205,70000,5744.0,EQNE
2013-07-23,0.08206,0.08206,0.08205,0.08205,500000,41026.3,EQNE
2013-07-24,0.08205,0.08205,0.08099,0.08111,4550000,369430.5,EQNE
2013-07-25,0.08105,0.08105,0.08105,0.08105,40000,3242.0,EQNE
2013-07-26,0.08105,0.08105,0.08105,0.08105,100000,8105.0,EQNE
2013-07-29,0.08015,0.08017,0.08015,0.08017,7406,593.73,SMAL
2013-07-30,0.08188,0.08188,0.08008,0.08143,520000,41727.2,EQNE
2013-07-31,0.07962,0.07962,0.07962,0.07962,430000,34236.6,EQNE
2013-08-01,0.07906,0.08012,0.07906,0.08012,280000,22412.3,EQNE
2013-08-02,0.08066,0.08066,0.08049,0.08051,2340000,188446.2,EQNE
2013-08-05,0.08289,0.08289,0.08049,0.08049,60000,4857.0,EQNE
2013-08-06,0.0786,0.0829,0.0786,0.0829,370000,29135.0,EQNE
2013-08-07,0.08005,0.08005,0.07852,0.07852,640000,50268.5,EQNE
2013-08-08,0.07845,0.08099,0.07111,0.07899,1040000,76585.6,EQNE
2013-08-09,0.07499,0.08,0.07313,0.078,3460000,259775.5,EQNE
2013-08-12,0.08195,0.08195,0.07403,0.07897,1540000,115591.3,EQNE
2013-08-13,0.08195,0.08195,0.075,0.076,2550000,192746.2,EQNE
2013-08-14,0.07889,0.07889,0.07206,0.07339,3190000,237396.5,EQNE
2013-08-15,0.07308,0.07308,0.07205,0.07205,1930000,139423.0,EQNE
2013-08-16,0.07205,0.07205,0.07205,0.07205,20000,1441.0,EQNE
2013-08-19,0.07205,0.07205,0.06805,0.0699,3800000,264004.2,EQNE
2013-08-20,0.07,0.07,0.06505,0.06505,6870000,464119.7,EQNE
2013-08-21,0.06508,0.06508,0.06431,0.065,5110000,332201.2,EQNE
2013-08-22,0.0641,0.065,0.0641,0.06499,1460000,94850.8,EQNE
2013-08-23,0.0635,0.06497,0.06261,0.06497,130000,8254.1,EQNE
2013-08-26,0.06264,0.063,0.062,0.06226,5490000,341902.0,EQNE
2013-08-27,0.06163,0.06163,0.05999,0.06,3300000,199478.1,EQNE
2013-08-28,0.05863,0.05986,0.05858,0.059,120000,7052.9,EQNE
2013-08-29,0.05855,0.05855,0.05775,0.05776,4530000,264965.4,EQNE
2013-08-30,0.0578,0.0637,0.0563,0.05859,6480000,367156.5,EQNE
2013-09-02,0.075,0.075,0.055,0.055,3450000,193044.5,TQNE
2013-09-03,0.05268,0.05599,0.05267,0.05595,210000,11162.1,TQNE
2013-09-04,0.05291,0.05291,0.05217,0.05217,2160000,113412.7,TQNE
2013-09-05,0.05497,0.05497,0.05101,0.05101,2140000,111301.5,TQNE
2013-09-06,0.0507,0.0507,0.0482,0.0493,4600000,230467.7,TQNE
2013-09-09,0.049,0.04997,0.049,0.04997,40000,1989.1,TQNE
2013-09-10,0.05001,0.0517,0.0478,0.04876,6300000,303767.7,TQNE
2013-09-11,0.04836,0.04998,0.04562,0.047,9960000,464168.6,TQNE
2013-09-12,0.047,0.047,0.046,0.04699,160000,7497.6,TQNE
2013-09-13,0.04706,0.0481,0.04445,0.0481,6310000,286720.2,TQNE
2013-09-16,0.04501,0.04999,0.044,0.04496,16300000,734993.6,TQNE
2013-09-17,0.045,0.045,0.04366,0.04428,390000,17266.8,TQNE
2013-09-18,0.0442,0.04444,0.0442,0.04444,360000,15948.0,TQNE
2013-09-19,0.04504,0.04504,0.04111,0.04383,2000000,84337.7,TQNE
2013-09-20,0.042,0.04394,0.04052,0.04394,2370000,98606.1,TQNE
2013-09-23,0.04523,0.04523,0.04303,0.04436,120000,5270.0,TQNE
2013-09-24,0.04491,0.04639,0.04261,0.04473,640000,28874.3,TQNE
2013-09-25,0.044,0.04559,0.04301,0.04554,140000,6273.5,TQNE
2013-09-26,0.04144,0.0457,0.04144,0.04489,1900000,80896.9,TQNE
2013-09-27,0.04519,0.04519,0.04221,0.0448,100000,4352.5,TQNE
2013-09-30,0.04284,0.04472,0.0415,0.04472,900000,37589.3,TQNE
2013-10-01,0.04427,0.04765,0.0411,0.04282,2140000,93715.0,TQNE
2013-10-02,0.04399,0.05022,0.0423,0.05,14940000,695035.3,TQNE
2013-10-03,0.05,0.05496,0.05,0.05,5440000,274542.0,TQNE
2013-10-04,0.0501,0.05477,0.05,0.05472,1640000,84986.0,TQNE
2013-10-07,0.05472,0.05472,0.05011,0.05401,730000,37745.9,TQNE
2013-10-08,0.05201,0.0589,0.052,0.05203,780000,42587.1,TQNE
2013-10-09,0.05251,0.05544,0.051,0.05223,1430000,73889.0,TQNE
2013-10-10,0.05249,0.05249,0.05051,0.05237,1200000,61240.1,TQNE
2013-10-11,0.0515,0.0515,0.0515,0.0515,10000,515.0,TQNE
2013-10-14,0.05101,0.0523,0.051,0.0523,1220000,63272.0,TQNE
2013-10-15,0.05247,0.05247,0.051,0.05247,580000,29656.2,TQNE
2013-10-16,0.05107,0.05247,0.051,0.05247,1430000,73028.0,TQNE
2013-10-17,0.05187,0.05247,0.05187,0.05247,40000,2084.9,TQNE
2013-10-18,0.05187,0.052,0.05054,0.052,630000,32738.1,TQNE
2013-10-21,0.05167,0.05186,0.05031,0.05127,390000,19899.4,TQNE
2013-10-22,0.0513,0.0513,0.05,0.05086,1680000,84766.5,TQNE
2013-10-23,0.05048,0.05048,0.049,0.04951,740000,36360.0,TQNE
2013-10-24,0.04931,0.0495,0.04893,0.04949,1090000,53574.3,TQNE
2013-10-25,0.04943,0.04943,0.04912,0.04912,340000,16803.1,TQNE
2013-10-28,0.04893,0.051,0.04855,0.05048,1110000,55632.0,TQNE
2013-10-29,0.05068,0.05196,0.05068,0.05147,490000,24976.6,TQNE
2013-10-30,0.0511,0.05198,0.0511,0.05147,90000,4632.0,TQNE
2013-10-31,0.0513,0.05167,0.05048,0.05048,740000,37915.4,TQNE
2013-11-01,0.05087,0.051,0.05048,0.05048,310000,15784.6,TQNE
2013-11-05,0.05043,0.05043,0.05042,0.05042,20000,1008.5,TQNE
2013-11-06,0.04854,0.05136,0.04854,0.05001,220000,10999.7,TQNE
2013-11-07,0.04999,0.05048,0.04999,0.05048,1460000,73030.0,TQNE
2013-11-08,0.05028,0.05028,0.04971,0.04971,140000,6995.3,TQNE
2013-11-11,0.0497,0.0497,0.0497,0.0497,10000,497.0,TQNE
2013-11-12,0.04989,0.05008,0.04989,0.05,100000,5005.3,TQNE
2013-11-13,0.04971,0.05001,0.04971,0.04973,260000,12969.0,TQNE
2013-11-14,0.04971,0.07973,0.04971,0.07793,32030000,2158191.4,TQNE
2013-11-15,0.07,0.0735,0.07,0.073,5240000,372772.8,TQNE
2013-11-18,0.073,0.0764,0.073,0.0755,4600000,346568.4,TQNE
2013-11-19,0.07414,0.07686,0.07408,0.0765,8140000,609225.4,TQNE
2013-11-20,0.07715,0.08097,0.07199,0.07499,65930000,5038858.3,TQNE
2013-11-21,0.073,0.07349,0.06903,0.07275,9840000,700198.7,TQNE
2013-11-22,0.0729,0.077,0.07189,0.07588,6990000,510702.7,TQNE
2013-11-25,0.07306,0.08247,0.07237,0.08244,5820000,457021.3,TQNE
2013-11-26,0.08247,0.08472,0.0775,0.08166,3650000,299678.4,TQNE
2013-11-27,0.07823,0.07823,0.078,0.078,2050000,159933.3,TQNE
2013-11-28,0.07588,0.07964,0.07517,0.07891,4670000,358249.5,TQNE
2013-11-29,0.0765,0.08184,0.04024,0.0477,122210000,6632517.5,TQNE
2013-12-02,0.049,0.049,0.04239,0.04357,7960000,357393.7,TQNE
2013-12-03,0.04203,0.04234,0.0382,0.0406,19820000,798852.6,TQNE
2013-12-04,0.04122,0.04122,0.03626,0.03759,11650000,434562.4,TQNE
2013-12-05,0.03721,0.04186,0.037,0.041,2580000,99269.3,TQNE
2013-12-06,0.04098,0.04132,0.0368,0.03799,6530000,244833.5,TQNE
2013-12-09,0.0387,0.03888,0.0365,0.03651,7380000,275384.6,TQNE
2013-12-10,0.03652,0.03769,0.0365,0.03719,350000,12854.9,TQNE
2013-12-11,0.0372,0.03794,0.0365,0.03715,1270000,46880.1,TQNE
2013-12-12,0.0365,0.03719,0.03605,0.03716,2450000,89576.8,TQNE
2013-12-13,0.03707,0.03979,0.0368,0.0373,430000,16362.3,TQNE
2013-12-16,0.0367,0.03733,0.03633,0.03664,1700000,62172.4,TQNE
2013-12-17,0.03611,0.0369,0.03609,0.03664,810000,29355.3,TQNE
2013-12-18,0.0366,0.0366,0.03605,0.03605,2740000,99373.2,TQNE
2013-12-19,0.03652,0.0366,0.03509,0.036,2860000,101930.6,TQNE
2013-12-20,0.03599,0.03614,0.03514,0.03575,3210000,114575.7,TQNE
2013-12-23,0.03577,0.03648,0.03545,0.036,2060000,74041.2,TQNE
2013-12-24,0.036,0.0366,0.03559,0.03637,770000,27731.0,TQNE
2013-12-25,0.036,0.03625,0.03561,0.03625,6910000,248756.2,TQNE
2013-12-26,0.0365,0.0365,0.03509,0.0358,1890000,67213.2,TQNE
2013-12-27,0.0353,0.03764,0.03507,0.0375,890000,32252.6,TQNE
2013-12-30,0.03624,0.03759,0.03624,0.03746,1110000,41057.8,TQNE
2014-01-06,0.03807,0.03807,0.0362,0.03749,1250000,46580.8,TQNE
2014-01-08,0.03722,0.0477,0.0372,0.0475,7230000,293805.8,TQNE
2014-01-09,0.04577,0.05879,0.0421,0.05011,9900000,531902.9,TQNE
2014-01-10,0.05,0.05299,0.044,0.04888,1840000,85114.2,TQNE
2014-01-13,0.048,0.05288,0.04305,0.04479,5590000,255320.4,TQNE
2014-01-14,0.04303,0.04395,0.039,0.04285,8070000,327030.8,TQNE
2014-01-15,0.0414,0.0425,0.03918,0.0416,3970000,158410.0,TQNE
2014-01-16,0.04142,0.0427,0.04006,0.04136,770000,31796.0,TQNE
2014-01-17,0.03956,0.04346,0.03952,0.043,3760000,153982.4,TQNE
2014-01-20,0.04041,0.04414,0.04001,0.04224,1800000,74489.7,TQNE
2014-01-21,0.05062,0.05062,0.04052,0.04107,4210000,172832.3,TQNE
2014-01-22,0.04147,0.04319,0.04051,0.04056,950000,39875.1,TQNE
2014-01-23,0.04289,0.04289,0.04026,0.04152,630000,26070.6,TQNE
2014-01-24,0.04013,0.04099,0.03981,0.0401,4870000,195425.2,TQNE
2014-01-27,0.03956,0.04126,0.03934,0.03994,1250000,49805.0,TQNE
2014-01-28,0.04149,0.04149,0.039,0.04076,2470000,97751.1,TQNE
2014-01-29,0.03912,0.0413,0.03876,0.039,19940000,779052.6,TQNE
2014-01-30,0.03899,0.03899,0.03691,0.03706,9610000,361243.9,TQNE
2014-01-31,0.0368,0.03699,0.033,0.03383,46090000,1579113.7,TQNE
2014-02-03,0.03549,0.03549,0.03308,0.03344,3060000,102798.4,TQNE
2014-02-04,0.03305,0.0335,0.03261,0.033,4230000,139177.0,TQNE
2014-02-05,0.033,0.0337,0.03297,0.0337,8670000,286575.7,TQNE
2014-02-06,0.0368,0.0368,0.03355,0.03479,1120000,38373.0,TQNE
2014-02-07,0.03549,0.03549,0.03376,0.03444,740000,25666.8,TQNE
2014-02-10,0.0345,0.035,0.0337,0.0345,1600000,55069.9,TQNE
2014-02-11,0.03452,0.03544,0.03377,0.0345,590000,20393.1,TQNE
2014-02-12,0.03454,0.03618,0.0345,0.03618,2550000,90017.1,TQNE
2014-02-13,0.0363,0.03849,0.0345,0.0345,2750000,98091.0,TQNE
2014-02-14,0.03425,0.036,0.03399,0.0352,1770000,61440.8,TQNE
2014-02-17,0.0356,0.0365,0.0348,0.0357,590000,20919.8,TQNE
2014-02-18,0.03569,0.036,0.0351,0.0357,3330000,118645.1,TQNE
2014-02-19,0.03564,0.03862,0.03552,0.03587,1240000,45547.5,TQNE
2014-02-20,0.03599,0.0368,0.0355,0.0355,1160000,41649.6,TQNE
2014-02-21,0.036,0.036,0.03564,0.03564,30000,1076.4,TQNE
2014-02-24,0.03697,0.03697,0.03462,0.03538,550000,19907.2,TQNE
2014-02-25,0.0369,0.0369,0.03554,0.03618,140000,5038.9,TQNE
2014-02-26,0.037,0.037,0.03577,0.036,440000,15869.6,TQNE
2014-02-27,0.036,0.0388,0.03264,0.0347,7140000,245112.2,TQNE
2014-02-28,0.035,0.03544,0.03306,0.03306,2210000,74327.0,TQNE
2014-03-03,0.03265,0.03265,0.02726,0.0273,3900000,116117.5,TQNE
2014-03-04,0.02994,0.03185,0.02977,0.03001,1100000,33968.7,TQNE
2014-03-05,0.03,0.03088,0.02813,0.03037,200000,5921.5,TQNE
2014-03-06,0.0315,0.03685,0.0315,0.03557,9420000,327582.0,TQNE
2014-03-07,0.03478,0.03684,0.03478,0.03666,3760000,136817.5,TQNE
2014-03-11,0.03728,0.03728,0.03572,0.037,3880000,142976.6,TQNE
2014-03-12,0.03729,0.0375,0.03584,0.03699,2380000,88889.6,TQNE
2014-03-13,0.03739,0.03746,0.03509,0.0369,3750000,139146.7,TQNE
2014-03-14,0.03695,0.03778,0.03304,0.03725,2360000,86195.8,TQNE
2014-03-17,0.03551,0.03718,0.03501,0.03718,100000,3539.7,TQNE
2014-03-18,0.03717,0.03798,0.03717,0.03798,2630000,99426.9,TQNE
2014-03-19,0.03849,0.03849,0.03701,0.0371,670000,25024.6,TQNE
2014-03-20,0.037,0.038,0.036,0.038,220000,8177.6,TQNE
2014-03-21,0.03749,0.043,0.03501,0.04001,2530000,100996.5,TQNE
2014-03-24,0.03741,0.04414,0.03741,0.042,990000,41321.1,TQNE
2014-03-25,0.04345,0.0435,0.03749,0.043,620000,26001.3,TQNE
2014-03-26,0.04396,0.04396,0.03645,0.0384,35720000,1364022.5,TQNE
2014-03-27,0.039,0.039,0.039,0.039,10000,390.0,TQNE
2014-03-28,0.03896,0.03896,0.03669,0.037,1230000,45527.9,TQNE
2014-03-31,0.03858,0.03858,0.03649,0.0369,1030000,39435.5,TQNE
2014-04-01,0.03682,0.03727,0.0363,0.0363,60000,2202.7,TQNE
2014-04-02,0.03609,0.0365,0.03476,0.036,3500000,125936.5,TQNE
2014-04-03,0.037,0.03882,0.03566,0.0367,1360000,49765.0,TQNE
2014-04-04,0.03741,0.03751,0.03625,0.037,1610000,59735.9,TQNE
2014-04-07,0.03771,0.03788,0.03612,0.037,3650000,135210.0,TQNE
2014-04-08,0.038,0.038,0.03711,0.038,1580000,59967.1,TQNE
2014-04-09,0.03776,0.038,0.03723,0.038,740000,28021.3,TQNE
2014-04-10,0.03699,0.0405,0.03699,0.03901,5300000,208274.0,TQNE
2014-04-11,0.039,0.04075,0.03679,0.038,3150000,121560.1,TQNE
2014-04-14,0.03551,0.03997,0.03551,0.03899,14250000,538915.2,TQNE
2014-04-15,0.0382,0.03849,0.03777,0.038,740000,28143.2,TQNE
2014-04-16,0.03799,0.038,0.03794,0.03795,3260000,123846.6,TQNE
2014-04-17,0.03717,0.038,0.03702,0.038,3770000,142303.7,TQNE
2014-04-18,0.038,0.038,0.03701,0.03795,5700000,213357.4,TQNE
2014-04-21,0.03711,0.03805,0.03711,0.03805,330000,12346.5,TQNE
2014-04-22,0.03806,0.03923,0.03805,0.0385,11710000,455867.4,TQNE
2014-04-23,0.03853,0.03876,0.0385,0.0385,100000,3861.9,TQNE
2014-04-24,0.0388,0.0388,0.0385,0.0385,1320000,50845.0,TQNE
2014-04-25,0.03849,0.03851,0.03806,0.03851,6130000,235875.0,TQNE
2014-04-28,0.03903,0.03949,0.03852,0.03917,350000,13720.6,TQNE
2014-04-29,0.03914,0.04001,0.03914,0.03931,260000,10312.5,TQNE
2014-04-30,0.03851,0.04001,0.03851,0.04,450000,17920.5,TQNE
2014-05-02,0.03301,0.03427,0.03301,0.03427,2154,72.79,SMAL
2014-05-05,0.03865,0.04,0.03862,0.04,110000,4356.4,TQNE
2014-05-06,0.04,0.04,0.04,0.04,10000,400.0,TQNE
2014-05-07,0.0409,0.0411,0.03904,0.0411,830000,33944.4,TQNE
2014-05-08,0.03303,0.037,0.03303,0.03303,3567,126.14,SMAL
2014-05-12,0.04003,0.04003,0.04,0.04,20000,800.3,TQNE
2014-05-13,0.04001,0.04185,0.039,0.04185,790000,31524.0,TQNE
2014-05-14,0.0418,0.0442,0.04028,0.0442,1040000,44904.9,TQNE
2014-05-15,0.042,0.0618,0.042,0.0451,14510000,700436.7,TQNE
2014-05-16,0.04519,0.04519,0.04497,0.04497,450000,20246.6,TQNE
2014-05-19,0.04439,0.04439,0.043,0.043,540000,23578.3,TQNE
2014-05-20,0.04301,0.04566,0.0428,0.0435,4370000,190483.6,TQNE
2014-05-21,0.04401,0.04409,0.0425,0.04375,4650000,198970.4,TQNE
2014-05-22,0.043,0.043,0.0412,0.04258,3700000,153793.5,TQNE
2014-05-23,0.04697,0.04789,0.04103,0.04208,890000,37284.7,TQNE
2014-05-26,0.04221,0.04459,0.04185,0.04394,660000,27996.1,TQNE
2014-05-27,0.04189,0.04237,0.04111,0.04236,1210000,50133.7,TQNE
2014-05-28,0.0411,0.04202,0.0411,0.04202,560000,23056.5,TQNE
2014-05-29,0.04368,0.04369,0.04082,0.04212,5830000,242414.8,TQNE
2014-05-30,0.04266,0.04271,0.04086,0.04163,920000,38485.8,TQNE
2014-06-02,0.04171,0.04172,0.04053,0.04128,330000,13442.6,TQNE
2014-06-03,0.041,0.04164,0.04083,0.04148,280000,11573.5,TQNE
2014-06-04,0.04279,0.04279,0.04115,0.04233,2780000,116633.4,TQNE
2014-06-05,0.04197,0.043,0.04118,0.04239,1630000,68852.9,TQNE
2014-06-06,0.04149,0.04534,0.04149,0.04534,1000000,43007.9,TQNE
2014-06-09,0.04575,0.048,0.04065,0.044,2760000,121193.7,TQBR
2014-06-10,0.0435,0.046,0.043,0.04529,1050000,47602.5,TQBR
2014-06-11,0.04488,0.04778,0.04459,0.0448,740000,33368.2,TQBR
2014-06-16,0.044,0.04457,0.043,0.043,480000,21256.5,TQBR
2014-06-17,0.04359,0.04393,0.04303,0.04303,240000,10488.0,TQBR
2014-06-18,0.04499,0.04859,0.04421,0.04421,390000,17672.8,TQBR
2014-06-19,0.04419,0.04478,0.043,0.043,270000,11871.8,TQBR
2014-06-20,0.04401,0.04499,0.043,0.04314,480000,20978.1,TQBR
2014-06-23,0.04201,0.04373,0.042,0.04313,140000,6014.5,TQBR
2014-06-24,0.0432,0.04451,0.0425,0.04258,300000,12962.2,TQBR
2014-06-25,0.04371,0.04371,0.04117,0.04117,140000,5989.1,TQBR
2014-06-26,0.04241,0.04241,0.04104,0.04198,120000,5030.0,TQBR
2014-06-27,0.04213,0.04213,0.04213,0.04213,10000,421.3,TQBR
2014-06-30,0.04105,0.04188,0.04,0.04188,820000,33046.1,TQBR
2014-07-01,0.04007,0.04148,0.04006,0.04007,200000,8050.1,TQBR
2014-07-02,0.04009,0.04009,0.04008,0.04008,60000,2404.9,TQBR
2014-07-03,0.04005,0.04005,0.04005,0.04005,300000,12015.0,TQBR
2014-07-04,0.04005,0.04005,0.04005,0.04005,60000,2403.0,TQBR
2014-07-07,0.04001,0.04001,0.03823,0.03823,100000,3930.8,TQBR
2014-07-08,0.03823,0.042,0.03799,0.042,890000,34091.0,TQBR
2014-07-09,0.0397,0.0573,0.0394,0.04049,11100000,487426.2,TQBR
2014-07-10,0.03946,0.04096,0.03912,0.04032,1270000,50024.9,TQBR
2014-07-11,0.03911,0.04293,0.03911,0.04293,20000,820.4,TQBR
2014-07-14,0.042,0.04296,0.042,0.04296,110000,4629.6,TQBR
2014-07-15,0.03922,0.0425,0.03917,0.04171,1890000,75084.6,TQBR
2014-07-16,0.04181,0.04187,0.03914,0.041,110000,4440.4,TQBR
2014-07-17,0.03941,0.04175,0.03695,0.03795,5560000,207213.0,TQBR
2014-07-18,0.03666,0.03829,0.03525,0.03525,6400000,227727.0,TQBR
2014-07-21,0.03688,0.03688,0.03206,0.03434,3090000,103429.6,TQBR
2014-07-22,0.03437,0.03521,0.02993,0.03064,19890000,610178.8,TQBR
2014-07-23,0.03025,0.031,0.03025,0.03075,3210000,99118.1,TQBR
2014-07-24,0.03059,0.03085,0.03013,0.03045,2990000,90781.5,TQBR
2014-07-25,0.0305,0.0305,0.03015,0.03015,2340000,71230.2,TQBR
2014-07-28,0.03049,0.0305,0.03023,0.03023,640000,19388.3,TQBR
2014-07-29,0.03049,0.03087,0.03049,0.03087,660000,20141.3,TQBR
2014-07-30,0.0305,0.03095,0.03033,0.03033,600000,18509.6,TQBR
2014-07-31,0.03036,0.03099,0.03016,0.03018,3330000,101060.8,TQBR
2014-08-01,0.03035,0.0304,0.03025,0.03025,400000,12128.5,TQBR
2014-08-04,0.0307,0.03098,0.0307,0.03093,510000,15746.7,TQBR
2014-08-05,0.03087,0.0309,0.03013,0.03078,490000,14926.2,TQBR
2014-08-06,0.03026,0.031,0.03021,0.03063,2370000,72328.3,TQBR
2014-08-07,0.03031,0.03036,0.0303,0.03031,660000,20024.6,TQBR
2014-08-08,0.03031,0.03031,0.02901,0.03017,1260000,37238.5,TQBR
2014-08-11,0.0302,0.031,0.0302,0.03025,2350000,72696.0,TQBR
2014-08-12,0.0303,0.0306,0.03017,0.03049,710000,21498.6,TQBR
2014-08-13,0.03026,0.0303,0.03026,0.0303,20000,605.6,TQBR
2014-08-14,0.03033,0.0305,0.03021,0.03031,320000,9708.6,TQBR
2014-08-15,0.03036,0.0306,0.03035,0.0305,90000,2743.1,TQBR
2014-08-18,0.0306,0.0306,0.03024,0.0305,9190000,277994.5,TQBR
2014-08-19,0.03027,0.03048,0.03025,0.03025,2720000,82307.4,TQBR
2014-08-20,0.03045,0.03051,0.03021,0.03025,2250000,68036.3,TQBR
2014-08-21,0.03023,0.031,0.03023,0.03099,4380000,134537.4,TQBR
2014-08-22,0.03095,0.03095,0.03031,0.03031,1140000,34581.0,TQBR
2014-08-25,0.03031,0.03088,0.03031,0.03071,390000,12009.1,TQBR
2014-08-26,0.0307,0.03071,0.0307,0.0307,2060000,63242.3,TQBR
2014-11-25,0.0192,0.0192,0.0192,0.0192,1118,21.47,SMAL
