date,open,high,low,close,volume,value,board
2009-06-19,175.0,175.0,175.0,175.0,1,175.0,EQNE
2009-06-22,245.0,245.0,245.0,245.0,5,1225.0,EQNE
2009-06-23,343.0,343.0,343.0,343.0,21,7203.0,EQNE
2009-06-24,480.2,480.2,480.2,480.2,32,15366.4,EQNE
2009-06-25,480.21,480.21,330.01,330.01,12,4121.28,EQNE
2009-06-26,343.0,350.0,280.11,350.0,34,10511.13,EQNE
2009-06-29,300.64,360.0,300.64,350.0,37,12162.04,EQNE
2009-06-30,355.0,410.0,330.0,393.64,352,133428.15,EQNE
2009-07-01,385.5,385.5,372.0,385.0,89,33399.35,EQNE
2009-07-02,385.0,440.0,246.0,340.0,543,173602.8,EQNE
2009-07-03,340.0,340.0,280.0,309.99,449,131347.55,EQNE
2009-07-06,293.0,309.68,250.0,299.0,208,55756.72,EQNE
2009-07-07,280.0,300.0,246.0,250.0,233,59203.42,EQNE
2009-07-08,285.0,289.99,256.0,256.0,14,3766.99,EQNE
2009-07-09,246.0,258.5,215.0,238.76,233,51264.74,EQNE
2009-07-10,275.0,290.0,250.0,270.0,4648,1320734.13,EQNE
2009-07-13,284.5,302.0,241.0,251.01,68,18767.34,EQNE
2009-07-14,194.5,264.0,194.5,250.0,245,60447.8,EQNE
2009-07-15,256.0,256.0,250.0,250.0,5,1270.0,EQNE
2009-07-16,260.0,260.0,260.0,260.0,1,260.0,EQNE
2009-07-17,260.0,284.97,257.0,257.0,12,3143.97,EQNE
2009-07-20,245.0,245.0,226.0,230.53,63,14597.19,EQNE
2009-07-21,260.0,260.0,200.01,216.0,213,46900.75,EQNE
2009-07-22,240.0,240.0,205.0,205.0,67,14295.34,EQNE
2009-07-23,225.0,244.0,210.0,230.0,76,16826.23,EQNE
2009-07-24,225.0,243.9,215.0,236.24,84,18454.77,EQNE
2009-07-27,225.5,238.0,201.0,230.0,222,47833.31,EQNE
2009-07-28,215.5,215.5,201.0,202.15,172,35111.04,EQNE
2009-07-29,201.0,213.12,200.0,213.12,73,14674.12,EQNE
2009-07-30,213.94,222.0,199.63,220.0,126,26930.27,EQNE
2009-07-31,218.0,225.0,201.0,215.0,124,26024.78,EQNE
2009-08-03,217.0,218.5,205.0,205.51,239,49827.1,EQNE
2009-08-04,217.0,217.8,204.05,204.05,81,17386.45,EQNE
2009-08-05,224.0,242.0,224.0,225.0,87,19736.42,EQNE
2009-08-06,239.0,240.0,239.0,240.0,16,3836.0,EQNE
2009-08-07,240.0,242.0,235.0,240.0,46,10893.94,EQNE
2009-08-10,241.0,241.98,230.0,234.99,54,12579.99,EQNE
2009-08-11,241.99,277.77,232.0,240.0,333,85124.99,EQNE
2009-08-12,250.0,259.99,235.0,257.96,101,24324.94,EQNE
2009-08-13,259.99,276.98,259.99,272.0,224,59145.87,EQNE
2009-08-14,278.99,278.99,255.01,278.0,167,45373.59,EQNE
2009-08-17,245.0,288.88,245.0,279.99,150,41095.14,EQNE
2009-08-18,296.99,297.0,270.0,270.0,39,10824.01,EQNE
2009-08-19,234.19,261.0,234.19,260.0,18,4664.19,EQNE
2009-08-21,260.0,272.61,260.0,272.61,48,12834.2,EQNE
2009-08-24,280.0,288.0,261.03,284.0,67,18043.24,EQNE
2009-08-25,272.99,289.98,262.01,289.98,217,58454.39,EQNE
2009-08-26,275.01,290.0,260.0,284.0,319,86190.19,EQNE
2009-08-27,272.2,284.5,269.05,273.89,106,29232.82,EQNE
2009-08-28,289.97,289.97,251.0,274.0,286,73235.27,EQNE
2009-08-31,273.22,275.0,250.5,275.0,162,42907.65,EQNE
2009-09-01,275.0,288.0,255.0,285.0,482,126379.21,EQNE
2009-09-02,269.72,305.0,269.72,305.0,1106,319180.82,EQNE
2009-09-03,285.0,309.98,285.0,309.98,91,27316.88,EQNE
2009-09-04,300.0,310.0,290.0,305.0,447,134654.1,EQNE
2009-09-07,305.0,307.5,300.0,307.5,44,13396.47,EQNE
2009-09-08,307.5,309.0,307.5,309.0,13,4002.0,EQNE
2009-09-10,298.09,309.97,290.0,309.97,53,15779.5,EQNE
2009-09-11,295.0,310.0,289.99,310.0,1215,355882.32,EQNE
2009-09-15,309.97,310.0,296.0,296.0,100,30229.21,EQNE
2009-09-16,309.96,330.01,309.96,325.0,511,167146.59,EQNE
2009-09-17,338.0,425.0,338.0,360.0,1009,379467.5,EQNE
2009-09-18,359.95,400.0,329.99,400.0,1249,466013.06,EQNE
2009-09-21,370.39,395.0,317.13,364.99,159,59162.92,EQNE
2009-09-22,394.84,394.99,370.0,394.97,38,14880.97,EQNE
2009-09-23,395.0,399.0,345.0,345.0,407,147209.42,EQNE
2009-09-24,371.97,374.99,350.0,373.0,110,38698.95,EQNE
2009-09-25,374.97,374.97,374.97,374.97,1,374.97,EQNE
2009-09-28,372.86,397.95,350.02,396.97,137,51172.37,EQNE
2009-09-29,396.99,396.99,396.99,396.99,1,396.99,EQNE
2009-09-30,398.97,398.97,389.99,390.0,22,8759.39,EQNE
2009-10-01,390.0,390.0,360.0,390.0,33,12240.0,EQNE
2009-10-02,390.0,390.0,370.0,370.0,2,760.0,EQNE
2009-10-05,350.01,374.0,350.01,374.0,32,11524.01,EQNE
2009-10-06,390.0,390.0,350.0,370.0,240,85892.73,EQNE
2009-10-07,390.0,390.0,345.0,370.0,646,236899.48,EQNE
2009-10-08,389.99,389.99,375.0,375.0,111,42620.01,EQNE
2009-10-09,387.0,389.94,387.0,389.94,20,7792.92,EQNE
2009-10-12,398.0,400.0,390.0,400.0,29,11550.46,EQNE
2009-10-13,410.0,410.0,365.02,394.96,17,6374.36,EQNE
2009-10-14,397.0,397.0,355.01,390.88,273,101839.14,EQNE
2009-10-15,394.97,394.97,371.0,371.0,69,25627.99,EQNE
2009-10-16,379.99,400.0,379.99,399.49,76,29412.64,EQNE
2009-10-19,388.0,399.47,381.25,398.99,59,22791.36,EQNE
2009-10-20,397.65,397.65,397.65,397.65,1,397.65,EQNE
2009-10-21,399.5,450.0,355.0,392.9,226,91778.52,EQNE
2009-10-23,399.0,399.0,399.0,399.0,1,399.0,EQNE
2009-10-26,385.0,399.0,385.0,399.0,4,1582.0,EQNE
2009-10-27,380.0,392.95,355.14,392.95,21,7868.35,EQNE
2009-10-28,400.0,415.0,384.0,384.0,7,2755.0,EQNE
2009-10-29,338.35,360.0,240.0,360.0,195,57196.13,EQNE
2009-10-30,360.0,360.0,350.0,350.0,6,2110.0,EQNE
2009-11-02,355.35,360.51,347.35,348.07,7,2476.98,EQNE
2009-11-03,342.34,368.57,342.0,355.0,7,2434.93,EQNE
2009-11-05,368.58,368.58,368.58,368.58,1,368.58,EQNE
2009-11-06,368.63,369.0,340.0,351.0,26,9495.82,EQNE
2009-11-09,368.98,399.0,368.98,394.98,137,53631.78,EQNE
2009-11-10,376.26,376.62,376.26,376.62,2,752.88,EQNE
2009-11-11,393.98,393.98,369.0,369.0,96,36060.28,EQNE
2009-11-12,378.0,378.0,372.0,372.0,96,35748.0,EQNE
2009-11-13,360.0,360.0,360.0,360.0,62,22320.0,EQNE
2009-11-16,361.08,363.32,361.08,363.32,6,2168.72,EQNE
2009-11-18,378.99,379.99,378.99,379.99,14,5310.91,EQNE
2009-11-19,379.99,379.99,379.99,379.99,10,3799.9,EQNE
2009-11-20,380.0,380.0,380.0,380.0,300,114000.0,EQNE
2009-11-23,385.0,385.0,385.0,385.0,6,2310.0,EQNE
2009-11-24,350.0,375.0,329.11,343.0,25,8417.92,EQNE
2009-11-25,351.0,370.0,351.0,355.86,36,13060.66,EQNE
2009-11-26,380.0,380.0,345.0,345.0,25,8662.3,EQNE
2009-11-27,350.35,350.35,330.0,350.0,634,221599.43,EQNE
2009-11-30,370.0,370.0,370.0,370.0,1,370.0,EQNE
2009-12-01,375.0,375.0,341.01,370.01,719,254375.72,EQNE
2009-12-02,373.01,373.98,335.1,369.0,146,52793.15,EQNE
2009-12-03,352.1,364.98,342.01,346.0,31,10766.07,EQNE
2009-12-04,341.37,344.2,340.0,344.2,50,17033.42,EQNE
2009-12-07,369.99,369.99,369.99,369.99,2,739.98,EQNE
2009-12-08,350.71,354.0,350.0,350.0,57,19979.88,EQNE
2009-12-09,349.4,349.99,349.4,349.99,4,1398.78,EQNE
2009-12-10,341.0,341.0,341.0,341.0,10,3410.0,EQNE
2009-12-11,349.99,349.99,349.99,349.99,1,349.99,EQNE
2009-12-16,369.95,369.95,369.95,369.95,10,3699.5,EQNE
2009-12-17,363.99,363.99,363.99,363.99,1,363.99,EQNE
2009-12-18,359.99,360.0,359.99,359.99,21,7559.9,EQNE
2009-12-23,349.0,349.0,336.0,336.0,67,22744.1,EQNE
2009-12-24,340.0,340.0,329.01,329.01,55,18153.39,EQNE
2009-12-25,330.78,330.78,330.78,330.78,1,330.78,EQNE
2009-12-28,340.72,340.72,329.0,329.0,17,5621.76,EQNE
2009-12-29,380.0,380.0,330.0,330.0,265,92600.12,EQNE
2009-12-30,330.15,330.15,330.0,330.0,30,9900.3,EQNE
2010-01-11,359.99,359.99,305.0,330.0,306,97873.06,EQNE
2010-01-13,313.0,368.99,313.0,368.99,164,55952.95,EQNE
2010-01-14,330.0,367.97,329.99,348.98,206,69136.45,EQNE
2010-01-15,345.0,380.0,345.0,379.0,174,62961.73,EQNE
2010-01-18,326.41,372.0,326.4,372.0,34,11234.7,EQNE
2010-01-19,340.01,409.0,340.01,400.0,804,310250.64,EQNE
2010-01-20,400.0,400.0,385.0,395.0,151,59778.0,EQNE
2010-01-21,395.0,400.99,385.0,399.0,1267,504181.02,EQNE
2010-01-22,400.0,400.0,390.0,400.0,356,140940.0,EQNE
2010-01-25,400.0,410.0,399.96,399.96,606,246329.13,EQNE
2010-01-26,400.0,410.01,400.0,410.0,643,263308.71,EQNE
2010-01-27,418.87,435.0,418.81,433.99,46,19719.12,EQNE
2010-01-28,420.05,420.05,420.0,420.0,129,54180.85,EQNE
2010-01-29,425.0,425.0,420.0,425.0,29,12280.0,EQNE
2010-02-01,425.0,425.0,425.0,425.0,57,24225.0,EQNE
2010-02-02,425.0,434.93,425.0,430.0,20,8594.37,EQNE
2010-02-03,425.0,435.0,425.0,434.98,230,99936.2,EQNE
2010-02-04,425.01,425.01,425.0,425.0,110,46750.1,EQNE
2010-02-05,420.0,420.0,420.0,420.0,84,35280.0,EQNE
2010-02-08,420.0,420.0,420.0,420.0,8,3360.0,EQNE
2010-02-11,424.87,588.0,424.87,459.96,907,485909.14,EQNE
2010-02-12,425.03,425.03,425.03,425.03,1,425.03,EQNE
2010-02-15,430.0,450.0,430.0,440.0,22,9589.99,EQNE
2010-02-16,430.01,450.0,430.0,440.0,66,28888.01,EQNE
2010-02-17,445.0,445.0,445.0,445.0,8,3560.0,EQNE
2010-02-18,435.01,499.0,435.01,499.0,13,6422.84,EQNE
2010-02-19,441.5,459.96,441.5,459.96,14,6217.92,EQNE
2010-02-25,499.9,499.98,499.9,499.98,12,5999.6,EQNE
2010-02-26,529.98,600.0,503.0,503.02,45,23376.54,EQNE
2010-02-27,505.04,549.98,503.0,549.98,63,31805.13,EQNE
2010-03-01,599.97,599.98,549.96,549.96,75,41447.07,EQNE
2010-03-02,549.99,550.0,549.99,550.0,50,27499.9,EQNE
2010-03-03,510.0,550.0,510.0,550.0,57,31309.9,EQNE
2010-03-05,541.0,541.0,541.0,541.0,1,541.0,EQNE
2010-03-11,525.0,525.0,525.0,525.0,51,26775.0,EQNE
2010-03-12,525.0,525.0,525.0,525.0,50,26250.0,EQNE
2010-03-15,525.0,525.0,525.0,525.0,123,64575.0,EQNE
2010-03-17,525.0,525.0,525.0,525.0,191,100275.0,EQNE
2010-03-18,535.0,535.0,535.0,535.0,2,1070.0,EQNE
2010-03-23,500.0,500.0,500.0,500.0,11,5500.0,EQNE
2010-03-24,500.0,550.0,500.0,550.0,527,279955.0,EQNE
2010-03-25,574.99,630.0,525.0,630.0,1163,710555.02,EQNE
2010-03-26,590.1,700.0,590.1,700.0,340,232608.44,EQNE
2010-03-29,600.0,849.8,600.0,849.8,43,31185.91,EQNE
2010-03-30,945.0,975.0,735.0,823.0,708,591772.13,EQNE
2010-03-31,954.0,999.0,860.0,950.0,712,666722.67,EQNE
2010-04-01,875.0,950.0,874.01,915.0,45,40669.8,EQNE
2010-04-02,915.0,960.0,900.01,960.0,12,11205.0,EQNE
2010-04-05,969.99,1185.0,969.99,1000.0,798,805904.17,EQNE
2010-04-06,1045.0,1400.0,1045.0,1300.0,1466,1885634.78,EQNE
2010-04-07,1300.0,1400.0,1260.06,1310.0,877,1163133.59,EQNE
2010-04-08,1299.99,1300.0,1155.04,1192.1,288,349257.93,EQNE
2010-04-09,1200.01,1249.99,1155.03,1155.04,283,338179.32,EQNE
2010-04-12,1209.0,1209.0,1155.03,1156.0,177,207940.24,EQNE
2010-04-13,1165.0,1165.0,1160.0,1160.0,111,129025.0,EQNE
2010-04-14,1170.0,1170.0,1035.01,1100.07,323,362466.05,EQNE
2010-04-15,1100.0,1100.0,1030.0,1085.0,225,234321.19,EQNE
2010-04-16,1050.0,1064.99,990.08,1000.0,85,86841.98,EQNE
2010-04-19,950.0,1088.0,950.0,1088.0,22,21587.82,EQNE
2010-04-20,1000.0,1000.0,955.04,955.04,4,3865.12,EQNE
2010-04-21,1100.0,1100.0,880.01,1000.0,52,49310.88,EQNE
2010-04-22,1049.99,1050.0,901.03,1024.98,28,26666.5,EQNE
2010-04-23,1022.0,1022.0,1022.0,1022.0,2,2044.0,EQNE
2010-04-26,985.0,985.0,922.03,922.03,26,24621.39,EQNE
2010-04-27,902.01,984.9,902.0,920.01,51,48626.69,EQNE
2010-04-28,910.02,950.2,910.02,950.2,3,2770.24,EQNE
2010-04-29,910.01,930.0,901.12,905.01,33,29989.99,EQNE
2010-04-30,907.01,907.01,902.0,902.0,17,15342.11,EQNE
2010-05-04,901.09,901.09,898.0,898.0,11,9905.42,EQNE
2010-05-05,979.0,979.0,803.0,934.99,67,60183.98,EQNE
2010-05-06,973.3,991.99,822.0,883.0,80,71988.65,EQNE
2010-05-07,947.0,948.0,852.0,852.0,20,18018.54,EQNE
2010-05-11,800.02,949.0,800.01,949.0,44,37709.12,EQNE
2010-05-12,938.0,984.93,910.0,984.93,326,309349.71,EQNE
2010-05-13,855.07,900.0,855.07,900.0,7,6210.14,EQNE
2010-05-19,880.0,1100.0,850.0,1080.0,490,487984.0,EQNE
2010-05-20,1069.96,1080.0,920.02,1024.0,229,231499.06,EQNE
2010-05-21,1144.0,1277.15,900.03,949.79,37,36087.95,EQNE
2010-05-24,900.0,958.0,815.0,877.0,131,112911.94,EQNE
2010-05-25,923.24,923.24,769.99,769.99,63,50426.79,EQNE
2010-05-26,875.0,929.98,775.0,865.0,17,14154.05,EQNE
2010-05-27,880.0,880.0,879.87,879.87,7,6159.22,EQNE
2010-05-28,949.89,949.89,830.0,924.99,86,77808.01,EQNE
2010-05-31,924.98,1074.99,914.98,1074.99,9,8760.8,EQNE
2010-06-01,950.0,1059.99,950.0,1059.99,45,44622.01,EQNE
2010-06-02,1049.99,1099.0,1000.01,1040.0,76,80283.37,EQNE
2010-06-03,1088.89,1098.89,953.04,1050.0,267,274814.93,EQNE
2010-06-04,986.0,1074.99,953.01,999.99,92,92059.06,EQNE
2010-06-07,995.5,1049.99,900.22,948.97,75,69864.62,EQNE
2010-06-08,964.91,1000.0,917.24,917.24,18,17318.31,EQNE
2010-06-09,1040.0,1040.0,950.01,950.02,4,3940.02,EQNE
2010-06-10,989.95,989.95,989.95,989.95,1,989.95,EQNE
2010-06-11,1044.0,1044.0,920.0,979.87,23,21918.25,EQNE
2010-06-15,999.95,999.95,999.95,999.95,1,999.95,EQNE
2010-06-16,999.96,999.96,930.0,930.0,7,6579.97,EQNE
2010-06-17,998.91,998.91,998.91,998.91,1,998.91,EQNE
2010-06-18,974.99,974.99,969.99,970.0,659,639234.98,EQNE
2010-06-21,1000.0,1000.0,974.96,974.96,2,1974.96,EQNE
2010-06-22,900.03,999.98,900.03,999.98,2,1900.01,EQNE
2010-06-23,1000.0,1044.0,637.93,899.0,120,101719.05,EQNE
2010-06-24,948.99,948.99,860.01,899.0,12,10749.01,EQNE
2010-06-25,904.99,904.99,904.99,904.99,1,904.99,EQNE
2010-06-28,964.99,964.99,899.0,934.98,15,13906.82,EQNE
2010-06-29,930.0,939.99,804.01,929.98,76,66710.93,EQNE
2010-06-30,923.99,923.99,898.98,898.98,2,1822.97,EQNE
2010-07-01,918.99,918.99,909.0,909.0,6,5463.99,EQNE
2010-07-02,865.0,918.0,865.0,918.0,35,31634.83,EQNE
2010-07-05,1101.0,1101.0,850.0,915.0,37,32265.99,EQNE
2010-07-06,938.0,938.0,841.04,920.0,41,35858.24,EQNE
2010-07-07,909.99,919.9,880.0,909.99,5,4499.88,EQNE
2010-07-08,1096.49,1096.49,856.0,880.1,114,100651.8,EQNE
2010-07-09,865.24,865.24,865.24,865.24,1,865.24,EQNE
2010-07-12,924.0,924.0,899.0,899.0,2,1823.0,EQNE
2010-07-13,897.98,897.98,879.0,879.0,5,4413.98,EQNE
2010-07-15,857.12,857.12,855.0,855.0,11,9419.85,EQNE
2010-07-16,1048.0,1048.0,840.0,840.0,3,2738.0,EQNE
2010-07-19,880.0,880.0,880.0,880.0,1,880.0,EQNE
2010-07-20,805.09,879.99,805.09,879.99,7,5710.53,EQNE
2010-07-21,849.99,878.79,849.99,878.79,7,6007.53,EQNE
2010-07-22,890.0,917.97,850.0,887.0,10,8723.97,EQNE
2010-07-23,1070.0,1070.0,879.99,879.99,3,2829.98,EQNE
2010-07-26,990.0,990.0,850.5,890.0,12,10728.5,EQNE
2010-07-27,800.0,900.0,798.01,900.0,2029,1642614.15,EQNE
2010-07-28,835.51,900.0,830.0,900.0,40,34763.56,EQNE
2010-07-29,878.97,878.97,878.97,878.97,2,1757.94,EQNE
2010-07-30,850.0,880.0,831.0,845.0,59,49751.53,EQNE
2010-08-02,845.66,862.7,845.66,862.7,12,10301.22,EQNE
2010-08-03,854.17,854.17,837.0,837.0,6,5057.27,EQNE
2010-08-04,829.05,899.89,820.84,875.47,38,31922.61,EQNE
2010-08-05,862.8,862.8,829.13,854.25,33,28195.56,EQNE
2010-08-06,845.8,845.8,829.17,835.0,110,92157.39,EQNE
2010-08-09,845.8,845.8,845.8,845.8,1,845.8,EQNE
2010-08-10,854.25,854.25,837.44,837.44,4,3391.74,EQNE
2010-08-11,829.15,837.44,829.15,837.44,2,1666.59,EQNE
2010-08-12,834.0,834.0,819.0,819.0,4,3303.09,EQNE
2010-08-13,813.0,841.97,813.0,820.94,7,5773.01,EQNE
2010-08-16,829.16,829.16,704.0,800.0,32,24993.65,EQNE
2010-08-17,804.01,819.99,716.0,799.84,867,631496.13,EQNE
2010-08-18,779.99,779.99,740.0,740.0,387,287171.13,EQNE
2010-08-19,740.01,741.99,700.0,709.01,481,339323.08,EQNE
2010-08-20,744.79,765.0,701.02,720.0,487,354457.0,EQNE
2010-08-23,700.0,739.92,700.0,729.96,28,20009.29,EQNE
2010-08-24,739.0,739.0,700.61,704.0,13,9197.46,EQNE
2010-08-25,799.5,799.5,727.99,727.99,2,1527.49,EQNE
2010-08-26,796.5,796.5,666.66,714.0,39,27550.08,EQNE
2010-08-27,738.87,751.0,730.0,748.99,584,437152.36,EQNE
2010-08-30,748.0,804.8,720.0,781.18,191,149409.91,EQNE
2010-08-31,750.01,797.0,750.0,781.2,96,74690.41,EQNE
2010-09-01,789.02,795.0,773.47,781.21,19,14962.61,EQNE
2010-09-02,786.0,796.0,761.0,761.0,98,74883.88,EQNE
2010-09-03,760.0,760.01,720.02,751.0,59,44450.3,EQNE
2010-09-06,758.24,773.56,750.74,773.56,25,19269.64,EQNE
2010-09-07,770.0,789.11,770.0,789.11,145,112931.76,EQNE
2010-09-08,797.01,866.0,781.32,838.21,3174,2614869.64,EQNE
2010-09-09,846.58,846.58,835.0,840.0,15,12556.49,EQNE
2010-09-10,829.91,838.21,810.0,830.0,27,22208.88,EQNE
2010-09-13,829.91,838.21,810.0,813.56,17,14015.77,EQNE
2010-09-14,821.68,821.68,777.03,789.63,63,49360.32,EQNE
2010-09-15,790.0,805.54,790.0,805.54,80,64084.28,EQNE
2010-09-16,800.02,818.94,800.0,818.94,252,201618.96,EQNE
2010-09-17,818.99,818.99,800.0,800.0,4,3219.01,EQNE
2010-09-20,797.56,847.0,790.0,847.0,33,26256.6,EQNE
2010-09-21,813.58,869.99,813.58,869.99,50,42879.59,EQNE
2010-09-22,838.28,838.28,825.0,825.0,11,9163.26,EQNE
2010-09-23,830.0,855.14,830.0,830.08,17,14276.31,EQNE
2010-09-24,838.37,855.24,838.37,846.8,4,3387.17,EQNE
2010-09-27,838.42,850.0,830.12,846.81,11,9242.77,EQNE
2010-09-28,838.42,854.6,818.0,854.6,34,28312.34,EQNE
2010-09-29,852.0,897.99,852.0,864.28,93,80793.02,EQNE
2010-09-30,869.73,897.99,869.73,872.94,9,7876.43,EQNE
2010-10-01,864.3,879.15,811.02,879.15,15,12662.6,EQNE
2010-10-04,879.15,879.15,864.3,864.3,7,6082.95,EQNE
2010-10-05,855.75,897.99,834.04,864.52,57,49367.84,EQNE
2010-10-06,855.96,855.96,847.48,855.96,6,5121.84,EQNE
2010-10-07,847.48,980.0,847.48,952.0,671,628457.86,EQNE
2010-10-08,958.0,966.66,900.0,950.0,639,589137.42,EQNE
2010-10-11,950.0,979.0,912.93,931.28,89,82508.15,EQNE
2010-10-13,940.58,996.66,939.99,996.66,182,172282.53,EQNE
2010-10-14,951.12,998.0,911.01,955.0,120,115563.53,EQNE
2010-10-15,989.0,1034.0,965.0,1029.97,326,325514.52,EQNE
2010-10-18,1018.99,1018.99,981.13,1015.0,59,59545.05,EQNE
2010-10-19,1054.0,1054.0,1021.0,1021.0,2,2075.0,EQNE
2010-10-20,990.8,990.8,950.08,979.0,42,40608.6,EQNE
2010-10-21,950.0,985.0,950.0,985.0,43,41532.76,EQNE
2010-10-22,951.02,981.98,951.01,981.98,36,34267.43,EQNE
2010-10-25,969.99,969.99,969.78,969.78,82,79528.06,EQNE
2010-10-26,967.97,967.97,967.97,967.97,1,967.97,EQNE
2010-10-27,940.01,940.01,930.01,930.01,24,22450.3,EQNE
2010-10-29,964.77,964.77,922.05,963.56,18,16726.55,EQNE
2010-11-01,930.0,949.86,930.0,949.86,11,10249.86,EQNE
2010-11-02,949.93,1040.0,949.93,1040.0,246,245594.66,EQNE
2010-11-03,1097.0,1097.0,1051.01,1051.01,12,12861.02,EQNE
2010-11-08,1089.0,1091.0,944.02,1070.03,85,88405.43,EQNE
2010-11-09,952.0,1058.0,952.0,1025.0,617,634846.8,EQNE
2010-11-10,1035.0,1175.0,1035.0,1129.99,627,699004.78,EQNE
2010-11-11,1168.99,1169.0,1051.01,1122.12,30,34375.04,EQNE
2010-11-12,1115.02,1169.99,1115.02,1121.01,3,3406.02,EQNE
2010-11-13,1051.0,1315.15,1002.23,1100.04,496,575879.98,EQNE
2010-11-15,1051.0,1150.0,1025.04,1150.0,14,15364.14,EQNE
2010-11-16,1191.0,1191.0,1141.1,1148.85,10,11649.35,EQNE
2010-11-17,1175.01,1250.0,1102.01,1169.0,54,60205.51,EQNE
2010-11-18,1141.0,1230.0,1122.54,1199.0,449,534515.72,EQNE
2010-11-19,1229.0,1229.0,1229.0,1229.0,3,3687.0,EQNE
2010-11-22,1250.0,1299.0,1165.04,1250.0,1357,1688173.13,EQNE
2010-11-23,1171.0,1249.99,1141.03,1200.0,419,499391.91,EQNE
2010-11-24,1141.01,1249.0,1141.01,1248.99,3,3639.0,EQNE
2010-11-25,1279.99,1279.99,1201.06,1247.93,14,17054.28,EQNE
2010-11-26,1201.03,1219.99,1201.03,1219.99,19,23160.85,EQNE
2010-11-29,1284.99,1284.99,1191.02,1268.97,6,7436.49,EQNE
2010-11-30,1275.0,1290.0,1222.0,1249.99,28,35833.78,EQNE
2010-12-01,1289.0,1289.0,1200.0,1200.0,67,80958.71,EQNE
2010-12-02,1200.0,1220.0,1192.51,1220.0,53,63764.03,EQNE
2010-12-03,1192.51,1229.99,1177.5,1177.5,77,91655.73,EQNE
2010-12-06,1177.43,1227.99,1154.36,1196.91,39,46799.91,EQNE
2010-12-07,1170.0,1200.96,1170.0,1175.0,50,58905.03,EQNE
2010-12-08,1200.97,1643.99,1200.97,1333.33,5178,7378208.07,EQNE
2010-12-09,1337.0,1387.96,1214.03,1285.77,782,998042.41,EQNE
2010-12-10,1250.01,1334.57,1175.57,1223.89,351,422154.65,EQNE
2010-12-13,1222.07,1279.94,1187.9,1228.0,246,299744.69,EQNE
2010-12-14,1229.39,1245.3,1200.02,1229.97,105,127711.64,EQNE
2010-12-15,1234.99,1244.58,1210.01,1243.0,125,153888.84,EQNE
2010-12-16,1244.89,1278.87,1225.22,1249.89,49,61036.22,EQNE
2010-12-17,1259.94,1259.94,1215.21,1215.21,47,57441.09,EQNE
2010-12-20,1245.0,1285.75,1215.0,1269.94,138,172924.74,EQNE
2010-12-21,1260.88,1285.85,1236.16,1236.16,74,92409.49,EQNE
2010-12-22,1260.1,1440.0,1250.0,1280.0,2360,3108156.34,EQNE
2010-12-23,1314.28,1340.54,1265.0,1293.0,314,404231.84,EQNE
2010-12-24,1297.99,1297.99,1263.28,1263.28,66,83795.35,EQNE
2010-12-27,1293.86,1293.86,1240.54,1246.5,57,71274.71,EQNE
2010-12-28,1307.96,1309.83,1247.31,1277.5,135,171452.36,EQNE
2010-12-29,1288.57,1349.99,1260.0,1290.0,285,366393.36,EQNE
2010-12-30,1314.57,1314.57,1275.5,1283.0,234,303114.36,EQNE
2011-01-11,1299.09,1299.97,1266.55,1299.97,189,240590.32,EQNE
2011-01-12,1299.0,1299.0,1270.0,1289.99,98,125092.29,EQNE
2011-01-13,1313.98,1313.98,1251.0,1279.99,106,134369.25,EQNE
2011-01-14,1288.82,1288.82,1250.0,1250.0,180,226013.82,EQNE
2011-01-17,1279.99,1279.99,1244.0,1250.0,72,89975.99,EQNE
2011-01-18,1278.99,1278.99,1230.99,1231.0,17,21020.77,EQNE
2011-01-19,1249.97,1249.97,1188.85,1205.99,470,566277.85,EQNE
2011-01-20,1248.88,1248.88,1248.88,1248.88,1,1248.88,EQNE
2011-01-21,1214.51,1229.87,1190.69,1199.94,54,64668.58,EQNE
2011-01-24,1200.0,1200.0,1171.0,1199.94,9,10635.25,EQNE
2011-01-25,1199.96,1199.96,1168.0,1199.91,29,34093.08,EQNE
2011-01-26,1225.0,1225.0,1159.99,1190.0,134,158636.27,EQNE
2011-01-27,1190.7,1190.7,1130.0,1150.0,185,212378.99,EQNE
2011-01-28,1158.88,1189.74,1144.48,1159.99,10,11633.28,EQNE
2011-01-31,1167.42,1250.0,1160.0,1200.0,192,232395.15,EQNE
2011-02-01,1190.76,1240.0,1160.0,1182.69,334,397006.08,EQNE
2011-02-02,1200.0,1200.0,1171.14,1171.14,86,100775.62,EQNE
2011-02-03,1199.0,1239.98,1115.0,1134.86,199,224687.54,EQNE
2011-02-04,1148.88,1188.84,1100.01,1129.99,88,99551.47,EQNE
2011-02-07,1057.01,1157.98,1057.01,1111.03,71,79091.21,EQNE
2011-02-08,1167.69,1167.69,1109.96,1127.98,333,373234.32,EQNE
2011-02-09,1139.99,1139.99,1075.34,1119.99,48,53567.31,EQNE
2011-02-10,1042.0,1150.0,1042.0,1117.99,11,11917.81,EQNE
2011-02-11,1139.99,1139.99,1098.99,1129.7,11,12372.41,EQNE
2011-02-14,1139.99,1139.99,1099.84,1100.0,186,204756.51,EQNE
2011-02-15,1147.98,1147.98,1064.0,1090.0,19,20921.97,EQNE
2011-02-16,1100.0,1100.0,1100.0,1100.0,1,1100.0,EQNE
2011-02-17,1100.0,1100.01,1086.98,1098.93,205,225322.88,EQNE
2011-02-18,1118.99,1118.99,1118.99,1118.99,1,1118.99,EQNE
2011-02-21,1219.5,1219.5,1055.92,1088.99,305,337399.3,EQNE
2011-02-22,1087.65,1119.96,1062.09,1117.94,13,13972.01,EQNE
2011-02-24,1100.0,1140.0,1060.01,1099.85,461,507932.89,EQNE
2011-02-25,1135.0,1135.0,1071.5,1104.87,121,133816.62,EQNE
2011-02-28,1134.0,1134.0,1053.04,1094.91,125,133180.9,EQNE
2011-03-01,1106.9,1146.4,1053.2,1140.1,319,352730.9,EQNE
2011-03-02,1122.0,1188.9,1122.0,1122.4,9,10293.7,EQNE
2011-03-03,1135.1,1156.9,1100.0,1123.8,156,172141.6,EQNE
2011-03-04,1068.1,1158.3,1068.0,1120.9,4521,5023494.1,EQNE
2011-03-05,1070.1,1139.7,1070.1,1100.0,15,16491.2,EQNE
2011-03-09,1123.7,1123.7,1091.0,1112.7,47,51565.9,EQNE
2011-03-10,1123.8,1149.8,1065.0,1112.6,43,46627.2,EQNE
2011-03-11,1112.7,1140.0,1101.7,1101.7,3,3354.4,EQNE
2011-03-14,1112.7,1147.9,1045.0,1101.7,139,148555.1,EQNE
2011-03-15,1112.7,1145.0,1058.8,1069.4,78,84689.3,EQNE
2011-03-16,1094.7,1094.7,1042.0,1042.0,121,126664.1,EQNE
2011-03-17,1031.1,1101.5,1031.1,1101.5,7,7536.2,EQNE
2011-03-18,1144.9,1144.9,1033.0,1085.9,55,58258.8,EQNE
2011-03-21,1097.2,1097.2,1049.9,1059.8,137,144240.4,EQNE
2011-03-22,1051.1,1089.0,1051.1,1089.0,54,58761.8,EQNE
2011-03-23,1060.1,1086.9,1042.0,1050.0,1254,1316531.6,EQNE
2011-03-24,1035.5,1170.0,1029.9,1079.0,4218,4679650.3,EQNE
2011-03-25,1090.0,1129.9,1050.0,1085.3,541,584934.1,EQNE
2011-03-28,1059.0,1111.0,1058.2,1092.0,68,73549.9,EQNE
2011-03-29,1065.0,1108.7,1055.0,1071.9,235,250379.0,EQNE
2011-03-30,1098.9,1098.9,1031.1,1065.0,58,61089.8,EQNE
2011-03-31,1069.1,1069.9,1031.0,1062.3,117,121634.6,EQNE
2011-04-01,1031.3,1066.8,1030.0,1045.0,128,132544.0,EQNE
2011-04-04,1059.6,1078.0,1040.0,1066.0,363,384909.3,EQNE
2011-04-05,1042.3,1076.9,1042.3,1071.0,24,25605.6,EQNE
2011-04-06,1075.9,1130.0,1072.0,1124.8,1073,1183766.6,EQNE
2011-04-07,1139.5,1241.8,1087.4,1189.9,1420,1670715.4,EQNE
2011-04-08,1151.1,1250.0,1120.0,1180.0,979,1159015.3,EQNE
2011-04-11,1200.0,1241.5,1125.1,1214.0,261,310719.4,EQNE
2011-04-12,1213.6,1239.7,1170.9,1170.9,5574,6798933.9,EQNE
2011-04-13,1185.6,1185.8,1159.2,1182.6,4,4713.2,EQNE
2011-04-14,1153.0,1187.0,1126.3,1149.9,213,242318.4,EQNE
2011-04-15,1165.0,1188.4,1165.0,1169.2,192,224497.4,EQNE
2011-04-18,1170.9,1194.3,1150.0,1164.9,689,799818.9,EQNE
2011-04-19,1177.9,1177.9,1169.1,1169.1,2,2347.0,EQNE
2011-04-20,1189.0,1230.0,1162.0,1170.0,332,398355.2,EQNE
2011-04-21,1168.1,1217.9,1160.0,1183.5,206,244327.0,EQNE
2011-04-22,1198.0,1198.8,1179.0,1180.1,108,127475.9,EQNE
2011-04-25,1215.6,1215.8,1186.0,1188.9,28,33358.9,EQNE
2011-04-26,1161.1,1198.5,1055.5,1187.9,114,130219.1,EQNE
2011-04-27,1199.9,1218.0,1080.0,1196.6,70,79453.5,EQNE
2011-04-28,1090.3,1182.7,1081.4,1180.0,227,256162.6,EQNE
2011-04-29,1422.0,1422.0,1150.0,1169.8,243,285431.3,EQNE
2011-05-03,1147.9,1151.5,1121.5,1133.9,27,30629.3,EQNE
2011-05-04,1150.0,1184.8,1057.2,1114.2,169,184376.5,EQNE
2011-05-05,1169.6,1169.6,1068.0,1068.0,42,46337.3,EQNE
2011-05-06,1060.0,1340.0,1020.0,1309.9,2971,3649810.1,EQNE
2011-05-10,1329.9,1770.0,1320.1,1649.4,21544,34184978.4,EQNE
2011-05-11,1698.5,1789.9,1393.0,1401.6,12284,18794346.2,EQNE
2011-05-12,1395.0,1470.0,1337.0,1399.3,2324,3224652.2,EQNE
2011-05-13,1405.0,1496.5,1381.0,1417.0,2463,3536853.5,EQNE
2011-05-16,1416.9,1490.0,1350.0,1415.0,2413,3379433.0,EQNE
2011-05-17,1419.0,1437.0,1280.1,1284.6,2308,3088268.4,EQNE
2011-05-18,1382.5,1382.5,1061.1,1111.1,2950,3272321.8,EQNE
2011-05-19,1130.0,1133.5,1071.1,1100.0,668,741685.0,EQNE
2011-05-20,1080.8,1104.9,1065.0,1099.9,454,492547.5,EQNE
2011-05-23,1129.0,1129.0,1080.0,1104.0,484,531012.9,EQNE
2011-05-24,1128.3,1128.3,1082.1,1104.7,107,117377.5,EQNE
2011-05-25,1127.0,1139.8,1093.2,1138.8,796,892227.1,EQNE
2011-05-26,1111.0,1148.8,1110.0,1120.0,382,432420.1,EQNE
2011-05-27,1169.7,1179.9,1125.1,1167.1,808,927589.7,EQNE
2011-05-30,1195.0,1195.0,1125.0,1159.7,324,375973.0,EQNE
2011-05-31,1187.4,1200.0,1141.0,1179.5,498,587710.2,EQNE
2011-06-01,1174.0,1182.8,1151.0,1179.6,248,289772.3,EQNE
2011-06-02,1070.2,1180.0,1042.0,1143.5,278,316223.6,EQNE
2011-06-03,1147.0,1157.0,1125.0,1141.0,245,279541.3,EQNE
2011-06-06,1140.0,1157.1,1135.1,1150.0,419,481743.9,EQNE
2011-06-07,1146.1,1160.5,1146.1,1160.5,48,55429.7,EQNE
2011-06-08,1150.9,1154.1,1137.0,1150.0,935,1071701.3,EQNE
2011-06-09,1164.5,1340.0,1160.0,1245.0,2240,2786433.6,EQNE
2011-06-10,1244.9,1269.5,1210.0,1234.5,669,824869.5,EQNE
2011-06-14,1290.0,1290.0,1200.3,1224.0,288,352459.1,EQNE
2011-06-15,1349.0,1349.0,1199.9,1228.9,1486,1799963.6,EQNE
2011-06-16,1250.0,1250.5,1200.9,1225.9,206,253580.2,EQNE
2011-06-17,1247.0,1247.0,1173.1,1212.0,205,247902.7,EQNE
2011-06-20,1203.3,1203.3,1130.0,1201.1,134,158542.2,EQNE
2011-06-21,1222.7,1229.6,1211.8,1211.8,106,129856.4,EQNE
2011-06-22,1207.6,1212.1,1190.1,1190.1,53,64005.0,EQNE
2011-06-23,1195.1,1199.7,1155.0,1180.6,109,129325.1,EQNE
2011-06-24,1183.1,1222.1,1180.6,1185.9,341,407662.0,EQNE
2011-06-27,1198.1,1229.8,1198.1,1219.8,103,124899.4,EQNE
2011-06-28,1239.4,1239.4,1224.0,1231.3,70,86534.1,EQNE
2011-06-29,1210.0,1241.4,1185.0,1229.9,250,304649.7,EQNE
2011-06-30,1238.0,1241.1,1200.0,1219.2,98,118586.5,EQNE
2011-07-01,1227.0,1259.9,1205.0,1259.9,183,223389.1,EQNE
2011-07-04,1212.0,1333.3,1212.0,1290.1,1657,2112776.1,EQNE
2011-07-05,1314.9,1420.0,1300.0,1388.9,4874,6762292.7,EQNE
2011-07-06,1398.0,1414.0,1353.5,1390.5,1013,1396654.5,EQNE
2011-07-07,1408.9,1408.9,1308.0,1345.0,779,1044537.7,EQNE
2011-07-08,1330.4,1397.0,1330.4,1360.9,287,391492.1,EQNE
2011-07-11,1380.5,1394.9,1357.7,1361.4,535,736530.7,EQNE
2011-07-12,1394.7,1394.7,1360.0,1360.0,157,216526.0,EQNE
2011-07-13,1357.0,1396.9,1357.0,1375.7,158,218803.0,EQNE
2011-07-14,1397.7,1397.7,1371.1,1396.9,468,647606.7,EQNE
2011-07-15,1370.3,1409.9,1370.3,1400.0,600,839450.6,EQNE
2011-07-18,1413.9,1498.0,1410.0,1493.7,1109,1625684.9,EQNE
2011-07-19,1493.6,1805.0,1483.1,1660.0,11359,18909566.5,EQNE
2011-07-20,1660.0,1748.9,1602.0,1639.9,2207,3659144.6,EQNE
2011-07-21,1668.9,1689.0,1620.1,1637.0,961,1586246.2,EQNE
2011-07-22,1674.5,1674.5,1580.8,1655.0,1132,1819845.7,EQNE
2011-07-25,1649.0,1747.9,1649.0,1686.6,2735,4635095.2,EQNE
2011-07-26,1714.9,1740.0,1691.0,1740.0,2434,4190358.2,EQNE
2011-07-27,1769.8,2025.5,1740.0,1999.8,8131,15631374.1,EQNE
2011-07-28,1990.0,2160.0,1932.0,2070.0,10177,21001813.7,EQNE
2011-07-29,2138.9,2139.0,1914.1,1922.2,4479,8992189.0,EQNE
2011-08-01,1978.0,1978.0,1701.5,1770.0,8515,15073362.9,EQNE
2011-08-02,1797.0,1839.8,1770.0,1789.0,3410,6121680.2,EQNE
2011-08-03,1799.5,1814.8,1622.1,1625.8,3497,6033937.2,EQNE
2011-08-04,1675.7,1750.0,1465.0,1654.0,4965,7885751.8,EQNE
2011-08-05,1619.6,1650.0,1501.0,1589.0,4014,6334649.0,EQNE
2011-08-08,1605.0,1729.9,1593.6,1636.1,3489,5762206.1,EQNE
2011-08-09,1600.3,1600.3,1489.0,1539.9,1792,2722239.2,EQNE
2011-08-10,1580.0,1614.9,1500.2,1510.4,1020,1574779.5,EQNE
2011-08-11,1570.0,1570.0,1464.0,1490.0,467,706818.0,EQNE
2011-08-12,1579.9,1579.9,1411.5,1478.0,574,834443.4,EQNE
2011-08-15,1500.3,1544.9,1405.1,1525.7,1096,1611537.1,EQNE
2011-08-16,1525.0,1600.0,1450.0,1540.7,7255,11097145.3,EQNE
2011-08-17,1548.9,1595.0,1505.8,1527.0,577,894003.3,EQNE
2011-08-18,1550.0,1558.7,1450.0,1479.9,692,1037322.0,EQNE
2011-08-19,1499.0,1499.2,1340.0,1429.9,748,1047427.7,EQNE
2011-08-22,1400.1,1496.0,1400.0,1485.0,746,1078466.3,EQNE
2011-08-23,1500.0,1506.0,1420.1,1432.3,587,854145.8,EQNE
2011-08-24,1474.9,1474.9,1382.0,1413.0,183,258595.3,EQNE
2011-08-25,1399.6,1440.0,1350.7,1395.0,851,1184826.8,EQNE
2011-08-26,1396.2,1402.3,1273.3,1360.0,665,888611.4,EQNE
2011-08-29,1398.0,1420.0,1366.2,1397.9,248,345341.2,EQNE
2011-08-30,1396.9,1396.9,1334.8,1359.7,336,456488.0,EQNE
2011-08-31,1360.3,1460.0,1335.3,1446.9,2085,2927743.5,EQNE
2011-09-01,1400.0,1479.6,1350.1,1400.1,1913,2654031.2,EQNE
2011-09-02,1407.7,1407.7,1362.0,1390.0,736,1018876.8,EQNE
2011-09-05,1399.0,1400.0,1350.0,1375.0,154,214078.9,EQNE
2011-09-06,1375.0,1398.9,1350.0,1383.3,280,382894.0,EQNE
2011-09-07,1370.0,1436.0,1370.0,1410.1,1332,1876127.0,EQNE
2011-09-08,1401.9,1433.5,1400.0,1430.0,277,391206.1,EQNE
2011-09-09,1472.5,1475.0,1412.0,1424.0,549,789013.3,EQNE
2011-09-12,1383.9,1414.3,1360.0,1414.0,498,693208.9,EQNE
2011-09-13,1444.6,1449.0,1367.5,1449.0,227,324954.6,EQNE
2011-09-14,1473.9,1473.9,1400.0,1430.0,538,762487.0,EQNE
2011-09-15,1440.0,1470.0,1400.0,1410.0,275,392380.1,EQNE
2011-09-16,1408.6,1470.0,1370.1,1429.9,444,640284.7,EQNE
2011-09-19,1450.0,1461.0,1383.7,1385.0,168,236489.3,EQNE
2011-09-20,1423.9,1437.4,1379.0,1412.0,87,122539.4,EQNE
2011-09-21,1449.0,1449.0,1418.7,1429.9,220,312798.6,EQNE
2011-09-22,1423.9,1424.5,1289.6,1316.7,743,1004741.5,EQNE
2011-09-23,1280.0,1280.1,1200.0,1215.9,1986,2441866.3,EQNE
2011-09-26,1210.1,1315.0,1148.5,1290.0,1100,1326709.5,EQNE
2011-09-27,1300.0,1329.0,1280.0,1326.0,129,168495.6,EQNE
2011-09-28,1319.0,1390.0,1290.0,1328.8,569,751877.0,EQNE
2011-09-29,1358.8,1358.8,1222.2,1354.9,6289,8187952.0,EQNE
2011-09-30,1415.0,1415.0,1300.0,1335.0,640,854613.0,EQNE
2011-10-03,1260.1,1311.0,1260.1,1299.9,843,1094497.7,EQNE
2011-10-04,1290.1,1320.0,1219.3,1220.5,917,1204694.6,EQNE
2011-10-05,1220.1,1294.9,1220.1,1292.4,1295,1660465.2,EQNE
2011-10-06,1331.0,1356.1,1263.3,1331.0,682,903825.7,EQNE
2011-10-07,1380.0,1390.0,1350.0,1350.0,97,133337.1,EQNE
2011-10-10,1385.9,1385.9,1305.2,1349.0,709,946417.7,EQNE
2011-10-12,1349.0,1389.2,1348.9,1384.0,118,160329.2,EQNE
2011-10-13,1385.2,1385.2,1330.0,1369.9,56,75704.0,EQNE
2011-10-14,1340.0,1370.0,1305.1,1354.8,841,1133564.3,EQNE
2011-10-17,1389.9,1406.4,1360.1,1370.0,309,431060.7,EQNE
2011-10-18,1370.0,1403.8,1370.0,1403.8,432,599573.2,EQNE
2011-10-19,1370.0,1450.0,1312.1,1449.0,317,445149.8,EQNE
2011-10-20,1406.0,1485.0,1321.1,1400.0,236,331528.9,EQNE
2011-10-21,1455.0,1489.9,1400.1,1443.0,76,108831.4,EQNE
2011-10-24,1470.0,1471.3,1400.0,1439.9,70,99861.7,EQNE
2011-10-25,1405.0,1428.8,1400.0,1428.8,20,28355.8,EQNE
2011-10-26,1610.0,1619.9,1426.5,1440.6,267,401161.6,EQNE
2011-10-27,1409.1,1520.0,1310.2,1500.0,633,933888.8,EQNE
2011-10-28,1504.7,1504.7,1474.6,1480.0,158,236227.4,EQNE
2011-10-31,1424.6,1458.7,1407.0,1418.0,119,169854.1,EQNE
2011-11-01,1423.2,1423.2,1351.0,1370.0,102,140441.0,EQNE
2011-11-02,1380.1,1400.0,1370.0,1400.0,56,77088.6,EQNE
2011-11-03,1350.3,1400.0,1330.1,1365.0,804,1088639.4,EQNE
2011-11-07,1373.6,1430.0,1367.7,1399.5,350,491513.8,EQNE
2011-11-08,1426.0,1426.0,1342.3,1400.1,539,742987.6,EQNE
2011-11-09,1380.0,1413.0,1367.6,1404.9,440,616600.7,EQNE
2011-11-10,1394.8,1395.0,1361.3,1394.9,146,203413.2,EQNE
2011-11-11,1380.0,1380.0,1300.0,1380.0,61,82486.1,EQNE
2011-11-14,1390.0,1400.0,1360.0,1400.0,1143,1575632.5,EQNE
2011-11-15,1404.3,1500.0,1400.0,1440.3,1247,1774498.8,EQNE
2011-11-16,1818.4,1845.0,1550.0,1716.8,9227,15639529.9,EQNE
2011-11-17,1727.8,2100.0,1707.0,1720.0,6244,11147753.7,EQNE
2011-11-18,1747.0,1747.0,1650.0,1697.0,1099,1853872.4,EQNE
2011-11-21,1719.7,1767.0,1608.4,1715.1,3487,5904000.5,EQNE
2011-11-22,1757.7,1790.0,1701.0,1760.0,1429,2494150.1,EQNE
2011-11-23,1570.5,1745.0,1570.5,1717.0,1050,1792217.1,EQNE
2011-11-24,1566.4,1575.0,1432.0,1475.0,2981,4405758.5,EQNE
2011-11-25,1479.7,1503.9,1411.4,1459.9,1452,2096111.4,EQNE
2011-11-28,1489.8,1517.3,1418.1,1491.8,892,1322745.7,EQNE
2011-11-29,1488.0,1524.8,1487.8,1492.0,105,157050.2,EQNE
2011-11-30,1495.1,1638.3,1495.1,1591.5,1069,1682015.2,EQNE
2011-12-01,1570.0,1628.1,1570.0,1590.0,323,516855.4,EQNE
2011-12-02,1623.4,1629.8,1590.6,1615.0,129,208292.5,EQNE
2011-12-05,1620.2,1629.0,1536.1,1586.2,649,1019365.1,EQNE
2011-12-06,1579.9,1585.5,1550.4,1572.2,223,348682.2,EQNE
2011-12-07,1562.3,1580.3,1555.0,1580.0,111,175002.7,EQNE
2011-12-08,1598.2,1630.0,1571.5,1575.1,117,187133.6,EQNE
2011-12-09,1543.4,1595.3,1530.0,1550.8,134,209032.4,EQNE
2011-12-12,1555.8,1555.8,1510.0,1510.3,296,453403.5,EQNE
2011-12-13,1511.4,1551.7,1511.1,1547.9,87,132801.9,EQNE
2011-12-14,1540.0,1600.0,1515.2,1551.3,284,447296.8,EQNE
2011-12-15,1565.0,1590.0,1549.9,1549.9,68,107684.6,EQNE
2011-12-16,1597.5,1598.0,1517.2,1535.0,186,287051.3,EQNE
2011-12-19,1576.6,1576.6,1501.2,1525.0,105,158943.6,EQNE
2011-12-20,1547.0,1547.0,1512.1,1522.1,14,21344.8,EQNE
2011-12-21,1500.6,1540.0,1500.5,1520.0,271,413521.9,EQNE
2011-12-22,1513.0,1515.2,1505.0,1505.0,287,432381.6,EQNE
2011-12-23,1500.1,1758.0,1498.2,1575.0,685,1102383.4,EQNE
2011-12-26,1647.7,1647.8,1564.3,1600.0,144,230928.8,EQNE
2011-12-27,1576.6,1690.0,1576.6,1659.4,254,417346.3,EQNE
2011-12-28,1679.8,1679.8,1600.0,1601.2,55,88975.8,EQNE
2011-12-29,1733.1,1733.1,1572.0,1600.0,35,57195.9,EQNE
2011-12-30,1560.2,1609.0,1525.0,1607.0,526,840332.3,EQNE
2012-01-03,1602.0,1640.0,1590.1,1590.3,112,179532.6,EQNE
2012-01-04,1611.0,1612.0,1591.1,1612.0,63,100960.0,EQNE
2012-01-05,1590.3,1629.7,1590.3,1595.0,42,67505.8,EQNE
2012-01-06,1605.1,1617.8,1599.0,1614.0,90,145196.9,EQNE
2012-01-09,1611.0,1645.0,1604.9,1615.0,84,135993.7,EQNE
2012-01-10,1644.0,1649.0,1599.9,1620.0,601,974311.2,EQNE
2012-01-11,1620.0,1642.0,1605.0,1638.3,93,151402.6,EQNE
2012-01-12,1615.0,1650.1,1598.0,1598.0,178,289816.6,EQNE
2012-01-13,1618.6,1650.0,1610.0,1629.8,239,388826.9,EQNE
2012-01-16,1630.0,1630.0,1610.1,1621.5,88,142268.6,EQNE
2012-01-17,1647.7,1647.7,1610.2,1630.0,151,246019.3,EQNE
2012-01-18,1620.3,1664.7,1616.0,1662.1,645,1052283.6,EQNE
2012-01-19,1621.1,1721.9,1621.1,1670.7,722,1215340.5,EQNE
2012-01-20,1700.0,1704.8,1644.9,1670.0,492,816442.3,EQNE
2012-01-23,1705.0,1710.0,1646.1,1689.6,235,391453.3,EQNE
2012-01-24,1700.0,1703.3,1640.1,1655.0,112,186167.2,EQNE
2012-01-25,1661.8,1661.8,1600.5,1647.5,972,1585883.7,EQNE
2012-01-26,1634.7,1676.6,1602.0,1644.9,327,533994.8,EQNE
2012-01-27,1656.0,1680.0,1628.0,1639.0,150,249375.0,EQNE
2012-01-30,1620.2,1629.0,1605.2,1629.0,177,285614.8,EQNE
2012-01-31,1601.1,1643.1,1601.0,1635.0,166,270080.7,EQNE
2012-02-01,1588.8,1640.0,1588.8,1640.0,445,726509.7,EQNE
2012-02-02,1645.0,1645.0,1635.1,1635.1,35,57520.8,EQNE
2012-02-03,1640.0,1800.0,1632.0,1682.0,1904,3256421.0,EQNE
2012-02-06,1699.0,1980.0,1695.2,1756.8,6968,12828894.0,EQNE
2012-02-07,1777.0,1780.0,1660.1,1672.9,657,1129878.6,EQNE
2012-02-08,1672.0,1750.0,1672.0,1699.9,394,677651.6,EQNE
2012-02-09,1671.9,1732.4,1671.7,1702.5,336,566822.0,EQNE
2012-02-10,1713.7,1713.7,1670.5,1670.5,125,209628.3,EQNE
2012-02-13,1718.2,1718.2,1666.6,1689.9,148,248738.0,EQNE
2012-02-14,1699.9,1749.9,1671.0,1702.0,378,646205.4,EQNE
2012-02-15,1739.9,1739.9,1685.1,1710.0,304,519102.8,EQNE
2012-02-16,1699.5,1784.8,1695.1,1765.0,391,680249.6,EQNE
2012-02-17,1745.0,1844.8,1731.9,1765.1,839,1507080.6,EQNE
2012-02-20,1765.2,1839.9,1749.9,1776.3,1403,2489409.7,EQNE
2012-02-21,1747.0,1778.1,1745.9,1750.0,465,816339.5,EQNE
2012-02-22,1767.5,1782.0,1720.0,1720.0,315,549437.9,EQNE
2012-02-24,1740.0,1748.7,1713.3,1720.0,538,931437.5,EQNE
2012-02-27,1739.9,1739.9,1701.2,1726.0,235,405665.0,EQNE
2012-02-28,1722.0,1739.6,1710.0,1739.6,298,513690.0,EQNE
2012-02-29,1725.0,1729.9,1708.0,1720.0,830,1427635.8,EQNE
2012-03-01,1719.9,1730.0,1718.8,1720.0,340,586652.9,EQNE
2012-03-02,1710.6,1730.0,1710.6,1728.0,394,678797.4,EQNE
2012-03-05,1739.9,1739.9,1713.4,1720.0,256,440498.2,EQNE
2012-03-06,1735.3,1736.8,1669.7,1669.9,820,1393185.1,EQNE
2012-03-07,1666.6,1700.2,1666.6,1692.4,949,1597375.6,EQNE
2012-03-11,1716.8,1718.8,1691.3,1705.0,175,298354.2,EQNE
2012-03-12,1710.0,1746.0,1695.0,1719.0,575,991452.2,EQNE
2012-03-13,1727.9,1739.9,1690.1,1707.6,305,522665.6,EQNE
2012-03-14,1708.9,1709.0,1680.0,1683.1,349,588843.7,EQNE
2012-03-15,1588.3,1690.1,1588.3,1679.9,400,672479.2,EQNE
2012-03-16,1679.7,1679.7,1650.0,1670.0,403,671417.6,EQNE
2012-03-19,1686.5,1686.5,1612.0,1640.0,224,364891.8,EQNE
2012-03-20,1649.3,1649.7,1610.0,1636.6,803,1301441.2,EQNE
2012-03-21,1646.1,1659.7,1619.2,1630.0,409,666848.8,EQNE
2012-03-22,1666.0,1668.0,1600.1,1623.1,365,589889.4,EQNE
2012-03-23,1627.9,1627.9,1613.0,1613.5,6,9693.7,EQNE
2012-03-26,1638.5,1638.5,1600.0,1609.9,121,194134.6,EQNE
2012-03-27,1619.0,1619.0,1576.0,1595.4,144,229909.9,EQNE
2012-03-28,1629.4,1629.4,1600.0,1600.0,35,56098.7,EQNE
2012-03-29,1630.0,1640.0,1585.6,1640.0,420,680753.7,EQNE
2012-03-30,1645.0,1680.0,1600.2,1644.9,6651,10940510.9,EQNE
2012-04-02,1658.0,1658.0,1620.0,1639.2,97,157313.5,EQNE
2012-04-03,1610.2,1641.6,1610.2,1631.8,26,42382.0,EQNE
2012-04-04,1600.1,1625.6,1576.0,1585.0,149,239288.3,EQNE
2012-04-05,1599.9,1599.9,1515.0,1565.0,431,662395.2,EQNE
2012-04-06,1565.0,1565.0,1535.0,1535.0,155,240146.5,EQNE
2012-04-09,1579.0,1598.0,1539.0,1568.1,188,293455.4,EQNE
2012-04-10,1568.0,1568.0,1515.0,1522.6,533,812744.3,EQNE
2012-04-11,1596.9,1596.9,1510.0,1554.7,569,873712.9,EQNE
2012-04-12,1586.9,1587.1,1525.2,1542.4,309,476434.8,EQNE
2012-04-13,1556.8,1556.8,1524.9,1538.1,216,331859.9,EQNE
2012-04-16,1550.0,1565.4,1509.5,1547.6,205,313880.9,EQNE
2012-04-17,1511.7,1598.1,1511.7,1552.0,179,282264.6,EQNE
2012-04-18,1561.0,1561.0,1515.2,1540.0,235,363224.0,EQNE
2012-04-19,1538.2,1565.0,1537.0,1537.0,164,252531.2,EQNE
2012-04-20,1564.6,1564.6,1550.0,1550.0,10,15525.2,EQNE
2012-04-23,1565.0,1565.0,1532.7,1532.7,40,62231.9,EQNE
2012-04-24,1520.0,1616.0,1520.0,1597.0,174,276784.7,EQNE
2012-04-25,1607.0,1613.9,1599.8,1612.9,414,662962.6,EQNE
2012-04-26,1575.9,1631.9,1553.9,1631.1,3589,5727869.4,EQNE
2012-04-27,1631.9,1650.0,1599.9,1619.9,1128,1827317.7,EQNE
2012-04-28,1563.0,1595.0,1500.0,1539.3,1609,2447482.7,EQNE
2012-05-02,1598.0,1598.0,1490.0,1500.1,749,1122518.7,EQNE
2012-05-03,1480.1,1497.9,1466.6,1467.1,399,590302.5,EQNE
2012-05-04,1466.7,1466.7,1401.3,1412.0,178,253574.1,EQNE
2012-05-05,1400.0,1434.3,1400.0,1425.0,44,62262.8,EQNE
2012-05-07,1449.9,1449.9,1400.0,1402.2,28,39770.9,EQNE
2012-05-08,1400.2,1433.1,1400.2,1433.1,6,8434.1,EQNE
2012-05-10,1461.0,1461.0,1336.0,1439.6,442,621216.7,EQNE
2012-05-11,1450.0,1450.0,1390.2,1400.0,75,105066.0,EQNE
2012-05-12,1445.9,1445.9,1404.7,1414.0,36,50793.7,EQNE
2012-05-14,1390.0,1399.7,1360.0,1360.1,157,216183.8,EQNE
2012-05-15,1379.4,1394.3,1366.1,1374.8,296,408722.2,EQNE
2012-05-16,1374.2,1390.7,1360.9,1387.7,173,236982.7,EQNE
2012-05-17,1427.0,1427.0,1356.0,1356.0,104,143440.8,EQNE
2012-05-18,1355.9,1399.6,1304.5,1370.0,1245,1659067.7,EQNE
2012-05-21,1391.9,1400.0,1359.9,1365.0,143,195617.0,EQNE
2012-05-22,1390.0,1390.0,1365.0,1365.0,42,57915.6,EQNE
2012-05-23,1336.0,1350.2,1235.0,1290.0,778,1008217.9,EQNE
2012-05-24,1358.0,1358.0,1278.2,1278.2,80,104518.5,EQNE
2012-05-25,1306.5,1340.0,1300.0,1300.0,1111,1450523.9,EQNE
2012-05-28,1332.6,1332.6,1322.8,1324.7,27,35757.9,EQNE
2012-05-29,1336.8,1349.9,1302.3,1330.6,120,159336.5,EQNE
2012-05-30,1358.0,1379.5,1316.0,1316.0,115,152928.3,EQNE
2012-05-31,1330.1,1349.4,1330.0,1339.0,2161,2875146.0,EQNE
2012-06-01,1359.3,1370.0,1315.1,1339.9,607,819383.2,EQNE
2012-06-04,1339.9,1393.0,1250.1,1345.0,497,668855.0,EQNE
2012-06-05,1324.0,1353.3,1322.5,1328.5,94,126286.7,EQNE
2012-06-06,1357.9,1399.7,1337.2,1380.0,1177,1623118.9,EQNE
2012-06-07,1379.9,1397.7,1350.1,1350.1,616,849525.2,EQNE
2012-06-08,1345.0,1368.7,1345.0,1368.7,701,946466.2,EQNE
2012-06-09,1359.7,1379.3,1359.7,1378.9,51,70059.0,EQNE
2012-06-13,1399.0,1420.0,1398.0,1400.0,172,240902.0,EQNE
2012-06-14,1427.0,1445.7,1390.1,1400.5,551,777961.4,EQNE
2012-06-15,1446.2,1446.2,1400.1,1418.0,573,814205.5,EQNE
2012-06-18,1420.0,1425.0,1416.3,1418.0,374,530945.4,EQNE
2012-06-19,1438.9,1438.9,1419.7,1420.0,125,177517.0,EQNE
2012-06-20,1446.1,1446.2,1400.0,1410.0,78,110396.0,EQNE
2012-06-21,1415.8,1420.0,1410.0,1410.0,132,186776.2,EQNE
2012-06-22,1400.1,1400.1,1371.0,1375.0,141,194956.3,EQNE
2012-06-25,1371.1,1381.1,1371.1,1380.0,254,350501.4,EQNE
2012-06-26,1399.0,1399.0,1379.0,1379.0,106,146570.1,EQNE
2012-06-27,1379.0,1379.0,1350.0,1355.0,81,110490.0,EQNE
2012-06-28,1373.9,1398.9,1361.0,1383.8,124,171710.6,EQNE
2012-06-29,1399.9,1399.9,1360.0,1379.9,133,183242.4,EQNE
2012-07-02,1395.0,1399.9,1365.0,1380.0,381,528762.7,EQNE
2012-07-03,1407.0,1407.0,1375.0,1377.0,651,903402.5,EQNE
2012-07-04,1398.7,1399.0,1377.0,1384.0,208,287826.4,EQNE
2012-07-05,1390.7,1390.7,1376.2,1376.2,81,111898.4,EQNE
2012-07-06,1376.2,1377.8,1365.0,1368.9,243,332934.0,EQNE
2012-07-09,1389.0,1396.9,1356.9,1367.0,124,170258.5,EQNE
2012-07-10,1378.7,1378.9,1359.2,1366.8,436,593679.2,EQNE
2012-07-11,1369.9,1372.9,1350.0,1350.0,350,474185.2,EQNE
2012-07-12,1351.0,1351.0,1340.0,1349.6,312,418985.2,EQNE
2012-07-13,1382.0,1399.9,1348.0,1357.8,871,1177016.3,EQNE
2012-07-16,1376.5,1394.8,1365.0,1394.6,593,819257.2,EQNE
2012-07-17,1377.4,1449.1,1377.4,1405.2,562,797606.9,EQNE
2012-07-18,1414.3,1429.7,1410.0,1419.0,148,209985.4,EQNE
2012-07-19,1431.0,1438.8,1417.7,1430.0,81,115841.4,EQNE
2012-07-20,1449.7,1496.0,1430.0,1469.9,212,308697.9,EQNE
2012-07-23,1496.0,1496.0,1413.1,1447.4,172,249779.5,EQNE
2012-07-24,1431.2,1454.8,1423.0,1438.9,498,712555.1,EQNE
2012-07-25,1448.7,1548.9,1448.7,1470.0,426,634466.1,EQNE
2012-07-26,1518.0,1529.9,1475.7,1479.9,178,266732.2,EQNE
2012-07-27,1518.0,1739.8,1518.0,1645.0,3849,6284482.7,EQNE
2012-07-30,1660.0,1735.0,1613.0,1636.9,819,1346182.5,EQNE
2012-07-31,1635.1,1647.0,1562.5,1603.9,700,1131299.8,EQNE
2012-08-01,1590.1,1603.8,1566.2,1584.2,882,1397626.3,EQNE
2012-08-02,1594.8,1699.9,1594.8,1662.1,1355,2241092.8,EQNE
2012-08-03,1680.0,1689.8,1669.3,1679.7,642,1080157.7,EQNE
2012-08-06,1692.0,1698.7,1629.0,1670.0,267,445586.9,EQNE
2012-08-07,1691.4,1720.0,1674.8,1699.0,1447,2464919.7,EQNE
2012-08-08,1708.0,1708.0,1671.1,1699.9,2154,3661217.3,EQNE
2012-08-09,1733.0,1741.5,1693.8,1693.8,318,543232.3,EQNE
2012-08-10,1709.7,1709.7,1671.1,1694.8,187,315503.3,EQNE
2012-08-13,1709.9,1801.1,1704.2,1710.0,841,1469918.3,EQNE
2012-08-14,1723.2,1770.0,1720.0,1770.0,2534,4411179.4,EQNE
2012-08-15,1770.0,1846.0,1755.1,1818.4,5910,10688410.5,EQNE
2012-08-16,1830.0,1887.8,1822.0,1852.9,6605,12169019.7,EQNE
2012-08-17,1855.0,1883.8,1760.0,1843.2,2674,4919299.0,EQNE
2012-08-20,1820.0,1880.0,1820.0,1842.0,5062,9414398.0,EQNE
2012-08-21,1840.5,1855.0,1830.0,1844.7,3487,6445696.3,EQNE
2012-08-22,1847.9,1860.0,1800.0,1830.8,1565,2870805.4,EQNE
2012-08-23,1847.9,1850.0,1815.0,1848.9,2265,4164321.7,EQNE
2012-08-24,1635.0,1670.0,1542.0,1571.0,2796,4435860.7,EQNE
2012-08-27,1575.5,1575.5,1500.0,1522.9,1440,2175286.4,EQNE
2012-08-28,1523.0,1600.2,1510.3,1566.1,2052,3241843.3,EQNE
2012-08-29,1599.7,1599.7,1528.0,1589.8,205,321268.0,EQNE
2012-08-30,1596.5,1599.8,1540.0,1570.0,411,638869.9,EQNE
2012-08-31,1580.0,1589.6,1550.0,1567.9,169,264185.8,EQNE
2012-09-03,1550.0,1580.0,1530.0,1580.0,343,531938.7,EQNE
2012-09-04,1589.5,1589.5,1540.2,1569.4,213,330761.9,EQNE
2012-09-05,1570.0,1590.0,1570.0,1580.1,671,1058977.0,EQNE
2012-09-06,1591.0,1599.0,1500.0,1558.7,1310,2023816.0,EQNE
2012-09-07,1548.4,1589.8,1548.4,1575.0,781,1227343.1,EQNE
2012-09-10,1589.7,1670.0,1575.6,1650.0,3117,5091601.8,EQNE
2012-09-11,1639.9,1670.0,1620.0,1659.9,895,1484429.4,EQNE
2012-09-12,1645.1,1675.0,1645.1,1656.9,471,782842.5,EQNE
2012-09-13,1645.2,1651.0,1633.8,1633.8,107,175637.8,EQNE
2012-09-14,1658.2,1692.1,1658.2,1677.0,489,817459.2,EQNE
2012-09-17,1687.0,1697.0,1603.4,1664.0,374,625109.5,EQNE
2012-09-18,1645.1,1677.7,1636.2,1670.0,90,149331.4,EQNE
2012-09-19,1650.1,1658.0,1635.0,1657.8,48,79074.7,EQNE
2012-09-20,1647.5,1720.0,1638.3,1715.4,664,1123070.3,EQNE
2012-09-21,1715.0,1715.0,1690.0,1698.9,412,697137.4,EQNE
2012-09-24,1715.0,1724.0,1700.2,1723.9,240,412200.8,EQNE
2012-09-25,1719.1,1734.8,1710.1,1725.1,99,169772.1,EQNE
2012-09-26,1723.7,1725.3,1660.0,1690.0,326,551185.6,EQNE
2012-09-27,1692.3,1723.0,1692.3,1700.1,208,355517.0,EQNE
2012-09-28,1726.9,1777.4,1720.5,1760.1,191,333190.9,EQNE
2012-10-01,1764.0,1799.9,1740.0,1766.3,305,538648.1,EQNE
2012-10-02,1794.7,1794.7,1721.1,1738.3,212,368166.0,EQNE
2012-10-03,1759.4,1773.9,1695.4,1719.9,281,482633.2,EQNE
2012-10-04,1700.2,1718.0,1696.2,1710.0,114,194994.6,EQNE
2012-10-05,1720.0,1757.0,1715.1,1756.7,80,138514.5,EQNE
2012-10-08,1760.0,1764.2,1737.0,1739.0,89,155625.1,EQNE
2012-10-09,1735.0,1759.8,1734.9,1759.8,206,359425.7,EQNE
2012-10-10,1773.6,1799.9,1760.0,1779.8,591,1047614.5,EQNE
2012-10-11,1776.6,1799.9,1776.5,1780.0,121,216798.4,EQNE
2012-10-12,1780.0,1799.8,1778.9,1799.0,175,311709.3,EQNE
2012-10-15,1799.4,1800.0,1765.0,1765.0,462,817895.1,EQNE
2012-10-16,1793.5,1800.3,1787.0,1800.0,385,692058.1,EQNE
2012-10-17,1799.8,1800.1,1792.0,1800.0,391,703751.1,EQNE
2012-10-18,1800.1,1825.0,1800.0,1812.3,503,909367.8,EQNE
2012-10-19,1803.3,1822.6,1800.0,1815.0,337,609080.8,EQNE
2012-10-22,1810.3,1815.0,1802.0,1802.0,332,601250.7,EQNE
2012-10-23,1800.0,1800.0,1761.4,1764.3,534,952488.9,EQNE
2012-10-24,1744.0,1780.0,1744.0,1778.0,161,285992.2,EQNE
2012-10-25,1777.1,1780.7,1760.2,1771.0,246,436539.9,EQNE
2012-10-26,1756.6,1796.6,1756.6,1780.0,65,115582.5,EQNE
2012-10-29,1799.6,1799.9,1781.1,1794.9,41,73661.2,EQNE
2012-10-30,1790.7,1797.0,1790.7,1795.8,46,82459.8,EQNE
2012-10-31,1732.0,1776.8,1730.0,1775.8,196,344534.5,EQNE
2012-11-01,1743.1,1769.9,1743.1,1761.7,237,417206.7,EQNE
2012-11-02,1769.6,1769.7,1750.2,1754.1,80,140541.3,EQNE
2012-11-06,1732.7,1756.9,1712.1,1743.3,128,223045.8,EQNE
2012-11-07,1760.0,1776.8,1740.0,1776.7,761,1338822.3,EQNE
2012-11-08,1763.6,1800.0,1737.4,1767.1,103,183432.9,EQNE
2012-11-09,1799.6,1799.6,1751.0,1771.5,49,86425.4,EQNE
2012-11-12,1769.7,1800.0,1766.3,1799.9,58,103951.9,EQNE
2012-11-13,1795.0,1820.0,1775.6,1790.3,179,321440.4,EQNE
2012-11-14,1790.1,1816.0,1781.0,1781.0,428,769568.3,EQNE
2012-11-15,1780.3,1789.1,1738.2,1759.8,186,324946.9,EQNE
2012-11-16,1740.1,1741.0,1729.0,1730.0,330,572761.3,EQNE
2012-11-19,1736.0,1800.0,1736.0,1764.2,148,262709.6,EQNE
2012-11-20,1778.9,1778.9,1750.0,1760.0,74,130330.5,EQNE
2012-11-21,1760.0,1770.0,1752.1,1761.0,61,107352.4,EQNE
2012-11-22,1774.9,1774.9,1759.3,1759.3,32,56385.2,EQNE
2012-11-23,1759.6,1761.3,1750.0,1760.6,82,144202.5,EQNE
2012-11-26,1760.0,1760.0,1755.0,1755.0,47,82647.6,EQNE
2012-11-27,1759.7,1761.6,1749.0,1749.0,79,138800.5,EQNE
2012-11-28,1740.0,1757.3,1730.0,1750.0,352,614218.6,EQNE
2012-11-29,1755.6,1764.8,1750.0,1750.0,400,701156.1,EQNE
2012-11-30,1774.9,1800.1,1760.0,1766.7,578,1037250.3,EQNE
2012-12-03,1797.6,1800.2,1780.0,1799.7,72,129401.9,EQNE
2012-12-04,1798.9,1798.9,1769.7,1779.1,371,659886.6,EQNE
2012-12-05,1799.5,1800.6,1784.7,1799.9,195,350936.8,EQNE
2012-12-06,1780.1,1795.0,1780.1,1787.0,230,412628.1,EQNE
2012-12-07,1787.0,1793.3,1781.0,1793.0,32,57203.6,EQNE
2012-12-10,1789.9,1790.0,1775.0,1778.0,372,664729.5,EQNE
2012-12-11,1786.9,1790.0,1781.2,1789.9,129,230685.1,EQNE
2012-12-12,1790.0,1790.0,1783.1,1783.1,143,255497.3,EQNE
2012-12-13,1768.0,1790.0,1768.0,1789.9,105,187912.1,EQNE
2012-12-14,1781.5,1799.8,1781.5,1789.9,84,149956.7,EQNE
2012-12-18,1665.0,1789.9,1665.0,1789.9,46,81717.1,EQNE
2012-12-19,1689.5,1790.0,1689.5,1789.8,48,85758.6,EQNE
2012-12-20,1694.9,1840.0,1694.9,1788.2,529,955729.0,EQNE
2012-12-21,1682.5,1833.7,1682.5,1779.8,127,226292.5,EQNE
2012-12-24,1785.9,1802.0,1779.5,1784.9,202,362960.3,EQNE
2012-12-25,1784.8,1794.6,1780.4,1780.4,51,91009.1,EQNE
2012-12-26,1798.1,1798.1,1750.6,1777.2,82,145840.5,EQNE
2012-12-27,1759.1,1794.3,1759.1,1773.0,210,373184.5,EQNE
2012-12-28,1785.2,1785.2,1764.0,1784.1,42,74613.8,EQNE
2013-01-08,1798.0,1820.7,1785.0,1785.0,19,34132.4,EQNE
2013-01-09,1774.4,1780.0,1767.0,1767.0,38,67449.8,EQNE
2013-01-10,1781.6,1781.6,1764.1,1764.1,101,178685.0,EQNE
2013-01-11,1777.6,1779.9,1766.0,1766.0,76,135051.5,EQNE
2013-01-14,1778.8,1788.7,1774.6,1774.6,413,735418.1,EQNE
2013-01-15,1789.4,1789.6,1778.0,1778.8,48,85546.7,EQNE
2013-01-16,1765.6,1840.0,1765.6,1802.0,1705,3073647.5,EQNE
2013-01-17,1805.1,1887.8,1785.0,1811.7,6970,12491950.6,EQNE
2013-01-18,1811.0,1839.8,1811.0,1835.0,168,307051.7,EQNE
2013-01-21,1858.0,1899.0,1840.0,1880.0,2391,4491550.4,EQNE
2013-01-22,1852.1,1878.4,1841.1,1841.1,129,239092.3,EQNE
2013-01-23,1880.0,1880.1,1840.0,1842.0,569,1055218.5,EQNE
2013-01-24,1869.6,1869.6,1840.0,1854.9,64,118544.0,EQNE
2013-01-25,1840.3,1854.3,1785.5,1800.0,568,1038912.3,EQNE
2013-01-28,1800.8,1830.0,1800.0,1815.5,948,1725302.2,EQNE
2013-01-29,1815.0,1817.0,1804.1,1808.1,22,39900.2,EQNE
2013-01-30,1814.9,1844.0,1814.9,1829.4,1887,3475586.2,EQNE
2013-01-31,1809.2,1817.8,1800.0,1817.8,61,110025.6,EQNE
2013-02-01,1800.1,1839.9,1800.0,1839.8,156,282058.3,EQNE
2013-02-04,1830.4,1830.4,1805.8,1827.0,95,172406.7,EQNE
2013-02-05,1808.1,1848.8,1808.1,1833.0,271,497349.2,EQNE
2013-02-06,1830.0,1830.0,1829.1,1829.1,36,65855.1,EQNE
2013-02-07,1830.0,1837.9,1811.0,1837.9,34,62108.0,EQNE
2013-02-08,1820.0,1820.3,1814.9,1819.9,23,41812.3,EQNE
2013-02-11,1830.6,1830.6,1816.1,1829.7,46,83979.6,EQNE
2013-02-12,1800.2,1827.7,1800.0,1801.0,142,257563.1,EQNE
2013-02-13,1820.9,1821.0,1805.1,1814.2,191,346285.2,EQNE
2013-02-14,1813.7,1813.8,1785.1,1785.1,177,317843.4,EQNE
2013-02-15,1802.7,1802.7,1745.1,1777.2,328,580201.4,EQNE
2013-02-18,1751.1,1777.3,1750.5,1776.5,65,114975.3,EQNE
2013-02-19,1776.5,1818.9,1776.5,1815.0,221,400669.2,EQNE
2013-02-20,1816.0,1816.0,1798.0,1798.0,43,77467.2,EQNE
2013-02-21,1771.0,1786.0,1749.2,1750.0,85,149382.0,EQNE
2013-02-22,1779.8,1779.8,1750.2,1760.6,88,155112.5,EQNE
2013-02-25,1791.0,1799.9,1757.8,1781.5,43,76467.1,EQNE
2013-02-26,1789.7,1789.7,1760.1,1761.7,19,33679.5,EQNE
2013-02-27,1775.8,1815.8,1770.1,1770.1,198,354634.8,EQNE
2013-02-28,1790.9,1791.1,1701.5,1765.1,240,421943.7,EQNE
2013-03-01,1787.4,1787.4,1739.9,1757.2,103,180467.6,EQNE
2013-03-04,1757.3,1781.3,1757.3,1761.1,34,60048.8,EQNE
2013-03-05,1755.0,1779.9,1701.5,1777.6,339,585281.7,EQNE
2013-03-06,1742.1,1770.9,1731.0,1746.4,132,230437.7,EQNE
2013-03-07,1745.0,1767.0,1745.0,1762.7,49,85913.9,EQNE
2013-03-11,1766.9,1766.9,1766.9,1766.9,3,5300.7,EQNE
2013-03-12,1776.6,1776.9,1705.5,1735.0,554,959884.8,EQNE
2013-03-13,1723.1,1760.0,1640.0,1661.6,6938,12053421.5,EQNE
2013-03-14,1679.8,1679.8,1620.0,1645.8,312,510773.2,EQNE
2013-03-15,1658.9,1670.0,1634.4,1646.1,438,724812.7,EQNE
2013-03-18,1646.5,1664.9,1630.1,1662.3,188,309354.4,EQNE
2013-03-19,1666.0,1679.2,1656.0,1656.0,280,466343.7,EQNE
2013-03-20,1655.1,1670.6,1650.0,1670.6,134,221992.7,EQNE
2013-03-21,1651.1,1674.3,1635.1,1655.7,305,505726.2,EQNE
2013-03-22,1665.9,1700.0,1655.0,1679.9,153,256008.3,EQNE
2013-03-25,1660.1,1670.1,1660.1,1670.0,45,74965.6,EQNE
2013-03-26,1650.0,1665.8,1620.0,1665.8,62,101946.8,EQNE
2013-03-27,1639.0,1690.0,1630.0,1690.0,151,249455.2,EQNE
2013-03-28,1631.4,1676.9,1631.4,1665.7,35,57641.5,EQNE
2013-03-29,1650.0,1675.7,1650.0,1675.7,3,4979.6,EQNE
2013-04-01,1670.9,1675.8,1658.1,1675.8,84,139956.6,EQNE
2013-04-02,1665.0,1690.0,1645.0,1690.0,209,346178.6,EQNE
2013-04-03,1650.0,1685.0,1650.0,1685.0,36,60242.4,EQNE
2013-04-04,1686.0,1747.7,1669.9,1715.0,318,544208.2,EQNE
2013-04-05,1723.1,1742.6,1723.1,1742.6,2,3465.7,EQNE
2013-04-08,1747.7,1750.0,1729.0,1732.0,84,146440.3,EQNE
2013-04-09,1726.0,1729.6,1725.0,1729.6,7,12084.4,EQNE
2013-04-10,1729.5,1750.0,1715.0,1715.9,68,118047.7,EQNE
2013-04-11,1702.0,1709.0,1655.3,1699.5,58,98770.5,EQNE
2013-04-12,1709.9,1709.9,1709.9,1709.9,1,1709.9,EQNE
2013-04-15,1612.0,1671.0,1570.1,1668.3,221,355182.7,EQNE
2013-04-16,1620.0,1634.6,1600.0,1631.9,256,410456.1,EQNE
2013-04-17,1601.1,1628.0,1600.0,1619.7,49,78513.2,EQNE
2013-04-18,1595.1,1648.8,1595.1,1648.8,21,34143.9,EQNE
2013-04-22,1601.2,1688.0,1601.2,1628.0,97,162859.4,EQNE
2013-04-23,1619.7,1652.8,1599.9,1652.8,284,456633.0,EQNE
2013-04-24,1659.6,1686.6,1659.6,1686.6,251,416830.9,EQNE
2013-04-25,1720.7,1730.0,1700.0,1709.9,38,65124.8,EQNE
2013-04-26,1700.1,1700.2,1700.0,1700.1,141,239704.1,EQNE
2013-04-29,1650.9,1695.5,1650.9,1666.9,113,189340.5,EQNE
2013-04-30,1663.1,1750.0,1660.0,1730.0,559,967068.2,EQNE
2013-05-02,1642.3,1737.0,1570.0,1706.9,20,32610.0,EQNE
2013-05-03,1651.6,1678.0,1640.0,1660.1,112,185318.3,EQNE
2013-05-06,1699.7,1740.0,1699.7,1740.0,58,99449.1,EQNE
2013-05-07,1665.7,1720.0,1665.7,1676.5,25,42282.8,EQNE
2013-05-08,1699.9,1699.9,1699.9,1699.9,1,1699.9,EQNE
2013-05-10,1729.9,1729.9,1650.5,1727.9,23,38830.6,EQNE
2013-05-13,1631.9,1670.0,1601.3,1670.0,201,328077.8,EQNE
2013-05-15,1620.7,1684.9,1620.7,1684.9,8,13133.0,EQNE
2013-05-16,1630.7,1689.8,1630.7,1689.8,87,142642.8,EQNE
2013-05-17,1650.0,1687.9,1639.9,1680.0,326,538131.7,EQNE
2013-05-20,1649.5,1655.0,1631.0,1655.0,59,96818.6,EQNE
2013-05-21,1671.5,1672.1,1671.5,1672.1,9,15046.5,EQNE
2013-05-22,1669.0,1670.7,1643.4,1670.7,31,51277.1,EQNE
2013-05-23,1654.5,1654.5,1649.9,1650.0,25,41272.4,EQNE
2013-05-24,1640.0,1650.0,1610.0,1643.0,20,32484.1,EQNE
2013-05-27,1617.1,1649.9,1617.1,1646.9,15,24411.5,EQNE
2013-05-28,1640.0,1650.0,1640.0,1645.0,13,21385.0,EQNE
2013-05-29,1600.0,1634.5,1600.0,1634.5,113,181722.7,EQNE
2013-05-30,1624.3,1634.0,1622.3,1634.0,18,29254.8,EQNE
2013-05-31,1619.8,1634.8,1619.7,1634.8,11,17877.7,EQNE
2013-06-03,1634.7,1634.9,1620.0,1620.0,13,21106.9,EQNE
2013-06-04,1763.0,1763.0,1610.1,1610.1,50,82685.8,EQNE
2013-06-05,1600.1,1600.1,1580.0,1599.7,49,77994.8,EQNE
2013-06-06,1603.7,1603.7,1564.0,1591.4,53,84068.2,EQNE
2013-06-07,1580.5,1609.9,1516.1,1609.7,371,577318.5,EQNE
2013-06-10,1640.0,1640.0,1570.0,1570.0,17,26780.3,EQNE
2013-06-11,1558.1,1577.7,1550.2,1550.2,27,42168.7,EQNE
2013-06-13,1589.5,1589.5,1541.2,1565.0,18,28205.6,EQNE
2013-06-14,1521.1,1600.0,1521.1,1600.0,49,76535.6,EQNE
2013-06-17,1529.8,1598.6,1529.8,1579.0,112,172387.8,EQNE
2013-06-18,1598.6,1598.6,1598.6,1598.6,1,1598.6,EQNE
2013-06-19,1627.0,1627.8,1590.3,1590.3,56,89562.0,EQNE
2013-06-20,1558.1,1593.7,1540.5,1540.5,9,14225.2,EQNE
2013-06-21,1594.2,1594.2,1576.0,1576.0,2,3170.2,EQNE
2013-06-24,1609.5,1609.5,1457.0,1544.4,553,822359.2,EQNE
2013-06-25,1547.0,1590.0,1547.0,1555.3,725,1132181.3,EQNE
2013-06-26,1620.0,1620.0,1557.5,1589.9,44,69752.8,EQNE
2013-06-27,1600.0,1605.9,1600.0,1605.9,2,3205.9,EQNE
2013-06-28,1585.0,1585.0,1560.3,1579.0,58,91442.9,EQNE
2013-07-01,1579.3,1579.3,1515.6,1555.1,53,81359.2,EQNE
2013-07-02,1590.0,1596.1,1572.1,1596.1,14,22260.4,EQNE
2013-07-03,1604.8,1610.7,1580.9,1605.0,55,88159.5,EQNE
2013-07-04,1608.9,1608.9,1608.9,1608.9,5,8044.5,EQNE
2013-07-05,1602.0,1602.0,1577.0,1577.0,9,14334.8,EQNE
2013-07-08,1555.6,1585.0,1555.6,1575.0,136,214192.5,EQNE
2013-07-09,1610.0,1621.0,1585.0,1621.0,34,54502.3,EQNE
2013-07-10,1563.5,1605.0,1524.1,1605.0,50,78282.7,EQNE
2013-07-11,1610.0,1610.0,1557.0,1591.9,63,98797.8,EQNE
2013-07-12,1590.0,1590.0,1549.9,1550.0,135,210519.4,EQNE
2013-07-15,1589.6,1740.0,1551.0,1733.0,3065,5200691.0,EQNE
2013-07-16,1823.5,1823.5,1742.0,1750.0,1012,1796450.8,EQNE
2013-07-17,1780.1,1782.2,1691.1,1700.0,938,1605784.3,EQNE
2013-07-18,1710.0,1785.0,1710.0,1735.0,870,1514830.2,EQNE
2013-07-19,1770.0,1783.0,1770.0,1781.7,231,410233.7,EQNE
2013-07-22,1797.1,1822.0,1785.0,1811.0,732,1318804.4,EQNE
2013-07-23,1824.0,1939.9,1820.0,1879.5,1990,3709298.6,EQNE
2013-07-24,1938.1,1938.1,1866.5,1888.0,342,644086.0,EQNE
2013-07-25,1918.9,1935.0,1887.7,1925.9,855,1634339.2,EQNE
2013-07-26,2077.5,2077.5,1912.0,1930.0,537,1035299.4,EQNE
2013-07-29,1967.9,1967.9,1920.0,1938.0,830,1604346.1,EQNE
2013-07-30,1977.0,1977.0,1866.0,1890.8,1593,3032017.5,EQNE
2013-07-31,1885.0,1925.8,1882.6,1902.7,44,83647.8,EQNE
2013-08-01,1922.9,1922.9,1889.2,1909.0,211,402087.1,EQNE
2013-08-02,1890.0,1918.9,1890.0,1915.0,402,767971.3,EQNE
2013-08-05,1918.7,1950.0,1903.1,1910.0,141,271327.6,EQNE
2013-08-06,1930.0,1968.9,1919.0,1930.0,718,1388320.5,EQNE
2013-08-07,1977.0,1977.0,1927.3,1956.4,524,1020712.7,EQNE
2013-08-08,1976.9,1976.9,1960.0,1968.5,65,128111.3,EQNE
2013-08-09,1989.9,2060.0,1968.0,2028.0,1091,2187373.5,EQNE
2013-08-12,2029.9,2100.0,2029.9,2085.4,1129,2344883.9,EQNE
2013-08-13,2099.9,2099.9,2060.0,2080.0,218,452250.6,EQNE
2013-08-14,2081.5,2081.5,2035.4,2060.0,333,686854.2,EQNE
2013-08-15,2038.2,2097.0,2030.0,2055.0,440,904951.1,EQNE
2013-08-16,2097.0,2264.0,2096.9,2100.0,3342,7176462.8,EQNE
2013-08-19,2100.6,2108.8,1997.7,2015.2,1805,3690525.5,EQNE
2013-08-20,2046.9,2046.9,1990.5,2020.0,1756,3544058.8,EQNE
2013-08-21,2042.9,2042.9,2010.6,2034.9,362,732935.2,EQNE
2013-08-22,2015.0,2070.0,2005.0,2030.0,1596,3249236.3,EQNE
2013-08-23,1640.0,1675.9,1605.0,1653.2,6656,10857479.9,EQNE
2013-08-26,1652.0,1705.0,1630.9,1671.3,1468,2447171.1,EQNE
2013-08-27,1687.0,1707.8,1641.5,1649.9,1006,1656912.4,EQNE
2013-08-28,1649.9,1695.1,1640.3,1695.0,929,1551130.5,EQNE
2013-08-29,1699.0,1732.0,1664.0,1677.0,4443,7607524.2,EQNE
2013-08-30,1691.8,1691.8,1629.9,1640.0,650,1071106.8,EQNE
2013-09-02,1650.0,1674.9,1650.0,1674.9,84,139417.6,TQNE
2013-09-03,1650.2,1674.5,1649.8,1654.0,763,1263950.3,TQNE
2013-09-04,1674.9,1674.9,1650.0,1665.1,175,290062.9,TQNE
2013-09-05,1665.0,1665.0,1639.1,1650.0,385,635351.6,TQNE
2013-09-06,1650.0,1655.0,1644.8,1654.5,51,84337.1,TQNE
2013-09-09,1640.0,1683.8,1625.6,1662.9,1297,2143481.2,TQNE
2013-09-10,1650.0,1663.9,1630.0,1655.6,1697,2793321.1,TQNE
2013-09-11,1640.0,1658.1,1635.2,1640.0,190,312656.5,TQNE
2013-09-12,1659.0,1659.0,1636.0,1650.0,405,668139.3,TQNE
2013-09-13,1662.8,1670.0,1630.1,1665.0,281,464610.0,TQNE
2013-09-16,1669.0,1675.0,1640.0,1655.5,145,240775.4,TQNE
2013-09-17,1669.4,1670.0,1650.0,1650.3,200,332217.7,TQNE
2013-09-18,1666.8,1672.0,1640.0,1662.1,226,376097.3,TQNE
2013-09-19,1681.2,1700.1,1670.0,1672.6,803,1356413.8,TQNE
2013-09-20,1651.2,1722.9,1650.0,1691.1,1712,2901990.4,TQNE
2013-09-23,1709.0,1710.0,1686.9,1708.9,60,102210.8,TQNE
2013-09-24,1743.9,1743.9,1689.1,1720.0,127,218040.4,TQNE
2013-09-25,1709.0,1709.0,1689.3,1690.0,402,683203.4,TQNE
2013-09-26,1692.2,1700.0,1689.5,1690.0,42,71044.7,TQNE
2013-09-27,1690.0,1700.4,1684.0,1684.0,271,458337.6,TQNE
2013-09-30,1704.8,1705.0,1682.4,1703.5,271,460155.7,TQNE
2013-10-01,1727.0,1727.0,1699.0,1700.0,86,147133.9,TQNE
2013-10-02,1716.1,1716.1,1692.1,1695.0,9,15303.4,TQNE
2013-10-03,1714.8,1714.8,1690.0,1708.7,76,129077.2,TQNE
2013-10-04,1700.0,1705.0,1700.0,1705.0,7,11925.0,TQNE
2013-10-07,1705.0,1717.3,1686.1,1710.0,72,122427.5,TQNE
2013-10-08,1727.1,1727.1,1717.0,1727.0,278,478858.2,TQNE
2013-10-09,1720.0,1730.5,1720.0,1720.0,171,294652.3,TQNE
2013-10-10,1738.9,1738.9,1710.0,1710.1,342,589600.6,TQNE
2013-10-11,1712.1,1726.5,1710.0,1726.5,30,51530.3,TQNE
2013-10-14,1728.9,1729.8,1718.1,1729.0,112,193135.9,TQNE
2013-10-15,1729.9,1729.9,1710.0,1715.2,211,362547.7,TQNE
2013-10-16,1728.0,1728.0,1719.4,1719.4,45,77459.4,TQNE
2013-10-17,1727.0,1728.0,1720.2,1727.8,97,167454.1,TQNE
2013-10-18,1722.1,1738.0,1722.1,1736.9,187,323323.0,TQNE
2013-10-21,1729.1,1750.0,1725.1,1730.5,235,407545.8,TQNE
2013-10-22,1747.3,1747.3,1730.0,1738.9,89,154302.6,TQNE
2013-10-23,1746.4,1746.4,1720.0,1738.0,94,162502.3,TQNE
2013-10-24,1746.7,1746.7,1721.0,1721.0,114,197002.2,TQNE
2013-10-25,1738.1,1738.1,1711.0,1711.0,196,337224.9,TQNE
2013-10-28,1735.0,1735.0,1715.0,1715.0,76,130888.7,TQNE
2013-10-29,1715.0,1715.0,1700.0,1706.0,643,1098584.4,TQNE
2013-10-30,1713.8,1719.7,1713.8,1719.3,48,82514.9,TQNE
2013-10-31,1701.0,1716.7,1700.0,1700.0,155,263978.9,TQNE
2013-11-01,1701.0,1709.4,1700.0,1704.0,154,262042.2,TQNE
2013-11-05,1702.0,1712.0,1702.0,1712.0,3,5124.0,TQNE
2013-11-06,1711.8,1711.9,1705.1,1705.1,31,52981.4,TQNE
2013-11-07,1715.9,1718.8,1708.9,1717.0,53,91025.7,TQNE
2013-11-08,1722.0,1723.6,1722.0,1723.0,21,36180.5,TQNE
2013-11-11,1726.7,1726.7,1704.0,1704.0,9,15438.3,TQNE
2013-11-12,1723.0,1723.6,1694.9,1695.0,484,822687.3,TQNE
2013-11-13,1695.1,1699.7,1612.1,1650.0,389,649043.9,TQNE
2013-11-14,1655.0,1685.0,1623.5,1680.0,139,230333.2,TQNE
2013-11-15,1681.0,1699.8,1653.0,1653.0,100,168322.5,TQNE
2013-11-18,1699.8,1699.8,1650.0,1662.0,133,222320.1,TQNE
2013-11-19,1680.0,1680.0,1666.1,1670.0,65,108908.2,TQNE
2013-11-20,1660.6,1683.0,1660.5,1680.0,19,31863.4,TQNE
2013-11-21,1679.2,1681.4,1670.1,1680.3,54,90592.9,TQNE
2013-11-22,1672.0,1698.0,1665.0,1680.0,121,203790.0,TQNE
2013-11-25,1680.0,1680.0,1611.3,1672.0,109,180236.1,TQNE
2013-11-26,1674.0,1674.1,1660.1,1660.1,140,233526.0,TQNE
2013-11-27,1667.0,1667.0,1660.1,1665.0,69,114829.8,TQNE
2013-11-28,1654.2,1708.0,1611.3,1699.9,665,1119373.1,TQNE
2013-11-29,1708.0,1708.0,1695.0,1700.0,153,260556.9,TQNE
2013-12-02,1711.0,1714.4,1690.2,1714.3,49,83754.1,TQNE
2013-12-03,1687.3,1687.3,1661.8,1680.1,179,300356.1,TQNE
2013-12-04,1679.8,1680.0,1611.3,1615.0,1737,2858846.9,TQNE
2013-12-05,1643.5,1648.6,1597.1,1600.0,856,1378687.4,TQNE
2013-12-06,1600.0,1639.9,1600.0,1638.6,104,169436.0,TQNE
2013-12-09,1638.6,1638.7,1550.0,1595.7,3821,5970701.5,TQNE
2013-12-10,1619.5,1619.5,1600.0,1615.0,193,310398.5,TQNE
2013-12-11,1614.9,1621.2,1603.0,1614.9,177,285161.2,TQNE
2013-12-12,1616.0,1616.0,1589.9,1589.9,75,119890.0,TQNE
2013-12-13,1609.8,1609.8,1570.0,1589.3,494,783085.2,TQNE
2013-12-16,1585.1,1598.9,1552.0,1555.0,2034,3169768.6,TQNE
2013-12-17,1560.0,1599.9,1555.0,1580.5,1101,1721667.8,TQNE
2013-12-18,1601.9,1604.7,1597.0,1604.7,24,38418.1,TQNE
2013-12-19,1604.8,1618.7,1599.0,1616.7,100,160858.7,TQNE
2013-12-20,1617.9,1618.0,1590.3,1615.7,106,169691.8,TQNE
2013-12-23,1614.4,1614.8,1598.3,1611.8,261,418270.3,TQNE
2013-12-24,1609.6,1610.0,1590.0,1596.7,378,604537.5,TQNE
2013-12-25,1600.0,1637.3,1592.4,1613.1,825,1328346.4,TQNE
2013-12-26,1636.0,1674.0,1618.0,1636.7,101,164822.4,TQNE
2013-12-27,1618.1,1641.0,1611.1,1630.0,35,56994.6,TQNE
2013-12-30,1638.5,1655.0,1626.0,1655.0,81,133210.7,TQNE
2014-01-06,1622.9,1638.7,1618.0,1618.0,60,97492.0,TQNE
2014-01-08,1638.8,1638.8,1610.0,1612.0,85,137207.1,TQNE
2014-01-09,1626.8,1626.8,1620.0,1624.7,10,16236.0,TQNE
2014-01-10,1610.8,1646.4,1610.1,1642.0,158,256435.6,TQNE
2014-01-13,1647.3,1715.0,1630.4,1658.5,41,67755.9,TQNE
2014-01-14,1657.7,1657.8,1635.4,1635.4,281,463446.6,TQNE
2014-01-15,1659.3,1659.3,1637.6,1641.8,276,455125.4,TQNE
2014-01-16,1659.2,1679.8,1659.2,1678.0,121,201854.6,TQNE
2014-01-17,1680.0,1680.0,1670.0,1670.0,9,15070.0,TQNE
2014-01-20,1670.0,1709.8,1670.0,1693.3,71,120556.6,TQNE
2014-01-21,1713.0,1746.7,1700.1,1745.0,497,858189.8,TQNE
2014-01-22,1714.3,1748.8,1700.2,1743.0,980,1702963.9,TQNE
2014-01-23,1748.0,1750.0,1733.4,1737.2,113,197293.3,TQNE
2014-01-24,1743.9,1788.8,1743.9,1760.7,142,250841.5,TQNE
2014-01-27,1769.7,1780.0,1749.0,1768.7,293,517838.9,TQNE
2014-01-28,1769.8,1778.8,1750.0,1760.0,664,1163001.7,TQNE
2014-01-29,1748.0,1778.8,1748.0,1750.0,132,233358.7,TQNE
2014-01-30,1750.0,1772.0,1741.0,1750.0,43,75595.0,TQNE
2014-01-31,1740.0,1740.1,1728.7,1728.8,59,102486.9,TQNE
2014-02-03,1764.2,1768.4,1728.2,1750.0,67,116971.1,TQNE
2014-02-04,1737.6,1737.6,1717.4,1730.0,187,323068.3,TQNE
2014-02-05,1713.0,1752.9,1711.1,1728.0,49,84638.0,TQNE
2014-02-06,1730.0,1737.5,1712.0,1737.5,649,1117216.1,TQNE
2014-02-07,1736.3,1737.5,1730.1,1730.1,29,50355.9,TQNE
2014-02-10,1702.0,1740.0,1702.0,1714.3,189,325055.6,TQNE
2014-02-11,1714.8,1717.2,1714.8,1716.4,34,58329.6,TQNE
2014-02-12,1720.0,1750.8,1709.0,1750.0,897,1562920.0,TQNE
2014-02-13,1750.0,1760.0,1745.0,1758.0,57,100125.6,TQNE
2014-02-14,1761.6,2344.3,1709.6,1785.0,804,1434846.1,TQNE
2014-02-17,1800.0,1848.9,1798.9,1820.0,556,1007716.7,TQNE
2014-02-18,1798.1,1821.0,1746.1,1809.5,328,589816.6,TQNE
2014-02-19,1816.0,1820.0,1799.9,1800.0,437,787686.4,TQNE
2014-02-20,1795.0,1795.0,1795.0,1795.0,1,1795.0,TQNE
2014-02-21,1824.9,1824.9,1790.3,1790.3,18,32444.6,TQNE
2014-02-24,1790.0,1790.0,1763.5,1764.5,28,49442.3,TQNE
2014-02-25,1837.2,1840.0,1786.1,1786.1,246,446593.8,TQNE
2014-02-26,1800.0,1800.0,1788.0,1800.0,138,247569.7,TQNE
2014-02-27,1788.0,1799.7,1760.0,1770.0,72,127895.4,TQNE
2014-02-28,1760.0,1785.3,1750.0,1770.8,131,232867.8,TQNE
2014-03-03,1745.0,1751.0,1601.0,1690.0,426,712157.6,TQNE
2014-03-04,1700.0,1739.8,1675.0,1689.9,802,1361713.5,TQNE
2014-03-05,1697.7,1730.0,1689.2,1700.0,305,521323.2,TQNE
2014-03-06,1720.0,1720.0,1670.0,1688.0,253,429647.7,TQNE
2014-03-07,1678.2,1700.0,1657.4,1670.8,814,1352164.3,TQNE
2014-03-11,1709.0,1718.0,1693.8,1695.0,181,309969.2,TQNE
2014-03-12,1685.9,1685.9,1647.9,1670.4,596,988576.5,TQNE
2014-03-13,1658.6,1702.2,1658.6,1701.0,1068,1814447.6,TQNE
2014-03-14,1703.9,1703.9,1656.0,1677.8,240,399279.6,TQNE
2014-03-17,1697.5,1740.0,1693.8,1730.0,179,308743.8,TQNE
2014-03-18,1748.6,1748.7,1710.0,1725.0,67,115843.0,TQNE
2014-03-19,1729.8,1730.0,1662.5,1700.0,261,443659.5,TQNE
2014-03-20,1710.7,1754.9,1690.0,1700.0,98,166693.8,TQNE
2014-03-21,1700.0,1710.0,1670.1,1710.0,57,97252.1,TQNE
2014-03-24,1716.5,1736.0,1710.0,1736.0,110,190135.8,TQNE
2014-03-25,1730.0,1730.0,1710.1,1729.8,26,44748.6,TQNE
2014-03-26,1707.4,1720.5,1697.0,1719.1,187,318591.6,TQNE
2014-03-27,1717.9,1717.9,1671.5,1707.0,88,149329.7,TQNE
2014-03-28,1692.5,1707.0,1685.0,1707.0,127,214803.8,TQNE
2014-03-31,1695.9,1712.8,1678.9,1705.0,66,112060.4,TQNE
2014-04-01,1700.1,1754.0,1700.0,1750.0,232,403007.4,TQNE
2014-04-02,1749.3,1749.3,1728.0,1748.1,9,15632.1,TQNE
2014-04-03,1724.0,1724.0,1704.9,1710.1,30,51423.1,TQNE
2014-04-04,1717.5,1748.9,1717.4,1748.9,50,86932.4,TQNE
2014-04-07,1768.5,1768.5,1701.4,1716.9,65,111373.9,TQNE
2014-04-08,1759.9,1760.0,1713.0,1719.8,60,103645.4,TQNE
2014-04-09,1713.0,1728.0,1711.0,1728.0,16,27443.1,TQNE
2014-04-10,1729.1,1770.0,1729.1,1770.0,428,752874.7,TQNE
2014-04-11,1770.0,1780.0,1760.9,1760.9,53,93815.9,TQNE
2014-04-14,1760.1,1783.0,1730.8,1783.0,19,33097.7,TQNE
2014-04-15,1779.6,1780.2,1750.0,1750.0,36,64008.8,TQNE
2014-04-16,1743.8,1743.8,1735.0,1739.9,24,41730.6,TQNE
2014-04-17,1747.7,1747.7,1720.0,1747.3,65,112105.7,TQNE
2014-04-18,1753.5,1779.0,1750.0,1750.0,172,303450.0,TQNE
2014-04-21,1738.6,1750.0,1700.0,1748.6,134,230136.7,TQNE
2014-04-22,1748.7,1770.0,1735.6,1770.0,138,243188.7,TQNE
2014-04-23,1749.9,1750.0,1701.0,1701.0,106,182486.4,TQNE
2014-04-24,1722.6,1722.6,1712.0,1720.0,200,344441.4,TQNE
2014-04-25,1717.7,1731.1,1710.0,1710.0,76,130671.6,TQNE
2014-04-28,1706.1,1723.1,1702.2,1723.1,117,201061.0,TQNE
2014-04-29,1723.8,1759.0,1723.7,1731.3,230,401783.8,TQNE
2014-04-30,1749.9,1760.0,1741.4,1741.4,153,267683.2,TQNE
2014-05-02,1706.7,1730.8,1706.7,1730.8,4,6874.9,TQNE
2014-05-05,1749.8,1763.0,1749.8,1760.0,240,421603.4,TQNE
2014-05-06,1759.8,1779.0,1723.6,1741.0,226,398137.2,TQNE
2014-05-07,1745.0,1767.7,1730.0,1730.0,105,182002.2,TQNE
2014-05-08,1732.1,1751.0,1711.0,1717.0,99,170806.6,TQNE
2014-05-12,1735.0,1769.9,1734.0,1740.8,123,215366.0,TQNE
2014-05-13,1767.4,1774.0,1720.0,1729.6,61,106822.6,TQNE
2014-05-14,1760.0,1760.0,1730.0,1745.0,102,178374.2,TQNE
2014-05-15,1732.6,1780.7,1732.6,1770.0,140,246943.9,TQNE
2014-05-16,1745.6,1784.8,1745.6,1779.9,94,167164.2,TQNE
2014-05-19,1774.7,1783.4,1755.0,1783.4,177,312846.5,TQNE
2014-05-20,1763.9,1800.0,1763.8,1800.0,160,286998.7,TQNE
2014-05-21,1794.9,1795.0,1745.1,1757.1,213,378139.8,TQNE
2014-05-22,1766.0,1800.0,1740.0,1800.0,815,1451115.6,TQNE
2014-05-23,1793.5,1809.3,1788.7,1809.3,44,79293.7,TQNE
2014-05-26,1805.7,1835.0,1803.5,1820.2,281,512290.9,TQNE
2014-05-27,1823.0,1850.0,1800.0,1800.0,574,1049974.2,TQNE
2014-05-28,1810.4,1830.0,1810.4,1830.0,160,292554.8,TQNE
2014-05-29,1825.0,1839.0,1825.0,1835.0,312,572752.7,TQNE
2014-05-30,1835.0,1835.0,1820.0,1825.0,41,74842.4,TQNE
2014-06-02,1835.6,1844.0,1835.6,1842.2,44,81110.0,TQNE
2014-06-03,1818.5,1837.1,1790.0,1819.1,199,360930.9,TQNE
2014-06-04,1821.8,1829.1,1801.7,1829.1,45,82037.6,TQNE
2014-06-05,1835.5,1835.5,1819.0,1822.2,47,85535.0,TQNE
2014-06-06,1826.7,1849.3,1821.8,1831.8,21,38669.8,TQNE
2014-06-09,1819.0,1845.5,1819.0,1832.4,31,56758.2,TQBR
2014-06-10,1819.4,1841.3,1819.4,1838.9,20,36743.9,TQBR
2014-06-11,1826.5,1839.0,1826.5,1839.0,25,45822.5,TQBR
2014-06-16,1825.0,1866.9,1824.9,1866.0,106,196343.0,TQBR
2014-06-17,1852.2,1852.2,1700.2,1850.0,241,433860.0,TQBR
2014-06-18,1825.0,1849.0,1800.0,1832.5,101,183729.2,TQBR
2014-06-19,1844.9,1845.3,1814.3,1838.3,199,366503.6,TQBR
2014-06-20,1840.0,1847.9,1840.0,1847.0,13,24012.9,TQBR
2014-06-23,1848.1,1854.7,1811.1,1821.0,128,234956.5,TQBR
2014-06-24,1857.0,1857.0,1840.0,1840.0,273,504616.5,TQBR
2014-06-25,1839.8,1839.9,1817.9,1819.4,133,242471.6,TQBR
2014-06-26,1811.0,1833.5,1811.0,1833.5,13,23680.9,TQBR
2014-06-27,1822.1,1840.0,1820.7,1837.1,24,43880.1,TQBR
2014-06-30,1815.3,1838.6,1765.0,1838.6,925,1685003.6,TQBR
2014-07-01,1839.5,1860.0,1833.4,1849.0,168,311337.0,TQBR
2014-07-02,1833.7,1863.0,1833.7,1850.0,8,14832.4,TQBR
2014-07-03,1864.6,1864.7,1840.0,1858.8,93,172537.6,TQBR
2014-07-04,1862.5,1862.6,1845.0,1845.0,173,321911.2,TQBR
2014-07-07,1858.4,1858.4,1845.0,1854.9,110,203632.7,TQBR
2014-07-08,1856.2,1864.9,1812.1,1840.1,50,92269.3,TQBR
2014-07-09,1810.0,1848.8,1810.0,1848.8,6,11045.2,TQBR
2014-07-10,1849.0,1863.2,1820.0,1820.0,217,397350.4,TQBR
2014-07-11,1850.0,1850.0,1754.5,1835.0,401,724842.2,TQBR
2014-07-14,1808.8,1850.0,1790.0,1819.8,180,330209.2,TQBR
2014-07-15,1815.0,1835.0,1815.0,1831.9,166,302410.3,TQBR
2014-07-16,1824.1,1841.5,1811.8,1814.0,105,190838.9,TQBR
2014-07-17,1810.0,1819.9,1720.0,1746.0,856,1513491.8,TQBR
2014-07-18,1740.2,1753.9,1735.4,1749.8,74,129065.9,TQBR
2014-07-21,1740.0,1766.9,1725.0,1754.8,138,240383.0,TQBR
2014-07-22,1800.0,1800.0,1769.8,1779.1,28,49870.8,TQBR
2014-07-23,1769.1,1799.7,1769.1,1775.0,76,135262.3,TQBR
2014-07-24,1790.0,1790.0,1750.0,1756.2,101,177996.0,TQBR
2014-07-25,1782.0,1799.9,1771.0,1780.6,115,205326.4,TQBR
2014-07-28,1761.0,1761.0,1741.2,1758.1,79,138148.1,TQBR
2014-07-29,1764.7,1790.5,1761.6,1790.4,53,94208.5,TQBR
2014-07-30,1790.1,1790.1,1780.0,1780.0,11,19630.2,TQBR
2014-07-31,1789.9,1813.0,1771.9,1813.0,195,351433.5,TQBR
2014-08-01,1812.8,1815.0,1784.0,1786.6,104,188296.0,TQBR
2014-08-04,1805.6,1805.6,1789.9,1800.0,11,19730.9,TQBR
2014-08-05,1813.0,1813.0,1786.4,1793.0,43,77055.1,TQBR
2014-08-06,1812.9,1812.9,1751.6,1789.6,105,186948.6,TQBR
2014-08-07,1752.0,1783.5,1750.0,1755.0,69,121265.1,TQBR
2014-08-08,1754.9,1815.0,1746.5,1759.9,117,206337.9,TQBR
2014-08-11,1789.4,1799.5,1760.1,1790.5,43,76841.0,TQBR
2014-08-12,1782.3,1795.6,1768.0,1768.0,58,103513.9,TQBR
2014-08-13,1793.9,1793.9,1790.0,1790.0,138,247040.8,TQBR
2014-08-14,1780.1,1790.0,1772.5,1790.0,81,144875.6,TQBR
2014-08-15,1758.2,1793.0,1758.2,1792.9,10,17853.6,TQBR
2014-08-18,1792.0,1792.0,1792.0,1792.0,1,1792.0,TQBR
2014-08-19,1789.9,1790.0,1770.0,1789.8,152,271171.7,TQBR
2014-08-20,1792.0,1814.0,1771.0,1771.0,205,367852.4,TQBR
2014-08-21,1801.0,1801.0,1771.1,1799.7,15,26692.3,TQBR
2014-08-22,1800.0,1805.8,1771.0,1773.0,123,220396.3,TQBR
2014-08-25,1763.2,1786.5,1763.0,1786.5,24,42506.3,TQBR
2014-08-26,1790.0,1800.0,1776.5,1800.0,8,14262.5,TQBR
2014-08-27,1800.0,1800.0,1799.8,1799.8,3,5399.8,TQBR
2014-08-28,1797.9,1797.9,1771.0,1771.1,33,58632.7,TQBR
2014-08-29,1771.1,1790.7,1750.1,1750.1,66,116816.7,TQBR
2014-09-01,1794.7,1795.0,1751.0,1751.0,41,72715.2,TQBR
2014-09-02,1752.2,1779.7,1752.2,1779.7,7,12334.9,TQBR
2014-09-03,1760.5,1785.0,1753.0,1753.0,369,647332.5,TQBR
2014-09-04,1758.4,1782.4,1745.0,1782.3,245,431796.9,TQBR
2014-09-05,1762.7,1774.9,1740.3,1774.9,140,245174.3,TQBR
2014-09-08,1774.9,1775.0,1769.0,1769.0,13,23067.8,TQBR
2014-09-09,1754.6,1774.9,1750.1,1769.8,94,165214.1,TQBR
2014-09-10,1769.8,1774.6,1754.0,1754.0,13,22898.3,TQBR
2014-09-11,1752.1,1799.0,1750.0,1765.0,529,939128.9,TQBR
2014-09-12,1753.0,1775.0,1750.3,1769.0,320,567237.6,TQBR
2014-09-15,1750.2,2050.0,1750.2,1856.1,819,1535804.3,TQBR
2014-09-16,1775.5,1949.0,1775.0,1940.0,1152,2172319.0,TQBR
2014-09-17,1951.2,1958.6,1810.1,1851.3,363,690185.7,TQBR
2014-09-18,1894.9,1958.0,1892.0,1912.0,122,233568.2,TQBR
2014-09-19,1862.3,1949.8,1805.0,1880.0,184,347994.0,TQBR
2014-09-22,1850.2,1850.6,1850.2,1850.3,12,22204.6,TQBR
2014-09-23,1844.1,1870.5,1806.3,1806.3,25,46216.5,TQBR
2014-09-24,1800.1,1850.0,1800.0,1813.0,56,102057.7,TQBR
2014-09-25,1825.6,1889.8,1820.0,1826.0,113,209797.0,TQBR
2014-09-29,1830.1,1885.2,1802.0,1809.0,42,76103.3,TQBR
2014-09-30,1801.8,1848.1,1801.8,1802.0,29,52472.2,TQBR
2014-10-01,1810.0,1845.0,1810.0,1845.0,4,7345.0,TQBR
2014-10-02,1820.0,1820.0,1800.0,1820.0,54,97850.0,TQBR
2014-10-03,1810.0,1840.0,1800.0,1805.0,69,124515.0,TQBR
2014-10-06,1785.0,1890.0,1785.0,1890.0,64,117155.0,TQBR
2014-10-07,1880.0,1890.0,1850.0,1850.0,597,1127920.0,TQBR
2014-10-08,1835.0,1835.0,1800.0,1810.0,57,103510.0,TQBR
2014-10-09,1810.0,1815.0,1810.0,1810.0,22,39900.0,TQBR
2014-10-10,1770.0,1840.0,1745.0,1785.0,2751,5046835.0,TQBR
2014-10-13,1765.0,1765.0,1655.0,1660.0,454,769005.0,TQBR
2014-10-14,1655.0,1670.0,1600.0,1605.0,266,434635.0,TQBR
2014-10-15,1690.0,1690.0,1375.0,1440.0,571,882295.0,TQBR
2014-10-16,1515.0,1580.0,1470.0,1470.0,161,243435.0,TQBR
2014-10-17,1545.0,1585.0,1545.0,1560.0,51,79855.0,TQBR
2014-10-20,1555.0,1555.0,1505.0,1535.0,141,215110.0,TQBR
2014-10-21,1545.0,1545.0,1500.0,1500.0,63,95055.0,TQBR
2014-10-22,1500.0,1500.0,1490.0,1490.0,13,19410.0,TQBR
2014-10-23,1465.0,1485.0,1400.0,1445.0,414,585855.0,TQBR
2014-10-24,1445.0,1445.0,1410.0,1420.0,72,102235.0,TQBR
2014-10-27,1430.0,1430.0,1390.0,1390.0,50,70085.0,TQBR
2014-10-28,1400.0,1400.0,1280.0,1350.0,416,544665.0,TQBR
2014-10-29,1315.0,1385.0,1310.0,1380.0,26,34985.0,TQBR
2014-10-30,1360.0,1365.0,1320.0,1350.0,356,480620.0,TQBR
2014-10-31,1370.0,1450.0,1370.0,1425.0,557,789820.0,TQBR
2014-11-03,1415.0,1425.0,1410.0,1410.0,10,14155.0,TQBR
2014-11-05,1390.0,1450.0,1385.0,1435.0,69,97200.0,TQBR
2014-11-06,1410.0,1445.0,1400.0,1435.0,71,100570.0,TQBR
2014-11-07,1445.0,1455.0,1365.0,1390.0,245,340035.0,TQBR
2014-11-10,1425.0,1500.0,1400.0,1425.0,165,235825.0,TQBR
2014-11-11,1435.0,1440.0,1405.0,1425.0,53,74870.0,TQBR
2014-11-12,1410.0,1420.0,1405.0,1415.0,11,15520.0,TQBR
2014-11-13,1410.0,1415.0,1400.0,1400.0,95,133215.0,TQBR
2014-11-14,1400.0,1410.0,1400.0,1405.0,81,113760.0,TQBR
2014-11-17,1405.0,1425.0,1375.0,1400.0,74,103740.0,TQBR
2014-11-18,1400.0,1400.0,1390.0,1400.0,69,96405.0,TQBR
2014-11-19,1410.0,1415.0,1395.0,1395.0,231,324015.0,TQBR
2014-11-20,1405.0,1550.0,1405.0,1505.0,556,823345.0,TQBR
2014-11-21,1500.0,1680.0,1500.0,1630.0,600,950345.0,TQBR
2014-11-24,1630.0,1715.0,1600.0,1600.0,306,510875.0,TQBR
2014-11-25,1660.0,1750.0,1650.0,1720.0,537,905390.0,TQBR
2014-11-26,1680.0,1825.0,1675.0,1805.0,498,882035.0,TQBR
2014-11-27,1765.0,1790.0,1695.0,1740.0,178,306945.0,TQBR
2014-11-28,1700.0,1730.0,1700.0,1730.0,2,3430.0,TQBR
2014-12-01,1730.0,1735.0,1610.0,1610.0,370,616260.0,TQBR
2014-12-02,1680.0,1690.0,1650.0,1650.0,22,36670.0,TQBR
2014-12-03,1780.0,1780.0,1625.0,1685.0,154,258660.0,TQBR
2014-12-04,1705.0,1705.0,1650.0,1700.0,387,651015.0,TQBR
2014-12-05,1700.0,1705.0,1630.0,1650.0,69,115175.0,TQBR
2014-12-08,1650.0,1675.0,1595.0,1600.0,205,332155.0,TQBR
2014-12-09,1560.0,1810.0,1305.0,1575.0,672,1083995.0,TQBR
2014-12-10,1600.0,1600.0,1555.0,1565.0,49,77580.0,TQBR
2014-12-11,1535.0,1535.0,1500.0,1535.0,37,55925.0,TQBR
2014-12-12,1470.0,1555.0,1465.0,1555.0,7,10620.0,TQBR
2014-12-15,1540.0,1540.0,1490.0,1490.0,192,287800.0,TQBR
2014-12-16,1490.0,1500.0,1400.0,1495.0,167,240380.0,TQBR
2014-12-17,1445.0,1500.0,1440.0,1500.0,116,172205.0,TQBR
2014-12-18,1505.0,1525.0,1455.0,1490.0,76,112610.0,TQBR
2014-12-19,1510.0,1570.0,1490.0,1520.0,34,51895.0,TQBR
2014-12-22,1520.0,1520.0,1460.0,1495.0,118,178570.0,TQBR
2014-12-23,1485.0,1580.0,1465.0,1470.0,51,77405.0,TQBR
2014-12-24,1515.0,1670.0,1475.0,1535.0,341,519345.0,TQBR
2014-12-25,1525.0,1525.0,1445.0,1480.0,80,117925.0,TQBR
2014-12-26,1480.0,1490.0,1410.0,1490.0,56,80780.0,TQBR
2014-12-29,1515.0,1515.0,1475.0,1500.0,24,36020.0,TQBR
2014-12-30,1485.0,1495.0,1450.0,1495.0,71,104570.0,TQBR
2015-01-05,1585.0,1585.0,1500.0,1530.0,12,18425.0,TQBR
2015-01-06,1535.0,1575.0,1515.0,1540.0,127,194295.0,TQBR
2015-01-08,1550.0,1600.0,1505.0,1525.0,110,171570.0,TQBR
2015-01-09,1515.0,1570.0,1510.0,1540.0,86,131725.0,TQBR
2015-01-12,1520.0,1530.0,1520.0,1520.0,11,16730.0,TQBR
2015-01-13,1525.0,1570.0,1475.0,1490.0,157,236845.0,TQBR
2015-01-14,1540.0,1585.0,1475.0,1475.0,76,116010.0,TQBR
2015-01-15,1535.0,1600.0,1470.0,1600.0,961,1427940.0,TQBR
2015-01-16,1590.0,1590.0,1520.0,1565.0,123,189240.0,TQBR
2015-01-19,1600.0,1635.0,1575.0,1575.0,225,362960.0,TQBR
2015-01-20,1600.0,1600.0,1570.0,1580.0,71,112815.0,TQBR
2015-01-21,1595.0,1600.0,1575.0,1600.0,55,87780.0,TQBR
2015-01-22,1600.0,1630.0,1550.0,1630.0,127,203415.0,TQBR
2015-01-23,1630.0,1780.0,1570.0,1670.0,417,690280.0,TQBR
2015-01-26,1670.0,1670.0,1625.0,1625.0,15,24640.0,TQBR
2015-01-27,1620.0,1650.0,1600.0,1610.0,243,393530.0,TQBR
2015-01-28,1695.0,1695.0,1600.0,1650.0,242,391965.0,TQBR
2015-01-29,1625.0,1640.0,1560.0,1640.0,595,941590.0,TQBR
2015-01-30,1635.0,1635.0,1630.0,1630.0,12,19570.0,TQBR
2015-02-02,1620.0,1620.0,1600.0,1615.0,98,157485.0,TQBR
2015-02-03,1610.0,1645.0,1520.0,1645.0,63,100745.0,TQBR
2015-02-04,1635.0,1640.0,1635.0,1640.0,15,24585.0,TQBR
2015-02-05,1595.0,1615.0,1540.0,1610.0,123,192140.0,TQBR
2015-02-06,1595.0,1600.0,1575.0,1595.0,64,101795.0,TQBR
2015-02-09,1565.0,1590.0,1500.0,1580.0,675,1035815.0,TQBR
2015-02-10,1570.0,1590.0,1535.0,1590.0,73,114085.0,TQBR
2015-02-11,1620.0,1620.0,1550.0,1605.0,105,165450.0,TQBR
2015-02-12,1600.0,1630.0,1580.0,1630.0,287,464285.0,TQBR
2015-02-13,1620.0,1620.0,1570.0,1620.0,287,459210.0,TQBR
2015-02-16,1620.0,1645.0,1585.0,1595.0,228,373675.0,TQBR
2015-02-17,1595.0,1640.0,1590.0,1640.0,58,93375.0,TQBR
2015-02-18,1630.0,1630.0,1590.0,1600.0,89,142710.0,TQBR
2015-02-19,1600.0,1610.0,1585.0,1590.0,30,47860.0,TQBR
2015-02-20,1585.0,1745.0,1580.0,1655.0,394,647965.0,TQBR
2015-02-24,1615.0,1700.0,1595.0,1660.0,420,687270.0,TQBR
2015-02-25,1630.0,1650.0,1615.0,1650.0,61,99830.0,TQBR
2015-02-26,1650.0,1650.0,1625.0,1640.0,88,144475.0,TQBR
2015-02-27,1630.0,1745.0,1630.0,1700.0,257,430405.0,TQBR
2015-03-02,1685.0,1710.0,1660.0,1660.0,261,442920.0,TQBR
2015-03-03,1695.0,1700.0,1660.0,1665.0,313,526200.0,TQBR
2015-03-04,1670.0,1685.0,1670.0,1685.0,87,146160.0,TQBR
2015-03-05,1675.0,1710.0,1670.0,1710.0,76,128665.0,TQBR
2015-03-06,1695.0,1695.0,1640.0,1640.0,174,288225.0,TQBR
2015-03-10,1640.0,1640.0,1550.0,1565.0,221,350760.0,TQBR
2015-03-11,1560.0,1705.0,1535.0,1610.0,431,708355.0,TQBR
2015-03-12,1660.0,1685.0,1630.0,1630.0,28,46135.0,TQBR
2015-03-13,1640.0,1640.0,1580.0,1600.0,239,390980.0,TQBR
2015-03-16,1605.0,1635.0,1580.0,1605.0,27,43270.0,TQBR
2015-03-17,1615.0,1615.0,1575.0,1580.0,80,126850.0,TQBR
2015-03-18,1580.0,1580.0,1540.0,1550.0,61,95085.0,TQBR
2015-03-19,1580.0,1655.0,1575.0,1580.0,107,170570.0,TQBR
2015-03-20,1580.0,1580.0,1540.0,1550.0,147,228235.0,TQBR
2015-03-23,1575.0,1600.0,1550.0,1550.0,30,46740.0,TQBR
2015-03-24,1550.0,1595.0,1550.0,1595.0,18,28385.0,TQBR
2015-03-25,1630.0,1630.0,1505.0,1575.0,59,90585.0,TQBR
2015-03-26,1575.0,1575.0,1515.0,1515.0,59,91265.0,TQBR
2015-03-27,1590.0,1590.0,1500.0,1540.0,154,233330.0,TQBR
2015-03-30,1540.0,1540.0,1510.0,1540.0,67,101865.0,TQBR
2015-03-31,1520.0,1550.0,1500.0,1550.0,64,97290.0,TQBR
2015-04-01,1550.0,1555.0,1525.0,1535.0,31,47985.0,TQBR
2015-04-02,1555.0,1560.0,1550.0,1560.0,4,6215.0,TQBR
2015-04-03,1565.0,1575.0,1550.0,1550.0,15,23455.0,TQBR
2015-04-06,1560.0,1570.0,1505.0,1570.0,60,92315.0,TQBR
2015-04-07,1555.0,1740.0,1555.0,1660.0,1024,1697405.0,TQBR
2015-04-08,1690.0,1760.0,1690.0,1740.0,889,1532235.0,TQBR
2015-04-09,1730.0,1730.0,1685.0,1695.0,163,277260.0,TQBR
2015-04-10,1685.0,1700.0,1680.0,1700.0,65,109670.0,TQBR
2015-04-13,1710.0,1775.0,1705.0,1725.0,109,189195.0,TQBR
2015-04-14,1725.0,1750.0,1705.0,1705.0,45,77040.0,TQBR
2015-04-15,1745.0,1790.0,1745.0,1745.0,181,320680.0,TQBR
2015-04-16,1735.0,1790.0,1720.0,1730.0,127,220080.0,TQBR
2015-04-17,1730.0,1750.0,1700.0,1710.0,83,142040.0,TQBR
2015-04-20,1740.0,1900.0,1735.0,1795.0,1296,2364295.0,TQBR
2015-04-21,1800.0,1800.0,1750.0,1780.0,135,239485.0,TQBR
2015-04-22,1790.0,1790.0,1700.0,1770.0,232,404265.0,TQBR
2015-04-23,1760.0,1775.0,1690.0,1730.0,58,100200.0,TQBR
2015-04-24,1710.0,1740.0,1665.0,1690.0,110,186150.0,TQBR
2015-04-27,1710.0,1710.0,1685.0,1700.0,89,151200.0,TQBR
2015-04-28,1710.0,1730.0,1690.0,1705.0,219,371675.0,TQBR
2015-04-29,1730.0,1750.0,1730.0,1730.0,172,299125.0,TQBR
2015-04-30,1740.0,1795.0,1735.0,1780.0,195,346475.0,TQBR
2015-05-05,1800.0,1800.0,1770.0,1790.0,98,174505.0,TQBR
2015-05-06,1780.0,1800.0,1780.0,1800.0,147,264370.0,TQBR
2015-05-07,1800.0,1800.0,1750.0,1750.0,94,166220.0,TQBR
2015-05-08,1785.0,1800.0,1745.0,1790.0,644,1131280.0,TQBR
2015-05-12,1780.0,1850.0,1715.0,1800.0,761,1366665.0,TQBR
2015-05-13,1820.0,1820.0,1795.0,1800.0,224,405300.0,TQBR
2015-05-14,1815.0,1830.0,1795.0,1825.0,113,205700.0,TQBR
2015-05-15,1845.0,1845.0,1810.0,1820.0,1030,1889860.0,TQBR
2015-05-18,1855.0,1855.0,1800.0,1800.0,125,226735.0,TQBR
2015-05-19,1775.0,1830.0,1705.0,1755.0,1143,1988445.0,TQBR
2015-05-20,1770.0,1775.0,1740.0,1770.0,125,220595.0,TQBR
2015-05-21,1770.0,1795.0,1725.0,1795.0,112,197545.0,TQBR
2015-05-22,1720.0,1815.0,1710.0,1765.0,499,892555.0,TQBR
2015-05-25,1770.0,1800.0,1725.0,1765.0,678,1205685.0,TQBR
2015-05-26,1795.0,1800.0,1770.0,1800.0,222,399280.0,TQBR
2015-05-27,1800.0,1800.0,1760.0,1760.0,924,1629265.0,TQBR
2015-05-28,1770.0,1800.0,1745.0,1800.0,37,64950.0,TQBR
2015-05-29,1790.0,1800.0,1790.0,1795.0,51,91690.0,TQBR
2015-06-01,1750.0,1795.0,1725.0,1760.0,73,129770.0,TQBR
2015-06-02,1775.0,1790.0,1770.0,1785.0,11,19575.0,TQBR
2015-06-03,1775.0,1810.0,1760.0,1800.0,205,366685.0,TQBR
2015-06-04,1795.0,1795.0,1775.0,1775.0,31,55420.0,TQBR
2015-06-05,1770.0,1780.0,1750.0,1780.0,119,209975.0,TQBR
2015-06-08,1790.0,1800.0,1775.0,1780.0,36,64415.0,TQBR
2015-06-09,1780.0,1800.0,1755.0,1795.0,70,125290.0,TQBR
2015-06-10,1795.0,1800.0,1740.0,1780.0,126,221300.0,TQBR
2015-06-11,1760.0,1795.0,1750.0,1795.0,246,437970.0,TQBR
2015-06-15,1800.0,1850.0,1800.0,1850.0,330,599550.0,TQBR
2015-06-16,1870.0,1900.0,1830.0,1850.0,220,410850.0,TQBR
2015-06-17,1860.0,1935.0,1860.0,1920.0,332,631815.0,TQBR
2015-06-18,1930.0,1945.0,1880.0,1945.0,393,750015.0,TQBR
2015-06-19,1915.0,1970.0,1900.0,1970.0,574,1126205.0,TQBR
2015-06-22,2100.0,2295.0,1980.0,2215.0,3085,6790690.0,TQBR
2015-06-23,2210.0,2320.0,2210.0,2310.0,640,1462080.0,TQBR
2015-06-24,2280.0,2360.0,2265.0,2345.0,548,1272255.0,TQBR
2015-06-25,2340.0,2340.0,2100.0,2245.0,339,744890.0,TQBR
2015-06-26,2255.0,2270.0,2100.0,2230.0,452,979215.0,TQBR
2015-06-29,2175.0,2205.0,2170.0,2170.0,114,247920.0,TQBR
2015-06-30,2170.0,2200.0,2170.0,2180.0,405,883720.0,TQBR
2015-07-01,2170.0,2170.0,2110.0,2150.0,284,606605.0,TQBR
2015-07-02,2150.0,2180.0,2115.0,2120.0,296,633230.0,TQBR
2015-07-03,2135.0,2150.0,2135.0,2135.0,26,55730.0,TQBR
2015-07-06,2140.0,2225.0,2130.0,2225.0,60,131420.0,TQBR
2015-07-07,2235.0,2265.0,2120.0,2195.0,641,1418775.0,TQBR
2015-07-08,2195.0,2195.0,2065.0,2110.0,227,477405.0,TQBR
2015-07-09,2270.0,2270.0,2140.0,2140.0,257,553060.0,TQBR
2015-07-10,2155.0,2180.0,2140.0,2140.0,87,186915.0,TQBR
2015-07-13,2150.0,2185.0,2100.0,2150.0,110,233060.0,TQBR
2015-07-14,2150.0,2450.0,2150.0,2255.0,708,1620975.0,TQBR
2015-07-15,2365.0,2470.0,2360.0,2400.0,425,1020015.0,TQBR
2015-07-16,2450.0,2490.0,2080.0,2275.0,512,1166845.0,TQBR
2015-07-17,2295.0,2420.0,2250.0,2305.0,380,885295.0,TQBR
2015-07-20,2215.0,2355.0,2215.0,2355.0,41,94990.0,TQBR
2015-07-21,2300.0,2345.0,2295.0,2320.0,98,226620.0,TQBR
2015-07-22,2300.0,2320.0,2260.0,2260.0,56,128495.0,TQBR
2015-07-23,2260.0,2280.0,2245.0,2280.0,13,29385.0,TQBR
2015-07-24,2280.0,2300.0,2270.0,2290.0,246,563310.0,TQBR
2015-07-27,2335.0,2340.0,2170.0,2300.0,943,2186485.0,TQBR
2015-07-28,2215.0,2305.0,2190.0,2285.0,213,486080.0,TQBR
2015-07-29,2290.0,2295.0,2210.0,2225.0,126,281315.0,TQBR
2015-07-30,2275.0,2280.0,2260.0,2260.0,33,74815.0,TQBR
2015-07-31,2250.0,2330.0,2250.0,2315.0,291,667430.0,TQBR
2015-08-03,2325.0,2395.0,2270.0,2350.0,1304,3052135.0,TQBR
2015-08-04,2365.0,2380.0,2300.0,2380.0,602,1390570.0,TQBR
2015-08-05,2390.0,2400.0,2290.0,2360.0,641,1488210.0,TQBR
2015-08-06,2360.0,2385.0,2340.0,2350.0,125,297470.0,TQBR
2015-08-07,2330.0,2375.0,2280.0,2330.0,420,975805.0,TQBR
2015-08-10,2335.0,2400.0,2300.0,2345.0,374,877550.0,TQBR
2015-08-11,2355.0,2395.0,2330.0,2340.0,680,1594905.0,TQBR
2015-08-12,2370.0,2400.0,2320.0,2375.0,597,1420245.0,TQBR
2015-08-13,2380.0,2380.0,2340.0,2380.0,531,1247100.0,TQBR
2015-08-14,2380.0,2405.0,2360.0,2380.0,307,734150.0,TQBR
2015-08-17,2380.0,2450.0,2380.0,2410.0,192,460585.0,TQBR
2015-08-18,2405.0,2650.0,2405.0,2595.0,238,602985.0,TQBR
2015-08-19,2615.0,2625.0,2535.0,2540.0,217,555570.0,TQBR
2015-08-20,2550.0,2790.0,2540.0,2730.0,470,1251170.0,TQBR
2015-08-21,2750.0,2995.0,2730.0,2840.0,560,1595790.0,TQBR
2015-08-24,2700.0,2925.0,2665.0,2845.0,462,1285990.0,TQBR
2015-08-25,2850.0,2865.0,2805.0,2845.0,71,201210.0,TQBR
2015-08-26,2785.0,2870.0,2700.0,2850.0,750,2099020.0,TQBR
2015-08-27,2715.0,2820.0,2700.0,2750.0,339,923980.0,TQBR
2015-08-28,2730.0,2740.0,2655.0,2705.0,264,712165.0,TQBR
2015-08-31,2730.0,2785.0,2710.0,2710.0,249,685625.0,TQBR
2015-09-01,2730.0,2755.0,2700.0,2720.0,140,381880.0,TQBR
2015-09-02,2720.0,2800.0,2720.0,2785.0,39,108175.0,TQBR
2015-09-03,2795.0,2850.0,2780.0,2850.0,210,590265.0,TQBR
2015-09-04,2840.0,2865.0,2780.0,2860.0,161,455550.0,TQBR
2015-09-07,2860.0,2860.0,2720.0,2750.0,1133,3128450.0,TQBR
2015-09-08,2750.0,2850.0,2750.0,2840.0,275,774175.0,TQBR
2015-09-09,2830.0,2845.0,2810.0,2810.0,18,50950.0,TQBR
2015-09-10,2835.0,2965.0,2835.0,2845.0,248,708895.0,TQBR
2015-09-11,2855.0,2890.0,2850.0,2880.0,98,280790.0,TQBR
2015-09-14,2910.0,2920.0,2895.0,2900.0,73,212335.0,TQBR
2015-09-15,2895.0,2895.0,2800.0,2835.0,132,375050.0,TQBR
2015-09-16,2815.0,2830.0,2805.0,2830.0,26,73085.0,TQBR
2015-09-17,2845.0,2845.0,2800.0,2840.0,37,104350.0,TQBR
2015-09-18,2850.0,2885.0,2850.0,2860.0,112,320835.0,TQBR
2015-09-21,2810.0,2860.0,2805.0,2860.0,152,434120.0,TQBR
2015-09-22,2860.0,2865.0,2795.0,2820.0,180,509995.0,TQBR
2015-09-23,2825.0,2825.0,2780.0,2780.0,68,189830.0,TQBR
2015-09-24,2780.0,2780.0,2600.0,2695.0,327,874330.0,TQBR
2015-09-25,2690.0,2750.0,2665.0,2745.0,153,414455.0,TQBR
2015-09-28,2740.0,2740.0,2630.0,2740.0,21,56905.0,TQBR
2015-09-29,2740.0,2785.0,2710.0,2740.0,125,343110.0,TQBR
2015-09-30,2780.0,2825.0,2770.0,2805.0,28,78210.0,TQBR
2015-10-01,2725.0,2750.0,2725.0,2750.0,6,16475.0,TQBR
2015-10-02,2745.0,2820.0,2735.0,2815.0,48,133280.0,TQBR
2015-10-05,2800.0,2805.0,2620.0,2745.0,212,580585.0,TQBR
2015-10-06,2740.0,2785.0,2720.0,2750.0,467,1291440.0,TQBR
2015-10-07,2795.0,2795.0,2750.0,2750.0,19,52630.0,TQBR
2015-10-08,2750.0,2750.0,2650.0,2680.0,224,601445.0,TQBR
2015-10-09,2680.0,2735.0,2660.0,2725.0,71,190415.0,TQBR
2015-10-12,2725.0,2800.0,2680.0,2795.0,214,593615.0,TQBR
2015-10-13,2770.0,2795.0,2745.0,2755.0,100,276520.0,TQBR
2015-10-14,2745.0,2780.0,2745.0,2780.0,92,254380.0,TQBR
2015-10-15,2750.0,2765.0,2700.0,2760.0,166,451645.0,TQBR
2015-10-16,2765.0,2775.0,2735.0,2750.0,130,358125.0,TQBR
2015-10-19,2775.0,2850.0,2755.0,2785.0,450,1258095.0,TQBR
2015-10-20,2795.0,2950.0,2785.0,2900.0,381,1084080.0,TQBR
2015-10-21,2900.0,2900.0,2820.0,2880.0,524,1495265.0,TQBR
2015-10-22,2880.0,2880.0,2815.0,2860.0,108,308765.0,TQBR
2015-10-23,2845.0,2885.0,2835.0,2885.0,196,563705.0,TQBR
2015-10-26,2885.0,3055.0,2865.0,2985.0,886,2637460.0,TQBR
2015-10-27,3010.0,3045.0,3000.0,3030.0,342,1031850.0,TQBR
2015-10-28,3050.0,3080.0,3020.0,3060.0,98,299325.0,TQBR
2015-10-29,3090.0,3100.0,2980.0,3000.0,216,651180.0,TQBR
2015-10-30,2975.0,3010.0,2955.0,3010.0,161,482380.0,TQBR
2015-11-02,3040.0,3170.0,3040.0,3120.0,332,1022485.0,TQBR
2015-11-03,3120.0,3150.0,3010.0,3095.0,196,601780.0,TQBR
2015-11-05,3075.0,3105.0,3060.0,3060.0,94,288610.0,TQBR
2015-11-06,3110.0,3110.0,3035.0,3035.0,102,310065.0,TQBR
2015-11-09,3115.0,3115.0,2980.0,2995.0,193,581000.0,TQBR
2015-11-10,3035.0,3035.0,2915.0,2975.0,110,327655.0,TQBR
2015-11-11,2985.0,2985.0,2875.0,2900.0,124,360905.0,TQBR
2015-11-12,2925.0,3000.0,2850.0,2920.0,397,1173940.0,TQBR
2015-11-13,2920.0,2970.0,2865.0,2930.0,76,222120.0,TQBR
2015-11-16,2930.0,3065.0,2915.0,3065.0,264,792610.0,TQBR
2015-11-17,3015.0,3050.0,3000.0,3025.0,949,2857130.0,TQBR
2015-11-18,2990.0,3070.0,2990.0,3045.0,605,1839555.0,TQBR
2015-11-19,3065.0,3100.0,3010.0,3100.0,166,508645.0,TQBR
2015-11-20,3090.0,3230.0,3050.0,3165.0,331,1037015.0,TQBR
2015-11-23,3170.0,3195.0,3095.0,3195.0,134,423575.0,TQBR
2015-11-24,3195.0,3250.0,3070.0,3090.0,422,1342440.0,TQBR
2015-11-25,3095.0,3205.0,3095.0,3200.0,41,129730.0,TQBR
2015-11-26,3200.0,3280.0,3170.0,3280.0,285,915625.0,TQBR
2015-11-27,3280.0,3315.0,3245.0,3275.0,84,274845.0,TQBR
2015-11-30,3280.0,3295.0,3245.0,3245.0,383,1254450.0,TQBR
2015-12-01,3185.0,3215.0,3155.0,3200.0,211,672055.0,TQBR
2015-12-02,3130.0,3225.0,3130.0,3185.0,69,220490.0,TQBR
2015-12-03,3170.0,3170.0,2655.0,2975.0,1582,4496650.0,TQBR
2015-12-04,2930.0,2980.0,2890.0,2910.0,178,521995.0,TQBR
2015-12-07,2900.0,2985.0,2760.0,2930.0,191,560480.0,TQBR
2015-12-08,2905.0,2965.0,2765.0,2900.0,178,507395.0,TQBR
2015-12-09,2940.0,2940.0,2935.0,2940.0,9,26450.0,TQBR
2015-12-10,2885.0,2940.0,2820.0,2940.0,35,100140.0,TQBR
2015-12-11,2945.0,2950.0,2945.0,2950.0,40,117915.0,TQBR
2015-12-14,2910.0,2910.0,2900.0,2900.0,37,107330.0,TQBR
2015-12-15,2905.0,2950.0,2885.0,2950.0,194,565370.0,TQBR
2015-12-16,2915.0,2930.0,2880.0,2925.0,38,110610.0,TQBR
2015-12-17,2915.0,2935.0,2900.0,2905.0,8,23350.0,TQBR
2015-12-18,2930.0,2930.0,2885.0,2925.0,29,84110.0,TQBR
2015-12-21,2900.0,2925.0,2885.0,2895.0,37,107100.0,TQBR
2015-12-22,2900.0,3020.0,2900.0,2900.0,318,930730.0,TQBR
2015-12-23,2900.0,2980.0,2900.0,2965.0,135,397510.0,TQBR
2015-12-24,2965.0,3010.0,2935.0,2995.0,26,77255.0,TQBR
2015-12-25,2995.0,2995.0,2905.0,2925.0,79,230580.0,TQBR
2015-12-28,2960.0,2970.0,2920.0,2930.0,106,310855.0,TQBR
2015-12-29,2935.0,3010.0,2935.0,3010.0,227,679285.0,TQBR
2015-12-30,3000.0,3060.0,3000.0,3060.0,75,227140.0,TQBR
2016-01-04,3020.0,3025.0,2995.0,3000.0,45,135505.0,TQBR
2016-01-05,3020.0,3030.0,2965.0,3000.0,40,119675.0,TQBR
2016-01-06,3000.0,3025.0,3000.0,3015.0,28,84300.0,TQBR
2016-01-11,3020.0,3220.0,2925.0,3105.0,289,888885.0,TQBR
2016-01-12,3065.0,3800.0,3060.0,3290.0,367,1206210.0,TQBR
2016-01-13,3250.0,3270.0,3235.0,3235.0,37,120205.0,TQBR
2016-01-14,3245.0,3265.0,3175.0,3175.0,84,270030.0,TQBR
2016-01-15,3135.0,3200.0,3050.0,3100.0,162,501785.0,TQBR
2016-01-18,3105.0,3155.0,3075.0,3110.0,191,590560.0,TQBR
2016-01-19,3155.0,3230.0,3155.0,3195.0,40,127645.0,TQBR
2016-01-20,3185.0,3275.0,3180.0,3275.0,71,228495.0,TQBR
2016-01-21,3275.0,3280.0,3165.0,3270.0,54,173520.0,TQBR
2016-01-22,3240.0,3300.0,3220.0,3295.0,117,384020.0,TQBR
2016-01-25,3305.0,3400.0,3300.0,3350.0,146,487965.0,TQBR
2016-01-26,3365.0,3395.0,3360.0,3360.0,106,359670.0,TQBR
2016-01-27,3400.0,3440.0,3360.0,3420.0,53,180345.0,TQBR
2016-01-28,3495.0,3500.0,3400.0,3485.0,128,445325.0,TQBR
2016-01-29,3455.0,3495.0,3450.0,3480.0,49,170820.0,TQBR
2016-02-01,3495.0,3540.0,3485.0,3535.0,86,302190.0,TQBR
2016-02-02,3525.0,3560.0,3480.0,3515.0,282,992765.0,TQBR
2016-02-03,3575.0,3575.0,3535.0,3545.0,33,116855.0,TQBR
2016-02-04,3560.0,3560.0,3475.0,3530.0,195,684510.0,TQBR
2016-02-05,3525.0,3550.0,3405.0,3470.0,361,1258900.0,TQBR
2016-02-08,3480.0,3485.0,3425.0,3440.0,215,744275.0,TQBR
2016-02-09,3460.0,3500.0,3420.0,3490.0,128,445090.0,TQBR
2016-02-10,3450.0,3480.0,3410.0,3470.0,51,176040.0,TQBR
2016-02-11,3455.0,3520.0,3415.0,3500.0,1146,4003510.0,TQBR
2016-02-12,3500.0,3550.0,3500.0,3525.0,248,875700.0,TQBR
2016-02-15,3505.0,3540.0,3490.0,3495.0,108,378505.0,TQBR
2016-02-16,3500.0,3500.0,3450.0,3475.0,121,420815.0,TQBR
2016-02-17,3510.0,3515.0,3450.0,3455.0,85,294410.0,TQBR
2016-02-18,3460.0,3465.0,3400.0,3455.0,167,574135.0,TQBR
2016-02-19,3465.0,3480.0,3400.0,3455.0,34,116595.0,TQBR
2016-02-20,3480.0,3520.0,3480.0,3520.0,69,241140.0,TQBR
2016-02-22,3520.0,3535.0,3480.0,3480.0,153,537545.0,TQBR
2016-02-24,3560.0,3565.0,3500.0,3520.0,19,67000.0,TQBR
2016-02-25,3510.0,3550.0,3500.0,3535.0,77,272290.0,TQBR
2016-02-26,3500.0,3565.0,3495.0,3540.0,165,583800.0,TQBR
2016-02-29,3520.0,3550.0,3520.0,3540.0,28,98900.0,TQBR
2016-03-01,3555.0,3560.0,3510.0,3510.0,734,2593875.0,TQBR
2016-03-02,3550.0,3675.0,3515.0,3645.0,765,2735530.0,TQBR
2016-03-03,3650.0,3730.0,3620.0,3650.0,88,322940.0,TQBR
2016-03-04,3690.0,3700.0,3650.0,3660.0,239,882120.0,TQBR
2016-03-07,3690.0,3800.0,3655.0,3770.0,302,1124995.0,TQBR
2016-03-09,3770.0,3845.0,3700.0,3800.0,891,3372195.0,TQBR
2016-03-10,3830.0,3985.0,3830.0,3950.0,888,3475475.0,TQBR
2016-03-11,4000.0,4300.0,3970.0,4185.0,1154,4788775.0,TQBR
2016-03-14,4200.0,4445.0,4200.0,4375.0,775,3365905.0,TQBR
2016-03-15,4370.0,4430.0,4205.0,4250.0,315,1362250.0,TQBR
2016-03-16,4250.0,4250.0,4055.0,4200.0,240,1008550.0,TQBR
2016-03-17,4210.0,4600.0,4160.0,4400.0,440,1922155.0,TQBR
2016-03-18,4400.0,4400.0,3900.0,4350.0,359,1511765.0,TQBR
2016-03-21,4350.0,4385.0,4250.0,4300.0,381,1651435.0,TQBR
2016-03-22,4295.0,4340.0,4295.0,4300.0,153,659530.0,TQBR
2016-03-23,4305.0,4400.0,4270.0,4270.0,199,861865.0,TQBR
2016-03-24,4270.0,4325.0,4225.0,4325.0,182,774515.0,TQBR
2016-03-25,4255.0,4375.0,4240.0,4240.0,86,367120.0,TQBR
2016-03-28,4250.0,4400.0,4230.0,4380.0,638,2777330.0,TQBR
2016-03-29,4335.0,4400.0,4300.0,4385.0,188,817490.0,TQBR
2016-03-30,4335.0,4570.0,4330.0,4540.0,1176,5250135.0,TQBR
2016-03-31,4550.0,4575.0,4410.0,4525.0,270,1219885.0,TQBR
2016-04-01,4520.0,4600.0,4410.0,4580.0,583,2656420.0,TQBR
2016-04-04,4590.0,4595.0,4500.0,4550.0,132,600330.0,TQBR
2016-04-05,4585.0,4590.0,4510.0,4545.0,70,317825.0,TQBR
2016-04-06,4545.0,4595.0,4460.0,4485.0,153,690785.0,TQBR
2016-04-07,4500.0,4520.0,4470.0,4480.0,29,130215.0,TQBR
2016-04-08,4475.0,4530.0,4415.0,4455.0,93,416595.0,TQBR
2016-04-11,4455.0,4545.0,4420.0,4500.0,185,823665.0,TQBR
2016-04-12,4515.0,4515.0,4315.0,4375.0,331,1452920.0,TQBR
2016-04-13,4380.0,4540.0,4370.0,4460.0,101,448665.0,TQBR
2016-04-14,4385.0,4430.0,4355.0,4385.0,130,571250.0,TQBR
2016-04-15,4440.0,4525.0,4430.0,4500.0,144,645390.0,TQBR
2016-04-18,4500.0,4750.0,4400.0,4730.0,679,3144780.0,TQBR
2016-04-19,4770.0,4830.0,4640.0,4700.0,666,3130180.0,TQBR
2016-04-20,4630.0,4750.0,4615.0,4680.0,179,842390.0,TQBR
2016-04-21,4780.0,4780.0,4680.0,4700.0,87,409865.0,TQBR
2016-04-22,4685.0,4775.0,4660.0,4680.0,92,434435.0,TQBR
2016-04-25,4710.0,4895.0,4710.0,4800.0,254,1226740.0,TQBR
2016-04-26,4800.0,4880.0,4755.0,4800.0,456,2194460.0,TQBR
2016-04-27,4800.0,4825.0,4750.0,4800.0,454,2169560.0,TQBR
2016-04-28,4825.0,4870.0,4745.0,4785.0,139,666280.0,TQBR
2016-04-29,4735.0,4760.0,4670.0,4675.0,145,682580.0,TQBR
2016-05-04,4820.0,4930.0,4710.0,4780.0,219,1052010.0,TQBR
2016-05-05,4840.0,4840.0,4700.0,4700.0,191,901380.0,TQBR
2016-05-06,4710.0,4730.0,4660.0,4670.0,116,543630.0,TQBR
2016-05-10,4670.0,4770.0,4670.0,4700.0,42,198320.0,TQBR
2016-05-11,4690.0,4780.0,4660.0,4660.0,100,470740.0,TQBR
2016-05-12,4760.0,4760.0,4690.0,4690.0,92,435160.0,TQBR
2016-05-13,4670.0,4690.0,4590.0,4620.0,144,669290.0,TQBR
2016-05-16,4690.0,4900.0,4650.0,4860.0,321,1531460.0,TQBR
2016-05-17,4880.0,5020.0,4790.0,4920.0,293,1453660.0,TQBR
2016-05-18,5010.0,5150.0,4820.0,4960.0,508,2521530.0,TQBR
2016-05-19,4900.0,5940.0,4900.0,5830.0,5602,31063860.0,TQBR
2016-05-20,5770.0,5770.0,5550.0,5600.0,510,2857270.0,TQBR
2016-05-23,5600.0,5800.0,5600.0,5730.0,289,1654420.0,TQBR
2016-05-24,5800.0,5810.0,5640.0,5720.0,274,1563210.0,TQBR
2016-05-25,5710.0,5770.0,5660.0,5700.0,103,587730.0,TQBR
2016-05-26,5680.0,5690.0,5630.0,5640.0,154,872140.0,TQBR
2016-05-27,5660.0,5690.0,5620.0,5670.0,46,260560.0,TQBR
2016-05-30,5680.0,5700.0,5640.0,5670.0,143,812050.0,TQBR
2016-05-31,5680.0,5680.0,5600.0,5610.0,232,1303880.0,TQBR
2016-06-01,5600.0,5660.0,5500.0,5550.0,235,1303700.0,TQBR
2016-06-02,5600.0,5600.0,5510.0,5510.0,186,1030930.0,TQBR
2016-06-03,5590.0,5690.0,5510.0,5640.0,347,1939150.0,TQBR
2016-06-06,5640.0,5700.0,5610.0,5630.0,187,1063550.0,TQBR
2016-06-07,5670.0,5670.0,5630.0,5660.0,89,503070.0,TQBR
2016-06-08,5640.0,5680.0,5550.0,5580.0,228,1274030.0,TQBR
2016-06-09,5600.0,5600.0,5520.0,5550.0,67,373640.0,TQBR
2016-06-10,5540.0,5590.0,5510.0,5590.0,115,640680.0,TQBR
2016-06-14,5660.0,5720.0,5640.0,5660.0,236,1341020.0,TQBR
2016-06-15,5650.0,5680.0,5570.0,5600.0,82,461420.0,TQBR
2016-06-16,5650.0,5690.0,5580.0,5590.0,178,1000580.0,TQBR
2016-06-17,5600.0,5650.0,5590.0,5620.0,101,567640.0,TQBR
2016-06-20,5650.0,5720.0,5590.0,5630.0,273,1533490.0,TQBR
2016-06-21,5580.0,5660.0,5580.0,5660.0,96,538910.0,TQBR
2016-06-22,5690.0,5740.0,5430.0,5620.0,673,3752080.0,TQBR
2016-06-23,5590.0,5620.0,5500.0,5620.0,153,851260.0,TQBR
2016-06-24,5620.0,5820.0,5500.0,5760.0,448,2556540.0,TQBR
2016-06-27,5800.0,5820.0,5680.0,5740.0,93,534710.0,TQBR
2016-06-28,5750.0,6000.0,5710.0,5950.0,371,2177690.0,TQBR
2016-06-29,5940.0,5990.0,5600.0,5740.0,644,3746770.0,TQBR
2016-06-30,5710.0,5830.0,5510.0,5570.0,922,5184010.0,TQBR
2016-07-01,5630.0,5670.0,5550.0,5640.0,362,2028400.0,TQBR
2016-07-04,5500.0,5500.0,4920.0,5410.0,988,5257070.0,TQBR
2016-07-05,5460.0,5480.0,5300.0,5390.0,418,2250440.0,TQBR
2016-07-06,5340.0,5550.0,5340.0,5550.0,849,4603050.0,TQBR
2016-07-07,5410.0,5600.0,5400.0,5420.0,1842,10054490.0,TQBR
2016-07-08,4880.0,4950.0,4780.0,4870.0,2409,11752500.0,TQBR
2016-07-11,4930.0,4930.0,4600.0,4720.0,1049,4945350.0,TQBR
2016-07-12,4650.0,4800.0,4620.0,4680.0,340,1587510.0,TQBR
2016-07-13,4700.0,4710.0,4410.0,4500.0,1060,4809810.0,TQBR
2016-07-14,4500.0,4500.0,4200.0,4340.0,567,2425250.0,TQBR
2016-07-15,4300.0,4330.0,4210.0,4250.0,311,1328610.0,TQBR
2016-07-18,4230.0,4380.0,4130.0,4320.0,268,1153340.0,TQBR
2016-07-19,4330.0,4380.0,4260.0,4270.0,104,450510.0,TQBR
2016-07-20,4270.0,4350.0,4210.0,4350.0,426,1828520.0,TQBR
2016-07-21,4380.0,4530.0,4360.0,4450.0,169,750960.0,TQBR
2016-07-22,4500.0,4540.0,4470.0,4500.0,180,808630.0,TQBR
2016-07-25,4550.0,4790.0,4470.0,4480.0,364,1651650.0,TQBR
2016-07-26,4510.0,4520.0,4400.0,4490.0,283,1264480.0,TQBR
2016-07-27,4490.0,4510.0,4400.0,4440.0,95,422130.0,TQBR
2016-07-28,4440.0,4470.0,4390.0,4390.0,310,1372280.0,TQBR
2016-07-29,4380.0,4530.0,4360.0,4420.0,882,3876990.0,TQBR
2016-08-01,4400.0,4490.0,4390.0,4490.0,602,2653700.0,TQBR
2016-08-02,4510.0,4510.0,4410.0,4410.0,84,372810.0,TQBR
2016-08-03,4420.0,4470.0,4400.0,4430.0,96,425360.0,TQBR
2016-08-04,4450.0,4590.0,4450.0,4530.0,343,1557360.0,TQBR
2016-08-05,4550.0,4690.0,4490.0,4570.0,591,2693570.0,TQBR
2016-08-08,4570.0,4830.0,4550.0,4830.0,494,2339680.0,TQBR
2016-08-09,4830.0,4840.0,4720.0,4740.0,137,653270.0,TQBR
2016-08-10,4760.0,4890.0,4750.0,4750.0,183,877240.0,TQBR
2016-08-11,4750.0,4900.0,4700.0,4730.0,177,841490.0,TQBR
2016-08-12,4670.0,4940.0,4670.0,4910.0,301,1463250.0,TQBR
2016-08-15,4960.0,5270.0,4890.0,5240.0,1193,6073590.0,TQBR
2016-08-16,5260.0,5260.0,4900.0,5130.0,624,3148660.0,TQBR
2016-08-17,5050.0,5090.0,4860.0,4860.0,248,1235540.0,TQBR
2016-08-18,4880.0,5020.0,4880.0,4990.0,84,415930.0,TQBR
2016-08-19,4980.0,5100.0,4940.0,5080.0,189,948600.0,TQBR
2016-08-22,5080.0,5080.0,4650.0,4910.0,203,993240.0,TQBR
2016-08-23,4890.0,4990.0,4800.0,4890.0,391,1917470.0,TQBR
2016-08-24,4890.0,4990.0,4790.0,4810.0,140,681760.0,TQBR
2016-08-25,4800.0,4970.0,4800.0,4900.0,206,995400.0,TQBR
2016-08-26,4900.0,4900.0,4770.0,4790.0,253,1226630.0,TQBR
2016-08-29,4800.0,4900.0,4760.0,4790.0,145,698870.0,TQBR
2016-08-30,4810.0,4810.0,4780.0,4780.0,81,388320.0,TQBR
2016-08-31,4780.0,4870.0,4760.0,4780.0,63,301220.0,TQBR
2016-09-01,4770.0,4770.0,4690.0,4710.0,223,1053040.0,TQBR
2016-09-02,4700.0,4930.0,4700.0,4880.0,358,1736740.0,TQBR
2016-09-05,4890.0,4890.0,4770.0,4840.0,124,599920.0,TQBR
2016-09-06,4850.0,4850.0,4800.0,4820.0,47,227000.0,TQBR
2016-09-07,4820.0,4830.0,4750.0,4770.0,179,857350.0,TQBR
2016-09-08,4750.0,4770.0,4700.0,4730.0,210,993070.0,TQBR
2016-09-09,4710.0,4750.0,4700.0,4740.0,78,367600.0,TQBR
2016-09-12,4740.0,4800.0,4650.0,4700.0,154,728630.0,TQBR
2016-09-13,4710.0,4740.0,4690.0,4700.0,88,414200.0,TQBR
2016-09-14,4700.0,4710.0,4610.0,4660.0,169,788350.0,TQBR
2016-09-15,4630.0,4740.0,4610.0,4700.0,106,495960.0,TQBR
2016-09-16,4700.0,4810.0,4700.0,4750.0,276,1320430.0,TQBR
2016-09-19,4750.0,4880.0,4750.0,4800.0,161,775660.0,TQBR
2016-09-20,4810.0,4880.0,4800.0,4870.0,105,509730.0,TQBR
2016-09-21,4900.0,5010.0,4860.0,4940.0,322,1591290.0,TQBR
2016-09-22,4950.0,5020.0,4900.0,4930.0,359,1785330.0,TQBR
2016-09-23,4960.0,5010.0,4900.0,5010.0,283,1406490.0,TQBR
2016-09-26,5010.0,5030.0,4960.0,5000.0,88,440090.0,TQBR
2016-09-27,5010.0,5080.0,4800.0,5000.0,205,1016000.0,TQBR
2016-09-28,4950.0,5010.0,4810.0,4930.0,185,906950.0,TQBR
2016-09-29,4990.0,4990.0,4820.0,4950.0,62,305260.0,TQBR
2016-09-30,4940.0,4950.0,4800.0,4850.0,138,676340.0,TQBR
2016-10-03,4800.0,4920.0,4760.0,4820.0,55,266160.0,TQBR
2016-10-04,4890.0,4900.0,4800.0,4800.0,96,463840.0,TQBR
2016-10-05,4810.0,4900.0,4700.0,4760.0,275,1313080.0,TQBR
2016-10-06,4780.0,4830.0,4780.0,4800.0,45,216300.0,TQBR
2016-10-07,4820.0,4820.0,4800.0,4810.0,71,341450.0,TQBR
2016-10-10,4800.0,4800.0,4700.0,4720.0,184,870340.0,TQBR
2016-10-11,4710.0,4760.0,4710.0,4710.0,28,132530.0,TQBR
2016-10-12,4700.0,4790.0,4700.0,4700.0,193,916200.0,TQBR
2016-10-13,4720.0,4810.0,4710.0,4730.0,35,165980.0,TQBR
2016-10-14,4730.0,4760.0,4710.0,4710.0,335,1581650.0,TQBR
2016-10-17,4710.0,4740.0,4700.0,4700.0,36,169430.0,TQBR
2016-10-18,4710.0,4760.0,4700.0,4710.0,65,307020.0,TQBR
2016-10-19,4720.0,4740.0,4720.0,4740.0,58,274240.0,TQBR
2016-10-20,4770.0,4770.0,4710.0,4770.0,49,232380.0,TQBR
2016-10-21,4760.0,4800.0,4690.0,4690.0,191,901500.0,TQBR
2016-10-24,4700.0,4710.0,4630.0,4630.0,102,477290.0,TQBR
2016-10-25,4640.0,4650.0,4600.0,4610.0,522,2413620.0,TQBR
2016-10-26,4610.0,4640.0,4600.0,4630.0,52,240040.0,TQBR
2016-10-27,4620.0,4850.0,4620.0,4760.0,389,1859930.0,TQBR
2016-10-28,4750.0,4800.0,4750.0,4800.0,70,334770.0,TQBR
2016-10-31,4790.0,4790.0,4750.0,4760.0,55,262050.0,TQBR
2016-11-01,4760.0,4780.0,4680.0,4770.0,131,622590.0,TQBR
2016-11-02,4770.0,4800.0,4770.0,4800.0,177,846800.0,TQBR
2016-11-03,4800.0,4900.0,4800.0,4830.0,66,320030.0,TQBR
2016-11-07,4850.0,4890.0,4820.0,4860.0,21,102040.0,TQBR
2016-11-08,4850.0,4900.0,4710.0,4780.0,261,1251290.0,TQBR
2016-11-09,4800.0,4880.0,4800.0,4850.0,83,401550.0,TQBR
2016-11-10,4840.0,4870.0,4800.0,4810.0,119,575860.0,TQBR
2016-11-11,4800.0,4850.0,4700.0,4750.0,260,1240010.0,TQBR
2016-11-14,4770.0,4810.0,4700.0,4720.0,503,2375590.0,TQBR
2016-11-15,4700.0,4730.0,4640.0,4720.0,306,1432410.0,TQBR
2016-11-16,4710.0,4740.0,4700.0,4720.0,59,278390.0,TQBR
2016-11-17,4730.0,4900.0,4710.0,4900.0,390,1877420.0,TQBR
2016-11-18,4830.0,4900.0,4800.0,4820.0,306,1490400.0,TQBR
2016-11-21,4770.0,4830.0,4740.0,4800.0,65,310710.0,TQBR
2016-11-22,4800.0,4810.0,4760.0,4790.0,108,517880.0,TQBR
2016-11-23,4800.0,4850.0,4780.0,4790.0,149,719700.0,TQBR
2016-11-24,4790.0,4870.0,4740.0,4770.0,178,848650.0,TQBR
2016-11-25,4770.0,4780.0,4750.0,4750.0,62,294930.0,TQBR
2016-11-28,4740.0,4850.0,4700.0,4790.0,213,1024410.0,TQBR
2016-11-29,4790.0,4880.0,4790.0,4790.0,104,502880.0,TQBR
2016-11-30,4790.0,4850.0,4760.0,4810.0,260,1244410.0,TQBR
2016-12-01,4800.0,4850.0,4760.0,4810.0,84,403740.0,TQBR
2016-12-02,4840.0,4850.0,4780.0,4820.0,51,245680.0,TQBR
2016-12-05,4790.0,4830.0,4770.0,4770.0,39,187010.0,TQBR
2016-12-06,4790.0,4810.0,4760.0,4790.0,30,143680.0,TQBR
2016-12-07,4800.0,4800.0,4790.0,4800.0,15,71980.0,TQBR
2016-12-08,4790.0,4820.0,4780.0,4780.0,102,489230.0,TQBR
2016-12-09,4770.0,4780.0,4750.0,4770.0,52,247810.0,TQBR
2016-12-12,4780.0,4820.0,4750.0,4760.0,63,300740.0,TQBR
2016-12-13,4830.0,4870.0,4740.0,4760.0,158,753000.0,TQBR
2016-12-14,4760.0,4760.0,4690.0,4740.0,322,1516900.0,TQBR
2016-12-15,4710.0,4740.0,4690.0,4690.0,195,919260.0,TQBR
2016-12-16,4700.0,4720.0,4670.0,4690.0,168,787790.0,TQBR
2016-12-19,4710.0,4710.0,4590.0,4650.0,616,2849670.0,TQBR
2016-12-20,4620.0,4650.0,4550.0,4590.0,272,1248550.0,TQBR
2016-12-21,4570.0,4590.0,4450.0,4570.0,602,2718350.0,TQBR
2016-12-22,4570.0,4590.0,4520.0,4520.0,131,596120.0,TQBR
2016-12-23,4520.0,4600.0,4510.0,4590.0,67,304970.0,TQBR
2016-12-26,4600.0,4600.0,4460.0,4470.0,499,2246680.0,TQBR
2016-12-27,4490.0,4530.0,4450.0,4490.0,244,1091460.0,TQBR
2016-12-28,4490.0,4500.0,4330.0,4370.0,809,3563280.0,TQBR
2016-12-29,4370.0,4390.0,4180.0,4330.0,1766,7497410.0,TQBR
2016-12-30,4330.0,4450.0,4160.0,4420.0,1117,4780040.0,TQBR
2017-01-03,4460.0,4500.0,4250.0,4250.0,1288,5579320.0,TQBR
2017-01-04,4270.0,4280.0,4060.0,4200.0,1877,7821200.0,TQBR
2017-01-05,4200.0,4300.0,4200.0,4240.0,365,1552030.0,TQBR
2017-01-06,4250.0,4340.0,4250.0,4330.0,216,933480.0,TQBR
2017-01-09,4360.0,4420.0,4280.0,4410.0,368,1610850.0,TQBR
2017-01-10,4380.0,4550.0,4370.0,4550.0,857,3849980.0,TQBR
2017-01-11,4540.0,4670.0,4510.0,4590.0,478,2202460.0,TQBR
2017-01-12,4590.0,4600.0,4500.0,4540.0,249,1134900.0,TQBR
2017-01-13,4550.0,4640.0,4530.0,4580.0,131,601900.0,TQBR
2017-01-16,4580.0,4680.0,4580.0,4620.0,224,1033590.0,TQBR
2017-01-17,4620.0,4690.0,4620.0,4690.0,218,1014250.0,TQBR
2017-01-18,4690.0,4730.0,4670.0,4710.0,271,1270530.0,TQBR
2017-01-19,4680.0,4700.0,4630.0,4700.0,158,736220.0,TQBR
2017-01-20,4630.0,4720.0,4630.0,4660.0,111,519820.0,TQBR
2017-01-23,4650.0,4690.0,4630.0,4690.0,114,530670.0,TQBR
2017-01-24,4700.0,4740.0,4690.0,4700.0,220,1035990.0,TQBR
2017-01-25,4730.0,4750.0,4650.0,4720.0,241,1133130.0,TQBR
2017-01-26,4700.0,4770.0,4530.0,4740.0,642,3012090.0,TQBR
2017-01-27,4720.0,4720.0,4510.0,4670.0,632,2922610.0,TQBR
2017-01-30,4660.0,4720.0,4600.0,4700.0,125,584560.0,TQBR
2017-01-31,4690.0,4730.0,4680.0,4730.0,145,683770.0,TQBR
2017-02-01,4720.0,4750.0,4640.0,4700.0,176,828250.0,TQBR
2017-02-02,4700.0,4900.0,4640.0,4820.0,2855,13812960.0,TQBR
2017-02-03,4780.0,4840.0,4750.0,4840.0,225,1077710.0,TQBR
2017-02-06,4830.0,4900.0,4810.0,4890.0,1377,6726140.0,TQBR
2017-02-07,4890.0,4990.0,4890.0,4980.0,337,1672750.0,TQBR
2017-02-08,5000.0,5070.0,4930.0,4970.0,385,1923850.0,TQBR
2017-02-09,4960.0,4970.0,4880.0,4940.0,153,753450.0,TQBR
2017-02-10,4890.0,4950.0,4850.0,4940.0,241,1180420.0,TQBR
2017-02-13,4960.0,4960.0,4850.0,4850.0,216,1057540.0,TQBR
2017-02-14,4840.0,4880.0,4820.0,4820.0,281,1360210.0,TQBR
2017-02-15,4850.0,4850.0,4710.0,4790.0,272,1293490.0,TQBR
2017-02-16,4800.0,4990.0,4790.0,4890.0,123,600280.0,TQBR
2017-02-17,4900.0,4920.0,4760.0,4880.0,306,1491390.0,TQBR
2017-02-20,4820.0,4900.0,4800.0,4880.0,44,214090.0,TQBR
2017-02-21,4870.0,4960.0,4780.0,4920.0,168,823780.0,TQBR
2017-02-22,4930.0,4950.0,4810.0,4840.0,141,681970.0,TQBR
2017-02-24,4840.0,4860.0,4840.0,4840.0,79,382490.0,TQBR
2017-02-27,4830.0,4960.0,4830.0,4930.0,723,3563280.0,TQBR
2017-02-28,4910.0,4930.0,4770.0,4820.0,326,1582790.0,TQBR
2017-03-01,4830.0,4880.0,4800.0,4860.0,88,427790.0,TQBR
2017-03-02,4890.0,4970.0,4860.0,4950.0,330,1622540.0,TQBR
2017-03-03,4940.0,5000.0,4910.0,4990.0,2124,10612790.0,TQBR
2017-03-06,4950.0,5000.0,4870.0,4990.0,288,1426400.0,TQBR
2017-03-07,4980.0,4990.0,4890.0,4920.0,59,291510.0,TQBR
2017-03-09,4860.0,4910.0,4520.0,4710.0,514,2402630.0,TQBR
2017-03-10,4620.0,4790.0,4550.0,4700.0,151,710460.0,TQBR
2017-03-13,4770.0,4770.0,4670.0,4720.0,158,747160.0,TQBR
2017-03-14,4730.0,4730.0,4640.0,4670.0,155,725610.0,TQBR
2017-03-15,4680.0,4850.0,4680.0,4750.0,197,936730.0,TQBR
2017-03-16,4800.0,4850.0,4790.0,4790.0,75,361710.0,TQBR
2017-03-17,4810.0,4850.0,4770.0,4850.0,134,647930.0,TQBR
2017-03-20,4820.0,4860.0,4800.0,4850.0,222,1076020.0,TQBR
2017-03-21,4840.0,4890.0,4780.0,4840.0,143,690640.0,TQBR
2017-03-22,4840.0,4840.0,4840.0,4840.0,16,77440.0,TQBR
2017-03-23,4820.0,4850.0,4820.0,4840.0,27,130830.0,TQBR
2017-03-24,4830.0,4830.0,4450.0,4690.0,1800,8331080.0,TQBR
2017-03-27,4610.0,4680.0,4590.0,4660.0,538,2495790.0,TQBR
2017-03-28,4680.0,4690.0,4600.0,4630.0,147,680840.0,TQBR
2017-03-29,4570.0,4630.0,4520.0,4580.0,175,801050.0,TQBR
2017-03-30,4600.0,4600.0,4450.0,4460.0,268,1205690.0,TQBR
2017-03-31,4490.0,4500.0,4010.0,4380.0,787,3403710.0,TQBR
2017-04-03,4480.0,4490.0,4210.0,4310.0,346,1489370.0,TQBR
2017-04-04,4350.0,4350.0,4190.0,4240.0,274,1159400.0,TQBR
2017-04-05,4240.0,4240.0,4040.0,4100.0,1171,4806680.0,TQBR
2017-04-06,4140.0,4170.0,4060.0,4100.0,752,3091830.0,TQBR
2017-04-07,4100.0,4110.0,4000.0,4070.0,490,1992730.0,TQBR
2017-04-10,4010.0,4010.0,3820.0,3860.0,716,2809880.0,TQBR
2017-04-11,3810.0,4100.0,3810.0,4000.0,335,1327550.0,TQBR
2017-04-12,4000.0,4100.0,3900.0,4070.0,103,412000.0,TQBR
2017-04-13,4070.0,4100.0,3820.0,3930.0,785,3092160.0,TQBR
2017-04-14,3990.0,3990.0,3810.0,3940.0,253,989440.0,TQBR
2017-04-17,3940.0,3940.0,3800.0,3850.0,242,929960.0,TQBR
2017-04-18,3870.0,3880.0,3800.0,3840.0,31,119370.0,TQBR
2017-04-19,3870.0,3930.0,3820.0,3920.0,185,721140.0,TQBR
2017-04-20,3860.0,3930.0,3850.0,3890.0,580,2242290.0,TQBR
2017-04-21,3900.0,3920.0,3890.0,3890.0,120,469090.0,TQBR
2017-04-24,3900.0,3930.0,3870.0,3870.0,110,429050.0,TQBR
2017-04-25,3900.0,3920.0,3780.0,3850.0,214,821570.0,TQBR
2017-04-26,3870.0,3900.0,3810.0,3900.0,890,3427130.0,TQBR
2017-04-27,3850.0,3850.0,3730.0,3830.0,477,1802830.0,TQBR
2017-04-28,3850.0,3890.0,3800.0,3810.0,239,910550.0,TQBR
2017-05-02,3970.0,3980.0,3870.0,3910.0,83,327130.0,TQBR
2017-05-03,3950.0,3950.0,3720.0,3760.0,255,964890.0,TQBR
2017-05-04,3780.0,3850.0,3740.0,3780.0,65,244760.0,TQBR
2017-05-05,3750.0,3760.0,3690.0,3730.0,190,704630.0,TQBR
2017-05-10,3730.0,3930.0,3730.0,3860.0,206,795860.0,TQBR
2017-05-11,3880.0,3930.0,3820.0,3890.0,71,276090.0,TQBR
2017-05-12,3860.0,3860.0,3810.0,3810.0,8,30650.0,TQBR
2017-05-15,3910.0,3910.0,3850.0,3860.0,13,50430.0,TQBR
2017-05-16,3840.0,3850.0,3780.0,3850.0,53,201880.0,TQBR
2017-05-17,3750.0,3850.0,3740.0,3800.0,227,856430.0,TQBR
2017-05-18,3870.0,3890.0,3700.0,3800.0,160,603430.0,TQBR
2017-05-19,3730.0,3850.0,3730.0,3800.0,25,95390.0,TQBR
2017-05-22,3800.0,3850.0,3800.0,3850.0,69,263320.0,TQBR
2017-05-23,3890.0,3900.0,3520.0,3770.0,141,527550.0,TQBR
2017-05-24,3800.0,3830.0,3710.0,3710.0,41,153620.0,TQBR
2017-05-25,3770.0,3800.0,3690.0,3700.0,178,666150.0,TQBR
2017-05-26,3750.0,3780.0,3660.0,3750.0,91,338480.0,TQBR
2017-05-29,3720.0,3950.0,3690.0,3760.0,581,2167480.0,TQBR
2017-05-30,3810.0,3890.0,3750.0,3890.0,47,178970.0,TQBR
2017-05-31,3890.0,3900.0,3750.0,3750.0,138,525760.0,TQBR
2017-06-01,3840.0,3840.0,3680.0,3680.0,175,653130.0,TQBR
2017-06-02,3770.0,3770.0,3680.0,3700.0,110,408260.0,TQBR
2017-06-05,3700.0,3830.0,3660.0,3830.0,110,410740.0,TQBR
2017-06-06,3840.0,3860.0,3450.0,3590.0,1301,4733010.0,TQBR
2017-06-07,3510.0,3660.0,3510.0,3560.0,120,430450.0,TQBR
2017-06-08,3570.0,3570.0,3460.0,3490.0,262,915370.0,TQBR
2017-06-09,3490.0,3550.0,3450.0,3480.0,170,591730.0,TQBR
2017-06-13,3500.0,3500.0,3430.0,3470.0,58,200270.0,TQBR
2017-06-14,3450.0,3450.0,3420.0,3450.0,320,1098740.0,TQBR
2017-06-15,3410.0,3460.0,3300.0,3340.0,173,581770.0,TQBR
2017-06-16,3390.0,3390.0,3280.0,3280.0,82,270920.0,TQBR
2017-06-19,3330.0,3370.0,3240.0,3370.0,102,336890.0,TQBR
2017-06-20,3360.0,3400.0,3030.0,3370.0,254,840110.0,TQBR
2017-06-21,3380.0,3550.0,3340.0,3480.0,294,1007430.0,TQBR
2017-06-22,3550.0,3560.0,3450.0,3470.0,109,380560.0,TQBR
2017-06-23,3550.0,3550.0,3430.0,3500.0,144,504720.0,TQBR
2017-06-26,3580.0,3580.0,3490.0,3550.0,280,980800.0,TQBR
2017-06-27,3500.0,3550.0,3500.0,3510.0,20,70440.0,TQBR
2017-06-28,3500.0,3550.0,3500.0,3550.0,48,168980.0,TQBR
2017-06-29,3550.0,3630.0,3550.0,3630.0,93,333500.0,TQBR
2017-06-30,3590.0,3620.0,3570.0,3600.0,41,147440.0,TQBR
2017-07-03,3570.0,3640.0,3570.0,3600.0,59,212750.0,TQBR
2017-07-04,3590.0,3660.0,3560.0,3660.0,471,1705500.0,TQBR
2017-07-05,3680.0,3790.0,3500.0,3690.0,284,1051840.0,TQBR
2017-07-06,3670.0,3850.0,3650.0,3680.0,1452,5357220.0,TQBR
2017-07-07,3660.0,3740.0,3610.0,3710.0,114,419400.0,TQBR
2017-07-10,3600.0,3660.0,3600.0,3650.0,62,225770.0,TQBR
2017-07-11,3650.0,3720.0,3560.0,3660.0,125,457020.0,TQBR
2017-07-12,3610.0,3730.0,3510.0,3660.0,109,396740.0,TQBR
2017-07-13,3630.0,3740.0,3610.0,3720.0,79,292510.0,TQBR
2017-07-14,3720.0,3750.0,3720.0,3740.0,9,33630.0,TQBR
2017-07-17,3670.0,3790.0,3670.0,3760.0,56,210690.0,TQBR
2017-07-18,3670.0,3820.0,3600.0,3720.0,149,546770.0,TQBR
2017-07-19,3630.0,3670.0,3580.0,3640.0,299,1083530.0,TQBR
2017-07-20,3650.0,3700.0,3650.0,3700.0,33,121670.0,TQBR
2017-07-21,3680.0,3680.0,3650.0,3650.0,21,77040.0,TQBR
2017-07-24,3630.0,3650.0,3570.0,3580.0,71,256020.0,TQBR
2017-07-25,3600.0,3620.0,3590.0,3620.0,293,1054560.0,TQBR
2017-07-26,3620.0,3660.0,3610.0,3630.0,51,185110.0,TQBR
2017-07-27,3670.0,3770.0,3650.0,3700.0,172,638650.0,TQBR
2017-07-28,3710.0,3800.0,3690.0,3750.0,622,2339520.0,TQBR
2017-07-31,3740.0,3770.0,3700.0,3770.0,538,1997640.0,TQBR
2017-08-01,3710.0,3800.0,3700.0,3710.0,112,417850.0,TQBR
2017-08-02,3750.0,3790.0,3730.0,3790.0,111,419750.0,TQBR
2017-08-03,3810.0,3810.0,3680.0,3700.0,423,1568170.0,TQBR
2017-08-04,3720.0,3750.0,3700.0,3740.0,446,1657420.0,TQBR
2017-08-07,3760.0,3770.0,3690.0,3710.0,851,3150970.0,TQBR
2017-08-08,3720.0,3720.0,3630.0,3640.0,720,2633250.0,TQBR
2017-08-09,3640.0,3670.0,3630.0,3670.0,121,440700.0,TQBR
2017-08-10,3640.0,3710.0,3630.0,3700.0,324,1189810.0,TQBR
2017-08-11,3670.0,3720.0,3630.0,3690.0,181,665230.0,TQBR
2017-08-14,3770.0,4180.0,3770.0,3950.0,1138,4488630.0,TQBR
2017-08-15,3900.0,4010.0,3800.0,3850.0,382,1485120.0,TQBR
2017-08-16,3840.0,3950.0,3770.0,3940.0,159,611900.0,TQBR
2017-08-17,3900.0,3940.0,3850.0,3850.0,62,240990.0,TQBR
2017-08-18,3850.0,3910.0,3850.0,3870.0,165,642730.0,TQBR
2017-08-21,3860.0,3980.0,3860.0,3970.0,198,782910.0,TQBR
2017-08-22,3990.0,4050.0,3930.0,3970.0,309,1232930.0,TQBR
2017-08-23,4020.0,4030.0,3980.0,4000.0,29,116210.0,TQBR
2017-08-24,3930.0,4000.0,3930.0,3960.0,134,530990.0,TQBR
2017-08-25,3910.0,3950.0,3670.0,3700.0,1270,4792230.0,TQBR
2017-08-28,3750.0,3790.0,3650.0,3710.0,148,551070.0,TQBR
2017-08-29,3700.0,3800.0,3650.0,3710.0,406,1500810.0,TQBR
2017-08-30,3690.0,3710.0,3660.0,3680.0,97,358020.0,TQBR
2017-08-31,3670.0,3800.0,3670.0,3710.0,130,482430.0,TQBR
2017-09-01,3700.0,3770.0,3660.0,3660.0,278,1027180.0,TQBR
2017-09-04,3670.0,3720.0,3580.0,3650.0,608,2219990.0,TQBR
2017-09-05,3630.0,3690.0,3600.0,3690.0,250,912700.0,TQBR
2017-09-06,3690.0,3690.0,3630.0,3670.0,63,229980.0,TQBR
2017-09-07,3650.0,3710.0,3650.0,3710.0,1126,4164600.0,TQBR
2017-09-08,3700.0,3720.0,3650.0,3720.0,179,659660.0,TQBR
2017-09-11,3720.0,3740.0,3720.0,3720.0,206,766460.0,TQBR
2017-09-12,3700.0,3720.0,3510.0,3630.0,980,3530560.0,TQBR
2017-09-13,3600.0,3670.0,3600.0,3600.0,353,1271970.0,TQBR
2017-09-14,3640.0,3640.0,3500.0,3610.0,308,1092730.0,TQBR
2017-09-15,3610.0,3620.0,3600.0,3600.0,132,475280.0,TQBR
2017-09-18,3570.0,3660.0,3570.0,3620.0,176,635760.0,TQBR
2017-09-19,3620.0,3650.0,3600.0,3630.0,231,833310.0,TQBR
2017-09-20,3630.0,3640.0,3610.0,3640.0,54,196210.0,TQBR
2017-09-21,3650.0,3650.0,3640.0,3650.0,42,153030.0,TQBR
2017-09-22,3610.0,3650.0,3580.0,3640.0,239,869880.0,TQBR
2017-09-25,3670.0,3670.0,3640.0,3670.0,68,249010.0,TQBR
2017-09-26,3630.0,3640.0,3630.0,3640.0,9,32720.0,TQBR
2017-09-27,3630.0,3630.0,3590.0,3630.0,50,180490.0,TQBR
2017-09-28,3650.0,3840.0,3650.0,3840.0,440,1655890.0,TQBR
2017-09-29,3760.0,3800.0,3750.0,3800.0,181,681770.0,TQBR
2017-10-02,3800.0,3880.0,3770.0,3770.0,182,692660.0,TQBR
2017-10-03,3810.0,3840.0,3700.0,3750.0,64,239870.0,TQBR
2017-10-04,3830.0,3830.0,3670.0,3760.0,93,346720.0,TQBR
2017-10-05,3800.0,3850.0,3710.0,3780.0,9,33850.0,TQBR
2017-10-06,3770.0,3780.0,3660.0,3770.0,1266,4762820.0,TQBR
2017-10-09,3750.0,3800.0,3700.0,3760.0,66,247050.0,TQBR
2017-10-10,3780.0,3800.0,3760.0,3760.0,294,1116750.0,TQBR
2017-10-11,3780.0,3790.0,3690.0,3740.0,36,134190.0,TQBR
2017-10-12,3710.0,3720.0,3700.0,3700.0,108,399980.0,TQBR
2017-10-13,3750.0,3790.0,3690.0,3700.0,55,205870.0,TQBR
2017-10-16,3690.0,3710.0,3660.0,3690.0,89,327230.0,TQBR
2017-10-17,3700.0,3700.0,3640.0,3680.0,160,585010.0,TQBR
2017-10-18,3650.0,3690.0,3650.0,3690.0,31,113650.0,TQBR
2017-10-19,3680.0,3700.0,3670.0,3680.0,63,232020.0,TQBR
2017-10-20,3690.0,3690.0,3610.0,3640.0,93,338390.0,TQBR
2017-10-23,3640.0,3660.0,3590.0,3630.0,177,638210.0,TQBR
2017-10-24,3600.0,3670.0,3600.0,3630.0,42,152570.0,TQBR
2017-10-25,3650.0,3650.0,3630.0,3630.0,6,21810.0,TQBR
2017-10-26,3620.0,3640.0,3620.0,3630.0,12,43540.0,TQBR
2017-10-27,3600.0,3620.0,3590.0,3600.0,39,140470.0,TQBR
2017-10-30,3590.0,3610.0,3550.0,3600.0,38,136110.0,TQBR
2017-10-31,3620.0,3650.0,3400.0,3520.0,750,2640500.0,TQBR
2017-11-01,3550.0,3580.0,3450.0,3510.0,68,240240.0,TQBR
2017-11-02,3510.0,3540.0,3500.0,3520.0,36,126230.0,TQBR
2017-11-03,3520.0,3530.0,3500.0,3520.0,57,200480.0,TQBR
2017-11-07,3520.0,3660.0,3510.0,3600.0,157,562710.0,TQBR
2017-11-08,3570.0,3650.0,3570.0,3630.0,109,394070.0,TQBR
2017-11-09,3660.0,3710.0,3570.0,3650.0,191,701360.0,TQBR
2017-11-10,3640.0,3650.0,3600.0,3630.0,164,592130.0,TQBR
2017-11-13,3630.0,3650.0,3580.0,3600.0,173,623150.0,TQBR
2017-11-14,3630.0,3760.0,3630.0,3670.0,130,479730.0,TQBR
2017-11-15,3660.0,3690.0,3580.0,3580.0,69,250030.0,TQBR
2017-11-16,3570.0,3610.0,3510.0,3590.0,104,371260.0,TQBR
2017-11-17,3570.0,3570.0,3570.0,3570.0,2,7140.0,TQBR
2017-11-20,3550.0,3570.0,3550.0,3570.0,51,181760.0,TQBR
2017-11-21,3570.0,3570.0,3510.0,3550.0,197,700900.0,TQBR
2017-11-22,3540.0,3560.0,3500.0,3540.0,134,472970.0,TQBR
2017-11-23,3510.0,3530.0,3500.0,3530.0,57,200050.0,TQBR
2017-11-24,3530.0,3540.0,3530.0,3530.0,20,70660.0,TQBR
2017-11-27,3540.0,3540.0,3510.0,3530.0,17,59890.0,TQBR
2017-11-28,3520.0,3530.0,3500.0,3530.0,70,245490.0,TQBR
2017-11-30,3520.0,3520.0,3480.0,3500.0,65,227800.0,TQBR
2017-12-01,3550.0,3550.0,3460.0,3510.0,77,269420.0,TQBR
2017-12-04,3500.0,3550.0,3480.0,3480.0,123,433450.0,TQBR
2017-12-05,3490.0,3520.0,3440.0,3520.0,137,473640.0,TQBR
2017-12-06,3520.0,3520.0,3420.0,3490.0,178,615180.0,TQBR
2017-12-07,3440.0,3480.0,3410.0,3480.0,41,140810.0,TQBR
2017-12-08,3420.0,3470.0,3420.0,3450.0,34,116980.0,TQBR
2017-12-11,3440.0,3440.0,3410.0,3410.0,56,191570.0,TQBR
2017-12-12,3410.0,3450.0,3410.0,3450.0,51,174950.0,TQBR
2017-12-13,3450.0,3450.0,3420.0,3430.0,100,342950.0,TQBR
2017-12-14,3420.0,3430.0,3420.0,3430.0,39,133430.0,TQBR
2017-12-15,3410.0,3470.0,3410.0,3450.0,50,171810.0,TQBR
2017-12-18,3500.0,3500.0,3450.0,3450.0,125,436420.0,TQBR
2017-12-19,3440.0,3460.0,3430.0,3440.0,30,103140.0,TQBR
2017-12-20,3480.0,3480.0,3420.0,3420.0,117,402550.0,TQBR
2017-12-21,3410.0,3440.0,3390.0,3410.0,258,877610.0,TQBR
2017-12-22,3420.0,3420.0,3390.0,3390.0,43,146410.0,TQBR
2017-12-25,3400.0,3400.0,3380.0,3380.0,825,2797790.0,TQBR
2017-12-26,3380.0,3390.0,3370.0,3370.0,118,398440.0,TQBR
2017-12-27,3370.0,3380.0,3350.0,3350.0,159,535220.0,TQBR
2017-12-28,3350.0,3430.0,3340.0,3390.0,50,168760.0,TQBR
2017-12-29,3340.0,3500.0,3340.0,3500.0,276,962430.0,TQBR
2018-01-03,3450.0,3600.0,3350.0,3520.0,33,114120.0,TQBR
2018-01-04,3590.0,3590.0,3480.0,3500.0,16,56150.0,TQBR
2018-01-05,3500.0,3530.0,3420.0,3460.0,73,252980.0,TQBR
2018-01-09,3420.0,3470.0,3390.0,3470.0,76,261920.0,TQBR
2018-01-10,3480.0,3500.0,3480.0,3500.0,20,69830.0,TQBR
2018-01-11,3500.0,3500.0,3480.0,3500.0,16,55810.0,TQBR
2018-01-12,3480.0,3500.0,3470.0,3480.0,32,111330.0,TQBR
2018-01-15,3480.0,3500.0,3410.0,3470.0,126,437890.0,TQBR
2018-01-16,3470.0,3490.0,3450.0,3450.0,11,38170.0,TQBR
2018-01-17,3430.0,3480.0,3430.0,3470.0,35,121400.0,TQBR
2018-01-18,3500.0,3500.0,3440.0,3480.0,108,374070.0,TQBR
2018-01-19,3440.0,3450.0,3410.0,3440.0,64,219320.0,TQBR
2018-01-22,3430.0,3450.0,3410.0,3440.0,63,216610.0,TQBR
2018-01-23,3470.0,3480.0,3440.0,3460.0,83,287780.0,TQBR
2018-01-24,3490.0,3490.0,3460.0,3480.0,518,1792520.0,TQBR
2018-01-25,3500.0,3500.0,3470.0,3470.0,33,114980.0,TQBR
2018-01-26,3460.0,3460.0,3430.0,3450.0,43,148410.0,TQBR
2018-01-29,3470.0,3490.0,3450.0,3450.0,38,131790.0,TQBR
2018-01-30,3430.0,3430.0,3420.0,3430.0,41,140410.0,TQBR
2018-01-31,3420.0,3440.0,3410.0,3430.0,58,199140.0,TQBR
2018-02-01,3430.0,3450.0,3400.0,3400.0,161,549850.0,TQBR
2018-02-02,3450.0,3450.0,3400.0,3420.0,25,85500.0,TQBR
2018-02-05,3400.0,3400.0,3360.0,3390.0,37,125010.0,TQBR
2018-02-06,3380.0,3380.0,3280.0,3300.0,364,1211700.0,TQBR
2018-02-07,3380.0,3380.0,3320.0,3330.0,36,119860.0,TQBR
2018-02-08,3330.0,3340.0,3320.0,3340.0,25,83150.0,TQBR
2018-02-09,3310.0,3330.0,3260.0,3310.0,180,593360.0,TQBR
2018-02-12,3340.0,3390.0,3270.0,3330.0,76,252550.0,TQBR
2018-02-13,3310.0,3310.0,3280.0,3310.0,59,194450.0,TQBR
2018-02-14,3310.0,3310.0,3310.0,3310.0,21,69510.0,TQBR
2018-02-15,3320.0,3330.0,3300.0,3310.0,36,119460.0,TQBR
2018-02-16,3300.0,3310.0,3290.0,3290.0,23,75920.0,TQBR
2018-02-19,3350.0,3400.0,3340.0,3400.0,163,549270.0,TQBR
2018-02-20,3390.0,3400.0,3330.0,3350.0,21,70540.0,TQBR
2018-02-21,3380.0,3390.0,3350.0,3390.0,43,145080.0,TQBR
2018-02-22,3400.0,3400.0,3340.0,3350.0,38,127740.0,TQBR
2018-02-26,3390.0,3390.0,3340.0,3340.0,12,40170.0,TQBR
2018-02-27,3370.0,3370.0,3370.0,3370.0,1,3370.0,TQBR
2018-02-28,3340.0,3350.0,3280.0,3320.0,61,202380.0,TQBR
2018-03-01,3310.0,3340.0,3300.0,3300.0,50,165570.0,TQBR
2018-03-02,3310.0,3310.0,3300.0,3310.0,46,152220.0,TQBR
2018-03-05,3370.0,3370.0,3320.0,3340.0,22,73490.0,TQBR
2018-03-06,3330.0,3380.0,3330.0,3380.0,15,50560.0,TQBR
2018-03-07,3380.0,3380.0,3350.0,3350.0,18,60610.0,TQBR
2018-03-09,3330.0,3330.0,3250.0,3330.0,77,252900.0,TQBR
2018-03-12,3320.0,3390.0,3260.0,3360.0,198,658040.0,TQBR
2018-03-13,3320.0,3370.0,3310.0,3360.0,20,66670.0,TQBR
2018-03-14,3370.0,3420.0,3340.0,3340.0,125,423570.0,TQBR
2018-03-15,3320.0,3370.0,3310.0,3360.0,47,157000.0,TQBR
2018-03-16,3350.0,3370.0,3350.0,3350.0,54,181420.0,TQBR
2018-03-19,3340.0,3370.0,3340.0,3370.0,62,207680.0,TQBR
2018-03-20,3380.0,3510.0,3380.0,3510.0,448,1548040.0,TQBR
2018-03-21,3500.0,3510.0,3450.0,3490.0,74,258110.0,TQBR
2018-03-22,3480.0,3500.0,3460.0,3480.0,79,275760.0,TQBR
2018-03-23,3480.0,3480.0,3460.0,3470.0,13,45090.0,TQBR
2018-03-26,3460.0,3500.0,3440.0,3500.0,187,651070.0,TQBR
2018-03-27,3520.0,3530.0,3490.0,3500.0,104,364200.0,TQBR
2018-03-28,3490.0,3500.0,3450.0,3450.0,60,207570.0,TQBR
2018-03-29,3450.0,3470.0,3330.0,3440.0,82,280450.0,TQBR
2018-03-30,3420.0,3450.0,3410.0,3450.0,87,297440.0,TQBR
2018-04-02,3480.0,3480.0,3440.0,3440.0,13,45040.0,TQBR
2018-04-03,3410.0,3420.0,3370.0,3390.0,56,190180.0,TQBR
2018-04-04,3390.0,3530.0,3390.0,3440.0,115,399320.0,TQBR
2018-04-05,3430.0,3440.0,3410.0,3430.0,18,61720.0,TQBR
2018-04-06,3410.0,3490.0,3380.0,3400.0,276,936040.0,TQBR
2018-04-09,3370.0,3370.0,3130.0,3260.0,269,879860.0,TQBR
2018-04-10,3250.0,3260.0,3000.0,3210.0,336,1049750.0,TQBR
2018-04-11,3180.0,3260.0,3170.0,3210.0,189,603810.0,TQBR
2018-04-12,3230.0,3290.0,3230.0,3270.0,37,121060.0,TQBR
2018-04-13,3240.0,3250.0,3200.0,3250.0,11,35390.0,TQBR
2018-04-16,3220.0,3250.0,3180.0,3200.0,28,90240.0,TQBR
2018-04-17,3210.0,3240.0,3140.0,3190.0,205,648280.0,TQBR
2018-04-18,3210.0,3220.0,3200.0,3210.0,59,189030.0,TQBR
2018-04-19,3240.0,3300.0,3240.0,3270.0,114,373030.0,TQBR
2018-04-20,3290.0,3300.0,3260.0,3280.0,106,346060.0,TQBR
2018-04-23,3260.0,3260.0,3230.0,3230.0,20,64960.0,TQBR
2018-04-24,3210.0,3300.0,3170.0,3270.0,342,1123350.0,TQBR
2018-04-25,3250.0,3280.0,3250.0,3270.0,52,169110.0,TQBR
2018-04-26,3270.0,3270.0,3260.0,3270.0,22,71820.0,TQBR
2018-04-27,3260.0,3260.0,3250.0,3250.0,98,318530.0,TQBR
2018-04-28,3260.0,3260.0,3210.0,3220.0,34,109900.0,TQBR
2018-04-30,3250.0,3250.0,3180.0,3220.0,28,89840.0,TQBR
2018-05-02,3240.0,3270.0,3220.0,3230.0,11,35740.0,TQBR
2018-05-03,3250.0,3270.0,3200.0,3230.0,33,106450.0,TQBR
2018-05-04,3250.0,3250.0,3220.0,3220.0,13,42130.0,TQBR
2018-05-07,3210.0,3260.0,3210.0,3230.0,15,48440.0,TQBR
2018-05-08,3220.0,3240.0,3210.0,3230.0,55,176760.0,TQBR
2018-05-10,3230.0,3230.0,3230.0,3230.0,2,6460.0,TQBR
2018-05-11,3210.0,3250.0,3170.0,3250.0,47,150980.0,TQBR
2018-05-14,3200.0,3220.0,3200.0,3210.0,26,83270.0,TQBR
2018-05-15,3210.0,3220.0,3170.0,3200.0,255,815220.0,TQBR
2018-05-16,3180.0,3190.0,3170.0,3190.0,7,22280.0,TQBR
2018-05-17,3190.0,3190.0,3150.0,3180.0,27,85660.0,TQBR
2018-05-18,3180.0,3200.0,3150.0,3160.0,563,1793400.0,TQBR
2018-05-21,3160.0,3200.0,3130.0,3160.0,86,271810.0,TQBR
2018-05-22,3200.0,3240.0,3010.0,3110.0,261,801570.0,TQBR
2018-05-23,3100.0,3190.0,3050.0,3110.0,98,303410.0,TQBR
2018-05-24,3100.0,3150.0,3090.0,3120.0,44,137060.0,TQBR
2018-05-25,3110.0,3110.0,3000.0,3050.0,191,578680.0,TQBR
2018-05-28,3030.0,3090.0,2970.0,3050.0,96,291870.0,TQBR
2018-05-29,3030.0,3050.0,2980.0,3000.0,123,370780.0,TQBR
2018-05-30,2990.0,3000.0,2900.0,2990.0,219,648560.0,TQBR
2018-05-31,2970.0,3010.0,2930.0,2970.0,222,663070.0,TQBR
2018-06-01,3000.0,3000.0,2900.0,2900.0,110,322940.0,TQBR
2018-06-04,2910.0,2950.0,2900.0,2940.0,54,157740.0,TQBR
2018-06-05,2930.0,2950.0,2850.0,2880.0,1895,5527530.0,TQBR
2018-06-06,2870.0,2970.0,2820.0,2910.0,102,294840.0,TQBR
2018-06-07,2920.0,2920.0,2890.0,2890.0,46,133580.0,TQBR
2018-06-08,2940.0,2950.0,2750.0,2800.0,239,675480.0,TQBR
2018-06-09,2830.0,2850.0,2820.0,2850.0,23,65000.0,TQBR
2018-06-11,2850.0,2960.0,2850.0,2910.0,1199,3543710.0,TQBR
2018-06-13,2970.0,2970.0,2900.0,2900.0,45,131960.0,TQBR
2018-06-14,2900.0,3180.0,2890.0,3160.0,907,2694880.0,TQBR
2018-06-15,3050.0,3070.0,2900.0,2990.0,110,326180.0,TQBR
2018-06-18,2930.0,2950.0,2830.0,2880.0,112,323650.0,TQBR
2018-06-19,2840.0,2840.0,2760.0,2800.0,135,376200.0,TQBR
2018-06-20,2810.0,2830.0,2800.0,2800.0,33,92910.0,TQBR
2018-06-21,2790.0,2830.0,2790.0,2820.0,6,16890.0,TQBR
2018-06-22,2830.0,2850.0,2800.0,2830.0,38,107710.0,TQBR
2018-06-25,2820.0,2890.0,2800.0,2850.0,156,444940.0,TQBR
2018-06-26,2840.0,2840.0,2800.0,2810.0,72,202310.0,TQBR
2018-06-27,2810.0,2820.0,2800.0,2800.0,171,480320.0,TQBR
2018-06-28,2790.0,2820.0,2780.0,2820.0,61,170730.0,TQBR
2018-06-29,2840.0,2840.0,2780.0,2810.0,89,248400.0,TQBR
2018-07-02,2820.0,2820.0,2760.0,2770.0,24,66770.0,TQBR
2018-07-03,2800.0,2800.0,2780.0,2780.0,48,133950.0,TQBR
2018-07-04,2800.0,2830.0,2760.0,2780.0,89,249350.0,TQBR
2018-07-05,2760.0,2830.0,2750.0,2790.0,151,420910.0,TQBR
2018-07-06,2800.0,2800.0,2780.0,2780.0,21,58630.0,TQBR
2018-07-09,2780.0,2780.0,2760.0,2760.0,7,19360.0,TQBR
2018-07-10,2760.0,2790.0,2740.0,2780.0,41,113240.0,TQBR
2018-07-11,2790.0,2800.0,2770.0,2770.0,61,169870.0,TQBR
2018-07-12,2770.0,2770.0,2740.0,2770.0,31,85330.0,TQBR
2018-07-13,2780.0,2780.0,2650.0,2670.0,213,573920.0,TQBR
2018-07-16,2690.0,2780.0,2660.0,2700.0,249,674270.0,TQBR
2018-07-17,2680.0,2700.0,2650.0,2650.0,66,175860.0,TQBR
2018-07-18,2670.0,2700.0,2620.0,2700.0,187,500010.0,TQBR
2018-07-19,2690.0,2700.0,2630.0,2630.0,90,240800.0,TQBR
2018-07-20,2640.0,2680.0,2550.0,2600.0,541,1409220.0,TQBR
2018-07-23,2590.0,2600.0,2530.0,2550.0,155,397000.0,TQBR
2018-07-24,2570.0,2610.0,2570.0,2600.0,112,290690.0,TQBR
2018-07-25,2600.0,2600.0,2540.0,2560.0,167,426420.0,TQBR
2018-07-26,2570.0,2590.0,2560.0,2580.0,147,379420.0,TQBR
2018-07-27,2560.0,2570.0,2540.0,2570.0,41,104410.0,TQBR
2018-07-30,2550.0,2550.0,2530.0,2550.0,519,1322920.0,TQBR
2018-07-31,2550.0,2570.0,2530.0,2550.0,19,48580.0,TQBR
2018-08-01,2570.0,2590.0,2530.0,2590.0,47,121270.0,TQBR
2018-08-02,2590.0,2670.0,2540.0,2560.0,97,251830.0,TQBR
2018-08-03,2590.0,2630.0,2530.0,2610.0,126,324710.0,TQBR
2018-08-06,2600.0,2600.0,2510.0,2510.0,80,203880.0,TQBR
2018-08-07,2520.0,2550.0,2520.0,2540.0,27,68580.0,TQBR
2018-08-08,2520.0,2640.0,2500.0,2560.0,139,352850.0,TQBR
2018-08-09,2510.0,2550.0,2480.0,2550.0,123,307380.0,TQBR
2018-08-10,2550.0,2550.0,2490.0,2530.0,29,72810.0,TQBR
2018-08-13,2560.0,2580.0,2480.0,2480.0,88,224490.0,TQBR
2018-08-14,2490.0,2550.0,2480.0,2520.0,66,165490.0,TQBR
2018-08-15,2480.0,2500.0,2460.0,2460.0,47,116440.0,TQBR
2018-08-16,2470.0,2580.0,2450.0,2520.0,167,416360.0,TQBR
2018-08-17,2550.0,2550.0,2480.0,2480.0,18,45080.0,TQBR
2018-08-20,2520.0,2550.0,2500.0,2550.0,56,141670.0,TQBR
2018-08-21,2560.0,2560.0,2500.0,2530.0,10,25340.0,TQBR
2018-08-22,2510.0,2680.0,2500.0,2600.0,127,328250.0,TQBR
2018-08-23,2620.0,2650.0,2570.0,2620.0,69,180590.0,TQBR
2018-08-24,2570.0,2570.0,2480.0,2500.0,127,318230.0,TQBR
2018-08-27,2540.0,2590.0,2500.0,2500.0,88,223620.0,TQBR
2018-08-28,2510.0,2510.0,2480.0,2510.0,33,82190.0,TQBR
2018-08-29,2510.0,2510.0,2500.0,2500.0,10,25020.0,TQBR
2018-08-30,2500.0,2680.0,2440.0,2450.0,268,667700.0,TQBR
2018-08-31,2500.0,2540.0,2440.0,2500.0,84,209010.0,TQBR
2018-09-03,2460.0,2550.0,2460.0,2500.0,56,141720.0,TQBR
2018-09-04,2510.0,2530.0,2500.0,2500.0,20,50450.0,TQBR
2018-09-05,2540.0,2540.0,2500.0,2500.0,76,190840.0,TQBR
2018-09-06,2520.0,2550.0,2450.0,2460.0,151,374410.0,TQBR
2018-09-07,2510.0,2510.0,2460.0,2480.0,62,154360.0,TQBR
2018-09-10,2490.0,2490.0,2410.0,2460.0,151,367340.0,TQBR
2018-09-11,2460.0,2460.0,2400.0,2420.0,166,400770.0,TQBR
2018-09-12,2430.0,2450.0,2410.0,2440.0,49,119650.0,TQBR
2018-09-13,2440.0,2460.0,2440.0,2440.0,14,34270.0,TQBR
2018-09-14,2450.0,2490.0,2440.0,2480.0,80,197480.0,TQBR
2018-09-17,2500.0,2530.0,2500.0,2520.0,87,219060.0,TQBR
2018-09-18,2520.0,2530.0,2520.0,2530.0,2,5050.0,TQBR
2018-09-19,2530.0,2550.0,2490.0,2520.0,60,151210.0,TQBR
2018-09-20,2500.0,2600.0,2500.0,2510.0,63,161060.0,TQBR
2018-09-21,2550.0,2620.0,2530.0,2590.0,277,719280.0,TQBR
2018-09-24,2590.0,2590.0,2540.0,2540.0,59,151160.0,TQBR
2018-09-25,2520.0,2560.0,2520.0,2550.0,24,60660.0,TQBR
2018-09-26,2530.0,2530.0,2460.0,2530.0,81,200820.0,TQBR
2018-09-27,2500.0,2540.0,2480.0,2500.0,92,230600.0,TQBR
2018-09-28,2510.0,2570.0,2480.0,2540.0,167,419040.0,TQBR
2018-10-01,2580.0,2590.0,2540.0,2540.0,25,64130.0,TQBR
2018-10-02,2520.0,2590.0,2510.0,2560.0,17,43320.0,TQBR
2018-10-03,2640.0,2640.0,2560.0,2570.0,206,534760.0,TQBR
2018-10-04,2570.0,2570.0,2510.0,2510.0,85,217030.0,TQBR
2018-10-05,2540.0,2560.0,2540.0,2560.0,5,12720.0,TQBR
2018-10-08,2560.0,2560.0,2500.0,2500.0,224,562650.0,TQBR
2018-10-09,2500.0,2510.0,2410.0,2460.0,326,796170.0,TQBR
2018-10-10,2450.0,2470.0,2450.0,2470.0,28,68820.0,TQBR
2018-10-11,2470.0,2470.0,2400.0,2430.0,591,1447440.0,TQBR
2018-10-12,2460.0,2520.0,2450.0,2480.0,40,99130.0,TQBR
2018-10-15,2490.0,2530.0,2480.0,2490.0,64,160880.0,TQBR
2018-10-16,2490.0,2510.0,2440.0,2480.0,407,1008680.0,TQBR
2018-10-17,2500.0,2510.0,2470.0,2510.0,127,317490.0,TQBR
2018-10-18,2490.0,2510.0,2480.0,2480.0,70,174770.0,TQBR
2018-10-19,2480.0,2500.0,2470.0,2490.0,125,311040.0,TQBR
2018-10-22,2500.0,2500.0,2400.0,2420.0,336,816830.0,TQBR
2018-10-23,2400.0,2420.0,2390.0,2400.0,94,225780.0,TQBR
2018-10-24,2420.0,2430.0,2380.0,2400.0,90,215560.0,TQBR
2018-10-25,2400.0,2400.0,2400.0,2400.0,10,24000.0,TQBR
2018-10-26,2410.0,2450.0,2390.0,2390.0,167,404880.0,TQBR
2018-10-29,2380.0,2400.0,2350.0,2390.0,38,89920.0,TQBR
2018-10-30,2380.0,2420.0,2380.0,2390.0,13,31200.0,TQBR
2018-10-31,2400.0,2420.0,2400.0,2420.0,13,31320.0,TQBR
2018-11-01,2390.0,2400.0,2385.0,2385.0,38,90850.0,TQBR
2018-11-02,2395.0,2420.0,2390.0,2405.0,19,45630.0,TQBR
2018-11-06,2420.0,2425.0,2405.0,2420.0,15,36215.0,TQBR
2018-11-07,2430.0,2430.0,2385.0,2395.0,47,112590.0,TQBR
2018-11-08,2410.0,2430.0,2405.0,2405.0,41,99180.0,TQBR
2018-11-09,2400.0,2435.0,2380.0,2390.0,132,316580.0,TQBR
2018-11-12,2435.0,2435.0,2365.0,2380.0,53,126775.0,TQBR
2018-11-13,2385.0,2385.0,2380.0,2380.0,14,33340.0,TQBR
2018-11-14,2370.0,2410.0,2370.0,2395.0,24,57560.0,TQBR
2018-11-15,2385.0,2395.0,2380.0,2395.0,35,83610.0,TQBR
2018-11-16,2395.0,2400.0,2395.0,2400.0,3,7190.0,TQBR
2018-11-19,2395.0,2400.0,2390.0,2390.0,8,19170.0,TQBR
2018-11-20,2385.0,2385.0,2365.0,2365.0,12,28445.0,TQBR
2018-11-21,2370.0,2400.0,2350.0,2365.0,233,554515.0,TQBR
2018-11-22,2370.0,2410.0,2350.0,2375.0,252,600160.0,TQBR
2018-11-23,2350.0,2370.0,2340.0,2360.0,72,169685.0,TQBR
2018-11-26,2340.0,2360.0,2315.0,2335.0,64,149635.0,TQBR
2018-11-27,2350.0,2375.0,2350.0,2350.0,8,18885.0,TQBR
2018-11-28,2350.0,2370.0,2340.0,2365.0,439,1040075.0,TQBR
2018-11-29,2355.0,2370.0,2330.0,2350.0,103,242665.0,TQBR
2018-11-30,2350.0,2360.0,2290.0,2325.0,184,428345.0,TQBR
2018-12-03,2340.0,2345.0,2320.0,2320.0,8,18650.0,TQBR
2018-12-04,2340.0,2345.0,2325.0,2335.0,24,55955.0,TQBR
2018-12-05,2325.0,2330.0,2320.0,2325.0,14,32565.0,TQBR
2018-12-06,2315.0,2320.0,2305.0,2305.0,45,104010.0,TQBR
2018-12-07,2300.0,2500.0,2300.0,2380.0,546,1319550.0,TQBR
2018-12-10,2390.0,2455.0,2380.0,2450.0,472,1148720.0,TQBR
2018-12-11,2410.0,2670.0,2410.0,2630.0,1032,2660475.0,TQBR
2018-12-12,2630.0,2780.0,2630.0,2630.0,473,1285460.0,TQBR
2018-12-13,2625.0,2640.0,2530.0,2555.0,245,631140.0,TQBR
2018-12-14,2575.0,2645.0,2480.0,2550.0,325,824350.0,TQBR
2018-12-17,2545.0,2550.0,2470.0,2480.0,93,231690.0,TQBR
2018-12-18,2490.0,2490.0,2440.0,2440.0,96,235755.0,TQBR
2018-12-19,2435.0,2495.0,2425.0,2485.0,235,575310.0,TQBR
2018-12-20,2445.0,2485.0,2435.0,2475.0,32,78855.0,TQBR
2018-12-21,2475.0,2475.0,2350.0,2435.0,185,448110.0,TQBR
2018-12-24,2420.0,2500.0,2380.0,2420.0,117,286495.0,TQBR
2018-12-25,2410.0,2410.0,2380.0,2395.0,309,738690.0,TQBR
2018-12-26,2390.0,2390.0,2370.0,2375.0,118,281210.0,TQBR
2018-12-27,2500.0,2500.0,2390.0,2395.0,136,329280.0,TQBR
2018-12-28,2390.0,2445.0,2390.0,2430.0,68,163805.0,TQBR
2018-12-29,2410.0,2450.0,2410.0,2450.0,13,31540.0,TQBR
2019-01-03,2410.0,2490.0,2410.0,2490.0,144,353235.0,TQBR
2019-01-04,2485.0,2525.0,2485.0,2520.0,145,364545.0,TQBR
2019-01-08,2500.0,2530.0,2450.0,2485.0,264,648745.0,TQBR
2019-01-09,2440.0,2495.0,2440.0,2475.0,86,212575.0,TQBR
2019-01-10,2480.0,2485.0,2445.0,2445.0,16,39375.0,TQBR
2019-01-11,2445.0,2505.0,2445.0,2475.0,912,2277220.0,TQBR
2019-01-14,2480.0,2495.0,2470.0,2480.0,77,190750.0,TQBR
2019-01-15,2470.0,2505.0,2455.0,2495.0,24,59645.0,TQBR
2019-01-16,2495.0,2495.0,2465.0,2490.0,8,19825.0,TQBR
2019-01-17,2475.0,2480.0,2455.0,2460.0,51,125570.0,TQBR
2019-01-18,2460.0,2500.0,2450.0,2450.0,95,233550.0,TQBR
2019-01-21,2450.0,2485.0,2450.0,2470.0,222,546000.0,TQBR
2019-01-22,2500.0,2510.0,2470.0,2510.0,130,324545.0,TQBR
2019-01-23,2480.0,2500.0,2475.0,2500.0,43,107280.0,TQBR
2019-01-24,2480.0,2495.0,2480.0,2490.0,66,163760.0,TQBR
2019-01-25,2500.0,2500.0,2485.0,2485.0,4,9955.0,TQBR
2019-01-28,2505.0,2515.0,2485.0,2500.0,45,112315.0,TQBR
2019-01-29,2500.0,2500.0,2480.0,2495.0,92,229045.0,TQBR
2019-01-30,2485.0,2495.0,2485.0,2495.0,10,24940.0,TQBR
2019-01-31,2485.0,2500.0,2475.0,2500.0,58,144070.0,TQBR
2019-02-01,2475.0,2530.0,2470.0,2530.0,273,684260.0,TQBR
2019-02-04,2535.0,2540.0,2480.0,2490.0,156,392205.0,TQBR
2019-02-05,2495.0,2750.0,2495.0,2700.0,1869,4967495.0,TQBR
2019-02-06,2685.0,2800.0,2685.0,2710.0,2014,5618345.0,TQBR
2019-02-07,2700.0,2710.0,2620.0,2650.0,132,352485.0,TQBR
2019-02-08,2650.0,2705.0,2650.0,2685.0,122,327810.0,TQBR
2019-02-11,2665.0,2705.0,2655.0,2705.0,76,204455.0,TQBR
2019-02-12,2715.0,2770.0,2700.0,2710.0,51,138600.0,TQBR
2019-02-13,2705.0,2725.0,2695.0,2705.0,51,138195.0,TQBR
2019-02-14,2680.0,2690.0,2675.0,2685.0,26,69655.0,TQBR
2019-02-15,2680.0,2700.0,2680.0,2700.0,1282,3461195.0,TQBR
2019-02-18,2660.0,2700.0,2620.0,2690.0,95,252630.0,TQBR
2019-02-19,2695.0,2760.0,2650.0,2720.0,275,747840.0,TQBR
2019-02-20,2750.0,2885.0,2750.0,2880.0,248,697585.0,TQBR
2019-02-21,2850.0,2930.0,2825.0,2825.0,164,465635.0,TQBR
2019-02-22,2850.0,2860.0,2830.0,2845.0,69,195670.0,TQBR
2019-02-25,2810.0,2900.0,2810.0,2870.0,167,480065.0,TQBR
2019-02-26,2810.0,2845.0,2800.0,2800.0,48,135690.0,TQBR
2019-02-27,2810.0,2810.0,2745.0,2800.0,151,420290.0,TQBR
2019-02-28,2790.0,2790.0,2705.0,2730.0,108,295060.0,TQBR
2019-03-01,2705.0,2750.0,2655.0,2690.0,155,417890.0,TQBR
2019-03-04,2670.0,2700.0,2670.0,2700.0,47,126295.0,TQBR
2019-03-05,2675.0,2710.0,2675.0,2710.0,11,29640.0,TQBR
2019-03-06,2710.0,2755.0,2700.0,2725.0,18,48975.0,TQBR
2019-03-07,2760.0,2990.0,2675.0,2735.0,165,457400.0,TQBR
2019-03-11,2760.0,2765.0,2705.0,2710.0,43,117505.0,TQBR
2019-03-12,2720.0,2735.0,2695.0,2715.0,31,84110.0,TQBR
2019-03-13,2755.0,2850.0,2735.0,2760.0,140,388095.0,TQBR
2019-03-14,2710.0,2775.0,2705.0,2715.0,918,2488265.0,TQBR
2019-03-15,2710.0,2710.0,2640.0,2685.0,569,1535255.0,TQBR
2019-03-18,2700.0,2700.0,2630.0,2675.0,74,196015.0,TQBR
2019-03-19,2660.0,2670.0,2650.0,2650.0,43,114130.0,TQBR
2019-03-20,2690.0,2795.0,2655.0,2715.0,71,194700.0,TQBR
2019-03-21,2745.0,2760.0,2740.0,2740.0,96,263800.0,TQBR
2019-03-22,2765.0,2800.0,2740.0,2790.0,1534,4289130.0,TQBR
2019-03-25,2800.0,2820.0,2770.0,2795.0,55,153945.0,TQBR
2019-03-26,2785.0,2850.0,2785.0,2795.0,532,1490255.0,TQBR
2019-03-27,2790.0,2790.0,2750.0,2755.0,36,99510.0,TQBR
2019-03-28,2730.0,2735.0,2695.0,2725.0,176,476020.0,TQBR
2019-03-29,2770.0,2770.0,2720.0,2720.0,21,57270.0,TQBR
2019-04-01,2725.0,2725.0,2705.0,2720.0,539,1466015.0,TQBR
2019-04-02,2755.0,2800.0,2715.0,2720.0,1313,3674590.0,TQBR
2019-04-03,2715.0,2720.0,2700.0,2720.0,126,341725.0,TQBR
2019-04-04,2715.0,2740.0,2715.0,2735.0,44,119775.0,TQBR
2019-04-05,2725.0,2745.0,2720.0,2740.0,195,532375.0,TQBR
2019-04-08,2760.0,2765.0,2735.0,2735.0,450,1241925.0,TQBR
2019-04-09,2745.0,2745.0,2730.0,2740.0,9,24615.0,TQBR
2019-04-10,2750.0,2750.0,2690.0,2710.0,755,2067995.0,TQBR
2019-04-11,2730.0,2730.0,2700.0,2705.0,13,35250.0,TQBR
2019-04-12,2710.0,2710.0,2680.0,2680.0,1528,4125480.0,TQBR
2019-04-15,2690.0,2695.0,2680.0,2695.0,28,75115.0,TQBR
2019-04-16,2735.0,2735.0,2670.0,2670.0,25,67080.0,TQBR
2019-04-17,2680.0,2680.0,2650.0,2665.0,47,125070.0,TQBR
2019-04-18,2685.0,2685.0,2635.0,2640.0,39,103380.0,TQBR
2019-04-19,2650.0,2650.0,2610.0,2650.0,66,172650.0,TQBR
2019-04-22,2610.0,2645.0,2610.0,2640.0,36,94155.0,TQBR
2019-04-23,2620.0,2650.0,2620.0,2650.0,17,44890.0,TQBR
2019-04-24,2620.0,2655.0,2615.0,2615.0,23,60750.0,TQBR
2019-04-25,2620.0,2900.0,2615.0,2745.0,522,1445070.0,TQBR
2019-04-26,2725.0,2725.0,2660.0,2700.0,555,1482660.0,TQBR
2019-04-29,2715.0,2740.0,2655.0,2665.0,145,394255.0,TQBR
2019-04-30,2700.0,2705.0,2695.0,2695.0,4,10795.0,TQBR
2019-05-02,2715.0,2720.0,2715.0,2715.0,4,10865.0,TQBR
2019-05-03,2720.0,2720.0,2720.0,2720.0,5,13600.0,TQBR
2019-05-06,2700.0,2720.0,2660.0,2685.0,22,59025.0,TQBR
2019-05-07,2695.0,2730.0,2690.0,2700.0,26,70775.0,TQBR
2019-05-08,2710.0,2800.0,2700.0,2740.0,250,690015.0,TQBR
2019-05-10,2770.0,2770.0,2760.0,2760.0,5,13810.0,TQBR
2019-05-13,2740.0,2750.0,2740.0,2740.0,100,274010.0,TQBR
2019-05-14,2740.0,2750.0,2665.0,2750.0,419,1148200.0,TQBR
2019-05-15,2745.0,2780.0,2740.0,2765.0,89,245555.0,TQBR
2019-05-16,2750.0,2750.0,2700.0,2745.0,22,60275.0,TQBR
2019-05-17,2740.0,2740.0,2740.0,2740.0,49,134260.0,TQBR
2019-05-20,2720.0,2770.0,2705.0,2770.0,77,211925.0,TQBR
2019-05-21,2760.0,2765.0,2740.0,2740.0,119,326945.0,TQBR
2019-05-22,2740.0,2750.0,2715.0,2730.0,113,309430.0,TQBR
2019-05-23,2745.0,2770.0,2645.0,2700.0,269,717420.0,TQBR
2019-05-24,2710.0,2710.0,2630.0,2665.0,54,143420.0,TQBR
2019-05-27,2645.0,2645.0,2590.0,2625.0,86,224770.0,TQBR
2019-05-28,2640.0,2645.0,2600.0,2600.0,75,195965.0,TQBR
2019-05-29,2630.0,2635.0,2595.0,2610.0,87,227160.0,TQBR
2019-05-30,2610.0,2620.0,2555.0,2595.0,275,712340.0,TQBR
2019-05-31,2610.0,2695.0,2610.0,2655.0,198,524270.0,TQBR
2019-06-03,2665.0,2740.0,2665.0,2725.0,818,2227885.0,TQBR
2019-06-04,2705.0,2755.0,2515.0,2740.0,306,830665.0,TQBR
2019-06-05,2735.0,2735.0,2600.0,2665.0,370,1002445.0,TQBR
2019-06-06,2685.0,2715.0,2675.0,2675.0,526,1420160.0,TQBR
2019-06-07,2685.0,2730.0,2685.0,2715.0,12,32455.0,TQBR
2019-06-10,2725.0,2735.0,2650.0,2655.0,556,1511790.0,TQBR
2019-06-11,2690.0,2690.0,2595.0,2655.0,156,410090.0,TQBR
2019-06-13,2620.0,2640.0,2580.0,2635.0,354,924950.0,TQBR
2019-06-14,2650.0,2655.0,2620.0,2630.0,30,79200.0,TQBR
2019-06-17,2650.0,2700.0,2650.0,2695.0,74,198435.0,TQBR
2019-06-18,2675.0,2680.0,2665.0,2670.0,81,216160.0,TQBR
2019-06-19,2670.0,2720.0,2670.0,2710.0,555,1499275.0,TQBR
2019-06-20,2720.0,2760.0,2720.0,2750.0,237,649460.0,TQBR
2019-06-21,2765.0,2900.0,2765.0,2775.0,1376,3916950.0,TQBR
2019-06-24,2780.0,2885.0,2775.0,2820.0,483,1365560.0,TQBR
2019-06-25,2870.0,2940.0,2835.0,2885.0,277,793150.0,TQBR
2019-06-26,2915.0,3025.0,2900.0,3025.0,402,1195175.0,TQBR
2019-06-27,3005.0,3065.0,3000.0,3065.0,361,1090845.0,TQBR
2019-06-28,3060.0,3240.0,3000.0,3155.0,802,2525170.0,TQBR
2019-07-01,3155.0,3225.0,3120.0,3135.0,478,1505435.0,TQBR
2019-07-02,3130.0,3180.0,3035.0,3085.0,664,2054130.0,TQBR
2019-07-03,3050.0,3250.0,3040.0,3050.0,533,1700765.0,TQBR
2019-07-04,3160.0,3160.0,3100.0,3100.0,121,379675.0,TQBR
2019-07-05,3050.0,3145.0,3000.0,3035.0,421,1280865.0,TQBR
2019-07-08,3050.0,3060.0,2950.0,2950.0,268,805745.0,TQBR
2019-07-09,2980.0,2980.0,2850.0,2940.0,294,860750.0,TQBR
2019-07-10,2940.0,2965.0,2810.0,2900.0,385,1106970.0,TQBR
2019-07-11,2940.0,2960.0,2880.0,2885.0,66,192775.0,TQBR
2019-07-12,2875.0,2915.0,2845.0,2870.0,75,214640.0,TQBR
2019-07-15,2915.0,2945.0,2900.0,2910.0,137,401135.0,TQBR
2019-07-16,2885.0,2935.0,2880.0,2930.0,76,220985.0,TQBR
2019-07-17,2920.0,2950.0,2860.0,2915.0,190,554415.0,TQBR
2019-07-18,2925.0,2945.0,2925.0,2925.0,99,290565.0,TQBR
2019-07-19,2965.0,2970.0,2900.0,2905.0,115,337715.0,TQBR
2019-07-22,2935.0,2935.0,2880.0,2880.0,132,382190.0,TQBR
2019-07-23,2885.0,2960.0,2880.0,2920.0,81,236445.0,TQBR
2019-07-24,2935.0,2935.0,2870.0,2870.0,109,315915.0,TQBR
2019-07-25,2885.0,2895.0,2875.0,2895.0,86,248410.0,TQBR
2019-07-26,2870.0,2900.0,2845.0,2865.0,176,505775.0,TQBR
2019-07-29,2860.0,2890.0,2850.0,2850.0,120,342580.0,TQBR
2019-07-30,2845.0,2875.0,2845.0,2870.0,44,125780.0,TQBR
2019-07-31,2855.0,2855.0,2850.0,2855.0,58,165565.0,TQBR
2019-08-01,2840.0,2840.0,2805.0,2820.0,220,621220.0,TQBR
2019-08-02,2850.0,3030.0,2825.0,2885.0,729,2132180.0,TQBR
2019-08-05,2920.0,2955.0,2870.0,2905.0,173,503405.0,TQBR
2019-08-06,2970.0,3095.0,2930.0,2995.0,349,1049885.0,TQBR
2019-08-07,2995.0,3120.0,2995.0,3120.0,579,1786635.0,TQBR
2019-08-08,3100.0,3380.0,3100.0,3220.0,1766,5753715.0,TQBR
2019-08-09,3200.0,3380.0,3200.0,3345.0,669,2208345.0,TQBR
2019-08-12,3345.0,3440.0,3300.0,3380.0,285,961255.0,TQBR
2019-08-13,3430.0,3865.0,3300.0,3670.0,6550,23879260.0,TQBR
2019-08-14,3670.0,3950.0,3595.0,3720.0,3006,11285450.0,TQBR
2019-08-15,3720.0,3885.0,3150.0,3380.0,3028,10464535.0,TQBR
2019-08-16,3380.0,3580.0,3205.0,3285.0,855,2804770.0,TQBR
2019-08-19,3270.0,3325.0,3205.0,3240.0,547,1769565.0,TQBR
2019-08-20,3270.0,3490.0,3270.0,3400.0,1173,3990635.0,TQBR
2019-08-21,3410.0,3415.0,3345.0,3365.0,162,548365.0,TQBR
2019-08-22,3365.0,3400.0,3350.0,3390.0,206,695755.0,TQBR
2019-08-23,3355.0,3390.0,3290.0,3335.0,452,1509995.0,TQBR
2019-08-26,3390.0,3550.0,3355.0,3405.0,699,2390030.0,TQBR
2019-08-27,3450.0,3450.0,3285.0,3390.0,312,1047990.0,TQBR
2019-08-28,3395.0,3445.0,3300.0,3340.0,177,595500.0,TQBR
2019-08-29,3365.0,3490.0,3330.0,3400.0,793,2703915.0,TQBR
2019-08-30,3340.0,3425.0,3340.0,3420.0,251,854865.0,TQBR
2019-09-02,3380.0,3430.0,3325.0,3360.0,174,585690.0,TQBR
2019-09-03,3400.0,3400.0,3300.0,3375.0,158,528380.0,TQBR
2019-09-04,3400.0,3415.0,3340.0,3350.0,97,325730.0,TQBR
2019-09-05,3335.0,3350.0,3200.0,3320.0,425,1391925.0,TQBR
2019-09-06,3300.0,3300.0,3200.0,3245.0,349,1129325.0,TQBR
2019-09-09,3250.0,3310.0,3200.0,3265.0,336,1093635.0,TQBR
2019-09-10,3280.0,3290.0,3130.0,3225.0,527,1688695.0,TQBR
2019-09-11,3200.0,3250.0,3160.0,3200.0,215,687825.0,TQBR
2019-09-12,3190.0,3190.0,3120.0,3180.0,309,974525.0,TQBR
2019-09-13,3180.0,3210.0,3135.0,3155.0,165,521945.0,TQBR
2019-09-16,3150.0,3255.0,3150.0,3160.0,289,930005.0,TQBR
2019-09-17,3195.0,3250.0,3150.0,3200.0,247,786700.0,TQBR
2019-09-18,3150.0,3350.0,3145.0,3225.0,844,2741350.0,TQBR
2019-09-19,3240.0,3290.0,3205.0,3245.0,120,388230.0,TQBR
2019-09-20,3325.0,3325.0,3220.0,3220.0,99,323960.0,TQBR
2019-09-23,3285.0,3295.0,3230.0,3265.0,185,600850.0,TQBR
2019-09-24,3240.0,3270.0,3215.0,3260.0,140,452865.0,TQBR
2019-09-25,3295.0,3310.0,3220.0,3250.0,143,463130.0,TQBR
2019-09-26,3195.0,3265.0,3195.0,3260.0,56,182005.0,TQBR
2019-09-27,3250.0,3250.0,3185.0,3200.0,125,400090.0,TQBR
2019-09-30,3180.0,3210.0,3115.0,3130.0,254,799160.0,TQBR
2019-10-01,3145.0,3150.0,3090.0,3135.0,265,823955.0,TQBR
2019-10-02,3125.0,3195.0,3105.0,3135.0,78,246235.0,TQBR
2019-10-03,3130.0,3190.0,3125.0,3160.0,147,465370.0,TQBR
2019-10-04,3195.0,3195.0,3120.0,3170.0,74,233490.0,TQBR
2019-10-07,3150.0,3165.0,3140.0,3165.0,40,126155.0,TQBR
2019-10-08,3145.0,3190.0,3100.0,3160.0,107,336145.0,TQBR
2019-10-09,3185.0,3185.0,3135.0,3135.0,45,142185.0,TQBR
2019-10-10,3135.0,3160.0,3130.0,3160.0,44,137890.0,TQBR
2019-10-11,3145.0,3155.0,3040.0,3040.0,245,759490.0,TQBR
2019-10-14,3045.0,3110.0,2840.0,3000.0,305,915335.0,TQBR
2019-10-15,3015.0,3015.0,2875.0,2900.0,136,400690.0,TQBR
2019-10-16,2965.0,2995.0,2875.0,2960.0,163,476565.0,TQBR
2019-10-17,2945.0,3095.0,2940.0,3010.0,122,365835.0,TQBR
2019-10-18,3035.0,3060.0,2980.0,3060.0,61,185265.0,TQBR
2019-10-21,3000.0,3070.0,2995.0,3015.0,99,298685.0,TQBR
2019-10-22,3055.0,3055.0,3010.0,3015.0,57,172905.0,TQBR
2019-10-23,3040.0,3050.0,2980.0,3000.0,113,340165.0,TQBR
2019-10-24,3035.0,3095.0,3000.0,3040.0,138,419185.0,TQBR
2019-10-25,3025.0,3065.0,3020.0,3020.0,45,136645.0,TQBR
2019-10-28,3045.0,3060.0,3025.0,3040.0,66,200655.0,TQBR
2019-10-29,3015.0,3055.0,3005.0,3055.0,117,354460.0,TQBR
2019-10-30,3100.0,3100.0,3015.0,3035.0,64,195505.0,TQBR
2019-10-31,3035.0,3115.0,3020.0,3115.0,247,756580.0,TQBR
2019-11-01,3070.0,3110.0,3045.0,3090.0,220,675915.0,TQBR
2019-11-05,3100.0,3140.0,3090.0,3110.0,307,952500.0,TQBR
2019-11-06,3110.0,3130.0,3055.0,3130.0,188,579500.0,TQBR
2019-11-07,3140.0,3175.0,3020.0,3075.0,425,1306975.0,TQBR
2019-11-08,3085.0,3125.0,3005.0,3030.0,309,938625.0,TQBR
2019-11-11,3050.0,3070.0,3000.0,3000.0,107,323980.0,TQBR
2019-11-12,3055.0,3060.0,2995.0,3030.0,147,445165.0,TQBR
2019-11-13,3050.0,3050.0,3010.0,3020.0,226,680445.0,TQBR
2019-11-14,3010.0,3010.0,2970.0,3000.0,130,388825.0,TQBR
2019-11-15,3010.0,3025.0,3010.0,3010.0,109,328170.0,TQBR
2019-11-18,2975.0,3000.0,2960.0,3000.0,204,607690.0,TQBR
2019-11-19,3025.0,3045.0,3000.0,3030.0,181,546345.0,TQBR
2019-11-20,3045.0,3055.0,3015.0,3015.0,57,172985.0,TQBR
2019-11-21,3040.0,3040.0,2990.0,2990.0,83,249300.0,TQBR
2019-11-22,2960.0,3050.0,2960.0,3000.0,50,150670.0,TQBR
2019-11-25,3025.0,3030.0,2910.0,2960.0,344,1014140.0,TQBR
2019-11-26,2950.0,2975.0,2920.0,2920.0,132,387120.0,TQBR
2019-11-27,2950.0,2955.0,2920.0,2920.0,22,64780.0,TQBR
2019-11-28,2920.0,3010.0,2915.0,2930.0,206,610505.0,TQBR
2019-11-29,2955.0,2955.0,2930.0,2935.0,25,73440.0,TQBR
2019-12-02,2970.0,2970.0,2930.0,2965.0,173,513295.0,TQBR
2019-12-03,2925.0,2980.0,2925.0,2955.0,357,1055680.0,TQBR
2019-12-04,2935.0,2955.0,2925.0,2955.0,47,138360.0,TQBR
2019-12-05,2980.0,2985.0,2960.0,2980.0,33,97975.0,TQBR
2019-12-06,2975.0,3000.0,2945.0,2975.0,137,407440.0,TQBR
2019-12-09,2985.0,2985.0,2960.0,2975.0,24,71345.0,TQBR
2019-12-10,2980.0,2985.0,2950.0,2955.0,48,142165.0,TQBR
2019-12-11,2960.0,2980.0,2930.0,2955.0,68,200525.0,TQBR
2019-12-12,3000.0,3000.0,2930.0,2995.0,255,760445.0,TQBR
2019-12-13,2995.0,3000.0,2945.0,2995.0,44,131270.0,TQBR
2019-12-16,3000.0,3020.0,2990.0,3000.0,103,308865.0,TQBR
2019-12-17,3000.0,3000.0,2985.0,2990.0,89,266525.0,TQBR
2019-12-18,3010.0,3025.0,2970.0,3010.0,91,273050.0,TQBR
2019-12-19,3020.0,3025.0,2975.0,2995.0,174,522305.0,TQBR
2019-12-20,2970.0,2995.0,2970.0,2980.0,16,47705.0,TQBR
2019-12-23,3020.0,3025.0,2990.0,3005.0,184,554930.0,TQBR
2019-12-24,3000.0,3050.0,2940.0,3040.0,464,1404675.0,TQBR
2019-12-25,3015.0,3025.0,3000.0,3005.0,103,310005.0,TQBR
2019-12-26,3020.0,3105.0,3005.0,3105.0,589,1787240.0,TQBR
2019-12-27,3090.0,3170.0,3050.0,3170.0,728,2238650.0,TQBR
2019-12-30,3160.0,3250.0,3150.0,3165.0,324,1035580.0,TQBR
2020-01-03,3195.0,3325.0,3195.0,3270.0,697,2265250.0,TQBR
2020-01-06,3270.0,3635.0,3270.0,3490.0,2227,7801765.0,TQBR
2020-01-08,3555.0,3640.0,3500.0,3500.0,1864,6605330.0,TQBR
2020-01-09,3470.0,3470.0,3270.0,3315.0,897,2984945.0,TQBR
2020-01-10,3310.0,3310.0,3200.0,3265.0,420,1365720.0,TQBR
2020-01-13,3250.0,3355.0,3250.0,3355.0,280,931620.0,TQBR
2020-01-14,3295.0,3350.0,3260.0,3300.0,380,1253190.0,TQBR
2020-01-15,3275.0,3370.0,3275.0,3295.0,152,505960.0,TQBR
2020-01-16,3305.0,3325.0,3255.0,3285.0,186,609955.0,TQBR
2020-01-17,3290.0,3310.0,3255.0,3255.0,183,599360.0,TQBR
2020-01-20,3295.0,3380.0,3255.0,3305.0,543,1794795.0,TQBR
2020-01-21,3300.0,3500.0,3285.0,3390.0,689,2344660.0,TQBR
2020-01-22,3420.0,3420.0,3305.0,3405.0,358,1205120.0,TQBR
2020-01-23,3390.0,3445.0,3290.0,3340.0,373,1243725.0,TQBR
2020-01-24,3345.0,3375.0,3280.0,3350.0,301,1001355.0,TQBR
2020-01-27,3385.0,3540.0,3350.0,3500.0,2028,7074855.0,TQBR
2020-01-28,3405.0,3495.0,3375.0,3455.0,1355,4642315.0,TQBR
2020-01-29,3410.0,3460.0,3410.0,3440.0,458,1572230.0,TQBR
2020-01-30,3480.0,3535.0,3425.0,3465.0,760,2645555.0,TQBR
2020-01-31,3425.0,3505.0,3400.0,3505.0,1232,4282435.0,TQBR
2020-02-03,3490.0,3550.0,3470.0,3480.0,222,776345.0,TQBR
2020-02-04,3490.0,3510.0,3380.0,3420.0,252,862360.0,TQBR
2020-02-05,3450.0,3490.0,3420.0,3430.0,385,1326850.0,TQBR
2020-02-06,3450.0,3470.0,3430.0,3470.0,56,193760.0,TQBR
2020-02-07,3475.0,3485.0,3450.0,3485.0,269,933170.0,TQBR
2020-02-10,3485.0,3485.0,3425.0,3480.0,292,1009030.0,TQBR
2020-02-11,3465.0,3465.0,3420.0,3455.0,51,175580.0,TQBR
2020-02-12,3465.0,3465.0,3400.0,3430.0,250,852835.0,TQBR
2020-02-13,3420.0,3455.0,3415.0,3440.0,137,471100.0,TQBR
2020-02-14,3440.0,3460.0,3405.0,3455.0,160,550315.0,TQBR
2020-02-17,3490.0,3495.0,3440.0,3455.0,92,319335.0,TQBR
2020-02-18,3475.0,3520.0,3450.0,3520.0,600,2092165.0,TQBR
2020-02-19,3520.0,3535.0,3500.0,3510.0,300,1055350.0,TQBR
2020-02-20,3525.0,3555.0,3480.0,3545.0,642,2269035.0,TQBR
2020-02-21,3560.0,3760.0,3560.0,3740.0,1131,4197575.0,TQBR
2020-02-25,3780.0,3870.0,3350.0,3705.0,1648,6204115.0,TQBR
2020-02-26,3745.0,3745.0,3565.0,3565.0,393,1425940.0,TQBR
2020-02-27,3635.0,3755.0,3590.0,3755.0,943,3467940.0,TQBR
2020-02-28,3590.0,3680.0,3225.0,3300.0,1779,6031715.0,TQBR
2020-03-02,3420.0,3470.0,3260.0,3345.0,1140,3849020.0,TQBR
2020-03-03,3365.0,3400.0,3320.0,3390.0,177,593915.0,TQBR
2020-03-04,3390.0,3415.0,3355.0,3375.0,181,614835.0,TQBR
2020-03-05,3365.0,3400.0,3330.0,3380.0,96,322960.0,TQBR
2020-03-06,3400.0,3485.0,3305.0,3360.0,1068,3636370.0,TQBR
2020-03-10,3300.0,3500.0,2970.0,3205.0,1513,4892875.0,TQBR
2020-03-11,3300.0,3300.0,3155.0,3195.0,363,1164460.0,TQBR
2020-03-12,3270.0,3270.0,2720.0,2845.0,1139,3282010.0,TQBR
2020-03-13,2775.0,2840.0,2720.0,2780.0,490,1366795.0,TQBR
2020-03-16,2780.0,2780.0,2380.0,2550.0,1070,2752195.0,TQBR
2020-03-17,2450.0,2590.0,2450.0,2570.0,300,756770.0,TQBR
2020-03-18,2490.0,2800.0,2490.0,2725.0,666,1783765.0,TQBR
2020-03-19,2790.0,2900.0,2790.0,2875.0,460,1317345.0,TQBR
2020-03-20,2910.0,2990.0,2800.0,2915.0,586,1708655.0,TQBR
2020-03-23,2985.0,3155.0,2750.0,2950.0,975,2912390.0,TQBR
2020-03-24,2980.0,3150.0,2900.0,3080.0,831,2519160.0,TQBR
2020-03-25,3065.0,3240.0,3065.0,3195.0,545,1737835.0,TQBR
2020-03-26,3215.0,3290.0,3140.0,3255.0,553,1786780.0,TQBR
2020-03-27,3295.0,3500.0,3255.0,3310.0,1557,5304300.0,TQBR
2020-03-30,3385.0,3805.0,3385.0,3600.0,2450,8938795.0,TQBR
2020-03-31,3660.0,3785.0,3600.0,3715.0,1961,7271870.0,TQBR
2020-04-01,3710.0,3710.0,3450.0,3610.0,1288,4675705.0,TQBR
2020-04-02,3680.0,3690.0,3450.0,3520.0,1135,4004450.0,TQBR
2020-04-03,3535.0,3545.0,3395.0,3480.0,724,2500060.0,TQBR
2020-04-06,3495.0,3600.0,3430.0,3600.0,838,2973660.0,TQBR
2020-04-07,3600.0,3670.0,3540.0,3560.0,603,2158535.0,TQBR
2020-04-08,3565.0,3595.0,3520.0,3550.0,208,738470.0,TQBR
2020-04-09,3580.0,3600.0,3505.0,3590.0,600,2144065.0,TQBR
2020-04-10,3600.0,3650.0,3590.0,3600.0,359,1297300.0,TQBR
2020-04-13,3600.0,3685.0,3545.0,3660.0,518,1876300.0,TQBR
2020-04-14,3655.0,4040.0,3655.0,3800.0,2471,9483935.0,TQBR
2020-04-15,3855.0,4110.0,3750.0,3870.0,4053,15943860.0,TQBR
2020-04-16,3925.0,4150.0,3905.0,4020.0,1909,7675085.0,TQBR
2020-04-17,4045.0,4050.0,3840.0,3900.0,1005,3926550.0,TQBR
2020-04-20,3900.0,3925.0,3705.0,3855.0,720,2755400.0,TQBR
2020-04-21,3875.0,4040.0,3750.0,3900.0,1322,5125210.0,TQBR
2020-04-22,3900.0,3970.0,3845.0,3940.0,602,2367990.0,TQBR
2020-04-23,3950.0,3950.0,3855.0,3880.0,388,1508485.0,TQBR
2020-04-24,3920.0,3935.0,3855.0,3900.0,202,785790.0,TQBR
2020-04-27,3910.0,3915.0,3760.0,3825.0,500,1925695.0,TQBR
2020-04-28,3765.0,3825.0,3725.0,3780.0,674,2540185.0,TQBR
2020-04-29,3770.0,3800.0,3670.0,3690.0,698,2585765.0,TQBR
2020-04-30,3675.0,3790.0,3655.0,3720.0,383,1423800.0,TQBR
2020-05-04,3720.0,3850.0,3520.0,3720.0,1078,4009165.0,TQBR
2020-05-05,3725.0,3730.0,3685.0,3715.0,180,669335.0,TQBR
2020-05-06,3700.0,3740.0,3605.0,3680.0,168,619460.0,TQBR
2020-05-07,3710.0,3725.0,3680.0,3690.0,124,459565.0,TQBR
2020-05-08,3690.0,3725.0,3690.0,3690.0,137,507655.0,TQBR
2020-05-12,3730.0,3735.0,3695.0,3715.0,132,489790.0,TQBR
2020-05-13,3725.0,3780.0,3700.0,3710.0,120,446925.0,TQBR
2020-05-14,3750.0,3750.0,3580.0,3695.0,519,1891110.0,TQBR
2020-05-15,3745.0,3745.0,3670.0,3690.0,173,641460.0,TQBR
2020-05-18,3750.0,3755.0,3655.0,3670.0,494,1826680.0,TQBR
2020-05-19,3670.0,3720.0,3655.0,3715.0,626,2302910.0,TQBR
2020-05-20,3725.0,3730.0,3670.0,3700.0,577,2136085.0,TQBR
2020-05-21,3725.0,3770.0,3650.0,3685.0,557,2057575.0,TQBR
2020-05-22,3685.0,3740.0,3620.0,3680.0,276,1013180.0,TQBR
2020-05-25,3650.0,3730.0,3605.0,3705.0,591,2181155.0,TQBR
2020-05-26,3680.0,3770.0,3650.0,3675.0,626,2311620.0,TQBR
2020-05-27,3695.0,3695.0,3665.0,3685.0,382,1406615.0,TQBR
2020-05-28,3715.0,3750.0,3670.0,3695.0,562,2079590.0,TQBR
2020-05-29,3705.0,3705.0,3665.0,3695.0,166,611585.0,TQBR
2020-06-01,3705.0,3705.0,3670.0,3695.0,94,347015.0,TQBR
2020-06-02,3695.0,3735.0,3600.0,3695.0,767,2805515.0,TQBR
2020-06-03,3665.0,3685.0,3550.0,3640.0,1640,5935905.0,TQBR
2020-06-04,3605.0,3610.0,3565.0,3590.0,246,880925.0,TQBR
2020-06-05,3610.0,3610.0,3510.0,3545.0,279,989510.0,TQBR
2020-06-08,3590.0,3590.0,3510.0,3575.0,229,813190.0,TQBR
2020-06-09,3590.0,3690.0,3550.0,3680.0,346,1256970.0,TQBR
2020-06-10,3695.0,3695.0,3575.0,3625.0,262,948635.0,TQBR
2020-06-11,3645.0,3685.0,3585.0,3640.0,220,798980.0,TQBR
2020-06-15,3600.0,3630.0,3530.0,3590.0,320,1141580.0,TQBR
2020-06-16,3570.0,3590.0,3540.0,3590.0,314,1118015.0,TQBR
2020-06-17,3625.0,3625.0,3580.0,3620.0,197,709280.0,TQBR
2020-06-18,3625.0,3625.0,3535.0,3595.0,245,877400.0,TQBR
2020-06-19,3600.0,3645.0,3555.0,3630.0,267,957945.0,TQBR
2020-06-22,3630.0,3635.0,3565.0,3630.0,185,668070.0,TQBR
2020-06-23,3635.0,3635.0,3585.0,3625.0,317,1146345.0,TQBR
2020-06-25,3630.0,3635.0,3585.0,3630.0,176,636090.0,TQBR
2020-06-26,3630.0,3630.0,3590.0,3600.0,332,1195890.0,TQBR
2020-06-29,3635.0,3635.0,3600.0,3620.0,165,597000.0,TQBR
2020-06-30,3630.0,3650.0,3600.0,3645.0,377,1366655.0,TQBR
2020-07-02,3645.0,3670.0,3605.0,3645.0,166,603725.0,TQBR
2020-07-03,3675.0,3695.0,3610.0,3695.0,924,3388760.0,TQBR
2020-07-06,3710.0,3805.0,3625.0,3715.0,943,3489050.0,TQBR
2020-07-07,3690.0,3895.0,3690.0,3890.0,3264,12387690.0,TQBR
2020-07-08,3895.0,3945.0,3850.0,3920.0,1782,6943040.0,TQBR
2020-07-09,3950.0,4355.0,3865.0,4060.0,10264,41741055.0,TQBR
2020-07-10,3980.0,4420.0,3980.0,4165.0,5637,23977225.0,TQBR
2020-07-13,4155.0,4210.0,3890.0,3975.0,1745,7016870.0,TQBR
2020-07-14,4015.0,4015.0,3820.0,4005.0,1125,4416135.0,TQBR
2020-07-15,4055.0,4295.0,4045.0,4130.0,1808,7482270.0,TQBR
2020-07-16,4135.0,4245.0,4015.0,4070.0,961,3935265.0,TQBR
2020-07-17,4075.0,4105.0,4035.0,4090.0,352,1438205.0,TQBR
2020-07-20,4010.0,4155.0,4010.0,4100.0,534,2187640.0,TQBR
2020-07-21,4015.0,4150.0,4015.0,4070.0,413,1685905.0,TQBR
2020-07-22,4140.0,4155.0,4015.0,4085.0,392,1606720.0,TQBR
2020-07-23,4140.0,4160.0,4020.0,4100.0,1030,4255045.0,TQBR
2020-07-24,4120.0,4510.0,4120.0,4325.0,4097,17857770.0,TQBR
2020-07-27,4415.0,5900.0,4360.0,5790.0,24065,128612480.0,TQBR
2020-07-28,5780.0,6645.0,5530.0,5810.0,22808,138360370.0,TQBR
2020-07-29,6070.0,6195.0,5135.0,5535.0,3582,20291075.0,TQBR
2020-07-30,5660.0,5660.0,5215.0,5260.0,1724,9307350.0,TQBR
2020-07-31,5455.0,6100.0,5455.0,5775.0,6396,37407655.0,TQBR
2020-08-03,5900.0,6150.0,5520.0,5770.0,2733,16059690.0,TQBR
2020-08-04,5780.0,5855.0,5555.0,5700.0,1735,9841605.0,TQBR
2020-08-05,6100.0,6385.0,5800.0,5810.0,3188,18993870.0,TQBR
2020-08-06,5815.0,5940.0,5735.0,5820.0,1332,7770495.0,TQBR
2020-08-07,5900.0,5900.0,5600.0,5710.0,1776,10104385.0,TQBR
2020-08-10,5720.0,5720.0,5355.0,5565.0,1218,6779500.0,TQBR
2020-08-11,5420.0,5420.0,5020.0,5280.0,2142,11216290.0,TQBR
2020-08-12,5175.0,5545.0,5040.0,5380.0,1881,9996460.0,TQBR
2020-08-13,5250.0,5435.0,5250.0,5410.0,219,1180185.0,TQBR
2020-08-14,5355.0,5490.0,5350.0,5400.0,392,2133185.0,TQBR
2020-08-17,5945.0,7455.0,5455.0,5620.0,23463,141359380.0,TQBR
2020-08-18,5575.0,5575.0,4200.0,5295.0,12932,69283200.0,TQBR
2020-08-19,5260.0,5260.0,5050.0,5050.0,6508,33293180.0,TQBR
2020-08-20,5015.0,5100.0,4820.0,5000.0,2556,12628685.0,TQBR
2020-08-21,4960.0,5050.0,4860.0,4905.0,966,4742255.0,TQBR
2020-08-24,4810.0,4945.0,4735.0,4900.0,1290,6277455.0,TQBR
2020-08-25,4950.0,4950.0,4830.0,4830.0,540,2634240.0,TQBR
2020-08-26,4805.0,4875.0,4635.0,4840.0,3019,14364750.0,TQBR
2020-08-27,4800.0,4805.0,4700.0,4780.0,808,3849210.0,TQBR
2020-08-28,4850.0,4850.0,4700.0,4770.0,1329,6322560.0,TQBR
2020-08-31,4780.0,4875.0,4630.0,4635.0,1004,4754340.0,TQBR
2020-09-01,4670.0,4990.0,4610.0,4690.0,2621,12569440.0,TQBR
2020-09-02,4710.0,4715.0,4510.0,4600.0,1571,7186640.0,TQBR
2020-09-03,4645.0,4645.0,4500.0,4510.0,656,2981505.0,TQBR
2020-09-04,4520.0,4550.0,4470.0,4515.0,513,2313210.0,TQBR
2020-09-07,4605.0,4685.0,4480.0,4500.0,540,2460870.0,TQBR
2020-09-08,4500.0,4500.0,4365.0,4385.0,939,4144990.0,TQBR
2020-09-09,4360.0,4390.0,4305.0,4390.0,453,1968385.0,TQBR
2020-09-10,4390.0,4390.0,4340.0,4345.0,338,1475860.0,TQBR
2020-09-11,4390.0,4390.0,4325.0,4370.0,262,1144935.0,TQBR
2020-09-14,4400.0,4400.0,4290.0,4330.0,788,3422630.0,TQBR
2020-09-15,4350.0,4360.0,4150.0,4245.0,2724,11576435.0,TQBR
2020-09-16,4180.0,4325.0,4180.0,4300.0,945,4038985.0,TQBR
2020-09-17,4305.0,4400.0,4110.0,4175.0,3006,12698520.0,TQBR
2020-09-18,4175.0,4260.0,4150.0,4150.0,397,1657330.0,TQBR
2020-09-21,4135.0,4140.0,3960.0,3990.0,1272,5158140.0,TQBR
2020-09-22,3995.0,4150.0,3960.0,4025.0,1110,4476715.0,TQBR
2020-09-23,4025.0,4050.0,4000.0,4020.0,518,2082415.0,TQBR
2020-09-24,4000.0,4025.0,3925.0,3985.0,498,1983010.0,TQBR
2020-09-25,3920.0,4050.0,3920.0,3970.0,383,1525280.0,TQBR
2020-09-28,4000.0,4040.0,3965.0,3995.0,1392,5567065.0,TQBR
2020-09-29,3995.0,4090.0,3995.0,4045.0,536,2170890.0,TQBR
2020-09-30,4045.0,4045.0,3995.0,4005.0,442,1769675.0,TQBR
2020-10-01,4020.0,4055.0,3955.0,4005.0,452,1802400.0,TQBR
2020-10-02,4020.0,4020.0,3960.0,3975.0,268,1070815.0,TQBR
2020-10-05,3970.0,4060.0,3925.0,3975.0,725,2887755.0,TQBR
2020-10-06,3980.0,4000.0,3920.0,3965.0,632,2504245.0,TQBR
2020-10-07,3965.0,3970.0,3930.0,3940.0,448,1771350.0,TQBR
2020-10-08,3920.0,3945.0,3865.0,3865.0,786,3054195.0,TQBR
2020-10-09,3855.0,3870.0,3785.0,3830.0,1136,4338715.0,TQBR
2020-10-12,3835.0,3885.0,3795.0,3820.0,493,1893635.0,TQBR
2020-10-13,3820.0,5105.0,3805.0,4600.0,26553,120930245.0,TQBR
2020-10-14,4575.0,4575.0,4025.0,4155.0,6816,28960090.0,TQBR
2020-10-15,4160.0,4240.0,3975.0,4045.0,2734,11165355.0,TQBR
2020-10-16,4130.0,4245.0,4070.0,4085.0,2267,9418740.0,TQBR
2020-10-19,4125.0,4130.0,3900.0,3945.0,2396,9570555.0,TQBR
2020-10-20,3950.0,4285.0,3900.0,3925.0,4183,16860240.0,TQBR
2020-10-21,3970.0,4130.0,3945.0,4005.0,2948,11952675.0,TQBR
2020-10-22,4065.0,4085.0,3950.0,3980.0,1121,4479165.0,TQBR
2020-10-23,3950.0,4035.0,3950.0,3990.0,435,1743395.0,TQBR
2020-10-26,3985.0,4045.0,3970.0,3975.0,524,2098465.0,TQBR
2020-10-27,4040.0,4040.0,3965.0,4005.0,474,1896695.0,TQBR
2020-10-28,4000.0,4050.0,3980.0,3985.0,1718,6897720.0,TQBR
2020-10-29,4020.0,4030.0,3975.0,3995.0,208,830110.0,TQBR
2020-10-30,4010.0,4015.0,3970.0,3975.0,561,2242140.0,TQBR
2020-11-02,3975.0,4150.0,3955.0,4135.0,1551,6308500.0,TQBR
2020-11-03,4135.0,4185.0,4050.0,4085.0,846,3456465.0,TQBR
2020-11-05,4180.0,4180.0,4035.0,4100.0,1666,6842255.0,TQBR
2020-11-06,4120.0,4175.0,4080.0,4135.0,1174,4849110.0,TQBR
2020-11-09,4185.0,4185.0,4010.0,4090.0,1800,7399265.0,TQBR
2020-11-10,4040.0,4115.0,4040.0,4080.0,721,2943535.0,TQBR
2020-11-11,4065.0,4125.0,4060.0,4080.0,962,3940495.0,TQBR
2020-11-12,4085.0,4100.0,4060.0,4075.0,487,1992045.0,TQBR
2020-11-13,4120.0,4120.0,4065.0,4090.0,1048,4284780.0,TQBR
2020-11-16,4095.0,4155.0,4070.0,4080.0,708,2907790.0,TQBR
2020-11-17,4160.0,4160.0,4075.0,4080.0,438,1791285.0,TQBR
2020-11-18,4085.0,4105.0,4060.0,4060.0,1075,4379140.0,TQBR
2020-11-19,4065.0,4085.0,4020.0,4040.0,441,1785375.0,TQBR
2020-11-20,4045.0,4050.0,4010.0,4035.0,414,1667345.0,TQBR
2020-11-23,4035.0,4035.0,3950.0,3980.0,891,3565220.0,TQBR
2020-11-24,3980.0,4020.0,3980.0,3985.0,573,2288320.0,TQBR
2020-11-25,3940.0,4010.0,3940.0,3960.0,686,2727800.0,TQBR
2020-11-26,4000.0,4010.0,3970.0,3995.0,596,2379845.0,TQBR
2020-11-27,3985.0,4025.0,3975.0,3990.0,329,1314825.0,TQBR
2020-11-30,3990.0,4000.0,3975.0,3985.0,286,1141855.0,TQBR
2020-12-01,4010.0,4020.0,3980.0,3985.0,482,1925940.0,TQBR
2020-12-02,4010.0,4010.0,3960.0,3975.0,403,1603615.0,TQBR
2020-12-03,3975.0,4000.0,3960.0,3980.0,287,1144120.0,TQBR
2020-12-04,4000.0,4000.0,3955.0,3985.0,585,2324395.0,TQBR
2020-12-07,3995.0,3995.0,3955.0,3995.0,428,1697690.0,TQBR
2020-12-08,3995.0,4005.0,3960.0,3960.0,453,1802695.0,TQBR
2020-12-09,3985.0,3985.0,3960.0,3965.0,470,1865515.0,TQBR
2020-12-10,3955.0,3980.0,3940.0,3950.0,292,1155745.0,TQBR
2020-12-11,3985.0,3995.0,3825.0,3925.0,556,2186355.0,TQBR
2020-12-14,3930.0,3980.0,3925.0,3940.0,350,1380395.0,TQBR
2020-12-15,3970.0,3970.0,3930.0,3950.0,190,750690.0,TQBR
2020-12-16,3970.0,3980.0,3945.0,3960.0,195,772060.0,TQBR
2020-12-17,3950.0,3985.0,3945.0,3985.0,538,2135080.0,TQBR
2020-12-18,3990.0,3990.0,3945.0,3960.0,346,1370160.0,TQBR
2020-12-21,3945.0,4015.0,3915.0,3940.0,1123,4465260.0,TQBR
2020-12-22,3950.0,3990.0,3925.0,3930.0,366,1442790.0,TQBR
2020-12-23,3995.0,3995.0,3930.0,3950.0,250,989185.0,TQBR
2020-12-24,3935.0,3970.0,3925.0,3950.0,344,1357265.0,TQBR
2020-12-25,3920.0,3990.0,3920.0,3940.0,747,2952875.0,TQBR
2020-12-28,3960.0,4005.0,3890.0,3915.0,952,3735540.0,TQBR
2020-12-29,3905.0,3935.0,3885.0,3930.0,439,1712380.0,TQBR
2020-12-30,3895.0,3965.0,3885.0,3955.0,546,2147550.0,TQBR
2021-01-04,3955.0,4095.0,3940.0,4065.0,1128,4547625.0,TQBR
2021-01-05,4080.0,4145.0,4015.0,4075.0,744,3035365.0,TQBR
2021-01-06,4015.0,4095.0,4005.0,4055.0,699,2842620.0,TQBR
2021-01-08,4055.0,4110.0,4005.0,4035.0,758,3067480.0,TQBR
2021-01-11,4020.0,4190.0,4020.0,4080.0,784,3216780.0,TQBR
2021-01-12,4105.0,4110.0,4040.0,4055.0,567,2314195.0,TQBR
2021-01-13,4075.0,4110.0,4055.0,4060.0,463,1890935.0,TQBR
2021-01-14,4110.0,4110.0,4065.0,4075.0,343,1398075.0,TQBR
2021-01-15,4090.0,4110.0,3995.0,4020.0,681,2751555.0,TQBR
2021-01-18,4000.0,4075.0,3985.0,4045.0,485,1962600.0,TQBR
2021-01-19,4100.0,4100.0,4005.0,4060.0,414,1682715.0,TQBR
2021-01-20,4100.0,4100.0,4035.0,4045.0,250,1016300.0,TQBR
2021-01-21,4095.0,4110.0,4020.0,4110.0,1152,4709500.0,TQBR
2021-01-22,4060.0,4185.0,3975.0,4040.0,998,4087805.0,TQBR
2021-01-25,4020.0,4125.0,4005.0,4100.0,857,3492505.0,TQBR
2021-01-26,4135.0,4135.0,4040.0,4070.0,195,793385.0,TQBR
2021-01-27,4055.0,4110.0,4050.0,4055.0,340,1385160.0,TQBR
2021-01-28,4100.0,4100.0,4025.0,4050.0,515,2083460.0,TQBR
2021-01-29,4085.0,4095.0,4005.0,4030.0,374,1509130.0,TQBR
2021-02-01,4035.0,4990.0,4010.0,4285.0,13312,59365595.0,TQBR
2021-02-02,4285.0,4440.0,4110.0,4165.0,2450,10302300.0,TQBR
2021-02-03,4155.0,4200.0,4080.0,4105.0,1195,4937540.0,TQBR
2021-02-04,4080.0,4160.0,4075.0,4105.0,564,2327060.0,TQBR
2021-02-05,4100.0,4295.0,4090.0,4175.0,1399,5843975.0,TQBR
2021-02-08,4140.0,4270.0,4130.0,4145.0,918,3850595.0,TQBR
2021-02-09,4215.0,4240.0,4125.0,4130.0,512,2126645.0,TQBR
2021-02-10,4120.0,4155.0,4110.0,4115.0,258,1063240.0,TQBR
2021-02-11,4110.0,4140.0,4105.0,4110.0,347,1427705.0,TQBR
2021-02-12,4105.0,4135.0,4055.0,4080.0,411,1685405.0,TQBR
2021-02-15,4065.0,4130.0,4065.0,4100.0,254,1041705.0,TQBR
2021-02-16,4115.0,4140.0,4080.0,4100.0,588,2416505.0,TQBR
2021-02-17,4125.0,4130.0,4060.0,4085.0,414,1691220.0,TQBR
2021-02-18,4105.0,4105.0,4060.0,4075.0,643,2617085.0,TQBR
2021-02-19,4090.0,4100.0,4050.0,4065.0,225,915610.0,TQBR
2021-02-20,4055.0,4140.0,4055.0,4080.0,274,1120810.0,TQBR
2021-02-22,4060.0,4175.0,4010.0,4170.0,748,3074000.0,TQBR
2021-02-24,4120.0,4170.0,4050.0,4080.0,479,1962730.0,TQBR
2021-02-25,4135.0,4135.0,4055.0,4085.0,618,2522515.0,TQBR
2021-02-26,4065.0,4095.0,4045.0,4080.0,387,1573400.0,TQBR
2021-03-01,4055.0,4090.0,4035.0,4070.0,214,868850.0,TQBR
2021-03-02,4075.0,4075.0,4045.0,4050.0,195,791155.0,TQBR
2021-03-03,4040.0,4080.0,4035.0,4045.0,286,1159680.0,TQBR
2021-03-04,4070.0,4070.0,4025.0,4055.0,261,1055475.0,TQBR
2021-03-05,4035.0,4070.0,4020.0,4025.0,349,1408845.0,TQBR
2021-03-09,4025.0,4130.0,4025.0,4065.0,517,2108080.0,TQBR
2021-03-10,4065.0,4100.0,4065.0,4070.0,278,1134720.0,TQBR
2021-03-11,4060.0,4100.0,4060.0,4090.0,167,682130.0,TQBR
2021-03-12,4090.0,4110.0,4070.0,4095.0,195,796825.0,TQBR
2021-03-15,4105.0,4145.0,4095.0,4135.0,282,1161840.0,TQBR
2021-03-16,4140.0,4175.0,4085.0,4095.0,433,1785920.0,TQBR
2021-03-17,4120.0,4120.0,4060.0,4065.0,241,982125.0,TQBR
2021-03-18,4095.0,4115.0,4065.0,4090.0,119,486920.0,TQBR
2021-03-19,4100.0,4145.0,4070.0,4110.0,307,1260790.0,TQBR
2021-03-22,4110.0,4125.0,4085.0,4100.0,162,664855.0,TQBR
2021-03-23,4075.0,4220.0,4075.0,4150.0,1224,5084780.0,TQBR
2021-03-24,4200.0,4275.0,4075.0,4180.0,2619,10962370.0,TQBR
2021-03-25,4240.0,4400.0,4140.0,4205.0,3659,15589275.0,TQBR
2021-03-26,4280.0,4295.0,4200.0,4210.0,441,1861670.0,TQBR
2021-03-29,4255.0,4300.0,4230.0,4260.0,443,1891775.0,TQBR
2021-03-30,4285.0,4285.0,4200.0,4200.0,776,3269450.0,TQBR
2021-03-31,4275.0,4275.0,4200.0,4220.0,343,1448530.0,TQBR
2021-04-01,4245.0,4255.0,4205.0,4235.0,283,1198320.0,TQBR
2021-04-02,4210.0,4250.0,4180.0,4230.0,631,2654470.0,TQBR
2021-04-05,4210.0,4240.0,4155.0,4200.0,398,1665340.0,TQBR
2021-04-06,4270.0,4270.0,4170.0,4200.0,687,2895740.0,TQBR
2021-04-07,4225.0,4320.0,4200.0,4315.0,842,3602430.0,TQBR
2021-04-08,4325.0,4345.0,4260.0,4295.0,655,2814090.0,TQBR
2021-04-09,4300.0,4390.0,4230.0,4320.0,783,3386410.0,TQBR
2021-04-12,4225.0,4375.0,4225.0,4305.0,396,1700340.0,TQBR
2021-04-13,4250.0,4355.0,4250.0,4325.0,316,1364710.0,TQBR
2021-04-14,4300.0,4350.0,4270.0,4270.0,330,1421245.0,TQBR
2021-04-15,4380.0,4380.0,4260.0,4325.0,378,1628930.0,TQBR
2021-04-16,4385.0,4385.0,4300.0,4310.0,595,2574270.0,TQBR
2021-04-19,4310.0,4400.0,4310.0,4365.0,657,2867820.0,TQBR
2021-04-20,4365.0,4435.0,4310.0,4335.0,635,2775325.0,TQBR
2021-04-21,4370.0,4395.0,4320.0,4375.0,400,1743395.0,TQBR
2021-04-22,4420.0,4440.0,4340.0,4375.0,322,1409955.0,TQBR
2021-04-23,4450.0,4450.0,4310.0,4320.0,391,1709685.0,TQBR
2021-04-26,4415.0,4435.0,4335.0,4390.0,651,2837255.0,TQBR
2021-04-27,4370.0,4425.0,4345.0,4350.0,209,911660.0,TQBR
2021-04-28,4315.0,4370.0,4300.0,4315.0,187,809910.0,TQBR
2021-04-29,4350.0,4355.0,4295.0,4340.0,327,1414970.0,TQBR
2021-04-30,4300.0,4350.0,4290.0,4330.0,153,662285.0,TQBR
2021-05-04,4290.0,4360.0,4290.0,4330.0,294,1274820.0,TQBR
2021-05-05,4330.0,4375.0,4315.0,4360.0,129,559270.0,TQBR
2021-05-06,4370.0,4400.0,4340.0,4380.0,261,1140135.0,TQBR
2021-05-07,4345.0,4485.0,4345.0,4380.0,866,3836550.0,TQBR
2021-05-10,4310.0,4570.0,4305.0,4430.0,745,3323560.0,TQBR
2021-05-11,4500.0,4500.0,4355.0,4360.0,300,1320540.0,TQBR
2021-05-12,4445.0,4445.0,4350.0,4350.0,451,1971340.0,TQBR
2021-05-13,4345.0,4395.0,4325.0,4355.0,186,811690.0,TQBR
2021-05-14,4300.0,4415.0,4300.0,4405.0,316,1383065.0,TQBR
2021-05-17,4415.0,4485.0,4410.0,4440.0,335,1486290.0,TQBR
2021-05-18,4485.0,4495.0,4440.0,4470.0,416,1858425.0,TQBR
2021-05-19,4495.0,4495.0,4385.0,4425.0,439,1949815.0,TQBR
2021-05-20,4480.0,4480.0,4395.0,4415.0,224,993390.0,TQBR
2021-05-21,4445.0,4485.0,4405.0,4415.0,343,1523170.0,TQBR
2021-05-24,4400.0,4675.0,4355.0,4625.0,1182,5398410.0,TQBR
2021-05-25,4600.0,4700.0,4445.0,4460.0,911,4138845.0,TQBR
2021-05-26,4535.0,4550.0,4455.0,4550.0,392,1766550.0,TQBR
2021-05-27,4470.0,4545.0,4470.0,4500.0,227,1022945.0,TQBR
2021-05-28,4450.0,4540.0,4450.0,4500.0,216,971045.0,TQBR
2021-05-31,4385.0,4585.0,4385.0,4545.0,557,2527245.0,TQBR
2021-06-01,4555.0,4600.0,4475.0,4525.0,614,2778030.0,TQBR
2021-06-02,4510.0,4550.0,4480.0,4480.0,342,1545165.0,TQBR
2021-06-03,4500.0,4590.0,4500.0,4565.0,716,3252005.0,TQBR
2021-06-04,4640.0,6385.0,4515.0,6385.0,67008,406695500.0,TQBR
2021-06-07,7020.0,7650.0,6895.0,7200.0,131868,957187325.0,TQBR
2021-06-08,7205.0,7550.0,6995.0,7075.0,55661,407841380.0,TQBR
2021-06-09,7050.0,7190.0,6150.0,6650.0,32612,213322230.0,TQBR
2021-06-10,6640.0,6940.0,6350.0,6860.0,13376,90656595.0,TQBR
2021-06-11,6990.0,7090.0,6610.0,6955.0,9853,68435155.0,TQBR
2021-06-14,6850.0,7205.0,6800.0,7095.0,9536,67355440.0,TQBR
2021-06-15,7095.0,7190.0,6960.0,7000.0,10390,73890720.0,TQBR
2021-06-16,6980.0,7080.0,6975.0,7015.0,3624,25424720.0,TQBR
2021-06-17,7015.0,7015.0,6705.0,6890.0,5351,37067550.0,TQBR
2021-06-18,6945.0,7000.0,6800.0,6850.0,4668,32188855.0,TQBR
2021-06-21,6850.0,6970.0,6760.0,6785.0,6257,42937385.0,TQBR
2021-06-22,6835.0,6885.0,6660.0,6695.0,5715,38572275.0,TQBR
2021-06-23,6690.0,6760.0,6580.0,6585.0,5494,36496360.0,TQBR
2021-06-24,6630.0,6635.0,6000.0,6200.0,16489,103385350.0,TQBR
2021-06-25,6200.0,6635.0,6170.0,6305.0,9341,59623855.0,TQBR
2021-06-28,6320.0,6500.0,6170.0,6300.0,9888,62313145.0,TQBR
2021-06-29,6320.0,6370.0,6275.0,6300.0,3995,25175385.0,TQBR
2021-06-30,6300.0,6595.0,6210.0,6300.0,12129,77233290.0,TQBR
2021-07-01,6350.0,6445.0,6285.0,6350.0,7035,44472300.0,TQBR
2021-07-02,6400.0,6615.0,6285.0,6300.0,25822,164732510.0,TQBR
2021-07-05,6305.0,6495.0,6300.0,6450.0,19113,122457485.0,TQBR
2021-07-06,6450.0,6500.0,6210.0,6270.0,29916,189097045.0,TQBR
2021-07-07,6275.0,6330.0,6000.0,6100.0,19881,122912355.0,TQBR
2021-07-08,6150.0,6240.0,6025.0,6095.0,18672,114316045.0,TQBR
2021-07-09,6110.0,6235.0,6000.0,6020.0,31819,193374900.0,TQBR
2021-07-12,5420.0,5420.0,1805.0,2845.0,115738,319768640.0,TQBR
2021-07-13,2840.0,2845.0,2170.0,2290.0,80579,194704630.0,TQBR
2021-07-14,2290.0,2290.0,2170.0,2185.0,27057,59755590.0,TQBR
2021-07-15,2185.0,2580.0,2080.0,2475.0,91448,220891905.0,TQBR
2021-07-16,2475.0,2785.0,2475.0,2740.0,60347,163492215.0,TQBR
2021-07-19,2810.0,3830.0,2765.0,3830.0,253600,863462760.0,TQBR
2021-07-20,3980.0,4385.0,2920.0,3310.0,169844,588935600.0,TQBR
2021-07-21,3350.0,3540.0,3015.0,3110.0,49390,157685950.0,TQBR
2021-07-22,3160.0,3160.0,2850.0,2870.0,31670,92656490.0,TQBR
2021-07-23,2870.0,3195.0,2760.0,3025.0,52206,159375810.0,TQBR
2021-07-26,3025.0,3230.0,2985.0,3090.0,26528,82063215.0,TQBR
2021-07-27,3090.0,3150.0,3010.0,3010.0,11093,33791430.0,TQBR
2021-07-28,3075.0,3075.0,2880.0,2990.0,14677,43560880.0,TQBR
2021-07-29,3005.0,3040.0,2920.0,2960.0,5655,16770785.0,TQBR
2021-07-30,2960.0,3005.0,2905.0,2925.0,7790,22909475.0,TQBR
2021-08-02,2900.0,2945.0,2675.0,2780.0,24316,67528835.0,TQBR
2021-08-03,2800.0,2800.0,2650.0,2680.0,14080,38073090.0,TQBR
2021-08-04,2680.0,2845.0,2580.0,2755.0,21253,58797910.0,TQBR
2021-08-05,2755.0,2780.0,2660.0,2745.0,6194,16879640.0,TQBR
2021-08-06,2775.0,2775.0,2700.0,2710.0,6520,17698625.0,TQBR
2021-08-09,2715.0,2720.0,2600.0,2635.0,10584,27987160.0,TQBR
2021-08-10,2645.0,2690.0,2600.0,2630.0,5061,13360225.0,TQBR
2021-08-11,2640.0,2665.0,2600.0,2620.0,4759,12506870.0,TQBR
2021-08-12,2620.0,2635.0,2500.0,2520.0,11324,28740945.0,TQBR
2021-08-13,2520.0,2535.0,2290.0,2440.0,24214,57681130.0,TQBR
2021-08-16,2435.0,2435.0,2300.0,2355.0,15569,36461695.0,TQBR
2021-08-17,2380.0,2380.0,2300.0,2335.0,7799,18194090.0,TQBR
2021-08-18,2335.0,2885.0,2315.0,2565.0,57715,149738430.0,TQBR
2021-08-19,2620.0,2680.0,2335.0,2420.0,20598,50359780.0,TQBR
2021-08-20,2460.0,2520.0,2365.0,2465.0,9321,22993670.0,TQBR
2021-08-23,2475.0,2500.0,2445.0,2480.0,3996,9905785.0,TQBR
2021-08-24,2495.0,2500.0,2445.0,2470.0,2650,6562650.0,TQBR
2021-08-25,2475.0,2490.0,2405.0,2445.0,5911,14431950.0,TQBR
2021-08-26,2420.0,2480.0,2420.0,2440.0,4204,10306900.0,TQBR
2021-08-27,2460.0,2460.0,2405.0,2435.0,3652,8884685.0,TQBR
2021-08-30,2445.0,2445.0,2405.0,2410.0,5978,14461505.0,TQBR
2021-08-31,2410.0,2425.0,2405.0,2410.0,4848,11713760.0,TQBR
2021-09-01,2420.0,2450.0,2400.0,2425.0,4865,11844145.0,TQBR
2021-09-02,2445.0,2450.0,2390.0,2410.0,4622,11156145.0,TQBR
2021-09-03,2425.0,2430.0,2390.0,2400.0,4040,9715275.0,TQBR
2021-09-06,2400.0,2575.0,2400.0,2435.0,13246,32772130.0,TQBR
2021-09-07,2435.0,2460.0,2400.0,2440.0,4135,9983690.0,TQBR
2021-09-08,2440.0,2445.0,2400.0,2405.0,3459,8334895.0,TQBR
2021-09-09,2410.0,2410.0,2355.0,2380.0,4485,10693085.0,TQBR
2021-09-10,2395.0,2395.0,2310.0,2360.0,4881,11482960.0,TQBR
2021-09-13,2370.0,2370.0,2295.0,2310.0,5777,13378170.0,TQBR
2021-09-14,2325.0,2325.0,2250.0,2255.0,4769,10850365.0,TQBR
2021-09-15,2260.0,2265.0,2210.0,2225.0,4642,10337535.0,TQBR
2021-09-16,2225.0,2300.0,2205.0,2230.0,6054,13618110.0,TQBR
2021-09-17,2280.0,2290.0,2210.0,2250.0,3513,7929665.0,TQBR
2021-09-20,2240.0,2275.0,2210.0,2225.0,2755,6147905.0,TQBR
2021-09-21,2225.0,2240.0,2200.0,2205.0,2743,6064780.0,TQBR
2021-09-22,2210.0,2220.0,2180.0,2195.0,3614,7960700.0,TQBR
2021-09-23,2195.0,2200.0,2140.0,2155.0,6793,14633110.0,TQBR
2021-09-24,2155.0,2155.0,2035.0,2095.0,11462,23830905.0,TQBR
2021-09-27,2080.0,2125.0,2005.0,2015.0,6138,12525135.0,TQBR
2021-09-28,2015.0,2015.0,1915.0,1935.0,7388,14425520.0,TQBR
2021-09-29,1855.0,2400.0,1855.0,2285.0,76204,171691355.0,TQBR
2021-09-30,2295.0,2450.0,2155.0,2215.0,33077,76166250.0,TQBR
2021-10-01,2240.0,2300.0,2175.0,2220.0,10673,23851435.0,TQBR
2021-10-04,2245.0,2275.0,2150.0,2155.0,5327,11789950.0,TQBR
2021-10-05,2165.0,2165.0,2050.0,2140.0,3818,8084110.0,TQBR
2021-10-06,2060.0,2200.0,2060.0,2125.0,2582,5484575.0,TQBR
2021-10-07,2140.0,2175.0,2105.0,2135.0,2107,4499375.0,TQBR
2021-10-08,2155.0,2200.0,2110.0,2180.0,3219,6973495.0,TQBR
2021-10-11,2175.0,2255.0,2155.0,2210.0,4311,9499040.0,TQBR
2021-10-12,2200.0,2210.0,2180.0,2195.0,4217,9270695.0,TQBR
2021-10-13,2200.0,2275.0,2195.0,2220.0,7221,16050895.0,TQBR
2021-10-14,2220.0,2245.0,2205.0,2215.0,3737,8317085.0,TQBR
2021-10-15,2210.0,2225.0,2200.0,2205.0,1612,3564320.0,TQBR
2021-10-18,2205.0,2230.0,2200.0,2215.0,1427,3153115.0,TQBR
2021-10-19,2215.0,2225.0,2200.0,2215.0,2421,5344240.0,TQBR
2021-10-20,2215.0,2225.0,2200.0,2205.0,2196,4850165.0,TQBR
2021-10-21,2215.0,2220.0,2180.0,2180.0,2828,6235895.0,TQBR
2021-10-22,2205.0,2205.0,2125.0,2165.0,2382,5151230.0,TQBR
2021-10-25,2170.0,2170.0,2125.0,2140.0,1545,3306695.0,TQBR
2021-10-26,2140.0,2175.0,2105.0,2125.0,1719,3661010.0,TQBR
2021-10-27,2125.0,2150.0,2070.0,2115.0,1352,2857110.0,TQBR
2021-10-28,2130.0,2150.0,2105.0,2120.0,2542,5389270.0,TQBR
2021-10-29,2155.0,2175.0,2100.0,2120.0,2612,5576185.0,TQBR
2021-11-01,2120.0,2150.0,2105.0,2115.0,1257,2661975.0,TQBR
2021-11-02,2120.0,2125.0,2110.0,2115.0,1441,3048450.0,TQBR
2021-11-03,2125.0,2125.0,2100.0,2115.0,1647,3468785.0,TQBR
2021-11-05,2115.0,2125.0,2105.0,2105.0,1396,2950310.0,TQBR
2021-11-08,2105.0,2130.0,2100.0,2105.0,2017,4259250.0,TQBR
2021-11-09,2115.0,2120.0,2095.0,2105.0,2308,4860305.0,TQBR
2021-11-10,2100.0,2115.0,2080.0,2095.0,2677,5610265.0,TQBR
2021-11-11,2100.0,2200.0,2080.0,2160.0,7588,16269935.0,TQBR
2021-11-12,2160.0,2190.0,2085.0,2130.0,3058,6491635.0,TQBR
2021-11-15,2140.0,2140.0,2095.0,2105.0,1525,3220280.0,TQBR
2021-11-16,2120.0,2160.0,2095.0,2095.0,4073,8607820.0,TQBR
2021-11-17,2095.0,2115.0,2095.0,2105.0,1645,3458015.0,TQBR
2021-11-18,2095.0,2115.0,2080.0,2095.0,4233,8874725.0,TQBR
2021-11-19,2080.0,2105.0,2070.0,2070.0,1270,2646045.0,TQBR
2021-11-22,2105.0,2105.0,1980.0,1990.0,2919,5894250.0,TQBR
2021-11-23,1985.0,2050.0,1900.0,1975.0,2414,4724925.0,TQBR
2021-11-24,1990.0,2085.0,1975.0,2040.0,3784,7755065.0,TQBR
2021-11-25,2075.0,2090.0,1995.0,2060.0,1692,3510970.0,TQBR
2021-11-26,2035.0,2085.0,1960.0,1990.0,2028,4073015.0,TQBR
2021-11-29,1990.0,1990.0,1890.0,1935.0,5384,10348625.0,TQBR
2021-11-30,1930.0,2035.0,1910.0,1950.0,2367,4632645.0,TQBR
2021-12-01,1970.0,2020.0,1930.0,1970.0,1468,2880610.0,TQBR
2021-12-02,1975.0,1995.0,1925.0,1935.0,1334,2593165.0,TQBR
2021-12-03,1940.0,1955.0,1925.0,1935.0,1604,3111490.0,TQBR
2021-12-06,1935.0,1940.0,1880.0,1900.0,2559,4863650.0,TQBR
2021-12-07,1900.0,1915.0,1845.0,1865.0,3947,7357825.0,TQBR
2021-12-08,1900.0,1900.0,1815.0,1850.0,2331,4339125.0,TQBR
2021-12-09,1855.0,1870.0,1800.0,1825.0,2380,4339155.0,TQBR
2021-12-10,1825.0,1840.0,1800.0,1800.0,1227,2220260.0,TQBR
2021-12-13,1800.0,1835.0,1695.0,1700.0,3630,6347950.0,TQBR
2021-12-14,1700.0,1720.0,1605.0,1640.0,3910,6432660.0,TQBR
2021-12-15,1640.0,2000.0,1640.0,1710.0,12051,21964895.0,TQBR
2021-12-16,1745.0,1920.0,1715.0,1745.0,5042,9037095.0,TQBR
2021-12-17,1750.0,1830.0,1705.0,1730.0,2691,4696455.0,TQBR
2021-12-20,1745.0,1800.0,1705.0,1715.0,2316,4008870.0,TQBR
2021-12-21,1735.0,1735.0,1695.0,1695.0,953,1630115.0,TQBR
2021-12-22,1725.0,1725.0,1690.0,1700.0,1211,2053370.0,TQBR
2021-12-23,1695.0,1715.0,1690.0,1690.0,1183,2006335.0,TQBR
2021-12-24,1700.0,1700.0,1670.0,1675.0,1030,1733730.0,TQBR
2021-12-27,1660.0,1710.0,1660.0,1670.0,1806,3043260.0,TQBR
2021-12-28,1670.0,1690.0,1645.0,1650.0,2435,4020220.0,TQBR
2021-12-29,1685.0,1710.0,1645.0,1650.0,1122,1856025.0,TQBR
2021-12-30,1670.0,1670.0,1600.0,1640.0,1759,2864820.0,TQBR
2022-01-03,1640.0,1685.0,1635.0,1665.0,2224,3692815.0,TQBR
2022-01-04,1655.0,1950.0,1645.0,1770.0,17093,31107265.0,TQBR
2022-01-05,1820.0,1910.0,1770.0,1820.0,14498,26886245.0,TQBR
2022-01-06,1855.0,1880.0,1720.0,1775.0,3544,6472490.0,TQBR
2022-01-10,1885.0,1885.0,1760.0,1820.0,2556,4629515.0,TQBR
2022-01-11,1830.0,1830.0,1790.0,1800.0,1374,2479620.0,TQBR
2022-01-12,1810.0,1820.0,1770.0,1790.0,1062,1901075.0,TQBR
2022-01-13,1780.0,1815.0,1725.0,1735.0,1935,3439770.0,TQBR
2022-01-14,1740.0,1795.0,1705.0,1730.0,2111,3702400.0,TQBR
2022-01-17,1780.0,1790.0,1715.0,1745.0,1543,2691170.0,TQBR
2022-01-18,1775.0,1790.0,1660.0,1665.0,1319,2248380.0,TQBR
2022-01-19,1650.0,1740.0,1645.0,1700.0,3287,5584465.0,TQBR
2022-01-20,1685.0,1745.0,1675.0,1705.0,1054,1795060.0,TQBR
2022-01-21,1705.0,1735.0,1690.0,1690.0,1464,2495735.0,TQBR
2022-01-24,1725.0,1775.0,1645.0,1665.0,2059,3444630.0,TQBR
2022-01-25,1715.0,1715.0,1645.0,1660.0,1132,1882585.0,TQBR
2022-01-26,1660.0,1820.0,1650.0,1725.0,5621,9735040.0,TQBR
2022-01-27,1690.0,1760.0,1660.0,1705.0,1233,2121390.0,TQBR
2022-01-28,1730.0,1735.0,1675.0,1695.0,1664,2822395.0,TQBR
2022-01-31,1775.0,1775.0,1660.0,1695.0,2520,4261400.0,TQBR
2022-02-01,1695.0,1715.0,1670.0,1700.0,1764,2975400.0,TQBR
2022-02-02,1700.0,1720.0,1680.0,1685.0,729,1234965.0,TQBR
2022-02-03,1685.0,1700.0,1680.0,1680.0,719,1212020.0,TQBR
2022-02-04,1700.0,1755.0,1685.0,1730.0,2571,4438930.0,TQBR
2022-02-07,1730.0,1765.0,1700.0,1735.0,1164,1995375.0,TQBR
2022-02-08,1735.0,1745.0,1710.0,1725.0,751,1296840.0,TQBR
2022-02-09,1720.0,1740.0,1700.0,1710.0,1919,3292290.0,TQBR
2022-02-10,1735.0,1775.0,1705.0,1755.0,2850,4945415.0,TQBR
2022-02-11,1765.0,1810.0,1700.0,1720.0,2184,3761245.0,TQBR
2022-02-14,1705.0,1780.0,1705.0,1750.0,2642,4581020.0,TQBR
2022-02-15,1755.0,1830.0,1755.0,1795.0,3014,5415720.0,TQBR
2022-02-16,1765.0,1820.0,1755.0,1800.0,1325,2360340.0,TQBR
2022-02-17,1800.0,1925.0,1780.0,1860.0,5318,9877445.0,TQBR
2022-02-18,1900.0,1910.0,1830.0,1855.0,2483,4629620.0,TQBR
2022-02-21,1815.0,1845.0,1570.0,1585.0,9386,15821370.0,TQBR
2022-02-22,1620.0,1685.0,1400.0,1650.0,4931,7664965.0,TQBR
2022-02-24,1620.0,1620.0,1065.0,1225.0,16161,19039310.0,TQBR
2022-02-25,1320.0,1590.0,1200.0,1365.0,5465,7473340.0,TQBR
2022-03-28,1470.0,1740.0,1400.0,1510.0,11902,17725340.0,TQBR
2022-03-29,1500.0,1650.0,1450.0,1560.0,5120,8264760.0,TQBR
2022-03-30,1675.0,1675.0,1565.0,1610.0,3508,5674740.0,TQBR
2022-03-31,1675.0,1700.0,1565.0,1640.0,8326,13552305.0,TQBR
2022-04-01,1675.0,2310.0,1645.0,2100.0,51040,105509320.0,TQBR
2022-04-04,2160.0,2300.0,1900.0,2035.0,20639,42467805.0,TQBR
2022-04-05,2080.0,2080.0,1830.0,1900.0,7789,15147940.0,TQBR
2022-04-06,2000.0,2000.0,1870.0,1975.0,4648,9051150.0,TQBR
2022-04-07,1975.0,1975.0,1890.0,1905.0,3153,6099815.0,TQBR
2022-04-08,1905.0,2200.0,1900.0,2015.0,22643,46838970.0,TQBR
2022-04-11,2015.0,2200.0,1970.0,2020.0,14159,29163450.0,TQBR
2022-04-12,2045.0,2080.0,1805.0,2005.0,17292,34368540.0,TQBR
2022-04-13,2060.0,2060.0,1970.0,2020.0,7392,14897130.0,TQBR
2022-04-14,2035.0,2260.0,1980.0,2120.0,45027,96613800.0,TQBR
2022-04-15,2120.0,2540.0,2100.0,2295.0,106909,250983410.0,TQBR
2022-04-18,2390.0,2495.0,2315.0,2420.0,39639,96081595.0,TQBR
2022-04-19,2420.0,2455.0,2085.0,2170.0,20869,47049150.0,TQBR
2022-04-20,2250.0,2250.0,2035.0,2125.0,12287,26103090.0,TQBR
2022-04-21,2165.0,2400.0,2110.0,2260.0,16526,37535700.0,TQBR
2022-04-22,2300.0,2380.0,2035.0,2120.0,15994,35241540.0,TQBR
2022-04-25,1910.0,2155.0,1910.0,2015.0,8153,16525290.0,TQBR
2022-04-26,2070.0,2100.0,2015.0,2060.0,5258,10833260.0,TQBR
2022-04-27,2065.0,2085.0,2020.0,2080.0,7209,14793095.0,TQBR
2022-04-28,2085.0,2140.0,2030.0,2040.0,10203,21197025.0,TQBR
2022-04-29,2050.0,2230.0,2000.0,2065.0,24214,51009980.0,TQBR
2022-05-04,2120.0,2140.0,2080.0,2085.0,6754,14206475.0,TQBR
2022-05-05,2125.0,2125.0,2065.0,2070.0,3032,6334685.0,TQBR
2022-05-06,2080.0,2090.0,2000.0,2005.0,5634,11384965.0,TQBR
2022-05-11,2015.0,2090.0,2005.0,2025.0,4857,9894655.0,TQBR
2022-05-12,2095.0,2095.0,1965.0,1975.0,4882,9788180.0,TQBR
2022-05-13,1960.0,2000.0,1885.0,1960.0,5046,9813040.0,TQBR
2022-05-16,1935.0,1990.0,1905.0,1965.0,4158,8072220.0,TQBR
2022-05-17,1950.0,1990.0,1915.0,1945.0,3954,7744560.0,TQBR
2022-05-18,1945.0,1960.0,1910.0,1925.0,4341,8386040.0,TQBR
2022-05-19,1910.0,1940.0,1900.0,1905.0,1318,2521310.0,TQBR
2022-05-20,1920.0,1925.0,1835.0,1855.0,4592,8661715.0,TQBR
2022-05-23,1855.0,1875.0,1770.0,1780.0,3615,6529130.0,TQBR
2022-05-24,1780.0,1800.0,1685.0,1740.0,4360,7480590.0,TQBR
2022-05-25,1740.0,1885.0,1740.0,1825.0,3804,6949060.0,TQBR
2022-05-26,1835.0,1850.0,1780.0,1785.0,2335,4249845.0,TQBR
2022-05-27,1835.0,1835.0,1760.0,1785.0,2115,3789960.0,TQBR
2022-05-30,1810.0,1880.0,1760.0,1780.0,2464,4440190.0,TQBR
2022-05-31,1815.0,1830.0,1705.0,1770.0,3203,5731880.0,TQBR
2022-06-01,1780.0,1810.0,1735.0,1760.0,1376,2429810.0,TQBR
2022-06-02,1745.0,1820.0,1740.0,1750.0,4485,7970255.0,TQBR
2022-06-03,1760.0,2055.0,1705.0,1725.0,27278,50419610.0,TQBR
2022-06-06,1735.0,1795.0,1680.0,1695.0,5204,8968490.0,TQBR
2022-06-07,1725.0,1725.0,1650.0,1685.0,2327,3910645.0,TQBR
2022-06-08,1700.0,1700.0,1650.0,1665.0,2557,4269970.0,TQBR
2022-06-09,1660.0,1695.0,1660.0,1665.0,1535,2562810.0,TQBR
2022-06-10,1660.0,1675.0,1615.0,1650.0,2216,3654995.0,TQBR
2022-06-14,1660.0,1680.0,1640.0,1655.0,1355,2237665.0,TQBR
2022-06-15,1650.0,1670.0,1620.0,1645.0,3162,5203695.0,TQBR
2022-06-16,1660.0,1660.0,1625.0,1640.0,2244,3680095.0,TQBR
2022-06-17,1645.0,1645.0,1605.0,1635.0,1495,2437180.0,TQBR
2022-06-20,1630.0,1635.0,1605.0,1620.0,3049,4948300.0,TQBR
2022-06-21,1620.0,1630.0,1580.0,1585.0,1978,3174195.0,TQBR
2022-06-22,1585.0,1620.0,1520.0,1550.0,2883,4505455.0,TQBR
2022-06-23,1555.0,1570.0,1530.0,1555.0,927,1434910.0,TQBR
2022-06-24,1550.0,1570.0,1530.0,1545.0,1266,1957395.0,TQBR
2022-06-27,1545.0,1545.0,1465.0,1525.0,2578,3907600.0,TQBR
2022-06-28,1510.0,1550.0,1505.0,1515.0,1344,2042035.0,TQBR
2022-06-29,1525.0,1525.0,1500.0,1510.0,734,1109315.0,TQBR
2022-06-30,1500.0,1520.0,1430.0,1440.0,2286,3355800.0,TQBR
2022-07-01,1465.0,1470.0,1400.0,1425.0,1159,1662110.0,TQBR
2022-07-04,1450.0,1450.0,1415.0,1415.0,1212,1738580.0,TQBR
2022-07-05,1415.0,1475.0,1415.0,1460.0,2573,3729320.0,TQBR
2022-07-06,1440.0,1700.0,1435.0,1600.0,18878,30282745.0,TQBR
2022-07-07,1620.0,1640.0,1520.0,1540.0,10135,15880130.0,TQBR
2022-07-08,1555.0,1680.0,1535.0,1555.0,11648,18621180.0,TQBR
2022-07-11,1555.0,1590.0,1480.0,1495.0,4607,7068275.0,TQBR
2022-07-12,1495.0,1505.0,1425.0,1460.0,2634,3819730.0,TQBR
2022-07-13,1475.0,1505.0,1410.0,1440.0,2198,3146585.0,TQBR
2022-07-14,1450.0,1460.0,1375.0,1420.0,1931,2746635.0,TQBR
2022-07-15,1425.0,1460.0,1400.0,1440.0,2690,3842995.0,TQBR
2022-07-18,1440.0,1460.0,1400.0,1400.0,2159,3081595.0,TQBR
2022-07-19,1420.0,1450.0,1400.0,1405.0,3761,5309400.0,TQBR
2022-07-20,1405.0,1430.0,1395.0,1410.0,1706,2413090.0,TQBR
2022-07-21,1415.0,1420.0,1325.0,1375.0,3486,4762395.0,TQBR
2022-07-22,1380.0,1390.0,1340.0,1355.0,1209,1643640.0,TQBR
2022-07-25,1365.0,1405.0,1335.0,1400.0,2371,3281740.0,TQBR
2022-07-26,1400.0,1555.0,1400.0,1465.0,6918,10180980.0,TQBR
2022-07-27,1465.0,1510.0,1435.0,1465.0,3969,5819655.0,TQBR
2022-07-28,1490.0,1495.0,1460.0,1475.0,2213,3276425.0,TQBR
2022-07-29,1475.0,1500.0,1445.0,1460.0,4337,6394915.0,TQBR
2022-08-01,1485.0,1485.0,1440.0,1445.0,2881,4198825.0,TQBR
2022-08-02,1465.0,1465.0,1425.0,1445.0,2073,2990525.0,TQBR
2022-08-03,1455.0,1455.0,1405.0,1420.0,1708,2436175.0,TQBR
2022-08-04,1420.0,1430.0,1405.0,1420.0,549,778450.0,TQBR
2022-08-05,1410.0,1430.0,1405.0,1420.0,1102,1563530.0,TQBR
2022-08-08,1420.0,1465.0,1420.0,1455.0,1771,2557090.0,TQBR
2022-08-09,1455.0,1470.0,1455.0,1465.0,1044,1526635.0,TQBR
2022-08-10,1460.0,1490.0,1450.0,1480.0,2110,3113105.0,TQBR
2022-08-11,1485.0,1575.0,1465.0,1530.0,6633,10102380.0,TQBR
2022-08-12,1560.0,1610.0,1495.0,1545.0,2596,4026160.0,TQBR
2022-08-15,1530.0,1570.0,1520.0,1535.0,2458,3786690.0,TQBR
2022-08-16,1530.0,1690.0,1530.0,1635.0,9162,14893885.0,TQBR
2022-08-17,1650.0,1690.0,1625.0,1650.0,4213,6940600.0,TQBR
2022-08-18,1655.0,1685.0,1640.0,1650.0,2962,4919725.0,TQBR
2022-08-19,1675.0,1860.0,1645.0,1750.0,32865,57903655.0,TQBR
2022-08-22,1740.0,1740.0,1605.0,1675.0,17007,28268835.0,TQBR
2022-08-23,1685.0,1760.0,1635.0,1680.0,19697,33671420.0,TQBR
2022-08-24,1700.0,1735.0,1675.0,1680.0,14084,23988875.0,TQBR
2022-08-25,1665.0,2060.0,1665.0,1780.0,89440,166537405.0,TQBR
2022-08-26,1830.0,1940.0,1765.0,1800.0,30963,57406595.0,TQBR
2022-08-29,1800.0,1850.0,1745.0,1790.0,12706,22824610.0,TQBR
2022-08-30,1795.0,1795.0,1720.0,1720.0,6901,12133835.0,TQBR
2022-08-31,1720.0,1755.0,1600.0,1685.0,7820,13129660.0,TQBR
2022-09-01,1685.0,1810.0,1675.0,1745.0,16677,29259250.0,TQBR
2022-09-02,1770.0,1795.0,1725.0,1740.0,5304,9312540.0,TQBR
2022-09-05,1760.0,1760.0,1720.0,1750.0,5079,8856790.0,TQBR
2022-09-06,1735.0,1850.0,1700.0,1715.0,10704,18905140.0,TQBR
2022-09-07,1730.0,1760.0,1705.0,1720.0,3059,5323400.0,TQBR
2022-09-08,1735.0,1800.0,1725.0,1740.0,11975,21091300.0,TQBR
2022-09-09,1740.0,1770.0,1705.0,1720.0,5576,9712580.0,TQBR
2022-09-12,1740.0,1765.0,1705.0,1720.0,7278,12613815.0,TQBR
2022-09-13,1725.0,1730.0,1710.0,1710.0,1888,3245950.0,TQBR
2022-09-14,1710.0,1725.0,1670.0,1690.0,2174,3673590.0,TQBR
2022-09-15,1685.0,1700.0,1675.0,1675.0,1317,2216965.0,TQBR
2022-09-16,1675.0,1725.0,1605.0,1635.0,4049,6665440.0,TQBR
2022-09-19,1645.0,1670.0,1610.0,1620.0,2298,3763620.0,TQBR
2022-09-20,1625.0,1645.0,1500.0,1520.0,3413,5367560.0,TQBR
2022-09-21,1495.0,1500.0,1400.0,1465.0,3557,5161210.0,TQBR
2022-09-22,1525.0,1595.0,1505.0,1560.0,2924,4540035.0,TQBR
2022-09-23,1565.0,1575.0,1490.0,1495.0,1129,1698770.0,TQBR
2022-09-26,1520.0,1545.0,1290.0,1315.0,5495,7547425.0,TQBR
2022-09-27,1315.0,1350.0,1280.0,1310.0,2023,2655920.0,TQBR
2022-09-28,1325.0,1375.0,1295.0,1300.0,1674,2217245.0,TQBR
2022-09-29,1340.0,1340.0,1255.0,1280.0,1693,2192545.0,TQBR
2022-09-30,1300.0,1300.0,1220.0,1225.0,4791,6008395.0,TQBR
2022-10-03,1260.0,1495.0,1225.0,1380.0,17585,23850220.0,TQBR
2022-10-04,1380.0,1455.0,1355.0,1370.0,8258,11543720.0,TQBR
2022-10-05,1350.0,1395.0,1290.0,1340.0,2678,3590920.0,TQBR
2022-10-06,1350.0,1360.0,1285.0,1305.0,1552,2051745.0,TQBR
2022-10-07,1310.0,1365.0,1235.0,1260.0,3652,4761170.0,TQBR
2022-10-10,1255.0,1380.0,1220.0,1320.0,7082,9388740.0,TQBR
2022-10-11,1335.0,1360.0,1300.0,1310.0,2751,3638125.0,TQBR
2022-10-12,1325.0,1325.0,1280.0,1300.0,1809,2352460.0,TQBR
2022-10-13,1315.0,1695.0,1300.0,1545.0,65535,102600290.0,TQBR
2022-10-14,1565.0,1630.0,1405.0,1420.0,15837,23888025.0,TQBR
2022-10-17,1440.0,1530.0,1425.0,1465.0,8779,13054490.0,TQBR
2022-10-18,1490.0,1490.0,1405.0,1430.0,9526,13750210.0,TQBR
2022-10-19,1435.0,1450.0,1370.0,1375.0,3455,4849115.0,TQBR
2022-10-20,1400.0,1430.0,1370.0,1370.0,4260,5918255.0,TQBR
2022-10-21,1390.0,1410.0,1375.0,1380.0,2735,3799220.0,TQBR
2022-10-24,1395.0,1500.0,1385.0,1420.0,10296,14869015.0,TQBR
2022-10-25,1420.0,1545.0,1420.0,1500.0,26650,39786695.0,TQBR
2022-10-26,1505.0,1740.0,1495.0,1580.0,46140,75178730.0,TQBR
2022-10-27,1595.0,1670.0,1565.0,1575.0,9414,15034330.0,TQBR
2022-10-28,1595.0,1595.0,1530.0,1555.0,4658,7238100.0,TQBR
2022-10-31,1555.0,1570.0,1525.0,1535.0,2317,3578505.0,TQBR
2022-11-01,1525.0,1560.0,1525.0,1550.0,1396,2147715.0,TQBR
2022-11-02,1545.0,1555.0,1525.0,1535.0,985,1514250.0,TQBR
2022-11-03,1545.0,1570.0,1515.0,1525.0,2186,3351285.0,TQBR
2022-11-07,1520.0,1575.0,1510.0,1530.0,4726,7315215.0,TQBR
2022-11-08,1545.0,1645.0,1520.0,1550.0,19493,30695055.0,TQBR
2022-11-09,1555.0,1615.0,1550.0,1575.0,10519,16638375.0,TQBR
2022-11-10,1580.0,1610.0,1530.0,1560.0,6296,9851360.0,TQBR
2022-11-11,1595.0,1595.0,1560.0,1565.0,2401,3770550.0,TQBR
2022-11-14,1580.0,1585.0,1550.0,1565.0,3740,5860065.0,TQBR
2022-11-15,1560.0,1575.0,1525.0,1540.0,2027,3146725.0,TQBR
2022-11-16,1535.0,1555.0,1510.0,1540.0,2096,3215515.0,TQBR
2022-11-17,1525.0,1675.0,1525.0,1630.0,24402,39331270.0,TQBR
2022-11-18,1615.0,1725.0,1580.0,1590.0,33673,55995445.0,TQBR
2022-11-21,1635.0,2175.0,1615.0,2000.0,192573,377962390.0,TQBR
2022-11-22,2020.0,2235.0,1680.0,1680.0,179686,356264770.0,TQBR
2022-11-23,1700.0,1710.0,1525.0,1590.0,75138,120755495.0,TQBR
2022-11-24,1590.0,1640.0,1510.0,1510.0,33817,52907200.0,TQBR
2022-11-25,1510.0,1600.0,1480.0,1545.0,25505,39823300.0,TQBR
2022-11-28,1555.0,1670.0,1545.0,1595.0,30856,49653570.0,TQBR
2022-11-29,1595.0,1625.0,1550.0,1565.0,12428,19601190.0,TQBR
2022-11-30,1570.0,1590.0,1550.0,1555.0,3492,5453530.0,TQBR
2022-12-01,1565.0,1605.0,1525.0,1555.0,8847,13925900.0,TQBR
2022-12-02,1570.0,1575.0,1540.0,1545.0,4926,7663015.0,TQBR
2022-12-05,1570.0,1570.0,1540.0,1550.0,3636,5640595.0,TQBR
2022-12-06,1550.0,1550.0,1490.0,1515.0,4932,7501135.0,TQBR
2022-12-07,1525.0,1535.0,1505.0,1530.0,2891,4381525.0,TQBR
2022-12-08,1525.0,1530.0,1470.0,1490.0,3761,5636425.0,TQBR
2022-12-09,1495.0,1650.0,1490.0,1555.0,40025,63013490.0,TQBR
2022-12-12,1560.0,1630.0,1555.0,1580.0,28822,45844255.0,TQBR
2022-12-13,1585.0,1620.0,1555.0,1560.0,11569,18361780.0,TQBR
2022-12-14,1575.0,1600.0,1525.0,1540.0,7977,12447710.0,TQBR
2022-12-15,1550.0,1560.0,1515.0,1525.0,5480,8463940.0,TQBR
2022-12-16,1520.0,1540.0,1505.0,1510.0,2780,4233240.0,TQBR
2022-12-19,1520.0,1560.0,1490.0,1490.0,6223,9431090.0,TQBR
2022-12-20,1505.0,1505.0,1470.0,1500.0,3996,5956005.0,TQBR
2022-12-21,1490.0,1525.0,1485.0,1500.0,3737,5618770.0,TQBR
2022-12-22,1505.0,1520.0,1495.0,1500.0,2702,4066155.0,TQBR
2022-12-23,1495.0,1510.0,1480.0,1495.0,4509,6742740.0,TQBR
2022-12-26,1500.0,1505.0,1490.0,1495.0,1295,1938925.0,TQBR
2022-12-27,1495.0,1500.0,1490.0,1495.0,2346,3508860.0,TQBR
2022-12-28,1490.0,1500.0,1470.0,1490.0,2589,3843995.0,TQBR
2022-12-29,1480.0,1490.0,1475.0,1480.0,2518,3730360.0,TQBR
2022-12-30,1490.0,1560.0,1455.0,1500.0,13863,20933670.0,TQBR
2023-01-03,1500.0,1550.0,1495.0,1535.0,2884,4395640.0,TQBR
2023-01-04,1535.0,1555.0,1510.0,1525.0,4100,6245045.0,TQBR
2023-01-05,1520.0,1535.0,1510.0,1515.0,1578,2395365.0,TQBR
2023-01-06,1520.0,1525.0,1495.0,1495.0,1973,2972665.0,TQBR
2023-01-09,1505.0,1530.0,1485.0,1510.0,4793,7243660.0,TQBR
2023-01-10,1515.0,1525.0,1510.0,1515.0,2999,4539260.0,TQBR
2023-01-11,1510.0,1525.0,1510.0,1510.0,3859,5851085.0,TQBR
2023-01-12,1520.0,2080.0,1515.0,1735.0,336799,613591745.0,TQBR
2023-01-13,1850.0,2040.0,1750.0,1755.0,213928,404540065.0,TQBR
2023-01-16,1800.0,1865.0,1750.0,1800.0,43721,78728375.0,TQBR
2023-01-17,1800.0,1800.0,1725.0,1745.0,16175,28259820.0,TQBR
2023-01-18,1745.0,1915.0,1695.0,1795.0,72302,132436440.0,TQBR
2023-01-19,1800.0,1945.0,1780.0,1830.0,69466,128242970.0,TQBR
2023-01-20,1840.0,1850.0,1785.0,1795.0,14314,25948410.0,TQBR
2023-01-23,1800.0,1815.0,1735.0,1775.0,17440,30858285.0,TQBR
2023-01-24,1775.0,1795.0,1740.0,1745.0,12700,22459275.0,TQBR
2023-01-25,1760.0,1990.0,1750.0,1860.0,187056,353445015.0,TQBR
2023-01-26,1885.0,1935.0,1800.0,1825.0,46085,85157790.0,TQBR
2023-01-27,1850.0,1850.0,1770.0,1780.0,13860,24939360.0,TQBR
2023-01-30,1810.0,1870.0,1770.0,1805.0,30343,55137140.0,TQBR
2023-01-31,1820.0,1830.0,1795.0,1830.0,8875,16047900.0,TQBR
2023-02-01,1835.0,1835.0,1800.0,1810.0,11257,20426220.0,TQBR
2023-02-02,1820.0,1915.0,1805.0,1805.0,53051,98181415.0,TQBR
2023-02-03,1810.0,1825.0,1800.0,1800.0,12647,22880335.0,TQBR
2023-02-06,1800.0,1820.0,1800.0,1815.0,7993,14483595.0,TQBR
2023-02-07,1825.0,1825.0,1810.0,1820.0,6987,12683780.0,TQBR
2023-02-08,1820.0,1845.0,1815.0,1820.0,11725,21370815.0,TQBR
2023-02-09,1840.0,1955.0,1815.0,1830.0,73262,138182160.0,TQBR
2023-02-10,1850.0,1865.0,1825.0,1825.0,8323,15268415.0,TQBR
2023-02-13,1865.0,1865.0,1825.0,1830.0,9065,16584065.0,TQBR
2023-02-14,1835.0,1865.0,1825.0,1840.0,13177,24185285.0,TQBR
2023-02-15,1840.0,2760.0,1835.0,2710.0,815508,1884364020.0,TQBR
2023-02-16,2980.0,3980.0,2385.0,3600.0,2563370,8470402645.0,TQBR
2023-02-17,3245.0,3800.0,2760.0,2800.0,1900989,6380655640.0,TQBR
2023-02-20,2675.0,3075.0,2540.0,2560.0,418766,1187766500.0,TQBR
2023-02-21,2620.0,2690.0,2420.0,2465.0,105512,265255530.0,TQBR
2023-02-22,2505.0,2655.0,2455.0,2510.0,106490,271357520.0,TQBR
2023-02-24,2520.0,2535.0,2405.0,2415.0,24928,61446670.0,TQBR
2023-02-27,2450.0,2570.0,2425.0,2475.0,52972,132298675.0,TQBR
2023-02-28,2520.0,2590.0,2475.0,2535.0,54985,139215695.0,TQBR
2023-03-01,2555.0,2590.0,2510.0,2540.0,48108,122843135.0,TQBR
2023-03-02,2550.0,2560.0,2415.0,2485.0,27488,68769265.0,TQBR
2023-03-03,2500.0,2690.0,2460.0,2645.0,68061,175943425.0,TQBR
2023-03-06,2800.0,2905.0,2665.0,2905.0,171814,488693130.0,TQBR
2023-03-07,2995.0,3145.0,2905.0,2925.0,166553,501662700.0,TQBR
2023-03-09,2925.0,2960.0,2755.0,2835.0,54442,156009830.0,TQBR
2023-03-10,2820.0,3005.0,2770.0,2890.0,99841,290300820.0,TQBR
2023-03-13,2895.0,2990.0,2895.0,2935.0,43580,128003695.0,TQBR
2023-03-14,2940.0,2970.0,2790.0,2880.0,39630,114253510.0,TQBR
2023-03-15,2890.0,2945.0,2820.0,2890.0,31471,90677385.0,TQBR
2023-03-16,2890.0,2955.0,2855.0,2910.0,21161,61418335.0,TQBR
2023-03-17,2945.0,2945.0,2885.0,2915.0,23509,68462105.0,TQBR
2023-03-20,2930.0,3080.0,2915.0,3010.0,130781,392284360.0,TQBR
2023-03-21,3045.0,3305.0,2965.0,3305.0,213388,680243550.0,TQBR
2023-03-22,3300.0,3625.0,3125.0,3430.0,494736,1706422255.0,TQBR
2023-03-23,3410.0,3535.0,3225.0,3300.0,106975,360728020.0,TQBR
2023-03-24,3250.0,3345.0,3225.0,3295.0,23649,78022470.0,TQBR
2023-03-27,3320.0,3325.0,3250.0,3300.0,13921,45787265.0,TQBR
2023-03-28,3305.0,3325.0,3245.0,3290.0,9573,31395540.0,TQBR
2023-03-29,3300.0,3305.0,3210.0,3255.0,14347,46753655.0,TQBR
2023-03-30,3230.0,3425.0,3230.0,3325.0,71269,237921495.0,TQBR
2023-03-31,3335.0,3365.0,3255.0,3275.0,15049,49559155.0,TQBR
2023-04-03,3275.0,3365.0,3230.0,3290.0,20279,66970545.0,TQBR
2023-04-04,3290.0,3530.0,3290.0,3410.0,180173,617283265.0,TQBR
2023-04-05,3455.0,3905.0,3355.0,3620.0,432598,1593700820.0,TQBR
2023-04-06,3625.0,3640.0,3515.0,3540.0,47661,170003595.0,TQBR
2023-04-07,3555.0,3670.0,3505.0,3560.0,75041,270541020.0,TQBR
2023-04-10,3560.0,3605.0,3515.0,3585.0,25253,90313880.0,TQBR
2023-04-11,3595.0,3735.0,3250.0,3510.0,85613,305109075.0,TQBR
2023-04-12,3515.0,3615.0,3460.0,3505.0,30575,107735040.0,TQBR
2023-04-13,3480.0,3525.0,3455.0,3480.0,12065,42137005.0,TQBR
2023-04-14,3535.0,3695.0,3470.0,3510.0,106304,382696015.0,TQBR
2023-04-17,3530.0,3630.0,3510.0,3570.0,33211,118332230.0,TQBR
2023-04-18,3575.0,3670.0,3535.0,3570.0,35261,127009045.0,TQBR
2023-04-19,3560.0,3655.0,3500.0,3550.0,30513,109489130.0,TQBR
2023-04-20,3550.0,3560.0,3510.0,3515.0,8215,28964015.0,TQBR
2023-04-21,3530.0,3565.0,3350.0,3460.0,13704,47863420.0,TQBR
2023-04-24,3460.0,3485.0,3385.0,3415.0,15153,51927980.0,TQBR
2023-04-25,3420.0,3455.0,3400.0,3400.0,5861,20069180.0,TQBR
2023-04-26,3410.0,3420.0,3310.0,3340.0,17947,60614840.0,TQBR
2023-04-27,3350.0,3350.0,3215.0,3280.0,18865,61846490.0,TQBR
2023-04-28,3290.0,3290.0,3135.0,3160.0,13136,42141540.0,TQBR
2023-05-02,3160.0,3160.0,2755.0,2975.0,46323,138128665.0,TQBR
2023-05-03,2990.0,3290.0,2810.0,2975.0,41821,128290860.0,TQBR
2023-05-04,2980.0,3130.0,2970.0,3010.0,10561,32108605.0,TQBR
2023-05-05,3030.0,3140.0,3005.0,3030.0,14791,45499735.0,TQBR
2023-05-08,3075.0,3130.0,2985.0,3000.0,6922,21069695.0,TQBR
2023-05-10,3015.0,3085.0,3010.0,3055.0,11394,34645400.0,TQBR
2023-05-11,3070.0,3115.0,3050.0,3075.0,8212,25289875.0,TQBR
2023-05-12,3075.0,3075.0,2975.0,3030.0,5071,15359845.0,TQBR
2023-05-15,3050.0,3080.0,3030.0,3035.0,4528,13798915.0,TQBR
2023-05-16,3050.0,3215.0,3040.0,3130.0,36702,114797920.0,TQBR
2023-05-17,3140.0,3200.0,3055.0,3115.0,7689,23972305.0,TQBR
2023-05-18,3115.0,3130.0,3040.0,3070.0,4544,14006765.0,TQBR
2023-05-19,3065.0,3095.0,3000.0,3000.0,4394,13350725.0,TQBR
2023-05-22,3000.0,3040.0,2925.0,2970.0,9543,28387440.0,TQBR
2023-05-23,2995.0,2995.0,2895.0,2930.0,4842,14150655.0,TQBR
2023-05-24,2935.0,2950.0,2915.0,2940.0,2635,7734710.0,TQBR
2023-05-25,2955.0,3085.0,2885.0,2920.0,15491,46023475.0,TQBR
2023-05-26,2925.0,2975.0,2905.0,2940.0,4867,14338075.0,TQBR
2023-05-29,2945.0,3050.0,2940.0,3020.0,10323,31078135.0,TQBR
2023-05-30,3025.0,3065.0,2975.0,2995.0,8027,24224900.0,TQBR
2023-05-31,2995.0,3030.0,2930.0,2955.0,5893,17500435.0,TQBR
2023-06-01,2960.0,2995.0,2925.0,2955.0,2574,7621295.0,TQBR
2023-06-02,2955.0,2980.0,2930.0,2950.0,3823,11291310.0,TQBR
2023-06-05,2945.0,2970.0,2900.0,2920.0,6894,20193370.0,TQBR
2023-06-06,2900.0,2940.0,2825.0,2885.0,5072,14597190.0,TQBR
2023-06-07,3100.0,3170.0,3000.0,3020.0,37741,115851865.0,TQBR
2023-06-08,3055.0,3095.0,2980.0,3005.0,7107,21461570.0,TQBR
2023-06-09,3035.0,3035.0,2985.0,2990.0,3749,11234400.0,TQBR
2023-06-13,2990.0,3020.0,2965.0,2995.0,4940,14777940.0,TQBR
2023-06-14,3000.0,3010.0,2985.0,3005.0,6248,18749325.0,TQBR
2023-06-15,3015.0,3015.0,2915.0,2995.0,3757,11247250.0,TQBR
2023-06-16,2995.0,3015.0,2985.0,3000.0,4737,14233310.0,TQBR
2023-06-19,3015.0,3100.0,3005.0,3070.0,13921,42635215.0,TQBR
2023-06-20,3080.0,3100.0,3000.0,3070.0,8958,27450000.0,TQBR
2023-06-21,3065.0,3090.0,3060.0,3065.0,3776,11598775.0,TQBR
2023-06-22,3075.0,3085.0,3020.0,3055.0,4551,13912980.0,TQBR
2023-06-23,3065.0,3065.0,3000.0,3005.0,3310,10036525.0,TQBR
2023-06-26,3010.0,3055.0,3005.0,3045.0,3059,9285430.0,TQBR
2023-06-27,3045.0,3155.0,3000.0,3130.0,23729,73593075.0,TQBR
2023-06-28,3145.0,3160.0,3075.0,3110.0,9179,28655115.0,TQBR
2023-06-29,3145.0,3195.0,3095.0,3185.0,13081,41110160.0,TQBR
2023-06-30,3200.0,3200.0,3135.0,3160.0,11316,35857425.0,TQBR
2023-07-03,3165.0,3180.0,3050.0,3055.0,13436,41927545.0,TQBR
2023-07-04,3070.0,3185.0,3060.0,3155.0,18500,58144040.0,TQBR
2023-07-05,3180.0,3180.0,3105.0,3125.0,5524,17326960.0,TQBR
2023-07-06,3160.0,3160.0,3100.0,3105.0,6962,21716040.0,TQBR
2023-07-07,3100.0,3150.0,3100.0,3125.0,5753,18004065.0,TQBR
2023-07-10,3150.0,3180.0,3125.0,3155.0,20780,65763555.0,TQBR
2023-07-11,3160.0,3260.0,3160.0,3245.0,56062,181098005.0,TQBR
2023-07-12,3135.0,3180.0,3120.0,3140.0,47939,150565115.0,TQBR
2023-07-13,3135.0,3145.0,3100.0,3100.0,10387,32310670.0,TQBR
2023-07-14,3100.0,3110.0,3055.0,3080.0,8559,26360970.0,TQBR
2023-07-17,3070.0,3085.0,3050.0,3075.0,5151,15827860.0,TQBR
2023-07-18,3075.0,3150.0,3065.0,3100.0,20286,63228360.0,TQBR
2023-07-19,3115.0,3150.0,3065.0,3115.0,8990,27958820.0,TQBR
2023-07-20,3115.0,3125.0,3070.0,3075.0,5160,15964575.0,TQBR
2023-07-21,3075.0,3110.0,3075.0,3090.0,2743,8476355.0,TQBR
2023-07-24,3100.0,3160.0,3075.0,3140.0,13653,42848460.0,TQBR
2023-07-25,3145.0,3150.0,3115.0,3120.0,4348,13606975.0,TQBR
2023-07-26,3140.0,3140.0,3110.0,3120.0,3072,9582560.0,TQBR
2023-07-27,3120.0,3185.0,3110.0,3120.0,11468,35950560.0,TQBR
2023-07-28,3135.0,3275.0,3120.0,3160.0,58314,186016200.0,TQBR
2023-07-31,3195.0,3195.0,3120.0,3175.0,9682,30566810.0,TQBR
2023-08-01,3190.0,3190.0,3120.0,3145.0,9927,31292120.0,TQBR
2023-08-02,3140.0,3165.0,3120.0,3145.0,8846,27774960.0,TQBR
2023-08-03,3145.0,3240.0,3130.0,3175.0,29731,94762280.0,TQBR
2023-08-04,3150.0,3195.0,3075.0,3110.0,20648,65005030.0,TQBR
2023-08-07,3135.0,3155.0,3115.0,3120.0,7263,22752905.0,TQBR
2023-08-08,3120.0,3135.0,3000.0,3055.0,20145,61947445.0,TQBR
2023-08-09,3060.0,3110.0,3045.0,3055.0,10178,31243075.0,TQBR
2023-08-10,3055.0,3100.0,3045.0,3090.0,6592,20277080.0,TQBR
2023-08-11,3095.0,3115.0,3065.0,3080.0,9989,30842880.0,TQBR
2023-08-14,3095.0,3190.0,3060.0,3075.0,23170,72298065.0,TQBR
2023-08-15,3055.0,3430.0,3005.0,3180.0,134037,436105500.0,TQBR
2023-08-16,3185.0,3225.0,3030.0,3095.0,18713,58263895.0,TQBR
2023-08-17,3100.0,3140.0,3055.0,3125.0,8770,27144730.0,TQBR
2023-08-18,3130.0,3230.0,3095.0,3115.0,12810,40367110.0,TQBR
2023-08-21,3120.0,3260.0,3095.0,3175.0,29325,93110755.0,TQBR
2023-08-22,3260.0,3290.0,3180.0,3225.0,21863,70531705.0,TQBR
2023-08-23,3250.0,3250.0,3110.0,3185.0,12537,39730820.0,TQBR
2023-08-24,3150.0,3185.0,3105.0,3160.0,10508,33162155.0,TQBR
2023-08-25,3175.0,3205.0,3125.0,3145.0,9273,29329645.0,TQBR
2023-08-28,3150.0,3180.0,3140.0,3170.0,5664,17895755.0,TQBR
2023-08-29,3200.0,3205.0,3140.0,3145.0,10351,32746135.0,TQBR
2023-08-30,3155.0,3180.0,3120.0,3160.0,7480,23621675.0,TQBR
2023-08-31,3140.0,3185.0,3140.0,3150.0,5975,18858000.0,TQBR
2023-09-01,3165.0,3170.0,3135.0,3160.0,5938,18702985.0,TQBR
2023-09-04,3155.0,3310.0,3140.0,3265.0,30898,99511495.0,TQBR
2023-09-05,3550.0,3920.0,3420.0,3920.0,464800,1765210350.0,TQBR
2023-09-06,4155.0,4230.0,3590.0,3590.0,128078,489018675.0,TQBR
2023-09-07,3610.0,3845.0,3230.0,3480.0,80731,296288720.0,TQBR
2023-09-08,3520.0,3690.0,3320.0,3425.0,18191,63133255.0,TQBR
2023-09-11,3435.0,3470.0,3310.0,3355.0,8744,29498105.0,TQBR
2023-09-12,3355.0,3675.0,3320.0,3535.0,94260,336863500.0,TQBR
2023-09-13,3550.0,3780.0,3430.0,3495.0,42540,154487185.0,TQBR
2023-09-14,3520.0,3520.0,2805.0,3260.0,26132,83760790.0,TQBR
2023-09-15,3210.0,3415.0,3150.0,3320.0,20860,68931635.0,TQBR
2023-09-18,3330.0,3600.0,3310.0,3570.0,38191,132955540.0,TQBR
2023-09-19,3455.0,3500.0,3325.0,3435.0,12914,43953625.0,TQBR
2023-09-20,3370.0,3410.0,3150.0,3315.0,12654,41636100.0,TQBR
2023-09-21,3240.0,3365.0,3215.0,3270.0,7176,23503200.0,TQBR
2023-09-22,3300.0,3360.0,3250.0,3300.0,12620,41614870.0,TQBR
2023-09-25,3280.0,3480.0,3280.0,3320.0,20870,70123355.0,TQBR
2023-09-26,3305.0,3375.0,3280.0,3300.0,5610,18610290.0,TQBR
2023-09-27,3335.0,3425.0,3315.0,3335.0,11131,37478250.0,TQBR
2023-09-28,3335.0,3375.0,3290.0,3300.0,5046,16767065.0,TQBR
2023-09-29,3285.0,3325.0,3260.0,3275.0,3812,12567780.0,TQBR
2023-10-02,3260.0,3305.0,3235.0,3250.0,3395,11112610.0,TQBR
2023-10-03,3255.0,3280.0,3200.0,3205.0,2826,9120500.0,TQBR
2023-10-04,3220.0,3225.0,3200.0,3205.0,3094,9925470.0,TQBR
2023-10-05,3195.0,3220.0,3155.0,3155.0,3218,10205505.0,TQBR
2023-10-06,3150.0,3275.0,3150.0,3160.0,14659,46897470.0,TQBR
2023-10-09,3160.0,3240.0,3160.0,3175.0,7313,23404155.0,TQBR
2023-10-10,3180.0,3365.0,3180.0,3305.0,28970,95421330.0,TQBR
2023-10-11,3255.0,3330.0,3225.0,3280.0,8440,27649405.0,TQBR
2023-10-12,3255.0,3285.0,3190.0,3215.0,4615,14929505.0,TQBR
2023-10-13,3215.0,3300.0,3210.0,3235.0,5831,18950805.0,TQBR
2023-10-16,3235.0,3300.0,3200.0,3255.0,12583,40796725.0,TQBR
2023-10-17,3235.0,3420.0,3235.0,3330.0,48183,161558955.0,TQBR
2023-10-18,3335.0,3380.0,3270.0,3285.0,6797,22482105.0,TQBR
2023-10-19,3295.0,3375.0,3285.0,3295.0,15131,50376895.0,TQBR
2023-10-20,3295.0,3305.0,3240.0,3270.0,3982,13048685.0,TQBR
2023-10-23,3275.0,3315.0,3240.0,3260.0,3738,12206715.0,TQBR
2023-10-24,3270.0,3305.0,3225.0,3245.0,6820,22246770.0,TQBR
2023-10-25,3245.0,3260.0,3230.0,3235.0,2149,6972115.0,TQBR
2023-10-26,3240.0,3275.0,3190.0,3205.0,4206,13560480.0,TQBR
2023-10-27,3200.0,3220.0,3100.0,3170.0,5893,18690790.0,TQBR
2023-10-30,3140.0,3250.0,3140.0,3200.0,3601,11514275.0,TQBR
2023-10-31,3200.0,3240.0,3150.0,3170.0,3566,11307370.0,TQBR
2023-11-01,3170.0,3190.0,3150.0,3175.0,3155,9985310.0,TQBR
2023-11-02,3180.0,3195.0,3155.0,3160.0,1946,6176020.0,TQBR
2023-11-03,3170.0,3235.0,3150.0,3175.0,3951,12583150.0,TQBR
2023-11-06,3170.0,3185.0,3060.0,3165.0,2872,9050055.0,TQBR
2023-11-07,3160.0,3170.0,3125.0,3150.0,3334,10506855.0,TQBR
2023-11-08,3170.0,3170.0,3070.0,3095.0,11782,36551370.0,TQBR
2023-11-09,3135.0,3140.0,3000.0,3030.0,6633,20197700.0,TQBR
2023-11-10,3050.0,3085.0,2900.0,2925.0,6853,20320430.0,TQBR
2023-11-13,2925.0,2975.0,2900.0,2905.0,4808,14045975.0,TQBR
2023-11-14,2900.0,2900.0,2455.0,2705.0,18488,49457300.0,TQBR
2023-11-15,2700.0,2835.0,2595.0,2715.0,19332,51901085.0,TQBR
2023-11-16,2725.0,2830.0,2695.0,2755.0,12700,35279080.0,TQBR
2023-11-17,2760.0,2765.0,2690.0,2740.0,3195,8675900.0,TQBR
2023-11-20,2720.0,2795.0,2715.0,2760.0,3547,9799535.0,TQBR
2023-11-21,2770.0,2890.0,2725.0,2785.0,12869,36126860.0,TQBR
2023-11-22,2795.0,2840.0,2770.0,2810.0,6310,17751960.0,TQBR
2023-11-23,2810.0,2830.0,2650.0,2675.0,7462,20314775.0,TQBR
2023-11-24,2670.0,2695.0,2600.0,2615.0,3079,8181940.0,TQBR
2023-11-27,2615.0,2775.0,2600.0,2645.0,7610,20275285.0,TQBR
2023-11-28,2660.0,2680.0,2625.0,2660.0,2503,6636210.0,TQBR
2023-11-29,2675.0,2735.0,2650.0,2670.0,4195,11301555.0,TQBR
2023-11-30,2665.0,2665.0,2550.0,2615.0,4056,10564985.0,TQBR
2023-12-01,2620.0,2630.0,2550.0,2550.0,1575,4081405.0,TQBR
2023-12-04,2630.0,2785.0,2500.0,2660.0,37156,99489070.0,TQBR
2023-12-05,2710.0,2730.0,2500.0,2515.0,9854,25455525.0,TQBR
2023-12-06,2520.0,2590.0,2465.0,2520.0,8384,21292590.0,TQBR
2023-12-07,2520.0,2595.0,2490.0,2535.0,2994,7600200.0,TQBR
2023-12-08,2545.0,2570.0,2485.0,2495.0,3538,8898525.0,TQBR
2023-12-11,2505.0,2520.0,2360.0,2450.0,4400,10809235.0,TQBR
2023-12-12,2445.0,2450.0,2365.0,2380.0,5289,12661085.0,TQBR
2023-12-13,2380.0,2380.0,2290.0,2320.0,7754,18058990.0,TQBR
2023-12-14,2350.0,2380.0,2280.0,2305.0,3208,7482770.0,TQBR
2023-12-15,2305.0,2340.0,2295.0,2320.0,2651,6151935.0,TQBR
2023-12-18,2360.0,2510.0,2330.0,2480.0,12891,31232500.0,TQBR
2023-12-19,2475.0,2595.0,2445.0,2500.0,10309,25930160.0,TQBR
2023-12-20,2515.0,2550.0,2500.0,2505.0,2932,7390720.0,TQBR
2023-12-21,2510.0,2645.0,2465.0,2480.0,13178,33658370.0,TQBR
2023-12-22,2485.0,2635.0,2485.0,2530.0,19375,49956240.0,TQBR
2023-12-25,2580.0,2620.0,2525.0,2530.0,3769,9636495.0,TQBR
2023-12-26,2530.0,2575.0,2450.0,2490.0,5754,14442640.0,TQBR
2023-12-27,2490.0,2585.0,2475.0,2495.0,9590,24266000.0,TQBR
2023-12-28,2550.0,2570.0,2485.0,2500.0,4517,11335425.0,TQBR
2023-12-29,2500.0,2535.0,2450.0,2460.0,3003,7455615.0,TQBR
2024-01-03,2500.0,2535.0,2490.0,2490.0,2417,6048900.0,TQBR
2024-01-04,2475.0,2575.0,2475.0,2510.0,4554,11493145.0,TQBR
2024-01-05,2510.0,2625.0,2500.0,2575.0,11405,29292790.0,TQBR
2024-01-08,2620.0,2740.0,2600.0,2660.0,29665,79325880.0,TQBR
2024-01-09,2665.0,2780.0,2650.0,2745.0,11113,30219625.0,TQBR
2024-01-10,2755.0,2775.0,2675.0,2705.0,7891,21467790.0,TQBR
2024-01-11,2725.0,2730.0,2660.0,2690.0,3915,10507570.0,TQBR
2024-01-12,2690.0,2725.0,2680.0,2695.0,3844,10379290.0,TQBR
2024-01-15,2710.0,2750.0,2655.0,2705.0,7672,20793005.0,TQBR
2024-01-16,2695.0,2820.0,2695.0,2720.0,19393,53177085.0,TQBR
2024-01-17,2715.0,2735.0,2680.0,2700.0,3616,9789305.0,TQBR
2024-01-18,2730.0,2810.0,2710.0,2750.0,17450,48275235.0,TQBR
2024-01-19,2770.0,2780.0,2700.0,2720.0,2985,8124915.0,TQBR
2024-01-22,2730.0,2750.0,2715.0,2725.0,2100,5727695.0,TQBR
2024-01-23,2720.0,2740.0,2705.0,2720.0,2979,8109370.0,TQBR
2024-01-24,2720.0,2745.0,2700.0,2710.0,3368,9174030.0,TQBR
2024-01-25,2705.0,2720.0,2615.0,2700.0,4019,10745615.0,TQBR
2024-01-26,2695.0,2710.0,2665.0,2675.0,1539,4131810.0,TQBR
2024-01-29,2690.0,2720.0,2660.0,2685.0,2421,6519220.0,TQBR
2024-01-30,2685.0,2710.0,2680.0,2680.0,2303,6196085.0,TQBR
2024-01-31,2690.0,2705.0,2685.0,2690.0,2340,6308155.0,TQBR
2024-02-01,2690.0,3050.0,2665.0,2825.0,141274,409553885.0,TQBR
2024-02-02,2835.0,2845.0,2740.0,2755.0,20117,55842260.0,TQBR
2024-02-05,2760.0,2885.0,2750.0,2815.0,14792,41843180.0,TQBR
2024-02-06,2815.0,2825.0,2715.0,2785.0,7214,20090875.0,TQBR
2024-02-07,2820.0,2830.0,2735.0,2775.0,6808,18970920.0,TQBR
2024-02-08,2780.0,2825.0,2740.0,2755.0,4274,11826260.0,TQBR
2024-02-09,2755.0,2960.0,2745.0,2760.0,28439,80853375.0,TQBR
2024-02-12,2770.0,2795.0,2750.0,2765.0,5418,15015760.0,TQBR
2024-02-13,2775.0,2820.0,2740.0,2755.0,5884,16250360.0,TQBR
2024-02-14,2765.0,2770.0,2740.0,2755.0,2341,6443545.0,TQBR
2024-02-15,2750.0,2765.0,2720.0,2750.0,3000,8241775.0,TQBR
2024-02-16,2760.0,2765.0,2720.0,2730.0,2859,7838300.0,TQBR
2024-02-19,2735.0,2755.0,2695.0,2710.0,3747,10189630.0,TQBR
2024-02-20,2695.0,2710.0,2620.0,2645.0,4643,12362010.0,TQBR
2024-02-21,2645.0,2660.0,2500.0,2560.0,4941,12620540.0,TQBR
2024-02-22,2555.0,2625.0,2510.0,2535.0,5732,14693195.0,TQBR
2024-02-26,2575.0,2770.0,2570.0,2630.0,5827,15364455.0,TQBR
2024-02-27,2635.0,2690.0,2605.0,2605.0,4424,11656235.0,TQBR
2024-02-28,2625.0,2630.0,2610.0,2620.0,1302,3409730.0,TQBR
2024-02-29,2620.0,2635.0,2575.0,2600.0,2345,6117345.0,TQBR
2024-03-01,2615.0,2630.0,2605.0,2610.0,1130,2957825.0,TQBR
2024-03-04,2625.0,2680.0,2595.0,2665.0,5295,13997575.0,TQBR
2024-03-05,2670.0,2765.0,2670.0,2690.0,18145,49318730.0,TQBR
2024-03-06,2700.0,2800.0,2645.0,2720.0,24617,67532965.0,TQBR
2024-03-07,2720.0,2810.0,2680.0,2680.0,26594,73074300.0,TQBR
2024-03-11,2720.0,2750.0,2680.0,2685.0,6103,16540570.0,TQBR
2024-03-12,2695.0,2710.0,2660.0,2675.0,3023,8095750.0,TQBR
2024-03-13,2675.0,2715.0,2670.0,2685.0,4122,11070485.0,TQBR
2024-03-14,2700.0,2700.0,2580.0,2650.0,4308,11412905.0,TQBR
2024-03-15,2655.0,2665.0,2625.0,2630.0,2509,6629095.0,TQBR
2024-03-18,2640.0,2690.0,2600.0,2620.0,4338,11449225.0,TQBR
2024-03-19,2625.0,2645.0,2605.0,2615.0,1889,4956955.0,TQBR
2024-03-20,2630.0,2630.0,2550.0,2560.0,3364,8718930.0,TQBR
2024-03-21,2585.0,2685.0,2585.0,2585.0,7537,19737135.0,TQBR
2024-03-22,2610.0,2615.0,2580.0,2580.0,1295,3357035.0,TQBR
2024-03-25,2580.0,2595.0,2535.0,2580.0,2556,6550725.0,TQBR
2024-03-26,2600.0,2600.0,2570.0,2570.0,3338,8622495.0,TQBR
2024-03-27,2570.0,2585.0,2540.0,2550.0,2521,6462870.0,TQBR
2024-03-28,2550.0,2590.0,2540.0,2560.0,3611,9281185.0,TQBR
2024-03-29,2555.0,2705.0,2555.0,2575.0,17725,46265630.0,TQBR
2024-04-01,2600.0,2645.0,2595.0,2615.0,8574,22473955.0,TQBR
2024-04-02,2630.0,2650.0,2600.0,2625.0,7716,20261365.0,TQBR
2024-04-03,2635.0,2850.0,2635.0,2720.0,60486,166596085.0,TQBR
2024-04-04,2730.0,2785.0,2700.0,2700.0,10944,29780530.0,TQBR
2024-04-05,2700.0,2710.0,2650.0,2670.0,6921,18502060.0,TQBR
2024-04-08,2700.0,3060.0,2670.0,2825.0,116641,338389940.0,TQBR
2024-04-09,2860.0,2950.0,2810.0,2815.0,37241,107429390.0,TQBR
2024-04-10,2845.0,2875.0,2780.0,2795.0,9409,26490285.0,TQBR
2024-04-11,2800.0,2835.0,2770.0,2780.0,5568,15565485.0,TQBR
2024-04-12,2835.0,3245.0,2810.0,3180.0,199313,611976820.0,TQBR
2024-04-15,3175.0,3180.0,3030.0,3055.0,44167,135604920.0,TQBR
2024-04-16,3075.0,3180.0,3035.0,3085.0,52237,162986775.0,TQBR
2024-04-17,3085.0,3150.0,3040.0,3060.0,13212,40729700.0,TQBR
2024-04-18,3070.0,3080.0,2955.0,3005.0,13732,41197900.0,TQBR
2024-04-19,3035.0,3045.0,2985.0,2990.0,5164,15496735.0,TQBR
2024-04-22,3000.0,3005.0,2895.0,2905.0,14214,41565275.0,TQBR
2024-04-23,2900.0,2925.0,2850.0,2875.0,7375,21247725.0,TQBR
2024-04-24,2890.0,2975.0,2860.0,2895.0,4786,13867750.0,TQBR
2024-04-25,2895.0,2895.0,2865.0,2875.0,2398,6902070.0,TQBR
2024-04-26,2885.0,2930.0,2880.0,2910.0,5684,16511940.0,TQBR
2024-04-27,2940.0,2975.0,2870.0,2885.0,9431,27704590.0,TQBR
2024-04-29,2885.0,2915.0,2865.0,2895.0,1084,3139540.0,TQBR
2024-04-30,2895.0,2960.0,2895.0,2925.0,4537,13297375.0,TQBR
2024-05-02,2945.0,3020.0,2915.0,2915.0,6560,19413670.0,TQBR
2024-05-03,2915.0,2975.0,2905.0,2905.0,5323,15609975.0,TQBR
2024-05-06,2955.0,2960.0,2910.0,2920.0,2781,8130395.0,TQBR
2024-05-07,2920.0,2925.0,2890.0,2900.0,2848,8275435.0,TQBR
2024-05-08,2915.0,2985.0,2900.0,2920.0,8517,25061140.0,TQBR
2024-05-10,2945.0,3060.0,2900.0,2900.0,29837,89169045.0,TQBR
2024-05-13,2910.0,2930.0,2900.0,2905.0,2514,7312050.0,TQBR
2024-05-14,2900.0,2930.0,2880.0,2905.0,2312,6726015.0,TQBR
2024-05-15,2905.0,2940.0,2905.0,2920.0,2905,8498750.0,TQBR
2024-05-16,2930.0,2940.0,2900.0,2900.0,2369,6927340.0,TQBR
2024-05-17,2900.0,2930.0,2900.0,2915.0,1594,4645090.0,TQBR
2024-05-20,2940.0,3020.0,2910.0,2925.0,11514,33996850.0,TQBR
2024-05-21,2925.0,2940.0,2860.0,2870.0,7114,20497170.0,TQBR
2024-05-22,2870.0,2915.0,2825.0,2830.0,4089,11716140.0,TQBR
2024-05-23,2830.0,2840.0,2685.0,2730.0,7034,19386435.0,TQBR
2024-05-24,2730.0,2775.0,2680.0,2700.0,6676,18134750.0,TQBR
2024-05-27,2705.0,2755.0,2610.0,2615.0,4360,11567980.0,TQBR
2024-05-28,2615.0,2795.0,2610.0,2720.0,6749,18273485.0,TQBR
2024-05-29,2725.0,2775.0,2650.0,2670.0,2439,6565950.0,TQBR
2024-05-30,2675.0,2750.0,2660.0,2700.0,2057,5574830.0,TQBR
2024-05-31,2695.0,2735.0,2615.0,2630.0,1952,5162520.0,TQBR
2024-06-03,2620.0,2620.0,2390.0,2465.0,7224,17840625.0,TQBR
2024-06-04,2470.0,2590.0,2465.0,2520.0,3843,9743075.0,TQBR
2024-06-05,2560.0,2570.0,2485.0,2530.0,2924,7409095.0,TQBR
2024-06-06,2545.0,2565.0,2490.0,2525.0,1649,4162145.0,TQBR
2024-06-07,2525.0,2550.0,2500.0,2540.0,2500,6327835.0,TQBR
2024-06-10,2545.0,2560.0,2525.0,2530.0,2604,6610845.0,TQBR
2024-06-11,2535.0,2535.0,2485.0,2520.0,1417,3553190.0,TQBR
2024-06-13,2500.0,2530.0,2390.0,2490.0,3750,9209045.0,TQBR
2024-06-14,2505.0,2760.0,2490.0,2595.0,16496,43540405.0,TQBR
2024-06-17,2630.0,2645.0,2520.0,2565.0,2909,7480540.0,TQBR
2024-06-18,2565.0,2655.0,2550.0,2555.0,3148,8146625.0,TQBR
2024-06-19,2560.0,2680.0,2485.0,2490.0,11988,30988790.0,TQBR
2024-06-20,2505.0,2555.0,2500.0,2520.0,1671,4205065.0,TQBR
2024-06-21,2530.0,2545.0,2495.0,2500.0,784,1966170.0,TQBR
2024-06-24,2485.0,2520.0,2480.0,2490.0,853,2127680.0,TQBR
2024-06-25,2505.0,2525.0,2480.0,2490.0,819,2035690.0,TQBR
2024-06-26,2495.0,2520.0,2485.0,2490.0,1084,2701330.0,TQBR
2024-06-27,2490.0,2505.0,2460.0,2485.0,1383,3433950.0,TQBR
2024-06-28,2485.0,2540.0,2480.0,2500.0,2870,7188845.0,TQBR
2024-07-01,2500.0,2530.0,2500.0,2505.0,1933,4846845.0,TQBR
2024-07-02,2505.0,2540.0,2490.0,2525.0,1940,4895215.0,TQBR
2024-07-03,2535.0,2665.0,2515.0,2515.0,22692,58907315.0,TQBR
2024-07-04,2540.0,2540.0,2475.0,2505.0,2723,6814110.0,TQBR
2024-07-05,2500.0,2505.0,2460.0,2480.0,927,2293695.0,TQBR
2024-07-08,2485.0,2500.0,2370.0,2385.0,3096,7513770.0,TQBR
2024-07-09,2390.0,2390.0,2300.0,2300.0,3051,7067225.0,TQBR
2024-07-10,2295.0,2295.0,2015.0,2055.0,8671,18672400.0,TQBR
2024-07-11,2050.0,2270.0,2015.0,2190.0,6822,14973725.0,TQBR
2024-07-12,2210.0,2240.0,2130.0,2145.0,1248,2707970.0,TQBR
2024-07-15,2195.0,2245.0,2135.0,2150.0,1162,2517505.0,TQBR
2024-07-16,2175.0,2210.0,2140.0,2190.0,2525,5465085.0,TQBR
2024-07-17,2265.0,2395.0,2195.0,2340.0,10341,24040770.0,TQBR
2024-07-18,2355.0,2360.0,2255.0,2295.0,2665,6168355.0,TQBR
2024-07-19,2285.0,2315.0,2225.0,2280.0,3560,8066370.0,TQBR
2024-07-22,2285.0,2355.0,2260.0,2275.0,2976,6833750.0,TQBR
2024-07-23,2300.0,2320.0,2265.0,2270.0,3361,7695725.0,TQBR
2024-07-24,2295.0,2300.0,2265.0,2285.0,1260,2872460.0,TQBR
2024-07-25,2280.0,2295.0,2240.0,2245.0,1682,3800520.0,TQBR
2024-07-26,2245.0,2265.0,2230.0,2240.0,1160,2603985.0,TQBR
2024-07-29,2245.0,2265.0,2170.0,2200.0,1272,2807385.0,TQBR
2024-07-30,2150.0,2225.0,2150.0,2215.0,1315,2884220.0,TQBR
2024-07-31,2250.0,2315.0,2235.0,2250.0,2518,5707365.0,TQBR
2024-08-01,2355.0,2525.0,2305.0,2335.0,19831,47757200.0,TQBR
2024-08-02,2355.0,2370.0,2260.0,2260.0,2884,6638950.0,TQBR
2024-08-05,2160.0,2295.0,2155.0,2180.0,2726,5988100.0,TQBR
2024-08-06,2205.0,2215.0,2175.0,2200.0,1395,3061175.0,TQBR
2024-08-07,2200.0,2245.0,2195.0,2230.0,1857,4124850.0,TQBR
2024-08-08,2230.0,2260.0,2210.0,2225.0,1358,3036975.0,TQBR
2024-08-09,2225.0,2235.0,2195.0,2205.0,592,1308965.0,TQBR
2024-08-12,2200.0,2225.0,2135.0,2200.0,3392,7435570.0,TQBR
2024-08-13,2235.0,2340.0,2200.0,2245.0,5680,12847260.0,TQBR
2024-08-14,2260.0,2275.0,2215.0,2215.0,1293,2899485.0,TQBR
2024-08-15,2230.0,2240.0,2200.0,2205.0,1575,3495005.0,TQBR
2024-08-16,2205.0,2260.0,2195.0,2220.0,3433,7665420.0,TQBR
2024-08-19,2245.0,2255.0,2190.0,2205.0,1150,2552470.0,TQBR
2024-08-20,2205.0,2260.0,2180.0,2220.0,4144,9192060.0,TQBR
2024-08-21,2220.0,2230.0,2180.0,2200.0,1492,3280970.0,TQBR
2024-08-22,2200.0,2220.0,2090.0,2100.0,4779,10238165.0,TQBR
2024-08-23,2100.0,2115.0,2030.0,2035.0,2870,5954310.0,TQBR
2024-08-26,2070.0,2110.0,2050.0,2080.0,1528,3179340.0,TQBR
2024-08-27,2080.0,2150.0,2040.0,2045.0,2073,4308750.0,TQBR
2024-08-28,2035.0,2045.0,1955.0,1970.0,2468,4923575.0,TQBR
2024-08-29,1975.0,2075.0,1955.0,1990.0,1734,3473335.0,TQBR
2024-08-30,2015.0,2025.0,1950.0,1960.0,1015,2000605.0,TQBR
2024-09-02,1960.0,1970.0,1690.0,1710.0,10429,18416345.0,TQBR
2024-09-03,1710.0,1765.0,1620.0,1640.0,6543,11026710.0,TQBR
2024-09-04,1680.0,1725.0,1620.0,1700.0,2424,4105710.0,TQBR
2024-09-05,1710.0,1900.0,1710.0,1725.0,6659,11774185.0,TQBR
2024-09-06,1760.0,1760.0,1730.0,1730.0,1072,1863850.0,TQBR
2024-09-09,1750.0,1780.0,1735.0,1760.0,1561,2751605.0,TQBR
2024-09-10,1790.0,1815.0,1770.0,1780.0,1779,3189255.0,TQBR
2024-09-11,1820.0,2120.0,1815.0,1960.0,30870,62027650.0,TQBR
2024-09-12,1920.0,2020.0,1810.0,1885.0,8246,15724920.0,TQBR
2024-09-13,1920.0,1950.0,1845.0,1950.0,3547,6727420.0,TQBR
2024-09-16,2000.0,2005.0,1925.0,1960.0,3981,7850160.0,TQBR
2024-09-17,1990.0,2000.0,1970.0,1975.0,1693,3355750.0,TQBR
2024-09-18,1975.0,1990.0,1935.0,1960.0,1343,2632940.0,TQBR
2024-09-19,1975.0,1980.0,1915.0,1945.0,2759,5368400.0,TQBR
2024-09-20,1945.0,1995.0,1910.0,1935.0,6292,12315460.0,TQBR
2024-09-23,1945.0,1995.0,1935.0,1960.0,4419,8687795.0,TQBR
2024-09-24,1990.0,2065.0,1940.0,1980.0,10977,21918860.0,TQBR
2024-09-25,2000.0,2010.0,1945.0,1955.0,3507,6916980.0,TQBR
2024-09-26,2050.0,2050.0,1920.0,1950.0,3383,6633575.0,TQBR
2024-09-27,1940.0,1950.0,1930.0,1945.0,932,1810335.0,TQBR
2024-09-30,1955.0,1980.0,1945.0,1955.0,1358,2667220.0,TQBR
2024-10-01,1960.0,1980.0,1910.0,1960.0,2319,4528635.0,TQBR
2024-10-02,1960.0,1965.0,1935.0,1935.0,1075,2096875.0,TQBR
2024-10-03,1935.0,1945.0,1910.0,1915.0,811,1557310.0,TQBR
2024-10-04,1915.0,1960.0,1910.0,1935.0,2291,4444445.0,TQBR
2024-10-07,1940.0,1940.0,1915.0,1920.0,467,899660.0,TQBR
2024-10-08,1915.0,1925.0,1900.0,1905.0,1351,2582545.0,TQBR
2024-10-09,1905.0,1910.0,1865.0,1885.0,1032,1952690.0,TQBR
2024-10-10,1880.0,1900.0,1870.0,1890.0,695,1311475.0,TQBR
2024-10-11,1900.0,2055.0,1885.0,1900.0,15250,29962010.0,TQBR
2024-10-14,1900.0,1915.0,1865.0,1910.0,2128,4037655.0,TQBR
2024-10-15,1910.0,1940.0,1890.0,1935.0,2996,5758960.0,TQBR
2024-10-16,1930.0,1945.0,1915.0,1925.0,1053,2029525.0,TQBR
2024-10-17,1925.0,1935.0,1905.0,1915.0,895,1717955.0,TQBR
2024-10-18,1915.0,1920.0,1880.0,1895.0,850,1609280.0,TQBR
2024-10-21,1915.0,2035.0,1895.0,1950.0,14152,27893850.0,TQBR
2024-10-22,1960.0,2115.0,1940.0,2030.0,32509,66743755.0,TQBR
2024-10-23,2045.0,2230.0,1960.0,1990.0,10981,22427900.0,TQBR
2024-10-24,2000.0,2040.0,1850.0,1915.0,8935,17096570.0,TQBR
2024-10-25,1930.0,1985.0,1840.0,1865.0,3067,5792590.0,TQBR
2024-10-28,1880.0,1900.0,1855.0,1865.0,1660,3113255.0,TQBR
2024-10-29,1860.0,1960.0,1800.0,1875.0,4234,7937875.0,TQBR
2024-10-30,1875.0,1925.0,1860.0,1860.0,1409,2656865.0,TQBR
2024-10-31,1875.0,1885.0,1815.0,1820.0,896,1652935.0,TQBR
2024-11-01,1825.0,1960.0,1810.0,1900.0,3843,7337180.0,TQBR
2024-11-02,1895.0,1905.0,1865.0,1890.0,1050,1977070.0,TQBR
2024-11-05,1890.0,1900.0,1865.0,1865.0,693,1302540.0,TQBR
2024-11-06,1880.0,1905.0,1875.0,1875.0,1128,2129970.0,TQBR
2024-11-07,1885.0,1885.0,1850.0,1860.0,1157,2158350.0,TQBR
2024-11-08,1855.0,1895.0,1855.0,1870.0,867,1628755.0,TQBR
2024-11-11,1880.0,1895.0,1875.0,1880.0,711,1338780.0,TQBR
2024-11-12,1880.0,1910.0,1860.0,1875.0,2232,4208955.0,TQBR
2024-11-13,1890.0,2040.0,1870.0,1900.0,18057,34997825.0,TQBR
2024-11-14,1890.0,1905.0,1850.0,1880.0,6399,11980930.0,TQBR
2024-11-15,1880.0,1885.0,1855.0,1875.0,979,1830055.0,TQBR
2024-11-18,1840.0,1880.0,1835.0,1860.0,1631,3029415.0,TQBR
2024-11-19,1870.0,1875.0,1820.0,1830.0,1252,2312625.0,TQBR
2024-11-20,1835.0,1860.0,1805.0,1820.0,1297,2364400.0,TQBR
2024-11-21,1820.0,1820.0,1740.0,1765.0,2395,4232370.0,TQBR
2024-11-22,1810.0,1890.0,1765.0,1840.0,5921,10878335.0,TQBR
2024-11-25,1800.0,1830.0,1770.0,1785.0,2095,3760120.0,TQBR
2024-11-26,1800.0,1800.0,1585.0,1630.0,6644,10972585.0,TQBR
2024-11-27,1620.0,1660.0,1490.0,1595.0,9670,15017055.0,TQBR
2024-11-28,1595.0,1670.0,1580.0,1610.0,2067,3344245.0,TQBR
2024-11-29,1655.0,1725.0,1610.0,1650.0,2992,4974395.0,TQBR
2024-12-02,1685.0,1695.0,1605.0,1640.0,2040,3350835.0,TQBR
2024-12-03,1640.0,1645.0,1570.0,1595.0,999,1603245.0,TQBR
2024-12-04,1595.0,1630.0,1590.0,1605.0,596,962335.0,TQBR
2024-12-05,1605.0,1615.0,1590.0,1605.0,471,755135.0,TQBR
2024-12-06,1600.0,1725.0,1600.0,1645.0,6999,11666560.0,TQBR
2024-12-09,1650.0,1670.0,1620.0,1645.0,1135,1861905.0,TQBR
2024-12-10,1630.0,1670.0,1605.0,1605.0,1757,2861765.0,TQBR
2024-12-11,1605.0,1650.0,1605.0,1610.0,1948,3165420.0,TQBR
2024-12-12,1610.0,1720.0,1600.0,1600.0,17671,29244385.0,TQBR
2024-12-13,1600.0,1665.0,1585.0,1610.0,5585,9121015.0,TQBR
2024-12-16,1625.0,1680.0,1600.0,1645.0,11127,18238960.0,TQBR
2024-12-17,1655.0,1865.0,1645.0,1775.0,33488,59316355.0,TQBR
2024-12-18,1790.0,1930.0,1780.0,1820.0,26643,49633975.0,TQBR
2024-12-19,1835.0,1835.0,1650.0,1680.0,10228,17665515.0,TQBR
2024-12-20,1710.0,1780.0,1685.0,1750.0,8084,14077585.0,TQBR
2024-12-23,1795.0,1830.0,1760.0,1770.0,5032,9001430.0,TQBR
2024-12-24,1780.0,1805.0,1730.0,1735.0,5324,9357600.0,TQBR
2024-12-25,1735.0,1785.0,1735.0,1750.0,3417,6011190.0,TQBR
2024-12-26,1765.0,1780.0,1705.0,1725.0,6425,11102915.0,TQBR
2024-12-27,1710.0,1735.0,1675.0,1710.0,3742,6387765.0,TQBR
2024-12-28,1720.0,1730.0,1705.0,1710.0,1664,2853890.0,TQBR
2024-12-30,1710.0,1740.0,1650.0,1710.0,6180,10534325.0,TQBR
2025-01-03,1725.0,1730.0,1705.0,1720.0,1895,3257155.0,TQBR
2025-01-06,1705.0,1720.0,1680.0,1705.0,1193,2026900.0,TQBR
2025-01-08,1720.0,1805.0,1705.0,1750.0,10572,18757530.0,TQBR
2025-01-09,1755.0,1800.0,1725.0,1775.0,4115,7246990.0,TQBR
2025-01-10,1775.0,1795.0,1740.0,1780.0,2683,4746475.0,TQBR
2025-01-13,1785.0,1800.0,1770.0,1785.0,1691,3018485.0,TQBR
2025-01-14,1785.0,1795.0,1760.0,1790.0,1525,2723840.0,TQBR
2025-01-15,1790.0,1800.0,1780.0,1785.0,669,1197070.0,TQBR
2025-01-16,1795.0,1830.0,1790.0,1805.0,4277,7747485.0,TQBR
2025-01-17,1790.0,1805.0,1740.0,1775.0,4470,7965155.0,TQBR
2025-01-20,1790.0,1800.0,1770.0,1775.0,1865,3327825.0,TQBR
2025-01-21,1775.0,1790.0,1770.0,1790.0,1648,2935270.0,TQBR
2025-01-22,1795.0,1820.0,1785.0,1805.0,2267,4096260.0,TQBR
2025-01-23,1800.0,1820.0,1785.0,1810.0,2006,3623105.0,TQBR
2025-01-24,1815.0,1870.0,1810.0,1820.0,7613,14029390.0,TQBR
2025-01-27,1825.0,1850.0,1790.0,1830.0,2002,3655850.0,TQBR
2025-01-28,1825.0,1825.0,1785.0,1820.0,1379,2487125.0,TQBR
2025-01-29,1820.0,1860.0,1795.0,1805.0,1251,2274520.0,TQBR
2025-01-30,1805.0,1815.0,1795.0,1805.0,1609,2907915.0,TQBR
2025-01-31,1810.0,1830.0,1770.0,1790.0,2645,4760655.0,TQBR
2025-02-03,1800.0,1805.0,1775.0,1775.0,1024,1829350.0,TQBR
2025-02-04,1795.0,1805.0,1765.0,1780.0,1476,2630215.0,TQBR
2025-02-05,1805.0,2020.0,1805.0,2020.0,40647,78922600.0,TQBR
2025-02-06,2045.0,2120.0,1875.0,1905.0,27169,53694145.0,TQBR
2025-02-07,1930.0,1965.0,1870.0,1885.0,7366,14087115.0,TQBR
2025-02-10,1905.0,1940.0,1875.0,1895.0,5170,9867800.0,TQBR
2025-02-11,1905.0,1925.0,1895.0,1895.0,2016,3837640.0,TQBR
2025-02-12,1915.0,2000.0,1905.0,1910.0,4451,8600595.0,TQBR
2025-02-13,1945.0,1950.0,1880.0,1905.0,6717,12825490.0,TQBR
2025-02-14,1905.0,1935.0,1895.0,1895.0,5145,9835960.0,TQBR
2025-02-17,1920.0,1980.0,1905.0,1950.0,7296,14265525.0,TQBR
2025-02-18,1970.0,1980.0,1930.0,1935.0,3253,6311215.0,TQBR
2025-02-19,1935.0,2120.0,1935.0,1995.0,16102,32633240.0,TQBR
2025-02-20,2040.0,2145.0,2010.0,2065.0,5619,11554490.0,TQBR
2025-02-21,2085.0,2100.0,1995.0,2035.0,5235,10696970.0,TQBR
2025-02-24,2055.0,2090.0,2035.0,2045.0,2583,5326695.0,TQBR
2025-02-25,2075.0,2075.0,2025.0,2030.0,3849,7883940.0,TQBR
2025-02-26,2060.0,2075.0,2000.0,2060.0,4853,9910325.0,TQBR
2025-02-27,2060.0,2065.0,1995.0,2010.0,3839,7786770.0,TQBR
2025-02-28,1995.0,2005.0,1920.0,1945.0,2852,5569445.0,TQBR
2025-03-03,1945.0,2010.0,1940.0,1945.0,2016,3967685.0,TQBR
2025-03-04,1965.0,2000.0,1935.0,1985.0,2641,5214110.0,TQBR
2025-03-05,2020.0,2135.0,1975.0,2010.0,12892,26442095.0,TQBR
2025-03-06,2010.0,2025.0,1960.0,1980.0,2699,5344405.0,TQBR
2025-03-07,1980.0,2015.0,1975.0,1975.0,1279,2547270.0,TQBR
2025-03-10,1985.0,2020.0,1975.0,1980.0,2571,5136560.0,TQBR
2025-03-11,1990.0,2080.0,1980.0,2005.0,7741,15757165.0,TQBR
2025-03-12,2005.0,2015.0,1980.0,1995.0,1689,3364275.0,TQBR
2025-03-13,1995.0,1995.0,1965.0,1975.0,1579,3116530.0,TQBR
2025-03-14,1990.0,2025.0,1975.0,1985.0,3170,6327920.0,TQBR
2025-03-17,2020.0,2050.0,1990.0,2000.0,1975,3964705.0,TQBR
2025-03-18,2025.0,2070.0,2005.0,2025.0,4739,9682750.0,TQBR
2025-03-19,2025.0,2055.0,2025.0,2035.0,1987,4041625.0,TQBR
2025-03-20,2035.0,2035.0,2005.0,2005.0,1778,3575975.0,TQBR
2025-03-21,2000.0,2020.0,1980.0,1990.0,1468,2934475.0,TQBR
2025-03-24,2000.0,2010.0,1990.0,1995.0,813,1624950.0,TQBR
2025-03-25,2010.0,2035.0,1985.0,2000.0,873,1746090.0,TQBR
2025-03-26,2005.0,2020.0,1975.0,1985.0,1480,2954870.0,TQBR
2025-03-27,1980.0,1985.0,1925.0,1965.0,1865,3637450.0,TQBR
2025-03-28,1950.0,2000.0,1930.0,1940.0,2250,4415490.0,TQBR
2025-03-31,1925.0,1945.0,1875.0,1890.0,2328,4419385.0,TQBR
2025-04-01,1905.0,1925.0,1885.0,1905.0,1248,2378080.0,TQBR
2025-04-02,1915.0,1920.0,1895.0,1895.0,346,659065.0,TQBR
2025-04-03,1900.0,1910.0,1840.0,1850.0,1203,2258670.0,TQBR
2025-04-04,1850.0,1865.0,1770.0,1810.0,1396,2542840.0,TQBR
2025-04-07,1720.0,1765.0,1655.0,1740.0,2443,4197735.0,TQBR
2025-04-08,1760.0,1795.0,1750.0,1780.0,792,1407660.0,TQBR
2025-04-09,1750.0,1785.0,1705.0,1725.0,1155,2005690.0,TQBR
2025-04-10,1785.0,1790.0,1735.0,1755.0,975,1713935.0,TQBR
2025-04-11,1785.0,1930.0,1785.0,1865.0,3369,6271570.0,TQBR
2025-04-14,1900.0,1935.0,1835.0,1865.0,1007,1887550.0,TQBR
2025-04-15,1850.0,1900.0,1850.0,1855.0,486,908680.0,TQBR
2025-04-16,1880.0,1995.0,1880.0,1925.0,8564,16684250.0,TQBR
2025-04-17,1940.0,1950.0,1855.0,1890.0,2041,3877670.0,TQBR
2025-04-18,1900.0,1920.0,1880.0,1890.0,570,1081740.0,TQBR
2025-04-21,1905.0,1940.0,1880.0,1905.0,1532,2915585.0,TQBR
2025-04-22,1930.0,1970.0,1865.0,1900.0,1860,3544505.0,TQBR
2025-04-23,1895.0,1975.0,1850.0,1865.0,3128,5937465.0,TQBR
2025-04-24,1865.0,1885.0,1820.0,1850.0,2510,4621020.0,TQBR
2025-04-25,1835.0,1850.0,1825.0,1835.0,1069,1966870.0,TQBR
2025-04-28,1850.0,1860.0,1805.0,1820.0,2047,3731465.0,TQBR
2025-04-29,1820.0,1820.0,1750.0,1775.0,1729,3093270.0,TQBR
2025-04-30,1785.0,1790.0,1755.0,1775.0,701,1243135.0,TQBR
2025-05-02,1760.0,1770.0,1730.0,1730.0,608,1063210.0,TQBR
2025-05-05,1745.0,1790.0,1720.0,1720.0,1409,2461435.0,TQBR
2025-05-06,1735.0,1770.0,1720.0,1735.0,563,985485.0,TQBR
2025-05-07,1735.0,1835.0,1735.0,1745.0,2742,4853755.0,TQBR
2025-05-08,1755.0,1790.0,1745.0,1785.0,1039,1834900.0,TQBR
2025-05-12,1800.0,1810.0,1750.0,1785.0,1413,2514285.0,TQBR
2025-05-13,1785.0,1790.0,1755.0,1770.0,896,1585480.0,TQBR
2025-05-14,1770.0,1780.0,1760.0,1765.0,317,560275.0,TQBR
2025-05-15,1765.0,1765.0,1735.0,1745.0,610,1065520.0,TQBR
2025-05-16,1765.0,1770.0,1735.0,1750.0,461,808905.0,TQBR
2025-05-19,1750.0,1780.0,1750.0,1770.0,997,1752315.0,TQBR
2025-05-20,1770.0,1800.0,1750.0,1775.0,1519,2696180.0,TQBR
2025-05-21,1790.0,1815.0,1760.0,1765.0,942,1682550.0,TQBR
2025-05-22,1755.0,1780.0,1750.0,1750.0,858,1503560.0,TQBR
2025-05-23,1755.0,1765.0,1750.0,1755.0,376,659795.0,TQBR
2025-05-26,1730.0,1735.0,1650.0,1685.0,2540,4287145.0,TQBR
2025-05-27,1680.0,1725.0,1680.0,1705.0,957,1628695.0,TQBR
2025-05-28,1745.0,1750.0,1695.0,1700.0,412,707130.0,TQBR
2025-05-29,1720.0,1720.0,1675.0,1690.0,561,953780.0,TQBR
2025-05-30,1680.0,1680.0,1645.0,1660.0,1874,3110615.0,TQBR
2025-06-02,1660.0,1665.0,1520.0,1585.0,9685,15313405.0,TQBR
2025-06-03,1605.0,1740.0,1575.0,1680.0,11427,19042160.0,TQBR
2025-06-04,1695.0,1695.0,1605.0,1625.0,3238,5317065.0,TQBR
2025-06-05,1665.0,1665.0,1620.0,1645.0,1451,2392105.0,TQBR
2025-06-06,1650.0,1650.0,1605.0,1620.0,1338,2179870.0,TQBR
2025-06-09,1630.0,1630.0,1600.0,1605.0,624,1006155.0,TQBR
2025-06-10,1605.0,1620.0,1565.0,1595.0,1508,2397500.0,TQBR
2025-06-11,1615.0,1615.0,1580.0,1605.0,489,781375.0,TQBR
2025-06-13,1625.0,1625.0,1590.0,1595.0,254,407990.0,TQBR
2025-06-16,1600.0,1605.0,1565.0,1580.0,895,1418055.0,TQBR
2025-06-17,1580.0,1590.0,1570.0,1590.0,545,861150.0,TQBR
2025-06-18,1585.0,1585.0,1570.0,1585.0,410,648155.0,TQBR
2025-06-19,1585.0,1590.0,1580.0,1585.0,344,544600.0,TQBR
2025-06-20,1585.0,1590.0,1570.0,1580.0,522,826015.0,TQBR
2025-06-23,1575.0,1590.0,1555.0,1565.0,581,910765.0,TQBR
2025-06-24,1565.0,1565.0,1510.0,1530.0,1569,2410240.0,TQBR
2025-06-25,1545.0,1560.0,1525.0,1550.0,910,1407430.0,TQBR
2025-06-26,1550.0,1565.0,1535.0,1560.0,1411,2190310.0,TQBR
2025-06-27,1560.0,1575.0,1545.0,1555.0,1422,2207515.0,TQBR
2025-06-30,1550.0,1565.0,1530.0,1555.0,939,1458570.0,TQBR
2025-07-01,1555.0,1610.0,1555.0,1610.0,2849,4523875.0,TQBR
2025-07-02,1600.0,1615.0,1570.0,1575.0,628,996455.0,TQBR
2025-07-03,1585.0,1590.0,1555.0,1565.0,1208,1894095.0,TQBR
2025-07-04,1565.0,1590.0,1535.0,1550.0,969,1500040.0,TQBR
2025-07-07,1540.0,1560.0,1540.0,1545.0,478,739075.0,TQBR
2025-07-08,1545.0,1545.0,1515.0,1525.0,1106,1692425.0,TQBR
2025-07-09,1530.0,1535.0,1230.0,1230.0,12902,17154330.0,TQBR
2025-07-10,1130.0,1155.0,1130.0,1130.0,4202,4748630.0,TQBR
2025-07-11,1020.0,1020.0,905.0,905.0,4606,4341335.0,TQBR
2025-07-14,880.0,880.0,720.0,720.0,7480,5839220.0,TQBR
2025-07-15,720.0,720.0,650.0,650.0,16377,11019805.0,TQBR
2025-07-16,650.0,650.0,585.0,585.0,15894,9522670.0,TQBR
2025-07-17,585.0,585.0,530.0,530.0,11745,6463400.0,TQBR
2025-07-18,530.0,530.0,480.0,480.0,10342,5073685.0,TQBR
2025-07-21,470.0,655.0,470.0,655.0,67599,39251280.0,TQBR
2025-07-22,650.0,650.0,570.0,650.0,93343,58629325.0,TQBR
2025-07-23,675.0,710.0,635.0,710.0,74325,51193325.0,TQBR
2025-07-24,715.0,875.0,665.0,875.0,72394,55743820.0,TQBR
2025-07-25,870.0,870.0,820.0,860.0,37904,32547940.0,TQBR
2025-07-28,880.0,955.0,870.0,955.0,31368,29015650.0,TQBR
2025-07-29,960.0,960.0,930.0,960.0,9243,8859150.0,TQBR
2025-07-30,1020.0,1050.0,1020.0,1050.0,10320,10807090.0,TQBR
2025-07-31,1150.0,1150.0,1150.0,1150.0,4884,5616600.0,TQBR
2025-08-01,1260.0,1260.0,1165.0,1260.0,11444,14360360.0,TQBR
2025-08-04,1380.0,1380.0,1370.0,1380.0,4436,6121160.0,TQBR
2025-08-05,1515.0,1515.0,1080.0,1080.0,134779,167369845.0,TQBR
2025-08-06,980.0,1000.0,850.0,850.0,34951,30786635.0,TQBR
2025-08-07,765.0,930.0,700.0,930.0,49245,42372905.0,TQBR
2025-08-08,995.0,1020.0,940.0,1020.0,23261,23402305.0,TQBR
2025-08-11,1100.0,1115.0,950.0,1040.0,69150,72382070.0,TQBR
2025-08-12,1050.0,1080.0,970.0,985.0,18097,18174890.0,TQBR
2025-08-13,1010.0,1040.0,985.0,1000.0,15888,15901675.0,TQBR
2025-08-14,1000.0,1025.0,985.0,995.0,18619,18715045.0,TQBR
2025-08-15,1000.0,1060.0,995.0,995.0,26162,26734140.0,TQBR
2025-08-18,1030.0,1030.0,890.0,930.0,28832,26846850.0,TQBR
2025-08-19,935.0,970.0,910.0,925.0,15335,14391895.0,TQBR
2025-08-20,910.0,935.0,890.0,900.0,10537,9619030.0,TQBR
2025-08-21,890.0,900.0,790.0,880.0,25125,21064140.0,TQBR
2025-08-22,875.0,875.0,805.0,820.0,12904,10923475.0,TQBR
2025-08-25,820.0,930.0,810.0,930.0,47780,43109810.0,TQBR
2025-08-26,970.0,1020.0,930.0,1020.0,84521,84736135.0,TQBR
2025-08-27,1065.0,1090.0,950.0,990.0,42195,42110615.0,TQBR
2025-08-28,990.0,995.0,900.0,935.0,20354,19058665.0,TQBR
2025-08-29,935.0,960.0,900.0,910.0,13563,12473360.0,TQBR
2025-09-01,910.0,1005.0,905.0,960.0,30097,28721075.0,TQBR
2025-09-02,960.0,965.0,900.0,925.0,13609,12560065.0,TQBR
2025-09-03,925.0,960.0,915.0,930.0,6484,6051765.0,TQBR
2025-09-04,940.0,940.0,905.0,930.0,7296,6707340.0,TQBR
2025-09-05,925.0,930.0,915.0,920.0,3955,3636695.0,TQBR
2025-09-08,915.0,925.0,905.0,910.0,6961,6369525.0,TQBR
2025-09-09,910.0,920.0,900.0,910.0,6239,5673810.0,TQBR
2025-09-10,920.0,920.0,900.0,900.0,4462,4036265.0,TQBR
2025-09-11,900.0,905.0,880.0,905.0,5408,4817680.0,TQBR
2025-09-12,905.0,905.0,875.0,890.0,6979,6197080.0,TQBR
2025-09-15,890.0,900.0,850.0,865.0,7180,6285155.0,TQBR
2025-09-16,845.0,855.0,820.0,830.0,8724,7231720.0,TQBR
2025-09-17,820.0,910.0,815.0,900.0,25640,22504185.0,TQBR
2025-09-18,900.0,905.0,845.0,865.0,8512,7363075.0,TQBR
2025-09-19,860.0,870.0,845.0,855.0,2793,2394180.0,TQBR
2025-09-22,855.0,860.0,815.0,830.0,6487,5377625.0,TQBR
2025-09-23,825.0,835.0,820.0,825.0,2057,1701350.0,TQBR
2025-09-24,830.0,830.0,790.0,815.0,6360,5131500.0,TQBR
2025-09-25,805.0,820.0,800.0,815.0,2602,2117120.0,TQBR
2025-09-26,810.0,825.0,800.0,815.0,1744,1409130.0,TQBR
2025-09-29,815.0,830.0,760.0,795.0,8064,6387715.0,TQBR
2025-09-30,775.0,805.0,730.0,750.0,8208,6197650.0,TQBR
2025-10-01,750.0,860.0,705.0,775.0,37920,30333890.0,TQBR
2025-10-02,770.0,770.0,730.0,740.0,6039,4467420.0,TQBR
2025-10-03,740.0,760.0,715.0,715.0,3686,2696595.0,TQBR
2025-10-06,725.0,725.0,685.0,705.0,8202,5755675.0,TQBR
2025-10-07,705.0,730.0,700.0,720.0,3608,2580805.0,TQBR
2025-10-08,720.0,745.0,675.0,695.0,4479,3131060.0,TQBR
2025-10-09,695.0,725.0,675.0,695.0,4587,3209300.0,TQBR
2025-10-10,715.0,720.0,685.0,695.0,2490,1742250.0,TQBR
2025-10-13,690.0,710.0,685.0,700.0,3150,2206740.0,TQBR
2025-10-14,690.0,700.0,685.0,685.0,2431,1682025.0,TQBR
2025-10-15,695.0,705.0,685.0,695.0,2012,1391545.0,TQBR
2025-10-16,690.0,710.0,680.0,690.0,6069,4216555.0,TQBR
2025-10-17,700.0,705.0,685.0,695.0,2518,1744880.0,TQBR
2025-10-20,695.0,705.0,670.0,690.0,6467,4477555.0,TQBR
2025-10-21,695.0,695.0,670.0,680.0,2440,1663000.0,TQBR
2025-10-22,680.0,685.0,665.0,680.0,2173,1463720.0,TQBR
2025-10-23,665.0,695.0,645.0,665.0,5107,3416720.0,TQBR
2025-10-24,670.0,670.0,660.0,665.0,1565,1038555.0,TQBR
2025-10-27,665.0,665.0,630.0,650.0,4328,2796225.0,TQBR
2025-10-28,645.0,650.0,625.0,635.0,3907,2482870.0,TQBR
2025-10-29,635.0,635.0,600.0,610.0,7302,4478035.0,TQBR
2025-10-30,610.0,610.0,585.0,605.0,6295,3755855.0,TQBR
2025-10-31,600.0,650.0,590.0,610.0,15892,10009250.0,TQBR
2025-11-01,610.0,625.0,600.0,605.0,4402,2689260.0,TQBR
2025-11-03,615.0,615.0,600.0,600.0,1593,968400.0,TQBR
2025-11-05,605.0,625.0,600.0,610.0,8037,4909980.0,TQBR
2025-11-06,610.0,615.0,590.0,605.0,2410,1455315.0,TQBR
2025-11-07,600.0,605.0,580.0,590.0,5981,3532500.0,TQBR
2025-11-10,595.0,605.0,575.0,590.0,7137,4197915.0,TQBR
2025-11-11,590.0,645.0,585.0,630.0,16381,10216900.0,TQBR
2025-11-12,630.0,640.0,610.0,620.0,5719,3550155.0,TQBR
2025-11-13,610.0,620.0,600.0,605.0,3189,1940695.0,TQBR
2025-11-14,605.0,650.0,600.0,630.0,12266,7729695.0,TQBR
2025-11-17,630.0,635.0,615.0,630.0,4985,3119480.0,TQBR
2025-11-18,630.0,630.0,600.0,620.0,3201,1969895.0,TQBR
2025-11-19,625.0,635.0,610.0,625.0,3231,2015690.0,TQBR
2025-11-20,620.0,625.0,610.0,625.0,5658,3496395.0,TQBR
2025-11-21,615.0,640.0,615.0,620.0,4008,2503290.0,TQBR
2025-11-24,625.0,625.0,605.0,615.0,2674,1646420.0,TQBR
2025-11-25,610.0,620.0,610.0,615.0,1389,852740.0,TQBR
2025-11-26,615.0,650.0,615.0,620.0,6357,4026745.0,TQBR
2025-11-27,625.0,625.0,610.0,625.0,3324,2060460.0,TQBR
2025-11-28,625.0,635.0,620.0,630.0,3668,2296235.0,TQBR
2025-12-01,625.0,640.0,615.0,625.0,3413,2141335.0,TQBR
2025-12-02,625.0,655.0,620.0,630.0,5837,3705115.0,TQBR
2025-12-03,630.0,630.0,620.0,625.0,1403,879360.0,TQBR
2025-12-04,625.0,630.0,620.0,625.0,1731,1078795.0,TQBR
2025-12-05,625.0,630.0,610.0,615.0,3345,2075080.0,TQBR
2025-12-08,620.0,630.0,615.0,620.0,2153,1337410.0,TQBR
2025-12-09,620.0,625.0,615.0,620.0,1179,729940.0,TQBR
2025-12-10,620.0,620.0,610.0,620.0,1706,1051800.0,TQBR
2025-12-11,620.0,620.0,605.0,615.0,4988,3052340.0,TQBR
2025-12-12,615.0,620.0,610.0,620.0,2092,1287420.0,TQBR
2025-12-15,620.0,620.0,610.0,620.0,4721,2906645.0,TQBR
2025-12-16,615.0,620.0,610.0,620.0,1211,744665.0,TQBR
2025-12-17,620.0,635.0,610.0,620.0,9424,5879825.0,TQBR
2025-12-18,615.0,625.0,610.0,620.0,1744,1076590.0,TQBR
2025-12-19,620.0,630.0,610.0,620.0,4908,3037615.0,TQBR
2025-12-22,615.0,680.0,615.0,680.0,11788,7724935.0,TQBR
2025-12-23,745.0,745.0,725.0,745.0,6125,4561045.0,TQBR
2025-12-24,810.0,815.0,800.0,815.0,5263,4278530.0,TQBR
2025-12-25,870.0,885.0,695.0,735.0,45492,34609730.0,TQBR
2025-12-26,760.0,810.0,735.0,810.0,39103,31126050.0,TQBR
2025-12-29,810.0,830.0,760.0,765.0,19859,15824665.0,TQBR
2025-12-30,760.0,780.0,740.0,765.0,5558,4224750.0,TQBR
2026-01-05,760.0,760.0,735.0,750.0,5222,3898115.0,TQBR
2026-01-06,750.0,765.0,735.0,750.0,3275,2451495.0,TQBR
2026-01-08,745.0,815.0,735.0,785.0,16741,13181870.0,TQBR
2026-01-09,785.0,790.0,755.0,770.0,6921,5358825.0,TQBR
2026-01-12,780.0,805.0,765.0,780.0,11543,9035180.0,TQBR
2026-01-13,775.0,780.0,750.0,760.0,5331,4086440.0,TQBR
2026-01-14,760.0,775.0,745.0,765.0,6699,5115610.0,TQBR
2026-01-15,775.0,775.0,740.0,750.0,9745,7337570.0,TQBR
2026-01-16,755.0,765.0,750.0,750.0,2443,1842935.0,TQBR
2026-01-19,760.0,765.0,735.0,755.0,5502,4136710.0,TQBR
2026-01-20,750.0,765.0,750.0,755.0,5187,3915815.0,TQBR
2026-01-21,755.0,825.0,750.0,825.0,45468,36536370.0,TQBR
2026-01-22,850.0,900.0,780.0,810.0,37817,31448585.0,TQBR
2026-01-23,815.0,860.0,805.0,810.0,14578,11999450.0,TQBR
2026-01-26,820.0,875.0,810.0,835.0,23349,19466845.0,TQBR
2026-01-27,840.0,840.0,815.0,830.0,8836,7264750.0,TQBR
2026-01-28,830.0,900.0,815.0,900.0,73829,64179110.0,TQBR
2026-01-29,920.0,960.0,870.0,920.0,77040,72318880.0,TQBR
2026-01-30,930.0,970.0,880.0,905.0,18603,17160830.0,TQBR
2026-02-02,905.0,905.0,820.0,845.0,27320,23141350.0,TQBR
2026-02-03,850.0,900.0,836.0,862.0,14779,12912528.0,TQBR
2026-02-04,862.0,898.0,842.0,844.0,11834,10293176.0,TQBR
2026-02-05,844.0,844.0,792.0,800.0,7502,6102956.0,TQBR
2026-02-06,800.0,820.0,794.0,804.0,6482,5223224.0,TQBR
2026-02-09,804.0,848.0,800.0,802.0,10535,8584078.0,TQBR
2026-02-10,804.0,810.0,750.0,758.0,20143,15514870.0,TQBR
2026-02-11,752.0,758.0,702.0,722.0,24585,17684632.0,TQBR
2026-02-12,708.0,750.0,660.0,670.0,32021,22531316.0,TQBR
2026-02-13,668.0,718.0,612.0,642.0,52613,34011408.0,TQBR
2026-02-16,610.0,634.0,498.0,504.0,151970,82851672.0,TQBR
2026-02-17,506.0,516.0,406.0,446.0,126915,57601716.0,TQBR
2026-02-18,448.0,496.0,430.0,484.0,80139,38450756.0,TQBR
2026-02-19,486.0,536.0,486.0,536.0,96307,50031560.0,TQBR
2026-02-20,542.0,588.0,524.0,588.0,81649,47059426.0,TQBR
2026-02-24,594.0,606.0,480.0,538.0,133406,72821614.0,TQBR
2026-02-25,538.0,546.0,510.0,518.0,37998,19782626.0,TQBR
2026-02-26,520.0,532.0,482.0,498.0,49144,24711456.0,TQBR
2026-02-27,500.0,504.0,470.0,486.0,32864,15999798.0,TQBR
2026-03-02,488.0,524.0,468.0,504.0,43477,21859042.0,TQBR
2026-03-03,504.0,506.0,464.0,470.0,22384,10712820.0,TQBR
2026-03-04,466.0,496.0,428.0,438.0,29653,13347126.0,TQBR
2026-03-05,440.0,440.0,364.0,368.0,57522,22500464.0,TQBR
2026-03-06,368.0,416.0,350.0,370.0,37617,14297728.0,TQBR
2026-03-09,370.0,414.0,368.0,414.0,38322,15230998.0,TQBR
2026-03-10,416.0,428.0,392.0,394.0,26037,10763794.0,TQBR
2026-03-11,392.0,414.0,370.0,376.0,18674,7170892.0,TQBR
2026-03-12,374.0,384.0,358.0,368.0,13922,5151460.0,TQBR
2026-03-13,370.0,374.0,350.0,358.0,14049,5043882.0,TQBR
2026-03-16,358.0,362.0,310.0,316.0,55544,18543248.0,TQBR
2026-03-17,316.0,316.0,284.0,286.0,43856,12995886.0,TQBR
2026-03-18,282.0,294.0,240.0,250.0,74297,19614784.0,TQBR
2026-03-19,250.0,260.0,232.0,236.0,39774,9590396.0,TQBR
2026-03-20,236.0,240.0,222.0,226.0,47175,10860510.0,TQBR
2026-03-23,234.0,236.0,210.0,216.0,24302,5295628.0,TQBR
2026-03-24,216.0,222.0,204.0,212.0,32114,6859116.0,TQBR
2026-03-25,212.0,236.0,212.0,236.0,45882,10640890.0,TQBR
2026-03-26,244.0,258.0,184.0,184.0,133102,29110718.0,TQBR
