date,open,high,low,close,volume,value,board
2009-01-14,1400.0,1400.0,1400.0,1400.0,2,2800.0,EQNE
2009-01-15,1960.0,1960.0,1960.0,1960.0,1,1960.0,EQNE
2009-01-21,1950.0,1950.0,1800.0,1830.0,3,5580.0,EQNE
2009-01-23,1650.0,1700.0,1650.0,1700.0,2,3350.0,EQNE
2009-01-26,1695.0,1719.0,1695.0,1719.0,3,5109.0,EQNE
2009-01-27,1730.0,1740.0,1730.0,1740.0,3,5200.0,EQNE
2009-01-28,1750.0,1795.0,1750.0,1795.0,7,12295.0,EQNE
2009-01-29,1760.0,1760.0,1650.0,1650.0,26,43640.0,EQNE
2009-01-30,1650.0,1675.0,1640.0,1645.0,8,13235.0,EQNE
2009-02-02,1650.0,1650.0,1650.0,1650.0,1,1650.0,EQNE
2009-02-03,1630.0,1649.0,1600.0,1649.0,11,17739.0,EQNE
2009-02-04,1620.0,1660.0,1500.0,1600.0,45,69935.0,EQNE
2009-02-05,1500.0,1620.0,1500.0,1600.0,6,9555.0,EQNE
2009-02-06,1600.0,1600.0,1300.0,1380.0,129,176602.35,EQNE
2009-02-09,1390.0,1440.0,1300.0,1435.0,55,74409.16,EQNE
2009-02-10,1430.0,1438.9,1350.0,1420.0,159,226808.9,EQNE
2009-02-11,1449.0,1478.0,1430.0,1478.0,22,32212.8,EQNE
2009-02-12,1500.0,1500.0,1500.0,1500.0,2,3000.0,EQNE
2009-02-13,1489.0,1540.0,1350.0,1520.0,609,880178.0,EQNE
2009-02-16,1517.0,1517.0,1350.01,1350.01,2,2867.01,EQNE
2009-02-17,1357.0,1395.0,1200.0,1318.0,51,67166.08,EQNE
2009-02-18,1300.0,1549.0,1199.0,1330.0,347,523722.12,EQNE
2009-02-19,1300.01,1390.0,1300.0,1390.0,271,374360.0,EQNE
2009-02-20,1399.98,1450.0,1081.0,1398.99,97,118209.69,EQNE
2009-02-24,1399.99,1500.0,1111.0,1348.0,47,60946.32,EQNE
2009-02-25,1300.0,1397.77,1113.0,1287.0,207,239606.86,EQNE
2009-02-26,1300.02,1300.02,1190.0,1214.99,5,6095.01,EQNE
2009-02-27,1214.99,1279.0,1100.0,1199.0,24,27728.98,EQNE
2009-03-02,1200.0,1200.0,1101.0,1200.0,6,6999.0,EQNE
2009-03-03,1187.0,1225.0,1100.0,1100.0,26,29288.11,EQNE
2009-03-04,1101.0,1188.99,1100.0,1120.0,27,30372.85,EQNE
2009-03-05,1125.0,1125.0,1120.0,1120.0,10,11225.0,EQNE
2009-03-06,1169.99,1200.0,1000.0,1200.0,68,76737.96,EQNE
2009-03-10,1101.0,1164.89,1101.0,1164.89,14,15746.92,EQNE
2009-03-11,1150.0,1169.99,1100.0,1100.0,5,5619.99,EQNE
2009-03-12,1176.0,1249.9,1120.0,1159.99,83,97259.82,EQNE
2009-03-13,1111.01,1197.0,1100.0,1197.0,31,35724.03,EQNE
2009-03-16,1189.0,1199.99,1141.01,1199.99,78,92877.94,EQNE
2009-03-17,1198.9,1198.9,1198.9,1198.9,1,1198.9,EQNE
2009-03-19,1150.0,1197.0,1150.0,1197.0,28,33057.0,EQNE
2009-03-20,1210.0,1299.0,1120.0,1199.0,22,26444.69,EQNE
2009-03-23,1200.0,1200.0,1155.0,1155.0,4,4754.0,EQNE
2009-03-24,1115.0,1200.0,1115.0,1198.0,56,66793.96,EQNE
2009-03-25,1145.0,1187.0,1100.0,1187.0,69,77561.61,EQNE
2009-03-26,1186.0,1199.9,1125.0,1126.01,107,124838.16,EQNE
2009-03-27,1157.0,1157.0,1120.0,1120.0,26,29466.0,EQNE
2009-03-30,1200.0,1218.98,1189.0,1200.0,35,41995.96,EQNE
2009-03-31,1299.99,1310.0,1124.0,1124.0,79,91273.04,EQNE
2009-04-01,1127.0,1160.0,1127.0,1160.0,51,58339.9,EQNE
2009-04-02,1170.0,1170.0,1155.0,1155.0,6,6975.0,EQNE
2009-04-03,1113.0,1195.0,950.83,1150.0,399,444964.55,EQNE
2009-04-06,1125.0,1134.99,1020.0,1020.0,120,132072.21,EQNE
2009-04-07,1117.7,1187.7,1040.0,1100.0,407,440273.67,EQNE
2009-04-08,1140.0,1145.0,1023.0,1114.99,14,15741.69,EQNE
2009-04-09,1147.0,1148.0,1120.0,1128.0,20,22701.0,EQNE
2009-04-10,1120.0,1139.0,1120.0,1120.0,25,28019.04,EQNE
2009-04-13,1112.05,1125.0,1100.0,1105.0,72,80078.48,EQNE
2009-04-14,1100.02,1130.0,1100.0,1100.0,88,97690.11,EQNE
2009-04-15,1088.0,1112.0,1029.99,1055.0,181,188403.94,EQNE
2009-04-16,1100.0,1127.0,1013.0,1090.0,318,334933.0,EQNE
2009-04-17,1094.98,1095.0,1089.99,1095.0,18,19703.77,EQNE
2009-04-20,1075.0,1075.0,1025.0,1039.0,27,28184.05,EQNE
2009-04-21,1094.34,1300.0,1035.0,1099.0,90,97328.31,EQNE
2009-04-22,1023.0,1090.0,1000.0,1019.0,90,94678.2,EQNE
2009-04-23,1095.0,1095.0,1005.0,1040.0,71,73339.0,EQNE
2009-04-24,1089.0,1100.0,1031.0,1031.0,71,76371.81,EQNE
2009-04-27,1098.0,1100.0,1006.0,1059.97,360,372028.09,EQNE
2009-04-28,1010.0,1020.0,1000.0,1016.0,126,126632.16,EQNE
2009-04-29,1000.0,1035.0,995.0,1015.0,105,106433.93,EQNE
2009-04-30,1025.0,1044.0,1000.0,1035.0,463,472886.71,EQNE
2009-05-04,1047.0,1059.0,1025.0,1049.99,192,201242.97,EQNE
2009-05-05,1089.5,1089.5,1001.1,1042.99,486,497482.49,EQNE
2009-05-06,1055.99,1079.0,1050.0,1050.0,217,228763.99,EQNE
2009-05-07,1077.0,1130.0,1062.0,1085.0,160,174495.31,EQNE
2009-05-08,1084.0,1084.0,1042.01,1079.99,15,15793.08,EQNE
2009-05-12,1069.99,1083.0,1020.0,1082.97,323,340318.14,EQNE
2009-05-13,1080.0,1125.0,1065.0,1065.0,295,323270.09,EQNE
2009-05-14,1045.0,1140.0,1038.0,1075.0,98,105203.86,EQNE
2009-05-15,1060.0,1082.0,1045.0,1082.0,39,41660.0,EQNE
2009-05-18,1082.0,1094.0,1070.0,1092.0,45,48305.01,EQNE
2009-05-19,1051.0,1080.0,1050.0,1050.0,275,292442.07,EQNE
2009-05-20,1060.0,1075.0,1045.0,1075.0,480,506425.0,EQNE
2009-05-21,1050.1,1069.0,1045.0,1069.0,38,39760.43,EQNE
2009-05-22,1064.5,1066.0,1028.0,1054.05,218,229881.33,EQNE
2009-05-25,1045.0,1079.0,1030.01,1069.0,376,403096.49,EQNE
2009-05-26,1097.56,1097.56,1040.0,1040.0,42,43846.58,EQNE
2009-05-27,1045.0,1045.0,1031.01,1031.01,31,32125.44,EQNE
2009-05-28,1025.0,1025.0,1020.0,1025.0,468,479421.64,EQNE
2009-05-29,1025.5,1039.98,1000.0,1025.0,597,602126.9,EQNE
2009-06-01,1015.09,1037.95,1013.0,1034.98,484,492555.93,EQNE
2009-06-02,1017.01,1044.0,1017.01,1044.0,101,103971.36,EQNE
2009-06-03,1021.1,1022.0,1021.0,1021.0,343,350405.97,EQNE
2009-06-04,1035.0,1044.99,1011.01,1013.01,69,71413.84,EQNE
2009-06-05,1014.0,1038.5,1007.0,1038.0,203,209279.01,EQNE
2009-06-08,1006.01,1024.49,989.0,998.99,66,66305.66,EQNE
2009-06-09,1047.0,1049.0,980.0,1000.0,271,271382.41,EQNE
2009-06-10,1001.0,1001.0,1000.0,1000.0,9,9003.0,EQNE
2009-06-11,973.0,1001.88,973.0,1000.0,103,100749.4,EQNE
2009-06-15,1029.0,1029.0,968.69,988.0,158,159829.36,EQNE
2009-06-16,988.01,988.01,970.1,970.1,77,75848.37,EQNE
2009-06-17,971.03,977.0,940.99,941.0,202,194417.78,EQNE
2009-06-18,995.0,995.0,860.01,949.98,121,111011.56,EQNE
2009-06-19,990.0,1008.0,900.0,900.0,103,102590.0,EQNE
2009-06-22,902.07,902.07,856.0,856.0,96,85968.26,EQNE
2009-06-23,950.0,950.0,823.0,850.0,26,21740.5,EQNE
2009-06-24,900.0,900.0,850.0,850.0,123,104800.0,EQNE
2009-06-25,860.0,860.0,852.0,852.0,93,79260.0,EQNE
2009-06-26,906.0,929.89,900.0,929.89,96,86969.89,EQNE
2009-06-29,852.0,889.96,730.01,835.0,148,121361.92,EQNE
2009-07-01,888.99,889.0,888.0,888.01,106,94223.98,EQNE
2009-07-03,889.99,969.99,860.01,943.0,49,45182.9,EQNE
2009-07-07,830.01,930.0,830.01,929.0,224,197248.01,EQNE
2009-07-08,836.01,897.0,780.0,897.0,102,84391.21,EQNE
2009-07-09,800.0,869.99,753.0,805.0,155,125198.66,EQNE
2009-07-10,844.99,844.99,815.0,835.0,4,3329.99,EQNE
2009-07-14,890.0,890.0,800.0,800.0,425,350535.0,EQNE
2009-07-15,800.0,800.0,750.01,787.0,257,204709.03,EQNE
2009-07-16,800.0,800.0,800.0,800.0,1,800.0,EQNE
2009-07-22,770.01,770.05,770.01,770.05,9,6930.13,EQNE
2009-07-23,896.0,896.0,799.96,799.96,6,5016.88,EQNE
2009-07-24,799.99,800.0,799.98,799.98,22,17599.76,EQNE
2009-07-27,799.96,799.96,799.96,799.96,1,799.96,EQNE
2009-07-28,795.0,795.0,795.0,795.0,1,795.0,EQNE
2009-07-29,819.99,819.99,770.0,797.5,303,237378.15,EQNE
2009-07-30,730.0,742.0,650.03,715.0,706,491479.56,EQNE
2009-07-31,735.0,739.0,715.0,715.0,121,87974.15,EQNE
2009-08-03,739.0,740.0,720.0,730.77,93,68578.32,EQNE
2009-08-04,730.0,730.0,730.0,730.0,10,7300.0,EQNE
2009-08-05,722.0,770.0,700.0,770.0,255,189426.87,EQNE
2009-08-06,760.0,760.0,760.0,760.0,98,74480.0,EQNE
2009-08-07,716.0,722.0,713.0,722.0,275,197733.9,EQNE
2009-08-10,730.0,730.0,730.0,730.0,2,1460.0,EQNE
2009-08-11,740.0,740.0,705.02,705.02,51,36273.84,EQNE
2009-08-12,752.75,752.75,702.0,702.0,7,5034.75,EQNE
2009-08-13,703.23,716.0,702.0,716.0,35,24871.19,EQNE
2009-08-14,705.01,705.01,705.01,705.01,5,3525.05,EQNE
2009-08-18,718.0,718.0,699.0,699.0,59,41317.09,EQNE
2009-08-19,699.99,700.0,699.99,700.0,14,9799.91,EQNE
2009-08-20,667.01,691.0,640.0,691.0,321,209112.54,EQNE
2009-08-21,697.7,715.0,697.7,715.0,124,87122.65,EQNE
2009-08-24,700.01,715.0,700.0,706.0,111,77956.09,EQNE
2009-08-25,714.99,715.01,714.99,715.0,30,21449.94,EQNE
2009-08-26,724.0,724.0,702.02,702.02,2,1426.02,EQNE
2009-08-27,721.0,722.0,690.0,690.0,153,105653.64,EQNE
2009-08-28,640.02,670.0,606.66,670.0,140,88711.32,EQNE
2009-08-31,687.0,725.0,687.0,723.0,206,147846.89,EQNE
2009-09-01,700.0,700.0,700.0,700.0,1,700.0,EQNE
2009-09-02,724.7,735.0,724.7,735.0,105,76565.16,EQNE
2009-09-03,710.02,760.0,710.02,750.0,297,223042.59,EQNE
2009-09-04,740.0,755.0,685.0,725.0,431,309515.61,EQNE
2009-09-07,730.0,730.0,701.0,701.0,158,115000.6,EQNE
2009-09-08,711.0,744.0,711.0,744.0,52,37873.99,EQNE
2009-09-09,715.0,745.0,715.0,745.0,14,10385.0,EQNE
2009-09-10,705.0,707.0,697.0,697.0,268,188361.79,EQNE
2009-09-11,700.0,729.9,697.0,729.9,95,66895.56,EQNE
2009-09-14,733.71,760.0,715.0,745.5,336,249024.55,EQNE
2009-09-15,758.0,761.32,757.0,761.32,151,114540.68,EQNE
2009-09-16,770.0,961.0,749.79,899.5,1247,1049899.24,EQNE
2009-09-17,950.0,960.0,800.0,895.0,480,439349.72,EQNE
2009-09-18,889.94,889.94,889.94,889.94,1,889.94,EQNE
2009-09-21,801.0,841.02,800.0,816.0,519,419002.95,EQNE
2009-09-22,814.99,849.99,814.99,839.0,188,154339.05,EQNE
2009-09-23,839.0,847.0,800.0,834.0,116,96418.57,EQNE
2009-09-24,829.99,829.99,800.5,827.0,138,113772.54,EQNE
2009-09-25,830.0,888.0,830.0,855.0,151,127383.84,EQNE
2009-09-28,855.0,889.0,826.0,876.0,125,108279.8,EQNE
2009-09-29,883.0,883.0,792.0,840.0,436,360321.56,EQNE
2009-09-30,877.0,877.0,825.0,825.0,29,24499.05,EQNE
2009-10-01,820.01,850.0,820.0,850.0,43,35825.87,EQNE
2009-10-02,855.0,855.0,803.0,819.0,62,50277.3,EQNE
2009-10-05,818.99,830.0,790.0,830.0,117,94310.76,EQNE
2009-10-06,819.0,849.91,800.0,845.0,168,136878.38,EQNE
2009-10-07,869.57,869.6,845.0,845.0,126,107709.94,EQNE
2009-10-08,875.5,975.0,875.5,929.71,581,531672.65,EQNE
2009-10-09,919.99,930.0,900.0,909.0,163,150385.44,EQNE
2009-10-12,908.9,908.9,908.9,908.9,1,908.9,EQNE
2009-10-13,870.0,908.95,869.0,900.0,244,215535.17,EQNE
2009-10-14,871.02,908.99,871.02,887.4,118,105317.85,EQNE
2009-10-15,931.77,931.77,885.6,885.6,3,2749.14,EQNE
2009-10-16,904.8,904.8,904.8,904.8,3,2714.4,EQNE
2009-10-19,890.56,904.24,885.05,890.0,393,348148.74,EQNE
2009-10-20,872.17,892.32,872.02,892.32,87,76074.52,EQNE
2009-10-21,885.15,885.15,880.0,880.0,126,111172.62,EQNE
2009-10-23,870.0,879.0,860.0,860.0,38,32932.1,EQNE
2009-10-26,881.69,905.0,881.69,900.0,362,325083.29,EQNE
2009-10-27,866.51,877.15,860.0,877.15,75,64765.24,EQNE
2009-10-28,837.38,848.0,830.3,834.99,146,122607.29,EQNE
2009-10-29,865.99,866.0,830.0,854.99,110,94308.16,EQNE
2009-10-30,855.0,855.0,855.0,855.0,2,1710.0,EQNE
2009-11-03,830.03,839.99,830.0,839.99,28,23300.24,EQNE
2009-11-05,840.0,870.0,832.0,868.38,22,18885.83,EQNE
2009-11-06,854.5,855.59,850.0,850.0,18,15314.69,EQNE
2009-11-09,878.5,878.5,860.0,876.0,78,67689.16,EQNE
2009-11-10,859.13,875.86,840.0,840.0,65,54860.85,EQNE
2009-11-11,841.03,843.0,841.02,842.0,102,85829.39,EQNE
2009-11-12,867.0,867.0,867.0,867.0,5,4335.0,EQNE
2009-11-13,850.0,850.0,831.0,845.0,94,78780.97,EQNE
2009-11-16,800.01,850.0,800.0,850.0,56,47497.49,EQNE
2009-11-17,842.87,854.41,840.0,854.41,30,25377.94,EQNE
2009-11-18,874.99,879.98,865.01,865.01,60,52477.32,EQNE
2009-11-19,874.99,897.21,845.0,868.74,69,60262.33,EQNE
2009-11-23,870.01,880.0,831.01,874.99,7639,6608392.9,EQNE
2009-11-24,849.65,850.0,805.0,830.0,224,185107.81,EQNE
2009-11-25,880.0,880.0,831.0,831.0,157,134978.57,EQNE
2009-11-26,862.47,897.21,844.0,844.0,63,54121.11,EQNE
2009-11-27,815.0,886.98,815.0,845.0,389,334571.79,EQNE
2009-11-30,837.78,837.78,830.0,830.0,22,18347.23,EQNE
2009-12-01,863.23,869.0,863.23,868.0,62,53774.21,EQNE
2009-12-02,868.0,869.99,851.07,869.99,11,9472.13,EQNE
2009-12-03,852.02,869.0,852.0,852.0,56,48321.12,EQNE
2009-12-09,833.82,833.82,833.82,833.82,4,3335.28,EQNE
2009-12-10,846.99,850.0,846.99,850.0,182,154686.8,EQNE
2009-12-11,835.69,864.4,800.0,850.0,320,270757.6,EQNE
2009-12-14,859.5,859.5,850.0,850.0,94,79910.0,EQNE
2009-12-15,850.0,850.0,850.0,850.0,38,32300.0,EQNE
2009-12-16,900.0,900.0,830.01,850.0,278,239403.04,EQNE
2009-12-17,850.0,850.0,850.0,850.0,3,2550.0,EQNE
2009-12-18,850.0,850.0,850.0,850.0,97,82450.0,EQNE
2009-12-21,821.0,850.0,821.0,850.0,268,227771.0,EQNE
2009-12-23,879.99,879.99,836.0,836.01,123,103258.04,EQNE
2009-12-24,831.01,831.5,831.01,831.5,2,1662.51,EQNE
2009-12-28,830.0,830.01,830.0,830.01,15,12450.11,EQNE
2009-12-29,864.0,879.0,864.0,879.0,112,98374.0,EQNE
2009-12-30,860.0,870.0,860.0,870.0,11,9560.0,EQNE
2009-12-31,865.98,865.98,805.07,805.07,22,18381.55,EQNE
2010-01-11,880.0,880.0,606.66,806.84,255,188086.53,EQNE
2010-01-12,791.25,815.39,790.0,815.39,22,17801.63,EQNE
2010-01-13,855.1,855.1,847.65,848.0,4,3398.4,EQNE
2010-01-14,885.0,885.0,814.22,859.0,25,20918.88,EQNE
2010-01-15,840.75,840.75,840.75,840.75,2,1681.5,EQNE
2010-01-18,844.62,866.15,840.0,850.0,327,277658.62,EQNE
2010-01-19,860.0,920.0,850.0,920.0,1170,1046702.73,EQNE
2010-01-20,870.0,916.0,870.0,880.0,154,136415.47,EQNE
2010-01-21,882.06,888.0,850.02,880.0,125,108856.09,EQNE
2010-01-22,885.0,889.0,885.0,889.0,141,124916.4,EQNE
2010-01-25,909.49,910.0,890.0,890.0,233,210747.45,EQNE
2010-01-26,890.0,898.55,880.0,880.0,14,12368.55,EQNE
2010-01-27,850.0,920.33,850.0,895.66,291,255684.43,EQNE
2010-01-28,942.17,947.0,928.34,928.34,287,269739.5,EQNE
2010-01-29,922.63,946.1,920.0,946.1,73,68161.24,EQNE
2010-02-01,946.0,946.0,910.0,919.12,102,92932.13,EQNE
2010-02-02,905.0,914.97,905.0,914.97,22,19919.97,EQNE
2010-02-03,905.0,916.0,905.0,916.0,28,25611.95,EQNE
2010-02-04,905.0,910.0,901.04,910.0,74,67276.04,EQNE
2010-02-05,900.0,919.15,890.0,901.01,267,241053.05,EQNE
2010-02-08,900.0,909.99,900.0,900.0,39,35139.96,EQNE
2010-02-09,905.0,910.05,895.01,910.05,38,34379.06,EQNE
2010-02-10,919.14,919.15,919.14,919.15,2,1838.29,EQNE
2010-02-11,900.0,926.0,900.0,906.03,156,141006.14,EQNE
2010-02-12,910.05,910.05,900.01,900.01,12,10810.16,EQNE
2010-02-15,910.0,928.04,900.0,920.0,44,40168.01,EQNE
2010-02-16,911.0,920.0,910.0,920.0,197,179995.0,EQNE
2010-02-17,946.46,948.0,946.46,948.0,3,2840.92,EQNE
2010-02-18,915.0,932.0,915.0,920.0,210,194110.0,EQNE
2010-02-19,915.01,925.0,900.0,925.0,200,183342.57,EQNE
2010-02-24,918.8,918.8,918.8,918.8,5,4594.0,EQNE
2010-02-25,919.15,919.15,919.0,919.0,3,2757.15,EQNE
2010-03-01,930.02,933.8,930.02,933.8,16,14903.0,EQNE
2010-03-02,945.01,966.94,945.01,947.0,19,18027.48,EQNE
2010-03-03,948.4,948.41,948.4,948.4,41,38884.45,EQNE
2010-03-05,945.0,945.0,945.0,945.0,9,8505.0,EQNE
2010-03-09,945.0,945.0,945.0,945.0,12,11340.0,EQNE
2010-03-10,945.0,945.0,945.0,945.0,10,9450.0,EQNE
2010-03-12,945.0,945.0,945.0,945.0,10,9450.0,EQNE
2010-03-15,945.0,945.0,945.0,945.0,9,8505.0,EQNE
2010-03-16,945.0,949.75,945.0,949.75,15,14222.51,EQNE
2010-03-17,955.0,960.0,955.0,960.0,57,54440.0,EQNE
2010-03-18,812.12,956.09,812.12,950.0,104,97959.54,EQNE
2010-03-19,950.0,960.0,940.04,956.09,71,67548.28,EQNE
2010-03-22,950.0,970.0,940.0,970.0,623,598454.81,EQNE
2010-03-24,969.99,998.94,969.99,998.88,339,332034.86,EQNE
2010-03-25,1000.0,1010.0,950.48,1005.01,241,241226.12,EQNE
2010-03-26,999.5,999.5,980.0,980.0,4,3960.68,EQNE
2010-03-29,999.5,1019.06,960.0,960.0,125,125437.34,EQNE
2010-03-30,1000.0,1180.0,999.0,1169.93,1143,1228668.41,EQNE
2010-03-31,1148.7,1239.99,1148.7,1185.68,205,243192.59,EQNE
2010-04-01,1193.99,1250.0,1185.68,1217.95,198,242272.27,EQNE
2010-04-02,1207.09,1321.25,1200.0,1320.0,1536,1892095.47,EQNE
2010-04-05,1354.62,1479.56,1350.0,1479.56,430,611288.7,EQNE
2010-04-06,1500.0,1685.0,1415.5,1594.97,570,858408.47,EQNE
2010-04-07,1689.0,1690.0,1499.44,1645.99,908,1413359.82,EQNE
2010-04-08,1520.0,1649.99,1421.49,1480.0,438,657257.08,EQNE
2010-04-09,1318.0,1510.01,1317.92,1380.0,148,210549.54,EQNE
2010-04-12,1338.0,1455.0,1317.91,1455.0,243,345945.69,EQNE
2010-04-13,1475.0,1490.0,1457.0,1490.0,73,108347.0,EQNE
2010-04-14,1450.03,1530.99,1399.99,1480.0,366,537884.32,EQNE
2010-04-15,1414.01,1430.0,1410.0,1430.0,123,173919.08,EQNE
2010-04-16,1331.3,1370.0,1317.99,1360.0,7,9416.31,EQNE
2010-04-19,1318.0,1360.0,1317.91,1360.0,128,169261.63,EQNE
2010-04-20,1350.0,1351.0,1350.0,1351.0,3,4052.0,EQNE
2010-04-21,1350.0,1416.5,1350.0,1350.0,3,4116.5,EQNE
2010-04-22,1395.9,1450.0,1395.9,1401.09,84,117853.12,EQNE
2010-04-23,1317.92,1317.92,1315.15,1315.15,109,143387.34,EQNE
2010-04-26,1315.15,1350.0,1188.0,1188.0,33,43785.21,EQNE
2010-04-27,1200.02,1200.02,1200.0,1200.0,6,7200.06,EQNE
2010-04-28,1190.0,1215.87,1105.99,1215.87,129,153614.24,EQNE
2010-04-29,1203.44,1203.44,1150.0,1191.52,104,119835.38,EQNE
2010-04-30,1150.01,1150.01,1150.01,1150.01,2,2300.02,EQNE
2010-05-04,1179.73,1179.73,1050.0,1067.99,82,87880.98,EQNE
2010-05-05,1078.67,1190.16,1068.32,1096.22,101,110334.63,EQNE
2010-05-06,1100.0,1100.0,1022.01,1100.0,81,87534.08,EQNE
2010-05-07,1110.0,1140.0,1100.0,1100.0,9,10069.0,EQNE
2010-05-11,1155.0,1250.0,1154.5,1250.0,24,28844.98,EQNE
2010-05-12,1234.28,1328.01,1168.74,1290.55,73,92542.83,EQNE
2010-05-13,1285.35,1311.18,1230.0,1230.0,33,40873.06,EQNE
2010-05-14,1140.08,1140.08,1140.08,1140.08,5,5700.4,EQNE
2010-05-17,1137.04,1252.7,1025.0,1252.7,98,108804.27,EQNE
2010-05-18,1244.0,1252.7,1244.0,1252.7,62,77267.8,EQNE
2010-05-19,1240.0,1744.75,1045.0,1459.99,764,1080423.0,EQNE
2010-05-20,1449.99,1515.15,1281.02,1497.94,60,85420.22,EQNE
2010-05-21,1500.0,1515.14,1293.67,1376.8,41,54542.29,EQNE
2010-05-24,1291.0,1359.8,1291.0,1359.8,5,6523.83,EQNE
2010-05-25,1390.86,1390.86,1022.0,1071.01,66,72444.88,EQNE
2010-05-26,1269.97,1310.0,1250.0,1250.0,24,30623.81,EQNE
2010-05-27,1300.0,1310.0,1300.0,1310.0,2,2610.0,EQNE
2010-05-28,1309.75,1379.0,1300.07,1379.0,37,48544.64,EQNE
2010-05-31,1389.99,1453.88,1389.99,1453.88,24,33493.1,EQNE
2010-06-01,1487.0,1487.0,1400.0,1450.0,15,21187.0,EQNE
2010-06-02,1487.99,1487.99,1483.0,1483.0,2,2970.99,EQNE
2010-06-03,1494.0,1550.0,1241.04,1480.0,116,169524.75,EQNE
2010-06-04,1500.0,1500.0,1258.07,1497.57,125,171182.8,EQNE
2010-06-07,1550.0,1550.0,1317.5,1317.5,2,2867.5,EQNE
2010-06-08,1377.05,1377.05,1280.0,1350.0,11,14726.29,EQNE
2010-06-09,1411.02,1411.02,1322.14,1345.0,22,30774.37,EQNE
2010-06-10,1365.99,1366.0,1365.99,1366.0,2,2731.99,EQNE
2010-06-11,1449.99,1449.99,1260.04,1444.0,33,45117.03,EQNE
2010-06-15,1364.0,1380.0,1364.0,1380.0,14,19304.0,EQNE
2010-06-16,1500.0,1500.0,1109.0,1484.0,354,504106.67,EQNE
2010-06-17,1454.91,1454.91,1223.0,1400.0,165,213340.2,EQNE
2010-06-18,1250.0,1392.97,1250.0,1355.06,1324,1821253.93,EQNE
2010-06-21,1368.81,1450.0,1282.0,1382.78,46,63770.66,EQNE
2010-06-22,1371.97,1371.97,1371.97,1371.97,4,5487.88,EQNE
2010-06-23,1384.33,1385.69,1384.33,1385.69,2,2770.02,EQNE
2010-06-25,1373.35,1373.35,1371.97,1371.97,2,2745.32,EQNE
2010-06-28,1358.39,1358.39,1300.0,1318.44,14,18508.27,EQNE
2010-06-30,1331.62,1400.0,1268.37,1290.05,7,9144.1,EQNE
2010-07-02,1323.74,1329.57,1323.74,1329.57,7,9295.33,EQNE
2010-07-05,1349.0,1350.0,1349.0,1350.0,10,13491.0,EQNE
2010-07-07,1243.63,1349.5,1243.63,1349.5,2,2593.13,EQNE
2010-07-08,1287.59,1345.0,1280.0,1341.38,7,9101.56,EQNE
2010-07-09,1340.0,1340.0,1280.0,1327.49,13,16982.81,EQNE
2010-07-12,1339.76,1339.76,1226.1,1315.58,16,19837.09,EQNE
2010-07-13,1316.79,1316.79,1277.73,1277.73,9,11705.91,EQNE
2010-07-15,1318.44,1318.44,1266.99,1300.0,265,339951.05,EQNE
2010-07-16,1305.39,1305.39,1270.0,1270.0,7,8950.86,EQNE
2010-07-19,1262.5,1263.76,1260.0,1263.76,19,23953.76,EQNE
2010-07-20,1240.77,1240.77,1240.77,1240.77,1,1240.77,EQNE
2010-07-22,1219.29,1247.72,1020.0,1200.0,75,83794.61,EQNE
2010-07-23,1211.85,1300.0,1211.85,1220.0,62,79071.97,EQNE
2010-07-26,1269.0,1279.0,1254.45,1254.45,6,7578.44,EQNE
2010-07-29,1242.03,1300.0,1059.03,1300.0,133,163777.21,EQNE
2010-07-30,1242.03,1267.02,1242.03,1267.02,3,3763.51,EQNE
2010-08-02,1267.0,1267.0,1267.0,1267.0,1,1267.0,EQNE
2010-08-04,1279.7,1279.7,1279.7,1279.7,1,1279.7,EQNE
2010-08-05,1268.3,1309.0,1268.3,1309.0,12,15611.5,EQNE
2010-08-06,1292.51,1292.51,1145.0,1279.72,18,21028.24,EQNE
2010-08-09,1291.24,1340.0,1291.24,1300.0,102,134126.71,EQNE
2010-08-10,1306.88,1345.95,1250.05,1335.5,75,100008.26,EQNE
2010-08-11,1342.0,1358.62,1342.0,1355.0,21,28242.82,EQNE
2010-08-12,1350.0,1350.0,1293.98,1293.98,7,9278.04,EQNE
2010-08-13,1292.68,1314.68,1267.21,1314.68,6,7702.81,EQNE
2010-08-16,1292.68,1292.68,1288.21,1288.21,6,7741.67,EQNE
2010-08-17,1279.88,1283.0,1279.88,1283.0,2,2562.88,EQNE
2010-08-18,1270.0,1270.0,1250.0,1263.36,50,62630.65,EQNE
2010-08-19,1242.24,1250.0,1242.24,1250.0,12,14984.48,EQNE
2010-08-20,1229.94,1229.94,1200.0,1210.0,52,62665.22,EQNE
2010-08-23,1210.0,1214.0,1210.0,1214.0,37,44774.0,EQNE
2010-08-24,1200.0,1200.0,1200.0,1200.0,2,2400.0,EQNE
2010-08-25,1210.0,1210.0,1190.0,1190.0,3,3610.0,EQNE
2010-08-26,1180.02,1199.9,1180.01,1180.01,4,4753.7,EQNE
2010-08-27,1175.0,1250.0,1130.0,1218.13,172,207255.97,EQNE
2010-08-30,1230.32,1418.0,1230.32,1390.98,468,639722.7,EQNE
2010-08-31,1378.51,1378.51,1300.01,1359.09,7,9428.51,EQNE
2010-09-01,1362.09,1391.02,1362.09,1391.02,12,16427.45,EQNE
2010-09-02,1392.0,1489.0,1392.0,1447.85,66,95298.26,EQNE
2010-09-03,1434.78,1434.78,1361.13,1405.25,21,29037.51,EQNE
2010-09-06,1391.34,1392.0,1378.28,1378.28,11,15296.9,EQNE
2010-09-07,1405.25,1447.92,1391.0,1447.92,11,15500.63,EQNE
2010-09-08,1433.6,1792.83,1405.0,1477.17,238,354822.15,EQNE
2010-09-09,1490.48,1643.0,1401.14,1401.2,83,122058.37,EQNE
2010-09-10,1405.71,1405.71,1405.71,1405.71,1,1405.71,EQNE
2010-09-13,1392.0,1392.0,1392.0,1392.0,1,1392.0,EQNE
2010-09-14,1391.79,1391.79,1391.79,1391.79,1,1391.79,EQNE
2010-09-15,1404.99,1405.0,1404.99,1405.0,2,2809.99,EQNE
2010-09-16,1398.8,1400.0,1380.0,1400.0,52,72770.8,EQNE
2010-09-17,1370.0,1370.0,1370.0,1370.0,18,24660.0,EQNE
2010-09-20,1405.71,1405.71,1391.79,1391.79,2,2797.5,EQNE
2010-09-21,1405.72,1775.0,1405.72,1462.93,74,111811.93,EQNE
2010-09-22,1476.85,1477.58,1476.85,1476.91,74,109292.4,EQNE
2010-09-23,1487.0,1507.27,1448.46,1492.38,89,130822.54,EQNE
2010-09-24,1507.32,1522.38,1492.4,1505.0,109,164044.48,EQNE
2010-09-27,1507.33,1507.33,1500.0,1500.0,51,76507.33,EQNE
2010-09-28,1505.0,1505.0,1500.0,1500.0,35,52655.0,EQNE
2010-09-29,1522.41,1522.41,1522.41,1522.41,1,1522.41,EQNE
2010-09-30,1520.0,1520.0,1510.0,1510.0,16,24180.01,EQNE
2010-10-01,1508.85,1755.0,1315.0,1520.0,78,119454.39,EQNE
2010-10-04,1517.0,1517.0,1517.0,1517.0,1,1517.0,EQNE
2010-10-05,1522.41,1531.0,1522.41,1531.0,6,9177.41,EQNE
2010-10-06,1535.0,1550.0,1535.0,1550.0,6,9232.87,EQNE
2010-10-07,1523.94,1670.0,1522.41,1670.0,69,109519.94,EQNE
2010-10-08,1518.07,1637.35,1415.04,1515.0,520,765703.61,EQNE
2010-10-11,1599.0,1599.0,1500.0,1503.01,90,136192.42,EQNE
2010-10-12,1517.99,1517.99,1517.99,1517.99,1,1517.99,EQNE
2010-10-13,1518.0,1580.18,1503.02,1535.0,287,443475.06,EQNE
2010-10-14,1535.15,1580.08,1535.15,1580.08,10,15621.43,EQNE
2010-10-15,1590.01,1652.0,1589.99,1631.19,458,752805.76,EQNE
2010-10-18,1656.5,1656.5,1639.85,1639.85,13,21513.1,EQNE
2010-10-19,1633.62,1656.25,1633.62,1640.31,23,37794.43,EQNE
2010-10-20,1638.0,1650.0,1623.82,1623.82,57,92962.19,EQNE
2010-10-21,1623.82,1623.82,1520.78,1520.78,25,39256.34,EQNE
2010-10-22,1607.54,1656.25,1591.62,1639.88,55,89461.68,EQNE
2010-10-25,1650.0,1650.0,1607.59,1607.59,4,6491.25,EQNE
2010-10-26,1605.0,1605.0,1605.0,1605.0,7,11235.0,EQNE
2010-10-27,1606.0,1606.0,1606.0,1606.0,3,4818.0,EQNE
2010-10-28,1606.0,1650.0,1606.0,1639.9,20,32739.46,EQNE
2010-10-29,1625.0,1626.57,1600.02,1609.15,22,35509.58,EQNE
2010-11-01,1629.51,1639.92,1629.51,1639.92,31,50551.56,EQNE
2010-11-02,1656.32,2000.0,1656.32,1778.0,72,129755.43,EQNE
2010-11-03,1795.76,1829.64,1795.76,1805.56,12,21622.6,EQNE
2010-11-08,1830.06,1830.06,1623.01,1742.95,93,156451.75,EQNE
2010-11-09,1760.38,1989.92,1741.0,1800.0,307,555752.89,EQNE
2010-11-10,1824.98,1825.0,1796.55,1814.51,21,38132.71,EQNE
2010-11-11,1796.55,1796.55,1722.02,1796.55,6,10537.92,EQNE
2010-11-12,1778.76,1778.76,1778.76,1778.76,1,1778.76,EQNE
2010-11-16,1777.98,1796.47,1776.98,1796.47,5,8905.39,EQNE
2010-11-17,1776.98,1814.51,1776.98,1796.55,20,35889.08,EQNE
2010-11-18,1796.55,1796.6,1763.98,1796.6,40,71339.18,EQNE
2010-11-19,1814.56,1814.56,1800.0,1800.0,5,9014.56,EQNE
2010-11-22,1825.0,1835.0,1814.56,1814.56,179,328026.59,EQNE
2010-11-24,1796.62,1796.62,1779.98,1779.98,3,5356.58,EQNE
2010-11-25,1779.0,1779.0,1771.99,1774.0,12,21305.75,EQNE
2010-11-26,1780.0,1844.0,1745.0,1745.0,126,221975.83,EQNE
2010-11-29,1778.9,1820.0,1761.31,1761.36,16,28462.79,EQNE
2010-12-01,1778.99,1815.16,1761.46,1762.0,48,85439.78,EQNE
2010-12-02,1744.57,1749.99,1678.99,1749.99,129,220658.02,EQNE
2010-12-03,1710.2,1727.3,1700.0,1727.3,19,32451.66,EQNE
2010-12-06,1779.29,1800.0,1710.21,1740.0,97,170240.34,EQNE
2010-12-07,1744.43,1744.43,1670.0,1690.0,1234,2088938.0,EQNE
2010-12-08,1680.01,2366.0,1680.0,2125.97,5513,12139730.06,EQNE
2010-12-09,2125.97,2125.98,1800.01,1830.0,1460,2736686.92,EQNE
2010-12-10,1886.99,1886.99,1720.03,1780.87,649,1148205.39,EQNE
2010-12-13,1750.01,1818.06,1750.0,1815.8,265,475344.78,EQNE
2010-12-14,1814.0,1853.0,1799.67,1823.44,19,34470.65,EQNE
2010-12-15,1824.5,1825.0,1790.0,1812.94,326,590781.61,EQNE
2010-12-16,1783.3,1800.0,1783.3,1797.8,74,132664.84,EQNE
2010-12-17,1787.34,1824.48,1787.34,1824.48,13,23649.63,EQNE
2010-12-20,1823.95,1952.0,1823.95,1864.97,59,108395.08,EQNE
2010-12-21,1872.2,1899.0,1828.02,1850.0,224,415044.95,EQNE
2010-12-22,1866.0,2287.96,1850.01,2094.99,3650,7660279.94,EQNE
2010-12-23,2050.01,2095.0,1900.0,1948.5,560,1105632.71,EQNE
2010-12-24,1968.98,1968.98,1905.49,1939.0,50,96164.91,EQNE
2010-12-27,1943.2,1961.99,1900.0,1917.99,120,230006.03,EQNE
2010-12-28,1880.03,1999.0,1831.01,1950.0,154,297949.31,EQNE
2010-12-29,1950.51,1950.51,1882.3,1915.0,113,215739.63,EQNE
2010-12-30,1931.99,1931.99,1884.0,1885.0,25,47519.05,EQNE
2011-01-11,1934.0,1968.08,1900.0,1950.0,122,237235.42,EQNE
2011-01-12,1968.09,2000.0,1945.04,1979.99,1250,2463125.59,EQNE
2011-01-13,1986.0,1990.0,1891.0,1891.0,181,350108.63,EQNE
2011-01-14,1929.5,1959.91,1901.0,1919.2,93,179151.62,EQNE
2011-01-17,1938.0,2008.53,1901.01,1929.99,1653,3190698.21,EQNE
2011-01-18,1925.0,1930.0,1899.99,1929.99,291,554040.31,EQNE
2011-01-19,1936.99,1936.99,1890.01,1927.92,42,79761.7,EQNE
2011-01-20,1871.0,1929.53,1854.61,1876.01,61,114244.64,EQNE
2011-01-21,1890.0,1890.0,1850.0,1870.95,86,159321.1,EQNE
2011-01-24,1825.0,1865.21,1822.0,1862.05,70,127957.71,EQNE
2011-01-25,1862.05,1888.99,1800.0,1825.0,159,288209.29,EQNE
2011-01-26,1853.11,1853.11,1795.0,1847.22,24,43197.8,EQNE
2011-01-27,1800.0,1832.65,1784.01,1826.96,86,154371.67,EQNE
2011-01-28,1782.62,1809.4,1765.0,1783.99,51,90768.16,EQNE
2011-01-31,1805.21,1889.0,1805.21,1806.0,78,142559.21,EQNE
2011-02-01,1879.97,1947.0,1846.86,1920.19,96,182499.48,EQNE
2011-02-02,1925.95,1925.95,1818.63,1919.99,72,135505.13,EQNE
2011-02-03,1919.99,1919.99,1875.29,1875.29,2,3795.28,EQNE
2011-02-04,1947.0,1947.0,1825.0,1858.99,19,35428.46,EQNE
2011-02-07,1825.01,1891.84,1823.53,1885.68,22,40535.05,EQNE
2011-02-08,1858.84,1858.84,1810.0,1835.0,87,157903.63,EQNE
2011-02-09,1818.39,1818.39,1779.0,1805.0,33,58991.72,EQNE
2011-02-10,1758.04,1791.88,1758.0,1791.88,14,24724.22,EQNE
2011-02-11,1755.55,1782.73,1733.0,1782.73,24,42264.52,EQNE
2011-02-14,1747.83,1747.83,1609.0,1746.99,31,53548.15,EQNE
2011-02-15,1771.93,1819.99,1740.0,1815.5,233,406696.53,EQNE
2011-02-16,1818.5,1818.5,1713.65,1782.86,22,38846.92,EQNE
2011-02-17,1798.99,1809.99,1782.86,1799.87,9,16193.43,EQNE
2011-02-18,1750.03,1761.01,1750.03,1761.01,3,5272.05,EQNE
2011-02-21,1799.99,1799.99,1750.0,1796.99,53,93862.45,EQNE
2011-02-22,1784.99,1794.91,1739.56,1794.91,14,24686.19,EQNE
2011-02-24,1731.03,1792.99,1731.03,1792.99,11,19660.93,EQNE
2011-02-25,1769.95,1770.0,1769.95,1770.0,11,19469.75,EQNE
2011-02-28,1789.97,1830.0,1722.01,1830.0,154,279492.54,EQNE
2011-03-01,1848.0,1879.0,1805.7,1870.0,60,111461.2,EQNE
2011-03-02,1870.1,1915.0,1870.1,1881.0,53,100580.5,EQNE
2011-03-03,1913.9,1913.9,1913.8,1913.8,3,5741.5,EQNE
2011-03-04,1879.0,1897.7,1850.0,1857.7,50,92772.3,EQNE
2011-03-05,1822.3,1822.3,1822.2,1822.2,5,9111.2,EQNE
2011-03-09,1842.0,1842.0,1705.0,1818.0,30,54321.7,EQNE
2011-03-10,1839.9,1840.0,1803.1,1803.1,20,36294.4,EQNE
2011-03-11,1822.2,1850.0,1822.2,1850.0,99,182647.8,EQNE
2011-03-14,1860.4,1878.9,1842.0,1842.1,25,46565.7,EQNE
2011-03-15,1879.0,1879.1,1823.9,1878.7,119,220760.4,EQNE
2011-03-16,1850.0,1850.1,1823.8,1823.8,29,53519.2,EQNE
2011-03-17,1865.0,1866.7,1793.5,1839.0,39,70970.6,EQNE
2011-03-18,1805.3,1916.7,1775.0,1829.9,112,201597.2,EQNE
2011-03-21,1825.0,1825.0,1825.0,1825.0,4,7300.0,EQNE
2011-03-22,1825.5,1825.5,1800.0,1800.0,21,37962.7,EQNE
2011-03-23,1832.7,1839.1,1830.0,1830.0,4,7340.5,EQNE
2011-03-24,1803.2,2350.0,1803.2,1974.0,1152,2486317.4,EQNE
2011-03-25,1994.1,2300.0,1931.0,1991.5,360,748681.6,EQNE
2011-03-28,2016.4,2020.0,1994.9,2019.9,18,36118.4,EQNE
2011-03-29,2020.0,2099.9,1999.9,2041.9,89,181812.9,EQNE
2011-03-30,2011.1,2160.7,2011.1,2016.8,75,152041.9,EQNE
2011-03-31,2028.5,2088.0,1993.0,2071.9,57,115710.4,EQNE
2011-04-01,2033.9,2149.6,2028.9,2080.0,224,469391.6,EQNE
2011-04-04,2082.5,2195.0,2082.5,2115.8,167,351367.4,EQNE
2011-04-05,2088.1,2129.5,2072.9,2088.0,39,81875.3,EQNE
2011-04-06,2128.6,2128.6,2058.0,2090.1,45,94330.4,EQNE
2011-04-07,2129.3,2229.5,2107.3,2200.0,231,502192.5,EQNE
2011-04-08,2222.0,2284.9,2162.0,2165.5,139,305858.0,EQNE
2011-04-11,2229.8,2250.0,2143.3,2215.3,71,155918.4,EQNE
2011-04-12,2180.1,2196.3,2115.6,2164.9,37,79809.6,EQNE
2011-04-13,2157.6,2157.6,2100.0,2129.3,76,160367.8,EQNE
2011-04-14,2142.2,2142.2,2080.0,2139.7,24,50281.7,EQNE
2011-04-15,2187.9,2230.0,2110.5,2210.0,85,183197.9,EQNE
2011-04-18,2230.2,2237.7,2101.6,2143.0,118,256077.4,EQNE
2011-04-19,2143.6,2186.5,2101.6,2101.6,38,80861.5,EQNE
2011-04-20,2170.0,2234.0,2145.2,2234.0,65,143333.8,EQNE
2011-04-21,2261.0,2360.0,2220.0,2289.0,140,317427.4,EQNE
2011-04-22,2290.0,2344.8,2278.1,2320.0,62,143061.8,EQNE
2011-04-25,2303.4,2303.4,2234.5,2277.9,104,236687.7,EQNE
2011-04-26,2200.0,2214.0,2150.0,2190.0,137,299062.7,EQNE
2011-04-27,2209.9,2209.9,2051.0,2165.3,53,112837.1,EQNE
2011-04-28,2189.9,2190.0,2051.2,2166.9,43,90768.2,EQNE
2011-04-29,2529.3,2529.3,2113.0,2196.0,102,220671.5,EQNE
2011-05-03,2166.9,2189.9,2100.0,2179.9,40,85586.8,EQNE
2011-05-04,2145.5,2167.0,2082.4,2145.6,13,27581.7,EQNE
2011-05-05,2100.0,2144.8,2051.0,2123.5,176,370564.8,EQNE
2011-05-06,2120.7,2972.9,2100.0,2972.9,846,2109596.1,EQNE
2011-05-10,3550.1,4162.1,3300.0,4162.1,3886,15846817.5,EQNE
2011-05-11,4943.0,5449.6,4310.0,4650.0,4635,22707235.0,EQNE
2011-05-12,5251.6,5251.6,3888.0,4300.0,926,3862323.4,EQNE
2011-05-13,3700.0,4796.0,3700.0,4428.4,999,4537831.0,EQNE
2011-05-16,4400.0,4699.9,4200.0,4270.0,571,2491835.2,EQNE
2011-05-17,3955.0,4260.0,3638.0,3711.6,1210,4623529.6,EQNE
2011-05-18,3200.3,3500.0,3000.3,3292.2,977,3238774.6,EQNE
2011-05-19,3449.0,3449.0,3200.0,3211.6,185,597910.9,EQNE
2011-05-20,3249.9,3269.9,2951.0,3075.7,516,1587843.7,EQNE
2011-05-23,3070.0,3070.0,2896.9,2977.0,155,455931.5,EQNE
2011-05-24,3025.0,3168.3,2950.1,3153.5,263,809140.0,EQNE
2011-05-25,3098.9,3349.0,3098.9,3254.0,993,3211894.4,EQNE
2011-05-26,3299.9,3350.1,3181.9,3270.0,225,739291.0,EQNE
2011-05-27,3270.0,3300.0,3195.0,3234.0,177,574236.9,EQNE
2011-05-30,3102.2,3200.0,3030.0,3159.9,182,567759.9,EQNE
2011-05-31,3228.0,3228.0,3050.0,3133.0,79,246088.2,EQNE
2011-06-01,3133.3,3179.9,3101.3,3139.3,66,205966.5,EQNE
2011-06-02,3160.0,3160.0,3041.1,3149.7,68,212473.5,EQNE
2011-06-03,3159.0,3233.8,3055.1,3144.9,463,1456721.0,EQNE
2011-06-06,2916.0,3102.0,2916.0,3050.0,237,717139.7,EQNE
2011-06-07,3066.6,3117.0,3030.0,3090.0,145,443720.3,EQNE
2011-06-08,3080.1,3080.3,3004.0,3004.0,100,304355.8,EQNE
2011-06-09,3059.8,3181.0,3023.0,3149.9,304,945029.1,EQNE
2011-06-10,3100.0,3233.8,3070.0,3233.8,174,550961.7,EQNE
2011-06-14,3200.0,3290.0,3150.0,3215.0,230,739581.2,EQNE
2011-06-15,3214.9,3280.0,3180.0,3180.0,199,640252.7,EQNE
2011-06-16,3219.9,3219.9,3183.0,3190.0,17,54308.4,EQNE
2011-06-17,3214.7,3214.7,3150.1,3213.0,292,934023.9,EQNE
2011-06-20,3217.0,3217.0,3161.1,3190.9,90,288269.6,EQNE
2011-06-21,3172.5,3199.0,3170.1,3180.2,21,66757.5,EQNE
2011-06-22,3170.0,3214.4,3144.1,3214.4,99,314544.1,EQNE
2011-06-23,3190.1,3219.2,3140.0,3174.7,77,243310.9,EQNE
2011-06-24,2382.4,3289.9,2382.4,3210.0,272,864808.4,EQNE
2011-06-27,3278.2,3295.8,3220.0,3273.9,219,711136.9,EQNE
2011-06-28,3287.9,3289.8,3255.0,3289.8,81,265962.0,EQNE
2011-06-29,3270.0,3294.7,3211.0,3250.0,136,443401.7,EQNE
2011-06-30,3250.1,3305.0,3250.0,3290.0,43,141131.3,EQNE
2011-07-01,3309.9,3689.0,3285.0,3435.0,231,784341.2,EQNE
2011-07-04,3598.0,3980.0,3497.9,3790.0,792,2900630.5,EQNE
2011-07-05,3948.6,4500.0,3799.9,4350.0,2424,10372490.5,EQNE
2011-07-06,4254.8,4350.0,3730.0,3888.7,1406,5580374.9,EQNE
2011-07-07,3900.0,3993.3,3666.0,3780.0,349,1323016.3,EQNE
2011-07-08,4447.0,4447.0,3800.0,3897.9,1138,4491499.9,EQNE
2011-07-11,3948.5,3948.5,3600.0,3859.9,184,699718.0,EQNE
2011-07-12,3850.0,4000.0,3761.5,3897.4,239,930143.3,EQNE
2011-07-13,3997.4,3997.4,3616.0,3934.9,280,1085471.4,EQNE
2011-07-14,3999.0,3999.0,3899.8,3929.9,493,1941513.6,EQNE
2011-07-15,3950.0,4000.0,3870.0,3994.2,547,2164409.0,EQNE
2011-07-18,3999.8,4390.0,3970.0,4286.9,1398,5770531.7,EQNE
2011-07-19,4299.8,5440.0,4299.6,5070.0,5465,27216979.0,EQNE
2011-07-20,5000.0,5149.8,4810.1,5010.0,1077,5344573.2,EQNE
2011-07-21,5099.9,5268.0,4950.0,5089.9,913,4626521.7,EQNE
2011-07-22,5195.0,5195.0,4950.2,5169.9,448,2287964.9,EQNE
2011-07-25,5551.1,5650.0,4999.0,5045.1,2632,13758123.9,EQNE
2011-07-26,5114.5,5114.5,5000.0,5001.1,318,1599953.9,EQNE
2011-07-27,5048.0,5370.0,4912.1,5087.9,2815,14544575.0,EQNE
2011-07-28,5097.9,5211.8,5000.0,5119.0,823,4218582.1,EQNE
2011-07-29,5123.0,5150.0,5000.5,5046.9,361,1833706.4,EQNE
2011-08-01,5150.0,5150.0,4550.1,4693.5,3103,14643672.0,EQNE
2011-08-02,4694.0,4900.0,4680.0,4769.2,818,3904732.4,EQNE
2011-08-03,4949.0,4949.0,4400.0,4485.0,1216,5679188.7,EQNE
2011-08-04,4579.7,4579.9,3915.0,4249.0,2092,8634182.9,EQNE
2011-08-05,4000.0,4400.0,3901.6,4280.0,915,3824872.5,EQNE
2011-08-08,4404.2,4700.0,4200.3,4400.0,2291,10242121.6,EQNE
2011-08-09,4650.0,4650.0,3900.0,4138.9,1135,4669353.0,EQNE
2011-08-10,4200.0,4400.0,4060.0,4140.0,1493,6460607.6,EQNE
2011-08-11,4198.9,4198.9,3860.1,4019.7,194,775258.2,EQNE
2011-08-12,4080.0,4184.9,3870.3,3872.0,145,573600.2,EQNE
2011-08-15,3850.0,4259.0,3700.0,4219.9,658,2611166.6,EQNE
2011-08-16,4219.9,4500.0,4219.9,4339.2,468,2028075.6,EQNE
2011-08-17,4470.0,4498.0,4315.0,4423.0,168,741909.9,EQNE
2011-08-18,4401.0,4466.6,4111.1,4190.0,106,459232.1,EQNE
2011-08-19,4360.0,4360.0,4010.5,4020.0,187,771877.7,EQNE
2011-08-22,4284.8,4284.8,3967.1,4217.0,656,2696416.0,EQNE
2011-08-23,4000.0,4199.9,4000.0,4189.5,2535,10513821.6,EQNE
2011-08-24,4005.1,4299.9,4005.1,4148.0,175,722672.9,EQNE
2011-08-25,4050.9,4168.0,4050.0,4140.0,208,857183.4,EQNE
2011-08-26,4099.9,4100.0,4010.2,4098.9,27,109348.0,EQNE
2011-08-29,4130.0,4230.0,4050.0,4099.9,197,806780.2,EQNE
2011-08-30,4070.2,4179.7,4033.3,4033.3,261,1068017.4,EQNE
2011-08-31,4040.2,4200.0,4040.2,4107.8,374,1549492.2,EQNE
2011-09-01,4248.0,4500.0,4065.2,4269.8,747,3188254.4,EQNE
2011-09-02,4349.0,4449.6,4220.1,4299.4,248,1063224.3,EQNE
2011-09-05,4299.8,4300.0,4176.0,4209.9,97,411898.0,EQNE
2011-09-06,4215.0,4215.0,4200.0,4214.7,8,33694.3,EQNE
2011-09-07,4220.0,4242.9,4170.3,4239.6,94,397412.4,EQNE
2011-09-08,4240.0,4250.0,4100.0,4228.0,149,623617.0,EQNE
2011-09-09,4243.7,4243.7,4050.0,4100.0,622,2562033.0,EQNE
2011-09-12,4050.2,4178.6,4000.0,4101.0,42,171296.4,EQNE
2011-09-13,4149.9,4149.9,4099.9,4100.0,40,164757.7,EQNE
2011-09-14,4149.9,4189.9,4100.0,4100.0,80,329162.2,EQNE
2011-09-15,4187.9,4187.9,4070.0,4149.9,93,380745.3,EQNE
2011-09-16,4007.5,4180.0,4007.5,4129.6,185,765383.6,EQNE
2011-09-19,4199.9,4199.9,4050.0,4050.0,135,547610.4,EQNE
2011-09-20,4144.8,4168.0,4055.9,4133.5,99,408142.1,EQNE
2011-09-21,4140.0,4147.0,3999.0,4000.0,224,901589.6,EQNE
2011-09-22,4000.9,4063.0,3700.0,3800.0,193,737161.1,EQNE
2011-09-23,3810.0,3810.0,3500.0,3700.0,310,1143347.2,EQNE
2011-09-26,3300.7,3699.9,3300.7,3660.0,272,985863.2,EQNE
2011-09-27,3680.0,3888.0,3680.0,3800.0,146,550822.2,EQNE
2011-09-28,3824.9,3879.7,3750.0,3750.0,133,507488.8,EQNE
2011-09-29,3600.2,3773.0,3600.1,3770.0,63,234187.0,EQNE
2011-09-30,3770.0,3949.3,3600.0,3794.0,190,701213.5,EQNE
2011-10-03,3800.0,3824.0,3703.0,3705.0,370,1402306.8,EQNE
2011-10-04,3750.7,3809.9,3600.0,3725.0,66,244571.6,EQNE
2011-10-05,3700.0,3749.9,3600.0,3690.0,149,546062.3,EQNE
2011-10-06,3690.0,3750.0,3605.0,3727.0,681,2528285.5,EQNE
2011-10-07,3670.0,3799.9,3670.0,3760.0,459,1726514.1,EQNE
2011-10-10,3800.0,3850.0,3760.0,3850.0,52,197621.6,EQNE
2011-10-11,3850.0,3942.0,3850.0,3942.0,71,276820.3,EQNE
2011-10-12,3900.1,4030.0,3900.1,4000.0,507,1994576.0,EQNE
2011-10-13,4061.0,4061.0,3800.0,3999.8,82,324234.0,EQNE
2011-10-14,3930.0,4166.6,3800.0,4143.5,344,1374555.8,EQNE
2011-10-17,4100.0,4145.0,4045.1,4131.9,32,131068.4,EQNE
2011-10-18,4100.0,4145.0,4091.0,4144.9,4,16480.9,EQNE
2011-10-19,4145.0,4233.0,4110.0,4200.0,193,803655.9,EQNE
2011-10-20,4217.9,4297.0,4000.0,4140.0,123,510333.7,EQNE
2011-10-21,4218.9,4269.0,4131.8,4197.9,31,129768.7,EQNE
2011-10-24,4197.9,4265.0,4005.1,4190.0,197,819966.1,EQNE
2011-10-25,4249.0,4249.0,4155.0,4207.0,91,380039.1,EQNE
2011-10-26,4239.0,4275.0,4165.0,4205.0,193,812209.5,EQNE
2011-10-27,4294.0,4294.9,4190.1,4208.1,147,621521.3,EQNE
2011-10-28,4274.9,4274.9,4100.0,4158.8,175,733585.3,EQNE
2011-10-31,4217.0,4217.0,3977.9,4020.0,135,548417.1,EQNE
2011-11-01,4020.0,4092.0,3800.0,3800.0,152,599040.5,EQNE
2011-11-02,3860.0,3947.8,3796.0,3928.9,140,540122.2,EQNE
2011-11-03,3845.0,3899.8,3800.0,3885.0,579,2227427.6,EQNE
2011-11-07,4000.0,4240.0,3810.0,4099.6,505,2064984.8,EQNE
2011-11-08,4282.0,4282.0,3940.0,4159.0,683,2784599.3,EQNE
2011-11-09,4199.0,4333.0,4040.0,4219.0,1243,5233792.8,EQNE
2011-11-10,4170.0,4299.0,4110.8,4282.0,216,912646.6,EQNE
2011-11-11,4289.0,4289.0,4140.5,4276.9,98,414223.4,EQNE
2011-11-14,4300.0,4300.0,4099.9,4236.0,413,1721678.6,EQNE
2011-11-15,4285.7,4560.0,4255.0,4450.0,1183,5219217.5,EQNE
2011-11-16,4700.0,5657.0,4700.0,5509.0,3573,19102963.5,EQNE
2011-11-17,5554.5,6170.0,5525.0,5880.0,2257,13196661.1,EQNE
2011-11-18,5650.2,5835.0,5600.0,5740.9,1281,7288378.3,EQNE
2011-11-21,5607.6,6050.0,5300.0,5751.2,2627,15110609.3,EQNE
2011-11-22,5750.0,5900.0,5620.1,5700.0,1587,9140922.2,EQNE
2011-11-23,5700.0,5769.5,5555.0,5769.5,1422,8024400.3,EQNE
2011-11-24,4975.0,4975.0,4322.0,4415.6,1518,6908715.7,EQNE
2011-11-25,4415.6,4415.7,4151.0,4284.9,681,2909337.5,EQNE
2011-11-28,4294.5,4399.9,4250.1,4347.0,197,850233.6,EQNE
2011-11-29,4389.9,4389.9,4270.5,4343.9,159,688998.0,EQNE
2011-11-30,4337.0,4565.6,4300.7,4450.0,246,1082721.0,EQNE
2011-12-01,4540.0,4549.0,4400.0,4470.0,227,1015829.9,EQNE
2011-12-02,4470.0,4548.7,4400.1,4509.7,89,398879.4,EQNE
2011-12-05,4500.0,4530.0,4470.0,4470.0,97,435912.6,EQNE
2011-12-06,4410.3,4481.7,4368.0,4410.0,336,1485761.1,EQNE
2011-12-07,4401.7,4479.8,4318.0,4450.0,477,2100466.2,EQNE
2011-12-08,4449.9,4698.0,4441.0,4462.0,314,1427250.7,EQNE
2011-12-09,4450.0,4500.0,4328.0,4455.9,388,1714004.2,EQNE
2011-12-12,4420.2,4456.0,4268.0,4310.0,254,1116269.9,EQNE
2011-12-13,4353.3,4353.3,4268.1,4340.0,54,233158.1,EQNE
2011-12-14,4330.0,4400.0,4300.1,4300.1,306,1337698.1,EQNE
2011-12-15,4300.0,4329.4,4269.2,4300.0,117,503205.0,EQNE
2011-12-16,4308.1,4310.0,4268.2,4268.4,70,300525.8,EQNE
2011-12-19,4272.0,4310.0,4178.9,4300.0,67,284185.2,EQNE
2011-12-20,4282.7,4330.0,4259.0,4259.0,10,43029.5,EQNE
2011-12-21,4325.0,4350.0,4300.0,4321.0,291,1260020.2,EQNE
2011-12-22,4301.3,4320.0,4221.3,4250.0,38,161805.3,EQNE
2011-12-23,4260.5,4560.5,4177.0,4400.0,350,1529025.8,EQNE
2011-12-26,4495.0,4700.0,4450.0,4457.9,109,491943.3,EQNE
2011-12-27,4490.0,4540.0,4464.1,4526.8,256,1155000.3,EQNE
2011-12-28,4529.9,4565.6,4500.0,4519.9,94,425303.8,EQNE
2011-12-29,4597.9,4597.9,4350.0,4499.3,119,533208.4,EQNE
2011-12-30,4548.6,4548.6,4350.0,4355.0,233,1041288.5,EQNE
2012-01-03,4440.0,4539.9,4391.1,4539.9,62,277566.7,EQNE
2012-01-04,4454.5,4550.0,4452.3,4550.0,48,216510.5,EQNE
2012-01-05,4580.8,4599.0,4580.8,4599.0,21,96351.2,EQNE
2012-01-06,4550.0,4600.0,4550.0,4600.0,32,147144.9,EQNE
2012-01-09,4555.5,4639.8,4550.9,4600.0,30,137517.5,EQNE
2012-01-10,4799.8,4950.0,4640.0,4789.5,630,2966380.6,EQNE
2012-01-11,4899.0,4899.0,4526.4,4729.9,46,216025.7,EQNE
2012-01-12,4700.0,4730.0,4099.0,4598.0,967,4223770.2,EQNE
2012-01-13,4487.5,4600.0,4487.5,4600.0,82,372855.3,EQNE
2012-01-16,4584.9,4680.0,4540.0,4575.0,8685,39928787.8,EQNE
2012-01-17,4619.9,4695.0,4575.0,4610.0,47,218281.3,EQNE
2012-01-18,4640.0,4640.0,4543.8,4543.8,69,315731.6,EQNE
2012-01-19,4550.0,4630.0,4530.0,4575.0,453,2083959.4,EQNE
2012-01-20,4580.0,4625.0,4575.6,4575.6,101,462934.2,EQNE
2012-01-23,4581.5,4581.5,4525.5,4564.9,227,1034271.2,EQNE
2012-01-24,4650.9,4650.9,4562.6,4574.9,277,1266545.7,EQNE
2012-01-25,4575.0,4618.2,4542.6,4542.6,192,877543.1,EQNE
2012-01-26,4589.6,4589.6,4516.1,4570.0,50,227886.6,EQNE
2012-01-27,4605.0,4700.0,4556.0,4600.0,69,317160.7,EQNE
2012-01-30,4566.4,4580.0,4550.0,4580.0,110,502938.5,EQNE
2012-01-31,4600.0,4600.0,4550.0,4579.9,199,910311.0,EQNE
2012-02-01,4600.0,4600.0,4530.0,4560.0,78,356139.3,EQNE
2012-02-02,4609.6,4609.6,4550.1,4560.0,77,351572.2,EQNE
2012-02-03,4580.0,4875.0,4561.0,4693.9,568,2669007.0,EQNE
2012-02-06,4701.1,5499.0,4600.0,5045.0,2249,11533270.6,EQNE
2012-02-07,5045.0,5118.9,4734.0,4830.0,283,1373824.0,EQNE
2012-02-08,4757.6,5049.8,4757.6,5009.7,390,1932060.7,EQNE
2012-02-09,5009.7,5009.7,4876.3,4940.0,103,508837.0,EQNE
2012-02-10,4955.0,4955.0,4860.2,4887.9,36,176352.8,EQNE
2012-02-13,4960.0,5000.9,4900.0,4997.0,223,1105796.8,EQNE
2012-02-14,4970.0,5175.0,4970.0,4997.3,105,530308.5,EQNE
2012-02-15,5060.0,5080.0,4906.8,5029.0,84,417359.9,EQNE
2012-02-16,4988.0,5050.0,4980.0,5004.0,42,210438.3,EQNE
2012-02-17,4999.9,5058.2,4999.9,5025.2,265,1335312.2,EQNE
2012-02-20,5032.0,5278.9,5031.9,5209.0,626,3238822.1,EQNE
2012-02-21,5100.0,5196.8,5099.8,5120.0,266,1364366.5,EQNE
2012-02-22,5121.2,5165.0,5070.0,5100.0,329,1677275.4,EQNE
2012-02-24,5120.0,5250.0,5120.0,5163.8,513,2650363.9,EQNE
2012-02-27,5150.1,5200.0,5140.0,5175.6,217,1126628.5,EQNE
2012-02-28,5190.0,5190.0,5140.0,5174.2,55,283205.2,EQNE
2012-02-29,5180.0,5181.0,5110.0,5148.0,295,1517948.9,EQNE
2012-03-01,5142.0,5150.0,5115.9,5147.0,249,1278352.3,EQNE
2012-03-02,5131.0,5179.0,5130.1,5151.0,341,1757501.5,EQNE
2012-03-05,5189.8,5200.0,5151.0,5152.0,84,434925.2,EQNE
2012-03-06,5155.2,5155.2,5005.5,5030.0,186,941026.6,EQNE
2012-03-07,5000.0,5025.2,4981.0,5009.3,114,570613.0,EQNE
2012-03-11,5015.0,5040.0,5000.0,5014.3,242,1213608.0,EQNE
2012-03-12,5005.0,5041.8,5000.0,5040.0,114,572843.4,EQNE
2012-03-13,5030.2,5040.0,5011.0,5011.0,72,361068.1,EQNE
2012-03-14,5000.0,5000.0,4680.1,4979.9,160,796388.0,EQNE
2012-03-15,4925.0,4931.9,4822.0,4900.0,513,2506003.9,EQNE
2012-03-16,4850.5,4931.0,4810.0,4924.7,301,1479469.3,EQNE
2012-03-19,4813.0,4969.5,4800.8,4803.1,292,1415233.2,EQNE
2012-03-20,4849.9,4849.9,4720.1,4817.0,83,395783.2,EQNE
2012-03-21,4800.0,4801.0,4760.1,4785.0,43,206072.2,EQNE
2012-03-22,4740.0,4793.9,4655.7,4725.0,194,915275.1,EQNE
2012-03-23,4695.1,4705.9,4695.0,4700.0,19,89290.5,EQNE
2012-03-26,4700.0,4700.0,4651.0,4695.4,167,782121.9,EQNE
2012-03-27,4707.0,4720.8,4694.0,4699.8,23,108165.0,EQNE
2012-03-28,4700.0,4700.0,4670.1,4699.8,12,56332.5,EQNE
2012-03-29,4695.1,4790.0,4651.5,4659.8,87,407554.6,EQNE
2012-03-30,4699.0,4700.0,4610.0,4660.2,153,718390.0,EQNE
2012-04-02,4650.1,4650.1,4507.3,4605.3,44,202363.8,EQNE
2012-04-03,4620.0,4620.0,4605.3,4605.9,21,96797.4,EQNE
2012-04-04,4756.7,4756.8,4600.3,4660.7,29,134849.4,EQNE
2012-04-05,4607.5,4667.0,4599.9,4600.4,78,359492.6,EQNE
2012-04-06,4600.0,4738.0,4600.0,4700.0,36,167803.1,EQNE
2012-04-09,4761.6,4761.7,4650.3,4650.3,19,89366.5,EQNE
2012-04-10,4655.1,4739.8,4655.1,4671.0,31,144895.1,EQNE
2012-04-11,4670.0,4931.0,4670.0,4931.0,207,996621.4,EQNE
2012-04-12,5499.9,5499.9,4676.1,4750.0,211,1004764.9,EQNE
2012-04-13,4886.0,4886.0,4740.0,4839.6,30,144521.2,EQNE
2012-04-16,4800.0,4844.1,4750.1,4751.3,68,323478.6,EQNE
2012-04-17,4755.0,4874.9,4702.7,4775.0,93,444857.0,EQNE
2012-04-18,4775.0,4781.0,4603.1,4740.0,258,1226326.9,EQNE
2012-04-19,4607.2,4735.0,4549.2,4735.0,93,433445.0,EQNE
2012-04-20,4735.0,4799.0,4735.0,4799.0,125,593153.5,EQNE
2012-04-23,4670.1,4732.8,4670.1,4700.3,12,56632.8,EQNE
2012-04-24,4699.9,4739.9,4633.1,4700.0,59,276613.8,EQNE
2012-04-25,4766.5,4766.6,4625.6,4650.0,275,1283207.1,EQNE
2012-04-26,4700.0,4829.8,4600.8,4730.0,252,1179395.4,EQNE
2012-04-27,4699.9,4749.9,4610.1,4697.9,247,1141723.7,EQNE
2012-04-28,4600.8,4648.0,4508.0,4640.0,765,3512371.8,EQNE
2012-05-02,4525.2,4615.7,4515.0,4518.0,244,1105760.8,EQNE
2012-05-03,4500.1,4544.4,4297.5,4430.0,269,1202526.3,EQNE
2012-05-04,4333.2,4400.0,4305.0,4307.5,77,333294.7,EQNE
2012-05-05,4398.6,4398.6,4379.8,4397.0,23,100875.2,EQNE
2012-05-07,4250.7,4396.9,4250.7,4396.9,17,73884.8,EQNE
2012-05-08,4399.9,4399.9,4399.9,4399.9,1,4399.9,EQNE
2012-05-10,4500.0,4540.0,4399.9,4425.0,150,663696.1,EQNE
2012-05-11,4444.0,4444.0,4444.0,4444.0,1,4444.0,EQNE
2012-05-12,4480.0,4480.0,4400.1,4400.1,2,8880.1,EQNE
2012-05-14,4490.9,4512.9,4375.0,4397.9,197,864413.9,EQNE
2012-05-15,4309.1,4385.7,4299.7,4385.7,63,271319.1,EQNE
2012-05-16,4340.1,4393.3,4303.0,4382.6,52,225876.2,EQNE
2012-05-17,4399.9,4500.0,4308.5,4387.9,216,954343.6,EQNE
2012-05-18,4250.0,4476.8,4099.8,4476.8,456,1926164.6,EQNE
2012-05-21,4400.2,4465.8,4400.1,4410.1,26,115625.5,EQNE
2012-05-22,4500.0,4578.0,4451.2,4489.3,56,250287.7,EQNE
2012-05-23,4430.1,4490.7,4225.8,4395.3,146,631457.0,EQNE
2012-05-24,4320.1,4438.5,4315.0,4399.9,58,252826.8,EQNE
2012-05-25,4400.1,4574.6,4311.1,4469.8,68,302581.2,EQNE
2012-05-28,4459.9,4541.2,4440.0,4541.2,59,265335.5,EQNE
2012-05-29,4500.0,4599.1,4448.8,4589.0,89,401920.2,EQNE
2012-05-30,4599.9,4599.9,4355.0,4546.5,127,567394.5,EQNE
2012-05-31,4500.0,4545.8,4440.0,4495.1,28,125823.8,EQNE
2012-06-01,4519.9,4520.0,4500.0,4500.0,89,401620.1,EQNE
2012-06-04,4631.0,4698.0,4551.0,4551.0,80,366239.8,EQNE
2012-06-05,4539.4,4539.4,4499.0,4499.7,13,58579.8,EQNE
2012-06-06,4569.9,4575.2,4569.6,4575.0,487,2227864.4,EQNE
2012-06-07,4520.0,4609.8,4520.0,4580.0,108,494685.9,EQNE
2012-06-08,4500.0,4500.0,4500.0,4500.0,10,45000.0,EQNE
2012-06-09,4555.9,4555.9,4546.3,4546.3,6,27288.5,EQNE
2012-06-13,4600.0,4630.0,4588.0,4588.0,132,609196.8,EQNE
2012-06-14,4600.0,4620.0,4599.9,4620.0,17,78259.2,EQNE
2012-06-15,4640.0,4660.0,4611.2,4659.0,297,1377329.0,EQNE
2012-06-18,4660.0,4670.0,4506.0,4568.9,256,1169962.2,EQNE
2012-06-19,4550.1,4550.5,4549.8,4550.0,43,195651.7,EQNE
2012-06-20,4545.1,4545.1,4545.1,4545.1,5,22725.5,EQNE
2012-06-21,4610.0,4610.0,4540.0,4540.0,87,396486.3,EQNE
2012-06-22,4538.9,4538.9,4500.7,4530.0,8,36200.4,EQNE
2012-06-25,4533.5,4533.5,4405.2,4460.8,51,229069.5,EQNE
2012-06-26,4490.0,4490.0,4474.8,4474.9,18,80562.8,EQNE
2012-06-27,4450.0,4465.0,4410.0,4465.0,73,324668.7,EQNE
2012-06-28,4464.0,4465.0,4464.0,4464.1,191,852634.4,EQNE
2012-06-29,4410.5,4485.9,4410.0,4446.0,25,111260.1,EQNE
2012-07-02,4584.5,4584.5,4460.0,4500.0,37,167304.3,EQNE
2012-07-03,4624.9,4624.9,4311.0,4450.0,298,1322182.5,EQNE
2012-07-04,4499.0,4501.0,4420.0,4485.0,49,218054.4,EQNE
2012-07-05,4497.0,4505.0,4398.1,4449.0,84,374294.3,EQNE
2012-07-06,4440.0,4487.9,4311.0,4479.9,188,821259.5,EQNE
2012-07-09,4450.0,4500.0,4440.1,4490.0,53,236877.5,EQNE
2012-07-10,4477.7,4599.8,4477.7,4536.1,162,733192.4,EQNE
2012-07-11,4650.0,4650.0,4530.1,4589.9,25,114439.0,EQNE
2012-07-12,4550.1,4647.9,4536.5,4647.9,90,414101.1,EQNE
2012-07-13,4607.5,4720.0,4607.4,4720.0,288,1353119.1,EQNE
2012-07-16,4796.0,4800.0,4720.0,4737.1,139,657289.1,EQNE
2012-07-17,4740.2,4799.7,4701.4,4723.0,204,965838.1,EQNE
2012-07-18,4725.0,4789.8,4690.0,4705.0,50,235844.3,EQNE
2012-07-19,4737.0,4829.9,4734.9,4776.9,122,583369.3,EQNE
2012-07-20,4827.0,4837.0,4788.0,4835.0,104,499371.8,EQNE
2012-07-23,4770.0,4819.9,4730.0,4730.7,640,3033056.0,EQNE
2012-07-24,4680.1,4749.9,4625.2,4735.0,43,202121.1,EQNE
2012-07-25,4699.9,4989.0,4699.9,4850.0,265,1277064.5,EQNE
2012-07-26,4986.9,4986.9,4755.0,4972.9,284,1355293.6,EQNE
2012-07-27,5005.0,5490.0,4999.6,5412.7,1269,6762492.1,EQNE
2012-07-30,5412.1,5500.0,5203.0,5246.0,278,1493407.6,EQNE
2012-07-31,5231.0,5339.6,5188.0,5278.9,270,1408769.2,EQNE
2012-08-01,5255.0,5301.0,5233.0,5298.9,100,527803.7,EQNE
2012-08-02,5399.7,5750.0,5388.1,5584.7,212,1197249.4,EQNE
2012-08-03,5734.4,5734.4,5638.0,5674.1,122,690180.1,EQNE
2012-08-06,5680.0,5680.0,5505.0,5549.0,251,1390079.1,EQNE
2012-08-07,5740.4,5740.9,5671.9,5700.0,450,2566478.8,EQNE
2012-08-08,5700.0,5700.0,5600.1,5700.0,357,2034692.9,EQNE
2012-08-09,5763.9,5763.9,5603.5,5699.9,1161,6619766.6,EQNE
2012-08-10,5740.0,5740.0,5500.0,5700.0,95,539340.7,EQNE
2012-08-13,5730.0,5730.2,5650.0,5650.0,119,677346.2,EQNE
2012-08-14,5650.0,5712.7,5650.0,5699.9,103,583475.6,EQNE
2012-08-15,5671.1,5750.0,5665.3,5750.0,547,3138552.7,EQNE
2012-08-16,5769.9,6000.0,5751.0,5998.9,3254,19433241.1,EQNE
2012-08-17,6047.9,6048.0,5820.0,5990.0,1888,11258433.9,EQNE
2012-08-20,5990.0,6198.0,5980.1,5998.0,952,5760102.0,EQNE
2012-08-21,5999.4,6097.9,5990.0,6010.0,2002,12060759.1,EQNE
2012-08-22,6020.0,6025.0,5990.0,6018.5,907,5448133.6,EQNE
2012-08-23,6049.8,6049.8,5874.8,6000.0,2071,12426536.5,EQNE
2012-08-24,5205.5,5205.5,4820.1,4951.2,1974,9787123.4,EQNE
2012-08-27,4964.0,4989.0,4851.2,4941.6,429,2113994.5,EQNE
2012-08-28,4979.9,5050.0,4925.0,5027.9,527,2631280.7,EQNE
2012-08-29,5017.0,5029.8,4930.0,5004.0,488,2432856.5,EQNE
2012-08-30,5000.0,5027.3,4959.0,4980.0,165,821966.8,EQNE
2012-08-31,4979.9,5001.8,4960.1,4980.0,106,528338.7,EQNE
2012-09-03,4980.0,5003.0,4975.2,4995.0,39,194546.5,EQNE
2012-09-04,5000.0,5046.9,4983.9,5046.9,192,961057.2,EQNE
2012-09-05,5073.9,5074.0,5040.0,5057.3,209,1055609.2,EQNE
2012-09-06,5075.0,5399.8,5065.0,5144.0,219,1124368.9,EQNE
2012-09-07,5194.9,5300.0,5171.0,5246.0,576,3014762.0,EQNE
2012-09-10,5230.0,5678.6,5230.0,5555.0,1097,6067322.4,EQNE
2012-09-11,5505.0,5575.0,5403.1,5530.0,211,1163714.5,EQNE
2012-09-12,5510.0,5592.4,5500.0,5515.0,88,486348.9,EQNE
2012-09-13,5383.0,5563.1,5383.0,5413.0,138,756177.1,EQNE
2012-09-14,5599.9,5749.0,5501.0,5625.3,313,1752362.7,EQNE
2012-09-17,5625.4,5647.1,5305.0,5567.6,254,1403054.5,EQNE
2012-09-18,5600.0,5600.0,5550.0,5560.1,152,846560.5,EQNE
2012-09-19,5550.1,5550.1,5360.2,5430.0,140,766203.9,EQNE
2012-09-20,5450.0,5565.3,5450.0,5485.2,83,456515.6,EQNE
2012-09-21,5515.0,5541.9,5480.0,5480.0,116,638923.8,EQNE
2012-09-24,5450.0,5532.8,5450.0,5520.7,52,285500.8,EQNE
2012-09-25,5520.7,5520.7,5500.4,5500.5,10,55122.3,EQNE
2012-09-26,5466.5,5519.0,5466.5,5510.0,84,461956.6,EQNE
2012-09-27,5510.0,5520.1,5501.0,5520.0,33,182076.5,EQNE
2012-09-28,5597.0,5597.0,5535.0,5560.0,25,138971.9,EQNE
2012-10-01,5575.0,5625.0,5575.0,5580.7,17,95072.5,EQNE
2012-10-02,5502.3,5588.8,5500.3,5580.0,47,260551.7,EQNE
2012-10-03,5565.0,5699.0,5565.0,5650.1,87,488789.7,EQNE
2012-10-04,5601.5,5744.9,5601.5,5695.0,82,467356.9,EQNE
2012-10-05,5799.9,5849.9,5749.2,5848.1,116,671272.2,EQNE
2012-10-08,5810.3,5910.0,5810.2,5900.0,155,911320.6,EQNE
2012-10-09,5905.0,5987.5,5905.0,5945.0,101,600154.8,EQNE
2012-10-10,5879.7,6000.0,5651.0,5898.7,191,1129289.7,EQNE
2012-10-11,5994.5,5994.5,5854.6,5854.6,63,371040.1,EQNE
2012-10-12,5954.9,5954.9,5876.9,5877.8,45,265888.6,EQNE
2012-10-15,5862.6,5862.6,5777.0,5780.3,73,423662.6,EQNE
2012-10-16,5947.9,6000.0,5920.7,5938.6,239,1429764.8,EQNE
2012-10-17,5994.9,6000.0,5941.4,5990.0,179,1071900.8,EQNE
2012-10-18,5990.0,6057.0,5990.0,5995.0,306,1840158.5,EQNE
2012-10-19,6000.0,6030.0,5805.0,6000.0,132,791943.8,EQNE
2012-10-22,5990.0,6074.5,5990.0,6025.0,90,541843.0,EQNE
2012-10-23,6000.1,6000.1,5805.2,5949.9,307,1824841.0,EQNE
2012-10-24,5999.8,6000.0,5862.2,5990.0,22,131565.0,EQNE
2012-10-25,5951.0,5998.5,5951.0,5962.0,62,371497.3,EQNE
2012-10-26,5975.0,5975.0,5905.1,5940.0,40,238198.4,EQNE
2012-10-29,5909.1,5930.0,5900.0,5905.7,27,159604.9,EQNE
2012-10-30,5950.0,5999.6,5906.5,5906.5,4,23855.7,EQNE
2012-10-31,5919.9,5947.0,5919.9,5947.0,37,219298.8,EQNE
2012-11-01,5946.9,5950.0,5946.9,5950.0,3,17843.9,EQNE
2012-11-02,5900.6,5945.9,5900.6,5900.9,39,230805.2,EQNE
2012-11-06,5860.1,5949.0,5860.0,5907.0,14,82556.6,EQNE
2012-11-07,5940.0,5990.0,5925.0,5925.7,85,505664.1,EQNE
2012-11-08,5900.0,6050.0,5900.0,5925.0,176,1052382.1,EQNE
2012-11-09,5901.0,5976.0,5901.0,5976.0,2,11877.0,EQNE
2012-11-12,5950.0,5999.8,5950.0,5999.8,43,256404.2,EQNE
2012-11-13,6039.7,6095.0,5950.0,6050.0,91,548532.1,EQNE
2012-11-14,5970.9,6095.5,5930.0,5934.9,184,1098392.3,EQNE
2012-11-15,5934.1,5970.0,5852.3,5900.0,359,2130333.0,EQNE
2012-11-16,5890.1,5910.0,5890.0,5910.0,61,360234.7,EQNE
2012-11-19,5899.0,5900.0,5860.8,5875.2,28,164613.8,EQNE
2012-11-20,5885.0,5899.8,5850.0,5888.9,207,1215030.2,EQNE
2012-11-21,5890.0,5969.8,5876.0,5910.0,39,229990.6,EQNE
2012-11-22,5911.0,5970.9,5911.0,5970.9,11,65216.6,EQNE
2012-11-23,5925.0,5925.0,5855.6,5900.0,132,775185.7,EQNE
2012-11-26,5920.0,5920.0,5900.0,5900.3,11,65023.3,EQNE
2012-11-27,5860.1,5907.5,5860.0,5862.8,45,264130.4,EQNE
2012-11-28,5863.1,5889.9,5862.6,5862.6,16,93838.0,EQNE
2012-11-29,5945.0,5945.0,5890.1,5924.8,297,1752992.1,EQNE
2012-11-30,5918.0,5996.6,5918.0,5979.8,239,1421640.7,EQNE
2012-12-03,5950.0,5989.0,5942.3,5989.0,355,2116166.9,EQNE
2012-12-04,5980.0,5988.8,5911.0,5911.0,141,840553.7,EQNE
2012-12-05,5979.7,5979.8,5919.0,5942.9,367,2183301.4,EQNE
2012-12-06,5910.9,5966.6,5910.9,5930.2,101,599362.9,EQNE
2012-12-07,5960.9,6000.0,5942.5,5990.0,43,257402.5,EQNE
2012-12-10,5950.0,5998.8,5940.0,5998.8,53,315661.5,EQNE
2012-12-11,5988.9,5998.0,5929.7,5994.4,25,149207.5,EQNE
2012-12-12,5952.1,5953.0,5952.0,5953.0,5,29762.1,EQNE
2012-12-13,5920.0,5920.0,5901.1,5901.1,46,271872.4,EQNE
2012-12-14,5989.4,5989.4,5968.3,5968.3,17,101693.2,EQNE
2012-12-17,5910.4,5910.4,5910.4,5910.4,1,5910.4,EQNE
2012-12-18,5916.4,6000.1,5700.0,5946.5,263,1562971.2,EQNE
2012-12-19,5475.0,5991.4,5475.0,5912.0,32,188768.7,EQNE
2012-12-20,5404.2,6000.0,5404.2,5925.1,76,451922.0,EQNE
2012-12-21,5437.5,5950.0,5437.5,5940.0,48,284697.7,EQNE
2012-12-24,5947.9,5949.9,5920.2,5940.0,21,124770.5,EQNE
2012-12-25,5998.0,5998.0,5943.8,5949.0,12,71523.5,EQNE
2012-12-26,5930.1,5984.0,5930.1,5984.0,67,400398.1,EQNE
2012-12-27,5984.0,5995.0,5984.0,5993.6,81,485427.4,EQNE
2012-12-28,5998.9,5999.0,5951.0,5990.0,45,269702.0,EQNE
2013-01-08,6080.0,6080.0,5999.8,6025.0,78,470355.2,EQNE
2013-01-09,5999.9,6000.0,5950.2,6000.0,45,269764.5,EQNE
2013-01-10,5998.0,5998.0,5940.1,5940.7,40,238302.2,EQNE
2013-01-11,5940.0,5983.9,5940.0,5983.9,27,160775.4,EQNE
2013-01-14,5998.8,6058.9,5971.0,6032.7,336,2017627.4,EQNE
2013-01-15,6000.1,6020.0,6000.0,6000.1,126,756201.3,EQNE
2013-01-16,6000.3,6098.5,6000.3,6069.0,75,453524.0,EQNE
2013-01-17,6030.1,6800.0,6030.1,6200.2,177,1100792.2,EQNE
2013-01-18,6149.6,6349.9,6149.6,6270.0,127,789473.4,EQNE
2013-01-21,6222.1,6545.0,6222.1,6545.0,52,334776.7,EQNE
2013-01-22,6500.0,6562.6,6490.0,6562.6,48,313330.4,EQNE
2013-01-23,6517.2,6580.0,6500.2,6520.0,39,254681.5,EQNE
2013-01-24,6569.9,6569.9,6480.0,6499.6,72,468321.2,EQNE
2013-01-25,6480.1,6490.1,6060.0,6150.0,421,2642783.9,EQNE
2013-01-28,6073.3,6369.3,6073.2,6204.8,252,1564085.0,EQNE
2013-01-29,5500.3,6282.1,5500.3,6160.1,107,638223.9,EQNE
2013-01-30,6155.0,6219.7,6000.5,6146.5,47,287846.0,EQNE
2013-01-31,6100.2,6199.5,6100.0,6198.7,32,197390.1,EQNE
2013-02-01,6199.5,6290.0,6199.5,6228.3,311,1954783.4,EQNE
2013-02-04,6191.8,6194.1,6004.0,6061.5,55,336311.9,EQNE
2013-02-05,6114.9,6199.7,6061.0,6199.7,104,636005.9,EQNE
2013-02-06,6167.1,6221.3,6159.8,6159.8,24,148309.9,EQNE
2013-02-07,6219.6,6220.2,6060.0,6109.9,41,251173.9,EQNE
2013-02-08,6100.1,6173.1,6060.4,6173.1,21,128108.3,EQNE
2013-02-11,6041.4,6172.8,6010.3,6132.1,55,333541.3,EQNE
2013-02-12,5967.9,6098.5,5950.0,6015.1,151,909922.8,EQNE
2013-02-13,6000.1,6079.9,6000.0,6033.0,46,277091.2,EQNE
2013-02-14,6079.7,6079.8,5878.4,6049.9,160,957927.9,EQNE
2013-02-15,6048.0,6048.0,5841.3,5905.1,113,666633.9,EQNE
2013-02-18,6000.0,6014.9,5967.1,6000.0,69,413992.0,EQNE
2013-02-19,5944.1,6006.0,5941.4,5981.0,34,203485.8,EQNE
2013-02-20,5985.9,6042.8,5952.2,5976.8,15,89794.4,EQNE
2013-02-21,5999.9,5999.9,5955.0,5999.8,58,346569.9,EQNE
2013-02-22,5999.6,6087.9,5970.2,5984.4,48,288801.7,EQNE
2013-02-25,5991.7,6002.9,5950.0,6002.9,39,233339.0,EQNE
2013-02-26,6004.0,6004.0,5900.1,5927.0,156,930317.7,EQNE
2013-02-27,5995.8,6462.7,5936.4,6079.9,203,1246014.7,EQNE
2013-02-28,6079.1,6079.1,6040.0,6040.1,138,836851.4,EQNE
2013-03-01,6040.1,6040.1,5860.0,5950.0,70,417633.3,EQNE
2013-03-04,5910.1,5910.1,5900.0,5900.0,30,177251.0,EQNE
2013-03-05,5944.9,5944.9,5900.1,5920.0,23,136125.2,EQNE
2013-03-06,5901.0,5978.8,5900.0,5925.0,36,213409.4,EQNE
2013-03-07,5978.0,5978.0,5925.0,5931.9,102,605047.5,EQNE
2013-03-11,6059.0,6059.0,5900.2,5919.5,68,404787.7,EQNE
2013-03-12,5931.9,5933.2,5870.2,5900.0,77,455131.6,EQNE
2013-03-13,5897.1,5897.1,5510.0,5649.9,1773,9858963.4,EQNE
2013-03-14,5650.0,5650.0,5499.0,5514.9,304,1678478.5,EQNE
2013-03-15,5529.9,5565.0,5401.0,5529.8,93,511202.8,EQNE
2013-03-18,5401.1,5553.0,5401.1,5450.0,79,431235.9,EQNE
2013-03-19,5410.8,5525.0,5410.8,5502.5,66,363288.0,EQNE
2013-03-20,5537.9,5537.9,5450.0,5511.5,182,998521.3,EQNE
2013-03-21,5401.3,5501.8,5300.0,5300.0,172,933126.0,EQNE
2013-03-22,5300.1,5369.9,5285.0,5350.1,223,1188930.1,EQNE
2013-03-25,5499.0,5549.9,5324.5,5389.6,49,264230.9,EQNE
2013-03-26,5211.4,5404.9,5211.4,5318.2,81,432022.5,EQNE
2013-03-27,5397.5,5419.9,5302.4,5360.0,153,820036.8,EQNE
2013-03-28,5408.8,5449.5,5305.1,5449.5,259,1394847.3,EQNE
2013-03-29,5449.9,5549.9,5407.4,5500.0,129,709976.5,EQNE
2013-04-01,5548.6,5569.8,5548.6,5569.8,176,977011.2,EQNE
2013-04-02,5500.0,5502.8,5359.6,5460.0,35,189997.2,EQNE
2013-04-03,5401.1,5589.8,5401.1,5555.0,107,594461.0,EQNE
2013-04-04,5589.6,5639.9,5570.0,5575.1,96,538750.1,EQNE
2013-04-05,5649.7,5700.0,5550.0,5680.0,141,797206.5,EQNE
2013-04-08,5731.4,5793.8,5610.0,5610.0,50,286376.3,EQNE
2013-04-09,5666.6,5666.6,5658.3,5658.3,3,16983.2,EQNE
2013-04-10,5630.0,5762.0,5600.0,5602.0,111,628452.5,EQNE
2013-04-11,5588.8,5665.1,5588.8,5665.1,20,113048.2,EQNE
2013-04-12,5625.0,5625.0,5424.5,5499.7,121,664248.1,EQNE
2013-04-15,5456.6,5555.0,5360.1,5490.0,285,1547287.5,EQNE
2013-04-16,5478.6,5479.0,5400.0,5405.2,151,817535.2,EQNE
2013-04-17,5400.0,5400.0,5349.3,5400.0,213,1140425.5,EQNE
2013-04-18,5303.2,5499.0,5303.2,5499.0,34,183575.2,EQNE
2013-04-19,5369.6,5473.2,5012.0,5457.0,46,243657.8,EQNE
2013-04-22,5350.0,5360.0,5350.0,5360.0,8,42830.0,EQNE
2013-04-23,5250.0,5430.2,5250.0,5430.2,10,53551.1,EQNE
2013-04-24,5433.5,5499.3,5433.1,5433.2,17,92512.8,EQNE
2013-04-25,5498.0,5499.9,5401.7,5470.0,20,109463.8,EQNE
2013-04-26,5300.0,5470.0,5300.0,5385.3,51,277072.9,EQNE
2013-04-29,5469.8,5499.6,5393.9,5470.0,25,136566.2,EQNE
2013-04-30,5300.0,5534.7,5300.0,5432.3,94,513055.5,EQNE
2013-05-02,5430.3,5430.3,5410.0,5425.5,61,330603.3,EQNE
2013-05-03,5500.0,5500.0,5425.0,5430.0,36,195544.4,EQNE
2013-05-06,5430.0,5434.1,5353.4,5400.0,14,75677.5,EQNE
2013-05-07,5421.5,5470.3,5369.9,5448.5,32,173034.6,EQNE
2013-05-08,5314.5,5494.9,5314.5,5400.0,71,382604.8,EQNE
2013-05-10,5348.5,5579.7,5348.5,5424.5,22,118181.1,EQNE
2013-05-13,5202.8,5400.0,5202.8,5400.0,56,302103.1,EQNE
2013-05-14,5063.2,5524.0,5060.0,5332.3,161,853147.6,EQNE
2013-05-15,5353.1,5389.0,5325.0,5364.9,96,513387.0,EQNE
2013-05-16,5384.5,5388.9,5305.8,5376.9,12,64143.0,EQNE
2013-05-17,5357.3,5432.2,5357.3,5397.4,13,70003.1,EQNE
2013-05-20,5114.1,5370.0,5114.1,5226.3,88,461047.4,EQNE
2013-05-21,5324.4,5384.7,5324.4,5373.2,8,42780.2,EQNE
2013-05-22,5414.6,5499.9,5375.0,5499.0,269,1462825.0,EQNE
2013-05-23,5405.0,5499.9,5405.0,5499.9,24,131859.6,EQNE
2013-05-24,5498.0,5498.0,5435.0,5450.0,20,108801.8,EQNE
2013-05-27,5457.9,5457.9,5324.1,5390.0,31,167648.6,EQNE
2013-05-28,5400.0,5444.0,5349.4,5400.0,71,384294.5,EQNE
2013-05-29,5399.9,5425.0,5398.0,5425.0,14,75802.6,EQNE
2013-05-30,5449.0,5449.0,5449.0,5449.0,5,27245.0,EQNE
2013-05-31,5389.0,5499.8,5389.0,5469.6,35,190751.4,EQNE
2013-06-03,5399.8,5399.8,5399.8,5399.8,12,64797.6,EQNE
2013-06-04,5433.0,5433.0,5400.0,5400.0,36,194657.1,EQNE
2013-06-05,5385.0,5402.0,5384.9,5402.0,10,53866.8,EQNE
2013-06-06,5384.9,5384.9,5300.4,5332.1,18,96327.4,EQNE
2013-06-07,5359.8,5384.8,5300.4,5384.8,56,299536.9,EQNE
2013-06-10,5330.5,5330.5,5330.5,5330.5,1,5330.5,EQNE
2013-06-11,5325.7,5343.9,5254.1,5343.9,7,37116.4,EQNE
2013-06-13,5349.8,5349.9,5250.0,5296.6,130,685229.0,EQNE
2013-06-14,5271.9,5341.0,5250.1,5296.8,38,201248.1,EQNE
2013-06-17,5350.0,5350.0,5284.3,5321.0,9,47888.7,EQNE
2013-06-18,5268.9,5349.8,5268.9,5309.8,72,381656.0,EQNE
2013-06-19,5293.0,5309.9,5270.0,5299.8,6,31742.7,EQNE
2013-06-20,5250.0,5329.9,5250.0,5329.9,72,382136.3,EQNE
2013-06-21,5264.1,5299.8,5252.0,5299.8,28,147599.3,EQNE
2013-06-24,5299.0,5299.0,5225.1,5225.1,24,125544.1,EQNE
2013-06-25,5232.0,5320.0,5225.1,5225.2,19,100071.2,EQNE
2013-06-26,5298.9,5319.9,5232.2,5298.0,206,1093495.5,EQNE
2013-06-27,5314.8,5320.0,5285.0,5320.0,55,292331.5,EQNE
2013-06-28,5321.9,5330.0,5287.8,5329.9,20,106046.3,EQNE
2013-07-01,5305.0,5330.0,5296.0,5328.8,20,106226.4,EQNE
2013-07-02,5295.0,5331.0,5295.0,5302.0,21,111711.8,EQNE
2013-07-03,5328.0,5328.0,5297.0,5315.8,117,622041.9,EQNE
2013-07-04,5264.4,5302.0,5239.9,5300.0,113,594171.4,EQNE
2013-07-05,5329.5,5329.5,5284.0,5304.9,66,349651.7,EQNE
2013-07-08,5300.0,5300.0,5279.8,5279.9,5,26439.5,EQNE
2013-07-09,5299.8,5299.8,5299.8,5299.8,7,37098.6,EQNE
2013-07-10,5299.7,5299.9,5270.0,5270.0,87,460264.1,EQNE
2013-07-11,5300.0,5300.0,5300.0,5300.0,54,286200.0,EQNE
2013-07-12,5300.0,5300.0,5250.0,5250.0,219,1158067.2,EQNE
2013-07-15,5300.9,5998.2,5242.2,5850.0,1540,8575090.4,EQNE
2013-07-16,5800.0,5955.0,5800.0,5897.9,382,2260498.4,EQNE
2013-07-17,5925.0,5929.9,5610.0,5746.9,387,2211980.8,EQNE
2013-07-18,5800.0,6089.9,5800.0,5950.0,912,5369156.0,EQNE
2013-07-19,5801.2,6199.9,5801.2,5969.0,284,1680802.6,EQNE
2013-07-22,6000.0,6099.0,5999.9,6048.1,180,1089513.0,EQNE
2013-07-23,6060.0,6300.0,6060.0,6299.5,291,1813152.3,EQNE
2013-07-24,6150.0,6399.9,6150.0,6224.0,80,501554.7,EQNE
2013-07-25,6299.9,6450.0,6270.7,6400.0,321,2045228.5,EQNE
2013-07-26,6450.0,6500.0,6398.0,6474.0,189,1221260.3,EQNE
2013-07-29,6690.0,6690.0,6364.0,6399.9,241,1558178.0,EQNE
2013-07-30,6370.0,6370.0,6215.0,6215.0,58,366428.3,EQNE
2013-07-31,6148.0,6209.9,6064.0,6067.3,134,818296.6,EQNE
2013-08-01,6170.0,6399.6,6169.9,6321.3,74,460189.0,EQNE
2013-08-02,6499.0,6499.0,6205.8,6350.0,125,788915.0,EQNE
2013-08-05,6300.0,6339.7,6254.4,6266.0,55,344671.3,EQNE
2013-08-06,6348.9,6530.0,6288.0,6435.0,277,1781990.9,EQNE
2013-08-07,6400.4,6529.0,6300.0,6421.1,94,600408.0,EQNE
2013-08-08,6649.9,6649.9,6498.9,6545.4,94,614869.8,EQNE
2013-08-09,6500.1,6740.0,6500.0,6665.0,278,1836109.5,EQNE
2013-08-12,6699.9,7000.0,6699.9,6999.0,796,5496650.4,EQNE
2013-08-13,6999.0,7079.9,6960.0,7040.0,508,3558567.7,EQNE
2013-08-14,7027.9,7049.9,6920.1,7049.9,323,2258964.9,EQNE
2013-08-15,6950.1,7025.0,6950.0,7018.7,334,2335153.2,EQNE
2013-08-16,7275.1,7697.8,7150.0,7530.0,2336,17471688.1,EQNE
2013-08-19,7550.0,7550.0,7303.0,7400.0,1055,7835551.9,EQNE
2013-08-20,7444.3,7444.4,7250.0,7300.0,861,6325916.1,EQNE
2013-08-21,7300.0,7300.0,7201.0,7245.0,731,5298626.2,EQNE
2013-08-22,7100.6,7300.0,7100.6,7300.0,1701,12332682.2,EQNE
2013-08-23,5565.1,5946.9,5565.1,5714.9,3582,20590125.1,EQNE
2013-08-26,5720.1,5789.2,5700.0,5747.0,735,4227341.4,EQNE
2013-08-27,5730.2,5792.5,5650.0,5651.2,222,1266699.2,EQNE
2013-08-28,5699.8,5747.9,5570.0,5620.0,307,1735629.6,EQNE
2013-08-29,5600.0,5699.9,5549.9,5670.7,286,1613865.8,EQNE
2013-08-30,5607.3,5736.8,5607.3,5670.0,322,1829085.3,EQNE
2013-09-02,5500.0,5601.5,5500.0,5600.1,155,862146.6,TQNE
2013-09-03,5695.0,5714.0,5670.0,5670.0,152,864506.0,TQNE
2013-09-04,5660.0,5699.8,5660.0,5671.0,99,563492.4,TQNE
2013-09-05,5699.7,5699.7,5602.5,5694.6,225,1275670.4,TQNE
2013-09-06,5650.2,5699.0,5650.0,5680.0,104,590836.8,TQNE
2013-09-09,5680.1,5680.1,5525.2,5600.0,653,3675585.7,TQNE
2013-09-10,5625.0,5625.0,5501.0,5584.9,511,2836427.1,TQNE
2013-09-11,5596.9,5600.0,5530.2,5530.2,253,1407261.8,TQNE
2013-09-12,5559.5,5599.0,5530.2,5571.1,179,997523.1,TQNE
2013-09-13,5540.1,5625.0,5500.0,5530.0,403,2230731.9,TQNE
2013-09-16,5530.1,5570.0,5510.1,5546.9,215,1189515.4,TQNE
2013-09-17,5539.9,5550.0,5530.0,5546.9,130,719826.9,TQNE
2013-09-18,5551.3,5700.0,5549.1,5621.0,236,1330404.9,TQNE
2013-09-19,5649.9,5700.0,5628.9,5689.9,431,2443719.9,TQNE
2013-09-20,5675.0,5749.9,5655.0,5710.0,805,4591998.1,TQNE
2013-09-23,5710.6,5750.0,5701.0,5749.8,233,1338538.2,TQNE
2013-09-24,5720.0,5748.9,5699.7,5700.1,269,1537109.4,TQNE
2013-09-25,5700.2,5719.9,5695.0,5710.3,70,399533.6,TQNE
2013-09-26,5730.0,5750.1,5680.0,5700.0,1236,7089225.9,TQNE
2013-09-27,5700.1,5700.1,5680.0,5680.0,38,216231.4,TQNE
2013-09-30,5650.1,5700.0,5601.2,5695.0,90,510895.7,TQNE
2013-10-01,5695.0,5715.0,5600.0,5640.0,323,1819554.9,TQNE
2013-10-02,5640.0,5659.7,5610.0,5647.0,162,913147.1,TQNE
2013-10-03,5650.1,5699.0,5635.0,5670.1,150,852415.3,TQNE
2013-10-04,5669.9,5680.0,5601.2,5675.0,200,1132602.8,TQNE
2013-10-07,5680.0,5683.9,5645.0,5680.0,61,344889.2,TQNE
2013-10-08,5684.9,5689.9,5679.9,5685.0,16,90980.3,TQNE
2013-10-09,5698.2,5707.0,5675.0,5680.0,318,1809536.9,TQNE
2013-10-10,5705.0,5760.0,5700.0,5710.0,251,1436524.0,TQNE
2013-10-11,5710.0,5745.0,5710.0,5730.0,81,463332.9,TQNE
2013-10-14,5730.1,5749.0,5700.0,5717.9,248,1414673.2,TQNE
2013-10-15,5720.1,5729.7,5700.0,5700.2,120,685119.2,TQNE
2013-10-16,5766.3,5766.3,5696.0,5703.0,63,359245.9,TQNE
2013-10-17,5700.0,5700.0,5651.0,5700.0,133,754825.6,TQNE
2013-10-18,5700.1,5740.0,5700.0,5727.0,112,641174.5,TQNE
2013-10-21,5729.9,5751.0,5713.9,5751.0,75,430139.6,TQNE
2013-10-22,5747.3,5747.4,5717.1,5720.0,35,200315.6,TQNE
2013-10-23,5730.0,5765.0,5728.1,5730.0,51,292987.4,TQNE
2013-10-24,5745.1,5745.1,5670.1,5700.0,345,1966197.9,TQNE
2013-10-25,5734.9,5734.9,5700.0,5700.0,67,381989.7,TQNE
2013-10-28,5734.9,5754.9,5710.0,5714.0,73,417732.4,TQNE
2013-10-29,5714.0,5748.0,5700.0,5747.8,87,497527.2,TQNE
2013-10-30,5743.0,5746.9,5705.0,5744.9,49,280931.9,TQNE
2013-10-31,5746.0,5747.6,5706.7,5710.0,61,349752.6,TQNE
2013-11-01,5739.1,5743.8,5730.0,5734.9,37,212235.6,TQNE
2013-11-05,5730.0,5730.0,5712.4,5720.0,48,274546.9,TQNE
2013-11-06,5720.0,5748.8,5700.0,5710.6,429,2450640.4,TQNE
2013-11-07,5720.0,5740.0,5715.0,5730.0,174,996699.6,TQNE
2013-11-08,5739.0,5739.0,5711.0,5717.9,25,143253.6,TQNE
2013-11-11,5710.0,5717.4,5659.8,5664.0,109,620582.5,TQNE
2013-11-12,5699.3,5729.0,5642.0,5708.0,334,1894399.8,TQNE
2013-11-13,5700.0,5710.0,5630.1,5682.5,137,779138.2,TQNE
2013-11-14,5590.0,5669.6,5590.0,5650.0,129,727073.8,TQNE
2013-11-15,5650.0,5699.9,5650.0,5694.7,47,267311.9,TQNE
2013-11-18,5657.7,5657.7,5630.1,5644.9,98,553429.4,TQNE
2013-11-19,5625.1,5675.9,5625.1,5628.0,123,693279.2,TQNE
2013-11-20,5630.1,5630.9,5625.1,5630.0,23,129482.6,TQNE
2013-11-21,5625.0,5645.0,5605.0,5645.0,43,241879.4,TQNE
2013-11-22,5654.8,5654.9,5615.0,5649.9,15,84593.0,TQNE
2013-11-25,5621.1,5641.0,5601.0,5625.0,38,213630.2,TQNE
2013-11-26,5627.0,5653.6,5620.1,5653.6,39,219915.1,TQNE
2013-11-27,5653.2,5706.9,5653.2,5662.1,178,1009599.7,TQNE
2013-11-28,5670.0,5837.0,5662.1,5772.0,350,2009801.8,TQNE
2013-11-29,5790.0,5790.1,5720.0,5730.0,311,1786631.5,TQNE
2013-12-02,5710.2,5730.0,5710.0,5710.0,24,137062.5,TQNE
2013-12-03,5710.0,5710.0,5652.1,5686.9,148,838751.5,TQNE
2013-12-04,5686.6,5686.9,5645.0,5650.0,224,1267073.8,TQNE
2013-12-05,5640.0,5680.0,5520.0,5570.1,1090,6035085.1,TQNE
2013-12-06,5530.1,5636.8,5521.1,5600.0,118,660509.1,TQNE
2013-12-09,5629.0,5639.7,5563.2,5563.2,45,252261.2,TQNE
2013-12-10,5563.8,5565.0,5553.2,5565.0,31,172368.6,TQNE
2013-12-11,5554.0,5555.5,5549.9,5549.9,83,460868.6,TQNE
2013-12-12,5530.1,5549.9,5510.0,5523.0,41,226521.6,TQNE
2013-12-13,5539.8,5539.8,5514.5,5534.0,45,248387.1,TQNE
2013-12-16,5539.0,5564.5,5529.9,5564.5,84,465002.5,TQNE
2013-12-17,5564.9,5685.4,5564.9,5606.0,54,303133.9,TQNE
2013-12-18,5601.1,5670.0,5601.1,5660.0,91,515321.0,TQNE
2013-12-19,5650.0,5650.0,5612.1,5625.1,37,208813.4,TQNE
2013-12-20,5565.1,5629.8,5555.0,5600.0,87,485906.8,TQNE
2013-12-23,5600.0,5620.0,5580.0,5580.0,75,419611.6,TQNE
2013-12-24,5561.0,5610.0,5554.9,5607.0,44,245032.5,TQNE
2013-12-25,5610.8,5640.0,5560.0,5640.0,528,2948208.0,TQNE
2013-12-26,5645.0,5655.0,5606.0,5640.0,26,146520.2,TQNE
2013-12-27,5640.0,5640.0,5555.0,5594.0,177,986164.8,TQNE
2013-12-30,5585.2,5609.9,5581.2,5590.0,44,246093.4,TQNE
2014-01-06,5630.0,5630.0,5590.2,5600.0,25,140049.3,TQNE
2014-01-08,5599.7,5599.7,5560.0,5560.0,23,128036.9,TQNE
2014-01-09,5590.0,5599.2,5549.9,5550.0,66,366893.3,TQNE
2014-01-10,5589.9,5627.2,5589.9,5600.0,142,797155.1,TQNE
2014-01-13,5597.0,5624.9,5596.0,5624.8,20,112232.0,TQNE
2014-01-14,5601.2,5623.9,5601.2,5623.9,23,129149.3,TQNE
2014-01-15,5615.0,5627.9,5600.0,5614.0,107,600020.2,TQNE
2014-01-16,5600.5,5604.9,5590.0,5599.0,21,117563.3,TQNE
2014-01-17,5582.1,5700.0,5582.1,5688.0,41,231489.1,TQNE
2014-01-20,5700.0,5750.0,5690.0,5700.0,236,1353958.7,TQNE
2014-01-21,5701.0,5796.7,5701.0,5730.0,92,529602.9,TQNE
2014-01-22,5740.1,5810.0,5740.0,5740.0,117,676747.7,TQNE
2014-01-23,5769.9,5809.0,5769.9,5809.0,257,1487770.1,TQNE
2014-01-24,5802.3,5829.8,5790.0,5800.0,221,1282445.9,TQNE
2014-01-27,5799.0,5835.0,5779.0,5779.5,106,614432.9,TQNE
2014-01-28,5809.9,5820.0,5792.0,5820.0,7,40679.7,TQNE
2014-01-29,5840.0,5988.5,5838.0,5900.0,228,1339403.2,TQNE
2014-01-30,5899.9,5900.0,5700.0,5780.0,197,1133355.8,TQNE
2014-01-31,5827.0,5827.0,5790.1,5804.0,19,110345.2,TQNE
2014-02-03,5800.0,5849.5,5755.0,5787.0,41,238019.5,TQNE
2014-02-04,5700.0,5799.9,5600.0,5780.0,101,579392.4,TQNE
2014-02-05,5780.0,5780.0,5712.2,5760.0,15,86489.3,TQNE
2014-02-06,5750.0,5770.1,5750.0,5770.0,36,207500.9,TQNE
2014-02-07,5770.0,5796.7,5770.0,5790.1,31,179417.5,TQNE
2014-02-10,5790.1,5899.9,5790.1,5850.0,77,448540.9,TQNE
2014-02-11,5899.0,5930.0,5851.0,5930.0,169,995659.8,TQNE
2014-02-12,5930.0,6039.0,5929.0,6038.9,335,1996630.9,TQNE
2014-02-13,6034.8,6100.0,6000.3,6070.0,239,1454077.7,TQNE
2014-02-14,6089.0,6148.4,6079.9,6100.0,192,1171118.6,TQNE
2014-02-17,6100.0,6235.0,6100.0,6203.0,131,809751.8,TQNE
2014-02-18,6226.0,6230.1,6160.1,6180.0,60,371854.9,TQNE
2014-02-19,6188.9,6199.5,5950.0,6135.0,170,1038230.9,TQNE
2014-02-20,6150.0,6150.0,6080.0,6129.9,31,190038.6,TQNE
2014-02-21,6100.9,6109.9,6001.0,6020.0,91,548648.6,TQNE
2014-02-24,6037.0,6134.9,6037.0,6082.1,56,340830.4,TQNE
2014-02-25,6089.9,6149.9,6089.9,6099.0,60,366249.7,TQNE
2014-02-26,6109.9,6120.0,6085.4,6110.0,78,477184.3,TQNE
2014-02-27,6148.0,6148.0,5936.0,6099.9,155,934258.8,TQNE
2014-02-28,5993.5,6100.0,5827.5,6069.0,61,365979.8,TQNE
2014-03-03,5350.0,6000.0,5350.0,5750.0,280,1605037.6,TQNE
2014-03-04,5886.3,6090.8,5880.0,6000.0,84,503591.9,TQNE
2014-03-05,6045.0,6050.0,6000.0,6000.0,70,420876.4,TQNE
2014-03-06,6000.0,6001.9,5950.0,6000.0,39,232960.5,TQNE
2014-03-07,5950.1,6000.0,5750.0,5897.8,110,646780.1,TQNE
2014-03-11,5899.6,5949.7,5850.0,5949.7,17,100196.8,TQNE
2014-03-12,5850.0,5870.0,5600.0,5701.0,319,1816972.8,TQNE
2014-03-13,5748.9,5900.0,5600.0,5700.0,213,1211994.1,TQNE
2014-03-14,5699.9,5950.0,5561.0,5700.0,1156,6764006.8,TQNE
2014-03-17,5743.8,5836.6,5701.0,5780.0,61,350357.1,TQNE
2014-03-18,5830.0,5830.0,5704.1,5800.0,32,185771.3,TQNE
2014-03-19,5800.0,5836.5,5749.7,5800.0,118,684337.6,TQNE
2014-03-20,5679.9,5847.3,5679.9,5773.0,30,173474.2,TQNE
2014-03-21,5750.0,5750.0,5690.0,5705.0,58,331540.9,TQNE
2014-03-24,5792.0,5792.0,5680.2,5700.0,285,1625126.0,TQNE
2014-03-25,5655.0,5704.5,5655.0,5700.0,11,62614.5,TQNE
2014-03-26,5699.7,5738.5,5690.0,5700.0,178,1016118.9,TQNE
2014-03-27,5717.9,5717.9,5650.3,5670.0,85,483229.0,TQNE
2014-03-28,5698.5,5700.0,5660.3,5700.0,143,813109.6,TQNE
2014-03-31,5749.6,5749.6,5696.3,5696.3,53,303421.6,TQNE
2014-04-01,5700.4,5721.0,5700.0,5700.3,47,268433.7,TQNE
2014-04-02,5724.5,5725.0,5710.0,5724.9,8,45768.9,TQNE
2014-04-03,5749.5,5750.0,5710.7,5711.0,84,481400.1,TQNE
2014-04-04,5749.9,5839.9,5712.9,5797.0,93,532860.9,TQNE
2014-04-07,5799.9,5799.9,5690.0,5709.9,62,354132.1,TQNE
2014-04-08,5690.1,5800.0,5690.0,5692.2,160,919247.0,TQNE
2014-04-09,5740.0,5740.0,5700.1,5720.0,7,40020.2,TQNE
2014-04-10,5730.0,5730.0,5730.0,5730.0,6,34380.0,TQNE
2014-04-11,5788.3,5798.9,5730.0,5750.0,149,855898.8,TQNE
2014-04-14,5629.1,5730.1,5629.1,5699.9,59,336071.6,TQNE
2014-04-15,5700.1,5740.0,5650.0,5650.0,362,2060310.6,TQNE
2014-04-16,5699.9,5714.9,5676.3,5714.9,16,91107.5,TQNE
2014-04-17,5720.0,5785.8,5699.9,5785.8,18,103376.2,TQNE
2014-04-18,5794.8,5800.2,5789.9,5789.9,30,173887.2,TQNE
2014-04-21,5797.5,5800.8,5732.0,5732.0,55,316536.8,TQNE
2014-04-22,5749.9,5753.6,5749.9,5750.0,8,46007.1,TQNE
2014-04-23,5779.8,5779.8,5700.0,5700.0,73,418084.1,TQNE
2014-04-24,5749.0,5749.0,5700.2,5700.2,24,137464.2,TQNE
2014-04-25,5703.0,5727.1,5703.0,5727.1,6,34328.2,TQNE
2014-04-28,5735.0,5749.0,5700.0,5749.0,71,406570.7,TQNE
2014-04-29,5750.2,5750.2,5730.0,5730.0,15,86062.0,TQNE
2014-04-30,5748.9,5778.6,5748.9,5770.0,8,46083.2,TQNE
2014-05-02,5774.9,5774.9,5774.9,5774.9,1,5774.9,TQNE
2014-05-05,5800.0,5800.0,5735.2,5757.0,16,92307.1,TQNE
2014-05-06,5799.5,5799.8,5735.0,5799.8,28,161831.7,TQNE
2014-05-07,5799.0,5979.0,5799.0,5975.0,116,687155.7,TQNE
2014-05-08,5999.9,6033.5,5800.3,5999.8,174,1036879.0,TQNE
2014-05-12,6000.0,6218.8,6000.0,6159.8,187,1153728.6,TQNE
2014-05-13,6211.7,6350.0,6000.0,6000.1,223,1360429.8,TQNE
2014-05-14,5975.0,6300.0,5900.5,6300.0,152,936469.9,TQNE
2014-05-15,5975.1,6199.3,5800.0,6000.1,233,1385217.2,TQNE
2014-05-16,6130.9,6130.9,6050.0,6052.8,132,801085.6,TQNE
2014-05-19,6001.2,6097.3,5995.0,6050.0,198,1189628.3,TQNE
2014-05-20,6097.5,6097.5,6000.1,6039.9,36,217387.9,TQNE
2014-05-21,6049.1,6049.5,5951.0,6009.7,81,485381.4,TQNE
2014-05-22,5960.3,5965.0,5901.0,5910.0,151,893822.6,TQNE
2014-05-23,5970.0,5985.0,5951.1,5985.0,87,518596.8,TQNE
2014-05-26,5999.9,6048.9,5955.2,5989.9,260,1562722.5,TQNE
2014-05-27,6005.0,6010.1,5900.1,5939.7,380,2260296.1,TQNE
2014-05-28,5850.5,5939.4,5850.5,5910.1,86,508809.7,TQNE
2014-05-29,5903.0,5983.0,5903.0,5943.4,24,142644.8,TQNE
2014-05-30,5971.1,5977.9,5924.1,5977.9,21,124877.5,TQNE
2014-06-02,5925.1,5960.2,5922.1,5951.0,162,961441.5,TQNE
2014-06-03,5990.0,6022.0,5945.7,6022.0,88,526081.3,TQNE
2014-06-04,6000.0,6110.5,6000.0,6030.0,177,1070355.7,TQNE
2014-06-05,6030.6,6091.2,6030.6,6091.1,83,503876.8,TQNE
2014-06-06,6090.1,6141.8,6064.8,6064.8,11,67358.3,TQNE
2014-06-09,6023.6,6141.6,6023.6,6098.9,34,207508.6,TQBR
2014-06-10,6033.3,6137.8,6030.0,6099.8,61,370588.7,TQBR
2014-06-11,6039.9,6100.0,5950.0,6062.8,674,4033027.0,TQBR
2014-06-16,5957.0,6099.7,5915.0,6050.0,289,1757301.7,TQBR
2014-06-17,6050.0,6050.0,5983.1,5983.1,531,3201958.0,TQBR
2014-06-18,6095.6,6095.7,6000.0,6018.8,78,469888.9,TQBR
2014-06-19,6049.9,6069.8,5999.8,6039.9,374,2251954.5,TQBR
2014-06-20,6060.9,6100.0,6000.0,6005.8,114,686700.2,TQBR
2014-06-23,6001.0,6079.5,6000.1,6049.8,74,447399.4,TQBR
2014-06-24,6046.0,6055.2,6002.0,6002.0,124,746364.4,TQBR
2014-06-25,6039.7,6039.8,5951.1,6005.6,157,942441.5,TQBR
2014-06-26,6030.1,6032.1,5999.9,6025.0,44,264536.9,TQBR
2014-06-27,6001.2,6040.0,6000.0,6023.8,154,926371.0,TQBR
2014-06-30,5962.3,6018.8,5938.2,5995.3,404,2423236.9,TQBR
2014-07-01,5912.3,6010.0,5911.5,6000.0,92,551477.6,TQBR
2014-07-02,5998.9,6020.0,5955.2,6019.9,134,803310.3,TQBR
2014-07-03,5952.0,6034.0,5921.3,6034.0,198,1192584.6,TQBR
2014-07-04,6033.9,6099.0,6018.0,6018.0,216,1309452.1,TQBR
2014-07-07,6109.6,6109.6,6010.0,6010.0,246,1484297.8,TQBR
2014-07-08,6048.9,6048.9,6000.0,6000.0,186,1118646.3,TQBR
2014-07-09,6001.1,6020.0,5995.0,6002.0,191,1146198.0,TQBR
2014-07-10,6005.0,6018.6,5995.0,5995.0,106,636170.5,TQBR
2014-07-11,6010.0,6015.0,5977.0,5980.0,109,652408.9,TQBR
2014-07-14,5980.0,6010.0,5950.4,5970.8,246,1469033.5,TQBR
2014-07-15,5956.2,6100.0,5956.2,6099.8,335,2035259.2,TQBR
2014-07-16,6000.0,6100.0,6000.0,6030.0,158,959702.7,TQBR
2014-07-17,6000.1,6005.0,5601.0,5750.0,1629,9482240.2,TQBR
2014-07-18,5800.0,5860.0,5750.0,5849.9,169,979360.4,TQBR
2014-07-21,5850.0,5939.1,5800.1,5939.1,213,1247846.7,TQBR
2014-07-22,5975.0,5975.6,5837.7,5899.8,32,188572.6,TQBR
2014-07-23,5900.1,5900.1,5792.8,5800.0,127,739655.4,TQBR
2014-07-24,5807.7,5868.2,5750.0,5800.0,121,699040.5,TQBR
2014-07-25,5751.1,5830.0,5751.1,5826.2,11,63720.8,TQBR
2014-07-28,5838.6,5858.0,5800.1,5801.0,41,239735.7,TQBR
2014-07-29,5800.0,5800.0,5776.3,5800.0,13,75376.1,TQBR
2014-07-30,5753.8,5825.0,5753.8,5801.0,14,81364.3,TQBR
2014-07-31,5820.0,5828.0,5800.5,5800.8,69,400610.5,TQBR
2014-08-01,5849.8,5849.9,5791.3,5791.3,32,185817.9,TQBR
2014-08-04,5800.0,5817.9,5770.1,5802.1,44,255227.0,TQBR
2014-08-05,5753.1,5819.5,5753.1,5800.2,11,63907.7,TQBR
2014-08-06,5800.2,5823.3,5764.5,5777.0,90,519968.5,TQBR
2014-08-07,5800.7,5800.7,5738.7,5752.0,51,293891.5,TQBR
2014-08-08,5770.0,5827.0,5765.0,5827.0,60,347916.5,TQBR
2014-08-11,5841.7,5849.0,5790.0,5809.9,95,552907.6,TQBR
2014-08-12,5815.1,5815.1,5711.9,5778.0,207,1190913.5,TQBR
2014-08-13,5834.4,5848.8,5787.9,5817.6,72,419966.9,TQBR
2014-08-14,5844.9,5850.0,5819.0,5844.0,209,1220934.3,TQBR
2014-08-15,5849.8,5849.9,5803.0,5849.7,69,402827.7,TQBR
2014-08-18,5815.8,5841.4,5800.0,5800.0,77,447286.5,TQBR
2014-08-19,5848.6,5848.6,5802.0,5815.0,58,337336.9,TQBR
2014-08-20,5847.8,5847.8,5800.0,5804.0,54,313603.1,TQBR
2014-08-21,5800.1,5842.8,5755.4,5818.9,107,620609.5,TQBR
2014-08-22,5800.0,5817.8,5800.0,5817.8,60,348495.3,TQBR
2014-08-25,5804.1,5834.9,5804.0,5834.9,13,75520.4,TQBR
2014-08-26,5803.7,5829.6,5803.7,5810.0,26,151070.4,TQBR
2014-08-27,5826.7,5829.0,5700.1,5700.1,327,1888958.6,TQBR
2014-08-28,5701.0,5797.4,5674.0,5700.0,117,667604.0,TQBR
2014-08-29,5700.2,5799.0,5555.0,5799.0,890,5142177.4,TQBR
2014-09-01,5786.2,5788.8,5699.9,5700.0,29,165615.2,TQBR
2014-09-02,5701.0,5743.9,5660.0,5743.0,9,51440.4,TQBR
2014-09-03,5766.6,5794.9,5653.0,5794.7,48,274321.5,TQBR
2014-09-04,5700.5,5748.9,5655.0,5725.0,49,279065.2,TQBR
2014-09-05,5680.2,5747.3,5602.3,5746.0,32,181526.9,TQBR
2014-09-08,5745.1,5745.1,5647.0,5744.5,12,68081.5,TQBR
2014-09-09,5665.1,5705.7,5661.0,5680.0,52,295388.4,TQBR
2014-09-10,5715.0,5725.8,5690.1,5690.1,11,62863.0,TQBR
2014-09-11,5723.9,5723.9,5673.0,5720.0,36,205686.2,TQBR
2014-09-12,5739.9,5747.8,5665.1,5707.3,35,200708.5,TQBR
2014-09-15,5700.0,5789.8,5657.0,5780.0,104,596195.8,TQBR
2014-09-16,5718.0,5810.0,5500.0,5789.5,213,1214751.0,TQBR
2014-09-17,5727.8,5750.0,5727.7,5728.0,36,206519.9,TQBR
2014-09-18,5715.1,5727.8,5715.0,5715.0,44,251752.7,TQBR
2014-09-19,5656.1,5749.5,5656.1,5694.8,35,199732.7,TQBR
2014-09-22,5655.3,5698.1,5600.0,5605.0,70,393043.8,TQBR
2014-09-23,5679.0,5679.0,5610.0,5636.2,12,67763.9,TQBR
2014-09-24,5603.1,5709.1,5603.0,5620.0,78,440135.0,TQBR
2014-09-25,5603.0,5719.3,5603.0,5699.9,47,267562.3,TQBR
2014-09-26,5679.9,5679.9,5646.6,5646.6,2,11326.5,TQBR
2014-09-29,5650.9,5713.7,5650.9,5713.7,16,90649.1,TQBR
2014-09-30,5719.8,5720.0,5719.8,5720.0,9,51479.1,TQBR
2014-10-01,5720.0,5720.0,5670.0,5720.0,11,62740.0,TQBR
2014-10-02,5700.0,5730.0,5600.0,5630.0,54,305460.0,TQBR
2014-10-03,5720.0,5720.0,5580.0,5630.0,99,554950.0,TQBR
2014-10-06,5600.0,5620.0,5580.0,5620.0,115,644050.0,TQBR
2014-10-07,5630.0,5650.0,5590.0,5620.0,102,571870.0,TQBR
2014-10-08,5590.0,5640.0,5590.0,5600.0,78,438170.0,TQBR
2014-10-09,5640.0,5650.0,5520.0,5520.0,103,576260.0,TQBR
2014-10-10,5540.0,5560.0,5020.0,5030.0,404,2105910.0,TQBR
2014-10-13,4830.0,5000.0,4450.0,4640.0,523,2469220.0,TQBR
2014-10-14,4800.0,4890.0,4350.0,4530.0,276,1246590.0,TQBR
2014-10-15,4540.0,4540.0,3660.0,3830.0,762,3013590.0,TQBR
2014-10-16,3950.0,3950.0,3110.0,3250.0,703,2420590.0,TQBR
2014-10-17,3320.0,3890.0,3310.0,3680.0,726,2676090.0,TQBR
2014-10-20,3770.0,3890.0,3740.0,3890.0,129,494000.0,TQBR
2014-10-21,3580.0,3840.0,3580.0,3750.0,57,214410.0,TQBR
2014-10-22,3870.0,3900.0,3010.0,3740.0,277,1015980.0,TQBR
2014-10-23,3700.0,3780.0,3510.0,3600.0,34,125990.0,TQBR
2014-10-24,3580.0,3760.0,3570.0,3760.0,59,216950.0,TQBR
2014-10-27,3780.0,3790.0,3500.0,3700.0,99,352960.0,TQBR
2014-10-28,3710.0,3730.0,3630.0,3630.0,9,33280.0,TQBR
2014-10-29,3700.0,3750.0,3600.0,3690.0,84,310310.0,TQBR
2014-10-30,3740.0,3740.0,3200.0,3670.0,128,449580.0,TQBR
2014-10-31,3690.0,3730.0,3590.0,3610.0,327,1198240.0,TQBR
2014-11-03,3690.0,3700.0,3620.0,3620.0,62,226190.0,TQBR
2014-11-05,3650.0,3670.0,3600.0,3660.0,65,236590.0,TQBR
2014-11-06,3680.0,3680.0,3580.0,3590.0,312,1127480.0,TQBR
2014-11-07,3590.0,3600.0,3480.0,3510.0,196,692200.0,TQBR
2014-11-10,3540.0,3600.0,3510.0,3570.0,210,748000.0,TQBR
2014-11-11,3580.0,3680.0,3580.0,3680.0,153,556750.0,TQBR
2014-11-12,3670.0,3710.0,3660.0,3700.0,26,95910.0,TQBR
2014-11-13,3690.0,3710.0,3680.0,3700.0,26,95870.0,TQBR
2014-11-14,3700.0,3750.0,3670.0,3730.0,61,227650.0,TQBR
2014-11-17,3710.0,3720.0,3670.0,3670.0,3,11100.0,TQBR
2014-11-18,3700.0,3850.0,3680.0,3800.0,54,203910.0,TQBR
2014-11-19,3590.0,3850.0,3590.0,3790.0,88,334660.0,TQBR
2014-11-20,3830.0,4270.0,3740.0,4110.0,230,937370.0,TQBR
2014-11-21,3910.0,4230.0,3900.0,4180.0,65,267300.0,TQBR
2014-11-24,4160.0,4230.0,4100.0,4150.0,252,1053040.0,TQBR
2014-11-25,4210.0,4480.0,4200.0,4480.0,259,1138730.0,TQBR
2014-11-26,4490.0,5080.0,4480.0,4930.0,606,2898210.0,TQBR
2014-11-27,4960.0,5100.0,4720.0,4830.0,431,2115330.0,TQBR
2014-11-28,4730.0,4780.0,4300.0,4600.0,258,1195050.0,TQBR
2014-12-01,4400.0,4800.0,4160.0,4550.0,442,1983080.0,TQBR
2014-12-02,4560.0,4750.0,4100.0,4430.0,373,1678660.0,TQBR
2014-12-03,4460.0,4580.0,4330.0,4580.0,428,1930710.0,TQBR
2014-12-04,4600.0,4970.0,4590.0,4950.0,1367,6596640.0,TQBR
2014-12-05,4970.0,5030.0,4760.0,4850.0,313,1545340.0,TQBR
2014-12-08,4710.0,4750.0,4420.0,4480.0,199,901170.0,TQBR
2014-12-09,4480.0,4550.0,4180.0,4400.0,146,640010.0,TQBR
2014-12-10,4470.0,4480.0,4320.0,4370.0,44,193670.0,TQBR
2014-12-11,4400.0,4400.0,4180.0,4180.0,36,153590.0,TQBR
2014-12-12,4180.0,4210.0,3950.0,4180.0,167,677080.0,TQBR
2014-12-15,3970.0,4010.0,3800.0,3950.0,491,1946290.0,TQBR
2014-12-16,3950.0,3980.0,3330.0,3590.0,698,2492320.0,TQBR
2014-12-17,3710.0,4060.0,3700.0,4060.0,145,578840.0,TQBR
2014-12-18,3660.0,4150.0,3570.0,3850.0,46,179780.0,TQBR
2014-12-19,3800.0,4070.0,3740.0,3900.0,60,233460.0,TQBR
2014-12-22,3780.0,3900.0,3780.0,3900.0,57,220380.0,TQBR
2014-12-23,3750.0,4000.0,3750.0,3760.0,24,91960.0,TQBR
2014-12-24,3760.0,5000.0,3750.0,4040.0,439,1913150.0,TQBR
2014-12-25,4040.0,4180.0,3880.0,3880.0,85,337240.0,TQBR
2014-12-26,4000.0,4000.0,3900.0,3900.0,95,377300.0,TQBR
2014-12-29,4010.0,4010.0,3800.0,3910.0,99,387860.0,TQBR
2014-12-30,3970.0,4140.0,3810.0,4070.0,60,240540.0,TQBR
2015-01-05,4180.0,4280.0,4090.0,4280.0,12,50780.0,TQBR
2015-01-06,4280.0,4500.0,4100.0,4500.0,226,996140.0,TQBR
2015-01-08,4500.0,4600.0,4360.0,4400.0,111,499270.0,TQBR
2015-01-09,4480.0,4490.0,4300.0,4490.0,164,722170.0,TQBR
2015-01-12,4620.0,4620.0,3900.0,4160.0,502,2026290.0,TQBR
2015-01-13,4250.0,4480.0,4160.0,4300.0,308,1335830.0,TQBR
2015-01-14,4390.0,4570.0,4340.0,4500.0,163,737520.0,TQBR
2015-01-15,4540.0,4670.0,4540.0,4640.0,43,199030.0,TQBR
2015-01-16,4450.0,4970.0,4320.0,4830.0,203,961390.0,TQBR
2015-01-19,4900.0,4960.0,4820.0,4890.0,67,328880.0,TQBR
2015-01-20,4760.0,4980.0,4560.0,4880.0,211,1007930.0,TQBR
2015-01-21,4840.0,4920.0,4700.0,4770.0,130,621530.0,TQBR
2015-01-22,4830.0,4890.0,4610.0,4810.0,128,617010.0,TQBR
2015-01-23,4850.0,4880.0,4770.0,4810.0,74,356720.0,TQBR
2015-01-26,4870.0,5000.0,4820.0,4820.0,144,709190.0,TQBR
2015-01-27,4770.0,5020.0,4710.0,4920.0,79,389450.0,TQBR
2015-01-28,4950.0,5000.0,4900.0,4900.0,50,246930.0,TQBR
2015-01-29,4980.0,5100.0,4800.0,4800.0,241,1186710.0,TQBR
2015-01-30,4870.0,5000.0,4810.0,4880.0,181,895740.0,TQBR
2015-02-02,4830.0,4910.0,4780.0,4810.0,30,144740.0,TQBR
2015-02-03,4900.0,4900.0,4750.0,4830.0,47,227390.0,TQBR
2015-02-04,4920.0,5010.0,4890.0,5000.0,111,552570.0,TQBR
2015-02-05,5100.0,5100.0,4850.0,4960.0,21,103970.0,TQBR
2015-02-06,4920.0,4950.0,4880.0,4910.0,63,310950.0,TQBR
2015-02-09,4900.0,4950.0,4770.0,4860.0,129,622570.0,TQBR
2015-02-10,4860.0,4860.0,4790.0,4860.0,24,116070.0,TQBR
2015-02-11,4810.0,4980.0,4800.0,4860.0,62,302860.0,TQBR
2015-02-12,4860.0,4990.0,4840.0,4950.0,93,458240.0,TQBR
2015-02-13,4990.0,5080.0,4870.0,4910.0,115,576640.0,TQBR
2015-02-16,4900.0,4900.0,4850.0,4900.0,33,160890.0,TQBR
2015-02-17,4910.0,4980.0,4830.0,4930.0,63,307470.0,TQBR
2015-02-18,4870.0,4980.0,4840.0,4980.0,14,68760.0,TQBR
2015-02-19,4960.0,4960.0,4860.0,4880.0,8,39040.0,TQBR
2015-02-20,4860.0,5120.0,4800.0,5090.0,367,1857980.0,TQBR
2015-02-24,4900.0,5100.0,4900.0,5100.0,65,329770.0,TQBR
2015-02-25,5000.0,5080.0,4850.0,4950.0,136,671980.0,TQBR
2015-02-26,4910.0,5010.0,4840.0,4890.0,118,578730.0,TQBR
2015-02-27,4870.0,4980.0,4860.0,4930.0,65,319820.0,TQBR
2015-03-02,4890.0,5040.0,4890.0,5030.0,43,214430.0,TQBR
2015-03-03,5000.0,5010.0,4930.0,4940.0,35,174000.0,TQBR
2015-03-04,5000.0,5000.0,4880.0,4900.0,171,839460.0,TQBR
2015-03-05,4980.0,4980.0,4900.0,4920.0,55,270930.0,TQBR
2015-03-06,4950.0,4950.0,4850.0,4860.0,117,569070.0,TQBR
2015-03-10,4870.0,4870.0,4580.0,4730.0,125,589410.0,TQBR
2015-03-11,4850.0,4940.0,4750.0,4830.0,60,292480.0,TQBR
2015-03-12,4780.0,4910.0,4780.0,4850.0,27,130270.0,TQBR
2015-03-13,4780.0,4870.0,4710.0,4750.0,137,652760.0,TQBR
2015-03-16,4800.0,4800.0,4760.0,4760.0,2,9560.0,TQBR
2015-03-17,4850.0,4990.0,4780.0,4890.0,204,1001130.0,TQBR
2015-03-18,4900.0,4950.0,4540.0,4680.0,364,1711440.0,TQBR
2015-03-19,4800.0,4800.0,4570.0,4620.0,38,176030.0,TQBR
2015-03-20,4590.0,4600.0,4290.0,4380.0,296,1298740.0,TQBR
2015-03-23,4390.0,4460.0,4200.0,4280.0,176,763300.0,TQBR
2015-03-24,4280.0,4420.0,4240.0,4410.0,149,647850.0,TQBR
2015-03-25,4410.0,4450.0,4360.0,4450.0,67,296050.0,TQBR
2015-03-26,4470.0,4550.0,4450.0,4490.0,87,389140.0,TQBR
2015-03-27,4490.0,4500.0,4460.0,4480.0,27,121390.0,TQBR
2015-03-30,4440.0,4480.0,4320.0,4410.0,28,123880.0,TQBR
2015-03-31,4400.0,4550.0,4370.0,4500.0,129,571910.0,TQBR
2015-04-01,4500.0,4580.0,4500.0,4570.0,65,295010.0,TQBR
2015-04-02,4570.0,4580.0,4460.0,4580.0,48,218770.0,TQBR
2015-04-03,4500.0,4600.0,4440.0,4600.0,257,1165670.0,TQBR
2015-04-06,4530.0,4650.0,4410.0,4650.0,50,228730.0,TQBR
2015-04-07,4660.0,5120.0,4470.0,4850.0,543,2657940.0,TQBR
2015-04-08,5020.0,5410.0,4910.0,5150.0,885,4592970.0,TQBR
2015-04-09,5130.0,5210.0,5080.0,5090.0,87,448940.0,TQBR
2015-04-10,5160.0,5220.0,5050.0,5120.0,201,1028030.0,TQBR
2015-04-13,5200.0,5480.0,5190.0,5330.0,320,1700230.0,TQBR
2015-04-14,5170.0,5390.0,5170.0,5290.0,49,257410.0,TQBR
2015-04-15,5370.0,5480.0,5240.0,5280.0,66,354640.0,TQBR
2015-04-16,5280.0,5440.0,5200.0,5280.0,80,424320.0,TQBR
2015-04-17,5260.0,5350.0,5250.0,5250.0,59,312660.0,TQBR
2015-04-20,5370.0,6000.0,5350.0,5790.0,1130,6497620.0,TQBR
2015-04-21,5790.0,5850.0,5580.0,5750.0,204,1168750.0,TQBR
2015-04-22,5420.0,5730.0,5420.0,5550.0,462,2563380.0,TQBR
2015-04-23,5430.0,5680.0,5420.0,5680.0,192,1066700.0,TQBR
2015-04-24,5700.0,5790.0,5560.0,5640.0,127,714650.0,TQBR
2015-04-27,5680.0,5800.0,5560.0,5700.0,301,1718010.0,TQBR
2015-04-28,5720.0,5900.0,5570.0,5900.0,164,943340.0,TQBR
2015-04-29,5690.0,5710.0,5690.0,5690.0,15,85510.0,TQBR
2015-04-30,5790.0,5800.0,5620.0,5800.0,64,366470.0,TQBR
2015-05-05,5930.0,5990.0,5820.0,5950.0,121,715860.0,TQBR
2015-05-06,5900.0,6200.0,5850.0,6030.0,495,2963750.0,TQBR
2015-05-07,6050.0,6190.0,6010.0,6040.0,66,401900.0,TQBR
2015-05-08,6080.0,6400.0,6080.0,6300.0,326,2041810.0,TQBR
2015-05-12,6300.0,6590.0,6300.0,6540.0,385,2502080.0,TQBR
2015-05-13,6510.0,6520.0,6440.0,6500.0,102,661890.0,TQBR
2015-05-14,6520.0,7930.0,6490.0,6540.0,384,2540220.0,TQBR
2015-05-15,6550.0,6660.0,6550.0,6600.0,61,401850.0,TQBR
2015-05-18,6600.0,6650.0,6350.0,6500.0,115,741800.0,TQBR
2015-05-19,5900.0,6470.0,5740.0,6050.0,1758,10695810.0,TQBR
2015-05-20,6010.0,6150.0,5650.0,6010.0,154,914530.0,TQBR
2015-05-21,5950.0,6300.0,5940.0,6100.0,132,810380.0,TQBR
2015-05-22,6260.0,6490.0,6150.0,6280.0,558,3464050.0,TQBR
2015-05-25,6470.0,6590.0,6210.0,6300.0,23,145110.0,TQBR
2015-05-26,6410.0,6410.0,6200.0,6350.0,96,606280.0,TQBR
2015-05-27,6220.0,6280.0,6110.0,6160.0,641,3974230.0,TQBR
2015-05-28,6200.0,6210.0,5900.0,6030.0,104,631290.0,TQBR
2015-05-29,6000.0,6120.0,6000.0,6120.0,111,669400.0,TQBR
2015-06-01,6040.0,6150.0,6000.0,6050.0,156,953620.0,TQBR
2015-06-02,6080.0,6210.0,6080.0,6200.0,32,197320.0,TQBR
2015-06-03,6140.0,6200.0,6140.0,6160.0,23,142230.0,TQBR
2015-06-04,6050.0,6230.0,6050.0,6150.0,40,246960.0,TQBR
2015-06-05,6150.0,6230.0,6010.0,6230.0,49,301570.0,TQBR
2015-06-08,6230.0,6300.0,6200.0,6280.0,229,1421910.0,TQBR
2015-06-09,6290.0,6380.0,6220.0,6300.0,345,2155080.0,TQBR
2015-06-10,6220.0,6380.0,6200.0,6280.0,82,514620.0,TQBR
2015-06-11,6300.0,6470.0,6300.0,6360.0,42,267600.0,TQBR
2015-06-15,6370.0,6610.0,6370.0,6600.0,155,1012750.0,TQBR
2015-06-16,6680.0,6800.0,6630.0,6720.0,144,957580.0,TQBR
2015-06-17,6740.0,6980.0,6740.0,6900.0,133,914620.0,TQBR
2015-06-18,6900.0,6900.0,6650.0,6680.0,96,646030.0,TQBR
2015-06-19,6570.0,7170.0,6570.0,6870.0,202,1396640.0,TQBR
2015-06-22,7510.0,8300.0,7500.0,7950.0,1237,9653210.0,TQBR
2015-06-23,7960.0,8100.0,7700.0,7700.0,294,2307540.0,TQBR
2015-06-24,7740.0,8320.0,7740.0,8200.0,307,2484500.0,TQBR
2015-06-25,8100.0,8210.0,7960.0,8010.0,174,1403730.0,TQBR
2015-06-26,7960.0,8140.0,7960.0,8000.0,82,658730.0,TQBR
2015-06-29,8040.0,8190.0,8000.0,8000.0,248,1987880.0,TQBR
2015-06-30,7870.0,8060.0,7870.0,8050.0,649,5197450.0,TQBR
2015-07-01,7940.0,7940.0,7930.0,7930.0,12,95170.0,TQBR
2015-07-02,7920.0,7960.0,7710.0,7740.0,91,710930.0,TQBR
2015-07-03,7810.0,7850.0,7790.0,7790.0,36,281640.0,TQBR
2015-07-06,7940.0,7970.0,7850.0,7900.0,30,237660.0,TQBR
2015-07-07,7970.0,7970.0,7600.0,7750.0,268,2080440.0,TQBR
2015-07-08,7650.0,7690.0,7640.0,7690.0,52,397980.0,TQBR
2015-07-09,7710.0,7760.0,7630.0,7700.0,242,1862640.0,TQBR
2015-07-10,7860.0,7930.0,7720.0,7720.0,150,1165650.0,TQBR
2015-07-13,7790.0,7940.0,7710.0,7750.0,70,548690.0,TQBR
2015-07-14,7940.0,8250.0,7900.0,8100.0,262,2123520.0,TQBR
2015-07-15,8370.0,8480.0,8000.0,8440.0,804,6544250.0,TQBR
2015-07-16,8400.0,8420.0,8200.0,8320.0,187,1562760.0,TQBR
2015-07-17,8210.0,8210.0,8120.0,8170.0,88,719410.0,TQBR
2015-07-20,8250.0,8300.0,8250.0,8260.0,159,1314750.0,TQBR
2015-07-21,8280.0,8390.0,8280.0,8390.0,11,91560.0,TQBR
2015-07-22,8370.0,8370.0,8060.0,8200.0,331,2689860.0,TQBR
2015-07-23,8230.0,8230.0,8180.0,8230.0,29,238620.0,TQBR
2015-07-24,8250.0,8290.0,8150.0,8250.0,35,287380.0,TQBR
2015-07-27,8210.0,8240.0,8190.0,8220.0,22,180910.0,TQBR
2015-07-28,8200.0,8220.0,8200.0,8200.0,27,221550.0,TQBR
2015-07-29,8250.0,8340.0,8140.0,8150.0,251,2051720.0,TQBR
2015-07-30,8160.0,8170.0,8000.0,8080.0,734,5954560.0,TQBR
2015-07-31,8100.0,8240.0,8000.0,8140.0,186,1511760.0,TQBR
2015-08-03,8200.0,8200.0,8050.0,8080.0,59,479770.0,TQBR
2015-08-04,8100.0,8180.0,8100.0,8140.0,50,406260.0,TQBR
2015-08-05,8120.0,8210.0,8050.0,8100.0,214,1745830.0,TQBR
2015-08-06,8120.0,8170.0,8100.0,8150.0,60,488730.0,TQBR
2015-08-07,8060.0,8220.0,8030.0,8220.0,94,761300.0,TQBR
2015-08-10,8230.0,8240.0,8180.0,8180.0,34,279520.0,TQBR
2015-08-11,8120.0,8380.0,7930.0,8100.0,175,1414270.0,TQBR
2015-08-12,8100.0,8190.0,7940.0,8030.0,183,1475390.0,TQBR
2015-08-13,8030.0,8280.0,8010.0,8200.0,501,4036780.0,TQBR
2015-08-14,8120.0,8150.0,7900.0,7990.0,529,4233040.0,TQBR
2015-08-17,8070.0,8100.0,7980.0,8060.0,54,435330.0,TQBR
2015-08-18,8080.0,8380.0,8080.0,8350.0,636,5237930.0,TQBR
2015-08-19,8300.0,8340.0,8200.0,8200.0,271,2227280.0,TQBR
2015-08-20,8210.0,8350.0,8070.0,8340.0,478,3931620.0,TQBR
2015-08-21,8390.0,9000.0,8390.0,8600.0,760,6563840.0,TQBR
2015-08-24,8600.0,8680.0,8310.0,8590.0,350,2986070.0,TQBR
2015-08-25,8590.0,8590.0,8200.0,8300.0,344,2884940.0,TQBR
2015-08-26,8200.0,8200.0,7300.0,7560.0,1997,15172880.0,TQBR
2015-08-27,7520.0,7680.0,7340.0,7440.0,582,4368560.0,TQBR
2015-08-28,7400.0,7400.0,7250.0,7380.0,321,2352950.0,TQBR
2015-08-31,7570.0,7680.0,7430.0,7580.0,246,1865010.0,TQBR
2015-09-01,7560.0,7800.0,7520.0,7700.0,189,1446790.0,TQBR
2015-09-02,7780.0,8100.0,7780.0,7820.0,443,3531020.0,TQBR
2015-09-03,7820.0,8000.0,7820.0,7950.0,61,484480.0,TQBR
2015-09-04,7950.0,7960.0,7740.0,7890.0,137,1074640.0,TQBR
2015-09-07,7820.0,7900.0,7690.0,7700.0,166,1283850.0,TQBR
2015-09-08,7700.0,7850.0,7550.0,7660.0,176,1351490.0,TQBR
2015-09-09,7640.0,7640.0,7550.0,7610.0,289,2194650.0,TQBR
2015-09-10,7610.0,7750.0,7610.0,7660.0,133,1020300.0,TQBR
2015-09-11,7700.0,7740.0,7610.0,7730.0,71,546020.0,TQBR
2015-09-14,7750.0,7790.0,7670.0,7770.0,64,496210.0,TQBR
2015-09-15,7780.0,7900.0,7720.0,7720.0,149,1162730.0,TQBR
2015-09-16,7720.0,7780.0,7610.0,7610.0,77,589670.0,TQBR
2015-09-17,7720.0,7720.0,7570.0,7600.0,78,593070.0,TQBR
2015-09-18,7600.0,7610.0,7520.0,7530.0,45,340540.0,TQBR
2015-09-21,7600.0,7600.0,7450.0,7550.0,85,638350.0,TQBR
2015-09-22,7650.0,7800.0,7650.0,7670.0,674,5177000.0,TQBR
2015-09-23,7570.0,7760.0,7560.0,7650.0,206,1577870.0,TQBR
2015-09-24,7600.0,7790.0,7600.0,7600.0,49,377510.0,TQBR
2015-09-25,7630.0,7750.0,7630.0,7700.0,30,230720.0,TQBR
2015-09-28,7730.0,7750.0,7700.0,7700.0,19,147070.0,TQBR
2015-09-29,7770.0,8180.0,7770.0,8000.0,1109,8870600.0,TQBR
2015-09-30,7980.0,7990.0,7800.0,7900.0,70,548980.0,TQBR
2015-10-01,7900.0,8500.0,7850.0,7850.0,93,746440.0,TQBR
2015-10-02,7860.0,7990.0,7800.0,7810.0,137,1082790.0,TQBR
2015-10-05,7930.0,7960.0,7830.0,7850.0,70,551130.0,TQBR
2015-10-06,7850.0,7940.0,7850.0,7940.0,80,631530.0,TQBR
2015-10-07,7950.0,7950.0,7800.0,7810.0,229,1791020.0,TQBR
2015-10-08,7800.0,7870.0,7710.0,7710.0,59,457200.0,TQBR
2015-10-09,7810.0,7820.0,7710.0,7820.0,61,473870.0,TQBR
2015-10-12,7740.0,8000.0,7740.0,7920.0,214,1692170.0,TQBR
2015-10-13,7910.0,7980.0,7890.0,7950.0,28,222610.0,TQBR
2015-10-14,7950.0,7950.0,7840.0,7920.0,221,1743580.0,TQBR
2015-10-15,7950.0,8000.0,7880.0,8000.0,130,1038200.0,TQBR
2015-10-16,7990.0,8130.0,7880.0,8050.0,284,2289530.0,TQBR
2015-10-19,8100.0,8100.0,7980.0,8050.0,177,1418060.0,TQBR
2015-10-20,8060.0,8190.0,8020.0,8150.0,218,1766000.0,TQBR
2015-10-21,8200.0,8360.0,8110.0,8250.0,74,608800.0,TQBR
2015-10-22,8110.0,8150.0,8000.0,8150.0,205,1659490.0,TQBR
2015-10-23,8130.0,8350.0,8050.0,8350.0,351,2912690.0,TQBR
2015-10-26,8220.0,8680.0,8200.0,8480.0,259,2189060.0,TQBR
2015-10-27,8690.0,8690.0,8260.0,8320.0,423,3560620.0,TQBR
2015-10-28,8450.0,8590.0,8380.0,8530.0,191,1616650.0,TQBR
2015-10-29,8570.0,8600.0,8300.0,8570.0,159,1352370.0,TQBR
2015-10-30,8560.0,8760.0,8450.0,8700.0,292,2511990.0,TQBR
2015-11-02,8770.0,9000.0,8770.0,8940.0,270,2415010.0,TQBR
2015-11-03,9000.0,9070.0,8950.0,9000.0,165,1484270.0,TQBR
2015-11-05,9000.0,9090.0,8990.0,9000.0,139,1252410.0,TQBR
2015-11-06,9090.0,9100.0,8920.0,8920.0,192,1732400.0,TQBR
2015-11-09,9000.0,9000.0,8620.0,8730.0,187,1652370.0,TQBR
2015-11-10,8660.0,8660.0,8350.0,8550.0,297,2521480.0,TQBR
2015-11-11,8600.0,8600.0,8330.0,8500.0,79,666720.0,TQBR
2015-11-12,8380.0,8650.0,8350.0,8590.0,323,2758790.0,TQBR
2015-11-13,8430.0,8430.0,8030.0,8240.0,154,1276600.0,TQBR
2015-11-16,8020.0,8340.0,8020.0,8270.0,87,716080.0,TQBR
2015-11-17,8130.0,8170.0,7710.0,8060.0,583,4646960.0,TQBR
2015-11-18,8160.0,8250.0,8010.0,8250.0,73,591680.0,TQBR
2015-11-19,8160.0,8460.0,8090.0,8200.0,167,1377590.0,TQBR
2015-11-20,8360.0,8660.0,8360.0,8480.0,114,969310.0,TQBR
2015-11-23,8450.0,8650.0,8350.0,8610.0,124,1058990.0,TQBR
2015-11-24,8500.0,8600.0,8450.0,8450.0,111,941390.0,TQBR
2015-11-25,8530.0,8600.0,8450.0,8450.0,165,1399370.0,TQBR
2015-11-26,8400.0,8480.0,8340.0,8480.0,285,2394930.0,TQBR
2015-11-27,8560.0,8560.0,8330.0,8330.0,326,2733540.0,TQBR
2015-11-30,8000.0,8320.0,8000.0,8140.0,245,1994790.0,TQBR
2015-12-01,7550.0,8280.0,7550.0,8010.0,108,862190.0,TQBR
2015-12-02,8180.0,8200.0,8060.0,8200.0,34,277670.0,TQBR
2015-12-03,8080.0,8080.0,7090.0,7800.0,903,6908150.0,TQBR
2015-12-04,7870.0,7870.0,7600.0,7700.0,115,883590.0,TQBR
2015-12-07,7750.0,7870.0,7530.0,7530.0,68,520770.0,TQBR
2015-12-08,7550.0,7620.0,7500.0,7550.0,182,1381320.0,TQBR
2015-12-09,7560.0,7590.0,7410.0,7500.0,76,569440.0,TQBR
2015-12-10,7480.0,7610.0,7480.0,7510.0,27,203890.0,TQBR
2015-12-11,7490.0,7530.0,7330.0,7520.0,58,432930.0,TQBR
2015-12-14,7600.0,7630.0,7600.0,7600.0,36,274320.0,TQBR
2015-12-15,7520.0,7610.0,7480.0,7550.0,57,429870.0,TQBR
2015-12-16,7790.0,7790.0,7450.0,7490.0,212,1615930.0,TQBR
2015-12-17,7550.0,7600.0,7500.0,7540.0,106,798180.0,TQBR
2015-12-18,7780.0,7780.0,7300.0,7380.0,223,1650060.0,TQBR
2015-12-21,7460.0,7690.0,7400.0,7600.0,225,1709270.0,TQBR
2015-12-22,7590.0,7600.0,7390.0,7460.0,77,577120.0,TQBR
2015-12-23,7370.0,7430.0,7200.0,7310.0,182,1323800.0,TQBR
2015-12-24,7390.0,7420.0,7320.0,7390.0,18,132980.0,TQBR
2015-12-25,7390.0,7390.0,7160.0,7300.0,204,1478750.0,TQBR
2015-12-28,7380.0,7390.0,7300.0,7320.0,97,710990.0,TQBR
2015-12-29,7350.0,7430.0,7240.0,7350.0,130,948420.0,TQBR
2015-12-30,7350.0,7380.0,7310.0,7310.0,25,183860.0,TQBR
2016-01-04,7350.0,7350.0,7350.0,7350.0,3,22050.0,TQBR
2016-01-05,7320.0,7320.0,7190.0,7200.0,102,736740.0,TQBR
2016-01-06,7230.0,7340.0,7220.0,7330.0,38,277260.0,TQBR
2016-01-11,7320.0,7790.0,7190.0,7650.0,192,1429950.0,TQBR
2016-01-12,7730.0,8240.0,7730.0,7900.0,244,1939790.0,TQBR
2016-01-13,7920.0,7960.0,7800.0,7950.0,51,403130.0,TQBR
2016-01-14,7980.0,8420.0,7600.0,7800.0,168,1323080.0,TQBR
2016-01-15,7550.0,7700.0,7300.0,7410.0,491,3629040.0,TQBR
2016-01-18,7370.0,7600.0,7320.0,7560.0,67,501990.0,TQBR
2016-01-19,7360.0,7980.0,7360.0,7790.0,192,1488640.0,TQBR
2016-01-20,7530.0,7700.0,7400.0,7660.0,129,980820.0,TQBR
2016-01-21,7660.0,7870.0,7550.0,7620.0,336,2556480.0,TQBR
2016-01-22,7740.0,7900.0,7640.0,7770.0,439,3396000.0,TQBR
2016-01-25,7720.0,7770.0,7600.0,7760.0,125,965790.0,TQBR
2016-01-26,7800.0,7850.0,7600.0,7690.0,253,1950800.0,TQBR
2016-01-27,7790.0,7800.0,7710.0,7800.0,206,1601100.0,TQBR
2016-01-28,7840.0,8270.0,7200.0,7900.0,506,4011250.0,TQBR
2016-01-29,7800.0,8020.0,7800.0,7960.0,59,468640.0,TQBR
2016-02-01,8000.0,8190.0,7940.0,8100.0,161,1301210.0,TQBR
2016-02-02,8060.0,8200.0,7960.0,8080.0,171,1383130.0,TQBR
2016-02-03,8050.0,8220.0,8050.0,8150.0,112,913530.0,TQBR
2016-02-04,8240.0,8240.0,8120.0,8210.0,91,742790.0,TQBR
2016-02-05,8220.0,8300.0,8200.0,8300.0,113,935020.0,TQBR
2016-02-08,8300.0,8400.0,8270.0,8340.0,140,1168220.0,TQBR
2016-02-09,8170.0,8490.0,8170.0,8420.0,178,1497650.0,TQBR
2016-02-10,8470.0,9000.0,8440.0,8550.0,294,2516950.0,TQBR
2016-02-11,8530.0,8590.0,8450.0,8560.0,125,1064140.0,TQBR
2016-02-12,8550.0,8620.0,8500.0,8610.0,93,796640.0,TQBR
2016-02-15,8570.0,8610.0,8550.0,8600.0,102,875340.0,TQBR
2016-02-16,8550.0,8610.0,8400.0,8470.0,201,1707430.0,TQBR
2016-02-17,8370.0,8540.0,8200.0,8300.0,261,2178380.0,TQBR
2016-02-18,8280.0,8350.0,8210.0,8340.0,40,331910.0,TQBR
2016-02-19,8240.0,8400.0,8220.0,8380.0,67,557910.0,TQBR
2016-02-20,8420.0,8480.0,8380.0,8420.0,59,498100.0,TQBR
2016-02-22,8490.0,8490.0,8420.0,8450.0,21,177380.0,TQBR
2016-02-24,8440.0,8480.0,8420.0,8480.0,69,582620.0,TQBR
2016-02-25,8500.0,8590.0,8410.0,8500.0,192,1631190.0,TQBR
2016-02-26,8560.0,8850.0,8560.0,8700.0,469,4082450.0,TQBR
2016-02-29,8680.0,8760.0,8650.0,8680.0,161,1400510.0,TQBR
2016-03-01,8690.0,8810.0,8680.0,8700.0,216,1888860.0,TQBR
2016-03-02,8740.0,8760.0,8700.0,8760.0,80,698300.0,TQBR
2016-03-03,8740.0,8870.0,8660.0,8750.0,286,2502260.0,TQBR
2016-03-04,8850.0,8850.0,8670.0,8800.0,191,1674280.0,TQBR
2016-03-07,8680.0,8940.0,8560.0,8820.0,156,1374090.0,TQBR
2016-03-09,8800.0,8870.0,8750.0,8800.0,152,1336550.0,TQBR
2016-03-10,8810.0,8990.0,8810.0,8830.0,349,3108900.0,TQBR
2016-03-11,8830.0,9000.0,8830.0,8930.0,300,2680940.0,TQBR
2016-03-14,8980.0,8990.0,8800.0,8900.0,338,2996930.0,TQBR
2016-03-15,8850.0,8900.0,8770.0,8850.0,164,1448520.0,TQBR
2016-03-16,8800.0,8850.0,8730.0,8770.0,105,922640.0,TQBR
2016-03-17,8750.0,8880.0,8700.0,8800.0,182,1596630.0,TQBR
2016-03-18,8800.0,8840.0,8730.0,8800.0,132,1159860.0,TQBR
2016-03-21,8780.0,8840.0,8750.0,8780.0,67,589040.0,TQBR
2016-03-22,8780.0,8780.0,8710.0,8760.0,134,1171180.0,TQBR
2016-03-23,8740.0,8750.0,8630.0,8650.0,300,2605090.0,TQBR
2016-03-24,8530.0,8690.0,8320.0,8690.0,142,1225290.0,TQBR
2016-03-25,8700.0,8900.0,8600.0,8760.0,210,1845220.0,TQBR
2016-03-28,8760.0,8780.0,8670.0,8700.0,179,1557460.0,TQBR
2016-03-29,8460.0,8790.0,8460.0,8640.0,105,911240.0,TQBR
2016-03-30,8660.0,8880.0,8660.0,8800.0,260,2292610.0,TQBR
2016-03-31,8740.0,8740.0,8650.0,8740.0,402,3506410.0,TQBR
2016-04-01,8560.0,8850.0,8560.0,8800.0,216,1900680.0,TQBR
2016-04-04,8710.0,8950.0,8700.0,8700.0,349,3053490.0,TQBR
2016-04-05,8710.0,8770.0,8700.0,8700.0,138,1203070.0,TQBR
2016-04-06,8800.0,8800.0,8650.0,8720.0,60,520840.0,TQBR
2016-04-07,8750.0,8750.0,8650.0,8710.0,27,234770.0,TQBR
2016-04-08,8730.0,8780.0,8660.0,8780.0,33,287860.0,TQBR
2016-04-11,8710.0,8810.0,8670.0,8740.0,48,418830.0,TQBR
2016-04-12,8710.0,8750.0,8550.0,8610.0,163,1409870.0,TQBR
2016-04-13,8610.0,8720.0,8550.0,8710.0,155,1331010.0,TQBR
2016-04-14,8580.0,8740.0,8520.0,8600.0,232,1993490.0,TQBR
2016-04-15,8520.0,8700.0,8520.0,8690.0,146,1264290.0,TQBR
2016-04-18,8720.0,8900.0,8620.0,8800.0,415,3657460.0,TQBR
2016-04-19,8900.0,9150.0,8900.0,9050.0,630,5696420.0,TQBR
2016-04-20,9140.0,9140.0,9000.0,9050.0,85,771490.0,TQBR
2016-04-21,9110.0,9200.0,9020.0,9200.0,251,2296760.0,TQBR
2016-04-22,9200.0,9300.0,9160.0,9300.0,344,3184690.0,TQBR
2016-04-25,9340.0,9680.0,9310.0,9560.0,1059,10073240.0,TQBR
2016-04-26,9470.0,9900.0,9460.0,9890.0,228,2223160.0,TQBR
2016-04-27,9760.0,9900.0,9710.0,9890.0,170,1663710.0,TQBR
2016-04-28,9870.0,9900.0,9770.0,9880.0,102,1008030.0,TQBR
2016-04-29,9760.0,9880.0,9700.0,9850.0,61,596450.0,TQBR
2016-05-04,9900.0,10700.0,9900.0,10590.0,629,6525470.0,TQBR
2016-05-05,10680.0,10740.0,10560.0,10680.0,333,3561230.0,TQBR
2016-05-06,10740.0,10740.0,10650.0,10720.0,101,1081540.0,TQBR
2016-05-10,10730.0,10780.0,9780.0,10190.0,167,1717600.0,TQBR
2016-05-11,10240.0,10270.0,9710.0,10200.0,540,5331180.0,TQBR
2016-05-12,10400.0,10400.0,10150.0,10190.0,46,471910.0,TQBR
2016-05-13,10130.0,10330.0,10060.0,10330.0,74,754850.0,TQBR
2016-05-16,10200.0,10570.0,10110.0,10570.0,471,4917790.0,TQBR
2016-05-17,10500.0,10570.0,10360.0,10420.0,158,1663010.0,TQBR
2016-05-18,10450.0,11310.0,10400.0,11100.0,974,10631040.0,TQBR
2016-05-19,11050.0,11050.0,8620.0,9090.0,4341,41043660.0,TQBR
2016-05-20,9100.0,9860.0,8800.0,9170.0,1079,9896450.0,TQBR
2016-05-23,9210.0,9540.0,9200.0,9370.0,712,6662390.0,TQBR
2016-05-24,9470.0,9470.0,9280.0,9310.0,208,1950060.0,TQBR
2016-05-25,9260.0,9400.0,9210.0,9280.0,227,2106550.0,TQBR
2016-05-26,9300.0,9320.0,9170.0,9220.0,152,1403130.0,TQBR
2016-05-27,9350.0,9350.0,9000.0,9070.0,202,1835640.0,TQBR
2016-05-30,9140.0,9250.0,9010.0,9020.0,106,962650.0,TQBR
2016-05-31,9010.0,9250.0,8820.0,8980.0,562,5013460.0,TQBR
2016-06-01,8920.0,9100.0,8850.0,9030.0,274,2454510.0,TQBR
2016-06-02,8990.0,9150.0,8840.0,9010.0,458,4117880.0,TQBR
2016-06-03,9050.0,9220.0,8900.0,9220.0,370,3376790.0,TQBR
2016-06-06,9220.0,9220.0,9000.0,9010.0,125,1133870.0,TQBR
2016-06-07,8950.0,9020.0,8850.0,8990.0,363,3233100.0,TQBR
2016-06-08,9040.0,9050.0,8860.0,8880.0,430,3846750.0,TQBR
2016-06-09,8880.0,8930.0,8640.0,8920.0,274,2420720.0,TQBR
2016-06-10,8950.0,9140.0,8650.0,9050.0,270,2428110.0,TQBR
2016-06-14,9000.0,9270.0,9000.0,9250.0,252,2320890.0,TQBR
2016-06-15,9170.0,9390.0,9110.0,9200.0,271,2512070.0,TQBR
2016-06-16,9190.0,9270.0,9190.0,9270.0,63,580540.0,TQBR
2016-06-17,9190.0,9370.0,9050.0,9100.0,98,894890.0,TQBR
2016-06-20,9200.0,9200.0,8900.0,8970.0,282,2539540.0,TQBR
2016-06-21,8940.0,9080.0,8900.0,8900.0,74,663200.0,TQBR
2016-06-22,9050.0,9050.0,5350.0,8620.0,1238,10208650.0,TQBR
2016-06-23,8330.0,8600.0,8330.0,8600.0,136,1155880.0,TQBR
2016-06-24,8900.0,8900.0,8600.0,8840.0,231,2031070.0,TQBR
2016-06-27,8880.0,8880.0,8740.0,8740.0,41,358920.0,TQBR
2016-06-28,8740.0,8870.0,8740.0,8750.0,29,254850.0,TQBR
2016-06-29,8700.0,8700.0,7120.0,7480.0,1773,13633760.0,TQBR
2016-06-30,7590.0,7590.0,6980.0,7180.0,1031,7402080.0,TQBR
2016-07-01,7280.0,7300.0,7000.0,7040.0,310,2191830.0,TQBR
2016-07-04,7010.0,7030.0,6900.0,7020.0,289,2004820.0,TQBR
2016-07-05,7000.0,7280.0,6960.0,7220.0,288,2068560.0,TQBR
2016-07-06,7250.0,7890.0,7250.0,7790.0,935,7144910.0,TQBR
2016-07-07,7700.0,7760.0,7600.0,7700.0,236,1814800.0,TQBR
2016-07-08,7440.0,8460.0,5900.0,7460.0,792,5977080.0,TQBR
2016-07-11,7660.0,7900.0,7510.0,7700.0,138,1061580.0,TQBR
2016-07-12,7710.0,7860.0,7540.0,7600.0,118,903320.0,TQBR
2016-07-13,7520.0,7600.0,7420.0,7450.0,43,322260.0,TQBR
2016-07-14,7470.0,7470.0,7050.0,7200.0,191,1376860.0,TQBR
2016-07-15,7210.0,7240.0,6500.0,7130.0,269,1884680.0,TQBR
2016-07-18,7100.0,7120.0,7000.0,7050.0,110,776000.0,TQBR
2016-07-19,7000.0,7210.0,7000.0,7200.0,103,737530.0,TQBR
2016-07-20,7300.0,7300.0,7140.0,7150.0,181,1301870.0,TQBR
2016-07-21,7100.0,7290.0,7100.0,7290.0,31,223140.0,TQBR
2016-07-22,7290.0,7330.0,7220.0,7300.0,11,80160.0,TQBR
2016-07-25,7400.0,7400.0,7000.0,7290.0,275,1957280.0,TQBR
2016-07-26,7200.0,7400.0,7200.0,7350.0,261,1907770.0,TQBR
2016-07-27,7340.0,7410.0,7330.0,7410.0,40,295230.0,TQBR
2016-07-28,7400.0,7500.0,7390.0,7400.0,135,1001380.0,TQBR
2016-07-29,7510.0,7640.0,7330.0,7410.0,203,1520000.0,TQBR
2016-08-01,7490.0,7580.0,7430.0,7540.0,87,654470.0,TQBR
2016-08-02,7660.0,7700.0,7550.0,7620.0,184,1403680.0,TQBR
2016-08-03,7630.0,7900.0,7630.0,7880.0,277,2174150.0,TQBR
2016-08-04,7980.0,8080.0,7670.0,7940.0,376,2991050.0,TQBR
2016-08-05,7810.0,8010.0,7810.0,7990.0,47,373790.0,TQBR
2016-08-08,8000.0,8090.0,7860.0,7980.0,148,1180810.0,TQBR
2016-08-09,7990.0,8040.0,7800.0,7950.0,175,1393180.0,TQBR
2016-08-10,7780.0,7930.0,7760.0,7920.0,213,1669760.0,TQBR
2016-08-11,7940.0,8200.0,7860.0,8200.0,411,3304300.0,TQBR
2016-08-12,8070.0,9170.0,8020.0,9000.0,852,7314620.0,TQBR
2016-08-15,8830.0,10480.0,8810.0,10270.0,1927,18817280.0,TQBR
2016-08-16,10030.0,10500.0,8660.0,10400.0,947,9538920.0,TQBR
2016-08-17,10190.0,10280.0,9830.0,9830.0,155,1557600.0,TQBR
2016-08-18,9770.0,10230.0,9520.0,10000.0,224,2226970.0,TQBR
2016-08-19,10060.0,10060.0,9830.0,9890.0,31,309080.0,TQBR
2016-08-22,9870.0,9870.0,9600.0,9640.0,161,1556420.0,TQBR
2016-08-23,9600.0,10160.0,8860.0,9960.0,1197,11392310.0,TQBR
2016-08-24,9890.0,9890.0,9630.0,9710.0,51,495140.0,TQBR
2016-08-25,9530.0,9570.0,9310.0,9400.0,169,1586870.0,TQBR
2016-08-26,9400.0,9560.0,9310.0,9310.0,98,922590.0,TQBR
2016-08-29,9180.0,9200.0,9020.0,9100.0,278,2522630.0,TQBR
2016-08-30,9110.0,9270.0,9000.0,9150.0,198,1814390.0,TQBR
2016-08-31,9240.0,9270.0,9200.0,9210.0,24,221950.0,TQBR
2016-09-01,9210.0,9230.0,9090.0,9090.0,33,302930.0,TQBR
2016-09-02,9020.0,10200.0,9010.0,10100.0,1356,13474260.0,TQBR
2016-09-05,10120.0,10190.0,9800.0,10180.0,308,3099740.0,TQBR
2016-09-06,10290.0,10330.0,10100.0,10100.0,29,295700.0,TQBR
2016-09-07,10100.0,10200.0,10100.0,10100.0,168,1707520.0,TQBR
2016-09-08,10090.0,10190.0,10070.0,10110.0,232,2343670.0,TQBR
2016-09-09,10130.0,10170.0,10060.0,10170.0,104,1050550.0,TQBR
2016-09-12,10140.0,10140.0,9830.0,10010.0,25,250320.0,TQBR
2016-09-13,9850.0,9850.0,9690.0,9700.0,39,380930.0,TQBR
2016-09-14,9700.0,10200.0,9500.0,10100.0,338,3334240.0,TQBR
2016-09-15,10010.0,10180.0,10010.0,10100.0,85,858620.0,TQBR
2016-09-16,10140.0,10190.0,10070.0,10120.0,57,577950.0,TQBR
2016-09-19,10130.0,10140.0,10100.0,10100.0,14,141660.0,TQBR
2016-09-20,10110.0,10110.0,10100.0,10110.0,5,50530.0,TQBR
2016-09-21,10110.0,10170.0,10100.0,10100.0,36,363870.0,TQBR
2016-09-22,10110.0,10120.0,10100.0,10100.0,137,1383810.0,TQBR
2016-09-23,10110.0,10120.0,10100.0,10100.0,121,1222320.0,TQBR
2016-09-26,10100.0,10200.0,10100.0,10190.0,21,213680.0,TQBR
2016-09-27,10240.0,10240.0,10100.0,10100.0,354,3578380.0,TQBR
2016-09-28,10130.0,10190.0,10100.0,10110.0,61,618920.0,TQBR
2016-09-29,10100.0,10200.0,10100.0,10200.0,193,1963470.0,TQBR
2016-09-30,10210.0,10210.0,9640.0,9700.0,573,5785560.0,TQBR
2016-10-03,9800.0,10110.0,9800.0,10100.0,287,2895480.0,TQBR
2016-10-04,10110.0,10150.0,10100.0,10100.0,8,80950.0,TQBR
2016-10-05,10190.0,10190.0,10100.0,10150.0,66,667240.0,TQBR
2016-10-06,10140.0,10140.0,10100.0,10100.0,271,2737660.0,TQBR
2016-10-07,10100.0,10110.0,10100.0,10100.0,146,1474640.0,TQBR
2016-10-10,10110.0,10130.0,10100.0,10120.0,40,404410.0,TQBR
2016-10-11,10130.0,10150.0,10120.0,10150.0,15,151900.0,TQBR
2016-10-12,10190.0,10200.0,10160.0,10180.0,287,2926410.0,TQBR
2016-10-13,10190.0,10190.0,10100.0,10100.0,90,912020.0,TQBR
2016-10-14,10130.0,10150.0,10100.0,10120.0,51,515660.0,TQBR
2016-10-17,10120.0,10120.0,10110.0,10110.0,12,121380.0,TQBR
2016-10-18,10120.0,10130.0,10100.0,10100.0,38,384230.0,TQBR
2016-10-19,10110.0,10540.0,10100.0,10190.0,75,767550.0,TQBR
2016-10-20,10130.0,10180.0,10100.0,10100.0,83,838820.0,TQBR
2016-10-21,10110.0,10160.0,10100.0,10160.0,119,1202130.0,TQBR
2016-10-24,10190.0,10190.0,10100.0,10140.0,118,1192930.0,TQBR
2016-10-25,10150.0,10190.0,10100.0,10110.0,540,5455850.0,TQBR
2016-10-26,10120.0,10130.0,10100.0,10110.0,43,434430.0,TQBR
2016-10-27,10100.0,10110.0,10100.0,10100.0,49,494960.0,TQBR
2016-10-28,10100.0,10120.0,10100.0,10100.0,27,272790.0,TQBR
2016-10-31,10100.0,10110.0,10100.0,10100.0,56,565640.0,TQBR
2016-11-01,10100.0,10100.0,10100.0,10100.0,111,1121100.0,TQBR
2016-11-02,10110.0,10170.0,10100.0,10100.0,111,1121830.0,TQBR
2016-11-03,10110.0,10170.0,10100.0,10110.0,111,1121400.0,TQBR
2016-11-07,10150.0,10200.0,10110.0,10110.0,54,549800.0,TQBR
2016-11-08,10110.0,10180.0,10100.0,10120.0,61,616400.0,TQBR
2016-11-09,10180.0,10200.0,10120.0,10130.0,120,1223540.0,TQBR
2016-11-10,10150.0,10200.0,10140.0,10140.0,14,142280.0,TQBR
2016-11-11,10180.0,10180.0,10100.0,10160.0,48,485220.0,TQBR
2016-11-14,10110.0,10110.0,10100.0,10100.0,73,737330.0,TQBR
2016-11-15,10130.0,10160.0,10100.0,10100.0,28,283170.0,TQBR
2016-11-16,10150.0,10170.0,10100.0,10170.0,481,4859070.0,TQBR
2016-11-17,10150.0,10150.0,10130.0,10130.0,2,20280.0,TQBR
2016-11-18,10150.0,10160.0,10110.0,10160.0,3,30420.0,TQBR
2016-11-21,10130.0,10130.0,10100.0,10100.0,15,151590.0,TQBR
2016-11-22,10100.0,10140.0,10100.0,10100.0,109,1100980.0,TQBR
2016-11-23,10110.0,10110.0,10100.0,10100.0,76,767610.0,TQBR
2016-11-24,10120.0,10140.0,9980.0,9980.0,161,1624400.0,TQBR
2016-11-25,10000.0,10000.0,9840.0,10000.0,19,188590.0,TQBR
2016-11-28,10040.0,10100.0,9910.0,10100.0,54,541860.0,TQBR
2016-11-29,10060.0,10060.0,9950.0,9950.0,16,160220.0,TQBR
2016-11-30,9920.0,9940.0,9890.0,9900.0,17,168490.0,TQBR
2016-12-01,9760.0,9930.0,9750.0,9930.0,14,137690.0,TQBR
2016-12-02,9800.0,9800.0,9750.0,9750.0,20,195500.0,TQBR
2016-12-05,9750.0,9790.0,9740.0,9740.0,50,488340.0,TQBR
2016-12-06,9770.0,9770.0,9330.0,9500.0,224,2131150.0,TQBR
2016-12-07,9500.0,9550.0,9400.0,9550.0,25,237060.0,TQBR
2016-12-08,9590.0,9600.0,9520.0,9600.0,11,105360.0,TQBR
2016-12-09,9650.0,9660.0,9500.0,9500.0,10,95930.0,TQBR
2016-12-12,9450.0,9490.0,9320.0,9490.0,18,169130.0,TQBR
2016-12-13,9350.0,9440.0,9330.0,9410.0,7,65830.0,TQBR
2016-12-14,9400.0,9450.0,9280.0,9450.0,18,169120.0,TQBR
2016-12-15,9500.0,9500.0,9150.0,9410.0,105,968900.0,TQBR
2016-12-16,9310.0,9340.0,9250.0,9250.0,19,176490.0,TQBR
2016-12-19,9210.0,9360.0,9210.0,9360.0,20,186200.0,TQBR
2016-12-20,9340.0,9390.0,9210.0,9380.0,27,251250.0,TQBR
2016-12-21,9260.0,9260.0,9080.0,9180.0,207,1892490.0,TQBR
2016-12-22,9070.0,9120.0,9010.0,9100.0,18,163280.0,TQBR
2016-12-23,9020.0,9020.0,8850.0,8920.0,38,339470.0,TQBR
2016-12-26,8850.0,8850.0,8520.0,8610.0,127,1093070.0,TQBR
2016-12-27,8560.0,8670.0,8500.0,8670.0,61,522830.0,TQBR
2016-12-28,8670.0,8670.0,8320.0,8460.0,123,1045750.0,TQBR
2016-12-29,8480.0,8540.0,8250.0,8540.0,394,3314260.0,TQBR
2016-12-30,8550.0,8710.0,8450.0,8630.0,246,2103390.0,TQBR
2017-01-03,8580.0,8700.0,8400.0,8400.0,341,2899030.0,TQBR
2017-01-04,8400.0,8480.0,8220.0,8370.0,220,1827520.0,TQBR
2017-01-05,8400.0,8530.0,8400.0,8480.0,77,653110.0,TQBR
2017-01-06,8470.0,8560.0,8400.0,8520.0,49,414940.0,TQBR
2017-01-09,8520.0,8570.0,8500.0,8570.0,74,630490.0,TQBR
2017-01-10,8540.0,8870.0,8540.0,8830.0,55,476840.0,TQBR
2017-01-11,8850.0,9350.0,8830.0,9010.0,182,1662230.0,TQBR
2017-01-12,9070.0,9170.0,9000.0,9040.0,117,1060210.0,TQBR
2017-01-13,9000.0,9170.0,8900.0,8950.0,99,893340.0,TQBR
2017-01-16,8900.0,8990.0,8610.0,8750.0,88,766810.0,TQBR
2017-01-17,8720.0,8800.0,8690.0,8770.0,37,323310.0,TQBR
2017-01-18,8700.0,8770.0,8650.0,8650.0,110,953280.0,TQBR
2017-01-19,8680.0,8740.0,8660.0,8740.0,20,173620.0,TQBR
2017-01-20,8770.0,8780.0,8660.0,8720.0,50,437240.0,TQBR
2017-01-23,8750.0,8810.0,8750.0,8810.0,29,254730.0,TQBR
2017-01-24,8820.0,8820.0,8770.0,8780.0,23,202270.0,TQBR
2017-01-25,8810.0,9300.0,8760.0,9300.0,162,1477980.0,TQBR
2017-01-26,9200.0,9200.0,8920.0,9120.0,197,1795710.0,TQBR
2017-01-27,9130.0,9140.0,9000.0,9130.0,26,236110.0,TQBR
2017-01-30,9130.0,9130.0,9000.0,9130.0,18,164210.0,TQBR
2017-01-31,9000.0,9140.0,9000.0,9120.0,10,91160.0,TQBR
2017-02-01,9030.0,9280.0,9010.0,9250.0,118,1084130.0,TQBR
2017-02-02,9220.0,9290.0,9000.0,9070.0,101,920840.0,TQBR
2017-02-03,9010.0,9180.0,8960.0,9180.0,100,908570.0,TQBR
2017-02-06,9170.0,9170.0,9000.0,9000.0,53,480480.0,TQBR
2017-02-07,9000.0,9140.0,9000.0,9080.0,32,290160.0,TQBR
2017-02-08,9400.0,9400.0,9090.0,9180.0,102,931050.0,TQBR
2017-02-09,9140.0,9150.0,9100.0,9140.0,22,200570.0,TQBR
2017-02-10,9100.0,9210.0,9000.0,9200.0,71,647920.0,TQBR
2017-02-13,9190.0,9190.0,9010.0,9010.0,22,200190.0,TQBR
2017-02-14,9030.0,9030.0,8900.0,8900.0,69,616240.0,TQBR
2017-02-15,8920.0,8930.0,8800.0,8860.0,33,292600.0,TQBR
2017-02-16,8840.0,8900.0,8800.0,8900.0,31,274630.0,TQBR
2017-02-17,8950.0,8950.0,8830.0,8910.0,22,196050.0,TQBR
2017-02-20,8950.0,8950.0,8860.0,8860.0,16,142660.0,TQBR
2017-02-21,8880.0,9000.0,8830.0,8830.0,51,456660.0,TQBR
2017-02-22,9000.0,9030.0,8870.0,8990.0,83,747040.0,TQBR
2017-02-24,9030.0,9030.0,8980.0,8980.0,7,63120.0,TQBR
2017-02-27,8960.0,9040.0,8960.0,8960.0,43,387210.0,TQBR
2017-02-28,8920.0,8930.0,8600.0,8800.0,86,760870.0,TQBR
2017-03-01,8750.0,8880.0,8730.0,8820.0,71,624680.0,TQBR
2017-03-02,8890.0,9290.0,8890.0,9000.0,148,1347710.0,TQBR
2017-03-03,8990.0,9170.0,8880.0,9160.0,103,938370.0,TQBR
2017-03-06,9070.0,9100.0,9050.0,9100.0,35,316910.0,TQBR
2017-03-07,9050.0,9050.0,8750.0,8880.0,49,434610.0,TQBR
2017-03-09,8700.0,8770.0,8300.0,8590.0,97,831480.0,TQBR
2017-03-10,8130.0,8570.0,8130.0,8470.0,12,100850.0,TQBR
2017-03-13,8520.0,8520.0,8510.0,8520.0,3,25550.0,TQBR
2017-03-14,8520.0,8590.0,8400.0,8400.0,36,305020.0,TQBR
2017-03-15,8440.0,8450.0,8320.0,8320.0,23,192750.0,TQBR
2017-03-16,8310.0,8360.0,8300.0,8330.0,24,199630.0,TQBR
2017-03-17,8370.0,8430.0,8320.0,8430.0,21,175930.0,TQBR
2017-03-20,8450.0,8520.0,8450.0,8500.0,20,169910.0,TQBR
2017-03-21,8510.0,8530.0,8410.0,8410.0,42,355780.0,TQBR
2017-03-22,8350.0,8460.0,8330.0,8450.0,36,301840.0,TQBR
2017-03-23,8420.0,8500.0,8400.0,8500.0,18,152240.0,TQBR
2017-03-24,8430.0,8530.0,8320.0,8460.0,36,302490.0,TQBR
2017-03-27,8430.0,8430.0,8260.0,8380.0,43,358810.0,TQBR
2017-03-28,8260.0,8370.0,8260.0,8330.0,12,99770.0,TQBR
2017-03-29,8310.0,8350.0,8250.0,8250.0,85,704970.0,TQBR
2017-03-30,8250.0,8350.0,8210.0,8210.0,27,223600.0,TQBR
2017-03-31,8270.0,8270.0,8130.0,8170.0,36,295030.0,TQBR
2017-04-03,8090.0,8280.0,8000.0,8200.0,18,147000.0,TQBR
2017-04-04,8260.0,8260.0,8100.0,8260.0,25,203780.0,TQBR
2017-04-05,8300.0,8370.0,8120.0,8130.0,30,247670.0,TQBR
2017-04-06,8170.0,8280.0,8160.0,8160.0,65,533080.0,TQBR
2017-04-07,8120.0,8120.0,8030.0,8030.0,25,201680.0,TQBR
2017-04-10,8010.0,8010.0,7700.0,7890.0,102,802010.0,TQBR
2017-04-11,7730.0,7920.0,7700.0,7900.0,45,353870.0,TQBR
2017-04-12,7960.0,7960.0,7960.0,7960.0,1,7960.0,TQBR
2017-04-13,7960.0,7960.0,7720.0,7840.0,10,78260.0,TQBR
2017-04-14,7740.0,7740.0,7490.0,7580.0,110,831060.0,TQBR
2017-04-17,7420.0,7580.0,7400.0,7580.0,18,133930.0,TQBR
2017-04-18,7320.0,7570.0,7310.0,7410.0,11,80780.0,TQBR
2017-04-19,7330.0,7510.0,7320.0,7500.0,23,171080.0,TQBR
2017-04-20,7520.0,7520.0,7420.0,7490.0,18,134190.0,TQBR
2017-04-21,7500.0,7640.0,7500.0,7580.0,26,197030.0,TQBR
2017-04-24,7580.0,7780.0,7570.0,7780.0,39,297910.0,TQBR
2017-04-25,7840.0,8140.0,7780.0,8000.0,165,1330340.0,TQBR
2017-04-26,8050.0,8190.0,7990.0,8000.0,27,216520.0,TQBR
2017-04-27,7780.0,8000.0,7710.0,7750.0,152,1182290.0,TQBR
2017-04-28,7770.0,7950.0,7770.0,7950.0,10,78500.0,TQBR
2017-05-02,7700.0,7800.0,7500.0,7800.0,18,139090.0,TQBR
2017-05-03,7730.0,7800.0,7420.0,7500.0,84,635150.0,TQBR
2017-05-04,7560.0,7610.0,7560.0,7610.0,2,15170.0,TQBR
2017-05-05,7430.0,7470.0,7260.0,7400.0,220,1610240.0,TQBR
2017-05-10,7400.0,7480.0,7250.0,7360.0,70,510930.0,TQBR
2017-05-11,7400.0,7410.0,7110.0,7390.0,22,159550.0,TQBR
2017-05-12,7290.0,7300.0,7290.0,7300.0,3,21880.0,TQBR
2017-05-15,7300.0,7300.0,7200.0,7250.0,49,353350.0,TQBR
2017-05-16,7150.0,7290.0,7150.0,7150.0,39,280290.0,TQBR
2017-05-17,7160.0,7210.0,7030.0,7100.0,79,562090.0,TQBR
2017-05-18,7130.0,7180.0,7130.0,7140.0,12,85720.0,TQBR
2017-05-19,7190.0,7250.0,7190.0,7250.0,14,100800.0,TQBR
2017-05-22,7270.0,7270.0,7040.0,7040.0,48,344460.0,TQBR
2017-05-23,7080.0,7160.0,7000.0,7160.0,27,190740.0,TQBR
2017-05-24,7110.0,7110.0,7040.0,7040.0,17,120120.0,TQBR
2017-05-25,7080.0,7090.0,7080.0,7080.0,4,28330.0,TQBR
2017-05-26,7050.0,7090.0,6900.0,6940.0,41,284940.0,TQBR
2017-05-29,6950.0,6990.0,6950.0,6990.0,19,132140.0,TQBR
2017-05-30,7000.0,7000.0,6880.0,6900.0,36,248620.0,TQBR
2017-05-31,6900.0,6950.0,6800.0,6940.0,32,219840.0,TQBR
2017-06-01,6940.0,7010.0,6720.0,6850.0,70,483940.0,TQBR
2017-06-02,6740.0,6840.0,6710.0,6810.0,21,141620.0,TQBR
2017-06-05,6840.0,7270.0,6840.0,7250.0,96,678980.0,TQBR
2017-06-06,7260.0,7340.0,6620.0,6930.0,377,2586420.0,TQBR
2017-06-07,6760.0,6970.0,6730.0,6730.0,60,407480.0,TQBR
2017-06-08,6700.0,6700.0,6620.0,6620.0,18,120280.0,TQBR
2017-06-09,6770.0,6770.0,6650.0,6710.0,18,120500.0,TQBR
2017-06-13,6700.0,6700.0,6600.0,6650.0,20,132950.0,TQBR
2017-06-14,6640.0,6650.0,6300.0,6530.0,67,437620.0,TQBR
2017-06-15,6460.0,6500.0,6110.0,6300.0,72,451520.0,TQBR
2017-06-16,6470.0,6500.0,6270.0,6300.0,46,292920.0,TQBR
2017-06-19,6300.0,6350.0,6300.0,6350.0,62,392970.0,TQBR
2017-06-20,6390.0,6390.0,6370.0,6370.0,2,12760.0,TQBR
2017-06-21,6100.0,6420.0,6100.0,6420.0,9,57340.0,TQBR
2017-06-22,6220.0,6420.0,6220.0,6420.0,32,204090.0,TQBR
2017-06-23,6400.0,6400.0,6200.0,6300.0,27,170960.0,TQBR
2017-06-26,6350.0,6580.0,6350.0,6580.0,200,1299420.0,TQBR
2017-06-27,6620.0,6620.0,6420.0,6420.0,8,51940.0,TQBR
2017-06-28,6430.0,6470.0,6390.0,6470.0,7,44880.0,TQBR
2017-06-29,6570.0,6780.0,6570.0,6610.0,50,332600.0,TQBR
2017-06-30,6660.0,6690.0,6660.0,6690.0,2,13350.0,TQBR
2017-07-04,6600.0,6700.0,6500.0,6700.0,42,278290.0,TQBR
2017-07-05,6730.0,7240.0,6730.0,7090.0,130,912530.0,TQBR
2017-07-06,7170.0,7700.0,7100.0,7400.0,222,1645230.0,TQBR
2017-07-07,7300.0,7470.0,7290.0,7350.0,38,279850.0,TQBR
2017-07-10,7400.0,7400.0,7150.0,7320.0,30,216780.0,TQBR
2017-07-11,7390.0,7800.0,7310.0,7750.0,61,463270.0,TQBR
2017-07-12,7760.0,8000.0,7760.0,7800.0,66,522160.0,TQBR
2017-07-13,7890.0,7900.0,7670.0,7670.0,27,210250.0,TQBR
2017-07-14,7580.0,7750.0,7570.0,7680.0,51,388770.0,TQBR
2017-07-17,7560.0,7700.0,7540.0,7640.0,14,106670.0,TQBR
2017-07-18,7630.0,7720.0,7630.0,7640.0,38,292440.0,TQBR
2017-07-19,7550.0,7600.0,7520.0,7520.0,14,105460.0,TQBR
2017-07-20,7570.0,7600.0,7510.0,7510.0,13,98550.0,TQBR
2017-07-21,7510.0,7560.0,7490.0,7560.0,9,67680.0,TQBR
2017-07-24,7470.0,7520.0,7300.0,7420.0,51,379740.0,TQBR
2017-07-25,7420.0,7470.0,7420.0,7470.0,4,29780.0,TQBR
2017-07-26,7450.0,7450.0,7290.0,7450.0,50,372190.0,TQBR
2017-07-27,7310.0,7440.0,7310.0,7440.0,13,96220.0,TQBR
2017-07-28,7490.0,7490.0,7400.0,7450.0,66,491340.0,TQBR
2017-07-31,7500.0,7500.0,7380.0,7380.0,22,163060.0,TQBR
2017-08-01,7300.0,7350.0,7260.0,7300.0,61,446600.0,TQBR
2017-08-02,7440.0,7720.0,7360.0,7600.0,101,761220.0,TQBR
2017-08-03,7650.0,7650.0,7350.0,7510.0,102,759470.0,TQBR
2017-08-04,7460.0,7570.0,7370.0,7430.0,72,538090.0,TQBR
2017-08-07,7470.0,7480.0,7390.0,7480.0,59,436830.0,TQBR
2017-08-08,7400.0,7420.0,7260.0,7380.0,420,3101540.0,TQBR
2017-08-09,7360.0,7360.0,7000.0,7280.0,153,1107560.0,TQBR
2017-08-10,7230.0,7350.0,7200.0,7230.0,153,1112450.0,TQBR
2017-08-11,7290.0,7600.0,7230.0,7600.0,79,586980.0,TQBR
2017-08-14,7600.0,8420.0,7600.0,7990.0,277,2213610.0,TQBR
2017-08-15,7940.0,8000.0,7340.0,7480.0,613,4590040.0,TQBR
2017-08-16,7400.0,7500.0,7380.0,7500.0,50,371330.0,TQBR
2017-08-17,7480.0,7580.0,7480.0,7570.0,12,90110.0,TQBR
2017-08-18,7480.0,7480.0,7420.0,7470.0,12,89360.0,TQBR
2017-08-21,7600.0,7600.0,7440.0,7440.0,15,113070.0,TQBR
2017-08-22,7500.0,7980.0,7500.0,7570.0,102,786260.0,TQBR
2017-08-23,7550.0,7550.0,7500.0,7500.0,159,1192800.0,TQBR
2017-08-24,7440.0,7500.0,7100.0,7500.0,757,5507700.0,TQBR
2017-08-25,7500.0,7500.0,6400.0,6790.0,1123,7544340.0,TQBR
2017-08-28,6750.0,6870.0,6510.0,6800.0,582,3914310.0,TQBR
2017-08-29,6780.0,6890.0,6710.0,6890.0,112,762490.0,TQBR
2017-08-30,6940.0,7000.0,6680.0,6760.0,223,1518930.0,TQBR
2017-08-31,6770.0,6870.0,6770.0,6770.0,62,423170.0,TQBR
2017-09-01,6980.0,6990.0,6800.0,6800.0,35,239340.0,TQBR
2017-09-04,6910.0,6910.0,6670.0,6830.0,39,265490.0,TQBR
2017-09-05,6780.0,6800.0,6680.0,6800.0,24,161690.0,TQBR
2017-09-06,6720.0,6750.0,6680.0,6730.0,79,530610.0,TQBR
2017-09-07,6620.0,6960.0,6600.0,6850.0,209,1426040.0,TQBR
2017-09-08,6890.0,6910.0,6800.0,6850.0,57,390540.0,TQBR
2017-09-11,6810.0,6810.0,6640.0,6720.0,251,1688470.0,TQBR
2017-09-12,6900.0,6900.0,6320.0,6640.0,367,2413870.0,TQBR
2017-09-13,6650.0,6710.0,6600.0,6630.0,56,372600.0,TQBR
2017-09-14,6670.0,6670.0,6620.0,6630.0,17,112790.0,TQBR
2017-09-15,6670.0,6680.0,6630.0,6630.0,12,79780.0,TQBR
2017-09-18,6700.0,6820.0,6650.0,6790.0,111,750540.0,TQBR
2017-09-19,6790.0,6790.0,6710.0,6710.0,36,242730.0,TQBR
2017-09-20,6690.0,6750.0,6670.0,6680.0,107,717730.0,TQBR
2017-09-21,6680.0,6730.0,6540.0,6660.0,94,625360.0,TQBR
2017-09-22,6710.0,6770.0,6640.0,6640.0,15,100580.0,TQBR
2017-09-25,6650.0,6810.0,6640.0,6720.0,143,963290.0,TQBR
2017-09-26,6710.0,6710.0,6690.0,6700.0,22,147410.0,TQBR
2017-09-27,6750.0,6780.0,6740.0,6760.0,17,114890.0,TQBR
2017-09-28,6790.0,7330.0,6780.0,7280.0,592,4233930.0,TQBR
2017-09-29,7280.0,7360.0,7010.0,7200.0,106,755830.0,TQBR
2017-10-02,7170.0,7260.0,7110.0,7150.0,21,150330.0,TQBR
2017-10-03,7280.0,7290.0,7040.0,7170.0,35,250140.0,TQBR
2017-10-04,7170.0,7300.0,7150.0,7300.0,79,569140.0,TQBR
2017-10-05,7080.0,7290.0,7080.0,7150.0,28,201090.0,TQBR
2017-10-06,7300.0,7330.0,7220.0,7300.0,315,2298180.0,TQBR
2017-10-09,7170.0,7340.0,7170.0,7310.0,41,297890.0,TQBR
2017-10-10,7310.0,7370.0,7290.0,7300.0,85,620620.0,TQBR
2017-10-11,7310.0,7340.0,7300.0,7300.0,138,1007790.0,TQBR
2017-10-12,7300.0,7320.0,7190.0,7320.0,37,269600.0,TQBR
2017-10-13,7230.0,7230.0,7170.0,7170.0,33,237640.0,TQBR
2017-10-16,7330.0,7330.0,7080.0,7230.0,116,836500.0,TQBR
2017-10-17,7190.0,7330.0,7180.0,7180.0,30,216420.0,TQBR
2017-10-18,7200.0,7270.0,7200.0,7270.0,11,79310.0,TQBR
2017-10-19,7220.0,7300.0,7100.0,7130.0,40,288200.0,TQBR
2017-10-20,7170.0,7200.0,7060.0,7150.0,113,805430.0,TQBR
2017-10-23,7190.0,7190.0,7090.0,7100.0,59,419380.0,TQBR
2017-10-24,7050.0,7090.0,7030.0,7090.0,6,42280.0,TQBR
2017-10-25,7200.0,7290.0,7000.0,7000.0,35,250280.0,TQBR
2017-10-26,7150.0,7180.0,7000.0,7050.0,45,319100.0,TQBR
2017-10-27,7020.0,7140.0,6930.0,7030.0,38,268310.0,TQBR
2017-10-30,7000.0,7000.0,6950.0,6990.0,72,503260.0,TQBR
2017-10-31,6960.0,7190.0,6950.0,7190.0,111,782520.0,TQBR
2017-11-01,7200.0,7200.0,7020.0,7020.0,8,56810.0,TQBR
2017-11-02,6950.0,7170.0,6950.0,7030.0,16,112490.0,TQBR
2017-11-03,7030.0,7100.0,7010.0,7010.0,27,189680.0,TQBR
2017-11-07,7010.0,7300.0,7000.0,7260.0,327,2377570.0,TQBR
2017-11-08,7080.0,7430.0,7080.0,7350.0,76,557970.0,TQBR
2017-11-09,7210.0,7510.0,7200.0,7310.0,167,1242810.0,TQBR
2017-11-10,7440.0,7440.0,7220.0,7320.0,37,272000.0,TQBR
2017-11-13,7320.0,7390.0,7320.0,7390.0,2,14710.0,TQBR
2017-11-14,7270.0,7400.0,7200.0,7390.0,92,671290.0,TQBR
2017-11-15,7440.0,7440.0,7100.0,7100.0,57,413790.0,TQBR
2017-11-16,7290.0,7300.0,7030.0,7100.0,25,178420.0,TQBR
2017-11-17,7100.0,7170.0,7000.0,7000.0,76,532750.0,TQBR
2017-11-20,7100.0,7100.0,7040.0,7040.0,19,134500.0,TQBR
2017-11-21,7080.0,7160.0,6990.0,7160.0,62,439950.0,TQBR
2017-11-22,7160.0,7160.0,7080.0,7080.0,14,99290.0,TQBR
2017-11-23,7000.0,7080.0,6990.0,7080.0,58,406560.0,TQBR
2017-11-24,7000.0,7060.0,7000.0,7010.0,18,126070.0,TQBR
2017-11-27,7000.0,7000.0,6990.0,6990.0,12,83900.0,TQBR
2017-11-29,7100.0,7100.0,6960.0,6960.0,9,63210.0,TQBR
2017-11-30,6920.0,6930.0,6610.0,6890.0,187,1267070.0,TQBR
2017-12-01,6940.0,7010.0,6890.0,7000.0,91,635090.0,TQBR
2017-12-04,6960.0,6980.0,6960.0,6960.0,7,48750.0,TQBR
2017-12-05,6930.0,6930.0,6920.0,6920.0,3,20770.0,TQBR
2017-12-06,6910.0,7070.0,6850.0,7060.0,81,561540.0,TQBR
2017-12-07,7100.0,7170.0,7100.0,7140.0,202,1441850.0,TQBR
2017-12-08,7150.0,7150.0,7140.0,7150.0,82,585580.0,TQBR
2017-12-11,7100.0,7120.0,7000.0,7100.0,24,169180.0,TQBR
2017-12-12,7000.0,7100.0,7000.0,7090.0,23,162100.0,TQBR
2017-12-13,7130.0,7180.0,7130.0,7140.0,107,764010.0,TQBR
2017-12-14,7280.0,7280.0,7200.0,7230.0,7,50580.0,TQBR
2017-12-15,7220.0,7290.0,7220.0,7270.0,20,145200.0,TQBR
2017-12-18,7270.0,7270.0,7090.0,7100.0,21,150460.0,TQBR
2017-12-19,7020.0,7060.0,7000.0,7010.0,16,112410.0,TQBR
2017-12-20,7000.0,7090.0,7000.0,7080.0,110,778580.0,TQBR
2017-12-21,7080.0,7100.0,6880.0,7000.0,466,3293010.0,TQBR
2017-12-22,7020.0,7020.0,7000.0,7000.0,8,56080.0,TQBR
2017-12-25,6920.0,6940.0,6810.0,6940.0,49,336840.0,TQBR
2017-12-26,6930.0,6940.0,6900.0,6900.0,68,471020.0,TQBR
2017-12-27,6850.0,7070.0,6820.0,7070.0,61,424200.0,TQBR
2017-12-28,7100.0,7120.0,7000.0,7000.0,438,3072910.0,TQBR
2017-12-29,7020.0,7320.0,7010.0,7300.0,351,2559790.0,TQBR
2018-01-03,7270.0,7270.0,7050.0,7210.0,16,114700.0,TQBR
2018-01-04,7280.0,7280.0,7140.0,7230.0,16,115640.0,TQBR
2018-01-05,7230.0,7230.0,7190.0,7210.0,6,43250.0,TQBR
2018-01-09,7190.0,7190.0,7000.0,7000.0,46,327470.0,TQBR
2018-01-10,7030.0,7140.0,7000.0,7130.0,29,203820.0,TQBR
2018-01-11,7010.0,7160.0,6940.0,7120.0,30,211760.0,TQBR
2018-01-12,7070.0,7100.0,7060.0,7080.0,45,318970.0,TQBR
2018-01-15,7080.0,7200.0,7020.0,7170.0,38,271100.0,TQBR
2018-01-16,7140.0,7140.0,7050.0,7050.0,2,14190.0,TQBR
2018-01-17,7070.0,7160.0,7060.0,7160.0,3,21290.0,TQBR
2018-01-18,7170.0,7180.0,7160.0,7180.0,8,57360.0,TQBR
2018-01-19,7080.0,7080.0,7050.0,7050.0,3,21190.0,TQBR
2018-01-23,7100.0,7230.0,7100.0,7150.0,54,387180.0,TQBR
2018-01-24,7180.0,7200.0,7150.0,7160.0,8,57410.0,TQBR
2018-01-25,7140.0,7200.0,7100.0,7120.0,99,706140.0,TQBR
2018-01-26,7110.0,7190.0,7110.0,7180.0,17,121800.0,TQBR
2018-01-29,7050.0,7200.0,7040.0,7150.0,32,228100.0,TQBR
2018-01-30,7170.0,7170.0,7050.0,7050.0,47,332660.0,TQBR
2018-01-31,7080.0,7130.0,7050.0,7070.0,36,254470.0,TQBR
2018-02-01,7110.0,7110.0,6940.0,7000.0,104,727960.0,TQBR
2018-02-02,6880.0,7100.0,6840.0,6990.0,180,1252770.0,TQBR
2018-02-05,6990.0,7050.0,6930.0,6980.0,55,385250.0,TQBR
2018-02-06,6980.0,7000.0,6720.0,6960.0,161,1109440.0,TQBR
2018-02-07,7000.0,7010.0,6930.0,6930.0,66,461370.0,TQBR
2018-02-08,6910.0,6910.0,6840.0,6840.0,30,206400.0,TQBR
2018-02-09,6860.0,6920.0,6700.0,6890.0,265,1799430.0,TQBR
2018-02-12,6890.0,6960.0,6790.0,6900.0,23,158210.0,TQBR
2018-02-13,6900.0,6960.0,6710.0,6860.0,185,1263210.0,TQBR
2018-02-14,6850.0,6870.0,6740.0,6860.0,202,1371940.0,TQBR
2018-02-15,6940.0,6940.0,6890.0,6940.0,28,193690.0,TQBR
2018-02-16,6940.0,6940.0,6820.0,6820.0,20,137240.0,TQBR
2018-02-19,6850.0,7000.0,6810.0,6970.0,55,381940.0,TQBR
2018-02-20,6920.0,6920.0,6800.0,6910.0,62,426140.0,TQBR
2018-02-21,6910.0,6920.0,6870.0,6870.0,22,151620.0,TQBR
2018-02-22,6850.0,6890.0,6810.0,6850.0,24,164220.0,TQBR
2018-02-26,6850.0,6850.0,6760.0,6850.0,156,1061460.0,TQBR
2018-02-27,6850.0,6850.0,6800.0,6800.0,18,122690.0,TQBR
2018-02-28,6810.0,6850.0,6740.0,6810.0,204,1384130.0,TQBR
2018-03-01,6810.0,6810.0,6700.0,6770.0,215,1450240.0,TQBR
2018-03-02,6740.0,6780.0,6690.0,6760.0,179,1205980.0,TQBR
2018-03-05,6810.0,6860.0,6810.0,6820.0,20,136870.0,TQBR
2018-03-06,6780.0,6930.0,6770.0,6840.0,15,102690.0,TQBR
2018-03-07,6800.0,6800.0,6800.0,6800.0,3,20400.0,TQBR
2018-03-12,6790.0,6800.0,6700.0,6760.0,155,1043500.0,TQBR
2018-03-13,6830.0,6890.0,6830.0,6870.0,25,171830.0,TQBR
2018-03-14,6890.0,6950.0,6850.0,6850.0,30,208030.0,TQBR
2018-03-15,6870.0,6870.0,6800.0,6800.0,5,34100.0,TQBR
2018-03-16,6840.0,6950.0,6820.0,6930.0,49,336010.0,TQBR
2018-03-19,6960.0,7140.0,6800.0,7050.0,159,1114040.0,TQBR
2018-03-20,7090.0,7300.0,7090.0,7300.0,139,1000040.0,TQBR
2018-03-21,7230.0,7340.0,7120.0,7200.0,52,375970.0,TQBR
2018-03-22,7070.0,7290.0,7000.0,7190.0,70,497550.0,TQBR
2018-03-23,7140.0,7270.0,7140.0,7210.0,11,79280.0,TQBR
2018-03-26,7160.0,7160.0,7130.0,7130.0,6,42870.0,TQBR
2018-03-27,7190.0,7190.0,7100.0,7150.0,27,192360.0,TQBR
2018-03-28,7110.0,7140.0,7100.0,7120.0,23,163650.0,TQBR
2018-03-29,7130.0,7170.0,7060.0,7060.0,28,199200.0,TQBR
2018-03-30,7160.0,7160.0,7070.0,7080.0,26,184790.0,TQBR
2018-04-02,7150.0,7150.0,7010.0,7010.0,15,106060.0,TQBR
2018-04-03,7010.0,7100.0,7010.0,7020.0,8,56360.0,TQBR
2018-04-04,7000.0,7000.0,6990.0,6990.0,23,160940.0,TQBR
2018-04-05,6990.0,7100.0,6980.0,7100.0,22,154930.0,TQBR
2018-04-06,7010.0,7040.0,6990.0,7040.0,57,398970.0,TQBR
2018-04-09,6880.0,6970.0,6580.0,6710.0,130,881640.0,TQBR
2018-04-10,6610.0,6750.0,6600.0,6690.0,168,1117290.0,TQBR
2018-04-11,6690.0,6720.0,6580.0,6660.0,162,1074120.0,TQBR
2018-04-12,6580.0,6700.0,6550.0,6640.0,221,1460940.0,TQBR
2018-04-13,6570.0,6630.0,6530.0,6600.0,112,733850.0,TQBR
2018-04-16,6310.0,6590.0,6310.0,6540.0,151,973600.0,TQBR
2018-04-17,6500.0,6640.0,6400.0,6550.0,306,1996490.0,TQBR
2018-04-18,6550.0,6750.0,6410.0,6630.0,178,1166480.0,TQBR
2018-04-19,6630.0,6800.0,6630.0,6770.0,68,461000.0,TQBR
2018-04-20,6750.0,6750.0,6610.0,6730.0,119,799790.0,TQBR
2018-04-23,6650.0,6740.0,6590.0,6730.0,20,133730.0,TQBR
2018-04-24,6750.0,6750.0,6450.0,6550.0,360,2362110.0,TQBR
2018-04-25,6550.0,6680.0,6550.0,6660.0,36,238440.0,TQBR
2018-04-26,6620.0,6740.0,6620.0,6730.0,6,40230.0,TQBR
2018-04-27,6680.0,6680.0,6500.0,6500.0,114,743240.0,TQBR
2018-04-28,6550.0,6570.0,6360.0,6470.0,179,1152840.0,TQBR
2018-04-30,6430.0,6540.0,6410.0,6530.0,25,161800.0,TQBR
2018-05-02,6500.0,6530.0,6320.0,6440.0,232,1487540.0,TQBR
2018-05-03,6460.0,6500.0,6270.0,6270.0,167,1057530.0,TQBR
2018-05-04,6320.0,6390.0,6260.0,6350.0,73,460010.0,TQBR
2018-05-07,6320.0,6470.0,6300.0,6380.0,300,1911160.0,TQBR
2018-05-08,6430.0,6430.0,6340.0,6400.0,6,38320.0,TQBR
2018-05-10,6340.0,6350.0,6250.0,6340.0,233,1464970.0,TQBR
2018-05-11,6300.0,6390.0,6280.0,6350.0,51,322900.0,TQBR
2018-05-14,6310.0,6390.0,6300.0,6370.0,23,146010.0,TQBR
2018-05-15,6370.0,6390.0,6250.0,6360.0,50,315400.0,TQBR
2018-05-16,6380.0,6380.0,6380.0,6380.0,5,31900.0,TQBR
2018-05-17,6370.0,6370.0,6300.0,6330.0,38,240440.0,TQBR
2018-05-18,6310.0,6350.0,6260.0,6350.0,47,296060.0,TQBR
2018-05-21,6350.0,6370.0,6300.0,6340.0,28,177410.0,TQBR
2018-05-22,6390.0,6470.0,6310.0,6310.0,93,594180.0,TQBR
2018-05-23,6310.0,6450.0,6310.0,6400.0,72,459150.0,TQBR
2018-05-24,6370.0,6400.0,6230.0,6330.0,123,776310.0,TQBR
2018-05-25,6260.0,6320.0,6200.0,6260.0,231,1441130.0,TQBR
2018-05-28,6100.0,6250.0,6100.0,6170.0,115,707910.0,TQBR
2018-05-29,6150.0,6180.0,6000.0,6000.0,139,842770.0,TQBR
2018-05-30,6010.0,6010.0,5950.0,6000.0,152,910600.0,TQBR
2018-05-31,6060.0,6060.0,5930.0,6030.0,54,324330.0,TQBR
2018-06-01,5990.0,6080.0,5930.0,5960.0,22,131650.0,TQBR
2018-06-04,6050.0,6050.0,5930.0,6040.0,40,239580.0,TQBR
2018-06-05,5990.0,6130.0,5980.0,6020.0,50,302100.0,TQBR
2018-06-06,6270.0,6270.0,6130.0,6200.0,41,253180.0,TQBR
2018-06-07,6260.0,6260.0,6150.0,6260.0,57,355530.0,TQBR
2018-06-08,6250.0,6250.0,6010.0,6100.0,26,160580.0,TQBR
2018-06-09,6070.0,6120.0,6040.0,6120.0,7,42610.0,TQBR
2018-06-11,6120.0,6170.0,6120.0,6170.0,3,18410.0,TQBR
2018-06-13,6090.0,6110.0,6070.0,6100.0,26,158630.0,TQBR
2018-06-14,6100.0,6140.0,6060.0,6140.0,42,256410.0,TQBR
2018-06-15,6110.0,6150.0,6090.0,6120.0,20,122250.0,TQBR
2018-06-18,6090.0,6110.0,6000.0,6110.0,42,254480.0,TQBR
2018-06-19,6010.0,6070.0,5950.0,6030.0,57,340880.0,TQBR
2018-06-20,5970.0,6080.0,5970.0,6080.0,28,168630.0,TQBR
2018-06-21,6100.0,6100.0,6020.0,6020.0,27,163260.0,TQBR
2018-06-22,6030.0,6100.0,5980.0,6080.0,20,121010.0,TQBR
2018-06-25,6080.0,6080.0,6020.0,6020.0,3,18180.0,TQBR
2018-06-26,6090.0,6100.0,6030.0,6080.0,46,278610.0,TQBR
2018-06-27,6060.0,6160.0,5520.0,6100.0,105,631740.0,TQBR
2018-06-28,6100.0,6200.0,6010.0,6090.0,284,1745400.0,TQBR
2018-06-29,6100.0,6100.0,6050.0,6050.0,36,218330.0,TQBR
2018-07-02,6060.0,6070.0,5980.0,6010.0,23,139030.0,TQBR
2018-07-03,6110.0,6110.0,5960.0,6060.0,21,126790.0,TQBR
2018-07-04,6020.0,6040.0,6000.0,6040.0,44,264580.0,TQBR
2018-07-05,5980.0,6030.0,5930.0,6010.0,55,328660.0,TQBR
2018-07-06,6010.0,6090.0,6010.0,6020.0,20,121140.0,TQBR
2018-07-09,5980.0,5990.0,4490.0,5950.0,99,566050.0,TQBR
2018-07-10,5940.0,5970.0,5900.0,5970.0,14,82920.0,TQBR
2018-07-11,5980.0,6000.0,5910.0,5950.0,21,125580.0,TQBR
2018-07-12,5980.0,6000.0,5980.0,6000.0,3,17960.0,TQBR
2018-07-13,5990.0,5990.0,5930.0,5930.0,9,53830.0,TQBR
2018-07-16,5970.0,6100.0,5970.0,5990.0,106,637840.0,TQBR
2018-07-17,5980.0,6010.0,5890.0,5900.0,74,439240.0,TQBR
2018-07-18,5840.0,5970.0,5810.0,5960.0,27,159540.0,TQBR
2018-07-19,5880.0,5910.0,5800.0,5870.0,99,581290.0,TQBR
2018-07-20,5830.0,5870.0,5820.0,5870.0,14,82000.0,TQBR
2018-07-23,5870.0,5870.0,5690.0,5780.0,69,398920.0,TQBR
2018-07-24,5780.0,5780.0,5780.0,5780.0,1,5780.0,TQBR
2018-07-25,5760.0,5920.0,5700.0,5810.0,38,221960.0,TQBR
2018-07-26,5810.0,5810.0,5680.0,5730.0,43,247200.0,TQBR
2018-07-27,5750.0,5860.0,5750.0,5790.0,12,69660.0,TQBR
2018-07-30,5750.0,5790.0,5670.0,5740.0,31,177330.0,TQBR
2018-07-31,5700.0,5710.0,5600.0,5640.0,51,288100.0,TQBR
2018-08-01,5640.0,5680.0,5580.0,5680.0,26,146320.0,TQBR
2018-08-02,5620.0,5680.0,5600.0,5620.0,36,202880.0,TQBR
2018-08-03,5700.0,5840.0,5700.0,5840.0,50,290400.0,TQBR
2018-08-06,5800.0,5800.0,5600.0,5660.0,44,253640.0,TQBR
2018-08-07,5740.0,5800.0,5660.0,5780.0,15,85940.0,TQBR
2018-08-08,5820.0,5840.0,5600.0,5600.0,49,276220.0,TQBR
2018-08-09,5520.0,5560.0,5380.0,5560.0,156,857820.0,TQBR
2018-08-10,5500.0,5540.0,5400.0,5480.0,19,103820.0,TQBR
2018-08-13,5500.0,5500.0,5320.0,5340.0,30,161460.0,TQBR
2018-08-14,5400.0,5660.0,5400.0,5560.0,223,1251220.0,TQBR
2018-08-15,5400.0,5480.0,5340.0,5400.0,84,449940.0,TQBR
2018-08-16,5480.0,5540.0,5360.0,5360.0,79,432360.0,TQBR
2018-08-17,5380.0,5400.0,5380.0,5400.0,12,64600.0,TQBR
2018-08-20,5440.0,5660.0,5200.0,5600.0,151,823200.0,TQBR
2018-08-21,5600.0,5620.0,5520.0,5540.0,31,172400.0,TQBR
2018-08-22,5640.0,5640.0,5460.0,5600.0,120,670980.0,TQBR
2018-08-23,5600.0,5600.0,5560.0,5560.0,114,638200.0,TQBR
2018-08-24,5420.0,5560.0,5420.0,5520.0,59,322440.0,TQBR
2018-08-27,5540.0,5540.0,5460.0,5520.0,11,60660.0,TQBR
2018-08-28,5560.0,5580.0,5520.0,5580.0,19,105440.0,TQBR
2018-08-29,5600.0,5600.0,5300.0,5360.0,327,1755040.0,TQBR
2018-08-30,5380.0,5420.0,5280.0,5280.0,192,1031420.0,TQBR
2018-08-31,5280.0,5300.0,5200.0,5220.0,38,199300.0,TQBR
2018-09-03,5300.0,5300.0,5220.0,5280.0,14,73700.0,TQBR
2018-09-04,5280.0,5280.0,5280.0,5280.0,4,21120.0,TQBR
2018-09-05,5300.0,5440.0,5200.0,5300.0,283,1517620.0,TQBR
2018-09-06,5300.0,5400.0,5260.0,5380.0,35,186960.0,TQBR
2018-09-07,5400.0,5400.0,5200.0,5220.0,41,214840.0,TQBR
2018-09-10,5260.0,5260.0,5040.0,5140.0,69,353780.0,TQBR
2018-09-11,5160.0,5180.0,5140.0,5160.0,30,154700.0,TQBR
2018-09-12,5140.0,5160.0,5140.0,5160.0,2,10300.0,TQBR
2018-09-13,5160.0,5260.0,5120.0,5200.0,37,191780.0,TQBR
2018-09-14,5160.0,5220.0,5100.0,5220.0,34,175680.0,TQBR
2018-09-17,5140.0,5200.0,5020.0,5200.0,63,321540.0,TQBR
2018-09-18,5140.0,5180.0,5140.0,5180.0,2,10320.0,TQBR
2018-09-19,5460.0,5460.0,5160.0,5220.0,29,151700.0,TQBR
2018-09-20,5220.0,5240.0,5140.0,5240.0,24,124540.0,TQBR
2018-09-21,5240.0,5260.0,5200.0,5200.0,20,104460.0,TQBR
2018-09-24,5200.0,5340.0,5180.0,5200.0,64,334340.0,TQBR
2018-09-25,5180.0,5260.0,5180.0,5220.0,82,426900.0,TQBR
2018-09-26,5240.0,5240.0,5140.0,5160.0,43,221820.0,TQBR
2018-09-27,5160.0,5160.0,5020.0,5100.0,55,278780.0,TQBR
2018-09-28,5100.0,5180.0,5100.0,5120.0,12,61560.0,TQBR
2018-10-01,5200.0,5320.0,5200.0,5220.0,40,210620.0,TQBR
2018-10-02,5200.0,5240.0,5100.0,5180.0,36,186300.0,TQBR
2018-10-03,5180.0,5260.0,5080.0,5240.0,101,524440.0,TQBR
2018-10-04,5240.0,5240.0,5200.0,5200.0,32,166560.0,TQBR
2018-10-05,5160.0,5200.0,5100.0,5200.0,35,180500.0,TQBR
2018-10-08,5260.0,5280.0,5180.0,5180.0,11,57280.0,TQBR
2018-10-09,5200.0,5240.0,5200.0,5240.0,23,120320.0,TQBR
2018-10-10,5180.0,5220.0,5140.0,5140.0,17,87800.0,TQBR
2018-10-11,5100.0,5180.0,5040.0,5040.0,34,172400.0,TQBR
2018-10-12,5100.0,5200.0,5040.0,5100.0,44,225800.0,TQBR
2018-10-15,5080.0,5220.0,5060.0,5080.0,34,174320.0,TQBR
2018-10-16,5060.0,5260.0,5060.0,5260.0,13,67680.0,TQBR
2018-10-17,5220.0,5240.0,5140.0,5180.0,20,103980.0,TQBR
2018-10-18,5180.0,5240.0,5160.0,5220.0,15,77900.0,TQBR
2018-10-19,5160.0,5180.0,5120.0,5180.0,10,51440.0,TQBR
2018-10-22,5260.0,5320.0,5160.0,5220.0,20,105200.0,TQBR
2018-10-23,5200.0,5200.0,5060.0,5180.0,53,272240.0,TQBR
2018-10-24,5180.0,5200.0,5040.0,5080.0,49,250160.0,TQBR
2018-10-25,5120.0,5120.0,5080.0,5080.0,10,50920.0,TQBR
2018-10-26,5120.0,5120.0,5040.0,5080.0,27,137180.0,TQBR
2018-10-29,5120.0,5120.0,5080.0,5080.0,10,51040.0,TQBR
2018-10-30,5100.0,5100.0,5080.0,5080.0,12,61080.0,TQBR
2018-10-31,5100.0,5100.0,5020.0,5040.0,27,136200.0,TQBR
2018-11-01,5040.0,5180.0,5040.0,5100.0,33,168260.0,TQBR
2018-11-02,5120.0,5200.0,5080.0,5080.0,30,154540.0,TQBR
2018-11-06,5120.0,5160.0,5100.0,5160.0,63,322720.0,TQBR
2018-11-07,5200.0,5240.0,5100.0,5120.0,13,66960.0,TQBR
2018-11-08,5140.0,5240.0,5140.0,5140.0,35,181240.0,TQBR
2018-11-09,5160.0,5180.0,5160.0,5160.0,40,206800.0,TQBR
2018-11-12,5220.0,5240.0,5100.0,5140.0,52,268820.0,TQBR
2018-11-13,5180.0,5260.0,5140.0,5140.0,23,119580.0,TQBR
2018-11-14,5240.0,5240.0,5080.0,5160.0,35,180360.0,TQBR
2018-11-15,5160.0,5180.0,5160.0,5180.0,17,87940.0,TQBR
2018-11-16,5200.0,5200.0,5120.0,5120.0,8,41300.0,TQBR
2018-11-19,5160.0,5300.0,5060.0,5200.0,95,489900.0,TQBR
2018-11-20,5160.0,5220.0,5140.0,5180.0,24,124300.0,TQBR
2018-11-21,5180.0,5180.0,5040.0,5140.0,56,285040.0,TQBR
2018-11-22,5160.0,5180.0,5140.0,5160.0,15,77320.0,TQBR
2018-11-23,5120.0,5140.0,5000.0,5120.0,78,395000.0,TQBR
2018-11-26,5100.0,5120.0,5100.0,5120.0,11,56200.0,TQBR
2018-11-27,5080.0,5140.0,5060.0,5120.0,25,127420.0,TQBR
2018-11-28,5080.0,5100.0,5060.0,5100.0,10,50800.0,TQBR
2018-11-29,5120.0,5140.0,5080.0,5080.0,16,81780.0,TQBR
2018-11-30,5140.0,5140.0,5080.0,5080.0,38,193820.0,TQBR
2018-12-03,5120.0,5180.0,5120.0,5140.0,78,401660.0,TQBR
2018-12-04,5160.0,5180.0,5100.0,5160.0,40,205700.0,TQBR
2018-12-05,5140.0,5160.0,5100.0,5160.0,17,87300.0,TQBR
2018-12-06,5120.0,5140.0,5060.0,5120.0,38,193680.0,TQBR
2018-12-07,5120.0,5580.0,5100.0,5300.0,356,1906300.0,TQBR
2018-12-10,5360.0,5580.0,5160.0,5380.0,184,979540.0,TQBR
2018-12-11,5400.0,6420.0,5400.0,6140.0,900,5386480.0,TQBR
2018-12-12,6160.0,6960.0,6160.0,6300.0,806,5303720.0,TQBR
2018-12-13,6200.0,6260.0,5740.0,5980.0,460,2743600.0,TQBR
2018-12-14,6000.0,6280.0,5760.0,5820.0,276,1667040.0,TQBR
2018-12-17,5920.0,6120.0,5760.0,5780.0,93,547360.0,TQBR
2018-12-18,5840.0,5880.0,5640.0,5700.0,61,351800.0,TQBR
2018-12-19,5720.0,5780.0,5620.0,5780.0,65,371160.0,TQBR
2018-12-20,5700.0,5780.0,5640.0,5700.0,44,251680.0,TQBR
2018-12-21,5660.0,5740.0,5580.0,5700.0,83,470700.0,TQBR
2018-12-24,5620.0,5700.0,5620.0,5700.0,30,170300.0,TQBR
2018-12-25,5740.0,5780.0,5480.0,5580.0,193,1080500.0,TQBR
2018-12-26,5700.0,5700.0,5500.0,5620.0,54,303260.0,TQBR
2018-12-27,5700.0,5820.0,5560.0,5600.0,106,598860.0,TQBR
2018-12-28,5520.0,5660.0,5340.0,5600.0,46,254540.0,TQBR
2018-12-29,5580.0,5720.0,5580.0,5620.0,45,253460.0,TQBR
2019-01-03,5720.0,5920.0,5720.0,5820.0,71,414360.0,TQBR
2019-01-04,5800.0,5980.0,5760.0,5920.0,71,416400.0,TQBR
2019-01-08,5860.0,5900.0,5800.0,5880.0,50,292580.0,TQBR
2019-01-09,5900.0,5900.0,5820.0,5880.0,49,286940.0,TQBR
2019-01-10,5900.0,5920.0,5820.0,5860.0,48,282900.0,TQBR
2019-01-11,5860.0,5920.0,5840.0,5920.0,39,229400.0,TQBR
2019-01-14,5900.0,6000.0,5800.0,5920.0,68,403000.0,TQBR
2019-01-15,5960.0,5960.0,5880.0,5880.0,22,129940.0,TQBR
2019-01-16,5940.0,5960.0,5900.0,5920.0,22,130580.0,TQBR
2019-01-17,5940.0,5940.0,5740.0,5860.0,55,322080.0,TQBR
2019-01-18,5880.0,5900.0,5840.0,5860.0,18,105660.0,TQBR
2019-01-21,5860.0,5900.0,5820.0,5820.0,18,105340.0,TQBR
2019-01-22,5880.0,5920.0,5860.0,5920.0,91,537520.0,TQBR
2019-01-23,5920.0,5920.0,5820.0,5860.0,19,111700.0,TQBR
2019-01-24,5880.0,5880.0,5780.0,5800.0,87,507040.0,TQBR
2019-01-25,5840.0,5860.0,5780.0,5780.0,40,232420.0,TQBR
2019-01-28,5800.0,6020.0,5760.0,5820.0,72,422800.0,TQBR
2019-01-29,5880.0,5940.0,5840.0,5860.0,38,223560.0,TQBR
2019-01-30,5840.0,5880.0,5780.0,5840.0,46,268700.0,TQBR
2019-01-31,5900.0,5920.0,5800.0,5840.0,25,145920.0,TQBR
2019-02-01,5810.0,5920.0,5800.0,5870.0,21,122730.0,TQBR
2019-02-04,5920.0,5990.0,5890.0,5900.0,175,1034060.0,TQBR
2019-02-05,5960.0,6470.0,5950.0,6390.0,415,2589960.0,TQBR
2019-02-06,6280.0,6470.0,6170.0,6170.0,128,810500.0,TQBR
2019-02-07,6190.0,6430.0,6080.0,6400.0,62,385170.0,TQBR
2019-02-08,6280.0,6410.0,6180.0,6310.0,86,546630.0,TQBR
2019-02-11,6410.0,6410.0,6250.0,6270.0,48,305380.0,TQBR
2019-02-12,6400.0,6400.0,6230.0,6290.0,76,478370.0,TQBR
2019-02-13,6240.0,6350.0,6010.0,6150.0,81,502660.0,TQBR
2019-02-14,6180.0,6180.0,5990.0,6100.0,68,412330.0,TQBR
2019-02-15,6000.0,6110.0,5950.0,6100.0,41,247350.0,TQBR
2019-02-18,6080.0,6170.0,6030.0,6130.0,25,152470.0,TQBR
2019-02-19,6170.0,6790.0,6100.0,6400.0,420,2685330.0,TQBR
2019-02-20,6440.0,6700.0,6440.0,6580.0,292,1917510.0,TQBR
2019-02-21,6680.0,6680.0,6300.0,6460.0,320,2057410.0,TQBR
2019-02-22,6400.0,6400.0,6220.0,6340.0,78,489090.0,TQBR
2019-02-25,6460.0,6500.0,6270.0,6270.0,73,467610.0,TQBR
2019-02-26,6300.0,6300.0,6110.0,6260.0,81,499900.0,TQBR
2019-02-27,6200.0,6200.0,6190.0,6190.0,6,37150.0,TQBR
2019-02-28,6090.0,6120.0,5540.0,6060.0,154,911570.0,TQBR
2019-03-01,6170.0,6270.0,5960.0,6020.0,51,308300.0,TQBR
2019-03-04,6050.0,6050.0,5930.0,5990.0,22,131560.0,TQBR
2019-03-05,5910.0,6070.0,5910.0,5950.0,51,305880.0,TQBR
2019-03-06,5980.0,6180.0,5900.0,6000.0,95,572970.0,TQBR
2019-03-07,5950.0,6000.0,5950.0,5950.0,31,184780.0,TQBR
2019-03-11,5950.0,5980.0,5850.0,5910.0,39,230970.0,TQBR
2019-03-12,5850.0,5990.0,5850.0,5940.0,44,261180.0,TQBR
2019-03-13,6000.0,6030.0,5890.0,5890.0,29,172990.0,TQBR
2019-03-14,5890.0,5920.0,5850.0,5860.0,33,193700.0,TQBR
2019-03-15,5970.0,5970.0,5840.0,5840.0,33,194000.0,TQBR
2019-03-18,5880.0,5880.0,5650.0,5740.0,141,806760.0,TQBR
2019-03-19,5730.0,5870.0,5700.0,5780.0,64,368240.0,TQBR
2019-03-20,5840.0,5890.0,5720.0,5720.0,51,294490.0,TQBR
2019-03-21,5750.0,5900.0,5750.0,5770.0,43,250630.0,TQBR
2019-03-22,5790.0,5870.0,5730.0,5730.0,25,143980.0,TQBR
2019-03-25,5720.0,5990.0,5700.0,5740.0,85,495740.0,TQBR
2019-03-26,5810.0,5950.0,5680.0,5780.0,121,697040.0,TQBR
2019-03-27,5870.0,5870.0,5690.0,5790.0,69,395510.0,TQBR
2019-03-28,5780.0,5780.0,5650.0,5700.0,54,307640.0,TQBR
2019-03-29,5690.0,5700.0,5510.0,5580.0,167,935810.0,TQBR
2019-04-01,5640.0,5670.0,5470.0,5520.0,100,555570.0,TQBR
2019-04-02,5530.0,5600.0,5530.0,5600.0,17,94870.0,TQBR
2019-04-03,5600.0,5600.0,5480.0,5580.0,41,227220.0,TQBR
2019-04-04,5560.0,5600.0,5510.0,5540.0,21,116170.0,TQBR
2019-04-05,5630.0,5630.0,5500.0,5500.0,48,265520.0,TQBR
2019-04-08,5510.0,5600.0,5500.0,5600.0,50,276770.0,TQBR
2019-04-09,5550.0,5640.0,5550.0,5640.0,36,202620.0,TQBR
2019-04-10,5650.0,5660.0,5600.0,5600.0,24,135130.0,TQBR
2019-04-11,5560.0,5600.0,5530.0,5530.0,6,33290.0,TQBR
2019-04-12,5620.0,5640.0,5620.0,5640.0,14,78780.0,TQBR
2019-04-15,5650.0,5650.0,5500.0,5550.0,52,287440.0,TQBR
2019-04-16,5560.0,5580.0,5520.0,5550.0,30,166680.0,TQBR
2019-04-17,5580.0,5590.0,5540.0,5560.0,9,50100.0,TQBR
2019-04-18,5530.0,5530.0,5470.0,5490.0,70,384520.0,TQBR
2019-04-19,5480.0,5490.0,5470.0,5480.0,27,147770.0,TQBR
2019-04-22,5470.0,5530.0,5470.0,5500.0,31,170430.0,TQBR
2019-04-23,5460.0,5510.0,5460.0,5480.0,39,213560.0,TQBR
2019-04-24,5480.0,5520.0,5460.0,5520.0,13,71270.0,TQBR
2019-04-25,5500.0,5900.0,5480.0,5750.0,298,1705130.0,TQBR
2019-04-26,5780.0,5900.0,5600.0,5630.0,66,376550.0,TQBR
2019-04-29,5590.0,5680.0,5520.0,5680.0,56,312910.0,TQBR
2019-04-30,5700.0,5850.0,5700.0,5730.0,46,264420.0,TQBR
2019-05-02,5790.0,5810.0,5750.0,5750.0,16,92400.0,TQBR
2019-05-03,5850.0,5850.0,5700.0,5820.0,60,346860.0,TQBR
2019-05-06,5790.0,5850.0,5740.0,5810.0,28,162540.0,TQBR
2019-05-07,5830.0,5860.0,5790.0,5800.0,14,81510.0,TQBR
2019-05-08,5800.0,5800.0,5670.0,5700.0,26,148300.0,TQBR
2019-05-10,5710.0,5710.0,5710.0,5710.0,1,5710.0,TQBR
2019-05-13,5710.0,5740.0,5710.0,5740.0,6,34310.0,TQBR
2019-05-14,5780.0,5790.0,5660.0,5720.0,39,222410.0,TQBR
2019-05-15,5690.0,5830.0,5660.0,5670.0,25,143860.0,TQBR
2019-05-16,5710.0,5770.0,5700.0,5730.0,11,62950.0,TQBR
2019-05-17,5740.0,5740.0,5740.0,5740.0,1,5740.0,TQBR
2019-05-20,5810.0,5810.0,5570.0,5650.0,97,544690.0,TQBR
2019-05-21,5650.0,5650.0,5500.0,5590.0,110,610850.0,TQBR
2019-05-22,5640.0,5640.0,5500.0,5550.0,147,816480.0,TQBR
2019-05-23,5610.0,5610.0,5190.0,5370.0,432,2278940.0,TQBR
2019-05-24,5380.0,5450.0,5360.0,5380.0,73,394710.0,TQBR
2019-05-27,5370.0,5460.0,5250.0,5250.0,69,368720.0,TQBR
2019-05-28,5340.0,5370.0,5270.0,5270.0,66,350530.0,TQBR
2019-05-29,5330.0,5330.0,5050.0,5270.0,178,923760.0,TQBR
2019-05-30,5270.0,5380.0,5190.0,5370.0,92,487880.0,TQBR
2019-05-31,5380.0,5450.0,5320.0,5430.0,104,561690.0,TQBR
2019-06-03,5450.0,5500.0,5380.0,5430.0,51,277970.0,TQBR
2019-06-04,5410.0,5540.0,5380.0,5470.0,176,965740.0,TQBR
2019-06-05,5500.0,5570.0,5390.0,5390.0,147,806070.0,TQBR
2019-06-06,5370.0,5410.0,5260.0,5410.0,92,493140.0,TQBR
2019-06-07,5410.0,5500.0,5360.0,5490.0,51,279270.0,TQBR
2019-06-10,5450.0,5490.0,5380.0,5450.0,72,392240.0,TQBR
2019-06-11,5440.0,5470.0,5350.0,5440.0,90,486700.0,TQBR
2019-06-13,5470.0,5480.0,5360.0,5360.0,42,227270.0,TQBR
2019-06-14,5500.0,5500.0,5310.0,5390.0,113,607660.0,TQBR
2019-06-17,5390.0,5460.0,5360.0,5420.0,41,222160.0,TQBR
2019-06-18,5400.0,5500.0,5380.0,5410.0,108,587050.0,TQBR
2019-06-19,5400.0,5430.0,5370.0,5370.0,32,172800.0,TQBR
2019-06-20,5440.0,5460.0,5380.0,5460.0,39,211300.0,TQBR
2019-06-21,5400.0,5520.0,5400.0,5500.0,96,524550.0,TQBR
2019-06-24,5510.0,5760.0,5500.0,5690.0,205,1148040.0,TQBR
2019-06-25,5760.0,5990.0,5660.0,5900.0,272,1584690.0,TQBR
2019-06-26,5970.0,6060.0,5720.0,5920.0,346,2021990.0,TQBR
2019-06-27,6120.0,6220.0,6030.0,6150.0,369,2261470.0,TQBR
2019-06-28,6200.0,6270.0,6090.0,6170.0,217,1345330.0,TQBR
2019-07-01,6160.0,6160.0,5980.0,6020.0,232,1399560.0,TQBR
2019-07-02,6020.0,6020.0,5770.0,5820.0,177,1040570.0,TQBR
2019-07-03,5860.0,6130.0,5860.0,5960.0,165,995200.0,TQBR
2019-07-04,5910.0,6090.0,5830.0,6020.0,216,1285380.0,TQBR
2019-07-05,6130.0,6210.0,6000.0,6000.0,179,1087760.0,TQBR
2019-07-08,6020.0,6140.0,5940.0,6000.0,41,246760.0,TQBR
2019-07-09,6090.0,6090.0,5900.0,5900.0,98,585890.0,TQBR
2019-07-10,5950.0,6000.0,5890.0,6000.0,68,404590.0,TQBR
2019-07-11,6010.0,6020.0,5910.0,5940.0,28,166910.0,TQBR
2019-07-12,5890.0,5900.0,5850.0,5890.0,32,188180.0,TQBR
2019-07-15,5970.0,5970.0,5850.0,5880.0,76,447120.0,TQBR
2019-07-16,5880.0,5900.0,5670.0,5670.0,200,1156810.0,TQBR
2019-07-17,5700.0,6180.0,5700.0,5870.0,252,1488230.0,TQBR
2019-07-18,6000.0,6000.0,5800.0,5850.0,90,528120.0,TQBR
2019-07-19,5820.0,5980.0,5770.0,5930.0,129,756240.0,TQBR
2019-07-22,6030.0,6030.0,5820.0,5950.0,77,454540.0,TQBR
2019-07-23,6020.0,6100.0,5940.0,6100.0,107,645610.0,TQBR
2019-07-24,6150.0,6190.0,5980.0,6100.0,128,781390.0,TQBR
2019-07-25,6070.0,6070.0,6030.0,6030.0,43,259730.0,TQBR
2019-07-26,5950.0,6010.0,5940.0,6000.0,38,227690.0,TQBR
2019-07-29,6000.0,6000.0,5980.0,5980.0,76,455790.0,TQBR
2019-07-30,6000.0,6120.0,6000.0,6030.0,44,265250.0,TQBR
2019-07-31,6100.0,6120.0,6030.0,6030.0,95,578040.0,TQBR
2019-08-01,6020.0,6180.0,5990.0,6180.0,249,1521120.0,TQBR
2019-08-02,6220.0,6440.0,6080.0,6100.0,224,1388120.0,TQBR
2019-08-05,6130.0,6210.0,6060.0,6210.0,192,1181530.0,TQBR
2019-08-06,6070.0,6830.0,5500.0,6290.0,564,3589740.0,TQBR
2019-08-07,6290.0,6680.0,6290.0,6680.0,504,3311910.0,TQBR
2019-08-08,6630.0,7610.0,6630.0,6980.0,2099,14900880.0,TQBR
2019-08-09,7170.0,7600.0,7000.0,7160.0,1510,10999480.0,TQBR
2019-08-12,7240.0,7490.0,7180.0,7400.0,1128,8259510.0,TQBR
2019-08-13,7450.0,9350.0,7430.0,8400.0,6118,50606630.0,TQBR
2019-08-14,8490.0,9740.0,8430.0,9030.0,7959,71981540.0,TQBR
2019-08-15,9220.0,9430.0,7680.0,8270.0,6389,54767200.0,TQBR
2019-08-16,8280.0,8570.0,7320.0,7590.0,2891,22471190.0,TQBR
2019-08-19,7510.0,7650.0,7030.0,7080.0,2073,14902850.0,TQBR
2019-08-20,7100.0,7940.0,7100.0,7820.0,4978,38406950.0,TQBR
2019-08-21,7930.0,8000.0,7520.0,7620.0,1346,10413230.0,TQBR
2019-08-22,7750.0,7800.0,7420.0,7490.0,900,6836690.0,TQBR
2019-08-23,7500.0,7860.0,7230.0,7740.0,1147,8728400.0,TQBR
2019-08-26,7970.0,8370.0,7830.0,7940.0,2172,17411210.0,TQBR
2019-08-27,7970.0,8150.0,7820.0,7930.0,1206,9593020.0,TQBR
2019-08-28,7930.0,7930.0,7640.0,7800.0,993,7701220.0,TQBR
2019-08-29,7830.0,8050.0,7700.0,7750.0,547,4274390.0,TQBR
2019-08-30,7770.0,7790.0,7550.0,7630.0,738,5628010.0,TQBR
2019-09-02,7700.0,7780.0,7600.0,7680.0,452,3477260.0,TQBR
2019-09-03,7690.0,7740.0,7580.0,7620.0,443,3393800.0,TQBR
2019-09-04,7550.0,7630.0,7450.0,7510.0,524,3937980.0,TQBR
2019-09-05,7440.0,7740.0,7290.0,7340.0,671,4943700.0,TQBR
2019-09-06,7290.0,7360.0,7260.0,7270.0,366,2670840.0,TQBR
2019-09-09,7340.0,7650.0,7220.0,7430.0,692,5162430.0,TQBR
2019-09-10,7530.0,7550.0,7270.0,7310.0,494,3639640.0,TQBR
2019-09-11,7320.0,7430.0,7260.0,7370.0,415,3045470.0,TQBR
2019-09-12,7320.0,7420.0,7300.0,7360.0,288,2117110.0,TQBR
2019-09-13,7400.0,7410.0,7330.0,7360.0,175,1292840.0,TQBR
2019-09-16,7360.0,7470.0,7350.0,7420.0,572,4236730.0,TQBR
2019-09-17,7420.0,7450.0,7350.0,7380.0,383,2840640.0,TQBR
2019-09-18,7410.0,10310.0,7350.0,7670.0,1851,14279430.0,TQBR
2019-09-19,7730.0,7750.0,7450.0,7550.0,630,4783180.0,TQBR
2019-09-20,7620.0,7700.0,7560.0,7560.0,131,996590.0,TQBR
2019-09-23,7670.0,7760.0,7540.0,7650.0,422,3228650.0,TQBR
2019-09-24,7650.0,7650.0,7470.0,7650.0,322,2441450.0,TQBR
2019-09-25,7600.0,7690.0,7430.0,7660.0,495,3758900.0,TQBR
2019-09-26,7650.0,7650.0,7500.0,7550.0,269,2035110.0,TQBR
2019-09-27,7630.0,7640.0,7420.0,7490.0,344,2582410.0,TQBR
2019-09-30,7410.0,7500.0,7310.0,7350.0,364,2687210.0,TQBR
2019-10-01,7350.0,7430.0,7250.0,7430.0,222,1632720.0,TQBR
2019-10-02,7450.0,7470.0,7310.0,7450.0,165,1220420.0,TQBR
2019-10-03,7450.0,7490.0,7300.0,7380.0,140,1031910.0,TQBR
2019-10-04,7420.0,7420.0,7310.0,7350.0,66,485290.0,TQBR
2019-10-07,7410.0,7500.0,7330.0,7360.0,96,710130.0,TQBR
2019-10-08,7400.0,7440.0,7340.0,7370.0,77,567690.0,TQBR
2019-10-09,7350.0,7430.0,7290.0,7300.0,190,1397910.0,TQBR
2019-10-10,7280.0,7340.0,6950.0,7120.0,526,3756770.0,TQBR
2019-10-11,7140.0,7140.0,4280.0,6640.0,1761,11161670.0,TQBR
2019-10-14,6710.0,6900.0,6670.0,6770.0,374,2529860.0,TQBR
2019-10-15,6850.0,6880.0,6690.0,6720.0,185,1249240.0,TQBR
2019-10-16,6720.0,6840.0,6650.0,6800.0,323,2182740.0,TQBR
2019-10-17,6850.0,6890.0,6750.0,6790.0,159,1083220.0,TQBR
2019-10-18,6850.0,6870.0,6780.0,6840.0,103,702940.0,TQBR
2019-10-21,6810.0,6860.0,6800.0,6830.0,217,1480010.0,TQBR
2019-10-22,6880.0,6880.0,6700.0,6730.0,363,2456390.0,TQBR
2019-10-23,6730.0,6780.0,6650.0,6670.0,172,1158170.0,TQBR
2019-10-24,6750.0,6770.0,6660.0,6760.0,162,1090250.0,TQBR
2019-10-25,6850.0,6850.0,6710.0,6750.0,150,1015160.0,TQBR
2019-10-28,6850.0,6880.0,6750.0,6750.0,176,1196120.0,TQBR
2019-10-29,6750.0,6800.0,6700.0,6750.0,77,520570.0,TQBR
2019-10-30,6830.0,6830.0,6720.0,6770.0,182,1229980.0,TQBR
2019-10-31,6800.0,6800.0,6500.0,6620.0,455,3050760.0,TQBR
2019-11-01,6700.0,6820.0,6650.0,6730.0,624,4193680.0,TQBR
2019-11-05,6720.0,6800.0,6670.0,6740.0,368,2482530.0,TQBR
2019-11-06,6740.0,6790.0,6690.0,6740.0,123,829010.0,TQBR
2019-11-07,6740.0,6800.0,6730.0,6730.0,201,1359960.0,TQBR
2019-11-08,6750.0,6750.0,6680.0,6690.0,150,1006770.0,TQBR
2019-11-11,6710.0,6790.0,6690.0,6690.0,129,868280.0,TQBR
2019-11-12,6740.0,6770.0,6680.0,6730.0,180,1207540.0,TQBR
2019-11-13,6700.0,6740.0,6610.0,6700.0,112,747950.0,TQBR
2019-11-14,6730.0,6780.0,6660.0,6700.0,146,980870.0,TQBR
2019-11-15,6700.0,6720.0,6650.0,6720.0,59,394250.0,TQBR
2019-11-18,6720.0,6750.0,6650.0,6710.0,117,784910.0,TQBR
2019-11-19,6730.0,6830.0,6650.0,6710.0,293,1969160.0,TQBR
2019-11-20,6720.0,6720.0,6670.0,6700.0,156,1044780.0,TQBR
2019-11-21,6730.0,6730.0,6680.0,6710.0,40,267420.0,TQBR
2019-11-22,6700.0,6890.0,6700.0,6800.0,222,1508020.0,TQBR
2019-11-25,6850.0,6900.0,6710.0,6710.0,150,1016880.0,TQBR
2019-11-26,6740.0,6740.0,6710.0,6740.0,49,329850.0,TQBR
2019-11-27,6720.0,6770.0,6720.0,6770.0,34,229540.0,TQBR
2019-11-28,6720.0,6770.0,6710.0,6730.0,36,242200.0,TQBR
2019-11-29,6700.0,6750.0,6700.0,6710.0,49,328580.0,TQBR
2019-12-02,6770.0,6770.0,6680.0,6710.0,43,289260.0,TQBR
2019-12-03,6700.0,6750.0,6670.0,6710.0,180,1206400.0,TQBR
2019-12-04,6720.0,6770.0,6700.0,6700.0,252,1695950.0,TQBR
2019-12-05,6750.0,6760.0,6670.0,6680.0,120,804960.0,TQBR
2019-12-06,6740.0,6770.0,6670.0,6690.0,60,401380.0,TQBR
2019-12-09,6660.0,6800.0,6650.0,6690.0,220,1482450.0,TQBR
2019-12-10,6670.0,6790.0,6650.0,6700.0,118,797220.0,TQBR
2019-12-11,6720.0,6900.0,6720.0,6800.0,243,1654080.0,TQBR
2019-12-12,6810.0,6820.0,6700.0,6790.0,278,1882780.0,TQBR
2019-12-13,6870.0,6870.0,6710.0,6720.0,214,1452620.0,TQBR
2019-12-16,6710.0,6800.0,6700.0,6730.0,67,452010.0,TQBR
2019-12-17,6730.0,6780.0,6690.0,6710.0,121,812670.0,TQBR
2019-12-18,6710.0,6800.0,6640.0,6710.0,378,2529100.0,TQBR
2019-12-19,6760.0,6760.0,6650.0,6700.0,295,1968870.0,TQBR
2019-12-20,6680.0,6780.0,6670.0,6710.0,93,624460.0,TQBR
2019-12-23,6710.0,6780.0,6700.0,6700.0,97,652380.0,TQBR
2019-12-24,6680.0,6740.0,6650.0,6740.0,105,704690.0,TQBR
2019-12-25,6710.0,6770.0,6680.0,6700.0,195,1307990.0,TQBR
2019-12-26,6720.0,6810.0,6680.0,6770.0,199,1345390.0,TQBR
2019-12-27,6800.0,6940.0,6770.0,6770.0,592,4037130.0,TQBR
2019-12-30,6750.0,6900.0,6740.0,6800.0,321,2190910.0,TQBR
2020-01-03,6890.0,7500.0,6880.0,7260.0,836,6030420.0,TQBR
2020-01-06,7260.0,8870.0,7260.0,8140.0,5461,44942650.0,TQBR
2020-01-08,8500.0,8710.0,8230.0,8330.0,2994,25297490.0,TQBR
2020-01-09,8170.0,8190.0,7390.0,7790.0,2728,21016490.0,TQBR
2020-01-10,7870.0,7880.0,7660.0,7710.0,494,3810920.0,TQBR
2020-01-13,7530.0,8220.0,7470.0,8150.0,1486,11688740.0,TQBR
2020-01-14,8150.0,8150.0,7940.0,8010.0,715,5747910.0,TQBR
2020-01-15,8180.0,8180.0,7940.0,7950.0,257,2057250.0,TQBR
2020-01-16,7940.0,8050.0,7840.0,7910.0,423,3351520.0,TQBR
2020-01-17,7990.0,8020.0,7810.0,7930.0,393,3124460.0,TQBR
2020-01-20,8040.0,8040.0,7910.0,7970.0,369,2945400.0,TQBR
2020-01-21,8030.0,8040.0,7920.0,7950.0,185,1478380.0,TQBR
2020-01-22,7950.0,7990.0,7750.0,7950.0,480,3792900.0,TQBR
2020-01-23,8000.0,8020.0,7910.0,7940.0,375,2987580.0,TQBR
2020-01-24,7950.0,8000.0,7810.0,7970.0,179,1415120.0,TQBR
2020-01-27,8040.0,8370.0,7930.0,8370.0,2350,19326450.0,TQBR
2020-01-28,8340.0,8560.0,8030.0,8170.0,1563,12836640.0,TQBR
2020-01-29,8170.0,8250.0,8080.0,8150.0,683,5574520.0,TQBR
2020-01-30,8190.0,8290.0,8110.0,8240.0,674,5532270.0,TQBR
2020-01-31,8190.0,8230.0,8100.0,8190.0,544,4439250.0,TQBR
2020-02-03,8200.0,8400.0,8140.0,8200.0,743,6120650.0,TQBR
2020-02-04,8210.0,8290.0,8050.0,8070.0,514,4194250.0,TQBR
2020-02-05,8110.0,8250.0,7990.0,8080.0,487,3926000.0,TQBR
2020-02-06,7980.0,8150.0,7950.0,8090.0,251,2021340.0,TQBR
2020-02-07,8090.0,8190.0,8040.0,8050.0,316,2565050.0,TQBR
2020-02-10,8090.0,8140.0,8060.0,8110.0,232,1876770.0,TQBR
2020-02-11,8080.0,8110.0,7940.0,8050.0,319,2563100.0,TQBR
2020-02-12,8050.0,8080.0,8000.0,8050.0,230,1848790.0,TQBR
2020-02-13,8000.0,8160.0,8000.0,8100.0,399,3230110.0,TQBR
2020-02-14,8070.0,8110.0,8040.0,8060.0,164,1325350.0,TQBR
2020-02-17,8060.0,8100.0,8020.0,8090.0,238,1919860.0,TQBR
2020-02-18,8100.0,8140.0,8080.0,8100.0,368,2984550.0,TQBR
2020-02-19,8130.0,8230.0,8000.0,8030.0,445,3618170.0,TQBR
2020-02-20,8000.0,8150.0,8000.0,8080.0,176,1424500.0,TQBR
2020-02-21,8150.0,8450.0,8140.0,8280.0,1554,12880670.0,TQBR
2020-02-25,8400.0,8600.0,8270.0,8450.0,1580,13325020.0,TQBR
2020-02-26,8490.0,8570.0,8140.0,8220.0,1292,10778910.0,TQBR
2020-02-27,8280.0,8390.0,8150.0,8320.0,1024,8466230.0,TQBR
2020-02-28,8210.0,8260.0,7280.0,7480.0,2603,20106130.0,TQBR
2020-03-02,7510.0,7760.0,7300.0,7410.0,1000,7540130.0,TQBR
2020-03-03,7490.0,7680.0,7390.0,7500.0,565,4234600.0,TQBR
2020-03-04,7510.0,7550.0,7400.0,7490.0,374,2801860.0,TQBR
2020-03-05,7490.0,7650.0,7380.0,7450.0,527,3931080.0,TQBR
2020-03-06,7520.0,7560.0,7310.0,7420.0,1397,10413760.0,TQBR
2020-03-10,7000.0,7590.0,6810.0,7290.0,1096,8010850.0,TQBR
2020-03-11,7390.0,7390.0,7070.0,7220.0,419,3020460.0,TQBR
2020-03-12,7030.0,7030.0,6100.0,6280.0,1128,7465570.0,TQBR
2020-03-13,6090.0,6610.0,6080.0,6400.0,536,3391820.0,TQBR
2020-03-16,6390.0,6390.0,5510.0,5830.0,631,3793320.0,TQBR
2020-03-17,5870.0,6360.0,5720.0,6100.0,994,6089330.0,TQBR
2020-03-18,6070.0,6630.0,6070.0,6240.0,683,4279080.0,TQBR
2020-03-19,6300.0,6660.0,6210.0,6370.0,1147,7302370.0,TQBR
2020-03-20,6660.0,6660.0,6230.0,6440.0,454,2972070.0,TQBR
2020-03-23,6300.0,8000.0,6230.0,6970.0,1659,11703350.0,TQBR
2020-03-24,7060.0,7480.0,7060.0,7220.0,1194,8647640.0,TQBR
2020-03-25,7320.0,7700.0,7100.0,7250.0,1151,8456180.0,TQBR
2020-03-26,7320.0,7950.0,7100.0,7770.0,2454,18894280.0,TQBR
2020-03-27,7940.0,8500.0,7350.0,7660.0,2641,21176750.0,TQBR
2020-03-30,7810.0,8400.0,7810.0,8300.0,2917,24058400.0,TQBR
2020-03-31,8400.0,8890.0,8300.0,8540.0,3512,30168840.0,TQBR
2020-04-01,8750.0,8750.0,8000.0,8540.0,1630,13918910.0,TQBR
2020-04-02,8310.0,8460.0,8130.0,8390.0,1069,8894010.0,TQBR
2020-04-03,8350.0,8400.0,8100.0,8170.0,1048,8585040.0,TQBR
2020-04-06,8280.0,8380.0,8050.0,8290.0,828,6826950.0,TQBR
2020-04-07,8400.0,8500.0,8150.0,8260.0,907,7595100.0,TQBR
2020-04-08,8100.0,8340.0,8100.0,8200.0,368,3017320.0,TQBR
2020-04-09,8200.0,8210.0,8080.0,8180.0,753,6140110.0,TQBR
2020-04-10,8180.0,8300.0,8090.0,8280.0,714,5900810.0,TQBR
2020-04-13,8250.0,8340.0,8150.0,8320.0,607,5016740.0,TQBR
2020-04-14,8400.0,9080.0,8280.0,8710.0,3058,26309360.0,TQBR
2020-04-15,8620.0,9650.0,8620.0,9100.0,5500,50685240.0,TQBR
2020-04-16,9100.0,9450.0,9100.0,9260.0,2149,20002970.0,TQBR
2020-04-17,9160.0,9250.0,8500.0,8860.0,4281,37825570.0,TQBR
2020-04-20,8820.0,8820.0,8560.0,8730.0,1109,9616720.0,TQBR
2020-04-21,8820.0,9300.0,8400.0,8840.0,2416,21361200.0,TQBR
2020-04-22,8870.0,9000.0,8550.0,8850.0,1755,15524270.0,TQBR
2020-04-23,8900.0,9090.0,8860.0,8940.0,1225,10926160.0,TQBR
2020-04-24,8880.0,8940.0,8640.0,8840.0,1089,9609210.0,TQBR
2020-04-27,8940.0,8940.0,8670.0,8760.0,910,8023360.0,TQBR
2020-04-28,8850.0,8850.0,8640.0,8660.0,666,5786920.0,TQBR
2020-04-29,8660.0,8700.0,8420.0,8550.0,841,7195820.0,TQBR
2020-04-30,8590.0,8590.0,8350.0,8530.0,714,6030410.0,TQBR
2020-05-04,8700.0,8790.0,8480.0,8530.0,762,6574060.0,TQBR
2020-05-05,8590.0,8590.0,8360.0,8490.0,308,2609270.0,TQBR
2020-05-06,8430.0,8560.0,8370.0,8420.0,302,2560850.0,TQBR
2020-05-07,8490.0,8530.0,8400.0,8440.0,186,1569070.0,TQBR
2020-05-08,8340.0,8490.0,8240.0,8430.0,433,3637140.0,TQBR
2020-05-12,8390.0,8470.0,8310.0,8380.0,188,1573460.0,TQBR
2020-05-13,8310.0,8600.0,8250.0,8470.0,459,3892890.0,TQBR
2020-05-14,8600.0,8660.0,8400.0,8660.0,595,5095850.0,TQBR
2020-05-15,8660.0,8700.0,8430.0,8530.0,412,3538660.0,TQBR
2020-05-18,8660.0,8820.0,8570.0,8610.0,472,4072010.0,TQBR
2020-05-19,8540.0,8560.0,8470.0,8530.0,495,4211670.0,TQBR
2020-05-20,8610.0,8650.0,8510.0,8630.0,782,6711380.0,TQBR
2020-05-21,8650.0,8700.0,8520.0,8590.0,518,4456320.0,TQBR
2020-05-22,8760.0,8760.0,8470.0,8560.0,563,4815860.0,TQBR
2020-05-25,8690.0,8690.0,8460.0,8550.0,455,3882680.0,TQBR
2020-05-26,8470.0,8690.0,8470.0,8500.0,1430,12252710.0,TQBR
2020-05-27,8650.0,8650.0,8450.0,8620.0,1094,9363120.0,TQBR
2020-05-28,8620.0,8750.0,8590.0,8680.0,711,6157090.0,TQBR
2020-05-29,8740.0,8740.0,8620.0,8690.0,593,5147250.0,TQBR
2020-06-01,8730.0,8730.0,8640.0,8690.0,378,3279860.0,TQBR
2020-06-02,8800.0,8800.0,8650.0,8680.0,262,2276490.0,TQBR
2020-06-03,8710.0,8710.0,8390.0,8570.0,666,5681050.0,TQBR
2020-06-04,8750.0,8750.0,8340.0,8490.0,626,5362310.0,TQBR
2020-06-05,8350.0,8510.0,8000.0,8170.0,1048,8608730.0,TQBR
2020-06-08,8180.0,8300.0,8160.0,8210.0,407,3355070.0,TQBR
2020-06-09,8290.0,8470.0,8220.0,8430.0,755,6307580.0,TQBR
2020-06-10,8490.0,8490.0,8380.0,8440.0,313,2641430.0,TQBR
2020-06-11,8490.0,8680.0,8410.0,8580.0,548,4661080.0,TQBR
2020-06-15,8670.0,8790.0,8360.0,8400.0,930,7878340.0,TQBR
2020-06-16,8410.0,8450.0,8380.0,8440.0,190,1600250.0,TQBR
2020-06-17,8570.0,8570.0,8410.0,8540.0,250,2115230.0,TQBR
2020-06-18,8640.0,8670.0,8410.0,8570.0,258,2202330.0,TQBR
2020-06-19,8550.0,8680.0,8440.0,8540.0,295,2521130.0,TQBR
2020-06-22,8630.0,8680.0,8520.0,8550.0,201,1717410.0,TQBR
2020-06-23,8660.0,8660.0,8470.0,8540.0,252,2150620.0,TQBR
2020-06-25,8610.0,8610.0,8440.0,8540.0,153,1304530.0,TQBR
2020-06-26,8530.0,8580.0,8430.0,8510.0,285,2423170.0,TQBR
2020-06-29,8650.0,8650.0,8470.0,8550.0,312,2662140.0,TQBR
2020-06-30,8590.0,8590.0,8480.0,8550.0,300,2558460.0,TQBR
2020-07-02,8510.0,8620.0,8460.0,8540.0,427,3653760.0,TQBR
2020-07-03,8590.0,8740.0,8500.0,8740.0,769,6623550.0,TQBR
2020-07-06,8790.0,8880.0,8610.0,8750.0,1017,8878930.0,TQBR
2020-07-07,8880.0,9220.0,8710.0,9100.0,3122,28309590.0,TQBR
2020-07-08,9150.0,9550.0,9050.0,9550.0,2454,23004930.0,TQBR
2020-07-09,9580.0,12990.0,9340.0,11450.0,16492,181531100.0,TQBR
2020-07-10,11350.0,13440.0,10700.0,12160.0,17147,215898030.0,TQBR
2020-07-13,12100.0,12540.0,11070.0,11660.0,5610,66665620.0,TQBR
2020-07-14,11430.0,11650.0,10670.0,11100.0,3224,35651390.0,TQBR
2020-07-15,11300.0,12850.0,10960.0,12120.0,10083,123027610.0,TQBR
2020-07-16,11900.0,12300.0,11200.0,11810.0,4007,47577160.0,TQBR
2020-07-17,11900.0,12440.0,11880.0,11990.0,887,10670270.0,TQBR
2020-07-20,12010.0,12330.0,11940.0,11970.0,1379,16612040.0,TQBR
2020-07-21,12030.0,12100.0,11550.0,11900.0,1259,14948400.0,TQBR
2020-07-22,12000.0,12150.0,11860.0,12000.0,867,10418490.0,TQBR
2020-07-23,12420.0,12500.0,12020.0,12200.0,2665,32317710.0,TQBR
2020-07-24,12210.0,12900.0,12150.0,12540.0,4551,57322760.0,TQBR
2020-07-27,12790.0,17420.0,12580.0,16550.0,34772,543822720.0,TQBR
2020-07-28,16880.0,20380.0,16420.0,18750.0,34539,644964190.0,TQBR
2020-07-29,19500.0,20000.0,17870.0,18300.0,8959,169918830.0,TQBR
2020-07-30,18410.0,18620.0,17010.0,17290.0,4403,77084750.0,TQBR
2020-07-31,18990.0,19450.0,17900.0,18600.0,7343,137193580.0,TQBR
2020-08-03,18790.0,18800.0,18100.0,18480.0,1847,34080430.0,TQBR
2020-08-04,18400.0,18500.0,17800.0,18160.0,2002,36205300.0,TQBR
2020-08-05,19100.0,19340.0,18400.0,18670.0,4603,86158040.0,TQBR
2020-08-06,18680.0,18830.0,18300.0,18750.0,3602,67196180.0,TQBR
2020-08-07,18570.0,18700.0,17900.0,18200.0,1778,32512540.0,TQBR
2020-08-10,18340.0,18340.0,17910.0,18130.0,1212,21968390.0,TQBR
2020-08-11,17700.0,17700.0,16710.0,16930.0,3118,53497870.0,TQBR
2020-08-12,16900.0,17800.0,16020.0,17140.0,2811,48028660.0,TQBR
2020-08-13,17570.0,17700.0,17100.0,17570.0,1024,17857610.0,TQBR
2020-08-14,17680.0,18200.0,17570.0,17790.0,1048,18773730.0,TQBR
2020-08-17,19000.0,19190.0,18230.0,18580.0,9559,177985380.0,TQBR
2020-08-18,18690.0,18690.0,18380.0,18460.0,2527,46970360.0,TQBR
2020-08-19,18420.0,18490.0,18270.0,18440.0,1234,22699320.0,TQBR
2020-08-20,18380.0,18400.0,18300.0,18320.0,648,11897130.0,TQBR
2020-08-21,18330.0,18380.0,18220.0,18320.0,622,11377260.0,TQBR
2020-08-24,18440.0,18440.0,18280.0,18360.0,784,14365270.0,TQBR
2020-08-25,18250.0,18360.0,18230.0,18290.0,534,9764230.0,TQBR
2020-08-26,18200.0,18200.0,17830.0,18140.0,916,16497800.0,TQBR
2020-08-27,18190.0,18190.0,17960.0,18000.0,537,9696260.0,TQBR
2020-08-28,18030.0,18120.0,17910.0,18000.0,705,12679530.0,TQBR
2020-08-31,18030.0,18030.0,17890.0,17890.0,469,8416430.0,TQBR
2020-09-01,17870.0,18180.0,17870.0,17920.0,1146,20737050.0,TQBR
2020-09-02,17940.0,18040.0,17800.0,17840.0,299,5346160.0,TQBR
2020-09-03,17830.0,18170.0,17810.0,17930.0,520,9345920.0,TQBR
2020-09-04,17970.0,18150.0,17930.0,18030.0,476,8585490.0,TQBR
2020-09-07,18120.0,18130.0,17980.0,18070.0,282,5098910.0,TQBR
2020-09-08,18070.0,18090.0,17930.0,18020.0,260,4684590.0,TQBR
2020-09-09,18060.0,18100.0,17830.0,18100.0,402,7236340.0,TQBR
2020-09-10,18100.0,18130.0,18010.0,18100.0,224,4041000.0,TQBR
2020-09-11,17950.0,18160.0,17940.0,18090.0,351,6351950.0,TQBR
2020-09-14,18200.0,18200.0,18050.0,18060.0,197,3566490.0,TQBR
2020-09-15,18130.0,18200.0,18050.0,18130.0,367,6659010.0,TQBR
2020-09-16,18260.0,18540.0,18190.0,18420.0,795,14600910.0,TQBR
2020-09-17,18430.0,18600.0,18410.0,18550.0,529,9793650.0,TQBR
2020-09-18,18560.0,18660.0,18470.0,18470.0,317,5886700.0,TQBR
2020-09-21,18580.0,18600.0,18110.0,18150.0,675,12357920.0,TQBR
2020-09-22,18130.0,18960.0,18130.0,18590.0,3548,66044000.0,TQBR
2020-09-23,18600.0,18720.0,18440.0,18500.0,1137,21150210.0,TQBR
2020-09-24,18510.0,18700.0,18480.0,18550.0,464,8597220.0,TQBR
2020-09-25,18740.0,18740.0,18430.0,18500.0,509,9431950.0,TQBR
2020-09-28,18560.0,18600.0,18250.0,18590.0,476,8788410.0,TQBR
2020-09-29,18500.0,18600.0,18430.0,18430.0,240,4433130.0,TQBR
2020-09-30,18530.0,18790.0,18510.0,18750.0,775,14486080.0,TQBR
2020-10-01,18850.0,18900.0,18720.0,18830.0,749,14092810.0,TQBR
2020-10-02,18890.0,18940.0,18800.0,18850.0,2798,52877640.0,TQBR
2020-10-05,18950.0,18950.0,18720.0,18750.0,253,4753200.0,TQBR
2020-10-06,18780.0,18870.0,18780.0,18810.0,248,4667580.0,TQBR
2020-10-07,18890.0,18910.0,18810.0,18840.0,1033,19498970.0,TQBR
2020-10-08,18840.0,19100.0,18840.0,19100.0,1041,19746940.0,TQBR
2020-10-09,19140.0,19190.0,18910.0,19050.0,771,14714580.0,TQBR
2020-10-12,19060.0,19100.0,19040.0,19050.0,1522,29050960.0,TQBR
2020-10-13,19110.0,19300.0,19060.0,19140.0,2843,54418120.0,TQBR
2020-10-14,19210.0,19260.0,19140.0,19220.0,517,9932910.0,TQBR
2020-10-15,19250.0,19280.0,19200.0,19260.0,516,9928020.0,TQBR
2020-10-16,19300.0,19350.0,19250.0,19290.0,1168,22557450.0,TQBR
2020-10-19,19250.0,19370.0,19250.0,19330.0,325,6282850.0,TQBR
2020-10-20,19330.0,19380.0,19310.0,19330.0,851,16462770.0,TQBR
2020-10-21,19380.0,19470.0,18840.0,19350.0,337,6505870.0,TQBR
2020-10-22,19370.0,19400.0,19350.0,19380.0,517,10020230.0,TQBR
2020-10-23,19390.0,19400.0,19370.0,19400.0,176,3411360.0,TQBR
2020-10-26,19420.0,19420.0,19330.0,19400.0,1480,28705120.0,TQBR
2020-10-27,19450.0,19450.0,19320.0,19350.0,176,3403260.0,TQBR
2020-10-28,19370.0,19440.0,19280.0,19320.0,536,10370180.0,TQBR
2020-10-29,19280.0,19350.0,19090.0,19330.0,316,6091780.0,TQBR
2020-10-30,19340.0,19350.0,19280.0,19350.0,293,5654700.0,TQBR
2020-11-02,19320.0,19460.0,19320.0,19360.0,239,4631340.0,TQBR
2020-11-03,19450.0,19460.0,19340.0,19350.0,184,3568240.0,TQBR
2020-11-05,19370.0,19450.0,19370.0,19380.0,149,2890760.0,TQBR
2020-11-06,19450.0,19460.0,19370.0,19450.0,253,4915350.0,TQBR
2020-11-09,19370.0,19700.0,19370.0,19390.0,650,12644190.0,TQBR
2020-11-10,19370.0,19520.0,19360.0,19390.0,194,3766900.0,TQBR
2020-11-11,19400.0,19490.0,19390.0,19390.0,92,1786440.0,TQBR
2020-11-12,19410.0,19450.0,19390.0,19390.0,176,3413610.0,TQBR
2020-11-13,19400.0,19430.0,19390.0,19400.0,33,640210.0,TQBR
2020-11-16,19500.0,19500.0,19380.0,19400.0,172,3336410.0,TQBR
2020-11-17,19550.0,19550.0,19380.0,19470.0,187,3629030.0,TQBR
2020-11-18,19370.0,19510.0,19370.0,19400.0,42,814580.0,TQBR
2020-11-19,19410.0,19410.0,19360.0,19380.0,42,813570.0,TQBR
2020-11-20,19380.0,19400.0,19340.0,19340.0,89,1722560.0,TQBR
2020-11-23,19400.0,19400.0,19250.0,19350.0,321,6199080.0,TQBR
2020-11-24,19360.0,19360.0,19260.0,19340.0,204,3933240.0,TQBR
2020-11-25,19320.0,19380.0,19050.0,19250.0,1259,24076260.0,TQBR
2020-11-26,19350.0,19580.0,19350.0,19400.0,715,13874340.0,TQBR
2020-11-27,19380.0,19420.0,19300.0,19400.0,186,3607680.0,TQBR
2020-11-30,19320.0,19540.0,19260.0,19430.0,184,3567340.0,TQBR
2020-12-01,19350.0,19440.0,19350.0,19430.0,98,1901350.0,TQBR
2020-12-02,19360.0,19440.0,19360.0,19440.0,260,5045010.0,TQBR
2020-12-03,19400.0,19500.0,19350.0,19400.0,66,1279160.0,TQBR
2020-12-04,19410.0,19500.0,19330.0,19330.0,179,3465920.0,TQBR
2020-12-07,19490.0,19490.0,19340.0,19350.0,40,775650.0,TQBR
2020-12-08,19370.0,19430.0,19360.0,19370.0,80,1550350.0,TQBR
2020-12-09,19390.0,19410.0,19350.0,19350.0,319,6187670.0,TQBR
2020-12-10,19360.0,19410.0,19350.0,19410.0,58,1123180.0,TQBR
2020-12-11,19400.0,19440.0,19350.0,19400.0,191,3705110.0,TQBR
2020-12-14,19400.0,19450.0,19350.0,19450.0,152,2953160.0,TQBR
2020-12-15,19390.0,19490.0,19300.0,19300.0,54,1047440.0,TQBR
2020-12-16,19260.0,19410.0,19150.0,19250.0,49,943600.0,TQBR
2020-12-17,19380.0,19390.0,19150.0,19150.0,37,711890.0,TQBR
2020-12-18,19170.0,19370.0,19010.0,19120.0,102,1957370.0,TQBR
2020-12-21,19270.0,19270.0,18720.0,18820.0,161,3055350.0,TQBR
2020-12-22,18730.0,19230.0,18710.0,18820.0,97,1830600.0,TQBR
2020-12-23,18950.0,19220.0,18730.0,18800.0,129,2445550.0,TQBR
2020-12-24,18790.0,18790.0,18000.0,18200.0,245,4503150.0,TQBR
2020-12-25,18040.0,18260.0,18030.0,18200.0,115,2085890.0,TQBR
2020-12-28,18080.0,18140.0,18000.0,18000.0,256,4619590.0,TQBR
2020-12-29,18120.0,18120.0,17560.0,17700.0,303,5376240.0,TQBR
2020-12-30,17600.0,18790.0,17550.0,18420.0,471,8620170.0,TQBR
2021-01-04,18450.0,18600.0,18100.0,18170.0,484,8908660.0,TQBR
2021-01-05,18450.0,18790.0,18310.0,18520.0,310,5757430.0,TQBR
2021-01-06,18800.0,19570.0,18600.0,18850.0,497,9449080.0,TQBR
2021-01-08,19210.0,19400.0,18530.0,19030.0,360,6842960.0,TQBR
2021-01-11,19070.0,19350.0,18980.0,19120.0,252,4852340.0,TQBR
2021-01-12,19010.0,19380.0,19010.0,19030.0,143,2736870.0,TQBR
2021-01-13,19000.0,19190.0,18470.0,18960.0,77,1456380.0,TQBR
2021-01-14,19170.0,19170.0,18700.0,18900.0,61,1150570.0,TQBR
2021-01-15,19250.0,19300.0,18170.0,18300.0,433,8065950.0,TQBR
2021-01-18,18350.0,18790.0,18330.0,18620.0,84,1560620.0,TQBR
2021-01-19,18790.0,19000.0,18740.0,18800.0,108,2042490.0,TQBR
2021-01-20,18790.0,19000.0,18720.0,18900.0,48,906010.0,TQBR
2021-01-21,18810.0,18960.0,18200.0,18590.0,199,3696180.0,TQBR
2021-01-22,18790.0,18950.0,18530.0,18540.0,117,2195690.0,TQBR
2021-01-25,18250.0,18940.0,18250.0,18700.0,94,1760780.0,TQBR
2021-01-26,18820.0,18850.0,18420.0,18610.0,75,1394830.0,TQBR
2021-01-27,18610.0,18790.0,18610.0,18650.0,54,1008830.0,TQBR
2021-01-28,18540.0,18540.0,18200.0,18490.0,110,2020280.0,TQBR
2021-01-29,18400.0,18800.0,18230.0,18650.0,59,1095960.0,TQBR
2021-02-01,18790.0,19680.0,18650.0,18770.0,847,16154570.0,TQBR
2021-02-02,18870.0,18870.0,18500.0,18510.0,179,3332170.0,TQBR
2021-02-03,18940.0,19030.0,18600.0,18690.0,177,3319920.0,TQBR
2021-02-04,18610.0,18750.0,18230.0,18450.0,57,1055130.0,TQBR
2021-02-05,18400.0,18790.0,18360.0,18540.0,94,1743780.0,TQBR
2021-02-08,18720.0,18760.0,18370.0,18520.0,65,1205380.0,TQBR
2021-02-09,18530.0,18550.0,18230.0,18360.0,106,1951610.0,TQBR
2021-02-10,18490.0,18490.0,18230.0,18230.0,61,1119170.0,TQBR
2021-02-11,18590.0,18590.0,18310.0,18530.0,52,958240.0,TQBR
2021-02-12,18540.0,18540.0,18220.0,18390.0,38,696820.0,TQBR
2021-02-15,18440.0,18680.0,18360.0,18450.0,73,1348740.0,TQBR
2021-02-16,18640.0,18640.0,18360.0,18380.0,32,591370.0,TQBR
2021-02-17,18480.0,18590.0,18390.0,18420.0,27,497730.0,TQBR
2021-02-18,18360.0,18490.0,18220.0,18280.0,125,2289280.0,TQBR
2021-02-19,18240.0,18640.0,18240.0,18350.0,52,953940.0,TQBR
2021-02-20,18580.0,18580.0,18290.0,18400.0,33,607800.0,TQBR
2021-02-22,18390.0,18490.0,18270.0,18320.0,44,807290.0,TQBR
2021-02-24,18300.0,18450.0,18290.0,18370.0,32,586990.0,TQBR
2021-02-25,18270.0,18340.0,18210.0,18220.0,42,766850.0,TQBR
2021-02-26,18330.0,18690.0,18300.0,18300.0,86,1590250.0,TQBR
2021-03-01,18250.0,18370.0,18170.0,18170.0,213,3882640.0,TQBR
2021-03-02,18370.0,18370.0,18090.0,18230.0,109,1983200.0,TQBR
2021-03-03,18400.0,18400.0,18070.0,18270.0,49,891520.0,TQBR
2021-03-04,18190.0,18230.0,18090.0,18110.0,59,1069390.0,TQBR
2021-03-05,18070.0,18240.0,18060.0,18060.0,50,905490.0,TQBR
2021-03-09,18580.0,18580.0,18090.0,18250.0,53,964700.0,TQBR
2021-03-10,18500.0,18500.0,18140.0,18230.0,18,328060.0,TQBR
2021-03-11,18250.0,18260.0,18110.0,18160.0,49,889630.0,TQBR
2021-03-12,18170.0,18170.0,18090.0,18100.0,54,979180.0,TQBR
2021-03-15,18230.0,18230.0,18110.0,18110.0,27,489920.0,TQBR
2021-03-16,18100.0,18180.0,18050.0,18050.0,48,868220.0,TQBR
2021-03-17,18090.0,18220.0,18050.0,18100.0,26,471660.0,TQBR
2021-03-18,18110.0,18190.0,18090.0,18110.0,37,670600.0,TQBR
2021-03-19,18140.0,18220.0,18090.0,18100.0,24,435680.0,TQBR
2021-03-22,18260.0,18650.0,18180.0,18180.0,54,991110.0,TQBR
2021-03-23,18370.0,19390.0,18110.0,18820.0,515,9765520.0,TQBR
2021-03-24,18820.0,18990.0,18220.0,18270.0,198,3641710.0,TQBR
2021-03-25,18280.0,18630.0,17850.0,17930.0,309,5620520.0,TQBR
2021-03-26,18230.0,18240.0,17550.0,17640.0,365,6489560.0,TQBR
2021-03-29,17930.0,17930.0,17650.0,17670.0,89,1578740.0,TQBR
2021-03-30,17700.0,17700.0,17200.0,17550.0,146,2565720.0,TQBR
2021-03-31,17900.0,17900.0,17370.0,17530.0,39,686030.0,TQBR
2021-04-01,17570.0,17880.0,17570.0,17820.0,104,1844800.0,TQBR
2021-04-02,17370.0,17890.0,17330.0,17540.0,108,1908620.0,TQBR
2021-04-05,17800.0,17880.0,17370.0,17600.0,257,4520530.0,TQBR
2021-04-06,17880.0,18200.0,17670.0,18090.0,414,7425680.0,TQBR
2021-04-07,17510.0,17990.0,17190.0,17800.0,194,3433910.0,TQBR
2021-04-08,17420.0,17940.0,16820.0,17790.0,296,5203950.0,TQBR
2021-04-09,17960.0,17960.0,17640.0,17800.0,102,1817060.0,TQBR
2021-04-12,17880.0,17880.0,17660.0,17740.0,152,2702500.0,TQBR
2021-04-13,17840.0,17860.0,17750.0,17850.0,127,2262510.0,TQBR
2021-04-14,17770.0,18020.0,17630.0,17840.0,132,2361140.0,TQBR
2021-04-15,17450.0,17950.0,17450.0,17860.0,78,1389910.0,TQBR
2021-04-16,17890.0,18170.0,17890.0,18000.0,176,3177790.0,TQBR
2021-04-19,18140.0,18200.0,18110.0,18120.0,179,3247450.0,TQBR
2021-04-20,18230.0,18300.0,17910.0,17960.0,140,2527840.0,TQBR
2021-04-21,18390.0,18390.0,17570.0,17960.0,128,2297130.0,TQBR
2021-04-22,17960.0,18140.0,17850.0,17940.0,111,1996930.0,TQBR
2021-04-23,17960.0,18180.0,17730.0,17850.0,104,1862890.0,TQBR
2021-04-26,17630.0,18200.0,17610.0,17710.0,205,3660910.0,TQBR
2021-04-27,17890.0,17890.0,17710.0,17710.0,55,978000.0,TQBR
2021-04-28,17720.0,17970.0,17630.0,17720.0,78,1383150.0,TQBR
2021-04-29,17860.0,17930.0,17710.0,17780.0,51,905870.0,TQBR
2021-04-30,18290.0,18290.0,17660.0,17670.0,69,1228230.0,TQBR
2021-05-04,17640.0,17890.0,17640.0,17700.0,65,1155770.0,TQBR
2021-05-05,18090.0,18090.0,17720.0,17810.0,93,1666240.0,TQBR
2021-05-06,17970.0,18090.0,17820.0,18040.0,89,1601560.0,TQBR
2021-05-07,17890.0,18050.0,17870.0,17950.0,60,1075750.0,TQBR
2021-05-10,17710.0,18050.0,17710.0,17900.0,81,1453970.0,TQBR
2021-05-11,17840.0,17950.0,17750.0,17770.0,58,1032480.0,TQBR
2021-05-12,17960.0,17960.0,17750.0,17860.0,64,1139860.0,TQBR
2021-05-13,17890.0,17890.0,17750.0,17820.0,114,2029850.0,TQBR
2021-05-14,17810.0,17920.0,17740.0,17900.0,100,1785520.0,TQBR
2021-05-17,17960.0,18300.0,17820.0,18050.0,150,2698140.0,TQBR
2021-05-18,18200.0,18200.0,18100.0,18200.0,79,1433970.0,TQBR
2021-05-19,18300.0,18330.0,17930.0,18000.0,82,1484830.0,TQBR
2021-05-20,18300.0,18300.0,17930.0,18100.0,50,902920.0,TQBR
2021-05-21,18000.0,18150.0,17950.0,18000.0,75,1351390.0,TQBR
2021-05-24,18270.0,18400.0,17970.0,18240.0,193,3514660.0,TQBR
2021-05-25,18500.0,18500.0,18050.0,18190.0,61,1113910.0,TQBR
2021-05-26,18500.0,18790.0,18310.0,18600.0,163,3021220.0,TQBR
2021-05-27,18610.0,18740.0,18510.0,18610.0,57,1060960.0,TQBR
2021-05-28,18730.0,18730.0,18300.0,18370.0,60,1106800.0,TQBR
2021-05-31,18740.0,18780.0,18310.0,18730.0,125,2324670.0,TQBR
2021-06-01,18980.0,18980.0,17910.0,18560.0,248,4597800.0,TQBR
2021-06-02,18650.0,18920.0,18450.0,18920.0,98,1829240.0,TQBR
2021-06-03,18920.0,19000.0,18680.0,18810.0,111,2094090.0,TQBR
2021-06-04,18810.0,26360.0,18310.0,26360.0,5293,133548340.0,TQBR
2021-06-07,28990.0,36400.0,28990.0,35000.0,14667,494832750.0,TQBR
2021-06-08,35510.0,38460.0,32400.0,33310.0,9830,361041690.0,TQBR
2021-06-09,33300.0,33310.0,28360.0,30020.0,6726,203033270.0,TQBR
2021-06-10,30550.0,33010.0,30130.0,33010.0,4853,155513820.0,TQBR
2021-06-11,33320.0,34900.0,31680.0,32870.0,2440,80180460.0,TQBR
2021-06-14,33000.0,34500.0,32910.0,34010.0,2307,78487340.0,TQBR
2021-06-15,33800.0,34800.0,32700.0,32990.0,1610,54600180.0,TQBR
2021-06-16,33000.0,34210.0,32700.0,33050.0,998,33157830.0,TQBR
2021-06-17,33510.0,33510.0,31110.0,31500.0,1324,42435880.0,TQBR
2021-06-18,31500.0,32400.0,31140.0,31300.0,881,27926440.0,TQBR
2021-06-21,31530.0,32160.0,31020.0,31180.0,920,29013880.0,TQBR
2021-06-22,31620.0,31870.0,30910.0,31020.0,870,27210830.0,TQBR
2021-06-23,31050.0,31460.0,30140.0,30200.0,925,28370230.0,TQBR
2021-06-24,30960.0,30960.0,28550.0,29000.0,1385,40785870.0,TQBR
2021-06-25,29180.0,29690.0,28110.0,28290.0,1607,46282360.0,TQBR
2021-06-28,28600.0,29320.0,28250.0,28600.0,896,25752300.0,TQBR
2021-06-29,28900.0,29280.0,28400.0,28500.0,671,19222020.0,TQBR
2021-06-30,28790.0,29300.0,27600.0,28090.0,1624,45952560.0,TQBR
2021-07-01,28100.0,28780.0,27700.0,28090.0,1132,31889370.0,TQBR
2021-07-02,28010.0,28400.0,27900.0,27950.0,1355,38040310.0,TQBR
2021-07-05,27950.0,28600.0,27950.0,28100.0,2435,68553060.0,TQBR
2021-07-06,28050.0,28340.0,25710.0,26480.0,3217,87446430.0,TQBR
2021-07-07,26000.0,26940.0,24410.0,24490.0,4976,126334590.0,TQBR
2021-07-08,24450.0,26700.0,24090.0,24500.0,5557,140612440.0,TQBR
2021-07-09,24510.0,26130.0,22610.0,23370.0,9849,238358280.0,TQBR
2021-07-12,21040.0,21040.0,7190.0,12490.0,30676,375985850.0,TQBR
2021-07-13,12670.0,13100.0,10540.0,10980.0,10547,118803020.0,TQBR
2021-07-14,10980.0,11070.0,9710.0,10500.0,6462,66502720.0,TQBR
2021-07-15,10310.0,14500.0,10300.0,13440.0,38557,497850740.0,TQBR
2021-07-16,13440.0,17090.0,12900.0,16630.0,35856,572405890.0,TQBR
2021-07-19,16900.0,19500.0,16690.0,18190.0,21714,393626610.0,TQBR
2021-07-20,18460.0,19500.0,14070.0,14590.0,18217,290433290.0,TQBR
2021-07-21,14500.0,15560.0,13030.0,13840.0,10642,149788550.0,TQBR
2021-07-22,14440.0,14440.0,12820.0,13230.0,4367,57597400.0,TQBR
2021-07-23,13050.0,15090.0,12300.0,14610.0,12534,180299510.0,TQBR
2021-07-26,16070.0,17000.0,14640.0,15120.0,5662,86556790.0,TQBR
2021-07-27,15490.0,15590.0,14740.0,15050.0,2963,44800860.0,TQBR
2021-07-28,15050.0,15330.0,14420.0,15000.0,3836,56900390.0,TQBR
2021-07-29,15100.0,15190.0,14500.0,14760.0,1613,23741420.0,TQBR
2021-07-30,14900.0,14990.0,14500.0,14610.0,1982,29070050.0,TQBR
2021-08-02,14310.0,14770.0,13960.0,14020.0,1726,24466710.0,TQBR
2021-08-03,14010.0,14150.0,13200.0,13400.0,1824,24888800.0,TQBR
2021-08-04,13500.0,14800.0,13490.0,14100.0,4472,63593770.0,TQBR
2021-08-05,14110.0,14450.0,14010.0,14090.0,865,12204990.0,TQBR
2021-08-06,14090.0,14330.0,13700.0,13910.0,1141,15998100.0,TQBR
2021-08-09,14240.0,14240.0,13600.0,13730.0,1041,14309430.0,TQBR
2021-08-10,13900.0,13900.0,13400.0,13540.0,1244,16885440.0,TQBR
2021-08-11,13680.0,13680.0,13390.0,13390.0,874,11771520.0,TQBR
2021-08-12,13300.0,13460.0,12920.0,13100.0,1440,18908630.0,TQBR
2021-08-13,13190.0,13270.0,12650.0,12750.0,1649,21065200.0,TQBR
2021-08-16,13080.0,13080.0,12140.0,12410.0,1811,22532900.0,TQBR
2021-08-17,12580.0,12700.0,12180.0,12520.0,758,9484450.0,TQBR
2021-08-18,12630.0,13980.0,12300.0,13440.0,5996,79736570.0,TQBR
2021-08-19,13750.0,13750.0,12610.0,13000.0,1677,21801460.0,TQBR
2021-08-20,13330.0,13360.0,13040.0,13110.0,648,8560750.0,TQBR
2021-08-23,13160.0,13350.0,12830.0,13040.0,632,8204400.0,TQBR
2021-08-24,13300.0,13300.0,12870.0,12970.0,397,5148880.0,TQBR
2021-08-25,13160.0,13200.0,12590.0,12870.0,1282,16636020.0,TQBR
2021-08-26,13000.0,13000.0,12840.0,12890.0,353,4560630.0,TQBR
2021-08-27,12900.0,13090.0,12500.0,12730.0,423,5404260.0,TQBR
2021-08-30,12890.0,12990.0,12660.0,12720.0,536,6844320.0,TQBR
2021-08-31,12720.0,12980.0,12500.0,12620.0,968,12221110.0,TQBR
2021-09-01,12700.0,12820.0,12520.0,12560.0,452,5684420.0,TQBR
2021-09-02,12560.0,12620.0,12100.0,12310.0,2268,28011560.0,TQBR
2021-09-03,12310.0,12310.0,12050.0,12160.0,715,8714330.0,TQBR
2021-09-06,12170.0,12790.0,12170.0,12490.0,1521,19040010.0,TQBR
2021-09-07,12240.0,12690.0,12240.0,12310.0,455,5659300.0,TQBR
2021-09-08,12470.0,12510.0,12240.0,12300.0,375,4628410.0,TQBR
2021-09-09,12300.0,12470.0,12170.0,12250.0,449,5527280.0,TQBR
2021-09-10,12290.0,12360.0,12180.0,12210.0,272,3330440.0,TQBR
2021-09-13,12360.0,12360.0,12120.0,12120.0,263,3196940.0,TQBR
2021-09-14,12160.0,12250.0,11800.0,12000.0,596,7138140.0,TQBR
2021-09-15,12010.0,12010.0,11820.0,11980.0,467,5556410.0,TQBR
2021-09-16,11980.0,12200.0,11890.0,12080.0,661,7969230.0,TQBR
2021-09-17,11960.0,12090.0,11870.0,11900.0,227,2719050.0,TQBR
2021-09-20,11900.0,12060.0,11550.0,11760.0,453,5381040.0,TQBR
2021-09-21,11750.0,11920.0,11550.0,11650.0,474,5536590.0,TQBR
2021-09-22,11900.0,11900.0,11570.0,11640.0,235,2750430.0,TQBR
2021-09-23,11650.0,11650.0,11400.0,11420.0,429,4924820.0,TQBR
2021-09-24,11410.0,11490.0,11000.0,11040.0,745,8280990.0,TQBR
2021-09-27,11040.0,11290.0,10700.0,10790.0,574,6261400.0,TQBR
2021-09-28,10730.0,10750.0,9900.0,10100.0,3078,31201770.0,TQBR
2021-09-29,10100.0,12680.0,10100.0,11790.0,10469,122336470.0,TQBR
2021-09-30,11980.0,12670.0,11110.0,11460.0,3055,36092350.0,TQBR
2021-10-01,11540.0,12350.0,11520.0,11680.0,3996,47811930.0,TQBR
2021-10-04,12000.0,12280.0,11730.0,11910.0,1627,19488990.0,TQBR
2021-10-05,12150.0,12150.0,11550.0,11770.0,656,7716540.0,TQBR
2021-10-06,11960.0,11960.0,11520.0,11650.0,457,5312440.0,TQBR
2021-10-07,11600.0,11830.0,11520.0,11640.0,506,5888240.0,TQBR
2021-10-08,11710.0,11840.0,11580.0,11660.0,514,5997880.0,TQBR
2021-10-11,11690.0,11770.0,11570.0,11610.0,488,5683960.0,TQBR
2021-10-12,11740.0,11740.0,11500.0,11650.0,641,7433850.0,TQBR
2021-10-13,11600.0,12560.0,11600.0,11880.0,4468,53924320.0,TQBR
2021-10-14,12100.0,12230.0,11650.0,11910.0,1282,15282060.0,TQBR
2021-10-15,11850.0,12030.0,11780.0,11850.0,369,4370490.0,TQBR
2021-10-18,11980.0,11980.0,11730.0,11790.0,297,3510450.0,TQBR
2021-10-19,11940.0,11940.0,11680.0,11830.0,391,4614640.0,TQBR
2021-10-20,11670.0,11900.0,11610.0,11780.0,510,6007200.0,TQBR
2021-10-21,11790.0,11840.0,11710.0,11790.0,315,3708410.0,TQBR
2021-10-22,11800.0,11840.0,11500.0,11560.0,306,3567160.0,TQBR
2021-10-25,11750.0,11750.0,11110.0,11330.0,478,5445040.0,TQBR
2021-10-26,11390.0,11490.0,10610.0,11030.0,1109,12219140.0,TQBR
2021-10-27,10770.0,11190.0,10770.0,10910.0,392,4309000.0,TQBR
2021-10-28,11000.0,11430.0,10880.0,11330.0,719,8074380.0,TQBR
2021-10-29,11390.0,11730.0,11110.0,11290.0,1356,15518270.0,TQBR
2021-11-01,11360.0,11530.0,11060.0,11200.0,307,3438130.0,TQBR
2021-11-02,11480.0,11610.0,11060.0,11200.0,359,4034120.0,TQBR
2021-11-03,11210.0,11210.0,11070.0,11090.0,240,2669630.0,TQBR
2021-11-05,11190.0,11190.0,10980.0,10980.0,452,4997570.0,TQBR
2021-11-08,10950.0,11190.0,10690.0,10950.0,691,7543740.0,TQBR
2021-11-09,10990.0,11090.0,10850.0,10920.0,416,4570850.0,TQBR
2021-11-10,11010.0,11070.0,10900.0,11050.0,350,3846280.0,TQBR
2021-11-11,10910.0,11480.0,10910.0,11310.0,1415,15872260.0,TQBR
2021-11-12,11490.0,11490.0,10960.0,11060.0,608,6763100.0,TQBR
2021-11-15,11100.0,11290.0,10950.0,11090.0,375,4146660.0,TQBR
2021-11-16,11090.0,11490.0,10970.0,10990.0,731,8087580.0,TQBR
2021-11-17,11010.0,11150.0,10980.0,11020.0,243,2676130.0,TQBR
2021-11-18,11020.0,11240.0,10900.0,11040.0,506,5593370.0,TQBR
2021-11-19,11040.0,11130.0,10900.0,10970.0,251,2770210.0,TQBR
2021-11-22,10980.0,11150.0,10500.0,10600.0,729,7814140.0,TQBR
2021-11-23,10820.0,10820.0,10120.0,10570.0,723,7524230.0,TQBR
2021-11-24,10450.0,10930.0,10340.0,10680.0,615,6550020.0,TQBR
2021-11-25,10780.0,10780.0,10430.0,10580.0,227,2405760.0,TQBR
2021-11-26,10500.0,10800.0,10170.0,10680.0,621,6510750.0,TQBR
2021-11-29,10200.0,10620.0,10200.0,10400.0,155,1630180.0,TQBR
2021-11-30,10730.0,10730.0,10300.0,10460.0,344,3586720.0,TQBR
2021-12-01,10200.0,10580.0,10200.0,10370.0,334,3483510.0,TQBR
2021-12-02,10520.0,10530.0,10100.0,10130.0,504,5159840.0,TQBR
2021-12-03,10150.0,10280.0,10100.0,10100.0,286,2903940.0,TQBR
2021-12-06,10110.0,10220.0,9900.0,10090.0,373,3745470.0,TQBR
2021-12-07,10000.0,10350.0,10000.0,10090.0,174,1751920.0,TQBR
2021-12-08,10150.0,10350.0,9970.0,9990.0,429,4315900.0,TQBR
2021-12-09,10010.0,10330.0,10000.0,10000.0,182,1835810.0,TQBR
2021-12-10,9970.0,10150.0,9970.0,10000.0,92,923160.0,TQBR
2021-12-13,9990.0,10100.0,9750.0,9880.0,399,3940600.0,TQBR
2021-12-14,9750.0,9890.0,9750.0,9830.0,192,1880770.0,TQBR
2021-12-15,9850.0,11100.0,9850.0,9930.0,1907,19841210.0,TQBR
2021-12-16,10190.0,10630.0,9950.0,10030.0,665,6798950.0,TQBR
2021-12-17,10190.0,10500.0,9900.0,10040.0,991,10078540.0,TQBR
2021-12-20,10050.0,10390.0,9700.0,9910.0,401,3988980.0,TQBR
2021-12-21,10080.0,10080.0,9800.0,9870.0,208,2062910.0,TQBR
2021-12-22,9820.0,9970.0,9790.0,9790.0,482,4748530.0,TQBR
2021-12-23,9890.0,9890.0,9720.0,9740.0,405,3952250.0,TQBR
2021-12-24,9730.0,9780.0,9500.0,9590.0,436,4201550.0,TQBR
2021-12-27,9620.0,9700.0,9360.0,9430.0,626,5933190.0,TQBR
2021-12-28,9430.0,9550.0,9380.0,9440.0,428,4034620.0,TQBR
2021-12-29,9440.0,9590.0,9000.0,9280.0,618,5770020.0,TQBR
2021-12-30,9450.0,9450.0,9160.0,9200.0,339,3134330.0,TQBR
2022-01-03,9350.0,9400.0,9220.0,9320.0,207,1932010.0,TQBR
2022-01-04,9330.0,10160.0,9310.0,9600.0,2300,22396260.0,TQBR
2022-01-05,9700.0,10550.0,9680.0,10250.0,3579,36697140.0,TQBR
2022-01-06,10240.0,10890.0,9750.0,9820.0,1699,17454900.0,TQBR
2022-01-10,9710.0,10350.0,9710.0,10140.0,440,4438520.0,TQBR
2022-01-11,10300.0,10400.0,9940.0,9980.0,248,2490340.0,TQBR
2022-01-12,10100.0,10250.0,9850.0,9980.0,443,4411610.0,TQBR
2022-01-13,10000.0,10000.0,9550.0,9770.0,447,4379970.0,TQBR
2022-01-14,9670.0,9950.0,9520.0,9600.0,521,5030720.0,TQBR
2022-01-17,9700.0,9800.0,9500.0,9520.0,299,2867100.0,TQBR
2022-01-18,9500.0,9560.0,9200.0,9200.0,354,3311230.0,TQBR
2022-01-19,9400.0,9500.0,9200.0,9450.0,386,3627450.0,TQBR
2022-01-20,9580.0,9680.0,9360.0,9460.0,221,2100680.0,TQBR
2022-01-21,9460.0,9480.0,8940.0,9160.0,408,3777160.0,TQBR
2022-01-24,9300.0,9460.0,9060.0,9100.0,559,5160210.0,TQBR
2022-01-25,9250.0,9390.0,9010.0,9080.0,246,2248970.0,TQBR
2022-01-26,9290.0,9350.0,9010.0,9130.0,613,5635900.0,TQBR
2022-01-27,9150.0,9290.0,9080.0,9130.0,164,1501430.0,TQBR
2022-01-28,9130.0,9250.0,9030.0,9100.0,280,2551140.0,TQBR
2022-01-31,9400.0,9440.0,9060.0,9120.0,403,3676520.0,TQBR
2022-02-01,9070.0,9350.0,9000.0,9140.0,278,2535450.0,TQBR
2022-02-02,9290.0,9290.0,9000.0,9130.0,254,2306240.0,TQBR
2022-02-03,9130.0,9130.0,9040.0,9090.0,131,1192730.0,TQBR
2022-02-04,9130.0,9370.0,8940.0,9070.0,443,4043990.0,TQBR
2022-02-07,8900.0,9100.0,8900.0,9010.0,254,2288720.0,TQBR
2022-02-08,9160.0,9160.0,8910.0,9020.0,101,911530.0,TQBR
2022-02-09,9130.0,9230.0,8900.0,9190.0,291,2647600.0,TQBR
2022-02-10,9240.0,9260.0,9080.0,9190.0,171,1567960.0,TQBR
2022-02-11,9150.0,9300.0,9040.0,9130.0,195,1786810.0,TQBR
2022-02-14,9070.0,9160.0,9010.0,9060.0,236,2141710.0,TQBR
2022-02-15,9180.0,9320.0,9020.0,9220.0,441,4054580.0,TQBR
2022-02-16,9320.0,9330.0,8840.0,9120.0,412,3746430.0,TQBR
2022-02-17,9120.0,9720.0,9090.0,9220.0,960,8923410.0,TQBR
2022-02-18,9270.0,9430.0,9150.0,9150.0,414,3831360.0,TQBR
2022-02-21,9170.0,9300.0,8470.0,8470.0,804,7014650.0,TQBR
2022-02-22,8470.0,8500.0,7000.0,8200.0,1277,9905110.0,TQBR
2022-02-24,7800.0,7800.0,4990.0,6870.0,1624,10460260.0,TQBR
2022-02-25,6870.0,8460.0,6840.0,8200.0,1298,10201250.0,TQBR
2022-03-28,8800.0,9490.0,8000.0,9330.0,1856,16263230.0,TQBR
2022-03-29,9330.0,9820.0,8810.0,9050.0,849,7950080.0,TQBR
2022-03-30,9390.0,9420.0,9000.0,9150.0,365,3342560.0,TQBR
2022-03-31,9350.0,9350.0,9050.0,9190.0,621,5715320.0,TQBR
2022-04-01,9000.0,11500.0,9000.0,10650.0,5030,51370040.0,TQBR
2022-04-04,10550.0,11000.0,9830.0,10350.0,1900,19561780.0,TQBR
2022-04-05,10000.0,10350.0,9760.0,10000.0,803,8033590.0,TQBR
2022-04-06,10000.0,10230.0,9550.0,9950.0,732,7236790.0,TQBR
2022-04-07,9820.0,10100.0,9700.0,9880.0,388,3830270.0,TQBR
2022-04-08,9990.0,10660.0,9900.0,9900.0,1181,12115940.0,TQBR
2022-04-11,10300.0,10700.0,10010.0,10260.0,1227,12690080.0,TQBR
2022-04-12,10260.0,11800.0,10260.0,11600.0,4741,52290570.0,TQBR
2022-04-13,11750.0,11800.0,10860.0,11210.0,3284,37257310.0,TQBR
2022-04-14,11500.0,14700.0,11160.0,13330.0,17050,220984550.0,TQBR
2022-04-15,13500.0,17640.0,12600.0,15750.0,57175,879196860.0,TQBR
2022-04-18,16230.0,17780.0,15810.0,16150.0,20833,344190100.0,TQBR
2022-04-19,16150.0,16490.0,12710.0,12910.0,22471,315615520.0,TQBR
2022-04-20,13000.0,13370.0,11610.0,11850.0,11018,133878130.0,TQBR
2022-04-21,11910.0,12760.0,11830.0,12170.0,5448,67024550.0,TQBR
2022-04-22,12420.0,12500.0,11240.0,11500.0,3136,37329840.0,TQBR
2022-04-25,10780.0,11900.0,10620.0,10980.0,2862,31615110.0,TQBR
2022-04-26,10970.0,11350.0,10680.0,10950.0,2485,27317670.0,TQBR
2022-04-27,10950.0,11250.0,10800.0,11010.0,1159,12734710.0,TQBR
2022-04-28,11190.0,11200.0,10880.0,10960.0,2158,23716510.0,TQBR
2022-04-29,11190.0,12490.0,10900.0,11050.0,8020,92656970.0,TQBR
2022-05-04,11260.0,11300.0,10920.0,11100.0,1425,15842970.0,TQBR
2022-05-05,11200.0,11250.0,11040.0,11050.0,995,11043890.0,TQBR
2022-05-06,11010.0,11090.0,10750.0,10820.0,926,10103970.0,TQBR
2022-05-11,10970.0,11000.0,10720.0,10790.0,721,7804150.0,TQBR
2022-05-12,10560.0,10820.0,10060.0,10200.0,1427,15032950.0,TQBR
2022-05-13,10440.0,10440.0,9990.0,10150.0,597,6055690.0,TQBR
2022-05-16,10200.0,10450.0,10000.0,10220.0,534,5431520.0,TQBR
2022-05-17,10330.0,10330.0,10010.0,10160.0,463,4706750.0,TQBR
2022-05-18,10220.0,10230.0,10050.0,10170.0,386,3920710.0,TQBR
2022-05-19,10120.0,10120.0,9780.0,10090.0,684,6848570.0,TQBR
2022-05-20,10200.0,10200.0,9800.0,9910.0,581,5790270.0,TQBR
2022-05-23,10010.0,10010.0,9490.0,9610.0,648,6267000.0,TQBR
2022-05-24,9540.0,9540.0,9030.0,9380.0,619,5720460.0,TQBR
2022-05-25,9390.0,10300.0,9250.0,9880.0,1055,10471650.0,TQBR
2022-05-26,9930.0,10190.0,9810.0,9850.0,386,3841110.0,TQBR
2022-05-27,10010.0,10010.0,9700.0,9760.0,287,2821620.0,TQBR
2022-05-30,10100.0,10100.0,9770.0,9800.0,406,4022780.0,TQBR
2022-05-31,9900.0,9990.0,9640.0,9690.0,204,1993560.0,TQBR
2022-06-01,9690.0,9810.0,9640.0,9730.0,145,1410760.0,TQBR
2022-06-02,9740.0,10280.0,9650.0,9720.0,804,7947040.0,TQBR
2022-06-03,9660.0,10620.0,9400.0,9400.0,3288,32594750.0,TQBR
2022-06-06,9350.0,9490.0,8960.0,9200.0,690,6341420.0,TQBR
2022-06-07,9080.0,9470.0,9080.0,9270.0,350,3250170.0,TQBR
2022-06-08,9300.0,9310.0,8840.0,9100.0,677,6147360.0,TQBR
2022-06-09,9140.0,9140.0,8910.0,8930.0,318,2858290.0,TQBR
2022-06-10,8920.0,9120.0,8900.0,9050.0,400,3594500.0,TQBR
2022-06-14,9010.0,9050.0,8870.0,9010.0,324,2899700.0,TQBR
2022-06-15,8950.0,9190.0,8910.0,9020.0,254,2295930.0,TQBR
2022-06-16,9010.0,9100.0,8930.0,9000.0,292,2633780.0,TQBR
2022-06-17,8920.0,9080.0,8910.0,9030.0,185,1669060.0,TQBR
2022-06-20,9010.0,9100.0,8990.0,9060.0,139,1255980.0,TQBR
2022-06-21,9070.0,9090.0,8930.0,8960.0,352,3169450.0,TQBR
2022-06-22,8950.0,9000.0,8530.0,8800.0,536,4713270.0,TQBR
2022-06-23,8830.0,8880.0,8720.0,8740.0,205,1799330.0,TQBR
2022-06-24,8930.0,9050.0,8760.0,8770.0,303,2691300.0,TQBR
2022-06-27,8010.0,8930.0,8000.0,8590.0,824,7035390.0,TQBR
2022-06-28,8550.0,8610.0,8300.0,8380.0,409,3469840.0,TQBR
2022-06-29,8470.0,8480.0,8240.0,8290.0,252,2099030.0,TQBR
2022-06-30,8510.0,8510.0,7750.0,7820.0,538,4333280.0,TQBR
2022-07-01,8000.0,8240.0,7700.0,7760.0,295,2307980.0,TQBR
2022-07-04,7660.0,7690.0,7540.0,7670.0,209,1599770.0,TQBR
2022-07-05,7800.0,7890.0,7550.0,7580.0,343,2617060.0,TQBR
2022-07-06,7700.0,9000.0,7510.0,8190.0,5887,48974890.0,TQBR
2022-07-07,8000.0,8690.0,8000.0,8260.0,1257,10490090.0,TQBR
2022-07-08,8260.0,8640.0,8210.0,8360.0,1118,9457630.0,TQBR
2022-07-11,8400.0,8670.0,8160.0,8240.0,683,5705460.0,TQBR
2022-07-12,8240.0,8370.0,8090.0,8130.0,243,1987600.0,TQBR
2022-07-13,8110.0,8270.0,7790.0,7830.0,354,2811530.0,TQBR
2022-07-14,7980.0,7980.0,7630.0,7650.0,213,1655460.0,TQBR
2022-07-15,7910.0,8000.0,7410.0,7500.0,829,6399730.0,TQBR
2022-07-18,7770.0,7770.0,7500.0,7630.0,368,2817950.0,TQBR
2022-07-19,7800.0,7800.0,7500.0,7600.0,189,1435000.0,TQBR
2022-07-20,7600.0,7670.0,7450.0,7540.0,263,1993780.0,TQBR
2022-07-21,7540.0,7540.0,7300.0,7400.0,244,1800210.0,TQBR
2022-07-22,7390.0,7400.0,7260.0,7300.0,168,1232830.0,TQBR
2022-07-25,7320.0,7890.0,7190.0,7390.0,915,6854080.0,TQBR
2022-07-26,7400.0,8500.0,7340.0,7900.0,2621,20730200.0,TQBR
2022-07-27,8000.0,8300.0,7750.0,7870.0,1127,9001960.0,TQBR
2022-07-28,7900.0,7990.0,7810.0,7920.0,249,1971970.0,TQBR
2022-07-29,8230.0,8300.0,7930.0,8020.0,939,7600030.0,TQBR
2022-08-01,8100.0,8100.0,7680.0,7800.0,367,2897860.0,TQBR
2022-08-02,7800.0,8110.0,7770.0,7800.0,500,3964080.0,TQBR
2022-08-03,7780.0,7900.0,7250.0,7610.0,934,7061350.0,TQBR
2022-08-04,7440.0,7590.0,7440.0,7540.0,180,1352620.0,TQBR
2022-08-05,7500.0,7560.0,7410.0,7450.0,244,1820450.0,TQBR
2022-08-08,7350.0,7840.0,7350.0,7590.0,310,2345320.0,TQBR
2022-08-09,7770.0,7890.0,7310.0,7590.0,703,5336800.0,TQBR
2022-08-10,7710.0,7710.0,7440.0,7640.0,361,2736190.0,TQBR
2022-08-11,7640.0,8340.0,7550.0,7680.0,1864,14755020.0,TQBR
2022-08-12,7840.0,7850.0,7630.0,7670.0,355,2746710.0,TQBR
2022-08-15,7620.0,7820.0,7620.0,7820.0,257,1993030.0,TQBR
2022-08-16,7820.0,8410.0,7770.0,8030.0,2014,16214160.0,TQBR
2022-08-17,8180.0,8200.0,7920.0,8030.0,562,4539340.0,TQBR
2022-08-18,8130.0,8220.0,7940.0,8110.0,646,5244470.0,TQBR
2022-08-19,8240.0,9950.0,8110.0,8700.0,12463,115073750.0,TQBR
2022-08-22,8440.0,8840.0,8280.0,8590.0,2129,18337210.0,TQBR
2022-08-23,8590.0,9280.0,8590.0,8950.0,3748,33857570.0,TQBR
2022-08-24,9090.0,9720.0,8980.0,9540.0,7127,67251920.0,TQBR
2022-08-25,9640.0,12840.0,9570.0,11320.0,44946,514620670.0,TQBR
2022-08-26,11430.0,13010.0,11340.0,11730.0,33223,403578520.0,TQBR
2022-08-29,11840.0,12580.0,11100.0,11420.0,12181,142159810.0,TQBR
2022-08-30,11580.0,11690.0,10030.0,10190.0,7883,85406410.0,TQBR
2022-08-31,10190.0,10430.0,9500.0,9720.0,3818,37917890.0,TQBR
2022-09-01,9940.0,11130.0,9870.0,10600.0,12870,136407540.0,TQBR
2022-09-02,10800.0,11190.0,10510.0,10680.0,3564,38557930.0,TQBR
2022-09-05,10690.0,10940.0,10200.0,10400.0,3298,34497040.0,TQBR
2022-09-06,10500.0,10740.0,9780.0,10080.0,3397,35196500.0,TQBR
2022-09-07,10230.0,10450.0,10080.0,10130.0,1791,18424940.0,TQBR
2022-09-08,10130.0,11410.0,10040.0,10600.0,10017,107498100.0,TQBR
2022-09-09,10610.0,10970.0,10400.0,10490.0,2672,28551350.0,TQBR
2022-09-12,10530.0,11300.0,10530.0,10700.0,4037,43756830.0,TQBR
2022-09-13,10730.0,10900.0,10480.0,10530.0,2174,23245650.0,TQBR
2022-09-14,10570.0,10780.0,10290.0,10420.0,1388,14595390.0,TQBR
2022-09-15,10500.0,10650.0,10460.0,10510.0,529,5569460.0,TQBR
2022-09-16,10600.0,10600.0,10000.0,10200.0,2047,21052650.0,TQBR
2022-09-19,10330.0,10400.0,10000.0,10040.0,1050,10655990.0,TQBR
2022-09-20,10060.0,10180.0,9020.0,9040.0,2783,26952930.0,TQBR
2022-09-21,9000.0,9000.0,7590.0,8600.0,1509,12777930.0,TQBR
2022-09-22,8580.0,9500.0,8580.0,8990.0,2630,23986150.0,TQBR
2022-09-23,9000.0,9400.0,7980.0,8260.0,1524,13073130.0,TQBR
2022-09-26,7960.0,8360.0,6650.0,7420.0,2181,15965750.0,TQBR
2022-09-27,7230.0,7740.0,7100.0,7400.0,795,5932450.0,TQBR
2022-09-28,7380.0,7700.0,7340.0,7360.0,733,5509650.0,TQBR
2022-09-29,7750.0,7750.0,7050.0,7120.0,735,5378330.0,TQBR
2022-09-30,7290.0,7500.0,6900.0,7390.0,1288,9277740.0,TQBR
2022-10-03,7440.0,9640.0,7320.0,8890.0,4222,36192710.0,TQBR
2022-10-04,9000.0,9980.0,9000.0,9280.0,4142,38973160.0,TQBR
2022-10-05,9400.0,9600.0,8550.0,8860.0,1798,16345670.0,TQBR
2022-10-06,8900.0,9240.0,8450.0,8470.0,953,8287920.0,TQBR
2022-10-07,8800.0,9050.0,7910.0,8040.0,1173,9981680.0,TQBR
2022-10-10,7670.0,8990.0,7580.0,8660.0,2350,20218500.0,TQBR
2022-10-11,8830.0,9100.0,8680.0,8760.0,876,7724120.0,TQBR
2022-10-12,8800.0,8900.0,8780.0,8810.0,228,2011330.0,TQBR
2022-10-13,8830.0,12320.0,8610.0,11750.0,20610,235086120.0,TQBR
2022-10-14,11900.0,12280.0,10600.0,10600.0,13838,155617160.0,TQBR
2022-10-17,10720.0,11210.0,10540.0,11140.0,7404,81691330.0,TQBR
2022-10-18,11200.0,11230.0,10900.0,11110.0,3236,35965670.0,TQBR
2022-10-19,11120.0,11200.0,10800.0,10950.0,2021,22186130.0,TQBR
2022-10-20,11100.0,11100.0,10920.0,10960.0,1105,12167200.0,TQBR
2022-10-21,11070.0,11080.0,10940.0,11000.0,1418,15604290.0,TQBR
2022-10-24,11170.0,11770.0,11060.0,11650.0,7575,86861530.0,TQBR
2022-10-25,11600.0,13800.0,11520.0,13520.0,23340,302613460.0,TQBR
2022-10-26,13680.0,17860.0,13310.0,15710.0,40506,639505820.0,TQBR
2022-10-27,16220.0,17400.0,15680.0,16100.0,17710,288906150.0,TQBR
2022-10-28,16200.0,16490.0,14810.0,15880.0,6145,97225280.0,TQBR
2022-10-31,16000.0,16060.0,15400.0,15490.0,3520,55055960.0,TQBR
2022-11-01,15490.0,15650.0,15150.0,15380.0,2445,37534890.0,TQBR
2022-11-02,15510.0,15510.0,15160.0,15210.0,1696,25866950.0,TQBR
2022-11-03,15280.0,15280.0,14610.0,14690.0,2867,42464690.0,TQBR
2022-11-07,14760.0,15720.0,14750.0,15700.0,6063,93572660.0,TQBR
2022-11-08,15850.0,17730.0,15810.0,17230.0,19660,330789340.0,TQBR
2022-11-09,17430.0,18170.0,17330.0,18010.0,13425,240315080.0,TQBR
2022-11-10,18110.0,18800.0,17050.0,18390.0,9248,166733830.0,TQBR
2022-11-11,18500.0,18590.0,17600.0,18000.0,4810,87006420.0,TQBR
2022-11-14,18100.0,18240.0,17450.0,17900.0,3135,56175000.0,TQBR
2022-11-15,18100.0,18160.0,17500.0,17810.0,2355,41882020.0,TQBR
2022-11-16,17500.0,17900.0,17440.0,17840.0,2621,46406690.0,TQBR
2022-11-17,17750.0,18550.0,17750.0,18350.0,8880,161684710.0,TQBR
2022-11-18,18600.0,20450.0,18400.0,20100.0,21222,416197130.0,TQBR
2022-11-21,20370.0,25950.0,20260.0,24700.0,56154,1327718660.0,TQBR
2022-11-22,25010.0,26100.0,18600.0,18730.0,53996,1196493940.0,TQBR
2022-11-23,18000.0,18900.0,15230.0,17860.0,39895,688458720.0,TQBR
2022-11-24,17100.0,18790.0,16710.0,17020.0,17254,304230090.0,TQBR
2022-11-25,15320.0,15320.0,12550.0,13300.0,21794,307122770.0,TQBR
2022-11-28,13200.0,15350.0,12800.0,14490.0,15830,227425070.0,TQBR
2022-11-29,14640.0,15420.0,14000.0,14390.0,7081,103675210.0,TQBR
2022-11-30,14580.0,14720.0,13560.0,13630.0,2957,42026970.0,TQBR
2022-12-01,13800.0,14470.0,13760.0,14010.0,4251,59920890.0,TQBR
2022-12-02,14030.0,14180.0,13580.0,13600.0,1747,24129730.0,TQBR
2022-12-05,13900.0,13950.0,13460.0,13600.0,1777,24201210.0,TQBR
2022-12-06,13600.0,13600.0,13110.0,13200.0,1813,24025520.0,TQBR
2022-12-07,13180.0,13180.0,12820.0,12860.0,1576,20386500.0,TQBR
2022-12-08,12790.0,12900.0,12230.0,12450.0,2706,33724050.0,TQBR
2022-12-09,12360.0,14970.0,12360.0,14500.0,17984,250391860.0,TQBR
2022-12-12,14650.0,15920.0,14040.0,15610.0,19166,292834170.0,TQBR
2022-12-13,15800.0,16580.0,14700.0,15320.0,19131,305847860.0,TQBR
2022-12-14,15320.0,16250.0,14700.0,15380.0,9811,152539540.0,TQBR
2022-12-15,15600.0,15850.0,13940.0,14370.0,5551,82772530.0,TQBR
2022-12-16,14440.0,14750.0,13810.0,13890.0,2935,41295730.0,TQBR
2022-12-19,13920.0,14860.0,13920.0,14320.0,3280,47236100.0,TQBR
2022-12-20,14650.0,14650.0,13920.0,14190.0,2156,30615410.0,TQBR
2022-12-21,14310.0,14540.0,13980.0,14140.0,1814,25771890.0,TQBR
2022-12-22,14280.0,14280.0,13830.0,13980.0,2206,30797310.0,TQBR
2022-12-23,13810.0,14100.0,13700.0,13800.0,1061,14661850.0,TQBR
2022-12-26,13860.0,13930.0,13510.0,13570.0,1185,16226790.0,TQBR
2022-12-27,13510.0,13580.0,13180.0,13390.0,1410,18795090.0,TQBR
2022-12-28,13570.0,13570.0,13020.0,13050.0,1165,15316130.0,TQBR
2022-12-29,13050.0,13120.0,12790.0,13100.0,736,9577580.0,TQBR
2022-12-30,13190.0,14500.0,13050.0,13310.0,5836,80559320.0,TQBR
2023-01-03,13550.0,13580.0,13040.0,13420.0,1343,17933480.0,TQBR
2023-01-04,13560.0,13560.0,13280.0,13370.0,748,10017010.0,TQBR
2023-01-05,13470.0,13470.0,13120.0,13280.0,588,7812120.0,TQBR
2023-01-06,13250.0,13370.0,13220.0,13260.0,302,4004570.0,TQBR
2023-01-09,13260.0,13820.0,13210.0,13390.0,1568,21050490.0,TQBR
2023-01-10,13380.0,13880.0,13300.0,13450.0,2233,30351200.0,TQBR
2023-01-11,13500.0,13560.0,13300.0,13410.0,872,11718310.0,TQBR
2023-01-12,13410.0,15470.0,13350.0,13970.0,24093,348636550.0,TQBR
2023-01-13,14200.0,14840.0,14150.0,14310.0,9230,133667720.0,TQBR
2023-01-16,14380.0,14700.0,14350.0,14410.0,2190,31674360.0,TQBR
2023-01-17,14470.0,14600.0,14060.0,14170.0,1630,23267520.0,TQBR
2023-01-18,14180.0,14500.0,14130.0,14310.0,1938,27798190.0,TQBR
2023-01-19,14470.0,14600.0,14250.0,14300.0,2101,30341140.0,TQBR
2023-01-20,14330.0,14410.0,14140.0,14310.0,698,9979880.0,TQBR
2023-01-23,14390.0,14390.0,14230.0,14230.0,401,5721750.0,TQBR
2023-01-24,14290.0,14350.0,14240.0,14250.0,519,7411330.0,TQBR
2023-01-25,14340.0,15030.0,14200.0,14370.0,9312,135876610.0,TQBR
2023-01-26,14500.0,14690.0,14310.0,14350.0,1345,19421260.0,TQBR
2023-01-27,14350.0,14500.0,14200.0,14310.0,981,14020080.0,TQBR
2023-01-30,14340.0,14380.0,13900.0,14230.0,2197,31196360.0,TQBR
2023-01-31,14350.0,14350.0,14150.0,14270.0,591,8423060.0,TQBR
2023-02-01,14340.0,14350.0,14180.0,14210.0,776,11041750.0,TQBR
2023-02-02,14340.0,14580.0,14250.0,14310.0,2711,38969650.0,TQBR
2023-02-03,14330.0,14500.0,14290.0,14350.0,1221,17566630.0,TQBR
2023-02-06,14250.0,14470.0,14250.0,14280.0,1063,15239790.0,TQBR
2023-02-07,14300.0,14440.0,13910.0,14200.0,960,13640510.0,TQBR
2023-02-08,14320.0,14320.0,14110.0,14240.0,1059,15032110.0,TQBR
2023-02-09,14220.0,14470.0,14090.0,14200.0,3087,44167430.0,TQBR
2023-02-10,14340.0,14340.0,14100.0,14140.0,809,11441380.0,TQBR
2023-02-13,14130.0,14230.0,14100.0,14160.0,493,6984880.0,TQBR
2023-02-14,14160.0,14220.0,13630.0,13850.0,1237,17288780.0,TQBR
2023-02-15,13900.0,17230.0,13850.0,15260.0,49532,776073460.0,TQBR
2023-02-16,15940.0,16480.0,14330.0,14880.0,58437,917392970.0,TQBR
2023-02-17,15060.0,15480.0,14170.0,14200.0,8648,127904140.0,TQBR
2023-02-20,14500.0,18710.0,14250.0,15990.0,127470,2188769750.0,TQBR
2023-02-21,16620.0,17300.0,15040.0,15400.0,21712,342256920.0,TQBR
2023-02-22,15500.0,16200.0,15100.0,15280.0,9293,144918250.0,TQBR
2023-02-24,15370.0,15880.0,14920.0,15210.0,2449,37301880.0,TQBR
2023-02-27,15210.0,15350.0,15120.0,15210.0,1714,26083150.0,TQBR
2023-02-28,15210.0,15900.0,15210.0,15390.0,5390,83846680.0,TQBR
2023-03-01,15420.0,15500.0,15290.0,15290.0,1866,28653330.0,TQBR
2023-03-02,15370.0,15430.0,14890.0,15050.0,2270,34450350.0,TQBR
2023-03-03,15160.0,15300.0,14880.0,15200.0,1853,28071430.0,TQBR
2023-03-06,15300.0,18150.0,15300.0,17700.0,67696,1157893650.0,TQBR
2023-03-07,17660.0,17660.0,16600.0,16630.0,18167,309465170.0,TQBR
2023-03-09,16720.0,17010.0,16300.0,16450.0,3263,54322860.0,TQBR
2023-03-10,16410.0,17460.0,16410.0,16700.0,8037,135677760.0,TQBR
2023-03-13,16790.0,17200.0,16700.0,16900.0,4662,79066540.0,TQBR
2023-03-14,17070.0,17140.0,16760.0,16860.0,2554,43218210.0,TQBR
2023-03-15,16980.0,17090.0,16800.0,16900.0,2017,34153020.0,TQBR
2023-03-16,17010.0,17050.0,16710.0,16790.0,1072,18048160.0,TQBR
2023-03-17,16940.0,17000.0,16480.0,16730.0,1558,26139200.0,TQBR
2023-03-20,16800.0,17250.0,16680.0,16890.0,6185,104791940.0,TQBR
2023-03-21,16890.0,18200.0,16850.0,17650.0,16666,292515960.0,TQBR
2023-03-22,17600.0,18140.0,17130.0,17250.0,11965,209887090.0,TQBR
2023-03-23,17380.0,17600.0,17250.0,17260.0,2570,44641400.0,TQBR
2023-03-24,17390.0,17390.0,17170.0,17180.0,976,16851670.0,TQBR
2023-03-27,17340.0,17340.0,17060.0,17120.0,961,16493410.0,TQBR
2023-03-28,17100.0,17160.0,17000.0,17060.0,757,12917790.0,TQBR
2023-03-29,17120.0,17140.0,16800.0,16920.0,2427,41161480.0,TQBR
2023-03-30,16960.0,17250.0,16840.0,17090.0,2004,34223680.0,TQBR
2023-03-31,17120.0,17150.0,16900.0,16910.0,767,13015620.0,TQBR
2023-04-03,16930.0,17000.0,16810.0,16920.0,1564,26409300.0,TQBR
2023-04-04,16930.0,17460.0,16930.0,17100.0,3090,52910950.0,TQBR
2023-04-05,17400.0,17770.0,17050.0,17260.0,9121,158755830.0,TQBR
2023-04-06,17320.0,17460.0,17140.0,17220.0,1923,33251980.0,TQBR
2023-04-07,17220.0,17370.0,17000.0,17070.0,1367,23515100.0,TQBR
2023-04-10,17100.0,17260.0,17020.0,17160.0,1014,17434920.0,TQBR
2023-04-11,17160.0,17450.0,16900.0,17110.0,3335,57501700.0,TQBR
2023-04-12,17260.0,17670.0,16050.0,17140.0,4726,80810400.0,TQBR
2023-04-13,17320.0,17320.0,17020.0,17140.0,1128,19345780.0,TQBR
2023-04-14,17200.0,17320.0,17040.0,17060.0,1515,25989020.0,TQBR
2023-04-17,17080.0,17270.0,17050.0,17130.0,1301,22300610.0,TQBR
2023-04-18,17270.0,17270.0,17060.0,17120.0,937,16073510.0,TQBR
2023-04-19,17170.0,18000.0,16880.0,17080.0,6937,121314730.0,TQBR
2023-04-20,17150.0,17150.0,16950.0,17010.0,1061,18088050.0,TQBR
2023-04-21,17100.0,17150.0,17000.0,17000.0,803,13681760.0,TQBR
2023-04-24,17110.0,17110.0,16950.0,16990.0,578,9826280.0,TQBR
2023-04-25,17000.0,17040.0,16920.0,16940.0,318,5396820.0,TQBR
2023-04-26,16940.0,17010.0,16880.0,16930.0,601,10186470.0,TQBR
2023-04-27,16920.0,16930.0,16540.0,16840.0,1156,19412350.0,TQBR
2023-04-28,16880.0,17030.0,16690.0,16690.0,641,10779040.0,TQBR
2023-05-02,16690.0,16700.0,15600.0,16350.0,2130,34512590.0,TQBR
2023-05-03,16350.0,16950.0,15600.0,15900.0,2411,39063140.0,TQBR
2023-05-04,15900.0,16380.0,15400.0,15790.0,1315,20987260.0,TQBR
2023-05-05,15790.0,16100.0,15150.0,15450.0,1543,24165240.0,TQBR
2023-05-08,15310.0,16600.0,15310.0,15680.0,901,14382140.0,TQBR
2023-05-10,15680.0,16180.0,15680.0,16070.0,736,11803170.0,TQBR
2023-05-11,16170.0,16290.0,15990.0,16190.0,685,11087490.0,TQBR
2023-05-12,16140.0,16140.0,15880.0,16000.0,579,9269540.0,TQBR
2023-05-15,16040.0,16130.0,15920.0,16040.0,389,6229180.0,TQBR
2023-05-16,16040.0,16650.0,16040.0,16290.0,1398,22831780.0,TQBR
2023-05-17,16250.0,16340.0,16110.0,16110.0,344,5579970.0,TQBR
2023-05-18,16110.0,16250.0,16000.0,16090.0,458,7397280.0,TQBR
2023-05-19,16080.0,16130.0,15770.0,16010.0,194,3104230.0,TQBR
2023-05-22,16020.0,16160.0,15880.0,16000.0,204,3271140.0,TQBR
2023-05-23,15960.0,16040.0,15770.0,15850.0,332,5267590.0,TQBR
2023-05-24,15810.0,16090.0,15800.0,15980.0,335,5333530.0,TQBR
2023-05-25,15910.0,15990.0,14940.0,15500.0,3137,48204030.0,TQBR
2023-05-26,15640.0,15640.0,15180.0,15360.0,579,8934140.0,TQBR
2023-05-29,15360.0,16000.0,15310.0,15810.0,1173,18475940.0,TQBR
2023-05-30,15890.0,15890.0,15410.0,15530.0,781,12192270.0,TQBR
2023-05-31,15670.0,15690.0,15400.0,15620.0,479,7454200.0,TQBR
2023-06-01,15660.0,15660.0,15360.0,15520.0,432,6701820.0,TQBR
2023-06-02,15550.0,15550.0,15300.0,15400.0,714,11020220.0,TQBR
2023-06-05,15450.0,15540.0,15330.0,15380.0,642,9910090.0,TQBR
2023-06-06,15390.0,15400.0,15120.0,15200.0,571,8709430.0,TQBR
2023-06-07,15200.0,15790.0,15190.0,15340.0,2039,31424700.0,TQBR
2023-06-08,15290.0,15380.0,15200.0,15300.0,389,5944400.0,TQBR
2023-06-09,15300.0,15480.0,15210.0,15310.0,326,4997050.0,TQBR
2023-06-13,15330.0,15340.0,14500.0,15050.0,3461,51872950.0,TQBR
2023-06-14,15100.0,15220.0,14950.0,15050.0,1175,17725790.0,TQBR
2023-06-15,15050.0,15050.0,14670.0,15010.0,1305,19461040.0,TQBR
2023-06-16,15040.0,15390.0,14770.0,15240.0,2705,40991050.0,TQBR
2023-06-19,15240.0,15270.0,15020.0,15140.0,703,10637380.0,TQBR
2023-06-20,15190.0,15250.0,14990.0,15060.0,817,12343590.0,TQBR
2023-06-21,15050.0,15130.0,14950.0,15110.0,751,11306050.0,TQBR
2023-06-22,15110.0,15200.0,15110.0,15180.0,456,6919800.0,TQBR
2023-06-23,15150.0,15230.0,15080.0,15130.0,394,5967360.0,TQBR
2023-06-26,15080.0,15260.0,14250.0,14800.0,2798,41221070.0,TQBR
2023-06-27,14800.0,14930.0,14650.0,14730.0,691,10194680.0,TQBR
2023-06-28,14730.0,14790.0,14710.0,14720.0,229,3375610.0,TQBR
2023-06-29,14740.0,14970.0,14600.0,14770.0,723,10679260.0,TQBR
2023-06-30,14800.0,14810.0,14700.0,14770.0,407,6010710.0,TQBR
2023-07-03,14780.0,15300.0,14750.0,14890.0,2596,39046130.0,TQBR
2023-07-04,14890.0,14950.0,14800.0,14860.0,390,5794680.0,TQBR
2023-07-05,14880.0,15080.0,14800.0,15000.0,561,8365860.0,TQBR
2023-07-06,15030.0,15240.0,14650.0,14910.0,1237,18596750.0,TQBR
2023-07-07,14940.0,15210.0,14800.0,15020.0,798,12023570.0,TQBR
2023-07-10,15100.0,15250.0,15050.0,15180.0,1073,16275130.0,TQBR
2023-07-11,15210.0,15400.0,15100.0,15100.0,1739,26509450.0,TQBR
2023-07-12,15060.0,15250.0,15040.0,15140.0,831,12601310.0,TQBR
2023-07-13,14670.0,15170.0,14670.0,15000.0,1145,17145540.0,TQBR
2023-07-14,15020.0,15070.0,14960.0,15040.0,451,6780140.0,TQBR
2023-07-17,15050.0,15120.0,15000.0,15080.0,503,7582750.0,TQBR
2023-07-18,15070.0,15850.0,15050.0,15560.0,4568,70776760.0,TQBR
2023-07-19,15580.0,16370.0,15580.0,15810.0,3785,60404730.0,TQBR
2023-07-20,15920.0,16100.0,15540.0,15740.0,1881,29928860.0,TQBR
2023-07-21,15440.0,15970.0,15340.0,15630.0,811,12731780.0,TQBR
2023-07-24,15630.0,15840.0,15530.0,15760.0,908,14276570.0,TQBR
2023-07-25,15800.0,15800.0,15550.0,15670.0,687,10789060.0,TQBR
2023-07-26,15730.0,15800.0,15640.0,15710.0,808,12699190.0,TQBR
2023-07-27,15750.0,15850.0,15640.0,15750.0,1110,17479410.0,TQBR
2023-07-28,15790.0,16780.0,15750.0,16040.0,4392,71370750.0,TQBR
2023-07-31,16040.0,16300.0,16020.0,16190.0,1616,26172660.0,TQBR
2023-08-01,16240.0,16240.0,15640.0,16130.0,1917,30717900.0,TQBR
2023-08-02,16100.0,16150.0,16000.0,16080.0,902,14491820.0,TQBR
2023-08-03,16080.0,16350.0,16050.0,16130.0,1819,29472660.0,TQBR
2023-08-04,16180.0,16450.0,15850.0,15950.0,2356,38268760.0,TQBR
2023-08-07,16000.0,16380.0,15830.0,15840.0,1405,22600420.0,TQBR
2023-08-08,15880.0,16010.0,15710.0,15890.0,1089,17272230.0,TQBR
2023-08-09,15980.0,16120.0,15860.0,15920.0,1046,16691390.0,TQBR
2023-08-10,15950.0,15980.0,15820.0,15920.0,805,12780610.0,TQBR
2023-08-11,15940.0,16210.0,15920.0,16100.0,1980,31961050.0,TQBR
2023-08-14,16130.0,16600.0,15800.0,15910.0,6206,101226370.0,TQBR
2023-08-15,15600.0,17250.0,15380.0,16050.0,9054,149547940.0,TQBR
2023-08-16,16060.0,16350.0,15100.0,15650.0,1895,30013390.0,TQBR
2023-08-17,15700.0,15890.0,15380.0,15600.0,860,13458590.0,TQBR
2023-08-18,15700.0,16000.0,15550.0,15820.0,783,12338940.0,TQBR
2023-08-21,15880.0,16900.0,15820.0,16350.0,4009,65910350.0,TQBR
2023-08-22,16430.0,16510.0,16140.0,16260.0,844,13771650.0,TQBR
2023-08-23,16250.0,16290.0,15820.0,16000.0,1264,20284190.0,TQBR
2023-08-24,16020.0,16410.0,15930.0,16090.0,1172,18948650.0,TQBR
2023-08-25,16060.0,16360.0,16030.0,16180.0,935,15174310.0,TQBR
2023-08-28,16180.0,16300.0,16120.0,16270.0,1097,17788700.0,TQBR
2023-08-29,16230.0,16300.0,15980.0,16120.0,1207,19508390.0,TQBR
2023-08-30,16120.0,16190.0,15960.0,16040.0,997,16017380.0,TQBR
2023-08-31,16050.0,16270.0,16040.0,16200.0,887,14355520.0,TQBR
2023-09-01,16170.0,16250.0,16160.0,16160.0,726,11761610.0,TQBR
2023-09-04,16250.0,16500.0,16080.0,16300.0,2152,34932060.0,TQBR
2023-09-05,16750.0,22810.0,16380.0,22810.0,101078,2107473450.0,TQBR
2023-09-06,24850.0,24880.0,20160.0,20590.0,31431,682670360.0,TQBR
2023-09-07,20870.0,22500.0,18150.0,19810.0,16644,353063100.0,TQBR
2023-09-08,20590.0,20920.0,18620.0,19280.0,4072,80315460.0,TQBR
2023-09-11,19290.0,19640.0,18640.0,19300.0,2686,51172990.0,TQBR
2023-09-12,19310.0,21210.0,19300.0,20680.0,17041,356373120.0,TQBR
2023-09-13,20800.0,21940.0,20170.0,20220.0,7142,149903550.0,TQBR
2023-09-14,20220.0,20440.0,15880.0,18200.0,10037,177611230.0,TQBR
2023-09-15,18500.0,19500.0,17190.0,18890.0,5265,98069550.0,TQBR
2023-09-18,18890.0,20150.0,18890.0,19290.0,8167,160187820.0,TQBR
2023-09-19,19700.0,19700.0,18220.0,18470.0,2926,54476400.0,TQBR
2023-09-20,18280.0,18410.0,17110.0,17730.0,1751,31054440.0,TQBR
2023-09-21,17730.0,18430.0,17000.0,17560.0,1515,26893270.0,TQBR
2023-09-22,17650.0,18860.0,17600.0,17960.0,2713,49301040.0,TQBR
2023-09-25,17970.0,19700.0,17910.0,18650.0,5034,95011320.0,TQBR
2023-09-26,18720.0,18940.0,18190.0,18320.0,1273,23562690.0,TQBR
2023-09-27,18490.0,19330.0,18410.0,18790.0,3466,65687190.0,TQBR
2023-09-28,18840.0,19230.0,18500.0,18630.0,1317,24876290.0,TQBR
2023-09-29,18710.0,19000.0,18630.0,18680.0,1169,21948880.0,TQBR
2023-10-02,18690.0,18770.0,18230.0,18410.0,1175,21793280.0,TQBR
2023-10-03,18420.0,18440.0,18010.0,18100.0,796,14490570.0,TQBR
2023-10-04,18130.0,18130.0,17530.0,17870.0,1519,27217550.0,TQBR
2023-10-05,17870.0,17940.0,17600.0,17740.0,629,11192770.0,TQBR
2023-10-06,17650.0,18840.0,17650.0,17800.0,4011,73566660.0,TQBR
2023-10-09,17910.0,18800.0,17800.0,18210.0,1929,35248540.0,TQBR
2023-10-10,18420.0,19080.0,18160.0,18500.0,3990,74615990.0,TQBR
2023-10-11,18500.0,18740.0,18370.0,18450.0,979,18161600.0,TQBR
2023-10-12,17850.0,18450.0,17780.0,18100.0,1714,31001690.0,TQBR
2023-10-13,18150.0,18680.0,18120.0,18200.0,1786,32835940.0,TQBR
2023-10-16,18270.0,18980.0,18180.0,18520.0,2592,47989200.0,TQBR
2023-10-17,18600.0,20750.0,18550.0,19910.0,15165,301227140.0,TQBR
2023-10-18,20000.0,20210.0,18500.0,19320.0,4550,88522100.0,TQBR
2023-10-19,19330.0,20110.0,19000.0,19420.0,5771,113522570.0,TQBR
2023-10-20,19660.0,19680.0,19220.0,19520.0,1344,26111940.0,TQBR
2023-10-23,19410.0,19900.0,19100.0,19350.0,1057,20615320.0,TQBR
2023-10-24,19380.0,19790.0,19000.0,19100.0,2364,45742610.0,TQBR
2023-10-25,19160.0,19160.0,18710.0,19000.0,788,14948820.0,TQBR
2023-10-26,19110.0,19110.0,18700.0,18700.0,999,18841650.0,TQBR
2023-10-27,18600.0,18720.0,18480.0,18630.0,871,16196230.0,TQBR
2023-10-30,18800.0,19400.0,18720.0,19130.0,2605,49769400.0,TQBR
2023-10-31,19220.0,19350.0,18680.0,18810.0,1277,24293470.0,TQBR
2023-11-01,18550.0,18930.0,18500.0,18750.0,902,16914760.0,TQBR
2023-11-02,18920.0,19000.0,18600.0,18600.0,1057,19860810.0,TQBR
2023-11-03,18640.0,18740.0,18160.0,18420.0,1073,19796460.0,TQBR
2023-11-06,18340.0,18480.0,18010.0,18270.0,572,10467350.0,TQBR
2023-11-07,18270.0,18850.0,18270.0,18730.0,1619,30093190.0,TQBR
2023-11-08,18640.0,18930.0,18310.0,18760.0,1466,27351730.0,TQBR
2023-11-09,18980.0,18980.0,18450.0,18500.0,391,7280640.0,TQBR
2023-11-10,18500.0,18600.0,18380.0,18400.0,529,9762480.0,TQBR
2023-11-13,18450.0,18450.0,17370.0,17930.0,1387,24961700.0,TQBR
2023-11-14,17920.0,17920.0,17100.0,17120.0,1595,27515980.0,TQBR
2023-11-15,17120.0,17350.0,16260.0,17140.0,2344,39543480.0,TQBR
2023-11-16,17180.0,17980.0,17080.0,17230.0,1415,24755580.0,TQBR
2023-11-17,17210.0,17350.0,16990.0,17090.0,505,8657460.0,TQBR
2023-11-20,17120.0,17270.0,17000.0,17000.0,380,6486950.0,TQBR
2023-11-21,17280.0,18150.0,17010.0,17650.0,3152,55483860.0,TQBR
2023-11-22,17750.0,17750.0,17400.0,17460.0,563,9868030.0,TQBR
2023-11-23,17420.0,17520.0,17100.0,17150.0,549,9455960.0,TQBR
2023-11-24,17130.0,17350.0,17040.0,17040.0,313,5374670.0,TQBR
2023-11-27,17040.0,17380.0,16320.0,16800.0,1776,29836190.0,TQBR
2023-11-28,16810.0,17200.0,16610.0,16720.0,442,7427510.0,TQBR
2023-11-29,16720.0,17000.0,16720.0,16730.0,603,10156620.0,TQBR
2023-11-30,16730.0,16740.0,16330.0,16450.0,545,8987250.0,TQBR
2023-12-01,16480.0,16530.0,16100.0,16100.0,504,8175290.0,TQBR
2023-12-04,16190.0,17820.0,15510.0,17350.0,5986,101056720.0,TQBR
2023-12-05,17450.0,17560.0,16090.0,16410.0,1849,30879410.0,TQBR
2023-12-06,16560.0,17170.0,15850.0,15990.0,1522,25215840.0,TQBR
2023-12-07,16030.0,16360.0,15870.0,16110.0,616,9895500.0,TQBR
2023-12-08,16210.0,16320.0,16050.0,16050.0,230,3725570.0,TQBR
2023-12-11,16010.0,16010.0,15640.0,15730.0,389,6149040.0,TQBR
2023-12-12,15810.0,16020.0,15600.0,15660.0,438,6881950.0,TQBR
2023-12-13,15660.0,15710.0,15500.0,15520.0,684,10645710.0,TQBR
2023-12-14,15700.0,15740.0,15310.0,15500.0,711,11078680.0,TQBR
2023-12-15,15750.0,15750.0,15250.0,15450.0,627,9684760.0,TQBR
2023-12-18,15470.0,16160.0,15450.0,15880.0,1205,19055960.0,TQBR
2023-12-19,15820.0,16580.0,15750.0,15850.0,1465,23389330.0,TQBR
2023-12-20,15880.0,16280.0,15880.0,16000.0,868,13975340.0,TQBR
2023-12-21,16010.0,17060.0,15940.0,16240.0,3648,60126210.0,TQBR
2023-12-22,16300.0,16700.0,15930.0,16100.0,2484,40482530.0,TQBR
2023-12-25,16210.0,16340.0,16010.0,16120.0,812,13139500.0,TQBR
2023-12-26,16230.0,16270.0,15660.0,15800.0,1006,16004460.0,TQBR
2023-12-27,15800.0,16400.0,15400.0,16030.0,2714,43827930.0,TQBR
2023-12-28,16030.0,16150.0,15910.0,15910.0,615,9841340.0,TQBR
2023-12-29,15920.0,16070.0,15800.0,15800.0,514,8182610.0,TQBR
2024-01-03,16200.0,16200.0,15830.0,16000.0,303,4856790.0,TQBR
2024-01-04,16090.0,16250.0,15970.0,16090.0,845,13584700.0,TQBR
2024-01-05,16100.0,16370.0,15730.0,16020.0,1386,22295340.0,TQBR
2024-01-08,16110.0,16850.0,16000.0,16140.0,3728,61173900.0,TQBR
2024-01-09,16200.0,16540.0,16100.0,16300.0,2037,33212120.0,TQBR
2024-01-10,16440.0,16460.0,16150.0,16440.0,991,16222230.0,TQBR
2024-01-11,16600.0,16600.0,16050.0,16230.0,1246,20203190.0,TQBR
2024-01-12,16330.0,16400.0,16160.0,16200.0,551,8941700.0,TQBR
2024-01-15,16370.0,16620.0,16200.0,16530.0,1761,28943440.0,TQBR
2024-01-16,16800.0,17360.0,16580.0,16850.0,4689,79840980.0,TQBR
2024-01-17,16670.0,17070.0,16670.0,16770.0,869,14588960.0,TQBR
2024-01-18,16800.0,17300.0,16710.0,16930.0,2137,36392660.0,TQBR
2024-01-19,16870.0,17030.0,16760.0,16760.0,418,7043730.0,TQBR
2024-01-22,16770.0,17000.0,16560.0,16630.0,1032,17293790.0,TQBR
2024-01-23,16630.0,16860.0,16560.0,16640.0,639,10665070.0,TQBR
2024-01-24,16740.0,16790.0,16620.0,16650.0,411,6860560.0,TQBR
2024-01-25,16760.0,16780.0,16540.0,16640.0,381,6338510.0,TQBR
2024-01-26,16720.0,16820.0,16490.0,16500.0,430,7131420.0,TQBR
2024-01-29,16500.0,16600.0,16250.0,16440.0,852,14013360.0,TQBR
2024-01-30,16540.0,16670.0,16310.0,16490.0,636,10516550.0,TQBR
2024-01-31,16650.0,16650.0,16470.0,16470.0,340,5617500.0,TQBR
2024-02-01,16650.0,17760.0,16550.0,16850.0,12085,207872870.0,TQBR
2024-02-02,16870.0,17250.0,16640.0,16710.0,1213,20386700.0,TQBR
2024-02-05,16800.0,17190.0,16600.0,16710.0,1493,25174190.0,TQBR
2024-02-06,16790.0,16810.0,16640.0,16690.0,732,12243330.0,TQBR
2024-02-07,16770.0,16880.0,16660.0,16730.0,727,12168220.0,TQBR
2024-02-08,16750.0,16770.0,16560.0,16570.0,649,10797830.0,TQBR
2024-02-09,16580.0,17190.0,16060.0,16380.0,3031,50448950.0,TQBR
2024-02-12,16540.0,16540.0,16080.0,16180.0,802,13045490.0,TQBR
2024-02-13,16180.0,16440.0,16110.0,16220.0,486,7914020.0,TQBR
2024-02-14,16220.0,16340.0,16200.0,16270.0,332,5407890.0,TQBR
2024-02-15,16360.0,16360.0,16080.0,16150.0,691,11180000.0,TQBR
2024-02-16,16150.0,16380.0,15970.0,16050.0,569,9188740.0,TQBR
2024-02-19,16100.0,16250.0,16000.0,16040.0,584,9416390.0,TQBR
2024-02-20,16070.0,16070.0,15600.0,15810.0,591,9367030.0,TQBR
2024-02-21,15710.0,15790.0,15050.0,15300.0,1065,16379290.0,TQBR
2024-02-22,15550.0,15850.0,15320.0,15380.0,566,8843190.0,TQBR
2024-02-26,15430.0,15940.0,15410.0,15630.0,650,10209830.0,TQBR
2024-02-27,15650.0,16010.0,15600.0,15710.0,547,8628610.0,TQBR
2024-02-28,15710.0,15850.0,15710.0,15820.0,297,4693270.0,TQBR
2024-02-29,15890.0,15890.0,15590.0,15660.0,597,9380710.0,TQBR
2024-03-01,15620.0,15750.0,15560.0,15560.0,442,6909760.0,TQBR
2024-03-04,15660.0,15800.0,15600.0,15610.0,715,11201110.0,TQBR
2024-03-05,15600.0,16400.0,15600.0,15810.0,2806,44868960.0,TQBR
2024-03-06,15970.0,16890.0,15760.0,16250.0,4262,70035560.0,TQBR
2024-03-07,16310.0,17140.0,16020.0,16240.0,6590,109831620.0,TQBR
2024-03-11,16350.0,16720.0,16150.0,16240.0,1562,25641770.0,TQBR
2024-03-12,16350.0,16350.0,16020.0,16120.0,539,8704990.0,TQBR
2024-03-13,16020.0,16440.0,16020.0,16300.0,1037,16833100.0,TQBR
2024-03-14,16300.0,16430.0,15980.0,16110.0,665,10747770.0,TQBR
2024-03-15,16080.0,16280.0,15970.0,16000.0,535,8583290.0,TQBR
2024-03-18,15920.0,16070.0,15700.0,15750.0,711,11255550.0,TQBR
2024-03-19,15800.0,15920.0,15600.0,15650.0,456,7171520.0,TQBR
2024-03-20,15900.0,15900.0,15300.0,15410.0,1026,15940870.0,TQBR
2024-03-21,15630.0,16190.0,15410.0,15520.0,1236,19416320.0,TQBR
2024-03-22,15680.0,15680.0,15340.0,15340.0,572,8841240.0,TQBR
2024-03-25,15300.0,15540.0,15210.0,15380.0,467,7196490.0,TQBR
2024-03-26,15540.0,15690.0,15400.0,15560.0,604,9407300.0,TQBR
2024-03-27,15530.0,15750.0,15350.0,15560.0,837,12981150.0,TQBR
2024-03-28,15490.0,15700.0,15300.0,15460.0,758,11755090.0,TQBR
2024-03-29,15670.0,15960.0,15400.0,15580.0,1755,27539010.0,TQBR
2024-04-01,15670.0,16260.0,15670.0,16060.0,2296,36979260.0,TQBR
2024-04-02,16030.0,16380.0,15970.0,16300.0,1866,30226490.0,TQBR
2024-04-03,16400.0,16970.0,16260.0,16280.0,3800,63052710.0,TQBR
2024-04-04,16350.0,16850.0,16290.0,16290.0,1421,23441940.0,TQBR
2024-04-05,16290.0,16320.0,16000.0,16150.0,1636,26359410.0,TQBR
2024-04-08,16280.0,17680.0,16280.0,16800.0,11374,194051470.0,TQBR
2024-04-09,16830.0,17280.0,16480.0,16940.0,4360,74084340.0,TQBR
2024-04-10,16940.0,16950.0,16500.0,16710.0,1710,28493990.0,TQBR
2024-04-11,16730.0,16740.0,16530.0,16570.0,642,10664680.0,TQBR
2024-04-12,16810.0,18180.0,16760.0,17370.0,18129,318915680.0,TQBR
2024-04-15,17600.0,17640.0,16820.0,17190.0,4441,76069830.0,TQBR
2024-04-16,17300.0,18270.0,17270.0,17350.0,8930,158641930.0,TQBR
2024-04-17,17370.0,17970.0,17200.0,17240.0,3164,55208270.0,TQBR
2024-04-18,17460.0,17460.0,17010.0,17070.0,1110,19010080.0,TQBR
2024-04-19,17260.0,17380.0,17050.0,17080.0,999,17190850.0,TQBR
2024-04-22,17080.0,17080.0,16650.0,16700.0,949,16026140.0,TQBR
2024-04-23,16620.0,17080.0,16150.0,16500.0,2123,35366460.0,TQBR
2024-04-24,16510.0,16980.0,16500.0,16670.0,934,15679170.0,TQBR
2024-04-25,16760.0,16820.0,16550.0,16640.0,293,4877260.0,TQBR
2024-04-26,16740.0,16920.0,16660.0,16770.0,438,7358070.0,TQBR
2024-04-27,16800.0,17010.0,16650.0,16670.0,384,6463920.0,TQBR
2024-04-29,16620.0,16620.0,16300.0,16370.0,535,8789800.0,TQBR
2024-04-30,16420.0,16550.0,16300.0,16370.0,425,6976430.0,TQBR
2024-05-02,16480.0,16560.0,15920.0,16150.0,887,14436170.0,TQBR
2024-05-03,16170.0,16780.0,16150.0,16310.0,1523,25125520.0,TQBR
2024-05-06,16310.0,16570.0,16220.0,16470.0,589,9688070.0,TQBR
2024-05-07,16470.0,16480.0,16320.0,16350.0,280,4586560.0,TQBR
2024-05-08,16260.0,16590.0,16260.0,16300.0,442,7249920.0,TQBR
2024-05-10,16520.0,17300.0,16360.0,16620.0,3605,60518390.0,TQBR
2024-05-13,16600.0,16640.0,16350.0,16430.0,782,12919190.0,TQBR
2024-05-14,16420.0,16650.0,16330.0,16380.0,593,9778000.0,TQBR
2024-05-15,16360.0,16550.0,16220.0,16290.0,677,11082010.0,TQBR
2024-05-16,16370.0,16460.0,16140.0,16180.0,351,5711190.0,TQBR
2024-05-17,16210.0,16280.0,16130.0,16160.0,456,7388130.0,TQBR
2024-05-20,16250.0,16770.0,16200.0,16340.0,1009,16610670.0,TQBR
2024-05-21,16350.0,16370.0,16120.0,16150.0,325,5280980.0,TQBR
2024-05-22,16130.0,16350.0,16100.0,16120.0,355,5751400.0,TQBR
2024-05-23,16110.0,16180.0,15820.0,15910.0,521,8315860.0,TQBR
2024-05-24,15930.0,16050.0,15840.0,15850.0,331,5276870.0,TQBR
2024-05-27,15900.0,16030.0,15450.0,15500.0,640,10012620.0,TQBR
2024-05-28,15440.0,16170.0,15440.0,15900.0,806,12739450.0,TQBR
2024-05-29,15950.0,16010.0,15520.0,15580.0,537,8423900.0,TQBR
2024-05-30,15800.0,16100.0,15700.0,15900.0,299,4752410.0,TQBR
2024-05-31,15910.0,16300.0,15550.0,15550.0,578,9126330.0,TQBR
2024-06-03,15510.0,15640.0,13800.0,14430.0,2549,36598980.0,TQBR
2024-06-04,14720.0,15090.0,14120.0,14420.0,958,13937530.0,TQBR
2024-06-05,14470.0,14970.0,14470.0,14770.0,330,4864960.0,TQBR
2024-06-06,14760.0,14780.0,14480.0,14600.0,221,3239390.0,TQBR
2024-06-07,14610.0,14740.0,14500.0,14570.0,417,6090710.0,TQBR
2024-06-10,14520.0,14600.0,14470.0,14500.0,272,3953310.0,TQBR
2024-06-11,14500.0,14530.0,14200.0,14320.0,358,5143750.0,TQBR
2024-06-13,13600.0,14130.0,12280.0,14010.0,571,7898380.0,TQBR
2024-06-14,14010.0,15580.0,14010.0,14700.0,2478,36901290.0,TQBR
2024-06-17,14650.0,14680.0,14430.0,14470.0,363,5268520.0,TQBR
2024-06-18,14450.0,15010.0,14360.0,14740.0,966,14286960.0,TQBR
2024-06-19,14890.0,15980.0,14150.0,14250.0,2553,38614210.0,TQBR
2024-06-20,14290.0,14530.0,13930.0,14430.0,570,8103780.0,TQBR
2024-06-21,14440.0,14510.0,14300.0,14300.0,253,3631460.0,TQBR
2024-06-24,14290.0,14490.0,14050.0,14110.0,384,5463410.0,TQBR
2024-06-25,14110.0,14180.0,13870.0,13990.0,257,3602650.0,TQBR
2024-06-26,14090.0,14260.0,13980.0,14160.0,297,4187540.0,TQBR
2024-06-27,14100.0,14160.0,13980.0,13990.0,210,2950280.0,TQBR
2024-06-28,13970.0,14200.0,13820.0,13980.0,225,3158030.0,TQBR
2024-07-01,13870.0,14000.0,13800.0,13910.0,308,4281610.0,TQBR
2024-07-02,13890.0,13920.0,13630.0,13870.0,484,6699220.0,TQBR
2024-07-03,13870.0,15600.0,13840.0,14320.0,5442,80349170.0,TQBR
2024-07-04,14300.0,14520.0,13880.0,13940.0,746,10540950.0,TQBR
2024-07-05,13980.0,14090.0,13730.0,13910.0,390,5423310.0,TQBR
2024-07-08,13830.0,14010.0,13830.0,13880.0,131,1826820.0,TQBR
2024-07-09,13730.0,13920.0,13250.0,13490.0,643,8724330.0,TQBR
2024-07-10,13410.0,13410.0,12120.0,12180.0,833,10637400.0,TQBR
2024-07-11,12180.0,14000.0,12150.0,13530.0,1485,19955460.0,TQBR
2024-07-12,13640.0,13780.0,13350.0,13460.0,238,3221980.0,TQBR
2024-07-15,13460.0,13460.0,13050.0,13090.0,250,3312900.0,TQBR
2024-07-16,13190.0,13290.0,12980.0,13230.0,274,3592100.0,TQBR
2024-07-17,13460.0,14350.0,13450.0,13790.0,1114,15449700.0,TQBR
2024-07-18,13860.0,14260.0,13630.0,13780.0,399,5541590.0,TQBR
2024-07-19,13900.0,13900.0,13390.0,13620.0,419,5703140.0,TQBR
2024-07-22,13610.0,13850.0,13550.0,13620.0,213,2911980.0,TQBR
2024-07-23,13630.0,14000.0,13530.0,13850.0,402,5558910.0,TQBR
2024-07-24,13920.0,13960.0,13650.0,13840.0,157,2171700.0,TQBR
2024-07-25,13750.0,14000.0,13600.0,13660.0,151,2068050.0,TQBR
2024-07-26,13650.0,13700.0,13450.0,13510.0,211,2867320.0,TQBR
2024-07-29,13510.0,13520.0,13250.0,13330.0,137,1831850.0,TQBR
2024-07-30,13070.0,13580.0,12760.0,13180.0,762,9977370.0,TQBR
2024-07-31,13700.0,13730.0,13250.0,13270.0,338,4571530.0,TQBR
2024-08-01,13600.0,14480.0,13600.0,13780.0,1788,25073160.0,TQBR
2024-08-02,14290.0,14290.0,13550.0,13590.0,316,4346440.0,TQBR
2024-08-05,13550.0,13850.0,13000.0,13320.0,553,7411820.0,TQBR
2024-08-06,13400.0,13530.0,13150.0,13340.0,148,1976600.0,TQBR
2024-08-07,13330.0,13760.0,13230.0,13600.0,459,6174240.0,TQBR
2024-08-08,13660.0,14000.0,13250.0,13440.0,504,6896840.0,TQBR
2024-08-09,13290.0,13540.0,13280.0,13340.0,95,1271220.0,TQBR
2024-08-12,13250.0,13740.0,13250.0,13500.0,551,7440640.0,TQBR
2024-08-13,13630.0,13940.0,13500.0,13590.0,617,8446400.0,TQBR
2024-08-14,13880.0,13880.0,13480.0,13510.0,247,3364510.0,TQBR
2024-08-15,13660.0,13820.0,13530.0,13660.0,420,5752170.0,TQBR
2024-08-16,14000.0,14020.0,13600.0,13640.0,978,13530150.0,TQBR
2024-08-19,14050.0,14290.0,13480.0,13580.0,908,12571480.0,TQBR
2024-08-20,13640.0,13900.0,13610.0,13800.0,875,12035970.0,TQBR
2024-08-21,13810.0,13870.0,13610.0,13710.0,406,5571090.0,TQBR
2024-08-22,13710.0,13800.0,13070.0,13310.0,721,9683490.0,TQBR
2024-08-23,13300.0,13490.0,12810.0,12940.0,443,5804220.0,TQBR
2024-08-26,13240.0,13430.0,13010.0,13170.0,371,4913360.0,TQBR
2024-08-27,13230.0,13390.0,13000.0,13080.0,228,3014110.0,TQBR
2024-08-28,13110.0,13110.0,12700.0,12860.0,210,2706880.0,TQBR
2024-08-29,12900.0,13190.0,12900.0,12960.0,289,3748780.0,TQBR
2024-08-30,12860.0,12950.0,12630.0,12630.0,316,4039830.0,TQBR
2024-09-02,12610.0,12650.0,12000.0,12000.0,541,6584240.0,TQBR
2024-09-03,11940.0,12180.0,10620.0,11040.0,3264,36689930.0,TQBR
2024-09-04,11050.0,11240.0,10830.0,11070.0,735,8182590.0,TQBR
2024-09-05,11220.0,11770.0,11070.0,11210.0,1044,11799670.0,TQBR
2024-09-06,11180.0,11270.0,11020.0,11120.0,373,4141000.0,TQBR
2024-09-09,11170.0,11440.0,11170.0,11370.0,472,5354550.0,TQBR
2024-09-10,11450.0,11670.0,11400.0,11420.0,426,4912320.0,TQBR
2024-09-11,11360.0,13080.0,11360.0,11990.0,6410,78375470.0,TQBR
2024-09-12,12050.0,12180.0,11290.0,11420.0,1080,12463560.0,TQBR
2024-09-13,11510.0,11800.0,11100.0,11540.0,1002,11450620.0,TQBR
2024-09-16,11640.0,11850.0,11430.0,11700.0,780,9100780.0,TQBR
2024-09-17,11700.0,11800.0,11620.0,11690.0,622,7293920.0,TQBR
2024-09-18,11820.0,12000.0,11710.0,11770.0,288,3401620.0,TQBR
2024-09-19,11770.0,11990.0,11520.0,11800.0,494,5844860.0,TQBR
2024-09-20,11660.0,12410.0,11650.0,11960.0,1392,16718540.0,TQBR
2024-09-23,12270.0,12740.0,12090.0,12340.0,961,11818680.0,TQBR
2024-09-24,12350.0,12640.0,12120.0,12320.0,1729,21456100.0,TQBR
2024-09-25,12390.0,12510.0,12220.0,12380.0,635,7836050.0,TQBR
2024-09-26,12240.0,12420.0,12200.0,12210.0,369,4532050.0,TQBR
2024-09-27,12200.0,12220.0,12010.0,12130.0,280,3391340.0,TQBR
2024-09-30,12140.0,12270.0,12080.0,12150.0,213,2597490.0,TQBR
2024-10-01,12160.0,12290.0,11970.0,12250.0,332,4038300.0,TQBR
2024-10-02,12300.0,12350.0,11950.0,12130.0,293,3568730.0,TQBR
2024-10-03,12130.0,12150.0,11950.0,12140.0,376,4524000.0,TQBR
2024-10-04,12190.0,12380.0,12050.0,12260.0,633,7773440.0,TQBR
2024-10-07,12250.0,12330.0,12100.0,12170.0,134,1629220.0,TQBR
2024-10-08,12090.0,12260.0,12040.0,12200.0,168,2046070.0,TQBR
2024-10-09,12200.0,12230.0,11980.0,12000.0,327,3945610.0,TQBR
2024-10-10,11990.0,12120.0,11980.0,12000.0,116,1395170.0,TQBR
2024-10-11,12050.0,12600.0,11980.0,12030.0,1545,18944280.0,TQBR
2024-10-14,11990.0,12190.0,11980.0,12000.0,299,3603700.0,TQBR
2024-10-15,12100.0,12390.0,12030.0,12140.0,609,7452140.0,TQBR
2024-10-16,12140.0,12280.0,12100.0,12160.0,275,3347690.0,TQBR
2024-10-17,12110.0,12170.0,12090.0,12140.0,134,1624130.0,TQBR
2024-10-18,12090.0,12090.0,12000.0,12050.0,205,2465830.0,TQBR
2024-10-21,12160.0,12470.0,12010.0,12150.0,2496,30666540.0,TQBR
2024-10-22,12390.0,13490.0,12190.0,12910.0,4871,62882720.0,TQBR
2024-10-23,13000.0,13090.0,12200.0,12560.0,2418,30319810.0,TQBR
2024-10-24,12490.0,12490.0,12000.0,12100.0,927,11236110.0,TQBR
2024-10-25,12120.0,12250.0,11770.0,11940.0,610,7351530.0,TQBR
2024-10-28,11940.0,12300.0,11550.0,11700.0,495,5839090.0,TQBR
2024-10-29,11690.0,12090.0,11590.0,11730.0,581,6874090.0,TQBR
2024-10-30,11730.0,12000.0,11710.0,11800.0,418,4955110.0,TQBR
2024-10-31,11630.0,11920.0,11550.0,11580.0,269,3140890.0,TQBR
2024-11-01,11600.0,11860.0,11520.0,11600.0,227,2640340.0,TQBR
2024-11-02,11680.0,11680.0,11480.0,11560.0,127,1468000.0,TQBR
2024-11-05,11570.0,11670.0,11420.0,11510.0,164,1893350.0,TQBR
2024-11-06,11550.0,12070.0,11240.0,11560.0,1096,12650560.0,TQBR
2024-11-07,11640.0,11640.0,11410.0,11550.0,435,5029300.0,TQBR
2024-11-08,11590.0,11640.0,11460.0,11500.0,230,2648070.0,TQBR
2024-11-11,11550.0,11550.0,11440.0,11490.0,259,2975520.0,TQBR
2024-11-12,11500.0,11820.0,11460.0,11490.0,651,7524200.0,TQBR
2024-11-13,11420.0,12110.0,11420.0,12110.0,1830,21559420.0,TQBR
2024-11-14,12200.0,12520.0,11550.0,11890.0,2951,35161740.0,TQBR
2024-11-15,11890.0,11900.0,11750.0,11850.0,652,7726890.0,TQBR
2024-11-18,11850.0,12240.0,11710.0,11990.0,950,11361970.0,TQBR
2024-11-19,12010.0,12400.0,11870.0,12060.0,1379,16660650.0,TQBR
2024-11-20,12140.0,12140.0,11980.0,11980.0,255,3078150.0,TQBR
2024-11-21,12060.0,12120.0,11850.0,11910.0,368,4394430.0,TQBR
2024-11-22,12090.0,12160.0,11960.0,12000.0,596,7198780.0,TQBR
2024-11-25,12110.0,12110.0,11850.0,11910.0,481,5747880.0,TQBR
2024-11-26,11860.0,12010.0,11090.0,11860.0,1028,11961560.0,TQBR
2024-11-27,11850.0,11850.0,11130.0,11680.0,604,6973780.0,TQBR
2024-11-28,11790.0,11900.0,11700.0,11750.0,293,3454370.0,TQBR
2024-11-29,11860.0,12300.0,11810.0,11940.0,993,11954470.0,TQBR
2024-12-02,12140.0,12260.0,11950.0,12090.0,568,6850580.0,TQBR
2024-12-03,12100.0,12100.0,11920.0,11950.0,372,4457680.0,TQBR
2024-12-04,12010.0,12050.0,11920.0,11970.0,198,2377550.0,TQBR
2024-12-05,11850.0,12080.0,11850.0,12080.0,176,2103310.0,TQBR
2024-12-06,12080.0,12290.0,12000.0,12280.0,687,8337800.0,TQBR
2024-12-09,12280.0,12900.0,12010.0,12380.0,1083,13405880.0,TQBR
2024-12-10,12490.0,12650.0,12300.0,12540.0,644,8054370.0,TQBR
2024-12-11,12700.0,13050.0,12540.0,12980.0,965,12402710.0,TQBR
2024-12-12,12970.0,15150.0,12840.0,13610.0,6881,97752560.0,TQBR
2024-12-13,13710.0,15000.0,13610.0,14100.0,4584,66066020.0,TQBR
2024-12-16,14390.0,16000.0,14190.0,15820.0,8954,136888690.0,TQBR
2024-12-17,15900.0,19140.0,15900.0,18790.0,18250,329396710.0,TQBR
2024-12-18,19000.0,20000.0,17350.0,18100.0,17245,327458340.0,TQBR
2024-12-19,17950.0,18250.0,15000.0,15130.0,14276,236347850.0,TQBR
2024-12-20,15140.0,16640.0,15010.0,16400.0,7909,126831720.0,TQBR
2024-12-23,16800.0,17990.0,16650.0,17990.0,8389,147986470.0,TQBR
2024-12-24,18270.0,19000.0,17350.0,17900.0,7366,136377130.0,TQBR
2024-12-25,17960.0,18860.0,17900.0,18330.0,5290,97349230.0,TQBR
2024-12-26,18320.0,18560.0,17350.0,17900.0,7826,140257440.0,TQBR
2024-12-27,16700.0,16850.0,15810.0,16260.0,6288,102710600.0,TQBR
2024-12-28,16260.0,16350.0,14630.0,15210.0,3459,53808960.0,TQBR
2024-12-30,14770.0,15790.0,14110.0,15230.0,3301,50107480.0,TQBR
2025-01-03,15440.0,15900.0,15230.0,15540.0,1766,27467420.0,TQBR
2025-01-06,15460.0,15710.0,15260.0,15310.0,591,9136440.0,TQBR
2025-01-08,15480.0,16000.0,15230.0,15720.0,2022,31813420.0,TQBR
2025-01-09,15830.0,16000.0,14860.0,15190.0,2853,44018190.0,TQBR
2025-01-10,15220.0,15500.0,14630.0,15110.0,1920,28838000.0,TQBR
2025-01-13,15280.0,15300.0,15000.0,15110.0,1054,15953670.0,TQBR
2025-01-14,15080.0,15290.0,15020.0,15190.0,847,12881370.0,TQBR
2025-01-15,15480.0,15480.0,15120.0,15150.0,342,5210220.0,TQBR
2025-01-16,15350.0,15350.0,15080.0,15170.0,666,10117000.0,TQBR
2025-01-17,15160.0,15180.0,15000.0,15030.0,693,10466070.0,TQBR
2025-01-20,15040.0,15040.0,14390.0,14840.0,1743,25735620.0,TQBR
2025-01-21,14970.0,14970.0,14750.0,14790.0,713,10573410.0,TQBR
2025-01-22,14870.0,14950.0,14700.0,14800.0,698,10362810.0,TQBR
2025-01-23,14830.0,15030.0,14650.0,14920.0,1312,19566420.0,TQBR
2025-01-24,15050.0,15300.0,14800.0,14850.0,1620,24300600.0,TQBR
2025-01-27,14900.0,14950.0,14790.0,14790.0,663,9848290.0,TQBR
2025-01-28,14730.0,14850.0,14720.0,14800.0,203,3000360.0,TQBR
2025-01-29,14840.0,15030.0,14780.0,14790.0,580,8623890.0,TQBR
2025-01-30,14880.0,14880.0,14760.0,14790.0,404,5982930.0,TQBR
2025-01-31,14810.0,14870.0,14720.0,14730.0,690,10202230.0,TQBR
2025-02-03,14800.0,14850.0,14500.0,14820.0,553,8161400.0,TQBR
2025-02-04,14850.0,14940.0,14700.0,14750.0,749,11086130.0,TQBR
2025-02-05,14820.0,16000.0,14780.0,15500.0,9633,148615960.0,TQBR
2025-02-06,15570.0,16000.0,14790.0,14980.0,2998,45720260.0,TQBR
2025-02-07,15150.0,15150.0,14750.0,14800.0,626,9315710.0,TQBR
2025-02-10,14900.0,14960.0,14770.0,14910.0,596,8863620.0,TQBR
2025-02-11,14960.0,15010.0,14810.0,14910.0,452,6727630.0,TQBR
2025-02-12,14900.0,14990.0,14800.0,14800.0,580,8635880.0,TQBR
2025-02-13,14910.0,15140.0,14630.0,14750.0,1302,19319830.0,TQBR
2025-02-14,14750.0,14880.0,14720.0,14740.0,459,6794920.0,TQBR
2025-02-17,14820.0,14900.0,14780.0,14800.0,303,4490380.0,TQBR
2025-02-18,14800.0,14820.0,14680.0,14700.0,488,7184180.0,TQBR
2025-02-19,14700.0,14960.0,14670.0,14730.0,1115,16502210.0,TQBR
2025-02-20,14750.0,14920.0,14740.0,14740.0,578,8561090.0,TQBR
2025-02-21,14750.0,14900.0,14740.0,14830.0,372,5511310.0,TQBR
2025-02-24,14870.0,15060.0,14770.0,14810.0,663,9887940.0,TQBR
2025-02-25,14830.0,14900.0,14690.0,14700.0,571,8431180.0,TQBR
2025-02-26,14750.0,14790.0,14530.0,14560.0,643,9408650.0,TQBR
2025-02-27,14510.0,14560.0,14140.0,14430.0,736,10592270.0,TQBR
2025-02-28,14190.0,14430.0,14080.0,14100.0,723,10234320.0,TQBR
2025-03-03,14280.0,14280.0,14020.0,14060.0,173,2435800.0,TQBR
2025-03-04,14090.0,14230.0,14080.0,14180.0,182,2577210.0,TQBR
2025-03-05,14200.0,14420.0,14160.0,14300.0,440,6278780.0,TQBR
2025-03-06,14350.0,14350.0,14110.0,14170.0,335,4745030.0,TQBR
2025-03-07,14180.0,14220.0,14030.0,14030.0,356,5025990.0,TQBR
2025-03-10,14110.0,14200.0,13720.0,13990.0,791,11064890.0,TQBR
2025-03-11,14020.0,14430.0,13870.0,14000.0,916,12913250.0,TQBR
2025-03-12,14000.0,14060.0,13890.0,13910.0,285,3982420.0,TQBR
2025-03-13,13900.0,13960.0,13510.0,13710.0,618,8511750.0,TQBR
2025-03-14,13710.0,14100.0,13700.0,13900.0,427,5938570.0,TQBR
2025-03-17,13920.0,14420.0,13920.0,14000.0,707,9976140.0,TQBR
2025-03-18,14040.0,14300.0,14010.0,14050.0,513,7249730.0,TQBR
2025-03-19,14010.0,14420.0,13900.0,14100.0,405,5740690.0,TQBR
2025-03-20,14110.0,14190.0,14010.0,14020.0,102,1438280.0,TQBR
2025-03-21,14020.0,14200.0,13840.0,13840.0,193,2710550.0,TQBR
2025-03-24,13960.0,14140.0,13830.0,13860.0,118,1649070.0,TQBR
2025-03-25,14250.0,14250.0,13720.0,13760.0,293,4080740.0,TQBR
2025-03-26,13770.0,14210.0,13770.0,13820.0,420,5836130.0,TQBR
2025-03-27,13790.0,13790.0,13500.0,13550.0,310,4224630.0,TQBR
2025-03-28,13540.0,13860.0,13500.0,13600.0,267,3647930.0,TQBR
2025-03-31,13410.0,13800.0,13300.0,13320.0,355,4795200.0,TQBR
2025-04-01,13400.0,13630.0,13300.0,13500.0,340,4557470.0,TQBR
2025-04-02,13390.0,13510.0,13310.0,13320.0,244,3256410.0,TQBR
2025-04-03,13330.0,13570.0,13080.0,13080.0,233,3100070.0,TQBR
2025-04-04,13080.0,13150.0,12930.0,12930.0,359,4682810.0,TQBR
2025-04-07,12850.0,12900.0,12200.0,12300.0,597,7450430.0,TQBR
2025-04-08,12610.0,12800.0,12500.0,12720.0,165,2096180.0,TQBR
2025-04-09,12720.0,12970.0,12020.0,12120.0,459,5662000.0,TQBR
2025-04-10,12250.0,12820.0,12250.0,12380.0,405,5064640.0,TQBR
2025-04-11,12580.0,13150.0,12460.0,12580.0,695,8809620.0,TQBR
2025-04-14,12640.0,12830.0,12420.0,12480.0,334,4210740.0,TQBR
2025-04-15,12480.0,12690.0,12430.0,12500.0,76,952410.0,TQBR
2025-04-16,12600.0,13960.0,12560.0,13180.0,1888,25154500.0,TQBR
2025-04-17,13570.0,13570.0,13100.0,13100.0,189,2505110.0,TQBR
2025-04-18,13130.0,13490.0,12950.0,13000.0,237,3124360.0,TQBR
2025-04-21,13240.0,13240.0,13050.0,13070.0,240,3150270.0,TQBR
2025-04-22,13170.0,13430.0,12910.0,13140.0,231,3029020.0,TQBR
2025-04-23,12930.0,13300.0,12620.0,12790.0,653,8448410.0,TQBR
2025-04-24,12950.0,12970.0,12520.0,12680.0,346,4398180.0,TQBR
2025-04-25,12660.0,12670.0,12500.0,12500.0,317,3984160.0,TQBR
2025-04-28,12620.0,12910.0,12520.0,12640.0,269,3407210.0,TQBR
2025-04-29,12650.0,12700.0,12520.0,12540.0,109,1372360.0,TQBR
2025-04-30,12540.0,12560.0,12400.0,12450.0,106,1322250.0,TQBR
2025-05-02,12470.0,12500.0,12250.0,12400.0,90,1115060.0,TQBR
2025-05-05,12230.0,12440.0,12230.0,12310.0,100,1231870.0,TQBR
2025-05-06,12330.0,12630.0,12300.0,12450.0,108,1343870.0,TQBR
2025-05-07,12330.0,12590.0,12240.0,12300.0,299,3706990.0,TQBR
2025-05-08,12250.0,12470.0,12200.0,12290.0,115,1419910.0,TQBR
2025-05-12,12330.0,12600.0,12320.0,12420.0,299,3719550.0,TQBR
2025-05-13,12340.0,12400.0,12300.0,12310.0,58,715380.0,TQBR
2025-05-14,12260.0,12320.0,12250.0,12320.0,77,946060.0,TQBR
2025-05-15,12300.0,12300.0,12190.0,12220.0,93,1136060.0,TQBR
2025-05-16,12290.0,12340.0,12180.0,12220.0,64,784950.0,TQBR
2025-05-19,12330.0,12460.0,12180.0,12210.0,266,3265040.0,TQBR
2025-05-20,12210.0,12390.0,12040.0,12250.0,242,2948410.0,TQBR
2025-05-21,12240.0,12240.0,12090.0,12090.0,90,1094390.0,TQBR
2025-05-22,12070.0,12220.0,11980.0,12070.0,231,2786880.0,TQBR
2025-05-23,12010.0,12060.0,11950.0,12030.0,100,1200190.0,TQBR
2025-05-26,11920.0,11940.0,11420.0,11440.0,518,6018590.0,TQBR
2025-05-27,11510.0,11630.0,11360.0,11500.0,216,2485890.0,TQBR
2025-05-28,12150.0,12150.0,11510.0,11670.0,175,2053090.0,TQBR
2025-05-29,11710.0,11970.0,11450.0,11790.0,162,1902360.0,TQBR
2025-05-30,11730.0,11840.0,11650.0,11780.0,86,1011460.0,TQBR
2025-06-02,11770.0,11770.0,11570.0,11640.0,149,1733720.0,TQBR
2025-06-03,11700.0,14100.0,11640.0,12400.0,1768,22687460.0,TQBR
2025-06-04,12400.0,12660.0,12160.0,12260.0,322,3965330.0,TQBR
2025-06-05,12250.0,12530.0,12220.0,12390.0,172,2127220.0,TQBR
2025-06-06,12430.0,12720.0,12160.0,12170.0,284,3530720.0,TQBR
2025-06-09,12120.0,12150.0,12010.0,12070.0,54,652930.0,TQBR
2025-06-10,12100.0,12160.0,11860.0,12030.0,71,853080.0,TQBR
2025-06-11,12030.0,12040.0,11890.0,11960.0,50,598740.0,TQBR
2025-06-13,12050.0,12050.0,11720.0,11910.0,119,1416330.0,TQBR
2025-06-16,11910.0,11930.0,11750.0,11850.0,91,1076040.0,TQBR
2025-06-17,11830.0,11890.0,11630.0,11890.0,130,1530370.0,TQBR
2025-06-18,11860.0,12250.0,11850.0,12080.0,206,2478120.0,TQBR
2025-06-19,11950.0,12440.0,11210.0,11800.0,2186,25376480.0,TQBR
2025-06-20,11780.0,11790.0,11570.0,11750.0,381,4473880.0,TQBR
2025-06-23,11750.0,11750.0,11430.0,11550.0,236,2722900.0,TQBR
2025-06-24,11420.0,11590.0,11240.0,11500.0,122,1402280.0,TQBR
2025-06-25,11550.0,11660.0,11500.0,11660.0,131,1511210.0,TQBR
2025-06-26,11620.0,11860.0,11520.0,11640.0,236,2747130.0,TQBR
2025-06-27,11630.0,11630.0,11520.0,11520.0,105,1215070.0,TQBR
2025-06-30,11560.0,11850.0,11560.0,11650.0,251,2936600.0,TQBR
2025-07-01,11800.0,12100.0,11720.0,11900.0,440,5230590.0,TQBR
2025-07-02,11830.0,12150.0,11640.0,11800.0,250,2954040.0,TQBR
2025-07-03,11790.0,11850.0,11700.0,11790.0,126,1483800.0,TQBR
2025-07-04,11830.0,11860.0,11390.0,11700.0,481,5623350.0,TQBR
2025-07-07,11640.0,12050.0,11500.0,11580.0,457,5358520.0,TQBR
2025-07-08,11470.0,11560.0,11350.0,11440.0,214,2452400.0,TQBR
2025-07-09,11490.0,11500.0,9050.0,9050.0,3583,34794870.0,TQBR
2025-07-10,9050.0,9200.0,5940.0,5940.0,3205,22331220.0,TQBR
2025-07-11,5350.0,5850.0,5340.0,5340.0,1464,7830970.0,TQBR
2025-07-14,5180.0,5180.0,3720.0,4340.0,11010,46897770.0,TQBR
2025-07-15,4340.0,4740.0,3920.0,3960.0,5149,21319060.0,TQBR
2025-07-16,3940.0,4100.0,3660.0,3690.0,3012,11519740.0,TQBR
2025-07-17,3690.0,4000.0,3440.0,3630.0,5106,18549820.0,TQBR
2025-07-18,3700.0,3780.0,3400.0,3670.0,2819,10246030.0,TQBR
2025-07-21,3670.0,5070.0,3670.0,5070.0,12800,57973910.0,TQBR
2025-07-22,5060.0,5060.0,4690.0,5060.0,11201,55851480.0,TQBR
2025-07-23,5250.0,5560.0,5060.0,5560.0,9485,51162990.0,TQBR
2025-07-24,5570.0,6790.0,5290.0,6790.0,10313,63266020.0,TQBR
2025-07-25,6780.0,6780.0,6570.0,6750.0,2512,16983130.0,TQBR
2025-07-28,6970.0,7440.0,6790.0,7440.0,3181,23015590.0,TQBR
2025-07-29,7460.0,7460.0,7210.0,7460.0,1389,10349550.0,TQBR
2025-07-30,8000.0,8190.0,7670.0,8190.0,1769,14379720.0,TQBR
2025-07-31,8980.0,8990.0,8660.0,8990.0,1046,9391880.0,TQBR
2025-08-01,9850.0,9860.0,9310.0,9860.0,1684,16551560.0,TQBR
2025-08-04,10800.0,10820.0,10610.0,10820.0,1615,17457140.0,TQBR
2025-08-05,11640.0,11890.0,8440.0,8440.0,20115,194716680.0,TQBR
2025-08-06,7720.0,8150.0,6580.0,6580.0,6111,41982020.0,TQBR
2025-08-07,5940.0,7240.0,5290.0,7240.0,8393,56648560.0,TQBR
2025-08-08,7940.0,7940.0,7400.0,7940.0,6289,49483040.0,TQBR
2025-08-11,8300.0,8710.0,7310.0,8130.0,12425,101525910.0,TQBR
2025-08-12,8180.0,8200.0,7500.0,7650.0,4469,34603300.0,TQBR
2025-08-13,7630.0,8000.0,7450.0,7500.0,2825,21742130.0,TQBR
2025-08-14,7530.0,7960.0,7520.0,7740.0,4396,34244740.0,TQBR
2025-08-15,7840.0,8570.0,7800.0,7950.0,6944,56426870.0,TQBR
2025-08-18,7900.0,7900.0,7030.0,7300.0,5759,42370490.0,TQBR
2025-08-19,6760.0,7510.0,6760.0,7030.0,3217,23118840.0,TQBR
2025-08-20,7050.0,7290.0,6500.0,6680.0,2631,18110450.0,TQBR
2025-08-21,6520.0,6760.0,5950.0,6670.0,5010,31860920.0,TQBR
2025-08-22,6640.0,6660.0,6210.0,6210.0,2737,17763230.0,TQBR
2025-08-25,6200.0,6980.0,6200.0,6980.0,7191,48570920.0,TQBR
2025-08-26,7220.0,7670.0,7210.0,7670.0,9163,69453180.0,TQBR
2025-08-27,8270.0,8270.0,7060.0,7450.0,6842,51390990.0,TQBR
2025-08-28,7310.0,7440.0,6840.0,6940.0,3199,22482650.0,TQBR
2025-08-29,7020.0,7200.0,6610.0,6760.0,1698,11607960.0,TQBR
2025-09-01,6770.0,7490.0,6710.0,7170.0,4144,29665050.0,TQBR
2025-09-02,7190.0,7190.0,6820.0,6940.0,1245,8693230.0,TQBR
2025-09-03,6940.0,7090.0,6910.0,6940.0,755,5277040.0,TQBR
2025-09-04,7020.0,7030.0,6840.0,6880.0,887,6121560.0,TQBR
2025-09-05,6840.0,6920.0,6820.0,6850.0,459,3152610.0,TQBR
2025-09-08,6760.0,6920.0,6650.0,6750.0,1149,7799680.0,TQBR
2025-09-09,6740.0,6770.0,6600.0,6640.0,777,5190190.0,TQBR
2025-09-10,6580.0,6650.0,6500.0,6570.0,1210,7946540.0,TQBR
2025-09-11,6610.0,6710.0,6550.0,6670.0,916,6044610.0,TQBR
2025-09-12,6720.0,6740.0,6360.0,6560.0,923,6066320.0,TQBR
2025-09-15,6610.0,6740.0,6460.0,6480.0,928,6138260.0,TQBR
2025-09-16,6490.0,6490.0,6190.0,6370.0,925,5831170.0,TQBR
2025-09-17,6310.0,6920.0,6300.0,6700.0,2493,16482580.0,TQBR
2025-09-18,6730.0,6730.0,6410.0,6520.0,525,3436170.0,TQBR
2025-09-19,6570.0,6570.0,6330.0,6460.0,467,3019660.0,TQBR
2025-09-22,6390.0,6640.0,6210.0,6350.0,700,4478900.0,TQBR
2025-09-23,6400.0,6500.0,6200.0,6280.0,619,3937960.0,TQBR
2025-09-24,6340.0,6480.0,6100.0,6360.0,658,4140230.0,TQBR
2025-09-25,6360.0,6390.0,6100.0,6240.0,304,1895780.0,TQBR
2025-09-26,6290.0,6350.0,6040.0,6230.0,561,3472660.0,TQBR
2025-09-29,6300.0,6470.0,6020.0,6110.0,1117,6898000.0,TQBR
2025-09-30,6070.0,6300.0,6000.0,6020.0,768,4688810.0,TQBR
2025-10-01,6110.0,7320.0,5900.0,6130.0,6316,41531380.0,TQBR
2025-10-02,6320.0,6320.0,5920.0,6080.0,831,5029980.0,TQBR
2025-10-03,6100.0,6230.0,5980.0,6000.0,592,3614970.0,TQBR
2025-10-06,6030.0,6110.0,5840.0,6030.0,775,4653340.0,TQBR
2025-10-07,6080.0,6080.0,5970.0,6020.0,261,1574210.0,TQBR
2025-10-08,6040.0,6050.0,5840.0,6000.0,617,3675660.0,TQBR
2025-10-09,5950.0,6030.0,5840.0,6020.0,286,1704820.0,TQBR
2025-10-10,6020.0,6050.0,5890.0,5940.0,430,2575340.0,TQBR
2025-10-13,6010.0,6070.0,5890.0,5980.0,610,3659050.0,TQBR
2025-10-14,6010.0,6010.0,5860.0,5910.0,438,2617170.0,TQBR
2025-10-15,5960.0,6030.0,5740.0,5990.0,450,2673030.0,TQBR
2025-10-16,6030.0,6120.0,5880.0,6020.0,495,2973930.0,TQBR
2025-10-17,6050.0,6070.0,5910.0,6000.0,474,2843510.0,TQBR
2025-10-20,6010.0,6240.0,5960.0,6220.0,1037,6312530.0,TQBR
2025-10-21,6240.0,6260.0,5910.0,6030.0,425,2567230.0,TQBR
2025-10-22,5970.0,6030.0,5930.0,5980.0,190,1137280.0,TQBR
2025-10-23,5960.0,6100.0,5900.0,5960.0,233,1392350.0,TQBR
2025-10-24,5970.0,6010.0,5910.0,5980.0,126,750770.0,TQBR
2025-10-27,5990.0,5990.0,5800.0,5820.0,225,1318880.0,TQBR
2025-10-28,5830.0,6070.0,5760.0,5840.0,444,2611890.0,TQBR
2025-10-29,5860.0,5880.0,5780.0,5780.0,116,675850.0,TQBR
2025-10-30,5770.0,5800.0,5590.0,5590.0,462,2639850.0,TQBR
2025-10-31,5610.0,6230.0,5540.0,5890.0,2264,13523980.0,TQBR
2025-11-01,5860.0,6190.0,5860.0,6000.0,215,1294390.0,TQBR
2025-11-03,6060.0,6280.0,5980.0,6030.0,264,1611290.0,TQBR
2025-11-05,5930.0,6040.0,5860.0,5900.0,461,2733370.0,TQBR
2025-11-06,5900.0,5980.0,5810.0,5880.0,358,2101090.0,TQBR
2025-11-07,5840.0,5890.0,5820.0,5850.0,247,1445370.0,TQBR
2025-11-10,5910.0,5920.0,5680.0,5850.0,306,1786320.0,TQBR
2025-11-11,5850.0,6100.0,5810.0,5900.0,1260,7509450.0,TQBR
2025-11-12,5910.0,6030.0,5720.0,5810.0,789,4627740.0,TQBR
2025-11-13,5750.0,5880.0,5730.0,5810.0,286,1657960.0,TQBR
2025-11-14,5760.0,5970.0,5760.0,5840.0,784,4619980.0,TQBR
2025-11-17,5850.0,6040.0,5790.0,5800.0,1096,6466410.0,TQBR
2025-11-18,5880.0,5880.0,5790.0,5860.0,348,2027550.0,TQBR
2025-11-19,5840.0,5920.0,5800.0,5870.0,384,2251480.0,TQBR
2025-11-20,5850.0,5900.0,5830.0,5850.0,321,1884230.0,TQBR
2025-11-21,5900.0,6040.0,5840.0,5870.0,908,5387830.0,TQBR
2025-11-24,5880.0,5930.0,5850.0,5850.0,245,1441800.0,TQBR
2025-11-25,5920.0,5920.0,5800.0,5890.0,215,1258570.0,TQBR
2025-11-26,5910.0,6050.0,5850.0,5910.0,489,2909660.0,TQBR
2025-11-27,5920.0,5940.0,5860.0,5860.0,181,1066350.0,TQBR
2025-11-28,5860.0,5920.0,5800.0,5850.0,317,1853960.0,TQBR
2025-12-01,5860.0,6020.0,5800.0,5850.0,886,5203680.0,TQBR
2025-12-02,5920.0,5920.0,5810.0,5850.0,347,2028250.0,TQBR
2025-12-03,5840.0,5870.0,5760.0,5780.0,665,3860630.0,TQBR
2025-12-04,5790.0,5830.0,5770.0,5820.0,181,1050500.0,TQBR
2025-12-05,5800.0,5840.0,5780.0,5810.0,320,1857550.0,TQBR
2025-12-08,5790.0,5850.0,5770.0,5770.0,295,1713620.0,TQBR
2025-12-09,5780.0,5810.0,5760.0,5760.0,428,2472790.0,TQBR
2025-12-10,5770.0,5780.0,5500.0,5690.0,1013,5771080.0,TQBR
2025-12-11,5710.0,5710.0,5550.0,5580.0,1384,7735230.0,TQBR
2025-12-12,5580.0,5660.0,5550.0,5610.0,468,2629710.0,TQBR
2025-12-15,5640.0,5760.0,5530.0,5650.0,728,4089600.0,TQBR
2025-12-16,5760.0,5820.0,5610.0,5700.0,626,3569520.0,TQBR
2025-12-17,5690.0,5700.0,5620.0,5620.0,206,1165520.0,TQBR
2025-12-18,5680.0,5680.0,5600.0,5610.0,221,1243030.0,TQBR
2025-12-19,5620.0,5700.0,5540.0,5580.0,921,5144700.0,TQBR
2025-12-22,5580.0,6120.0,5550.0,6120.0,4955,29372050.0,TQBR
2025-12-23,6500.0,6720.0,6500.0,6720.0,2515,16837330.0,TQBR
2025-12-24,7380.0,7380.0,7040.0,7380.0,2085,15367680.0,TQBR
2025-12-25,7560.0,7830.0,6200.0,6300.0,12795,85320320.0,TQBR
2025-12-26,6390.0,6920.0,6330.0,6780.0,12432,83155600.0,TQBR
2025-12-29,6790.0,6790.0,6240.0,6380.0,6417,41491070.0,TQBR
2025-12-30,6420.0,6480.0,6130.0,6280.0,1624,10257220.0,TQBR
2026-01-05,6280.0,6320.0,6170.0,6190.0,1016,6339760.0,TQBR
2026-01-06,6190.0,6230.0,5920.0,6120.0,1257,7685070.0,TQBR
2026-01-08,6130.0,6670.0,5920.0,6210.0,2919,18560030.0,TQBR
2026-01-09,6210.0,6310.0,6100.0,6170.0,1046,6454820.0,TQBR
2026-01-12,6150.0,6470.0,6150.0,6300.0,2501,15777260.0,TQBR
2026-01-13,6300.0,6440.0,6100.0,6200.0,1679,10450730.0,TQBR
2026-01-14,6170.0,6280.0,6100.0,6200.0,1079,6674510.0,TQBR
2026-01-15,6200.0,6250.0,6140.0,6190.0,815,5041720.0,TQBR
2026-01-16,6200.0,6260.0,6150.0,6220.0,727,4507060.0,TQBR
2026-01-19,6180.0,6330.0,6150.0,6200.0,1785,11081730.0,TQBR
2026-01-20,6190.0,6390.0,6140.0,6170.0,1273,7919040.0,TQBR
2026-01-21,6160.0,6770.0,6150.0,6770.0,14662,96198880.0,TQBR
2026-01-22,6900.0,7320.0,6430.0,6600.0,7768,52499200.0,TQBR
2026-01-23,6600.0,6740.0,6410.0,6550.0,3003,19726930.0,TQBR
2026-01-26,6570.0,6970.0,6510.0,6670.0,3793,25353320.0,TQBR
2026-01-27,6640.0,6710.0,6560.0,6560.0,1015,6726110.0,TQBR
2026-01-28,6620.0,7290.0,6620.0,7290.0,11519,81461630.0,TQBR
2026-01-29,7510.0,7770.0,7290.0,7310.0,13956,105270600.0,TQBR
2026-01-30,7480.0,7770.0,7020.0,7100.0,2775,20188230.0,TQBR
2026-02-02,7090.0,7090.0,6700.0,6730.0,2930,19996930.0,TQBR
2026-02-03,6730.0,7100.0,6700.0,6880.0,2641,18256640.0,TQBR
2026-02-04,6890.0,7040.0,6790.0,6790.0,1267,8726480.0,TQBR
2026-02-05,6790.0,6790.0,6570.0,6600.0,812,5398180.0,TQBR
2026-02-06,6660.0,6690.0,6370.0,6380.0,984,6446440.0,TQBR
2026-02-09,6530.0,6570.0,6190.0,6260.0,2741,17439060.0,TQBR
2026-02-10,6250.0,6440.0,6010.0,6040.0,2006,12412460.0,TQBR
2026-02-11,6010.0,6050.0,5870.0,5910.0,1867,11106300.0,TQBR
2026-02-12,5970.0,6390.0,5700.0,5720.0,3745,22088270.0,TQBR
2026-02-13,5690.0,5800.0,5540.0,5620.0,2865,16130170.0,TQBR
2026-02-16,5510.0,5630.0,4350.0,4350.0,14588,70649090.0,TQBR
2026-02-17,4340.0,4350.0,3640.0,3890.0,16994,65596270.0,TQBR
2026-02-18,3850.0,4230.0,3640.0,4100.0,10270,42364130.0,TQBR
2026-02-19,4140.0,4620.0,4140.0,4620.0,12815,57280300.0,TQBR
2026-02-20,4680.0,5040.0,4680.0,5000.0,15054,74346300.0,TQBR
2026-02-24,5010.0,5020.0,3900.0,4320.0,14483,63728080.0,TQBR
2026-02-25,4390.0,4400.0,4020.0,4210.0,5906,24888420.0,TQBR
2026-02-26,4160.0,4250.0,3870.0,4000.0,4634,18652900.0,TQBR
2026-02-27,4000.0,4030.0,3800.0,3850.0,2596,10048860.0,TQBR
2026-03-02,3840.0,4050.0,3730.0,3740.0,9893,38264180.0,TQBR
2026-03-03,3720.0,3770.0,3440.0,3470.0,4150,14665320.0,TQBR
2026-03-04,3460.0,3460.0,2900.0,3030.0,8301,25907880.0,TQBR
2026-03-05,3030.0,3030.0,2640.0,2650.0,9386,25919910.0,TQBR
2026-03-06,2680.0,2840.0,2430.0,2520.0,9272,24108310.0,TQBR
2026-03-09,2460.0,2780.0,2310.0,2780.0,5499,14280760.0,TQBR
2026-03-10,2790.0,2980.0,2670.0,2720.0,4083,11640520.0,TQBR
2026-03-11,2760.0,2810.0,2600.0,2640.0,1817,4843440.0,TQBR
2026-03-12,2650.0,2680.0,2260.0,2420.0,10795,26083070.0,TQBR
2026-03-13,2400.0,2420.0,2280.0,2300.0,2684,6272070.0,TQBR
2026-03-16,2300.0,2320.0,2050.0,2090.0,4483,9822130.0,TQBR
2026-03-17,2060.0,2120.0,1830.0,1890.0,5651,10970580.0,TQBR
2026-03-18,1880.0,1950.0,1650.0,1710.0,5311,9573430.0,TQBR
2026-03-19,1860.0,1860.0,1560.0,1580.0,2981,4954980.0,TQBR
2026-03-20,1540.0,1590.0,1420.0,1460.0,3689,5547400.0,TQBR
2026-03-23,1400.0,1430.0,1250.0,1300.0,4703,6177780.0,TQBR
2026-03-24,1340.0,1340.0,1220.0,1260.0,2490,3154780.0,TQBR
2026-03-25,1230.0,1380.0,1170.0,1380.0,5886,7948570.0,TQBR
2026-03-26,1420.0,1510.0,1260.0,1260.0,10275,14869520.0,TQBR
