date,open,high,low,close,volume,value,board
2011-02-17,704.0,1600.0,704.0,1600.0,30,25600.0,EQNE
2011-02-28,1600.0,2240.0,1600.0,2240.0,11,23989.0,EQNE
2011-03-01,3117.3,3134.5,3117.3,3134.5,5,15655.3,EQNE
2011-03-02,4344.2,4388.3,2200.0,2401.0,320,1000330.6,EQNE
2011-03-03,2200.0,2400.0,1861.0,2120.0,639,1338720.9,EQNE
2011-03-04,2140.0,2280.0,1922.2,2000.0,153,308070.9,EQNE
2011-03-05,1901.0,2000.0,1755.0,1889.2,114,214549.9,EQNE
2011-03-09,1800.0,1869.9,1500.0,1684.0,276,442287.5,EQNE
2011-03-10,1555.6,1570.2,1407.0,1499.9,152,231486.4,EQNE
2011-03-11,1450.0,1601.0,1450.0,1497.1,18,28065.2,EQNE
2011-03-14,1438.8,1500.0,1400.0,1400.0,84,120679.8,EQNE
2011-03-15,1400.0,1749.9,1300.2,1548.8,97,142614.3,EQNE
2011-03-16,1426.0,1525.0,1300.4,1525.0,20,27579.7,EQNE
2011-03-17,1540.0,1540.0,1540.0,1540.0,1,1540.0,EQNE
2011-03-18,1590.0,1590.0,1590.0,1590.0,1,1590.0,EQNE
2011-03-21,1500.0,1600.0,1460.1,1499.6,59,89067.9,EQNE
2011-03-22,1649.9,1649.9,1465.5,1489.8,13,19615.9,EQNE
2011-03-23,1450.6,1450.6,1450.6,1450.6,2,2901.2,EQNE
2011-03-24,1506.0,1506.0,1451.0,1500.0,86,128608.9,EQNE
2011-03-25,1619.9,1620.0,1600.0,1611.0,27,43710.8,EQNE
2011-03-28,1477.7,2200.0,1450.0,2200.0,271,473627.8,EQNE
2011-03-29,2379.3,2750.0,1835.0,1902.0,260,524402.3,EQNE
2011-03-30,2047.8,2662.8,1801.5,2662.8,717,1782269.2,EQNE
2011-03-31,3185.0,3692.9,2500.2,3001.0,1316,4056132.4,EQNE
2011-04-01,3377.7,3438.8,2748.0,2894.7,350,1036425.4,EQNE
2011-04-04,2943.9,2943.9,2601.1,2650.0,272,744317.5,EQNE
2011-04-05,2782.6,2900.0,2555.0,2800.1,214,572900.1,EQNE
2011-04-06,2949.8,3920.4,2801.0,3920.0,1553,5736774.4,EQNE
2011-04-07,4160.0,5425.0,3450.0,4500.0,2525,11887986.7,EQNE
2011-04-08,4500.0,6249.3,4276.0,6209.5,3306,19038730.0,EQNE
2011-04-11,6198.0,7994.2,6198.0,7889.0,4060,30389258.9,EQNE
2011-04-12,7854.4,10797.6,7854.4,10797.6,2773,27603862.0,EQNE
2011-04-13,12000.0,14979.9,8252.0,9100.0,3136,34579363.1,EQNE
2011-04-14,9061.0,9700.0,6666.6,7200.0,1456,10869195.9,EQNE
2011-04-15,7250.0,9777.0,6752.8,9398.0,2796,24469593.4,EQNE
2011-04-18,8900.0,11666.6,8900.0,11300.0,3384,36421930.6,EQNE
2011-04-19,11550.0,12600.0,9850.0,10255.0,1602,17452830.7,EQNE
2011-04-20,10700.0,10700.0,8100.0,9399.0,1927,17335666.1,EQNE
2011-04-21,9200.1,9350.0,8700.1,8974.7,428,3825504.1,EQNE
2011-04-22,9100.0,9449.9,8200.1,8499.6,799,6931105.2,EQNE
2011-04-25,8190.0,9800.0,8190.0,9099.9,1003,9397459.1,EQNE
2011-04-26,8888.1,8888.1,8299.9,8300.0,291,2468917.4,EQNE
2011-04-27,8700.0,8700.5,6620.0,7480.0,1686,12544065.2,EQNE
2011-04-28,7600.0,7769.8,6800.2,7100.0,892,6399516.0,EQNE
2011-04-29,6901.8,7063.7,5850.0,6350.0,2011,12568598.9,EQNE
2011-05-03,6650.0,6650.0,5723.0,5896.0,444,2672592.7,EQNE
2011-05-04,6099.8,8195.6,5780.0,8195.5,5001,38085845.7,EQNE
2011-05-05,9140.0,9300.0,6700.0,7002.0,2423,19102923.0,EQNE
2011-05-06,7000.0,7700.0,6655.0,7184.8,857,6140334.0,EQNE
2011-05-10,7473.5,7473.5,6500.0,7121.2,1060,7088520.6,EQNE
2011-05-11,6667.4,7439.7,6623.5,6770.0,391,2669404.4,EQNE
2011-05-12,6623.5,7000.0,6200.0,6525.0,447,2945817.2,EQNE
2011-05-13,6696.1,6700.0,6499.9,6600.0,415,2717588.0,EQNE
2011-05-16,6994.0,6995.0,6500.0,6656.3,473,3101854.4,EQNE
2011-05-17,6687.0,8800.0,6500.2,7449.9,4140,33078200.6,EQNE
2011-05-18,7400.0,8000.0,6855.1,7090.0,2307,17098461.1,EQNE
2011-05-19,6800.1,7800.0,6800.1,7100.0,546,3911786.0,EQNE
2011-05-20,7200.0,7288.2,6803.2,6979.0,346,2434956.8,EQNE
2011-05-23,6900.1,7049.9,6550.0,6599.7,251,1685452.9,EQNE
2011-05-24,6819.9,8100.0,6505.8,7199.9,1696,12556452.6,EQNE
2011-05-25,7002.4,7165.5,6851.0,7047.7,388,2711319.9,EQNE
2011-05-26,7000.0,7250.0,6801.0,7000.1,336,2353169.7,EQNE
2011-05-27,7370.0,7370.0,6872.0,6998.9,204,1423433.5,EQNE
2011-05-30,6900.0,7100.0,6850.0,6912.5,335,2322241.2,EQNE
2011-05-31,6950.2,7249.4,6850.0,7199.9,505,3551817.1,EQNE
2011-06-01,7250.0,7459.0,7010.1,7204.0,477,3459268.6,EQNE
2011-06-02,6881.0,7051.0,6881.0,6923.0,283,1966048.0,EQNE
2011-06-03,6910.1,6966.7,6800.0,6812.0,135,931238.1,EQNE
2011-06-06,6800.1,6987.4,6703.6,6800.0,86,585796.9,EQNE
2011-06-07,6750.2,7150.0,6701.0,6970.0,341,2343629.0,EQNE
2011-06-08,6823.9,6948.9,6712.3,6750.1,120,812951.1,EQNE
2011-06-09,6849.7,6900.0,6701.3,6750.0,200,1358410.1,EQNE
2011-06-10,6786.7,6811.1,6700.0,6750.0,567,3808250.6,EQNE
2011-06-14,6704.1,6879.8,6704.1,6770.0,94,637849.9,EQNE
2011-06-15,6770.0,6770.0,6535.1,6555.1,417,2785954.4,EQNE
2011-06-16,6202.2,6900.0,6033.3,6700.0,168,1108217.2,EQNE
2011-06-17,6700.0,6700.0,6341.6,6630.2,108,706312.3,EQNE
2011-06-20,6710.0,6865.1,6489.9,6600.1,244,1617318.9,EQNE
2011-06-21,6500.3,8043.0,6500.0,7399.9,3111,22577281.4,EQNE
2011-06-22,7693.0,7988.0,7000.0,7770.0,1404,10654378.8,EQNE
2011-06-23,7600.6,8700.0,7510.0,8499.0,2064,17083806.8,EQNE
2011-06-24,8800.0,9764.3,8632.2,9445.0,3579,32686233.0,EQNE
2011-06-27,9525.0,9798.8,9000.1,9202.0,1103,10314560.7,EQNE
2011-06-28,9488.8,9859.0,8500.0,9250.0,3042,28988104.2,EQNE
2011-06-29,9250.0,9324.5,8777.1,9293.1,450,4108993.7,EQNE
2011-06-30,9100.0,9300.0,8926.1,9269.7,365,3342576.6,EQNE
2011-07-01,7918.8,9349.9,7918.8,8886.7,156,1393051.4,EQNE
2011-07-04,8886.4,8958.9,8500.0,8507.5,356,3086656.4,EQNE
2011-07-05,7433.5,8838.7,7433.5,8285.2,151,1240081.6,EQNE
2011-07-06,8250.0,9200.0,8201.4,8799.7,361,3141543.8,EQNE
2011-07-07,8799.9,9098.1,8799.9,9065.9,206,1839660.9,EQNE
2011-07-08,8760.2,9178.9,8572.3,8895.3,60,529276.6,EQNE
2011-07-11,8800.1,8800.2,8600.0,8699.8,51,442795.7,EQNE
2011-07-12,8829.7,8829.7,8301.2,8482.4,82,687966.2,EQNE
2011-07-13,8648.6,8648.6,8324.0,8478.6,45,378788.6,EQNE
2011-07-14,8333.1,8549.7,8151.0,8232.1,80,658844.6,EQNE
2011-07-15,8263.0,8500.0,8027.2,8457.3,146,1219291.4,EQNE
2011-07-18,8599.9,8599.9,8250.0,8400.0,362,3038349.4,EQNE
2011-07-19,8300.1,8997.0,8300.1,8959.9,405,3543438.8,EQNE
2011-07-20,9272.5,9272.5,8550.1,8589.8,174,1528513.8,EQNE
2011-07-21,8400.0,8699.4,8400.0,8699.4,146,1238612.4,EQNE
2011-07-22,8500.0,8549.6,8380.0,8400.0,123,1037127.8,EQNE
2011-07-25,8240.0,8377.5,8158.1,8250.0,58,478507.3,EQNE
2011-07-26,8158.2,8190.8,8009.4,8190.8,29,234398.4,EQNE
2011-07-27,8030.3,8449.9,8009.2,8009.2,105,863364.3,EQNE
2011-07-28,7900.1,8150.0,7900.0,8099.9,106,849731.4,EQNE
2011-07-29,7500.5,8199.7,7500.5,8050.0,39,311679.9,EQNE
2011-08-01,8000.0,8250.0,7900.0,8000.0,44,355048.6,EQNE
2011-08-02,8198.7,8198.7,7980.0,8050.0,26,208503.5,EQNE
2011-08-03,7950.0,8200.0,7700.2,7949.9,185,1466780.7,EQNE
2011-08-04,7900.1,7900.1,7200.0,7470.0,158,1191182.2,EQNE
2011-08-05,7340.0,7392.3,5005.0,7216.4,277,1924350.4,EQNE
2011-08-08,7300.0,7300.0,6267.6,6655.0,106,718184.8,EQNE
2011-08-09,6000.0,7099.9,5700.1,6949.9,261,1705678.6,EQNE
2011-08-10,6949.9,7777.7,6700.0,6700.0,170,1218111.7,EQNE
2011-08-11,6900.0,7299.8,6500.0,7099.8,99,694316.7,EQNE
2011-08-12,7499.8,7499.8,7000.0,7498.7,14,99829.0,EQNE
2011-08-15,7302.0,7900.0,7155.0,7900.0,205,1580400.9,EQNE
2011-08-16,7899.9,8124.0,7407.1,7407.1,111,866144.2,EQNE
2011-08-17,7800.0,7999.7,7500.0,7837.6,79,602705.1,EQNE
2011-08-18,7900.0,7900.0,7501.3,7502.0,83,635725.9,EQNE
2011-08-19,7475.7,7475.7,7000.0,7000.1,139,1002401.1,EQNE
2011-08-22,6900.0,7290.0,6645.5,7290.0,63,444911.1,EQNE
2011-08-23,7083.3,7450.0,7083.3,7150.2,51,370488.6,EQNE
2011-08-24,7251.3,7491.1,6900.0,7120.0,125,898775.6,EQNE
2011-08-25,7399.8,7399.8,6600.0,6773.3,155,1067713.1,EQNE
2011-08-26,6801.1,6879.5,6601.2,6878.7,45,306919.2,EQNE
2011-08-29,6999.9,7399.4,6999.0,7138.9,59,417523.6,EQNE
2011-08-30,7217.4,7284.7,6997.0,7000.0,53,373226.5,EQNE
2011-08-31,7090.0,7116.5,6932.3,7099.0,41,289888.9,EQNE
2011-09-01,7200.0,7200.0,6800.0,7045.0,82,573900.1,EQNE
2011-09-02,6531.0,6994.9,6531.0,6852.9,56,380239.6,EQNE
2011-09-05,6501.1,7049.6,6501.1,6602.4,127,853652.6,EQNE
2011-09-06,6600.0,6769.7,6550.0,6769.7,248,1638247.9,EQNE
2011-09-07,6706.1,7099.9,6700.0,7000.0,124,849840.2,EQNE
2011-09-08,6888.1,7100.0,6801.0,7000.0,243,1692473.1,EQNE
2011-09-09,6951.0,7050.0,6802.0,6899.9,93,638412.7,EQNE
2011-09-12,6901.0,6901.0,6525.7,6840.0,212,1424746.8,EQNE
2011-09-13,6820.0,6925.0,6750.0,6801.0,60,408991.0,EQNE
2011-09-14,6770.0,8000.0,6724.9,7333.0,283,2030765.7,EQNE
2011-09-15,7009.6,8294.9,7009.0,7717.5,376,2950015.4,EQNE
2011-09-16,7996.1,7996.1,7701.0,7701.0,103,795740.5,EQNE
2011-09-19,7601.0,7748.5,7508.2,7508.2,26,197829.6,EQNE
2011-09-20,7301.1,7500.0,7301.1,7500.0,40,295778.4,EQNE
2011-09-21,7555.1,7600.0,7555.1,7600.0,138,1047612.8,EQNE
2011-09-22,7600.8,7809.4,7089.8,7089.9,119,879312.3,EQNE
2011-09-23,7050.5,7111.0,7008.6,7100.0,77,541231.2,EQNE
2011-09-26,7050.0,7210.9,6950.0,6950.0,146,1023808.5,EQNE
2011-09-27,7000.0,7200.1,7000.0,7200.1,6,42900.5,EQNE
2011-09-28,6960.7,7146.7,6960.0,6960.0,206,1442050.4,EQNE
2011-09-29,6901.3,7399.9,6901.3,7399.9,15,106292.4,EQNE
2011-09-30,7329.1,7329.1,7001.2,7006.1,27,193438.8,EQNE
2011-10-03,7926.6,7926.6,7050.0,7149.9,15,106986.8,EQNE
2011-10-04,7251.7,7597.1,6950.1,7000.0,95,678258.3,EQNE
2011-10-05,7001.0,7100.1,7000.0,7100.0,179,1267666.7,EQNE
2011-10-07,7099.9,7099.9,7050.0,7050.1,17,120414.2,EQNE
2011-10-10,7056.0,7300.0,7000.0,7200.0,11,78117.1,EQNE
2011-10-11,7350.0,7350.0,6900.0,7000.0,79,554251.9,EQNE
2011-10-12,7180.0,7378.8,7010.0,7100.0,186,1308229.6,EQNE
2011-10-13,7099.9,7398.9,7050.0,7398.9,17,122527.7,EQNE
2011-10-14,7300.3,7799.0,7300.0,7300.5,24,175700.8,EQNE
2011-10-17,7400.0,7400.0,7255.0,7255.0,42,306722.8,EQNE
2011-10-18,7894.6,7894.6,7871.0,7871.0,2,15765.6,EQNE
2011-10-19,7499.9,7500.0,7050.0,7278.5,37,265151.0,EQNE
2011-10-21,7251.0,7251.0,7051.0,7125.0,8,56877.7,EQNE
2011-10-24,7050.2,7692.0,7050.0,7692.0,17,121213.3,EQNE
2011-10-25,7238.2,7244.0,7238.1,7238.1,16,115817.3,EQNE
2011-10-26,7350.0,7780.0,7267.9,7500.0,201,1501251.3,EQNE
2011-10-27,7499.9,7799.0,7450.0,7560.2,58,439251.6,EQNE
2011-10-28,7550.7,7551.1,7550.0,7550.0,30,226506.1,EQNE
2011-10-31,7238.2,7550.0,7238.2,7550.0,4,29426.4,EQNE
2011-11-01,7550.0,7701.0,7500.0,7701.0,7,52951.0,EQNE
2011-11-02,7790.0,7790.0,7400.1,7500.0,5,37490.6,EQNE
2011-11-03,7450.1,7647.6,7375.0,7375.0,152,1132537.5,EQNE
2011-11-07,7370.0,7399.5,7238.1,7310.1,110,798334.2,EQNE
2011-11-08,7300.0,7320.0,7300.0,7320.0,6,43880.0,EQNE
2011-11-09,7000.2,7125.0,7000.0,7050.6,10,70176.4,EQNE
2011-11-11,7050.6,7050.6,7050.6,7050.6,9,63455.4,EQNE
2011-11-14,7375.9,7376.0,7375.9,7376.0,15,110639.8,EQNE
2011-11-15,6817.7,7050.1,6817.7,7050.1,10,68641.8,EQNE
2011-11-16,6970.1,7209.9,6950.0,7199.9,59,419752.4,EQNE
2011-11-17,7341.4,7344.7,7100.0,7100.0,53,379524.4,EQNE
2011-11-18,7396.7,7930.0,7355.0,7555.5,176,1316804.9,EQNE
2011-11-21,7550.0,7900.0,7500.8,7700.0,93,713114.0,EQNE
2011-11-22,7755.0,7800.0,7707.0,7800.0,133,1034747.1,EQNE
2011-11-23,7999.4,8500.0,7980.0,8300.0,489,3965773.7,EQNE
2011-11-24,8449.9,10295.7,8449.9,9699.9,440,4049323.3,EQNE
2011-11-25,9700.0,10250.0,9000.0,9000.0,376,3459482.1,EQNE
2011-11-28,9400.0,10500.0,9400.0,9948.8,348,3478684.4,EQNE
2011-11-29,8950.0,9970.0,8950.0,9970.0,105,1029277.9,EQNE
2011-11-30,9965.0,10000.0,9500.0,10000.0,354,3495419.4,EQNE
2011-12-01,10150.0,10490.0,9918.9,10190.0,86,865770.0,EQNE
2011-12-02,9900.2,10300.0,9900.2,10300.0,97,991184.8,EQNE
2011-12-05,10399.0,10990.0,10399.0,10900.0,146,1586035.7,EQNE
2011-12-06,10511.1,10900.0,9781.0,10151.9,273,2795976.3,EQNE
2011-12-07,10499.9,10847.7,10156.2,10450.0,40,420657.0,EQNE
2011-12-08,9902.0,10100.0,9590.1,9901.1,130,1283609.1,EQNE
2011-12-09,9650.1,11199.9,9650.1,9900.0,69,692885.1,EQNE
2011-12-12,9781.1,10350.0,9781.1,10150.0,50,506501.0,EQNE
2011-12-13,10100.0,10125.0,10000.0,10125.0,18,180854.8,EQNE
2011-12-14,10099.9,10100.0,9900.0,9900.0,151,1497105.0,EQNE
2011-12-15,9525.3,9900.0,9208.0,9900.0,48,467423.7,EQNE
2011-12-16,9506.7,9679.3,9301.0,9679.3,36,339023.1,EQNE
2011-12-19,9449.9,9449.9,8890.3,9300.1,36,333061.0,EQNE
2011-12-20,9400.0,9890.0,9056.5,9800.0,95,919875.8,EQNE
2011-12-21,9801.0,9949.9,9799.0,9949.9,123,1205553.6,EQNE
2011-12-22,9800.0,9800.0,9550.0,9550.0,23,223580.3,EQNE
2011-12-23,9550.0,9550.0,9402.1,9550.0,4,37953.1,EQNE
2011-12-26,9355.2,9355.2,9000.0,9300.0,20,181927.2,EQNE
2011-12-27,9498.5,9950.0,9498.5,9850.0,2361,22671415.9,EQNE
2011-12-28,9400.7,9600.0,9100.0,9400.0,19,177825.2,EQNE
2011-12-29,9397.0,9400.1,9100.0,9100.0,18,168888.2,EQNE
2011-12-30,9002.1,9877.0,8888.0,9877.0,107,1036213.3,EQNE
2012-01-03,10096.0,10096.0,10096.0,10096.0,1,10096.0,EQNE
2012-01-04,9900.0,10100.0,9510.4,9510.6,54,531963.2,EQNE
2012-01-05,9650.0,9700.0,9200.0,9201.0,10,94158.6,EQNE
2012-01-06,9749.9,9749.9,9749.9,9749.9,1,9749.9,EQNE
2012-01-09,10300.0,10300.0,9701.1,9850.0,6,59253.2,EQNE
2012-01-10,9600.0,9800.0,9500.1,9800.0,10,96405.8,EQNE
2012-01-11,9500.2,9500.2,9500.0,9500.0,15,142500.7,EQNE
2012-01-12,9320.2,9418.0,9250.0,9418.0,33,306468.4,EQNE
2012-01-13,9649.9,9650.0,9201.0,9300.1,37,353108.6,EQNE
2012-01-16,9200.0,9200.0,9150.0,9150.0,4,36700.0,EQNE
2012-01-17,9150.0,9200.0,9000.0,9197.0,45,408245.1,EQNE
2012-01-18,9050.0,9050.0,9000.0,9050.0,16,144578.0,EQNE
2012-01-19,9020.0,9110.0,9020.0,9110.0,17,153430.0,EQNE
2012-01-20,9100.0,9238.8,9000.0,9238.8,70,634066.6,EQNE
2012-01-23,9010.0,9159.2,8900.0,9159.2,72,646456.4,EQNE
2012-01-24,9000.0,9100.0,8900.0,9098.3,357,3239517.1,EQNE
2012-01-25,9100.0,9199.9,8900.0,9199.9,39,352798.7,EQNE
2012-01-26,9000.0,9040.0,8888.0,9040.0,42,375524.5,EQNE
2012-01-27,9020.0,9100.0,8960.0,9100.0,31,280360.5,EQNE
2012-01-30,9299.0,9299.0,9299.0,9299.0,1,9299.0,EQNE
2012-01-31,9100.0,9285.0,9010.0,9200.0,33,303574.7,EQNE
2012-02-01,9150.1,9300.0,9000.0,9300.0,62,568772.4,EQNE
2012-02-02,9150.0,9210.0,9068.6,9200.0,28,256118.5,EQNE
2012-02-03,9120.1,9290.0,9070.1,9080.0,36,328861.0,EQNE
2012-02-06,9289.7,9289.7,9150.1,9200.0,20,184427.4,EQNE
2012-02-07,9380.0,9390.0,9111.1,9180.0,12,110801.1,EQNE
2012-02-08,9200.3,10110.0,9200.3,9800.0,139,1330564.3,EQNE
2012-02-09,9800.0,10050.0,9709.9,9850.0,150,1483839.8,EQNE
2012-02-10,9410.1,10050.0,9410.0,9800.0,131,1298659.2,EQNE
2012-02-13,9999.9,10271.0,9900.1,10000.0,93,942467.4,EQNE
2012-02-14,9915.0,10037.0,9900.0,10037.0,79,786083.8,EQNE
2012-02-15,9922.0,10000.0,9899.9,9900.0,30,297592.5,EQNE
2012-02-16,9900.0,9900.6,9894.9,9900.6,3,29695.5,EQNE
2012-02-17,9861.2,10000.0,9800.0,9970.0,303,2990537.4,EQNE
2012-02-20,9710.9,10250.0,9710.8,9955.0,243,2417968.0,EQNE
2012-02-21,9902.1,9998.9,9902.1,9910.6,39,388019.3,EQNE
2012-02-22,10000.0,10100.0,9936.0,10100.0,56,561120.2,EQNE
2012-02-24,10001.0,10050.0,9903.1,9903.1,60,601026.7,EQNE
2012-02-27,9851.0,9900.1,9750.0,9900.0,35,344281.4,EQNE
2012-02-28,9811.2,9811.2,9751.2,9799.9,48,470445.9,EQNE
2012-02-29,9751.2,9849.9,9706.0,9750.1,106,1033139.7,EQNE
2012-03-01,9705.0,9705.0,9670.0,9670.1,77,745674.8,EQNE
2012-03-02,9666.2,9666.2,9400.0,9449.0,117,1113885.7,EQNE
2012-03-05,9553.2,9553.2,9310.3,9501.0,58,551550.9,EQNE
2012-03-06,9847.0,9847.0,9500.0,9500.0,33,316492.2,EQNE
2012-03-07,9501.2,13335.0,9466.9,11800.0,4457,54069072.8,EQNE
2012-03-11,9500.0,10442.9,8610.0,10000.1,1759,17290332.7,EQNE
2012-03-12,10299.8,10299.8,9700.0,9800.0,210,2053462.7,EQNE
2012-03-13,9800.0,9820.0,9750.0,9820.0,27,263973.7,EQNE
2012-03-14,9709.1,10180.0,9709.1,9950.1,104,1028672.4,EQNE
2012-03-15,10099.9,10140.0,9956.5,10000.0,87,871824.7,EQNE
2012-03-16,9912.1,10000.0,9912.1,9950.0,19,188998.3,EQNE
2012-03-19,9700.0,9875.0,9700.0,9801.1,26,255827.2,EQNE
2012-03-20,9801.5,9835.0,9750.5,9750.6,34,332565.5,EQNE
2012-03-21,9789.4,9987.3,9500.0,9710.0,32,310063.2,EQNE
2012-03-22,9701.1,9884.8,9701.1,9720.0,62,602775.3,EQNE
2012-03-23,9720.0,9720.0,9250.0,9424.9,75,704249.7,EQNE
2012-03-26,9222.1,9700.0,9222.1,9400.0,87,827219.9,EQNE
2012-03-27,9350.3,9350.4,9240.0,9240.0,56,520433.1,EQNE
2012-03-28,9339.2,9449.8,9339.2,9400.0,260,2443765.9,EQNE
2012-03-29,9470.0,10449.7,9470.0,9835.0,472,4726875.3,EQNE
2012-03-30,9899.5,9999.8,9760.1,9760.4,72,711023.1,EQNE
2012-04-02,9610.0,9789.9,9399.0,9500.1,316,2988302.0,EQNE
2012-04-03,9708.8,9731.0,9500.1,9610.0,334,3210152.6,EQNE
2012-04-04,9411.0,9680.0,9411.0,9550.0,38,364005.2,EQNE
2012-04-05,9350.1,9400.0,9000.0,9271.0,157,1445197.6,EQNE
2012-04-06,9100.3,9300.0,9100.3,9300.0,6,55001.0,EQNE
2012-04-09,9200.0,9397.1,9056.0,9100.0,108,992934.5,EQNE
2012-04-10,9100.0,9298.8,9050.0,9051.0,218,2004799.4,EQNE
2012-04-11,9138.6,9200.0,9138.6,9147.6,11,100852.4,EQNE
2012-04-12,8800.1,9139.0,8700.0,9138.6,31,273588.9,EQNE
2012-04-13,8900.0,9050.0,8899.0,8998.7,21,188566.5,EQNE
2012-04-16,8901.1,9198.9,8901.0,8901.0,110,980452.0,EQNE
2012-04-17,8600.1,8820.1,8550.1,8800.0,25,219470.3,EQNE
2012-04-18,8600.0,8639.9,8200.0,8525.0,300,2549759.3,EQNE
2012-04-19,8750.0,8750.0,8350.0,8450.0,60,511913.8,EQNE
2012-04-20,8492.8,8699.9,8492.8,8600.0,70,602640.5,EQNE
2012-04-23,8449.1,8450.0,8449.1,8450.0,11,92949.1,EQNE
2012-04-24,8334.1,8334.1,8200.0,8249.0,12,99153.7,EQNE
2012-04-25,8300.0,8320.0,8202.1,8202.1,8,66191.1,EQNE
2012-04-26,8199.9,8300.0,8100.1,8145.9,35,286509.1,EQNE
2012-04-27,8100.1,8300.0,8100.1,8300.0,152,1240144.2,EQNE
2012-04-28,8155.0,8497.9,8155.0,8497.9,139,1134303.1,EQNE
2012-05-02,8590.0,8660.0,8153.3,8350.0,24,201403.2,EQNE
2012-05-03,8200.1,8500.0,8200.0,8500.0,49,413413.7,EQNE
2012-05-04,8450.0,8450.0,8450.0,8450.0,10,84500.0,EQNE
2012-05-05,7800.1,8000.1,7800.1,8000.0,4,31800.3,EQNE
2012-05-07,7630.0,7630.0,7630.0,7630.0,1,7630.0,EQNE
2012-05-08,8100.0,8100.0,8100.0,8100.0,1,8100.0,EQNE
2012-05-11,7980.0,7980.0,7600.2,7880.0,23,177210.7,EQNE
2012-05-14,7500.0,7505.0,7000.0,7000.0,214,1539352.1,EQNE
2012-05-15,7129.0,7147.9,6502.0,6749.9,32,214035.9,EQNE
2012-05-16,6739.9,6740.0,6154.9,6310.0,244,1518712.2,EQNE
2012-05-17,6203.5,6290.0,5999.9,6205.5,80,492340.7,EQNE
2012-05-18,5702.0,6598.3,5702.0,6100.0,207,1234966.7,EQNE
2012-05-21,6100.1,6100.1,6100.0,6100.0,32,195202.2,EQNE
2012-05-22,6564.2,6564.2,6123.0,6123.0,9,58165.1,EQNE
2012-05-23,5840.0,6299.9,5840.0,6299.9,79,461876.6,EQNE
2012-05-24,6249.9,6249.9,6249.9,6249.9,1,6249.9,EQNE
2012-05-25,6256.9,6356.9,6150.0,6219.7,11,69040.6,EQNE
2012-05-28,5805.1,6300.0,5805.1,6150.1,17,105113.5,EQNE
2012-05-29,6100.0,6149.9,5800.0,5800.0,20,119202.2,EQNE
2012-05-30,5800.1,6141.5,5800.1,6000.0,14,83081.0,EQNE
2012-05-31,5800.0,5962.0,5800.0,5850.1,8,47108.6,EQNE
2012-06-01,5950.1,5950.1,5499.9,5500.0,41,233912.8,EQNE
2012-06-04,5490.0,5500.0,5490.0,5500.0,13,71400.0,EQNE
2012-06-05,5639.9,5899.6,5500.0,5500.0,17,96596.7,EQNE
2012-06-06,5699.9,7000.0,5650.3,5950.0,141,858155.4,EQNE
2012-06-07,5900.0,5900.0,5601.2,5799.1,40,230770.2,EQNE
2012-06-08,5600.1,5700.0,5600.1,5620.0,6,33720.5,EQNE
2012-06-13,5880.0,5881.7,5558.1,5881.7,14,78879.9,EQNE
2012-06-14,6000.0,6000.0,6000.0,6000.0,3,18000.0,EQNE
2012-06-18,5999.9,6050.0,5999.9,6050.0,6,36249.5,EQNE
2012-06-19,5600.1,5999.5,5500.0,5999.5,12,67358.0,EQNE
2012-06-20,6200.5,6200.5,6200.5,6200.5,3,18601.5,EQNE
2012-06-22,6000.0,6000.0,5710.4,5711.3,18,106819.5,EQNE
2012-06-25,5993.0,6000.0,5850.0,5850.0,26,154687.4,EQNE
2012-06-26,6099.6,6099.6,6099.6,6099.6,3,18298.8,EQNE
2012-06-29,6100.0,6180.0,6100.0,6100.1,12,73280.6,EQNE
2012-07-02,6000.0,6000.2,6000.0,6000.0,17,102000.8,EQNE
2012-07-03,6000.0,6115.1,6000.0,6112.0,11,67124.3,EQNE
2012-07-05,6100.0,6100.0,6100.0,6100.0,3,18300.0,EQNE
2012-07-11,6450.0,6450.0,6200.0,6200.0,16,99900.0,EQNE
2012-07-12,6100.0,6100.0,6100.0,6100.0,2,12200.0,EQNE
2012-07-13,5900.1,6300.0,5600.0,6300.0,22,131300.5,EQNE
2012-07-16,6150.0,6450.0,6150.0,6200.1,94,584129.9,EQNE
2012-07-17,6060.1,6150.0,5900.0,6020.0,198,1189282.2,EQNE
2012-07-18,5990.0,6000.0,5990.0,6000.0,2,11990.0,EQNE
2012-07-20,6304.9,6304.9,6000.0,6000.0,2,12304.9,EQNE
2012-07-23,6000.0,6000.0,5900.0,5900.0,86,514997.0,EQNE
2012-07-24,5900.1,5980.0,5900.1,5911.0,46,273641.4,EQNE
2012-07-26,5912.2,5912.2,5912.2,5912.2,1,5912.2,EQNE
2012-07-27,6087.9,6200.0,5950.0,6200.0,15,91516.7,EQNE
2012-07-30,5900.9,6280.1,5900.9,5962.6,9,55695.5,EQNE
2012-07-31,6270.6,6290.6,6100.0,6100.0,44,272097.4,EQNE
2012-08-01,5910.6,5910.6,5910.6,5910.6,1,5910.6,EQNE
2012-08-02,5950.0,6010.0,5910.7,6010.0,67,399994.2,EQNE
2012-08-06,6141.1,6141.1,6141.1,6141.1,1,6141.1,EQNE
2012-08-07,6100.0,6148.4,6000.0,6000.0,14,84545.2,EQNE
2012-08-09,6000.1,6050.0,5950.0,6050.0,26,155414.1,EQNE
2012-08-13,6000.0,6070.0,6000.0,6065.0,26,157269.9,EQNE
2012-08-15,5950.0,5950.0,5919.9,5920.0,61,361329.9,EQNE
2012-08-16,5925.0,5935.1,5925.0,5935.1,2,11860.1,EQNE
2012-08-17,6204.9,6204.9,5940.0,6100.0,31,187793.7,EQNE
2012-08-20,5940.0,5940.0,5900.0,5900.0,15,88570.0,EQNE
2012-08-21,5999.9,6600.0,5900.0,6600.0,255,1596088.0,EQNE
2012-08-22,6600.0,6750.0,5850.0,6000.0,374,2302179.4,EQNE
2012-08-23,6050.0,6050.0,6000.1,6000.1,8,48251.3,EQNE
2012-08-24,6179.5,6179.5,6179.5,6179.5,1,6179.5,EQNE
2012-08-27,6199.8,6200.0,6100.0,6100.0,69,426974.2,EQNE
2012-08-28,6035.0,6159.6,5900.0,6159.6,60,358678.8,EQNE
2012-08-29,6000.0,6000.0,5950.0,6000.0,36,214632.1,EQNE
2012-08-30,6000.0,6290.0,6000.0,6200.0,77,476125.9,EQNE
2012-08-31,6199.9,6350.0,6199.9,6350.0,12,76049.9,EQNE
2012-09-03,6060.1,6500.0,6060.1,6360.0,91,589221.6,EQNE
2012-09-04,6200.1,6300.1,6200.1,6300.1,6,37500.4,EQNE
2012-09-05,6200.2,6499.8,6200.0,6390.9,94,584933.1,EQNE
2012-09-06,6350.0,6350.0,6300.0,6300.0,51,321800.2,EQNE
2012-09-07,6300.0,6385.7,6300.0,6346.0,10,63498.7,EQNE
2012-09-10,6250.0,6250.0,6200.0,6200.0,6,37300.0,EQNE
2012-09-11,6298.7,6349.9,6100.0,6349.9,20,124853.6,EQNE
2012-09-12,6349.1,6490.0,6155.0,6490.0,22,138735.2,EQNE
2012-09-13,6499.9,8000.0,6303.0,7309.2,484,3461867.6,EQNE
2012-09-14,7001.8,7883.2,6830.0,7190.0,224,1603637.7,EQNE
2012-09-17,7100.1,7100.1,6900.0,6900.0,24,168331.4,EQNE
2012-09-18,7199.9,7800.0,6950.0,7800.0,1909,13301997.9,EQNE
2012-09-19,7699.9,7699.9,6953.0,7499.9,1854,12895805.8,EQNE
2012-09-20,7046.0,7249.0,7001.0,7040.0,15,105496.2,EQNE
2012-09-21,7299.9,7299.9,7037.1,7200.0,21,151589.7,EQNE
2012-09-24,7487.6,7487.6,7200.2,7200.2,14,101091.7,EQNE
2012-09-25,7199.9,7199.9,7130.0,7130.0,3,21529.8,EQNE
2012-09-26,7103.7,7103.7,6402.1,6450.1,226,1511942.2,EQNE
2012-09-27,6409.0,6500.0,6000.0,6113.0,98,611518.0,EQNE
2012-10-01,6000.1,6000.1,6000.0,6000.0,6,36000.4,EQNE
2012-10-02,6499.1,6499.1,6499.1,6499.1,1,6499.1,EQNE
2012-10-04,6150.0,6150.0,6150.0,6150.0,1,6150.0,EQNE
2012-10-05,6100.0,6490.0,6100.0,6490.0,4,25180.0,EQNE
2012-10-08,6151.1,6180.0,6000.0,6000.0,102,613745.5,EQNE
2012-10-09,6100.0,6100.0,6100.0,6100.0,3,18300.0,EQNE
2012-10-10,6050.0,6050.0,6000.2,6000.2,4,24051.4,EQNE
2012-10-15,5950.0,6067.4,5900.0,6057.4,6,36089.6,EQNE
2012-10-17,6280.3,6280.3,6100.0,6200.0,15,93048.6,EQNE
2012-10-18,6299.9,6300.0,6050.0,6050.0,38,236899.9,EQNE
2012-10-23,6100.0,6100.0,6099.8,6099.8,21,128099.4,EQNE
2012-10-25,6100.0,6100.0,5900.0,5900.0,90,536511.1,EQNE
2012-10-26,5900.0,5900.0,5900.0,5900.0,1,5900.0,EQNE
2012-10-29,5825.0,5825.0,5825.0,5825.0,5,29125.0,EQNE
2012-10-30,5900.0,5930.0,5781.1,5781.1,45,263911.8,EQNE
2012-10-31,5750.0,5799.6,5500.0,5796.7,110,617693.0,EQNE
2012-11-01,5799.5,5799.5,5799.5,5799.5,1,5799.5,EQNE
2012-11-02,5700.0,5700.0,5700.0,5700.0,1,5700.0,EQNE
2012-11-06,5892.0,5892.0,5892.0,5892.0,1,5892.0,EQNE
2012-11-07,5700.1,5700.1,5700.1,5700.1,1,5700.1,EQNE
2012-11-08,5700.0,5700.0,5700.0,5700.0,1,5700.0,EQNE
2012-11-09,5696.4,5730.0,5696.4,5700.1,75,427488.2,EQNE
2012-11-12,5700.0,5899.4,5700.0,5899.4,3,17299.4,EQNE
2012-11-13,5702.0,5702.0,5600.0,5699.0,16,90677.2,EQNE
2012-11-14,5750.0,5900.0,5700.1,5900.0,6,34838.0,EQNE
2012-11-15,5900.0,5900.1,5650.3,5650.3,48,282701.1,EQNE
2012-11-16,5661.3,5800.0,5600.0,5800.0,73,416570.7,EQNE
2012-11-19,5955.0,5955.0,5899.9,5899.9,2,11854.9,EQNE
2012-11-20,5899.9,5899.9,5599.0,5600.0,119,670979.3,EQNE
2012-11-21,5600.0,5688.8,5300.0,5650.0,93,511350.5,EQNE
2012-11-22,5649.0,5820.0,5649.0,5799.9,103,597136.3,EQNE
2012-11-23,5302.3,5700.0,5302.3,5581.0,19,106215.4,EQNE
2012-11-26,5824.4,5824.4,5824.4,5824.4,2,11648.8,EQNE
2012-11-27,5318.2,5699.6,5318.2,5620.1,17,94872.6,EQNE
2012-11-28,5678.9,5700.0,5555.0,5580.0,19,106055.3,EQNE
2012-11-29,5500.0,5517.2,5000.0,5070.0,274,1402421.9,EQNE
2012-11-30,5007.1,5113.8,4900.0,4995.8,45,225061.1,EQNE
2012-12-03,5016.0,5168.4,4993.2,5000.0,4,20177.6,EQNE
2012-12-05,5000.1,5000.1,5000.1,5000.1,2,10000.2,EQNE
2012-12-06,5010.0,5010.0,5010.0,5010.0,1,5010.0,EQNE
2012-12-07,5000.0,5099.4,5000.0,5085.7,11,55641.4,EQNE
2012-12-11,5004.0,5004.0,4811.1,4994.3,55,270749.6,EQNE
2012-12-12,4870.2,5049.9,4870.2,5000.0,139,678954.2,EQNE
2012-12-13,4880.1,5026.0,4810.0,5026.0,13,64042.8,EQNE
2012-12-14,5047.5,5120.0,5047.5,5120.0,2,10167.5,EQNE
2012-12-17,5029.9,5030.0,4999.9,5005.0,9,45069.7,EQNE
2012-12-18,4816.4,5250.0,4699.0,5250.0,562,2763831.7,EQNE
2012-12-19,5250.0,6489.8,5250.0,5940.9,402,2340135.7,EQNE
2012-12-20,5411.0,5900.0,5401.9,5900.0,94,534365.1,EQNE
2012-12-21,5999.9,6000.0,5999.9,6000.0,6,35999.9,EQNE
2012-12-24,5900.1,5900.1,5475.0,5790.0,278,1601494.8,EQNE
2012-12-25,5579.9,6100.0,5579.9,6100.0,175,1047766.9,EQNE
2012-12-26,6000.0,6327.0,6000.0,6200.0,52,318145.3,EQNE
2012-12-28,5801.0,6699.0,5670.0,6500.0,420,2503706.6,EQNE
2013-01-08,6698.0,6698.0,6027.5,6027.5,6,37407.4,EQNE
2013-01-09,6100.0,6299.7,6100.0,6250.0,24,149150.5,EQNE
2013-01-10,6126.1,6126.1,6126.1,6126.1,1,6126.1,EQNE
2013-01-11,6005.1,6005.1,6005.1,6005.1,2,12010.2,EQNE
2013-01-14,6000.0,6378.0,6000.0,6378.0,13,78538.0,EQNE
2013-01-15,6001.1,6100.3,6000.0,6100.3,44,265393.2,EQNE
2013-01-16,6163.6,6750.0,6145.0,6295.0,33,209885.4,EQNE
2013-01-17,6100.1,6100.1,6100.1,6100.1,1,6100.1,EQNE
2013-01-18,6055.0,6055.0,6050.0,6050.0,2,12105.0,EQNE
2013-01-21,6100.0,6100.0,6100.0,6100.0,2,12200.0,EQNE
2013-01-23,6199.4,6200.0,6000.1,6000.1,11,67150.9,EQNE
2013-01-24,6000.0,6199.8,6000.0,6199.8,42,252811.4,EQNE
2013-01-25,6248.7,6300.0,6109.0,6109.0,9,56152.9,EQNE
2013-01-28,6112.2,6349.9,6111.4,6111.4,10,61689.6,EQNE
2013-01-29,6111.6,6111.6,6111.5,6111.5,11,67226.6,EQNE
2013-01-30,6289.8,6289.8,6269.9,6269.9,2,12559.7,EQNE
2013-01-31,6297.9,6400.0,6100.0,6100.0,7,43793.9,EQNE
2013-02-01,6200.3,6398.9,6122.4,6398.9,29,180649.1,EQNE
2013-02-04,6100.9,6150.0,6100.0,6150.0,7,42754.4,EQNE
2013-02-06,6050.0,6050.0,6050.0,6050.0,7,42350.0,EQNE
2013-02-07,6000.0,6000.0,6000.0,6000.0,7,42000.0,EQNE
2013-02-08,6000.0,6000.0,6000.0,6000.0,27,162000.0,EQNE
2013-02-11,6299.7,6299.8,6299.7,6299.8,3,18899.3,EQNE
2013-02-12,6000.1,6000.1,6000.1,6000.1,2,12000.2,EQNE
2013-02-15,6000.0,6000.0,6000.0,6000.0,2,12000.0,EQNE
2013-02-18,6289.9,6289.9,6150.0,6150.0,2,12439.9,EQNE
2013-02-19,5781.9,6270.0,5781.0,6270.0,65,388900.6,EQNE
2013-02-27,6149.0,6149.0,6149.0,6149.0,1,6149.0,EQNE
2013-03-01,5870.1,6249.9,5870.1,6198.0,20,123102.0,EQNE
2013-03-05,6000.4,6000.4,6000.3,6000.3,5,30001.9,EQNE
2013-03-11,6100.0,6199.2,6100.0,6199.2,29,177432.6,EQNE
2013-03-13,6000.1,6000.1,6000.0,6000.0,12,72000.5,EQNE
2013-03-15,6000.0,6000.0,6000.0,6000.0,3,18000.0,EQNE
2013-03-18,6000.0,6258.4,5067.1,6258.4,72,419291.5,EQNE
2013-03-22,6000.0,6000.0,5729.3,6000.0,24,143452.9,EQNE
2013-03-25,6000.0,6000.0,6000.0,6000.0,3,18000.0,EQNE
2013-03-26,6000.0,6000.0,5800.0,6000.0,122,723089.9,EQNE
2013-03-27,5990.0,6210.0,5990.0,6210.0,15,91430.0,EQNE
2013-03-29,6000.0,6500.0,6000.0,6500.0,39,246492.0,EQNE
2013-04-02,6400.0,6400.0,6000.0,6000.1,58,349376.3,EQNE
2013-04-03,6100.0,6150.0,6000.0,6100.0,73,442718.5,EQNE
2013-04-04,5900.0,6100.0,5900.0,6100.0,22,133199.5,EQNE
2013-04-05,5930.1,6100.0,5930.1,6000.6,69,416961.8,EQNE
2013-04-08,6000.5,6020.0,6000.1,6020.0,3,18020.6,EQNE
2013-04-09,6005.1,6005.1,6005.0,6005.0,2,12010.1,EQNE
2013-04-10,6001.0,6020.1,6000.1,6000.1,12,72102.8,EQNE
2013-04-11,6010.0,6099.6,6001.0,6099.6,33,200917.3,EQNE
2013-04-12,6001.4,6110.0,5999.0,6050.1,108,656695.0,EQNE
2013-04-15,6001.3,6100.0,5990.0,6100.0,1057,6445597.8,EQNE
2013-04-17,6002.1,6029.8,5999.7,6029.8,14,84049.4,EQNE
2013-04-18,6000.0,6000.0,6000.0,6000.0,9,54000.0,EQNE
2013-04-19,6098.0,6098.0,6000.0,6010.0,21,127872.0,EQNE
2013-04-22,6001.4,6100.0,6001.1,6100.0,15,90216.9,EQNE
2013-04-23,6090.0,6100.0,6000.1,6100.0,27,164149.4,EQNE
2013-04-24,6030.1,6031.6,6030.0,6031.6,7,42212.1,EQNE
2013-04-25,6090.0,6090.0,6090.0,6090.0,1,6090.0,EQNE
2013-04-30,6000.1,6000.1,6000.0,6000.0,3,18000.1,EQNE
2013-05-02,5205.0,6299.9,5201.0,6000.0,37,206629.0,EQNE
2013-05-03,6000.0,6000.0,6000.0,6000.0,1,6000.0,EQNE
2013-05-06,6000.0,6100.0,5900.0,6100.0,37,223732.1,EQNE
2013-05-07,6000.4,6100.0,6000.0,6100.0,34,205932.9,EQNE
2013-05-08,6001.0,6100.0,6000.0,6100.0,36,218083.8,EQNE
2013-05-10,6000.0,6099.9,5900.0,6099.9,62,368849.9,EQNE
2013-05-13,6000.0,6100.0,5999.9,6100.0,25,150893.3,EQNE
2013-05-14,6000.4,6000.4,6000.0,6000.0,41,246002.8,EQNE
2013-05-15,6000.0,6200.0,6000.0,6200.0,48,289079.0,EQNE
2013-05-16,6001.3,6100.0,6000.5,6100.0,16,96808.9,EQNE
2013-05-21,6000.5,6097.0,6000.0,6000.0,54,327110.3,EQNE
2013-05-22,6000.0,6098.0,6000.0,6098.0,31,187558.6,EQNE
2013-05-23,6006.0,6097.0,6000.4,6097.0,31,186694.2,EQNE
2013-05-24,6000.5,6097.0,6000.0,6001.0,42,252998.9,EQNE
2013-05-28,6000.0,6100.0,6000.0,6100.0,53,321139.2,EQNE
2013-05-30,6001.1,6001.1,6000.5,6000.5,11,66010.7,EQNE
2013-05-31,6000.0,6097.0,5950.0,6097.0,62,372998.3,EQNE
2013-06-03,6000.1,6000.1,6000.0,6000.0,2,12000.1,EQNE
2013-06-05,6000.0,6000.0,5250.0,6000.0,165,988100.1,EQNE
2013-06-06,6000.0,6000.0,6000.0,6000.0,1,6000.0,EQNE
2013-06-07,5900.0,6074.0,5600.1,6074.0,42,248053.2,EQNE
2013-06-10,5900.0,6097.9,5850.0,6096.9,79,471230.7,EQNE
2013-06-11,6000.0,6000.0,6000.0,6000.0,1,6000.0,EQNE
2013-06-13,5900.1,5900.1,5800.0,5800.0,25,146300.3,EQNE
2013-06-14,6000.0,6000.0,6000.0,6000.0,12,72000.0,EQNE
2013-06-17,5995.0,6000.0,5995.0,6000.0,25,149900.0,EQNE
2013-06-18,5995.0,6008.0,5995.0,6008.0,5,29993.0,EQNE
2013-06-19,5995.0,6100.1,5933.4,6000.0,607,3697730.1,EQNE
2013-06-20,5970.3,6100.0,5970.3,6100.0,62,377757.0,EQNE
2013-06-21,6000.0,6000.0,6000.0,6000.0,1,6000.0,EQNE
2013-06-24,6100.0,7200.1,6100.0,6505.0,36,238805.9,EQNE
2013-07-01,6104.2,6482.0,6104.2,6400.0,9,56203.0,EQNE
2013-07-02,6100.1,6100.1,6100.1,6100.1,1,6100.1,EQNE
2013-07-03,6100.0,6100.0,6100.0,6100.0,8,48800.0,EQNE
2013-07-04,6000.0,6100.0,5962.0,6100.0,28,168257.4,EQNE
2013-07-05,6000.0,6098.9,5750.1,6048.0,35,207941.7,EQNE
2013-07-08,5900.1,6000.0,5900.0,6000.0,61,365560.4,EQNE
2013-07-09,6004.2,6090.0,5900.0,6090.0,28,167143.2,EQNE
2013-07-10,5900.0,6000.0,5856.2,6000.0,65,386048.2,EQNE
2013-07-11,6000.0,6000.0,6000.0,6000.0,5,30000.0,EQNE
2013-07-12,5808.0,6000.0,5750.0,6000.0,116,692888.5,EQNE
2013-07-15,5900.1,6000.0,5750.0,6000.0,58,339844.7,EQNE
2013-07-16,6100.0,6100.0,6000.0,6000.0,4,24200.0,EQNE
2013-07-17,5880.0,6000.0,5870.0,6000.0,203,1193868.0,EQNE
2013-07-18,5821.1,6000.0,5820.0,6000.0,14,83311.7,EQNE
2013-07-22,6000.0,6000.0,6000.0,6000.0,1,6000.0,EQNE
2013-07-23,5880.1,5999.9,5880.1,5999.0,460,2759422.0,EQNE
2013-07-24,5999.9,6000.0,5999.9,6000.0,12,71999.2,EQNE
2013-07-29,5880.3,6000.0,5880.0,6000.0,21,124801.6,EQNE
2013-07-30,5890.3,6000.0,5880.3,5927.2,38,226750.1,EQNE
2013-07-31,5800.2,6000.0,5800.2,6000.0,18,106922.2,EQNE
2013-08-01,5910.0,6000.0,5900.0,6000.0,17,101481.2,EQNE
2013-08-02,5830.1,6000.0,5830.1,6000.0,10,59829.9,EQNE
2013-08-05,6000.0,6000.0,6000.0,6000.0,1,6000.0,EQNE
2013-08-06,6024.9,6024.9,6024.9,6024.9,1,6024.9,EQNE
2013-08-08,6000.0,6000.0,6000.0,6000.0,1,6000.0,EQNE
2013-08-09,5872.1,6000.0,5872.1,6000.0,83,497744.1,EQNE
2013-08-12,6100.0,6100.0,5908.6,5908.6,2,12008.6,EQNE
2013-08-13,5901.0,6000.0,5901.0,6000.0,17,101701.9,EQNE
2013-08-14,6000.0,6000.0,5977.7,5977.7,3,17977.7,EQNE
2013-08-15,6000.0,6000.0,6000.0,6000.0,13,78000.0,EQNE
2013-08-16,6100.0,6100.0,5902.3,5902.3,17,103502.3,EQNE
2013-08-19,5990.0,5990.0,5900.0,5990.0,10,59484.1,EQNE
2013-08-20,5960.0,6030.0,5900.6,5900.6,47,282422.5,EQNE
2013-08-21,5904.1,6000.0,5901.0,5901.0,30,178079.6,EQNE
2013-08-22,5999.8,5999.8,5910.0,5910.0,2,11909.8,EQNE
2013-08-23,5998.2,5998.2,5910.2,5910.2,2,11908.4,EQNE
2013-08-27,5912.0,5912.0,5910.0,5910.0,3,17734.0,EQNE
2013-09-04,5999.3,6000.0,5999.3,6000.0,2,11999.3,TQNE
2013-09-05,5900.0,5900.0,5900.0,5900.0,2,11800.0,TQNE
2013-09-06,5900.0,5900.0,5900.0,5900.0,4,23600.0,TQNE
2013-09-10,5850.0,6500.7,5850.0,6200.0,96,578259.0,TQNE
2013-09-11,5905.7,6150.0,5900.0,6100.0,24,142936.2,TQNE
2013-09-19,5900.0,6300.0,5900.0,6100.0,13,79403.0,TQNE
2013-09-20,6288.9,6299.7,6100.0,6100.0,27,168541.9,TQNE
2013-09-23,6000.0,6150.0,6000.0,6100.0,8,48850.0,TQNE
2013-09-24,5911.1,6100.0,5900.0,6000.0,25,149783.1,TQNE
2013-09-25,6700.9,6700.9,5930.0,6150.0,5,31080.9,TQNE
2013-09-26,5921.2,6150.0,5921.2,6116.5,47,284604.2,TQNE
2013-09-27,6000.0,6000.0,6000.0,6000.0,2,12000.0,TQNE
2013-09-30,6100.0,6100.0,5977.9,6000.0,1368,8261077.3,TQNE
2013-10-01,6050.0,6050.0,6050.0,6050.0,10,60500.0,TQNE
2013-10-02,6075.0,6075.1,6075.0,6075.0,15,91125.6,TQNE
2013-10-03,6075.0,6075.0,6050.0,6075.0,36,218449.4,TQNE
2013-10-04,6075.0,6075.0,5901.0,6001.0,184,1105169.6,TQNE
2013-10-07,6000.0,6000.0,6000.0,6000.0,25,150000.0,TQNE
2013-10-08,6000.0,6000.1,6000.0,6000.0,25,150000.5,TQNE
2013-10-10,6001.0,6001.0,6000.0,6000.0,10,60001.0,TQNE
2013-10-11,6000.0,6001.0,6000.0,6001.0,30,180001.0,TQNE
2013-10-14,6000.0,6000.0,6000.0,6000.0,10,60000.0,TQNE
2013-10-15,6000.0,6000.0,6000.0,6000.0,12,72000.0,TQNE
2013-10-16,6000.0,6000.0,6000.0,6000.0,20,120000.0,TQNE
2013-10-17,6000.0,6030.0,6000.0,6000.0,31,186030.0,TQNE
2013-10-18,6050.0,6050.0,6000.0,6010.0,101,610510.0,TQNE
2013-10-21,6000.0,6000.0,6000.0,6000.0,1,6000.0,TQNE
2013-10-22,6050.0,6050.0,6050.0,6050.0,39,235950.0,TQNE
2013-10-23,6099.8,6200.0,6099.8,6200.0,282,1735275.6,TQNE
2013-10-24,6000.0,6200.0,6000.0,6200.0,28,172600.0,TQNE
2013-10-28,6200.0,6249.7,6200.0,6249.7,89,553788.0,TQNE
2013-10-29,6249.6,6249.7,6249.6,6249.7,30,187490.9,TQNE
2013-10-30,6150.0,6150.1,6150.0,6150.0,80,492000.5,TQNE
2013-11-01,6010.0,6130.0,6010.0,6130.0,21,128609.8,TQNE
2013-11-05,5921.1,6000.0,5921.1,6000.0,51,305921.1,TQNE
2013-11-06,6000.0,6000.0,6000.0,6000.0,80,480000.0,TQNE
2013-11-07,6000.0,6000.0,6000.0,6000.0,20,120000.0,TQNE
2013-11-08,5999.9,6000.2,5999.9,6000.0,31,186000.2,TQNE
2013-11-11,5755.0,6000.0,5755.0,6000.0,55,329185.0,TQNE
2013-11-12,6000.0,6000.0,6000.0,6000.0,20,120000.0,TQNE
2013-11-13,5907.0,6000.0,5902.0,6000.0,4,23716.0,TQNE
2013-11-14,5999.9,6000.0,5999.9,6000.0,67,401999.8,TQNE
2013-11-18,5850.4,6000.0,5850.4,6000.0,2,11850.4,TQNE
2013-11-19,5999.9,6000.0,5999.9,6000.0,144,863999.7,TQNE
2013-11-20,6000.0,6000.0,6000.0,6000.0,30,180000.0,TQNE
2013-11-21,6140.0,6150.0,6140.0,6150.0,2,12290.0,TQNE
2013-11-25,6161.3,6199.7,6150.0,6150.0,342,2119723.6,TQNE
2013-11-26,6150.0,6199.7,6150.0,6199.7,2,12349.7,TQNE
2013-11-27,6400.0,6400.0,6400.0,6400.0,8,51200.0,TQNE
2013-11-29,6150.0,6150.0,6150.0,6150.0,1,6150.0,TQNE
2013-12-02,6200.0,6200.0,6100.0,6100.0,5,30604.5,TQNE
2013-12-03,6101.0,6101.0,6100.0,6100.0,51,311101.0,TQNE
2013-12-04,6100.0,6101.0,6100.0,6100.0,30,183001.0,TQNE
2013-12-05,6200.0,6200.0,6100.0,6100.0,28,172859.8,TQNE
2013-12-09,6100.0,6100.0,6100.0,6100.0,5,30500.0,TQNE
2013-12-11,6100.0,6100.0,6100.0,6100.0,180,1098000.0,TQNE
2013-12-12,6150.0,6150.0,6150.0,6150.0,27,166050.0,TQNE
2013-12-13,5850.0,5855.0,5850.0,5855.0,4,23406.3,TQNE
2013-12-16,6048.3,6100.0,6048.3,6100.0,51,310842.0,TQNE
2013-12-17,6100.0,6100.0,6100.0,6100.0,33,201300.0,TQNE
2013-12-20,6100.0,6100.1,6099.8,6100.0,289,1762894.0,TQNE
2013-12-24,6100.0,6100.0,6100.0,6100.0,10,61000.0,TQNE
2013-12-27,6000.0,6000.0,6000.0,6000.0,19,114000.0,TQNE
2013-12-30,6000.0,7300.0,6000.0,7300.0,248,1491900.0,TQNE
2014-01-10,6996.1,6996.1,6007.7,6017.0,4,26016.7,TQNE
2014-01-16,5907.6,6500.1,5907.0,6500.0,10,62629.1,TQNE
2014-01-22,6003.3,6500.0,5900.0,6500.0,27,166866.5,TQNE
2014-01-23,6499.9,6499.9,6202.2,6202.2,101,626719.9,TQNE
2014-01-24,6000.4,6500.0,6000.0,6300.0,38,236299.5,TQNE
2014-01-27,6202.1,6202.1,6202.1,6202.1,70,434147.0,TQNE
2014-01-28,6001.3,6203.6,6001.2,6203.6,54,334518.2,TQNE
2014-01-29,6300.1,6301.0,6300.1,6301.0,50,315005.9,TQNE
2014-01-30,6005.5,6500.0,6005.5,6500.0,110,693539.4,TQNE
2014-02-03,6500.0,6500.0,6500.0,6500.0,1,6500.0,TQNE
2014-02-04,6300.0,6500.0,6300.0,6500.0,12,76000.0,TQNE
2014-02-05,5751.5,5751.5,5751.5,5751.5,1,5751.5,TQNE
2014-02-07,6599.9,6599.9,6172.0,6500.0,17,110240.2,TQNE
2014-02-12,6500.0,6500.0,6178.2,6500.0,17,110178.2,TQNE
2014-02-13,6066.6,6066.6,6000.0,6000.0,29,174298.6,TQNE
2014-02-14,6473.3,6900.0,6473.3,6900.0,47,307606.2,TQNE
2014-02-17,6400.1,6800.0,6105.0,6800.0,47,314695.9,TQNE
2014-02-18,6875.0,6875.0,6799.9,6875.0,11,75549.9,TQNE
2014-02-19,6500.0,7100.0,6222.0,7100.0,340,2314572.7,TQNE
2014-02-20,7099.9,7199.0,6899.9,7199.0,80,558944.6,TQNE
2014-02-21,7100.0,7199.9,7100.0,7100.0,14,99820.0,TQNE
2014-02-24,7100.0,7299.7,7100.0,7299.7,21,151349.0,TQNE
2014-02-25,7200.0,7200.0,7150.1,7150.1,13,93450.3,TQNE
2014-02-26,7199.8,7199.8,7199.8,7199.8,1,7199.8,TQNE
2014-02-27,6800.1,7020.0,6700.0,7020.0,15,102598.2,TQNE
2014-02-28,6700.0,7050.0,6700.0,6809.9,14,97859.8,TQNE
2014-03-03,6150.1,7100.0,6100.0,6400.0,69,449703.7,TQNE
2014-03-04,6890.0,6900.0,5999.9,6900.0,530,3255209.3,TQNE
2014-03-05,6998.9,7000.0,6998.9,7000.0,120,839904.7,TQNE
2014-03-07,6238.2,6996.9,6238.2,6996.9,2,13235.1,TQNE
2014-03-19,6163.1,6200.1,6006.0,6200.1,12,73854.2,TQNE
2014-03-20,6300.0,6300.0,6300.0,6300.0,170,1071000.0,TQNE
2014-03-27,6100.0,6100.0,6001.1,6001.1,2,12101.1,TQNE
2014-03-31,6791.9,6791.9,6207.0,6207.0,3,19698.7,TQNE
2014-04-04,6200.1,6200.1,6200.1,6200.1,3,18600.3,TQNE
2014-04-08,6200.0,6200.0,6200.0,6200.0,11,68200.0,TQNE
2014-04-09,6200.0,6200.0,6200.0,6200.0,20,124000.0,TQNE
2014-04-10,6200.0,6200.0,6200.0,6200.0,3,18600.0,TQNE
2014-04-16,6011.4,6011.4,6001.0,6001.0,4,24024.4,TQNE
2014-04-21,6250.0,6250.0,6250.0,6250.0,5,31250.0,TQNE
2014-04-22,6020.0,6020.0,6000.0,6000.0,22,132035.1,TQNE
2014-04-24,6212.6,6212.6,6200.0,6200.0,4,24812.6,TQNE
2014-04-29,6005.0,6005.0,6005.0,6005.0,1,6005.0,TQNE
2014-05-07,6007.0,6007.0,6007.0,6007.0,1,6007.0,TQNE
2014-05-08,5923.0,5923.0,5501.3,5900.0,14,80996.1,TQNE
2014-05-13,5900.0,5900.0,5900.0,5900.0,9,53100.0,TQNE
2014-05-19,5550.1,5700.0,5400.0,5700.0,54,297066.0,TQNE
2014-05-22,5506.6,5506.6,5506.6,5506.6,1,5506.6,TQNE
2014-05-23,5505.7,5505.7,5505.7,5505.7,2,11011.4,TQNE
2014-05-26,5701.0,5701.0,5701.0,5701.0,1,5701.0,TQNE
2014-05-28,5600.0,5600.0,5600.0,5600.0,12,67200.0,TQNE
2014-06-03,5869.9,5869.9,5869.9,5869.9,2,11739.8,TQNE
2014-06-06,5869.7,6000.0,5700.3,5700.3,65,388817.0,TQNE
2014-06-09,5700.5,5700.5,5700.5,5700.5,1,5700.5,TQBR
2014-06-10,5560.1,5560.1,5560.1,5560.1,1,5560.1,TQBR
2014-06-16,5560.3,5565.0,5560.2,5565.0,9,50061.1,TQBR
2014-06-17,5564.9,5565.0,5564.9,5565.0,2,11129.9,TQBR
2014-06-20,5900.0,5900.0,5300.0,5300.0,38,211156.4,TQBR
2014-06-23,5900.0,5900.0,5900.0,5900.0,10,59000.0,TQBR
2014-06-24,5500.0,5500.0,5500.0,5500.0,54,297000.0,TQBR
2014-06-25,5400.0,5400.0,5202.2,5202.2,6,32080.2,TQBR
2014-06-26,5203.3,5554.3,4900.0,5198.9,229,1142096.8,TQBR
2014-06-27,5277.7,5277.7,5249.9,5249.9,2,10527.6,TQBR
2014-06-30,5250.0,5299.8,5001.0,5299.8,4,20800.8,TQBR
2014-07-01,5279.6,5279.6,5279.6,5279.6,2,10559.2,TQBR
2014-07-02,5449.9,5449.9,5078.2,5078.2,4,21053.1,TQBR
2014-07-03,5250.0,6600.0,5057.0,5225.0,59,306492.3,TQBR
2014-07-04,5277.0,5277.0,5277.0,5277.0,38,200526.0,TQBR
2014-07-07,5850.0,5850.0,5300.0,5375.0,8,44175.0,TQBR
2014-07-08,5218.2,5218.2,5209.1,5209.1,7,36517.9,TQBR
2014-07-09,5209.4,5299.8,5209.4,5299.8,6,31708.1,TQBR
2014-07-10,5241.1,5241.1,5226.7,5226.7,10,52382.2,TQBR
2014-07-11,5080.0,5730.5,5080.0,5200.0,20,107574.5,TQBR
2014-07-14,5500.0,5500.0,5151.0,5412.6,38,203326.8,TQBR
2014-07-16,6078.0,6078.0,5350.0,5400.0,7,41140.0,TQBR
2014-07-18,5100.1,5101.5,5000.0,5000.0,31,155537.9,TQBR
2014-07-21,5000.0,5050.0,4902.9,5008.0,53,262368.1,TQBR
2014-07-22,5008.0,5008.0,5008.0,5008.0,2,10016.0,TQBR
2014-07-23,5180.1,5180.2,5180.1,5180.2,22,113963.7,TQBR
2014-07-24,5000.0,5000.0,5000.0,5000.0,1,5000.0,TQBR
2014-07-25,4900.1,4900.1,4210.0,4210.0,6,28710.1,TQBR
2014-07-28,5094.9,5099.9,4336.0,4336.0,5,24720.8,TQBR
2014-07-29,5000.0,5000.0,4989.0,4989.0,3,14978.0,TQBR
2014-08-01,5000.0,5000.0,4650.0,4650.0,24,116800.1,TQBR
2014-08-04,4657.0,4881.0,4657.0,4881.0,18,85842.0,TQBR
2014-08-05,4979.9,4980.0,4881.0,4881.0,3,14840.9,TQBR
2014-08-06,4578.3,4578.3,4578.3,4578.3,1,4578.3,TQBR
2014-08-07,4578.3,4578.3,4578.3,4578.3,1,4578.3,TQBR
2014-08-08,4605.0,4828.0,4605.0,4828.0,18,84897.0,TQBR
2014-08-11,4828.0,4828.0,4828.0,4828.0,1,4828.0,TQBR
2014-08-13,4648.1,4648.1,4500.0,4500.0,6,27592.4,TQBR
2014-08-14,4470.0,4698.0,4470.0,4698.0,36,163230.3,TQBR
2014-08-15,4698.0,4698.0,4460.1,4460.1,5,22538.4,TQBR
2014-08-18,4332.0,5150.0,4332.0,5150.0,26,118277.4,TQBR
2014-08-19,4777.6,5040.0,4520.0,5040.0,23,109928.1,TQBR
2014-08-20,4800.0,4800.0,4800.0,4800.0,16,76800.0,TQBR
2014-08-21,4800.0,5169.5,4800.0,5169.5,20,99359.5,TQBR
2014-08-22,4804.2,5099.4,4803.0,5099.4,17,83019.0,TQBR
2014-08-25,4556.0,4891.0,4556.0,4891.0,18,85023.0,TQBR
2014-08-27,4993.9,4993.9,4993.9,4993.9,1,4993.9,TQBR
2014-08-28,4630.0,4970.0,4630.0,4970.0,18,86400.0,TQBR
2014-08-29,4320.0,4320.0,4320.0,4320.0,11,47520.0,TQBR
2014-09-04,4700.0,4700.0,4700.0,4700.0,1,4700.0,TQBR
2014-09-09,4896.0,5099.9,4896.0,5099.9,3,15070.9,TQBR
2014-09-10,4465.0,4900.0,4465.0,4900.0,4,19165.0,TQBR
2014-09-12,4500.0,4500.0,4414.7,4455.0,61,272311.5,TQBR
2014-09-15,4774.9,4950.0,4457.7,4800.0,30,142552.7,TQBR
2014-09-16,4426.0,4794.4,4425.0,4794.4,10,44699.3,TQBR
2014-09-17,5000.0,5000.0,5000.0,5000.0,1,5000.0,TQBR
2014-09-18,5491.0,5491.0,5491.0,5491.0,49,269059.0,TQBR
2014-09-19,5757.2,5757.2,4550.0,4870.0,90,474282.6,TQBR
2014-09-23,4516.7,4693.7,4516.7,4693.7,3,13727.1,TQBR
2014-09-24,4692.0,4692.0,4450.0,4599.6,17,76097.1,TQBR
2014-09-25,4595.7,4777.7,4400.0,4777.7,41,187025.6,TQBR
2014-09-26,4405.0,4407.7,4400.7,4400.7,4,17618.4,TQBR
2014-09-29,4950.0,4965.0,4499.7,4965.0,131,639989.3,TQBR
2014-09-30,5600.0,5600.0,4455.0,4506.0,126,644419.7,TQBR
2014-10-01,4490.0,4500.0,4310.0,4450.0,20,89600.0,TQBR
2014-10-02,4500.0,4500.0,4500.0,4500.0,6,27000.0,TQBR
2014-10-06,4350.0,4350.0,4320.0,4320.0,6,26010.0,TQBR
2014-10-07,4330.0,4490.0,4200.0,4350.0,61,261860.0,TQBR
2014-10-08,4300.0,4300.0,4250.0,4250.0,17,72650.0,TQBR
2014-10-09,4230.0,4230.0,4230.0,4230.0,1,4230.0,TQBR
2014-10-10,4300.0,4300.0,4200.0,4200.0,8,34300.0,TQBR
2014-10-13,4100.0,4200.0,4100.0,4200.0,2,8300.0,TQBR
2014-10-14,4100.0,4240.0,4060.0,4240.0,10,41660.0,TQBR
2014-10-15,4100.0,4120.0,4100.0,4110.0,17,69850.0,TQBR
2014-10-16,3870.0,4200.0,3860.0,4200.0,11,44250.0,TQBR
2014-10-17,4700.0,4700.0,4100.0,4100.0,86,394630.0,TQBR
2014-10-20,4060.0,4060.0,4000.0,4000.0,74,300270.0,TQBR
2014-10-21,4000.0,4000.0,3930.0,3930.0,4,15860.0,TQBR
2014-10-22,3970.0,3970.0,3970.0,3970.0,2,7940.0,TQBR
2014-10-28,3950.0,3970.0,3950.0,3970.0,2,7920.0,TQBR
2014-10-29,4150.0,4200.0,4100.0,4200.0,6,24950.0,TQBR
2014-10-30,3960.0,4140.0,3960.0,4050.0,20,79820.0,TQBR
2014-10-31,4550.0,4880.0,3800.0,4080.0,196,853650.0,TQBR
2014-11-03,4240.0,4250.0,4240.0,4250.0,6,25450.0,TQBR
2014-11-06,4000.0,4390.0,4000.0,4390.0,2,8390.0,TQBR
2014-11-10,4320.0,4330.0,4320.0,4330.0,2,8650.0,TQBR
2014-11-11,4690.0,4690.0,4100.0,4380.0,69,286450.0,TQBR
2014-11-12,4100.0,4100.0,4100.0,4100.0,10,41000.0,TQBR
2014-11-14,4000.0,4150.0,4000.0,4150.0,3,12150.0,TQBR
2014-11-17,4010.0,4020.0,4000.0,4010.0,9,36090.0,TQBR
2014-11-18,4000.0,4000.0,4000.0,4000.0,1,4000.0,TQBR
2014-11-19,3940.0,4200.0,3940.0,4000.0,16,64360.0,TQBR
2014-11-20,4100.0,4100.0,4100.0,4100.0,10,41000.0,TQBR
2014-11-21,4000.0,4000.0,4000.0,4000.0,1,4000.0,TQBR
2014-11-24,4000.0,4000.0,3880.0,3990.0,68,265690.0,TQBR
2014-11-25,3990.0,3990.0,3820.0,3820.0,6,23490.0,TQBR
2014-11-26,3700.0,4000.0,3650.0,4000.0,163,638750.0,TQBR
2014-11-28,3990.0,3990.0,3990.0,3990.0,2,7980.0,TQBR
2014-12-01,3980.0,4000.0,3980.0,4000.0,56,223970.0,TQBR
2014-12-02,4000.0,4000.0,3720.0,3720.0,4,15510.0,TQBR
2014-12-03,3720.0,3750.0,3650.0,3750.0,8,29700.0,TQBR
2014-12-04,3950.0,3950.0,3950.0,3950.0,1,3950.0,TQBR
2014-12-10,3920.0,3930.0,2350.0,3810.0,110,387960.0,TQBR
2014-12-12,3380.0,3740.0,3380.0,3740.0,2,7120.0,TQBR
2014-12-15,4050.0,4050.0,4050.0,4050.0,3,12150.0,TQBR
2014-12-16,4520.0,4520.0,3400.0,3770.0,16,59170.0,TQBR
2014-12-22,3240.0,3590.0,3240.0,3590.0,14,46450.0,TQBR
2014-12-25,3400.0,3710.0,3400.0,3710.0,6,20710.0,TQBR
2014-12-26,3330.0,3600.0,3330.0,3600.0,25,85000.0,TQBR
2014-12-30,3690.0,3710.0,3690.0,3710.0,6,22190.0,TQBR
2015-01-08,3310.0,3500.0,3310.0,3500.0,5,17090.0,TQBR
2015-01-09,3500.0,3500.0,3500.0,3500.0,1,3500.0,TQBR
2015-01-14,3200.0,3200.0,3200.0,3200.0,1,3200.0,TQBR
2015-01-16,3500.0,3500.0,3500.0,3500.0,2,7000.0,TQBR
2015-01-19,3800.0,3800.0,3800.0,3800.0,1,3800.0,TQBR
2015-01-20,3650.0,3670.0,3650.0,3670.0,4,14630.0,TQBR
2015-01-21,3310.0,3480.0,3120.0,3390.0,45,147700.0,TQBR
2015-01-22,3390.0,3390.0,3280.0,3370.0,10,33630.0,TQBR
2015-01-23,3490.0,3490.0,3430.0,3430.0,4,13840.0,TQBR
2015-01-26,3300.0,3420.0,3290.0,3420.0,8,26510.0,TQBR
2015-01-27,3300.0,3420.0,3300.0,3420.0,4,13540.0,TQBR
2015-01-28,3400.0,3400.0,3400.0,3400.0,2,6800.0,TQBR
2015-01-29,3400.0,3490.0,3400.0,3490.0,10,34360.0,TQBR
2015-01-30,3500.0,3500.0,2700.0,2990.0,958,2740670.0,TQBR
2015-02-02,3040.0,3270.0,2890.0,2900.0,92,278480.0,TQBR
2015-02-03,3070.0,3070.0,3050.0,3050.0,18,55000.0,TQBR
2015-02-04,2980.0,3020.0,2920.0,3020.0,45,132900.0,TQBR
2015-02-05,2930.0,3050.0,2850.0,2890.0,58,168680.0,TQBR
2015-02-06,2920.0,2940.0,2870.0,2900.0,126,366060.0,TQBR
2015-02-09,2940.0,2940.0,2830.0,2900.0,36,104290.0,TQBR
2015-02-10,2980.0,3800.0,2900.0,3280.0,764,2592180.0,TQBR
2015-02-11,3280.0,3340.0,3130.0,3330.0,123,401060.0,TQBR
2015-02-12,3330.0,3430.0,3270.0,3390.0,200,660700.0,TQBR
2015-02-13,3480.0,3750.0,3400.0,3590.0,118,421920.0,TQBR
2015-02-16,3780.0,3880.0,3390.0,3870.0,88,330960.0,TQBR
2015-02-17,3910.0,4300.0,3460.0,3840.0,106,409320.0,TQBR
2015-02-18,3950.0,3950.0,3900.0,3900.0,3,11750.0,TQBR
2015-02-19,3900.0,3910.0,3710.0,3890.0,57,217690.0,TQBR
2015-02-20,3820.0,3820.0,3790.0,3800.0,5,19020.0,TQBR
2015-02-24,3850.0,3850.0,3460.0,3560.0,169,606120.0,TQBR
2015-02-25,3460.0,3670.0,3460.0,3530.0,17,60170.0,TQBR
2015-02-26,3590.0,3740.0,3400.0,3710.0,112,400130.0,TQBR
2015-02-27,3800.0,3890.0,3640.0,3780.0,57,213030.0,TQBR
2015-03-02,3800.0,3960.0,3430.0,3890.0,230,838740.0,TQBR
2015-03-03,3940.0,5440.0,3830.0,5440.0,763,3872830.0,TQBR
2015-03-04,5990.0,6820.0,4800.0,4800.0,1414,8043450.0,TQBR
2015-03-05,4800.0,4800.0,4510.0,4530.0,248,1134100.0,TQBR
2015-03-06,4510.0,4670.0,4410.0,4420.0,52,233500.0,TQBR
2015-03-10,4480.0,4800.0,4240.0,4550.0,104,465560.0,TQBR
2015-03-11,4500.0,4770.0,4300.0,4440.0,72,322440.0,TQBR
2015-03-12,4160.0,4440.0,3870.0,3980.0,409,1656630.0,TQBR
2015-03-13,4030.0,4030.0,3700.0,3750.0,170,648590.0,TQBR
2015-03-16,3560.0,3690.0,3530.0,3640.0,137,490780.0,TQBR
2015-03-17,3890.0,3890.0,3640.0,3740.0,26,96780.0,TQBR
2015-03-18,3660.0,3840.0,3660.0,3720.0,36,134090.0,TQBR
2015-03-19,3690.0,3700.0,3650.0,3690.0,62,227290.0,TQBR
2015-03-20,3540.0,3670.0,3530.0,3650.0,9,32510.0,TQBR
2015-03-23,3740.0,3800.0,3700.0,3700.0,25,93260.0,TQBR
2015-03-24,3780.0,3780.0,3620.0,3620.0,6,22210.0,TQBR
2015-03-25,3620.0,3620.0,3520.0,3520.0,25,88480.0,TQBR
2015-03-26,3500.0,3500.0,3200.0,3380.0,61,203110.0,TQBR
2015-03-27,3380.0,3380.0,3150.0,3370.0,91,296200.0,TQBR
2015-03-30,3370.0,3450.0,3240.0,3420.0,22,74110.0,TQBR
2015-03-31,3250.0,3530.0,3250.0,3500.0,11,38300.0,TQBR
2015-04-01,3500.0,3650.0,3500.0,3590.0,38,135180.0,TQBR
2015-04-02,3640.0,3700.0,3550.0,3550.0,86,315820.0,TQBR
2015-04-03,3590.0,3790.0,3550.0,3650.0,82,297370.0,TQBR
2015-04-06,3670.0,3670.0,3650.0,3650.0,2,7320.0,TQBR
2015-04-07,3600.0,3680.0,3500.0,3680.0,12,42940.0,TQBR
2015-04-08,3500.0,3500.0,3480.0,3500.0,38,132890.0,TQBR
2015-04-09,3550.0,4650.0,3550.0,3910.0,169,672500.0,TQBR
2015-04-10,4010.0,4010.0,3890.0,3900.0,23,91240.0,TQBR
2015-04-13,3710.0,4070.0,3610.0,3750.0,67,251270.0,TQBR
2015-04-14,3770.0,3820.0,3580.0,3710.0,39,144140.0,TQBR
2015-04-15,3850.0,3870.0,3620.0,3700.0,29,108800.0,TQBR
2015-04-16,3710.0,3830.0,3700.0,3750.0,20,74500.0,TQBR
2015-04-17,3700.0,3720.0,3700.0,3700.0,9,33330.0,TQBR
2015-04-20,3620.0,3700.0,3550.0,3600.0,34,122600.0,TQBR
2015-04-21,3600.0,3600.0,3560.0,3560.0,11,39560.0,TQBR
2015-04-22,3700.0,3700.0,3580.0,3650.0,42,152020.0,TQBR
2015-04-23,3570.0,3590.0,3390.0,3480.0,24,83700.0,TQBR
2015-04-24,3510.0,3600.0,3440.0,3600.0,111,392570.0,TQBR
2015-04-27,3890.0,3890.0,3450.0,3630.0,13,46520.0,TQBR
2015-04-28,3570.0,3600.0,3570.0,3600.0,12,43150.0,TQBR
2015-04-29,3660.0,5010.0,3660.0,4700.0,2205,10159240.0,TQBR
2015-04-30,4700.0,4830.0,4050.0,4130.0,285,1233900.0,TQBR
2015-05-05,4150.0,4200.0,3910.0,4020.0,154,613680.0,TQBR
2015-05-06,3930.0,4000.0,3500.0,3700.0,597,2179250.0,TQBR
2015-05-07,3700.0,3950.0,3620.0,3790.0,93,347630.0,TQBR
2015-05-08,3760.0,3840.0,3700.0,3790.0,27,101660.0,TQBR
2015-05-12,3750.0,3760.0,3600.0,3730.0,181,656810.0,TQBR
2015-05-13,3630.0,3700.0,3630.0,3680.0,22,81030.0,TQBR
2015-05-14,3610.0,4040.0,3500.0,3720.0,341,1268910.0,TQBR
2015-05-15,3750.0,3750.0,3750.0,3750.0,1,3750.0,TQBR
2015-05-18,3630.0,3810.0,3610.0,3810.0,86,321390.0,TQBR
2015-05-19,3800.0,3810.0,3710.0,3810.0,12,45370.0,TQBR
2015-05-20,4040.0,4040.0,3890.0,3900.0,3,11830.0,TQBR
2015-05-21,3750.0,3750.0,3750.0,3750.0,1,3750.0,TQBR
2015-05-22,3690.0,3690.0,3690.0,3690.0,1,3690.0,TQBR
2015-05-25,3890.0,3890.0,3600.0,3700.0,59,215980.0,TQBR
2015-05-27,3780.0,3900.0,3700.0,3780.0,54,204120.0,TQBR
2015-05-28,4090.0,4140.0,3800.0,3860.0,15,59420.0,TQBR
2015-05-29,4030.0,4030.0,3840.0,3840.0,9,35080.0,TQBR
2015-06-01,3820.0,3950.0,3810.0,3810.0,4,15390.0,TQBR
2015-06-02,3760.0,3800.0,3760.0,3800.0,5,18910.0,TQBR
2015-06-03,3770.0,3970.0,3770.0,3970.0,18,69880.0,TQBR
2015-06-04,3900.0,4040.0,3860.0,4040.0,18,70970.0,TQBR
2015-06-05,4010.0,4010.0,3930.0,3930.0,2,7940.0,TQBR
2015-06-08,3920.0,3960.0,3850.0,3880.0,22,85670.0,TQBR
2015-06-09,3890.0,3890.0,3890.0,3890.0,7,27230.0,TQBR
2015-06-10,3890.0,3890.0,3800.0,3800.0,9,34600.0,TQBR
2015-06-11,3890.0,3990.0,3890.0,3990.0,11,43290.0,TQBR
2015-06-15,3740.0,3890.0,3730.0,3890.0,40,153240.0,TQBR
2015-06-16,3810.0,3880.0,3800.0,3880.0,4,15290.0,TQBR
2015-06-17,3890.0,4020.0,3890.0,3990.0,53,210870.0,TQBR
2015-06-18,3870.0,4120.0,3770.0,3840.0,233,915980.0,TQBR
2015-06-19,3810.0,3940.0,3800.0,3930.0,86,332340.0,TQBR
2015-06-22,4120.0,4130.0,4000.0,4000.0,4,16380.0,TQBR
2015-06-23,4010.0,4010.0,3860.0,3990.0,8,31230.0,TQBR
2015-06-24,3830.0,3830.0,3810.0,3830.0,7,26760.0,TQBR
2015-06-25,3860.0,3860.0,3750.0,3840.0,23,87540.0,TQBR
2015-06-26,3820.0,3940.0,3820.0,3930.0,22,85970.0,TQBR
2015-06-29,3760.0,3820.0,3760.0,3820.0,11,41960.0,TQBR
2015-06-30,3810.0,3830.0,3730.0,3830.0,27,102460.0,TQBR
2015-07-01,3800.0,3800.0,3800.0,3800.0,4,15200.0,TQBR
2015-07-02,3700.0,3810.0,3680.0,3800.0,20,74560.0,TQBR
2015-07-03,3820.0,3820.0,3530.0,3680.0,196,714130.0,TQBR
2015-07-06,3650.0,3700.0,3650.0,3680.0,24,88270.0,TQBR
2015-07-07,3640.0,3670.0,3580.0,3650.0,22,79450.0,TQBR
2015-07-08,3560.0,3600.0,3520.0,3590.0,20,70960.0,TQBR
2015-07-09,3590.0,3590.0,3530.0,3540.0,15,53220.0,TQBR
2015-07-10,3600.0,3610.0,3580.0,3580.0,38,136090.0,TQBR
2015-07-13,3610.0,3630.0,3610.0,3630.0,4,14490.0,TQBR
2015-07-14,3630.0,3700.0,3630.0,3680.0,48,175990.0,TQBR
2015-07-15,3630.0,3700.0,3610.0,3700.0,9,32870.0,TQBR
2015-07-16,3690.0,3720.0,3690.0,3700.0,16,59240.0,TQBR
2015-07-21,3710.0,4370.0,3710.0,4150.0,656,2687420.0,TQBR
2015-07-22,4180.0,4930.0,4160.0,4920.0,306,1421350.0,TQBR
2015-07-23,4930.0,5500.0,4400.0,4400.0,372,1799860.0,TQBR
2015-07-24,4330.0,4330.0,4000.0,4100.0,803,3285200.0,TQBR
2015-07-27,4010.0,4010.0,3860.0,3940.0,190,744800.0,TQBR
2015-07-28,3910.0,3990.0,3910.0,3930.0,23,90770.0,TQBR
2015-07-29,3910.0,3950.0,3910.0,3950.0,9,35410.0,TQBR
2015-07-30,3930.0,4300.0,3840.0,3980.0,383,1552130.0,TQBR
2015-07-31,3930.0,4000.0,3850.0,3950.0,142,558480.0,TQBR
2015-08-03,3900.0,3990.0,3900.0,3990.0,72,284090.0,TQBR
2015-08-04,3980.0,4020.0,3980.0,4000.0,27,108090.0,TQBR
2015-08-05,4000.0,4000.0,3780.0,3990.0,444,1757960.0,TQBR
2015-08-06,4000.0,4000.0,3930.0,3990.0,8,31710.0,TQBR
2015-08-07,3990.0,4000.0,3990.0,4000.0,21,83920.0,TQBR
2015-08-10,4050.0,4280.0,3920.0,4040.0,204,829930.0,TQBR
2015-08-11,4080.0,4080.0,3980.0,4000.0,82,328820.0,TQBR
2015-08-12,3990.0,4040.0,3990.0,4000.0,76,304570.0,TQBR
2015-08-13,3970.0,4070.0,3960.0,4050.0,216,862960.0,TQBR
2015-08-14,3990.0,4030.0,3970.0,4010.0,56,223590.0,TQBR
2015-08-17,4030.0,4300.0,4030.0,4130.0,1717,7208690.0,TQBR
2015-08-18,4180.0,4270.0,4090.0,4150.0,298,1232770.0,TQBR
2015-08-19,4090.0,4170.0,4060.0,4150.0,116,473760.0,TQBR
2015-08-20,4110.0,4150.0,4100.0,4110.0,81,332930.0,TQBR
2015-08-21,4070.0,4160.0,4070.0,4100.0,63,260580.0,TQBR
2015-08-24,4010.0,4150.0,3930.0,4150.0,78,312450.0,TQBR
2015-08-25,4190.0,4290.0,4160.0,4200.0,58,243500.0,TQBR
2015-08-26,4160.0,4160.0,4150.0,4150.0,5,20770.0,TQBR
2015-08-27,4200.0,4290.0,4050.0,4140.0,62,256160.0,TQBR
2015-08-28,4110.0,4190.0,4110.0,4130.0,17,70720.0,TQBR
2015-08-31,4040.0,4170.0,4000.0,4100.0,229,933820.0,TQBR
2015-09-01,4100.0,4150.0,4100.0,4100.0,30,123360.0,TQBR
2015-09-02,4150.0,4180.0,4150.0,4180.0,8,33240.0,TQBR
2015-09-03,4110.0,4110.0,4110.0,4110.0,4,16440.0,TQBR
2015-09-04,4140.0,4240.0,4140.0,4240.0,6,25200.0,TQBR
2015-09-07,4120.0,4190.0,4070.0,4190.0,9,36920.0,TQBR
2015-09-08,4080.0,4110.0,4070.0,4110.0,8,32610.0,TQBR
2015-09-09,4220.0,4280.0,4130.0,4130.0,13,55030.0,TQBR
2015-09-10,4100.0,4170.0,4100.0,4140.0,4,16510.0,TQBR
2015-09-11,4210.0,4210.0,4120.0,4150.0,26,107930.0,TQBR
2015-09-14,4190.0,4220.0,4190.0,4220.0,3,12600.0,TQBR
2015-09-15,4170.0,4170.0,4150.0,4150.0,8,33230.0,TQBR
2015-09-16,4170.0,4170.0,4170.0,4170.0,3,12510.0,TQBR
2015-09-17,4110.0,4140.0,4100.0,4120.0,23,94500.0,TQBR
2015-09-18,4120.0,4120.0,4120.0,4120.0,27,111240.0,TQBR
2015-09-21,4100.0,4250.0,4100.0,4250.0,25,104110.0,TQBR
2015-09-22,4120.0,4190.0,4110.0,4190.0,7,28940.0,TQBR
2015-09-23,4120.0,4160.0,4100.0,4160.0,28,114960.0,TQBR
2015-09-24,4080.0,4080.0,4000.0,4070.0,223,896160.0,TQBR
2015-09-25,4060.0,4060.0,4000.0,4040.0,131,527840.0,TQBR
2015-09-28,3980.0,4080.0,3980.0,4060.0,14,56880.0,TQBR
2015-09-29,3960.0,4090.0,3950.0,4000.0,140,559680.0,TQBR
2015-09-30,4060.0,4060.0,4040.0,4040.0,23,93140.0,TQBR
2015-10-01,4060.0,4070.0,4010.0,4070.0,18,72660.0,TQBR
2015-10-02,4040.0,4040.0,4030.0,4030.0,18,72550.0,TQBR
2015-10-05,4040.0,4090.0,4020.0,4090.0,14,56620.0,TQBR
2015-10-06,4040.0,4040.0,4020.0,4020.0,3,12090.0,TQBR
2015-10-08,4030.0,4030.0,4030.0,4030.0,71,286130.0,TQBR
2015-10-09,4050.0,4180.0,4050.0,4100.0,19,77980.0,TQBR
2015-10-12,4200.0,4200.0,4150.0,4150.0,32,133650.0,TQBR
2015-10-13,4110.0,4270.0,4110.0,4270.0,10,42130.0,TQBR
2015-10-14,4250.0,4680.0,4240.0,4560.0,77,336680.0,TQBR
2015-10-15,4300.0,4400.0,4230.0,4400.0,18,76870.0,TQBR
2015-10-16,4230.0,4230.0,4160.0,4210.0,21,88210.0,TQBR
2015-10-19,4280.0,4280.0,4160.0,4160.0,4,16790.0,TQBR
2015-10-20,4300.0,4300.0,4230.0,4230.0,2,8530.0,TQBR
2015-10-21,4240.0,4600.0,4240.0,4300.0,69,308340.0,TQBR
2015-10-22,4580.0,4640.0,4450.0,4640.0,85,384720.0,TQBR
2015-10-27,4600.0,4600.0,4600.0,4600.0,1,4600.0,TQBR
2015-10-28,4460.0,4460.0,4450.0,4450.0,25,111300.0,TQBR
2015-10-29,4590.0,4590.0,4590.0,4590.0,1,4590.0,TQBR
2015-11-02,4490.0,4500.0,4350.0,4400.0,17,75330.0,TQBR
2015-11-03,4400.0,4690.0,4400.0,4680.0,42,193270.0,TQBR
2015-11-05,4690.0,4690.0,4690.0,4690.0,1,4690.0,TQBR
2015-11-06,4700.0,4700.0,4700.0,4700.0,10,47000.0,TQBR
2015-11-09,4470.0,4670.0,4470.0,4670.0,3,13610.0,TQBR
2015-11-10,4470.0,4470.0,4470.0,4470.0,1,4470.0,TQBR
2015-11-11,4460.0,4460.0,4210.0,4260.0,27,117300.0,TQBR
2015-11-12,4230.0,4350.0,4230.0,4250.0,7,30200.0,TQBR
2015-11-13,4380.0,4390.0,4380.0,4390.0,5,21930.0,TQBR
2015-11-16,4110.0,4270.0,4110.0,4120.0,22,91330.0,TQBR
2015-11-17,4120.0,4230.0,4110.0,4230.0,5,20800.0,TQBR
2015-11-18,4280.0,4290.0,4120.0,4120.0,35,146500.0,TQBR
2015-11-19,4170.0,4170.0,4140.0,4140.0,5,20760.0,TQBR
2015-11-20,4270.0,4270.0,4150.0,4200.0,15,62650.0,TQBR
2015-11-23,4160.0,4160.0,4160.0,4160.0,1,4160.0,TQBR
2015-11-24,4190.0,4200.0,3950.0,4070.0,305,1229610.0,TQBR
2015-11-25,4070.0,4110.0,4010.0,4110.0,15,60960.0,TQBR
2015-11-27,4120.0,4120.0,4120.0,4120.0,1,4120.0,TQBR
2015-12-01,4160.0,4230.0,4160.0,4230.0,10,41880.0,TQBR
2015-12-03,4120.0,4120.0,4120.0,4120.0,6,24720.0,TQBR
2015-12-04,4070.0,4070.0,4070.0,4070.0,1,4070.0,TQBR
2015-12-07,4050.0,4100.0,4050.0,4100.0,6,24550.0,TQBR
2015-12-08,4030.0,4080.0,4020.0,4050.0,105,425250.0,TQBR
2015-12-09,4200.0,5100.0,4200.0,4650.0,770,3707580.0,TQBR
2015-12-10,4540.0,4670.0,3990.0,4160.0,594,2457710.0,TQBR
2015-12-11,4130.0,4330.0,4120.0,4250.0,142,604450.0,TQBR
2015-12-14,4250.0,4430.0,4250.0,4320.0,19,81790.0,TQBR
2015-12-15,4300.0,4500.0,4300.0,4500.0,26,114910.0,TQBR
2015-12-16,4550.0,4570.0,4360.0,4440.0,17,76060.0,TQBR
2015-12-17,4440.0,4450.0,4350.0,4350.0,11,48830.0,TQBR
2015-12-18,4440.0,4500.0,4250.0,4340.0,27,116760.0,TQBR
2015-12-21,4470.0,4470.0,4240.0,4400.0,11,48270.0,TQBR
2015-12-22,4400.0,4440.0,4350.0,4420.0,13,57230.0,TQBR
2015-12-24,4400.0,4400.0,4400.0,4400.0,1,4400.0,TQBR
2015-12-25,4390.0,4390.0,4300.0,4300.0,2,8690.0,TQBR
2015-12-28,4300.0,4300.0,4300.0,4300.0,4,17200.0,TQBR
2015-12-29,4330.0,4330.0,4310.0,4310.0,9,38870.0,TQBR
2015-12-30,4430.0,4460.0,4430.0,4460.0,11,49020.0,TQBR
2016-01-04,4490.0,4490.0,4300.0,4300.0,14,60400.0,TQBR
2016-01-06,4480.0,4480.0,4300.0,4300.0,7,30330.0,TQBR
2016-01-11,4400.0,4400.0,4040.0,4220.0,122,511560.0,TQBR
2016-01-12,4310.0,4500.0,4310.0,4500.0,193,859070.0,TQBR
2016-01-13,4710.0,5000.0,4570.0,4570.0,321,1540870.0,TQBR
2016-01-14,4570.0,4650.0,4350.0,4460.0,65,289670.0,TQBR
2016-01-15,4350.0,4420.0,4250.0,4250.0,134,572880.0,TQBR
2016-01-18,4260.0,4320.0,4210.0,4320.0,87,369200.0,TQBR
2016-01-19,4210.0,4290.0,4200.0,4260.0,15,63710.0,TQBR
2016-01-20,4230.0,4230.0,4210.0,4210.0,6,25320.0,TQBR
2016-01-21,4320.0,4490.0,4320.0,4410.0,41,181710.0,TQBR
2016-01-22,4470.0,4740.0,4460.0,4640.0,76,346570.0,TQBR
2016-01-25,4500.0,4580.0,4500.0,4560.0,15,67830.0,TQBR
2016-01-27,4510.0,4620.0,4500.0,4500.0,15,68510.0,TQBR
2016-01-28,4400.0,4450.0,4350.0,4450.0,11,48550.0,TQBR
2016-02-01,4480.0,4480.0,4480.0,4480.0,1,4480.0,TQBR
2016-02-02,4630.0,4670.0,4570.0,4570.0,19,87620.0,TQBR
2016-02-03,4670.0,4670.0,4470.0,4500.0,13,59730.0,TQBR
2016-02-04,4510.0,4550.0,4510.0,4550.0,4,18130.0,TQBR
2016-02-05,4580.0,4580.0,4500.0,4500.0,7,31750.0,TQBR
2016-02-08,4530.0,4530.0,4530.0,4530.0,1,4530.0,TQBR
2016-02-10,4520.0,4520.0,4500.0,4500.0,25,112520.0,TQBR
2016-02-11,4400.0,4400.0,4400.0,4400.0,1,4400.0,TQBR
2016-02-12,4470.0,4470.0,4470.0,4470.0,1,4470.0,TQBR
2016-02-17,4490.0,4490.0,4490.0,4490.0,2,8980.0,TQBR
2016-02-18,4550.0,4550.0,4370.0,4370.0,4,17890.0,TQBR
2016-02-19,4410.0,4500.0,4410.0,4500.0,25,111730.0,TQBR
2016-02-20,4500.0,5880.0,4500.0,4680.0,196,945460.0,TQBR
2016-02-22,4770.0,4830.0,4550.0,4830.0,49,231000.0,TQBR
2016-02-24,4650.0,4750.0,4630.0,4750.0,12,56200.0,TQBR
2016-02-25,4700.0,4750.0,4700.0,4740.0,6,28290.0,TQBR
2016-02-29,4620.0,4720.0,4620.0,4700.0,13,61050.0,TQBR
2016-03-01,4700.0,4790.0,4700.0,4790.0,31,147160.0,TQBR
2016-03-02,4780.0,4800.0,4750.0,4800.0,24,114910.0,TQBR
2016-03-03,4800.0,4900.0,4690.0,4890.0,47,229760.0,TQBR
2016-03-04,4890.0,4900.0,4800.0,4900.0,9,43990.0,TQBR
2016-03-09,4940.0,4940.0,4940.0,4940.0,3,14820.0,TQBR
2016-03-10,5000.0,5200.0,4900.0,4910.0,34,169220.0,TQBR
2016-03-11,4900.0,4900.0,4850.0,4850.0,15,73310.0,TQBR
2016-03-16,4850.0,4850.0,4850.0,4850.0,1,4850.0,TQBR
2016-03-17,4930.0,4980.0,4900.0,4980.0,8,39440.0,TQBR
2016-03-18,5170.0,5170.0,4990.0,4990.0,4,20140.0,TQBR
2016-03-22,5150.0,5150.0,4920.0,4920.0,2,10070.0,TQBR
2016-03-23,4900.0,4900.0,4700.0,4790.0,4,19140.0,TQBR
2016-03-24,4750.0,4750.0,4750.0,4750.0,1,4750.0,TQBR
2016-03-25,4840.0,4900.0,4840.0,4900.0,7,34240.0,TQBR
2016-03-28,4820.0,4820.0,4700.0,4790.0,12,56650.0,TQBR
2016-03-29,4700.0,4700.0,4620.0,4620.0,2,9320.0,TQBR
2016-04-01,4600.0,5000.0,4600.0,4860.0,95,466740.0,TQBR
2016-04-04,4850.0,4850.0,4800.0,4800.0,2,9650.0,TQBR
2016-04-05,4710.0,4840.0,4700.0,4840.0,5,23650.0,TQBR
2016-04-07,4900.0,4900.0,4900.0,4900.0,1,4900.0,TQBR
2016-04-11,4850.0,4900.0,4850.0,4900.0,2,9750.0,TQBR
2016-04-12,4900.0,4900.0,4770.0,4780.0,96,458990.0,TQBR
2016-04-14,4800.0,4800.0,4800.0,4800.0,1,4800.0,TQBR
2016-04-15,4890.0,4890.0,4890.0,4890.0,1,4890.0,TQBR
2016-04-18,4800.0,4800.0,4590.0,4740.0,11,51510.0,TQBR
2016-04-20,4650.0,4740.0,4510.0,4740.0,10,46970.0,TQBR
2016-04-22,4700.0,4730.0,4700.0,4730.0,6,28230.0,TQBR
2016-04-25,4880.0,4880.0,4700.0,4750.0,4,19160.0,TQBR
2016-04-26,4610.0,4700.0,4610.0,4700.0,2,9310.0,TQBR
2016-04-27,4700.0,4740.0,4610.0,4740.0,8,37630.0,TQBR
2016-04-28,4650.0,4660.0,4500.0,4660.0,17,78250.0,TQBR
2016-04-29,4550.0,4660.0,4500.0,4660.0,6,27320.0,TQBR
2016-05-04,4400.0,4400.0,4220.0,4320.0,45,194960.0,TQBR
2016-05-05,4210.0,4330.0,4200.0,4300.0,70,297000.0,TQBR
2016-05-06,4310.0,4310.0,4200.0,4210.0,54,227500.0,TQBR
2016-05-10,4210.0,4250.0,4210.0,4210.0,76,321270.0,TQBR
2016-05-11,4250.0,4250.0,4230.0,4230.0,3,12720.0,TQBR
2016-05-12,4220.0,4230.0,4210.0,4210.0,10,42200.0,TQBR
2016-05-13,4260.0,4260.0,4210.0,4220.0,12,50750.0,TQBR
2016-05-16,4230.0,4230.0,4210.0,4210.0,13,54770.0,TQBR
2016-05-17,4200.0,4200.0,4150.0,4180.0,13,54260.0,TQBR
2016-05-18,4160.0,4180.0,4110.0,4180.0,30,124340.0,TQBR
2016-05-19,4200.0,4200.0,4150.0,4150.0,2,8350.0,TQBR
2016-05-20,4150.0,4150.0,4150.0,4150.0,1,4150.0,TQBR
2016-05-23,4150.0,4150.0,4110.0,4110.0,58,239430.0,TQBR
2016-05-24,4210.0,4220.0,4140.0,4140.0,53,220370.0,TQBR
2016-05-25,4130.0,4220.0,4100.0,4120.0,26,107180.0,TQBR
2016-05-26,4170.0,4300.0,4170.0,4210.0,117,494000.0,TQBR
2016-05-27,4230.0,4230.0,4150.0,4150.0,3,12530.0,TQBR
2016-05-30,4150.0,4150.0,4130.0,4140.0,5,20700.0,TQBR
2016-05-31,4130.0,4130.0,4130.0,4130.0,6,24780.0,TQBR
2016-06-03,4110.0,4190.0,4060.0,4190.0,6,24720.0,TQBR
2016-06-09,4120.0,4120.0,4120.0,4120.0,3,12360.0,TQBR
2016-06-14,4100.0,4210.0,3880.0,4200.0,254,1054270.0,TQBR
2016-06-15,4200.0,4230.0,4110.0,4110.0,3,12540.0,TQBR
2016-06-16,4180.0,4180.0,3920.0,4010.0,17,67190.0,TQBR
2016-06-17,4000.0,4000.0,4000.0,4000.0,1,4000.0,TQBR
2016-06-20,4000.0,4000.0,3020.0,3020.0,89,318680.0,TQBR
2016-06-21,3610.0,4100.0,3610.0,3920.0,37,144430.0,TQBR
2016-06-22,3870.0,3920.0,3800.0,3920.0,6,23000.0,TQBR
2016-06-23,3630.0,3810.0,3310.0,3770.0,32,114050.0,TQBR
2016-06-24,3810.0,3810.0,3750.0,3770.0,10,37600.0,TQBR
2016-06-27,3780.0,3810.0,3770.0,3810.0,8,30340.0,TQBR
2016-06-29,3660.0,3840.0,3660.0,3840.0,13,48630.0,TQBR
2016-06-30,3910.0,3910.0,3630.0,3630.0,7,26220.0,TQBR
2016-07-05,3810.0,3900.0,3810.0,3850.0,20,77200.0,TQBR
2016-07-07,3890.0,3910.0,3890.0,3900.0,10,38960.0,TQBR
2016-07-08,3910.0,3910.0,3900.0,3900.0,2,7810.0,TQBR
2016-07-11,3920.0,3930.0,3920.0,3930.0,2,7850.0,TQBR
2016-07-12,3980.0,3980.0,3880.0,3920.0,22,86240.0,TQBR
2016-07-14,3900.0,3900.0,3890.0,3890.0,2,7790.0,TQBR
2016-07-15,3890.0,3900.0,3890.0,3900.0,11,42890.0,TQBR
2016-07-19,3850.0,3900.0,3850.0,3900.0,5,19400.0,TQBR
2016-07-21,3900.0,4010.0,3900.0,3940.0,132,525740.0,TQBR
2016-07-22,3930.0,3930.0,3930.0,3930.0,1,3930.0,TQBR
2016-07-25,3990.0,3990.0,3950.0,3960.0,8,31660.0,TQBR
2016-07-26,3990.0,4200.0,3920.0,4060.0,117,473890.0,TQBR
2016-07-27,4030.0,4030.0,4030.0,4030.0,1,4030.0,TQBR
2016-07-28,3980.0,3980.0,3980.0,3980.0,1,3980.0,TQBR
2016-07-29,3960.0,3960.0,3950.0,3950.0,7,27710.0,TQBR
2016-08-01,3960.0,3960.0,3950.0,3950.0,163,643870.0,TQBR
2016-08-02,3940.0,3940.0,3930.0,3930.0,2,7870.0,TQBR
2016-08-03,3940.0,3940.0,3800.0,3850.0,219,835630.0,TQBR
2016-08-05,3820.0,3820.0,3820.0,3820.0,1,3820.0,TQBR
2016-08-08,3870.0,3870.0,3870.0,3870.0,1,3870.0,TQBR
2016-08-09,3800.0,3800.0,3700.0,3700.0,2,7500.0,TQBR
2016-08-11,3780.0,3780.0,3780.0,3780.0,2,7560.0,TQBR
2016-08-12,3890.0,3950.0,3890.0,3950.0,2,7840.0,TQBR
2016-08-15,3920.0,3920.0,3920.0,3920.0,1,3920.0,TQBR
2016-08-16,3850.0,3850.0,3850.0,3850.0,1,3850.0,TQBR
2016-08-19,3920.0,3950.0,3920.0,3950.0,10,39270.0,TQBR
2016-08-23,3950.0,3950.0,3950.0,3950.0,2,7900.0,TQBR
2016-08-24,3830.0,3950.0,3830.0,3950.0,9,35290.0,TQBR
2016-08-25,3850.0,3850.0,3850.0,3850.0,1,3850.0,TQBR
2016-08-29,3860.0,3860.0,3860.0,3860.0,1,3860.0,TQBR
2016-08-31,3910.0,3920.0,3910.0,3920.0,2,7830.0,TQBR
2016-09-01,3700.0,3780.0,3500.0,3780.0,11,40010.0,TQBR
2016-09-02,3900.0,3900.0,3900.0,3900.0,1,3900.0,TQBR
2016-09-08,3920.0,3950.0,3880.0,3880.0,7,27390.0,TQBR
2016-09-09,3940.0,4340.0,3940.0,4100.0,67,271920.0,TQBR
2016-09-13,3970.0,3970.0,3920.0,3920.0,58,227550.0,TQBR
2016-09-14,4000.0,4000.0,4000.0,4000.0,1,4000.0,TQBR
2016-09-16,3920.0,3970.0,3920.0,3970.0,3,11850.0,TQBR
2016-09-19,3990.0,3990.0,3990.0,3990.0,1,3990.0,TQBR
2016-09-20,4030.0,4040.0,4030.0,4040.0,2,8070.0,TQBR
2016-09-22,3990.0,4060.0,3980.0,4060.0,6,24050.0,TQBR
2016-09-26,4030.0,4070.0,4010.0,4070.0,8,32220.0,TQBR
2016-09-27,4010.0,4010.0,4010.0,4010.0,3,12030.0,TQBR
2016-09-29,4000.0,4000.0,4000.0,4000.0,1,4000.0,TQBR
2016-09-30,3980.0,3980.0,3960.0,3960.0,6,23810.0,TQBR
2016-10-03,3950.0,3950.0,3910.0,3910.0,2,7860.0,TQBR
2016-10-04,3950.0,3950.0,3840.0,3840.0,48,189140.0,TQBR
2016-10-10,3870.0,3900.0,3870.0,3900.0,2,7770.0,TQBR
2016-10-11,3880.0,3880.0,3880.0,3880.0,2,7760.0,TQBR
2016-10-12,3860.0,3860.0,3860.0,3860.0,2,7720.0,TQBR
2016-10-14,3940.0,3940.0,3940.0,3940.0,1,3940.0,TQBR
2016-10-19,3930.0,3930.0,3880.0,3930.0,15,58840.0,TQBR
2016-10-20,4020.0,4020.0,3800.0,3800.0,2,7820.0,TQBR
2016-10-21,3870.0,3970.0,3870.0,3970.0,4,15710.0,TQBR
2016-10-24,3970.0,3990.0,3940.0,3940.0,22,87430.0,TQBR
2016-10-25,4040.0,4040.0,3910.0,3910.0,6,23840.0,TQBR
2016-10-27,3900.0,3900.0,3800.0,3860.0,6,23140.0,TQBR
2016-10-31,3870.0,3890.0,3780.0,3800.0,41,157140.0,TQBR
2016-11-01,3820.0,4100.0,3820.0,4100.0,54,217920.0,TQBR
2016-11-02,4120.0,4390.0,3840.0,3840.0,166,681990.0,TQBR
2016-11-07,3980.0,3980.0,3980.0,3980.0,1,3980.0,TQBR
2016-11-09,3920.0,3920.0,3820.0,3820.0,38,145380.0,TQBR
2016-11-10,3750.0,3910.0,3710.0,3910.0,9,34450.0,TQBR
2016-11-11,3900.0,3910.0,3900.0,3910.0,10,39090.0,TQBR
2016-11-14,3810.0,3880.0,3800.0,3880.0,24,91630.0,TQBR
2016-11-15,3940.0,4050.0,3940.0,4050.0,22,87450.0,TQBR
2016-11-16,4080.0,4160.0,3900.0,3970.0,23,92850.0,TQBR
2016-11-17,3910.0,3910.0,3800.0,3850.0,16,61440.0,TQBR
2016-11-18,3920.0,3920.0,3850.0,3860.0,7,27240.0,TQBR
2016-11-21,3940.0,3970.0,3940.0,3970.0,8,31680.0,TQBR
2016-11-22,3940.0,4080.0,3870.0,3950.0,45,177360.0,TQBR
2016-11-24,3910.0,4010.0,3900.0,4010.0,17,67320.0,TQBR
2016-11-30,3950.0,3980.0,3660.0,3950.0,19,73710.0,TQBR
2016-12-01,3910.0,3910.0,3910.0,3910.0,2,7820.0,TQBR
2016-12-02,3900.0,3900.0,3900.0,3900.0,1,3900.0,TQBR
2016-12-05,3940.0,3940.0,3940.0,3940.0,1,3940.0,TQBR
2016-12-07,4040.0,4080.0,4040.0,4050.0,5,20290.0,TQBR
2016-12-09,4010.0,4010.0,4010.0,4010.0,2,8020.0,TQBR
2016-12-12,4080.0,4090.0,4080.0,4090.0,4,16330.0,TQBR
2016-12-13,4020.0,4020.0,4020.0,4020.0,2,8040.0,TQBR
2016-12-16,4100.0,4100.0,4090.0,4100.0,18,73750.0,TQBR
2016-12-27,4090.0,4140.0,4090.0,4140.0,2,8230.0,TQBR
2016-12-28,4040.0,4040.0,4040.0,4040.0,1,4040.0,TQBR
2016-12-29,4220.0,4240.0,4120.0,4130.0,14,58860.0,TQBR
2017-01-03,4230.0,4230.0,4050.0,4230.0,19,77650.0,TQBR
2017-01-04,4040.0,4040.0,4040.0,4040.0,2,8080.0,TQBR
2017-01-05,4050.0,4050.0,4040.0,4040.0,2,8090.0,TQBR
2017-01-06,4120.0,4120.0,4120.0,4120.0,1,4120.0,TQBR
2017-01-10,4060.0,4080.0,4050.0,4080.0,13,52720.0,TQBR
2017-01-11,4040.0,4040.0,4030.0,4030.0,4,16150.0,TQBR
2017-01-12,4030.0,4030.0,4030.0,4030.0,2,8060.0,TQBR
2017-01-16,4010.0,4010.0,4010.0,4010.0,1,4010.0,TQBR
2017-01-18,4020.0,4020.0,4020.0,4020.0,1,4020.0,TQBR
2017-01-19,4000.0,4000.0,4000.0,4000.0,3,12000.0,TQBR
2017-01-20,4090.0,4440.0,4030.0,4030.0,57,236940.0,TQBR
2017-01-23,4280.0,4280.0,4030.0,4030.0,6,24560.0,TQBR
2017-01-24,4030.0,4030.0,3990.0,4000.0,105,420020.0,TQBR
2017-01-26,3980.0,4050.0,3980.0,4050.0,2,8030.0,TQBR
2017-01-30,4000.0,4000.0,3990.0,3990.0,7,27990.0,TQBR
2017-01-31,3990.0,3990.0,3990.0,3990.0,1,3990.0,TQBR
2017-02-01,4000.0,4000.0,3970.0,3970.0,5,19900.0,TQBR
2017-02-03,3970.0,3970.0,3970.0,3970.0,1,3970.0,TQBR
2017-02-06,4010.0,4010.0,4000.0,4000.0,3,12010.0,TQBR
2017-02-08,3980.0,3980.0,3970.0,3970.0,3,11930.0,TQBR
2017-02-13,4070.0,4090.0,4070.0,4090.0,3,12240.0,TQBR
2017-02-14,3980.0,3980.0,3870.0,3870.0,17,67440.0,TQBR
2017-02-15,3870.0,3870.0,3870.0,3870.0,5,19350.0,TQBR
2017-02-16,3900.0,3900.0,3900.0,3900.0,2,7800.0,TQBR
2017-02-17,3990.0,3990.0,3990.0,3990.0,3,11970.0,TQBR
2017-02-20,3910.0,4030.0,3910.0,4000.0,17,67370.0,TQBR
2017-02-21,3930.0,4040.0,3930.0,4040.0,2,7970.0,TQBR
2017-02-22,3940.0,3990.0,3900.0,3990.0,27,105730.0,TQBR
2017-02-28,3900.0,3900.0,3820.0,3850.0,17,65490.0,TQBR
2017-03-01,3940.0,3940.0,3940.0,3940.0,1,3940.0,TQBR
2017-03-02,3940.0,3940.0,3940.0,3940.0,3,11820.0,TQBR
2017-03-03,3870.0,3870.0,3870.0,3870.0,1,3870.0,TQBR
2017-03-06,3940.0,3940.0,3870.0,3870.0,2,7810.0,TQBR
2017-03-09,3850.0,3860.0,3820.0,3860.0,5,19200.0,TQBR
2017-03-10,3880.0,3880.0,3880.0,3880.0,1,3880.0,TQBR
2017-03-13,3880.0,3880.0,3820.0,3820.0,2,7700.0,TQBR
2017-03-14,3930.0,3940.0,3930.0,3940.0,2,7870.0,TQBR
2017-03-15,3870.0,3870.0,3870.0,3870.0,1,3870.0,TQBR
2017-03-16,3820.0,3860.0,3790.0,3790.0,26,98840.0,TQBR
2017-03-17,3770.0,3880.0,3720.0,3770.0,18,68050.0,TQBR
2017-03-20,3880.0,3880.0,3880.0,3880.0,1,3880.0,TQBR
2017-03-21,3770.0,3790.0,3710.0,3790.0,96,359860.0,TQBR
2017-03-22,3730.0,3740.0,3710.0,3740.0,8,29850.0,TQBR
2017-03-23,3770.0,3770.0,3710.0,3710.0,3,11190.0,TQBR
2017-03-24,3720.0,3720.0,3710.0,3710.0,3,11140.0,TQBR
2017-03-27,3780.0,3880.0,3780.0,3810.0,21,80070.0,TQBR
2017-03-28,3850.0,3850.0,3850.0,3850.0,2,7700.0,TQBR
2017-03-29,3770.0,3770.0,3700.0,3710.0,9,33500.0,TQBR
2017-03-31,3700.0,3700.0,3700.0,3700.0,1,3700.0,TQBR
2017-04-03,3670.0,3670.0,3270.0,3580.0,53,185440.0,TQBR
2017-04-04,3410.0,3640.0,3410.0,3640.0,8,28060.0,TQBR
2017-04-05,3550.0,3590.0,3410.0,3590.0,22,76720.0,TQBR
2017-04-06,3480.0,3480.0,3200.0,3260.0,348,1134880.0,TQBR
2017-04-07,3200.0,3200.0,3180.0,3180.0,19,60660.0,TQBR
2017-04-10,3240.0,3280.0,3240.0,3280.0,13,42540.0,TQBR
2017-04-11,3280.0,3390.0,3280.0,3300.0,11,36620.0,TQBR
2017-04-12,3300.0,3300.0,3150.0,3150.0,11,35500.0,TQBR
2017-04-13,3290.0,3290.0,3290.0,3290.0,1,3290.0,TQBR
2017-04-14,3230.0,3230.0,3200.0,3200.0,2,6430.0,TQBR
2017-04-17,3260.0,3260.0,3260.0,3260.0,2,6520.0,TQBR
2017-04-18,3200.0,3200.0,3120.0,3150.0,9,28260.0,TQBR
2017-04-21,3150.0,3190.0,3150.0,3190.0,3,9490.0,TQBR
2017-04-25,3150.0,3150.0,3150.0,3150.0,2,6300.0,TQBR
2017-04-27,3130.0,3170.0,3090.0,3100.0,11,34230.0,TQBR
2017-05-02,3040.0,3090.0,3030.0,3050.0,15,45690.0,TQBR
2017-05-03,3100.0,3200.0,3040.0,3110.0,38,120360.0,TQBR
2017-05-04,3050.0,3050.0,3010.0,3010.0,15,45260.0,TQBR
2017-05-10,3100.0,3200.0,3100.0,3200.0,33,105470.0,TQBR
2017-05-11,3100.0,3200.0,3100.0,3120.0,62,197680.0,TQBR
2017-05-12,3190.0,3190.0,3190.0,3190.0,1,3190.0,TQBR
2017-05-15,3190.0,3190.0,3190.0,3190.0,1,3190.0,TQBR
2017-05-17,3100.0,3100.0,3100.0,3100.0,1,3100.0,TQBR
2017-05-18,3150.0,3150.0,3110.0,3110.0,5,15640.0,TQBR
2017-05-19,3240.0,3320.0,3240.0,3270.0,7,23090.0,TQBR
2017-05-22,3210.0,3210.0,3210.0,3210.0,1,3210.0,TQBR
2017-05-25,3200.0,3200.0,3200.0,3200.0,2,6400.0,TQBR
2017-05-30,3020.0,3060.0,3010.0,3060.0,6,18120.0,TQBR
2017-06-01,3020.0,3020.0,2950.0,2950.0,129,386770.0,TQBR
2017-06-02,2950.0,2950.0,2940.0,2950.0,35,103180.0,TQBR
2017-06-05,2950.0,3000.0,2950.0,3000.0,14,41490.0,TQBR
2017-06-07,3070.0,3100.0,2940.0,3000.0,13,39110.0,TQBR
2017-06-08,2980.0,2980.0,2900.0,2900.0,22,64370.0,TQBR
2017-06-09,2870.0,2870.0,2830.0,2830.0,8,22900.0,TQBR
2017-06-13,2940.0,2940.0,2920.0,2920.0,5,14680.0,TQBR
2017-06-16,2910.0,2910.0,2850.0,2910.0,21,60850.0,TQBR
2017-06-20,2870.0,2870.0,2850.0,2850.0,21,60020.0,TQBR
2017-06-22,2940.0,2940.0,2940.0,2940.0,4,11760.0,TQBR
2017-06-23,3020.0,3630.0,2830.0,3070.0,33,106050.0,TQBR
2017-06-27,3070.0,3070.0,3070.0,3070.0,1,3070.0,TQBR
2017-06-28,3040.0,3040.0,2860.0,3040.0,19,56490.0,TQBR
2017-06-30,3030.0,3060.0,3030.0,3060.0,8,24310.0,TQBR
2017-07-04,3060.0,3060.0,3060.0,3060.0,3,9180.0,TQBR
2017-07-06,3030.0,3030.0,2950.0,2950.0,2,5980.0,TQBR
2017-07-10,3090.0,3090.0,2880.0,3010.0,13,37960.0,TQBR
2017-07-12,3080.0,3080.0,3080.0,3080.0,1,3080.0,TQBR
2017-07-14,3030.0,3030.0,3000.0,3000.0,21,63050.0,TQBR
2017-07-17,3050.0,3050.0,3050.0,3050.0,5,15250.0,TQBR
2017-07-18,3030.0,3240.0,3010.0,3010.0,17,52440.0,TQBR
2017-07-20,3010.0,3020.0,3000.0,3010.0,27,81260.0,TQBR
2017-07-21,3000.0,3000.0,3000.0,3000.0,10,30000.0,TQBR
2017-07-26,2990.0,3050.0,2990.0,3050.0,2,6040.0,TQBR
2017-07-27,3160.0,3160.0,3000.0,3000.0,7,21820.0,TQBR
2017-07-28,3000.0,3000.0,2890.0,2890.0,33,95700.0,TQBR
2017-07-31,2880.0,2880.0,2640.0,2800.0,302,840130.0,TQBR
2017-08-01,2850.0,2920.0,2800.0,2800.0,103,290540.0,TQBR
2017-08-02,2800.0,2800.0,2800.0,2800.0,38,106400.0,TQBR
2017-08-03,2760.0,2790.0,2650.0,2790.0,39,106450.0,TQBR
2017-08-04,2760.0,2820.0,2760.0,2820.0,4,11120.0,TQBR
2017-08-07,2780.0,2830.0,2770.0,2830.0,3,8380.0,TQBR
2017-08-08,2790.0,2800.0,2720.0,2750.0,23,64070.0,TQBR
2017-08-09,2750.0,2800.0,2750.0,2790.0,152,418250.0,TQBR
2017-08-10,2800.0,2810.0,2750.0,2750.0,447,1229760.0,TQBR
2017-08-11,2800.0,2810.0,2800.0,2810.0,5,14020.0,TQBR
2017-08-14,2760.0,2820.0,2760.0,2820.0,2,5580.0,TQBR
2017-08-17,2750.0,2750.0,2750.0,2750.0,3,8250.0,TQBR
2017-08-18,2780.0,2780.0,2780.0,2780.0,3,8340.0,TQBR
2017-08-21,2790.0,2790.0,2750.0,2770.0,52,143550.0,TQBR
2017-08-22,2760.0,2760.0,2750.0,2750.0,18,49510.0,TQBR
2017-08-23,2830.0,2830.0,2830.0,2830.0,2,5660.0,TQBR
2017-08-24,2860.0,2860.0,2860.0,2860.0,2,5720.0,TQBR
2017-08-25,2800.0,2860.0,2800.0,2860.0,6,16860.0,TQBR
2017-08-28,2780.0,2930.0,2780.0,2930.0,3,8530.0,TQBR
2017-08-30,2930.0,2930.0,2930.0,2930.0,1,2930.0,TQBR
2017-09-04,2980.0,3000.0,2980.0,3000.0,17,50870.0,TQBR
2017-09-05,2950.0,2950.0,2720.0,2940.0,16,45540.0,TQBR
2017-09-06,2850.0,2900.0,2850.0,2900.0,7,20000.0,TQBR
2017-09-07,2900.0,2900.0,2900.0,2900.0,10,29000.0,TQBR
2017-09-08,2940.0,2940.0,2940.0,2940.0,4,11760.0,TQBR
2017-09-12,2900.0,2950.0,2850.0,2950.0,35,101880.0,TQBR
2017-09-13,2900.0,2900.0,2870.0,2870.0,2,5770.0,TQBR
2017-09-15,3000.0,3300.0,3000.0,3240.0,498,1615920.0,TQBR
2017-09-18,3340.0,3770.0,3140.0,3330.0,59,209150.0,TQBR
2017-09-19,3300.0,3300.0,3300.0,3300.0,3,9900.0,TQBR
2017-09-20,3200.0,3730.0,3160.0,3730.0,174,617570.0,TQBR
2017-09-22,3700.0,3750.0,3700.0,3750.0,13,48600.0,TQBR
2017-09-25,3770.0,3770.0,3770.0,3770.0,2,7540.0,TQBR
2017-09-26,3670.0,3670.0,3670.0,3670.0,1,3670.0,TQBR
2017-09-27,3320.0,3600.0,3320.0,3450.0,7,24060.0,TQBR
2017-09-29,3370.0,3400.0,3340.0,3400.0,11,36900.0,TQBR
2017-10-02,3320.0,3320.0,3320.0,3320.0,2,6640.0,TQBR
2017-10-03,3300.0,3350.0,3060.0,3200.0,9,29330.0,TQBR
2017-10-04,3280.0,3460.0,3280.0,3370.0,28,95450.0,TQBR
2017-10-05,3320.0,3410.0,3320.0,3410.0,5,16900.0,TQBR
2017-10-06,3650.0,3700.0,3400.0,3450.0,65,230630.0,TQBR
2017-10-10,3450.0,3450.0,3430.0,3430.0,2,6880.0,TQBR
2017-10-11,3400.0,3400.0,3400.0,3400.0,1,3400.0,TQBR
2017-10-12,3450.0,3750.0,3450.0,3500.0,36,131140.0,TQBR
2017-10-13,3510.0,3510.0,3500.0,3500.0,11,38510.0,TQBR
2017-10-16,3370.0,3450.0,3370.0,3450.0,3,10190.0,TQBR
2017-10-17,3380.0,3400.0,3380.0,3400.0,2,6780.0,TQBR
2017-10-20,3570.0,3570.0,3450.0,3450.0,2,7020.0,TQBR
2017-10-23,3400.0,3400.0,3400.0,3400.0,1,3400.0,TQBR
2017-10-24,3400.0,3400.0,3300.0,3300.0,9,30070.0,TQBR
2017-10-25,3140.0,3200.0,3130.0,3200.0,11,34510.0,TQBR
2017-10-26,3440.0,3540.0,3300.0,3350.0,5,17160.0,TQBR
2017-10-30,3200.0,3390.0,3200.0,3200.0,18,58010.0,TQBR
2017-11-01,3200.0,3200.0,3200.0,3200.0,26,83200.0,TQBR
2017-11-02,3200.0,3470.0,3200.0,3250.0,4,13390.0,TQBR
2017-11-07,3300.0,3350.0,3200.0,3350.0,24,79990.0,TQBR
2017-11-08,3260.0,3370.0,3260.0,3350.0,4,13240.0,TQBR
2017-11-10,3260.0,3300.0,3230.0,3230.0,8,25980.0,TQBR
2017-11-14,3280.0,3280.0,3200.0,3200.0,13,41740.0,TQBR
2017-11-15,3170.0,3170.0,3160.0,3160.0,10,31610.0,TQBR
2017-11-16,3200.0,3200.0,3200.0,3200.0,14,44800.0,TQBR
2017-11-17,3250.0,3350.0,3200.0,3200.0,49,162880.0,TQBR
2017-11-20,3650.0,3650.0,3300.0,3300.0,2,6950.0,TQBR
2017-11-21,3300.0,3300.0,3300.0,3300.0,13,42900.0,TQBR
2017-11-22,3300.0,3300.0,3300.0,3300.0,7,23100.0,TQBR
2017-11-23,3560.0,3580.0,3350.0,3550.0,51,180910.0,TQBR
2017-11-24,3550.0,3550.0,3550.0,3550.0,26,92300.0,TQBR
2017-11-28,3370.0,3500.0,3370.0,3400.0,4,13720.0,TQBR
2017-11-29,3410.0,3420.0,3410.0,3420.0,2,6830.0,TQBR
2017-11-30,3360.0,3440.0,3350.0,3400.0,7,23620.0,TQBR
2017-12-01,3530.0,3540.0,3440.0,3500.0,7,24430.0,TQBR
2017-12-04,3500.0,3600.0,3350.0,3600.0,41,145290.0,TQBR
2017-12-06,3590.0,3700.0,3410.0,3600.0,22,80200.0,TQBR
2017-12-08,3600.0,3730.0,3600.0,3650.0,63,233030.0,TQBR
2017-12-11,3690.0,3690.0,3650.0,3650.0,11,40230.0,TQBR
2017-12-12,3780.0,3780.0,3780.0,3780.0,2,7560.0,TQBR
2017-12-13,3470.0,3470.0,3470.0,3470.0,2,6940.0,TQBR
2017-12-14,3700.0,3700.0,3700.0,3700.0,1,3700.0,TQBR
2017-12-18,3700.0,3700.0,3320.0,3590.0,288,1063220.0,TQBR
2017-12-19,3700.0,3700.0,3550.0,3690.0,8,29150.0,TQBR
2017-12-22,3690.0,3700.0,3550.0,3610.0,10,36700.0,TQBR
2017-12-26,3560.0,3600.0,3540.0,3570.0,9,32050.0,TQBR
2017-12-27,3440.0,3480.0,3440.0,3480.0,4,13840.0,TQBR
2017-12-28,3540.0,3540.0,3540.0,3540.0,1,3540.0,TQBR
2018-01-10,3680.0,3680.0,3680.0,3680.0,2,7360.0,TQBR
2018-01-11,3860.0,3860.0,3600.0,3700.0,3,11160.0,TQBR
2018-01-12,3690.0,3830.0,3500.0,3790.0,72,260120.0,TQBR
2018-01-15,3500.0,3700.0,3380.0,3600.0,7,24490.0,TQBR
2018-01-16,3600.0,3600.0,3600.0,3600.0,1,3600.0,TQBR
2018-01-17,3500.0,3680.0,3500.0,3510.0,3,10690.0,TQBR
2018-01-18,3520.0,3520.0,3500.0,3500.0,5,17520.0,TQBR
2018-01-19,3440.0,3460.0,3430.0,3460.0,18,61970.0,TQBR
2018-01-24,3570.0,3570.0,3570.0,3570.0,3,10710.0,TQBR
2018-01-25,3590.0,3800.0,3590.0,3800.0,24,89100.0,TQBR
2018-01-26,3510.0,3730.0,3510.0,3730.0,2,7240.0,TQBR
2018-01-29,3750.0,3750.0,3500.0,3500.0,12,42250.0,TQBR
2018-01-30,3410.0,3430.0,3320.0,3360.0,37,124810.0,TQBR
2018-01-31,3410.0,3430.0,3300.0,3320.0,12,40460.0,TQBR
2018-02-01,3400.0,3470.0,3350.0,3390.0,5,17050.0,TQBR
2018-02-06,3250.0,3340.0,2980.0,3340.0,247,757290.0,TQBR
2018-02-07,3300.0,3540.0,3110.0,3300.0,17,55160.0,TQBR
2018-02-09,3260.0,3300.0,3260.0,3300.0,4,13120.0,TQBR
2018-02-15,3280.0,3280.0,3280.0,3280.0,1,3280.0,TQBR
2018-02-16,3190.0,3200.0,3190.0,3200.0,2,6390.0,TQBR
2018-02-21,3150.0,3150.0,3150.0,3150.0,2,6300.0,TQBR
2018-02-26,3100.0,3100.0,3070.0,3070.0,2,6170.0,TQBR
2018-03-01,3140.0,3210.0,3140.0,3210.0,2,6350.0,TQBR
2018-03-05,3100.0,3190.0,3100.0,3190.0,5,15720.0,TQBR
2018-03-06,3150.0,3150.0,3100.0,3100.0,2,6250.0,TQBR
2018-03-13,3140.0,3290.0,3100.0,3160.0,192,603440.0,TQBR
2018-03-14,3160.0,3190.0,3140.0,3140.0,35,110600.0,TQBR
2018-03-16,3130.0,3130.0,3120.0,3120.0,3,9370.0,TQBR
2018-03-20,3110.0,3110.0,3110.0,3110.0,7,21770.0,TQBR
2018-03-22,3110.0,3110.0,3110.0,3110.0,1,3110.0,TQBR
2018-03-23,3150.0,3160.0,3130.0,3130.0,4,12570.0,TQBR
2018-03-27,3100.0,3140.0,3100.0,3140.0,17,53020.0,TQBR
2018-04-04,3140.0,3140.0,3140.0,3140.0,1,3140.0,TQBR
2018-04-05,3120.0,3120.0,3120.0,3120.0,1,3120.0,TQBR
2018-04-09,3050.0,3050.0,2700.0,2800.0,134,380420.0,TQBR
2018-04-10,2740.0,2840.0,2650.0,2760.0,66,178780.0,TQBR
2018-04-11,2730.0,2840.0,2710.0,2800.0,23,63360.0,TQBR
2018-04-12,2770.0,2820.0,2770.0,2820.0,14,39120.0,TQBR
2018-04-13,2840.0,2990.0,2820.0,2820.0,15,43170.0,TQBR
2018-04-16,2820.0,2820.0,2820.0,2820.0,2,5640.0,TQBR
2018-04-18,2820.0,2820.0,2750.0,2800.0,11,30640.0,TQBR
2018-04-19,2910.0,3120.0,2900.0,3080.0,16,47280.0,TQBR
2018-04-20,2880.0,2960.0,2880.0,2960.0,3,8740.0,TQBR
2018-04-24,2900.0,2960.0,2840.0,2840.0,29,83160.0,TQBR
2018-04-25,2840.0,2850.0,2800.0,2850.0,5,14170.0,TQBR
2018-04-26,2840.0,2870.0,2840.0,2870.0,2,5710.0,TQBR
2018-04-28,2850.0,2870.0,2810.0,2870.0,18,51180.0,TQBR
2018-04-30,2940.0,2940.0,2940.0,2940.0,1,2940.0,TQBR
2018-05-02,2830.0,2830.0,2800.0,2800.0,3,8460.0,TQBR
2018-05-03,2800.0,2800.0,2760.0,2800.0,12,33500.0,TQBR
2018-05-04,2860.0,2860.0,2860.0,2860.0,1,2860.0,TQBR
2018-05-07,2830.0,2830.0,2830.0,2830.0,2,5660.0,TQBR
2018-05-08,2800.0,2830.0,2800.0,2830.0,3,8430.0,TQBR
2018-05-10,2770.0,2780.0,2750.0,2750.0,15,41500.0,TQBR
2018-05-11,2750.0,2750.0,2740.0,2740.0,2,5490.0,TQBR
2018-05-14,2760.0,2760.0,2760.0,2760.0,3,8280.0,TQBR
2018-05-15,2700.0,2750.0,2700.0,2740.0,10,27200.0,TQBR
2018-05-16,2750.0,2750.0,2750.0,2750.0,4,11000.0,TQBR
2018-05-17,2900.0,2980.0,2900.0,2950.0,26,76570.0,TQBR
2018-05-18,2950.0,2950.0,2900.0,2900.0,5,14650.0,TQBR
2018-05-21,2800.0,2800.0,2670.0,2750.0,89,242170.0,TQBR
2018-05-22,2750.0,2750.0,2740.0,2740.0,2,5490.0,TQBR
2018-05-23,2810.0,2840.0,2800.0,2800.0,10,28180.0,TQBR
2018-05-24,2880.0,3350.0,2770.0,2930.0,101,299600.0,TQBR
2018-05-25,2900.0,3000.0,2900.0,3000.0,33,97400.0,TQBR
2018-05-28,2880.0,2940.0,2850.0,2940.0,8,23140.0,TQBR
2018-05-29,2990.0,3010.0,2850.0,2850.0,12,35850.0,TQBR
2018-05-30,3000.0,3000.0,3000.0,3000.0,12,36000.0,TQBR
2018-05-31,2870.0,3050.0,2870.0,3050.0,26,78090.0,TQBR
2018-06-05,2890.0,2900.0,2890.0,2900.0,3,8680.0,TQBR
2018-06-06,2930.0,2930.0,2930.0,2930.0,2,5860.0,TQBR
2018-06-07,2840.0,2880.0,2840.0,2880.0,3,8580.0,TQBR
2018-06-08,2830.0,2830.0,2830.0,2830.0,1,2830.0,TQBR
2018-06-13,2800.0,2900.0,2800.0,2850.0,91,258940.0,TQBR
2018-06-14,2810.0,2860.0,2810.0,2860.0,9,25620.0,TQBR
2018-06-18,2810.0,2850.0,2810.0,2850.0,3,8470.0,TQBR
2018-06-19,2800.0,2800.0,2750.0,2780.0,23,63970.0,TQBR
2018-06-20,2790.0,2850.0,2790.0,2850.0,8,22470.0,TQBR
2018-06-21,2800.0,2800.0,2800.0,2800.0,1,2800.0,TQBR
2018-06-22,2750.0,2840.0,2750.0,2840.0,2,5590.0,TQBR
2018-06-25,2850.0,2890.0,2710.0,2770.0,7,19390.0,TQBR
2018-06-26,2860.0,2860.0,2860.0,2860.0,1,2860.0,TQBR
2018-06-28,2830.0,2840.0,2830.0,2840.0,3,8500.0,TQBR
2018-06-29,2830.0,2830.0,2830.0,2830.0,1,2830.0,TQBR
2018-07-02,2920.0,2920.0,2920.0,2920.0,1,2920.0,TQBR
2018-07-03,2840.0,2840.0,2840.0,2840.0,12,34080.0,TQBR
2018-07-10,2750.0,2920.0,2750.0,2920.0,4,11480.0,TQBR
2018-07-16,2910.0,2910.0,2910.0,2910.0,5,14550.0,TQBR
2018-07-17,2800.0,2800.0,2800.0,2800.0,10,28000.0,TQBR
2018-07-18,2810.0,2820.0,2790.0,2820.0,18,50420.0,TQBR
2018-07-19,2720.0,2840.0,2720.0,2790.0,69,187930.0,TQBR
2018-07-20,2720.0,2750.0,2680.0,2750.0,97,262930.0,TQBR
2018-07-23,2750.0,2750.0,2680.0,2730.0,13,35230.0,TQBR
2018-07-24,2680.0,2700.0,2550.0,2700.0,47,123290.0,TQBR
2018-07-26,2690.0,2690.0,2690.0,2690.0,10,26900.0,TQBR
2018-07-27,2680.0,2690.0,2680.0,2690.0,4,10750.0,TQBR
2018-07-30,2630.0,2680.0,2600.0,2650.0,83,219040.0,TQBR
2018-07-31,2650.0,2710.0,2650.0,2710.0,7,18610.0,TQBR
2018-08-01,2720.0,2720.0,2720.0,2720.0,4,10880.0,TQBR
2018-08-02,2650.0,2650.0,2590.0,2640.0,9,23550.0,TQBR
2018-08-03,2640.0,2640.0,2640.0,2640.0,4,10560.0,TQBR
2018-08-08,2640.0,2640.0,2610.0,2610.0,4,10510.0,TQBR
2018-08-09,2590.0,2590.0,2500.0,2540.0,108,272740.0,TQBR
2018-08-10,2530.0,2530.0,2460.0,2520.0,41,101110.0,TQBR
2018-08-13,2520.0,2530.0,2520.0,2520.0,20,50430.0,TQBR
2018-08-14,2480.0,2480.0,2480.0,2480.0,9,22320.0,TQBR
2018-08-15,2440.0,2490.0,2440.0,2490.0,11,26950.0,TQBR
2018-08-17,2480.0,2620.0,2480.0,2620.0,13,32800.0,TQBR
2018-08-21,2480.0,2620.0,2480.0,2600.0,14,35190.0,TQBR
2018-08-22,2620.0,2620.0,2500.0,2580.0,7,17750.0,TQBR
2018-08-23,2510.0,2540.0,2500.0,2540.0,4,10050.0,TQBR
2018-08-27,2480.0,2500.0,2410.0,2500.0,20,48980.0,TQBR
2018-08-28,2470.0,2470.0,2450.0,2450.0,3,7380.0,TQBR
2018-08-29,2450.0,2450.0,2450.0,2450.0,3,7350.0,TQBR
2018-08-30,2360.0,2440.0,2260.0,2360.0,75,175280.0,TQBR
2018-08-31,2270.0,2320.0,2260.0,2290.0,59,134340.0,TQBR
2018-09-03,2280.0,2320.0,2260.0,2300.0,49,111230.0,TQBR
2018-09-04,2270.0,2290.0,2240.0,2290.0,15,33850.0,TQBR
2018-09-05,2270.0,2400.0,2270.0,2330.0,29,68080.0,TQBR
2018-09-06,2340.0,2350.0,2300.0,2330.0,27,62570.0,TQBR
2018-09-07,2310.0,2310.0,2270.0,2290.0,6,13760.0,TQBR
2018-09-10,2240.0,2250.0,2200.0,2220.0,90,199440.0,TQBR
2018-09-11,2220.0,2220.0,2100.0,2200.0,28,59840.0,TQBR
2018-09-12,2120.0,2190.0,2120.0,2190.0,16,34700.0,TQBR
2018-09-13,2180.0,2200.0,2160.0,2200.0,9,19620.0,TQBR
2018-09-14,2200.0,2990.0,2200.0,2650.0,1889,4960050.0,TQBR
2018-09-17,2700.0,3190.0,2570.0,2650.0,126,359300.0,TQBR
2018-09-18,2730.0,2730.0,2660.0,2700.0,44,117800.0,TQBR
2018-09-19,2660.0,3000.0,2620.0,2890.0,101,292160.0,TQBR
2018-09-20,2860.0,2860.0,2840.0,2860.0,25,71330.0,TQBR
2018-09-21,2710.0,2800.0,2710.0,2800.0,3,8220.0,TQBR
2018-09-24,2930.0,3010.0,2900.0,2980.0,91,271470.0,TQBR
2018-09-25,2870.0,3000.0,2500.0,2820.0,216,629950.0,TQBR
2018-09-26,2890.0,3030.0,2730.0,3010.0,200,586820.0,TQBR
2018-09-27,2950.0,3060.0,2760.0,3060.0,29,84910.0,TQBR
2018-09-28,3070.0,3090.0,2860.0,2900.0,48,142150.0,TQBR
2018-10-01,2940.0,3080.0,2920.0,2950.0,26,77390.0,TQBR
2018-10-02,2950.0,2950.0,2950.0,2950.0,1,2950.0,TQBR
2018-10-03,3000.0,4120.0,3000.0,4120.0,977,3617240.0,TQBR
2018-10-04,4150.0,4290.0,3210.0,3300.0,384,1451130.0,TQBR
2018-10-05,3210.0,3360.0,2950.0,3000.0,119,366040.0,TQBR
2018-10-08,3010.0,3200.0,2750.0,2950.0,55,158530.0,TQBR
2018-10-09,3010.0,3070.0,2960.0,2970.0,16,48160.0,TQBR
2018-10-10,2920.0,3070.0,2920.0,3070.0,46,135700.0,TQBR
2018-10-11,2910.0,3050.0,2910.0,3050.0,7,21210.0,TQBR
2018-10-12,2870.0,3380.0,2870.0,3190.0,24,76950.0,TQBR
2018-10-15,3360.0,3360.0,3360.0,3360.0,1,3360.0,TQBR
2018-10-16,3080.0,3270.0,3080.0,3270.0,6,19040.0,TQBR
2018-10-19,3110.0,3270.0,3010.0,3170.0,31,96360.0,TQBR
2018-10-22,3230.0,3280.0,2990.0,3280.0,6,18710.0,TQBR
2018-10-23,3030.0,3080.0,2990.0,3000.0,13,39200.0,TQBR
2018-10-24,3000.0,3000.0,3000.0,3000.0,2,6000.0,TQBR
2018-10-25,3190.0,3190.0,3090.0,3090.0,6,18640.0,TQBR
2018-10-29,3080.0,3080.0,3080.0,3080.0,2,6160.0,TQBR
2018-10-30,3190.0,3270.0,3180.0,3270.0,3,9640.0,TQBR
2018-10-31,3090.0,3090.0,3050.0,3070.0,5,15370.0,TQBR
2018-11-01,3140.0,3290.0,3140.0,3260.0,31,100940.0,TQBR
2018-11-06,3010.0,3300.0,3010.0,3300.0,80,263100.0,TQBR
2018-11-08,3240.0,3350.0,3240.0,3350.0,5,16610.0,TQBR
2018-11-09,3100.0,3400.0,3100.0,3250.0,15,49080.0,TQBR
2018-11-12,3540.0,3540.0,3250.0,3300.0,20,68860.0,TQBR
2018-11-13,3590.0,3590.0,3200.0,3200.0,33,106920.0,TQBR
2018-11-14,3100.0,3300.0,3100.0,3300.0,2,6400.0,TQBR
2018-11-15,3300.0,3380.0,3300.0,3380.0,2,6680.0,TQBR
2018-11-16,3150.0,3250.0,3150.0,3250.0,18,58400.0,TQBR
2018-11-19,3500.0,3500.0,3260.0,3260.0,4,13320.0,TQBR
2018-11-20,3280.0,3300.0,3280.0,3300.0,7,23000.0,TQBR
2018-11-22,3280.0,3320.0,3280.0,3320.0,4,13240.0,TQBR
2018-11-23,3280.0,3280.0,3280.0,3280.0,10,32800.0,TQBR
2018-11-27,3250.0,3280.0,3220.0,3250.0,8,26060.0,TQBR
2018-11-28,3250.0,3250.0,3250.0,3250.0,1,3250.0,TQBR
2018-11-29,3090.0,3190.0,2990.0,3130.0,75,228700.0,TQBR
2018-11-30,3010.0,3010.0,2990.0,2990.0,4,12000.0,TQBR
2018-12-03,2990.0,3000.0,2990.0,3000.0,3,8990.0,TQBR
2018-12-04,3060.0,3060.0,3060.0,3060.0,1,3060.0,TQBR
2018-12-11,2920.0,3020.0,2920.0,3020.0,3,8860.0,TQBR
2018-12-13,2990.0,2990.0,2990.0,2990.0,2,5980.0,TQBR
2018-12-14,3060.0,3060.0,3050.0,3050.0,2,6110.0,TQBR
2018-12-17,2910.0,2990.0,2910.0,2990.0,2,5900.0,TQBR
2018-12-18,2900.0,3030.0,2900.0,2910.0,6,17660.0,TQBR
2018-12-19,2910.0,2910.0,2910.0,2910.0,1,2910.0,TQBR
2018-12-20,3010.0,3060.0,3010.0,3060.0,3,9080.0,TQBR
2018-12-21,2900.0,2900.0,2900.0,2900.0,3,8700.0,TQBR
2018-12-24,2910.0,2910.0,2910.0,2910.0,2,5820.0,TQBR
2018-12-25,2870.0,3000.0,2870.0,3000.0,8,23780.0,TQBR
2018-12-26,3010.0,3090.0,3000.0,3000.0,39,117110.0,TQBR
2018-12-27,3100.0,3100.0,3100.0,3100.0,1,3100.0,TQBR
2018-12-29,3100.0,3460.0,3080.0,3080.0,3,9640.0,TQBR
2019-01-03,3170.0,3170.0,3170.0,3170.0,2,6340.0,TQBR
2019-01-09,3190.0,3190.0,3080.0,3080.0,6,18860.0,TQBR
2019-01-10,3280.0,3580.0,3050.0,3150.0,227,728320.0,TQBR
2019-01-11,3090.0,3290.0,3080.0,3200.0,23,71690.0,TQBR
2019-01-14,3060.0,3190.0,3060.0,3190.0,2,6250.0,TQBR
2019-01-15,3070.0,3190.0,3050.0,3100.0,14,43340.0,TQBR
2019-01-16,3060.0,3090.0,2960.0,3090.0,30,90900.0,TQBR
2019-01-17,2970.0,3100.0,2920.0,3090.0,40,118600.0,TQBR
2019-01-18,3080.0,3090.0,3070.0,3070.0,11,33940.0,TQBR
2019-01-21,3010.0,3010.0,3000.0,3010.0,3,9020.0,TQBR
2019-01-22,3020.0,3950.0,3020.0,3120.0,926,3078960.0,TQBR
2019-01-23,3170.0,3180.0,3000.0,3100.0,152,467360.0,TQBR
2019-01-24,3040.0,3140.0,3030.0,3070.0,19,58720.0,TQBR
2019-01-25,3070.0,3080.0,3010.0,3080.0,34,102830.0,TQBR
2019-01-28,3040.0,3090.0,3030.0,3050.0,19,58180.0,TQBR
2019-01-29,3020.0,3060.0,3010.0,3030.0,15,45640.0,TQBR
2019-01-30,3010.0,3090.0,3010.0,3090.0,4,12170.0,TQBR
2019-02-01,3030.0,3120.0,3000.0,3080.0,93,284630.0,TQBR
2019-02-04,3150.0,3150.0,3040.0,3100.0,13,39930.0,TQBR
2019-02-05,3130.0,3150.0,3030.0,3090.0,14,43450.0,TQBR
2019-02-06,3080.0,3080.0,2920.0,3050.0,30,90510.0,TQBR
2019-02-07,3070.0,3090.0,3030.0,3040.0,14,42930.0,TQBR
2019-02-08,3090.0,3090.0,3050.0,3050.0,5,15340.0,TQBR
2019-02-11,3030.0,3090.0,3000.0,3060.0,19,58080.0,TQBR
2019-02-12,3080.0,3090.0,3060.0,3060.0,9,27690.0,TQBR
2019-02-13,3090.0,3100.0,3070.0,3070.0,17,52650.0,TQBR
2019-02-18,3050.0,3080.0,3050.0,3080.0,2,6130.0,TQBR
2019-02-19,3060.0,3100.0,3050.0,3100.0,8,24550.0,TQBR
2019-02-20,3060.0,3120.0,3060.0,3120.0,4,12370.0,TQBR
2019-02-21,3250.0,3370.0,3020.0,3090.0,130,412120.0,TQBR
2019-02-22,3090.0,3090.0,2860.0,3040.0,89,267460.0,TQBR
2019-02-25,3080.0,3080.0,3000.0,3000.0,15,45280.0,TQBR
2019-02-26,3010.0,3010.0,3010.0,3010.0,1,3010.0,TQBR
2019-02-27,3090.0,3090.0,2990.0,3090.0,17,51660.0,TQBR
2019-02-28,3070.0,3110.0,3030.0,3110.0,12,36840.0,TQBR
2019-03-01,3100.0,3100.0,3100.0,3100.0,28,86800.0,TQBR
2019-03-04,3050.0,3100.0,3050.0,3100.0,3,9250.0,TQBR
2019-03-05,3030.0,3100.0,3030.0,3030.0,7,21330.0,TQBR
2019-03-06,3090.0,3160.0,3020.0,3050.0,1542,4703300.0,TQBR
2019-03-11,3060.0,3080.0,3050.0,3080.0,9,27490.0,TQBR
2019-03-12,3030.0,3100.0,3030.0,3050.0,39,119290.0,TQBR
2019-03-13,3030.0,3030.0,3030.0,3030.0,3,9090.0,TQBR
2019-03-14,3040.0,3090.0,3020.0,3090.0,23,70870.0,TQBR
2019-03-15,3010.0,3100.0,2700.0,3100.0,163,472200.0,TQBR
2019-03-18,2960.0,3080.0,2960.0,3080.0,3,9000.0,TQBR
2019-03-19,3100.0,3100.0,3050.0,3100.0,1358,4197310.0,TQBR
2019-03-20,3110.0,3280.0,3080.0,3080.0,9,28170.0,TQBR
2019-03-21,3300.0,3390.0,3050.0,3100.0,85,272110.0,TQBR
2019-03-22,3090.0,3100.0,3030.0,3100.0,66,204280.0,TQBR
2019-03-25,3040.0,3070.0,3000.0,3070.0,8,24150.0,TQBR
2019-03-26,3000.0,3100.0,3000.0,3080.0,14,42980.0,TQBR
2019-03-27,3060.0,3100.0,3010.0,3080.0,16,49080.0,TQBR
2019-03-28,3040.0,3400.0,3040.0,3090.0,183,574480.0,TQBR
2019-03-29,3140.0,3140.0,3010.0,3060.0,34,103860.0,TQBR
2019-04-01,3030.0,3600.0,3030.0,3440.0,259,869010.0,TQBR
2019-04-02,3500.0,3500.0,3120.0,3190.0,236,761530.0,TQBR
2019-04-03,3190.0,3190.0,3050.0,3100.0,96,296660.0,TQBR
2019-04-04,3080.0,3090.0,3030.0,3060.0,47,143290.0,TQBR
2019-04-05,3050.0,3080.0,3010.0,3080.0,42,128110.0,TQBR
2019-04-08,3050.0,3060.0,3020.0,3060.0,47,143070.0,TQBR
2019-04-09,3030.0,3040.0,3030.0,3040.0,6,18210.0,TQBR
2019-04-10,3050.0,3100.0,3020.0,3040.0,54,165230.0,TQBR
2019-04-11,3040.0,3060.0,2980.0,3040.0,75,227360.0,TQBR
2019-04-12,3020.0,3030.0,2970.0,3030.0,33,99380.0,TQBR
2019-04-15,3000.0,3040.0,2920.0,3000.0,79,234400.0,TQBR
2019-04-16,2990.0,3010.0,2990.0,3010.0,12,36000.0,TQBR
2019-04-17,3010.0,3040.0,3010.0,3030.0,3,9080.0,TQBR
2019-04-18,3030.0,3030.0,3010.0,3010.0,15,45210.0,TQBR
2019-04-19,3030.0,3030.0,3000.0,3000.0,6,18120.0,TQBR
2019-04-22,3000.0,3040.0,2970.0,3030.0,24,72470.0,TQBR
2019-04-23,3000.0,3030.0,3000.0,3030.0,4,12030.0,TQBR
2019-04-24,3040.0,3040.0,2980.0,2980.0,26,78040.0,TQBR
2019-04-26,2980.0,2980.0,2980.0,2980.0,1,2980.0,TQBR
2019-04-29,3020.0,3030.0,2990.0,3000.0,24,72280.0,TQBR
2019-04-30,2990.0,3010.0,2990.0,3010.0,5,14980.0,TQBR
2019-05-02,3030.0,3080.0,3010.0,3010.0,28,85550.0,TQBR
2019-05-03,2960.0,3070.0,2960.0,3050.0,14,42530.0,TQBR
2019-05-06,3040.0,3050.0,3040.0,3050.0,4,12170.0,TQBR
2019-05-07,3050.0,3050.0,3040.0,3050.0,5,15240.0,TQBR
2019-05-08,3070.0,3070.0,3020.0,3040.0,525,1600770.0,TQBR
2019-05-10,3070.0,3100.0,3020.0,3100.0,12,36860.0,TQBR
2019-05-13,3040.0,3100.0,2920.0,3000.0,56,167420.0,TQBR
2019-05-14,2960.0,3020.0,2860.0,3020.0,87,258240.0,TQBR
2019-05-15,3010.0,3010.0,2970.0,2980.0,17,50760.0,TQBR
2019-05-16,2990.0,3160.0,2990.0,3130.0,297,912840.0,TQBR
2019-05-17,3090.0,3120.0,3080.0,3120.0,12,37270.0,TQBR
2019-05-20,3150.0,3170.0,3050.0,3050.0,42,129970.0,TQBR
2019-05-21,3070.0,3100.0,3070.0,3100.0,13,40210.0,TQBR
2019-05-22,3140.0,3250.0,3040.0,3040.0,171,531520.0,TQBR
2019-05-23,3100.0,3210.0,3090.0,3090.0,76,240690.0,TQBR
2019-05-24,3130.0,3490.0,3130.0,3430.0,250,824380.0,TQBR
2019-05-27,3450.0,3630.0,3380.0,3470.0,238,826140.0,TQBR
2019-05-28,3630.0,3630.0,3330.0,3380.0,241,827720.0,TQBR
2019-05-29,3400.0,3490.0,3370.0,3480.0,72,246200.0,TQBR
2019-05-30,3600.0,3600.0,3310.0,3400.0,52,179860.0,TQBR
2019-05-31,3580.0,3600.0,3350.0,3420.0,8,27850.0,TQBR
2019-06-03,3420.0,3500.0,3380.0,3500.0,33,113340.0,TQBR
2019-06-04,3500.0,3540.0,3400.0,3400.0,30,103310.0,TQBR
2019-06-05,3380.0,3440.0,3350.0,3400.0,39,131810.0,TQBR
2019-06-06,3450.0,3510.0,3360.0,3380.0,78,269920.0,TQBR
2019-06-07,3360.0,3480.0,3350.0,3410.0,16,54500.0,TQBR
2019-06-10,3410.0,3440.0,3350.0,3370.0,24,81030.0,TQBR
2019-06-11,3340.0,3370.0,3240.0,3360.0,60,198970.0,TQBR
2019-06-13,3270.0,3300.0,3190.0,3230.0,83,267370.0,TQBR
2019-06-14,3290.0,3290.0,3170.0,3250.0,70,224470.0,TQBR
2019-06-17,3270.0,3280.0,3170.0,3230.0,42,134250.0,TQBR
2019-06-18,3190.0,3210.0,3110.0,3130.0,1038,3304600.0,TQBR
2019-06-19,3170.0,3260.0,3170.0,3240.0,41,132170.0,TQBR
2019-06-20,3250.0,3460.0,3250.0,3420.0,71,238680.0,TQBR
2019-06-21,3420.0,3420.0,3370.0,3370.0,5,16990.0,TQBR
2019-06-24,3360.0,3360.0,3280.0,3320.0,40,133000.0,TQBR
2019-06-25,3290.0,3310.0,3250.0,3310.0,77,252010.0,TQBR
2019-06-26,3340.0,3650.0,3330.0,3440.0,221,766290.0,TQBR
2019-06-27,3410.0,3600.0,3410.0,3520.0,114,403850.0,TQBR
2019-06-28,3570.0,3600.0,3420.0,3440.0,238,822570.0,TQBR
2019-07-01,3390.0,3430.0,3330.0,3380.0,128,430420.0,TQBR
2019-07-02,3370.0,3370.0,3330.0,3330.0,9,30050.0,TQBR
2019-07-03,3340.0,3360.0,3260.0,3270.0,42,138910.0,TQBR
2019-07-04,3270.0,3330.0,3250.0,3330.0,26,86270.0,TQBR
2019-07-05,3340.0,3340.0,3300.0,3300.0,12,39980.0,TQBR
2019-07-08,3300.0,3420.0,3290.0,3420.0,17,56630.0,TQBR
2019-07-09,3360.0,3360.0,3360.0,3360.0,23,77280.0,TQBR
2019-07-11,3360.0,3370.0,3320.0,3360.0,8,26770.0,TQBR
2019-07-12,3350.0,3350.0,3210.0,3330.0,39,128600.0,TQBR
2019-07-15,3300.0,3330.0,3290.0,3290.0,7,23140.0,TQBR
2019-07-16,3320.0,3370.0,3290.0,3290.0,12,39790.0,TQBR
2019-07-17,3360.0,3360.0,3320.0,3360.0,17,56990.0,TQBR
2019-07-18,3360.0,3390.0,3360.0,3390.0,4,13500.0,TQBR
2019-07-19,3400.0,3400.0,3360.0,3400.0,11,37350.0,TQBR
2019-07-22,3390.0,3400.0,3300.0,3300.0,64,215700.0,TQBR
2019-07-23,3390.0,3460.0,3390.0,3460.0,12,41220.0,TQBR
2019-07-24,3460.0,3470.0,3390.0,3450.0,24,82900.0,TQBR
2019-07-25,3480.0,3490.0,3480.0,3490.0,2,6970.0,TQBR
2019-07-26,3490.0,3510.0,3420.0,3440.0,14,48320.0,TQBR
2019-07-29,3400.0,3480.0,3400.0,3480.0,7,23930.0,TQBR
2019-07-30,3500.0,3570.0,3500.0,3530.0,6,21170.0,TQBR
2019-07-31,3500.0,3520.0,3490.0,3490.0,216,756130.0,TQBR
2019-08-01,3500.0,3530.0,3470.0,3530.0,75,263910.0,TQBR
2019-08-02,3540.0,3550.0,3510.0,3510.0,6,21200.0,TQBR
2019-08-05,3530.0,3560.0,3480.0,3480.0,10,35310.0,TQBR
2019-08-06,3460.0,3500.0,3460.0,3500.0,4,13910.0,TQBR
2019-08-07,3510.0,3600.0,3480.0,3480.0,49,174080.0,TQBR
2019-08-08,3520.0,3520.0,3450.0,3450.0,7,24260.0,TQBR
2019-08-09,3470.0,3470.0,3420.0,3440.0,40,137590.0,TQBR
2019-08-12,3460.0,3490.0,3460.0,3470.0,5,17380.0,TQBR
2019-08-13,3470.0,3490.0,3410.0,3420.0,16,55230.0,TQBR
2019-08-14,3480.0,3480.0,3340.0,3340.0,29,98640.0,TQBR
2019-08-15,3410.0,3410.0,3160.0,3220.0,54,174940.0,TQBR
2019-08-16,3210.0,3260.0,3200.0,3200.0,5,16080.0,TQBR
2019-08-19,3290.0,3390.0,3290.0,3390.0,12,40090.0,TQBR
2019-08-20,3320.0,3320.0,3320.0,3320.0,1,3320.0,TQBR
2019-08-21,3330.0,3350.0,3330.0,3350.0,2,6680.0,TQBR
2019-08-22,3360.0,3360.0,3350.0,3350.0,4,13410.0,TQBR
2019-08-26,3240.0,3350.0,3240.0,3350.0,9,29680.0,TQBR
2019-08-27,3350.0,3420.0,3330.0,3350.0,25,84670.0,TQBR
2019-08-28,3400.0,3550.0,3300.0,3390.0,52,179960.0,TQBR
2019-08-29,3380.0,3470.0,3310.0,3470.0,32,107750.0,TQBR
2019-08-30,3480.0,3510.0,3480.0,3510.0,11,38430.0,TQBR
2019-09-02,3460.0,3550.0,3450.0,3550.0,40,138770.0,TQBR
2019-09-03,3540.0,3550.0,3390.0,3500.0,27,94150.0,TQBR
2019-09-04,3500.0,3550.0,3420.0,3500.0,46,161030.0,TQBR
2019-09-05,3490.0,3500.0,3490.0,3500.0,12,41980.0,TQBR
2019-09-06,3460.0,3540.0,3390.0,3540.0,88,300900.0,TQBR
2019-09-09,3470.0,3510.0,3370.0,3510.0,15,51580.0,TQBR
2019-09-10,3450.0,3510.0,3450.0,3510.0,21,73420.0,TQBR
2019-09-11,3510.0,3510.0,3470.0,3490.0,7,24420.0,TQBR
2019-09-12,3460.0,3500.0,3450.0,3480.0,52,179890.0,TQBR
2019-09-13,3530.0,4860.0,3530.0,4860.0,1454,6606290.0,TQBR
2019-09-16,4840.0,4840.0,4070.0,4200.0,817,3514400.0,TQBR
2019-09-17,4280.0,4280.0,3870.0,3950.0,331,1331260.0,TQBR
2019-09-18,3930.0,4040.0,3750.0,3950.0,78,302650.0,TQBR
2019-09-19,3890.0,4120.0,3840.0,4010.0,77,305410.0,TQBR
2019-09-20,3960.0,3960.0,3900.0,3940.0,9,35370.0,TQBR
2019-09-23,3980.0,3990.0,3830.0,3900.0,20,78580.0,TQBR
2019-09-24,3890.0,3900.0,3890.0,3900.0,5,19490.0,TQBR
2019-09-25,3870.0,3870.0,3650.0,3770.0,172,643840.0,TQBR
2019-09-26,3720.0,3950.0,3670.0,3760.0,58,217940.0,TQBR
2019-09-27,3710.0,3820.0,3700.0,3820.0,24,89680.0,TQBR
2019-09-30,3720.0,3720.0,3550.0,3720.0,186,674940.0,TQBR
2019-10-01,3670.0,3740.0,3650.0,3740.0,12,44350.0,TQBR
2019-10-02,3660.0,3690.0,3580.0,3640.0,48,174200.0,TQBR
2019-10-03,3590.0,3620.0,3550.0,3610.0,79,283070.0,TQBR
2019-10-04,3600.0,3600.0,3530.0,3590.0,44,157910.0,TQBR
2019-10-07,3580.0,3660.0,3580.0,3660.0,19,68530.0,TQBR
2019-10-08,3640.0,3710.0,3620.0,3650.0,23,83820.0,TQBR
2019-10-09,3630.0,3690.0,3610.0,3640.0,32,117390.0,TQBR
2019-10-10,3730.0,3980.0,3700.0,3880.0,84,321900.0,TQBR
2019-10-11,3850.0,4040.0,3630.0,3700.0,67,256710.0,TQBR
2019-10-14,3680.0,3800.0,3680.0,3790.0,35,131320.0,TQBR
2019-10-15,3730.0,3870.0,3730.0,3780.0,21,79210.0,TQBR
2019-10-16,3760.0,3890.0,3760.0,3800.0,36,136850.0,TQBR
2019-10-17,3830.0,3880.0,3760.0,3830.0,46,175610.0,TQBR
2019-10-18,3740.0,3740.0,3740.0,3740.0,1,3740.0,TQBR
2019-10-21,3840.0,3860.0,3780.0,3780.0,18,68980.0,TQBR
2019-10-22,3700.0,3770.0,3700.0,3770.0,3,11170.0,TQBR
2019-10-23,3700.0,3780.0,3700.0,3760.0,29,108770.0,TQBR
2019-10-24,3640.0,3790.0,3640.0,3680.0,28,104500.0,TQBR
2019-10-25,3710.0,3780.0,3700.0,3750.0,37,138160.0,TQBR
2019-10-28,3640.0,3740.0,3640.0,3740.0,56,206130.0,TQBR
2019-10-29,3740.0,3740.0,3700.0,3730.0,11,40850.0,TQBR
2019-10-30,3720.0,3800.0,3720.0,3770.0,45,168860.0,TQBR
2019-10-31,3710.0,3800.0,3670.0,3780.0,81,303260.0,TQBR
2019-11-01,3770.0,3840.0,3710.0,3720.0,24,90070.0,TQBR
2019-11-05,3760.0,3770.0,3730.0,3770.0,9,33800.0,TQBR
2019-11-06,3760.0,3850.0,3730.0,3850.0,21,79540.0,TQBR
2019-11-07,3800.0,3910.0,3730.0,3830.0,60,229460.0,TQBR
2019-11-08,3900.0,3900.0,3810.0,3810.0,5,19230.0,TQBR
2019-11-11,3830.0,3830.0,3830.0,3830.0,2,7660.0,TQBR
2019-11-12,3820.0,3890.0,3820.0,3870.0,12,46240.0,TQBR
2019-11-13,3730.0,4000.0,3730.0,3890.0,67,258110.0,TQBR
2019-11-14,3970.0,3970.0,3900.0,3910.0,14,55120.0,TQBR
2019-11-15,4070.0,4070.0,3870.0,3870.0,115,449360.0,TQBR
2019-11-18,3880.0,4400.0,3880.0,4020.0,184,757260.0,TQBR
2019-11-19,4270.0,4270.0,4000.0,4000.0,54,220120.0,TQBR
2019-11-20,3990.0,4000.0,3900.0,3900.0,15,59680.0,TQBR
2019-11-21,3910.0,3910.0,3900.0,3900.0,7,27350.0,TQBR
2019-11-22,3870.0,3930.0,3870.0,3930.0,14,54480.0,TQBR
2019-11-25,3790.0,3910.0,3790.0,3820.0,12,46110.0,TQBR
2019-11-26,3800.0,3890.0,3760.0,3850.0,16,60810.0,TQBR
2019-11-27,3800.0,3850.0,3750.0,3760.0,18,68560.0,TQBR
2019-11-28,3790.0,3900.0,3790.0,3850.0,46,176490.0,TQBR
2019-11-29,4070.0,4250.0,4000.0,4020.0,182,757610.0,TQBR
2019-12-02,3960.0,4140.0,3770.0,4050.0,60,239530.0,TQBR
2019-12-03,4050.0,4060.0,3940.0,3940.0,29,117130.0,TQBR
2019-12-04,3880.0,3950.0,3880.0,3940.0,39,151950.0,TQBR
2019-12-05,3880.0,4080.0,3880.0,4080.0,33,130100.0,TQBR
2019-12-06,4120.0,4310.0,4000.0,4100.0,6,24720.0,TQBR
2019-12-09,4040.0,4070.0,3970.0,4070.0,14,56540.0,TQBR
2019-12-10,4050.0,4050.0,4050.0,4050.0,16,64800.0,TQBR
2019-12-11,4100.0,4330.0,3950.0,4010.0,150,618650.0,TQBR
2019-12-12,4010.0,4190.0,3820.0,4090.0,44,179820.0,TQBR
2019-12-13,4060.0,4290.0,4010.0,4290.0,37,155890.0,TQBR
2019-12-16,4220.0,4320.0,4010.0,4200.0,120,492320.0,TQBR
2019-12-17,4160.0,4350.0,4100.0,4340.0,28,117620.0,TQBR
2019-12-18,4360.0,4380.0,4300.0,4360.0,4,17400.0,TQBR
2019-12-19,4360.0,4370.0,4090.0,4210.0,26,111590.0,TQBR
2019-12-20,4110.0,4360.0,4110.0,4300.0,30,127740.0,TQBR
2019-12-23,4380.0,4380.0,4230.0,4230.0,14,60410.0,TQBR
2019-12-24,4300.0,4300.0,3730.0,4100.0,63,257090.0,TQBR
2019-12-25,4140.0,4200.0,4100.0,4100.0,7,29120.0,TQBR
2019-12-26,3980.0,4050.0,3980.0,4050.0,4,16070.0,TQBR
2019-12-27,4280.0,4280.0,4080.0,4080.0,4,16740.0,TQBR
2019-12-30,4100.0,4250.0,4100.0,4110.0,10,41290.0,TQBR
2020-01-03,4270.0,4300.0,4060.0,4250.0,42,176090.0,TQBR
2020-01-06,4250.0,4380.0,4130.0,4130.0,19,81300.0,TQBR
2020-01-08,4380.0,4390.0,4160.0,4240.0,36,153940.0,TQBR
2020-01-09,4380.0,4380.0,4250.0,4250.0,17,73100.0,TQBR
2020-01-10,4250.0,4470.0,4250.0,4460.0,51,224740.0,TQBR
2020-01-13,4390.0,4990.0,4390.0,4500.0,86,410610.0,TQBR
2020-01-14,4470.0,4660.0,4460.0,4460.0,21,96510.0,TQBR
2020-01-15,4350.0,4490.0,4350.0,4490.0,14,62150.0,TQBR
2020-01-16,4490.0,4790.0,4490.0,4500.0,16,73650.0,TQBR
2020-01-17,4520.0,4980.0,4520.0,4950.0,123,600770.0,TQBR
2020-01-20,4900.0,4910.0,4720.0,4870.0,56,271590.0,TQBR
2020-01-21,4800.0,4960.0,4800.0,4960.0,8,39370.0,TQBR
2020-01-22,4960.0,4990.0,4840.0,4850.0,176,865110.0,TQBR
2020-01-23,4870.0,5980.0,4870.0,5390.0,400,2098500.0,TQBR
2020-01-24,5060.0,5330.0,5050.0,5130.0,83,426070.0,TQBR
2020-01-27,5010.0,5790.0,5000.0,5340.0,206,1111390.0,TQBR
2020-01-28,5480.0,5480.0,5230.0,5470.0,197,1038540.0,TQBR
2020-01-29,5490.0,5680.0,5360.0,5680.0,77,425690.0,TQBR
2020-01-30,5500.0,5820.0,5490.0,5740.0,54,306350.0,TQBR
2020-01-31,5740.0,6000.0,5220.0,5380.0,443,2471760.0,TQBR
2020-02-03,5250.0,5280.0,5090.0,5230.0,227,1184900.0,TQBR
2020-02-04,5130.0,5560.0,5130.0,5450.0,77,411310.0,TQBR
2020-02-05,5340.0,5640.0,5280.0,5600.0,132,718940.0,TQBR
2020-02-06,5670.0,5700.0,5400.0,5410.0,25,137600.0,TQBR
2020-02-07,5620.0,5620.0,5360.0,5410.0,136,747980.0,TQBR
2020-02-10,5490.0,5550.0,4780.0,5250.0,229,1203080.0,TQBR
2020-02-11,5260.0,5280.0,5180.0,5270.0,27,140900.0,TQBR
2020-02-12,5250.0,5250.0,5210.0,5210.0,14,73340.0,TQBR
2020-02-13,5150.0,5250.0,5150.0,5250.0,7,36330.0,TQBR
2020-02-14,5160.0,5280.0,5150.0,5220.0,37,192280.0,TQBR
2020-02-17,5160.0,5290.0,5130.0,5160.0,50,260900.0,TQBR
2020-02-18,5170.0,5400.0,5160.0,5260.0,63,334190.0,TQBR
2020-02-19,5400.0,5450.0,5240.0,5250.0,22,117250.0,TQBR
2020-02-20,5260.0,5330.0,5200.0,5210.0,15,78720.0,TQBR
2020-02-21,5270.0,5280.0,5100.0,5190.0,86,444260.0,TQBR
2020-02-25,5020.0,5140.0,5000.0,5090.0,47,236500.0,TQBR
2020-02-26,4990.0,4990.0,4710.0,4860.0,35,169460.0,TQBR
2020-02-27,4740.0,4800.0,4400.0,4400.0,51,235500.0,TQBR
2020-02-28,4250.0,4500.0,4000.0,4140.0,70,286610.0,TQBR
2020-03-02,4120.0,4370.0,4120.0,4220.0,14,59750.0,TQBR
2020-03-03,4290.0,4460.0,4290.0,4400.0,9,39330.0,TQBR
2020-03-04,4480.0,4540.0,4290.0,4390.0,15,66080.0,TQBR
2020-03-05,4410.0,4520.0,4220.0,4370.0,10,43770.0,TQBR
2020-03-06,4110.0,4300.0,4050.0,4130.0,20,82230.0,TQBR
2020-03-10,4220.0,4380.0,4170.0,4340.0,44,190590.0,TQBR
2020-03-11,4460.0,4820.0,4400.0,4570.0,59,275530.0,TQBR
2020-03-12,4130.0,4130.0,3900.0,3900.0,4,16260.0,TQBR
2020-03-13,4130.0,4270.0,4010.0,4270.0,11,44810.0,TQBR
2020-03-16,4170.0,4380.0,3420.0,3840.0,57,219080.0,TQBR
2020-03-17,3660.0,4000.0,3610.0,3840.0,28,106480.0,TQBR
2020-03-18,3840.0,3840.0,3400.0,3500.0,31,111820.0,TQBR
2020-03-19,3580.0,3680.0,3540.0,3590.0,22,78890.0,TQBR
2020-03-20,3770.0,3850.0,3560.0,3790.0,54,203490.0,TQBR
2020-03-23,3590.0,3670.0,3520.0,3600.0,37,133130.0,TQBR
2020-03-24,3790.0,3950.0,3640.0,3880.0,56,217970.0,TQBR
2020-03-25,3940.0,4080.0,3720.0,3720.0,153,582570.0,TQBR
2020-03-26,3890.0,3890.0,3770.0,3890.0,7,27030.0,TQBR
2020-03-30,3950.0,4100.0,3950.0,4100.0,7,28550.0,TQBR
2020-03-31,3960.0,4190.0,3960.0,4080.0,13,51870.0,TQBR
2020-04-01,3860.0,4040.0,3860.0,4040.0,7,27700.0,TQBR
2020-04-02,4000.0,4000.0,3890.0,3900.0,9,35370.0,TQBR
2020-04-03,3990.0,4120.0,3930.0,3950.0,95,380010.0,TQBR
2020-04-06,4100.0,4100.0,3010.0,3860.0,82,305680.0,TQBR
2020-04-07,3900.0,4280.0,3900.0,4130.0,103,428970.0,TQBR
2020-04-08,3980.0,4250.0,3980.0,4120.0,8,32740.0,TQBR
2020-04-09,4220.0,4610.0,4110.0,4300.0,40,174200.0,TQBR
2020-04-10,4330.0,4330.0,4180.0,4250.0,45,190540.0,TQBR
2020-04-13,4180.0,4200.0,4000.0,4160.0,157,644720.0,TQBR
2020-04-14,4190.0,4200.0,4030.0,4140.0,190,778830.0,TQBR
2020-04-15,3920.0,4000.0,3900.0,3990.0,21,82880.0,TQBR
2020-04-16,3990.0,4020.0,3920.0,3940.0,77,304400.0,TQBR
2020-04-17,4010.0,4160.0,3970.0,4160.0,96,388200.0,TQBR
2020-04-20,4150.0,4150.0,4000.0,4000.0,15,60180.0,TQBR
2020-04-21,4040.0,4040.0,3910.0,3950.0,5,19810.0,TQBR
2020-04-22,4030.0,4060.0,3930.0,3930.0,16,64230.0,TQBR
2020-04-23,3940.0,4310.0,3940.0,4090.0,60,253140.0,TQBR
2020-04-24,4120.0,4120.0,4010.0,4030.0,91,366920.0,TQBR
2020-04-27,4190.0,4190.0,3970.0,4000.0,58,233740.0,TQBR
2020-04-28,4000.0,4080.0,4000.0,4060.0,81,328720.0,TQBR
2020-04-29,4090.0,4090.0,4010.0,4070.0,13,52590.0,TQBR
2020-04-30,4090.0,4740.0,4070.0,4120.0,305,1306080.0,TQBR
2020-05-04,4190.0,4450.0,4130.0,4270.0,84,363330.0,TQBR
2020-05-05,4130.0,4270.0,4130.0,4230.0,44,185380.0,TQBR
2020-05-06,4150.0,4250.0,4150.0,4250.0,4,16890.0,TQBR
2020-05-07,4320.0,4400.0,4250.0,4250.0,11,47310.0,TQBR
2020-05-08,4300.0,4350.0,4160.0,4170.0,33,141570.0,TQBR
2020-05-12,4290.0,4290.0,4180.0,4180.0,4,16950.0,TQBR
2020-05-13,4120.0,4130.0,4110.0,4130.0,19,78250.0,TQBR
2020-05-14,4130.0,4130.0,4050.0,4050.0,10,40860.0,TQBR
2020-05-15,4180.0,4180.0,3950.0,4030.0,44,176790.0,TQBR
2020-05-18,4040.0,4100.0,3840.0,4030.0,8,32000.0,TQBR
2020-05-19,4010.0,4250.0,4000.0,4100.0,45,184540.0,TQBR
2020-05-20,4040.0,4040.0,4040.0,4040.0,3,12120.0,TQBR
2020-05-21,4170.0,4200.0,4020.0,4060.0,20,82670.0,TQBR
2020-05-22,4100.0,4100.0,4100.0,4100.0,1,4100.0,TQBR
2020-05-25,4240.0,4250.0,3990.0,4060.0,54,220080.0,TQBR
2020-05-26,4210.0,4210.0,4010.0,4160.0,28,115190.0,TQBR
2020-05-27,4090.0,4150.0,4050.0,4150.0,29,118990.0,TQBR
2020-05-28,4110.0,4140.0,4050.0,4130.0,20,81700.0,TQBR
2020-05-29,4050.0,4100.0,4010.0,4090.0,173,698260.0,TQBR
2020-06-01,4080.0,4110.0,4020.0,4110.0,9,36800.0,TQBR
2020-06-02,4160.0,4160.0,4010.0,4070.0,51,206470.0,TQBR
2020-06-03,4190.0,4190.0,4010.0,4090.0,98,400020.0,TQBR
2020-06-04,4020.0,4060.0,4010.0,4040.0,59,237240.0,TQBR
2020-06-05,3990.0,4100.0,3990.0,4070.0,26,104860.0,TQBR
2020-06-08,4140.0,4140.0,4010.0,4080.0,77,313420.0,TQBR
2020-06-09,4040.0,4050.0,4040.0,4050.0,4,16190.0,TQBR
2020-06-10,4050.0,4090.0,4030.0,4070.0,31,125610.0,TQBR
2020-06-11,4080.0,4110.0,3980.0,4030.0,63,253640.0,TQBR
2020-06-15,3910.0,4050.0,3850.0,4000.0,43,170420.0,TQBR
2020-06-16,4080.0,4130.0,4060.0,4070.0,12,49260.0,TQBR
2020-06-17,4160.0,4160.0,4050.0,4060.0,26,105630.0,TQBR
2020-06-18,4070.0,4070.0,4050.0,4050.0,54,219240.0,TQBR
2020-06-19,4110.0,4130.0,4040.0,4040.0,9,36940.0,TQBR
2020-06-22,4140.0,4140.0,4090.0,4100.0,4,16430.0,TQBR
2020-06-23,4270.0,4600.0,4060.0,4110.0,45,191160.0,TQBR
2020-06-25,4090.0,4090.0,4060.0,4060.0,3,12220.0,TQBR
2020-06-26,4000.0,4140.0,3920.0,4060.0,32,129200.0,TQBR
2020-06-29,4010.0,4050.0,4000.0,4050.0,9,36190.0,TQBR
2020-06-30,4080.0,4080.0,4000.0,4050.0,67,269140.0,TQBR
2020-07-02,4010.0,4040.0,4000.0,4040.0,18,72380.0,TQBR
2020-07-03,4020.0,4060.0,4020.0,4060.0,12,48410.0,TQBR
2020-07-06,4020.0,4070.0,4010.0,4040.0,22,88690.0,TQBR
2020-07-07,4020.0,4070.0,3990.0,4060.0,43,173670.0,TQBR
2020-07-08,4060.0,4060.0,4010.0,4030.0,11,44250.0,TQBR
2020-07-09,4050.0,4050.0,3980.0,4000.0,155,619800.0,TQBR
2020-07-10,3910.0,3980.0,3820.0,3880.0,97,377700.0,TQBR
2020-07-13,3880.0,3900.0,3860.0,3900.0,70,272680.0,TQBR
2020-07-14,3900.0,4370.0,3850.0,4160.0,397,1621180.0,TQBR
2020-07-15,4310.0,4360.0,4030.0,4150.0,99,410110.0,TQBR
2020-07-16,4280.0,4900.0,4200.0,4510.0,624,2849440.0,TQBR
2020-07-17,4870.0,4870.0,4300.0,4300.0,154,702270.0,TQBR
2020-07-20,4370.0,5650.0,4370.0,5410.0,4180,21809030.0,TQBR
2020-07-21,5450.0,5450.0,4660.0,4770.0,1017,5065090.0,TQBR
2020-07-22,4860.0,4870.0,4500.0,4650.0,274,1274940.0,TQBR
2020-07-23,4450.0,4650.0,4450.0,4530.0,131,596880.0,TQBR
2020-07-24,4510.0,5580.0,4500.0,4820.0,1548,7927770.0,TQBR
2020-07-27,4940.0,5280.0,4830.0,4900.0,737,3677420.0,TQBR
2020-07-28,4850.0,4990.0,4830.0,4870.0,145,708870.0,TQBR
2020-07-29,4950.0,4950.0,4830.0,4900.0,61,296360.0,TQBR
2020-07-30,4870.0,4900.0,4400.0,4800.0,188,882940.0,TQBR
2020-07-31,4600.0,4800.0,4600.0,4780.0,143,674540.0,TQBR
2020-08-03,4710.0,4780.0,4480.0,4620.0,165,764950.0,TQBR
2020-08-04,4660.0,5000.0,4570.0,4710.0,365,1725300.0,TQBR
2020-08-05,4690.0,4790.0,4620.0,4640.0,35,163130.0,TQBR
2020-08-06,4680.0,4710.0,4560.0,4650.0,62,288930.0,TQBR
2020-08-07,4650.0,4650.0,4570.0,4640.0,107,493580.0,TQBR
2020-08-10,4660.0,4880.0,4600.0,4640.0,97,454540.0,TQBR
2020-08-11,4960.0,4960.0,4600.0,4620.0,82,382180.0,TQBR
2020-08-12,4660.0,4660.0,4600.0,4660.0,15,69600.0,TQBR
2020-08-13,4670.0,4700.0,4610.0,4610.0,54,251830.0,TQBR
2020-08-14,4630.0,5350.0,4630.0,5060.0,702,3472480.0,TQBR
2020-08-17,5080.0,5280.0,4850.0,5100.0,176,885740.0,TQBR
2020-08-18,4900.0,5180.0,4700.0,5100.0,127,635650.0,TQBR
2020-08-19,5180.0,5330.0,4860.0,4990.0,181,919840.0,TQBR
2020-08-20,4960.0,5200.0,4800.0,4880.0,52,253080.0,TQBR
2020-08-21,4920.0,4990.0,4660.0,4760.0,249,1181270.0,TQBR
2020-08-24,4750.0,4920.0,4730.0,4900.0,73,351150.0,TQBR
2020-08-25,4860.0,4870.0,4740.0,4810.0,45,215570.0,TQBR
2020-08-26,4800.0,4810.0,4790.0,4790.0,14,67150.0,TQBR
2020-08-27,4840.0,4840.0,4760.0,4800.0,11,53010.0,TQBR
2020-08-28,4840.0,4870.0,4720.0,4800.0,51,244560.0,TQBR
2020-08-31,4840.0,4850.0,4780.0,4800.0,42,202850.0,TQBR
2020-09-01,4800.0,4860.0,4800.0,4840.0,5,24180.0,TQBR
2020-09-02,4770.0,4840.0,4760.0,4770.0,36,171810.0,TQBR
2020-09-03,4750.0,4770.0,4630.0,4700.0,53,249860.0,TQBR
2020-09-04,4680.0,4790.0,4590.0,4790.0,21,97940.0,TQBR
2020-09-07,4760.0,4760.0,4620.0,4670.0,84,391510.0,TQBR
2020-09-08,4670.0,4670.0,4600.0,4600.0,19,87790.0,TQBR
2020-09-09,4590.0,4600.0,4530.0,4600.0,22,100480.0,TQBR
2020-09-10,4590.0,4650.0,4590.0,4630.0,11,50710.0,TQBR
2020-09-11,4630.0,4630.0,4550.0,4620.0,7,32220.0,TQBR
2020-09-14,4660.0,4700.0,4640.0,4680.0,12,56040.0,TQBR
2020-09-15,4680.0,4730.0,4650.0,4730.0,10,46900.0,TQBR
2020-09-16,4810.0,4820.0,4700.0,4700.0,18,85320.0,TQBR
2020-09-17,4650.0,4720.0,4650.0,4720.0,8,37440.0,TQBR
2020-09-18,4830.0,4850.0,4710.0,4720.0,17,81200.0,TQBR
2020-09-21,4680.0,4740.0,4680.0,4730.0,17,80150.0,TQBR
2020-09-22,4670.0,4670.0,4540.0,4590.0,23,106190.0,TQBR
2020-09-23,4540.0,4560.0,4540.0,4560.0,4,18220.0,TQBR
2020-09-24,4560.0,5090.0,4560.0,4730.0,95,467580.0,TQBR
2020-09-25,4720.0,4750.0,4660.0,4750.0,20,94230.0,TQBR
2020-09-28,4730.0,4730.0,4600.0,4700.0,44,204680.0,TQBR
2020-09-29,4670.0,5000.0,4610.0,4710.0,76,366610.0,TQBR
2020-09-30,4720.0,4800.0,4700.0,4700.0,25,119110.0,TQBR
2020-10-01,4730.0,4820.0,4620.0,4620.0,19,89930.0,TQBR
2020-10-02,4690.0,4850.0,4690.0,4700.0,15,71180.0,TQBR
2020-10-05,4700.0,4800.0,4590.0,4750.0,32,149640.0,TQBR
2020-10-06,4730.0,4750.0,4690.0,4750.0,18,84920.0,TQBR
2020-10-07,4740.0,5350.0,4740.0,5130.0,447,2281620.0,TQBR
2020-10-08,5000.0,5000.0,4800.0,4980.0,63,308570.0,TQBR
2020-10-09,4840.0,5040.0,4750.0,5000.0,66,322040.0,TQBR
2020-10-12,5110.0,5110.0,4870.0,4870.0,31,153570.0,TQBR
2020-10-13,4900.0,4960.0,4730.0,4800.0,97,464290.0,TQBR
2020-10-14,4850.0,5010.0,4850.0,4930.0,37,183280.0,TQBR
2020-10-15,4920.0,4980.0,4900.0,4900.0,10,49420.0,TQBR
2020-10-16,4860.0,4860.0,4750.0,4750.0,30,143800.0,TQBR
2020-10-19,4800.0,4830.0,4780.0,4830.0,13,62530.0,TQBR
2020-10-20,4790.0,4850.0,4790.0,4850.0,9,43560.0,TQBR
2020-10-21,4840.0,5040.0,4840.0,4900.0,34,169180.0,TQBR
2020-10-22,5050.0,5050.0,4840.0,4900.0,21,103590.0,TQBR
2020-10-23,4890.0,4890.0,4800.0,4810.0,117,562280.0,TQBR
2020-10-26,4820.0,4820.0,4820.0,4820.0,1,4820.0,TQBR
2020-10-27,4820.0,4820.0,4820.0,4820.0,6,28920.0,TQBR
2020-10-28,4780.0,4830.0,4750.0,4750.0,14,67160.0,TQBR
2020-10-29,4900.0,4900.0,4600.0,4700.0,38,176950.0,TQBR
2020-10-30,4670.0,4690.0,4650.0,4690.0,6,27980.0,TQBR
2020-11-02,4650.0,4750.0,4600.0,4740.0,17,79290.0,TQBR
2020-11-03,4630.0,4710.0,4630.0,4710.0,15,70180.0,TQBR
2020-11-05,4800.0,4800.0,4700.0,4740.0,10,47370.0,TQBR
2020-11-06,4710.0,4740.0,4710.0,4740.0,4,18930.0,TQBR
2020-11-09,4780.0,4900.0,4740.0,4900.0,26,124960.0,TQBR
2020-11-10,4820.0,4820.0,4800.0,4800.0,4,19230.0,TQBR
2020-11-11,4790.0,4890.0,4790.0,4810.0,12,58010.0,TQBR
2020-11-12,4820.0,4970.0,4810.0,4820.0,43,211840.0,TQBR
2020-11-13,4890.0,4910.0,4850.0,4910.0,20,97630.0,TQBR
2020-11-16,4960.0,5020.0,4890.0,4910.0,25,123830.0,TQBR
2020-11-17,4900.0,5020.0,4880.0,5020.0,31,153760.0,TQBR
2020-11-18,5040.0,5040.0,4870.0,5000.0,38,189560.0,TQBR
2020-11-19,5010.0,5010.0,4870.0,4920.0,14,69530.0,TQBR
2020-11-20,4990.0,4990.0,4880.0,4900.0,3,14770.0,TQBR
2020-11-23,4880.0,4990.0,4880.0,4900.0,6,29550.0,TQBR
2020-11-24,5000.0,5070.0,4910.0,5010.0,40,199990.0,TQBR
2020-11-25,5010.0,5040.0,4900.0,5040.0,19,94370.0,TQBR
2020-11-26,4960.0,5050.0,4950.0,5050.0,11,55070.0,TQBR
2020-11-27,4950.0,5070.0,4940.0,5070.0,15,74820.0,TQBR
2020-11-30,5010.0,5070.0,5010.0,5010.0,9,45360.0,TQBR
2020-12-01,5060.0,5100.0,5050.0,5100.0,26,131820.0,TQBR
2020-12-02,5100.0,5110.0,5070.0,5110.0,11,56120.0,TQBR
2020-12-03,5120.0,5120.0,4920.0,4950.0,31,155170.0,TQBR
2020-12-04,4960.0,5980.0,4960.0,5420.0,481,2665520.0,TQBR
2020-12-07,5260.0,5400.0,5200.0,5390.0,35,185650.0,TQBR
2020-12-08,5300.0,5390.0,5040.0,5230.0,81,418450.0,TQBR
2020-12-09,5320.0,5320.0,5160.0,5240.0,16,83860.0,TQBR
2020-12-10,5330.0,5360.0,5250.0,5250.0,11,58330.0,TQBR
2020-12-11,5390.0,5410.0,5230.0,5230.0,11,58690.0,TQBR
2020-12-14,5120.0,5390.0,5120.0,5370.0,11,58700.0,TQBR
2020-12-15,5430.0,5560.0,5330.0,5340.0,31,166610.0,TQBR
2020-12-16,5310.0,5400.0,5310.0,5310.0,14,74980.0,TQBR
2020-12-17,5300.0,5400.0,5300.0,5310.0,27,145580.0,TQBR
2020-12-18,5460.0,5900.0,5400.0,5550.0,184,1034460.0,TQBR
2020-12-21,5550.0,5630.0,5340.0,5370.0,57,314500.0,TQBR
2020-12-22,5580.0,5600.0,5410.0,5410.0,5,27600.0,TQBR
2020-12-23,5420.0,5850.0,5420.0,5660.0,35,197400.0,TQBR
2020-12-24,5460.0,5950.0,5460.0,5810.0,90,514370.0,TQBR
2020-12-25,5610.0,6300.0,5610.0,6010.0,358,2164750.0,TQBR
2020-12-28,5900.0,6190.0,5900.0,5910.0,30,178210.0,TQBR
2020-12-29,5730.0,5890.0,5730.0,5890.0,17,99460.0,TQBR
2020-12-30,5800.0,5990.0,5800.0,5990.0,4,23390.0,TQBR
2021-01-04,6140.0,6140.0,5950.0,6070.0,25,151920.0,TQBR
2021-01-05,6170.0,6450.0,5920.0,6350.0,81,505320.0,TQBR
2021-01-06,6080.0,6850.0,6080.0,6850.0,139,894070.0,TQBR
2021-01-08,6850.0,7870.0,6600.0,7300.0,517,3822380.0,TQBR
2021-01-11,7010.0,7390.0,6770.0,6770.0,150,1059310.0,TQBR
2021-01-12,6770.0,6830.0,6610.0,6720.0,58,389360.0,TQBR
2021-01-13,6850.0,6870.0,6430.0,6550.0,61,405960.0,TQBR
2021-01-14,6580.0,6730.0,6410.0,6700.0,36,237020.0,TQBR
2021-01-15,6720.0,7290.0,6610.0,6840.0,134,925400.0,TQBR
2021-01-18,6840.0,6840.0,6530.0,6720.0,42,279400.0,TQBR
2021-01-19,6850.0,7250.0,6790.0,7150.0,135,950820.0,TQBR
2021-01-20,7250.0,10000.0,7250.0,8810.0,6027,58487380.0,TQBR
2021-01-21,9290.0,11550.0,9000.0,11070.0,15600,165709430.0,TQBR
2021-01-22,11080.0,11080.0,9160.0,9520.0,2391,23706160.0,TQBR
2021-01-25,9600.0,10240.0,9520.0,9700.0,913,8975800.0,TQBR
2021-01-26,9880.0,9880.0,8910.0,8950.0,843,7742840.0,TQBR
2021-01-27,8910.0,8950.0,8100.0,8760.0,813,6924520.0,TQBR
2021-01-28,8990.0,8990.0,8110.0,8590.0,294,2504640.0,TQBR
2021-01-29,8500.0,9450.0,8500.0,8580.0,814,7329190.0,TQBR
2021-02-01,8500.0,8990.0,8500.0,8690.0,283,2476010.0,TQBR
2021-02-02,8690.0,9480.0,8690.0,9200.0,722,6645000.0,TQBR
2021-02-03,9350.0,9680.0,9010.0,9050.0,489,4533050.0,TQBR
2021-02-04,9020.0,9450.0,8990.0,9250.0,289,2678630.0,TQBR
2021-02-05,9210.0,9550.0,9170.0,9330.0,195,1817250.0,TQBR
2021-02-08,9210.0,9300.0,9120.0,9250.0,155,1423350.0,TQBR
2021-02-09,9200.0,9200.0,9110.0,9140.0,67,613170.0,TQBR
2021-02-10,9070.0,9190.0,8850.0,8910.0,246,2203670.0,TQBR
2021-02-11,9080.0,9180.0,8600.0,8710.0,201,1765480.0,TQBR
2021-02-12,8680.0,8680.0,8300.0,8600.0,162,1386270.0,TQBR
2021-02-15,8840.0,9320.0,8700.0,9090.0,176,1587140.0,TQBR
2021-02-16,9050.0,9700.0,9050.0,9220.0,609,5745050.0,TQBR
2021-02-17,9220.0,9680.0,9220.0,9450.0,293,2754280.0,TQBR
2021-02-18,9180.0,9310.0,9100.0,9200.0,137,1261370.0,TQBR
2021-02-19,9290.0,9290.0,8660.0,9060.0,152,1380130.0,TQBR
2021-02-20,9200.0,9250.0,9060.0,9130.0,27,246830.0,TQBR
2021-02-22,9240.0,9240.0,8580.0,9130.0,86,786330.0,TQBR
2021-02-24,9090.0,9100.0,8950.0,8950.0,37,334220.0,TQBR
2021-02-25,9060.0,9230.0,8800.0,8800.0,54,483200.0,TQBR
2021-02-26,9160.0,9160.0,8820.0,8980.0,123,1112500.0,TQBR
2021-03-01,8910.0,9000.0,8780.0,8820.0,52,460040.0,TQBR
2021-03-02,8910.0,9110.0,8680.0,8730.0,118,1033210.0,TQBR
2021-03-03,8800.0,8890.0,8740.0,8740.0,37,326140.0,TQBR
2021-03-04,8760.0,8800.0,8730.0,8800.0,34,297700.0,TQBR
2021-03-05,8870.0,8900.0,8700.0,8710.0,67,585690.0,TQBR
2021-03-09,8890.0,9030.0,8830.0,8840.0,49,434910.0,TQBR
2021-03-10,9030.0,9030.0,8800.0,8800.0,21,186610.0,TQBR
2021-03-11,8990.0,8990.0,8550.0,8830.0,65,566430.0,TQBR
2021-03-12,8680.0,8950.0,8680.0,8750.0,62,543040.0,TQBR
2021-03-15,8800.0,8800.0,8600.0,8620.0,138,1196810.0,TQBR
2021-03-16,8590.0,8710.0,8590.0,8610.0,22,190340.0,TQBR
2021-03-17,8630.0,8750.0,8630.0,8700.0,35,304880.0,TQBR
2021-03-18,8730.0,8850.0,8650.0,8670.0,47,408750.0,TQBR
2021-03-19,8680.0,8750.0,8680.0,8700.0,22,192040.0,TQBR
2021-03-22,8750.0,8910.0,8400.0,8510.0,165,1408480.0,TQBR
2021-03-23,8460.0,8990.0,8290.0,8960.0,151,1317020.0,TQBR
2021-03-24,9000.0,11120.0,8990.0,10680.0,3902,39550880.0,TQBR
2021-03-25,10680.0,10990.0,9790.0,9940.0,1313,13647020.0,TQBR
2021-03-26,10130.0,10880.0,10000.0,10370.0,578,6053630.0,TQBR
2021-03-29,10490.0,10800.0,9780.0,10040.0,514,5257350.0,TQBR
2021-03-30,10350.0,10350.0,9840.0,10170.0,116,1167270.0,TQBR
2021-03-31,10130.0,10370.0,9830.0,10000.0,158,1604400.0,TQBR
2021-04-01,9500.0,10190.0,9500.0,10180.0,372,3660620.0,TQBR
2021-04-02,10340.0,10340.0,9640.0,10000.0,302,3021320.0,TQBR
2021-04-05,9920.0,9920.0,9700.0,9790.0,244,2387580.0,TQBR
2021-04-06,9730.0,9790.0,9350.0,9520.0,224,2134140.0,TQBR
2021-04-07,9410.0,9720.0,9410.0,9450.0,64,610000.0,TQBR
2021-04-08,9440.0,9580.0,9400.0,9400.0,102,966220.0,TQBR
2021-04-09,9400.0,9590.0,9000.0,9280.0,217,1999980.0,TQBR
2021-04-12,9400.0,10060.0,9310.0,9430.0,666,6411890.0,TQBR
2021-04-13,9420.0,9680.0,9360.0,9420.0,136,1296000.0,TQBR
2021-04-14,9450.0,9600.0,9420.0,9500.0,101,964240.0,TQBR
2021-04-15,9500.0,9630.0,9390.0,9630.0,73,694490.0,TQBR
2021-04-16,9600.0,9790.0,9250.0,9570.0,132,1257370.0,TQBR
2021-04-19,9600.0,9870.0,9500.0,9590.0,136,1306010.0,TQBR
2021-04-20,9720.0,9730.0,9350.0,9560.0,128,1223680.0,TQBR
2021-04-21,9580.0,9600.0,9490.0,9490.0,43,410850.0,TQBR
2021-04-22,9490.0,9670.0,9460.0,9580.0,94,902630.0,TQBR
2021-04-23,9670.0,9680.0,9550.0,9620.0,47,450840.0,TQBR
2021-04-26,9570.0,9690.0,9400.0,9490.0,168,1598700.0,TQBR
2021-04-27,9620.0,9700.0,9420.0,9540.0,262,2518740.0,TQBR
2021-04-28,9560.0,9600.0,9460.0,9460.0,39,371870.0,TQBR
2021-04-29,9460.0,9490.0,9400.0,9400.0,47,443410.0,TQBR
2021-04-30,9390.0,9500.0,9380.0,9380.0,60,564880.0,TQBR
2021-05-04,9380.0,9550.0,9380.0,9450.0,134,1266590.0,TQBR
2021-05-05,9250.0,9600.0,9250.0,9490.0,88,839630.0,TQBR
2021-05-06,9510.0,9590.0,9450.0,9580.0,47,447740.0,TQBR
2021-05-07,9580.0,9580.0,9520.0,9570.0,23,219940.0,TQBR
2021-05-10,9520.0,9660.0,9520.0,9550.0,21,201630.0,TQBR
2021-05-11,9570.0,10000.0,9520.0,9530.0,234,2276220.0,TQBR
2021-05-12,9530.0,9900.0,9470.0,9620.0,162,1554890.0,TQBR
2021-05-13,9600.0,9650.0,9510.0,9520.0,17,162750.0,TQBR
2021-05-14,9540.0,9560.0,9500.0,9530.0,37,352470.0,TQBR
2021-05-17,9540.0,9740.0,9500.0,9550.0,50,476970.0,TQBR
2021-05-18,9510.0,9600.0,9500.0,9530.0,13,124120.0,TQBR
2021-05-19,9550.0,9590.0,9530.0,9530.0,17,162190.0,TQBR
2021-05-20,9520.0,9600.0,9510.0,9560.0,35,333820.0,TQBR
2021-05-21,9520.0,9820.0,9520.0,9520.0,57,550020.0,TQBR
2021-05-24,9600.0,9820.0,9540.0,9650.0,55,531610.0,TQBR
2021-05-25,9670.0,9670.0,9520.0,9530.0,60,572650.0,TQBR
2021-05-26,9590.0,9640.0,9530.0,9590.0,25,239560.0,TQBR
2021-05-27,9560.0,9580.0,9560.0,9560.0,19,181760.0,TQBR
2021-05-28,9570.0,9640.0,9510.0,9600.0,24,229430.0,TQBR
2021-05-31,9600.0,9810.0,9550.0,9810.0,126,1225150.0,TQBR
2021-06-01,9640.0,9810.0,9550.0,9550.0,64,619940.0,TQBR
2021-06-02,9580.0,9800.0,9570.0,9570.0,119,1155140.0,TQBR
2021-06-03,9620.0,9940.0,9600.0,9670.0,64,624090.0,TQBR
2021-06-04,9860.0,9860.0,9670.0,9690.0,23,224180.0,TQBR
2021-06-07,9760.0,9760.0,9640.0,9640.0,29,280810.0,TQBR
2021-06-08,9640.0,9640.0,9610.0,9610.0,16,153910.0,TQBR
2021-06-09,9650.0,9820.0,9650.0,9730.0,86,836450.0,TQBR
2021-06-10,9790.0,9850.0,9680.0,9700.0,41,401580.0,TQBR
2021-06-11,9730.0,9780.0,9700.0,9700.0,28,272300.0,TQBR
2021-06-14,9840.0,9840.0,9650.0,9670.0,19,184330.0,TQBR
2021-06-15,9660.0,9760.0,9650.0,9670.0,20,193650.0,TQBR
2021-06-16,9710.0,9750.0,9670.0,9720.0,19,184620.0,TQBR
2021-06-17,9820.0,9820.0,9600.0,9610.0,60,578990.0,TQBR
2021-06-18,9640.0,9740.0,9580.0,9650.0,106,1018600.0,TQBR
2021-06-21,9610.0,9610.0,9570.0,9570.0,15,143740.0,TQBR
2021-06-22,9570.0,9680.0,9570.0,9610.0,12,115500.0,TQBR
2021-06-23,9610.0,9610.0,9600.0,9600.0,3,28810.0,TQBR
2021-06-24,9580.0,9690.0,9450.0,9450.0,183,1740260.0,TQBR
2021-06-25,9550.0,9630.0,9460.0,9460.0,30,285820.0,TQBR
2021-06-28,9610.0,9810.0,9480.0,9480.0,40,388130.0,TQBR
2021-06-29,9510.0,9760.0,9500.0,9500.0,9,85880.0,TQBR
2021-06-30,9460.0,9800.0,9460.0,9530.0,29,280510.0,TQBR
2021-07-01,9540.0,9780.0,9530.0,9530.0,26,251380.0,TQBR
2021-07-02,9570.0,9790.0,9550.0,9700.0,35,339900.0,TQBR
2021-07-05,9530.0,9770.0,9530.0,9620.0,5,48440.0,TQBR
2021-07-06,9750.0,9750.0,9500.0,9550.0,43,411140.0,TQBR
2021-07-07,9650.0,9650.0,9510.0,9510.0,36,343280.0,TQBR
2021-07-08,9580.0,10250.0,9580.0,9640.0,175,1711310.0,TQBR
2021-07-09,9650.0,9890.0,9650.0,9870.0,30,294160.0,TQBR
2021-07-12,10000.0,10030.0,9770.0,9870.0,95,938020.0,TQBR
2021-07-13,9890.0,10400.0,9870.0,10160.0,196,1988090.0,TQBR
2021-07-14,10100.0,10500.0,10000.0,10120.0,134,1365950.0,TQBR
2021-07-15,10030.0,10350.0,10010.0,10250.0,150,1513150.0,TQBR
2021-07-16,10160.0,10160.0,10030.0,10150.0,40,404280.0,TQBR
2021-07-19,10200.0,10500.0,10050.0,10050.0,73,744490.0,TQBR
2021-07-20,10200.0,10260.0,10100.0,10240.0,51,520990.0,TQBR
2021-07-21,10460.0,10460.0,10050.0,10090.0,61,623430.0,TQBR
2021-07-22,9980.0,10300.0,9880.0,10010.0,223,2236410.0,TQBR
2021-07-23,9830.0,10050.0,9740.0,9900.0,32,315610.0,TQBR
2021-07-26,9790.0,10250.0,9790.0,9900.0,56,569130.0,TQBR
2021-07-27,9770.0,9950.0,9580.0,9700.0,56,548830.0,TQBR
2021-07-28,9730.0,10200.0,9720.0,9820.0,50,496210.0,TQBR
2021-07-29,9840.0,9970.0,9800.0,9800.0,18,177560.0,TQBR
2021-07-30,9810.0,9810.0,9620.0,9770.0,21,204220.0,TQBR
2021-08-02,9660.0,9820.0,9660.0,9720.0,9,87750.0,TQBR
2021-08-03,9710.0,10400.0,9670.0,9960.0,157,1584660.0,TQBR
2021-08-04,10020.0,10130.0,10000.0,10000.0,12,120750.0,TQBR
2021-08-05,10020.0,10020.0,9760.0,9870.0,40,392030.0,TQBR
2021-08-06,9850.0,9850.0,9850.0,9850.0,1,9850.0,TQBR
2021-08-09,10020.0,10020.0,9830.0,9830.0,3,29680.0,TQBR
2021-08-10,9770.0,9960.0,9760.0,9900.0,7,69090.0,TQBR
2021-08-11,9970.0,10020.0,9970.0,10000.0,51,510250.0,TQBR
2021-08-12,9980.0,10040.0,9980.0,10040.0,24,240820.0,TQBR
2021-08-13,10050.0,10230.0,9780.0,10200.0,85,847790.0,TQBR
2021-08-16,10350.0,10380.0,9940.0,10290.0,59,600560.0,TQBR
2021-08-17,10340.0,10340.0,9990.0,10000.0,38,383890.0,TQBR
2021-08-18,10170.0,10800.0,9980.0,9980.0,330,3389350.0,TQBR
2021-08-19,9990.0,10100.0,9980.0,10100.0,33,329610.0,TQBR
2021-08-20,10000.0,10000.0,9940.0,9940.0,25,248900.0,TQBR
2021-08-23,9950.0,10190.0,9900.0,10080.0,111,1104040.0,TQBR
2021-08-24,10010.0,10070.0,9980.0,9980.0,80,799650.0,TQBR
2021-08-25,10000.0,10160.0,9980.0,10040.0,73,731080.0,TQBR
2021-08-26,10220.0,10220.0,9980.0,10000.0,38,381100.0,TQBR
2021-08-27,10000.0,10050.0,10000.0,10050.0,16,160620.0,TQBR
2021-08-30,10000.0,10000.0,9980.0,10000.0,39,389440.0,TQBR
2021-08-31,9990.0,10000.0,9980.0,10000.0,48,479310.0,TQBR
2021-09-01,10000.0,10000.0,9600.0,9800.0,224,2181140.0,TQBR
2021-09-02,9800.0,9900.0,9640.0,9760.0,36,350680.0,TQBR
2021-09-03,9670.0,9980.0,9670.0,9780.0,46,455070.0,TQBR
2021-09-06,9730.0,9930.0,9700.0,9740.0,34,332600.0,TQBR
2021-09-07,9740.0,9740.0,9680.0,9710.0,56,544680.0,TQBR
2021-09-08,9750.0,9900.0,9660.0,9770.0,44,430010.0,TQBR
2021-09-09,9750.0,9780.0,9670.0,9680.0,23,223070.0,TQBR
2021-09-10,9760.0,9990.0,9660.0,9680.0,44,431780.0,TQBR
2021-09-13,9790.0,9990.0,9740.0,9820.0,24,237080.0,TQBR
2021-09-14,9930.0,9930.0,9610.0,9810.0,72,700590.0,TQBR
2021-09-15,9810.0,9830.0,9620.0,9750.0,33,319500.0,TQBR
2021-09-16,9660.0,9660.0,9610.0,9610.0,42,404300.0,TQBR
2021-09-17,9610.0,9820.0,9600.0,9610.0,23,222050.0,TQBR
2021-09-20,9740.0,9920.0,9600.0,9600.0,77,752440.0,TQBR
2021-09-21,9600.0,9650.0,9580.0,9650.0,9,86470.0,TQBR
2021-09-22,9680.0,9770.0,9660.0,9670.0,26,251800.0,TQBR
2021-09-23,9670.0,9770.0,9660.0,9660.0,12,116330.0,TQBR
2021-09-24,9760.0,9790.0,9760.0,9760.0,101,986250.0,TQBR
2021-09-27,9800.0,9800.0,9600.0,9750.0,22,212950.0,TQBR
2021-09-28,9740.0,9770.0,9660.0,9670.0,27,261260.0,TQBR
2021-09-29,9660.0,9710.0,9660.0,9700.0,9,87190.0,TQBR
2021-09-30,9710.0,9710.0,9700.0,9700.0,17,164950.0,TQBR
2021-10-01,9660.0,9790.0,9660.0,9790.0,238,2327080.0,TQBR
2021-10-04,9800.0,9810.0,9750.0,9750.0,87,852560.0,TQBR
2021-10-05,9790.0,9820.0,9560.0,9670.0,106,1028390.0,TQBR
2021-10-06,9800.0,10000.0,9700.0,9870.0,311,3077280.0,TQBR
2021-10-07,9910.0,9930.0,9710.0,9860.0,65,637870.0,TQBR
2021-10-08,9760.0,10020.0,9750.0,10020.0,58,569680.0,TQBR
2021-10-11,10220.0,10400.0,10060.0,10070.0,79,810430.0,TQBR
2021-10-12,9850.0,10030.0,9700.0,10000.0,75,738080.0,TQBR
2021-10-13,10190.0,10270.0,9960.0,10060.0,17,172250.0,TQBR
2021-10-14,10300.0,10300.0,10010.0,10010.0,10,100920.0,TQBR
2021-10-15,10070.0,10070.0,9810.0,10050.0,23,228470.0,TQBR
2021-10-18,10070.0,10080.0,9870.0,9900.0,27,269430.0,TQBR
2021-10-19,10070.0,13570.0,10010.0,11670.0,1952,23584460.0,TQBR
2021-10-20,12200.0,14770.0,11560.0,12380.0,2161,29560370.0,TQBR
2021-10-21,13380.0,14900.0,12000.0,12100.0,765,10058190.0,TQBR
2021-10-22,11750.0,12500.0,10160.0,11760.0,596,6789570.0,TQBR
2021-10-25,12270.0,14250.0,12000.0,12510.0,2069,27301740.0,TQBR
2021-10-26,12400.0,13250.0,11990.0,12200.0,762,9555550.0,TQBR
2021-10-27,12360.0,12950.0,12300.0,12850.0,410,5173570.0,TQBR
2021-10-28,12940.0,12940.0,12000.0,12210.0,170,2109830.0,TQBR
2021-10-29,12300.0,12300.0,11370.0,12150.0,145,1717530.0,TQBR
2021-11-01,12260.0,13170.0,11860.0,12230.0,657,8227510.0,TQBR
2021-11-02,12160.0,12990.0,12160.0,12500.0,245,3085010.0,TQBR
2021-11-03,12750.0,12750.0,12330.0,12350.0,89,1108910.0,TQBR
2021-11-05,12530.0,12550.0,12000.0,12260.0,72,883110.0,TQBR
2021-11-08,12040.0,12430.0,11860.0,12030.0,117,1407220.0,TQBR
2021-11-09,11930.0,11930.0,11600.0,11700.0,64,755330.0,TQBR
2021-11-10,11810.0,11830.0,11320.0,11380.0,133,1528020.0,TQBR
2021-11-11,11540.0,11540.0,11150.0,11150.0,62,699780.0,TQBR
2021-11-12,11250.0,11770.0,11150.0,11390.0,65,746200.0,TQBR
2021-11-15,11600.0,12530.0,11600.0,12240.0,270,3317120.0,TQBR
2021-11-16,12350.0,12590.0,11110.0,11790.0,163,1951440.0,TQBR
2021-11-17,11400.0,11900.0,11370.0,11700.0,68,793680.0,TQBR
2021-11-18,11800.0,12320.0,11800.0,12000.0,204,2454990.0,TQBR
2021-11-19,12000.0,12000.0,11620.0,11730.0,42,495240.0,TQBR
2021-11-22,11600.0,11630.0,10820.0,11000.0,177,1965400.0,TQBR
2021-11-23,11300.0,11360.0,10930.0,11270.0,124,1391820.0,TQBR
2021-11-24,11300.0,11370.0,11120.0,11250.0,42,473220.0,TQBR
2021-11-25,11130.0,11280.0,11120.0,11130.0,39,436900.0,TQBR
2021-11-26,11130.0,11130.0,10860.0,10910.0,91,1004390.0,TQBR
2021-11-29,11200.0,11360.0,10860.0,11000.0,130,1438840.0,TQBR
2021-11-30,11000.0,11000.0,10520.0,10990.0,61,653010.0,TQBR
2021-12-01,11150.0,11160.0,10960.0,11090.0,17,188020.0,TQBR
2021-12-02,11180.0,11180.0,10630.0,10830.0,94,1019780.0,TQBR
2021-12-03,10750.0,10850.0,10750.0,10840.0,12,130030.0,TQBR
2021-12-06,11270.0,11280.0,10200.0,10390.0,129,1367090.0,TQBR
2021-12-07,10400.0,10550.0,10060.0,10250.0,40,412240.0,TQBR
2021-12-08,10200.0,10500.0,10180.0,10500.0,34,351640.0,TQBR
2021-12-09,10480.0,10500.0,10370.0,10450.0,7,73160.0,TQBR
2021-12-10,10490.0,10750.0,10280.0,10510.0,41,432710.0,TQBR
2021-12-13,10400.0,10400.0,9870.0,10200.0,181,1817690.0,TQBR
2021-12-14,10440.0,10490.0,10020.0,10250.0,25,256110.0,TQBR
2021-12-15,10310.0,10360.0,10090.0,10360.0,23,235490.0,TQBR
2021-12-16,10390.0,10520.0,10380.0,10450.0,9,94180.0,TQBR
2021-12-17,10510.0,10510.0,10190.0,10290.0,15,155720.0,TQBR
2021-12-20,10500.0,10550.0,10160.0,10160.0,13,134290.0,TQBR
2021-12-21,10170.0,10270.0,9490.0,9860.0,139,1355940.0,TQBR
2021-12-22,9960.0,10130.0,9930.0,10080.0,17,170240.0,TQBR
2021-12-23,10000.0,10110.0,9910.0,9950.0,15,150010.0,TQBR
2021-12-24,10000.0,10010.0,9720.0,9840.0,15,148210.0,TQBR
2021-12-27,9960.0,10500.0,9960.0,10340.0,35,354440.0,TQBR
2021-12-28,10490.0,10520.0,10040.0,10520.0,63,654310.0,TQBR
2021-12-29,10460.0,10650.0,10440.0,10440.0,26,273620.0,TQBR
2021-12-30,10420.0,10420.0,10000.0,10020.0,36,364840.0,TQBR
2022-01-03,10340.0,10490.0,9830.0,10310.0,39,394970.0,TQBR
2022-01-04,10310.0,10530.0,10220.0,10220.0,15,155850.0,TQBR
2022-01-05,10220.0,10220.0,10140.0,10170.0,6,61000.0,TQBR
2022-01-06,10310.0,10400.0,10140.0,10140.0,12,122920.0,TQBR
2022-01-10,10140.0,10250.0,9870.0,10060.0,13,131000.0,TQBR
2022-01-11,10020.0,10020.0,9890.0,10020.0,28,279860.0,TQBR
2022-01-12,10170.0,10390.0,10030.0,10170.0,31,316790.0,TQBR
2022-01-13,10140.0,10160.0,10000.0,10000.0,24,242280.0,TQBR
2022-01-14,10010.0,10230.0,9310.0,9620.0,130,1262730.0,TQBR
2022-01-17,9880.0,10380.0,9880.0,9900.0,60,602240.0,TQBR
2022-01-18,9900.0,10000.0,9320.0,9430.0,58,566070.0,TQBR
2022-01-19,9450.0,9750.0,9440.0,9610.0,42,406060.0,TQBR
2022-01-20,9910.0,9990.0,9610.0,9980.0,32,314990.0,TQBR
2022-01-21,9880.0,9880.0,9610.0,9610.0,27,262520.0,TQBR
2022-01-24,9690.0,9970.0,9320.0,9570.0,42,402060.0,TQBR
2022-01-25,9310.0,10100.0,9310.0,9890.0,40,391270.0,TQBR
2022-01-26,10180.0,10180.0,9700.0,9700.0,17,167000.0,TQBR
2022-01-27,10020.0,10020.0,9500.0,9700.0,33,320280.0,TQBR
2022-01-28,9770.0,9980.0,9770.0,9860.0,13,128390.0,TQBR
2022-01-31,9710.0,9950.0,9710.0,9900.0,14,137570.0,TQBR
2022-02-01,9580.0,9730.0,9500.0,9520.0,128,1219200.0,TQBR
2022-02-02,9930.0,10050.0,9420.0,9600.0,68,655710.0,TQBR
2022-02-03,9590.0,9610.0,9460.0,9460.0,12,114400.0,TQBR
2022-02-04,9880.0,9880.0,9470.0,9570.0,36,344800.0,TQBR
2022-02-07,9520.0,9610.0,9520.0,9600.0,16,153200.0,TQBR
2022-02-08,9510.0,9590.0,9420.0,9420.0,35,333300.0,TQBR
2022-02-09,9780.0,10000.0,9450.0,9600.0,151,1453020.0,TQBR
2022-02-10,9580.0,9620.0,9460.0,9500.0,90,856380.0,TQBR
2022-02-11,9500.0,9530.0,9440.0,9500.0,64,607260.0,TQBR
2022-02-14,9400.0,9480.0,9400.0,9450.0,29,273030.0,TQBR
2022-02-15,9450.0,13220.0,9300.0,13220.0,4047,49382400.0,TQBR
2022-02-16,14540.0,17900.0,13290.0,14350.0,9433,144142350.0,TQBR
2022-02-17,14300.0,15980.0,13730.0,15030.0,4160,63166050.0,TQBR
2022-02-18,15290.0,16050.0,14720.0,15170.0,2022,31160780.0,TQBR
2022-02-21,15480.0,15880.0,13230.0,13990.0,1858,26927950.0,TQBR
2022-02-22,13990.0,14960.0,12500.0,14940.0,1257,17398980.0,TQBR
2022-02-24,13480.0,13500.0,9900.0,11900.0,1501,16586110.0,TQBR
2022-02-25,12300.0,13840.0,12200.0,13570.0,646,8463110.0,TQBR
2022-03-28,12150.0,12400.0,9000.0,11880.0,1569,17591190.0,TQBR
2022-03-29,12010.0,13500.0,11870.0,13330.0,724,9179380.0,TQBR
2022-03-30,13500.0,14100.0,12500.0,12790.0,883,11794140.0,TQBR
2022-03-31,12500.0,13200.0,10070.0,12150.0,1329,15797320.0,TQBR
2022-04-01,12210.0,12210.0,11100.0,11210.0,697,8000410.0,TQBR
2022-04-04,11310.0,11420.0,10500.0,10930.0,698,7554910.0,TQBR
2022-04-05,11670.0,12500.0,10950.0,11120.0,1021,11902470.0,TQBR
2022-04-06,11100.0,11790.0,10500.0,11300.0,298,3331150.0,TQBR
2022-04-07,11620.0,11620.0,10810.0,11140.0,130,1438440.0,TQBR
2022-04-08,10940.0,11100.0,10820.0,11020.0,75,823540.0,TQBR
2022-04-11,11060.0,12000.0,11060.0,11460.0,516,5999290.0,TQBR
2022-04-12,11450.0,11500.0,11120.0,11210.0,106,1190820.0,TQBR
2022-04-13,11270.0,11280.0,11000.0,11140.0,68,754890.0,TQBR
2022-04-14,11150.0,11170.0,10910.0,11060.0,119,1309590.0,TQBR
2022-04-15,10870.0,10900.0,10450.0,10470.0,179,1908170.0,TQBR
2022-04-18,10590.0,11010.0,10420.0,10500.0,199,2123740.0,TQBR
2022-04-19,10530.0,10790.0,10000.0,10110.0,173,1777790.0,TQBR
2022-04-20,10000.0,10490.0,10000.0,10110.0,152,1546970.0,TQBR
2022-04-21,10120.0,10730.0,9900.0,10430.0,225,2304170.0,TQBR
2022-04-22,10130.0,10340.0,9950.0,10120.0,74,744850.0,TQBR
2022-04-25,10020.0,10080.0,9800.0,9900.0,39,386180.0,TQBR
2022-04-26,9940.0,10180.0,9640.0,9760.0,195,1919830.0,TQBR
2022-04-27,9790.0,10320.0,9720.0,10110.0,223,2212380.0,TQBR
2022-04-28,10280.0,10590.0,10050.0,10170.0,98,1010180.0,TQBR
2022-04-29,10550.0,10550.0,10000.0,10050.0,80,809290.0,TQBR
2022-05-04,10180.0,10290.0,9870.0,9950.0,114,1135510.0,TQBR
2022-05-05,9990.0,10040.0,9940.0,10010.0,71,709650.0,TQBR
2022-05-06,9970.0,10130.0,9870.0,9940.0,60,597640.0,TQBR
2022-05-11,10050.0,11500.0,9880.0,10500.0,722,7723130.0,TQBR
2022-05-12,10510.0,10890.0,9950.0,10060.0,280,2867780.0,TQBR
2022-05-13,10080.0,10200.0,9980.0,10020.0,108,1089310.0,TQBR
2022-05-16,10100.0,11100.0,10030.0,10780.0,629,6756100.0,TQBR
2022-05-17,10840.0,12090.0,10840.0,11940.0,882,10259550.0,TQBR
2022-05-18,11950.0,12600.0,11400.0,11800.0,294,3492250.0,TQBR
2022-05-19,11800.0,11840.0,11200.0,11410.0,62,709230.0,TQBR
2022-05-20,11500.0,11680.0,11080.0,11610.0,56,633220.0,TQBR
2022-05-23,11440.0,11470.0,11030.0,11260.0,55,619360.0,TQBR
2022-05-24,11170.0,11170.0,10650.0,10850.0,52,562730.0,TQBR
2022-05-25,10750.0,12490.0,10550.0,11500.0,390,4552630.0,TQBR
2022-05-26,11980.0,12300.0,11300.0,11540.0,164,1904940.0,TQBR
2022-05-27,11610.0,12200.0,11400.0,11660.0,525,6209550.0,TQBR
2022-05-30,11650.0,12100.0,11650.0,11890.0,171,2053420.0,TQBR
2022-05-31,11900.0,12010.0,11600.0,11730.0,138,1641800.0,TQBR
2022-06-01,11910.0,12100.0,11600.0,11990.0,155,1853870.0,TQBR
2022-06-02,12000.0,13100.0,11400.0,12540.0,645,7940840.0,TQBR
2022-06-03,12500.0,13000.0,12010.0,13000.0,225,2826260.0,TQBR
2022-06-06,12980.0,12980.0,11710.0,11850.0,220,2649470.0,TQBR
2022-06-07,11680.0,11800.0,11170.0,11430.0,94,1072880.0,TQBR
2022-06-08,11590.0,12200.0,11390.0,11600.0,187,2199140.0,TQBR
2022-06-09,11600.0,11730.0,11410.0,11530.0,43,497240.0,TQBR
2022-06-10,11680.0,11800.0,11510.0,11510.0,41,474990.0,TQBR
2022-06-14,11540.0,11540.0,11040.0,11170.0,123,1382210.0,TQBR
2022-06-15,11120.0,11440.0,11050.0,11140.0,79,886060.0,TQBR
2022-06-16,11250.0,11580.0,11170.0,11370.0,135,1531060.0,TQBR
2022-06-17,11390.0,11390.0,11250.0,11320.0,50,565060.0,TQBR
2022-06-20,11310.0,11370.0,11200.0,11210.0,103,1161000.0,TQBR
2022-06-21,11230.0,11980.0,11230.0,11670.0,344,4013270.0,TQBR
2022-06-22,11870.0,11870.0,11210.0,11390.0,146,1660000.0,TQBR
2022-06-23,11390.0,11390.0,11200.0,11250.0,119,1341680.0,TQBR
2022-06-24,11320.0,11320.0,11130.0,11220.0,43,483340.0,TQBR
2022-06-27,11130.0,11390.0,11110.0,11270.0,43,483790.0,TQBR
2022-06-28,11260.0,11360.0,11130.0,11360.0,73,821210.0,TQBR
2022-06-29,11330.0,11360.0,11050.0,11170.0,96,1076120.0,TQBR
2022-06-30,11050.0,11090.0,10900.0,11010.0,72,789670.0,TQBR
2022-07-01,10810.0,10960.0,10210.0,10560.0,645,6785740.0,TQBR
2022-07-04,10070.0,10410.0,10070.0,10270.0,81,836860.0,TQBR
2022-07-05,10360.0,10470.0,10120.0,10300.0,118,1210260.0,TQBR
2022-07-06,10390.0,10600.0,10220.0,10480.0,74,771110.0,TQBR
2022-07-07,10350.0,10350.0,10190.0,10290.0,95,975000.0,TQBR
2022-07-08,10300.0,10450.0,10300.0,10440.0,28,290330.0,TQBR
2022-07-11,10440.0,10500.0,10300.0,10320.0,31,321380.0,TQBR
2022-07-12,10270.0,10270.0,10190.0,10240.0,76,776000.0,TQBR
2022-07-13,10210.0,10310.0,9840.0,9850.0,85,849850.0,TQBR
2022-07-14,9980.0,10130.0,9970.0,10000.0,27,270270.0,TQBR
2022-07-15,10000.0,10100.0,9750.0,9850.0,90,885550.0,TQBR
2022-07-18,9990.0,9990.0,9760.0,9920.0,45,442490.0,TQBR
2022-07-19,9900.0,9900.0,9500.0,9710.0,71,690880.0,TQBR
2022-07-20,9720.0,9890.0,9690.0,9890.0,40,390050.0,TQBR
2022-07-21,9710.0,9710.0,9400.0,9450.0,86,819790.0,TQBR
2022-07-22,9460.0,9600.0,9410.0,9550.0,33,313960.0,TQBR
2022-07-25,9550.0,9660.0,9540.0,9630.0,41,394060.0,TQBR
2022-07-26,9630.0,9780.0,9510.0,9740.0,42,405790.0,TQBR
2022-07-27,9700.0,9940.0,9700.0,9760.0,36,355450.0,TQBR
2022-07-28,10540.0,11140.0,10350.0,11120.0,837,8941430.0,TQBR
2022-07-29,11110.0,11380.0,10490.0,10630.0,201,2180150.0,TQBR
2022-08-01,10680.0,10810.0,10300.0,10450.0,119,1247720.0,TQBR
2022-08-02,10360.0,10690.0,10120.0,10200.0,35,362540.0,TQBR
2022-08-03,10530.0,10620.0,10350.0,10420.0,43,449110.0,TQBR
2022-08-04,10220.0,10420.0,10130.0,10190.0,30,307690.0,TQBR
2022-08-05,10370.0,11100.0,10240.0,10570.0,264,2820430.0,TQBR
2022-08-08,11050.0,11070.0,10590.0,10690.0,80,867870.0,TQBR
2022-08-09,10820.0,11080.0,10400.0,10470.0,125,1342760.0,TQBR
2022-08-10,10410.0,10580.0,10250.0,10360.0,73,763090.0,TQBR
2022-08-11,10250.0,10630.0,9970.0,10170.0,143,1464090.0,TQBR
2022-08-12,10160.0,10450.0,9980.0,10160.0,173,1749750.0,TQBR
2022-08-15,10090.0,10360.0,9760.0,10160.0,290,2941730.0,TQBR
2022-08-16,10080.0,10190.0,9970.0,10040.0,318,3205390.0,TQBR
2022-08-17,10050.0,10150.0,9960.0,10070.0,172,1733450.0,TQBR
2022-08-18,10070.0,10150.0,9950.0,10030.0,97,973740.0,TQBR
2022-08-19,10000.0,10000.0,9700.0,9870.0,234,2297290.0,TQBR
2022-08-22,9990.0,10000.0,9790.0,9900.0,137,1358950.0,TQBR
2022-08-23,9810.0,9980.0,9750.0,9900.0,316,3109140.0,TQBR
2022-08-24,9910.0,9980.0,9700.0,9860.0,307,3005700.0,TQBR
2022-08-25,9800.0,9820.0,9600.0,9710.0,557,5407800.0,TQBR
2022-08-26,9710.0,9850.0,9640.0,9750.0,96,932900.0,TQBR
2022-08-29,9740.0,10180.0,9300.0,9530.0,1333,12766200.0,TQBR
2022-08-30,9550.0,9660.0,9350.0,9420.0,938,8859480.0,TQBR
2022-08-31,9390.0,9480.0,9300.0,9460.0,606,5696030.0,TQBR
2022-09-01,9400.0,9460.0,9370.0,9450.0,137,1291940.0,TQBR
2022-09-02,9450.0,9600.0,9400.0,9580.0,170,1616550.0,TQBR
2022-09-05,9600.0,9700.0,9470.0,9480.0,255,2442420.0,TQBR
2022-09-06,9590.0,9980.0,9510.0,9640.0,428,4132580.0,TQBR
2022-09-07,9640.0,9640.0,9310.0,9470.0,311,2945980.0,TQBR
2022-09-08,9470.0,9590.0,9450.0,9500.0,149,1416380.0,TQBR
2022-09-09,9540.0,9630.0,9500.0,9630.0,159,1520320.0,TQBR
2022-09-12,9540.0,9660.0,9540.0,9630.0,86,827100.0,TQBR
2022-09-13,9630.0,9660.0,9560.0,9570.0,84,807610.0,TQBR
2022-09-14,9560.0,10150.0,9530.0,9860.0,900,8905310.0,TQBR
2022-09-15,10040.0,10070.0,9530.0,9660.0,418,4048500.0,TQBR
2022-09-16,9620.0,9980.0,9610.0,9820.0,179,1744950.0,TQBR
2022-09-19,9700.0,9700.0,9560.0,9610.0,82,790080.0,TQBR
2022-09-20,9630.0,9630.0,9310.0,9310.0,552,5213570.0,TQBR
2022-09-21,9310.0,9450.0,8800.0,8970.0,338,3040060.0,TQBR
2022-09-22,8810.0,9380.0,8800.0,9070.0,95,862820.0,TQBR
2022-09-23,9070.0,9070.0,8210.0,8330.0,240,2063610.0,TQBR
2022-09-26,8270.0,8320.0,6700.0,7600.0,287,2121460.0,TQBR
2022-09-27,7200.0,7880.0,7000.0,7340.0,106,777630.0,TQBR
2022-09-28,7600.0,7620.0,7200.0,7200.0,42,312900.0,TQBR
2022-09-29,7200.0,7530.0,6850.0,7030.0,197,1405560.0,TQBR
2022-09-30,6930.0,7100.0,6500.0,7020.0,77,532830.0,TQBR
2022-10-03,7000.0,7540.0,7000.0,7540.0,222,1643040.0,TQBR
2022-10-04,7410.0,7980.0,7410.0,7680.0,124,948460.0,TQBR
2022-10-05,7670.0,7680.0,7420.0,7470.0,61,459850.0,TQBR
2022-10-06,7580.0,7670.0,7410.0,7410.0,24,180900.0,TQBR
2022-10-07,7740.0,8540.0,7480.0,7550.0,279,2202980.0,TQBR
2022-10-10,7460.0,7800.0,7160.0,7770.0,46,347970.0,TQBR
2022-10-11,7640.0,7700.0,7520.0,7640.0,50,381600.0,TQBR
2022-10-12,7670.0,7950.0,7500.0,7820.0,87,669820.0,TQBR
2022-10-13,7870.0,8530.0,7810.0,7950.0,165,1351190.0,TQBR
2022-10-14,7950.0,8220.0,7850.0,8000.0,69,553600.0,TQBR
2022-10-17,7910.0,8500.0,7910.0,8300.0,60,496800.0,TQBR
2022-10-18,8270.0,8270.0,7500.0,7760.0,1025,8004470.0,TQBR
2022-10-19,7760.0,7760.0,7080.0,7340.0,995,7316590.0,TQBR
2022-10-20,7300.0,7370.0,7170.0,7190.0,508,3685400.0,TQBR
2022-10-21,7270.0,7320.0,7160.0,7220.0,179,1295200.0,TQBR
2022-10-24,7150.0,7410.0,7150.0,7160.0,299,2145040.0,TQBR
2022-10-25,7160.0,7500.0,7150.0,7250.0,901,6589610.0,TQBR
2022-10-26,7250.0,7300.0,7090.0,7220.0,285,2054350.0,TQBR
2022-10-27,7230.0,7380.0,7230.0,7300.0,197,1444640.0,TQBR
2022-10-28,7330.0,7430.0,7230.0,7350.0,215,1569090.0,TQBR
2022-10-31,7340.0,7390.0,7240.0,7370.0,73,534530.0,TQBR
2022-11-01,7370.0,7450.0,7270.0,7380.0,278,2052580.0,TQBR
2022-11-02,7390.0,7430.0,7290.0,7370.0,145,1062200.0,TQBR
2022-11-03,7280.0,7370.0,7250.0,7260.0,206,1502090.0,TQBR
2022-11-07,7310.0,7440.0,7240.0,7440.0,186,1363470.0,TQBR
