date,open,high,low,close,volume,value,board
2008-05-23,0.224,0.224,0.1997,0.1997,200,42.37,EQNE
2008-05-26,0.224,0.224,0.169,0.1794,435100,75700.24,EQNE
2008-05-27,0.195,0.195,0.15,0.17,6447800,1083322.79,EQNE
2008-05-28,0.175,0.175,0.1699,0.172,426500,73946.07,EQNE
2008-05-29,0.1747,0.1747,0.1697,0.17,2405500,410241.31,EQNE
2008-05-30,0.1747,0.1987,0.168,0.1787,82800,15297.52,EQNE
2008-06-02,0.205,0.205,0.1607,0.17,60500,10046.38,EQNE
2008-06-03,0.1699,0.1749,0.1612,0.1675,613400,102874.71,EQNE
2008-06-04,0.1777,0.1777,0.1569,0.1695,515200,83826.48,EQNE
2008-06-05,0.166,0.1696,0.164,0.1689,7343000,1212904.83,EQNE
2008-06-06,0.1715,0.184,0.1652,0.1789,3088100,539078.94,EQNE
2008-06-07,0.1652,0.1725,0.1652,0.1724,42200,6976.27,EQNE
2008-06-09,0.1749,0.1749,0.164,0.1728,1161700,195098.0,EQNE
2008-06-10,0.1658,0.17,0.1658,0.17,401500,68250.75,EQNE
2008-06-11,0.17,0.1759,0.16,0.1751,3965600,664926.65,EQNE
2008-06-16,0.17,0.1732,0.168,0.1732,383300,65335.0,EQNE
2008-06-17,0.1719,0.1783,0.17,0.178,3809100,663426.8,EQNE
2008-06-18,0.1794,0.1799,0.17,0.1725,883200,157209.57,EQNE
2008-06-19,0.17,0.18,0.161,0.1798,11187100,1951460.12,EQNE
2008-06-20,0.18,0.18,0.17,0.1739,749300,127825.73,EQNE
2008-06-23,0.1735,0.175,0.1703,0.174,3232400,561949.97,EQNE
2008-06-24,0.174,0.175,0.17,0.1729,808100,138468.88,EQNE
2008-06-25,0.1701,0.1729,0.17,0.1701,6109500,1046281.21,EQNE
2008-06-26,0.17,0.1711,0.17,0.17,9735900,1655142.51,EQNE
2008-06-27,0.17,0.1725,0.1601,0.1721,4497300,761255.24,EQNE
2008-06-30,0.1735,0.1735,0.1602,0.166,5027700,842797.08,EQNE
2008-07-01,0.1699,0.1699,0.16,0.1628,2141400,351077.35,EQNE
2008-07-02,0.158,0.165,0.1552,0.165,443500,71994.6,EQNE
2008-07-03,0.163,0.17,0.156,0.16,6990900,1135552.3,EQNE
2008-07-04,0.1601,0.165,0.1551,0.1599,1229900,195300.43,EQNE
2008-07-07,0.1599,0.169,0.1599,0.16,437300,71539.04,EQNE
2008-07-08,0.16,0.16,0.155,0.1594,1341300,208514.23,EQNE
2008-07-09,0.154,0.16,0.1501,0.16,1559600,246421.23,EQNE
2008-07-10,0.16,0.16,0.1546,0.1599,1407300,222920.9,EQNE
2008-07-11,0.1599,0.1599,0.152,0.156,172800,27139.63,EQNE
2008-07-14,0.1598,0.1599,0.1588,0.1588,90000,14368.02,EQNE
2008-07-15,0.1579,0.158,0.152,0.1577,3412600,535288.55,EQNE
2008-07-16,0.15,0.154,0.1476,0.152,10060400,1490613.47,EQNE
2008-07-17,0.1521,0.153,0.145,0.15,1712700,252921.93,EQNE
2008-07-18,0.1452,0.1543,0.1427,0.144,2260200,328548.66,EQNE
2008-07-21,0.145,0.15,0.14,0.146,2566300,365632.65,EQNE
2008-07-22,0.1411,0.1449,0.139,0.1435,8661500,1212552.55,EQNE
2008-07-23,0.14,0.145,0.14,0.1411,7671800,1082416.42,EQNE
2008-07-24,0.1401,0.1434,0.14,0.1434,1084000,151760.74,EQNE
2008-07-25,0.1398,0.1429,0.135,0.1429,7495400,1048763.52,EQNE
2008-07-28,0.1362,0.1439,0.1362,0.1439,1000,136.97,EQNE
2008-07-29,0.1302,0.1425,0.1301,0.137,52300,6875.8,EQNE
2008-07-30,0.1385,0.144,0.1302,0.144,3834800,501969.26,EQNE
2008-07-31,0.145,0.145,0.142,0.142,1100,156.5,EQNE
2008-08-01,0.1211,0.1211,0.1211,0.1211,5,0.61,SMAL
2008-08-04,0.1342,0.1439,0.1333,0.1418,6021500,847433.95,EQNE
2008-08-05,0.1444,0.1444,0.1341,0.1377,151700,20675.71,EQNE
2008-08-06,0.1338,0.1387,0.1303,0.1359,2462000,326504.66,EQNE
2008-08-07,0.1788,0.1788,0.1314,0.1325,433000,57053.44,EQNE
2008-08-08,0.1354,0.1355,0.1201,0.122,2927100,365094.23,EQNE
2008-08-11,0.1293,0.1293,0.1163,0.12,538500,64284.7,EQNE
2008-08-12,0.1248,0.1248,0.1134,0.1229,537300,65157.34,EQNE
2008-08-13,0.1184,0.12,0.118,0.12,45700,5479.35,EQNE
2008-08-14,0.1229,0.125,0.119,0.125,2073000,249703.11,EQNE
2008-08-15,0.1679,0.1679,0.121,0.13,3400,479.34,EQNE
2008-08-18,0.165,0.165,0.1151,0.135,23500,2765.23,EQNE
2008-08-19,0.12,0.1269,0.12,0.1225,901000,108233.76,EQNE
2008-08-20,0.1223,0.1225,0.119,0.1224,673900,81288.48,EQNE
2008-08-21,0.123,0.123,0.1199,0.122,231000,28171.49,EQNE
2008-08-22,0.1225,0.1225,0.11,0.1219,1180200,132714.31,EQNE
2008-08-25,0.1121,0.1207,0.11,0.1187,1204400,134801.97,EQNE
2008-08-26,0.1219,0.1219,0.0811,0.1169,223700,22304.43,EQNE
2008-08-27,0.1001,0.1174,0.1001,0.112,7640400,817932.32,EQNE
2008-08-28,0.105,0.1148,0.105,0.1125,1033600,114238.94,EQNE
2008-08-29,0.1174,0.1227,0.113,0.122,3427900,416743.43,EQNE
2008-09-01,0.1219,0.127,0.1219,0.123,1813900,224307.43,EQNE
2008-09-02,0.1279,0.1279,0.1225,0.1225,107900,13221.57,EQNE
2008-09-03,0.126,0.1268,0.122,0.125,5602800,700226.18,EQNE
2008-09-04,0.1274,0.1274,0.1232,0.1232,3010100,376020.79,EQNE
2008-09-05,0.122,0.1239,0.1102,0.1199,1937800,224307.29,EQNE
2008-09-09,0.1103,0.125,0.11,0.11,5999900,692924.82,EQNE
2008-09-10,0.11,0.11,0.09,0.1002,16596000,1673648.33,EQNE
2008-09-11,0.101,0.1049,0.0925,0.1,966400,95884.62,EQNE
2008-09-12,0.1018,0.1018,0.086,0.0998,22600,2055.74,EQNE
2008-09-15,0.1095,0.1095,0.08,0.08,9920000,835770.24,EQNE
2008-09-16,0.0802,0.089,0.06,0.06,4022200,248982.59,EQNE
2008-09-17,0.0709,0.0709,0.0548,0.0548,1178500,64628.96,EQNE
2008-09-19,0.0767,0.0865,0.071,0.0799,408000,30194.28,EQNE
2008-09-22,0.0831,0.0831,0.075,0.08,2067700,165127.02,EQNE
2008-09-23,0.0703,0.079,0.0703,0.0721,852500,60897.82,EQNE
2008-09-24,0.0701,0.0709,0.063,0.0632,13994000,940305.07,EQNE
2008-09-25,0.0633,0.066,0.06,0.065,41175700,2666060.13,EQNE
2008-09-26,0.0623,0.0637,0.058,0.0618,18098800,1099542.81,EQNE
2008-09-29,0.0613,0.0613,0.0499,0.0528,25590200,1367897.14,EQNE
2008-09-30,0.0613,0.0613,0.0511,0.0591,91014600,5008810.98,EQNE
2008-10-01,0.0535,0.06,0.0535,0.058,36078900,2027471.0,EQNE
2008-10-02,0.0576,0.0576,0.053,0.0565,11709400,660804.9,EQNE
2008-10-03,0.0554,0.0564,0.0511,0.0511,10452200,559351.5,EQNE
2008-10-06,0.0515,0.0515,0.038,0.038,5053800,246203.82,EQNE
2008-10-07,0.0408,0.0532,0.0408,0.048,15717900,732896.39,EQNE
2008-10-09,0.0479,0.05,0.032,0.042,13491700,520148.69,EQNE
2008-10-13,0.042,0.045,0.04,0.045,20750500,881880.34,EQNE
2008-10-14,0.045,0.0471,0.0438,0.045,31694200,1441136.38,EQNE
2008-10-15,0.0429,0.0429,0.0352,0.0397,30202800,1194824.18,EQNE
2008-10-16,0.034,0.0399,0.03,0.0339,16295300,563572.36,EQNE
2008-10-17,0.035,0.035,0.03,0.0319,16131700,508172.26,EQNE
2008-10-20,0.0272,0.0319,0.0272,0.031,2104200,65915.57,EQNE
2008-10-21,0.03,0.0325,0.03,0.0318,144800,4579.68,EQNE
2008-10-22,0.0311,0.0349,0.025,0.0323,116400,3671.04,EQNE
2008-10-23,0.03,0.0346,0.0284,0.0284,9636500,298111.9,EQNE
2008-10-24,0.0299,0.0299,0.025,0.0251,2052100,58721.46,EQNE
2008-10-28,0.0221,0.029,0.0201,0.021,69087000,1446965.75,EQNE
2008-10-29,0.024,0.024,0.0207,0.0227,25152900,534944.6,EQNE
2008-10-30,0.0242,0.0242,0.0211,0.0239,14483900,322489.37,EQNE
2008-10-31,0.0219,0.0322,0.0215,0.032,87409000,2529830.31,EQNE
2008-11-01,0.0309,0.032,0.0301,0.031,9072900,282723.75,EQNE
2008-11-05,0.0322,0.043,0.0316,0.043,57562400,2276949.28,EQNE
2008-11-06,0.0356,0.0494,0.0324,0.043,182079300,8136319.61,EQNE
2008-11-07,0.0497,0.0497,0.041,0.0431,10911500,460922.85,EQNE
2008-11-10,0.0451,0.0452,0.041,0.0413,6223800,268681.86,EQNE
2008-11-11,0.0326,0.0468,0.0326,0.0403,218466900,8330466.6,EQNE
2008-11-13,0.0424,0.0424,0.0368,0.0417,163938700,6062279.26,EQNE
2008-11-14,0.04,0.0409,0.0397,0.0406,3214500,128551.76,EQNE
2008-11-17,0.04,0.0407,0.0375,0.0407,4319500,167810.31,EQNE
2008-11-18,0.0382,0.0382,0.0351,0.0375,10502500,385010.33,EQNE
2008-11-19,0.0365,0.0365,0.034,0.034,206912600,7045862.23,EQNE
2008-11-20,0.033,0.0377,0.033,0.0345,104505900,3550739.39,EQNE
2008-11-21,0.0376,0.0378,0.034,0.034,3012700,102446.37,EQNE
2008-11-24,0.0345,0.0397,0.0345,0.0395,71990800,2654463.99,EQNE
2008-11-25,0.0371,0.0425,0.037,0.041,311531200,12480894.14,EQNE
2008-11-26,0.04,0.0461,0.0388,0.04,12504900,520728.36,EQNE
2008-11-27,0.0392,0.0442,0.0392,0.0441,5437300,233270.88,EQNE
2008-11-28,0.0422,0.0492,0.0408,0.047,438858400,20170890.6,EQNE
2008-12-01,0.0458,0.0458,0.0445,0.045,2708500,121880.55,EQNE
2008-12-02,0.0428,0.0516,0.042,0.0516,4554300,204686.47,EQNE
2008-12-03,0.055,0.0615,0.0455,0.0595,16371900,910994.27,EQNE
2008-12-04,0.0595,0.0657,0.0595,0.0614,11161000,697826.47,EQNE
2008-12-05,0.0604,0.0666,0.047,0.062,12574300,751403.23,EQNE
2008-12-08,0.0665,0.0675,0.0552,0.0614,148718100,9632829.05,EQNE
2008-12-09,0.0659,0.0659,0.0562,0.0589,10491500,613167.16,EQNE
2008-12-10,0.0571,0.0583,0.0569,0.0583,5366500,305879.72,EQNE
2008-12-11,0.0583,0.0583,0.057,0.0576,5457800,312848.83,EQNE
2008-12-12,0.0567,0.0567,0.0545,0.0559,9749400,540529.23,EQNE
2008-12-15,0.056,0.056,0.054,0.054,9880800,533999.83,EQNE
2008-12-16,0.0579,0.0579,0.0501,0.0501,3819800,203781.52,EQNE
2008-12-17,0.0535,0.0545,0.05,0.051,72458300,3922191.74,EQNE
2008-12-18,0.0566,0.0567,0.0531,0.055,25209200,1379452.37,EQNE
2008-12-19,0.055,0.06,0.055,0.06,97223400,5764624.54,EQNE
2008-12-22,0.0615,0.0618,0.055,0.055,10181400,606528.74,EQNE
2008-12-23,0.0595,0.067,0.0521,0.0615,13157900,776833.28,EQNE
2008-12-24,0.0646,0.0646,0.0579,0.0595,5053500,293052.74,EQNE
2008-12-26,0.0581,0.0581,0.058,0.058,2900000,168200.07,EQNE
2008-12-29,0.0597,0.0624,0.058,0.062,7880200,480762.6,EQNE
2008-12-30,0.062,0.0674,0.062,0.0672,16596800,1046471.72,EQNE
2008-12-31,0.0674,0.069,0.067,0.067,4490700,301473.84,EQNE
2009-01-11,0.0666,0.0675,0.0666,0.0674,178600,11903.02,EQNE
2009-01-12,0.069,0.069,0.0665,0.0682,129100,8606.59,EQNE
2009-01-13,0.0666,0.0855,0.0666,0.073,8072400,613557.66,EQNE
2009-01-14,0.0755,0.0755,0.0723,0.0723,10052600,740940.02,EQNE
2009-01-15,0.0738,0.0738,0.0705,0.0725,1028600,72551.13,EQNE
2009-01-16,0.0702,0.08,0.0701,0.0702,10978500,838568.13,EQNE
2009-01-19,0.0702,0.0832,0.0679,0.075,22367300,1556983.19,EQNE
2009-01-20,0.071,0.0731,0.0691,0.07,7922200,554328.5,EQNE
2009-01-21,0.07,0.0717,0.0699,0.07,9862500,690389.17,EQNE
2009-01-22,0.076,0.076,0.07,0.07,29800,2089.94,EQNE
2009-01-23,0.075,0.075,0.0625,0.0697,38806800,2693971.67,EQNE
2009-01-26,0.07,0.07,0.069,0.07,17237800,1206138.64,EQNE
2009-01-27,0.079,0.079,0.068,0.07,36271700,2540121.98,EQNE
2009-01-28,0.069,0.0705,0.0659,0.0705,27445600,1858310.41,EQNE
2009-01-29,0.0705,0.073,0.0685,0.0707,16761500,1165832.88,EQNE
2009-01-30,0.0681,0.076,0.0675,0.073,33990700,2410352.25,EQNE
2009-02-02,0.0685,0.0733,0.0659,0.07,13059300,903747.78,EQNE
2009-02-03,0.0699,0.0722,0.068,0.0722,3100,215.97,EQNE
2009-02-04,0.0701,0.0717,0.07,0.0708,4057200,284008.04,EQNE
2009-02-05,0.0701,0.0701,0.07,0.07,45960100,3217207.69,EQNE
2009-02-06,0.0682,0.0815,0.0682,0.0815,9500800,669440.67,EQNE
2009-02-09,0.076,0.0833,0.0692,0.083,16552400,1298033.41,EQNE
2009-02-10,0.082,0.094,0.0803,0.083,10493900,895944.46,EQNE
2009-02-11,0.0805,0.098,0.0803,0.0904,13602500,1222350.13,EQNE
2009-02-12,0.0914,0.0941,0.0891,0.093,17645700,1627377.57,EQNE
2009-02-13,0.0971,0.1,0.097,0.1,11593400,1128093.37,EQNE
2009-02-16,0.11,0.11,0.0999,0.1099,11338700,1156753.61,EQNE
2009-02-17,0.1195,0.1195,0.0903,0.0921,17734800,1732078.1,EQNE
2009-02-18,0.097,0.1031,0.091,0.0999,55136900,5354292.79,EQNE
2009-02-19,0.105,0.105,0.085,0.098,8167100,811250.5,EQNE
2009-02-20,0.0971,0.0999,0.0892,0.093,69926400,6522917.75,EQNE
2009-02-24,0.0943,0.097,0.0903,0.0903,4285600,398667.45,EQNE
2009-02-25,0.092,0.0955,0.0875,0.088,105704100,9407351.51,EQNE
2009-02-26,0.09,0.09,0.088,0.088,6100,537.0,EQNE
2009-02-27,0.0874,0.0918,0.0854,0.088,675300,59321.74,EQNE
2009-03-02,0.099,0.099,0.089,0.09,5025000,447292.82,EQNE
2009-03-03,0.089,0.09,0.0874,0.0899,11785400,1037440.47,EQNE
2009-03-04,0.0876,0.0913,0.0875,0.0887,7218100,634672.85,EQNE
2009-03-05,0.0945,0.0945,0.085,0.0898,27342200,2356794.89,EQNE
2009-03-06,0.0893,0.095,0.0889,0.0949,13073700,1207375.32,EQNE
2009-03-10,0.0955,0.1316,0.0933,0.0966,125011000,14404827.22,EQNE
2009-03-11,0.0901,0.0973,0.09,0.0918,11917900,1126221.51,EQNE
2009-03-12,0.0854,0.088,0.0854,0.0856,9822800,858830.74,EQNE
2009-03-13,0.0853,0.0875,0.085,0.0855,8690000,743245.77,EQNE
2009-03-16,0.0853,0.0854,0.085,0.0854,204000,17343.3,EQNE
2009-03-17,0.0842,0.0842,0.06,0.0814,3600700,279854.35,EQNE
2009-03-18,0.0792,0.088,0.0792,0.0865,36200900,3030901.73,EQNE
2009-03-19,0.082,0.085,0.082,0.083,5395200,448063.7,EQNE
2009-03-20,0.0801,0.0849,0.0801,0.0843,6568700,552804.63,EQNE
2009-03-23,0.0827,0.0845,0.082,0.0845,6870000,565812.98,EQNE
2009-03-24,0.0826,0.0827,0.082,0.0827,4112900,339919.21,EQNE
2009-03-25,0.0826,0.0849,0.0805,0.0805,4503300,371372.59,EQNE
2009-03-26,0.0826,0.0826,0.079,0.079,2680000,216719.01,EQNE
2009-03-27,0.0809,0.081,0.0788,0.0788,124200,9811.1,EQNE
2009-03-30,0.0771,0.0771,0.0751,0.0757,3226700,244704.1,EQNE
2009-03-31,0.0714,0.0762,0.0714,0.0742,7305300,544472.38,EQNE
2009-04-01,0.075,0.075,0.0741,0.0742,4271800,318464.85,EQNE
2009-04-02,0.0742,0.0787,0.0732,0.077,11725000,895366.51,EQNE
2009-04-03,0.077,0.0781,0.075,0.075,1494600,114471.57,EQNE
2009-04-06,0.075,0.0794,0.075,0.0784,13753800,1075889.39,EQNE
2009-04-07,0.0745,0.0772,0.0744,0.075,3192600,239600.22,EQNE
2009-04-08,0.0751,0.0753,0.0741,0.0751,534400,40119.7,EQNE
2009-04-09,0.0771,0.08,0.0742,0.075,65289800,4916574.61,EQNE
2009-04-10,0.0765,0.078,0.076,0.0769,8804600,677784.06,EQNE
2009-04-13,0.077,0.0806,0.077,0.078,10802800,853394.96,EQNE
2009-04-14,0.0781,0.0829,0.075,0.0792,33289200,2581041.22,EQNE
2009-04-15,0.0799,0.0799,0.0728,0.0755,17884700,1360106.33,EQNE
2009-04-16,0.0741,0.0766,0.0729,0.0764,87909900,6581367.26,EQNE
2009-04-17,0.0779,0.0824,0.0751,0.0756,11089600,866853.38,EQNE
2009-04-20,0.075,0.076,0.072,0.0734,18159100,1323676.76,EQNE
2009-04-21,0.0738,0.0739,0.068,0.0701,14154800,989501.78,EQNE
2009-04-22,0.0707,0.0721,0.0615,0.0692,3816400,252427.34,EQNE
2009-04-23,0.071,0.071,0.0675,0.0688,2453800,167194.7,EQNE
2009-04-24,0.0695,0.0764,0.067,0.0679,1477600,99738.84,EQNE
2009-04-27,0.0674,0.068,0.0655,0.068,26897000,1792961.32,EQNE
2009-04-28,0.067,0.0683,0.0652,0.0653,38570100,2572988.21,EQNE
2009-04-29,0.0688,0.0688,0.067,0.0684,696000,46985.07,EQNE
2009-04-30,0.069,0.0698,0.0678,0.0681,2884700,198935.0,EQNE
2009-05-04,0.0671,0.0729,0.0671,0.0707,13239100,940924.43,EQNE
2009-05-05,0.073,0.078,0.0701,0.071,9503400,677386.63,EQNE
2009-05-06,0.0709,0.0718,0.0683,0.0715,50551900,3565464.23,EQNE
2009-05-07,0.073,0.0743,0.0701,0.072,107152200,7727566.82,EQNE
2009-05-08,0.0725,0.073,0.0649,0.0679,111055400,7938857.48,EQNE
2009-05-12,0.0706,0.0706,0.068,0.0687,8898700,615206.74,EQNE
2009-05-13,0.0716,0.0718,0.068,0.0681,11878200,822827.04,EQNE
2009-05-14,0.0681,0.0698,0.0652,0.0698,7901000,529849.59,EQNE
2009-05-15,0.073,0.077,0.0677,0.072,12270100,870077.12,EQNE
2009-05-18,0.0683,0.0767,0.0683,0.0765,41409000,3113276.53,EQNE
2009-05-19,0.077,0.081,0.077,0.0799,19537800,1568729.98,EQNE
2009-05-20,0.079,0.086,0.0781,0.085,46510200,3899499.62,EQNE
2009-05-21,0.087,0.0894,0.0816,0.0819,12064600,1037729.73,EQNE
2009-05-22,0.083,0.086,0.082,0.086,25784200,2168564.08,EQNE
2009-05-25,0.0835,0.09,0.0835,0.0885,67053700,5900673.91,EQNE
2009-05-26,0.0917,0.0929,0.0819,0.084,18018200,1572567.2,EQNE
2009-05-27,0.0875,0.0888,0.0861,0.0861,7896200,693131.68,EQNE
2009-05-28,0.0881,0.089,0.0848,0.0849,79396400,6862210.66,EQNE
2009-05-29,0.0839,0.0853,0.0621,0.083,75617500,6338044.66,EQNE
2009-06-01,0.0834,0.0925,0.082,0.092,35600600,3181977.62,EQNE
2009-06-02,0.09,0.102,0.09,0.097,335344300,32449778.68,EQNE
2009-06-03,0.097,0.098,0.095,0.0959,299662300,29114909.33,EQNE
2009-06-04,0.096,0.0977,0.095,0.095,9815800,935983.63,EQNE
2009-06-05,0.093,0.102,0.093,0.1,28363500,2816482.86,EQNE
2009-06-08,0.095,0.103,0.095,0.1012,19546400,1980253.27,EQNE
2009-06-09,0.103,0.103,0.0939,0.1029,92060300,9186178.6,EQNE
2009-06-10,0.1001,0.108,0.1001,0.1077,43356100,4545633.89,EQNE
2009-06-11,0.103,0.113,0.1012,0.11,63914300,6924105.0,EQNE
2009-06-15,0.11,0.123,0.11,0.115,69617900,7953011.39,EQNE
2009-06-16,0.115,0.123,0.114,0.118,169512900,19798103.22,EQNE
2009-06-17,0.1297,0.14,0.114,0.13,779698200,99520336.46,EQNE
2009-06-18,0.125,0.125,0.103,0.105,122157800,13311682.7,EQNE
2009-06-19,0.1103,0.1103,0.1054,0.1065,30405700,3244142.34,EQNE
2009-06-22,0.1055,0.1055,0.0901,0.0968,10370600,1026564.06,EQNE
2009-06-23,0.0801,0.1065,0.08,0.0871,81569100,8011204.07,EQNE
2009-06-24,0.0966,0.0987,0.0889,0.0952,11372900,1044277.25,EQNE
2009-06-25,0.102,0.102,0.0801,0.0987,77244000,6954439.85,EQNE
2009-06-26,0.121,0.121,0.0937,0.0937,6294600,601632.56,EQNE
2009-06-29,0.099,0.0996,0.0889,0.0909,3234400,297437.53,EQNL
2009-06-30,0.0999,0.1025,0.086,0.086,9661600,874584.63,EQNL
2009-07-01,0.0856,0.0895,0.071,0.0862,28249000,2349327.3,EQNL
2009-07-02,0.0872,0.0872,0.0816,0.0853,5933200,509689.31,EQNL
2009-07-03,0.0848,0.0864,0.084,0.084,590700,49799.38,EQNL
2009-07-06,0.0865,0.0865,0.0831,0.0831,3274600,278694.06,EQNL
2009-07-07,0.0865,0.0865,0.0834,0.0834,3010700,251443.99,EQNL
2009-07-08,0.0859,0.0859,0.0781,0.0785,6856700,574197.46,EQNL
2009-07-09,0.0834,0.0845,0.0793,0.084,6520600,546534.72,EQNL
2009-07-10,0.085,0.0859,0.0797,0.0814,2950500,243008.92,EQNL
2009-07-13,0.0812,0.0825,0.0781,0.0825,6275300,500084.27,EQNL
2009-07-14,0.084,0.0868,0.0817,0.0817,11139400,935632.8,EQNL
2009-07-15,0.081,0.082,0.078,0.0819,6483100,519333.57,EQNL
2009-07-16,0.0782,0.0838,0.0752,0.0817,10743700,864964.1,EQNL
2009-07-17,0.0767,0.0793,0.0767,0.079,1727800,135117.36,EQNL
2009-07-20,0.0763,0.0825,0.0762,0.0812,18277300,1451968.16,EQNL
2009-07-21,0.0941,0.0941,0.079,0.0809,4297400,344869.55,EQNL
2009-07-22,0.0816,0.0816,0.0776,0.0785,12118700,952597.24,EQNL
2009-07-23,0.0793,0.0818,0.0776,0.079,18238500,1441845.39,EQNL
2009-07-24,0.079,0.085,0.0751,0.0789,56425900,4359003.09,EQNL
2009-07-27,0.0807,0.0813,0.0776,0.0781,7762600,613918.76,EQNL
2009-07-28,0.078,0.079,0.0765,0.0765,2113800,163977.7,EQNL
2009-07-29,0.076,0.076,0.0744,0.075,174000,13121.75,EQNL
2009-07-30,0.0764,0.077,0.0744,0.076,7244500,543086.74,EQNL
2009-07-31,0.077,0.078,0.0751,0.078,168300,12721.34,EQNL
2009-08-03,0.0798,0.0845,0.077,0.08,17478800,1410284.65,EQNL
2009-08-04,0.0843,0.085,0.0826,0.0848,6051600,510409.41,EQNL
2009-08-05,0.0851,0.0875,0.0842,0.0858,8295100,719346.3,EQNL
2009-08-06,0.0864,0.0864,0.0811,0.0823,2790300,232210.2,EQNL
2009-08-07,0.085,0.085,0.0777,0.0813,8145400,651025.74,EQNL
2009-08-10,0.0834,0.0834,0.08,0.08,680900,54644.1,EQNL
2009-08-11,0.0767,0.0829,0.0767,0.08,2885800,234812.0,EQNL
2009-08-12,0.0834,0.0834,0.079,0.08,2204300,175463.28,EQNL
2009-08-13,0.0809,0.0809,0.0798,0.0798,102100,8152.14,EQNL
2009-08-14,0.0768,0.0807,0.0768,0.0786,1311500,104425.01,EQNL
2009-08-17,0.0741,0.08,0.0741,0.0761,3193700,245565.94,EQNL
2009-08-18,0.0805,0.0805,0.075,0.0758,6494300,490148.06,EQNL
2009-08-19,0.08,0.08,0.075,0.0757,4039100,303273.53,EQNL
2009-08-20,0.073,0.0761,0.073,0.0751,6552500,493581.84,EQNL
2009-08-21,0.0752,0.0829,0.0738,0.082,34214000,2676964.72,EQNL
2009-08-24,0.0751,0.0839,0.0751,0.0805,20471500,1651217.33,EQNL
2009-08-25,0.0758,0.0831,0.0758,0.0815,4065500,330805.78,EQNL
2009-08-26,0.0805,0.0805,0.078,0.0785,2860900,224621.45,EQNL
2009-08-27,0.0799,0.0799,0.0785,0.0786,274600,21712.21,EQNL
2009-08-28,0.075,0.0879,0.075,0.086,215025800,18378023.69,EQNL
2009-08-31,0.08,0.0875,0.08,0.0853,7356200,636699.56,EQNL
2009-09-01,0.0872,0.0899,0.0872,0.088,6417300,566356.9,EQNL
2009-09-02,0.0868,0.0885,0.0841,0.087,14416500,1262617.02,EQNL
2009-09-03,0.086,0.088,0.0852,0.0876,5266600,460979.93,EQNL
2009-09-04,0.088,0.0886,0.0856,0.0886,4884100,425704.09,EQNL
2009-09-07,0.0899,0.0926,0.0857,0.086,19055200,1654635.53,EQNL
2009-09-08,0.0875,0.0902,0.085,0.0899,22775000,2002018.25,EQNL
2009-09-09,0.088,0.0912,0.0862,0.09,36923200,3279286.14,EQNL
2009-09-10,0.0774,0.0932,0.0774,0.0871,19813800,1772496.82,EQNL
2009-09-11,0.0806,0.0905,0.0806,0.089,64881800,5751515.85,EQNL
2009-09-14,0.092,0.0985,0.087,0.0984,72915200,6700829.62,EQNL
2009-09-15,0.0985,0.1025,0.0975,0.099,350254300,35247072.61,EQNL
2009-09-16,0.0817,0.105,0.0817,0.105,170504500,17621328.82,EQNL
2009-09-17,0.0895,0.1058,0.0895,0.1,20651700,2090225.89,EQNL
2009-09-18,0.0882,0.1008,0.0882,0.1005,26078600,2565921.67,EQNL
2009-09-21,0.1011,0.1028,0.1,0.1,29823700,3011621.75,EQNL
2009-09-22,0.0867,0.1034,0.0867,0.1007,29050800,2953133.95,EQNL
2009-09-23,0.086,0.108,0.086,0.1024,242318500,25277837.6,EQNL
2009-09-24,0.0875,0.1045,0.0875,0.0999,12431400,1237081.93,EQNL
2009-09-25,0.084,0.1075,0.084,0.099,31620600,3174400.8,EQNL
2009-09-28,0.0875,0.102,0.0875,0.0997,16967400,1693324.11,EQNL
2009-09-29,0.0872,0.1085,0.0872,0.1062,170694200,17890874.38,EQNL
2009-09-30,0.1071,0.1225,0.1071,0.1147,492772500,56456349.49,EQNL
2009-10-01,0.1144,0.125,0.107,0.1204,263882600,30976969.29,EQNL
2009-10-02,0.1171,0.1239,0.1081,0.1166,99117100,11336583.56,EQNL
2009-10-05,0.1103,0.1174,0.11,0.112,23401700,2626873.48,EQNL
2009-10-06,0.1285,0.1285,0.1083,0.1098,116954500,13031693.08,EQNL
2009-10-07,0.11,0.1113,0.1037,0.1113,65613000,7090169.82,EQNL
2009-10-08,0.094,0.114,0.094,0.1118,60024800,6696403.93,EQNL
2009-10-09,0.1282,0.1282,0.1103,0.1114,3658900,404817.13,EQNL
2009-10-12,0.0957,0.1114,0.0957,0.109,23469500,2563742.33,EQNL
2009-10-13,0.0933,0.1106,0.0933,0.1077,15762500,1693610.29,EQNL
2009-10-14,0.0924,0.1111,0.0924,0.1084,50070100,5491705.15,EQNL
2009-10-15,0.092,0.115,0.092,0.109,45150000,4950673.62,EQNL
2009-10-16,0.1027,0.1094,0.1027,0.1075,16380500,1775290.19,EQNL
2009-10-19,0.107,0.1085,0.105,0.1065,10143700,1076721.2,EQNL
2009-10-20,0.1207,0.1207,0.1053,0.107,7487700,809117.98,EQNL
2009-10-21,0.0915,0.1081,0.0915,0.1081,29467100,3034347.84,EQNL
2009-10-22,0.0893,0.1134,0.0893,0.1095,144967900,15817328.21,EQNL
2009-10-23,0.111,0.1129,0.106,0.11,97040000,10707148.87,EQNL
2009-10-26,0.11,0.1114,0.1086,0.1088,24314000,2666302.61,EQNL
2009-10-27,0.1106,0.111,0.1038,0.1063,28517900,3013244.53,EQNL
2009-10-28,0.1139,0.1139,0.0976,0.1,16588500,1669724.3,EQNL
2009-10-29,0.096,0.105,0.096,0.1045,25774000,2605328.73,EQNL
2009-10-30,0.0902,0.1088,0.0902,0.0995,8310000,846720.79,EQNL
2009-11-02,0.1085,0.1085,0.0963,0.0979,10631200,1042556.47,EQNL
2009-11-03,0.0991,0.1039,0.0966,0.0971,3200100,313506.04,EQNL
2009-11-05,0.0836,0.0999,0.0836,0.0976,2682000,263210.6,EQNL
2009-11-06,0.0844,0.1009,0.0844,0.1001,7609900,757053.72,EQNL
2009-11-09,0.0857,0.103,0.0857,0.103,15949800,1613162.83,EQNL
2009-11-10,0.0876,0.1097,0.0876,0.109,26947800,2878093.56,EQNL
2009-11-11,0.1092,0.1162,0.1092,0.1139,75535800,8483561.41,EQNL
2009-11-12,0.1139,0.1139,0.1097,0.1139,19261700,2140448.49,EQNL
2009-11-13,0.1143,0.1184,0.1139,0.117,44243100,5158638.07,EQNL
2009-11-16,0.118,0.1242,0.104,0.1235,53428700,6411343.31,EQNL
2009-11-17,0.124,0.127,0.122,0.127,24901000,3087056.01,EQNL
2009-11-18,0.127,0.1334,0.127,0.1333,50659400,6610635.55,EQNL
2009-11-19,0.1343,0.14,0.1335,0.134,98863400,13424956.08,EQNL
2009-11-20,0.1395,0.1395,0.1335,0.1365,145734000,19842542.31,EQNL
2009-11-23,0.137,0.142,0.1356,0.1412,139281000,19337751.4,EQNL
2009-11-24,0.14,0.14,0.132,0.138,13986300,1917138.05,EQNL
2009-11-25,0.1389,0.1396,0.1302,0.1333,25011100,3412664.37,EQNL
2009-11-26,0.133,0.133,0.121,0.124,9701500,1208455.16,EQNL
2009-11-27,0.1181,0.1297,0.1081,0.1297,59625400,7175286.83,EQNL
2009-11-30,0.133,0.1335,0.1261,0.1298,4375500,559016.78,EQNL
2009-12-01,0.13,0.1339,0.1279,0.1316,18109100,2392239.53,EQNL
2009-12-02,0.1335,0.1335,0.13,0.132,5141000,675151.53,EQNL
2009-12-03,0.134,0.1364,0.1323,0.1353,21255100,2867318.96,EQNL
2009-12-04,0.137,0.1396,0.1258,0.1362,487051300,63986124.96,EQNL
2009-12-07,0.1396,0.1396,0.1328,0.1335,3562100,482388.93,EQNL
2009-12-08,0.1306,0.1367,0.1305,0.1363,14257300,1929591.26,EQNL
2009-12-09,0.134,0.1405,0.1275,0.1305,18388300,2455688.43,EQNL
2009-12-10,0.1299,0.1368,0.1297,0.132,24733200,3274173.64,EQNL
2009-12-11,0.1344,0.1354,0.1333,0.1344,6824200,919881.44,EQNL
2009-12-14,0.1342,0.135,0.1322,0.1325,7496400,995456.23,EQNL
2009-12-15,0.1366,0.1366,0.1302,0.1315,6132500,800813.97,EQNL
2009-12-16,0.132,0.132,0.128,0.1311,13385500,1735875.1,EQNL
2009-12-17,0.132,0.136,0.1276,0.1276,16830000,2203834.97,EQNL
2009-12-18,0.1289,0.1328,0.126,0.1278,17780900,2288095.19,EQNL
2009-12-21,0.1402,0.1402,0.1249,0.1279,15706100,1973579.7,EQNL
2009-12-22,0.128,0.128,0.125,0.1267,2044600,258054.92,EQNL
2009-12-23,0.1267,0.1268,0.1245,0.1256,6311800,790806.63,EQNL
2009-12-24,0.125,0.126,0.123,0.1246,17975500,2229872.27,EQNL
2009-12-25,0.123,0.132,0.1202,0.1216,20736900,2560362.8,EQNL
2009-12-28,0.1225,0.1234,0.1213,0.1234,2359100,289121.86,EQNL
2009-12-29,0.1235,0.1325,0.1217,0.1278,67171400,8734225.01,EQNL
2009-12-30,0.142,0.142,0.126,0.1299,15326900,1959901.59,EQNL
2009-12-31,0.1313,0.1313,0.1285,0.13,1749900,227145.8,EQNL
2010-01-11,0.127,0.13,0.127,0.13,1535900,198450.01,EQNL
2010-01-12,0.1309,0.132,0.1275,0.1276,203200,26032.8,EQNL
2010-01-13,0.1297,0.1319,0.1236,0.1311,7502500,972385.44,EQNL
2010-01-14,0.1312,0.1385,0.1312,0.1382,37988500,5154273.94,EQNL
2010-01-15,0.1386,0.1391,0.1306,0.137,25106600,3412354.52,EQNL
2010-01-18,0.1543,0.1543,0.136,0.1375,68903500,9602261.68,EQNL
2010-01-19,0.1347,0.1395,0.1344,0.1375,11399900,1553730.95,EQNL
2010-01-20,0.1375,0.1407,0.1346,0.1378,4526600,622147.56,EQNL
2010-01-21,0.1378,0.1416,0.1363,0.1396,12970200,1806659.64,EQNL
2010-01-22,0.1365,0.1365,0.1308,0.134,6216500,832115.87,EQNL
2010-01-25,0.149,0.149,0.1294,0.1331,8242100,1092305.98,EQNL
2010-01-26,0.1172,0.136,0.1172,0.133,22503100,2993026.82,EQNL
2010-01-27,0.1172,0.1375,0.1172,0.1331,80827900,10872814.52,EQNL
2010-01-28,0.1175,0.1385,0.1175,0.1345,23075400,3167313.33,EQNL
2010-01-29,0.1193,0.138,0.1193,0.1339,29175000,3927267.48,EQNL
2010-02-01,0.1192,0.1351,0.1192,0.1321,13171000,1758921.64,EQNL
2010-02-02,0.1176,0.1347,0.1176,0.132,26409800,3494872.31,EQNL
2010-02-03,0.1328,0.1354,0.132,0.1325,50211000,6723067.87,EQNL
2010-02-04,0.1283,0.1339,0.128,0.129,17590100,2300144.19,EQNL
2010-02-05,0.1431,0.1431,0.121,0.128,47768300,5987594.09,EQNL
2010-02-08,0.143,0.143,0.122,0.123,15092000,1890026.44,EQNL
2010-02-09,0.1375,0.1375,0.1203,0.1226,2042800,251094.9,EQNL
2010-02-10,0.1099,0.125,0.1099,0.12,25557000,3136306.43,EQNL
2010-02-11,0.1079,0.1267,0.1079,0.1217,9380100,1147605.64,EQNL
2010-02-12,0.1086,0.1243,0.1086,0.122,31375700,3828997.37,EQNL
2010-02-15,0.1087,0.1243,0.1087,0.123,17433800,2142191.91,EQNL
2010-02-16,0.1155,0.1248,0.1155,0.1234,8083000,998010.47,EQNL
2010-02-17,0.1095,0.1288,0.1095,0.1243,13226700,1651686.84,EQNL
2010-02-18,0.1099,0.1287,0.1099,0.1239,10585800,1315342.36,EQNL
2010-02-19,0.1399,0.1399,0.1232,0.1232,3194900,394161.55,EQNL
2010-02-24,0.1092,0.1259,0.1092,0.1245,1725800,213424.56,EQNL
2010-02-25,0.1256,0.1264,0.1232,0.125,3043500,378505.81,EQNL
2010-02-26,0.1269,0.1289,0.1219,0.1219,10479700,1304300.37,EQNL
2010-02-27,0.122,0.1233,0.1212,0.1228,6876300,844620.11,EQNL
2010-03-01,0.1237,0.1237,0.1215,0.1229,7642600,935549.32,EQNL
2010-03-02,0.1357,0.1357,0.1212,0.1219,4684900,574147.09,EQNL
2010-03-03,0.1336,0.1336,0.1171,0.1267,11457700,1405536.31,EQNL
2010-03-04,0.1267,0.1393,0.1223,0.1299,69938300,9155181.62,EQNL
2010-03-05,0.1299,0.1376,0.1299,0.1349,46025000,6194194.29,EQNL
2010-03-09,0.136,0.1363,0.1291,0.1338,12302600,1618626.83,EQNL
2010-03-10,0.1338,0.135,0.1296,0.1307,17632600,2312672.78,EQNL
2010-03-11,0.1172,0.1317,0.1172,0.1249,32838100,4163061.99,EQNL
2010-03-12,0.126,0.1284,0.1242,0.1262,41771800,5246168.76,EQNL
2010-03-15,0.1146,0.128,0.1146,0.125,91527000,11489700.62,EQNL
2010-03-16,0.1382,0.1382,0.1256,0.135,145943700,19094149.14,EQNL
2010-03-17,0.1504,0.1504,0.1321,0.1339,54666500,7348209.02,EQNL
2010-03-18,0.1492,0.1492,0.1318,0.1328,24497500,3247576.98,EQNL
2010-03-19,0.146,0.146,0.1302,0.132,13918200,1836430.57,EQNL
2010-03-22,0.1168,0.1329,0.1168,0.1315,17035300,2235078.1,EQNL
2010-03-23,0.1176,0.1358,0.1176,0.1325,26328400,3520160.34,EQNL
2010-03-24,0.1186,0.133,0.1186,0.1315,9194300,1208635.15,EQNL
2010-03-25,0.1311,0.1333,0.13,0.131,6560600,860865.7,EQNL
2010-03-26,0.1175,0.1328,0.1175,0.1309,7139800,940427.28,EQNL
2010-03-29,0.1168,0.1338,0.1168,0.1324,26492000,3504224.93,EQNL
2010-03-30,0.1332,0.134,0.131,0.134,42771300,5697206.01,EQNL
2010-03-31,0.1477,0.1477,0.1327,0.135,170692700,23246400.61,EQNL
2010-04-01,0.1339,0.1389,0.131,0.1352,104778500,14164810.59,EQNL
2010-04-02,0.1355,0.1355,0.1302,0.1341,106687800,14171910.01,EQNL
2010-04-05,0.135,0.1375,0.132,0.1372,131323600,17652706.93,EQNL
2010-04-06,0.1523,0.1523,0.1346,0.1385,147814400,20424628.71,EQNL
2010-04-07,0.1226,0.1428,0.1226,0.1337,45853000,6169557.45,EQNL
2010-04-08,0.1356,0.137,0.1307,0.1363,44900600,6004182.87,EQNL
2010-04-09,0.1213,0.141,0.1213,0.138,212674300,28960913.22,EQNL
2010-04-12,0.1389,0.139,0.136,0.1372,54301700,7477128.83,EQNL
2010-04-13,0.1411,0.1411,0.1345,0.1365,41862500,5727294.98,EQNL
2010-04-14,0.1213,0.1386,0.1213,0.1366,15620500,2137626.51,EQNL
2010-04-15,0.1505,0.1505,0.1317,0.1331,63381400,8424192.37,EQNL
2010-04-16,0.1332,0.1332,0.1294,0.1297,30212900,3943883.75,EQNL
2010-04-19,0.1394,0.1394,0.1233,0.1269,27390500,3422631.8,EQNL
2010-04-20,0.1126,0.1299,0.1126,0.1277,19659700,2513739.34,EQNL
2010-04-21,0.1363,0.1363,0.1239,0.1241,51696000,6562608.96,EQNL
2010-04-22,0.1268,0.1268,0.119,0.1217,55662000,6789085.61,EQNL
2010-04-23,0.1217,0.125,0.121,0.125,10631600,1307595.15,EQNL
2010-04-26,0.126,0.134,0.126,0.134,115232900,15118449.53,EQNL
2010-04-27,0.1322,0.1344,0.1305,0.132,31035800,4089578.41,EQNL
2010-04-28,0.1295,0.1336,0.128,0.1322,43186600,5671336.95,EQNL
2010-04-29,0.1335,0.135,0.1312,0.1321,29880200,3962710.77,EQNL
2010-04-30,0.1185,0.1328,0.1185,0.1321,7144600,940530.06,EQNL
2010-05-04,0.1328,0.1339,0.1291,0.1299,22082100,2896329.06,EQNL
2010-05-05,0.131,0.131,0.1224,0.1259,37765700,4761776.22,EQNL
2010-05-06,0.125,0.128,0.1218,0.126,17885600,2244835.11,EQNL
2010-05-07,0.123,0.1254,0.117,0.1189,81492900,9773314.16,EQNL
2010-05-11,0.1217,0.1257,0.1152,0.1199,16696600,2010460.68,EQNL
2010-05-12,0.12,0.1249,0.1182,0.1245,15154800,1838846.72,EQNL
2010-05-13,0.1328,0.1328,0.1228,0.123,12158300,1515098.08,EQNL
2010-05-14,0.1365,0.1365,0.122,0.1239,8005900,980268.04,EQNL
2010-05-17,0.1216,0.124,0.1199,0.1227,5207900,637768.62,EQNL
2010-05-18,0.1085,0.1269,0.1085,0.1254,5109200,633763.25,EQNL
2010-05-19,0.1114,0.125,0.1114,0.1214,7787300,951787.59,EQNL
2010-05-20,0.1343,0.1343,0.1126,0.1158,36363700,4407615.7,EQNL
2010-05-21,0.1276,0.1276,0.109,0.1163,28669200,3227079.89,EQNL
2010-05-24,0.1033,0.1197,0.1033,0.119,5998200,707322.6,EQNL
2010-05-25,0.1026,0.1185,0.1026,0.1148,19511000,2259785.69,EQNL
2010-05-26,0.1205,0.121,0.1165,0.1175,9073200,1071911.3,EQNL
2010-05-27,0.1195,0.1202,0.1175,0.12,7972600,953104.91,EQNL
2010-05-28,0.1211,0.1257,0.1196,0.1224,16619300,2045517.1,EQNL
2010-05-31,0.1229,0.1245,0.1204,0.1243,3978300,490457.06,EQNL
2010-06-01,0.123,0.1254,0.1209,0.1242,28231000,3489157.49,EQNL
2010-06-02,0.122,0.1253,0.122,0.1249,4270900,530505.87,EQNL
2010-06-03,0.1273,0.1273,0.1229,0.124,2689200,337583.15,EQNL
2010-06-04,0.1225,0.1255,0.12,0.1204,19816400,2411286.6,EQNL
2010-06-07,0.12,0.1213,0.117,0.119,3624900,432480.08,EQNL
2010-06-08,0.12,0.1218,0.118,0.1195,5653700,673246.85,EQNL
2010-06-09,0.1326,0.1326,0.1196,0.12,10712700,1296296.75,EQNL
2010-06-10,0.1373,0.1373,0.1184,0.1205,1516700,180989.81,EQNL
2010-06-11,0.1218,0.1218,0.119,0.1197,2864400,344398.73,EQNL
2010-06-15,0.1059,0.1222,0.1059,0.121,2012500,241645.14,EQNL
2010-06-16,0.1073,0.1219,0.1073,0.1206,561100,68296.86,EQNL
2010-06-17,0.1068,0.1212,0.1068,0.1186,2257300,268313.46,EQNL
2010-06-18,0.1322,0.1322,0.1177,0.1185,297400,35218.79,EQNL
2010-06-21,0.1198,0.1198,0.1176,0.1179,14158300,1672267.33,EQNL
2010-06-22,0.1046,0.1213,0.1046,0.121,14779200,1751433.86,EQNL
2010-06-23,0.1059,0.1204,0.1059,0.1173,2757800,326140.54,EQNL
2010-06-24,0.1044,0.1192,0.1044,0.1165,12596200,1464669.63,EQNL
2010-06-25,0.1025,0.1167,0.1025,0.1122,10299800,1173597.2,EQNL
2010-06-28,0.1283,0.1283,0.112,0.1126,3350800,377974.03,EQNL
2010-06-29,0.0986,0.1125,0.0986,0.1085,7522500,825817.11,EQNL
2010-06-30,0.123,0.123,0.1039,0.107,11646800,1243718.05,EQNL
2010-07-01,0.111,0.111,0.096,0.0986,19565300,1978120.2,EQNL
2010-07-02,0.1027,0.1027,0.097,0.1006,11675100,1169457.09,EQNL
2010-07-05,0.0864,0.1005,0.0864,0.0996,1353500,134579.85,EQNL
2010-07-06,0.0863,0.1024,0.0863,0.1004,9429000,954374.78,EQNL
2010-07-07,0.0862,0.1015,0.0862,0.0984,9085400,894223.81,EQNL
2010-07-08,0.0858,0.1006,0.0858,0.099,2098700,207389.43,EQNL
2010-07-09,0.0854,0.0994,0.0854,0.0994,8934200,877438.77,EQNL
2010-07-12,0.0864,0.1013,0.0864,0.0999,24051700,2396157.42,EQNL
2010-07-13,0.0857,0.1,0.0857,0.0995,5749400,570160.64,EQNL
2010-07-14,0.0882,0.1017,0.0882,0.099,3350400,336515.61,EQNL
2010-07-15,0.0852,0.1004,0.0852,0.0983,1907000,186030.44,EQNL
2010-07-16,0.1114,0.1114,0.0961,0.0979,13833500,1351646.64,EQNL
2010-07-19,0.111,0.111,0.0958,0.0971,7638600,736035.22,EQNL
2010-07-20,0.1109,0.1109,0.095,0.0969,19640400,1899701.57,EQNL
2010-07-21,0.0845,0.0987,0.0845,0.0977,9920500,971267.99,EQNL
2010-07-22,0.0979,0.0987,0.0962,0.0982,13125900,1285368.9,EQNL
2010-07-23,0.1025,0.1025,0.0975,0.0981,4091700,401411.2,EQNL
2010-07-26,0.0856,0.0998,0.0856,0.0982,9499200,937119.37,EQNL
2010-07-27,0.0989,0.0989,0.0948,0.0972,4370400,426709.79,EQNL
2010-07-28,0.098,0.0982,0.0964,0.0975,10839400,1054522.8,EQNL
2010-07-29,0.0839,0.1015,0.0839,0.1007,27606400,2748809.86,EQNL
2010-07-30,0.0995,0.1036,0.0995,0.0995,7192000,720092.45,EQNL
2010-08-02,0.1009,0.1065,0.1,0.1065,12275500,1281327.85,EQNL
2010-08-03,0.107,0.1112,0.1055,0.1075,13522200,1466422.61,EQNL
2010-08-04,0.1076,0.1076,0.1043,0.1065,7624000,807274.36,EQNL
2010-08-05,0.0923,0.1069,0.0923,0.1046,5801500,605233.39,EQNL
2010-08-06,0.1193,0.1193,0.1021,0.1044,13831000,1432651.61,EQNL
2010-08-09,0.1044,0.1064,0.1038,0.1052,10305300,1086451.82,EQNL
2010-08-10,0.104,0.1063,0.104,0.1052,1778600,186325.62,EQNL
2010-08-11,0.091,0.1053,0.091,0.1043,10247300,1066239.41,EQNL
2010-08-12,0.0901,0.1048,0.0901,0.1017,172711200,17643393.94,EQNL
2010-08-13,0.1162,0.1162,0.1015,0.1035,2689700,275764.37,EQNL
2010-08-16,0.0895,0.1055,0.0895,0.105,7399700,764393.02,EQNL
2010-08-17,0.0909,0.108,0.0909,0.1071,5155600,551325.36,EQNL
2010-08-18,0.1069,0.1071,0.1052,0.1061,1726000,183849.07,EQNL
2010-08-19,0.1061,0.109,0.1059,0.1088,48940000,5290168.09,EQNL
2010-08-20,0.1093,0.1105,0.108,0.1088,48727400,5326074.1,EQNL
2010-08-23,0.1061,0.1104,0.1061,0.1079,77864500,8523442.11,EQNL
2010-08-24,0.1071,0.1076,0.1041,0.1043,13602700,1443316.31,EQNL
2010-08-25,0.104,0.1073,0.103,0.1047,37087000,3915538.48,EQNL
2010-08-26,0.1071,0.1092,0.105,0.1057,4998300,539255.8,EQNL
2010-08-27,0.1049,0.1066,0.1046,0.1061,594300,62923.5,EQNL
2010-08-30,0.1049,0.109,0.102,0.1034,59588800,6200432.13,EQNL
2010-08-31,0.1176,0.1176,0.1015,0.103,3293200,336096.49,EQNL
2010-09-01,0.1172,0.1172,0.1021,0.1041,6833700,709601.89,EQNL
2010-09-02,0.0902,0.1057,0.0902,0.1044,969800,102120.33,EQNL
2010-09-03,0.1054,0.1069,0.1021,0.1048,9044600,948127.95,EQNL
2010-09-06,0.091,0.1079,0.091,0.1065,4955800,528406.63,EQNL
2010-09-07,0.1074,0.108,0.1064,0.1071,2388500,255946.03,EQNL
2010-09-08,0.1058,0.1075,0.1058,0.1069,3920300,418567.91,EQNL
2010-09-09,0.1074,0.11,0.1069,0.1075,17130200,1867904.01,EQNL
2010-09-10,0.1076,0.1106,0.1075,0.1095,13692900,1485069.13,EQNL
2010-09-13,0.1096,0.114,0.1096,0.1103,34394200,3806356.42,EQNL
2010-09-14,0.1101,0.1101,0.1081,0.1094,4816300,525551.72,EQNL
2010-09-15,0.1152,0.1152,0.109,0.1119,37761500,4166302.38,EQNL
2010-09-16,0.1108,0.112,0.1104,0.1105,6302700,703910.27,EQNL
2010-09-17,0.11,0.114,0.11,0.1105,29325100,3272491.32,EQNL
2010-09-20,0.1108,0.1108,0.1079,0.1097,5237800,570114.09,EQNL
2010-09-21,0.1097,0.1127,0.109,0.1104,10518200,1159640.5,EQNL
2010-09-22,0.1104,0.1119,0.1102,0.1111,17799400,1969482.1,EQNL
2010-09-23,0.1119,0.1143,0.1108,0.1121,18285700,2069824.24,EQNL
2010-09-24,0.114,0.114,0.1108,0.1139,6523700,737910.47,EQNL
2010-09-27,0.113,0.1148,0.113,0.1145,16845400,1911841.66,EQNL
2010-09-28,0.1145,0.1145,0.1119,0.1145,12191800,1382101.11,EQNL
2010-09-29,0.1131,0.115,0.1131,0.115,5310200,608211.45,EQNL
2010-09-30,0.1144,0.1165,0.1133,0.1153,5867000,673899.9,EQNL
2010-10-01,0.1165,0.1177,0.1145,0.1167,2399000,276715.46,EQNL
2010-10-04,0.116,0.1176,0.116,0.117,2131100,247635.37,EQNL
2010-10-05,0.1172,0.1172,0.1139,0.1141,2115800,242362.47,EQNL
2010-10-06,0.114,0.1168,0.113,0.1155,65344900,7551012.34,EQNL
2010-10-07,0.1311,0.1311,0.1125,0.1128,28277600,3240301.22,EQNL
2010-10-08,0.1141,0.1141,0.1101,0.1105,3929700,441902.41,EQNL
2010-10-11,0.0988,0.1125,0.0988,0.1118,6591000,732324.43,EQNL
2010-10-12,0.1276,0.1276,0.111,0.1118,36973700,4113975.98,EQNL
2010-10-13,0.1269,0.1269,0.1103,0.1124,8898900,999135.44,EQNL
2010-10-14,0.0968,0.1153,0.0968,0.114,74141000,8425269.52,EQNL
2010-10-15,0.1145,0.1186,0.114,0.1173,12960200,1509292.36,EQNL
2010-10-18,0.118,0.1225,0.118,0.121,37239300,4488465.57,EQNL
2010-10-19,0.1225,0.1245,0.1211,0.1222,18034300,2208322.01,EQNL
2010-10-20,0.138,0.138,0.119,0.1235,51117300,6235798.04,EQNL
2010-10-21,0.1402,0.1402,0.122,0.125,20456800,2535310.34,EQNL
2010-10-22,0.1082,0.1279,0.1082,0.1276,60940600,7624319.7,EQNL
2010-10-25,0.1236,0.1295,0.1236,0.1282,7470900,958834.97,EQNL
2010-10-26,0.1311,0.1311,0.1252,0.1264,11294600,1440905.47,EQNL
2010-10-27,0.1275,0.1298,0.126,0.1281,59733800,7592987.72,EQNL
2010-10-28,0.1272,0.14,0.1155,0.139,105219400,14279325.02,EQNL
2010-10-29,0.139,0.1479,0.139,0.147,132194300,19220104.45,EQNL
2010-11-01,0.148,0.15,0.1399,0.1465,122837200,17714701.66,EQNL
2010-11-02,0.1402,0.1519,0.14,0.1431,182394200,26761543.83,EQNL
2010-11-03,0.1431,0.1488,0.143,0.1479,94008000,13824497.57,EQNL
2010-11-08,0.147,0.1625,0.1406,0.1518,377990200,57589584.78,EQNL
2010-11-09,0.1518,0.16,0.1518,0.1581,119215800,18786388.58,EQNL
2010-11-10,0.1504,0.159,0.1504,0.1566,156945100,24268009.9,EQNL
2010-11-11,0.147,0.157,0.147,0.156,65301300,10065265.59,EQNL
2010-11-12,0.1569,0.1589,0.15,0.1572,74944100,11454253.36,EQNL
2010-11-13,0.1516,0.1615,0.1516,0.1592,53478100,8354290.8,EQNL
2010-11-15,0.1555,0.164,0.1531,0.1634,55249000,8934870.52,EQNL
2010-11-16,0.164,0.1642,0.1609,0.1636,39532100,6427066.87,EQNL
2010-11-17,0.1642,0.1776,0.1626,0.1706,70167800,11798904.8,EQNL
2010-11-18,0.1714,0.1769,0.1644,0.171,89247300,15384922.3,EQNL
2010-11-19,0.1685,0.1763,0.1655,0.1762,54721100,9470611.29,EQNL
2010-11-22,0.1732,0.18,0.1722,0.1738,94532300,16683726.13,EQNL
2010-11-23,0.17,0.1737,0.1687,0.1715,21647500,3692157.2,EQNL
2010-11-24,0.1714,0.1747,0.1652,0.1715,42548900,7254803.22,EQNL
2010-11-25,0.174,0.1767,0.17,0.1745,100248300,17443886.16,EQNL
2010-11-26,0.1747,0.1775,0.1718,0.177,95971300,16801527.25,EQNL
2010-11-29,0.1799,0.1799,0.1732,0.1766,38827700,6801603.57,EQNL
2010-11-30,0.1767,0.1825,0.1735,0.182,28034700,4979954.53,EQNL
2010-12-01,0.1821,0.1874,0.1821,0.187,116186400,21600805.11,EQNL
2010-12-02,0.1876,0.1894,0.18,0.1889,52536800,9851480.86,EQNL
2010-12-03,0.1904,0.1945,0.1806,0.1917,288040900,54788321.36,EQNL
2010-12-06,0.1945,0.1949,0.181,0.1888,114903800,21449845.91,EQNL
2010-12-07,0.1899,0.19,0.1826,0.184,25797300,4777241.03,EQNL
2010-12-08,0.1839,0.1875,0.183,0.1864,22834100,4244320.71,EQNL
2010-12-09,0.1866,0.1889,0.1832,0.1861,10795500,1997996.42,EQNL
2010-12-10,0.1877,0.1877,0.1808,0.182,10373100,1905941.84,EQNL
2010-12-13,0.1873,0.1873,0.1778,0.1826,30840700,5553356.96,EQNL
2010-12-14,0.1826,0.1826,0.1791,0.1822,7052500,1275191.15,EQNL
2010-12-15,0.184,0.184,0.1751,0.1786,23816400,4269103.85,EQNL
2010-12-16,0.1785,0.1797,0.1769,0.1788,6195100,1105649.55,EQNL
2010-12-17,0.177,0.1818,0.1755,0.1811,24116900,4326242.94,EQNL
2010-12-20,0.181,0.1821,0.1797,0.1816,25993900,4693563.86,EQNL
2010-12-21,0.1863,0.1863,0.1785,0.1834,17849200,3233554.17,EQNL
2010-12-22,0.183,0.1847,0.1808,0.1838,16853600,3086202.28,EQNL
2010-12-23,0.184,0.184,0.1812,0.1827,25828100,4702127.27,EQNL
2010-12-24,0.1837,0.1838,0.1601,0.1819,111057800,19628746.91,EQNL
2010-12-27,0.182,0.1827,0.1793,0.1793,2295600,413486.15,EQNL
2010-12-28,0.1799,0.1816,0.1782,0.1805,8229600,1481687.94,EQNL
2010-12-29,0.1809,0.1809,0.179,0.1802,10415800,1873986.34,EQNL
2010-12-30,0.178,0.181,0.176,0.18,29484200,5297373.25,EQNL
2011-01-11,0.181,0.1816,0.1764,0.1796,5928000,1070083.46,EQNL
2011-01-12,0.1827,0.1827,0.175,0.1792,64001600,11409655.39,EQNL
2011-01-13,0.1804,0.1813,0.177,0.181,95707400,17167901.17,EQNL
2011-01-14,0.181,0.1873,0.1799,0.1864,24099800,4402380.27,EQNL
2011-01-17,0.1872,0.1872,0.1777,0.1808,29259500,5308391.08,EQNL
2011-01-18,0.1824,0.1844,0.179,0.183,42378700,7754170.7,EQNL
2011-01-19,0.1847,0.1858,0.1804,0.1829,106631900,19475429.5,EQNL
2011-01-20,0.1808,0.1845,0.18,0.1818,13023800,2373638.48,EQNL
2011-01-21,0.1838,0.1879,0.181,0.1879,44360500,8143448.62,EQNL
2011-01-24,0.1871,0.1888,0.1823,0.183,63882100,11871820.87,EQNL
2011-01-25,0.1855,0.1855,0.1824,0.1855,37320400,6851677.11,EQNL
2011-01-26,0.1857,0.1895,0.1855,0.1868,92868700,17436581.73,EQNL
2011-01-27,0.1895,0.191,0.187,0.1905,29085500,5494729.87,EQNL
2011-01-28,0.19,0.1908,0.186,0.1866,24702000,4674064.72,EQNL
2011-01-31,0.1856,0.1856,0.1813,0.183,8786900,1609271.49,EQNL
2011-02-01,0.1836,0.19,0.1823,0.188,7926500,1474822.48,EQNL
2011-02-02,0.1894,0.1901,0.184,0.1851,4208600,785694.09,EQNL
2011-02-03,0.1835,0.1848,0.182,0.182,8829500,1619468.09,EQNL
2011-02-04,0.1868,0.1868,0.1819,0.1845,6047300,1106551.57,EQNL
2011-02-07,0.1859,0.1859,0.1825,0.185,13063400,2403974.63,EQNL
2011-02-08,0.1858,0.1858,0.182,0.184,28268000,5180395.24,EQNL
2011-02-09,0.1858,0.1858,0.18,0.1813,38912000,7075905.28,EQNL
2011-02-10,0.184,0.1856,0.178,0.185,208329700,38199695.47,EQNL
2011-02-11,0.1804,0.1865,0.1786,0.1859,113990800,21158563.99,EQNL
2011-02-14,0.1877,0.1889,0.1805,0.186,6242600,1157804.29,EQNL
2011-02-15,0.181,0.1859,0.181,0.185,4840000,894714.92,EQNL
2011-02-16,0.185,0.186,0.181,0.1818,9250700,1698783.56,EQNL
2011-02-17,0.1849,0.185,0.1801,0.183,69391000,12747498.99,EQNL
2011-02-18,0.1838,0.1838,0.176,0.181,215434100,38954575.26,EQNL
2011-02-21,0.177,0.1885,0.175,0.1769,185050200,33784166.06,EQNL
2011-02-22,0.1752,0.1805,0.1703,0.1714,100799800,17880230.17,EQNL
2011-02-24,0.1909,0.1909,0.1657,0.1665,254780100,43597409.74,EQNL
2011-02-25,0.1699,0.1725,0.1666,0.1725,18493100,3131553.84,EQNL
2011-02-28,0.176,0.1815,0.1718,0.179,26122000,4693141.23,EQNL
2011-03-01,0.18165,0.182,0.175,0.175,10530000,1879914.8,EQNL
2011-03-02,0.17812,0.17812,0.17102,0.17102,33870000,5811336.0,EQNL
2011-03-03,0.17489,0.1785,0.17122,0.174,59460000,10484503.0,EQNL
2011-03-04,0.17223,0.17648,0.1682,0.17,22420000,3878150.3,EQNL
2011-03-05,0.172,0.172,0.1685,0.16962,5360000,915333.1,EQNL
2011-03-09,0.16979,0.175,0.16979,0.175,6320000,1087600.2,EQNL
2011-03-10,0.17001,0.17323,0.169,0.17005,8090000,1389079.3,EQNL
2011-03-11,0.16781,0.17055,0.1607,0.16552,68770000,11505237.1,EQNL
2011-03-14,0.16554,0.17,0.1625,0.1689,179640000,29933638.2,EQNL
2011-03-15,0.16261,0.16467,0.15557,0.15599,53420000,8465267.8,EQNL
2011-03-16,0.158,0.1675,0.15101,0.153,14390000,2347414.0,EQNL
2011-03-17,0.15398,0.17,0.153,0.16,74550000,12169146.4,EQNL
2011-03-18,0.16,0.16495,0.1585,0.16495,89990000,14577834.5,EQNL
2011-03-21,0.165,0.17,0.165,0.167,21880000,3673493.8,EQNL
2011-03-22,0.1675,0.1675,0.1652,0.167,44370000,7389476.0,EQNL
2011-03-23,0.16699,0.171,0.165,0.165,62350000,10517021.3,EQNL
2011-03-24,0.16599,0.1715,0.165,0.1715,44740000,7490187.3,EQNL
2011-03-25,0.16801,0.174,0.168,0.17398,80480000,13855207.4,EQNL
2011-03-28,0.15901,0.1775,0.15901,0.1775,19360000,3373391.4,EQNL
2011-03-29,0.17402,0.18001,0.172,0.18001,27060000,4717322.7,EQNL
2011-03-30,0.17711,0.17802,0.17379,0.17591,61960000,10827441.9,EQNL
2011-03-31,0.17135,0.18288,0.1695,0.17601,98810000,17517332.3,EQNL
2011-04-01,0.17584,0.1796,0.175,0.17507,4450000,781539.4,EQNL
2011-04-04,0.17272,0.17492,0.17,0.17298,3060000,528865.1,EQNL
2011-04-05,0.17444,0.175,0.16011,0.175,23150000,3984169.9,EQNL
2011-04-06,0.1725,0.1748,0.1701,0.1729,73050000,12549122.3,EQNL
2011-04-07,0.17,0.1729,0.16985,0.17197,22410000,3829448.2,EQNL
2011-04-08,0.171,0.17391,0.16999,0.17391,37390000,6379458.3,EQNL
2011-04-11,0.17003,0.1725,0.1684,0.17,7710000,1311505.3,EQNL
2011-04-12,0.167,0.1695,0.16101,0.16402,10550000,1752209.3,EQNL
2011-04-13,0.167,0.16849,0.16535,0.16696,3420000,569713.9,EQNL
2011-04-14,0.168,0.168,0.161,0.162,4810000,783729.6,EQNL
2011-04-15,0.161,0.16494,0.15951,0.15951,12670000,2039186.6,EQNL
2011-04-18,0.15926,0.1593,0.151,0.15361,3680000,579669.6,EQNL
2011-04-19,0.1581,0.15886,0.151,0.15155,5460000,831659.6,EQNL
2011-04-20,0.151,0.153,0.15,0.1503,4370000,660693.7,EQNL
2011-04-21,0.1505,0.1515,0.142,0.1422,14610000,2107594.1,EQNL
2011-04-22,0.14488,0.145,0.14015,0.143,8610000,1228840.5,EQNL
2011-04-25,0.14122,0.145,0.14003,0.14003,40610000,5853171.0,EQNL
2011-04-26,0.14001,0.14129,0.13615,0.14,6890000,963931.2,EQNL
2011-04-27,0.13999,0.14,0.1353,0.14,13150000,1824771.6,EQNL
2011-04-28,0.13802,0.13939,0.138,0.138,16470000,2274744.3,EQNL
2011-04-29,0.139,0.1487,0.13842,0.1465,14160000,2037947.3,EQNL
2011-05-03,0.13858,0.14321,0.13857,0.14193,1430000,199426.1,EQNL
2011-05-04,0.14499,0.14499,0.135,0.1351,5220000,715544.3,EQNL
2011-05-05,0.13502,0.13799,0.13205,0.13799,8230000,1097503.0,EQNL
2011-05-06,0.133,0.1375,0.13201,0.136,2260000,302627.5,EQNL
2011-05-10,0.13472,0.13501,0.134,0.135,4410000,592237.6,EQNL
2011-05-11,0.13799,0.13994,0.132,0.13591,7070000,956913.5,EQNL
2011-05-12,0.13226,0.13497,0.1295,0.13497,12110000,1599513.9,EQNL
2011-05-13,0.14045,0.14045,0.132,0.132,10140000,1352929.5,EQNL
2011-05-16,0.133,0.13685,0.133,0.13531,2670000,359227.7,EQNL
2011-05-17,0.1339,0.13524,0.12831,0.13186,7570000,1006107.1,EQNL
2011-05-18,0.13355,0.13777,0.133,0.133,12480000,1686939.9,EQNL
2011-05-19,0.13218,0.13537,0.12927,0.12927,14340000,1874987.8,EQNL
2011-05-20,0.135,0.135,0.12931,0.12931,8930000,1177153.7,EQNL
2011-05-23,0.12612,0.1315,0.1261,0.13,12600000,1633215.9,EQNL
2011-05-24,0.13187,0.13222,0.13187,0.13222,30000,3963.1,EQNL
2011-05-25,0.13023,0.13298,0.12999,0.13,2030000,264245.5,EQNL
2011-05-26,0.13008,0.13008,0.128,0.128,6640000,854621.6,EQNL
2011-05-27,0.1295,0.13005,0.125,0.12501,11200000,1417741.7,EQNL
2011-05-30,0.12597,0.12597,0.1221,0.1245,4260000,525446.7,EQNL
2011-05-31,0.12496,0.12949,0.12496,0.12949,8940000,1147858.3,EQNL
2011-06-01,0.128,0.13,0.12501,0.128,8510000,1090858.1,EQNL
2011-06-02,0.12481,0.1265,0.12481,0.12649,3030000,381643.7,EQNL
2011-06-03,0.12649,0.1294,0.12425,0.12635,6910000,876124.4,EQNL
2011-06-06,0.12599,0.1398,0.12599,0.12832,49080000,6505353.2,EQNL
2011-06-07,0.12727,0.1285,0.12531,0.12668,6980000,883007.7,EQNL
2011-06-08,0.12789,0.12795,0.1248,0.12599,2600000,326339.3,EQNL
2011-06-09,0.125,0.12666,0.1245,0.12543,3490000,435821.4,EQNL
2011-06-10,0.12597,0.12777,0.12426,0.125,5660000,707456.0,EQNL
2011-06-14,0.12551,0.12929,0.1245,0.12709,12700000,1606570.0,EQNL
2011-06-15,0.12906,0.138,0.125,0.12949,61520000,7865021.8,EQNL
2011-06-16,0.12588,0.135,0.1257,0.135,25500000,3343931.6,EQNL
2011-06-17,0.135,0.135,0.13,0.13222,17900000,2344060.6,EQNL
2011-06-20,0.1294,0.1335,0.1267,0.13,10760000,1402733.3,EQNL
2011-06-21,0.133,0.133,0.1275,0.12906,32920000,4292933.9,EQNL
2011-06-22,0.1291,0.134,0.1272,0.12814,13830000,1805174.7,EQNL
2011-06-23,0.12621,0.12925,0.12202,0.12787,186680000,23586293.2,EQNL
2011-06-24,0.1245,0.12579,0.11907,0.12,161870000,19652216.6,EQNL
2011-06-27,0.11978,0.11978,0.1128,0.1133,137680000,15802493.9,EQNL
2011-06-28,0.1133,0.11499,0.11321,0.11436,34540000,3936854.5,EQNL
2011-06-29,0.11453,0.11615,0.1062,0.11332,120440000,13692309.6,EQNL
2011-06-30,0.11311,0.11399,0.1,0.1061,139460000,15117133.3,EQNL
2011-07-01,0.10696,0.118,0.10307,0.1177,120230000,13539232.7,EQNL
2011-07-04,0.1177,0.123,0.11407,0.11998,40940000,4919058.9,EQNL
2011-07-05,0.122,0.122,0.1178,0.12142,30440000,3623058.8,EQNL
2011-07-06,0.11976,0.12328,0.11777,0.12,22660000,2742912.9,EQNL
2011-07-07,0.12197,0.1223,0.11999,0.12044,103310000,12499237.9,EQNL
2011-07-08,0.12045,0.12114,0.11615,0.11755,19490000,2330292.5,EQNL
2011-07-11,0.11819,0.121,0.1152,0.12089,56740000,6808058.6,EQNL
2011-07-12,0.11799,0.1199,0.11508,0.11899,16800000,1971618.4,EQNL
2011-07-13,0.11658,0.11737,0.1153,0.11697,7240000,840755.4,EQNL
2011-07-14,0.11616,0.11699,0.11341,0.114,12460000,1428223.9,EQNL
2011-07-15,0.11499,0.116,0.1135,0.11501,6400000,733131.8,EQNL
2011-07-18,0.11466,0.11502,0.1127,0.113,8270000,938614.3,EQNL
2011-07-19,0.11649,0.11649,0.1128,0.11626,6070000,693170.1,EQNL
2011-07-20,0.11601,0.11779,0.115,0.11625,6390000,739212.8,EQNL
2011-07-21,0.11609,0.1163,0.11449,0.1157,14120000,1624387.3,EQNL
2011-07-22,0.11639,0.11639,0.11406,0.1145,2120000,243009.9,EQNL
2011-07-25,0.11377,0.11417,0.11329,0.11334,500000,56715.0,EQNL
2011-07-26,0.1146,0.115,0.11331,0.115,2110000,240784.4,EQNL
2011-07-27,0.11366,0.11476,0.1136,0.11476,3370000,385519.8,EQNL
2011-07-28,0.1133,0.11487,0.11205,0.11487,10210000,1157697.8,EQNL
2011-07-29,0.114,0.11599,0.1127,0.1159,6770000,778578.5,EQNL
2011-08-01,0.11615,0.1189,0.11523,0.11751,20170000,2361696.8,EQNL
2011-08-02,0.11651,0.11781,0.11622,0.11781,9660000,1130154.0,EQNL
2011-08-03,0.11745,0.11745,0.115,0.115,12980000,1512750.1,EQNL
2011-08-04,0.11605,0.11605,0.1122,0.11234,12660000,1443288.0,EQNL
2011-08-05,0.112,0.112,0.10521,0.1111,30120000,3282948.2,EQNL
2011-08-08,0.10402,0.112,0.10202,0.10264,16430000,1749600.0,EQNL
2011-08-09,0.101,0.101,0.08503,0.09782,28390000,2693890.5,EQNL
2011-08-10,0.099,0.10001,0.08812,0.09493,15840000,1503619.0,EQNL
2011-08-11,0.09098,0.09473,0.0875,0.08999,12860000,1166818.6,EQNL
2011-08-12,0.09002,0.09569,0.09,0.0956,7700000,709985.4,EQNL
2011-08-15,0.09593,0.09975,0.09461,0.0991,6800000,670483.8,EQNL
2011-08-16,0.10465,0.1121,0.09002,0.0993,3470000,343366.4,EQBS
2011-08-17,0.10434,0.10434,0.096,0.09898,29490000,2926550.6,EQBS
2011-08-18,0.09762,0.09949,0.09055,0.09555,3420000,323984.5,EQBS
2011-08-19,0.10347,0.10347,0.09002,0.094,8380000,783993.7,EQBS
2011-08-22,0.10147,0.10147,0.08904,0.091,21160000,1930370.7,EQBS
2011-08-23,0.0928,0.0937,0.08513,0.088,55400000,4970121.5,EQBS
2011-08-24,0.09622,0.09622,0.08406,0.0856,28620000,2477429.5,EQBS
2011-08-25,0.07364,0.08697,0.07364,0.083,25410000,2116996.5,EQBS
2011-08-26,0.07501,0.08415,0.07501,0.0839,36080000,2916941.0,EQBS
2011-08-29,0.08399,0.0875,0.08289,0.08408,38330000,3260906.1,EQBS
2011-08-30,0.08699,0.08699,0.083,0.08398,33750000,2849993.1,EQBS
2011-08-31,0.085,0.08742,0.084,0.087,34550000,2937296.5,EQBS
2011-09-01,0.08747,0.0875,0.084,0.0875,29530000,2523275.3,EQBS
2011-09-02,0.08573,0.0893,0.08501,0.08708,6930000,603062.7,EQBS
2011-09-05,0.085,0.08909,0.084,0.08686,19450000,1706205.8,EQBS
2011-09-06,0.08799,0.0892,0.0813,0.08687,11160000,961574.0,EQBS
2011-09-07,0.088,0.09097,0.0875,0.08944,8760000,784508.4,EQBS
2011-09-08,0.09,0.0947,0.08999,0.09271,18360000,1706000.4,EQBS
2011-09-09,0.0937,0.095,0.09101,0.092,10800000,1003067.8,EQBS
2011-09-12,0.09197,0.09197,0.08741,0.08914,31440000,2762950.3,EQBS
2011-09-13,0.09,0.09385,0.08821,0.091,15190000,1370043.7,EQBS
2011-09-14,0.08833,0.0965,0.08805,0.095,135380000,12721007.8,EQBS
2011-09-15,0.095,0.105,0.095,0.101,74980000,7601133.6,EQBS
2011-09-16,0.10004,0.10015,0.09811,0.1,13290000,1328494.3,EQBS
2011-09-19,0.099,0.1045,0.099,0.101,23450000,2402144.4,EQBS
2011-09-20,0.10041,0.1049,0.10028,0.1049,10110000,1036557.8,EQBS
2011-09-21,0.1026,0.1049,0.1,0.10072,19380000,1957812.4,EQBS
2011-09-22,0.1,0.10052,0.08805,0.09183,8900000,836765.2,EQBS
2011-09-23,0.0861,0.08902,0.08552,0.08769,1960000,170245.7,EQBS
2011-09-26,0.08561,0.08884,0.08223,0.08611,5740000,495307.1,EQBS
2011-09-27,0.08862,0.09144,0.08739,0.08988,530000,47375.8,EQBS
2011-09-28,0.09099,0.09099,0.08648,0.08829,730000,63854.0,EQBS
2011-09-29,0.0867,0.091,0.0867,0.087,1780000,157561.6,EQBS
2011-09-30,0.08834,0.0886,0.08507,0.0851,3060000,267438.8,EQBS
2011-10-03,0.08647,0.08647,0.0812,0.085,5100000,424769.8,EQBS
2011-10-04,0.08882,0.08882,0.07832,0.07832,6690000,546327.6,EQBS
2011-10-05,0.07811,0.0799,0.077,0.0785,3450000,272613.0,EQBS
2011-10-06,0.08004,0.08157,0.079,0.08,1100000,87738.4,EQBS
2011-10-07,0.08005,0.083,0.08005,0.08274,3920000,323597.5,EQBS
2011-10-10,0.083,0.083,0.08009,0.083,1300000,105770.0,EQBS
2011-10-11,0.08155,0.08178,0.08,0.08065,3690000,297328.5,EQBS
2011-10-12,0.07999,0.083,0.07997,0.083,1130000,91590.8,EQBS
2011-10-13,0.08294,0.08768,0.08294,0.08515,7570000,643775.9,EQBS
2011-10-14,0.08611,0.08924,0.08611,0.087,8090000,705698.0,EQBS
2011-10-17,0.08642,0.08655,0.08276,0.08286,1690000,143173.8,EQBS
2011-10-18,0.08652,0.08659,0.084,0.08655,7170000,618217.8,EQBS
2011-10-19,0.086,0.08759,0.085,0.08699,5010000,433804.3,EQBS
2011-10-20,0.08517,0.08937,0.08502,0.08791,10510000,928960.1,EQBS
2011-10-21,0.08545,0.08799,0.085,0.08697,11790000,1007912.7,EQBS
2011-10-24,0.08979,0.09698,0.08728,0.09184,6710000,607962.4,EQBS
2011-10-25,0.0905,0.09699,0.09033,0.09121,5190000,483853.1,EQBS
2011-10-26,0.09417,0.09699,0.09101,0.09659,9390000,878824.4,EQBS
2011-10-27,0.09569,0.09649,0.09102,0.09285,6810000,637257.3,EQBS
2011-10-28,0.09291,0.093,0.0902,0.09145,10410000,949926.3,EQBS
2011-10-31,0.09002,0.09159,0.08802,0.08878,9590000,857993.0,EQBS
2011-11-01,0.08889,0.09008,0.08567,0.08567,9140000,797042.3,EQBS
2011-11-02,0.08492,0.089,0.0846,0.08786,1890000,164311.2,EQBS
2011-11-03,0.0889,0.09391,0.08401,0.0907,14430000,1286709.4,EQBS
2011-11-07,0.09383,0.09694,0.09103,0.0955,11830000,1120628.1,EQBS
2011-11-08,0.09778,0.1037,0.09565,0.0968,9800000,983453.0,EQBS
2011-11-09,0.0972,0.10275,0.09122,0.0923,5640000,539164.8,EQBS
2011-11-10,0.0904,0.09899,0.08999,0.09674,6480000,594047.4,EQBS
2011-11-11,0.09674,0.09674,0.096,0.0963,1200000,115697.7,EQBS
2011-11-14,0.09673,0.097,0.095,0.097,11370000,1093259.1,EQBS
2011-11-15,0.097,0.097,0.09301,0.095,3510000,330515.0,EQBS
2011-11-16,0.0922,0.095,0.09,0.0925,14560000,1330824.6,EQBS
2011-11-17,0.09063,0.09261,0.08854,0.092,7820000,716927.8,EQBS
2011-11-18,0.08951,0.091,0.0895,0.09058,510000,45946.5,EQBS
2011-11-21,0.08891,0.09049,0.0889,0.0889,1230000,109733.6,EQBS
2011-11-22,0.08892,0.09,0.08892,0.09,3720000,334788.3,EQBS
2011-11-23,0.0922,0.09226,0.089,0.089,10650000,970313.5,EQBS
2011-11-24,0.0923,0.09287,0.089,0.089,17640000,1605839.6,EQBS
2011-11-25,0.089,0.08979,0.089,0.089,780000,69430.3,EQBS
2011-11-28,0.08956,0.09348,0.08939,0.09251,10360000,936330.1,EQBS
2011-11-29,0.09418,0.0975,0.09301,0.0949,5620000,536535.8,EQBS
2011-11-30,0.0949,0.10001,0.09213,0.1,7340000,709730.1,EQBS
2011-12-01,0.09999,0.10899,0.09885,0.10703,37880000,4033941.7,EQBS
2011-12-02,0.10582,0.10711,0.1035,0.1035,10790000,1151291.9,EQBS
2011-12-05,0.1035,0.1035,0.1004,0.1006,3720000,376143.1,EQBS
2011-12-06,0.1006,0.10176,0.09921,0.10001,9430000,947875.8,EQBS
2011-12-07,0.0992,0.10151,0.0985,0.0985,7370000,736714.8,EQBS
2011-12-08,0.1,0.10455,0.09947,0.10018,5980000,601315.0,EQBS
2011-12-09,0.0989,0.10899,0.0953,0.0982,3640000,360742.0,EQBS
2011-12-12,0.09997,0.10301,0.095,0.095,12860000,1288763.3,EQBS
2011-12-13,0.096,0.09859,0.096,0.0965,10130000,982604.1,EQBS
2011-12-14,0.09634,0.09701,0.09501,0.096,1220000,117779.3,EQBS
2011-12-15,0.09207,0.095,0.09207,0.09401,600000,56676.4,EQBS
2011-12-16,0.09139,0.09585,0.09012,0.09546,12880000,1198112.6,EQBS
2011-12-19,0.09028,0.0948,0.09026,0.0948,1790000,163719.5,EQBS
2011-12-20,0.09194,0.09311,0.09,0.092,4630000,419129.4,EQBS
2011-12-21,0.09195,0.095,0.09085,0.092,12630000,1193692.7,EQBS
2011-12-22,0.09,0.09408,0.08852,0.09,9440000,849715.7,EQBS
2011-12-23,0.087,0.08979,0.08506,0.08507,1380000,119432.1,EQBS
2011-12-26,0.08517,0.08517,0.082,0.08232,3190000,264043.8,EQBS
2011-12-27,0.082,0.0824,0.08044,0.0822,10680000,870256.8,EQBS
2011-12-28,0.082,0.08256,0.08,0.081,12240000,997271.3,EQBS
2011-12-29,0.0807,0.09501,0.07548,0.095,25880000,2092581.5,EQBS
2011-12-30,0.08202,0.0975,0.08,0.08,85750000,7610086.1,EQBS
2012-01-03,0.08499,0.086,0.08399,0.0844,3040000,258570.2,EQBS
2012-01-04,0.08395,0.08473,0.0825,0.08283,1370000,114510.9,EQBS
2012-01-05,0.08353,0.0839,0.08353,0.0839,40000,3352.3,EQBS
2012-01-06,0.08349,0.08354,0.08301,0.08344,1640000,136875.6,EQBS
2012-01-09,0.0836,0.085,0.0836,0.085,530000,44703.6,EQBS
2012-01-10,0.08587,0.08693,0.08473,0.08546,2010000,171996.9,EQBS
2012-01-11,0.08539,0.0854,0.08291,0.08291,820000,69387.6,EQBS
2012-01-12,0.08349,0.08438,0.08319,0.0843,1200000,100311.3,EQBS
2012-01-13,0.08351,0.08354,0.082,0.0835,4700000,387728.8,EQBS
2012-01-16,0.08093,0.08309,0.08031,0.08181,1230000,100008.9,EQBS
2012-01-17,0.083,0.0842,0.083,0.08351,2670000,222401.5,EQBS
2012-01-18,0.08569,0.0857,0.08108,0.08254,1830000,150967.8,EQBS
2012-01-19,0.082,0.08541,0.08119,0.08541,1560000,129024.1,EQBS
2012-01-20,0.08287,0.083,0.08287,0.083,30000,2488.7,EQBS
2012-01-23,0.08251,0.08385,0.082,0.0838,1120000,92293.2,EQBS
2012-01-24,0.08201,0.08375,0.082,0.0835,7890000,655763.6,EQBS
2012-01-25,0.08359,0.0895,0.08205,0.086,16230000,1364216.8,EQBS
2012-01-26,0.08517,0.09001,0.085,0.0885,6880000,607969.1,EQBS
2012-01-27,0.08991,0.09359,0.08891,0.09021,6750000,618236.5,EQBS
2012-01-30,0.09298,0.096,0.08848,0.08849,6920000,637545.3,EQBS
2012-01-31,0.0906,0.0935,0.09,0.092,11180000,1026144.5,EQBS
2012-02-01,0.09399,0.09497,0.09242,0.09321,18710000,1766264.3,EQBS
2012-02-02,0.09303,0.0955,0.09253,0.0935,12530000,1194814.7,EQBS
2012-02-03,0.09353,0.09899,0.0935,0.098,17030000,1627896.7,EQBS
2012-02-06,0.0902,0.09931,0.0902,0.09662,5090000,489308.8,EQBS
2012-02-07,0.09835,0.09841,0.098,0.098,4450000,437011.2,EQBS
2012-02-08,0.09948,0.09949,0.09805,0.09805,1870000,184036.3,EQBS
2012-02-09,0.0965,0.0995,0.0945,0.09695,5130000,501886.0,EQBS
2012-02-10,0.096,0.096,0.09421,0.09501,3970000,378362.0,EQBS
2012-02-13,0.095,0.09839,0.095,0.097,5780000,565317.7,EQBS
2012-02-14,0.09758,0.09766,0.096,0.09766,890000,85512.0,EQBS
2012-02-15,0.09703,0.0975,0.09615,0.09679,1270000,122712.0,EQBS
2012-02-16,0.09609,0.098,0.0954,0.098,1810000,174350.6,EQBS
2012-02-17,0.09899,0.099,0.09803,0.0981,5030000,497278.3,EQBS
2012-02-20,0.09811,0.10001,0.098,0.1,7600000,756711.7,EQBS
2012-02-21,0.09929,0.1009,0.0942,0.098,14220000,1400766.6,EQBS
2012-02-22,0.098,0.098,0.0965,0.09655,520000,50468.2,EQBS
2012-02-24,0.09647,0.1,0.0953,0.09731,3880000,378235.6,EQBS
2012-02-27,0.099,0.1,0.098,0.098,3400000,336922.4,EQBS
2012-02-28,0.09866,0.10499,0.09675,0.103,36710000,3707529.7,EQBS
2012-02-29,0.10181,0.10443,0.1,0.10363,4240000,433483.7,EQBS
2012-03-01,0.10022,0.10439,0.10021,0.10439,14780000,1527704.3,EQBS
2012-03-02,0.1044,0.1044,0.10081,0.1035,6100000,628207.3,EQBS
2012-03-05,0.10264,0.107,0.10202,0.10555,8200000,859162.5,EQBS
2012-03-06,0.10632,0.10695,0.102,0.10303,5640000,589153.5,EQBS
2012-03-07,0.102,0.1087,0.102,0.1087,15820000,1675025.6,EQBS
2012-03-11,0.1087,0.118,0.1087,0.11279,24490000,2780494.8,EQBS
2012-03-12,0.11069,0.11599,0.1073,0.11598,8810000,979337.5,EQBS
2012-03-13,0.116,0.1195,0.11438,0.11772,96910000,11421763.7,EQBS
2012-03-14,0.11972,0.12375,0.11972,0.12298,34740000,4250373.4,EQBS
2012-03-15,0.1242,0.1257,0.1235,0.12497,6710000,835783.4,EQBS
2012-03-16,0.126,0.127,0.117,0.1219,22480000,2722142.5,EQBS
2012-03-19,0.12391,0.12479,0.12,0.12127,4550000,552223.2,EQBS
2012-03-20,0.12025,0.123,0.11301,0.11998,66160000,7982573.8,EQBS
2012-03-21,0.11744,0.1216,0.11312,0.1196,4170000,490943.6,EQBS
2012-03-22,0.11422,0.11998,0.11422,0.119,14270000,1670265.9,EQBS
2012-03-23,0.11485,0.11997,0.11485,0.11997,550000,64674.2,EQBS
2012-03-26,0.11999,0.12221,0.118,0.1222,33250000,4030355.4,EQBS
2012-03-27,0.1223,0.123,0.11999,0.122,21010000,2557630.3,EQBS
2012-03-28,0.12,0.122,0.1163,0.1199,2580000,310588.8,EQBS
2012-03-29,0.11431,0.12003,0.11431,0.1151,22490000,2695614.5,EQBS
2012-03-30,0.11986,0.12,0.1152,0.118,4080000,484858.7,EQBS
2012-04-02,0.118,0.1199,0.11105,0.11444,7250000,840412.9,EQBS
2012-04-03,0.11499,0.11791,0.11299,0.11791,2830000,323976.4,EQBS
2012-04-04,0.11276,0.11665,0.10801,0.10819,8220000,908120.6,EQBS
2012-04-05,0.10932,0.11076,0.10498,0.10688,4260000,456889.0,EQBS
2012-04-06,0.10689,0.1098,0.10332,0.10355,2960000,310720.8,EQBS
2012-04-09,0.10362,0.10785,0.1015,0.10327,870000,90480.7,EQBS
2012-04-10,0.10111,0.10594,0.101,0.10118,3680000,376851.0,EQBS
2012-04-11,0.10004,0.10138,0.09819,0.09908,25240000,2517097.4,EQBS
2012-04-12,0.09757,0.10111,0.09756,0.1001,9500000,942433.2,EQBS
2012-04-13,0.10239,0.1057,0.10204,0.1057,4110000,422490.3,EQBS
2012-04-16,0.10103,0.1075,0.10103,0.10697,8520000,895378.2,EQBS
2012-04-17,0.10102,0.10799,0.10102,0.10398,1000000,102699.0,EQBS
2012-04-18,0.10498,0.105,0.10401,0.10401,1490000,156329.0,EQBS
2012-04-19,0.10105,0.10502,0.10101,0.1017,370000,38054.4,EQBS
2012-04-20,0.1017,0.10359,0.09952,0.101,530000,53532.6,EQBS
2012-04-23,0.10061,0.10061,0.09809,0.09809,250000,24740.7,EQBS
2012-04-24,0.099,0.09998,0.09263,0.095,1840000,177337.0,EQBS
2012-04-25,0.09896,0.1019,0.09739,0.10101,13780000,1362466.0,EQBS
2012-04-26,0.10101,0.10102,0.101,0.101,5770000,582773.0,EQBS
2012-04-27,0.09681,0.10295,0.0968,0.10011,800000,80068.0,EQBS
2012-04-28,0.10199,0.10227,0.10044,0.10045,530000,54047.0,EQBS
2012-05-02,0.1023,0.107,0.1015,0.10154,7350000,760470.7,EQBS
2012-05-03,0.09921,0.1,0.097,0.1,28610000,2859780.3,EQBS
2012-05-04,0.09266,0.09677,0.09266,0.095,80000,7665.3,EQBS
2012-05-05,0.10299,0.10299,0.0873,0.08989,17500000,1576662.0,EQBS
2012-05-07,0.09792,0.09792,0.0879,0.09111,300000,27521.3,EQBS
2012-05-10,0.08816,0.09,0.08636,0.08978,28250000,2457776.6,EQBS
2012-05-11,0.08699,0.087,0.07751,0.08,25010000,2023110.5,EQBS
2012-05-12,0.08044,0.08094,0.08,0.08,590000,47377.4,EQBS
2012-05-14,0.08,0.08,0.07599,0.07613,2880000,222662.9,EQBS
2012-05-15,0.07602,0.07602,0.07221,0.073,17890000,1307523.9,EQBS
2012-05-16,0.07203,0.0728,0.0688,0.0721,3670000,259455.0,EQBS
2012-05-17,0.06917,0.0729,0.0685,0.06975,5190000,359712.7,EQBS
2012-05-18,0.0695,0.07199,0.06836,0.07174,4440000,308602.2,EQBS
2012-05-21,0.07399,0.07399,0.06913,0.0723,3790000,267172.9,EQBS
2012-05-22,0.072,0.072,0.072,0.072,10000,720.0,EQBS
2012-05-23,0.07025,0.07025,0.06837,0.06837,1420000,97949.0,EQBS
2012-05-24,0.07055,0.07055,0.0654,0.0659,4180000,277996.2,EQBS
2012-05-25,0.0643,0.06587,0.061,0.06371,6390000,402907.7,EQBS
2012-05-28,0.06342,0.06449,0.062,0.062,670000,42489.4,EQBS
2012-05-29,0.06214,0.06214,0.05502,0.05936,22720000,1345292.7,EQBS
2012-05-30,0.059,0.05998,0.055,0.05753,14540000,818700.9,EQBS
2012-05-31,0.05518,0.057,0.053,0.057,41120000,2266019.3,EQBS
2012-06-01,0.05695,0.05695,0.053,0.05447,5870000,318010.4,EQBS
2012-06-04,0.06114,0.06114,0.05272,0.05695,810000,44108.8,EQBS
2012-06-05,0.0536,0.05968,0.0536,0.05615,6400000,359466.5,EQBS
2012-06-06,0.05799,0.059,0.05579,0.0588,2270000,129593.8,EQBS
2012-06-07,0.05899,0.05988,0.05652,0.05988,10180000,599430.1,EQBS
2012-06-08,0.05884,0.0608,0.05575,0.05874,480000,28538.7,EQBS
2012-06-09,0.05562,0.06125,0.05562,0.05893,4810000,290516.5,EQBS
2012-06-13,0.05814,0.062,0.05751,0.05952,3680000,223341.9,EQBS
2012-06-14,0.06087,0.06087,0.05703,0.05821,590000,34458.7,EQBS
2012-06-15,0.05852,0.0605,0.05801,0.0605,1420000,84005.5,EQBS
2012-06-18,0.0605,0.06458,0.059,0.06087,18910000,1141610.3,EQBS
2012-06-19,0.06076,0.06076,0.05998,0.06049,890000,53424.9,EQBS
2012-06-20,0.06037,0.06037,0.05801,0.05976,4820000,283167.6,EQBS
2012-06-21,0.05844,0.06051,0.05843,0.05951,510000,30038.7,EQBS
2012-06-22,0.05842,0.0593,0.05751,0.058,2000000,116229.4,EQBS
2012-06-25,0.05799,0.05799,0.0556,0.0565,4720000,268334.4,EQBS
2012-06-26,0.05533,0.05748,0.05452,0.05459,7840000,431857.1,EQBS
2012-06-27,0.06201,0.06201,0.05415,0.05744,16240000,894515.9,EQBS
2012-06-28,0.058,0.07353,0.0572,0.05777,56440000,3506014.9,EQBS
2012-06-29,0.05783,0.06,0.05749,0.0585,42620000,2458366.4,EQBS
2012-07-02,0.05957,0.05961,0.058,0.05826,6740000,394043.0,EQBS
2012-07-03,0.0585,0.061,0.05757,0.06099,28550000,1679074.4,EQBS
2012-07-04,0.0613,0.06348,0.0605,0.06054,20600000,1258925.2,EQBS
2012-07-05,0.06099,0.06099,0.05836,0.0588,21430000,1283430.1,EQBS
2012-07-06,0.05897,0.061,0.058,0.05968,15790000,948452.2,EQBS
2012-07-09,0.0595,0.06048,0.0578,0.05999,141400000,8428742.8,EQBS
2012-07-10,0.0595,0.06198,0.0595,0.06195,74730000,4484176.1,EQBS
2012-07-11,0.06358,0.06394,0.0604,0.063,6440000,398175.5,EQBS
2012-07-12,0.062,0.06394,0.06155,0.0638,1920000,119360.7,EQBS
2012-07-13,0.0633,0.0655,0.06329,0.0655,7090000,457199.6,EQBS
2012-07-16,0.06551,0.068,0.06501,0.06541,14850000,1005517.7,EQBS
2012-07-17,0.068,0.07095,0.0657,0.068,109570000,7566231.2,EQBS
2012-07-18,0.06995,0.071,0.06888,0.0702,83910000,5872092.3,EQBS
2012-07-19,0.07155,0.073,0.07017,0.0726,12240000,887101.4,EQBS
2012-07-20,0.073,0.07599,0.073,0.07504,56970000,4264284.1,EQBS
2012-07-23,0.07357,0.07357,0.06602,0.0722,78160000,5684018.9,EQBS
2012-07-24,0.07219,0.07595,0.07219,0.07225,2840000,205294.2,EQBS
2012-07-25,0.07221,0.07298,0.0722,0.0722,8490000,612993.9,EQBS
2012-07-26,0.07299,0.07299,0.0722,0.07225,1550000,111920.0,EQBS
2012-07-27,0.07239,0.074,0.0722,0.0722,5300000,383907.9,EQBS
2012-07-30,0.07218,0.07397,0.07218,0.0722,5090000,367546.3,EQBS
2012-07-31,0.07012,0.07193,0.07012,0.07193,350000,25035.0,EQBS
2012-08-01,0.072,0.072,0.06815,0.06969,4390000,308502.4,EQBS
2012-08-02,0.0691,0.06919,0.06831,0.0687,220000,15149.8,EQBS
2012-08-03,0.06762,0.06872,0.0675,0.06872,1120000,75822.9,EQBS
2012-08-06,0.06909,0.07013,0.0681,0.0693,730000,50337.4,EQBS
2012-08-07,0.06869,0.06929,0.06862,0.06929,30000,2066.0,EQBS
2012-08-08,0.06851,0.07078,0.0675,0.06815,7520000,512801.4,EQBS
2012-08-09,0.06809,0.0709,0.06809,0.06825,3910000,268341.5,EQBS
2012-08-10,0.06971,0.06971,0.06625,0.06776,1150000,77335.9,EQBS
2012-08-13,0.06614,0.06799,0.0648,0.06484,7990000,523497.1,EQBS
2012-08-14,0.0655,0.0655,0.06001,0.064,19180000,1209765.1,EQBS
2012-08-15,0.06399,0.06535,0.06353,0.06433,19750000,1268168.8,EQBS
2012-08-16,0.06434,0.06749,0.06434,0.06448,4270000,281012.2,EQBS
2012-08-17,0.06453,0.06516,0.06401,0.065,7230000,467648.5,EQBS
2012-08-20,0.06545,0.0659,0.06455,0.06455,2140000,139494.2,EQBS
2012-08-21,0.06508,0.06699,0.065,0.06555,10700000,702044.2,EQBS
2012-08-22,0.06549,0.06555,0.0646,0.0653,8010000,518635.5,EQBS
2012-08-23,0.06694,0.06891,0.06512,0.0689,7930000,536572.6,EQBS
2012-08-24,0.06899,0.07105,0.06855,0.07101,35890000,2508107.6,EQBS
2012-08-27,0.06981,0.07006,0.0698,0.07006,130000,9078.8,EQBS
2012-08-28,0.0703,0.071,0.06877,0.06942,1160000,81522.8,EQBS
2012-08-29,0.06812,0.06947,0.06809,0.06947,690000,47003.9,EQBS
2012-08-30,0.06816,0.06897,0.066,0.06769,1570000,105215.0,EQBS
2012-08-31,0.06651,0.071,0.0659,0.071,2440000,167153.3,EQBS
2012-09-03,0.06997,0.07,0.06961,0.07,110000,7695.5,EQBS
2012-09-04,0.06773,0.06995,0.06773,0.06939,540000,36974.7,EQBS
2012-09-05,0.0681,0.071,0.0681,0.07001,1650000,115848.7,EQBS
2012-09-06,0.07001,0.07001,0.07001,0.07001,170000,11901.7,EQBS
2012-09-07,0.0701,0.07106,0.07006,0.07006,2100000,147793.4,EQBS
2012-09-10,0.06995,0.074,0.06903,0.07306,97990000,7084746.1,EQBS
2012-09-11,0.07287,0.07298,0.07249,0.0725,13610000,986932.7,EQBS
2012-09-12,0.07252,0.076,0.07251,0.07506,125480000,9465423.3,EQBS
2012-09-13,0.07568,0.0769,0.07517,0.07602,4290000,327939.5,EQBS
2012-09-14,0.07744,0.07999,0.07672,0.078,66950000,5227211.7,EQBS
2012-09-17,0.07757,0.07777,0.07703,0.07708,1000000,77217.6,EQBS
2012-09-18,0.07712,0.07799,0.07696,0.077,1690000,130385.5,EQBS
2012-09-19,0.07689,0.07689,0.07499,0.0755,7300000,548114.2,EQBS
2012-09-20,0.07246,0.0775,0.07238,0.07655,1250000,95132.5,EQBS
2012-09-21,0.07587,0.078,0.075,0.07749,63830000,4926828.4,EQBS
2012-09-24,0.076,0.08,0.0755,0.0755,2000000,151960.7,EQBS
2012-09-25,0.07619,0.07674,0.07515,0.0758,8100000,612244.6,EQBS
2012-09-26,0.07318,0.07502,0.071,0.07155,7090000,517735.0,EQBS
2012-09-27,0.0716,0.074,0.07022,0.073,10200000,747488.5,EQBS
2012-09-28,0.0745,0.07584,0.0725,0.07584,35540000,2578733.9,EQBS
2012-10-01,0.07432,0.0754,0.07224,0.0754,3600000,268761.4,EQBS
2012-10-02,0.074,0.07569,0.073,0.07377,5680000,420112.4,EQBS
2012-10-03,0.0731,0.0755,0.0731,0.0755,2950000,220680.0,EQBS
2012-10-04,0.07499,0.07499,0.07499,0.07499,10000,749.9,EQBS
2012-10-05,0.07214,0.075,0.07214,0.0745,7900000,586749.4,EQBS
2012-10-08,0.07397,0.07403,0.07397,0.07403,30000,2219.9,EQBS
2012-10-09,0.07413,0.0778,0.0736,0.076,4630000,348255.0,EQBS
2012-10-10,0.07213,0.077,0.07201,0.076,8420000,638967.2,EQBS
2012-10-11,0.07679,0.07679,0.075,0.07511,1790000,135461.1,EQBS
2012-10-12,0.07507,0.07552,0.075,0.07501,13730000,1029796.1,EQBS
2012-10-15,0.07389,0.07431,0.0735,0.07429,1270000,93967.0,EQBS
2012-10-16,0.075,0.07503,0.075,0.07502,230000,17254.4,EQBS
2012-10-17,0.07371,0.07701,0.07354,0.07701,13420000,1031007.4,EQBS
2012-10-18,0.07848,0.07851,0.075,0.075,45880000,3600188.0,EQBS
2012-10-19,0.07402,0.07402,0.07401,0.07401,20000,1480.3,EQBS
2012-10-22,0.07303,0.07303,0.07303,0.07303,10000,730.3,EQBS
2012-10-23,0.07304,0.09419,0.07227,0.08062,8300000,726375.7,EQBS
2012-10-24,0.0841,0.088,0.0782,0.08028,13750000,1148641.9,EQBS
2012-10-25,0.07915,0.07915,0.075,0.07511,12450000,938509.9,EQBS
2012-10-26,0.06598,0.07598,0.06598,0.07227,19910000,1437712.5,EQBS
2012-10-29,0.08163,0.08163,0.072,0.07222,150000,11007.0,EQBS
2012-10-30,0.07199,0.07201,0.0707,0.0707,11390000,813569.1,EQBS
2012-10-31,0.07988,0.07988,0.06941,0.07,8520000,593385.9,EQBS
2012-11-01,0.06106,0.0727,0.06106,0.0704,6250000,431846.5,EQBS
2012-11-02,0.06123,0.07329,0.06123,0.0718,6110000,425432.2,EQBS
2012-11-06,0.07149,0.07185,0.0714,0.07185,4900000,350350.8,EQBS
2012-11-07,0.07104,0.07139,0.07005,0.07091,7150000,502593.5,EQBS
2012-11-08,0.07,0.0703,0.0695,0.07,3090000,215496.9,EQBS
2012-11-09,0.07,0.07,0.06988,0.06988,78290000,5480185.2,EQBS
2012-11-12,0.06916,0.07001,0.06916,0.07,9600000,671996.8,EQBS
2012-11-13,0.06999,0.071,0.0697,0.07085,89820000,6361280.7,EQBS
2012-11-14,0.07,0.07,0.069,0.0695,4120000,286215.5,EQBS
2012-11-15,0.07851,0.07851,0.06897,0.0695,8100000,565226.7,EQBS
2012-11-16,0.0699,0.07,0.06955,0.06955,2340000,163589.7,EQBS
2012-11-19,0.07,0.07,0.06906,0.07,5330000,373086.5,EQBS
2012-11-20,0.06916,0.06916,0.06915,0.06915,9000000,622351.1,EQBS
2012-11-21,0.0699,0.07049,0.069,0.06928,16130000,1114190.2,EQBS
2012-11-22,0.06036,0.07096,0.06036,0.06948,3560000,249379.4,EQBS
2012-11-23,0.07625,0.07625,0.06937,0.07,17010000,1190752.6,EQBS
2012-11-26,0.06092,0.07,0.06092,0.07,21760000,1515108.8,EQBS
2012-11-27,0.07095,0.07095,0.07035,0.0707,5760000,406083.5,EQBS
2012-11-28,0.07008,0.0725,0.07008,0.0725,12460000,900441.1,EQBS
2012-11-29,0.073,0.073,0.07021,0.07128,15150000,1090436.1,EQBS
2012-11-30,0.07149,0.07373,0.07149,0.0721,8850000,648342.3,EQBS
2012-12-03,0.072,0.075,0.072,0.07492,38360000,2803276.9,EQBS
2012-12-04,0.07365,0.074,0.073,0.074,23160000,1713617.1,EQBS
2012-12-05,0.0735,0.0735,0.0735,0.0735,150000,11025.0,EQBS
2012-12-06,0.074,0.074,0.074,0.074,1500000,111000.0,EQBS
2012-12-07,0.07201,0.074,0.07028,0.0739,650000,47416.2,EQBS
2012-12-10,0.07393,0.07417,0.07299,0.07315,2800000,205426.3,EQBS
2012-12-11,0.07296,0.07485,0.07013,0.07189,4380000,314871.3,EQBS
2012-12-12,0.07248,0.0725,0.0705,0.07175,36070000,2587803.7,EQBS
2012-12-13,0.07152,0.073,0.0715,0.07198,6170000,449277.4,EQBS
2012-12-14,0.0719,0.0725,0.07028,0.07097,31690000,2283452.6,EQBS
2012-12-17,0.06191,0.07199,0.06191,0.07058,17810000,1277259.9,EQBS
2012-12-18,0.07059,0.0805,0.07059,0.08048,91460000,6829833.4,EQBS
2012-12-19,0.08052,0.0815,0.07731,0.07736,28520000,2282617.0,EQBS
2012-12-20,0.0762,0.0798,0.07579,0.07955,25190000,1993972.6,EQBS
2012-12-21,0.07773,0.0783,0.07343,0.07653,11100000,835367.6,EQBS
2012-12-24,0.07511,0.07979,0.075,0.0777,89550000,6925698.0,EQBS
2012-12-25,0.07611,0.07775,0.076,0.077,3270000,250470.6,EQBS
2012-12-26,0.076,0.0785,0.07501,0.07733,30900000,2413597.6,EQBS
2012-12-27,0.07668,0.0767,0.07546,0.07546,4710000,359659.0,EQBS
2012-12-28,0.07598,0.0762,0.07204,0.07567,7660000,573129.8,EQBS
2013-01-08,0.07611,0.07776,0.07536,0.077,7300000,561082.3,EQBS
2013-01-09,0.077,0.07882,0.07599,0.07604,3530000,270185.4,EQBS
2013-01-10,0.076,0.078,0.07584,0.07761,23550000,1836132.2,EQBS
2013-01-11,0.078,0.07916,0.07724,0.07851,330000,25988.4,EQBS
2013-01-14,0.0785,0.08,0.078,0.07973,710000,56186.6,EQBS
2013-01-15,0.07948,0.08,0.07926,0.08,840000,67007.3,EQBS
2013-01-16,0.07909,0.081,0.07909,0.081,19680000,1585942.7,EQBS
2013-01-17,0.08,0.08447,0.08,0.084,15380000,1265759.4,EQBS
2013-01-18,0.08047,0.0864,0.08047,0.085,9580000,806291.6,EQBS
2013-01-21,0.08544,0.08693,0.085,0.0854,6700000,571608.2,EQBS
2013-01-22,0.08508,0.08574,0.085,0.08533,14190000,1208092.0,EQBS
2013-01-23,0.08532,0.08608,0.0821,0.08343,10580000,888281.4,EQBS
2013-01-24,0.0834,0.0834,0.082,0.08229,32350000,2662992.6,EQBS
2013-01-25,0.0825,0.0825,0.08005,0.0802,15670000,1265962.5,EQBS
2013-01-28,0.0803,0.08188,0.07873,0.0788,33360000,2648150.3,EQBS
2013-01-29,0.08896,0.08896,0.07948,0.08003,41850000,3348014.1,EQBS
2013-01-30,0.06953,0.08052,0.06953,0.0791,27080000,2164261.5,EQBS
2013-01-31,0.06891,0.0799,0.06891,0.07761,9540000,742500.5,EQBS
2013-02-01,0.06802,0.0798,0.06802,0.0788,2270000,177215.0,EQBS
2013-02-04,0.07924,0.07924,0.0782,0.07894,39220000,3071231.9,EQBS
2013-02-05,0.078,0.08041,0.07714,0.0795,2760000,216480.5,EQBS
2013-02-06,0.08109,0.08178,0.07956,0.08,4320000,347076.5,EQBS
2013-02-07,0.0799,0.08112,0.0799,0.08112,680000,55087.2,EQBS
2013-02-08,0.07925,0.08008,0.07925,0.08,620000,49259.9,EQBS
2013-02-11,0.08,0.08118,0.07927,0.08118,3070000,244744.2,EQBS
2013-02-12,0.08,0.083,0.0794,0.083,16420000,1339758.2,EQBS
2013-02-13,0.083,0.087,0.083,0.08541,37630000,3234635.2,EQBS
2013-02-14,0.08599,0.09035,0.08512,0.0896,71540000,6387146.3,EQBS
2013-02-15,0.09025,0.094,0.09014,0.092,20170000,1856670.4,EQBS
2013-02-18,0.09056,0.094,0.09056,0.09108,2180000,200027.3,EQBS
2013-02-19,0.09107,0.0915,0.08999,0.09,470000,42649.1,EQBS
2013-02-20,0.0908,0.09285,0.08604,0.08613,7160000,646275.3,EQBS
2013-02-21,0.08564,0.08944,0.08552,0.08552,25790000,2248963.9,EQBS
2013-02-22,0.08599,0.08898,0.08306,0.08649,15490000,1321665.9,EQBS
2013-02-25,0.08804,0.08883,0.0852,0.08865,14380000,1242007.2,EQBS
2013-02-26,0.08769,0.08769,0.08484,0.086,17020000,1473503.9,EQBS
2013-02-27,0.08451,0.09184,0.08451,0.0885,16280000,1436810.4,EQBS
2013-02-28,0.08778,0.092,0.087,0.0884,12630000,1131542.2,EQBS
2013-03-01,0.09921,0.09921,0.0865,0.087,3780000,332138.1,EQBS
2013-03-04,0.08657,0.08657,0.08462,0.08501,6460000,549876.7,EQBS
2013-03-05,0.09554,0.09554,0.08513,0.08602,2610000,224342.3,EQBS
2013-03-06,0.07316,0.08611,0.07316,0.08599,1680000,142797.8,EQBS
2013-03-07,0.09404,0.09404,0.08455,0.08501,90000,7804.7,EQBS
2013-03-11,0.08501,0.08652,0.08501,0.08617,130000,11128.8,EQBS
2013-03-12,0.09415,0.09415,0.08314,0.0848,3320000,280882.3,EQBS
2013-03-13,0.08402,0.085,0.084,0.0842,2010000,169809.2,EQBS
2013-03-14,0.08451,0.08451,0.08299,0.08299,4390000,364925.5,EQBS
2013-03-15,0.08275,0.08275,0.08101,0.08101,1900000,154729.9,EQBS
2013-03-18,0.08101,0.08149,0.07913,0.0795,2790000,223964.2,EQBS
2013-03-19,0.07951,0.0805,0.07951,0.0805,1090000,87029.1,EQBS
2013-03-20,0.08,0.08,0.0795,0.07956,2090000,166191.7,EQBS
2013-03-21,0.07999,0.07999,0.07901,0.07901,2760000,219230.3,EQBS
2013-03-22,0.079,0.079,0.0775,0.0775,2610000,203064.4,EQBS
2013-03-25,0.07725,0.07793,0.0725,0.0762,4300000,321705.1,EQBS
2013-03-26,0.07349,0.07349,0.071,0.07112,6400000,461882.6,EQBS
2013-03-27,0.07001,0.07001,0.06552,0.07,20530000,1399866.3,EQBS
2013-03-28,0.068,0.07099,0.068,0.07099,22750000,1577819.4,EQBS
2013-03-29,0.0702,0.072,0.0702,0.07047,3760000,266057.0,EQBS
2013-04-01,0.07005,0.07029,0.06872,0.06872,1100000,76794.6,EQBS
2013-04-02,0.07017,0.07017,0.068,0.068,2180000,149149.9,EQBS
2013-04-03,0.0677,0.0677,0.06607,0.06642,3030000,201586.7,EQBS
2013-04-04,0.07443,0.07443,0.061,0.06307,29730000,1920886.0,EQBS
2013-04-05,0.063,0.06392,0.06222,0.0623,1130000,71374.3,EQBS
2013-04-08,0.0565,0.06343,0.0565,0.06158,1600000,99279.3,EQBS
2013-04-09,0.06145,0.06145,0.0605,0.06134,4160000,253783.7,EQBS
2013-04-10,0.06189,0.06198,0.06033,0.06129,450000,27792.1,EQBS
2013-04-11,0.0607,0.06096,0.05761,0.0578,4970000,291040.9,EQBS
2013-04-12,0.05127,0.0598,0.05127,0.056,12840000,718810.3,EQBS
2013-04-15,0.05502,0.05604,0.0498,0.0505,21680000,1111585.9,EQBS
2013-04-16,0.04374,0.05045,0.04374,0.04857,31160000,1534436.5,EQBS
2013-04-17,0.0531,0.0531,0.0458,0.04699,18710000,875533.2,EQBS
2013-04-18,0.04721,0.04721,0.045,0.0452,28860000,1311039.8,EQBS
2013-04-19,0.04549,0.0476,0.045,0.04545,38310000,1740594.6,EQBS
2013-04-22,0.04545,0.0458,0.0431,0.04433,17340000,778161.4,EQBS
2013-04-23,0.04432,0.0445,0.04385,0.04449,13790000,609329.0,EQBS
2013-04-24,0.045,0.04728,0.045,0.04699,79480000,3593493.1,EQBS
2013-04-25,0.04619,0.049,0.04619,0.04691,48790000,2308218.6,EQBS
2013-04-26,0.05111,0.05111,0.0462,0.0472,6410000,301143.2,EQBS
2013-04-29,0.0469,0.04945,0.0469,0.0474,810000,39205.7,EQBS
2013-04-30,0.0474,0.04938,0.047,0.04852,16550000,801544.3,EQBS
2013-05-02,0.0485,0.0496,0.0485,0.0496,16340000,808257.4,EQBS
2013-05-03,0.05184,0.05185,0.05,0.0509,9650000,485608.4,EQBS
2013-05-06,0.0503,0.0503,0.04994,0.0501,6530000,326596.9,EQBS
2013-05-07,0.0498,0.05044,0.0494,0.05043,57580000,2877992.1,EQBS
2013-05-08,0.0468,0.0468,0.0468,0.0468,390000,18252.0,EQBS
2013-05-10,0.05,0.052,0.0493,0.05111,12900000,655499.3,EQBS
2013-05-13,0.0512,0.0512,0.0495,0.0495,1990000,99258.3,EQBS
2013-05-14,0.04985,0.05448,0.049,0.05092,10550000,530267.1,EQBS
2013-05-15,0.05057,0.05057,0.04957,0.0499,1770000,88252.9,EQBS
2013-05-16,0.0497,0.0497,0.04837,0.04838,2470000,120214.0,EQBS
2013-05-17,0.04919,0.04919,0.0489,0.049,1330000,65257.3,EQBS
2013-05-20,0.04925,0.05277,0.04884,0.0527,90170000,4554804.4,EQBS
2013-05-21,0.05287,0.05397,0.05106,0.05397,16970000,887615.3,EQBS
2013-05-22,0.05307,0.0595,0.053,0.0593,62200000,3530433.2,EQBS
2013-05-23,0.05434,0.06139,0.05434,0.05864,87060000,5135232.4,EQBS
2013-05-24,0.05903,0.061,0.05903,0.06023,2090000,127214.6,EQBS
2013-05-27,0.06096,0.06289,0.0591,0.06079,24220000,1460633.1,EQBS
2013-05-28,0.06181,0.0627,0.06,0.0627,21280000,1290490.1,EQBS
2013-05-29,0.06259,0.06333,0.06091,0.06289,5630000,353581.7,EQBS
2013-05-30,0.062,0.062,0.05858,0.059,14550000,865534.4,EQBS
2013-05-31,0.05898,0.0615,0.0565,0.0615,16620000,985269.9,EQBS
2013-06-03,0.05912,0.06088,0.05912,0.06088,40000,2382.4,EQBS
2013-06-04,0.06645,0.06645,0.0585,0.05999,2660000,157174.6,EQBS
2013-06-05,0.06,0.0609,0.05771,0.05924,23640000,1401493.6,EQBS
2013-06-06,0.05899,0.06396,0.055,0.05688,25110000,1476690.9,EQBS
2013-06-07,0.0564,0.0598,0.056,0.059,9560000,557731.5,EQBS
2013-06-10,0.06172,0.06172,0.058,0.0584,2750000,164078.9,EQBS
2013-06-11,0.059,0.05989,0.0575,0.0575,3750000,222699.3,EQBS
2013-06-13,0.057,0.05728,0.05601,0.05728,700000,39404.6,EQBS
2013-06-14,0.05655,0.0595,0.0555,0.05799,26320000,1507304.0,EQBS
2013-06-17,0.05747,0.05747,0.056,0.05625,3800000,214653.9,EQBS
2013-06-18,0.0555,0.05625,0.05525,0.05525,2250000,125723.8,EQBS
2013-06-19,0.056,0.05625,0.0559,0.0559,120000,6722.8,EQBS
2013-06-20,0.05576,0.05576,0.05576,0.05576,110000,6133.6,EQBS
2013-06-21,0.0555,0.05617,0.0555,0.05605,1490000,83184.7,EQBS
2013-06-24,0.05501,0.05547,0.05454,0.05547,1110000,60892.5,EQBS
2013-06-25,0.05463,0.05654,0.0545,0.05633,6390000,354005.0,EQBS
2013-06-26,0.056,0.05747,0.05599,0.05648,4980000,283793.1,EQBS
2013-06-27,0.0573,0.0573,0.057,0.057,1010000,57573.0,EQBS
2013-06-28,0.05697,0.05739,0.05225,0.05618,30830000,1673676.9,EQBS
2013-07-01,0.05556,0.05556,0.055,0.05536,330000,18242.0,EQBS
2013-07-02,0.05505,0.05522,0.05411,0.05522,6170000,337998.0,EQBS
2013-07-03,0.0547,0.057,0.054,0.05689,13120000,731449.5,EQBS
2013-07-04,0.05687,0.05689,0.05659,0.05689,16110000,912949.3,EQBS
2013-07-05,0.057,0.05744,0.05655,0.05744,340000,19440.4,EQBS
2013-07-08,0.0574,0.05789,0.0574,0.05789,190000,10927.6,EQBS
2013-07-09,0.057,0.057,0.056,0.056,1720000,96376.1,EQBS
2013-07-10,0.057,0.057,0.05621,0.05697,180000,10139.7,EQBS
2013-07-11,0.057,0.05819,0.05529,0.05799,27770000,1568156.9,EQBS
2013-07-12,0.05799,0.05838,0.05742,0.05827,6970000,405612.7,EQBS
2013-07-15,0.05844,0.05847,0.05786,0.05839,430000,25016.5,EQBS
2013-07-16,0.05845,0.05947,0.05845,0.05894,9490000,560468.8,EQBS
2013-07-17,0.05946,0.06025,0.05899,0.06025,26510000,1587478.7,EQBS
2013-07-18,0.06,0.0618,0.05929,0.0618,24680000,1497903.3,EQBS
2013-07-19,0.061,0.062,0.0604,0.06195,11410000,704885.3,EQBS
2013-07-22,0.06224,0.0623,0.061,0.062,2230000,138278.2,EQBS
2013-07-23,0.0618,0.06238,0.06117,0.0616,3130000,193586.6,EQBS
2013-07-24,0.06149,0.06149,0.06026,0.0604,360000,21831.5,EQBS
2013-07-25,0.06039,0.06039,0.0599,0.0599,480000,28803.3,EQBS
2013-07-26,0.05989,0.05989,0.05854,0.05949,1370000,81465.7,EQBS
2013-07-29,0.05987,0.05987,0.0561,0.05644,7800000,445034.7,EQBS
2013-07-30,0.05744,0.05773,0.05569,0.05719,6870000,389723.4,EQBS
2013-07-31,0.05798,0.059,0.0564,0.05793,3060000,177503.7,EQBS
2013-08-01,0.05702,0.0602,0.05702,0.05799,3500000,204430.9,EQBS
2013-08-02,0.05705,0.05794,0.05659,0.05749,1940000,111092.3,EQBS
2013-08-05,0.05743,0.05837,0.05561,0.05736,3940000,224000.6,EQBS
2013-08-06,0.05556,0.05726,0.054,0.05498,27380000,1497452.0,EQBS
2013-08-07,0.06098,0.06098,0.0541,0.05489,1710000,92873.2,EQBS
2013-08-08,0.05715,0.05715,0.05352,0.0541,1010000,54609.0,EQBS
2013-08-09,0.05614,0.05614,0.0535,0.05421,2260000,122097.6,EQBS
2013-08-12,0.05311,0.05396,0.052,0.053,9080000,482777.0,EQBS
2013-08-13,0.05218,0.05365,0.0515,0.05219,18030000,940558.4,EQBS
2013-08-14,0.05078,0.056,0.05078,0.055,9700000,519885.5,EQBS
2013-08-15,0.0541,0.0553,0.05203,0.053,7080000,373554.3,EQBS
2013-08-16,0.05205,0.0534,0.05205,0.05233,2880000,151961.1,EQBS
2013-08-19,0.05233,0.05233,0.0516,0.0518,6880000,355684.6,EQBS
2013-08-20,0.05293,0.05295,0.04945,0.05055,27620000,1403429.5,EQBS
2013-08-21,0.05122,0.05193,0.045,0.0506,30320000,1488395.9,EQBS
2013-08-22,0.0504,0.05188,0.04901,0.0504,7240000,364520.3,EQBS
2013-08-23,0.05169,0.0517,0.04977,0.05167,14290000,717124.4,EQBS
2013-08-26,0.05051,0.0506,0.0503,0.0506,2240000,113118.6,EQBS
2013-08-27,0.04977,0.04977,0.04977,0.04977,40000,1990.8,EQBS
2013-08-28,0.04975,0.05001,0.04975,0.05,810000,40498.7,EQBS
2013-08-29,0.05,0.05,0.0485,0.04927,21630000,1067176.7,EQBS
2013-08-30,0.0486,0.05097,0.04828,0.05097,46600000,2308597.5,EQBS
2013-09-02,0.05006,0.0501,0.05005,0.05005,290000,14515.3,TQBS
2013-09-03,0.04999,0.05,0.04783,0.048,5490000,270337.3,TQBS
2013-09-04,0.04893,0.04893,0.0445,0.04499,19720000,911497.2,TQBS
2013-09-05,0.04406,0.0456,0.04406,0.0454,2170000,97638.9,TQBS
2013-09-06,0.04567,0.04567,0.04409,0.0445,26440000,1178985.3,TQBS
2013-09-09,0.04538,0.04548,0.04401,0.0443,4320000,191396.6,TQBS
2013-09-10,0.04497,0.04499,0.04365,0.044,8720000,387272.6,TQBS
2013-09-11,0.04434,0.0455,0.04334,0.04349,27820000,1224054.2,TQBS
2013-09-12,0.04309,0.04309,0.04065,0.04137,64940000,2711790.4,TQBS
2013-09-13,0.0414,0.04175,0.0394,0.0399,24660000,990124.3,TQBS
2013-09-16,0.04,0.04179,0.03925,0.03925,10750000,426790.4,TQBS
2013-09-17,0.03999,0.03999,0.03752,0.0377,16610000,633410.0,TQBS
2013-09-18,0.03866,0.0397,0.03586,0.036,25590000,941300.1,TQBS
2013-09-19,0.03736,0.03736,0.03424,0.03444,66410000,2326090.1,TQBS
2013-09-20,0.03422,0.03422,0.0325,0.03398,163560000,5408455.0,TQBS
2013-09-23,0.0305,0.03314,0.0305,0.03234,65440000,2131924.2,TQBS
2013-09-24,0.03241,0.0332,0.03158,0.03297,27600000,892834.4,TQBS
2013-09-25,0.02911,0.0327,0.02911,0.03136,468950000,14455840.9,TQBS
2013-09-26,0.03111,0.03226,0.03081,0.03225,34050000,1069413.3,TQBS
2013-09-27,0.0322,0.03327,0.031,0.0323,61940000,1995807.4,TQBS
2013-09-30,0.03151,0.03289,0.0311,0.03147,16340000,518123.3,TQBS
2013-10-01,0.03198,0.03209,0.03161,0.03177,13740000,438150.5,TQBS
2013-10-02,0.032,0.03248,0.03196,0.03239,2580000,83484.7,TQBS
2013-10-03,0.03181,0.03249,0.03167,0.03204,15810000,505114.2,TQBS
2013-10-04,0.03201,0.03201,0.0298,0.03086,105660000,3206984.3,TQBS
2013-10-07,0.03175,0.03175,0.03024,0.03068,1760000,53724.9,TQBS
2013-10-08,0.031,0.031,0.03051,0.03073,9010000,277780.7,TQBS
2013-10-09,0.03012,0.03071,0.02951,0.02997,26820000,804149.6,TQBS
2013-10-10,0.03149,0.03149,0.0292,0.03037,37700000,1141310.5,TQBS
2013-10-11,0.03011,0.03048,0.02927,0.03048,9490000,283204.6,TQBS
2013-10-14,0.03011,0.0303,0.02956,0.03025,14070000,423226.1,TQBS
2013-10-15,0.03033,0.03128,0.02983,0.03025,11380000,344788.2,TQBS
2013-10-16,0.02968,0.03105,0.02968,0.03033,37790000,1146840.2,TQBS
2013-10-17,0.03046,0.0313,0.0301,0.03065,33680000,1027601.3,TQBS
2013-10-18,0.03031,0.03056,0.02987,0.03021,24820000,746221.2,TQBS
2013-10-21,0.03027,0.0307,0.03,0.03064,23850000,724098.6,TQBS
2013-10-22,0.03055,0.03149,0.03051,0.03077,25430000,787401.9,TQBS
2013-10-23,0.03061,0.03061,0.0301,0.03018,4240000,128263.8,TQBS
2013-10-24,0.03048,0.03048,0.02992,0.03019,62840000,1886765.1,TQBS
2013-10-25,0.0302,0.03026,0.02941,0.0295,50840000,1508944.6,TQBS
2013-10-28,0.0294,0.02999,0.02903,0.0295,34930000,1029601.0,TQBS
2013-10-29,0.02957,0.02994,0.029,0.02994,1150000,33791.1,TQBS
2013-10-30,0.02941,0.0298,0.0285,0.02888,69750000,2009998.1,TQBS
2013-10-31,0.0288,0.0288,0.0273,0.02779,77570000,2164023.6,TQBS
2013-11-01,0.02751,0.02769,0.02704,0.02743,9490000,260369.2,TQBS
2013-11-05,0.0275,0.02771,0.02719,0.02753,11730000,322557.3,TQBS
2013-11-06,0.02757,0.0276,0.02698,0.02719,34590000,941238.7,TQBS
2013-11-07,0.02825,0.02825,0.02667,0.02667,21740000,584332.7,TQBS
2013-11-08,0.02666,0.02666,0.0255,0.02631,25820000,667671.3,TQBS
2013-11-11,0.0255,0.02599,0.02518,0.0255,56970000,1453128.3,TQBS
2013-11-12,0.02535,0.02553,0.02445,0.0249,26520000,658385.9,TQBS
2013-11-13,0.02445,0.02488,0.02205,0.02376,78030000,1821645.1,TQBS
2013-11-14,0.02376,0.02376,0.02252,0.02328,23030000,527307.4,TQBS
2013-11-15,0.02301,0.02397,0.0225,0.0227,53940000,1231168.5,TQBS
2013-11-18,0.02348,0.02348,0.02168,0.02227,31020000,692207.5,TQBS
2013-11-19,0.022,0.02227,0.02161,0.02205,50540000,1110808.6,TQBS
2013-11-20,0.022,0.02265,0.02195,0.022,19740000,434426.6,TQBS
2013-11-21,0.02197,0.02197,0.02097,0.02132,34230000,725578.9,TQBS
2013-11-22,0.0213,0.0234,0.0208,0.02112,195710000,4157238.2,TQBS
2013-11-25,0.02112,0.0215,0.02053,0.02123,23010000,484150.7,TQBS
2013-11-26,0.02092,0.0212,0.0205,0.02077,26560000,547635.3,TQBS
2013-11-27,0.0209,0.022,0.02062,0.02193,21090000,450429.7,TQBS
2013-11-28,0.02168,0.0217,0.02064,0.02093,57430000,1204732.6,TQBS
2013-11-29,0.02085,0.02119,0.01976,0.02,139840000,2848180.7,TQBS
2013-12-02,0.01985,0.02028,0.01958,0.02028,9610000,192176.3,TQBS
2013-12-03,0.01969,0.0205,0.01969,0.02045,5900000,119068.8,TQBS
2013-12-04,0.0204,0.0227,0.02021,0.02157,19600000,425380.9,TQBS
2013-12-05,0.02154,0.02305,0.0215,0.02264,43260000,988319.5,TQBS
2013-12-06,0.02264,0.0244,0.02255,0.0238,98180000,2325280.2,TQBS
2013-12-09,0.02371,0.02489,0.0237,0.0238,23580000,569231.3,TQBS
2013-12-10,0.0237,0.02447,0.0227,0.02383,9850000,235004.9,TQBS
2013-12-11,0.0238,0.0242,0.0231,0.0237,12240000,287712.9,TQBS
2013-12-12,0.02291,0.02392,0.02235,0.02297,11480000,261920.2,TQBS
2013-12-13,0.0229,0.02308,0.02258,0.02258,11880000,272634.8,TQBS
2013-12-16,0.02253,0.02324,0.02218,0.02261,12800000,288711.5,TQBS
2013-12-17,0.0229,0.02395,0.02245,0.02349,26890000,628340.5,TQBS
2013-12-18,0.02332,0.02375,0.02244,0.02279,31540000,714377.5,TQBS
2013-12-19,0.02277,0.0231,0.02192,0.02219,104830000,2356814.9,TQBS
2013-12-20,0.02285,0.02285,0.02185,0.02205,84170000,1854923.3,TQBS
2013-12-23,0.02219,0.02239,0.022,0.02229,20690000,457720.2,TQBS
2013-12-24,0.02222,0.02335,0.02222,0.02305,72820000,1672972.7,TQBS
2013-12-25,0.02296,0.0234,0.02261,0.02312,13020000,298250.2,TQBS
2013-12-26,0.0231,0.02333,0.02264,0.02303,8470000,193642.2,TQBS
2013-12-27,0.02303,0.0232,0.02263,0.02279,1030000,23444.8,TQBS
2013-12-30,0.02246,0.02323,0.0224,0.02278,7120000,161502.0,TQBS
2014-01-06,0.02269,0.02296,0.02223,0.0229,4640000,105290.9,TQBS
2014-01-08,0.02271,0.02276,0.02221,0.02272,160000,3603.2,TQBS
2014-01-09,0.02273,0.02315,0.02201,0.02314,2500000,56758.1,TQBS
2014-01-10,0.023,0.02317,0.02247,0.0228,11400000,258730.8,TQBS
2014-01-13,0.02273,0.02316,0.0225,0.02315,15250000,347196.0,TQBS
2014-01-14,0.0228,0.0231,0.02213,0.02298,10360000,234679.9,TQBS
2014-01-15,0.02309,0.0232,0.02274,0.023,2340000,53460.9,TQBS
2014-01-16,0.0231,0.0231,0.02285,0.02305,11170000,257163.3,TQBS
2014-01-17,0.023,0.02348,0.02285,0.02348,40090000,932496.0,TQBS
2014-01-20,0.02347,0.0237,0.02263,0.02306,27530000,631187.6,TQBS
2014-01-21,0.02465,0.02465,0.02276,0.0228,10980000,251612.7,TQBS
2014-01-22,0.0228,0.02387,0.02272,0.02387,130150000,2992846.7,TQBS
2014-01-23,0.02322,0.0235,0.02298,0.0232,261130000,6022973.1,TQBS
2014-01-24,0.02286,0.0234,0.0228,0.02286,32280000,740899.8,TQBS
2014-01-27,0.0227,0.0228,0.02255,0.0226,28800000,653631.2,TQBS
2014-01-28,0.02279,0.02279,0.0224,0.02268,7720000,173852.1,TQBS
2014-01-29,0.02268,0.0231,0.0226,0.02261,67910000,1556027.7,TQBS
2014-01-30,0.02305,0.0231,0.0224,0.02249,35620000,807057.5,TQBS
2014-01-31,0.0225,0.02279,0.02205,0.02234,20910000,464370.7,TQBS
2014-02-03,0.02244,0.02246,0.0215,0.02177,16280000,358600.4,TQBS
2014-02-04,0.0217,0.0218,0.021,0.0212,15390000,332749.6,TQBS
2014-02-05,0.0213,0.02178,0.02103,0.02159,19870000,422011.8,TQBS
2014-02-06,0.0217,0.02242,0.0214,0.02178,35090000,764340.1,TQBS
2014-02-07,0.02167,0.022,0.0215,0.02185,25390000,554081.9,TQBS
2014-02-10,0.02177,0.02224,0.02173,0.02197,11770000,258587.6,TQBS
2014-02-11,0.02191,0.0222,0.02172,0.02198,18630000,409441.0,TQBS
2014-02-12,0.02188,0.02235,0.0218,0.0219,14750000,325657.6,TQBS
2014-02-13,0.02199,0.022,0.02113,0.0216,17470000,379045.9,TQBS
2014-02-14,0.02156,0.02177,0.02149,0.02155,37630000,811067.4,TQBS
2014-02-17,0.0216,0.02174,0.02145,0.0215,38740000,832997.8,TQBS
2014-02-18,0.02183,0.02183,0.0213,0.0215,16510000,354168.6,TQBS
2014-02-19,0.02141,0.02156,0.02123,0.02147,34990000,751099.6,TQBS
2014-02-20,0.02144,0.0215,0.02113,0.02119,26110000,554486.4,TQBS
2014-02-21,0.02145,0.02145,0.02083,0.0209,44480000,930274.8,TQBS
2014-02-24,0.02065,0.02094,0.01933,0.0208,39710000,825267.7,TQBS
2014-02-25,0.02097,0.02102,0.02051,0.0209,60820000,1259321.9,TQBS
2014-02-26,0.02068,0.02087,0.0205,0.0205,50850000,1047725.2,TQBS
2014-02-27,0.02052,0.02052,0.0197,0.02,63390000,1276382.0,TQBS
2014-02-28,0.02,0.0204,0.0195,0.02023,83180000,1654978.7,TQBS
2014-03-03,0.01972,0.01972,0.0175,0.01863,102910000,1859848.2,TQBS
2014-03-04,0.0192,0.01939,0.01835,0.01889,34290000,645808.2,TQBS
2014-03-05,0.01898,0.01899,0.0177,0.0183,54590000,994178.4,TQBS
2014-03-06,0.01877,0.01879,0.01715,0.01799,34060000,614088.1,TQBS
2014-03-07,0.01799,0.018,0.01739,0.01789,128700000,2282748.4,TQBS
2014-03-11,0.0176,0.0176,0.01626,0.01698,208780000,3549536.9,TQBS
2014-03-12,0.01696,0.0177,0.01653,0.01698,71330000,1219749.9,TQBS
2014-03-13,0.01698,0.019,0.01659,0.01702,131730000,2302208.4,TQBS
2014-03-14,0.01662,0.017,0.0153,0.017,34250000,560309.3,TQBS
2014-03-17,0.01719,0.01799,0.01701,0.0178,20290000,359829.4,TQBS
2014-03-18,0.01786,0.01807,0.0176,0.018,77590000,1392608.4,TQBS
2014-03-19,0.01799,0.01828,0.0175,0.01828,52620000,939213.2,TQBS
2014-03-20,0.0178,0.018,0.01703,0.01797,21520000,382884.9,TQBS
2014-03-21,0.01761,0.01779,0.017,0.01771,40500000,692930.9,TQBS
2014-03-24,0.0179,0.0193,0.0178,0.01817,31620000,573740.6,TQBS
2014-03-25,0.01828,0.0185,0.01762,0.01815,57090000,1037938.9,TQBS
2014-03-26,0.01824,0.01829,0.017,0.0182,59510000,1054179.2,TQBS
2014-03-27,0.01788,0.01793,0.01742,0.01783,21770000,383708.1,TQBS
2014-03-28,0.01671,0.01785,0.01671,0.01765,73610000,1287792.2,TQBS
2014-03-31,0.01787,0.01887,0.01782,0.01804,28170000,508348.7,TQBS
2014-04-01,0.018,0.0189,0.0179,0.01799,11040000,200943.1,TQBS
2014-04-02,0.01783,0.01834,0.01779,0.018,50660000,911651.7,TQBS
2014-04-03,0.01799,0.018,0.01666,0.0178,72080000,1282050.3,TQBS
2014-04-04,0.0178,0.01945,0.01779,0.01868,44060000,821593.8,TQBS
2014-04-07,0.0186,0.0186,0.01745,0.01775,79380000,1421937.7,TQBS
2014-04-08,0.01753,0.01777,0.0172,0.01768,27870000,488748.7,TQBS
2014-04-09,0.01753,0.01798,0.01753,0.01782,20120000,358997.6,TQBS
2014-04-10,0.01779,0.01799,0.01753,0.01798,10330000,183191.1,TQBS
2014-04-11,0.01797,0.01874,0.01778,0.01849,40200000,739501.9,TQBS
2014-04-14,0.01831,0.01869,0.018,0.01829,8350000,152538.3,TQBS
2014-04-15,0.0183,0.0185,0.0177,0.0179,70900000,1261388.1,TQBS
2014-04-16,0.01797,0.01797,0.01681,0.0172,323040000,5495773.1,TQBS
2014-04-17,0.01641,0.01726,0.01641,0.01708,94990000,1616805.3,TQBS
2014-04-18,0.01708,0.0173,0.0169,0.0171,77160000,1319041.4,TQBS
2014-04-21,0.01709,0.01734,0.01687,0.01714,27110000,460271.5,TQBS
2014-04-22,0.01693,0.01719,0.01679,0.01704,42680000,720611.1,TQBS
2014-04-23,0.017,0.01712,0.01671,0.01709,13830000,233825.8,TQBS
2014-04-24,0.01699,0.017,0.01607,0.01642,30340000,497313.0,TQBS
2014-04-25,0.0176,0.0176,0.01555,0.01696,24610000,397370.0,TQBS
2014-04-28,0.01693,0.01693,0.01587,0.01636,222950000,3636144.7,TQBS
2014-04-29,0.01537,0.01666,0.01537,0.01637,18640000,303107.6,TQBS
2014-04-30,0.01537,0.01632,0.01537,0.01595,83650000,1339662.7,TQBS
2014-05-02,0.01598,0.01608,0.01571,0.01587,1030000,16287.1,TQBS
2014-05-05,0.01598,0.01678,0.01581,0.01641,27800000,457101.0,TQBS
2014-05-06,0.01646,0.01701,0.0162,0.01675,36300000,592306.1,TQBS
2014-05-07,0.0165,0.01688,0.0162,0.01678,31100000,514162.9,TQBS
2014-05-08,0.0165,0.01705,0.0165,0.01684,6470000,109350.2,TQBS
2014-05-12,0.0168,0.01709,0.0164,0.017,35180000,590603.6,TQBS
2014-05-13,0.017,0.01717,0.01685,0.01709,18020000,306598.9,TQBS
2014-05-14,0.017,0.0173,0.0168,0.0172,39600000,673984.1,TQBS
2014-05-15,0.0171,0.01725,0.017,0.01723,12790000,217542.5,TQBS
2014-05-16,0.017,0.0173,0.01639,0.01666,22050000,370910.7,TQBS
2014-05-19,0.01684,0.0175,0.01682,0.0175,35710000,613472.6,TQBS
2014-05-20,0.01696,0.0175,0.01696,0.01733,49090000,839418.8,TQBS
2014-05-21,0.01732,0.0175,0.0171,0.01741,73250000,1260209.2,TQBS
2014-05-22,0.01741,0.0194,0.01741,0.01832,83880000,1547137.0,TQBS
2014-05-23,0.0183,0.0189,0.018,0.01865,60100000,1120999.2,TQBS
2014-05-26,0.01885,0.01926,0.01878,0.01916,62470000,1190407.4,TQBS
2014-05-27,0.01903,0.01903,0.01822,0.01843,25820000,476926.9,TQBS
2014-05-28,0.01844,0.01878,0.018,0.01875,38110000,706644.6,TQBS
2014-05-29,0.0187,0.0207,0.0187,0.01979,152240000,3060559.5,TQBS
2014-05-30,0.01974,0.0199,0.01956,0.01973,24420000,482962.3,TQBS
2014-06-02,0.01988,0.02039,0.01978,0.01982,46910000,940253.9,TQBS
2014-06-03,0.02,0.02002,0.01961,0.02,49950000,993624.1,TQBS
2014-06-04,0.0199,0.02028,0.01941,0.01969,7910000,156318.3,TQBS
2014-06-05,0.0197,0.02007,0.0193,0.01973,28560000,563553.1,TQBS
2014-06-06,0.0198,0.01985,0.01911,0.0198,24480000,481465.0,TQBS
2014-06-09,0.0198,0.0201,0.01935,0.01958,16670000,325841.8,TQBR
2014-06-10,0.01935,0.01975,0.01935,0.01961,11460000,224286.6,TQBR
2014-06-11,0.01959,0.0202,0.01959,0.01964,57440000,1140996.1,TQBR
2014-06-16,0.01976,0.01995,0.0195,0.01969,40840000,805920.5,TQBR
2014-06-17,0.01979,0.01998,0.01899,0.01932,47660000,918843.9,TQBR
2014-06-18,0.01929,0.01982,0.0188,0.019,59790000,1139816.2,TQBR
2014-06-19,0.01909,0.0191,0.01886,0.01893,4000000,75990.0,TQBR
2014-06-20,0.01883,0.01909,0.0185,0.0186,18630000,349407.9,TQBR
2014-06-23,0.0186,0.01878,0.01823,0.01829,23260000,429320.0,TQBR
2014-06-24,0.01829,0.0186,0.01827,0.01845,21800000,400788.1,TQBR
2014-06-25,0.01831,0.01891,0.0182,0.0183,15550000,288334.5,TQBR
2014-06-26,0.01839,0.01848,0.01819,0.0182,19300000,352662.8,TQBR
2014-06-27,0.01816,0.01891,0.01814,0.01857,20790000,381085.4,TQBR
2014-06-30,0.0185,0.01879,0.0185,0.01866,13680000,255367.4,TQBR
2014-07-01,0.01851,0.01869,0.0182,0.01849,27110000,499901.1,TQBR
2014-07-02,0.0186,0.0191,0.0184,0.0189,35470000,665447.1,TQBR
2014-07-03,0.01893,0.02021,0.01881,0.01991,54550000,1065665.4,TQBR
2014-07-04,0.01986,0.0228,0.01986,0.022,261080000,5678427.0,TQBR
2014-07-07,0.023,0.023,0.0215,0.02215,55510000,1235345.9,TQBR
2014-07-08,0.02208,0.02277,0.022,0.02221,68030000,1514568.3,TQBR
2014-07-09,0.02201,0.02238,0.02182,0.02209,26540000,583951.3,TQBR
2014-07-10,0.02186,0.02229,0.0212,0.02195,29270000,637392.8,TQBR
2014-07-11,0.02173,0.0221,0.021,0.02187,42030000,907230.1,TQBR
2014-07-14,0.02152,0.022,0.02132,0.02177,28450000,622014.7,TQBR
2014-07-15,0.02162,0.022,0.02135,0.02187,84010000,1836733.7,TQBR
2014-07-16,0.0219,0.02243,0.0217,0.02201,40440000,894507.6,TQBR
2014-07-17,0.02215,0.02243,0.02105,0.02198,39200000,860717.7,TQBR
2014-07-18,0.02167,0.022,0.0212,0.02199,84570000,1827503.5,TQBR
2014-07-21,0.0221,0.0224,0.0215,0.02155,7790000,170548.2,TQBR
2014-07-22,0.0217,0.0219,0.0213,0.0216,32170000,694967.5,TQBR
2014-07-23,0.0215,0.0217,0.0212,0.02144,30890000,665687.5,TQBR
2014-07-24,0.02121,0.0215,0.02082,0.02122,28470000,604301.6,TQBR
2014-07-25,0.02113,0.02113,0.02056,0.0207,24980000,516286.5,TQBR
2014-07-28,0.0206,0.0207,0.02031,0.0205,38720000,794984.1,TQBR
2014-07-29,0.0205,0.0208,0.02024,0.02079,23690000,488504.3,TQBR
2014-07-30,0.02072,0.021,0.02069,0.02099,64800000,1357234.8,TQBR
2014-07-31,0.0208,0.0219,0.0208,0.02111,55030000,1167588.0,TQBR
2014-08-01,0.0211,0.02397,0.0211,0.0225,106130000,2329828.7,TQBR
2014-08-04,0.0226,0.02327,0.02233,0.0229,15730000,361748.8,TQBR
2014-08-05,0.02286,0.02289,0.022,0.02269,7210000,163076.4,TQBR
2014-08-06,0.02242,0.0227,0.0222,0.02269,76920000,1714578.2,TQBR
2014-08-07,0.0224,0.0225,0.0221,0.0225,19140000,427871.2,TQBR
2014-08-08,0.02249,0.02295,0.02106,0.02269,59480000,1331513.3,TQBR
2014-08-11,0.0227,0.024,0.0227,0.02339,23760000,557130.3,TQBR
2014-08-12,0.02335,0.0238,0.02281,0.0231,8280000,194750.1,TQBR
2014-08-13,0.02317,0.0247,0.02299,0.02421,31120000,744160.3,TQBR
2014-08-14,0.02369,0.024,0.0234,0.0236,13550000,319364.6,TQBR
2014-08-15,0.02344,0.0241,0.02344,0.0241,6890000,164500.7,TQBR
2014-08-18,0.0239,0.024,0.0235,0.024,10280000,244368.2,TQBR
2014-08-19,0.02389,0.0245,0.0237,0.02408,12540000,302468.3,TQBR
2014-08-20,0.0241,0.02448,0.023,0.02399,8390000,197357.7,TQBR
2014-08-21,0.02399,0.0251,0.02399,0.025,78320000,1924359.7,TQBR
2014-08-22,0.02481,0.0256,0.02401,0.02519,44480000,1116614.6,TQBR
2014-08-25,0.0254,0.0265,0.0254,0.0259,44990000,1162861.3,TQBR
2014-08-26,0.02615,0.02615,0.0256,0.02596,30430000,786550.0,TQBR
2014-08-27,0.0258,0.026,0.0253,0.0253,43590000,1132495.5,TQBR
2014-08-28,0.02549,0.02549,0.02436,0.02449,38770000,963471.6,TQBR
2014-08-29,0.02459,0.0247,0.02388,0.0247,66310000,1602756.2,TQBR
2014-09-01,0.02467,0.0248,0.0238,0.0244,9070000,218292.3,TQBR
2014-09-02,0.0244,0.0251,0.0244,0.025,17580000,437305.7,TQBR
2014-09-03,0.025,0.02574,0.0245,0.02518,27860000,701228.3,TQBR
2014-09-04,0.0249,0.0263,0.0246,0.0263,101520000,2560762.0,TQBR
2014-09-05,0.0261,0.0276,0.02575,0.02604,108050000,2901697.1,TQBR
2014-09-08,0.02571,0.0261,0.025,0.0257,42840000,1096731.9,TQBR
2014-09-09,0.0258,0.0258,0.0253,0.02568,4500000,114020.7,TQBR
2014-09-10,0.0253,0.02546,0.025,0.02528,13300000,335766.8,TQBR
2014-09-11,0.025,0.02674,0.025,0.02527,14140000,354737.3,TQBR
2014-09-12,0.02713,0.02713,0.025,0.02597,61770000,1590366.9,TQBR
2014-09-15,0.02597,0.0267,0.0258,0.0267,19750000,513659.2,TQBR
2014-09-16,0.0267,0.02687,0.02616,0.0267,100090000,2659042.5,TQBR
2014-09-17,0.02659,0.0266,0.0253,0.02584,16330000,422549.3,TQBR
2014-09-18,0.02578,0.02579,0.0253,0.02555,38650000,984060.4,TQBR
2014-09-19,0.02586,0.02595,0.0253,0.02555,9950000,252527.7,TQBR
2014-09-22,0.02544,0.02585,0.02544,0.02583,970000,24896.9,TQBR
2014-09-23,0.02542,0.02585,0.02541,0.02585,2220000,57154.7,TQBR
2014-09-24,0.02585,0.026,0.02562,0.026,21180000,544636.7,TQBR
2014-09-25,0.02592,0.02694,0.02592,0.0262,215170000,5683871.5,TQBR
2014-09-26,0.0261,0.0261,0.02466,0.0259,3790000,98193.2,TQBR
2014-09-29,0.02588,0.0265,0.0256,0.02561,9350000,245469.0,TQBR
2014-09-30,0.02563,0.02563,0.02311,0.0245,28440000,699071.6,TQBR
2014-10-01,0.0245,0.02485,0.0235,0.0239,105150000,2487404.5,TQBR
2014-10-02,0.02365,0.024,0.0232,0.0235,8390000,200002.0,TQBR
2014-10-03,0.02325,0.0239,0.0232,0.02345,1120000,26266.0,TQBR
2014-10-06,0.02325,0.024,0.02305,0.02345,26490000,622395.5,TQBR
2014-10-07,0.02335,0.02365,0.02335,0.02365,1620000,38210.0,TQBR
2014-10-08,0.02335,0.0235,0.023,0.0234,8810000,203397.5,TQBR
2014-10-09,0.0235,0.02375,0.02325,0.02375,5730000,134282.0,TQBR
2014-10-10,0.0234,0.0234,0.0226,0.02315,136150000,3114996.0,TQBR
2014-10-13,0.0232,0.0248,0.0232,0.0238,12800000,310427.5,TQBR
2014-10-14,0.02375,0.024,0.0235,0.0235,98120000,2309424.0,TQBR
2014-10-15,0.0235,0.0237,0.0233,0.0236,23740000,557992.0,TQBR
2014-10-16,0.02355,0.02375,0.0235,0.02365,40480000,951877.0,TQBR
2014-10-17,0.0238,0.0242,0.0237,0.02415,46960000,1129678.0,TQBR
2014-10-20,0.0243,0.0243,0.0235,0.0239,8680000,204457.0,TQBR
2014-10-21,0.02395,0.02395,0.0235,0.02365,1390000,32735.5,TQBR
2014-10-22,0.02345,0.0237,0.0232,0.0237,59110000,1389176.0,TQBR
2014-10-23,0.0234,0.024,0.02305,0.02365,19070000,446054.0,TQBR
2014-10-24,0.0235,0.0237,0.0231,0.0237,5410000,125469.5,TQBR
2014-10-27,0.02375,0.024,0.0235,0.024,30810000,736500.0,TQBR
2014-10-28,0.024,0.02495,0.0238,0.02405,132670000,3184660.0,TQBR
2014-10-29,0.0238,0.0246,0.02345,0.02405,11080000,263023.5,TQBR
2014-10-30,0.0241,0.02435,0.0235,0.02375,33000000,792609.0,TQBR
2014-10-31,0.02435,0.02435,0.0234,0.0238,1380000,32578.0,TQBR
2014-11-03,0.02355,0.024,0.0234,0.024,4420000,104365.0,TQBR
2014-11-05,0.0237,0.02395,0.0225,0.023,42860000,984542.0,TQBR
2014-11-06,0.02305,0.02365,0.02305,0.02365,72070000,1693507.5,TQBR
2014-11-07,0.0234,0.0237,0.0232,0.02335,2340000,54684.5,TQBR
2014-11-10,0.02345,0.0237,0.023,0.02335,34980000,817922.0,TQBR
2014-11-11,0.02155,0.02345,0.02155,0.02315,34830000,809916.0,TQBR
2014-11-12,0.02345,0.0235,0.0229,0.02325,2270000,52322.0,TQBR
2014-11-13,0.0231,0.0232,0.02275,0.02315,11840000,272755.0,TQBR
2014-11-14,0.0246,0.0246,0.02285,0.0234,74470000,1768531.5,TQBR
2014-11-17,0.02455,0.02455,0.0228,0.0232,40560000,949332.5,TQBR
2014-11-18,0.02555,0.02555,0.02275,0.02295,1428910000,32864691.0,TQBR
2014-11-19,0.023,0.023,0.0225,0.0226,33440000,752932.5,TQBR
2014-11-20,0.0226,0.0227,0.0225,0.0227,31660000,712368.5,TQBR
2014-11-21,0.02275,0.023,0.0225,0.023,7880000,180149.0,TQBR
2014-11-24,0.02285,0.0229,0.0225,0.02255,10280000,231756.5,TQBR
2014-11-25,0.0238,0.0238,0.0225,0.0228,14090000,319377.0,TQBR
2014-11-26,0.02255,0.02295,0.0224,0.0228,5140000,116384.5,TQBR
2014-11-27,0.02265,0.0232,0.02265,0.0229,22600000,517483.0,TQBR
2014-11-28,0.02285,0.02285,0.0219,0.02285,20010000,446625.0,TQBR
2014-12-01,0.02255,0.0228,0.0221,0.02245,37880000,850609.5,TQBR
2014-12-02,0.0209,0.0232,0.0209,0.02275,5350000,120763.0,TQBR
2014-12-03,0.02275,0.02285,0.0225,0.02265,35180000,792713.0,TQBR
2014-12-04,0.02275,0.02315,0.0226,0.023,26510000,604097.5,TQBR
2014-12-05,0.02295,0.0233,0.02215,0.023,46890000,1070114.5,TQBR
2014-12-08,0.023,0.0232,0.0219,0.0229,565540000,12714875.5,TQBR
2014-12-09,0.02175,0.0232,0.0212,0.023,38460000,882965.5,TQBR
2014-12-10,0.02345,0.02345,0.02265,0.0233,14970000,347489.5,TQBR
2014-12-11,0.02325,0.02345,0.0227,0.02335,1621440000,37617495.0,TQBR
2014-12-12,0.02315,0.024,0.0227,0.024,67350000,1590963.5,TQBR
2014-12-15,0.02445,0.025,0.02445,0.02455,126790000,3129622.0,TQBR
2014-12-16,0.02425,0.02595,0.0231,0.02385,547170000,13550234.0,TQBR
2014-12-17,0.02385,0.02505,0.02285,0.025,10320000,252541.5,TQBR
2014-12-18,0.0254,0.0265,0.02415,0.0253,78320000,1957915.5,TQBR
2014-12-19,0.02595,0.027,0.0241,0.0265,107600000,2670290.0,TQBR
2014-12-22,0.0265,0.02695,0.025,0.0268,55100000,1440380.5,TQBR
2014-12-23,0.0268,0.02745,0.026,0.02685,38690000,1023821.5,TQBR
2014-12-24,0.02725,0.02725,0.0251,0.027,24670000,656860.5,TQBR
2014-12-25,0.02745,0.0276,0.0258,0.0275,64380000,1726832.5,TQBR
2014-12-26,0.02745,0.02885,0.026,0.0285,61510000,1692647.0,TQBR
2014-12-29,0.02845,0.03295,0.02845,0.03,109680000,3276624.0,TQBR
2014-12-30,0.02995,0.0316,0.0267,0.0279,52150000,1609192.0,TQBR
2015-01-05,0.0289,0.0289,0.027,0.0271,15150000,414481.0,TQBR
2015-01-06,0.0271,0.0273,0.02705,0.0273,450000,12201.5,TQBR
2015-01-08,0.0273,0.0277,0.02705,0.02745,8200000,223015.5,TQBR
2015-01-09,0.0255,0.0277,0.0255,0.0271,7120000,192858.5,TQBR
2015-01-12,0.02685,0.0271,0.0268,0.0271,1040000,27961.0,TQBR
2015-01-13,0.02725,0.02735,0.02575,0.02645,8030000,211832.5,TQBR
2015-01-14,0.02695,0.02695,0.02515,0.02545,11430000,294433.0,TQBR
2015-01-15,0.02845,0.02845,0.0248,0.02505,13430000,337755.0,TQBR
2015-01-16,0.02575,0.02575,0.02455,0.02475,8010000,199816.5,TQBR
2015-01-19,0.02535,0.02535,0.02395,0.024,19800000,479238.0,TQBR
2015-01-20,0.0247,0.0259,0.02395,0.0256,10350000,255593.0,TQBR
2015-01-21,0.02555,0.0259,0.02455,0.02525,2940000,74822.0,TQBR
2015-01-22,0.02555,0.028,0.0244,0.0246,21520000,535239.0,TQBR
2015-01-23,0.0263,0.0263,0.02405,0.02435,21260000,520418.0,TQBR
2015-01-26,0.02265,0.0245,0.02265,0.0242,2030000,49070.0,TQBR
2015-01-27,0.0259,0.0259,0.023,0.02365,20820000,491925.5,TQBR
2015-01-28,0.0253,0.0253,0.0235,0.02385,5500000,129936.0,TQBR
2015-01-29,0.0249,0.0249,0.02335,0.0236,2640000,61976.5,TQBR
2015-01-30,0.0241,0.0241,0.02295,0.0234,3690000,86073.0,TQBR
2015-02-02,0.0233,0.02365,0.0228,0.02285,11190000,258341.5,TQBR
2015-02-03,0.0228,0.0233,0.02275,0.0233,17830000,410191.5,TQBR
2015-02-04,0.0233,0.0239,0.0227,0.02295,15930000,364835.0,TQBR
2015-02-05,0.02215,0.023,0.0221,0.02245,333270000,7443356.5,TQBR
2015-02-06,0.02085,0.0232,0.02085,0.02245,371360000,8401043.5,TQBR
2015-02-09,0.02245,0.0227,0.02215,0.02245,54830000,1222282.5,TQBR
2015-02-10,0.02245,0.0242,0.02245,0.02415,345670000,8105395.5,TQBR
2015-02-11,0.02415,0.0249,0.02375,0.0242,366650000,8800207.5,TQBR
2015-02-12,0.02525,0.02525,0.024,0.02465,14840000,362927.5,TQBR
2015-02-13,0.02495,0.027,0.02495,0.0258,27510000,704331.5,TQBR
2015-02-16,0.02595,0.027,0.025,0.0258,40730000,1053994.0,TQBR
2015-02-17,0.024,0.02625,0.024,0.02535,63510000,1639258.0,TQBR
2015-02-18,0.0252,0.026,0.0252,0.0255,29550000,753153.0,TQBR
2015-02-19,0.0256,0.026,0.0245,0.02515,29190000,734230.0,TQBR
2015-02-20,0.0255,0.0257,0.02505,0.0253,9700000,245574.0,TQBR
2015-02-24,0.02495,0.02525,0.02495,0.025,3960000,99121.5,TQBR
2015-02-25,0.02525,0.02555,0.0249,0.02525,20230000,508059.5,TQBR
2015-02-26,0.02545,0.0266,0.02535,0.0262,28970000,754783.5,TQBR
2015-02-27,0.0262,0.0275,0.0255,0.0266,26280000,690518.5,TQBR
2015-03-02,0.02665,0.028,0.0261,0.02765,11120000,302226.5,TQBR
2015-03-03,0.02795,0.032,0.02795,0.02905,45790000,1371760.5,TQBR
2015-03-04,0.0291,0.02995,0.02835,0.02845,11890000,341104.5,TQBR
2015-03-05,0.0284,0.02925,0.02775,0.0291,17340000,495818.5,TQBR
2015-03-06,0.02975,0.02985,0.02755,0.0279,19830000,560617.0,TQBR
2015-03-10,0.02795,0.02795,0.0263,0.02705,9770000,260774.5,TQBR
2015-03-11,0.02735,0.02985,0.0269,0.0279,11840000,329413.0,TQBR
2015-03-12,0.0278,0.0295,0.02735,0.0294,17310000,504588.5,TQBR
2015-03-13,0.0296,0.03005,0.028,0.0284,13200000,377534.0,TQBR
2015-03-16,0.02815,0.0282,0.0271,0.02725,4220000,116512.5,TQBR
2015-03-17,0.02725,0.02745,0.0261,0.02655,8530000,226557.5,TQBR
2015-03-18,0.02655,0.02655,0.02555,0.026,26130000,677672.5,TQBR
2015-03-19,0.0259,0.0275,0.0259,0.026,4930000,130172.5,TQBR
2015-03-20,0.02805,0.02805,0.02555,0.02575,6240000,160724.0,TQBR
2015-03-23,0.02675,0.02675,0.02475,0.0249,55130000,1388292.0,TQBR
2015-03-24,0.0247,0.02495,0.02425,0.02435,47060000,1153410.5,TQBR
2015-03-25,0.0248,0.0248,0.0237,0.02395,12480000,298161.0,TQBR
2015-03-26,0.02225,0.0244,0.02225,0.02315,27640000,642661.0,TQBR
2015-03-27,0.02315,0.02365,0.023,0.023,4340000,100534.0,TQBR
2015-03-30,0.02305,0.024,0.02305,0.02365,22120000,522069.0,TQBR
2015-03-31,0.0236,0.0237,0.02285,0.0232,21890000,506964.0,TQBR
2015-04-01,0.02485,0.02485,0.02315,0.0239,8320000,196208.0,TQBR
2015-04-02,0.02365,0.0252,0.02365,0.0247,8760000,215792.0,TQBR
2015-04-03,0.02455,0.02455,0.02425,0.02425,940000,22996.0,TQBR
2015-04-06,0.0242,0.02555,0.0241,0.0255,32180000,798440.0,TQBR
2015-04-07,0.0256,0.0257,0.025,0.02535,35570000,895648.0,TQBR
2015-04-08,0.0254,0.0256,0.025,0.02515,14750000,370223.5,TQBR
2015-04-09,0.02505,0.0254,0.0238,0.02415,103840000,2524582.0,TQBR
2015-04-10,0.0244,0.0246,0.02385,0.02415,16350000,394608.5,TQBR
2015-04-13,0.02415,0.0255,0.02415,0.02485,70390000,1759278.0,TQBR
2015-04-14,0.0237,0.02605,0.0237,0.0251,29910000,756310.0,TQBR
2015-04-15,0.02685,0.02685,0.02515,0.0255,6070000,154537.5,TQBR
2015-04-16,0.0237,0.02565,0.0237,0.02515,31530000,788228.0,TQBR
2015-04-17,0.02345,0.026,0.02345,0.02545,58310000,1460933.5,TQBR
2015-04-20,0.02365,0.02615,0.02365,0.025,37390000,940373.0,TQBR
2015-04-21,0.02505,0.0256,0.0248,0.0252,23900000,597554.5,TQBR
2015-04-22,0.02345,0.02535,0.02345,0.025,22080000,548171.5,TQBR
2015-04-23,0.02525,0.02525,0.024,0.0244,15770000,383514.5,TQBR
2015-04-24,0.02545,0.02545,0.0244,0.02455,24050000,591711.5,TQBR
2015-04-27,0.02455,0.0247,0.0241,0.0244,12740000,310841.5,TQBR
2015-04-28,0.0245,0.0245,0.0242,0.0243,3450000,83801.5,TQBR
2015-04-29,0.02425,0.02425,0.02375,0.02385,2280000,54661.5,TQBR
2015-04-30,0.0238,0.02415,0.02355,0.02415,5580000,132965.0,TQBR
2015-05-05,0.0248,0.0248,0.024,0.0243,12780000,307876.0,TQBR
2015-05-06,0.02495,0.0259,0.02415,0.0242,33140000,802235.0,TQBR
2015-05-07,0.02425,0.02425,0.0235,0.0241,25630000,615406.5,TQBR
2015-05-08,0.0241,0.0251,0.0241,0.0245,3250000,79299.5,TQBR
2015-05-12,0.025,0.025,0.024,0.02415,22250000,534767.0,TQBR
2015-05-13,0.0241,0.0244,0.024,0.02435,12270000,296927.5,TQBR
2015-05-14,0.02255,0.02435,0.02255,0.0239,21820000,523650.5,TQBR
2015-05-15,0.024,0.02405,0.0238,0.02395,12030000,288686.0,TQBR
2015-05-18,0.02385,0.0239,0.0236,0.0238,12080000,288200.5,TQBR
2015-05-19,0.0255,0.0255,0.023,0.02345,13630000,317035.0,TQBR
2015-05-20,0.02355,0.0238,0.0229,0.023,29290000,674237.0,TQBR
2015-05-21,0.02325,0.02365,0.02295,0.0235,6630000,154384.5,TQBR
2015-05-22,0.0235,0.02375,0.023,0.02315,22990000,536443.5,TQBR
2015-05-25,0.0232,0.0233,0.023,0.02325,27620000,635724.5,TQBR
2015-05-26,0.0232,0.0236,0.023,0.0236,30890000,721080.5,TQBR
2015-05-27,0.0236,0.0244,0.0231,0.0242,30670000,722408.5,TQBR
2015-05-28,0.02385,0.02415,0.02305,0.02365,96110000,2245376.0,TQBR
2015-05-29,0.02365,0.0247,0.02365,0.02415,27310000,660610.0,TQBR
2015-06-01,0.0245,0.0245,0.02335,0.02345,6300000,149347.5,TQBR
2015-06-02,0.0238,0.0309,0.0234,0.029,326660000,8893082.5,TQBR
2015-06-03,0.02805,0.02975,0.02675,0.0271,39020000,1101041.5,TQBR
2015-06-04,0.02875,0.029,0.02635,0.0279,12580000,347653.5,TQBR
2015-06-05,0.02605,0.0294,0.02605,0.02735,27470000,765340.5,TQBR
2015-06-08,0.02675,0.02725,0.0263,0.02655,7540000,200821.5,TQBR
2015-06-09,0.02695,0.029,0.0263,0.02715,21670000,601406.5,TQBR
2015-06-10,0.02715,0.0273,0.0263,0.0267,8150000,217872.5,TQBR
2015-06-11,0.02695,0.027,0.02635,0.0265,6910000,183438.0,TQBR
2015-06-15,0.02725,0.0306,0.0267,0.0275,23110000,639144.5,TQBR
2015-06-16,0.0284,0.02995,0.02645,0.02665,34030000,918522.5,TQBR
2015-06-17,0.02715,0.02715,0.02535,0.02545,134860000,3456892.5,TQBR
2015-06-18,0.0254,0.02595,0.02475,0.02505,46650000,1173068.0,TQBR
2015-06-19,0.02545,0.02595,0.0247,0.0249,46700000,1169703.0,TQBR
2015-06-22,0.0253,0.0253,0.02455,0.0249,24030000,595269.5,TQBR
2015-06-23,0.0251,0.02515,0.0245,0.0249,3920000,97150.5,TQBR
2015-06-24,0.0254,0.02545,0.0243,0.0245,19900000,492017.5,TQBR
2015-06-25,0.0248,0.0265,0.02415,0.0246,36440000,907100.0,TQBR
2015-06-26,0.02445,0.0245,0.0239,0.0242,14020000,340055.5,TQBR
2015-06-29,0.02445,0.02455,0.02345,0.02345,42940000,1010912.5,TQBR
2015-06-30,0.0238,0.0255,0.02345,0.02495,46690000,1157059.0,TQBR
2015-07-01,0.0248,0.0248,0.0236,0.02385,77750000,1860109.0,TQBR
2015-07-02,0.02395,0.02425,0.0237,0.0239,7110000,171271.0,TQBR
2015-07-03,0.0238,0.02395,0.02315,0.02355,26980000,634766.0,TQBR
2015-07-06,0.0238,0.0238,0.0228,0.02295,95770000,2207351.5,TQBR
2015-07-07,0.0229,0.023,0.02175,0.0222,144670000,3214657.0,TQBR
2015-07-08,0.0223,0.02235,0.0217,0.0222,114420000,2518502.5,TQBR
2015-07-09,0.02245,0.02365,0.02215,0.0223,24450000,548518.0,TQBR
2015-07-10,0.0226,0.02265,0.0224,0.02245,16570000,373090.5,TQBR
2015-07-13,0.0225,0.0225,0.02185,0.0219,23680000,521390.5,TQBR
2015-07-14,0.0221,0.0222,0.0218,0.022,33520000,734799.0,TQBR
2015-07-15,0.0223,0.0223,0.0217,0.02175,19360000,424340.5,TQBR
2015-07-16,0.02195,0.0229,0.02175,0.022,164500000,3629372.0,TQBR
2015-07-17,0.02215,0.02215,0.021,0.0214,176990000,3779205.5,TQBR
2015-07-20,0.0216,0.022,0.0207,0.02115,385020000,8197953.0,TQBR
2015-07-21,0.02135,0.0222,0.02125,0.02145,279450000,6058148.5,TQBR
2015-07-22,0.0215,0.0219,0.0215,0.0216,53970000,1169311.5,TQBR
2015-07-23,0.0215,0.02175,0.0207,0.02095,163090000,3461533.0,TQBR
2015-07-24,0.0211,0.0212,0.0205,0.02065,111750000,2324979.0,TQBR
2015-07-27,0.0207,0.02075,0.0196,0.0198,163220000,3256481.5,TQBR
2015-07-28,0.01995,0.0202,0.01955,0.01985,180380000,3586118.0,TQBR
2015-07-29,0.0196,0.0211,0.0195,0.02065,283780000,5667891.5,TQBR
2015-07-30,0.0207,0.0209,0.02055,0.02075,32060000,665427.5,TQBR
2015-07-31,0.021,0.0212,0.0203,0.0208,19200000,395359.0,TQBR
2015-08-03,0.0206,0.02065,0.02025,0.02055,105320000,2157395.5,TQBR
2015-08-04,0.0206,0.02145,0.0205,0.0206,138790000,2873740.0,TQBR
2015-08-05,0.02075,0.0209,0.0202,0.0205,148400000,3049969.5,TQBR
2015-08-06,0.0206,0.02065,0.0204,0.02055,35400000,726687.5,TQBR
2015-08-07,0.0206,0.02215,0.0206,0.022,107250000,2318624.5,TQBR
2015-08-10,0.022,0.02335,0.02155,0.0232,183020000,4118874.5,TQBR
2015-08-11,0.0233,0.0245,0.023,0.0234,103680000,2456873.0,TQBR
2015-08-12,0.0234,0.02345,0.02235,0.0228,48500000,1098425.5,TQBR
2015-08-13,0.0226,0.023,0.02225,0.02255,33150000,747258.5,TQBR
2015-08-14,0.0229,0.0229,0.0221,0.02245,10610000,237627.5,TQBR
2015-08-17,0.0224,0.0226,0.022,0.0222,10100000,224009.5,TQBR
2015-08-18,0.0223,0.0225,0.022,0.02215,27770000,614545.0,TQBR
2015-08-19,0.02205,0.0222,0.0215,0.02165,44820000,971598.5,TQBR
2015-08-20,0.02165,0.02165,0.02125,0.02155,12950000,277382.0,TQBR
2015-08-21,0.02225,0.0223,0.02135,0.02145,53570000,1160208.5,TQBR
2015-08-24,0.02135,0.0214,0.01955,0.0205,76490000,1558291.5,TQBR
2015-08-25,0.0205,0.02205,0.02015,0.0214,87190000,1857649.5,TQBR
2015-08-26,0.0214,0.02185,0.0213,0.02165,9650000,207790.0,TQBR
2015-08-27,0.02215,0.0223,0.02155,0.02225,49180000,1077785.5,TQBR
2015-08-28,0.02235,0.0229,0.02135,0.02205,93680000,2086390.0,TQBR
2015-08-31,0.02215,0.0224,0.0212,0.0218,101510000,2226565.5,TQBR
2015-09-01,0.02185,0.022,0.0215,0.02165,45560000,988630.5,TQBR
2015-09-02,0.02145,0.0218,0.02145,0.0217,24660000,531132.0,TQBR
2015-09-03,0.0219,0.0219,0.02145,0.0216,106740000,2302760.0,TQBR
2015-09-04,0.0215,0.02175,0.0212,0.0214,83070000,1780789.0,TQBR
2015-09-07,0.02155,0.02175,0.02135,0.0216,34020000,735916.0,TQBR
2015-09-08,0.02165,0.0219,0.02135,0.02165,105090000,2264963.0,TQBR
2015-09-09,0.02185,0.02195,0.021,0.02135,149300000,3196497.5,TQBR
2015-09-10,0.02115,0.0214,0.0209,0.0212,16350000,345423.5,TQBR
2015-09-11,0.0213,0.0213,0.02095,0.0211,16130000,339728.0,TQBR
2015-09-14,0.0209,0.02135,0.02085,0.02095,57770000,1214752.0,TQBR
2015-09-15,0.0212,0.0212,0.02085,0.021,14000000,293307.5,TQBR
2015-09-16,0.02105,0.02105,0.0208,0.02095,58370000,1218069.0,TQBR
2015-09-17,0.02085,0.02115,0.02085,0.02115,19790000,415329.5,TQBR
2015-09-18,0.02125,0.0213,0.0207,0.02095,41940000,875004.5,TQBR
2015-09-21,0.0207,0.0212,0.0202,0.0206,32380000,665692.5,TQBR
2015-09-22,0.02085,0.02125,0.02055,0.0211,218080000,4569789.5,TQBR
2015-09-23,0.021,0.0212,0.0198,0.0202,127130000,2563538.5,TQBR
2015-09-24,0.0199,0.02035,0.01945,0.01995,130120000,2563009.0,TQBR
2015-09-25,0.01985,0.02045,0.01945,0.0201,61540000,1211415.0,TQBR
2015-09-28,0.02015,0.0203,0.02,0.02005,65030000,1309532.5,TQBR
2015-09-29,0.0203,0.02095,0.0195,0.0196,86780000,1731398.5,TQBR
2015-09-30,0.0198,0.0198,0.0195,0.01955,16490000,324023.5,TQBR
2015-10-01,0.01955,0.0197,0.0192,0.01945,97110000,1871955.0,TQBR
2015-10-02,0.01945,0.0195,0.0191,0.01925,20500000,396294.5,TQBR
2015-10-05,0.0193,0.01985,0.0193,0.0195,38950000,762020.0,TQBR
2015-10-06,0.01945,0.01965,0.0191,0.0194,43210000,836552.0,TQBR
2015-10-07,0.0196,0.0196,0.0185,0.0192,207420000,3939745.5,TQBR
2015-10-08,0.019,0.01915,0.01865,0.019,31190000,590267.0,TQBR
2015-10-09,0.01895,0.0191,0.01875,0.01905,25140000,477105.5,TQBR
2015-10-12,0.0191,0.01935,0.0188,0.01905,107020000,2036694.5,TQBR
2015-10-13,0.019,0.0193,0.01895,0.0192,160760000,3074208.0,TQBR
2015-10-14,0.0192,0.0194,0.01835,0.0186,453580000,8521655.5,TQBR
2015-10-15,0.01865,0.01865,0.0182,0.0183,291940000,5375596.0,TQBR
2015-10-16,0.0184,0.01845,0.01805,0.0183,101710000,1856101.0,TQBR
2015-10-19,0.0183,0.0186,0.01815,0.01845,138110000,2535776.5,TQBR
2015-10-20,0.0184,0.02285,0.0184,0.02065,1134490000,23601003.5,TQBR
2015-10-21,0.0207,0.02335,0.0205,0.0214,913410000,19948373.5,TQBR
2015-10-22,0.0214,0.02185,0.0208,0.02085,252680000,5328839.0,TQBR
2015-10-23,0.02095,0.0211,0.02025,0.02055,147630000,3052257.0,TQBR
2015-10-26,0.02095,0.02095,0.0198,0.02035,154650000,3126942.0,TQBR
2015-10-27,0.02005,0.02025,0.01915,0.01935,218020000,4247129.0,TQBR
2015-10-28,0.01935,0.021,0.0191,0.0204,194490000,3931375.5,TQBR
2015-10-29,0.02005,0.0206,0.0196,0.02005,342770000,6933492.0,TQBR
2015-10-30,0.02,0.02,0.0196,0.0199,70160000,1392941.0,TQBR
2015-11-02,0.02,0.02,0.0194,0.0198,72960000,1432644.0,TQBR
2015-11-03,0.01975,0.01985,0.0194,0.0198,142600000,2791981.5,TQBR
2015-11-05,0.0196,0.01985,0.0195,0.0197,78220000,1539098.5,TQBR
2015-11-06,0.01965,0.02065,0.0195,0.0199,248220000,4993472.0,TQBR
2015-11-09,0.0199,0.02025,0.0197,0.0199,129890000,2585374.0,TQBR
2015-11-10,0.01995,0.0201,0.0195,0.01985,115920000,2280671.0,TQBR
2015-11-11,0.01985,0.01985,0.0194,0.0197,55680000,1089926.5,TQBR
2015-11-12,0.0197,0.0199,0.0195,0.0195,147820000,2907871.0,TQBR
2015-11-13,0.0196,0.0197,0.0191,0.01925,105530000,2042294.5,TQBR
2015-11-16,0.0193,0.0194,0.019,0.01915,45100000,865847.5,TQBR
2015-11-17,0.0193,0.0193,0.019,0.01925,41920000,800202.5,TQBR
2015-11-18,0.0194,0.0201,0.0193,0.01975,144800000,2852905.5,TQBR
2015-11-19,0.01985,0.02195,0.0196,0.0216,1191770000,24912024.0,TQBR
2015-11-20,0.02185,0.022,0.02025,0.02045,149100000,3119154.5,TQBR
2015-11-23,0.0203,0.0207,0.02,0.0201,72310000,1461197.0,TQBR
2015-11-24,0.0202,0.0202,0.01925,0.01945,109530000,2154541.0,TQBR
2015-11-25,0.01955,0.0199,0.0195,0.0197,53530000,1050144.5,TQBR
2015-11-26,0.0197,0.01995,0.01945,0.0198,21160000,416609.0,TQBR
2015-11-27,0.0198,0.01995,0.0198,0.01985,51460000,1019166.5,TQBR
2015-11-30,0.0197,0.01975,0.0193,0.01965,88390000,1730947.0,TQBR
2015-12-01,0.01975,0.01975,0.01945,0.0197,5030000,98553.5,TQBR
2015-12-02,0.0196,0.0199,0.0195,0.01955,17940000,353210.0,TQBR
2015-12-03,0.0196,0.01975,0.0195,0.01955,19200000,376404.0,TQBR
2015-12-04,0.01955,0.01985,0.01955,0.01975,6530000,128238.5,TQBR
2015-12-07,0.0197,0.0197,0.01945,0.0195,1910000,37318.5,TQBR
2015-12-08,0.0196,0.01965,0.01895,0.019,64300000,1228966.0,TQBR
2015-12-09,0.0194,0.0194,0.01885,0.01915,119770000,2273522.0,TQBR
2015-12-10,0.019,0.0192,0.01895,0.01915,29690000,564603.0,TQBR
2015-12-11,0.0192,0.0192,0.0186,0.01875,98780000,1856615.5,TQBR
2015-12-14,0.0188,0.0188,0.01825,0.01845,61690000,1142373.0,TQBR
2015-12-15,0.0186,0.0191,0.0185,0.019,78840000,1486261.0,TQBR
2015-12-16,0.0189,0.01975,0.0187,0.0197,135930000,2650259.5,TQBR
2015-12-17,0.01985,0.0201,0.01955,0.02,87810000,1747772.5,TQBR
2015-12-18,0.0199,0.02,0.0193,0.0195,52560000,1023476.5,TQBR
2015-12-21,0.0195,0.0198,0.01945,0.01975,29150000,573047.5,TQBR
2015-12-22,0.0197,0.0198,0.01905,0.01935,77480000,1500284.0,TQBR
2015-12-23,0.01945,0.01965,0.01895,0.0193,179970000,3436012.0,TQBR
2015-12-24,0.0195,0.0196,0.0192,0.0196,15790000,306020.5,TQBR
2015-12-25,0.01955,0.01975,0.01905,0.0193,144130000,2766273.5,TQBR
2015-12-28,0.01935,0.01935,0.019,0.0192,19640000,375076.5,TQBR
2015-12-29,0.0192,0.01935,0.019,0.01915,130500000,2490747.5,TQBR
2015-12-30,0.0192,0.0195,0.01905,0.01945,88010000,1701294.5,TQBR
2016-01-04,0.0196,0.0196,0.0192,0.0193,1190000,22915.0,TQBR
2016-01-05,0.0194,0.02,0.01925,0.01985,103660000,2053677.5,TQBR
2016-01-06,0.0198,0.02025,0.01975,0.01995,87230000,1744985.0,TQBR
2016-01-11,0.0198,0.01985,0.0193,0.0196,93440000,1818223.0,TQBR
2016-01-12,0.0193,0.01955,0.019,0.01945,92190000,1764884.5,TQBR
2016-01-13,0.01955,0.01955,0.0192,0.0195,56910000,1100779.0,TQBR
2016-01-14,0.0195,0.0196,0.0192,0.0194,46890000,903949.5,TQBR
2016-01-15,0.01945,0.01945,0.0186,0.01885,122190000,2307202.5,TQBR
2016-01-18,0.019,0.0191,0.0183,0.01875,35060000,651097.0,TQBR
2016-01-19,0.01885,0.01945,0.0187,0.0193,165130000,3146275.5,TQBR
2016-01-20,0.019,0.0191,0.0188,0.0188,27620000,524528.5,TQBR
2016-01-21,0.019,0.0193,0.0187,0.0193,45920000,878208.5,TQBR
2016-01-22,0.0194,0.0198,0.01895,0.0198,274460000,5278791.0,TQBR
2016-01-25,0.01985,0.0199,0.01935,0.0198,24520000,481763.0,TQBR
2016-01-26,0.0198,0.01985,0.01925,0.0197,63490000,1244295.0,TQBR
2016-01-27,0.01975,0.0199,0.0195,0.0198,15940000,316107.0,TQBR
2016-01-28,0.0199,0.02025,0.0197,0.0202,59400000,1191456.0,TQBR
2016-01-29,0.02035,0.0205,0.01975,0.02025,34140000,683608.0,TQBR
2016-02-01,0.02,0.02045,0.01995,0.02,21000000,422827.0,TQBR
2016-02-02,0.02055,0.02055,0.0195,0.02025,46570000,926661.0,TQBR
2016-02-03,0.0203,0.02115,0.01985,0.0208,176260000,3621750.0,TQBR
2016-02-04,0.02115,0.0217,0.02015,0.02095,316180000,6613132.5,TQBR
2016-02-05,0.0211,0.02175,0.0209,0.02145,86200000,1842046.5,TQBR
2016-02-08,0.02135,0.0218,0.0209,0.021,36330000,774781.5,TQBR
2016-02-09,0.02085,0.0216,0.0208,0.02135,45740000,975787.0,TQBR
2016-02-10,0.0216,0.02165,0.02105,0.0216,37220000,796034.5,TQBR
2016-02-11,0.02165,0.02195,0.02075,0.02105,61570000,1298347.0,TQBR
2016-02-12,0.0212,0.02135,0.02075,0.021,369320000,7759024.5,TQBR
2016-02-15,0.0214,0.0214,0.0207,0.0208,20970000,437166.5,TQBR
2016-02-16,0.0206,0.021,0.02,0.0202,282600000,5675641.0,TQBR
2016-02-17,0.0203,0.02085,0.02025,0.02065,34720000,715240.0,TQBR
2016-02-18,0.02085,0.0213,0.0205,0.021,48740000,1026888.5,TQBR
2016-02-19,0.02075,0.0211,0.0203,0.02075,12200000,252045.0,TQBR
2016-02-20,0.02105,0.02105,0.0206,0.02095,3890000,81282.5,TQBR
2016-02-22,0.0212,0.02145,0.0209,0.02145,16160000,342937.0,TQBR
2016-02-24,0.0215,0.0216,0.02085,0.0215,18210000,390952.5,TQBR
2016-02-25,0.0217,0.02285,0.0213,0.02195,159990000,3543517.5,TQBR
2016-02-26,0.0221,0.02305,0.02175,0.0227,55180000,1250597.0,TQBR
2016-02-29,0.02295,0.023,0.0223,0.0229,33580000,765187.0,TQBR
2016-03-01,0.0231,0.02335,0.02185,0.0225,43660000,983471.5,TQBR
2016-03-02,0.0229,0.025,0.02255,0.0239,183280000,4381612.0,TQBR
2016-03-03,0.02375,0.0244,0.02365,0.02435,50130000,1197640.0,TQBR
2016-03-04,0.0245,0.02495,0.02315,0.02435,124440000,2984595.0,TQBR
2016-03-07,0.025,0.025,0.02355,0.0245,310510000,7536239.0,TQBR
2016-03-09,0.0245,0.0245,0.0241,0.02445,34020000,826904.0,TQBR
2016-03-10,0.02475,0.02555,0.0246,0.0249,141380000,3560229.5,TQBR
2016-03-11,0.0254,0.0261,0.02515,0.02515,117070000,2982867.5,TQBR
2016-03-14,0.02515,0.0261,0.02435,0.0252,107140000,2733221.0,TQBR
2016-03-15,0.02535,0.0256,0.0245,0.0254,51760000,1297395.0,TQBR
2016-03-16,0.026,0.0262,0.02515,0.0258,89560000,2314062.5,TQBR
2016-03-17,0.0258,0.02645,0.02525,0.0254,66580000,1739038.0,TQBR
2016-03-18,0.0253,0.0263,0.0253,0.0261,112060000,2907619.0,TQBR
2016-03-21,0.026,0.0265,0.0255,0.02625,18600000,482663.5,TQBR
2016-03-22,0.02605,0.0266,0.02505,0.02575,75440000,1933245.5,TQBR
2016-03-23,0.0261,0.0277,0.0258,0.02645,341330000,9158918.0,TQBR
2016-03-24,0.02695,0.02695,0.0257,0.02615,138140000,3576524.5,TQBR
2016-03-25,0.0263,0.0266,0.02525,0.0256,30100000,771697.5,TQBR
2016-03-28,0.02595,0.02635,0.02505,0.02545,61710000,1564711.5,TQBR
2016-03-29,0.02585,0.0261,0.0251,0.02545,14580000,371276.5,TQBR
2016-03-30,0.02575,0.02595,0.0252,0.02545,12930000,330269.5,TQBR
2016-03-31,0.0256,0.02575,0.0251,0.02575,36510000,934713.5,TQBR
2016-04-01,0.02565,0.0264,0.0252,0.0254,50540000,1309602.0,TQBR
2016-04-04,0.02545,0.02715,0.02545,0.027,38850000,1029685.5,TQBR
2016-04-05,0.02715,0.02765,0.02655,0.02765,34100000,928641.5,TQBR
2016-04-06,0.0271,0.0297,0.0265,0.0297,266130000,7596836.5,TQBR
2016-04-07,0.02875,0.0312,0.02875,0.0305,164460000,4955512.5,TQBR
2016-04-08,0.0301,0.0311,0.02915,0.03,352960000,10593279.0,TQBR
2016-04-11,0.0308,0.03355,0.03,0.03175,128970000,4031072.5,TQBR
2016-04-12,0.03205,0.03245,0.0302,0.0311,68040000,2089959.5,TQBR
2016-04-13,0.0303,0.03145,0.03015,0.0312,43880000,1353073.0,TQBR
2016-04-14,0.0313,0.0321,0.03055,0.032,43150000,1364086.0,TQBR
2016-04-15,0.03225,0.033,0.03005,0.0307,54860000,1736444.5,TQBR
2016-04-18,0.02935,0.03195,0.02905,0.02985,39190000,1154825.0,TQBR
2016-04-19,0.0296,0.031,0.0296,0.03075,64500000,1958168.5,TQBR
2016-04-20,0.0303,0.03135,0.028,0.0299,416590000,12383326.0,TQBR
2016-04-21,0.02985,0.0339,0.02845,0.0309,330800000,10076745.0,TQBR
2016-04-22,0.0306,0.033,0.0306,0.0322,224630000,7210334.0,TQBR
2016-04-25,0.0318,0.0322,0.03065,0.0313,26560000,838789.5,TQBR
2016-04-26,0.0316,0.03225,0.03,0.03005,50530000,1528101.5,TQBR
2016-04-27,0.03005,0.0303,0.02965,0.02995,88250000,2645270.0,TQBR
2016-04-28,0.03,0.031,0.02945,0.03085,112100000,3388101.0,TQBR
2016-04-29,0.031,0.03105,0.0299,0.0308,278910000,8502405.5,TQBR
2016-05-04,0.031,0.031,0.02965,0.0305,281450000,8478392.5,TQBR
2016-05-05,0.0311,0.0312,0.0297,0.03045,181970000,5544000.5,TQBR
2016-05-06,0.0301,0.0302,0.0294,0.02985,46530000,1392279.0,TQBR
2016-05-10,0.02995,0.03,0.028,0.02985,68740000,1990868.5,TQBR
2016-05-11,0.03,0.03,0.0293,0.0298,13020000,387872.5,TQBR
2016-05-12,0.02995,0.03,0.02925,0.0299,7720000,228779.5,TQBR
2016-05-13,0.03005,0.03045,0.0286,0.02915,26570000,783495.0,TQBR
2016-05-16,0.0294,0.0307,0.02905,0.0305,68300000,2050938.5,TQBR
2016-05-17,0.03,0.0303,0.02925,0.0294,128790000,3833819.0,TQBR
2016-05-18,0.0298,0.02985,0.0287,0.02905,25900000,754995.0,TQBR
2016-05-19,0.02915,0.02995,0.0285,0.02925,15550000,453185.0,TQBR
2016-05-20,0.02915,0.02965,0.0287,0.0291,10190000,297499.0,TQBR
2016-05-23,0.02875,0.02995,0.028,0.02855,56980000,1626137.5,TQBR
2016-05-24,0.02815,0.02965,0.02815,0.02945,37920000,1108463.5,TQBR
2016-05-25,0.02945,0.0303,0.0285,0.02995,43140000,1277294.0,TQBR
2016-05-26,0.0293,0.03,0.02915,0.02945,10090000,298074.5,TQBR
2016-05-27,0.02925,0.0299,0.0289,0.0292,55460000,1618004.5,TQBR
2016-05-30,0.0289,0.0293,0.0282,0.02865,164860000,4746113.5,TQBR
2016-05-31,0.0288,0.0288,0.0276,0.0277,257980000,7262810.0,TQBR
2016-06-01,0.02795,0.0298,0.02795,0.0297,489820000,14061546.5,TQBR
2016-06-02,0.02915,0.0302,0.02905,0.0294,85370000,2538593.0,TQBR
2016-06-03,0.02995,0.02995,0.028,0.02845,42450000,1218538.0,TQBR
2016-06-06,0.02815,0.0286,0.02775,0.0279,52640000,1475052.0,TQBR
2016-06-07,0.0283,0.0283,0.0273,0.02785,107930000,2991628.5,TQBR
2016-06-08,0.028,0.028,0.0272,0.0276,33910000,935951.5,TQBR
2016-06-09,0.0274,0.0276,0.0268,0.02715,44990000,1218351.5,TQBR
2016-06-10,0.0273,0.0273,0.0265,0.0267,29240000,784109.5,TQBR
2016-06-14,0.02695,0.0272,0.0261,0.02655,49310000,1305314.0,TQBR
2016-06-15,0.0265,0.02685,0.02635,0.02665,11560000,307473.0,TQBR
2016-06-16,0.02655,0.0266,0.02615,0.0265,199920000,5298932.0,TQBR
2016-06-17,0.02645,0.02735,0.02645,0.0273,179160000,4783558.0,TQBR
2016-06-20,0.02755,0.03,0.02715,0.02875,272440000,7982421.5,TQBR
2016-06-21,0.02855,0.02915,0.02805,0.02915,51070000,1468784.5,TQBR
2016-06-22,0.0287,0.0293,0.02835,0.02865,95450000,2761176.0,TQBR
2016-06-23,0.0286,0.0289,0.028,0.02805,33150000,939621.5,TQBR
2016-06-24,0.0279,0.02995,0.0276,0.02945,144650000,4180697.0,TQBR
2016-06-27,0.0283,0.02875,0.02315,0.02825,262930000,7127297.5,TQBR
2016-06-28,0.02835,0.03005,0.02825,0.0289,917190000,26809735.5,TQBR
2016-06-29,0.0286,0.02945,0.02825,0.02905,49220000,1412548.0,TQBR
2016-06-30,0.02915,0.0299,0.0286,0.02905,134610000,3893660.5,TQBR
2016-07-01,0.02915,0.02915,0.02855,0.02855,32840000,951415.5,TQBR
2016-07-04,0.02845,0.0288,0.02815,0.02845,44310000,1258692.0,TQBR
2016-07-05,0.02835,0.02935,0.02815,0.029,10600000,303498.0,TQBR
2016-07-06,0.0285,0.033,0.0285,0.033,364160000,11108054.0,TQBR
2016-07-07,0.03295,0.033,0.03125,0.032,53840000,1736500.0,TQBR
2016-07-08,0.0323,0.0328,0.0315,0.03195,84890000,2726242.5,TQBR
2016-07-11,0.0312,0.033,0.0312,0.03215,80120000,2581458.5,TQBR
2016-07-12,0.03185,0.03305,0.03185,0.0326,44640000,1452985.0,TQBR
2016-07-13,0.0331,0.0366,0.0331,0.0347,118670000,4168099.5,TQBR
2016-07-14,0.0346,0.036,0.0346,0.0351,52890000,1872994.0,TQBR
2016-07-15,0.0349,0.03545,0.0333,0.03415,58450000,1997483.0,TQBR
2016-07-18,0.0336,0.03405,0.0322,0.0327,120600000,3947652.0,TQBR
2016-07-19,0.0324,0.03415,0.0321,0.033,18550000,615362.5,TQBR
2016-07-20,0.03285,0.033,0.0315,0.03195,37330000,1188808.0,TQBR
2016-07-21,0.032,0.0335,0.0319,0.0334,25630000,845954.5,TQBR
2016-07-22,0.03305,0.0366,0.03305,0.0366,100830000,3617291.0,TQBR
2016-07-25,0.03575,0.0403,0.035,0.0399,266660000,9901690.0,TQBR
2016-07-26,0.04,0.0438,0.03925,0.03935,68380000,2782818.0,TQBR
2016-07-27,0.0397,0.0411,0.03635,0.0374,105710000,3992461.5,TQBR
2016-07-28,0.0378,0.0389,0.037,0.03795,36420000,1370564.0,TQBR
2016-07-29,0.04085,0.04085,0.0377,0.0392,28050000,1088562.0,TQBR
2016-08-01,0.03875,0.0428,0.03875,0.0414,51710000,2129888.0,TQBR
2016-08-02,0.04095,0.0422,0.04005,0.0408,45610000,1874190.5,TQBR
2016-08-03,0.04145,0.04145,0.03865,0.04065,6600000,263616.5,TQBR
2016-08-04,0.0407,0.0407,0.03855,0.03975,9970000,395395.0,TQBR
2016-08-05,0.0394,0.0402,0.03875,0.03985,37060000,1471246.5,TQBR
2016-08-08,0.0402,0.0425,0.0402,0.0411,53410000,2225945.0,TQBR
2016-08-09,0.0408,0.04155,0.04,0.041,15980000,650302.0,TQBR
2016-08-10,0.04085,0.0424,0.0407,0.0419,19650000,823527.0,TQBR
2016-08-11,0.0417,0.0443,0.041,0.04345,147850000,6377640.5,TQBR
2016-08-12,0.04335,0.0434,0.04155,0.0428,15600000,660002.5,TQBR
2016-08-15,0.04245,0.04305,0.04,0.0415,93330000,3903756.0,TQBR
2016-08-16,0.04115,0.04185,0.041,0.0414,15290000,633286.5,TQBR
2016-08-17,0.04115,0.04155,0.04015,0.041,18260000,753263.0,TQBR
2016-08-18,0.0412,0.04195,0.04005,0.04105,33050000,1356862.0,TQBR
2016-08-19,0.0407,0.04275,0.0407,0.04235,130860000,5492457.5,TQBR
2016-08-22,0.04245,0.04355,0.042,0.043,14560000,623492.5,TQBR
2016-08-23,0.0428,0.0433,0.0421,0.0427,9390000,401183.0,TQBR
2016-08-24,0.04265,0.04265,0.0419,0.0419,26680000,1130082.0,TQBR
2016-08-25,0.0425,0.047,0.0414,0.04535,182090000,8294924.5,TQBR
2016-08-26,0.046,0.04685,0.0446,0.0464,90020000,4113950.5,TQBR
2016-08-29,0.0461,0.0468,0.0453,0.0468,68440000,3143231.5,TQBR
2016-08-30,0.04665,0.05,0.04665,0.04715,68440000,3325742.0,TQBR
2016-08-31,0.04735,0.0485,0.047,0.0483,23090000,1105864.0,TQBR
2016-09-01,0.04835,0.05295,0.04815,0.0489,48430000,2377000.5,TQBR
2016-09-02,0.0518,0.0518,0.0485,0.04935,46030000,2294689.5,TQBR
2016-09-05,0.04955,0.0515,0.0494,0.0503,44590000,2229911.0,TQBR
2016-09-06,0.05055,0.05125,0.0503,0.0508,38950000,1981731.0,TQBR
2016-09-07,0.05195,0.05275,0.047,0.04985,75800000,3755758.0,TQBR
2016-09-08,0.0501,0.0501,0.04585,0.04725,224280000,10500566.5,TQBR
2016-09-09,0.0467,0.0475,0.044,0.0444,173830000,7930661.5,TQBR
2016-09-12,0.04465,0.0455,0.043,0.0439,59650000,2620808.5,TQBR
2016-09-13,0.0441,0.04485,0.0434,0.04485,69570000,3060002.0,TQBR
2016-09-14,0.04445,0.04495,0.04255,0.0433,63650000,2755160.0,TQBR
2016-09-15,0.0433,0.0433,0.0411,0.04135,102960000,4362216.0,TQBR
2016-09-16,0.0413,0.04145,0.03865,0.0389,266060000,10480588.5,TQBR
2016-09-19,0.0391,0.0415,0.0377,0.03895,153740000,6062350.0,TQBR
2016-09-20,0.039,0.03955,0.0383,0.0391,51460000,2002949.0,TQBR
2016-09-21,0.0392,0.0417,0.03895,0.041,118490000,4792169.5,TQBR
2016-09-22,0.041,0.04175,0.0406,0.04085,30280000,1249520.0,TQBR
2016-09-23,0.0408,0.0414,0.0403,0.04075,13140000,536597.5,TQBR
2016-09-26,0.0409,0.0409,0.0397,0.03975,21390000,859190.0,TQBR
2016-09-27,0.0398,0.0398,0.0377,0.0383,56420000,2173045.0,TQBR
2016-09-28,0.03825,0.0386,0.0377,0.0382,28200000,1074669.0,TQBR
2016-09-29,0.0384,0.0388,0.03805,0.03835,12690000,487128.5,TQBR
2016-09-30,0.03835,0.0392,0.0382,0.0391,24210000,932861.0,TQBR
2016-10-03,0.0391,0.0391,0.03715,0.03875,22340000,860545.0,TQBR
2016-10-04,0.03855,0.03885,0.03825,0.03875,49380000,1899127.0,TQBR
2016-10-05,0.03825,0.03835,0.03715,0.038,35570000,1342648.5,TQBR
2016-10-06,0.0378,0.03815,0.03745,0.0379,15100000,573537.0,TQBR
2016-10-07,0.038,0.038,0.0371,0.0373,20290000,758685.5,TQBR
2016-10-10,0.0378,0.0382,0.0369,0.0382,29510000,1108049.5,TQBR
2016-10-11,0.0381,0.04045,0.0381,0.03955,185880000,7176515.0,TQBR
2016-10-12,0.0395,0.0429,0.0393,0.0406,85600000,3539143.5,TQBR
2016-10-13,0.04055,0.04075,0.0381,0.03865,60270000,2349538.0,TQBR
2016-10-14,0.03875,0.03875,0.0379,0.0379,16050000,611413.0,TQBR
2016-10-17,0.03785,0.03915,0.03785,0.03915,20660000,792718.0,TQBR
2016-10-18,0.03915,0.0399,0.0382,0.0383,10480000,405964.5,TQBR
2016-10-19,0.0382,0.03825,0.0369,0.0379,63640000,2381523.0,TQBR
2016-10-20,0.0377,0.03835,0.0365,0.03685,55940000,2076601.5,TQBR
2016-10-21,0.0371,0.0371,0.03565,0.0362,82290000,2985074.0,TQBR
2016-10-24,0.03585,0.03625,0.0356,0.0356,28580000,1028600.0,TQBR
2016-10-25,0.0355,0.0356,0.03495,0.03525,66020000,2325346.5,TQBR
2016-10-26,0.035,0.0357,0.0346,0.03565,23560000,827257.0,TQBR
2016-10-27,0.03555,0.0419,0.0349,0.04,283050000,11017712.5,TQBR
2016-10-28,0.04,0.04,0.0378,0.0385,194540000,7476429.0,TQBR
2016-10-31,0.04,0.0414,0.039,0.0404,66130000,2647793.5,TQBR
2016-11-01,0.0404,0.0413,0.04,0.0408,53010000,2147269.5,TQBR
2016-11-02,0.04055,0.0425,0.0399,0.04155,500660000,20327696.5,TQBR
2016-11-03,0.04145,0.04165,0.03985,0.0405,30710000,1239542.5,TQBR
2016-11-07,0.04025,0.0417,0.04005,0.04155,39400000,1629002.5,TQBR
2016-11-08,0.0415,0.0423,0.0411,0.04155,46270000,1936011.5,TQBR
2016-11-09,0.04135,0.042,0.0412,0.042,13310000,553788.0,TQBR
2016-11-10,0.0422,0.04365,0.0419,0.04275,94530000,4048359.0,TQBR
2016-11-11,0.0427,0.04365,0.0427,0.04335,18030000,774575.0,TQBR
2016-11-14,0.04365,0.048,0.04305,0.04405,65730000,2971969.0,TQBR
2016-11-15,0.044,0.044,0.04205,0.0431,19480000,831091.0,TQBR
2016-11-16,0.0432,0.0455,0.04285,0.04395,25530000,1133956.5,TQBR
2016-11-17,0.0439,0.0467,0.0439,0.0462,28280000,1293645.5,TQBR
2016-11-18,0.0462,0.04685,0.04505,0.04545,11190000,513050.5,TQBR
2016-11-21,0.04525,0.047,0.0442,0.0467,47070000,2141113.0,TQBR
2016-11-22,0.0466,0.0479,0.0465,0.0469,19190000,901635.0,TQBR
2016-11-23,0.04725,0.0475,0.0465,0.0469,9950000,467262.5,TQBR
2016-11-24,0.04665,0.0474,0.04485,0.04625,32640000,1499886.0,TQBR
2016-11-25,0.04655,0.04735,0.0461,0.04725,13120000,616085.0,TQBR
2016-11-28,0.0473,0.04745,0.04605,0.0466,15540000,725707.5,TQBR
2016-11-29,0.0467,0.0493,0.0462,0.0489,65290000,3134302.0,TQBR
2016-11-30,0.0488,0.0505,0.04835,0.05035,62150000,3057734.0,TQBR
2016-12-01,0.05015,0.0526,0.04995,0.0512,60190000,3070647.0,TQBR
2016-12-02,0.0511,0.0515,0.0478,0.0505,62000000,3103060.0,TQBR
2016-12-05,0.05025,0.05185,0.04865,0.05165,95340000,4835715.0,TQBR
2016-12-06,0.05145,0.05345,0.05145,0.05285,22350000,1171653.5,TQBR
2016-12-07,0.0529,0.05745,0.0529,0.057,129090000,7168135.0,TQBR
2016-12-08,0.059,0.0618,0.0562,0.0579,138730000,8208216.5,TQBR
2016-12-09,0.0583,0.062,0.0576,0.0588,35570000,2114205.0,TQBR
2016-12-12,0.05935,0.0599,0.057,0.0579,76530000,4463869.0,TQBR
2016-12-13,0.05755,0.0581,0.056,0.05755,18080000,1029203.0,TQBR
2016-12-14,0.0574,0.05815,0.056,0.05685,57780000,3274164.5,TQBR
2016-12-15,0.05645,0.06125,0.0564,0.0612,63060000,3720547.5,TQBR
2016-12-16,0.06115,0.06165,0.0593,0.05975,36450000,2187601.0,TQBR
2016-12-19,0.05975,0.05975,0.0561,0.0578,59020000,3426503.0,TQBR
2016-12-20,0.058,0.059,0.0561,0.05775,31150000,1792418.5,TQBR
2016-12-21,0.05865,0.05865,0.04585,0.0569,150020000,8032195.5,TQBR
2016-12-22,0.05595,0.05595,0.0531,0.05355,53180000,2902148.5,TQBR
2016-12-23,0.05315,0.05425,0.05025,0.05345,44730000,2356418.5,TQBR
2016-12-26,0.0533,0.05395,0.0525,0.0527,24870000,1313858.0,TQBR
2016-12-27,0.0528,0.0528,0.0516,0.0524,19620000,1026634.5,TQBR
2016-12-28,0.0523,0.05375,0.0514,0.05375,42900000,2253208.0,TQBR
2016-12-29,0.0535,0.0551,0.0534,0.05475,39770000,2154282.0,TQBR
2016-12-30,0.05475,0.0572,0.05475,0.056,43620000,2441681.0,TQBR
2017-01-03,0.05585,0.0565,0.05525,0.05595,9580000,533808.5,TQBR
2017-01-04,0.05535,0.05585,0.0537,0.0545,16820000,920202.5,TQBR
2017-01-05,0.05425,0.0545,0.053,0.05375,21200000,1141762.0,TQBR
2017-01-06,0.0535,0.05385,0.0535,0.0535,5610000,301228.5,TQBR
2017-01-09,0.05345,0.05885,0.0534,0.0568,43640000,2452575.5,TQBR
2017-01-10,0.0566,0.05885,0.0566,0.0584,17620000,1018854.5,TQBR
2017-01-11,0.05845,0.05945,0.057,0.0573,48840000,2841909.5,TQBR
2017-01-12,0.05715,0.05815,0.05705,0.05815,9430000,542976.5,TQBR
2017-01-13,0.0581,0.0615,0.0578,0.0615,123440000,7324545.0,TQBR
2017-01-16,0.0613,0.067,0.0608,0.06115,97050000,6119709.0,TQBR
2017-01-17,0.06145,0.062,0.06065,0.06145,15950000,978863.5,TQBR
2017-01-18,0.06155,0.0638,0.06085,0.0636,108500000,6710124.0,TQBR
2017-01-19,0.06255,0.0675,0.0623,0.0661,51760000,3379781.5,TQBR
2017-01-20,0.0657,0.06745,0.06345,0.06485,16690000,1090745.0,TQBR
2017-01-23,0.06395,0.0651,0.06155,0.0628,25170000,1576665.0,TQBR
2017-01-24,0.063,0.06305,0.06125,0.06165,25820000,1593249.0,TQBR
2017-01-25,0.0618,0.0618,0.06115,0.0613,6600000,405251.5,TQBR
2017-01-26,0.0614,0.0616,0.06115,0.0614,136450000,8354674.5,TQBR
2017-01-27,0.06135,0.0616,0.06115,0.0613,10500000,644595.0,TQBR
2017-01-30,0.0613,0.06215,0.0613,0.06215,15630000,962604.0,TQBR
2017-01-31,0.06265,0.0646,0.0625,0.0645,11730000,748734.0,TQBR
2017-02-01,0.0643,0.06595,0.0643,0.0649,5200000,337381.0,TQBR
2017-02-02,0.0657,0.0658,0.0637,0.06385,19200000,1240501.0,TQBR
2017-02-03,0.06385,0.06405,0.06205,0.0635,14400000,909787.0,TQBR
2017-02-06,0.06335,0.06335,0.0612,0.06225,21340000,1321878.0,TQBR
2017-02-07,0.06165,0.06285,0.0596,0.06215,44310000,2733352.5,TQBR
2017-02-08,0.0623,0.06285,0.0607,0.06095,17200000,1057786.0,TQBR
2017-02-09,0.06115,0.0613,0.05995,0.0601,15580000,943818.5,TQBR
2017-02-10,0.0603,0.0634,0.0595,0.0627,36770000,2250763.0,TQBR
2017-02-13,0.0628,0.0628,0.06,0.0609,8010000,490327.5,TQBR
2017-02-14,0.0607,0.0611,0.0601,0.0604,7150000,432097.0,TQBR
2017-02-15,0.0603,0.06035,0.0595,0.0595,14000000,838500.0,TQBR
2017-02-16,0.05955,0.0597,0.059,0.0597,4370000,259513.5,TQBR
2017-02-17,0.05965,0.0602,0.0596,0.06015,9010000,540305.5,TQBR
2017-02-20,0.0601,0.06085,0.0598,0.0598,18520000,1114240.0,TQBR
2017-02-21,0.0597,0.06,0.05945,0.0595,7630000,455264.5,TQBR
2017-02-22,0.0596,0.06195,0.0584,0.0605,55960000,3339889.5,TQBR
2017-02-24,0.0603,0.0607,0.0581,0.0587,22690000,1349503.0,TQBR
2017-02-27,0.0585,0.05885,0.05365,0.0553,36280000,2053550.0,TQBR
2017-02-28,0.05505,0.05505,0.0511,0.0535,26810000,1420861.0,TQBR
2017-03-01,0.05245,0.05615,0.052,0.0559,10540000,583027.0,TQBR
2017-03-02,0.05615,0.05735,0.054,0.05405,24560000,1353755.0,TQBR
2017-03-03,0.05405,0.0541,0.05185,0.0533,31240000,1645696.5,TQBR
2017-03-06,0.05345,0.05395,0.05295,0.05365,7780000,416936.5,TQBR
2017-03-07,0.0537,0.0538,0.05065,0.05195,47090000,2428576.5,TQBR
2017-03-09,0.0502,0.0519,0.046,0.0475,105640000,5030397.5,TQBR
2017-03-10,0.04745,0.05065,0.04505,0.04955,21960000,1060693.5,TQBR
2017-03-13,0.0492,0.0513,0.04825,0.0499,10220000,508246.0,TQBR
2017-03-14,0.04965,0.05015,0.0495,0.0497,9480000,472409.5,TQBR
2017-03-15,0.04965,0.0504,0.04965,0.05035,6080000,303113.5,TQBR
2017-03-16,0.05045,0.05495,0.05045,0.05355,17300000,918087.0,TQBR
2017-03-17,0.05365,0.0587,0.05365,0.05805,44630000,2552218.5,TQBR
2017-03-20,0.05815,0.06095,0.05805,0.06,29450000,1750028.5,TQBR
2017-03-21,0.0599,0.061,0.0575,0.0579,46040000,2729824.0,TQBR
2017-03-22,0.0575,0.059,0.056,0.05815,22100000,1272228.5,TQBR
2017-03-23,0.0581,0.062,0.0581,0.059,68760000,4106064.0,TQBR
2017-03-24,0.05905,0.0605,0.05905,0.06,66040000,3962678.5,TQBR
2017-03-27,0.06005,0.0606,0.0565,0.0572,19300000,1127856.0,TQBR
2017-03-28,0.05745,0.0579,0.0569,0.0578,7030000,403371.5,TQBR
2017-03-29,0.0572,0.058,0.0572,0.0573,1570000,90570.0,TQBR
2017-03-30,0.05755,0.0577,0.0569,0.0575,5470000,314225.0,TQBR
2017-03-31,0.05795,0.05895,0.0564,0.05795,12280000,707125.0,TQBR
2017-04-03,0.0581,0.062,0.0581,0.0593,15560000,934119.0,TQBR
2017-04-04,0.05915,0.0599,0.05905,0.0598,4860000,290272.0,TQBR
2017-04-05,0.0599,0.06095,0.0599,0.0604,8030000,485311.0,TQBR
2017-04-06,0.06005,0.06195,0.06,0.0611,15420000,943205.0,TQBR
2017-04-07,0.0611,0.0611,0.0595,0.0605,76630000,4596965.5,TQBR
2017-04-10,0.0605,0.061,0.059,0.0596,18540000,1104447.5,TQBR
2017-04-11,0.06035,0.063,0.06005,0.0608,35340000,2172774.0,TQBR
2017-04-12,0.0602,0.0634,0.06,0.06125,12790000,782837.0,TQBR
2017-04-13,0.0609,0.0628,0.05985,0.06035,14760000,898664.0,TQBR
2017-04-14,0.0598,0.06125,0.0595,0.05985,4250000,254132.5,TQBR
2017-04-17,0.0601,0.06095,0.06005,0.0602,8930000,540739.0,TQBR
2017-04-18,0.0605,0.0608,0.05965,0.05985,14630000,883391.5,TQBR
2017-04-19,0.0597,0.0602,0.05925,0.0598,4750000,284224.5,TQBR
2017-04-20,0.05965,0.05965,0.0569,0.0585,19530000,1128632.5,TQBR
2017-04-21,0.0585,0.06095,0.05755,0.0608,23360000,1396418.5,TQBR
2017-04-24,0.0605,0.0625,0.06005,0.062,52420000,3225138.5,TQBR
2017-04-25,0.0622,0.0658,0.062,0.0651,76820000,4967060.0,TQBR
2017-04-26,0.06555,0.0657,0.0632,0.06495,22290000,1445565.5,TQBR
2017-04-27,0.0643,0.06675,0.0643,0.06645,52720000,3498213.5,TQBR
2017-04-28,0.0667,0.067,0.06315,0.065,30410000,1993976.5,TQBR
2017-05-02,0.0645,0.06895,0.06415,0.0676,44960000,3037701.5,TQBR
2017-05-03,0.0676,0.0695,0.06605,0.0667,83850000,5719106.0,TQBR
2017-05-04,0.0661,0.06985,0.0661,0.06745,77080000,5256823.0,TQBR
2017-05-05,0.0679,0.069,0.067,0.06825,57990000,3983624.5,TQBR
2017-05-10,0.0682,0.07,0.0678,0.0695,14470000,1003762.5,TQBR
2017-05-11,0.0691,0.06995,0.0688,0.0688,18320000,1267176.0,TQBR
2017-05-12,0.06855,0.06885,0.0675,0.0677,16060000,1091400.0,TQBR
2017-05-15,0.0677,0.06945,0.0624,0.0645,66720000,4390149.0,TQBR
2017-05-16,0.06375,0.06495,0.06085,0.062,50410000,3131994.0,TQBR
2017-05-17,0.064,0.06745,0.0635,0.067,52750000,3496101.5,TQBR
2017-05-18,0.068,0.068,0.06455,0.06545,28790000,1890197.0,TQBR
2017-05-19,0.0614,0.06635,0.0614,0.06505,8030000,524802.0,TQBR
2017-05-22,0.0652,0.0699,0.065,0.06705,59010000,3979837.0,TQBR
2017-05-23,0.0665,0.06895,0.0659,0.0689,39810000,2717258.5,TQBR
2017-05-24,0.0689,0.06995,0.0649,0.06885,49180000,3385393.5,TQBR
2017-05-25,0.07,0.0714,0.06855,0.0708,77010000,5412137.0,TQBR
2017-05-26,0.0712,0.0715,0.06895,0.0704,69970000,4934812.0,TQBR
2017-05-29,0.0714,0.0737,0.06955,0.0725,194020000,13942276.5,TQBR
2017-05-30,0.07315,0.0744,0.07125,0.0728,218960000,16126195.0,TQBR
2017-05-31,0.0721,0.0755,0.0715,0.07155,132650000,9875820.5,TQBR
2017-06-01,0.07135,0.07245,0.0692,0.07065,42630000,3001286.0,TQBR
2017-06-02,0.0716,0.0723,0.06855,0.07,63430000,4444577.0,TQBR
2017-06-05,0.0709,0.0728,0.0709,0.0715,43160000,3099374.0,TQBR
2017-06-06,0.0728,0.07285,0.0702,0.0718,39440000,2815675.5,TQBR
2017-06-07,0.071,0.07205,0.07095,0.0712,64790000,4630463.5,TQBR
2017-06-08,0.07275,0.07275,0.0699,0.0705,43020000,3029493.5,TQBR
2017-06-09,0.06985,0.0726,0.0661,0.06795,214590000,14699709.5,TQBR
2017-06-13,0.06855,0.0709,0.0667,0.0681,174430000,11832358.5,TQBR
2017-06-14,0.06845,0.0696,0.06765,0.068,34460000,2359029.5,TQBR
2017-06-15,0.068,0.06875,0.0664,0.06845,47530000,3209701.0,TQBR
2017-06-16,0.06835,0.071,0.068,0.0699,72310000,5044236.5,TQBR
2017-06-19,0.0701,0.07245,0.07005,0.0719,49000000,3520439.0,TQBR
2017-06-20,0.07245,0.07275,0.07,0.0714,48350000,3438062.0,TQBR
2017-06-21,0.07165,0.07245,0.06925,0.0708,93130000,6530898.0,TQBR
2017-06-22,0.06985,0.07145,0.0693,0.07125,93110000,6616381.0,TQBR
2017-06-23,0.0642,0.06845,0.0642,0.06845,125230000,8288140.5,TQBR
2017-06-26,0.0685,0.06945,0.0684,0.0684,42550000,2938524.0,TQBR
2017-06-27,0.0684,0.0685,0.067,0.06795,27180000,1832241.0,TQBR
2017-06-28,0.06715,0.06825,0.0665,0.0673,17030000,1153559.0,TQBR
2017-06-29,0.06825,0.06885,0.0669,0.06845,23500000,1598144.5,TQBR
2017-06-30,0.0688,0.0688,0.0681,0.06855,7680000,526847.5,TQBR
2017-07-03,0.0688,0.0688,0.06815,0.0683,28120000,1921641.5,TQBR
2017-07-04,0.0683,0.0701,0.06815,0.0695,70290000,4891227.5,TQBR
2017-07-05,0.06915,0.07045,0.06805,0.06915,37750000,2598585.0,TQBR
2017-07-06,0.0692,0.07,0.067,0.0691,48630000,3359545.5,TQBR
2017-07-07,0.06855,0.07,0.06855,0.0693,26760000,1851379.0,TQBR
2017-07-10,0.0695,0.07075,0.0694,0.07,93330000,6533332.0,TQBR
2017-07-11,0.0697,0.07145,0.0695,0.07075,199610000,14099932.5,TQBR
2017-07-12,0.07085,0.071,0.07055,0.0709,41830000,2958982.5,TQBR
2017-07-13,0.07045,0.0722,0.07,0.072,95450000,6732951.5,TQBR
2017-07-14,0.07225,0.0754,0.0717,0.0745,87730000,6387238.0,TQBR
2017-07-17,0.0744,0.07755,0.07435,0.07665,34260000,2596212.5,TQBR
2017-07-18,0.077,0.0805,0.0761,0.0794,82550000,6536842.0,TQBR
2017-07-19,0.07985,0.0814,0.0795,0.0795,59600000,4790002.5,TQBR
2017-07-20,0.08075,0.08395,0.07905,0.0808,63080000,5131969.0,TQBR
2017-07-21,0.081,0.08245,0.07825,0.0796,62450000,4969747.5,TQBR
2017-07-24,0.0796,0.0853,0.079,0.0853,157760000,13083133.0,TQBR
2017-07-25,0.0873,0.09285,0.08685,0.09,259730000,23361291.0,TQBR
2017-07-26,0.09095,0.09695,0.09,0.0968,431080000,40990061.0,TQBR
2017-07-27,0.09685,0.1037,0.0922,0.09775,263520000,25872504.5,TQBR
2017-07-28,0.099,0.101,0.09525,0.0984,172380000,16899002.5,TQBR
2017-07-31,0.0977,0.102,0.09745,0.10125,135290000,13604910.0,TQBR
2017-08-01,0.10185,0.1038,0.09925,0.09965,151830000,15434735.0,TQBR
2017-08-02,0.10085,0.10085,0.0931,0.0949,253500000,24108962.5,TQBR
2017-08-03,0.0957,0.09595,0.094,0.09445,48220000,4561865.5,TQBR
2017-08-04,0.0949,0.0972,0.0937,0.09495,51660000,4902686.0,TQBR
2017-08-07,0.0953,0.0964,0.09405,0.09495,44230000,4203476.0,TQBR
2017-08-08,0.096,0.096,0.0928,0.0939,64790000,6089832.5,TQBR
2017-08-09,0.0937,0.0937,0.0927,0.0936,54220000,5044081.5,TQBR
2017-08-10,0.094,0.09495,0.0929,0.0929,29580000,2785052.0,TQBR
2017-08-11,0.0928,0.09495,0.08935,0.09345,137400000,12633701.0,TQBR
2017-08-14,0.0954,0.1018,0.09325,0.0949,528140000,50546075.0,TQBR
2017-08-15,0.0944,0.0964,0.09435,0.09495,157710000,14984098.5,TQBR
2017-08-16,0.0946,0.095,0.094,0.094,79250000,7497193.0,TQBR
2017-08-17,0.09485,0.09485,0.09215,0.09395,43720000,4102758.5,TQBR
2017-08-18,0.0939,0.09405,0.0927,0.0937,91020000,8490671.0,TQBR
2017-08-21,0.09375,0.0949,0.09285,0.0939,61320000,5751905.5,TQBR
2017-08-22,0.0938,0.09875,0.093,0.09775,653370000,62627961.0,TQBR
2017-08-23,0.0992,0.106,0.09805,0.106,572750000,57710264.0,TQBR
2017-08-24,0.10605,0.11765,0.10605,0.117,244840000,27390859.0,TQBR
2017-08-25,0.118,0.1249,0.1116,0.11755,265090000,31477206.0,TQBR
2017-08-28,0.1201,0.1205,0.1135,0.115,181820000,21297770.0,TQBR
2017-08-29,0.11525,0.1159,0.11065,0.11425,82690000,9344901.0,TQBR
2017-08-30,0.1144,0.11565,0.1108,0.11495,50070000,5622775.0,TQBR
2017-08-31,0.11515,0.119,0.11495,0.1159,76180000,8883238.0,TQBR
2017-09-01,0.1165,0.1199,0.1152,0.1184,137400000,16150636.5,TQBR
2017-09-04,0.11865,0.1198,0.11645,0.1188,46700000,5537186.0,TQBR
2017-09-05,0.1189,0.1195,0.1171,0.1193,78680000,9362057.5,TQBR
2017-09-06,0.11905,0.11945,0.11745,0.1187,35630000,4209418.0,TQBR
2017-09-07,0.1191,0.1192,0.1173,0.1175,29090000,3435591.5,TQBR
2017-09-08,0.11775,0.11785,0.114,0.11545,62700000,7285925.5,TQBR
2017-09-11,0.1155,0.119,0.11505,0.1176,86300000,10204450.5,TQBR
2017-09-12,0.11875,0.11875,0.1161,0.11695,41050000,4805494.0,TQBR
2017-09-13,0.1172,0.11825,0.11,0.1129,179530000,20464132.5,TQBR
2017-09-14,0.1133,0.11535,0.1091,0.11535,102110000,11496539.0,TQBR
2017-09-15,0.1154,0.1156,0.11305,0.1155,41920000,4836586.0,TQBR
2017-09-18,0.11545,0.11775,0.1118,0.1139,204250000,23474546.0,TQBR
2017-09-19,0.1151,0.11515,0.112,0.113,41860000,4734813.5,TQBR
2017-09-20,0.11335,0.116,0.11155,0.11285,37340000,4234542.0,TQBR
2017-09-21,0.11335,0.1141,0.112,0.11345,15030000,1697695.5,TQBR
2017-09-22,0.11265,0.117,0.11265,0.115,108640000,12556731.0,TQBR
2017-09-25,0.1155,0.11845,0.11505,0.11765,63510000,7452437.0,TQBR
2017-09-26,0.11845,0.11885,0.11605,0.11685,52650000,6194852.0,TQBR
2017-09-27,0.11725,0.11785,0.114,0.11605,34650000,4004445.0,TQBR
2017-09-28,0.11515,0.1166,0.113,0.1141,66180000,7578674.0,TQBR
2017-09-29,0.11325,0.11465,0.1125,0.1128,81310000,9207376.0,TQBR
2017-10-02,0.11345,0.1165,0.113,0.116,44050000,5053824.5,TQBR
2017-10-03,0.116,0.11765,0.1157,0.1165,43450000,5075985.0,TQBR
2017-10-04,0.11625,0.117,0.114,0.116,44480000,5126945.0,TQBR
2017-10-05,0.1159,0.1159,0.1144,0.11485,24410000,2810301.5,TQBR
2017-10-06,0.1143,0.1155,0.1125,0.115,79720000,9090558.5,TQBR
2017-10-09,0.11375,0.11695,0.1126,0.1169,106530000,12303819.0,TQBR
2017-10-10,0.117,0.1185,0.1162,0.11705,83160000,9793266.0,TQBR
2017-10-11,0.116,0.1184,0.116,0.11785,25580000,3015647.0,TQBR
2017-10-12,0.11765,0.1184,0.1171,0.1176,26910000,3167846.5,TQBR
2017-10-13,0.117,0.11845,0.117,0.1179,44220000,5211383.0,TQBR
2017-10-16,0.11795,0.1181,0.11685,0.11795,30590000,3591191.0,TQBR
2017-10-17,0.11765,0.11765,0.10915,0.1118,366170000,41376235.5,TQBR
2017-10-18,0.112,0.112,0.1011,0.11,1096690000,116828522.0,TQBR
2017-10-19,0.11,0.11185,0.106,0.10795,356140000,38804744.5,TQBR
2017-10-20,0.1083,0.109,0.1065,0.1073,131500000,14137570.0,TQBR
2017-10-23,0.1099,0.1099,0.105,0.1068,142890000,15165015.0,TQBR
2017-10-24,0.1071,0.1137,0.102,0.112,672550000,71193037.0,TQBR
2017-10-25,0.11555,0.11685,0.10705,0.108,355410000,39433131.0,TQBR
2017-10-26,0.10655,0.1099,0.10495,0.1088,126570000,13656928.5,TQBR
2017-10-27,0.10805,0.11085,0.108,0.109,148430000,16300472.0,TQBR
2017-10-30,0.11,0.11235,0.10705,0.109,136300000,14881905.5,TQBR
2017-10-31,0.1096,0.11085,0.1082,0.1088,77370000,8424935.5,TQBR
2017-11-01,0.1094,0.1094,0.10625,0.1078,81260000,8748401.5,TQBR
2017-11-02,0.10885,0.10885,0.106,0.106,102560000,10942944.5,TQBR
2017-11-03,0.1075,0.10785,0.1057,0.10605,126800000,13508720.0,TQBR
2017-11-07,0.1067,0.1086,0.1065,0.1084,86250000,9283928.5,TQBR
2017-11-08,0.1085,0.1088,0.1068,0.1082,77770000,8366344.0,TQBR
2017-11-09,0.10805,0.10935,0.10735,0.1091,101490000,11027247.0,TQBR
2017-11-10,0.1092,0.10925,0.1065,0.10825,43840000,4730687.0,TQBR
2017-11-13,0.10875,0.109,0.107,0.1079,77090000,8306705.5,TQBR
2017-11-14,0.10675,0.10845,0.10675,0.1071,27920000,3005551.0,TQBR
2017-11-15,0.10685,0.1098,0.1045,0.1081,219040000,23564853.0,TQBR
2017-11-16,0.1085,0.10945,0.1061,0.1091,106730000,11526145.5,TQBR
2017-11-17,0.10935,0.10995,0.10735,0.1092,109080000,11900926.0,TQBR
2017-11-20,0.1099,0.1109,0.10825,0.11,48140000,5284444.0,TQBR
2017-11-21,0.10855,0.1103,0.10855,0.10995,56670000,6223258.0,TQBR
2017-11-22,0.11055,0.1113,0.1092,0.10975,113530000,12473717.5,TQBR
2017-11-23,0.11085,0.11135,0.109,0.10995,189900000,20849841.0,TQBR
2017-11-24,0.11,0.11045,0.1064,0.10815,205660000,22193648.5,TQBR
2017-11-27,0.1075,0.1083,0.1053,0.10695,152600000,16290914.0,TQBR
2017-11-28,0.107,0.10845,0.10505,0.1057,109120000,11572910.5,TQBR
2017-11-29,0.1059,0.1064,0.1045,0.10555,64670000,6819472.5,TQBR
2017-11-30,0.1052,0.10635,0.1038,0.10435,65990000,6923894.0,TQBR
2017-12-01,0.1039,0.1055,0.10375,0.10535,44510000,4633964.0,TQBR
2017-12-04,0.10575,0.10585,0.10305,0.10395,63610000,6611204.0,TQBR
2017-12-05,0.10445,0.1055,0.1025,0.10515,113720000,11857015.5,TQBR
2017-12-06,0.105,0.10715,0.1043,0.1069,83090000,8862819.0,TQBR
2017-12-07,0.1064,0.1074,0.105,0.1051,31940000,3404642.5,TQBR
2017-12-08,0.1064,0.10675,0.10535,0.10575,28730000,3043144.0,TQBR
2017-12-11,0.1062,0.10665,0.10455,0.106,38640000,4099974.0,TQBR
2017-12-12,0.10625,0.1069,0.10505,0.10615,49220000,5217393.0,TQBR
2017-12-13,0.1064,0.10645,0.10375,0.1048,104440000,10936545.0,TQBR
2017-12-14,0.1054,0.1055,0.1038,0.105,23990000,2517350.5,TQBR
2017-12-15,0.1051,0.1051,0.10455,0.10475,43750000,4585212.0,TQBR
2017-12-18,0.10515,0.10545,0.1034,0.10415,39870000,4165210.0,TQBR
2017-12-19,0.1043,0.1045,0.1021,0.10275,99960000,10277602.5,TQBR
2017-12-20,0.1022,0.1039,0.101,0.10175,75550000,7679259.5,TQBR
2017-12-21,0.10285,0.10285,0.1001,0.1011,86910000,8785331.0,TQBR
2017-12-22,0.1015,0.1033,0.0999,0.1017,100450000,10227466.5,TQBR
2017-12-25,0.1016,0.10305,0.10105,0.1019,112290000,11484845.0,TQBR
2017-12-26,0.10235,0.10295,0.10005,0.10045,93980000,9501697.0,TQBR
2017-12-27,0.10065,0.1013,0.0996,0.0999,75060000,7542185.5,TQBR
2017-12-28,0.10035,0.101,0.0999,0.1,47760000,4790084.0,TQBR
2017-12-29,0.1009,0.10295,0.1001,0.10265,146650000,14953746.5,TQBR
2018-01-03,0.10265,0.105,0.10215,0.10485,46480000,4837444.0,TQBR
2018-01-04,0.10505,0.10745,0.10495,0.10705,75010000,7983828.5,TQBR
2018-01-05,0.1072,0.11,0.10675,0.10935,71310000,7761803.5,TQBR
2018-01-09,0.10935,0.112,0.10935,0.1096,241150000,26871448.0,TQBR
2018-01-10,0.11035,0.11075,0.1063,0.10785,147610000,15906847.0,TQBR
2018-01-11,0.108,0.10845,0.1066,0.10705,46090000,4954589.0,TQBR
2018-01-12,0.10795,0.10805,0.10365,0.10515,199390000,20948013.5,TQBR
2018-01-15,0.10605,0.1067,0.10405,0.1048,170120000,17879598.0,TQBR
2018-01-16,0.10505,0.1054,0.1033,0.10405,51280000,5339212.5,TQBR
2018-01-17,0.1049,0.1049,0.10365,0.1044,68680000,7173385.5,TQBR
2018-01-18,0.1044,0.10595,0.1043,0.10455,64140000,6737085.5,TQBR
2018-01-19,0.1049,0.1075,0.1045,0.1054,216820000,22821419.5,TQBR
2018-01-22,0.1074,0.1115,0.1059,0.1091,295180000,32037888.0,TQBR
2018-01-23,0.1099,0.1108,0.10845,0.1085,107260000,11776179.5,TQBR
2018-01-24,0.10875,0.1089,0.1065,0.1068,90660000,9714979.5,TQBR
2018-01-25,0.10655,0.108,0.10595,0.10665,144090000,15351460.0,TQBR
2018-01-26,0.10685,0.10695,0.1047,0.10545,193420000,20526726.5,TQBR
2018-01-29,0.1055,0.1076,0.1055,0.106,64800000,6864808.5,TQBR
2018-01-30,0.1044,0.1089,0.1044,0.1075,70070000,7530469.5,TQBR
2018-01-31,0.1075,0.10875,0.10675,0.1087,45430000,4905914.0,TQBR
2018-02-01,0.108,0.1097,0.108,0.1093,77040000,8404984.5,TQBR
2018-02-02,0.1095,0.11,0.108,0.1087,87740000,9557932.5,TQBR
2018-02-05,0.1087,0.10965,0.10795,0.10915,71600000,7782166.0,TQBR
2018-02-06,0.108,0.108,0.10515,0.1057,149170000,15835203.0,TQBR
2018-02-07,0.10715,0.108,0.10515,0.10725,57660000,6160278.0,TQBR
2018-02-08,0.10685,0.1079,0.10675,0.1074,21910000,2347145.5,TQBR
2018-02-09,0.106,0.1069,0.1048,0.10585,111970000,11837791.0,TQBR
2018-02-12,0.10605,0.1075,0.10355,0.10735,138610000,14758750.0,TQBR
2018-02-13,0.1074,0.1108,0.10735,0.11,119160000,13029955.0,TQBR
2018-02-14,0.11065,0.1138,0.1092,0.1124,150230000,16895057.0,TQBR
2018-02-15,0.113,0.115,0.1122,0.11335,94350000,10715698.0,TQBR
2018-02-16,0.1112,0.1145,0.1112,0.1125,67150000,7561871.5,TQBR
2018-02-19,0.11305,0.11505,0.1111,0.1133,90220000,10196293.5,TQBR
2018-02-20,0.1131,0.1134,0.11175,0.1118,71560000,8020912.0,TQBR
2018-02-21,0.1123,0.11385,0.1111,0.11205,80610000,9030303.0,TQBR
2018-02-22,0.1128,0.121,0.1113,0.118,536300000,62573047.5,TQBR
2018-02-26,0.12,0.12205,0.1175,0.1181,254530000,30342072.0,TQBR
2018-02-27,0.1184,0.1184,0.11675,0.11765,99940000,11763004.0,TQBR
2018-02-28,0.11795,0.11795,0.1162,0.11675,67500000,7878132.5,TQBR
2018-03-01,0.1162,0.11755,0.1146,0.11495,102690000,11903130.0,TQBR
2018-03-02,0.115,0.115,0.1115,0.1133,220680000,24931425.0,TQBR
2018-03-05,0.11385,0.1139,0.11165,0.11325,76020000,8571996.0,TQBR
2018-03-06,0.11315,0.11675,0.11305,0.1155,106230000,12210774.0,TQBR
2018-03-07,0.11615,0.11615,0.1136,0.1146,22970000,2625520.0,TQBR
2018-03-09,0.11545,0.1163,0.11425,0.1156,22240000,2567977.0,TQBR
2018-03-12,0.11665,0.1185,0.11585,0.118,117800000,13810926.0,TQBR
2018-03-13,0.11825,0.12005,0.117,0.1184,102420000,12140059.0,TQBR
2018-03-14,0.11935,0.11985,0.11735,0.11775,65930000,7815988.5,TQBR
2018-03-15,0.118,0.12,0.117,0.1177,112620000,13319210.5,TQBR
2018-03-16,0.1177,0.121,0.11655,0.12035,280060000,33256865.0,TQBR
2018-03-19,0.12045,0.12255,0.1203,0.12245,68730000,8366768.0,TQBR
2018-03-20,0.1223,0.125,0.122,0.12455,88250000,10889081.5,TQBR
2018-03-21,0.12495,0.1271,0.1241,0.1251,83230000,10461753.0,TQBR
2018-03-22,0.1242,0.126,0.1209,0.122,158980000,19524805.5,TQBR
2018-03-23,0.122,0.1231,0.1203,0.123,94000000,11462615.5,TQBR
2018-03-26,0.123,0.123,0.12,0.1205,102100000,12316936.5,TQBR
2018-03-27,0.1199,0.1206,0.1187,0.11895,95460000,11398102.5,TQBR
2018-03-28,0.1194,0.11945,0.11665,0.11685,93080000,10926708.0,TQBR
2018-03-29,0.1171,0.118,0.11695,0.1177,86470000,10167770.5,TQBR
2018-03-30,0.1179,0.1185,0.1169,0.118,61860000,7277097.0,TQBR
2018-04-02,0.1182,0.11875,0.1174,0.1175,87000000,10271174.5,TQBR
2018-04-03,0.11715,0.1184,0.1165,0.11715,73600000,8631965.5,TQBR
2018-04-04,0.1175,0.11765,0.1167,0.117,100670000,11786763.0,TQBR
2018-04-05,0.11745,0.11865,0.1167,0.1171,191990000,22522649.0,TQBR
2018-04-06,0.117,0.118,0.1168,0.11785,265470000,31095495.5,TQBR
2018-04-09,0.117,0.117,0.1017,0.11,487720000,53839526.0,TQBR
2018-04-10,0.111,0.11245,0.10845,0.10985,274650000,30108879.0,TQBR
2018-04-11,0.11055,0.111,0.1073,0.1073,406370000,44464735.0,TQBR
2018-04-12,0.1095,0.1129,0.10855,0.11185,170790000,18842166.5,TQBR
2018-04-13,0.1111,0.1128,0.10755,0.108,585510000,63875227.0,TQBR
2018-04-16,0.1077,0.10975,0.1051,0.108,218610000,23626076.0,TQBR
2018-04-17,0.1098,0.1098,0.1067,0.1072,517490000,55923585.0,TQBR
2018-04-18,0.10755,0.1097,0.1073,0.109,343650000,37363554.0,TQBR
2018-04-19,0.1096,0.1102,0.1087,0.1096,116680000,12773534.5,TQBR
2018-04-20,0.10945,0.1125,0.10915,0.1115,158510000,17576406.0,TQBR
2018-04-23,0.11175,0.1149,0.11145,0.11455,235620000,26792810.0,TQBR
2018-04-24,0.11645,0.1195,0.11465,0.11885,233260000,27458095.0,TQBR
2018-04-25,0.1193,0.1218,0.116,0.12,356200000,42521802.5,TQBR
2018-04-26,0.12145,0.12485,0.1211,0.12215,434470000,53474160.0,TQBR
2018-04-27,0.1242,0.12495,0.1231,0.12445,176000000,21861824.5,TQBR
2018-04-28,0.12495,0.126,0.1201,0.12595,422510000,52635072.5,TQBR
2018-04-30,0.127,0.129,0.12675,0.1288,169290000,21794976.5,TQBR
2018-05-02,0.1294,0.1298,0.12785,0.1283,86180000,11091773.0,TQBR
2018-05-03,0.1276,0.13,0.12645,0.1287,127820000,16461837.5,TQBR
2018-05-04,0.1285,0.129,0.12815,0.129,196030000,25264772.5,TQBR
2018-05-07,0.12965,0.12995,0.129,0.1298,160860000,20805481.5,TQBR
2018-05-08,0.1298,0.13085,0.1278,0.12805,162140000,20827470.0,TQBR
2018-05-10,0.12845,0.1296,0.1248,0.1271,275400000,35011505.5,TQBR
2018-05-11,0.1268,0.12795,0.12575,0.12725,191220000,24179168.5,TQBR
2018-05-14,0.1274,0.1292,0.1274,0.12915,172890000,22197032.0,TQBR
2018-05-15,0.1293,0.13025,0.1285,0.12895,164150000,21281594.5,TQBR
2018-05-16,0.12985,0.12995,0.1269,0.1285,239060000,30642126.5,TQBR
2018-05-17,0.12935,0.12935,0.12815,0.12865,94070000,12101778.0,TQBR
2018-05-18,0.1284,0.1288,0.12745,0.128,141690000,18151863.5,TQBR
2018-05-21,0.1284,0.1284,0.1277,0.1277,61610000,7875658.0,TQBR
2018-05-22,0.12795,0.12795,0.12615,0.12655,117340000,14900168.5,TQBR
2018-05-23,0.1269,0.12695,0.1251,0.1254,214110000,26877285.0,TQBR
2018-05-24,0.1255,0.1262,0.1254,0.12575,217890000,27346671.0,TQBR
2018-05-25,0.1255,0.12635,0.12305,0.12515,353590000,44029335.5,TQBR
2018-05-28,0.12535,0.12845,0.12525,0.12695,241760000,30651726.0,TQBR
2018-05-29,0.1277,0.1286,0.12435,0.12485,397320000,50019350.0,TQBR
2018-05-30,0.1256,0.1266,0.12485,0.1258,221850000,27949093.5,TQBR
2018-05-31,0.1263,0.12785,0.12565,0.127,170340000,21584814.0,TQBR
2018-06-01,0.1277,0.12895,0.1271,0.1288,142490000,18296719.0,TQBR
2018-06-04,0.12965,0.1336,0.12925,0.1336,508490000,67157370.0,TQBR
2018-06-05,0.134,0.1369,0.1312,0.132,452050000,61028012.0,TQBR
2018-06-06,0.1325,0.13435,0.1321,0.13275,266580000,35492757.5,TQBR
2018-06-07,0.13295,0.1349,0.13255,0.1345,281170000,37608580.0,TQBR
2018-06-08,0.13475,0.13475,0.13145,0.1324,459570000,61022078.5,TQBR
2018-06-09,0.1329,0.1343,0.1325,0.13285,476960000,63569565.5,TQBR
2018-06-11,0.1197,0.1238,0.1181,0.1227,464650000,55833067.5,TQBR
2018-06-13,0.1233,0.12345,0.12105,0.1223,143060000,17517457.0,TQBR
2018-06-14,0.1221,0.12225,0.11845,0.1197,183720000,22020196.5,TQBR
2018-06-15,0.11975,0.1209,0.1187,0.11935,150160000,17968792.5,TQBR
2018-06-18,0.119,0.12,0.11515,0.11675,139930000,16452105.0,TQBR
2018-06-19,0.117,0.117,0.1103,0.1113,321080000,35918866.0,TQBR
2018-06-20,0.112,0.11435,0.1117,0.113,128430000,14522035.5,TQBR
2018-06-21,0.1134,0.1139,0.11265,0.1137,106350000,12094474.0,TQBR
2018-06-22,0.11385,0.11385,0.1106,0.11205,171840000,19158644.0,TQBR
2018-06-25,0.11295,0.11295,0.11075,0.11245,96960000,10869265.0,TQBR
2018-06-26,0.113,0.113,0.1102,0.1102,112090000,12433739.5,TQBR
2018-06-27,0.1113,0.1113,0.109,0.1093,84370000,9297410.0,TQBR
2018-06-28,0.1099,0.1125,0.10915,0.112,181110000,20119322.0,TQBR
2018-06-29,0.1125,0.11545,0.1121,0.1145,119990000,13685156.0,TQBR
2018-07-02,0.1139,0.1181,0.11305,0.11735,232720000,27009257.0,TQBR
2018-07-03,0.1175,0.11895,0.1157,0.11895,104020000,12218695.5,TQBR
2018-07-04,0.119,0.12,0.1173,0.11765,95710000,11404052.5,TQBR
2018-07-05,0.11715,0.1187,0.11445,0.11645,141800000,16558694.5,TQBR
2018-07-06,0.1175,0.1177,0.1163,0.11695,51990000,6098716.0,TQBR
2018-07-09,0.1168,0.11905,0.116,0.1188,84280000,9928779.5,TQBR
2018-07-10,0.1187,0.121,0.11765,0.12005,153140000,18346473.0,TQBR
2018-07-11,0.11985,0.1204,0.1171,0.118,79940000,9477469.5,TQBR
2018-07-12,0.11745,0.1188,0.11705,0.11705,48580000,5708976.5,TQBR
2018-07-13,0.11825,0.11825,0.11715,0.11725,30660000,3603773.0,TQBR
2018-07-16,0.1182,0.11935,0.1173,0.11765,59430000,7018597.5,TQBR
2018-07-17,0.11855,0.11895,0.1155,0.1166,74910000,8794177.0,TQBR
2018-07-18,0.11705,0.11745,0.1163,0.1167,42380000,4951284.0,TQBR
2018-07-19,0.11615,0.118,0.113,0.1137,190860000,21746076.0,TQBR
2018-07-20,0.1139,0.114,0.1112,0.1127,84930000,9563714.5,TQBR
2018-07-23,0.11225,0.11545,0.1063,0.10735,531040000,57946141.0,TQBR
2018-07-24,0.10795,0.10805,0.10395,0.10615,329580000,34815493.5,TQBR
2018-07-25,0.10605,0.1075,0.10415,0.106,85760000,9105731.5,TQBR
2018-07-26,0.1068,0.10695,0.1052,0.1055,67330000,7134335.5,TQBR
2018-07-27,0.1066,0.10665,0.1045,0.1053,78110000,8215524.0,TQBR
2018-07-30,0.1055,0.1055,0.1035,0.10385,117560000,12264547.5,TQBR
2018-07-31,0.10475,0.10535,0.103,0.1041,64190000,6671698.5,TQBR
2018-08-01,0.10405,0.105,0.1017,0.10325,117750000,12120669.0,TQBR
2018-08-02,0.1033,0.10385,0.10175,0.10175,70110000,7193374.0,TQBR
2018-08-03,0.10215,0.1023,0.10065,0.10215,109560000,11095808.5,TQBR
2018-08-06,0.1026,0.1028,0.10165,0.10235,43370000,4432088.0,TQBR
2018-08-07,0.1024,0.10245,0.10085,0.1014,81730000,8303278.0,TQBR
2018-08-08,0.10195,0.102,0.0994,0.09995,141760000,14238625.0,TQBR
2018-08-09,0.09955,0.09955,0.09525,0.09955,239480000,23442588.5,TQBR
2018-08-10,0.10025,0.10025,0.0964,0.0973,77240000,7552177.5,TQBR
2018-08-13,0.09855,0.09855,0.09655,0.0978,58770000,5721315.5,TQBR
2018-08-14,0.09785,0.0988,0.09605,0.09685,93190000,9056200.0,TQBR
2018-08-15,0.0976,0.0978,0.0951,0.09525,78600000,7529922.0,TQBR
2018-08-16,0.09615,0.09615,0.093,0.0931,117730000,11074673.0,TQBR
2018-08-17,0.09375,0.09385,0.09185,0.09295,76660000,7096761.5,TQBR
2018-08-20,0.093,0.0947,0.093,0.0941,32010000,3007056.0,TQBR
2018-08-21,0.0941,0.0978,0.0941,0.0969,88900000,8554124.0,TQBR
2018-08-22,0.09695,0.0992,0.0969,0.09775,96250000,9480736.5,TQBR
2018-08-23,0.09755,0.09875,0.0957,0.098,99270000,9691516.5,TQBR
2018-08-24,0.0978,0.098,0.095,0.0967,70710000,6801836.5,TQBR
2018-08-27,0.0957,0.09745,0.09545,0.09595,42440000,4079648.0,TQBR
2018-08-28,0.09595,0.09685,0.0951,0.09545,53040000,5075366.5,TQBR
2018-08-29,0.0951,0.0952,0.0938,0.0952,84520000,7982918.5,TQBR
2018-08-30,0.095,0.0972,0.0948,0.0958,38340000,3683208.0,TQBR
2018-08-31,0.0956,0.0972,0.09525,0.0968,35110000,3370082.0,TQBR
2018-09-03,0.0964,0.09805,0.0964,0.09795,54330000,5305245.0,TQBR
2018-09-04,0.0976,0.09825,0.0965,0.0969,45980000,4481383.5,TQBR
2018-09-05,0.0969,0.0974,0.0957,0.0973,27770000,2680978.0,TQBR
2018-09-06,0.09665,0.09755,0.0962,0.0972,19080000,1845646.0,TQBR
2018-09-07,0.0973,0.0973,0.0962,0.09675,29700000,2864813.5,TQBR
2018-09-10,0.09615,0.09715,0.0944,0.09485,61370000,5829697.5,TQBR
2018-09-11,0.0949,0.0954,0.0939,0.0945,63110000,5968251.5,TQBR
2018-09-12,0.0943,0.095,0.0939,0.095,46370000,4374326.0,TQBR
2018-09-13,0.0953,0.0974,0.09435,0.097,60980000,5879500.5,TQBR
2018-09-14,0.0972,0.0972,0.0963,0.097,45760000,4434214.5,TQBR
2018-09-17,0.0973,0.0978,0.096,0.0967,82170000,7927844.5,TQBR
2018-09-18,0.0973,0.09865,0.096,0.09865,47140000,4588374.0,TQBR
2018-09-19,0.0989,0.10095,0.0987,0.0997,71940000,7200507.0,TQBR
2018-09-20,0.0995,0.1014,0.0992,0.10095,130480000,13145917.0,TQBR
2018-09-21,0.1011,0.1021,0.09975,0.1002,126550000,12744081.5,TQBR
2018-09-24,0.1002,0.101,0.0993,0.0996,69160000,6912668.5,TQBR
2018-09-25,0.0997,0.10045,0.09935,0.0999,59310000,5917511.5,TQBR
2018-09-26,0.09995,0.1001,0.0973,0.09805,74790000,7351515.5,TQBR
2018-09-27,0.0979,0.0989,0.0973,0.0988,37320000,3663316.5,TQBR
2018-09-28,0.09885,0.09885,0.0978,0.0982,30440000,2986166.5,TQBR
2018-10-01,0.0985,0.1,0.09765,0.0985,63340000,6280776.5,TQBR
2018-10-02,0.0997,0.1017,0.099,0.1001,108730000,10965187.0,TQBR
2018-10-03,0.10015,0.10265,0.10015,0.1014,76620000,7800191.0,TQBR
2018-10-04,0.1023,0.1023,0.09975,0.10005,49090000,4956492.5,TQBR
2018-10-05,0.10085,0.10095,0.099,0.10005,55470000,5545588.5,TQBR
2018-10-08,0.10035,0.10085,0.0989,0.1003,33250000,3301021.0,TQBR
2018-10-09,0.0992,0.10085,0.09915,0.09975,22940000,2294894.5,TQBR
2018-10-10,0.0997,0.1006,0.09905,0.09945,34620000,3440591.0,TQBR
2018-10-11,0.0987,0.0987,0.096,0.098,60750000,5930651.0,TQBR
2018-10-12,0.0981,0.0999,0.098,0.0998,39840000,3964952.0,TQBR
2018-10-15,0.0993,0.10135,0.0992,0.1006,38900000,3906843.0,TQBR
2018-10-16,0.1006,0.103,0.1002,0.1018,105530000,10742812.5,TQBR
2018-10-17,0.102,0.10385,0.10185,0.1031,68450000,7046651.0,TQBR
2018-10-18,0.1034,0.104,0.10225,0.10355,52500000,5418177.0,TQBR
2018-10-19,0.1042,0.1045,0.1026,0.10295,40900000,4240531.0,TQBR
2018-10-22,0.10385,0.10385,0.1017,0.1021,23350000,2390567.0,TQBR
2018-10-23,0.10215,0.10215,0.1,0.10005,40220000,4035679.5,TQBR
2018-10-24,0.1008,0.10225,0.10045,0.102,69650000,7090224.5,TQBR
2018-10-25,0.1012,0.1015,0.1,0.101,51970000,5230115.5,TQBR
2018-10-26,0.10085,0.1009,0.09965,0.1,28140000,2817936.5,TQBR
2018-10-29,0.1,0.1005,0.0999,0.10045,26280000,2634722.0,TQBR
2018-10-30,0.1025,0.1025,0.10025,0.10045,12470000,1260074.5,TQBR
2018-10-31,0.10145,0.1023,0.09965,0.09995,168640000,17062147.0,TQBR
2018-11-01,0.10005,0.10005,0.09935,0.09965,47110000,4699012.0,TQBR
2018-11-02,0.09965,0.101,0.0996,0.1002,58460000,5852834.5,TQBR
2018-11-06,0.101,0.101,0.0994,0.09975,55820000,5568086.0,TQBR
2018-11-07,0.0994,0.0999,0.0993,0.0999,26930000,2681681.0,TQBR
2018-11-08,0.0999,0.10075,0.09605,0.09895,121050000,11961025.0,TQBR
2018-11-09,0.099,0.0994,0.09805,0.09895,35010000,3466253.5,TQBR
2018-11-12,0.09955,0.1,0.0987,0.09965,29740000,2958737.5,TQBR
2018-11-13,0.09975,0.09975,0.0988,0.0991,19740000,1957741.5,TQBR
2018-11-14,0.0983,0.0995,0.09755,0.09915,58520000,5750517.5,TQBR
2018-11-15,0.0996,0.09985,0.0979,0.09855,57490000,5662581.0,TQBR
2018-11-16,0.0986,0.0986,0.097,0.09755,74710000,7291337.5,TQBR
2018-11-19,0.09725,0.0981,0.09725,0.09775,16500000,1611844.5,TQBR
2018-11-20,0.09745,0.0977,0.097,0.0971,16410000,1595846.0,TQBR
2018-11-21,0.09755,0.09805,0.097,0.098,27030000,2639505.0,TQBR
2018-11-22,0.098,0.10155,0.0974,0.10065,166010000,16665354.0,TQBR
2018-11-23,0.10065,0.10125,0.0997,0.1002,73600000,7388639.0,TQBR
2018-11-26,0.1,0.1003,0.09905,0.09915,47810000,4763429.0,TQBR
2018-11-27,0.09915,0.09965,0.0984,0.09905,64060000,6343054.0,TQBR
2018-11-28,0.0994,0.09955,0.09855,0.09885,26770000,2649625.0,TQBR
2018-11-29,0.0991,0.1003,0.099,0.1003,84530000,8422504.5,TQBR
2018-11-30,0.1,0.10035,0.0996,0.0999,40110000,4012695.0,TQBR
2018-12-03,0.1,0.102,0.1,0.1011,47490000,4806112.5,TQBR
2018-12-04,0.101,0.1015,0.1005,0.10115,35420000,3580763.5,TQBR
2018-12-05,0.10045,0.10115,0.099,0.101,30680000,3081950.5,TQBR
2018-12-06,0.1009,0.1026,0.10055,0.10095,149650000,15127276.5,TQBR
2018-12-07,0.10165,0.10235,0.101,0.101,49410000,5020120.0,TQBR
2018-12-10,0.10095,0.1021,0.10025,0.1014,75160000,7619055.0,TQBR
2018-12-11,0.1014,0.10195,0.101,0.1011,28010000,2845265.0,TQBR
2018-12-12,0.1015,0.10155,0.1001,0.1005,32000000,3218628.5,TQBR
2018-12-13,0.101,0.101,0.099,0.09995,137470000,13697910.5,TQBR
2018-12-14,0.1,0.10015,0.0995,0.09955,36050000,3594065.5,TQBR
2018-12-17,0.10045,0.10085,0.0992,0.09975,34830000,3469268.5,TQBR
2018-12-18,0.0994,0.0997,0.09915,0.0994,27670000,2747235.0,TQBR
2018-12-19,0.09935,0.0995,0.0987,0.0987,65510000,6491849.0,TQBR
2018-12-20,0.0987,0.0995,0.0985,0.099,39840000,3945514.5,TQBR
2018-12-21,0.099,0.0997,0.09885,0.09915,46290000,4589143.0,TQBR
2018-12-24,0.0994,0.0996,0.09855,0.0986,43450000,4301059.5,TQBR
2018-12-25,0.09845,0.09845,0.0962,0.097,143100000,13879579.0,TQBR
2018-12-26,0.0976,0.0976,0.0963,0.0964,110510000,10708754.0,TQBR
2018-12-27,0.097,0.09775,0.09675,0.097,109090000,10609957.0,TQBR
2018-12-28,0.0968,0.09775,0.0968,0.0974,21640000,2106851.0,TQBR
2018-12-29,0.09765,0.09825,0.0973,0.098,33770000,3304060.0,TQBR
2019-01-03,0.0971,0.0998,0.0971,0.0992,22380000,2211787.0,TQBR
2019-01-04,0.0991,0.0996,0.099,0.0995,21580000,2144365.0,TQBR
2019-01-08,0.0997,0.1,0.0994,0.0999,19100000,1906234.5,TQBR
2019-01-09,0.1,0.1005,0.09955,0.10035,26980000,2700797.5,TQBR
2019-01-10,0.10035,0.10065,0.1,0.1001,20770000,2081972.0,TQBR
2019-01-11,0.1006,0.1017,0.09995,0.10095,81450000,8222308.0,TQBR
2019-01-14,0.10065,0.1014,0.1004,0.1006,42870000,4317702.5,TQBR
2019-01-15,0.1009,0.101,0.10035,0.10095,48780000,4913004.0,TQBR
2019-01-16,0.101,0.1025,0.101,0.10235,69650000,7100128.0,TQBR
2019-01-17,0.1015,0.1028,0.1012,0.10185,49550000,5057769.5,TQBR
2019-01-18,0.1017,0.10295,0.1016,0.1024,46070000,4718240.5,TQBR
2019-01-21,0.1027,0.10315,0.1024,0.10265,63720000,6553068.0,TQBR
2019-01-22,0.1027,0.10295,0.1017,0.10195,51950000,5300854.0,TQBR
2019-01-23,0.10165,0.1064,0.10165,0.1056,182680000,19133844.5,TQBR
2019-01-24,0.1059,0.1059,0.10435,0.1057,91740000,9698156.0,TQBR
2019-01-25,0.106,0.10705,0.1058,0.107,87440000,9324579.5,TQBR
2019-01-28,0.10665,0.10735,0.10555,0.106,93880000,10011952.0,TQBR
2019-01-29,0.10605,0.10625,0.10435,0.1049,74390000,7816915.0,TQBR
2019-01-30,0.10495,0.10535,0.103,0.1046,74480000,7741295.0,TQBR
2019-01-31,0.10495,0.10545,0.104,0.10525,39620000,4155309.5,TQBR
2019-02-01,0.105,0.1059,0.105,0.1055,26040000,2748617.0,TQBR
2019-02-04,0.1054,0.1076,0.1053,0.10715,216440000,23119805.5,TQBR
2019-02-05,0.1075,0.1075,0.1069,0.10745,93850000,10059532.5,TQBR
2019-02-06,0.10735,0.10785,0.10705,0.1076,54130000,5823429.0,TQBR
2019-02-07,0.1076,0.1078,0.1062,0.1067,38300000,4085790.0,TQBR
2019-02-08,0.10625,0.1069,0.1062,0.1069,35050000,3739564.5,TQBR
2019-02-11,0.107,0.10705,0.10625,0.1068,53140000,5659271.0,TQBR
2019-02-12,0.10635,0.1118,0.1063,0.11,212100000,23269885.5,TQBR
2019-02-13,0.10945,0.11115,0.1091,0.1097,44190000,4860530.5,TQBR
2019-02-14,0.1083,0.11025,0.107,0.10865,142870000,15527107.5,TQBR
2019-02-15,0.1095,0.1099,0.10705,0.10895,99760000,10831218.5,TQBR
2019-02-18,0.109,0.1104,0.10715,0.10785,58330000,6305393.0,TQBR
2019-02-19,0.1084,0.1084,0.107,0.1073,57350000,6176035.0,TQBR
2019-02-20,0.1061,0.10655,0.10425,0.1049,243650000,25654516.5,TQBR
2019-02-21,0.10455,0.1051,0.09995,0.10125,371890000,37748032.5,TQBR
2019-02-22,0.10195,0.102,0.1007,0.10105,178530000,18113545.5,TQBR
2019-02-25,0.10115,0.10115,0.098,0.1,113460000,11340685.5,TQBR
2019-02-26,0.1,0.1015,0.09985,0.10145,119750000,12094438.0,TQBR
2019-02-27,0.10165,0.1029,0.10035,0.10035,40790000,4127605.5,TQBR
2019-02-28,0.1002,0.1006,0.099,0.09935,70180000,6991332.0,TQBR
2019-03-01,0.10005,0.10005,0.09935,0.0999,39710000,3959872.5,TQBR
2019-03-04,0.1,0.101,0.09975,0.10035,42980000,4310571.0,TQBR
2019-03-05,0.10035,0.10145,0.09915,0.0998,47850000,4788346.0,TQBR
2019-03-06,0.10025,0.10055,0.09965,0.09995,23110000,2308874.5,TQBR
2019-03-07,0.10005,0.10015,0.09865,0.0993,59770000,5938631.5,TQBR
2019-03-11,0.0993,0.10005,0.0985,0.0997,92290000,9166901.0,TQBR
2019-03-12,0.0997,0.09995,0.09925,0.09985,54540000,5438831.5,TQBR
2019-03-13,0.0999,0.10005,0.09895,0.09975,55350000,5495466.0,TQBR
2019-03-14,0.09965,0.1064,0.0996,0.1002,363860000,36963897.0,TQBR
2019-03-15,0.10135,0.10135,0.0997,0.09995,64670000,6492185.0,TQBR
2019-03-18,0.1,0.1009,0.09955,0.1003,48520000,4862675.0,TQBR
2019-03-19,0.09975,0.1048,0.09975,0.1022,247940000,25428192.0,TQBR
2019-03-20,0.1022,0.1035,0.1006,0.1011,54150000,5487632.5,TQBR
2019-03-21,0.10155,0.10265,0.10065,0.101,83670000,8489659.5,TQBR
2019-03-22,0.101,0.10185,0.10005,0.1007,61200000,6154598.0,TQBR
2019-03-25,0.1007,0.1024,0.1001,0.1006,46850000,4730138.0,TQBR
2019-03-26,0.1014,0.1014,0.10065,0.1009,31410000,3173789.5,TQBR
2019-03-27,0.101,0.1013,0.10055,0.1007,24110000,2431321.0,TQBR
2019-03-28,0.1018,0.10185,0.10055,0.10115,46810000,4737333.5,TQBR
2019-03-29,0.10115,0.10265,0.1007,0.1019,63340000,6452746.5,TQBR
2019-04-01,0.10115,0.1025,0.10115,0.102,35000000,3570610.5,TQBR
2019-04-02,0.10125,0.1025,0.1012,0.1021,20280000,2067561.5,TQBR
2019-04-03,0.10225,0.1041,0.10175,0.103,118670000,12269294.0,TQBR
2019-04-04,0.103,0.10385,0.1022,0.1036,95970000,9898580.5,TQBR
2019-04-05,0.10305,0.1048,0.10305,0.10415,47300000,4916939.0,TQBR
2019-04-08,0.104,0.10445,0.10395,0.1044,38990000,4068636.5,TQBR
2019-04-09,0.1042,0.1048,0.1032,0.10415,53570000,5569374.5,TQBR
2019-04-10,0.1045,0.1049,0.10275,0.1037,80080000,8332296.0,TQBR
2019-04-11,0.1044,0.1044,0.1017,0.10335,73170000,7532428.5,TQBR
2019-04-12,0.1036,0.10395,0.10245,0.1027,38570000,3964385.0,TQBR
2019-04-15,0.1037,0.1037,0.1019,0.102,145430000,14913764.5,TQBR
2019-04-16,0.10295,0.10295,0.1019,0.1022,52760000,5388496.0,TQBR
2019-04-17,0.10285,0.10285,0.102,0.1021,72250000,7380043.0,TQBR
2019-04-18,0.10275,0.10275,0.10085,0.1014,109850000,11162670.0,TQBR
2019-04-19,0.1019,0.10235,0.101,0.10235,47990000,4882962.0,TQBR
2019-04-22,0.10205,0.10385,0.10205,0.10275,46760000,4811455.0,TQBR
2019-04-23,0.1028,0.1037,0.10275,0.1034,58440000,6042327.5,TQBR
2019-04-24,0.103,0.10355,0.10275,0.1029,18360000,1894564.5,TQBR
2019-04-25,0.10325,0.1033,0.10245,0.10285,27370000,2817405.0,TQBR
2019-04-26,0.10265,0.10285,0.1017,0.1023,49570000,5059145.0,TQBR
2019-04-29,0.1018,0.10485,0.10165,0.10375,128930000,13338639.5,TQBR
2019-04-30,0.105,0.10575,0.1035,0.10385,217440000,22715485.0,TQBR
2019-05-02,0.10385,0.1055,0.10385,0.10505,61380000,6438101.5,TQBR
2019-05-03,0.105,0.10535,0.105,0.10535,17920000,1884614.0,TQBR
2019-05-06,0.1053,0.1057,0.10485,0.1056,107200000,11298562.0,TQBR
2019-05-07,0.1056,0.106,0.1048,0.10555,132460000,13950804.5,TQBR
2019-05-08,0.1054,0.10705,0.1051,0.1057,148870000,15796435.0,TQBR
2019-05-10,0.1057,0.1098,0.10555,0.1061,109420000,11681678.5,TQBR
2019-05-13,0.1069,0.1085,0.1061,0.10735,115730000,12432632.0,TQBR
2019-05-14,0.10785,0.108,0.10655,0.10685,116110000,12446176.0,TQBR
2019-05-15,0.1062,0.10705,0.1057,0.107,85680000,9120188.5,TQBR
2019-05-16,0.1062,0.1074,0.1061,0.1072,66000000,7069645.0,TQBR
2019-05-17,0.1072,0.1075,0.10675,0.1072,64970000,6953371.0,TQBR
2019-05-20,0.10745,0.108,0.1072,0.1078,60690000,6533535.0,TQBR
2019-05-21,0.10795,0.10795,0.1071,0.10725,29360000,3152254.5,TQBR
2019-05-22,0.10795,0.1082,0.107,0.10715,62740000,6734824.0,TQBR
2019-05-23,0.10765,0.1079,0.10725,0.1073,49930000,5371570.0,TQBR
2019-05-24,0.1072,0.1077,0.1072,0.1075,46980000,5045931.0,TQBR
2019-05-27,0.10755,0.1078,0.103,0.1063,228350000,24343786.0,TQBR
2019-05-28,0.10605,0.1063,0.10505,0.1057,70090000,7417870.0,TQBR
2019-05-29,0.10585,0.10615,0.1051,0.1061,170970000,18071954.0,TQBR
2019-05-30,0.10615,0.1075,0.10605,0.10685,123580000,13185881.0,TQBR
2019-05-31,0.10685,0.1075,0.1065,0.10745,188300000,20149513.5,TQBR
2019-06-03,0.10745,0.108,0.10705,0.10785,228930000,24618653.0,TQBR
2019-06-04,0.10605,0.1077,0.10605,0.107,192500000,20657822.0,TQBR
2019-06-05,0.10705,0.1077,0.10685,0.1074,334060000,35857091.5,TQBR
2019-06-06,0.1075,0.108,0.10695,0.108,742620000,79956975.5,TQBR
2019-06-07,0.0972,0.0972,0.0948,0.09585,623490000,59633734.5,TQBR
2019-06-10,0.09595,0.09595,0.09535,0.0954,188860000,18055891.0,TQBR
2019-06-11,0.0954,0.0957,0.09475,0.0948,191450000,18202504.0,TQBR
2019-06-13,0.0954,0.0954,0.0945,0.09465,109080000,10325739.5,TQBR
2019-06-14,0.0948,0.09495,0.09425,0.09475,100930000,9547534.0,TQBR
2019-06-17,0.0945,0.09575,0.0945,0.09565,112670000,10743478.5,TQBR
2019-06-18,0.09565,0.096,0.09535,0.0955,105640000,10112415.5,TQBR
2019-06-19,0.09535,0.0958,0.09515,0.0957,112560000,10755849.5,TQBR
2019-06-20,0.0957,0.09595,0.0952,0.09555,182660000,17464646.0,TQBR
2019-06-21,0.09565,0.0959,0.0945,0.09485,137380000,13068268.5,TQBR
2019-06-24,0.095,0.09515,0.09445,0.0951,63280000,6006643.0,TQBR
2019-06-25,0.0952,0.09535,0.0946,0.095,92890000,8813187.5,TQBR
2019-06-26,0.09495,0.09525,0.0946,0.09485,114390000,10859233.5,TQBR
2019-06-27,0.0951,0.09525,0.09475,0.095,204430000,19409613.0,TQBR
2019-06-28,0.09505,0.0951,0.0945,0.0948,84110000,7971432.5,TQBR
2019-07-01,0.0946,0.095,0.0945,0.0949,95440000,9044972.0,TQBR
2019-07-02,0.0949,0.0951,0.0946,0.095,72920000,6918046.5,TQBR
2019-07-03,0.09495,0.0952,0.09465,0.095,83500000,7921754.5,TQBR
2019-07-04,0.09515,0.09515,0.0946,0.09485,129460000,12281760.5,TQBR
2019-07-05,0.09465,0.0949,0.09465,0.09475,83550000,7916596.5,TQBR
2019-07-08,0.09475,0.0949,0.0945,0.09465,93730000,8869602.0,TQBR
2019-07-09,0.09455,0.09545,0.0944,0.095,147230000,13976482.0,TQBR
2019-07-10,0.09525,0.0953,0.0948,0.0951,81610000,7754809.0,TQBR
2019-07-11,0.09505,0.0956,0.09455,0.0949,99880000,9494226.0,TQBR
2019-07-12,0.09485,0.0949,0.0943,0.0946,155490000,14699267.5,TQBR
2019-07-15,0.09495,0.095,0.09435,0.09495,131590000,12448418.0,TQBR
2019-07-16,0.09475,0.09475,0.09415,0.0944,79840000,7538604.0,TQBR
2019-07-17,0.0945,0.0945,0.0941,0.09445,64340000,6066025.5,TQBR
2019-07-18,0.09445,0.0945,0.0939,0.09435,80890000,7619460.0,TQBR
2019-07-19,0.0942,0.09475,0.09415,0.09455,30590000,2889991.5,TQBR
2019-07-22,0.09465,0.09465,0.09365,0.0941,81430000,7669098.0,TQBR
2019-07-23,0.0938,0.09435,0.0938,0.0943,47710000,4489315.5,TQBR
2019-07-24,0.09435,0.09455,0.094,0.0942,74390000,7007642.0,TQBR
2019-07-25,0.0944,0.09455,0.094,0.09425,54460000,5136460.0,TQBR
2019-07-26,0.09415,0.09445,0.09375,0.09425,93640000,8818539.0,TQBR
2019-07-29,0.094,0.09435,0.09385,0.09415,50590000,4759740.5,TQBR
2019-07-30,0.0941,0.09415,0.09375,0.0938,67210000,6314471.0,TQBR
2019-07-31,0.094,0.094,0.0936,0.0939,46800000,4394148.5,TQBR
2019-08-01,0.09395,0.094,0.09365,0.0938,79660000,7470199.5,TQBR
2019-08-02,0.09365,0.09365,0.09295,0.0934,124310000,11593714.5,TQBR
2019-08-05,0.0938,0.09395,0.0926,0.0927,59830000,5553236.0,TQBR
2019-08-06,0.0923,0.0933,0.0923,0.0929,43090000,3997812.0,TQBR
2019-08-07,0.093,0.09305,0.09225,0.0925,57980000,5365536.5,TQBR
2019-08-08,0.09295,0.09295,0.0923,0.09265,53740000,4980120.5,TQBR
2019-08-09,0.0926,0.09295,0.09235,0.0928,40260000,3732096.0,TQBR
2019-08-12,0.09265,0.093,0.0925,0.09275,71270000,6608130.0,TQBR
2019-08-13,0.0926,0.0931,0.092,0.09275,68300000,6323002.0,TQBR
2019-08-14,0.0928,0.0928,0.09215,0.09235,57930000,5355785.0,TQBR
2019-08-15,0.0928,0.09285,0.0906,0.09075,90620000,8270076.0,TQBR
2019-08-16,0.09085,0.0915,0.09005,0.09035,61890000,5611562.5,TQBR
2019-08-19,0.09085,0.09135,0.09025,0.0909,42280000,3840778.5,TQBR
2019-08-20,0.0911,0.0915,0.0907,0.0909,29220000,2656864.5,TQBR
2019-08-21,0.0907,0.092,0.09015,0.0912,47180000,4289872.5,TQBR
2019-08-22,0.09175,0.09535,0.09115,0.09445,167710000,15726682.5,TQBR
2019-08-23,0.09515,0.09535,0.092,0.0926,155760000,14531082.5,TQBR
2019-08-26,0.092,0.09295,0.09115,0.0916,33420000,3063960.5,TQBR
2019-08-27,0.09175,0.092,0.09145,0.09155,19020000,1744873.0,TQBR
2019-08-28,0.0916,0.0921,0.0912,0.0917,64040000,5885461.0,TQBR
2019-08-29,0.09145,0.09205,0.09145,0.0919,45680000,4191721.0,TQBR
2019-08-30,0.0921,0.09215,0.0917,0.09215,30460000,2801041.5,TQBR
2019-09-02,0.0921,0.09325,0.09115,0.0928,117430000,10869719.5,TQBR
2019-09-03,0.093,0.0939,0.09205,0.093,80560000,7516146.0,TQBR
2019-09-04,0.09305,0.0938,0.09245,0.0937,70620000,6574912.0,TQBR
2019-09-05,0.0939,0.09445,0.09315,0.0937,70800000,6648898.0,TQBR
2019-09-06,0.0944,0.09495,0.093,0.0935,51200000,4801602.5,TQBR
2019-09-09,0.09365,0.0939,0.093,0.093,33020000,3075193.5,TQBR
2019-09-10,0.0931,0.0931,0.09255,0.09285,21440000,1989191.0,TQBR
2019-09-11,0.09205,0.09365,0.09205,0.09325,14960000,1396295.0,TQBR
2019-09-12,0.0933,0.09395,0.09315,0.0936,22490000,2103382.0,TQBR
2019-09-13,0.0938,0.0938,0.0926,0.093,48290000,4505554.5,TQBR
2019-09-16,0.093,0.0937,0.093,0.0934,27190000,2538811.5,TQBR
2019-09-17,0.0934,0.09355,0.09285,0.0932,46240000,4304153.5,TQBR
2019-09-18,0.0934,0.0935,0.09275,0.09325,22910000,2135293.5,TQBR
2019-09-19,0.09315,0.09345,0.0918,0.09235,80580000,7447436.0,TQBR
2019-09-20,0.0929,0.09535,0.0916,0.09355,163880000,15464100.0,TQBR
2019-09-23,0.0938,0.0944,0.09305,0.09345,25530000,2386906.0,TQBR
2019-09-24,0.0936,0.0936,0.0926,0.0929,16000000,1488002.0,TQBR
2019-09-25,0.09325,0.09325,0.0919,0.09225,25830000,2379738.0,TQBR
2019-09-26,0.09225,0.0929,0.09195,0.09265,40330000,3726196.5,TQBR
2019-09-27,0.0928,0.0928,0.09235,0.09255,7960000,736564.5,TQBR
2019-09-30,0.09275,0.09275,0.09195,0.09255,43250000,3987503.0,TQBR
2019-10-01,0.0926,0.09325,0.0926,0.09285,66700000,6198928.0,TQBR
2019-10-02,0.0928,0.09295,0.09185,0.09185,34980000,3223381.5,TQBR
2019-10-03,0.09205,0.09215,0.0909,0.092,59750000,5464728.0,TQBR
2019-10-04,0.092,0.0928,0.091,0.0917,33890000,3101736.0,TQBR
2019-10-07,0.09175,0.0922,0.0913,0.0922,28260000,2596455.5,TQBR
2019-10-08,0.0918,0.0924,0.091,0.092,22920000,2104509.0,TQBR
2019-10-09,0.09235,0.0927,0.0921,0.09215,19290000,1780919.5,TQBR
2019-10-10,0.09265,0.0928,0.0922,0.09265,7910000,730962.0,TQBR
2019-10-11,0.09285,0.0932,0.09225,0.0925,20070000,1861369.0,TQBR
2019-10-14,0.09245,0.0929,0.09215,0.0922,14790000,1365724.0,TQBR
2019-10-15,0.0925,0.0928,0.092,0.09225,17330000,1598798.5,TQBR
2019-10-16,0.0929,0.0929,0.09225,0.0926,15460000,1429615.5,TQBR
2019-10-17,0.0926,0.093,0.0924,0.09295,28750000,2664706.0,TQBR
2019-10-18,0.0927,0.0933,0.0926,0.0931,22760000,2116061.5,TQBR
2019-10-21,0.09325,0.09375,0.0931,0.0936,36950000,3454903.0,TQBR
2019-10-22,0.0931,0.09385,0.0931,0.0936,13790000,1291735.5,TQBR
2019-10-23,0.0938,0.0938,0.09325,0.09325,14770000,1381337.5,TQBR
2019-10-24,0.0938,0.0938,0.09325,0.0935,29240000,2731481.5,TQBR
2019-10-25,0.0932,0.0937,0.093,0.09305,52970000,4935124.5,TQBR
2019-10-28,0.09375,0.09375,0.0874,0.0881,613710000,55198720.0,TQBR
2019-10-29,0.0881,0.0885,0.0847,0.0867,487000000,41956333.5,TQBR
2019-10-30,0.0867,0.0867,0.0842,0.08455,272400000,23209513.0,TQBR
2019-10-31,0.084,0.085,0.08105,0.08205,389130000,31863586.0,TQBR
2019-11-01,0.08195,0.08295,0.081,0.0828,263710000,21609965.0,TQBR
2019-11-05,0.08295,0.08355,0.0819,0.083,100970000,8385536.0,TQBR
2019-11-06,0.08365,0.0851,0.0834,0.0845,176730000,14910744.0,TQBR
2019-11-07,0.08465,0.0853,0.08405,0.0846,96720000,8201392.5,TQBR
2019-11-08,0.08435,0.0855,0.083,0.0835,114110000,9566679.5,TQBR
2019-11-11,0.0839,0.0843,0.08345,0.08345,47390000,3971249.5,TQBR
2019-11-12,0.0834,0.0841,0.0818,0.0818,177850000,14666647.0,TQBR
2019-11-13,0.082,0.08245,0.0816,0.0819,165330000,13543891.0,TQBR
2019-11-14,0.0817,0.0821,0.07885,0.07905,497460000,39809718.0,TQBR
2019-11-15,0.079,0.07915,0.0776,0.07855,169580000,13304086.0,TQBR
2019-11-18,0.0793,0.0793,0.0776,0.0791,81490000,6416166.5,TQBR
2019-11-19,0.07945,0.0799,0.07885,0.07925,53880000,4262619.0,TQBR
2019-11-20,0.0795,0.0795,0.07805,0.07875,110260000,8668468.5,TQBR
2019-11-21,0.07895,0.07935,0.0785,0.0791,31610000,2496773.5,TQBR
2019-11-22,0.0795,0.07985,0.0786,0.0796,100580000,7976749.5,TQBR
2019-11-25,0.0823,0.08345,0.08165,0.0823,476140000,39318951.5,TQBR
2019-11-26,0.0825,0.08415,0.0823,0.0835,235660000,19675686.5,TQBR
2019-11-27,0.0835,0.08495,0.0825,0.0831,198790000,16615592.0,TQBR
2019-11-28,0.0831,0.0832,0.0824,0.08255,49240000,4076336.5,TQBR
2019-11-29,0.0825,0.0827,0.08115,0.0818,84520000,6917346.5,TQBR
2019-12-02,0.08185,0.08395,0.08185,0.08315,117140000,9725006.5,TQBR
2019-12-03,0.0832,0.0832,0.08185,0.08205,88240000,7259645.5,TQBR
2019-12-04,0.082,0.0829,0.0817,0.08245,60130000,4953575.5,TQBR
2019-12-05,0.08245,0.08325,0.0821,0.08305,46850000,3873361.5,TQBR
2019-12-06,0.08315,0.08375,0.0831,0.08325,74410000,6214691.0,TQBR
2019-12-09,0.08285,0.08395,0.08285,0.0839,120900000,10107224.5,TQBR
2019-12-10,0.0839,0.0861,0.0836,0.0842,127040000,10710087.0,TQBR
2019-12-11,0.08435,0.085,0.084,0.0847,71030000,6009321.0,TQBR
2019-12-12,0.08485,0.0853,0.0845,0.0848,122330000,10381655.5,TQBR
2019-12-13,0.085,0.0855,0.08445,0.0855,117820000,10027143.0,TQBR
2019-12-16,0.08555,0.0863,0.08555,0.0863,116690000,10037131.0,TQBR
2019-12-17,0.0864,0.0877,0.0864,0.0876,255870000,22306957.5,TQBR
2019-12-18,0.0876,0.0879,0.0866,0.0875,259000000,22618188.5,TQBR
2019-12-19,0.08755,0.08795,0.0871,0.08745,136000000,11927081.5,TQBR
2019-12-20,0.0875,0.0879,0.0866,0.0873,112980000,9861819.0,TQBR
2019-12-23,0.08765,0.0884,0.0874,0.08805,200990000,17672135.5,TQBR
2019-12-24,0.088,0.08835,0.0877,0.088,95820000,8433844.5,TQBR
2019-12-25,0.08795,0.08845,0.0871,0.08765,179720000,15762321.5,TQBR
2019-12-26,0.0877,0.0882,0.0874,0.0879,245390000,21559772.5,TQBR
2019-12-27,0.0879,0.08845,0.08785,0.0884,213710000,18856818.0,TQBR
2019-12-30,0.0884,0.08915,0.08815,0.08875,170740000,15170034.0,TQBR
2020-01-03,0.08935,0.0898,0.0888,0.0895,151310000,13565604.0,TQBR
2020-01-06,0.08955,0.08985,0.089,0.0892,177400000,15869331.5,TQBR
2020-01-08,0.089,0.0896,0.08715,0.0886,203430000,17962098.5,TQBR
2020-01-09,0.08855,0.0888,0.0878,0.08865,477040000,42099023.0,TQBR
2020-01-10,0.08885,0.09035,0.0883,0.09,844390000,75835057.5,TQBR
2020-01-13,0.085,0.08565,0.08465,0.0854,392210000,33395317.5,TQBR
2020-01-14,0.0857,0.0868,0.0852,0.08605,292980000,25194661.0,TQBR
2020-01-15,0.0862,0.08635,0.08525,0.0854,148270000,12713543.0,TQBR
2020-01-16,0.08525,0.08615,0.08515,0.08565,58910000,5043304.0,TQBR
2020-01-17,0.08565,0.08645,0.08565,0.086,132060000,11377881.5,TQBR
2020-01-20,0.0861,0.08685,0.086,0.0861,184780000,15945838.5,TQBR
2020-01-21,0.086,0.0862,0.0846,0.08525,133610000,11381098.5,TQBR
2020-01-22,0.08525,0.08525,0.0834,0.0839,273960000,23034284.0,TQBR
2020-01-23,0.0836,0.0838,0.0828,0.08345,157840000,13142857.5,TQBR
2020-01-24,0.0835,0.0893,0.08295,0.08715,1131430000,97402395.5,TQBR
2020-01-27,0.087,0.087,0.0853,0.0863,200580000,17309340.0,TQBR
2020-01-28,0.0863,0.0871,0.0852,0.08685,156930000,13552721.5,TQBR
2020-01-29,0.08705,0.0877,0.08705,0.0876,167030000,14600286.0,TQBR
2020-01-30,0.0876,0.089,0.0865,0.08895,357460000,31500051.0,TQBR
2020-01-31,0.0893,0.0901,0.08835,0.0885,349280000,31241342.0,TQBR
2020-02-03,0.08855,0.0893,0.0865,0.08745,160930000,14057047.5,TQBR
2020-02-04,0.0883,0.08955,0.0876,0.08905,195180000,17313688.5,TQBR
2020-02-05,0.0896,0.09035,0.0888,0.09,259270000,23314818.0,TQBR
2020-02-06,0.09,0.0917,0.08995,0.0903,243940000,22172100.5,TQBR
2020-02-07,0.091,0.0914,0.08905,0.09015,130270000,11724459.0,TQBR
2020-02-10,0.09,0.0908,0.08965,0.08975,64200000,5796919.0,TQBR
2020-02-11,0.09055,0.09095,0.08975,0.09085,69180000,6269785.0,TQBR
2020-02-12,0.09095,0.0914,0.0901,0.0908,132380000,12019409.0,TQBR
2020-02-13,0.09025,0.0912,0.0901,0.0911,113930000,10350528.5,TQBR
2020-02-14,0.09055,0.09225,0.0901,0.0904,256190000,23392093.0,TQBR
2020-02-17,0.0909,0.09195,0.08915,0.09195,195010000,17768365.0,TQBR
2020-02-18,0.09175,0.09175,0.09025,0.0904,128450000,11676882.5,TQBR
2020-02-19,0.0908,0.091,0.0892,0.08965,128030000,11522972.0,TQBR
2020-02-20,0.0905,0.0906,0.08935,0.0894,176940000,15919150.5,TQBR
2020-02-21,0.0894,0.0894,0.08655,0.088,426620000,37370334.5,TQBR
2020-02-25,0.08685,0.0875,0.0851,0.0861,236680000,20464929.0,TQBR
2020-02-26,0.08555,0.08605,0.0833,0.08515,209270000,17675031.0,TQBR
2020-02-27,0.0847,0.085,0.0819,0.0821,185420000,15442595.5,TQBR
2020-02-28,0.08,0.0818,0.0776,0.0789,385050000,30522442.5,TQBR
2020-03-02,0.08105,0.08235,0.0791,0.0805,166160000,13446112.5,TQBR
2020-03-03,0.0819,0.0821,0.0814,0.08195,84500000,6918279.0,TQBR
2020-03-04,0.08165,0.0817,0.08065,0.0813,53080000,4316664.0,TQBR
2020-03-05,0.0822,0.08245,0.08,0.0805,78860000,6394817.5,TQBR
2020-03-06,0.07955,0.07955,0.0748,0.07585,484400000,36997523.5,TQBR
2020-03-10,0.07,0.0729,0.06835,0.071,295310000,20959890.0,TQBR
2020-03-11,0.077,0.077,0.071,0.0721,152490000,10983883.0,TQBR
2020-03-12,0.0706,0.0708,0.06335,0.0635,268920000,17808266.0,TQBR
2020-03-13,0.0635,0.06705,0.06085,0.0651,208530000,13643729.5,TQBR
2020-03-16,0.0651,0.0658,0.0605,0.06185,200970000,12445067.0,TQBR
2020-03-17,0.06185,0.06375,0.05915,0.06085,116340000,7126989.0,TQBR
2020-03-18,0.06,0.06,0.05535,0.0567,174920000,9959974.5,TQBR
2020-03-19,0.05685,0.05995,0.0552,0.05875,255110000,14681512.5,TQBR
2020-03-20,0.0573,0.06495,0.0573,0.0624,153900000,9586983.0,TQBR
2020-03-23,0.0617,0.0617,0.0583,0.0611,190030000,11504428.5,TQBR
2020-03-24,0.0634,0.06425,0.06255,0.0641,149080000,9493381.0,TQBR
2020-03-25,0.0643,0.06825,0.06195,0.064,316320000,20725837.0,TQBR
2020-03-26,0.06355,0.06585,0.0632,0.0654,93390000,6025824.0,TQBR
2020-03-27,0.06505,0.0659,0.0626,0.06285,112190000,7153810.0,TQBR
2020-03-30,0.06265,0.0637,0.0612,0.06315,121960000,7603517.5,TQBR
2020-03-31,0.0632,0.06615,0.0632,0.0658,184180000,12008421.0,TQBR
2020-04-01,0.0645,0.06645,0.0645,0.0657,93840000,6133160.0,TQBR
2020-04-02,0.06635,0.0685,0.06635,0.0677,187240000,12633853.0,TQBR
2020-04-03,0.06775,0.06935,0.0669,0.0683,169740000,11534488.5,TQBR
2020-04-06,0.069,0.0705,0.0686,0.07025,191460000,13377972.0,TQBR
2020-04-07,0.07035,0.073,0.06875,0.06955,203180000,14398387.5,TQBR
2020-04-08,0.0688,0.0702,0.06805,0.06975,135000000,9341080.5,TQBR
2020-04-09,0.06905,0.0717,0.06905,0.0712,95720000,6796894.0,TQBR
2020-04-10,0.07155,0.0718,0.0708,0.0718,56490000,4026873.5,TQBR
2020-04-13,0.0718,0.0722,0.07,0.07095,55990000,3966453.5,TQBR
2020-04-14,0.071,0.07195,0.0704,0.07065,72210000,5125818.5,TQBR
2020-04-15,0.0704,0.0716,0.068,0.06835,270520000,18805621.0,TQBR
2020-04-16,0.0679,0.0698,0.06755,0.06915,61410000,4225517.5,TQBR
2020-04-17,0.0695,0.0713,0.06925,0.0697,52890000,3701099.0,TQBR
2020-04-20,0.0697,0.06995,0.0683,0.069,129760000,8976098.0,TQBR
2020-04-21,0.0688,0.069,0.06755,0.06805,79850000,5433393.0,TQBR
2020-04-22,0.0693,0.06985,0.06765,0.06925,49150000,3400409.0,TQBR
2020-04-23,0.06925,0.0708,0.06925,0.0703,37860000,2649683.5,TQBR
2020-04-24,0.0703,0.07035,0.068,0.06825,103520000,7160933.5,TQBR
2020-04-27,0.0685,0.069,0.0681,0.06855,159070000,10903944.0,TQBR
2020-04-28,0.06885,0.07055,0.0686,0.0692,100550000,7004112.0,TQBR
2020-04-29,0.069,0.0706,0.06735,0.06745,489950000,33395380.5,TQBR
2020-04-30,0.0675,0.06815,0.066,0.0666,305200000,20333258.5,TQBR
2020-05-04,0.0659,0.0666,0.065,0.0655,129580000,8470100.5,TQBR
2020-05-05,0.06575,0.0665,0.06575,0.0659,75750000,5008531.0,TQBR
2020-05-06,0.066,0.0665,0.0656,0.0657,83990000,5546350.0,TQBR
2020-05-07,0.0655,0.066,0.06485,0.0651,149110000,9716682.5,TQBR
2020-05-08,0.0651,0.06515,0.0644,0.0645,71650000,4643116.0,TQBR
2020-05-12,0.0647,0.06555,0.0638,0.06395,134770000,8683921.5,TQBR
2020-05-13,0.064,0.06415,0.0632,0.06355,56620000,3601637.5,TQBR
2020-05-14,0.0635,0.0642,0.06175,0.0624,163880000,10290804.0,TQBR
2020-05-15,0.06255,0.0634,0.06255,0.06305,60580000,3821818.5,TQBR
2020-05-18,0.0634,0.0644,0.063,0.0638,160060000,10157321.0,TQBR
2020-05-19,0.0642,0.06425,0.0633,0.0642,158370000,10104515.5,TQBR
2020-05-20,0.06425,0.0645,0.0633,0.06395,217280000,13902770.5,TQBR
2020-05-21,0.06455,0.06505,0.064,0.06445,134420000,8682379.5,TQBR
2020-05-22,0.06445,0.06525,0.06415,0.06515,51650000,3347198.0,TQBR
2020-05-25,0.0653,0.06625,0.0649,0.0659,160310000,10542215.5,TQBR
2020-05-26,0.0667,0.06735,0.0657,0.06655,372330000,24851608.0,TQBR
2020-05-27,0.06655,0.0684,0.0652,0.06565,469790000,31374624.0,TQBR
2020-05-28,0.0659,0.06745,0.0657,0.0671,154390000,10329131.5,TQBR
2020-05-29,0.0671,0.06725,0.0655,0.0662,138240000,9153740.0,TQBR
2020-06-01,0.06665,0.0671,0.066,0.0667,149980000,9985899.0,TQBR
2020-06-02,0.067,0.0677,0.06635,0.06755,176160000,11855120.5,TQBR
2020-06-03,0.06795,0.0688,0.067,0.06745,259150000,17491252.0,TQBR
2020-06-04,0.0675,0.0676,0.0663,0.0666,92620000,6178445.5,TQBR
2020-06-05,0.06635,0.0671,0.066,0.0666,144690000,9596312.0,TQBR
2020-06-08,0.0658,0.06675,0.06565,0.06615,128960000,8568289.5,TQBR
2020-06-09,0.0667,0.0698,0.0664,0.0695,548490000,37480147.0,TQBR
2020-06-10,0.0696,0.0765,0.0695,0.0737,1533880000,111085810.5,TQBR
2020-06-11,0.0735,0.0735,0.0705,0.0712,269930000,19339066.0,TQBR
2020-06-15,0.06995,0.0732,0.06805,0.07125,246290000,17440230.5,TQBR
2020-06-16,0.072,0.07575,0.0718,0.0727,269940000,19979029.0,TQBR
2020-06-17,0.07375,0.07535,0.0733,0.0733,90600000,6747942.5,TQBR
2020-06-18,0.073,0.0743,0.0714,0.0721,78300000,5658327.5,TQBR
2020-06-19,0.07265,0.0736,0.072,0.07275,64540000,4704522.5,TQBR
2020-06-22,0.0735,0.07395,0.071,0.07205,101060000,7249013.5,TQBR
2020-06-23,0.07315,0.08095,0.0727,0.078,805750000,61961690.5,TQBR
2020-06-25,0.077,0.0776,0.0749,0.076,154670000,11777175.0,TQBR
2020-06-26,0.07675,0.07895,0.0755,0.07565,62960000,4812499.5,TQBR
2020-06-29,0.0764,0.0764,0.0741,0.07535,61600000,4616605.5,TQBR
2020-06-30,0.0754,0.07745,0.0751,0.0758,50850000,3855460.0,TQBR
2020-07-02,0.0752,0.0772,0.0752,0.07605,67470000,5155840.5,TQBR
2020-07-03,0.07695,0.0771,0.07605,0.0761,52790000,4035299.5,TQBR
2020-07-06,0.07655,0.0776,0.07565,0.07615,43320000,3317913.0,TQBR
2020-07-07,0.07565,0.0777,0.0726,0.07415,176320000,13072015.0,TQBR
2020-07-08,0.0747,0.07495,0.07325,0.07355,38370000,2830298.0,TQBR
2020-07-09,0.074,0.074,0.0727,0.07295,59570000,4375831.5,TQBR
2020-07-10,0.0732,0.07335,0.0701,0.0712,289930000,20564625.0,TQBR
2020-07-13,0.0718,0.0735,0.0718,0.0734,107400000,7798624.0,TQBR
2020-07-14,0.07345,0.076,0.0722,0.07355,227880000,16828147.0,TQBR
2020-07-15,0.07315,0.07615,0.0729,0.07455,152080000,11367936.5,TQBR
2020-07-16,0.07455,0.0751,0.0741,0.07495,15750000,1175261.5,TQBR
2020-07-17,0.07495,0.07585,0.07455,0.07495,41530000,3120527.0,TQBR
2020-07-20,0.07465,0.0765,0.07395,0.0761,53490000,4059154.5,TQBR
2020-07-21,0.07635,0.07675,0.0761,0.0764,52090000,3981167.5,TQBR
2020-07-22,0.07685,0.07695,0.0755,0.0759,25190000,1916365.5,TQBR
2020-07-23,0.0764,0.07665,0.073,0.0735,284470000,21036024.5,TQBR
2020-07-24,0.0731,0.0736,0.07255,0.0735,51930000,3801535.0,TQBR
2020-07-27,0.073,0.07425,0.07255,0.07335,88310000,6487919.5,TQBR
2020-07-28,0.07365,0.0737,0.0726,0.0733,34310000,2512276.5,TQBR
2020-07-29,0.0735,0.07435,0.073,0.0736,73260000,5412962.5,TQBR
2020-07-30,0.07375,0.0744,0.0732,0.07345,50650000,3740171.0,TQBR
2020-07-31,0.07375,0.07425,0.07335,0.07355,46960000,3463045.5,TQBR
2020-08-03,0.07365,0.07425,0.07315,0.07405,49730000,3673241.5,TQBR
2020-08-04,0.0742,0.07455,0.07305,0.07405,86730000,6412015.5,TQBR
2020-08-05,0.07435,0.0745,0.0737,0.07435,137740000,10228130.0,TQBR
2020-08-06,0.0739,0.07455,0.0739,0.0743,56250000,4184112.5,TQBR
2020-08-07,0.07415,0.07455,0.0737,0.07425,52710000,3915030.5,TQBR
2020-08-10,0.0744,0.075,0.0738,0.0742,46550000,3468801.0,TQBR
2020-08-11,0.07435,0.0749,0.0731,0.0744,121430000,9001309.5,TQBR
2020-08-12,0.0749,0.07495,0.07445,0.0746,66390000,4965176.5,TQBR
2020-08-13,0.07495,0.075,0.0745,0.0746,47090000,3525549.0,TQBR
2020-08-14,0.0747,0.075,0.07405,0.0747,32250000,2404825.0,TQBR
2020-08-17,0.0749,0.0755,0.0744,0.0751,102860000,7711014.0,TQBR
2020-08-18,0.0752,0.07525,0.07445,0.07445,39960000,2986913.0,TQBR
2020-08-19,0.07465,0.07495,0.074,0.07475,57150000,4265481.5,TQBR
2020-08-20,0.0749,0.0749,0.0734,0.0737,56740000,4194678.5,TQBR
2020-08-21,0.0732,0.07395,0.07295,0.07315,43070000,3160343.0,TQBR
2020-08-24,0.073,0.074,0.07235,0.0724,84020000,6135145.0,TQBR
2020-08-25,0.0726,0.0731,0.0719,0.0721,54720000,3965056.0,TQBR
2020-08-26,0.0723,0.07285,0.0718,0.0719,55250000,3982361.0,TQBR
2020-08-27,0.07195,0.0724,0.0717,0.0721,27840000,2008092.5,TQBR
2020-08-28,0.072,0.07265,0.0719,0.072,22550000,1628302.5,TQBR
2020-08-31,0.072,0.07245,0.0708,0.0708,123970000,8901016.5,TQBR
2020-09-01,0.071,0.07175,0.0707,0.07115,31170000,2217097.5,TQBR
2020-09-02,0.071,0.072,0.07095,0.0718,117860000,8478305.0,TQBR
2020-09-03,0.07195,0.07195,0.07055,0.07115,42880000,3053019.0,TQBR
2020-09-04,0.07095,0.0716,0.0701,0.0705,73490000,5204924.5,TQBR
2020-09-07,0.0707,0.07145,0.07005,0.0708,33850000,2393698.5,TQBR
2020-09-08,0.0704,0.071,0.06985,0.07015,87480000,6166301.5,TQBR
2020-09-09,0.07,0.0708,0.0672,0.068,325980000,22177246.5,TQBR
2020-09-10,0.0685,0.06905,0.0681,0.069,39080000,2682800.5,TQBR
2020-09-11,0.06845,0.07015,0.0681,0.07,75270000,5217756.5,TQBR
2020-09-14,0.07,0.07075,0.0691,0.0701,82150000,5744716.0,TQBR
2020-09-15,0.0698,0.07035,0.069,0.07,48090000,3363015.0,TQBR
2020-09-16,0.06995,0.06995,0.0681,0.06885,219210000,15058874.0,TQBR
2020-09-17,0.0685,0.06885,0.06735,0.0684,161140000,10933656.0,TQBR
2020-09-18,0.06845,0.06955,0.068,0.069,99550000,6869584.5,TQBR
2020-09-21,0.06875,0.06935,0.0679,0.06865,74810000,5125273.5,TQBR
2020-09-22,0.0684,0.069,0.0679,0.06845,63790000,4391195.5,TQBR
2020-09-23,0.06845,0.0695,0.06815,0.0683,37800000,2594411.0,TQBR
2020-09-24,0.06895,0.06895,0.06775,0.068,22520000,1531146.0,TQBR
2020-09-25,0.06815,0.06815,0.0675,0.06775,20360000,1379562.0,TQBR
2020-09-28,0.0678,0.06905,0.06775,0.06905,30260000,2074595.5,TQBR
2020-09-29,0.0688,0.0693,0.0683,0.0686,32390000,2227362.0,TQBR
2020-09-30,0.06835,0.06895,0.0683,0.06875,13080000,896928.5,TQBR
2020-10-01,0.06965,0.06965,0.06825,0.0684,29500000,2026188.0,TQBR
2020-10-02,0.0682,0.0684,0.0674,0.06785,27130000,1838490.5,TQBR
2020-10-05,0.068,0.0683,0.06775,0.06795,13490000,916826.0,TQBR
2020-10-06,0.06795,0.06945,0.06795,0.06935,98790000,6807861.5,TQBR
2020-10-07,0.0693,0.0694,0.0687,0.0692,45980000,3179766.5,TQBR
2020-10-08,0.0693,0.06965,0.06835,0.06885,107870000,7431681.0,TQBR
2020-10-09,0.06835,0.0689,0.0682,0.06875,29820000,2041406.0,TQBR
2020-10-12,0.06865,0.0718,0.0685,0.07115,442010000,31240704.5,TQBR
2020-10-13,0.07095,0.07145,0.06945,0.0698,69770000,4917788.5,TQBR
2020-10-14,0.0695,0.07025,0.06945,0.0698,62460000,4361595.5,TQBR
2020-10-15,0.0698,0.0699,0.06905,0.0693,37150000,2586727.0,TQBR
2020-10-16,0.06915,0.0694,0.0683,0.06875,39520000,2718545.5,TQBR
2020-10-19,0.0687,0.0691,0.06835,0.06835,26560000,1820496.5,TQBR
2020-10-20,0.0685,0.06875,0.0681,0.0687,71400000,4877434.0,TQBR
2020-10-21,0.0688,0.0697,0.0687,0.06905,30340000,2096414.0,TQBR
2020-10-22,0.0692,0.07115,0.06855,0.0703,94180000,6611033.5,TQBR
2020-10-23,0.0705,0.0738,0.0705,0.072,248360000,18040691.5,TQBR
2020-10-26,0.0714,0.072,0.0706,0.07085,51270000,3650779.0,TQBR
2020-10-27,0.07065,0.0714,0.0683,0.0683,140760000,9725210.0,TQBR
2020-10-28,0.06845,0.06895,0.067,0.067,160590000,10880073.5,TQBR
2020-10-29,0.06725,0.06775,0.0651,0.0675,125770000,8380506.5,TQBR
2020-10-30,0.067,0.0674,0.066,0.0674,27300000,1827967.5,TQBR
2020-11-02,0.0673,0.0673,0.065,0.067,72640000,4813511.0,TQBR
2020-11-03,0.06685,0.0675,0.06685,0.0673,58960000,3964076.5,TQBR
2020-11-05,0.068,0.0685,0.0672,0.0685,42340000,2888882.0,TQBR
2020-11-06,0.06825,0.0683,0.0673,0.068,52850000,3586346.5,TQBR
2020-11-09,0.0682,0.069,0.06745,0.069,155280000,10683134.5,TQBR
2020-11-10,0.069,0.069,0.0684,0.0686,75950000,5229878.5,TQBR
2020-11-11,0.0686,0.07,0.06855,0.0693,108880000,7527395.0,TQBR
2020-11-12,0.069,0.0692,0.06835,0.0688,36380000,2504760.5,TQBR
2020-11-13,0.06895,0.0695,0.0686,0.0692,65120000,4506722.0,TQBR
2020-11-16,0.0696,0.0705,0.06925,0.06975,68160000,4753465.0,TQBR
2020-11-17,0.06955,0.0699,0.0692,0.06925,41290000,2868800.5,TQBR
2020-11-18,0.06945,0.0698,0.069,0.069,43190000,2991869.5,TQBR
2020-11-19,0.06905,0.0692,0.06845,0.06895,44090000,3034780.5,TQBR
2020-11-20,0.069,0.06915,0.068,0.0682,110500000,7564290.5,TQBR
2020-11-23,0.0684,0.0692,0.068,0.06835,111830000,7658243.5,TQBR
2020-11-24,0.0685,0.06895,0.06815,0.06865,40020000,2742727.5,TQBR
2020-11-25,0.06865,0.06885,0.068,0.06805,111130000,7578913.0,TQBR
2020-11-26,0.06825,0.07005,0.068,0.07,159520000,11031006.0,TQBR
2020-11-27,0.06905,0.07015,0.0689,0.0698,63490000,4419605.0,TQBR
2020-11-30,0.06965,0.0699,0.06905,0.06975,45870000,3182836.0,TQBR
2020-12-01,0.06945,0.06975,0.069,0.06945,46600000,3235249.0,TQBR
2020-12-02,0.06945,0.0696,0.0684,0.06865,82290000,5686323.0,TQBR
2020-12-03,0.06855,0.06915,0.0684,0.0687,45830000,3154281.0,TQBR
2020-12-04,0.0686,0.06895,0.0681,0.0682,56330000,3856644.0,TQBR
2020-12-07,0.0684,0.06845,0.0679,0.06815,97830000,6661540.5,TQBR
2020-12-08,0.0679,0.06835,0.0679,0.068,30110000,2049422.5,TQBR
2020-12-09,0.0679,0.06835,0.06785,0.06805,58530000,3982382.0,TQBR
2020-12-10,0.06825,0.06845,0.068,0.068,26040000,1773566.0,TQBR
2020-12-11,0.06815,0.0682,0.06795,0.0681,75520000,5138051.0,TQBR
2020-12-14,0.06805,0.0682,0.067,0.0677,105340000,7118179.0,TQBR
2020-12-15,0.0674,0.0676,0.06705,0.0672,52790000,3547420.5,TQBR
2020-12-16,0.0673,0.0679,0.06705,0.06705,59160000,3982919.5,TQBR
2020-12-17,0.0672,0.0672,0.06665,0.06695,76410000,5118314.0,TQBR
2020-12-18,0.06695,0.0673,0.0667,0.067,42990000,2883588.0,TQBR
2020-12-21,0.06695,0.06695,0.066,0.06615,135510000,8971237.5,TQBR
2020-12-22,0.0661,0.06715,0.066,0.06685,65090000,4336504.5,TQBR
2020-12-23,0.06695,0.067,0.06635,0.0667,46350000,3091919.5,TQBR
2020-12-24,0.0669,0.06715,0.06615,0.0663,43280000,2876285.0,TQBR
2020-12-25,0.0665,0.0666,0.066,0.06655,132250000,8757812.0,TQBR
2020-12-28,0.0667,0.0674,0.066,0.066,270560000,17996051.0,TQBR
2020-12-29,0.0661,0.0678,0.06605,0.067,153850000,10225750.5,TQBR
2020-12-30,0.067,0.0685,0.0668,0.0678,61740000,4191775.5,TQBR
2021-01-04,0.0677,0.07015,0.0677,0.06935,162190000,11231518.0,TQBR
2021-01-05,0.0694,0.0699,0.06835,0.0694,49470000,3419841.0,TQBR
2021-01-06,0.0693,0.071,0.06915,0.07,93370000,6507657.0,TQBR
2021-01-08,0.07,0.07065,0.0688,0.07005,82720000,5788656.0,TQBR
2021-01-11,0.07,0.07,0.069,0.0698,74420000,5191266.0,TQBR
2021-01-12,0.07005,0.07005,0.0691,0.06925,68940000,4801739.0,TQBR
2021-01-13,0.0691,0.07015,0.0686,0.0686,69020000,4764696.0,TQBR
2021-01-14,0.0685,0.0689,0.0684,0.06865,57400000,3938667.0,TQBR
2021-01-15,0.0685,0.07065,0.0685,0.0695,113160000,7879654.5,TQBR
2021-01-18,0.0695,0.07045,0.0684,0.07,65770000,4582400.0,TQBR
2021-01-19,0.0701,0.07075,0.0697,0.07065,74590000,5235642.5,TQBR
2021-01-20,0.0707,0.071,0.06955,0.06985,65720000,4605000.0,TQBR
2021-01-21,0.07005,0.07005,0.06845,0.06885,243150000,16807471.0,TQBR
2021-01-22,0.0686,0.06885,0.0675,0.0684,123840000,8464371.0,TQBR
2021-01-25,0.06865,0.06895,0.0683,0.06895,23320000,1601846.0,TQBR
2021-01-26,0.06895,0.069,0.0683,0.06875,64730000,4457911.5,TQBR
2021-01-27,0.06875,0.069,0.06825,0.069,64790000,4456968.0,TQBR
2021-01-28,0.06875,0.07335,0.06825,0.06955,173840000,12250729.0,TQBR
2021-01-29,0.0698,0.071,0.06945,0.0697,26920000,1883109.0,TQBR
2021-02-01,0.0698,0.06995,0.069,0.06935,96160000,6657983.0,TQBR
2021-02-02,0.06915,0.0698,0.06915,0.06965,11230000,781408.0,TQBR
2021-02-03,0.0696,0.0696,0.06835,0.06905,67530000,4657355.5,TQBR
2021-02-04,0.0688,0.0692,0.06855,0.06865,27450000,1890014.5,TQBR
2021-02-05,0.0689,0.069,0.06855,0.0688,30700000,2113260.0,TQBR
2021-02-08,0.0689,0.0693,0.06855,0.0689,42370000,2919477.5,TQBR
2021-02-09,0.06915,0.06925,0.0682,0.0686,38830000,2662223.5,TQBR
2021-02-10,0.0688,0.0689,0.06785,0.06795,51520000,3521211.0,TQBR
2021-02-11,0.06815,0.0682,0.0676,0.06785,27460000,1863794.0,TQBR
2021-02-12,0.068,0.0684,0.06735,0.0676,41050000,2776862.5,TQBR
2021-02-15,0.06785,0.0682,0.06735,0.0677,24510000,1664184.0,TQBR
2021-02-16,0.06795,0.06855,0.06745,0.0681,36310000,2474869.5,TQBR
2021-02-17,0.06835,0.0685,0.0675,0.0676,60150000,4076814.5,TQBR
2021-02-18,0.0676,0.0699,0.067,0.06725,76070000,5157114.5,TQBR
2021-02-19,0.0672,0.0678,0.0672,0.0675,23110000,1558976.5,TQBR
2021-02-20,0.06775,0.06775,0.067,0.06765,24270000,1636671.0,TQBR
2021-02-22,0.0674,0.06785,0.06705,0.0675,9100000,614908.0,TQBR
2021-02-24,0.06765,0.06775,0.067,0.06735,39500000,2649510.0,TQBR
2021-02-25,0.0671,0.0694,0.0671,0.0673,45830000,3095329.5,TQBR
2021-02-26,0.06755,0.06755,0.06675,0.0668,27720000,1858501.5,TQBR
2021-03-01,0.0668,0.0674,0.0665,0.06675,25910000,1729277.5,TQBR
2021-03-02,0.06685,0.0675,0.0656,0.0675,189570000,12539062.0,TQBR
2021-03-03,0.0675,0.06825,0.06575,0.06685,56410000,3796301.5,TQBR
2021-03-04,0.0671,0.06835,0.066,0.06605,41690000,2773791.0,TQBR
2021-03-05,0.06605,0.06625,0.0651,0.066,39950000,2634411.0,TQBR
2021-03-09,0.06595,0.0665,0.06595,0.06615,55860000,3700589.5,TQBR
2021-03-10,0.06605,0.0665,0.0658,0.066,45130000,2980683.0,TQBR
2021-03-11,0.06625,0.06635,0.06585,0.0661,21410000,1415734.5,TQBR
2021-03-12,0.06585,0.0665,0.0658,0.0658,35090000,2315006.0,TQBR
2021-03-15,0.06565,0.0664,0.06515,0.0662,72360000,4761697.5,TQBR
2021-03-16,0.0662,0.06715,0.06615,0.0668,49720000,3313389.5,TQBR
2021-03-17,0.06705,0.06735,0.066,0.0662,47300000,3159811.0,TQBR
2021-03-18,0.06645,0.06675,0.066,0.06655,18580000,1234377.0,TQBR
2021-03-19,0.06645,0.0665,0.0655,0.066,61100000,4024232.0,TQBR
2021-03-22,0.06625,0.0665,0.0656,0.0664,30490000,2021289.5,TQBR
2021-03-23,0.0666,0.06665,0.06595,0.06615,55330000,3671742.5,TQBR
2021-03-24,0.0664,0.06685,0.06595,0.06645,46350000,3084794.0,TQBR
2021-03-25,0.06625,0.0667,0.06585,0.066,17850000,1179033.0,TQBR
2021-03-26,0.06575,0.06615,0.0656,0.06585,19950000,1313957.0,TQBR
2021-03-29,0.0656,0.06625,0.0656,0.06595,17820000,1176253.5,TQBR
2021-03-30,0.06575,0.0662,0.0655,0.06575,24550000,1613480.0,TQBR
2021-03-31,0.0659,0.0666,0.06545,0.0657,26210000,1726448.0,TQBR
2021-04-01,0.066,0.0664,0.06555,0.0659,17870000,1180624.5,TQBR
2021-04-02,0.06585,0.0672,0.06575,0.06685,75110000,5011189.0,TQBR
2021-04-05,0.06695,0.0671,0.0663,0.0664,41030000,2732709.5,TQBR
2021-04-06,0.0663,0.068,0.0657,0.06705,72060000,4774544.0,TQBR
2021-04-07,0.06705,0.06705,0.0659,0.06615,25680000,1698555.0,TQBR
2021-04-08,0.0665,0.0665,0.0659,0.066,28380000,1877241.0,TQBR
2021-04-09,0.06605,0.0661,0.06555,0.06575,28000000,1844334.0,TQBR
2021-04-12,0.066,0.066,0.06555,0.06565,38580000,2537414.5,TQBR
2021-04-13,0.066,0.066,0.0657,0.06575,17270000,1135535.0,TQBR
2021-04-14,0.0659,0.06595,0.0652,0.0655,59180000,3873744.0,TQBR
2021-04-15,0.0654,0.06585,0.06525,0.0655,36860000,2413152.0,TQBR
2021-04-16,0.06565,0.06585,0.06495,0.065,124630000,8127707.5,TQBR
2021-04-19,0.065,0.0653,0.0639,0.0643,118720000,7646810.0,TQBR
2021-04-20,0.0644,0.0647,0.063,0.06365,70120000,4460689.0,TQBR
2021-04-21,0.0637,0.0637,0.0628,0.06315,63600000,4014952.5,TQBR
2021-04-22,0.0632,0.06365,0.06315,0.0636,35370000,2243080.5,TQBR
2021-04-23,0.0637,0.064,0.06345,0.06365,24840000,1581769.0,TQBR
2021-04-26,0.064,0.0642,0.06315,0.06365,39280000,2506866.0,TQBR
2021-04-27,0.0638,0.064,0.0631,0.0631,27150000,1723731.0,TQBR
2021-04-28,0.0633,0.0638,0.0623,0.06235,76550000,4811022.0,TQBR
2021-04-29,0.06245,0.0625,0.06175,0.062,62700000,3894633.0,TQBR
2021-04-30,0.0618,0.0622,0.06155,0.0617,63420000,3922903.5,TQBR
2021-05-04,0.0616,0.062,0.06005,0.0608,117550000,7137478.5,TQBR
2021-05-05,0.06085,0.0612,0.06015,0.0603,47730000,2891488.5,TQBR
2021-05-06,0.0603,0.0615,0.06025,0.0608,36690000,2236209.5,TQBR
2021-05-07,0.06085,0.06155,0.0608,0.06125,30840000,1882987.0,TQBR
2021-05-10,0.0611,0.0612,0.06085,0.061,16640000,1015478.0,TQBR
2021-05-11,0.0608,0.0614,0.06,0.06035,45410000,2747114.5,TQBR
2021-05-12,0.06025,0.06145,0.0602,0.06125,25610000,1563218.0,TQBR
2021-05-13,0.0615,0.0615,0.0606,0.0607,34600000,2103841.5,TQBR
2021-05-14,0.0607,0.0611,0.06055,0.06085,17210000,1047523.0,TQBR
2021-05-17,0.0615,0.0615,0.0603,0.06035,34090000,2064670.5,TQBR
2021-05-18,0.06195,0.06195,0.06025,0.0605,43410000,2634604.5,TQBR
2021-05-19,0.06085,0.0609,0.06005,0.06045,30880000,1864032.0,TQBR
2021-05-20,0.06065,0.0607,0.0601,0.06055,14740000,888799.0,TQBR
2021-05-21,0.0603,0.0605,0.05995,0.0603,49280000,2960650.5,TQBR
2021-05-24,0.06045,0.06055,0.06,0.06015,26560000,1596742.5,TQBR
2021-05-25,0.0603,0.0603,0.05915,0.05975,38300000,2288442.0,TQBR
2021-05-26,0.06,0.06,0.0589,0.0593,36770000,2181409.5,TQBR
2021-05-27,0.0596,0.0599,0.05925,0.0599,13790000,821597.0,TQBR
2021-05-28,0.0598,0.06005,0.0592,0.05995,15600000,932880.0,TQBR
2021-05-31,0.06,0.0605,0.05995,0.0605,27320000,1647210.0,TQBR
2021-06-01,0.06055,0.06055,0.0602,0.06035,20990000,1265806.0,TQBR
2021-06-02,0.05995,0.06055,0.05995,0.06015,21420000,1289151.5,TQBR
2021-06-03,0.0601,0.0605,0.06005,0.0603,11730000,706686.5,TQBR
2021-06-04,0.0602,0.06035,0.0598,0.06035,33770000,2028416.0,TQBR
2021-06-07,0.0604,0.0605,0.0599,0.0601,13440000,809701.0,TQBR
2021-06-08,0.06005,0.06195,0.06,0.06045,71260000,4318102.5,TQBR
2021-06-09,0.06015,0.0607,0.06015,0.0603,15170000,914803.0,TQBR
2021-06-10,0.06025,0.0619,0.06,0.0612,37450000,2280686.5,TQBR
2021-06-11,0.0616,0.0622,0.0607,0.0618,40760000,2505342.0,TQBR
2021-06-14,0.0618,0.0623,0.06165,0.0617,44560000,2754825.5,TQBR
2021-06-15,0.06205,0.0625,0.0617,0.06225,42900000,2666245.0,TQBR
2021-06-16,0.0625,0.0628,0.06205,0.0622,21190000,1324991.0,TQBR
2021-06-17,0.0625,0.0625,0.06065,0.06085,31760000,1942295.5,TQBR
2021-06-18,0.0612,0.06125,0.0602,0.0604,19240000,1165034.5,TQBR
2021-06-21,0.0604,0.0607,0.06005,0.06035,20840000,1256661.0,TQBR
2021-06-22,0.06065,0.0609,0.0604,0.0605,16330000,990937.5,TQBR
2021-06-23,0.06055,0.06145,0.0605,0.06125,25850000,1580741.5,TQBR
2021-06-24,0.06135,0.06135,0.06035,0.06035,39520000,2403014.5,TQBR
2021-06-25,0.0612,0.06145,0.0592,0.06005,27790000,1674420.0,TQBR
2021-06-28,0.06045,0.06045,0.0598,0.0599,30060000,1804576.5,TQBR
2021-06-29,0.06,0.06,0.05905,0.0596,14930000,889923.0,TQBR
2021-06-30,0.0595,0.05965,0.05935,0.05955,24810000,1477961.5,TQBR
2021-07-01,0.05955,0.0603,0.05915,0.0595,50620000,3018568.5,TQBR
2021-07-02,0.05985,0.05985,0.05945,0.05965,14800000,882186.5,TQBR
2021-07-05,0.0599,0.06,0.05915,0.0595,17820000,1059962.5,TQBR
2021-07-06,0.0599,0.0599,0.059,0.0593,46380000,2746547.5,TQBR
2021-07-07,0.05955,0.05965,0.059,0.0591,18660000,1104592.0,TQBR
2021-07-08,0.05935,0.0594,0.05705,0.05865,34950000,2045589.0,TQBR
2021-07-09,0.05905,0.05975,0.0589,0.0589,13870000,818830.0,TQBR
2021-07-12,0.0591,0.05915,0.058,0.0585,44910000,2620265.5,TQBR
2021-07-13,0.0589,0.0589,0.058,0.0583,13700000,796810.5,TQBR
2021-07-14,0.0585,0.0587,0.0575,0.0581,29120000,1695159.5,TQBR
2021-07-15,0.05845,0.05855,0.0574,0.0583,30570000,1777719.5,TQBR
2021-07-16,0.0583,0.05915,0.05715,0.05805,28240000,1646987.5,TQBR
2021-07-19,0.058,0.058,0.0569,0.0571,45860000,2624027.0,TQBR
2021-07-20,0.0574,0.0574,0.05615,0.05675,38510000,2184894.0,TQBR
2021-07-21,0.05695,0.0577,0.05665,0.0571,33050000,1883888.5,TQBR
2021-07-22,0.05685,0.05735,0.0563,0.0565,17100000,969618.0,TQBR
2021-07-23,0.0565,0.0569,0.05635,0.0566,14910000,843386.5,TQBR
2021-07-26,0.0569,0.057,0.0564,0.05675,14450000,817715.0,TQBR
2021-07-27,0.05675,0.05675,0.0558,0.05595,86480000,4852174.5,TQBR
2021-07-28,0.05625,0.05625,0.05575,0.05605,40340000,2257390.0,TQBR
2021-07-29,0.05605,0.0562,0.0559,0.0561,27000000,1512788.5,TQBR
2021-07-30,0.05635,0.05635,0.0559,0.056,15630000,875626.0,TQBR
2021-08-02,0.056,0.0569,0.05595,0.0564,22710000,1279018.5,TQBR
2021-08-03,0.05605,0.0562,0.055,0.0555,76310000,4232658.0,TQBR
2021-08-04,0.05585,0.0575,0.0548,0.055,103260000,5718602.0,TQBR
2021-08-05,0.05535,0.05545,0.05415,0.05525,32000000,1760952.5,TQBR
2021-08-06,0.0553,0.05545,0.05515,0.05545,19190000,1061356.5,TQBR
2021-08-09,0.0558,0.0558,0.0548,0.055,31950000,1760191.0,TQBR
2021-08-10,0.0551,0.0555,0.055,0.05535,35110000,1940108.5,TQBR
2021-08-11,0.0556,0.0557,0.054,0.05425,80350000,4381915.0,TQBR
2021-08-12,0.05425,0.0548,0.05405,0.0542,25120000,1363986.0,TQBR
2021-08-13,0.05495,0.05495,0.0539,0.05425,27920000,1510746.5,TQBR
2021-08-16,0.0545,0.0546,0.05395,0.05395,22530000,1220040.5,TQBR
2021-08-17,0.05395,0.0542,0.0533,0.0539,49010000,2637986.5,TQBR
2021-08-18,0.054,0.0542,0.0535,0.05375,22890000,1234021.5,TQBR
2021-08-19,0.0537,0.05395,0.0533,0.05365,14620000,783514.0,TQBR
2021-08-20,0.05365,0.05485,0.0534,0.05365,27880000,1500798.0,TQBR
2021-08-23,0.054,0.0545,0.05335,0.05385,40520000,2184588.0,TQBR
2021-08-24,0.05415,0.0549,0.05335,0.05395,77080000,4150391.0,TQBR
2021-08-25,0.0541,0.05415,0.053,0.0541,55480000,2978863.5,TQBR
2021-08-26,0.054,0.0541,0.05375,0.054,17370000,938015.0,TQBR
2021-08-27,0.0541,0.0541,0.0537,0.0538,20460000,1101529.5,TQBR
2021-08-30,0.05365,0.05405,0.0535,0.05385,17290000,929794.5,TQBR
2021-08-31,0.054,0.05415,0.0537,0.0541,44380000,2397970.5,TQBR
2021-09-01,0.0541,0.05505,0.0539,0.05455,40500000,2211689.0,TQBR
2021-09-02,0.0547,0.0555,0.05455,0.0554,66890000,3690206.0,TQBR
2021-09-03,0.0554,0.05775,0.0551,0.05695,113510000,6420749.5,TQBR
2021-09-06,0.05695,0.058,0.0566,0.0575,95200000,5466827.5,TQBR
2021-09-07,0.05715,0.0577,0.05605,0.0565,49670000,2817278.5,TQBR
2021-09-08,0.0563,0.05695,0.05525,0.0558,71720000,4012680.5,TQBR
2021-09-09,0.0547,0.05675,0.0547,0.0565,36360000,2032216.0,TQBR
2021-09-10,0.05655,0.0574,0.05655,0.0571,62120000,3547420.5,TQBR
2021-09-13,0.05705,0.05915,0.05705,0.0575,71810000,4148811.0,TQBR
2021-09-14,0.05785,0.0581,0.05725,0.0579,24180000,1396924.0,TQBR
2021-09-15,0.05785,0.0582,0.0571,0.0572,49110000,2817255.5,TQBR
2021-09-16,0.0572,0.0583,0.0571,0.05725,40080000,2303283.0,TQBR
2021-09-17,0.0571,0.0576,0.0569,0.0569,40240000,2300449.0,TQBR
2021-09-20,0.0568,0.0568,0.0553,0.0562,41760000,2344380.5,TQBR
2021-09-21,0.056,0.05645,0.05595,0.05645,18690000,1049518.0,TQBR
2021-09-22,0.0564,0.05665,0.0561,0.0564,12320000,693863.0,TQBR
2021-09-23,0.05615,0.0567,0.05615,0.05645,10600000,598747.5,TQBR
2021-09-24,0.05645,0.0585,0.0561,0.0575,40730000,2346232.0,TQBR
2021-09-27,0.0575,0.05875,0.057,0.0584,154690000,8994055.5,TQBR
2021-09-28,0.05875,0.0589,0.0573,0.05735,55650000,3215504.5,TQBR
2021-09-29,0.05755,0.05785,0.05665,0.0567,20340000,1159739.0,TQBR
2021-09-30,0.05645,0.0585,0.0561,0.0572,28490000,1621565.5,TQBR
2021-10-01,0.05755,0.058,0.05645,0.05695,11200000,638521.5,TQBR
2021-10-04,0.05695,0.057,0.0557,0.0558,37920000,2137012.5,TQBR
2021-10-05,0.05615,0.0566,0.05565,0.0565,50500000,2836175.0,TQBR
2021-10-06,0.05635,0.05695,0.05635,0.05655,14920000,845150.0,TQBR
2021-10-07,0.05665,0.058,0.05655,0.0573,20140000,1148248.5,TQBR
2021-10-08,0.0571,0.0635,0.0571,0.0611,448020000,27561774.0,TQBR
2021-10-11,0.062,0.0643,0.06005,0.0603,181960000,11215731.0,TQBR
2021-10-12,0.0607,0.0607,0.0582,0.05975,83740000,4973720.0,TQBR
2021-10-13,0.06,0.06725,0.0588,0.06445,537060000,34026183.0,TQBR
2021-10-14,0.0661,0.0696,0.06345,0.0669,1020970000,68864538.5,TQBR
2021-10-15,0.0672,0.06825,0.06325,0.0645,517190000,33672571.5,TQBR
2021-10-18,0.0642,0.06465,0.06055,0.0643,178660000,11200841.5,TQBR
2021-10-19,0.0639,0.06745,0.063,0.0642,435000000,28738281.0,TQBR
2021-10-20,0.06435,0.06725,0.0642,0.0653,267700000,17689573.0,TQBR
2021-10-21,0.0652,0.06715,0.06225,0.06225,213810000,13904459.5,TQBR
2021-10-22,0.0626,0.0638,0.06045,0.0612,138540000,8580806.0,TQBR
2021-10-25,0.0619,0.062,0.05905,0.06005,107350000,6507129.5,TQBR
2021-10-26,0.0598,0.0633,0.0595,0.062,133900000,8253337.5,TQBR
2021-10-27,0.06195,0.0643,0.0613,0.0619,114480000,7208568.5,TQBR
2021-10-28,0.0621,0.0621,0.0598,0.06065,64830000,3918636.0,TQBR
2021-10-29,0.0606,0.0633,0.0604,0.0604,47200000,2903014.5,TQBR
2021-11-01,0.0603,0.0612,0.05955,0.0596,50220000,3031341.0,TQBR
2021-11-02,0.0596,0.06045,0.05915,0.0599,42890000,2566152.0,TQBR
2021-11-03,0.0595,0.05995,0.0582,0.0583,38060000,2241220.0,TQBR
2021-11-05,0.05865,0.05935,0.0573,0.058,68100000,3947323.5,TQBR
2021-11-08,0.05795,0.05945,0.0574,0.0584,41080000,2397986.5,TQBR
2021-11-09,0.05835,0.05835,0.0558,0.05755,84100000,4845623.0,TQBR
2021-11-10,0.05765,0.05765,0.05685,0.05755,40010000,2287539.0,TQBR
2021-11-11,0.05755,0.05755,0.05645,0.05655,35710000,2026395.5,TQBR
2021-11-12,0.0574,0.0574,0.0558,0.0561,55330000,3113224.5,TQBR
2021-11-15,0.0561,0.0567,0.0558,0.05635,56890000,3199170.0,TQBR
2021-11-16,0.0561,0.0567,0.0561,0.0565,15510000,875005.0,TQBR
2021-11-17,0.0565,0.0565,0.055,0.05595,90560000,5065741.0,TQBR
2021-11-18,0.05595,0.0588,0.0552,0.0575,224450000,12896496.0,TQBR
2021-11-19,0.0592,0.0592,0.0556,0.0561,52130000,2967008.0,TQBR
2021-11-22,0.0561,0.0561,0.0531,0.05395,125550000,6830662.0,TQBR
2021-11-23,0.05365,0.05565,0.05365,0.05495,33750000,1841951.5,TQBR
2021-11-24,0.0553,0.0563,0.05465,0.0553,27470000,1530114.0,TQBR
2021-11-25,0.05565,0.05705,0.05535,0.05575,45290000,2538568.0,TQBR
2021-11-26,0.05405,0.0552,0.053,0.05345,71440000,3844704.0,TQBR
2021-11-29,0.0538,0.0552,0.0534,0.05395,35150000,1894462.5,TQBR
2021-11-30,0.0536,0.05395,0.0531,0.0533,26160000,1397852.5,TQBR
2021-12-01,0.05365,0.0541,0.05325,0.0538,19880000,1068517.5,TQBR
2021-12-02,0.0537,0.0544,0.05355,0.05435,23620000,1273557.5,TQBR
2021-12-03,0.05435,0.05575,0.0537,0.0538,36070000,1959170.5,TQBR
2021-12-06,0.05415,0.05415,0.05205,0.053,44350000,2357480.5,TQBR
2021-12-07,0.05335,0.0534,0.05235,0.05295,36870000,1952533.0,TQBR
2021-12-08,0.0532,0.0537,0.05225,0.05245,29210000,1551361.0,TQBR
2021-12-09,0.05235,0.05335,0.05235,0.05275,36300000,1918786.0,TQBR
2021-12-10,0.05305,0.0531,0.0519,0.05235,56580000,2962128.0,TQBR
2021-12-13,0.0527,0.05295,0.05065,0.05135,97840000,5057913.0,TQBR
2021-12-14,0.05135,0.05165,0.05,0.0507,100480000,5101688.0,TQBR
2021-12-15,0.05105,0.05125,0.0504,0.05045,41870000,2120409.0,TQBR
2021-12-16,0.0508,0.0514,0.05055,0.05075,46700000,2379843.5,TQBR
2021-12-17,0.0506,0.0509,0.0492,0.05075,54170000,2734597.5,TQBR
2021-12-20,0.051,0.051,0.05,0.05045,87960000,4421045.5,TQBR
2021-12-21,0.0506,0.051,0.05035,0.0504,29340000,1487079.0,TQBR
2021-12-22,0.05075,0.05095,0.05025,0.05065,62370000,3152704.5,TQBR
2021-12-23,0.051,0.051,0.05,0.0501,84340000,4233439.5,TQBR
2021-12-24,0.0501,0.05045,0.0497,0.0501,162970000,8134166.5,TQBR
2021-12-27,0.05,0.0503,0.04955,0.0499,175350000,8748899.0,TQBR
2021-12-28,0.04995,0.05005,0.04895,0.04925,312960000,15476873.5,TQBR
2021-12-29,0.0495,0.0501,0.0492,0.04955,72720000,3619064.5,TQBR
2021-12-30,0.04985,0.05005,0.0494,0.0494,191810000,9532456.5,TQBR
2022-01-03,0.0497,0.05135,0.0496,0.0512,54150000,2743889.5,TQBR
2022-01-04,0.05125,0.05165,0.0506,0.051,45850000,2342247.0,TQBR
2022-01-05,0.05105,0.0511,0.05045,0.0506,15680000,794370.0,TQBR
2022-01-06,0.0506,0.05075,0.0501,0.05035,10320000,519568.5,TQBR
2022-01-10,0.05045,0.05085,0.05,0.0502,24070000,1210874.5,TQBR
2022-01-11,0.05055,0.0506,0.0497,0.05035,19600000,982264.0,TQBR
2022-01-12,0.05035,0.0505,0.0501,0.0504,30000000,1512704.0,TQBR
2022-01-13,0.05025,0.0507,0.04925,0.0496,33870000,1690864.5,TQBR
2022-01-14,0.0502,0.0514,0.0492,0.0492,51050000,2535966.5,TQBR
2022-01-17,0.0495,0.04985,0.0491,0.04945,37730000,1862344.5,TQBR
2022-01-18,0.04965,0.04975,0.047,0.04735,106860000,5138942.5,TQBR
2022-01-19,0.04715,0.04875,0.04715,0.0485,65790000,3160949.5,TQBR
2022-01-20,0.0476,0.04975,0.0476,0.04845,24860000,1209727.5,TQBR
2022-01-21,0.0487,0.04875,0.0469,0.047,72020000,3423470.5,TQBR
2022-01-24,0.0476,0.0476,0.045,0.0454,128170000,5878147.0,TQBR
2022-01-25,0.0454,0.0463,0.0454,0.0454,19350000,885747.5,TQBR
2022-01-26,0.0457,0.0468,0.0455,0.0466,23210000,1074975.5,TQBR
2022-01-27,0.04665,0.0478,0.04575,0.0473,42780000,2021707.0,TQBR
2022-01-28,0.0476,0.0484,0.0468,0.0469,18120000,856151.0,TQBR
2022-01-31,0.0472,0.04765,0.0468,0.0472,33280000,1569378.5,TQBR
2022-02-01,0.04735,0.0475,0.047,0.0473,43820000,2069139.0,TQBR
2022-02-02,0.0476,0.04805,0.0469,0.047,18450000,873178.5,TQBR
2022-02-03,0.0473,0.04765,0.04595,0.04595,81280000,3746388.0,TQBR
2022-02-04,0.04625,0.04705,0.04535,0.04585,45100000,2081517.0,TQBR
2022-02-07,0.04565,0.046,0.04525,0.0454,12400000,563659.5,TQBR
2022-02-08,0.0457,0.0459,0.0453,0.0456,22180000,1009942.5,TQBR
2022-02-09,0.04575,0.04615,0.0453,0.0461,56480000,2586452.5,TQBR
2022-02-10,0.0462,0.04665,0.04555,0.046,21020000,962087.0,TQBR
2022-02-11,0.04585,0.04745,0.0454,0.0455,21870000,1004412.0,TQBR
2022-02-14,0.0458,0.046,0.0449,0.045,56450000,2550593.0,TQBR
2022-02-15,0.0453,0.04645,0.04525,0.046,59730000,2738937.5,TQBR
2022-02-16,0.0462,0.048,0.04595,0.0461,45040000,2093573.5,TQBR
2022-02-17,0.0464,0.0464,0.04375,0.04495,49580000,2238945.5,TQBR
2022-02-18,0.0452,0.04525,0.0435,0.0442,64520000,2844810.0,TQBR
2022-02-21,0.0445,0.0445,0.0389,0.0404,291560000,11937252.5,TQBR
2022-02-22,0.0402,0.0405,0.03625,0.039,364770000,13962874.5,TQBR
2022-02-24,0.03525,0.03525,0.0258,0.02685,365670000,10999811.0,TQBR
2022-02-25,0.029,0.0331,0.026,0.03045,227600000,6668866.5,TQBR
2022-03-28,0.02995,0.0303,0.026,0.0263,363670000,10136033.5,TQBR
2022-03-29,0.02835,0.02855,0.0263,0.0273,193390000,5268147.5,TQBR
2022-03-30,0.02765,0.0287,0.02765,0.02815,170290000,4856110.5,TQBR
2022-03-31,0.02875,0.0317,0.0285,0.031,542380000,16298646.5,TQBR
2022-04-01,0.0315,0.03695,0.0303,0.03235,1101060000,36847010.0,TQBR
2022-04-04,0.0331,0.03485,0.0321,0.0337,503430000,16835275.0,TQBR
2022-04-05,0.03445,0.04165,0.03305,0.039,3189980000,119752296.0,TQBR
2022-04-06,0.03905,0.0418,0.0349,0.0361,854630000,32255595.5,TQBR
2022-04-07,0.0373,0.0373,0.0341,0.0352,241830000,8468135.5,TQBR
2022-04-08,0.03485,0.0352,0.03335,0.03425,228930000,7810810.5,TQBR
2022-04-11,0.0343,0.0349,0.03295,0.0334,217140000,7277078.5,TQBR
2022-04-12,0.03305,0.03355,0.03065,0.0319,335420000,10591398.5,TQBR
2022-04-13,0.0328,0.03385,0.032,0.03245,166290000,5483460.5,TQBR
2022-04-14,0.0334,0.0334,0.03105,0.03145,129440000,4104463.5,TQBR
2022-04-15,0.03105,0.0327,0.03,0.0312,111250000,3451681.5,TQBR
2022-04-18,0.03,0.03165,0.02985,0.03075,166530000,5121307.0,TQBR
2022-04-19,0.0307,0.0315,0.0295,0.0301,161410000,4911319.5,TQBR
2022-04-20,0.0304,0.03225,0.03005,0.0308,213400000,6669326.0,TQBR
2022-04-21,0.0307,0.0317,0.03065,0.0309,68790000,2143104.0,TQBR
2022-04-22,0.0312,0.0313,0.0305,0.03075,31670000,979575.5,TQBR
2022-04-25,0.0311,0.0311,0.0295,0.03045,126770000,3836367.5,TQBR
2022-04-26,0.03005,0.03145,0.02955,0.03085,115550000,3549271.0,TQBR
2022-04-27,0.0304,0.032,0.03,0.0316,153000000,4788855.5,TQBR
2022-04-28,0.03105,0.0348,0.0307,0.0307,321400000,10343634.5,TQBR
2022-04-29,0.0308,0.0314,0.0307,0.03135,36210000,1124699.0,TQBR
2022-05-04,0.0315,0.0315,0.0307,0.03105,60860000,1895780.5,TQBR
2022-05-05,0.03115,0.0327,0.0311,0.0311,60650000,1901806.0,TQBR
2022-05-06,0.0314,0.0325,0.0312,0.03145,176810000,5619419.0,TQBR
2022-05-11,0.0315,0.03375,0.0311,0.0329,242090000,7877893.0,TQBR
2022-05-12,0.0333,0.03355,0.0312,0.03175,155660000,4997691.0,TQBR
2022-05-13,0.03125,0.03285,0.0301,0.0308,304420000,9527587.5,TQBR
2022-05-16,0.0308,0.03145,0.03015,0.03135,175420000,5438648.5,TQBR
2022-05-17,0.0315,0.0326,0.03105,0.03155,123660000,3950666.0,TQBR
2022-05-18,0.03155,0.0326,0.0312,0.032,212540000,6790062.0,TQBR
2022-05-19,0.03295,0.03295,0.03085,0.03195,123480000,3902878.5,TQBR
2022-05-20,0.0317,0.03215,0.03105,0.0312,56230000,1768768.5,TQBR
2022-05-23,0.0316,0.03165,0.03025,0.0303,57080000,1752660.0,TQBR
2022-05-24,0.03075,0.03075,0.0298,0.03055,56850000,1714406.5,TQBR
2022-05-25,0.03065,0.0313,0.03015,0.03035,74680000,2289361.5,TQBR
2022-05-26,0.03035,0.0314,0.03035,0.0309,65090000,2000424.5,TQBR
2022-05-27,0.031,0.03185,0.0303,0.03095,91930000,2845880.5,TQBR
2022-05-30,0.0307,0.0317,0.0307,0.0307,60340000,1876117.5,TQBR
2022-05-31,0.0305,0.0307,0.03005,0.03035,49150000,1490040.5,TQBR
2022-06-01,0.03045,0.0309,0.0301,0.0307,54740000,1664142.5,TQBR
2022-06-02,0.03075,0.0313,0.0307,0.03085,55100000,1706984.5,TQBR
2022-06-03,0.03115,0.03115,0.03035,0.03055,56970000,1749777.0,TQBR
2022-06-06,0.03055,0.03095,0.0302,0.0303,56570000,1730631.0,TQBR
2022-06-07,0.03035,0.03075,0.03005,0.03065,29570000,898811.5,TQBR
2022-06-08,0.03025,0.03085,0.03,0.0301,91180000,2754716.0,TQBR
2022-06-09,0.0302,0.03045,0.0298,0.03,87440000,2623423.5,TQBR
2022-06-10,0.03005,0.0301,0.029,0.02995,163840000,4849384.5,TQBR
2022-06-14,0.0301,0.03035,0.0298,0.0303,49990000,1510397.5,TQBR
2022-06-15,0.03035,0.03075,0.0301,0.03065,24850000,760492.0,TQBR
2022-06-16,0.03075,0.03135,0.0307,0.0311,40750000,1262959.0,TQBR
2022-06-17,0.03145,0.03145,0.0308,0.0309,25020000,773067.5,TQBR
2022-06-20,0.0311,0.03165,0.0309,0.0315,93600000,2920590.0,TQBR
2022-06-21,0.03165,0.03165,0.0298,0.03045,134800000,4164293.0,TQBR
2022-06-22,0.0307,0.0307,0.03005,0.03045,47830000,1449414.5,TQBR
2022-06-23,0.03045,0.031,0.03015,0.03035,65680000,2005393.0,TQBR
2022-06-24,0.03045,0.03065,0.0301,0.03025,44860000,1360105.0,TQBR
2022-06-27,0.02995,0.0304,0.0292,0.0303,92180000,2758943.0,TQBR
2022-06-28,0.03045,0.0315,0.0303,0.0308,217460000,6719940.5,TQBR
2022-06-29,0.03125,0.03155,0.0305,0.03065,73400000,2269788.5,TQBR
2022-06-30,0.031,0.031,0.02975,0.03,65320000,1963168.0,TQBR
2022-07-01,0.03,0.03065,0.02985,0.03035,44280000,1337213.5,TQBR
2022-07-04,0.0304,0.0307,0.02975,0.0302,28840000,869812.0,TQBR
2022-07-05,0.0302,0.0303,0.02985,0.0301,10030000,301308.5,TQBR
2022-07-06,0.0299,0.0307,0.0299,0.0301,28050000,853005.0,TQBR
2022-07-07,0.03045,0.0305,0.0299,0.03015,22110000,663568.5,TQBR
2022-07-08,0.0305,0.03065,0.02995,0.0303,58610000,1773801.0,TQBR
2022-07-11,0.03,0.03125,0.03,0.03055,86570000,2647472.5,TQBR
2022-07-12,0.0308,0.03095,0.0299,0.03015,90740000,2746730.0,TQBR
2022-07-13,0.03015,0.03055,0.03,0.03045,82040000,2491939.5,TQBR
2022-07-14,0.0305,0.03115,0.03015,0.03075,90260000,2776874.0,TQBR
2022-07-15,0.03105,0.03115,0.0307,0.03095,27420000,850395.5,TQBR
2022-07-18,0.03115,0.0312,0.0307,0.03095,67230000,2083471.0,TQBR
2022-07-19,0.0308,0.0309,0.03,0.0302,72370000,2192754.0,TQBR
2022-07-20,0.0302,0.03055,0.03,0.0302,30040000,905072.0,TQBR
2022-07-21,0.0301,0.03025,0.0298,0.02995,19770000,591738.0,TQBR
2022-07-22,0.0298,0.03025,0.0298,0.0301,30520000,916230.0,TQBR
2022-07-25,0.03015,0.0307,0.0298,0.03025,119730000,3620837.0,TQBR
2022-07-26,0.0303,0.0307,0.02985,0.0304,119520000,3619405.5,TQBR
2022-07-27,0.0302,0.03075,0.0299,0.0303,108610000,3293660.5,TQBR
2022-07-28,0.0303,0.0307,0.0298,0.03015,149630000,4486605.0,TQBR
2022-07-29,0.03,0.03035,0.0299,0.03025,47790000,1438099.0,TQBR
2022-08-01,0.0302,0.03035,0.0298,0.0302,46580000,1401322.5,TQBR
2022-08-02,0.03005,0.0304,0.03,0.03,24440000,734508.0,TQBR
2022-08-03,0.03,0.03035,0.03,0.0301,27790000,838640.5,TQBR
2022-08-04,0.03,0.0302,0.02975,0.0301,32850000,985428.5,TQBR
2022-08-05,0.0301,0.0301,0.02745,0.02835,506300000,14351794.5,TQBR
2022-08-08,0.02835,0.02925,0.02835,0.02865,122630000,3538662.5,TQBR
2022-08-09,0.0289,0.02895,0.0276,0.0281,157930000,4452366.5,TQBR
2022-08-10,0.0281,0.0286,0.0279,0.02855,66100000,1868045.5,TQBR
2022-08-11,0.0289,0.03,0.0282,0.02925,141760000,4150140.0,TQBR
2022-08-12,0.02945,0.0295,0.02875,0.0291,18990000,553514.5,TQBR
2022-08-15,0.02905,0.02955,0.0286,0.02955,65410000,1906923.5,TQBR
2022-08-16,0.02945,0.0297,0.02875,0.02915,199400000,5800424.0,TQBR
2022-08-17,0.029,0.0294,0.029,0.02905,40580000,1182357.0,TQBR
2022-08-18,0.02905,0.0293,0.02895,0.02925,59270000,1728883.5,TQBR
2022-08-19,0.02925,0.0293,0.02895,0.02915,20480000,596015.0,TQBR
2022-08-22,0.02915,0.0292,0.02905,0.0292,7470000,217553.5,TQBR
2022-08-23,0.029,0.02955,0.029,0.0295,26350000,772748.0,TQBR
2022-08-24,0.0294,0.0295,0.02925,0.02935,19100000,560391.5,TQBR
2022-08-25,0.02925,0.0297,0.0291,0.0292,116120000,3412357.5,TQBR
2022-08-26,0.02925,0.02925,0.0285,0.0288,114910000,3311618.0,TQBR
2022-08-29,0.02905,0.02965,0.0289,0.0293,52590000,1532418.5,TQBR
2022-08-30,0.02935,0.0317,0.0291,0.0298,433210000,13100867.5,TQBR
2022-08-31,0.0304,0.0305,0.0295,0.02995,55950000,1683169.5,TQBR
2022-09-01,0.0298,0.03015,0.0298,0.02995,30160000,903468.0,TQBR
2022-09-02,0.0299,0.03065,0.0299,0.0304,165510000,5013591.5,TQBR
2022-09-05,0.03065,0.031,0.03,0.03035,114020000,3473106.0,TQBR
2022-09-06,0.0304,0.0309,0.02975,0.02995,218550000,6604622.5,TQBR
2022-09-07,0.0301,0.0303,0.0296,0.02965,115120000,3434999.0,TQBR
2022-09-08,0.0297,0.02985,0.02955,0.0297,42920000,1276247.5,TQBR
2022-09-09,0.0297,0.03015,0.0296,0.03005,35200000,1054882.5,TQBR
2022-09-12,0.0302,0.0315,0.03005,0.0305,361780000,11159894.5,TQBR
2022-09-13,0.0311,0.0312,0.03015,0.03015,87980000,2685680.5,TQBR
2022-09-14,0.03045,0.03095,0.02985,0.0307,128850000,3929468.0,TQBR
2022-09-15,0.0298,0.03135,0.0298,0.0307,71370000,2185107.5,TQBR
2022-09-16,0.0306,0.03085,0.03025,0.0303,55950000,1709976.5,TQBR
2022-09-19,0.0302,0.0312,0.0302,0.0304,117740000,3617765.0,TQBR
2022-09-20,0.0305,0.0307,0.0285,0.02855,206580000,6060060.5,TQBR
2022-09-21,0.02845,0.0285,0.0264,0.0276,111250000,3046088.5,TQBR
2022-09-22,0.0276,0.02865,0.0276,0.02815,36800000,1043727.0,TQBR
2022-09-23,0.0289,0.0289,0.02625,0.0268,117480000,3179844.5,TQBR
2022-09-26,0.02675,0.02675,0.02425,0.0244,215940000,5440691.5,TQBR
2022-09-27,0.0254,0.02575,0.0237,0.02445,114970000,2821089.0,TQBR
2022-09-28,0.02455,0.02505,0.02375,0.02405,63940000,1567598.0,TQBR
2022-09-29,0.02405,0.02445,0.02285,0.023,71670000,1675674.0,TQBR
2022-09-30,0.0253,0.0253,0.02255,0.02375,71050000,1665110.5,TQBR
2022-10-03,0.02375,0.025,0.0236,0.02475,64210000,1572727.5,TQBR
2022-10-04,0.0258,0.0258,0.02445,0.0248,39830000,984432.0,TQBR
2022-10-05,0.0248,0.02555,0.024,0.02445,20410000,500418.5,TQBR
2022-10-06,0.0243,0.025,0.0242,0.0245,6680000,164119.0,TQBR
2022-10-07,0.0245,0.0249,0.0237,0.0237,15650000,379044.5,TQBR
2022-10-10,0.0257,0.0257,0.02255,0.02435,34220000,809921.5,TQBR
2022-10-11,0.0244,0.0254,0.0242,0.0245,57050000,1408898.0,TQBR
2022-10-12,0.0261,0.0261,0.0244,0.0248,103570000,2593224.0,TQBR
2022-10-13,0.0248,0.02515,0.0247,0.025,21330000,530461.5,TQBR
2022-10-14,0.0258,0.0258,0.023,0.02395,407040000,9693640.5,TQBR
2022-10-17,0.0241,0.02465,0.02355,0.02435,101310000,2459657.5,TQBR
2022-10-18,0.0245,0.0246,0.024,0.0241,55130000,1335018.0,TQBR
2022-10-19,0.0242,0.0243,0.02375,0.0241,42030000,1006602.5,TQBR
2022-10-20,0.02425,0.0245,0.024,0.0243,50740000,1232207.0,TQBR
2022-10-21,0.0243,0.0247,0.02235,0.023,2886930000,66417849.5,TQBR
2022-10-24,0.02335,0.024,0.0229,0.02395,1266900000,29806806.0,TQBR
2022-10-25,0.0238,0.0241,0.02315,0.0239,310520000,7414053.5,TQBR
2022-10-26,0.02415,0.0243,0.0235,0.02385,171410000,4096023.0,TQBR
2022-10-27,0.024,0.02485,0.02315,0.02385,1728020000,41323917.0,TQBR
2022-10-28,0.02385,0.02425,0.0237,0.02395,259090000,6177580.0,TQBR
2022-10-31,0.024,0.0246,0.02355,0.0238,492770000,11922091.5,TQBR
2022-11-01,0.024,0.02465,0.0239,0.0244,308520000,7517562.0,TQBR
2022-11-02,0.0244,0.0247,0.02425,0.02465,185070000,4531044.5,TQBR
2022-11-03,0.0245,0.0251,0.02415,0.02445,284590000,6998025.0,TQBR
2022-11-07,0.02445,0.025,0.0244,0.0247,162060000,4016356.5,TQBR
2022-11-08,0.025,0.025,0.0241,0.02435,113500000,2772605.0,TQBR
2022-11-09,0.02455,0.0247,0.02395,0.0241,152240000,3701580.5,TQBR
2022-11-10,0.0241,0.02425,0.02385,0.0241,121610000,2914674.5,TQBR
2022-11-11,0.02415,0.0249,0.02415,0.0244,123820000,3040565.5,TQBR
2022-11-14,0.02425,0.0246,0.02385,0.02405,316140000,7606471.0,TQBR
2022-11-15,0.024,0.0245,0.02385,0.02405,266420000,6398072.5,TQBR
2022-11-16,0.02395,0.02475,0.02385,0.0242,169250000,4109132.5,TQBR
2022-11-17,0.0242,0.0244,0.0241,0.02425,51600000,1252042.5,TQBR
2022-11-18,0.02435,0.02445,0.02405,0.0242,33050000,799626.0,TQBR
2022-11-21,0.0242,0.02435,0.02395,0.02405,28250000,680902.5,TQBR
2022-11-22,0.02395,0.0244,0.02395,0.0243,55280000,1340967.5,TQBR
2022-11-23,0.0244,0.0253,0.0242,0.0252,230480000,5715302.5,TQBR
2022-11-24,0.0256,0.027,0.0251,0.02565,513360000,13288898.5,TQBR
2022-11-25,0.02585,0.02685,0.0253,0.0263,377310000,9864417.5,TQBR
2022-11-28,0.02615,0.0288,0.02555,0.0259,679390000,18467674.0,TQBR
2022-11-29,0.0261,0.0289,0.0257,0.0274,595800000,16305963.5,TQBR
2022-11-30,0.0275,0.02885,0.02745,0.0276,288480000,8101090.0,TQBR
2022-12-01,0.0276,0.0284,0.0276,0.0278,67350000,1878239.5,TQBR
2022-12-02,0.02775,0.0279,0.02715,0.02725,109280000,2999321.5,TQBR
2022-12-05,0.0274,0.02745,0.02655,0.0267,122890000,3310889.0,TQBR
2022-12-06,0.0267,0.0267,0.02515,0.02565,414750000,10690932.0,TQBR
2022-12-07,0.02585,0.02585,0.025,0.02525,89710000,2269125.0,TQBR
2022-12-08,0.02545,0.02545,0.02495,0.02505,103260000,2587999.5,TQBR
2022-12-09,0.025,0.0253,0.0248,0.0248,112910000,2819975.0,TQBR
2022-12-12,0.02495,0.0256,0.02485,0.02515,111120000,2805740.0,TQBR
2022-12-13,0.02535,0.02535,0.0248,0.02515,144750000,3620291.0,TQBR
2022-12-14,0.02485,0.027,0.02485,0.02585,1106160000,28618421.0,TQBR
2022-12-15,0.02565,0.02665,0.0254,0.0257,310840000,8052249.5,TQBR
2022-12-16,0.02585,0.03115,0.0255,0.0268,3574420000,100963146.0,TQBR
2022-12-19,0.02715,0.02835,0.02575,0.02665,879250000,23787578.0,TQBR
2022-12-20,0.02655,0.02775,0.0258,0.0259,451230000,11995733.0,TQBR
2022-12-21,0.0261,0.0264,0.0252,0.02555,325960000,8381094.0,TQBR
2022-12-22,0.0256,0.02735,0.0254,0.02555,672510000,17587489.5,TQBR
2022-12-23,0.02575,0.0266,0.0257,0.026,314040000,8214285.0,TQBR
2022-12-26,0.0263,0.02675,0.0259,0.0262,139920000,3683068.5,TQBR
2022-12-27,0.02635,0.0271,0.0261,0.0264,270540000,7182110.5,TQBR
2022-12-28,0.0267,0.02675,0.02575,0.02595,188350000,4905500.5,TQBR
2022-12-29,0.026,0.02645,0.02555,0.02605,371270000,9641731.5,TQBR
2022-12-30,0.0259,0.0281,0.0258,0.02615,828880000,22073924.0,TQBR
2023-01-03,0.02645,0.02655,0.0261,0.02645,107920000,2839145.0,TQBR
2023-01-04,0.02625,0.0274,0.02615,0.02665,295020000,7873624.5,TQBR
2023-01-05,0.02685,0.0279,0.02665,0.02705,681570000,18521454.5,TQBR
2023-01-06,0.02705,0.0272,0.02615,0.02675,199880000,5323465.5,TQBR
2023-01-09,0.02735,0.02735,0.0268,0.0272,218500000,5920880.5,TQBR
2023-01-10,0.0272,0.0274,0.0265,0.02715,201800000,5422441.0,TQBR
2023-01-11,0.02745,0.0295,0.02675,0.0284,1135230000,31872501.0,TQBR
2023-01-12,0.0281,0.03045,0.0281,0.0293,2799090000,82396259.0,TQBR
2023-01-13,0.0297,0.03,0.02825,0.02955,966650000,28078747.5,TQBR
2023-01-16,0.0325,0.0325,0.02955,0.0299,2068740000,62929319.5,TQBR
2023-01-17,0.0299,0.03005,0.0285,0.02875,886500000,25681241.0,TQBR
2023-01-18,0.02865,0.02905,0.0281,0.02875,338620000,9697778.0,TQBR
2023-01-19,0.0286,0.029,0.02785,0.02815,392860000,11152758.5,TQBR
2023-01-20,0.02835,0.0305,0.02825,0.0286,1287860000,37583949.5,TQBR
2023-01-23,0.0288,0.0292,0.0286,0.0287,234050000,6740945.0,TQBR
2023-01-24,0.0289,0.02945,0.0283,0.0291,776830000,22567969.0,TQBR
2023-01-25,0.02945,0.03,0.0291,0.02935,711340000,21008988.5,TQBR
2023-01-26,0.02955,0.0298,0.02905,0.02925,260280000,7617714.0,TQBR
2023-01-27,0.0293,0.0297,0.02895,0.0296,539010000,15839016.5,TQBR
2023-01-30,0.03015,0.0304,0.02945,0.0297,326780000,9754541.5,TQBR
2023-01-31,0.02955,0.0302,0.0295,0.02985,371290000,11088913.0,TQBR
2023-02-01,0.02985,0.03005,0.0293,0.0294,306820000,9112122.5,TQBR
2023-02-02,0.02935,0.02965,0.02915,0.0294,171940000,5054815.0,TQBR
2023-02-03,0.02945,0.02955,0.02865,0.0292,418610000,12201674.0,TQBR
2023-02-06,0.02915,0.02975,0.0289,0.02925,239730000,7039840.0,TQBR
2023-02-07,0.0293,0.02965,0.0291,0.0294,203400000,5976642.0,TQBR
2023-02-08,0.0293,0.02995,0.0292,0.02945,652430000,19315052.5,TQBR
2023-02-09,0.02945,0.02975,0.0294,0.02965,267060000,7902150.0,TQBR
2023-02-10,0.02975,0.03065,0.02955,0.0298,597020000,17932123.5,TQBR
2023-02-13,0.0298,0.0315,0.02975,0.0304,1078890000,33186657.5,TQBR
2023-02-14,0.0305,0.0308,0.02915,0.03015,513690000,15387401.5,TQBR
2023-02-15,0.0302,0.0302,0.028,0.0284,568330000,16567940.0,TQBR
2023-02-16,0.02845,0.0295,0.0282,0.02905,565550000,16267573.5,TQBR
2023-02-17,0.0292,0.02965,0.02875,0.0293,209020000,6116245.5,TQBR
2023-02-20,0.0294,0.02985,0.02865,0.02905,181420000,5277945.5,TQBR
2023-02-21,0.02875,0.0295,0.02875,0.02925,166760000,4861913.0,TQBR
2023-02-22,0.0291,0.03,0.0291,0.02945,276200000,8143824.5,TQBR
2023-02-24,0.02955,0.02965,0.029,0.0292,135020000,3956729.0,TQBR
2023-02-27,0.02945,0.02965,0.02905,0.02945,158930000,4673943.5,TQBR
2023-02-28,0.0297,0.0299,0.0295,0.0299,154070000,4580611.0,TQBR
2023-03-01,0.0299,0.03015,0.0298,0.03,157140000,4709979.5,TQBR
2023-03-02,0.03015,0.0302,0.02905,0.0294,319330000,9442140.5,TQBR
2023-03-03,0.0294,0.0298,0.0293,0.02975,149580000,4425610.0,TQBR
2023-03-06,0.0299,0.03035,0.0298,0.0301,328750000,9889354.0,TQBR
2023-03-07,0.03025,0.0309,0.03005,0.03055,470290000,14333936.5,TQBR
2023-03-09,0.0307,0.0356,0.03035,0.032,4902890000,160478232.0,TQBR
2023-03-10,0.032,0.0329,0.03135,0.03175,859610000,27557123.0,TQBR
2023-03-13,0.03175,0.0338,0.0317,0.0321,1347520000,43922939.0,TQBR
2023-03-14,0.0322,0.0329,0.0318,0.03205,476840000,15347472.0,TQBR
2023-03-15,0.0323,0.0323,0.031,0.0314,658030000,20820742.0,TQBR
2023-03-16,0.0316,0.03205,0.031,0.03145,299150000,9405709.0,TQBR
2023-03-17,0.0315,0.03185,0.03135,0.03145,215090000,6786726.5,TQBR
2023-03-20,0.03145,0.0322,0.0312,0.03185,412990000,13074461.0,TQBR
2023-03-21,0.032,0.0335,0.0318,0.03205,1141390000,37195339.5,TQBR
2023-03-22,0.03185,0.03225,0.03165,0.0322,446200000,14254497.5,TQBR
2023-03-23,0.03235,0.0326,0.03195,0.03245,353860000,11452886.5,TQBR
2023-03-24,0.0325,0.0329,0.0324,0.03245,312650000,10198624.0,TQBR
2023-03-27,0.0326,0.0332,0.03235,0.0332,219840000,7214962.0,TQBR
2023-03-28,0.03325,0.03365,0.0328,0.03345,374040000,12427336.5,TQBR
2023-03-29,0.0335,0.0337,0.03305,0.03325,211780000,7041862.0,TQBR
2023-03-30,0.0333,0.0348,0.0329,0.03415,504880000,17078694.5,TQBR
2023-03-31,0.03425,0.0371,0.03365,0.03595,2297710000,81427113.0,TQBR
2023-04-03,0.03645,0.03875,0.0357,0.03705,1309570000,48569011.5,TQBR
2023-04-04,0.03735,0.03845,0.03705,0.03775,610690000,23043336.0,TQBR
2023-04-05,0.03705,0.03825,0.0362,0.0369,741410000,27479045.0,TQBR
2023-04-06,0.0371,0.0387,0.03655,0.03695,964290000,36393360.0,TQBR
2023-04-07,0.03695,0.03925,0.0369,0.0369,1171100000,44172112.0,TQBR
2023-04-10,0.0369,0.0384,0.0369,0.0378,863000000,32549821.5,TQBR
2023-04-11,0.0388,0.03925,0.037,0.0372,1131790000,43172014.5,TQBR
2023-04-12,0.03795,0.03795,0.03665,0.03715,472940000,17685323.0,TQBR
2023-04-13,0.03715,0.03755,0.03655,0.03675,295820000,10966425.0,TQBR
2023-04-14,0.0368,0.0378,0.0368,0.037,458380000,17059214.5,TQBR
2023-04-17,0.0371,0.0375,0.037,0.0372,209880000,7812285.5,TQBR
2023-04-18,0.03725,0.03745,0.0369,0.0371,264780000,9833362.5,TQBR
2023-04-19,0.037,0.0374,0.03675,0.0372,573340000,21258914.0,TQBR
2023-04-20,0.037,0.0372,0.03645,0.03695,238440000,8778947.5,TQBR
2023-04-21,0.03715,0.03715,0.0367,0.03695,196420000,7257059.5,TQBR
2023-04-24,0.03695,0.03785,0.03695,0.03745,630730000,23573739.0,TQBR
2023-04-25,0.03765,0.0391,0.0372,0.03875,894480000,34143941.5,TQBR
2023-04-26,0.03875,0.0442,0.03875,0.0435,3526340000,146754479.0,TQBR
2023-04-27,0.0435,0.0439,0.04015,0.0421,1471320000,61896584.0,TQBR
2023-04-28,0.04195,0.0426,0.0403,0.0409,1268720000,52701704.0,TQBR
2023-05-02,0.0411,0.04155,0.03665,0.038,890990000,34919702.0,TQBR
2023-05-03,0.03835,0.0395,0.0369,0.0375,579580000,22158472.0,TQBR
2023-05-04,0.0395,0.0395,0.03705,0.03805,407770000,15561964.0,TQBR
2023-05-05,0.038,0.03855,0.03765,0.03785,172540000,6570135.5,TQBR
2023-05-08,0.0379,0.0385,0.03625,0.0373,563760000,21113917.5,TQBR
2023-05-10,0.0371,0.03895,0.03705,0.0381,321370000,12226309.0,TQBR
2023-05-11,0.03865,0.0405,0.0384,0.03955,802790000,31832396.0,TQBR
2023-05-12,0.0398,0.0398,0.0372,0.0383,852890000,32567354.5,TQBR
2023-05-15,0.03755,0.03885,0.03755,0.03825,387630000,14876458.0,TQBR
2023-05-16,0.03895,0.03895,0.0377,0.03845,249860000,9588392.0,TQBR
2023-05-17,0.03865,0.0389,0.0383,0.03865,268430000,10372666.0,TQBR
2023-05-18,0.0387,0.04,0.03785,0.03835,343270000,13419175.0,TQBR
2023-05-19,0.03835,0.03845,0.03725,0.0378,218250000,8275420.5,TQBR
2023-05-22,0.03775,0.03865,0.0375,0.03755,203130000,7698846.5,TQBR
2023-05-23,0.0384,0.0385,0.03765,0.03845,347770000,13260396.0,TQBR
2023-05-24,0.0384,0.0402,0.03785,0.0394,966050000,38034833.5,TQBR
2023-05-25,0.03925,0.0405,0.03885,0.039,364660000,14363302.0,TQBR
2023-05-26,0.03915,0.0425,0.03855,0.0411,1493090000,61057881.5,TQBR
2023-05-29,0.0415,0.042,0.04065,0.0414,451650000,18682118.0,TQBR
2023-05-30,0.04095,0.04115,0.0397,0.03995,438310000,17687801.5,TQBR
2023-05-31,0.04005,0.04025,0.03895,0.04015,146100000,5823028.5,TQBR
2023-06-01,0.04015,0.04045,0.03955,0.0396,153420000,6127893.5,TQBR
2023-06-02,0.03975,0.04065,0.03955,0.0404,426220000,17095799.0,TQBR
2023-06-05,0.0415,0.0422,0.0406,0.0409,729690000,30247960.0,TQBR
2023-06-06,0.04085,0.04115,0.0401,0.04065,247160000,10022837.5,TQBR
2023-06-07,0.0406,0.0415,0.04055,0.0411,249820000,10260743.0,TQBR
2023-06-08,0.04135,0.04175,0.0407,0.0408,154230000,6330654.0,TQBR
2023-06-09,0.0412,0.0413,0.0404,0.0406,218330000,8891656.0,TQBR
2023-06-13,0.0406,0.0413,0.0399,0.04065,199470000,8089744.0,TQBR
2023-06-14,0.04105,0.0412,0.0407,0.041,195570000,8015880.0,TQBR
2023-06-15,0.0413,0.04285,0.041,0.0424,505070000,21073155.0,TQBR
2023-06-16,0.0435,0.04895,0.04315,0.0441,6159280000,284509141.0,TQBR
2023-06-19,0.0441,0.04445,0.0423,0.0435,1182680000,51048192.5,TQBR
2023-06-20,0.04335,0.04375,0.04245,0.0428,458210000,19672126.5,TQBR
2023-06-21,0.0427,0.04445,0.0427,0.04385,464590000,20294060.0,TQBR
2023-06-22,0.04405,0.0455,0.044,0.0446,880320000,39258089.5,TQBR
2023-06-23,0.04285,0.0443,0.042,0.0433,442440000,19194254.0,TQBR
2023-06-26,0.043,0.04305,0.04135,0.04255,431930000,18181220.5,TQBR
2023-06-27,0.04265,0.04425,0.0426,0.04355,425580000,18535946.5,TQBR
2023-06-28,0.0438,0.04405,0.043,0.04355,191670000,8336305.5,TQBR
2023-06-29,0.044,0.044,0.0428,0.04305,136560000,5902060.0,TQBR
2023-06-30,0.0433,0.0433,0.04235,0.0427,157560000,6731798.5,TQBR
2023-07-03,0.0426,0.04315,0.0425,0.04295,139160000,5956744.0,TQBR
2023-07-04,0.0431,0.0443,0.0428,0.0443,402960000,17639968.0,TQBR
2023-07-05,0.04465,0.046,0.04435,0.04475,688380000,31050574.5,TQBR
2023-07-06,0.04515,0.0453,0.04325,0.04355,329610000,14525517.0,TQBR
2023-07-07,0.0438,0.044,0.0432,0.04345,185680000,8090624.0,TQBR
2023-07-10,0.04485,0.04485,0.04325,0.0436,228700000,10031955.0,TQBR
2023-07-11,0.04385,0.04405,0.0436,0.044,113490000,4982503.0,TQBR
2023-07-12,0.04405,0.0448,0.04385,0.0442,296020000,13143988.5,TQBR
2023-07-13,0.04445,0.0456,0.0438,0.04465,478120000,21342281.0,TQBR
2023-07-14,0.04485,0.04485,0.044,0.0445,296820000,13197836.0,TQBR
2023-07-17,0.04405,0.04545,0.044,0.04505,479090000,21523011.5,TQBR
2023-07-18,0.0455,0.0475,0.045,0.046,1396560000,64628926.5,TQBR
2023-07-19,0.04615,0.0484,0.0458,0.04805,1332640000,63136323.5,TQBR
2023-07-20,0.0487,0.054,0.04775,0.0495,6429070000,330733275.0,TQBR
2023-07-21,0.0504,0.05045,0.0481,0.049,810560000,39786738.0,TQBR
2023-07-24,0.0504,0.05195,0.0491,0.0514,1122480000,57213491.0,TQBR
2023-07-25,0.054,0.0571,0.0515,0.0538,3549230000,192725102.5,TQBR
2023-07-26,0.0548,0.0555,0.052,0.055,2502180000,135033724.0,TQBR
2023-07-27,0.0555,0.05645,0.0538,0.05535,1402110000,77488787.5,TQBR
2023-07-28,0.0554,0.06495,0.05525,0.0595,9169950000,561015516.5,TQBR
2023-07-31,0.05955,0.06245,0.05955,0.0609,1521280000,92709356.0,TQBR
2023-08-01,0.0625,0.0637,0.06005,0.06125,1345330000,82736347.0,TQBR
2023-08-02,0.0624,0.063,0.06,0.06005,860420000,52338002.0,TQBR
2023-08-03,0.0601,0.06045,0.0569,0.0597,1349740000,79186468.0,TQBR
2023-08-04,0.0604,0.0606,0.057,0.05755,1097440000,65128240.5,TQBR
2023-08-07,0.05765,0.0607,0.05615,0.05875,1137280000,66964619.5,TQBR
2023-08-08,0.05885,0.065,0.05875,0.06445,6708100000,419642063.5,TQBR
2023-08-09,0.066,0.07,0.06315,0.0687,5021470000,334119039.5,TQBR
2023-08-10,0.07,0.07045,0.06005,0.063,3138470000,203678583.0,TQBR
2023-08-11,0.0627,0.06485,0.0608,0.06365,856450000,54256709.0,TQBR
2023-08-14,0.0645,0.0671,0.06315,0.0637,1583570000,104007401.0,TQBR
2023-08-15,0.06365,0.06625,0.0601,0.0635,954160000,61353903.0,TQBR
2023-08-16,0.0637,0.0666,0.06175,0.0632,1704760000,109916116.5,TQBR
2023-08-17,0.0638,0.0652,0.0621,0.0628,619130000,39203727.0,TQBR
2023-08-18,0.0628,0.0636,0.06225,0.06305,291270000,18282161.0,TQBR
2023-08-21,0.0642,0.0649,0.06315,0.06365,633600000,40648743.5,TQBR
2023-08-22,0.06365,0.06455,0.06355,0.0639,569160000,36443242.0,TQBR
2023-08-23,0.0646,0.0646,0.06155,0.06285,443940000,28081269.5,TQBR
2023-08-24,0.06225,0.06445,0.0606,0.0635,905330000,57224946.0,TQBR
2023-08-25,0.06385,0.06655,0.06355,0.06465,1469700000,95953458.5,TQBR
2023-08-28,0.06705,0.0675,0.06525,0.06585,1009430000,66515321.0,TQBR
2023-08-29,0.0663,0.06645,0.0635,0.0645,683830000,44270250.0,TQBR
2023-08-30,0.0648,0.07385,0.0645,0.07155,7205750000,501705749.0,TQBR
2023-08-31,0.072,0.0855,0.07185,0.079,10600050000,826940145.0,TQBR
2023-09-01,0.085,0.085,0.075,0.07635,2076820000,161065021.5,TQBR
2023-09-04,0.07995,0.084,0.07635,0.07855,2448950000,194597186.5,TQBR
2023-09-05,0.07895,0.0791,0.076,0.078,994220000,77210435.0,TQBR
2023-09-06,0.078,0.0784,0.07475,0.0756,857070000,65261330.5,TQBR
2023-09-07,0.0759,0.07735,0.0675,0.07085,1657120000,120926712.5,TQBR
2023-09-08,0.071,0.07275,0.06785,0.06955,961290000,66615033.5,TQBR
2023-09-11,0.0699,0.08685,0.069,0.084,20532780000,1637429056.0,TQBR
2023-09-12,0.08545,0.08725,0.07815,0.08055,6900200000,564395231.5,TQBR
2023-09-13,0.08115,0.08195,0.075,0.0766,2536640000,199774309.5,TQBR
2023-09-14,0.0761,0.07615,0.06,0.069,3668970000,250882837.5,TQBR
2023-09-15,0.0691,0.078,0.068,0.0743,2149170000,157096769.5,TQBR
2023-09-18,0.0746,0.0801,0.07235,0.0734,2501390000,190962004.5,TQBR
2023-09-19,0.0732,0.0738,0.0689,0.06995,1136190000,79812549.0,TQBR
2023-09-20,0.0693,0.06955,0.0622,0.0672,1293160000,85930770.0,TQBR
2023-09-21,0.0672,0.06775,0.06355,0.0636,932140000,60972182.0,TQBR
2023-09-22,0.0636,0.06585,0.062,0.065,683240000,43727973.0,TQBR
2023-09-25,0.0675,0.07485,0.06615,0.0698,3007260000,213820921.5,TQBR
2023-09-26,0.0702,0.0702,0.067,0.0682,546780000,37276275.5,TQBR
2023-09-27,0.06865,0.07155,0.06835,0.07135,1231440000,86665813.5,TQBR
2023-09-28,0.0707,0.07155,0.0695,0.07,637180000,44727142.0,TQBR
2023-09-29,0.07,0.0707,0.0669,0.0672,823250000,56151510.0,TQBR
2023-10-02,0.06605,0.0694,0.06605,0.0668,563150000,38063124.5,TQBR
2023-10-03,0.0668,0.06685,0.065,0.06555,329100000,21573360.0,TQBR
2023-10-04,0.066,0.06925,0.06575,0.06725,624520000,42180442.0,TQBR
2023-10-05,0.06725,0.06725,0.0655,0.0657,217830000,14396839.5,TQBR
2023-10-06,0.0669,0.0669,0.0643,0.06505,253190000,16563174.0,TQBR
2023-10-09,0.0654,0.0672,0.0642,0.06645,389580000,25692424.5,TQBR
2023-10-10,0.0668,0.06755,0.0661,0.06665,241930000,16174255.0,TQBR
2023-10-11,0.0669,0.0673,0.06575,0.06615,310780000,20589560.0,TQBR
2023-10-12,0.06505,0.06605,0.06325,0.065,361310000,23481409.0,TQBR
2023-10-13,0.0654,0.0657,0.06485,0.06555,155400000,10149787.5,TQBR
2023-10-16,0.066,0.0664,0.0652,0.06555,214360000,14086539.0,TQBR
2023-10-17,0.0659,0.06655,0.06495,0.0658,467150000,30837619.5,TQBR
2023-10-18,0.0661,0.0662,0.0652,0.06565,184960000,12167380.5,TQBR
2023-10-19,0.0658,0.06605,0.065,0.0659,233700000,15340298.0,TQBR
2023-10-20,0.066,0.0663,0.0648,0.066,311000000,20428805.0,TQBR
2023-10-23,0.066,0.06705,0.0655,0.06645,355800000,23647830.5,TQBR
2023-10-24,0.0667,0.069,0.0658,0.0689,885060000,59946009.0,TQBR
2023-10-25,0.06815,0.0707,0.06815,0.0698,756920000,52676055.0,TQBR
2023-10-26,0.0698,0.0698,0.06605,0.06675,467040000,31566427.5,TQBR
2023-10-27,0.06685,0.0675,0.0654,0.06735,590210000,39213862.5,TQBR
2023-10-30,0.0675,0.0698,0.067,0.0678,535780000,36666136.5,TQBR
2023-10-31,0.06895,0.069,0.06445,0.0656,531230000,35117343.0,TQBR
2023-11-01,0.0656,0.06735,0.0651,0.06595,277820000,18338033.0,TQBR
2023-11-02,0.0662,0.06685,0.0636,0.0649,287410000,18802532.5,TQBR
2023-11-03,0.0651,0.06585,0.0635,0.06415,361810000,23221361.5,TQBR
2023-11-06,0.0635,0.067,0.06305,0.067,734260000,48305627.5,TQBR
2023-11-07,0.066,0.0669,0.06565,0.0664,170820000,11309679.5,TQBR
2023-11-08,0.0667,0.067,0.06505,0.06525,262480000,17216188.5,TQBR
2023-11-09,0.06525,0.0653,0.06305,0.06315,314550000,20109643.0,TQBR
2023-11-10,0.0633,0.06335,0.06115,0.06155,388980000,24105415.0,TQBR
2023-11-13,0.0612,0.06235,0.0594,0.0596,529240000,31923472.5,TQBR
2023-11-14,0.06005,0.06005,0.05355,0.0546,966720000,53843346.5,TQBR
2023-11-15,0.0546,0.05845,0.05395,0.0571,1291740000,72867689.0,TQBR
2023-11-16,0.05725,0.0593,0.0557,0.0587,1141740000,66332359.0,TQBR
2023-11-17,0.05845,0.0587,0.05605,0.0573,410350000,23572592.5,TQBR
2023-11-20,0.057,0.05845,0.0563,0.05675,305500000,17559319.0,TQBR
2023-11-21,0.05675,0.05695,0.05505,0.0555,462780000,25783606.5,TQBR
2023-11-22,0.0555,0.05655,0.05425,0.056,249520000,13930785.5,TQBR
2023-11-23,0.0567,0.0567,0.05435,0.05435,250340000,13811431.5,TQBR
2023-11-24,0.05465,0.05495,0.0542,0.05435,156730000,8543199.5,TQBR
2023-11-27,0.05435,0.05835,0.05315,0.0545,1107340000,61415374.0,TQBR
2023-11-28,0.05545,0.06275,0.0543,0.05935,4237220000,251885718.0,TQBR
2023-11-29,0.05945,0.06295,0.0585,0.06005,2172500000,132594284.0,TQBR
2023-11-30,0.06145,0.06145,0.05625,0.05725,647480000,37380880.5,TQBR
2023-12-01,0.0578,0.0598,0.0565,0.05735,793890000,46115282.0,TQBR
2023-12-04,0.05735,0.05735,0.055,0.05515,572690000,32081573.5,TQBR
2023-12-05,0.0555,0.0581,0.053,0.0564,958480000,53174431.5,TQBR
2023-12-06,0.05645,0.05765,0.0528,0.0536,715040000,39703671.0,TQBR
2023-12-07,0.054,0.055,0.0524,0.0534,480810000,25782555.0,TQBR
2023-12-08,0.0534,0.0548,0.05275,0.05365,219740000,11819407.0,TQBR
2023-12-11,0.0537,0.0539,0.05105,0.0516,508530000,26570479.0,TQBR
2023-12-12,0.05165,0.05195,0.05075,0.05095,224960000,11535767.5,TQBR
2023-12-13,0.05095,0.05215,0.0504,0.0512,292890000,15041440.5,TQBR
2023-12-14,0.05155,0.0521,0.05085,0.0509,248490000,12782255.0,TQBR
2023-12-15,0.051,0.05265,0.05025,0.0522,350890000,17988974.5,TQBR
2023-12-18,0.0527,0.0539,0.05175,0.05385,531550000,28236406.5,TQBR
2023-12-19,0.0541,0.0571,0.05315,0.0566,1016700000,55263649.5,TQBR
2023-12-20,0.0569,0.0586,0.05455,0.05685,913340000,51576441.5,TQBR
2023-12-21,0.0577,0.0577,0.0532,0.0542,772570000,42321372.5,TQBR
2023-12-22,0.0548,0.05655,0.0539,0.05535,963480000,52881716.5,TQBR
2023-12-25,0.0572,0.0572,0.0549,0.05515,522260000,29063624.5,TQBR
2023-12-26,0.05525,0.05735,0.0549,0.0572,694190000,39078532.5,TQBR
2023-12-27,0.0575,0.05945,0.0556,0.05605,567290000,32777140.0,TQBR
2023-12-28,0.05605,0.0575,0.05415,0.0547,517180000,28646389.5,TQBR
2023-12-29,0.05495,0.05635,0.05465,0.05495,233790000,12951211.5,TQBR
2024-01-03,0.0566,0.05685,0.05455,0.056,401390000,22425052.0,TQBR
2024-01-04,0.0563,0.0571,0.05535,0.05655,393420000,22141355.5,TQBR
2024-01-05,0.0572,0.058,0.0562,0.0569,699630000,39927692.5,TQBR
2024-01-08,0.05695,0.06275,0.05695,0.0625,2166660000,131482471.0,TQBR
2024-01-09,0.0625,0.06305,0.06025,0.062,943920000,57986688.0,TQBR
2024-01-10,0.0629,0.06295,0.061,0.062,529820000,32788661.5,TQBR
2024-01-11,0.062,0.06235,0.06,0.0608,476730000,29020634.0,TQBR
2024-01-12,0.0612,0.0626,0.0603,0.06165,869830000,53693721.5,TQBR
2024-01-15,0.06165,0.06435,0.06165,0.06355,829590000,52692143.5,TQBR
2024-01-16,0.0642,0.06545,0.06265,0.0635,682800000,43513349.0,TQBR
2024-01-17,0.064,0.06575,0.06325,0.064,765150000,49389593.0,TQBR
2024-01-18,0.0645,0.0657,0.0631,0.06375,800440000,51602014.5,TQBR
2024-01-19,0.0647,0.0647,0.06205,0.06245,666100000,41917431.0,TQBR
2024-01-22,0.0625,0.06485,0.0625,0.06475,1008770000,64267276.5,TQBR
2024-01-23,0.065,0.06795,0.0642,0.06715,1860410000,123457355.0,TQBR
2024-01-24,0.06745,0.0736,0.0672,0.0717,6267640000,448167567.0,TQBR
2024-01-25,0.0718,0.07355,0.0681,0.06885,3003760000,211506134.5,TQBR
2024-01-26,0.0692,0.0717,0.06805,0.0692,1094880000,76170949.5,TQBR
2024-01-29,0.07,0.0706,0.06805,0.0692,737710000,50867270.0,TQBR
2024-01-30,0.0692,0.0693,0.0663,0.06705,701360000,47502198.0,TQBR
2024-01-31,0.0675,0.0677,0.06625,0.06735,443270000,29655053.0,TQBR
2024-02-01,0.0676,0.0693,0.06695,0.0675,708040000,48183689.0,TQBR
2024-02-02,0.06725,0.0678,0.0662,0.0665,433180000,29016162.0,TQBR
2024-02-05,0.067,0.06725,0.06605,0.06655,259470000,17264974.5,TQBR
2024-02-06,0.06655,0.06975,0.06655,0.06925,1135100000,77718531.5,TQBR
2024-02-07,0.0698,0.07145,0.06915,0.07035,1286530000,90486697.5,TQBR
2024-02-08,0.071,0.071,0.06735,0.06785,499090000,34436059.0,TQBR
2024-02-09,0.06785,0.069,0.06655,0.06775,651310000,44169463.5,TQBR
2024-02-12,0.06825,0.06825,0.0666,0.06715,270810000,18176694.0,TQBR
2024-02-13,0.06745,0.06875,0.067,0.0675,361330000,24496465.5,TQBR
2024-02-14,0.0675,0.0679,0.06675,0.0674,166330000,11189136.5,TQBR
2024-02-15,0.06745,0.06745,0.0662,0.06685,304580000,20390667.5,TQBR
2024-02-16,0.0669,0.0675,0.065,0.065,601320000,39636541.0,TQBR
2024-02-19,0.0652,0.06595,0.06445,0.06485,689200000,44911889.5,TQBR
2024-02-20,0.0653,0.0653,0.06315,0.0632,361880000,23183492.5,TQBR
2024-02-21,0.063,0.063,0.05915,0.06135,923180000,56372321.5,TQBR
2024-02-22,0.0624,0.0626,0.061,0.06115,270150000,16664322.5,TQBR
2024-02-26,0.06245,0.0637,0.0612,0.06235,481070000,29988733.5,TQBR
2024-02-27,0.0629,0.068,0.06265,0.066,1463910000,95768328.5,TQBR
2024-02-28,0.066,0.06735,0.0641,0.0642,679430000,44639831.0,TQBR
2024-02-29,0.0645,0.0652,0.06325,0.06505,392890000,25253823.0,TQBR
2024-03-01,0.06495,0.06555,0.064,0.0649,122660000,7939048.0,TQBR
2024-03-04,0.06425,0.0656,0.06425,0.06475,230140000,14937477.0,TQBR
2024-03-05,0.06495,0.0659,0.0646,0.06475,296510000,19298137.0,TQBR
2024-03-06,0.06475,0.0649,0.0636,0.0641,291400000,18677855.5,TQBR
2024-03-07,0.0641,0.0645,0.06375,0.06395,109380000,7004647.0,TQBR
2024-03-11,0.0639,0.06455,0.0636,0.06395,115500000,7409270.0,TQBR
2024-03-12,0.0636,0.0642,0.0632,0.06345,124440000,7921156.5,TQBR
2024-03-13,0.0632,0.06365,0.0629,0.06335,225840000,14267194.0,TQBR
2024-03-14,0.0635,0.0635,0.0598,0.0603,890780000,54583496.5,TQBR
2024-03-15,0.0606,0.0614,0.06005,0.0608,297810000,18124821.5,TQBR
2024-03-18,0.06095,0.065,0.05895,0.0632,2197890000,137175436.5,TQBR
2024-03-19,0.06345,0.0638,0.0611,0.0618,602120000,37480297.0,TQBR
2024-03-20,0.0618,0.06235,0.06035,0.06065,258570000,15872362.5,TQBR
2024-03-21,0.061,0.0629,0.06085,0.06175,416250000,25819789.5,TQBR
2024-03-22,0.06225,0.06305,0.0606,0.06105,324750000,20078991.5,TQBR
2024-03-25,0.06115,0.06175,0.0602,0.06155,211930000,12942056.0,TQBR
2024-03-26,0.06155,0.06395,0.061,0.06305,446380000,28083636.0,TQBR
2024-03-27,0.0635,0.0637,0.0625,0.0632,255820000,16165366.5,TQBR
2024-03-28,0.0635,0.0648,0.06295,0.0646,331430000,21250440.5,TQBR
2024-03-29,0.0647,0.0661,0.06365,0.06475,330420000,21467225.0,TQBR
2024-04-01,0.06475,0.0665,0.0643,0.0657,509290000,33472668.0,TQBR
2024-04-02,0.0659,0.0659,0.0645,0.06465,183700000,11965509.0,TQBR
2024-04-03,0.06535,0.0654,0.0644,0.0652,148850000,9673505.0,TQBR
2024-04-04,0.0654,0.0654,0.064,0.06485,312810000,20237346.0,TQBR
2024-04-05,0.0646,0.0656,0.064,0.06475,264480000,17189005.5,TQBR
2024-04-08,0.06475,0.0685,0.06475,0.06845,939610000,63164289.0,TQBR
2024-04-09,0.0684,0.06845,0.066,0.06635,353190000,23687456.0,TQBR
2024-04-10,0.06635,0.07,0.066,0.0694,1327710000,90666052.5,TQBR
2024-04-11,0.06955,0.07045,0.0674,0.0675,376170000,25939807.0,TQBR
2024-04-12,0.0684,0.0685,0.06745,0.0676,177450000,12050780.0,TQBR
2024-04-15,0.0676,0.068,0.06655,0.0668,203700000,13685131.5,TQBR
2024-04-16,0.0672,0.0693,0.0668,0.06815,426320000,29116810.0,TQBR
2024-04-17,0.0686,0.0704,0.06815,0.07025,667730000,46353179.5,TQBR
2024-04-18,0.07055,0.071,0.0677,0.06825,541520000,37588320.0,TQBR
2024-04-19,0.0685,0.07035,0.0683,0.07015,423270000,29445784.0,TQBR
2024-04-22,0.07015,0.0725,0.07015,0.0725,724660000,51868405.5,TQBR
2024-04-23,0.0725,0.0728,0.071,0.0712,405720000,29202005.5,TQBR
2024-04-24,0.0712,0.07175,0.06975,0.07035,250170000,17610595.0,TQBR
2024-04-25,0.0705,0.07225,0.0704,0.07145,227390000,16236642.0,TQBR
2024-04-26,0.07145,0.07275,0.0699,0.0705,536410000,38029214.5,TQBR
2024-04-27,0.07155,0.07315,0.071,0.072,649290000,46844049.5,TQBR
2024-04-29,0.07235,0.07315,0.06995,0.0729,394750000,28454856.5,TQBR
2024-04-30,0.0726,0.0734,0.0722,0.0724,251540000,18322052.0,TQBR
2024-05-02,0.0724,0.075,0.07235,0.07405,841720000,62124904.5,TQBR
2024-05-03,0.0741,0.0749,0.07345,0.0744,469300000,34840459.5,TQBR
2024-05-06,0.075,0.077,0.07465,0.0768,830070000,63195984.0,TQBR
2024-05-07,0.077,0.078,0.07605,0.07775,631300000,48784288.0,TQBR
2024-05-08,0.078,0.0787,0.073,0.0732,1306030000,99160776.0,TQBR
2024-05-10,0.0735,0.07485,0.07185,0.073,654940000,47900934.0,TQBR
2024-05-13,0.07305,0.0763,0.07305,0.07605,901870000,67964276.5,TQBR
2024-05-14,0.07605,0.0763,0.07405,0.0749,283320000,21249659.5,TQBR
2024-05-15,0.075,0.0757,0.0715,0.0728,482460000,35264851.0,TQBR
2024-05-16,0.073,0.0731,0.0701,0.0708,577890000,41037691.5,TQBR
2024-05-17,0.0708,0.071,0.06925,0.0696,569400000,39881082.0,TQBR
2024-05-20,0.07,0.0703,0.06815,0.0691,418780000,28884420.5,TQBR
2024-05-21,0.0682,0.07195,0.06715,0.071,1176590000,82035706.0,TQBR
2024-05-22,0.07115,0.0728,0.071,0.07245,339910000,24557557.0,TQBR
2024-05-23,0.0724,0.0724,0.07055,0.072,346710000,24806676.0,TQBR
2024-05-24,0.072,0.07235,0.06975,0.071,479030000,33926833.0,TQBR
2024-05-27,0.0719,0.07195,0.06955,0.0702,474540000,33301813.0,TQBR
2024-05-28,0.07015,0.0715,0.0693,0.0701,288510000,20274629.5,TQBR
2024-05-29,0.0701,0.07015,0.0675,0.06855,358300000,24758412.0,TQBR
2024-05-30,0.06855,0.07065,0.06785,0.06935,407080000,28429162.5,TQBR
2024-05-31,0.06935,0.06935,0.0653,0.06705,584380000,39178761.5,TQBR
2024-06-03,0.06675,0.06905,0.065,0.06695,283260000,18803618.5,TQBR
2024-06-04,0.06715,0.0693,0.06675,0.0681,296050000,20077721.0,TQBR
2024-06-05,0.0683,0.06845,0.06705,0.0675,137940000,9354642.5,TQBR
2024-06-06,0.0675,0.06975,0.0673,0.06765,247090000,16913895.0,TQBR
2024-06-07,0.0684,0.069,0.06765,0.06865,328950000,22496741.5,TQBR
2024-06-10,0.0695,0.06965,0.06755,0.0678,146390000,10037905.0,TQBR
2024-06-11,0.0678,0.068,0.06515,0.0664,361650000,24017476.0,TQBR
2024-06-13,0.065,0.068,0.062,0.067,537150000,35570390.5,TQBR
2024-06-14,0.0665,0.0686,0.0665,0.068,395040000,26840550.5,TQBR
2024-06-17,0.0682,0.0694,0.06735,0.06845,398070000,27267295.5,TQBR
2024-06-18,0.068,0.06885,0.0675,0.06855,295830000,20177707.0,TQBR
2024-06-19,0.0685,0.0685,0.0666,0.0679,239710000,16240673.0,TQBR
2024-06-20,0.0672,0.06885,0.06695,0.06815,511600000,34748274.5,TQBR
2024-06-21,0.06805,0.06855,0.0674,0.06825,120080000,8158126.0,TQBR
2024-06-24,0.06825,0.06875,0.06755,0.0682,91820000,6252815.0,TQBR
2024-06-25,0.06795,0.0686,0.0673,0.06855,122750000,8351838.5,TQBR
2024-06-26,0.06855,0.0712,0.0681,0.0688,210970000,14587076.0,TQBR
2024-06-27,0.06885,0.0693,0.068,0.06865,83230000,5708897.5,TQBR
2024-06-28,0.06855,0.0691,0.06745,0.0684,171100000,11699120.0,TQBR
2024-07-01,0.0697,0.0697,0.06815,0.0685,280600000,19286339.0,TQBR
2024-07-02,0.0686,0.06895,0.06645,0.0687,287900000,19705587.5,TQBR
2024-07-03,0.06865,0.0693,0.06785,0.0682,446830000,30630331.0,TQBR
2024-07-04,0.0632,0.0675,0.0632,0.0651,636700000,41486915.0,TQBR
2024-07-05,0.065,0.0654,0.064,0.0644,240250000,15498489.5,TQBR
2024-07-08,0.0644,0.06455,0.06255,0.0626,223160000,14110676.0,TQBR
2024-07-09,0.0626,0.0633,0.0586,0.0591,439200000,26690671.0,TQBR
2024-07-10,0.05835,0.05945,0.05775,0.05815,239750000,14041334.0,TQBR
2024-07-11,0.057,0.0613,0.0566,0.06,456210000,27024141.5,TQBR
2024-07-12,0.06,0.06185,0.0594,0.06185,233380000,14089861.5,TQBR
2024-07-15,0.06195,0.0649,0.0603,0.06145,477110000,29957854.0,TQBR
2024-07-16,0.061,0.06135,0.06005,0.0609,208600000,12661170.0,TQBR
2024-07-17,0.06075,0.06435,0.06075,0.06395,430200000,27110046.0,TQBR
2024-07-18,0.06395,0.06395,0.06265,0.0635,185030000,11685764.0,TQBR
2024-07-19,0.0637,0.06485,0.06365,0.0641,197310000,12680620.5,TQBR
2024-07-22,0.06495,0.066,0.0641,0.0653,215770000,14091522.0,TQBR
2024-07-23,0.066,0.0661,0.06445,0.06605,157090000,10264785.0,TQBR
2024-07-24,0.06595,0.0668,0.0659,0.0661,63360000,4205020.0,TQBR
2024-07-25,0.06605,0.06785,0.066,0.067,124090000,8267652.0,TQBR
2024-07-26,0.0673,0.06845,0.06485,0.06555,431210000,28594338.5,TQBR
2024-07-29,0.06555,0.0662,0.0622,0.0624,361760000,23028413.0,TQBR
2024-07-30,0.06235,0.0636,0.06175,0.0635,139850000,8808250.5,TQBR
2024-07-31,0.06335,0.065,0.06335,0.0642,132980000,8527863.5,TQBR
2024-08-01,0.0639,0.0645,0.06365,0.064,154070000,9848174.5,TQBR
2024-08-02,0.064,0.06425,0.0624,0.06265,153960000,9742075.5,TQBR
2024-08-05,0.0623,0.063,0.0597,0.0613,612390000,37126488.5,TQBR
2024-08-06,0.0612,0.062,0.06,0.0603,448130000,27362545.5,TQBR
2024-08-07,0.0603,0.0616,0.05975,0.0614,184430000,11177219.5,TQBR
2024-08-08,0.0614,0.0615,0.06,0.0602,135890000,8254632.0,TQBR
2024-08-09,0.0607,0.0608,0.0596,0.05985,148010000,8892564.0,TQBR
2024-08-12,0.05985,0.05985,0.05865,0.0595,315750000,18678486.5,TQBR
2024-08-13,0.05925,0.0617,0.0591,0.0614,252810000,15311763.0,TQBR
2024-08-14,0.06145,0.0659,0.06145,0.0618,933020000,59560870.5,TQBR
2024-08-15,0.0614,0.0626,0.06085,0.06135,138620000,8544419.5,TQBR
2024-08-16,0.0607,0.0615,0.06045,0.06045,107270000,6542762.0,TQBR
2024-08-19,0.06,0.0608,0.0596,0.05965,108700000,6526197.5,TQBR
2024-08-20,0.05955,0.06155,0.05955,0.0604,178200000,10768187.0,TQBR
2024-08-21,0.0609,0.06145,0.06025,0.0612,164720000,10031138.5,TQBR
2024-08-22,0.06105,0.06145,0.0599,0.0599,208260000,12662814.0,TQBR
2024-08-23,0.0596,0.0602,0.05765,0.0589,411050000,24253702.5,TQBR
2024-08-26,0.0593,0.0609,0.0593,0.0599,111760000,6741619.5,TQBR
2024-08-27,0.0595,0.0601,0.05915,0.0592,63110000,3758098.0,TQBR
2024-08-28,0.05955,0.0597,0.0579,0.0588,143690000,8412498.5,TQBR
2024-08-29,0.0586,0.0602,0.05815,0.0596,96010000,5680913.5,TQBR
2024-08-30,0.0594,0.0605,0.05865,0.0591,157740000,9403055.5,TQBR
2024-09-02,0.05805,0.05865,0.05635,0.058,392180000,22602650.0,TQBR
2024-09-03,0.057,0.059,0.057,0.05755,181020000,10488286.5,TQBR
2024-09-04,0.05805,0.05825,0.0561,0.0578,93410000,5375306.5,TQBR
2024-09-05,0.059,0.06115,0.0583,0.06035,318300000,19098845.0,TQBR
2024-09-06,0.06045,0.06095,0.05905,0.0603,100370000,6000393.0,TQBR
2024-09-09,0.0603,0.06285,0.0603,0.062,94450000,5843173.0,TQBR
2024-09-10,0.0625,0.0631,0.0616,0.0622,115090000,7142245.5,TQBR
2024-09-11,0.0622,0.0625,0.0602,0.0621,127870000,7810180.5,TQBR
2024-09-12,0.061,0.06225,0.06085,0.06165,91030000,5597386.5,TQBR
2024-09-13,0.06195,0.06265,0.0591,0.0607,133130000,8013413.5,TQBR
2024-09-16,0.0608,0.0636,0.0608,0.06295,181990000,11360202.5,TQBR
2024-09-17,0.06395,0.06395,0.06155,0.06235,124510000,7758381.0,TQBR
2024-09-18,0.06205,0.066,0.06205,0.0639,394670000,25328771.5,TQBR
2024-09-19,0.06335,0.06505,0.06245,0.0634,109570000,6977875.5,TQBR
2024-09-20,0.0635,0.064,0.06255,0.0631,80300000,5085728.5,TQBR
2024-09-23,0.06315,0.06355,0.0624,0.06325,120600000,7604701.0,TQBR
2024-09-24,0.0636,0.0638,0.063,0.06305,49070000,3101893.0,TQBR
2024-09-25,0.0632,0.0638,0.0625,0.06255,110790000,7005100.5,TQBR
2024-09-26,0.0627,0.067,0.06215,0.0657,470200000,30612455.5,TQBR
2024-09-27,0.06595,0.0667,0.0646,0.0653,122230000,8017445.0,TQBR
2024-09-30,0.06565,0.0662,0.063,0.06355,333650000,21471878.5,TQBR
2024-10-01,0.06355,0.0639,0.06205,0.063,143650000,9032185.5,TQBR
2024-10-02,0.0627,0.064,0.06195,0.062,169260000,10700685.5,TQBR
2024-10-03,0.0616,0.063,0.06105,0.06235,73290000,4547423.5,TQBR
2024-10-04,0.06115,0.06275,0.06115,0.0617,56210000,3496373.0,TQBR
2024-10-07,0.06165,0.06215,0.0606,0.0607,58460000,3578596.5,TQBR
2024-10-08,0.06085,0.0611,0.0605,0.061,39380000,2394413.5,TQBR
2024-10-09,0.06115,0.0616,0.0599,0.0603,105470000,6384942.5,TQBR
2024-10-10,0.0605,0.06115,0.06035,0.06085,51650000,3141381.0,TQBR
2024-10-11,0.0607,0.0614,0.06,0.06005,33820000,2044201.0,TQBR
2024-10-14,0.0601,0.06085,0.0594,0.06045,72850000,4374775.5,TQBR
2024-10-15,0.06045,0.06215,0.06045,0.06165,61710000,3787657.5,TQBR
2024-10-16,0.06255,0.06395,0.0617,0.0618,173160000,10856868.5,TQBR
2024-10-17,0.0622,0.06255,0.06185,0.062,68350000,4247471.5,TQBR
2024-10-18,0.06255,0.06255,0.06125,0.06135,57650000,3557031.5,TQBR
2024-10-21,0.06135,0.06185,0.061,0.06105,40840000,2510216.5,TQBR
2024-10-22,0.06135,0.06135,0.0607,0.06105,50420000,3069213.5,TQBR
2024-10-23,0.0611,0.0621,0.0607,0.0613,44450000,2731136.5,TQBR
2024-10-24,0.06105,0.06215,0.06065,0.0619,75540000,4639550.5,TQBR
2024-10-25,0.0619,0.0635,0.06005,0.0601,111740000,6903934.5,TQBR
2024-10-28,0.061,0.06125,0.0596,0.0598,150940000,9129744.0,TQBR
2024-10-29,0.06025,0.0612,0.05965,0.0607,74330000,4493810.5,TQBR
2024-10-30,0.0607,0.0615,0.0604,0.06085,44920000,2737486.5,TQBR
2024-10-31,0.0606,0.0606,0.0592,0.0592,74170000,4446889.5,TQBR
2024-11-01,0.0592,0.06025,0.0591,0.06,61390000,3653488.0,TQBR
2024-11-02,0.0601,0.06065,0.05965,0.0598,35550000,2138942.0,TQBR
2024-11-05,0.0599,0.061,0.0598,0.0605,74730000,4528362.0,TQBR
2024-11-06,0.06055,0.0622,0.06055,0.0608,94210000,5795329.5,TQBR
2024-11-07,0.06095,0.06135,0.06065,0.0613,88140000,5374506.5,TQBR
2024-11-08,0.0613,0.0632,0.0613,0.0631,162030000,10117768.5,TQBR
2024-11-11,0.0635,0.0643,0.0618,0.06205,141960000,8987265.0,TQBR
2024-11-12,0.0622,0.06335,0.0619,0.0628,122720000,7717789.0,TQBR
2024-11-13,0.06265,0.06335,0.06225,0.0633,113690000,7162904.0,TQBR
2024-11-14,0.06305,0.0631,0.06215,0.0625,49550000,3109909.0,TQBR
2024-11-15,0.0631,0.06385,0.06275,0.0638,87090000,5513945.5,TQBR
2024-11-18,0.06285,0.0643,0.06245,0.06365,98580000,6252773.5,TQBR
2024-11-19,0.06325,0.0637,0.06085,0.06085,272470000,17123278.5,TQBR
2024-11-20,0.06195,0.06615,0.06015,0.0612,399740000,25230411.5,TQBR
2024-11-21,0.0611,0.06185,0.06035,0.06125,127940000,7830705.5,TQBR
2024-11-22,0.0616,0.06265,0.06135,0.06225,155280000,9652863.0,TQBR
2024-11-25,0.06185,0.0655,0.05975,0.0598,126790000,7832643.0,TQBR
2024-11-26,0.06035,0.0625,0.0587,0.0596,191360000,11546982.0,TQBR
2024-11-27,0.05965,0.05995,0.05455,0.0582,211940000,12202684.5,TQBR
2024-11-28,0.05895,0.05985,0.05865,0.0597,54000000,3214700.0,TQBR
2024-11-29,0.05975,0.0613,0.0591,0.0607,46320000,2804568.5,TQBR
2024-12-02,0.06035,0.06115,0.0603,0.0605,49470000,3003264.5,TQBR
2024-12-03,0.0607,0.0607,0.0585,0.0585,72360000,4291574.0,TQBR
2024-12-04,0.0585,0.05935,0.05765,0.05785,59280000,3468487.5,TQBR
2024-12-05,0.05785,0.0609,0.05725,0.06075,116210000,6827654.0,TQBR
2024-12-06,0.0608,0.0617,0.06065,0.0608,33010000,2015552.5,TQBR
2024-12-09,0.0608,0.062,0.0608,0.0618,33230000,2050416.5,TQBR
2024-12-10,0.0614,0.0618,0.0609,0.0612,19950000,1221718.5,TQBR
2024-12-11,0.06105,0.062,0.0601,0.06055,78630000,4792157.0,TQBR
2024-12-12,0.0605,0.06065,0.05935,0.05935,51570000,3100265.5,TQBR
2024-12-13,0.0592,0.0602,0.05905,0.0599,46800000,2789556.5,TQBR
2024-12-16,0.0597,0.0599,0.0584,0.05905,37690000,2227767.5,TQBR
2024-12-17,0.0584,0.06035,0.05805,0.0583,113640000,6734641.0,TQBR
2024-12-18,0.05835,0.063,0.05805,0.0601,340590000,20345234.5,TQBR
2024-12-19,0.0604,0.06265,0.0603,0.06105,267720000,16481302.5,TQBR
2024-12-20,0.06105,0.06395,0.06105,0.06315,460950000,28930421.5,TQBR
2024-12-23,0.06325,0.06445,0.06245,0.0629,132370000,8388857.5,TQBR
2024-12-24,0.0626,0.06335,0.0617,0.0622,62070000,3865778.5,TQBR
2024-12-25,0.06215,0.06295,0.06165,0.0627,164900000,10284921.0,TQBR
2024-12-26,0.06345,0.0644,0.06245,0.0627,121300000,7656617.0,TQBR
2024-12-27,0.06285,0.06285,0.0621,0.0624,47700000,2979025.5,TQBR
2024-12-28,0.0626,0.0639,0.06235,0.06345,172240000,10907797.0,TQBR
2024-12-30,0.06365,0.06525,0.0635,0.0644,249860000,16151305.0,TQBR
2025-01-03,0.0654,0.0654,0.0635,0.06405,73770000,4724378.0,TQBR
2025-01-06,0.0638,0.06445,0.063,0.0638,106590000,6789359.5,TQBR
2025-01-08,0.0642,0.0698,0.06395,0.06875,869830000,58041220.5,TQBR
2025-01-09,0.06875,0.073,0.066,0.068,626030000,43591039.0,TQBR
2025-01-10,0.0681,0.06915,0.06725,0.06825,125280000,8561994.5,TQBR
2025-01-13,0.0682,0.0705,0.0673,0.06765,119500000,8182645.0,TQBR
2025-01-14,0.0672,0.06825,0.06655,0.06755,103320000,6986645.5,TQBR
2025-01-15,0.06755,0.0686,0.06735,0.068,144240000,9818861.0,TQBR
2025-01-16,0.0685,0.0709,0.0685,0.0695,238590000,16633047.0,TQBR
2025-01-17,0.07005,0.0705,0.06905,0.0699,82500000,5752467.5,TQBR
2025-01-20,0.07005,0.07135,0.07005,0.07035,252520000,17869624.5,TQBR
2025-01-21,0.0699,0.07035,0.0679,0.06925,143040000,9936252.0,TQBR
2025-01-22,0.06925,0.072,0.06875,0.07125,241720000,17021249.0,TQBR
2025-01-23,0.071,0.071,0.06955,0.0698,110780000,7754671.5,TQBR
2025-01-24,0.07,0.072,0.06995,0.07065,289440000,20551263.0,TQBR
2025-01-27,0.07085,0.07085,0.068,0.0683,235400000,16316115.0,TQBR
2025-01-28,0.0683,0.06855,0.0669,0.0678,132150000,8954073.5,TQBR
2025-01-29,0.0682,0.0688,0.06795,0.068,39490000,2698972.5,TQBR
2025-01-30,0.0681,0.06945,0.068,0.0684,69470000,4766066.5,TQBR
2025-01-31,0.0685,0.06985,0.0676,0.0679,83480000,5728264.0,TQBR
2025-02-03,0.0681,0.06835,0.0666,0.06685,89210000,6041782.0,TQBR
2025-02-04,0.0689,0.0689,0.0671,0.0679,83120000,5652355.5,TQBR
2025-02-05,0.0679,0.06805,0.0661,0.0673,140960000,9445455.5,TQBR
2025-02-06,0.06775,0.0698,0.06755,0.0688,108690000,7437978.5,TQBR
2025-02-07,0.06875,0.06965,0.06805,0.06875,160290000,11067008.0,TQBR
2025-02-10,0.0695,0.06985,0.06885,0.06925,83470000,5785517.5,TQBR
2025-02-11,0.07,0.07115,0.06895,0.07,381650000,26844516.0,TQBR
2025-02-12,0.0704,0.07075,0.0699,0.06995,102650000,7208081.5,TQBR
2025-02-13,0.072,0.073,0.0706,0.07165,251850000,18042195.5,TQBR
2025-02-14,0.07175,0.07285,0.0696,0.0701,319200000,22699195.5,TQBR
2025-02-17,0.07045,0.0724,0.07035,0.0721,304670000,21787757.0,TQBR
2025-02-18,0.0721,0.0773,0.0716,0.07395,840400000,62460577.5,TQBR
2025-02-19,0.0734,0.076,0.0734,0.0757,211260000,15858800.0,TQBR
2025-02-20,0.0754,0.078,0.07515,0.0778,404400000,31030405.0,TQBR
2025-02-21,0.0778,0.08,0.0767,0.07935,427320000,33673234.5,TQBR
2025-02-24,0.07865,0.08225,0.07865,0.0796,732410000,59154145.0,TQBR
2025-02-25,0.07985,0.0815,0.07655,0.0781,472110000,37242714.5,TQBR
2025-02-26,0.07935,0.0818,0.0777,0.0793,647640000,51641709.0,TQBR
2025-02-27,0.07745,0.0797,0.07345,0.07605,539540000,41258957.0,TQBR
2025-02-28,0.07675,0.07675,0.07295,0.0751,304990000,22751315.0,TQBR
2025-03-03,0.07435,0.0769,0.07375,0.07565,692030000,51911674.0,TQBR
2025-03-04,0.076,0.081,0.0754,0.07855,586140000,45804249.0,TQBR
2025-03-05,0.07855,0.0797,0.07755,0.07885,202380000,15902659.0,TQBR
2025-03-06,0.07835,0.0808,0.0765,0.0768,266560000,20756856.0,TQBR
2025-03-07,0.0768,0.07755,0.0752,0.0757,220210000,16816917.5,TQBR
2025-03-10,0.0762,0.0781,0.0762,0.0771,204210000,15707257.0,TQBR
2025-03-11,0.07675,0.079,0.07655,0.0768,201520000,15619765.5,TQBR
2025-03-12,0.076,0.07725,0.07575,0.07635,203370000,15490932.0,TQBR
2025-03-13,0.07585,0.0759,0.0721,0.0732,327250000,24328507.0,TQBR
2025-03-14,0.07365,0.0753,0.0731,0.07435,163770000,12175503.5,TQBR
2025-03-17,0.0751,0.07585,0.0735,0.07435,165600000,12341015.5,TQBR
2025-03-18,0.0745,0.07715,0.07435,0.07525,345650000,26089561.0,TQBR
2025-03-19,0.07515,0.07595,0.07405,0.07525,202640000,15224493.5,TQBR
2025-03-20,0.07525,0.0758,0.0744,0.075,128860000,9676670.5,TQBR
2025-03-21,0.07445,0.0755,0.07425,0.07425,128340000,9597175.5,TQBR
2025-03-24,0.074,0.0775,0.0739,0.0753,377260000,28474300.5,TQBR
2025-03-25,0.0753,0.0761,0.07425,0.075,94760000,7107748.0,TQBR
2025-03-26,0.07495,0.0756,0.0745,0.07455,70060000,5257571.0,TQBR
2025-03-27,0.075,0.0752,0.07315,0.07335,138840000,10268869.5,TQBR
2025-03-28,0.07275,0.07355,0.07125,0.0722,199040000,14418779.0,TQBR
2025-03-31,0.07205,0.07265,0.0708,0.0708,217670000,15546254.5,TQBR
2025-04-01,0.06915,0.0724,0.06915,0.0705,353140000,24910454.0,TQBR
2025-04-02,0.0698,0.0715,0.0696,0.0708,130520000,9200878.5,TQBR
2025-04-03,0.0707,0.07255,0.0692,0.0696,194130000,13690758.5,TQBR
2025-04-04,0.07055,0.07055,0.06785,0.06835,123120000,8467262.5,TQBR
2025-04-07,0.0652,0.06905,0.063,0.06645,332320000,21931409.0,TQBR
2025-04-08,0.06735,0.0689,0.06735,0.0678,89980000,6101950.0,TQBR
2025-04-09,0.06695,0.0688,0.0651,0.0664,91630000,6116548.0,TQBR
2025-04-10,0.0681,0.0701,0.06745,0.06775,57460000,3934415.0,TQBR
2025-04-11,0.0679,0.06935,0.0679,0.06875,29100000,2007714.0,TQBR
2025-04-14,0.06925,0.06955,0.0675,0.06755,37920000,2593337.5,TQBR
2025-04-15,0.06785,0.06805,0.0665,0.067,36990000,2478732.5,TQBR
2025-04-16,0.067,0.0693,0.0666,0.0679,58260000,3957467.0,TQBR
2025-04-17,0.0678,0.06885,0.0678,0.06805,37320000,2548195.0,TQBR
2025-04-18,0.0681,0.069,0.06805,0.0689,129740000,8909636.0,TQBR
2025-04-21,0.0685,0.071,0.0685,0.0709,93190000,6527306.5,TQBR
2025-04-22,0.07105,0.07225,0.0702,0.07155,60000000,4274722.0,TQBR
2025-04-23,0.0714,0.07145,0.07045,0.0709,48870000,3460401.5,TQBR
2025-04-24,0.0709,0.0718,0.0703,0.07065,36670000,2599910.5,TQBR
2025-04-25,0.07145,0.073,0.071,0.07225,122750000,8839118.5,TQBR
2025-04-28,0.0716,0.07385,0.0716,0.0729,68430000,5010211.5,TQBR
2025-04-29,0.07225,0.07235,0.0713,0.07175,33480000,2402960.0,TQBR
2025-04-30,0.07125,0.081,0.07015,0.07755,795900000,61364019.5,TQBR
2025-05-02,0.077,0.07745,0.07565,0.07565,55700000,4249884.0,TQBR
2025-05-05,0.0766,0.0789,0.07445,0.075,194830000,14973919.5,TQBR
2025-05-06,0.0756,0.07665,0.07525,0.07585,57130000,4336286.5,TQBR
2025-05-07,0.0758,0.0772,0.0752,0.07655,62290000,4752100.5,TQBR
2025-05-08,0.0767,0.07775,0.0767,0.0771,46580000,3597212.5,TQBR
2025-05-12,0.0775,0.0798,0.0773,0.07815,95310000,7511749.5,TQBR
2025-05-13,0.07825,0.0797,0.07825,0.0794,58960000,4664296.5,TQBR
2025-05-14,0.0798,0.08,0.0785,0.0788,79230000,6281631.0,TQBR
2025-05-15,0.0788,0.08,0.07755,0.0796,116860000,9218115.0,TQBR
2025-05-16,0.07945,0.082,0.07945,0.08095,393060000,31819021.0,TQBR
2025-05-19,0.0808,0.08505,0.07945,0.08495,448550000,37048963.0,TQBR
2025-05-20,0.0837,0.0872,0.08345,0.0857,467610000,39748863.5,TQBR
2025-05-21,0.0859,0.08775,0.0841,0.087,461550000,39410235.0,TQBR
2025-05-22,0.0862,0.08725,0.085,0.0862,142490000,12237946.5,TQBR
2025-05-23,0.08695,0.08945,0.0861,0.0885,242700000,21298541.0,TQBR
2025-05-26,0.08705,0.0913,0.0821,0.08905,844260000,74780162.0,TQBR
2025-05-27,0.08835,0.0898,0.08725,0.08845,269560000,23935682.0,TQBR
2025-05-28,0.08975,0.08975,0.08785,0.089,128770000,11423805.5,TQBR
2025-05-29,0.089,0.0902,0.08825,0.0892,162740000,14533429.0,TQBR
2025-05-30,0.0891,0.0899,0.0888,0.0899,209780000,18795195.5,TQBR
2025-06-02,0.0896,0.09,0.0851,0.08965,182760000,16187488.5,TQBR
2025-06-03,0.08965,0.0905,0.0895,0.0902,166350000,14978956.5,TQBR
2025-06-04,0.0902,0.09095,0.0886,0.0902,179230000,16154789.0,TQBR
2025-06-05,0.09035,0.0913,0.09015,0.09035,163440000,14824593.0,TQBR
2025-06-06,0.09075,0.091,0.0886,0.0888,180240000,16187370.5,TQBR
2025-06-09,0.0887,0.09,0.0887,0.08955,96360000,8629178.5,TQBR
2025-06-10,0.0895,0.0899,0.08865,0.0896,72340000,6477762.0,TQBR
2025-06-11,0.0896,0.0898,0.08905,0.08975,60930000,5454924.0,TQBR
2025-06-13,0.0899,0.0906,0.08945,0.09045,122020000,10978842.0,TQBR
2025-06-16,0.09055,0.09195,0.0891,0.08935,372420000,33855439.5,TQBR
2025-06-17,0.0901,0.09065,0.0871,0.0903,110400000,9867362.0,TQBR
2025-06-18,0.0903,0.091,0.08985,0.0907,112080000,10155937.0,TQBR
2025-06-19,0.0907,0.09195,0.09045,0.09145,140540000,12832947.5,TQBR
2025-06-20,0.0918,0.09885,0.09105,0.09535,378900000,35511871.5,TQBR
2025-06-23,0.09595,0.0998,0.0959,0.09685,512210000,50291118.0,TQBR
2025-06-24,0.0971,0.0971,0.09275,0.0954,402600000,38166915.5,TQBR
2025-06-25,0.0954,0.0972,0.094,0.09485,172340000,16427635.5,TQBR
2025-06-26,0.09455,0.0962,0.09455,0.0951,119340000,11380850.5,TQBR
2025-06-27,0.09525,0.0958,0.0946,0.09555,60670000,5775832.0,TQBR
2025-06-30,0.0954,0.1001,0.0954,0.099,406960000,39933318.5,TQBR
2025-07-01,0.09905,0.10255,0.09705,0.09885,485180000,48458171.5,TQBR
2025-07-02,0.099,0.09955,0.0963,0.09715,207270000,20194370.0,TQBR
2025-07-03,0.097,0.09735,0.0944,0.09555,143590000,13761096.5,TQBR
2025-07-04,0.096,0.0964,0.0941,0.09415,110330000,10493080.5,TQBR
2025-07-07,0.09455,0.0988,0.09375,0.09745,275510000,26643134.5,TQBR
2025-07-08,0.09715,0.0974,0.091,0.09485,503930000,47800121.0,TQBR
2025-07-09,0.0892,0.0935,0.0885,0.091,443350000,40328128.0,TQBR
2025-07-10,0.09145,0.0941,0.09105,0.093,215680000,19906415.0,TQBR
2025-07-11,0.0932,0.0979,0.092,0.0939,180160000,17037163.0,TQBR
2025-07-14,0.09405,0.0982,0.0934,0.09705,259670000,25015677.0,TQBR
2025-07-15,0.09675,0.098,0.09645,0.0974,85530000,8349741.5,TQBR
2025-07-16,0.0974,0.0991,0.0974,0.0982,99600000,9796826.5,TQBR
2025-07-17,0.09815,0.1009,0.09805,0.1,130630000,13055367.5,TQBR
2025-07-18,0.1006,0.1052,0.1006,0.1052,220280000,22600342.5,TQBR
2025-07-21,0.1048,0.1087,0.10155,0.10385,683550000,72260706.5,TQBR
2025-07-22,0.1039,0.1115,0.103,0.1064,407950000,43378494.5,TQBR
2025-07-23,0.1062,0.11435,0.1062,0.11305,662850000,74005656.5,TQBR
2025-07-24,0.1131,0.115,0.1093,0.11065,200440000,22474465.0,TQBR
2025-07-25,0.1107,0.11445,0.1092,0.11225,324460000,36588561.0,TQBR
2025-07-28,0.11225,0.11765,0.11025,0.11295,487690000,55446216.0,TQBR
2025-07-29,0.1131,0.1139,0.11025,0.11055,160870000,18062419.5,TQBR
2025-07-30,0.11085,0.11095,0.1072,0.1089,202260000,22003943.0,TQBR
2025-07-31,0.10855,0.1195,0.1083,0.11405,1141560000,130763451.0,TQBR
2025-08-01,0.11405,0.11995,0.1132,0.1193,538760000,63069427.5,TQBR
2025-08-04,0.12005,0.1254,0.12,0.1234,653980000,80500552.5,TQBR
2025-08-05,0.1235,0.1293,0.11995,0.1274,822360000,102830380.0,TQBR
2025-08-06,0.12735,0.1292,0.1222,0.1248,613030000,77223955.0,TQBR
2025-08-07,0.1255,0.12625,0.12285,0.1252,326910000,40782912.0,TQBR
2025-08-08,0.12575,0.12815,0.1225,0.1258,338060000,42407232.0,TQBR
2025-08-11,0.128,0.1285,0.12575,0.1284,246090000,31385347.5,TQBR
2025-08-12,0.1284,0.1295,0.12605,0.1283,156860000,20078868.5,TQBR
2025-08-13,0.12805,0.1287,0.1265,0.128,112800000,14415784.5,TQBR
2025-08-14,0.12755,0.12815,0.12485,0.127,185930000,23568910.0,TQBR
2025-08-15,0.12695,0.12825,0.1265,0.1279,92450000,11803943.0,TQBR
2025-08-18,0.127,0.1343,0.1249,0.1341,404860000,53019053.5,TQBR
2025-08-19,0.1341,0.136,0.1323,0.13595,338510000,45547387.5,TQBR
2025-08-20,0.136,0.136,0.1326,0.1346,265350000,35552341.5,TQBR
2025-08-21,0.1346,0.135,0.1286,0.12965,600420000,78227148.0,TQBR
2025-08-22,0.13005,0.13065,0.1288,0.1293,122120000,15845485.5,TQBR
2025-08-25,0.12975,0.1323,0.12595,0.13185,191720000,24846489.5,TQBR
2025-08-26,0.1321,0.1325,0.12905,0.1294,100420000,13128012.0,TQBR
2025-08-27,0.13075,0.13295,0.1272,0.12815,271810000,35250842.0,TQBR
2025-08-28,0.1288,0.131,0.1282,0.1284,173180000,22509369.0,TQBR
2025-08-29,0.12825,0.1292,0.126,0.1273,168750000,21478880.0,TQBR
2025-09-01,0.12605,0.1317,0.1251,0.1278,251780000,32379900.0,TQBR
2025-09-02,0.1278,0.1285,0.1258,0.12635,113090000,14352591.0,TQBR
2025-09-03,0.12635,0.1271,0.12515,0.1263,108420000,13674649.0,TQBR
2025-09-04,0.12645,0.1269,0.1249,0.12595,68340000,8602456.0,TQBR
2025-09-05,0.1259,0.1265,0.12325,0.1248,86860000,10862399.5,TQBR
2025-09-08,0.12515,0.1263,0.1226,0.1248,191960000,23947610.5,TQBR
2025-09-09,0.12505,0.1258,0.12315,0.12385,78220000,9702638.5,TQBR
2025-09-10,0.1239,0.12485,0.12335,0.1241,65410000,8117713.0,TQBR
2025-09-11,0.12435,0.12485,0.123,0.1234,61770000,7645357.5,TQBR
2025-09-12,0.124,0.12465,0.12125,0.1233,149420000,18377461.0,TQBR
2025-09-15,0.1231,0.12685,0.1216,0.12495,138720000,17150452.5,TQBR
2025-09-16,0.12585,0.12585,0.12375,0.12465,66750000,8315187.5,TQBR
2025-09-17,0.1252,0.12625,0.1212,0.12245,156700000,19361282.0,TQBR
2025-09-18,0.12325,0.12345,0.1216,0.12315,77330000,9473741.0,TQBR
2025-09-19,0.123,0.12435,0.11935,0.1197,122500000,14842608.5,TQBR
2025-09-22,0.1189,0.1192,0.11635,0.11835,141660000,16709914.5,TQBR
2025-09-23,0.11835,0.12075,0.11645,0.11785,118820000,14117357.5,TQBR
2025-09-24,0.11785,0.12635,0.116,0.1263,378300000,46255096.5,TQBR
2025-09-25,0.1265,0.12895,0.12415,0.12495,141280000,17835305.0,TQBR
2025-09-26,0.1252,0.1254,0.1224,0.12505,128020000,15851396.0,TQBR
2025-09-29,0.12505,0.1295,0.12505,0.12615,193400000,24694119.5,TQBR
2025-09-30,0.12635,0.12845,0.12565,0.12665,104170000,13279918.5,TQBR
2025-10-01,0.1266,0.12855,0.1229,0.1232,153970000,19353945.5,TQBR
2025-10-02,0.12365,0.12365,0.1195,0.1209,172630000,20853386.0,TQBR
2025-10-03,0.11995,0.12245,0.1162,0.11875,159470000,18998716.0,TQBR
2025-10-06,0.1185,0.12765,0.115,0.1229,338950000,40728178.0,TQBR
2025-10-07,0.124,0.12575,0.1209,0.12395,105430000,13046120.5,TQBR
2025-10-08,0.124,0.1255,0.1175,0.12045,174120000,21110548.5,TQBR
2025-10-09,0.121,0.128,0.1172,0.1186,439930000,53654009.0,TQBR
2025-10-10,0.1186,0.12,0.101,0.10715,1240830000,139206478.0,TQBR
2025-10-13,0.10775,0.10775,0.09475,0.1026,1732540000,175081511.0,TQBR
2025-10-14,0.103,0.10525,0.0961,0.09975,338530000,34153872.5,TQBR
2025-10-15,0.1,0.12125,0.09765,0.1134,1335870000,148821210.0,TQBR
2025-10-16,0.1136,0.1179,0.1125,0.11385,319100000,36595689.5,TQBR
2025-10-17,0.1139,0.11795,0.113,0.1154,199840000,23006849.5,TQBR
2025-10-20,0.11595,0.1218,0.11585,0.11785,278390000,33027483.0,TQBR
2025-10-21,0.1188,0.1192,0.1139,0.1151,192860000,22262259.5,TQBR
2025-10-22,0.1153,0.11645,0.1081,0.11275,202660000,22947064.0,TQBR
2025-10-23,0.1126,0.11355,0.11,0.1121,179460000,20063168.0,TQBR
2025-10-24,0.1108,0.11545,0.1093,0.1109,251930000,28149515.0,TQBR
2025-10-27,0.1101,0.1153,0.10705,0.1081,252410000,27681814.5,TQBR
2025-10-28,0.10955,0.112,0.10735,0.1112,94230000,10442174.0,TQBR
2025-10-29,0.111,0.11795,0.10915,0.1147,501160000,57136521.0,TQBR
2025-10-30,0.1145,0.11585,0.1139,0.11555,165520000,19008161.5,TQBR
2025-10-31,0.11485,0.1165,0.1148,0.11535,112150000,13000767.5,TQBR
2025-11-01,0.11505,0.11695,0.115,0.11585,74410000,8630307.0,TQBR
2025-11-03,0.116,0.1175,0.11595,0.1167,51620000,6028174.0,TQBR
2025-11-05,0.11705,0.1189,0.11565,0.11635,90880000,10621851.5,TQBR
2025-11-06,0.11675,0.11795,0.1152,0.11685,105890000,12354802.0,TQBR
2025-11-07,0.11625,0.118,0.11565,0.11665,93600000,10953754.0,TQBR
2025-11-10,0.1164,0.11945,0.11615,0.11825,105890000,12427198.0,TQBR
2025-11-11,0.1183,0.1232,0.1173,0.1213,244950000,29572820.5,TQBR
2025-11-12,0.12125,0.1236,0.11985,0.1219,126110000,15353393.0,TQBR
2025-11-13,0.12195,0.1229,0.1202,0.12245,101240000,12345644.5,TQBR
2025-11-14,0.12275,0.1235,0.12075,0.12205,96030000,11690292.0,TQBR
2025-11-17,0.12215,0.1244,0.119,0.1202,127090000,15419729.5,TQBR
2025-11-18,0.12015,0.1233,0.117,0.1203,125820000,15275485.5,TQBR
2025-11-19,0.1234,0.1236,0.1207,0.12145,110920000,13531671.5,TQBR
2025-11-20,0.1211,0.12245,0.121,0.1213,98320000,11984857.5,TQBR
2025-11-21,0.12215,0.12285,0.1207,0.12195,124770000,15192709.5,TQBR
2025-11-24,0.1221,0.1249,0.1214,0.1227,110680000,13576932.5,TQBR
2025-11-25,0.1227,0.12545,0.1226,0.12455,180450000,22371573.0,TQBR
2025-11-26,0.12635,0.1312,0.12405,0.1299,498060000,63851141.5,TQBR
2025-11-27,0.12965,0.133,0.1271,0.12805,317100000,41379663.0,TQBR
2025-11-28,0.13,0.1318,0.12725,0.1301,169650000,21996437.5,TQBR
2025-12-01,0.1301,0.1344,0.12905,0.1301,298300000,39211937.5,TQBR
2025-12-02,0.13005,0.1339,0.12915,0.1322,337290000,44580690.0,TQBR
2025-12-03,0.13195,0.1339,0.13015,0.1314,255350000,33654039.0,TQBR
2025-12-04,0.13075,0.13435,0.1307,0.1329,245190000,32649435.5,TQBR
2025-12-05,0.1328,0.1359,0.13245,0.1353,395630000,53251823.5,TQBR
2025-12-08,0.13525,0.139,0.1346,0.1389,458220000,63188107.0,TQBR
2025-12-09,0.13805,0.1403,0.1368,0.1399,350260000,48718874.5,TQBR
2025-12-10,0.1399,0.14135,0.1385,0.1406,290320000,40725880.5,TQBR
2025-12-11,0.14095,0.142,0.14045,0.1412,283650000,40046710.0,TQBR
2025-12-12,0.14125,0.14185,0.13655,0.1383,227430000,31736969.0,TQBR
2025-12-15,0.1385,0.142,0.1377,0.1406,155680000,21780511.0,TQBR
2025-12-16,0.1414,0.14195,0.14045,0.14115,89670000,12663568.0,TQBR
2025-12-17,0.1412,0.1437,0.135,0.1435,322310000,45393057.0,TQBR
2025-12-18,0.1441,0.14765,0.14265,0.145,184380000,26727028.0,TQBR
2025-12-19,0.14505,0.14665,0.14185,0.14485,210320000,30475564.5,TQBR
2025-12-22,0.145,0.15,0.1406,0.14285,336930000,48572082.5,TQBR
2025-12-23,0.1427,0.14575,0.1415,0.14325,183320000,26332492.0,TQBR
2025-12-24,0.1426,0.1453,0.14235,0.1429,155500000,22417433.5,TQBR
2025-12-25,0.1438,0.146,0.1396,0.146,178930000,25594907.5,TQBR
2025-12-26,0.145,0.1505,0.145,0.14835,272570000,40174770.5,TQBR
2025-12-29,0.1489,0.1562,0.1486,0.155,530310000,80719263.0,TQBR
2025-12-30,0.1541,0.15495,0.1525,0.15405,118190000,18171226.0,TQBR
2026-01-05,0.1559,0.1608,0.1539,0.1575,330050000,51833947.0,TQBR
2026-01-06,0.1579,0.16,0.15765,0.15945,315560000,50207548.5,TQBR
2026-01-08,0.1587,0.16075,0.1554,0.15795,287580000,45477827.5,TQBR
2026-01-09,0.1576,0.1581,0.156,0.1575,91050000,14282346.0,TQBR
2026-01-12,0.1574,0.15955,0.1504,0.15455,497470000,76287955.5,TQBR
2026-01-13,0.15455,0.15625,0.1475,0.14945,259360000,39143253.5,TQBR
2026-01-14,0.1502,0.15135,0.148,0.1497,166050000,24806306.5,TQBR
2026-01-15,0.15025,0.15565,0.1497,0.154,202170000,30937763.5,TQBR
2026-01-16,0.154,0.156,0.15335,0.156,178810000,27644530.0,TQBR
2026-01-19,0.156,0.16185,0.1532,0.15705,414840000,65156416.5,TQBR
2026-01-20,0.1582,0.1593,0.1566,0.15875,132210000,20910000.0,TQBR
2026-01-21,0.15945,0.15945,0.15655,0.15845,142350000,22473338.0,TQBR
2026-01-22,0.1585,0.16005,0.15465,0.1572,208860000,32999888.5,TQBR
2026-01-23,0.15655,0.1585,0.15525,0.1579,111070000,17455329.5,TQBR
2026-01-26,0.1573,0.15935,0.1563,0.1582,226880000,35855196.5,TQBR
2026-01-27,0.1588,0.1647,0.1576,0.16455,348480000,56102011.5,TQBR
2026-01-28,0.164,0.1649,0.1595,0.161,217280000,35103456.5,TQBR
2026-01-29,0.16165,0.1631,0.15315,0.1573,496260000,78545497.0,TQBR
2026-01-30,0.1572,0.1579,0.15,0.15515,419110000,64684937.0,TQBR
2026-02-02,0.15455,0.1648,0.1541,0.1648,494130000,78905008.5,TQBR
2026-02-03,0.164,0.164,0.1595,0.1612,254730000,41119290.0,TQBR
2026-02-04,0.1616,0.16185,0.1574,0.15795,186030000,29712877.0,TQBR
2026-02-05,0.15795,0.15875,0.15505,0.15835,134610000,21124135.0,TQBR
2026-02-06,0.15835,0.1615,0.1582,0.15885,105380000,16848849.0,TQBR
2026-02-09,0.15915,0.16125,0.15715,0.1581,107600000,17075641.0,TQBR
2026-02-10,0.15755,0.16005,0.1551,0.15625,88830000,14036932.0,TQBR
2026-02-11,0.15715,0.15755,0.15315,0.15485,154620000,24064586.5,TQBR
2026-02-12,0.15465,0.15635,0.1531,0.15445,150170000,23180785.5,TQBR
2026-02-13,0.15395,0.15795,0.1538,0.15735,123260000,19132641.0,TQBR
2026-02-16,0.15895,0.16875,0.15805,0.16635,1411870000,232884118.5,TQBR
2026-02-17,0.167,0.16835,0.16405,0.1664,242440000,40264510.5,TQBR
2026-02-18,0.1665,0.1677,0.1628,0.1661,232010000,38327893.5,TQBR
2026-02-19,0.16585,0.16745,0.16365,0.16475,169120000,28075727.5,TQBR
2026-02-20,0.1655,0.1668,0.1641,0.16635,106120000,17578331.0,TQBR
2026-02-24,0.165,0.16795,0.16465,0.16695,192200000,31966265.0,TQBR
2026-02-25,0.167,0.17295,0.167,0.17035,424570000,72306924.0,TQBR
2026-02-26,0.1718,0.1728,0.1655,0.1703,190590000,32266915.0,TQBR
2026-02-27,0.17015,0.1726,0.16895,0.1695,143760000,24501271.0,TQBR
2026-03-02,0.16995,0.17225,0.1661,0.16795,289000000,48663665.0,TQBR
2026-03-03,0.1677,0.1689,0.16425,0.16525,250100000,41473396.0,TQBR
2026-03-04,0.16525,0.1672,0.164,0.1665,144220000,23917610.0,TQBR
2026-03-05,0.1656,0.16655,0.16255,0.1638,204630000,33550669.5,TQBR
2026-03-06,0.16375,0.16535,0.1621,0.16305,122360000,20032639.0,TQBR
2026-03-09,0.16295,0.164,0.1581,0.16225,95030000,15396132.5,TQBR
2026-03-10,0.1631,0.1686,0.16275,0.1676,192690000,32089391.5,TQBR
2026-03-11,0.16825,0.16945,0.1658,0.16635,129310000,21715669.5,TQBR
2026-03-12,0.16655,0.167,0.16475,0.16645,59340000,9848549.0,TQBR
2026-03-13,0.16555,0.16885,0.16525,0.1654,120560000,20125239.5,TQBR
2026-03-16,0.16595,0.16955,0.16555,0.16625,129450000,21573434.0,TQBR
2026-03-17,0.16595,0.1715,0.16595,0.1715,338660000,57198017.5,TQBR
2026-03-18,0.17155,0.1732,0.16975,0.17125,186270000,31977803.0,TQBR
2026-03-19,0.17125,0.17205,0.16985,0.16985,133180000,22797161.0,TQBR
2026-03-20,0.1705,0.17315,0.1693,0.1725,87720000,15001045.5,TQBR
2026-03-23,0.173,0.17895,0.1727,0.17745,508430000,89210795.0,TQBR
2026-03-24,0.17705,0.179,0.1741,0.17745,140030000,24775198.0,TQBR
2026-03-25,0.17675,0.184,0.17635,0.18395,547650000,99198011.5,TQBR
2026-03-26,0.18395,0.18895,0.18005,0.18445,708150000,131557218.5,TQBR
2026-03-27,0.1844,0.1879,0.18015,0.18375,343710000,63139808.5,TQBR
2026-03-30,0.1838,0.18925,0.18375,0.18845,429820000,80545573.0,TQBR
2026-03-31,0.189,0.19375,0.1885,0.1932,535790000,102330951.5,TQBR
2026-04-01,0.1934,0.19925,0.19235,0.19925,805680000,158727072.5,TQBR
2026-04-02,0.19925,0.202,0.19445,0.20125,584570000,116501822.0,TQBR
2026-04-03,0.20125,0.2155,0.19445,0.2006,2317630000,476750308.0,TQBR
2026-04-06,0.2008,0.20735,0.1887,0.19685,2232940000,440558635.0,TQBR
2026-04-07,0.19685,0.20255,0.19545,0.1989,636470000,126937058.0,TQBR
2026-04-08,0.19995,0.2004,0.19575,0.197,175730000,34670285.5,TQBR
2026-04-09,0.197,0.19715,0.1919,0.19435,415490000,80702685.0,TQBR
2026-04-10,0.1943,0.1948,0.18615,0.1878,413530000,78322297.0,TQBR
2026-04-13,0.1881,0.19155,0.185,0.18655,445900000,83795500.5,TQBR
2026-04-14,0.18665,0.188,0.18125,0.18305,372390000,68117468.5,TQBR
2026-04-15,0.183,0.1967,0.1822,0.19145,398060000,75113497.0,TQBR
2026-04-16,0.19105,0.198,0.19065,0.1966,399150000,78130180.5,TQBR
2026-04-17,0.19745,0.201,0.1952,0.19985,359210000,71417185.5,TQBR
2026-04-20,0.1997,0.202,0.1933,0.197,475150000,94001487.0,TQBR
2026-04-21,0.1966,0.19845,0.1905,0.19545,320020000,62063543.0,TQBR
2026-04-22,0.1955,0.1973,0.19315,0.1939,127570000,24801027.0,TQBR
2026-04-23,0.1939,0.19685,0.1935,0.1957,147510000,28791648.0,TQBR
2026-04-24,0.19645,0.1978,0.193,0.19545,124990000,24399742.5,TQBR
2026-04-27,0.1954,0.1963,0.19125,0.1915,171090000,33074124.0,TQBR
2026-04-28,0.1915,0.19255,0.1882,0.19005,129310000,24601907.0,TQBR
2026-04-29,0.19095,0.1948,0.18565,0.1915,336110000,63814241.0,TQBR
2026-04-30,0.19355,0.1963,0.1852,0.18885,468630000,88399124.0,TQBR
2026-05-04,0.1904,0.19495,0.18455,0.1894,377360000,71852107.5,TQBR
2026-05-05,0.1903,0.1904,0.18545,0.18815,161430000,30255883.0,TQBR
2026-05-06,0.18825,0.1932,0.1875,0.18985,246930000,47030487.5,TQBR
2026-05-07,0.18955,0.19295,0.1872,0.1912,296700000,56465003.5,TQBR
2026-05-08,0.1912,0.19455,0.188,0.1897,405130000,77512819.5,TQBR
2026-05-11,0.191,0.19425,0.1904,0.1933,115660000,22321100.5,TQBR
2026-05-12,0.1937,0.201,0.1931,0.1999,330880000,65489304.0,TQBR
2026-05-13,0.19995,0.20415,0.1982,0.2001,325590000,65499696.5,TQBR
2026-05-14,0.2002,0.20065,0.19355,0.194,356270000,70108713.0,TQBR
2026-05-15,0.194,0.2039,0.192,0.1947,536110000,106189779.5,TQBR
2026-05-18,0.19585,0.1992,0.19425,0.1971,196580000,38765085.5,TQBR
2026-05-19,0.19765,0.1981,0.19325,0.19445,146240000,28659709.5,TQBR
2026-05-20,0.19445,0.19655,0.1931,0.19525,99760000,19395818.5,TQBR
2026-05-21,0.19585,0.19585,0.1895,0.1943,164770000,31807312.0,TQBR
2026-05-22,0.1943,0.19685,0.18675,0.1909,362690000,69377762.0,TQBR
2026-05-25,0.1911,0.1945,0.188,0.1895,191250000,36487119.0,TQBR
2026-05-26,0.18975,0.19105,0.18505,0.18755,189950000,35643196.0,TQBR
2026-05-27,0.18695,0.191,0.1861,0.19075,119440000,22464577.0,TQBR
2026-05-28,0.19095,0.1919,0.1855,0.1875,119300000,22473622.0,TQBR
2026-05-29,0.1874,0.1877,0.18315,0.1857,122680000,22701118.5,TQBR
2026-06-01,0.1845,0.208,0.184,0.20255,1860030000,372190993.5,TQBR
2026-06-02,0.203,0.215,0.20255,0.2079,1122450000,235118289.0,TQBR
2026-06-03,0.2079,0.2125,0.20575,0.21015,367430000,77270246.5,TQBR
2026-06-04,0.2104,0.213,0.20975,0.21155,213970000,45177265.0,TQBR
2026-06-05,0.21195,0.21195,0.20075,0.20735,266650000,55144034.5,TQBR
2026-06-08,0.20735,0.212,0.20555,0.2109,305060000,63816236.5,TQBR
2026-06-09,0.21,0.2109,0.20175,0.21055,294230000,60749299.5,TQBR
2026-06-10,0.20975,0.21175,0.207,0.20895,115660000,24214094.0,TQBR
2026-06-11,0.20895,0.21115,0.2086,0.20955,59910000,12575852.0,TQBR
2026-06-15,0.2096,0.22195,0.2096,0.2219,529890000,115173426.5,TQBR
2026-06-16,0.2215,0.2228,0.212,0.21705,318340000,69107740.0,TQBR
2026-06-17,0.21785,0.221,0.21425,0.2196,228700000,49830714.0,TQBR
2026-06-18,0.2212,0.2221,0.21625,0.21865,205290000,45000652.5,TQBR
2026-06-19,0.2189,0.2197,0.215,0.21655,174400000,37888297.5,TQBR
2026-06-22,0.2166,0.21895,0.19645,0.20085,654190000,134237934.0,TQBR
2026-06-23,0.2008,0.21985,0.19585,0.21525,529100000,110833833.0,TQBR
2026-06-24,0.2155,0.2177,0.205,0.21205,283070000,59694640.5,TQBR
2026-06-25,0.21225,0.2155,0.201,0.2045,231000000,47728988.0,TQBR
2026-06-26,0.206,0.2065,0.1941,0.1981,416980000,82557891.0,TQBR
2026-06-29,0.19915,0.2115,0.19815,0.209,362370000,73763809.0,TQBR
2026-06-30,0.2058,0.218,0.2058,0.21635,438370000,94396389.0,TQBR
2026-07-01,0.216,0.218,0.2094,0.21245,372130000,79767390.5,TQBR
2026-07-02,0.19035,0.2,0.19035,0.1952,796110000,155554275.5,TQBR
2026-07-03,0.1953,0.19615,0.1907,0.19205,133000000,25767812.5,TQBR
2026-07-06,0.19205,0.19345,0.1786,0.1828,419290000,78050544.0,TQBR
2026-07-07,0.1826,0.18325,0.1651,0.18205,685480000,118795013.5,TQBR
2026-07-08,0.1815,0.1846,0.173,0.1811,247280000,44132025.0,TQBR
2026-07-09,0.18175,0.1819,0.17705,0.1772,91340000,16295025.0,TQBR
2026-07-10,0.17715,0.1778,0.1674,0.1683,162800000,28136677.0,TQBR
2026-07-13,0.1683,0.17675,0.16605,0.17585,282790000,48417359.5,TQBR
2026-07-14,0.17595,0.1887,0.17515,0.1887,448430000,82179757.0,TQBR
2026-07-15,0.19,0.1939,0.1846,0.1877,474610000,89650205.5,TQBR
2026-07-16,0.1877,0.1877,0.1734,0.1734,451980000,81082414.5,TQBR
2026-07-17,0.173,0.1817,0.17,0.17225,251650000,44195990.5,TQBR
2026-07-20,0.1735,0.19145,0.171,0.18585,345520000,62233022.0,TQBR
2026-07-21,0.187,0.192,0.18305,0.18425,298010000,55674623.0,TQBR
2026-07-22,0.18425,0.18885,0.1792,0.18855,209890000,38900210.5,TQBR
2026-07-23,0.1882,0.1887,0.184,0.18465,120360000,22351151.5,TQBR
2026-07-24,0.1846,0.18825,0.1798,0.18705,318400000,58715870.5,TQBR
2026-07-27,0.1888,0.19455,0.18715,0.1933,379080000,72469884.0,TQBR
2026-07-28,0.19355,0.19895,0.1921,0.19575,355690000,69774734.0,TQBR
2026-07-29,0.19595,0.20695,0.19575,0.201,350260000,70268123.5,TQBR
2026-07-30,0.20255,0.20495,0.1962,0.2007,364840000,73551357.0,TQBR
2026-07-31,0.20075,0.20185,0.19715,0.19915,175530000,35049815.0,TQBR
2026-08-03,0.19925,0.20205,0.199,0.20005,136500000,27361297.5,TQBR
2026-08-04,0.20005,0.2017,0.1974,0.19955,188490000,37620405.5,TQBR
2026-08-05,0.2009,0.2049,0.1994,0.2048,139800000,28426061.0,TQBR
2026-08-06,0.20495,0.20495,0.201,0.20435,142260000,28914671.5,TQBR
2026-08-07,0.2043,0.2047,0.2032,0.2045,46740000,9532526.0,TQBR
2026-08-10,0.2045,0.21055,0.2045,0.21055,189700000,39462145.5,TQBR
2026-08-11,0.21065,0.218,0.21015,0.218,253970000,54704684.5,TQBR
2026-08-12,0.218,0.222,0.2139,0.21625,319160000,69859136.5,TQBR
2026-08-13,0.21625,0.2184,0.205,0.206,299610000,63145411.5,TQBR
2026-08-14,0.2051,0.21115,0.193,0.1976,385620000,77287291.5,TQBR
2026-08-17,0.1976,0.20505,0.189,0.20215,517150000,101069765.0,TQBR
2026-08-18,0.20585,0.20855,0.20205,0.20655,320290000,65729165.5,TQBR
2026-08-19,0.2067,0.2089,0.2021,0.206,91090000,18690807.5,TQBR
2026-08-20,0.20655,0.2095,0.1998,0.2007,171470000,34951062.5,TQBR
2026-08-21,0.20195,0.202,0.1975,0.20125,97600000,19512365.5,TQBR
2026-08-24,0.2012,0.20175,0.1952,0.19775,195410000,38688478.5,TQBR
2026-08-25,0.19775,0.2018,0.19735,0.19965,98370000,19622576.5,TQBR
2026-08-26,0.19965,0.19965,0.1938,0.1943,92570000,18225500.0,TQBR
2026-08-27,0.19485,0.197,0.193,0.19685,126940000,24781955.0,TQBR
2026-08-28,0.1968,0.198,0.19505,0.1964,64960000,12777055.0,TQBR
2026-08-31,0.1951,0.20055,0.1951,0.1992,134420000,26717297.0,TQBR
2026-09-01,0.20005,0.20205,0.196,0.19735,156230000,31225428.0,TQBR
2026-09-02,0.1985,0.19995,0.197,0.1995,64550000,12842594.0,TQBR
2026-09-03,0.199,0.20045,0.1976,0.1996,144770000,28877032.0,TQBR
2026-09-04,0.19995,0.19995,0.1962,0.19825,88170000,17482387.0,TQBR
