date,open,high,low,close,volume,value,board
2006-02-17,0.2,0.27,0.1,0.19,17735700,2435616.0,EQNE
2006-02-20,0.16,0.49,0.16,0.49,21171300,7691842.0,EQNE
2006-02-21,0.49,0.96,0.45,0.62,13115900,8804058.0,EQNE
2006-02-22,0.7,0.81,0.52,0.75,15095400,10757811.0,EQNE
2006-02-26,0.75,0.94,0.67,0.9,15032800,12722428.0,EQNE
2006-02-27,0.9,1.28,0.9,1.23,19057000,21469947.0,EQNE
2006-02-28,1.24,1.52,0.85,1.05,16545500,21045080.0,EQNE
2006-03-01,1.1,1.3,0.98,1.03,11967300,13283074.0,EQNE
2006-03-02,1.04,1.18,0.89,0.92,7916300,7764151.0,EQNE
2006-03-03,0.96,1.01,0.9,0.99,2496500,2403869.0,EQNE
2006-03-06,1.0,1.03,0.87,0.89,6084900,5602810.0,EQNE
2006-03-07,0.85,0.9,0.82,0.87,2156400,1858915.0,EQNE
2006-03-09,0.82,0.97,0.77,0.91,7619600,6549822.0,EQNE
2006-03-10,0.91,0.93,0.83,0.85,4888700,4224467.0,EQNE
2006-03-13,0.85,0.88,0.78,0.78,9938400,7952570.0,EQNE
2006-03-14,0.8,0.81,0.71,0.73,5376800,4079493.0,EQNE
2006-03-15,0.74,0.74,0.52,0.56,18584200,10494250.0,EQNE
2006-03-16,0.56,0.56,0.52,0.54,5183700,2772681.0,EQNE
2006-03-17,0.55,0.55,0.52,0.54,2381300,1264951.0,EQNE
2006-03-20,0.53,0.53,0.49,0.5,5130100,2625454.0,EQNE
2006-03-21,0.5,0.54,0.49,0.53,3670000,1920737.0,EQNE
2006-03-22,0.52,0.52,0.48,0.51,5543800,2784566.0,EQNE
2006-03-23,0.51,0.53,0.48,0.5,4459100,2236415.0,EQNE
2006-03-24,0.5,0.5,0.48,0.5,1764700,866792.0,EQNE
2006-03-27,0.49,0.49,0.44,0.45,11557300,5318738.0,EQNE
2006-03-28,0.46,0.46,0.38,0.4,28585700,11483460.0,EQNE
2006-03-29,0.4,0.49,0.38,0.4,74771500,30596925.0,EQNE
2006-03-30,0.4,0.42,0.36,0.38,12743700,4803411.0,EQNE
2006-03-31,0.38,0.38,0.35,0.37,6689700,2444707.0,EQNE
2006-04-03,0.37,0.38,0.34,0.37,19873000,7050275.0,EQNE
2006-04-04,0.38,0.38,0.34,0.36,11150800,3993025.0,EQNE
2006-04-05,0.36,0.36,0.34,0.34,7867400,2742073.0,EQNE
2006-04-06,0.34,0.36,0.33,0.35,10440400,3586292.0,EQNE
2006-04-07,0.34,0.35,0.34,0.35,2435900,848752.0,EQNE
2006-04-10,0.35,0.36,0.34,0.35,11533400,4033088.0,EQNE
2006-04-11,0.35,0.36,0.34,0.35,2151500,745415.0,EQNE
2006-04-12,0.34,0.35,0.32,0.33,10392200,3456174.0,EQNE
2006-04-13,0.34,0.35,0.32,0.34,3913700,1318930.0,EQNE
2006-04-14,0.34,0.35,0.33,0.34,1637000,555167.0,EQNE
2006-04-17,0.34,0.36,0.34,0.36,3099200,1076931.0,EQNE
2006-04-18,0.36,0.46,0.36,0.45,36166600,15180307.0,EQNE
2006-04-19,0.45,0.54,0.45,0.478,45635300,22697515.1,EQNE
2006-04-20,0.467,0.499,0.394,0.395,112626500,46316096.3,EQNE
2006-04-21,0.409,0.409,0.37,0.389,9780700,3798342.7,EQNE
2006-04-24,0.39,0.418,0.365,0.369,14601100,5672900.9,EQNE
2006-04-25,0.367,0.379,0.347,0.356,15206200,5436277.9,EQNE
2006-04-26,0.356,0.356,0.342,0.35,8280100,2875735.8,EQNE
2006-04-27,0.35,0.357,0.335,0.342,5615400,1912754.5,EQNE
2006-04-28,0.34,0.345,0.325,0.33,12791700,4241128.9,EQNE
2006-05-02,0.33,0.382,0.33,0.361,5280100,1908945.3,EQNE
2006-05-03,0.372,0.39,0.352,0.374,6080200,2280405.3,EQNE
2006-05-04,0.371,0.373,0.348,0.364,4801800,1711380.3,EQNE
2006-05-05,0.369,0.375,0.352,0.355,2294900,833646.3,EQNE
2006-05-06,0.364,0.365,0.351,0.364,828500,297157.5,EQNE
2006-05-10,0.353,0.374,0.348,0.35,2710300,963008.1,EQNE
2006-05-11,0.349,0.356,0.335,0.345,1662800,573266.5,EQNE
2006-05-12,0.338,0.34,0.327,0.34,1693000,562711.5,EQNE
2006-05-15,0.338,0.338,0.325,0.33,610300,201405.6,EQNE
2006-05-16,0.327,0.348,0.327,0.343,2518000,845512.8,EQNE
2006-05-17,0.348,0.348,0.326,0.33,3231800,1073136.7,EQNE
2006-05-18,0.325,0.335,0.318,0.328,3145900,1008022.3,EQNE
2006-05-19,0.329,0.33,0.313,0.324,2525000,801689.3,EQNE
2006-05-22,0.311,0.321,0.294,0.294,8208000,2494738.2,EQNE
2006-05-23,0.301,0.31,0.29,0.31,3487400,1033926.0,EQNE
2006-05-24,0.303,0.322,0.293,0.306,4222700,1301065.6,EQNE
2006-05-25,0.316,0.32,0.31,0.32,924000,289553.2,EQNE
2006-05-26,0.322,0.37,0.321,0.348,8940200,3159472.0,EQNE
2006-05-29,0.37,0.387,0.349,0.361,7995500,2906687.9,EQNE
2006-05-30,0.369,0.37,0.345,0.362,1666300,589183.4,EQNE
2006-05-31,0.338,0.358,0.337,0.353,2077400,721862.3,EQNE
2006-06-01,0.356,0.366,0.348,0.366,951800,336216.8,EQNE
2006-06-02,0.366,0.37,0.349,0.356,3394600,1191601.9,EQNE
2006-06-05,0.361,0.365,0.35,0.359,381900,136057.1,EQNE
2006-06-06,0.356,0.357,0.34,0.341,4309600,1485353.7,EQNE
2006-06-07,0.323,0.35,0.323,0.345,2309000,767937.7,EQNE
2006-06-08,0.329,0.344,0.329,0.33,2150200,711428.0,EQNE
2006-06-09,0.33,0.348,0.33,0.34,346000,117531.7,EQNE
2006-06-13,0.327,0.335,0.29,0.29,11328300,3416397.3,EQNE
2006-06-14,0.286,0.313,0.286,0.313,470700,140239.2,EQNE
2006-06-15,0.32,0.329,0.301,0.316,1564200,492628.7,EQNE
2006-06-16,0.316,0.34,0.3,0.308,673300,208771.3,EQNE
2006-06-19,0.308,0.322,0.308,0.31,550000,172265.3,EQNE
2006-06-20,0.314,0.32,0.302,0.32,150000,46460.0,EQNE
2006-06-21,0.32,0.337,0.295,0.307,899100,282416.5,EQNE
2006-06-22,0.31,0.312,0.301,0.301,240100,72387.9,EQNE
2006-06-23,0.301,0.307,0.291,0.299,678900,199440.4,EQNE
2006-06-26,0.297,0.298,0.297,0.298,12800,3806.6,EQNE
2006-06-27,0.3,0.304,0.298,0.3,352100,105257.5,EQNE
2006-06-28,0.304,0.312,0.298,0.305,318500,97063.5,EQNE
2006-06-29,0.317,0.317,0.29,0.306,1043000,311401.1,EQNE
2006-06-30,0.308,0.31,0.289,0.297,1333800,400286.8,EQNE
2006-07-03,0.301,0.301,0.292,0.296,6502100,1923487.6,EQNE
2006-07-04,0.292,0.296,0.288,0.293,1616000,469345.4,EQNE
2006-07-05,0.295,0.301,0.284,0.284,5884600,1701829.6,EQNE
2006-07-06,0.29,0.299,0.285,0.298,1639200,481581.8,EQNE
2006-07-07,0.3,0.3,0.294,0.298,610000,180303.6,EQNE
2006-07-10,0.296,0.3,0.284,0.288,834500,241963.0,EQNE
2006-07-11,0.29,0.295,0.287,0.292,454000,132104.9,EQNE
2006-07-12,0.294,0.296,0.284,0.292,2268800,654448.3,EQNE
2006-07-13,0.293,0.293,0.282,0.284,2517500,717194.8,EQNE
2006-07-14,0.286,0.287,0.28,0.281,1699300,477662.3,EQNE
2006-07-17,0.282,0.291,0.281,0.285,242800,68969.1,EQNE
2006-07-18,0.283,0.287,0.282,0.287,308100,87523.1,EQNE
2006-07-19,0.292,0.292,0.287,0.29,753200,217288.8,EQNE
2006-07-20,0.29,0.301,0.285,0.292,1953700,579808.0,EQNE
2006-07-21,0.3,0.3,0.288,0.291,1236100,359744.7,EQNE
2006-07-24,0.298,0.365,0.288,0.356,10153200,3406842.3,EQNE
2006-07-25,0.36,0.397,0.344,0.36,16914300,6410292.1,EQNE
2006-07-26,0.381,0.381,0.3,0.35,4391800,1561644.8,EQNE
2006-07-27,0.352,0.36,0.32,0.337,8415500,2885779.6,EQNE
2006-07-28,0.337,0.34,0.325,0.328,1540000,508930.0,EQNE
2006-07-31,0.332,0.332,0.32,0.326,767200,247472.2,EQNE
2006-08-01,0.327,0.33,0.32,0.325,1191600,386872.1,EQNE
2006-08-02,0.325,0.325,0.315,0.323,324600,104041.4,EQNE
2006-08-03,0.319,0.33,0.315,0.317,663700,213335.7,EQNE
2006-08-04,0.328,0.328,0.301,0.305,2938700,910433.2,EQNE
2006-08-07,0.305,0.345,0.299,0.335,6202600,2006567.4,EQNE
2006-08-08,0.343,0.352,0.329,0.337,3461300,1181334.4,EQNE
2006-08-09,0.344,0.35,0.332,0.35,5192000,1782055.1,EQNE
2006-08-10,0.351,0.353,0.336,0.337,4295000,1466225.9,EQNE
2006-08-11,0.345,0.345,0.32,0.339,5869500,1940012.3,EQNE
2006-08-14,0.34,0.345,0.332,0.332,1103700,372544.7,EQNE
2006-08-15,0.338,0.345,0.325,0.325,5261100,1754816.8,EQNE
2006-08-16,0.325,0.337,0.32,0.32,1806800,583183.7,EQNE
2006-08-17,0.32,0.329,0.313,0.321,1292100,415365.3,EQNE
2006-08-18,0.329,0.33,0.298,0.31,5592200,1735407.5,EQNE
2006-08-21,0.313,0.313,0.3,0.311,985400,303793.9,EQNE
2006-08-22,0.335,0.335,0.301,0.307,2570800,787490.2,EQNE
2006-08-23,0.307,0.318,0.303,0.308,8863800,2723311.9,EQNE
2006-08-24,0.305,0.315,0.305,0.309,1150100,355035.9,EQNE
2006-08-25,0.284,0.312,0.284,0.311,269700,83352.9,EQNE
2006-08-28,0.309,0.338,0.309,0.321,4370600,1406812.7,EQNE
2006-08-29,0.322,0.326,0.3,0.31,2911600,907925.6,EQNE
2006-08-30,0.314,0.35,0.304,0.34,12444900,4156039.0,EQNE
2006-08-31,0.34,0.355,0.335,0.35,18203700,6363127.3,EQNE
2006-09-01,0.353,0.355,0.325,0.333,9996400,3336634.7,EQNE
2006-09-04,0.34,0.355,0.332,0.346,5941700,2065492.0,EQNE
2006-09-05,0.348,0.35,0.336,0.338,4352400,1478074.0,EQNE
2006-09-06,0.343,0.345,0.324,0.325,9471300,3157248.7,EQNE
2006-09-07,0.325,0.326,0.306,0.315,10322100,3215893.2,EQNE
2006-09-08,0.309,0.321,0.309,0.315,2922900,924962.2,EQNE
2006-09-11,0.319,0.319,0.306,0.314,4085600,1273351.7,EQNE
2006-09-12,0.318,0.319,0.31,0.317,2719400,855556.2,EQNE
2006-09-13,0.315,0.322,0.315,0.321,3965600,1265910.5,EQNE
2006-09-14,0.32,0.325,0.318,0.32,744100,238329.7,EQNE
2006-09-15,0.318,0.327,0.31,0.322,3084200,985642.2,EQNE
2006-09-18,0.32,0.33,0.318,0.328,2073200,673864.0,EQNE
2006-09-19,0.322,0.327,0.321,0.326,773700,250097.8,EQNE
2006-09-20,0.326,0.326,0.31,0.324,1926600,611828.4,EQNE
2006-09-21,0.318,0.327,0.312,0.319,2358300,750618.1,EQNE
2006-09-22,0.315,0.32,0.31,0.314,3600900,1125618.7,EQNE
2006-09-25,0.303,0.314,0.303,0.308,3344900,1024827.6,EQNE
2006-09-26,0.31,0.317,0.301,0.31,10520700,3230850.6,EQNE
2006-09-27,0.313,0.321,0.304,0.311,3108100,982291.3,EQNE
2006-09-28,0.315,0.33,0.315,0.322,4825800,1554746.5,EQNE
2006-09-29,0.318,0.334,0.317,0.324,3900600,1273677.2,EQNE
2006-10-02,0.324,0.339,0.321,0.325,3045500,999352.2,EQNE
2006-10-03,0.317,0.321,0.314,0.316,1987600,632444.2,EQNE
2006-10-04,0.315,0.32,0.312,0.318,1056000,335930.0,EQNE
2006-10-05,0.33,0.33,0.32,0.322,2237500,725241.9,EQNE
2006-10-06,0.32,0.321,0.314,0.319,1154800,366785.7,EQNE
2006-10-09,0.316,0.325,0.314,0.321,2149300,688791.4,EQNE
2006-10-10,0.319,0.33,0.319,0.322,2577000,842828.7,EQNE
2006-10-11,0.321,0.325,0.32,0.322,342400,110288.4,EQNE
2006-10-12,0.325,0.334,0.318,0.318,1405300,450621.8,EQNE
2006-10-13,0.325,0.331,0.321,0.329,4861000,1583602.1,EQNE
2006-10-16,0.329,0.329,0.32,0.325,1158900,375220.5,EQNE
2006-10-17,0.325,0.326,0.32,0.322,2399200,772072.7,EQNE
2006-10-18,0.32,0.327,0.315,0.323,10968000,3514726.5,EQNE
2006-10-19,0.324,0.325,0.32,0.324,2935900,950068.0,EQNE
2006-10-20,0.325,0.325,0.318,0.32,2080100,666459.8,EQNE
2006-10-23,0.321,0.324,0.314,0.319,1201800,381807.1,EQNE
2006-10-24,0.321,0.341,0.317,0.339,13065600,4357216.1,EQNE
2006-10-25,0.341,0.343,0.33,0.331,3402600,1141580.8,EQNE
2006-10-26,0.334,0.334,0.326,0.331,1457900,478419.3,EQNE
2006-10-27,0.33,0.333,0.325,0.325,4592600,1505720.9,EQNE
2006-10-30,0.323,0.328,0.322,0.323,1869000,607300.8,EQNE
2006-10-31,0.321,0.327,0.318,0.327,1957100,632623.8,EQNE
2006-11-01,0.328,0.365,0.327,0.36,25636400,8895234.4,EQNE
2006-11-02,0.369,0.375,0.347,0.359,37890600,13636859.1,EQNE
2006-11-03,0.355,0.393,0.35,0.392,35020500,13176846.3,EQNE
2006-11-07,0.395,0.495,0.375,0.464,49675800,22267214.6,EQNE
2006-11-08,0.502,0.524,0.463,0.475,47492300,23589186.2,EQNE
2006-11-09,0.477,0.504,0.45,0.478,17510700,8480724.4,EQNE
2006-11-10,0.478,0.49,0.461,0.47,10091300,4825302.7,EQNE
2006-11-13,0.479,0.48,0.442,0.447,12842200,5909366.2,EQNE
2006-11-14,0.45,0.493,0.431,0.487,13549400,6304138.6,EQNE
2006-11-15,0.494,0.494,0.457,0.471,14228700,6712459.1,EQNE
2006-11-16,0.469,0.485,0.46,0.483,8836200,4175822.2,EQNE
2006-11-17,0.471,0.482,0.463,0.476,5065000,2406205.0,EQNE
2006-11-20,0.48,0.486,0.467,0.474,2584900,1221071.5,EQNE
2006-11-21,0.472,0.485,0.47,0.482,2406300,1138095.6,EQNE
2006-11-22,0.48,0.585,0.47,0.557,48644800,25833046.9,EQNE
2006-11-23,0.56,0.632,0.557,0.568,51581800,30345354.5,EQNE
2006-11-24,0.568,0.577,0.541,0.564,14660700,8177222.0,EQNE
2006-11-27,0.56,0.602,0.548,0.559,30483500,17353711.1,EQNE
2006-11-28,0.559,0.57,0.543,0.55,10127800,5615925.3,EQNE
2006-11-29,0.558,0.56,0.531,0.533,13426500,7312073.6,EQNE
2006-11-30,0.531,0.555,0.507,0.551,14037000,7513875.9,EQNE
2006-12-01,0.559,0.56,0.543,0.548,4888300,2696063.7,EQNE
2006-12-04,0.57,0.57,0.538,0.546,3939600,2151178.1,EQNE
2006-12-05,0.54,0.548,0.525,0.533,5746400,3064843.1,EQNE
2006-12-06,0.53,0.546,0.513,0.516,13972600,7288059.1,EQNE
2006-12-07,0.519,0.53,0.514,0.526,7006900,3656094.4,EQNE
2006-12-08,0.527,0.547,0.505,0.515,6832600,3518238.1,EQNE
2006-12-11,0.525,0.525,0.49,0.499,12948200,6465491.9,EQNE
2006-12-12,0.5,0.507,0.471,0.48,9004800,4396969.6,EQNE
2006-12-13,0.486,0.486,0.44,0.467,13523800,6165359.3,EQNE
2006-12-14,0.474,0.48,0.45,0.475,5294500,2468031.8,EQNE
2006-12-15,0.481,0.509,0.475,0.489,11833300,5809801.4,EQNE
2006-12-18,0.495,0.5,0.45,0.475,11758200,5528651.0,EQNE
2006-12-19,0.49,0.49,0.45,0.473,4569400,2139586.4,EQNE
2006-12-20,0.504,0.504,0.465,0.479,3717100,1762120.2,EQNE
2006-12-21,0.505,0.505,0.463,0.478,3023800,1425487.8,EQNE
2006-12-22,0.465,0.475,0.462,0.47,1495000,700835.1,EQNE
2006-12-25,0.474,0.477,0.46,0.463,1968400,921623.0,EQNE
2006-12-26,0.461,0.489,0.457,0.487,5483700,2602798.5,EQNE
2006-12-27,0.471,0.496,0.47,0.485,4932300,2390914.8,EQNE
2006-12-28,0.48,0.555,0.48,0.544,46650400,24216828.5,EQNE
2006-12-29,0.553,0.553,0.515,0.523,6842900,3600881.7,EQNE
2007-01-09,0.5,0.518,0.47,0.47,8336800,4083197.6,EQNE
2007-01-10,0.47,0.522,0.47,0.507,13779100,6886039.2,EQNE
2007-01-11,0.507,0.535,0.483,0.534,6748400,3502912.0,EQNE
2007-01-12,0.531,0.578,0.52,0.545,15701400,8633355.0,EQNE
2007-01-15,0.545,0.595,0.545,0.595,17045500,9825735.2,EQNE
2007-01-16,0.591,0.597,0.56,0.569,13329900,7689871.5,EQNE
2007-01-17,0.569,0.575,0.522,0.54,8291300,4542324.2,EQNE
2007-01-18,0.55,0.556,0.532,0.555,5470200,2978773.1,EQNE
2007-01-19,0.541,0.552,0.529,0.551,3706400,2005020.1,EQNE
2007-01-22,0.556,0.56,0.533,0.547,1155500,634228.8,EQNL
2007-01-23,0.535,0.55,0.51,0.548,3708400,1993032.5,EQNL
2007-01-24,0.55,0.55,0.5,0.52,10863500,5643305.5,EQNL
2007-01-25,0.505,0.533,0.505,0.53,3298600,1724893.5,EQNL
2007-01-26,0.528,0.544,0.528,0.536,7804300,4185129.7,EQNL
2007-01-29,0.53,0.54,0.515,0.523,3218100,1697827.5,EQNL
2007-01-30,0.517,0.539,0.517,0.53,4779000,2520707.1,EQNL
2007-01-31,0.535,0.543,0.52,0.528,3785100,2016446.4,EQNL
2007-02-01,0.52,0.57,0.52,0.547,15503500,8398684.6,EQNL
2007-02-02,0.552,0.569,0.547,0.557,3296100,1823044.2,EQNL
2007-02-05,0.559,0.585,0.538,0.562,8715300,4870659.9,EQNL
2007-02-06,0.589,0.589,0.566,0.578,13834600,7987992.6,EQNL
2007-02-07,0.579,0.585,0.54,0.551,10568700,5907427.9,EQNL
2007-02-08,0.551,0.565,0.53,0.565,7607300,4174952.6,EQNL
2007-02-09,0.557,0.595,0.557,0.593,15492100,8997647.9,EQNL
2007-02-12,0.595,0.74,0.595,0.664,39990900,26206153.4,EQNL
2007-02-13,0.66,0.664,0.629,0.641,9123000,5880279.4,EQNL
2007-02-14,0.64,0.703,0.612,0.68,17450600,11553917.8,EQNL
2007-02-15,0.68,0.71,0.65,0.664,10142800,6860530.4,EQNL
2007-02-16,0.669,0.695,0.647,0.69,6140200,4117115.0,EQNL
2007-02-19,0.699,0.717,0.672,0.71,18229600,12841222.9,EQNL
2007-02-20,0.71,0.72,0.69,0.701,6595200,4654127.1,EQNL
2007-02-21,0.702,0.707,0.676,0.689,4275600,2934075.0,EQNL
2007-02-22,0.682,0.697,0.67,0.69,7754000,5321051.8,EQNL
2007-02-26,0.686,0.697,0.677,0.696,3218000,2207497.0,EQNL
2007-02-27,0.699,0.699,0.631,0.67,3849500,2576890.2,EQNL
2007-02-28,0.664,0.664,0.61,0.647,7499200,4705507.7,EQNL
2007-03-01,0.626,0.7,0.551,0.599,20885000,13216227.9,EQNL
2007-03-02,0.63,0.63,0.555,0.597,8197800,4837453.5,EQNL
2007-03-05,0.586,0.586,0.5,0.549,23368900,12219556.0,EQNL
2007-03-06,0.545,0.582,0.542,0.582,14728100,8281811.8,EQNL
2007-03-07,0.584,0.595,0.571,0.589,2529100,1481409.8,EQNL
2007-03-09,0.594,0.609,0.566,0.594,2839200,1676577.5,EQNL
2007-03-12,0.599,0.617,0.581,0.596,11981300,7108953.6,EQNL
2007-03-13,0.591,0.61,0.585,0.595,6249500,3721849.4,EQNL
2007-03-14,0.576,0.589,0.54,0.589,8291200,4662434.3,EQNL
2007-03-15,0.588,0.6,0.569,0.587,1824100,1069975.4,EQNL
2007-03-16,0.6,0.6,0.573,0.581,1070000,627644.9,EQNL
2007-03-19,0.591,0.599,0.581,0.59,2024900,1193296.2,EQNL
2007-03-20,0.6,0.6,0.575,0.576,1763400,1028017.8,EQNL
2007-03-21,0.578,0.605,0.576,0.605,7184400,4295406.9,EQNL
2007-03-22,0.608,0.629,0.58,0.61,9146100,5502569.7,EQNL
2007-03-23,0.61,0.61,0.596,0.608,2737200,1646260.0,EQNL
2007-03-26,0.63,0.63,0.581,0.595,3583100,2115907.5,EQNL
2007-03-27,0.592,0.594,0.58,0.585,1861800,1089141.2,EQNL
2007-03-28,0.585,0.595,0.57,0.587,6871800,4024746.8,EQNL
2007-03-29,0.582,0.599,0.577,0.586,4975000,2918296.8,EQNL
2007-03-30,0.582,0.6,0.571,0.587,7245000,4250744.1,EQNL
2007-04-02,0.582,0.595,0.58,0.59,3252100,1917377.0,EQNL
2007-04-03,0.586,0.607,0.586,0.602,12630800,7562749.2,EQNL
2007-04-04,0.603,0.604,0.586,0.597,10155700,6070084.7,EQNL
2007-04-05,0.598,0.598,0.584,0.59,1461000,859735.3,EQNL
2007-04-06,0.593,0.6,0.583,0.598,3811600,2252484.7,EQNL
2007-04-09,0.588,0.604,0.585,0.595,7745100,4576261.2,EQNL
2007-04-10,0.595,0.611,0.582,0.609,5460400,3278146.2,EQNL
2007-04-11,0.609,0.627,0.6,0.623,5282100,3257060.5,EQNL
2007-04-12,0.612,0.629,0.6,0.621,5104700,3145050.2,EQNL
2007-04-13,0.625,0.628,0.61,0.61,5501800,3386901.5,EQNL
2007-04-16,0.608,0.614,0.596,0.607,5444900,3283405.3,EQNL
2007-04-17,0.603,0.603,0.586,0.593,4378900,2587760.3,EQNL
2007-04-18,0.593,0.598,0.587,0.598,3988100,2362621.6,EQNL
2007-04-19,0.586,0.586,0.56,0.583,2688600,1530409.3,EQNL
2007-04-20,0.585,0.593,0.584,0.593,821400,481999.6,EQNL
2007-04-23,0.594,0.6,0.579,0.589,1986300,1167807.7,EQNL
2007-04-24,0.586,0.589,0.57,0.583,4118200,2385587.7,EQNL
2007-04-25,0.571,0.59,0.57,0.59,2011400,1171524.8,EQNL
2007-04-26,0.591,0.591,0.574,0.58,1325200,763650.1,EQNL
2007-04-27,0.576,0.576,0.56,0.56,3062500,1751229.5,EQNL
2007-04-28,0.568,0.572,0.56,0.565,1005500,569296.6,EQNL
2007-05-02,0.565,0.565,0.55,0.554,3057000,1690295.9,EQNL
2007-05-03,0.557,0.563,0.55,0.55,1510400,836146.3,EQNL
2007-05-04,0.555,0.555,0.545,0.551,1888800,1041473.0,EQNL
2007-05-07,0.556,0.558,0.54,0.541,3331500,1823406.5,EQNL
2007-05-08,0.54,0.549,0.539,0.545,1046200,570617.3,EQNL
2007-05-10,0.546,0.563,0.541,0.558,2549300,1407161.1,EQNL
2007-05-11,0.551,0.563,0.545,0.56,3291000,1817851.0,EQNL
2007-05-14,0.56,0.584,0.558,0.583,4315900,2494134.6,EQNL
2007-05-15,0.582,0.583,0.556,0.583,60333300,34611631.2,EQNL
2007-05-16,0.577,0.597,0.57,0.597,15294800,8939900.9,EQNL
2007-05-17,0.586,0.589,0.575,0.578,6316900,3697210.2,EQNL
2007-05-18,0.572,0.589,0.572,0.589,885600,515641.0,EQNL
2007-05-21,0.581,0.6,0.578,0.6,897300,530620.7,EQNL
2007-05-22,0.595,0.605,0.582,0.592,900200,533958.2,EQNL
2007-05-23,0.598,0.679,0.585,0.625,19919000,12623230.5,EQNL
2007-05-24,0.628,0.633,0.59,0.604,7121000,4266135.8,EQNL
2007-05-25,0.59,0.605,0.567,0.589,6833100,4027902.1,EQNL
2007-05-28,0.594,0.594,0.561,0.569,4317100,2464430.3,EQNL
2007-05-29,0.557,0.574,0.544,0.554,2915400,1609327.9,EQNL
2007-05-30,0.53,0.55,0.53,0.543,2060400,1093304.4,EQNL
2007-05-31,0.546,0.565,0.536,0.565,2302700,1268042.6,EQNL
2007-06-01,0.56,0.675,0.551,0.592,7054200,4144146.3,EQNL
2007-06-04,0.574,0.588,0.57,0.586,868500,503098.3,EQNL
2007-06-05,0.589,0.612,0.567,0.572,2409200,1391846.6,EQNL
2007-06-06,0.584,0.589,0.57,0.58,904900,521268.5,EQNL
2007-06-07,0.582,0.582,0.563,0.573,1282100,733723.2,EQNL
2007-06-08,0.562,0.574,0.56,0.563,5090600,2866868.5,EQNL
2007-06-09,0.574,0.574,0.562,0.57,3720700,2116403.5,EQNL
2007-06-13,0.574,0.595,0.555,0.586,3406800,1957694.2,EQNL
2007-06-14,0.588,0.588,0.567,0.571,874000,502564.8,EQNL
2007-06-15,0.579,0.584,0.552,0.576,4306900,2443518.0,EQNL
2007-06-18,0.57,0.58,0.555,0.58,2538900,1442318.8,EQNL
2007-06-19,0.578,0.624,0.578,0.595,23249800,14076640.0,EQNL
2007-06-20,0.597,0.62,0.595,0.608,5619100,3404510.9,EQNL
2007-06-21,0.6,0.615,0.6,0.607,6275500,3801018.5,EQNL
2007-06-22,0.609,0.634,0.608,0.62,11223200,6952744.1,EQNL
2007-06-25,0.615,0.63,0.61,0.61,3224200,1992406.4,EQNL
2007-06-26,0.606,0.624,0.597,0.598,5422800,3256803.8,EQNL
2007-06-27,0.596,0.605,0.595,0.595,2226200,1332820.6,EQNL
2007-06-28,0.603,0.619,0.595,0.61,1001700,609121.3,EQNL
2007-06-29,0.618,0.625,0.595,0.608,859000,521280.4,EQNL
2007-07-02,0.609,0.614,0.586,0.594,4039700,2426227.9,EQNL
2007-07-03,0.598,0.6,0.587,0.592,8285000,4904011.6,EQNL
2007-07-04,0.597,0.599,0.585,0.587,1591400,933212.3,EQNL
2007-07-05,0.593,0.599,0.581,0.591,10737800,6313032.1,EQNL
2007-07-06,0.588,0.609,0.588,0.6,9593000,5731642.5,EQNL
2007-07-09,0.599,0.617,0.596,0.609,24059100,14453098.8,EQNL
2007-07-10,0.598,0.609,0.591,0.594,5770900,3459501.6,EQNL
2007-07-11,0.6,0.66,0.589,0.631,39769800,24722899.1,EQNL
2007-07-12,0.63,0.675,0.622,0.631,210645300,133689539.6,EQNL
2007-07-13,0.64,0.663,0.64,0.651,35357200,22955638.4,EQNL
2007-07-16,0.658,0.663,0.647,0.66,15170100,9921868.4,EQNL
2007-07-17,0.661,0.661,0.64,0.657,3776200,2450460.9,EQNL
2007-07-18,0.657,0.657,0.642,0.649,1071900,693049.7,EQNL
2007-07-19,0.644,0.661,0.644,0.658,4594700,3003376.3,EQNL
2007-07-20,0.653,0.658,0.645,0.651,2196500,1427895.1,EQNL
2007-07-23,0.649,0.728,0.649,0.714,22511000,15881015.7,EQNL
2007-07-24,0.717,0.719,0.66,0.689,36508400,24806864.8,EQNL
2007-07-25,0.68,0.685,0.66,0.683,6287000,4223042.8,EQNL
2007-07-26,0.685,0.691,0.645,0.653,13110500,8610292.6,EQNL
2007-07-27,0.644,0.66,0.638,0.653,7214100,4683519.1,EQNL
2007-07-30,0.655,0.663,0.64,0.66,1497800,980336.5,EQNL
2007-07-31,0.66,0.669,0.65,0.667,2182600,1440930.7,EQNL
2007-08-01,0.656,0.656,0.625,0.639,1187100,765332.6,EQNL
2007-08-02,0.64,0.721,0.625,0.671,7483800,5026368.1,EQNL
2007-08-03,0.671,0.682,0.65,0.675,863800,575332.7,EQNL
2007-08-06,0.666,0.679,0.66,0.67,974300,650771.9,EQNL
2007-08-07,0.672,0.7,0.666,0.688,3319200,2263079.7,EQNL
2007-08-08,0.692,0.699,0.673,0.69,1621300,1117945.4,EQNL
2007-08-09,0.691,0.705,0.679,0.69,11412500,7915935.2,EQNL
2007-08-10,0.684,0.715,0.676,0.7,24603900,17116302.5,EQNL
2007-08-13,0.699,0.71,0.685,0.7,2082200,1448925.1,EQNL
2007-08-14,0.69,0.699,0.68,0.69,11840700,8182148.6,EQNL
2007-08-15,0.682,0.689,0.662,0.688,2264400,1540686.7,EQNL
2007-08-16,0.684,0.7,0.65,0.656,7577700,5022015.8,EQNL
2007-08-17,0.664,0.665,0.635,0.642,5488600,3597881.6,EQNL
2007-08-20,0.663,0.669,0.65,0.669,772700,512596.2,EQNL
2007-08-21,0.673,0.673,0.64,0.669,810900,533857.4,EQNL
2007-08-22,0.665,0.669,0.651,0.668,768800,508528.2,EQNL
2007-08-23,0.669,0.669,0.658,0.665,777500,515380.7,EQNL
2007-08-24,0.669,0.669,0.649,0.65,773800,504018.0,EQNL
2007-08-27,0.659,0.659,0.648,0.654,933200,607225.4,EQNL
2007-08-28,0.657,0.658,0.64,0.648,10427600,6776874.5,EQNL
2007-08-29,0.646,0.659,0.634,0.65,6424200,4145869.7,EQNL
2007-08-30,0.655,0.655,0.607,0.629,6459900,4185642.2,EQNL
2007-08-31,0.631,0.643,0.631,0.64,772200,495016.5,EQNL
2007-09-03,0.634,0.649,0.633,0.645,10436900,6724859.5,EQNL
2007-09-04,0.638,0.643,0.633,0.643,5210700,3308622.1,EQNL
2007-09-05,0.634,0.635,0.63,0.63,7484700,4743390.7,EQNL
2007-09-06,0.633,0.633,0.616,0.624,836700,520378.9,EQNL
2007-09-07,0.625,0.642,0.618,0.618,5666900,3565179.1,EQNL
2007-09-10,0.622,0.628,0.612,0.614,1761200,1097428.5,EQNL
2007-09-11,0.617,0.625,0.613,0.621,2327600,1447824.4,EQNL
2007-09-12,0.62,0.624,0.59,0.6,1798300,1093114.9,EQNL
2007-09-13,0.603,0.605,0.582,0.587,1580600,927918.8,EQNL
2007-09-14,0.59,0.592,0.57,0.576,1644800,954524.4,EQNL
2007-09-17,0.579,0.582,0.556,0.567,3765000,2105496.9,EQNL
2007-09-18,0.568,0.588,0.55,0.572,1936400,1111247.4,EQNL
2007-09-19,0.59,0.59,0.567,0.567,1323600,761632.2,EQNL
2007-09-20,0.567,0.576,0.551,0.557,918300,515969.8,EQNL
2007-09-21,0.567,0.567,0.54,0.551,2460200,1342516.9,EQNL
2007-09-24,0.572,0.572,0.541,0.546,1822100,999415.1,EQNL
2007-09-25,0.541,0.544,0.51,0.529,7592800,4036608.6,EQNL
2007-09-26,0.524,0.569,0.524,0.568,2813100,1522526.4,EQNL
2007-09-27,0.57,0.585,0.542,0.559,7402000,4144777.5,EQNL
2007-09-28,0.561,0.573,0.541,0.546,1940200,1068758.1,EQNL
2007-10-01,0.555,0.555,0.53,0.53,1943900,1045767.6,EQNL
2007-10-02,0.536,0.547,0.525,0.539,3626700,1941362.0,EQNL
2007-10-03,0.543,0.545,0.528,0.536,1007300,536386.8,EQNL
2007-10-04,0.537,0.564,0.53,0.545,16239600,8892071.5,EQNL
2007-10-05,0.552,0.554,0.538,0.548,3940900,2144305.3,EQNL
2007-10-08,0.555,0.563,0.54,0.548,11385700,6197414.7,EQNL
2007-10-09,0.541,0.55,0.538,0.543,1032600,561594.9,EQNL
2007-10-10,0.545,0.55,0.533,0.54,3987700,2152040.8,EQNL
2007-10-11,0.547,0.558,0.531,0.555,2142200,1166208.8,EQNL
2007-10-12,0.541,0.55,0.54,0.54,3111100,1684018.0,EQNL
2007-10-15,0.545,0.545,0.533,0.543,8265400,4454263.9,EQNL
2007-10-16,0.536,0.544,0.533,0.544,2232000,1202454.0,EQNL
2007-10-17,0.543,0.544,0.531,0.539,1248000,668910.8,EQNL
2007-10-18,0.536,0.538,0.53,0.53,1381100,736600.1,EQNL
2007-10-19,0.534,0.54,0.533,0.536,5812000,3110585.0,EQNL
2007-10-22,0.54,0.54,0.52,0.525,2098700,1096212.9,EQNL
2007-10-23,0.533,0.535,0.518,0.52,7402900,3852846.5,EQNL
2007-10-24,0.526,0.528,0.501,0.519,1664300,862650.3,EQNL
2007-10-25,0.513,0.521,0.509,0.52,4901200,2524574.0,EQNL
2007-10-26,0.504,0.52,0.504,0.519,8163100,4202988.4,EQNL
2007-10-29,0.52,0.52,0.499,0.506,9921500,5003229.1,EQNL
2007-10-30,0.506,0.506,0.497,0.5,2207500,1104701.9,EQNL
2007-10-31,0.501,0.501,0.489,0.494,4298800,2114368.3,EQNL
2007-11-01,0.501,0.501,0.47,0.488,9084100,4409486.1,EQNL
2007-11-02,0.489,0.489,0.465,0.477,6084900,2879475.1,EQNL
2007-11-06,0.471,0.487,0.47,0.486,4744600,2263600.5,EQNL
2007-11-07,0.481,0.486,0.471,0.475,1930500,915934.3,EQNL
2007-11-08,0.476,0.476,0.45,0.465,21006700,9570534.3,EQNL
2007-11-09,0.466,0.468,0.448,0.452,3451300,1567312.4,EQNL
2007-11-12,0.451,0.451,0.434,0.439,4957300,2179853.5,EQNL
2007-11-13,0.441,0.441,0.428,0.434,4449200,1929444.5,EQNL
2007-11-14,0.435,0.44,0.421,0.428,2719500,1164739.1,EQNL
2007-11-15,0.429,0.464,0.42,0.464,6870800,3081242.4,EQNL
2007-11-16,0.454,0.51,0.454,0.466,17913200,8705830.5,EQNL
2007-11-19,0.47,0.476,0.457,0.465,13660400,6354838.6,EQNL
2007-11-20,0.457,0.474,0.44,0.445,3976500,1781143.3,EQNL
2007-11-21,0.451,0.46,0.441,0.445,2063200,923988.0,EQNL
2007-11-22,0.455,0.457,0.442,0.45,551600,247320.3,EQNL
2007-11-23,0.442,0.453,0.441,0.446,3428600,1533981.9,EQNL
2007-11-26,0.452,0.468,0.441,0.446,2122400,948331.2,EQNL
2007-11-27,0.45,0.45,0.43,0.442,695600,306285.2,EQNL
2007-11-28,0.429,0.443,0.425,0.437,2878800,1254346.4,EQNL
2007-11-29,0.442,0.449,0.434,0.442,1763300,771082.7,EQNL
2007-11-30,0.445,0.45,0.438,0.45,1471900,655538.3,EQNL
2007-12-03,0.449,0.458,0.449,0.457,1970800,891888.3,EQNL
2007-12-04,0.454,0.496,0.448,0.481,6103300,2895023.2,EQNL
2007-12-05,0.477,0.484,0.468,0.472,6167900,2923177.1,EQNL
2007-12-06,0.452,0.477,0.452,0.469,5738600,2677122.5,EQNL
2007-12-07,0.47,0.483,0.463,0.479,2597900,1237778.3,EQNL
2007-12-10,0.48,0.485,0.467,0.475,11597300,5514185.6,EQNL
2007-12-11,0.477,0.487,0.464,0.475,22757400,10742132.7,EQNL
2007-12-12,0.475,0.481,0.472,0.475,12942500,6178913.0,EQNL
2007-12-13,0.479,0.479,0.468,0.474,6906400,3245965.8,EQNL
2007-12-14,0.478,0.478,0.465,0.469,9135900,4292650.8,EQNL
2007-12-17,0.473,0.473,0.466,0.469,1196200,560723.0,EQNL
2007-12-18,0.468,0.469,0.454,0.455,3840200,1764597.6,EQNL
2007-12-19,0.462,0.467,0.45,0.456,6257900,2856552.6,EQNL
2007-12-20,0.457,0.465,0.45,0.45,5796600,2635467.7,EQNL
2007-12-21,0.459,0.459,0.445,0.449,1485400,669052.2,EQNL
2007-12-24,0.452,0.456,0.44,0.444,5838200,2619567.3,EQNL
2007-12-25,0.44,0.449,0.435,0.444,4467200,1968795.4,EQNL
2007-12-26,0.441,0.449,0.435,0.443,3303000,1455823.8,EQNL
2007-12-27,0.444,0.445,0.439,0.442,2705100,1190467.1,EQNL
2007-12-28,0.44,0.444,0.438,0.443,2150800,948615.5,EQNL
2008-01-09,0.443,0.447,0.42,0.435,2369100,1031350.8,EQNL
2008-01-10,0.433,0.465,0.43,0.45,6545800,2903976.5,EQNL
2008-01-11,0.45,0.487,0.447,0.48,24058200,11403701.0,EQNL
2008-01-14,0.488,0.515,0.482,0.509,23172300,11667516.1,EQNL
2008-01-15,0.514,0.568,0.514,0.545,45551500,24695651.9,EQNL
2008-01-16,0.543,0.57,0.524,0.549,35140500,19360690.9,EQNL
2008-01-17,0.549,0.595,0.545,0.565,39183900,22446502.3,EQNL
2008-01-18,0.563,0.588,0.525,0.562,33604700,18615641.0,EQNL
2008-01-21,0.569,0.569,0.517,0.535,27602600,15015251.7,EQNL
2008-01-22,0.526,0.526,0.421,0.5,17659600,8792595.4,EQNL
2008-01-23,0.5,0.539,0.467,0.479,11207200,5698862.2,EQNL
2008-01-24,0.509,0.518,0.481,0.511,7060600,3547251.9,EQNL
2008-01-25,0.521,0.527,0.5,0.514,7546200,3850551.6,EQNL
2008-01-28,0.5,0.504,0.48,0.497,4414900,2178153.3,EQNL
2008-01-29,0.516,0.516,0.49,0.503,2474000,1232479.7,EQNL
2008-01-30,0.51,0.623,0.49,0.585,109448500,65085988.6,EQNL
2008-01-31,0.591,0.743,0.591,0.711,175230900,123715923.5,EQNL
2008-02-01,0.725,0.79,0.67,0.696,100684900,73641859.1,EQNL
2008-02-04,0.71,0.71,0.63,0.644,85433800,56081888.4,EQNL
2008-02-05,0.613,0.665,0.613,0.64,30896000,19978441.8,EQNL
2008-02-06,0.607,0.643,0.607,0.64,27805900,17411575.9,EQNL
2008-02-07,0.662,0.687,0.61,0.631,46472000,30297180.6,EQNL
2008-02-08,0.64,0.647,0.622,0.641,5769600,3666754.0,EQNL
2008-02-11,0.647,0.66,0.621,0.653,13264600,8530375.5,EQNL
2008-02-12,0.608,0.665,0.608,0.656,14188900,9261269.1,EQNL
2008-02-13,0.645,0.66,0.643,0.655,4314500,2819849.5,EQNL
2008-02-14,0.678,0.678,0.63,0.642,13247300,8608739.3,EQNL
2008-02-15,0.635,0.649,0.611,0.629,15977300,9924151.0,EQNL
2008-02-18,0.644,0.644,0.602,0.615,14756700,9044075.8,EQNL
2008-02-19,0.617,0.63,0.55,0.62,17815500,10903514.4,EQNL
2008-02-20,0.586,0.628,0.586,0.602,12632800,7600103.4,EQNL
2008-02-21,0.609,0.616,0.603,0.613,5409700,3306207.5,EQNL
2008-02-22,0.615,0.619,0.591,0.609,5555600,3351719.3,EQNL
2008-02-26,0.61,0.61,0.6,0.603,4304000,2605000.5,EQNL
2008-02-27,0.592,0.609,0.571,0.571,22191000,12949069.1,EQNL
2008-02-28,0.562,0.591,0.559,0.588,13820500,7934618.9,EQNL
2008-02-29,0.599,0.599,0.56,0.57,9674800,5563256.8,EQNL
2008-03-03,0.573,0.573,0.557,0.567,3843100,2161914.8,EQNL
2008-03-04,0.568,0.585,0.556,0.579,6349200,3623402.2,EQNL
2008-03-05,0.585,0.585,0.57,0.574,2900500,1660396.6,EQNL
2008-03-06,0.584,0.613,0.576,0.599,28086600,16780764.2,EQNL
2008-03-07,0.6,0.61,0.585,0.597,17724100,10628679.3,EQNL
2008-03-11,0.6,0.6,0.585,0.594,3145900,1867744.4,EQNL
2008-03-12,0.625,0.625,0.582,0.59,5919800,3525801.4,EQNL
2008-03-13,0.59,0.635,0.59,0.599,40059600,24456843.7,EQNL
2008-03-14,0.6,0.62,0.596,0.607,22583000,13779280.2,EQNL
2008-03-17,0.592,0.637,0.573,0.615,41453300,25119931.6,EQNL
2008-03-18,0.634,0.644,0.61,0.626,37447900,23485115.3,EQNL
2008-03-19,0.629,0.636,0.61,0.628,9021100,5616861.0,EQNL
2008-03-20,0.64,0.64,0.612,0.624,18451900,11436123.7,EQNL
2008-03-21,0.629,0.629,0.619,0.623,7854900,4877888.0,EQNL
2008-03-24,0.623,0.629,0.604,0.612,3991900,2453712.0,EQNL
2008-03-25,0.613,0.615,0.6,0.607,4437400,2679639.8,EQNL
2008-03-26,0.611,0.611,0.592,0.6,4940900,2965474.9,EQNL
2008-03-27,0.6,0.601,0.59,0.59,3063600,1818018.7,EQNL
2008-03-28,0.59,0.6,0.58,0.589,4959500,2923853.1,EQNL
2008-03-31,0.582,0.604,0.57,0.59,1356200,806851.4,EQNL
2008-04-01,0.598,0.599,0.575,0.59,6153500,3623537.4,EQNL
2008-04-02,0.595,0.595,0.577,0.584,14279700,8328643.4,EQNL
2008-04-03,0.594,0.594,0.561,0.567,10052800,5753137.6,EQNL
2008-04-04,0.575,0.579,0.552,0.555,5896700,3282153.5,EQNL
2008-04-07,0.554,0.565,0.553,0.562,5250100,2925399.5,EQNL
2008-04-08,0.567,0.591,0.551,0.585,29079000,16518808.1,EQNL
2008-04-09,0.59,0.59,0.562,0.585,6640700,3840087.9,EQNL
2008-04-10,0.589,0.618,0.576,0.604,22682500,13559310.7,EQNL
2008-04-11,0.609,0.613,0.579,0.585,7993600,4729228.5,EQNL
2008-04-14,0.59,0.59,0.571,0.577,4191800,2415824.0,EQNL
2008-04-15,0.589,0.589,0.572,0.575,1681000,970971.1,EQNL
2008-04-16,0.571,0.585,0.565,0.575,11435400,6518023.6,EQNL
2008-04-17,0.584,0.588,0.571,0.577,1975600,1140249.9,EQNL
2008-04-18,0.572,0.578,0.55,0.578,5047900,2863841.3,EQNL
2008-04-21,0.578,0.579,0.565,0.57,2026800,1148710.0,EQNL
2008-04-22,0.577,0.577,0.555,0.564,6603600,3702718.9,EQNL
2008-04-23,0.567,0.62,0.55,0.563,9433000,5352872.4,EQNL
2008-04-24,0.564,0.565,0.54,0.555,5475800,2999034.3,EQNL
2008-04-25,0.572,0.62,0.572,0.6,55658500,33576563.2,EQNL
2008-04-28,0.595,0.603,0.588,0.595,7342200,4366361.6,EQNL
2008-04-29,0.625,0.628,0.583,0.612,26314600,16239197.1,EQNL
2008-04-30,0.637,0.637,0.612,0.623,3952800,2457576.6,EQNL
2008-05-04,0.621,0.648,0.621,0.633,14145800,8968712.2,EQNL
2008-05-05,0.63,0.641,0.619,0.63,29223700,18379735.1,EQNL
2008-05-06,0.63,0.632,0.615,0.625,9593400,5971764.3,EQNL
2008-05-07,0.625,0.627,0.619,0.625,4046800,2517584.2,EQNL
2008-05-12,0.588,0.642,0.588,0.633,11159200,7023612.5,EQNL
2008-05-13,0.639,0.653,0.629,0.652,16050100,10290792.9,EQNL
2008-05-14,0.655,0.657,0.638,0.656,26210800,16931271.2,EQNL
2008-05-15,0.647,0.652,0.645,0.648,1555100,1008605.8,EQNL
2008-05-16,0.648,0.655,0.645,0.648,7926700,5149038.8,EQNL
2008-05-19,0.651,0.651,0.64,0.645,8928700,5763994.0,EQNL
2008-05-20,0.649,0.65,0.635,0.643,17557900,11246587.1,EQNL
2008-05-21,0.632,0.65,0.626,0.648,5262900,3374895.1,EQNL
2008-05-22,0.648,0.65,0.563,0.585,28975000,17485075.1,EQNL
2008-05-23,0.592,0.595,0.566,0.59,5376100,3138765.7,EQNL
2008-05-26,0.561,0.61,0.561,0.599,11134500,6669077.5,EQNL
2008-05-27,0.6,0.615,0.588,0.599,17781000,10738923.7,EQNL
2008-05-28,0.605,0.627,0.576,0.594,88505800,53407542.1,EQNL
2008-05-29,0.599,0.6,0.56,0.572,16773800,9602669.5,EQNL
2008-05-30,0.574,0.59,0.565,0.571,17679800,10224160.3,EQNL
2008-06-02,0.581,0.581,0.557,0.563,2276700,1280831.2,EQNL
2008-06-03,0.556,0.569,0.54,0.546,6431100,3528853.8,EQNL
2008-06-04,0.54,0.657,0.537,0.631,157035200,95313450.7,EQNL
2008-06-05,0.626,0.648,0.6,0.6,88361400,55392565.3,EQNL
2008-06-06,0.608,0.62,0.602,0.607,7026200,4284027.9,EQNL
2008-06-07,0.614,0.614,0.588,0.595,1446700,861408.6,EQNL
2008-06-09,0.604,0.605,0.582,0.595,1236800,737764.3,EQNL
2008-06-10,0.6,0.604,0.574,0.58,2518300,1466184.5,EQNL
2008-06-11,0.576,0.579,0.56,0.573,4272400,2430834.9,EQNL
2008-06-16,0.574,0.6,0.574,0.584,1337500,784365.2,EQNL
2008-06-17,0.587,0.599,0.581,0.589,3414100,2018323.3,EQNL
2008-06-18,0.59,0.59,0.576,0.577,578500,334948.7,EQNL
2008-06-19,0.576,0.582,0.556,0.56,8818800,4993325.1,EQNL
2008-06-20,0.567,0.567,0.538,0.554,8852600,4906178.8,EQNL
2008-06-23,0.551,0.565,0.541,0.555,8475800,4742418.9,EQNL
2008-06-24,0.56,0.56,0.53,0.54,8776500,4734438.1,EQNL
2008-06-25,0.564,0.564,0.532,0.545,5264200,2892479.0,EQNL
2008-06-26,0.559,0.559,0.538,0.54,3488200,1897415.1,EQNL
2008-06-27,0.535,0.535,0.515,0.52,4522500,2370460.1,EQNL
2008-06-30,0.53,0.545,0.519,0.529,4314000,2255189.1,EQNL
2008-07-01,0.532,0.532,0.492,0.501,4494200,2254484.0,EQNL
2008-07-02,0.508,0.519,0.498,0.511,1511700,765043.8,EQNL
2008-07-03,0.518,0.53,0.482,0.506,2133600,1076689.5,EQNL
2008-07-04,0.506,0.515,0.439,0.482,14085900,6608436.9,EQNL
2008-07-07,0.485,0.489,0.431,0.445,13476500,6036441.0,EQNL
2008-07-08,0.432,0.505,0.432,0.48,10035100,4641020.7,EQNL
2008-07-09,0.48,0.494,0.453,0.46,3120300,1452681.8,EQNL
2008-07-10,0.461,0.47,0.455,0.46,994300,460398.7,EQNL
2008-07-11,0.476,0.476,0.442,0.459,1388200,626751.6,EQNL
2008-07-14,0.444,0.457,0.441,0.446,526900,235376.1,EQNL
2008-07-15,0.45,0.45,0.411,0.426,6056100,2582326.9,EQNL
2008-07-16,0.409,0.43,0.409,0.416,2564700,1059304.2,EQNL
2008-07-17,0.424,0.424,0.414,0.422,2130200,893929.7,EQNL
2008-07-18,0.43,0.43,0.41,0.416,774500,319368.6,EQNL
2008-07-21,0.422,0.431,0.391,0.402,3251200,1312828.5,EQNL
2008-07-22,0.407,0.407,0.395,0.399,2217400,879283.0,EQNL
2008-07-23,0.408,0.408,0.393,0.397,3124500,1240693.9,EQNL
2008-07-24,0.402,0.402,0.365,0.385,2762400,1044177.6,EQNL
2008-07-25,0.373,0.376,0.347,0.359,5293600,1871023.3,EQNL
2008-07-28,0.375,0.375,0.346,0.348,4417600,1579421.1,EQNL
2008-07-29,0.345,0.345,0.305,0.307,16100500,5049831.8,EQNL
2008-07-30,0.309,0.329,0.306,0.326,10823600,3417203.1,EQNL
2008-07-31,0.326,0.332,0.311,0.315,3586000,1149043.0,EQNL
2008-08-01,0.319,0.345,0.309,0.321,4366300,1389462.5,EQNL
2008-08-04,0.31,0.332,0.305,0.309,2205700,703717.7,EQNL
2008-08-05,0.316,0.316,0.256,0.281,6807200,1998971.7,EQNL
2008-08-06,0.299,0.299,0.27,0.279,19005100,5404064.3,EQNL
2008-08-07,0.289,0.3,0.279,0.279,4737700,1359474.1,EQNL
2008-08-08,0.286,0.286,0.245,0.254,11937700,3029667.1,EQNL
2008-08-11,0.251,0.265,0.22,0.265,7001600,1728210.8,EQNL
2008-08-12,0.269,0.286,0.251,0.274,9302200,2516059.4,EQNL
2008-08-13,0.271,0.287,0.25,0.263,5652300,1496241.5,EQNL
2008-08-14,0.264,0.27,0.246,0.266,4186800,1101136.1,EQNL
2008-08-15,0.272,0.275,0.26,0.264,12563600,3322448.6,EQNL
2008-08-18,0.261,0.273,0.26,0.266,9998800,2644304.5,EQNL
2008-08-19,0.26,0.265,0.24,0.247,2916500,716519.6,EQNL
2008-08-20,0.249,0.264,0.248,0.261,6778500,1758631.5,EQNL
2008-08-21,0.262,0.312,0.261,0.29,85084700,24688043.8,EQNL
2008-08-22,0.299,0.303,0.27,0.284,48107600,13522562.3,EQNL
2008-08-25,0.303,0.303,0.26,0.271,18120200,4890166.4,EQNL
2008-08-26,0.273,0.273,0.24,0.254,24912000,6293482.9,EQNL
2008-08-27,0.266,0.267,0.25,0.26,5421400,1378575.5,EQNL
2008-08-28,0.26,0.305,0.257,0.289,31907600,9104183.5,EQNL
2008-08-29,0.296,0.299,0.265,0.275,19605600,5371466.2,EQNL
2008-09-01,0.275,0.339,0.269,0.338,58283500,18385588.1,EQNL
2008-09-02,0.34,0.354,0.315,0.349,88814800,30674054.6,EQNL
2008-09-03,0.35,0.351,0.312,0.328,49290700,16390367.2,EQNL
2008-09-04,0.331,0.343,0.307,0.317,8417800,2700657.6,EQNL
2008-09-05,0.31,0.31,0.272,0.289,25188200,7283108.7,EQNL
2008-09-08,0.295,0.353,0.275,0.284,14084100,4143267.5,EQNL
2008-09-09,0.288,0.288,0.25,0.264,30677600,8005811.7,EQNL
2008-09-10,0.254,0.257,0.22,0.231,12245400,2854232.3,EQNL
2008-09-11,0.231,0.242,0.225,0.23,9897100,2320344.1,EQNL
2008-09-12,0.239,0.249,0.226,0.236,16530000,3862981.7,EQNL
2008-09-15,0.227,0.234,0.217,0.22,6191700,1387752.3,EQNL
2008-09-16,0.214,0.214,0.16,0.168,17741200,3284556.3,EQNL
2008-09-17,0.189,0.21,0.123,0.154,30006100,4765727.3,EQNL
2008-09-19,0.17,0.198,0.17,0.198,11447100,2213761.2,EQNL
2008-09-22,0.212,0.24,0.195,0.2,10106500,2037557.6,EQNL
2008-09-23,0.2,0.2,0.18,0.184,43298400,8135404.3,EQNL
2008-09-24,0.187,0.191,0.178,0.186,16764400,3124485.2,EQNL
2008-09-25,0.186,0.186,0.167,0.175,8807000,1527714.4,EQNL
2008-09-26,0.182,0.182,0.163,0.17,5991300,1003001.7,EQNL
2008-09-29,0.17,0.172,0.16,0.162,2065900,334210.7,EQNL
2008-09-30,0.154,0.172,0.145,0.163,8628600,1359745.8,EQNL
2008-10-01,0.168,0.17,0.159,0.159,5427100,890562.2,EQNL
2008-10-02,0.159,0.169,0.155,0.159,6700700,1089267.9,EQNL
2008-10-03,0.155,0.161,0.15,0.155,2627500,410362.4,EQNL
2008-10-06,0.146,0.146,0.103,0.121,6040600,781554.1,EQNL
2008-10-07,0.121,0.127,0.105,0.116,7163300,863322.2,EQNL
2008-10-08,0.109,0.11,0.095,0.099,332900,32557.9,EQNL
2008-10-09,0.109,0.12,0.099,0.104,14440800,1486527.1,EQNL
2008-10-13,0.113,0.119,0.102,0.104,13365000,1427992.7,EQNL
2008-10-14,0.108,0.118,0.106,0.11,11628200,1288914.7,EQNL
2008-10-15,0.111,0.111,0.097,0.099,17610500,1782360.6,EQNL
2008-10-16,0.096,0.099,0.071,0.088,7928800,690687.4,EQNL
2008-10-17,0.09,0.095,0.085,0.089,3480300,315583.5,EQNL
2008-10-20,0.095,0.096,0.076,0.079,20372700,1673103.9,EQNL
2008-10-21,0.083,0.088,0.079,0.081,12878800,1040016.7,EQNL
2008-10-22,0.08,0.083,0.077,0.08,10001300,798456.8,EQNL
2008-10-23,0.078,0.082,0.071,0.078,20970600,1584830.1,EQNL
2008-10-24,0.074,0.077,0.067,0.072,2964900,208438.2,EQNL
2008-10-28,0.07,0.073,0.067,0.071,14876000,1030014.6,EQNL
2008-10-29,0.072,0.076,0.071,0.075,8385100,614396.7,EQNL
2008-10-30,0.077,0.09,0.077,0.088,25667800,2204086.5,EQNL
2008-10-31,0.095,0.104,0.083,0.098,24570300,2345821.8,EQNL
2008-11-01,0.102,0.107,0.097,0.107,8327400,849198.1,EQNL
2008-11-05,0.111,0.127,0.1,0.105,15377300,1676406.1,EQNL
2008-11-06,0.099,0.099,0.092,0.095,8622700,816988.1,EQNL
2008-11-07,0.091,0.1,0.091,0.1,8735100,847129.4,EQNL
2008-11-10,0.103,0.113,0.1,0.106,7402400,770782.4,EQNL
2008-11-11,0.105,0.109,0.092,0.094,4238100,406033.4,EQNL
2008-11-13,0.09,0.105,0.074,0.104,9032500,835481.3,EQNL
2008-11-14,0.107,0.109,0.097,0.098,6452600,658111.6,EQNL
2008-11-17,0.096,0.1,0.084,0.086,6203100,589851.1,EQNL
2008-11-18,0.088,0.099,0.085,0.092,3887800,353055.9,EQNL
2008-11-19,0.093,0.098,0.086,0.098,5499000,501515.8,EQNL
2008-11-20,0.086,0.096,0.082,0.095,1566900,137615.1,EQNL
2008-11-21,0.095,0.095,0.088,0.089,240100,21692.8,EQNL
2008-11-24,0.095,0.095,0.084,0.092,4464400,403610.5,EQNL
2008-11-25,0.097,0.097,0.085,0.092,8151300,739237.6,EQNL
2008-11-26,0.093,0.093,0.087,0.092,8981900,800165.6,EQNL
2008-11-27,0.094,0.115,0.09,0.101,29994900,3129484.3,EQNL
2008-11-28,0.1,0.106,0.097,0.105,9087500,922356.4,EQNL
2008-12-01,0.1,0.108,0.095,0.095,5259900,524480.3,EQNL
2008-12-02,0.098,0.098,0.091,0.098,5459500,525129.3,EQNL
2008-12-03,0.098,0.107,0.098,0.1,1134600,114301.7,EQNL
2008-12-04,0.1,0.103,0.098,0.1,277000,27889.7,EQNL
2008-12-05,0.097,0.115,0.097,0.11,8362800,906323.9,EQNL
2008-12-08,0.11,0.116,0.105,0.11,4622700,507585.0,EQNL
2008-12-09,0.11,0.11,0.1,0.104,7747900,796782.0,EQNL
2008-12-10,0.104,0.107,0.095,0.098,3632000,364524.8,EQNL
2008-12-11,0.104,0.104,0.098,0.101,2045200,205631.0,EQNL
2008-12-12,0.101,0.101,0.096,0.1,1136200,112500.3,EQNL
2008-12-15,0.098,0.105,0.098,0.101,4431200,446437.5,EQNL
2008-12-16,0.102,0.102,0.09,0.101,3575800,352323.1,EQNL
2008-12-17,0.102,0.102,0.098,0.1,1941000,194599.5,EQNL
2008-12-18,0.099,0.1,0.095,0.1,1755900,168372.7,EQNL
2008-12-19,0.099,0.099,0.095,0.098,2461300,237301.0,EQNL
2008-12-22,0.1,0.1,0.095,0.1,5445000,527411.0,EQNL
2008-12-23,0.098,0.099,0.095,0.098,5087700,491421.9,EQNL
2008-12-24,0.082,0.099,0.082,0.097,679500,64696.6,EQNL
2008-12-25,0.096,0.098,0.091,0.094,2761400,255723.3,EQNL
2008-12-26,0.096,0.096,0.088,0.092,7801800,694043.4,EQNL
2008-12-29,0.091,0.093,0.085,0.093,738200,65190.7,EQNL
2008-12-30,0.089,0.092,0.088,0.089,702100,63211.4,EQNL
2008-12-31,0.093,0.093,0.087,0.091,64800,5909.9,EQNL
2009-01-11,0.09,0.092,0.09,0.091,1513700,136464.3,EQNL
2009-01-12,0.092,0.094,0.09,0.09,2288700,209898.6,EQNL
2009-01-13,0.092,0.093,0.088,0.091,4799100,432766.1,EQNL
2009-01-14,0.09,0.09,0.084,0.087,3220400,280032.2,EQNL
2009-01-15,0.086,0.088,0.083,0.087,2517100,215876.8,EQNL
2009-01-16,0.085,0.087,0.083,0.084,1572400,132546.0,EQNL
2009-01-19,0.085,0.087,0.076,0.082,2292300,187051.1,EQNL
2009-01-20,0.082,0.082,0.069,0.074,11790100,881111.8,EQNL
2009-01-21,0.072,0.077,0.067,0.077,2363100,170824.6,EQNL
2009-01-22,0.08,0.083,0.071,0.072,542000,42779.6,EQNL
2009-01-23,0.076,0.076,0.069,0.073,1969100,138861.8,EQNL
2009-01-26,0.072,0.075,0.071,0.074,8584500,632249.3,EQNL
2009-01-27,0.075,0.075,0.069,0.072,4466700,314830.6,EQNL
2009-01-28,0.071,0.073,0.07,0.073,4412500,313798.7,EQNL
2009-01-29,0.072,0.073,0.068,0.071,6670300,469979.5,EQNL
2009-01-30,0.07,0.071,0.067,0.07,5850400,405926.2,EQNL
2009-02-02,0.07,0.071,0.064,0.068,5148900,344613.3,EQNL
2009-02-03,0.068,0.069,0.067,0.068,3136200,213999.7,EQNL
2009-02-04,0.069,0.072,0.068,0.069,1927900,134857.1,EQNL
2009-02-05,0.07,0.071,0.067,0.068,2294600,156692.4,EQNL
2009-02-06,0.067,0.074,0.067,0.073,4430100,307659.4,EQNL
2009-02-09,0.073,0.077,0.068,0.075,6153400,453871.6,EQNL
2009-02-10,0.076,0.085,0.074,0.081,10450700,826152.1,EQNL
2009-02-11,0.076,0.08,0.075,0.079,12472600,974397.1,EQNL
2009-02-12,0.079,0.083,0.072,0.078,14057200,1066945.0,EQNL
2009-02-13,0.079,0.081,0.077,0.079,7362700,578346.6,EQNL
2009-02-16,0.081,0.081,0.076,0.077,1624700,125338.1,EQNL
2009-02-17,0.08,0.08,0.069,0.071,3237600,239487.7,EQNL
2009-02-18,0.065,0.074,0.065,0.072,3215100,228173.4,EQNL
2009-02-19,0.069,0.081,0.069,0.077,9017800,695410.2,EQNL
2009-02-20,0.076,0.078,0.07,0.075,3048300,219368.6,EQNL
2009-02-24,0.075,0.079,0.072,0.074,2372800,178883.5,EQNL
2009-02-25,0.078,0.082,0.076,0.08,3892400,307232.6,EQNL
2009-02-26,0.08,0.082,0.074,0.076,37966700,2856071.4,EQNL
2009-02-27,0.076,0.076,0.071,0.074,16104600,1165511.7,EQNL
2009-03-02,0.073,0.073,0.07,0.071,5432500,386790.6,EQNL
2009-03-03,0.07,0.073,0.068,0.071,7691200,553301.3,EQNL
2009-03-04,0.073,0.074,0.071,0.073,28638800,2086186.2,EQNL
2009-03-05,0.071,0.073,0.07,0.07,8430800,604655.4,EQNL
2009-03-06,0.07,0.072,0.069,0.07,28757300,2015901.0,EQNL
2009-03-10,0.071,0.091,0.068,0.08,183761100,14470059.7,EQNL
2009-03-11,0.081,0.081,0.072,0.075,27558000,2059143.4,EQNL
2009-03-12,0.075,0.075,0.071,0.073,13338100,967312.6,EQNL
2009-03-13,0.073,0.075,0.071,0.073,29532600,2154871.8,EQNL
2009-03-16,0.073,0.074,0.071,0.072,9994500,720117.3,EQNL
2009-03-17,0.072,0.074,0.072,0.073,33354100,2426163.7,EQNL
2009-03-18,0.073,0.075,0.07,0.071,5069000,363050.8,EQNL
2009-03-19,0.071,0.074,0.071,0.072,8573400,617680.1,EQNL
2009-03-20,0.072,0.074,0.071,0.074,3912000,284047.3,EQNL
2009-03-23,0.073,0.077,0.073,0.076,19835900,1489759.2,EQNL
2009-03-24,0.076,0.077,0.073,0.074,10424400,777530.4,EQNL
2009-03-25,0.074,0.079,0.074,0.076,25974600,1952562.7,EQNL
2009-03-26,0.077,0.087,0.075,0.083,88968100,7115950.1,EQNL
2009-03-27,0.086,0.086,0.074,0.078,28598800,2242872.9,EQNL
2009-03-30,0.077,0.077,0.074,0.076,11859600,891621.2,EQNL
2009-03-31,0.077,0.083,0.075,0.076,13596100,1082765.0,EQNL
2009-04-01,0.079,0.081,0.075,0.078,7859300,606628.3,EQNL
2009-04-02,0.079,0.083,0.078,0.081,12153000,975809.8,EQNL
2009-04-03,0.08,0.082,0.079,0.081,3757000,300433.6,EQNL
2009-04-06,0.082,0.084,0.079,0.081,19085200,1551016.5,EQNL
2009-04-07,0.081,0.082,0.078,0.081,11522900,914719.9,EQNL
2009-04-08,0.08,0.086,0.079,0.085,26868000,2234012.1,EQNL
2009-04-09,0.086,0.089,0.084,0.086,27339700,2351962.4,EQNL
2009-04-10,0.084,0.097,0.082,0.096,83513600,7601272.5,EQNL
2009-04-13,0.096,0.117,0.092,0.103,156308400,16553392.2,EQNL
2009-04-14,0.103,0.117,0.098,0.103,143111600,15452437.5,EQNL
2009-04-15,0.11,0.11,0.093,0.099,26165300,2536354.0,EQNL
2009-04-16,0.102,0.106,0.094,0.103,46182300,4620492.1,EQNL
2009-04-17,0.104,0.105,0.099,0.104,9212300,938369.8,EQNL
2009-04-20,0.108,0.109,0.095,0.097,62145200,6317444.5,EQNL
2009-04-21,0.096,0.1,0.093,0.099,45820900,4417034.7,EQNL
2009-04-22,0.1,0.103,0.096,0.1,27629300,2802055.5,EQNL
2009-04-23,0.103,0.105,0.101,0.103,22884500,2362590.0,EQNL
2009-04-24,0.105,0.109,0.103,0.105,18657100,1963391.1,EQNL
2009-04-27,0.102,0.107,0.098,0.102,42137500,4225128.4,EQNL
2009-04-28,0.098,0.101,0.095,0.101,12372300,1201931.1,EQNL
2009-04-29,0.103,0.108,0.1,0.107,59195500,6144223.7,EQNL
2009-04-30,0.109,0.109,0.103,0.105,12898200,1366094.9,EQNL
2009-05-04,0.107,0.117,0.106,0.113,73177800,8191374.5,EQNL
2009-05-05,0.115,0.115,0.109,0.111,21158200,2362372.8,EQNL
2009-05-06,0.111,0.117,0.106,0.117,61577700,6918612.6,EQNL
2009-05-07,0.117,0.124,0.115,0.12,68409700,8140862.7,EQNL
2009-05-08,0.119,0.122,0.117,0.121,12645800,1507748.9,EQNL
2009-05-12,0.12,0.126,0.117,0.124,60752200,7433803.4,EQNL
2009-05-13,0.126,0.128,0.111,0.113,59596900,7167618.7,EQNL
2009-05-14,0.111,0.12,0.108,0.116,39193900,4419753.2,EQNL
2009-05-15,0.116,0.121,0.112,0.12,37801300,4389505.9,EQNL
2009-05-18,0.13,0.13,0.116,0.122,35581500,4232143.7,EQNL
2009-05-19,0.122,0.159,0.121,0.153,527678100,78935847.7,EQNL
2009-05-20,0.157,0.157,0.14,0.15,197291200,29382750.4,EQNL
2009-05-21,0.148,0.149,0.132,0.137,122901200,17104395.5,EQNL
2009-05-22,0.14,0.145,0.137,0.14,19733200,2768514.8,EQNL
2009-05-25,0.143,0.144,0.139,0.142,16349600,2304161.5,EQNL
2009-05-26,0.143,0.154,0.133,0.143,140666100,20047235.3,EQNL
2009-05-27,0.144,0.146,0.136,0.137,63454200,8916337.6,EQNL
2009-05-28,0.137,0.142,0.135,0.14,52867000,7339700.5,EQNL
2009-05-29,0.141,0.145,0.139,0.144,35468500,5046057.7,EQNL
2009-06-01,0.154,0.154,0.142,0.144,81064900,11813591.3,EQNL
2009-06-02,0.146,0.165,0.14,0.149,162655500,24793062.6,EQNL
2009-06-03,0.152,0.154,0.14,0.142,24621000,3570263.0,EQNL
2009-06-04,0.141,0.146,0.134,0.141,29316300,4105864.3,EQNL
2009-06-05,0.141,0.147,0.137,0.143,29127500,4151166.9,EQNL
2009-06-08,0.14,0.186,0.14,0.186,286977400,48178840.1,EQNL
2009-06-09,0.19,0.19,0.167,0.173,305291600,53498148.7,EQNL
2009-06-10,0.175,0.205,0.164,0.19,289004800,54215352.8,EQNL
2009-06-11,0.192,0.196,0.182,0.187,77139200,14494782.8,EQNL
2009-06-15,0.185,0.185,0.171,0.176,33423700,5907028.7,EQNL
2009-06-16,0.174,0.177,0.166,0.175,56355200,9621724.0,EQNL
2009-06-17,0.175,0.176,0.164,0.165,40549000,6841643.0,EQNL
2009-06-18,0.168,0.171,0.149,0.16,39827600,6290664.0,EQNL
2009-06-19,0.165,0.165,0.153,0.161,8782900,1407679.3,EQNL
2009-06-22,0.157,0.161,0.142,0.142,21698500,3196281.0,EQNL
2009-06-23,0.141,0.146,0.129,0.138,46671700,6420738.4,EQNL
2009-06-24,0.143,0.164,0.143,0.157,55498700,8608794.0,EQNL
2009-06-25,0.162,0.164,0.151,0.155,23423500,3713566.3,EQNL
2009-06-26,0.159,0.16,0.143,0.149,28521900,4200951.3,EQNL
2009-06-29,0.151,0.154,0.142,0.147,25754800,3762405.0,EQNL
2009-06-30,0.149,0.151,0.144,0.146,22378500,3326697.9,EQNL
2009-07-01,0.146,0.15,0.14,0.147,21634000,3146927.7,EQNL
2009-07-02,0.145,0.149,0.14,0.141,25201000,3572462.5,EQNL
2009-07-03,0.143,0.143,0.135,0.141,12815500,1764712.8,EQNL
2009-07-06,0.142,0.142,0.132,0.137,10867200,1467771.6,EQNL
2009-07-07,0.139,0.14,0.135,0.138,13856400,1915396.7,EQNL
2009-07-08,0.136,0.138,0.133,0.135,10081400,1367827.6,EQNL
2009-07-09,0.134,0.142,0.118,0.138,22597700,3015586.4,EQNL
2009-07-10,0.14,0.14,0.13,0.13,4598200,605493.0,EQNL
2009-07-13,0.13,0.13,0.123,0.129,6827800,863899.0,EQNL
2009-07-14,0.13,0.135,0.13,0.133,5205800,689436.8,EQNL
2009-07-15,0.134,0.137,0.132,0.137,2939700,396414.8,EQNL
2009-07-16,0.138,0.142,0.134,0.139,8848000,1218243.3,EQNL
2009-07-17,0.135,0.146,0.131,0.144,17869700,2477078.6,EQNL
2009-07-20,0.144,0.15,0.143,0.148,24828000,3642152.8,EQNL
2009-07-21,0.145,0.155,0.14,0.154,21314100,3166191.2,EQNL
2009-07-22,0.15,0.158,0.144,0.147,11309200,1697860.7,EQNL
2009-07-23,0.147,0.153,0.147,0.152,12812100,1926151.2,EQNL
2009-07-24,0.153,0.155,0.149,0.152,6538600,990738.3,EQNL
2009-07-27,0.155,0.16,0.152,0.154,21453300,3323727.2,EQNL
2009-07-28,0.153,0.156,0.143,0.146,15390700,2269108.2,EQNL
2009-07-29,0.147,0.147,0.141,0.145,3561900,509650.6,EQNL
2009-07-30,0.144,0.15,0.143,0.15,4674400,684790.6,EQNL
2009-07-31,0.15,0.153,0.131,0.143,83847600,11676254.2,EQNL
2009-08-03,0.142,0.15,0.142,0.147,23189900,3403645.7,EQNL
2009-08-04,0.146,0.149,0.143,0.149,9733500,1419527.5,EQNL
2009-08-05,0.146,0.162,0.146,0.154,95327800,14932706.6,EQNL
2009-08-06,0.157,0.161,0.152,0.155,17383300,2698137.5,EQNL
2009-08-07,0.155,0.158,0.149,0.157,25116000,3833454.3,EQNL
2009-08-10,0.161,0.161,0.151,0.155,2987400,458344.9,EQNL
2009-08-11,0.156,0.157,0.153,0.153,13901500,2153486.7,EQNL
2009-08-12,0.157,0.157,0.149,0.154,9750200,1471550.7,EQNL
2009-08-13,0.156,0.159,0.155,0.158,18198300,2863491.0,EQNL
2009-08-14,0.158,0.161,0.153,0.156,26188700,4150731.4,EQNL
2009-08-17,0.155,0.155,0.145,0.149,9695000,1436771.6,EQNL
2009-08-18,0.148,0.152,0.144,0.146,16907200,2482869.6,EQNL
2009-08-19,0.147,0.149,0.143,0.148,2758400,402443.9,EQNL
2009-08-20,0.15,0.152,0.147,0.151,10829900,1612577.7,EQNL
2009-08-21,0.15,0.153,0.147,0.153,8487300,1276919.0,EQNL
2009-08-24,0.153,0.158,0.152,0.157,35501300,5531359.3,EQNL
2009-08-25,0.155,0.162,0.154,0.16,17010200,2684010.7,EQNL
2009-08-26,0.166,0.179,0.162,0.175,192144300,33272942.8,EQNL
2009-08-27,0.167,0.167,0.156,0.16,71838700,11634515.2,EQNL
2009-08-28,0.162,0.174,0.161,0.166,40201100,6683345.9,EQNL
2009-08-31,0.174,0.19,0.166,0.183,131838200,23783188.1,EQNL
2009-09-01,0.184,0.191,0.18,0.187,35038100,6490198.8,EQNL
2009-09-02,0.18,0.199,0.179,0.194,58890500,11327513.6,EQNL
2009-09-03,0.196,0.2,0.195,0.195,17299900,3427027.8,EQNL
2009-09-04,0.194,0.199,0.183,0.188,28749700,5408340.1,EQNL
2009-09-07,0.19,0.194,0.185,0.19,35834100,6802665.6,EQNL
2009-09-08,0.192,0.197,0.187,0.196,27673300,5346571.6,EQNL
2009-09-09,0.198,0.222,0.193,0.215,109763100,22874120.4,EQNL
2009-09-10,0.215,0.222,0.21,0.22,56097000,12158085.8,EQNL
2009-09-11,0.222,0.234,0.217,0.228,46405300,10570184.6,EQNL
2009-09-14,0.225,0.237,0.221,0.235,61441400,14127441.7,EQNL
2009-09-15,0.235,0.256,0.235,0.243,70389900,17215242.6,EQNL
2009-09-16,0.244,0.249,0.229,0.235,67704600,16038080.0,EQNL
2009-09-17,0.235,0.24,0.224,0.225,43498500,9976682.3,EQNL
2009-09-18,0.223,0.236,0.214,0.232,60253900,13611745.3,EQNL
2009-09-21,0.247,0.247,0.223,0.225,28392600,6454168.3,EQNL
2009-09-22,0.228,0.231,0.224,0.231,20320500,4633009.5,EQNL
2009-09-23,0.238,0.238,0.227,0.229,29767800,6884659.7,EQNL
2009-09-24,0.229,0.234,0.226,0.23,21069600,4830503.4,EQNL
2009-09-25,0.23,0.231,0.227,0.229,10084800,2301761.7,EQNL
2009-09-28,0.231,0.232,0.219,0.226,31314800,6978438.5,EQNL
2009-09-29,0.226,0.231,0.223,0.229,21543700,4912439.6,EQNL
2009-09-30,0.23,0.236,0.221,0.23,31051300,7118989.2,EQNL
2009-10-01,0.229,0.256,0.229,0.245,96678900,23354236.1,EQNL
2009-10-02,0.25,0.25,0.224,0.239,27528400,6403915.1,EQNL
2009-10-05,0.239,0.24,0.23,0.237,14539900,3415304.2,EQNL
2009-10-06,0.237,0.241,0.235,0.24,20834000,4955376.6,EQNL
2009-10-07,0.241,0.245,0.238,0.243,25278100,6113726.4,EQNL
2009-10-08,0.244,0.247,0.241,0.246,24050600,5875467.9,EQNL
2009-10-09,0.246,0.248,0.241,0.248,19803800,4847456.4,EQNL
2009-10-12,0.248,0.261,0.247,0.26,51902400,13142290.6,EQNL
2009-10-13,0.257,0.264,0.244,0.248,32839800,8282108.1,EQNL
2009-10-14,0.249,0.254,0.246,0.249,24484500,6134402.3,EQNL
2009-10-15,0.252,0.253,0.238,0.244,34581300,8383590.0,EQNL
2009-10-16,0.245,0.247,0.237,0.238,15893400,3842266.7,EQNL
2009-10-19,0.242,0.244,0.236,0.244,14459700,3468229.5,EQNL
2009-10-20,0.244,0.245,0.238,0.243,15239900,3689227.8,EQNL
2009-10-21,0.243,0.243,0.235,0.24,10852500,2585844.1,EQNL
2009-10-22,0.237,0.24,0.233,0.239,7905400,1864777.7,EQNL
2009-10-23,0.236,0.242,0.236,0.239,6318000,1509589.8,EQNL
2009-10-26,0.239,0.243,0.234,0.236,11106100,2643222.1,EQNL
2009-10-27,0.235,0.24,0.232,0.235,14468600,3416745.3,EQNL
2009-10-28,0.235,0.237,0.21,0.218,49696600,10872429.3,EQNL
2009-10-29,0.219,0.219,0.201,0.217,31870500,6642807.9,EQNL
2009-10-30,0.221,0.221,0.211,0.212,13298300,2876133.5,EQNL
2009-11-02,0.212,0.218,0.205,0.216,11219600,2369645.1,EQNL
2009-11-03,0.212,0.216,0.2,0.206,43383500,8840480.3,EQNL
2009-11-05,0.208,0.208,0.198,0.207,23061800,4649559.1,EQNL
2009-11-06,0.208,0.209,0.191,0.201,14207700,2888376.2,EQNL
2009-11-09,0.202,0.213,0.2,0.209,32114000,6623186.6,EQNL
2009-11-10,0.214,0.23,0.206,0.222,47672400,10458284.2,EQNL
2009-11-11,0.226,0.229,0.22,0.226,20858000,4695855.3,EQNL
2009-11-12,0.223,0.226,0.22,0.222,6115400,1358196.4,EQNL
2009-11-13,0.22,0.235,0.218,0.228,23668800,5377783.8,EQNL
2009-11-16,0.229,0.241,0.229,0.24,44630400,10583191.2,EQNL
2009-11-17,0.237,0.241,0.228,0.235,51746100,12139629.5,EQNL
2009-11-18,0.234,0.25,0.234,0.244,56652500,13763976.0,EQNL
2009-11-19,0.235,0.245,0.235,0.239,12237800,2959041.7,EQNL
2009-11-20,0.24,0.244,0.233,0.238,13624100,3229110.1,EQNL
2009-11-23,0.238,0.242,0.237,0.242,7068200,1687093.4,EQNL
2009-11-24,0.24,0.24,0.229,0.232,38112500,8891916.1,EQNL
2009-11-25,0.234,0.234,0.225,0.23,17786900,4090059.7,EQNL
2009-11-26,0.233,0.233,0.218,0.221,17952700,3982099.2,EQNL
2009-11-27,0.217,0.225,0.205,0.224,32882800,7010827.4,EQNL
2009-11-30,0.225,0.227,0.22,0.222,14265600,3150128.1,EQNL
2009-12-01,0.224,0.232,0.221,0.23,43988400,10005078.0,EQNL
2009-12-02,0.23,0.232,0.22,0.229,17126300,3909121.3,EQNL
2009-12-03,0.23,0.231,0.222,0.227,15651900,3541021.9,EQNL
2009-12-04,0.225,0.232,0.223,0.232,14971700,3413181.5,EQNL
2009-12-07,0.23,0.231,0.224,0.23,6280100,1425326.1,EQNL
2009-12-08,0.229,0.23,0.22,0.223,23785000,5354423.6,EQNL
2009-12-09,0.224,0.228,0.217,0.222,13395300,2967902.9,EQNL
2009-12-10,0.22,0.222,0.217,0.222,8572400,1877349.2,EQNL
2009-12-11,0.222,0.228,0.22,0.225,16266800,3649366.9,EQNL
2009-12-14,0.223,0.228,0.22,0.228,9172900,2062094.8,EQNL
2009-12-15,0.228,0.23,0.224,0.229,7632600,1727631.8,EQNL
2009-12-16,0.228,0.239,0.227,0.239,37335100,8700106.8,EQNL
2009-12-17,0.239,0.239,0.23,0.232,18982000,4408232.1,EQNL
2009-12-18,0.23,0.237,0.227,0.235,10119200,2374759.3,EQNL
2009-12-21,0.235,0.24,0.231,0.235,8233700,1944986.2,EQNL
2009-12-22,0.238,0.238,0.23,0.232,9047200,2092689.8,EQNL
2009-12-23,0.231,0.236,0.23,0.236,17825800,4144633.5,EQNL
2009-12-24,0.235,0.237,0.232,0.235,10915500,2555196.7,EQNL
2009-12-25,0.232,0.243,0.232,0.24,30901600,7377478.4,EQNL
2009-12-28,0.24,0.241,0.238,0.239,4841600,1161338.0,EQNL
2009-12-29,0.241,0.253,0.236,0.247,44872900,10869237.8,EQNL
2009-12-30,0.247,0.263,0.242,0.26,67506200,17044562.8,EQNL
2009-12-31,0.261,0.283,0.261,0.274,44123300,12140088.9,EQNL
2010-01-11,0.267,0.279,0.264,0.269,28066300,7533620.1,EQNL
2010-01-12,0.269,0.271,0.261,0.266,14520500,3838376.6,EQNL
2010-01-13,0.266,0.273,0.261,0.268,28441100,7631204.2,EQNL
2010-01-14,0.269,0.274,0.264,0.269,31237600,8382643.2,EQNL
2010-01-15,0.269,0.271,0.265,0.267,11542800,3101195.8,EQNL
2010-01-18,0.269,0.28,0.267,0.273,28392800,7771259.4,EQNL
2010-01-19,0.293,0.293,0.272,0.276,28155300,7779691.0,EQNL
2010-01-20,0.273,0.277,0.267,0.271,24649100,6695900.8,EQNL
2010-01-21,0.273,0.276,0.269,0.273,27087400,7357367.0,EQNL
2010-01-22,0.26,0.272,0.26,0.264,25905300,6869336.8,EQNL
2010-01-25,0.262,0.267,0.261,0.265,8495900,2243660.8,EQNL
2010-01-26,0.262,0.264,0.254,0.261,19980500,5173700.0,EQNL
2010-01-27,0.259,0.263,0.253,0.26,15246300,3949950.5,EQNL
2010-01-28,0.261,0.267,0.261,0.262,19145500,5041201.5,EQNL
2010-01-29,0.261,0.271,0.261,0.271,13942400,3721090.0,EQNL
2010-02-01,0.275,0.275,0.264,0.268,8574400,2274693.6,EQNL
2010-02-02,0.267,0.274,0.266,0.269,7911500,2135648.1,EQNL
2010-02-03,0.266,0.273,0.266,0.271,9226500,2489606.5,EQNL
2010-02-04,0.269,0.271,0.262,0.265,6034900,1603885.9,EQNL
2010-02-05,0.26,0.26,0.251,0.256,10563800,2685278.9,EQNL
2010-02-08,0.251,0.258,0.249,0.252,16775300,4214182.0,EQNL
2010-02-09,0.255,0.255,0.25,0.252,2415300,607894.5,EQNL
2010-02-10,0.274,0.274,0.248,0.252,4533700,1142620.9,EQNL
2010-02-11,0.25,0.256,0.248,0.252,4409600,1112155.9,EQNL
2010-02-12,0.251,0.254,0.246,0.248,5071900,1257720.9,EQNL
2010-02-15,0.246,0.251,0.242,0.251,2448900,606383.1,EQNL
2010-02-16,0.252,0.255,0.248,0.252,60150100,15064799.2,EQNL
2010-02-17,0.256,0.256,0.251,0.254,3753600,949686.2,EQNL
2010-02-18,0.253,0.255,0.248,0.25,4689700,1169407.9,EQNL
2010-02-19,0.247,0.252,0.246,0.252,6555300,1638135.0,EQNL
2010-02-24,0.249,0.251,0.247,0.249,4121400,1026491.7,EQNL
2010-02-25,0.248,0.251,0.245,0.248,3054000,758082.3,EQNL
2010-02-26,0.262,0.262,0.246,0.252,10683900,2675482.2,EQNL
2010-02-27,0.252,0.253,0.246,0.252,4000500,993942.7,EQNL
2010-03-01,0.25,0.256,0.25,0.254,7083000,1797541.8,EQNL
2010-03-02,0.254,0.254,0.249,0.253,9257000,2325039.8,EQNL
2010-03-03,0.251,0.255,0.25,0.255,5005700,1263313.1,EQNL
2010-03-04,0.252,0.262,0.252,0.255,18647200,4781019.7,EQNL
2010-03-05,0.259,0.264,0.257,0.263,10103800,2636525.6,EQNL
2010-03-09,0.264,0.264,0.258,0.264,9882600,2579531.7,EQNL
2010-03-10,0.263,0.268,0.263,0.265,14126300,3745720.7,EQNL
2010-03-11,0.265,0.272,0.262,0.266,40423000,10863099.7,EQNL
2010-03-12,0.271,0.33,0.271,0.306,294405000,90719250.9,EQNL
2010-03-15,0.315,0.325,0.292,0.297,122648500,38117113.1,EQNL
2010-03-16,0.307,0.307,0.286,0.29,70250600,20516491.8,EQNL
2010-03-17,0.295,0.295,0.281,0.285,82389100,23672458.8,EQNL
2010-03-18,0.285,0.289,0.28,0.285,59045500,16655988.1,EQNL
2010-03-19,0.285,0.306,0.283,0.29,104142600,30746878.6,EQNL
2010-03-22,0.289,0.298,0.285,0.293,26641800,7786649.2,EQNL
2010-03-23,0.293,0.298,0.288,0.293,15853700,4646104.1,EQNL
2010-03-24,0.291,0.295,0.285,0.287,19982300,5752110.2,EQNL
2010-03-25,0.315,0.315,0.286,0.301,84579000,25490598.3,EQNL
2010-03-26,0.3,0.337,0.297,0.337,199902800,64116235.2,EQNL
2010-03-29,0.339,0.34,0.325,0.33,62987000,20888893.3,EQNL
2010-03-30,0.331,0.335,0.324,0.331,27971300,9220649.7,EQNL
2010-03-31,0.331,0.349,0.327,0.346,64517000,21918440.5,EQNL
2010-04-01,0.346,0.393,0.346,0.381,140384900,52642347.7,EQNL
2010-04-02,0.385,0.39,0.373,0.382,52159600,19827694.9,EQNL
2010-04-05,0.382,0.419,0.381,0.407,64671900,25995921.9,EQNL
2010-04-06,0.41,0.415,0.381,0.388,49944300,19581241.5,EQNL
2010-04-07,0.389,0.391,0.35,0.359,62222600,22714859.5,EQNL
2010-04-08,0.355,0.41,0.335,0.397,145154700,56311696.4,EQNL
2010-04-09,0.401,0.417,0.393,0.412,58642200,23720278.7,EQNL
2010-04-12,0.401,0.461,0.401,0.449,134838800,59659026.2,EQNL
2010-04-13,0.442,0.455,0.42,0.441,63768900,27769610.1,EQNL
2010-04-14,0.445,0.448,0.429,0.435,66640600,28845562.3,EQNL
2010-04-15,0.434,0.444,0.42,0.433,85915100,36813157.7,EQNL
2010-04-16,0.433,0.434,0.423,0.433,26715000,11428297.3,EQNL
2010-04-19,0.428,0.429,0.41,0.426,21726300,9053057.0,EQNL
2010-04-20,0.426,0.444,0.421,0.444,47880500,20755919.0,EQNL
2010-04-21,0.444,0.451,0.435,0.449,19696600,8726542.5,EQNL
2010-04-22,0.446,0.474,0.445,0.47,99047000,45226582.7,EQNL
2010-04-23,0.489,0.508,0.457,0.508,90432200,44086260.8,EQNL
2010-04-26,0.508,0.545,0.504,0.51,63543200,33384151.8,EQNL
2010-04-27,0.468,0.511,0.468,0.485,54771500,26623083.1,EQNL
2010-04-28,0.461,0.504,0.452,0.503,60912800,29055515.8,EQNL
2010-04-29,0.51,0.515,0.498,0.51,36655200,18551818.3,EQNL
2010-04-30,0.51,0.524,0.493,0.508,14440800,7311868.8,EQNL
2010-05-04,0.51,0.514,0.455,0.48,36365200,17290799.2,EQNL
2010-05-05,0.475,0.507,0.456,0.49,36558500,17782349.5,EQNL
2010-05-06,0.483,0.497,0.48,0.483,22777200,11057769.4,EQNL
2010-05-07,0.475,0.477,0.43,0.44,42990600,19496934.7,EQNL
2010-05-11,0.457,0.48,0.45,0.473,30672300,14297743.1,EQNL
2010-05-12,0.467,0.494,0.463,0.488,19405500,9426461.8,EQNL
2010-05-13,0.492,0.497,0.472,0.482,9479900,4618606.9,EQNL
2010-05-14,0.456,0.479,0.456,0.465,3865200,1815771.7,EQNL
2010-05-17,0.461,0.473,0.449,0.47,12413800,5684995.0,EQNL
2010-05-18,0.473,0.494,0.47,0.489,19733100,9540671.8,EQNL
2010-05-19,0.489,0.489,0.462,0.484,15234700,7235113.7,EQNL
2010-05-20,0.485,0.491,0.47,0.47,45403200,22020053.6,EQNL
2010-05-21,0.483,0.483,0.441,0.458,15787800,7180370.4,EQNL
2010-05-24,0.464,0.47,0.43,0.453,9236400,4202387.1,EQNL
2010-05-25,0.446,0.446,0.412,0.419,12424800,5268949.9,EQNL
2010-05-26,0.421,0.444,0.41,0.443,24185300,10439701.2,EQNL
2010-05-27,0.445,0.457,0.429,0.45,13866800,6185585.7,EQNL
2010-05-28,0.454,0.459,0.428,0.443,16451200,7185730.0,EQNL
2010-05-31,0.448,0.448,0.435,0.443,908000,398284.8,EQNL
2010-06-01,0.444,0.444,0.422,0.437,4074300,1760252.0,EQNL
2010-06-02,0.437,0.437,0.421,0.431,3427800,1463597.6,EQNL
2010-06-03,0.433,0.489,0.432,0.489,52303700,24508397.8,EQNL
2010-06-04,0.48,0.502,0.454,0.478,21340400,10196793.8,EQNL
2010-06-07,0.467,0.47,0.451,0.468,1846400,852597.5,EQNL
2010-06-08,0.469,0.477,0.454,0.454,2156700,999008.3,EQNL
2010-06-09,0.46,0.464,0.453,0.458,1060500,482888.4,EQNL
2010-06-10,0.46,0.468,0.453,0.466,2773400,1267280.5,EQNL
2010-06-11,0.468,0.473,0.452,0.465,2263800,1042386.4,EQNL
2010-06-15,0.466,0.47,0.458,0.465,2482100,1148211.5,EQNL
2010-06-16,0.466,0.469,0.458,0.46,1358900,629655.8,EQNL
2010-06-17,0.459,0.459,0.45,0.45,2354000,1070497.9,EQNL
2010-06-18,0.457,0.46,0.445,0.452,1138100,512291.8,EQNL
2010-06-21,0.455,0.46,0.44,0.454,4010700,1795364.9,EQNL
2010-06-22,0.45,0.455,0.44,0.447,3118300,1398188.1,EQNL
2010-06-23,0.446,0.446,0.437,0.44,1200700,528969.2,EQNL
2010-06-24,0.441,0.446,0.434,0.439,2916100,1280852.6,EQNL
2010-06-25,0.442,0.444,0.429,0.436,1761100,767321.7,EQNL
2010-06-28,0.436,0.442,0.432,0.44,920200,400411.8,EQNL
2010-06-29,0.442,0.442,0.411,0.417,2291400,957282.0,EQNL
2010-06-30,0.418,0.418,0.401,0.407,2754600,1130777.5,EQNL
2010-07-01,0.41,0.41,0.385,0.389,3579200,1399013.8,EQNL
2010-07-02,0.39,0.405,0.388,0.394,4979000,1985463.0,EQNL
2010-07-05,0.403,0.403,0.39,0.399,2699700,1072113.2,EQNL
2010-07-06,0.402,0.409,0.4,0.406,1716400,694179.4,EQNL
2010-07-07,0.408,0.408,0.385,0.4,2718400,1063717.6,EQNL
2010-07-08,0.403,0.406,0.383,0.396,4299500,1712798.3,EQNL
2010-07-09,0.39,0.4,0.388,0.395,430600,168564.0,EQNL
2010-07-12,0.429,0.429,0.389,0.392,3185100,1260676.6,EQNL
2010-07-13,0.391,0.399,0.385,0.396,5335700,2094165.6,EQNL
2010-07-14,0.396,0.4,0.39,0.397,4366000,1730475.1,EQNL
2010-07-15,0.4,0.4,0.392,0.392,1595400,632041.8,EQNL
2010-07-16,0.397,0.397,0.391,0.396,573600,225978.9,EQNL
2010-07-19,0.398,0.398,0.387,0.392,421900,165199.9,EQNL
2010-07-20,0.395,0.395,0.38,0.383,3523100,1356048.6,EQNL
2010-07-21,0.389,0.393,0.386,0.39,1220100,475728.8,EQNL
2010-07-22,0.392,0.4,0.39,0.393,3108900,1226373.7,EQNL
2010-07-23,0.395,0.4,0.39,0.39,1231400,483213.5,EQNL
2010-07-26,0.393,0.396,0.387,0.388,206400,80343.7,EQNL
2010-07-27,0.392,0.423,0.392,0.415,12227300,5002285.1,EQNL
2010-07-28,0.419,0.42,0.407,0.414,2730300,1128113.5,EQNL
2010-07-29,0.414,0.43,0.408,0.423,3501800,1482088.8,EQNL
2010-07-30,0.424,0.426,0.409,0.424,4221000,1773555.0,EQNL
2010-08-02,0.407,0.43,0.407,0.424,3175600,1355234.1,EQNL
2010-08-03,0.428,0.439,0.426,0.43,5832600,2524127.7,EQNL
2010-08-04,0.43,0.45,0.424,0.45,5738600,2521701.0,EQNL
2010-08-05,0.449,0.46,0.443,0.455,8404200,3801933.8,EQNL
2010-08-06,0.453,0.465,0.452,0.463,10020700,4592386.2,EQNL
2010-08-09,0.461,0.494,0.461,0.494,23812600,11539882.0,EQNL
2010-08-10,0.489,0.504,0.479,0.488,13768500,6724977.2,EQNL
2010-08-11,0.482,0.492,0.48,0.49,8622500,4196607.3,EQNL
2010-08-12,0.485,0.491,0.481,0.482,5881100,2853303.5,EQNL
2010-08-13,0.487,0.512,0.48,0.51,12507300,6225422.0,EQNL
2010-08-16,0.526,0.555,0.522,0.536,126827600,68718979.9,EQNL
2010-08-17,0.501,0.501,0.47,0.49,106515300,51606865.2,EQNL
2010-08-18,0.488,0.488,0.473,0.475,6761800,3227798.7,EQNL
2010-08-19,0.475,0.491,0.465,0.47,19336500,9277681.2,EQNL
2010-08-20,0.47,0.473,0.457,0.46,9469300,4389296.9,EQNL
2010-08-23,0.462,0.468,0.453,0.457,4192100,1929154.7,EQNL
2010-08-24,0.46,0.462,0.434,0.438,14525400,6429309.4,EQNL
2010-08-25,0.444,0.459,0.437,0.443,8823700,3922536.5,EQNL
2010-08-26,0.449,0.458,0.442,0.452,10009700,4523254.1,EQNL
2010-08-27,0.45,0.465,0.439,0.454,6315900,2854625.4,EQNL
2010-08-30,0.455,0.463,0.44,0.453,16679100,7512207.7,EQNL
2010-08-31,0.446,0.448,0.437,0.447,4179000,1851551.8,EQNL
2010-09-01,0.447,0.452,0.441,0.447,5725300,2548367.6,EQNL
2010-09-02,0.451,0.463,0.45,0.46,16685800,7619170.5,EQNL
2010-09-03,0.462,0.462,0.446,0.46,10306300,4682288.6,EQNL
2010-09-06,0.503,0.503,0.45,0.466,12474000,5766238.8,EQNL
2010-09-07,0.461,0.494,0.452,0.49,14163000,6765254.8,EQNL
2010-09-08,0.484,0.504,0.478,0.502,12892600,6387717.6,EQNL
2010-09-09,0.515,0.515,0.487,0.499,14121300,7025358.9,EQNL
2010-09-10,0.504,0.504,0.478,0.489,18106700,8838208.2,EQNL
2010-09-13,0.491,0.503,0.49,0.497,42345500,21118792.6,EQNL
2010-09-14,0.499,0.503,0.488,0.496,12786900,6379140.4,EQNL
2010-09-15,0.5,0.506,0.491,0.503,6827800,3404112.1,EQNL
2010-09-16,0.505,0.506,0.495,0.503,13186500,6630176.2,EQNL
2010-09-17,0.504,0.505,0.498,0.5,13653400,6842860.3,EQNL
2010-09-20,0.494,0.505,0.489,0.492,4080300,2021132.7,EQNL
2010-09-21,0.495,0.495,0.484,0.487,4122800,2019884.8,EQNL
2010-09-22,0.489,0.492,0.484,0.488,2779000,1355919.3,EQNL
2010-09-23,0.486,0.493,0.481,0.49,6333800,3072135.8,EQNL
2010-09-24,0.49,0.49,0.48,0.488,1921400,930309.6,EQNL
2010-09-27,0.497,0.497,0.484,0.49,1877500,917808.0,EQNL
2010-09-28,0.487,0.49,0.478,0.488,2402300,1166005.6,EQNL
2010-09-29,0.487,0.504,0.483,0.501,29690700,14767103.8,EQNL
2010-09-30,0.505,0.51,0.491,0.51,8459400,4252595.8,EQNL
2010-10-01,0.511,0.517,0.499,0.502,19199800,9683787.3,EQNL
2010-10-04,0.502,0.509,0.502,0.508,6851900,3465585.6,EQNL
2010-10-05,0.505,0.52,0.496,0.515,13143500,6655616.9,EQNL
2010-10-06,0.52,0.523,0.508,0.516,5071700,2615212.9,EQNL
2010-10-07,0.516,0.518,0.501,0.514,5313400,2716627.5,EQNL
2010-10-08,0.517,0.518,0.508,0.514,10398500,5328912.1,EQNL
2010-10-11,0.515,0.52,0.508,0.513,2651700,1355320.7,EQNL
2010-10-12,0.51,0.524,0.507,0.523,7395100,3800315.6,EQNL
2010-10-13,0.525,0.574,0.525,0.561,42271600,23242649.7,EQNL
2010-10-14,0.559,0.597,0.527,0.59,61519100,34280506.7,EQNL
2010-10-15,0.58,0.62,0.569,0.619,56468000,34087283.4,EQNL
2010-10-18,0.62,0.656,0.611,0.648,62809800,40313491.3,EQNL
2010-10-19,0.655,0.655,0.623,0.629,33071900,21226492.4,EQNL
2010-10-20,0.626,0.64,0.615,0.635,30414100,18998557.6,EQNL
2010-10-21,0.635,0.645,0.625,0.64,45408100,29005611.4,EQNL
2010-10-22,0.639,0.643,0.6,0.607,65231200,40922840.2,EQNL
2010-10-25,0.613,0.615,0.59,0.607,36879400,22145901.8,EQNL
2010-10-26,0.606,0.606,0.586,0.597,9639600,5736521.6,EQNL
2010-10-27,0.599,0.599,0.579,0.59,11562300,6754651.8,EQNL
2010-10-28,0.582,0.6,0.577,0.592,31927300,18822616.3,EQNL
2010-10-29,0.586,0.6,0.584,0.59,11204300,6629831.7,EQNL
2010-11-01,0.59,0.606,0.581,0.585,20776700,12393997.4,EQNL
2010-11-02,0.66,0.66,0.574,0.575,7777000,4509108.5,EQNL
2010-11-03,0.648,0.648,0.576,0.59,10902200,6435545.1,EQNL
2010-11-08,0.595,0.63,0.59,0.595,20321100,12311666.1,EQNL
2010-11-09,0.595,0.603,0.594,0.595,9204000,5497930.0,EQNL
2010-11-10,0.595,0.606,0.59,0.598,9278300,5547966.7,EQNL
2010-11-11,0.6,0.61,0.589,0.592,6280400,3755744.6,EQNL
2010-11-12,0.598,0.598,0.584,0.588,3177300,1866225.8,EQNL
2010-11-13,0.59,0.602,0.583,0.6,6595700,3920153.6,EQNL
2010-11-15,0.602,0.605,0.59,0.596,2257400,1345628.2,EQNL
2010-11-16,0.605,0.605,0.585,0.593,12280400,7269977.7,EQNL
2010-11-17,0.59,0.635,0.589,0.61,30215000,18477934.5,EQNL
2010-11-18,0.613,0.629,0.599,0.607,19842900,12014748.6,EQNL
2010-11-19,0.612,0.612,0.601,0.608,1158300,700507.9,EQNL
2010-11-22,0.609,0.616,0.596,0.6,6233600,3791323.2,EQNL
2010-11-23,0.599,0.609,0.59,0.606,6965400,4177915.8,EQNL
2010-11-24,0.614,0.614,0.585,0.605,9314100,5617821.1,EQNL
2010-11-25,0.605,0.606,0.595,0.605,4708600,2835434.9,EQNL
2010-11-26,0.605,0.608,0.594,0.605,11342900,6812238.6,EQNL
2010-11-29,0.603,0.607,0.596,0.605,6644300,4004371.4,EQNL
2010-11-30,0.605,0.612,0.595,0.606,14335600,8636292.7,EQNL
2010-12-01,0.604,0.606,0.598,0.604,7729500,4651929.0,EQNL
2010-12-02,0.604,0.606,0.598,0.602,5262500,3163440.3,EQNL
2010-12-03,0.599,0.599,0.588,0.598,16644200,9841621.7,EQNL
2010-12-06,0.599,0.599,0.586,0.593,6876500,4063752.1,EQNL
2010-12-07,0.592,0.592,0.582,0.582,10660700,6243727.0,EQNL
2010-12-08,0.579,0.586,0.574,0.584,6168900,3571308.1,EQNL
2010-12-09,0.584,0.591,0.583,0.585,7369900,4331602.9,EQNL
2010-12-10,0.585,0.588,0.579,0.584,3247100,1895680.1,EQNL
2010-12-13,0.576,0.59,0.576,0.579,8810700,5108459.7,EQNL
2010-12-14,0.635,0.635,0.573,0.577,11713400,6734967.6,EQNL
2010-12-15,0.578,0.579,0.57,0.574,6450500,3697710.2,EQNL
2010-12-16,0.574,0.581,0.571,0.581,8577700,4932358.9,EQNL
2010-12-17,0.58,0.589,0.575,0.588,13214500,7717985.2,EQNL
2010-12-20,0.585,0.591,0.582,0.586,5267600,3092644.4,EQNL
2010-12-21,0.585,0.589,0.578,0.584,3296600,1920980.5,EQNL
2010-12-22,0.584,0.589,0.57,0.574,4836100,2798531.4,EQNL
2010-12-23,0.583,0.583,0.575,0.575,1613700,932246.4,EQNL
2010-12-24,0.579,0.579,0.571,0.571,3211400,1844774.0,EQNL
2010-12-27,0.574,0.58,0.57,0.576,3002100,1727601.3,EQNL
2010-12-28,0.576,0.577,0.563,0.569,17120100,9716489.4,EQNL
2010-12-29,0.602,0.602,0.563,0.574,3213300,1834075.3,EQNL
2010-12-30,0.574,0.575,0.566,0.574,3656000,2081337.6,EQNL
2011-01-11,0.573,0.592,0.559,0.591,7080700,4128410.1,EQNL
2011-01-12,0.589,0.598,0.584,0.593,6064800,3584118.2,EQNL
2011-01-13,0.594,0.594,0.584,0.59,6600500,3883314.7,EQNL
2011-01-14,0.585,0.59,0.575,0.583,3184600,1848784.4,EQNL
2011-01-17,0.583,0.588,0.578,0.583,2444900,1424939.5,EQNL
2011-01-18,0.583,0.587,0.577,0.58,1329400,770755.5,EQNL
2011-01-19,0.577,0.581,0.572,0.578,2109200,1214233.3,EQNL
2011-01-20,0.576,0.576,0.567,0.569,3828100,2184910.0,EQNL
2011-01-21,0.57,0.577,0.565,0.576,7973000,4541926.0,EQNL
2011-01-24,0.594,0.594,0.566,0.574,5100500,2924576.1,EQNL
2011-01-25,0.576,0.577,0.566,0.571,3198000,1817614.9,EQNL
2011-01-26,0.572,0.575,0.568,0.574,1631300,932037.6,EQNL
2011-01-27,0.575,0.577,0.55,0.559,16868000,9477582.4,EQNL
2011-01-28,0.625,0.625,0.541,0.547,8532000,4666914.0,EQNL
2011-01-31,0.542,0.552,0.542,0.552,2588800,1418298.0,EQNL
2011-02-01,0.555,0.555,0.545,0.552,5769300,3179740.4,EQNL
2011-02-02,0.553,0.556,0.549,0.551,2474300,1362667.4,EQNL
2011-02-03,0.548,0.553,0.544,0.546,1497000,818775.2,EQNL
2011-02-04,0.549,0.549,0.527,0.531,7331900,3916688.4,EQNL
2011-02-07,0.531,0.533,0.522,0.531,4519100,2384749.0,EQNL
2011-02-08,0.527,0.531,0.516,0.52,3701400,1930378.8,EQNL
2011-02-09,0.52,0.526,0.51,0.514,7061200,3641999.9,EQNL
2011-02-10,0.511,0.517,0.502,0.513,6225000,3150623.4,EQNL
2011-02-11,0.514,0.546,0.503,0.535,11306500,6001257.4,EQNL
2011-02-14,0.537,0.557,0.537,0.55,12594900,6932853.7,EQNL
2011-02-15,0.547,0.554,0.54,0.546,3012100,1647129.0,EQNL
2011-02-16,0.547,0.547,0.533,0.539,3013200,1617691.2,EQNL
2011-02-17,0.539,0.546,0.534,0.543,2695800,1452610.7,EQNL
2011-02-18,0.542,0.545,0.532,0.537,1620100,869443.4,EQNL
2011-02-21,0.537,0.537,0.527,0.537,1783500,947018.1,EQNL
2011-02-22,0.534,0.534,0.515,0.526,4593500,2402583.6,EQNL
2011-02-24,0.523,0.525,0.51,0.524,8405500,4360720.0,EQNL
2011-02-25,0.524,0.547,0.517,0.542,4175600,2217204.6,EQNL
2011-02-28,0.536,0.554,0.534,0.554,5653400,3063423.5,EQNL
2011-03-01,0.5727,0.5729,0.555,0.56,14140000,7993989.0,EQNL
2011-03-02,0.566,0.566,0.5508,0.56,2660000,1485590.0,EQNL
2011-03-03,0.5586,0.5699,0.5521,0.5561,1730000,968796.0,EQNL
2011-03-04,0.5616,0.5616,0.535,0.5399,9070000,4899211.0,EQNL
2011-03-05,0.539,0.544,0.5361,0.54,1400000,757810.0,EQNL
2011-03-09,0.546,0.547,0.5309,0.5379,1940000,1043858.0,EQNL
2011-03-10,0.5364,0.5364,0.52,0.5268,1690000,889876.0,EQNL
2011-03-11,0.5222,0.525,0.5065,0.5179,3280000,1689430.0,EQNL
2011-03-14,0.5177,0.5271,0.5101,0.5191,2520000,1303888.0,EQNL
2011-03-15,0.5181,0.5181,0.489,0.498,11760000,5824364.0,EQNL
2011-03-16,0.5,0.5288,0.5,0.5194,16540000,8613398.0,EQNL
2011-03-17,0.53,0.53,0.507,0.5247,5260000,2735128.0,EQNL
2011-03-18,0.5294,0.5739,0.513,0.567,20480000,11200084.0,EQNL
2011-03-21,0.57,0.57,0.55,0.5655,4580000,2571162.0,EQNL
2011-03-22,0.5617,0.5617,0.5427,0.5517,3070000,1686754.0,EQNL
2011-03-23,0.5472,0.57,0.545,0.56,5150000,2883428.0,EQNL
2011-03-24,0.56,0.5885,0.5577,0.5885,24560000,13927061.0,EQNL
2011-03-25,0.5849,0.585,0.57,0.584,8140000,4701393.0,EQNL
2011-03-28,0.584,0.59,0.5731,0.5734,3980000,2306877.0,EQNL
2011-03-29,0.575,0.5795,0.565,0.57,1960000,1115194.0,EQNL
2011-03-30,0.5703,0.584,0.5674,0.5775,3400000,1968253.0,EQNL
2011-03-31,0.581,0.582,0.57,0.577,4630000,2671075.0,EQNL
2011-04-01,0.5745,0.5897,0.5745,0.5889,3290000,1919080.0,EQNL
2011-04-04,0.5794,0.5885,0.5791,0.585,2620000,1529849.0,EQNL
2011-04-05,0.581,0.584,0.574,0.574,2220000,1279549.0,EQNL
2011-04-06,0.5736,0.58,0.5705,0.574,950000,546789.0,EQNL
2011-04-07,0.5734,0.5966,0.5734,0.5892,13480000,7933764.0,EQNL
2011-04-08,0.5878,0.5945,0.587,0.59,9580000,5676677.0,EQNL
2011-04-11,0.5858,0.6,0.5857,0.5857,6260000,3721402.0,EQNL
2011-04-12,0.5817,0.584,0.5737,0.5747,8620000,5004055.0,EQNL
2011-04-13,0.575,0.5898,0.575,0.5894,3050000,1779801.0,EQNL
2011-04-14,0.5743,0.5895,0.574,0.5809,2510000,1455666.0,EQNL
2011-04-15,0.5746,0.5863,0.5746,0.58,860000,499423.0,EQNL
2011-04-18,0.5843,0.5843,0.5301,0.5501,7290000,4083710.0,EQNL
2011-04-19,0.5628,0.5628,0.5474,0.5606,3360000,1861667.0,EQNL
2011-04-20,0.5614,0.5761,0.56,0.5761,9860000,5626699.0,EQNL
2011-04-21,0.5701,0.5761,0.5621,0.575,6390000,3659535.0,EQNL
2011-04-22,0.5651,0.5767,0.5651,0.5715,2240000,1283575.0,EQNL
2011-04-25,0.5702,0.578,0.5699,0.57,6160000,3515733.0,EQNL
2011-04-26,0.5625,0.571,0.562,0.569,2150000,1220816.0,EQNL
2011-04-27,0.5628,0.5779,0.55,0.5596,2130000,1188480.0,EQNL
2011-04-28,0.5542,0.56,0.5471,0.56,1460000,804144.0,EQNL
2011-04-29,0.5541,0.5541,0.53,0.5439,7520000,4067949.0,EQNL
2011-05-03,0.5416,0.5416,0.5341,0.536,360000,194126.0,EQNL
2011-05-04,0.5303,0.535,0.5216,0.53,6000000,3179514.0,EQNL
2011-05-05,0.529,0.529,0.505,0.52,9830000,5048005.0,EQNL
2011-05-06,0.5248,0.5435,0.5061,0.524,6840000,3518321.0,EQNL
2011-05-10,0.5213,0.5314,0.5213,0.5256,1510000,796742.0,EQNL
2011-05-11,0.5397,0.5398,0.5239,0.5307,3150000,1669361.0,EQNL
2011-05-12,0.522,0.522,0.51,0.5182,780000,404546.0,EQNL
2011-05-13,0.5219,0.5554,0.5219,0.5416,8400000,4600355.0,EQNL
2011-05-16,0.5352,0.5729,0.5299,0.5617,16130000,8989582.0,EQNL
2011-05-17,0.556,0.57,0.55,0.5569,12960000,7247807.0,EQNL
2011-05-18,0.5556,0.56,0.5525,0.56,4200000,2338583.0,EQNL
2011-05-19,0.5601,0.583,0.554,0.565,14350000,8174541.0,EQNL
2011-05-20,0.559,0.5645,0.5326,0.5645,16080000,8844641.0,EQNL
2011-05-23,0.56,0.564,0.54,0.559,23660000,13012533.0,EQNL
2011-05-24,0.555,0.5623,0.548,0.555,12450000,6891165.0,EQNL
2011-05-25,0.5501,0.5699,0.545,0.5699,5770000,3188174.0,EQNL
2011-05-26,0.572,0.588,0.56,0.56,13690000,7785416.0,EQNL
2011-05-27,0.5664,0.585,0.5664,0.5757,41670000,24160551.0,EQNL
2011-05-30,0.5761,0.5761,0.5627,0.5628,2220000,1263680.0,EQNL
2011-05-31,0.57,0.57,0.5657,0.5658,2290000,1303545.0,EQNL
2011-06-01,0.5633,0.57,0.5632,0.565,4250000,2408433.0,EQNL
2011-06-02,0.5633,0.5633,0.557,0.5597,2920000,1633267.0,EQNL
2011-06-03,0.5555,0.5628,0.5454,0.5454,3460000,1905369.0,EQNL
2011-06-06,0.5479,0.5479,0.537,0.54,25110000,13564232.0,EQNL
2011-06-07,0.54,0.5454,0.535,0.54,10750000,5794889.0,EQNL
2011-06-08,0.5356,0.5555,0.5355,0.55,4700000,2553828.0,EQNL
2011-06-09,0.5503,0.5585,0.55,0.555,16950000,9406471.0,EQNL
2011-06-10,0.5551,0.5551,0.5508,0.552,2280000,1262983.0,EQNL
2011-06-14,0.55,0.5551,0.5432,0.5511,1710000,941439.0,EQNL
2011-06-15,0.551,0.565,0.551,0.5582,2600000,1453611.0,EQNL
2011-06-16,0.5513,0.554,0.5466,0.5525,5710000,3152944.0,EQNL
2011-06-17,0.5535,0.5581,0.55,0.5522,9550000,5295896.0,EQNL
2011-06-20,0.5513,0.5526,0.55,0.551,1710000,941322.0,EQNL
2011-06-21,0.552,0.5538,0.551,0.5533,930000,513446.0,EQNL
2011-06-22,0.5505,0.5558,0.546,0.5558,14380000,7952730.0,EQNL
2011-06-23,0.5555,0.557,0.55,0.5548,4600000,2547787.0,EQNL
2011-06-24,0.5569,0.557,0.5501,0.5543,1740000,961476.0,EQNL
2011-06-27,0.556,0.5568,0.549,0.5538,4040000,2226923.0,EQNL
2011-06-28,0.5539,0.556,0.5511,0.554,3690000,2046249.0,EQNL
2011-06-29,0.5539,0.565,0.55,0.5575,13470000,7520645.0,EQNL
2011-06-30,0.5575,0.575,0.5575,0.575,9920000,5651978.0,EQNL
2011-07-01,0.5769,0.5855,0.5736,0.58,7040000,4065966.0,EQNL
2011-07-04,0.5702,0.583,0.5702,0.5825,1730000,1004545.0,EQNL
2011-07-05,0.5825,0.59,0.575,0.58,10770000,6288388.0,EQNL
2011-07-06,0.5845,0.586,0.5825,0.584,3510000,2052900.0,EQNL
2011-07-07,0.587,0.595,0.58,0.584,11060000,6461661.0,EQNL
2011-07-08,0.5887,0.5896,0.5775,0.581,5930000,3441863.0,EQNL
2011-07-11,0.5957,0.5957,0.5731,0.5761,7020000,4036556.0,EQNL
2011-07-12,0.5723,0.578,0.57,0.5779,4420000,2540250.0,EQNL
2011-07-13,0.575,0.5875,0.575,0.578,10430000,6030189.0,EQNL
2011-07-14,0.5714,0.5856,0.5713,0.58,5330000,3095934.0,EQNL
2011-07-15,0.5784,0.58,0.575,0.5756,2930000,1696385.0,EQNL
2011-07-18,0.5801,0.5895,0.575,0.584,31440000,18168667.0,EQNL
2011-07-19,0.5813,0.582,0.578,0.581,14560000,8438242.0,EQNL
2011-07-20,0.5801,0.586,0.58,0.5825,17150000,9973340.0,EQNL
2011-07-21,0.583,0.587,0.5799,0.587,19570000,11380399.0,EQNL
2011-07-22,0.5804,0.5939,0.5801,0.5909,18860000,11128228.0,EQNL
2011-07-25,0.5812,0.593,0.5811,0.5897,2410000,1419219.0,EQNL
2011-07-26,0.5855,0.5998,0.5855,0.596,15530000,9256470.0,EQNL
2011-07-27,0.5995,0.617,0.599,0.61,24300000,14737235.0,EQNL
2011-07-28,0.6059,0.6179,0.585,0.6149,19990000,11950459.0,EQNL
2011-07-29,0.6037,0.6037,0.591,0.591,15800000,9410898.0,EQNL
2011-08-01,0.5947,0.614,0.5946,0.6079,8250000,5009227.0,EQNL
2011-08-02,0.6003,0.6095,0.596,0.601,4070000,2446353.0,EQNL
2011-08-03,0.6001,0.6001,0.59,0.59,6960000,4140410.0,EQNL
2011-08-04,0.5959,0.5959,0.59,0.59,9150000,5422904.0,EQNL
2011-08-05,0.5805,0.5805,0.5405,0.5686,15430000,8637578.0,EQNL
2011-08-08,0.56,0.582,0.5418,0.5418,13640000,7572278.0,EQNL
2011-08-09,0.5385,0.5498,0.4823,0.5498,39490000,20103465.0,EQNL
2011-08-10,0.537,0.569,0.5251,0.5389,21950000,11820754.0,EQNL
2011-08-11,0.5593,0.5593,0.522,0.53,13680000,7277753.0,EQNL
2011-08-12,0.5221,0.549,0.5221,0.5321,7500000,4030099.0,EQNL
2011-08-15,0.5529,0.569,0.5436,0.558,8170000,4532253.0,EQNL
2011-08-16,0.5473,0.55,0.5268,0.5455,13230000,7104700.0,EQNL
2011-08-17,0.5451,0.555,0.54,0.55,6630000,3623054.0,EQNL
2011-08-18,0.549,0.5539,0.5401,0.5539,8710000,4748159.0,EQNL
2011-08-19,0.5354,0.55,0.53,0.55,15440000,8381227.0,EQNL
2011-08-22,0.5401,0.5499,0.53,0.54,6020000,3217781.0,EQNL
2011-08-23,0.5401,0.5484,0.538,0.538,3150000,1705383.0,EQNL
2011-08-24,0.5391,0.5447,0.529,0.5374,7110000,3795869.0,EQNL
2011-08-25,0.5366,0.5493,0.5365,0.5449,1090000,590004.0,EQNL
2011-08-26,0.537,0.5447,0.537,0.5447,420000,226274.0,EQNL
2011-08-29,0.5399,0.5699,0.5399,0.5545,5390000,2974020.0,EQNL
2011-08-30,0.555,0.5616,0.542,0.55,9270000,5107974.0,EQNL
2011-08-31,0.5512,0.553,0.5461,0.5491,11410000,6293144.0,EQNL
2011-09-01,0.5488,0.5491,0.54,0.5454,2720000,1470562.0,EQNL
2011-09-02,0.5423,0.5495,0.536,0.5495,2490000,1345135.0,EQNL
2011-09-05,0.54,0.54,0.533,0.54,1190000,640435.0,EQNL
2011-09-06,0.538,0.54,0.536,0.5384,1010000,543467.0,EQNL
2011-09-07,0.5383,0.5485,0.5377,0.5426,1080000,584755.0,EQNL
2011-09-08,0.54,0.5467,0.536,0.5467,8250000,4467580.0,EQNL
2011-09-09,0.5491,0.5493,0.538,0.54,1970000,1068052.0,EQNL
2011-09-12,0.5311,0.5311,0.515,0.516,13800000,7231722.0,EQNL
2011-09-13,0.5186,0.5289,0.5181,0.5237,2330000,1215894.0,EQNL
2011-09-14,0.52,0.53,0.5155,0.5273,2200000,1150703.0,EQNL
2011-09-15,0.5206,0.546,0.5206,0.544,8810000,4744579.0,EQNL
2011-09-16,0.545,0.545,0.523,0.5377,5660000,3016491.0,EQNL
2011-09-19,0.5236,0.5272,0.5173,0.5174,4120000,2141459.0,EQNL
2011-09-20,0.52,0.5228,0.517,0.52,2100000,1089625.0,EQNL
2011-09-21,0.5198,0.52,0.5103,0.5189,1580000,812333.0,EQNL
2011-09-22,0.51,0.51,0.4812,0.4947,6930000,3442583.0,EQNL
2011-09-23,0.4818,0.485,0.4321,0.45,17680000,8055849.0,EQNL
2011-09-26,0.4251,0.4614,0.4229,0.44,6860000,2998931.0,EQNL
2011-09-27,0.44,0.459,0.4395,0.44,7470000,3328998.0,EQNL
2011-09-28,0.44,0.4675,0.43,0.4551,49870000,22367826.0,EQNL
2011-09-29,0.4965,0.4965,0.4506,0.4696,2890000,1335417.0,EQNL
2011-09-30,0.481,0.481,0.4452,0.46,2980000,1356677.0,EQNL
2011-10-03,0.4256,0.4519,0.42,0.4484,540000,234965.0,EQNL
2011-10-04,0.4301,0.4505,0.42,0.4213,7670000,3293648.0,EQNL
2011-10-05,0.423,0.4315,0.4107,0.4213,2540000,1074710.0,EQNL
2011-10-06,0.4326,0.4326,0.4221,0.43,2470000,1050317.0,EQNL
2011-10-07,0.4377,0.4419,0.435,0.4358,2750000,1203607.0,EQNL
2011-10-10,0.4405,0.448,0.437,0.444,13240000,5845059.0,EQNL
2011-10-11,0.4405,0.4799,0.42,0.4297,29340000,13057523.0,EQNL
2011-10-12,0.43,0.4497,0.4265,0.447,3710000,1624635.0,EQNL
2011-10-13,0.448,0.486,0.4451,0.473,19370000,9075535.0,EQNL
2011-10-14,0.48,0.48,0.46,0.476,5230000,2437755.0,EQNL
2011-10-17,0.4678,0.48,0.4678,0.4682,1060000,502422.0,EQNL
2011-10-18,0.4625,0.4788,0.4601,0.47,1540000,720109.0,EQNL
2011-10-19,0.4689,0.504,0.4689,0.495,3560000,1738553.0,EQNL
2011-10-20,0.499,0.499,0.4801,0.4859,1990000,969277.0,EQNL
2011-10-21,0.4896,0.494,0.4847,0.494,1200000,586000.0,EQNL
2011-10-24,0.494,0.5,0.4903,0.4995,19860000,9859663.0,EQNL
2011-10-25,0.4995,0.509,0.4946,0.4981,7520000,3780607.0,EQNL
2011-10-26,0.495,0.515,0.4941,0.509,5480000,2804538.0,EQNL
2011-10-27,0.5148,0.53,0.513,0.513,9010000,4700930.0,EQNL
2011-10-28,0.5172,0.5335,0.5172,0.5284,4490000,2370183.0,EQNL
2011-10-31,0.5233,0.5285,0.5233,0.5269,2530000,1329817.0,EQNL
2011-11-01,0.5185,0.5185,0.4955,0.5,8270000,4149027.0,EQNL
2011-11-02,0.5095,0.516,0.5,0.515,4000000,2029391.0,EQNL
2011-11-03,0.5125,0.5278,0.5,0.51,31260000,16084369.0,EQNL
2011-11-07,0.506,0.506,0.4814,0.488,24250000,11947855.0,EQNL
2011-11-08,0.4835,0.492,0.4835,0.492,3330000,1622863.0,EQNL
2011-11-09,0.4998,0.5,0.485,0.49,11570000,5692682.0,EQNL
2011-11-10,0.493,0.493,0.482,0.485,5960000,2897196.0,EQNL
2011-11-11,0.4852,0.4878,0.4805,0.4805,860000,416166.0,EQNL
2011-11-14,0.486,0.4925,0.48,0.48,2370000,1148633.0,EQNL
2011-11-15,0.4759,0.4808,0.4733,0.476,2880000,1372679.0,EQNL
2011-11-16,0.475,0.4757,0.4615,0.471,4700000,2204129.0,EQNL
2011-11-17,0.4649,0.4749,0.461,0.4664,2940000,1366186.0,EQNL
2011-11-18,0.453,0.47,0.45,0.459,6730000,3096547.0,EQNL
2011-11-21,0.4523,0.4599,0.44,0.44,3320000,1486048.0,EQNL
2011-11-22,0.4491,0.4491,0.4403,0.4471,1460000,652532.0,EQNL
2011-11-23,0.4467,0.4467,0.4376,0.442,2690000,1182340.0,EQNL
2011-11-24,0.4499,0.454,0.4485,0.454,2130000,959497.0,EQNL
2011-11-25,0.4599,0.4599,0.44,0.446,1970000,881533.0,EQNL
2011-11-28,0.45,0.4736,0.45,0.47,4950000,2302003.0,EQNL
2011-11-29,0.475,0.475,0.47,0.4703,4770000,2246717.0,EQNL
2011-11-30,0.47,0.4845,0.47,0.48,1810000,864464.0,EQNL
2011-12-01,0.4831,0.51,0.483,0.4908,9100000,4551906.0,EQNL
2011-12-02,0.49,0.5029,0.49,0.4989,1480000,731430.0,EQNL
2011-12-05,0.4845,0.5,0.4845,0.5,750000,371655.0,EQNL
2011-12-06,0.4999,0.5099,0.4902,0.4911,2050000,1031181.0,EQNL
2011-12-07,0.4903,0.4903,0.476,0.4807,1710000,822139.0,EQNL
2011-12-08,0.4906,0.4906,0.481,0.481,560000,272220.0,EQNL
2011-12-09,0.4706,0.4805,0.4706,0.4765,1570000,747870.0,EQNL
2011-12-12,0.4753,0.485,0.4753,0.4762,850000,405691.0,EQNL
2011-12-13,0.4842,0.4842,0.4723,0.4763,3350000,1597511.0,EQNL
2011-12-14,0.4707,0.4707,0.4631,0.4669,2600000,1216930.0,EQNL
2011-12-15,0.4698,0.4887,0.4698,0.47,11950000,5627384.0,EQNL
2011-12-16,0.482,0.482,0.4737,0.48,3890000,1866890.0,EQNL
2011-12-19,0.479,0.4834,0.4701,0.472,920000,434669.0,EQNL
2011-12-20,0.4792,0.48,0.4657,0.4714,1000000,472086.0,EQNL
2011-12-21,0.4737,0.4764,0.47,0.4703,2160000,1017946.0,EQNL
2011-12-22,0.4799,0.485,0.468,0.4728,1200000,569344.0,EQNL
2011-12-23,0.4679,0.4772,0.4676,0.4703,250000,118427.0,EQNL
2011-12-26,0.4817,0.485,0.47,0.4779,2320000,1099816.0,EQNL
2011-12-27,0.4729,0.4799,0.4699,0.474,1800000,850976.0,EQNL
2011-12-28,0.4703,0.4765,0.465,0.4765,730000,343264.0,EQNL
2011-12-29,0.4646,0.468,0.4603,0.468,500000,233401.0,EQNL
2011-12-30,0.464,0.47,0.461,0.4653,1760000,816856.0,EQNL
2012-01-03,0.4786,0.4786,0.4786,0.4786,70000,33502.0,EQNL
2012-01-04,0.4805,0.4849,0.475,0.4849,640000,306509.0,EQNL
2012-01-05,0.48,0.488,0.4785,0.4837,350000,168463.0,EQNL
2012-01-06,0.4799,0.48,0.4775,0.4799,160000,76680.0,EQNL
2012-01-09,0.4776,0.4888,0.4776,0.4811,470000,226618.0,EQNL
2012-01-10,0.4773,0.4899,0.4703,0.482,2800000,1340158.0,EQNL
2012-01-11,0.485,0.4862,0.48,0.4861,660000,317850.0,EQNL
2012-01-12,0.4794,0.486,0.4794,0.4818,530000,255607.0,EQNL
2012-01-13,0.4795,0.4862,0.4751,0.4862,810000,388767.0,EQNL
2012-01-16,0.485,0.4859,0.48,0.4805,730000,351326.0,EQNL
2012-01-17,0.485,0.495,0.4802,0.495,2960000,1444209.0,EQNL
2012-01-18,0.4884,0.4937,0.4882,0.4937,1250000,612015.0,EQNL
2012-01-19,0.49,0.513,0.49,0.5115,8170000,4126251.0,EQNL
2012-01-20,0.518,0.5279,0.5141,0.5159,3400000,1778201.0,EQNL
2012-01-23,0.51,0.532,0.51,0.5106,2000000,1041550.0,EQNL
2012-01-24,0.515,0.525,0.5111,0.515,870000,449782.0,EQNL
2012-01-25,0.5206,0.53,0.519,0.519,6570000,3459231.0,EQNL
2012-01-26,0.5228,0.53,0.5152,0.53,2050000,1076866.0,EQNL
2012-01-27,0.521,0.533,0.5024,0.53,830000,437082.0,EQNL
2012-01-30,0.5185,0.52,0.5145,0.5145,1410000,729241.0,EQNL
2012-01-31,0.5179,0.518,0.515,0.515,710000,366992.0,EQNL
2012-02-01,0.517,0.5265,0.517,0.5202,1400000,731948.0,EQNL
2012-02-02,0.521,0.521,0.5,0.5085,17600000,9004515.0,EQNL
2012-02-03,0.5016,0.514,0.5,0.511,3600000,1821619.0,EQNL
2012-02-06,0.5095,0.5148,0.5075,0.5075,3160000,1611479.0,EQNL
2012-02-07,0.5077,0.5137,0.5077,0.5135,34200000,17557917.0,EQNL
2012-02-08,0.5178,0.52,0.51,0.515,3530000,1816652.0,EQNL
2012-02-09,0.516,0.5194,0.5087,0.514,4120000,2109320.0,EQNL
2012-02-10,0.5052,0.514,0.4999,0.501,1820000,915906.0,EQNL
2012-02-13,0.5023,0.527,0.501,0.5196,5830000,3005355.0,EQNL
2012-02-14,0.52,0.52,0.5108,0.5109,1800000,929195.0,EQNL
2012-02-15,0.5182,0.52,0.5123,0.5175,1940000,1005759.0,EQNL
2012-02-16,0.5161,0.5201,0.515,0.52,5330000,2770886.0,EQNL
2012-02-17,0.516,0.5237,0.515,0.5237,2970000,1541064.0,EQNL
2012-02-20,0.5237,0.527,0.52,0.5208,6380000,3348204.0,EQNL
2012-02-21,0.5185,0.522,0.5185,0.522,3030000,1576590.0,EQNL
2012-02-22,0.519,0.524,0.5183,0.5185,1800000,936386.0,EQNL
2012-02-24,0.4886,0.55,0.4886,0.5442,12820000,6891697.0,EQNL
2012-02-27,0.5449,0.55,0.533,0.545,5070000,2757198.0,EQNL
2012-02-28,0.545,0.545,0.525,0.525,2980000,1572251.0,EQNL
2012-02-29,0.5299,0.5307,0.5225,0.5237,1630000,855969.0,EQNL
2012-03-01,0.5251,0.527,0.516,0.5186,5400000,2797831.0,EQNL
2012-03-02,0.518,0.525,0.516,0.5219,9990000,5180486.0,EQNL
2012-03-05,0.5219,0.524,0.5159,0.524,3260000,1696850.0,EQNL
2012-03-06,0.5251,0.5388,0.5099,0.5198,21900000,11427507.0,EQNL
2012-03-07,0.516,0.521,0.516,0.5203,2160000,1121445.0,EQNL
2012-03-11,0.5297,0.5404,0.529,0.53,3020000,1605338.0,EQNL
2012-03-12,0.525,0.5334,0.525,0.5303,870000,460846.0,EQNL
2012-03-13,0.529,0.5419,0.5277,0.5419,7070000,3772960.0,EQNL
2012-03-14,0.5449,0.5475,0.5325,0.5421,3860000,2088682.0,EQNL
2012-03-15,0.5293,0.5399,0.5293,0.536,890000,478410.0,EQNL
2012-03-16,0.5355,0.5362,0.528,0.534,2040000,1084732.0,EQNL
2012-03-19,0.5388,0.5388,0.524,0.527,2270000,1201319.0,EQNL
2012-03-20,0.538,0.5381,0.5231,0.524,760000,401040.0,EQNL
2012-03-21,0.5097,0.5385,0.505,0.529,5690000,2996591.0,EQNL
2012-03-22,0.53,0.5394,0.525,0.5384,6070000,3230731.0,EQNL
2012-03-23,0.534,0.555,0.534,0.5515,5150000,2812571.0,EQNL
2012-03-26,0.5501,0.585,0.5501,0.5706,6630000,3800100.0,EQNL
2012-03-27,0.576,0.5839,0.5607,0.5607,3690000,2111377.0,EQNL
2012-03-28,0.565,0.567,0.55,0.5505,4370000,2423597.0,EQNL
2012-03-29,0.5669,0.57,0.545,0.545,3600000,1987234.0,EQNL
2012-03-30,0.5599,0.5599,0.5463,0.5499,2200000,1211262.0,EQNL
2012-04-02,0.555,0.5564,0.5475,0.5501,4840000,2661407.0,EQNL
2012-04-03,0.5521,0.5579,0.551,0.553,2450000,1354810.0,EQNL
2012-04-04,0.55,0.558,0.55,0.5525,2620000,1452088.0,EQNL
2012-04-05,0.5515,0.5525,0.5504,0.5507,390000,215106.0,EQNL
2012-04-06,0.551,0.555,0.549,0.5537,5340000,2947771.0,EQNL
2012-04-09,0.5511,0.5566,0.542,0.5501,2540000,1396087.0,EQNL
2012-04-10,0.55,0.5573,0.548,0.55,4380000,2411153.0,EQNL
2012-04-11,0.545,0.545,0.522,0.5325,10260000,5460255.0,EQNL
2012-04-12,0.5394,0.55,0.525,0.5345,8170000,4359145.0,EQNL
2012-04-13,0.5311,0.5524,0.5311,0.55,5420000,2950191.0,EQNL
2012-04-16,0.5545,0.5722,0.5545,0.5611,23580000,13273524.0,EQNL
2012-04-17,0.575,0.5792,0.565,0.5698,48000000,27297266.0,EQNL
2012-04-18,0.57,0.5701,0.562,0.562,9790000,5534708.0,EQNL
2012-04-19,0.5616,0.5659,0.561,0.5611,2860000,1608250.0,EQNL
2012-04-20,0.56,0.5736,0.56,0.5736,17830000,10067008.0,EQNL
2012-04-23,0.575,0.583,0.5703,0.5762,21960000,12643822.0,EQNL
2012-04-24,0.5627,0.5741,0.5627,0.5641,2190000,1236310.0,EQNL
2012-04-25,0.5648,0.574,0.5625,0.5724,6770000,3842862.0,EQNL
2012-04-26,0.5729,0.5729,0.54,0.5625,5700000,3194431.0,EQNL
2012-04-27,0.545,0.565,0.545,0.563,5050000,2839576.0,EQNL
2012-04-28,0.56,0.56,0.555,0.555,2880000,1602370.0,EQNL
2012-05-02,0.5684,0.5684,0.5431,0.5563,3940000,2185354.0,EQNL
2012-05-03,0.5473,0.5563,0.5451,0.5507,6690000,3692173.0,EQNL
2012-05-04,0.5451,0.5513,0.5301,0.5369,18780000,10140714.0,EQNL
2012-05-05,0.5345,0.553,0.534,0.545,1710000,929374.0,EQNL
2012-05-07,0.5301,0.5343,0.525,0.5263,400000,211656.0,EQNL
2012-05-10,0.5493,0.56,0.5449,0.5556,7320000,4043418.0,EQNL
2012-05-11,0.5591,0.5739,0.559,0.566,9260000,5267054.0,EQNL
2012-05-12,0.5585,0.5697,0.5585,0.5652,550000,312400.0,EQNL
2012-05-14,0.5651,0.5774,0.5504,0.5504,7780000,4400749.0,EQNL
2012-05-15,0.542,0.57,0.542,0.5646,4700000,2625198.0,EQNL
2012-05-16,0.4986,0.4986,0.442,0.46,19670000,8988088.0,EQNL
2012-05-17,0.4698,0.4699,0.4251,0.4381,6370000,2814562.0,EQNL
2012-05-18,0.4202,0.43,0.415,0.4217,9620000,4048169.0,EQNL
2012-05-21,0.4279,0.4567,0.4198,0.435,1700000,739093.0,EQNL
2012-05-22,0.4357,0.4408,0.425,0.4319,2100000,909551.0,EQNL
2012-05-23,0.4362,0.4362,0.3814,0.3938,12160000,4905243.0,EQNL
2012-05-24,0.3939,0.4096,0.3816,0.3926,5950000,2302220.0,EQNL
2012-05-25,0.386,0.4079,0.3815,0.395,3110000,1232796.0,EQNL
2012-05-28,0.3906,0.415,0.39,0.413,4120000,1685896.0,EQNL
2012-05-29,0.415,0.415,0.4,0.41,2060000,837713.0,EQNL
2012-05-30,0.4075,0.4079,0.4025,0.406,450000,182919.0,EQNL
2012-05-31,0.407,0.4179,0.4025,0.4065,2840000,1175906.0,EQNL
2012-06-01,0.4021,0.41,0.3838,0.388,4670000,1830288.0,EQNL
2012-06-04,0.3894,0.3999,0.385,0.389,1510000,595063.0,EQNL
2012-06-05,0.393,0.4,0.386,0.3865,5350000,2088468.0,EQNL
2012-06-06,0.3994,0.3994,0.383,0.3974,1840000,714319.0,EQNL
2012-06-07,0.3968,0.3968,0.3855,0.394,1820000,711403.0,EQNL
2012-06-08,0.3974,0.3975,0.3916,0.3975,850000,336812.0,EQNL
2012-06-09,0.3975,0.3975,0.3959,0.3975,720000,286004.0,EQNL
2012-06-13,0.3997,0.4044,0.3895,0.3922,3730000,1474270.0,EQNL
2012-06-14,0.392,0.3975,0.39,0.3975,1750000,687340.0,EQNL
2012-06-15,0.3958,0.3999,0.3906,0.3999,1310000,520775.0,EQNL
2012-06-18,0.4002,0.4039,0.398,0.4,2510000,1004047.0,EQNL
2012-06-19,0.403,0.403,0.3905,0.3905,3450000,1364906.0,EQNL
2012-06-20,0.4485,0.4485,0.383,0.385,2090000,808356.0,EQNL
2012-06-21,0.385,0.3913,0.38,0.3913,940000,361565.0,EQNL
2012-06-22,0.3844,0.388,0.377,0.388,3110000,1181982.0,EQNL
2012-06-25,0.3804,0.3914,0.3804,0.39,930000,360947.0,EQNL
2012-06-26,0.39,0.391,0.3853,0.3871,3010000,1171957.0,EQNL
2012-06-27,0.3826,0.39,0.3826,0.3899,1670000,649213.0,EQNL
2012-06-28,0.3899,0.39,0.3839,0.3885,770000,298204.0,EQNL
2012-06-29,0.3885,0.3885,0.3835,0.388,1670000,645420.0,EQNL
2012-07-02,0.3949,0.3949,0.3801,0.3801,2090000,808631.0,EQNL
2012-07-03,0.3877,0.3883,0.3801,0.387,4700000,1800586.0,EQNL
2012-07-04,0.3889,0.39,0.3815,0.39,3110000,1201530.0,EQNL
2012-07-05,0.392,0.392,0.3836,0.3836,8500000,3275978.0,EQNL
2012-07-06,0.3849,0.39,0.3826,0.3864,5900000,2284329.0,EQNL
2012-07-09,0.4026,0.4026,0.3826,0.385,3650000,1422275.0,EQNL
2012-07-10,0.3898,0.39,0.3887,0.389,3650000,1422391.0,EQNL
2012-07-11,0.3853,0.3889,0.3853,0.3866,1080000,419840.0,EQNL
2012-07-12,0.3871,0.39,0.3871,0.3899,3550000,1383470.0,EQNL
2012-07-13,0.3891,0.3899,0.3865,0.3899,1000000,389041.0,EQNL
2012-07-16,0.3895,0.39,0.3844,0.387,2730000,1061633.0,EQNL
2012-07-17,0.389,0.3899,0.384,0.3887,1480000,571356.0,EQNL
2012-07-18,0.3898,0.3898,0.3869,0.389,970000,376834.0,EQNL
2012-07-19,0.3891,0.3929,0.3871,0.3899,2520000,983290.0,EQNL
2012-07-20,0.3976,0.398,0.386,0.3896,1630000,636430.0,EQNL
2012-07-23,0.3871,0.3899,0.3821,0.383,2460000,943439.0,EQNL
2012-07-24,0.3848,0.3899,0.3827,0.389,4100000,1596182.0,EQNL
2012-07-25,0.3859,0.3895,0.3851,0.3884,240000,92743.0,EQNL
2012-07-26,0.3899,0.39,0.3867,0.39,2980000,1161839.0,EQNL
2012-07-27,0.3976,0.3976,0.3858,0.395,4860000,1908162.0,EQNL
2012-07-30,0.394,0.4029,0.3911,0.3925,8890000,3507202.0,EQNL
2012-07-31,0.39,0.3925,0.3887,0.3924,1210000,473227.0,EQNL
2012-08-01,0.3916,0.3925,0.39,0.3906,430000,168136.0,EQNL
2012-08-02,0.3945,0.3945,0.3833,0.3924,3090000,1195539.0,EQNL
2012-08-03,0.392,0.3924,0.3893,0.3923,60000,23506.0,EQNL
2012-08-06,0.3853,0.392,0.3853,0.3899,1040000,405869.0,EQNL
2012-08-07,0.3918,0.3918,0.3897,0.3917,480000,187389.0,EQNL
2012-08-08,0.3915,0.3915,0.3835,0.39,1740000,675790.0,EQNL
2012-08-09,0.39,0.3918,0.387,0.3899,2250000,877223.0,EQNL
2012-08-10,0.3871,0.3916,0.3864,0.3908,630000,244735.0,EQNL
2012-08-13,0.3865,0.3916,0.385,0.3909,730000,283771.0,EQNL
2012-08-14,0.3917,0.3919,0.3884,0.39,2230000,870730.0,EQNL
2012-08-15,0.3918,0.3977,0.3901,0.3919,2740000,1075519.0,EQNL
2012-08-16,0.392,0.394,0.3871,0.394,2720000,1065908.0,EQNL
2012-08-17,0.3936,0.3936,0.3906,0.3906,300000,117562.0,EQNL
2012-08-20,0.3918,0.3918,0.3881,0.3881,410000,159989.0,EQNL
2012-08-21,0.3871,0.395,0.3871,0.3903,3930000,1542285.0,EQNL
2012-08-22,0.39,0.3929,0.39,0.3929,1930000,752781.0,EQNL
2012-08-23,0.3904,0.394,0.39,0.394,2470000,966482.0,EQNL
2012-08-24,0.397,0.3978,0.3896,0.3974,6600000,2607225.0,EQNL
2012-08-27,0.3948,0.397,0.3907,0.397,2540000,1004646.0,EQNL
2012-08-28,0.3978,0.4059,0.3916,0.4017,4360000,1729851.0,EQNL
2012-08-29,0.3981,0.429,0.3963,0.4182,11880000,4995724.0,EQNL
2012-08-30,0.4122,0.4271,0.41,0.4249,7470000,3119426.0,EQNL
2012-08-31,0.4116,0.4295,0.41,0.4228,6370000,2693744.0,EQNL
2012-09-03,0.4188,0.428,0.4152,0.42,1540000,650923.0,EQNL
2012-09-04,0.4111,0.4245,0.4111,0.4168,2020000,844570.0,EQNL
2012-09-05,0.4122,0.4179,0.4061,0.4155,3100000,1275841.0,EQNL
2012-09-06,0.4155,0.424,0.41,0.418,1400000,579010.0,EQNL
2012-09-07,0.424,0.4299,0.4156,0.4236,2490000,1062392.0,EQNL
2012-09-10,0.4239,0.435,0.4163,0.435,22990000,9890301.0,EQNL
2012-09-11,0.4288,0.4348,0.418,0.4336,7270000,3124539.0,EQNL
2012-09-12,0.4333,0.445,0.4333,0.4378,14070000,6184729.0,EQNL
2012-09-13,0.4308,0.44,0.4252,0.4323,1160000,503291.0,EQNL
2012-09-14,0.4289,0.447,0.4215,0.4421,4400000,1947996.0,EQNL
2012-09-17,0.4496,0.4498,0.4292,0.4423,14400000,6338650.0,EQNL
2012-09-18,0.44,0.4435,0.4363,0.44,10170000,4478122.0,EQNL
2012-09-19,0.44,0.445,0.4352,0.4415,2120000,933198.0,EQNL
2012-09-20,0.4402,0.4402,0.435,0.4386,2130000,931826.0,EQNL
2012-09-21,0.4425,0.4444,0.4378,0.4378,810000,357592.0,EQNL
2012-09-24,0.4434,0.4434,0.435,0.44,440000,192897.0,EQNL
2012-09-25,0.5077,0.5077,0.4351,0.4386,5990000,2628456.0,EQNL
2012-09-26,0.4379,0.441,0.4316,0.4351,6700000,2937582.0,EQNL
2012-09-27,0.431,0.4398,0.431,0.437,1430000,624760.0,EQNL
2012-09-28,0.4378,0.445,0.4299,0.4415,10130000,4378378.0,EQNL
2012-10-01,0.4312,0.4399,0.4304,0.439,4420000,1916406.0,EQNL
2012-10-02,0.4415,0.443,0.4356,0.4402,5140000,2267948.0,EQNL
2012-10-03,0.4417,0.4417,0.4382,0.439,2710000,1192644.0,EQNL
2012-10-04,0.3727,0.441,0.3727,0.4365,3820000,1675706.0,EQNL
2012-10-05,0.4419,0.4419,0.4355,0.4399,1230000,538759.0,EQNL
2012-10-08,0.4362,0.4417,0.43,0.4397,8390000,3694486.0,EQNL
2012-10-09,0.4392,0.44,0.435,0.44,2080000,907579.0,EQNL
2012-10-10,0.439,0.44,0.439,0.44,3820000,1680559.0,EQNL
2012-10-11,0.4363,0.4488,0.4363,0.448,57140000,25607801.0,EQNL
2012-10-12,0.45,0.45,0.439,0.44,2680000,1183905.0,EQNL
2012-10-15,0.439,0.444,0.4375,0.4375,5820000,2556091.0,EQNL
2012-10-16,0.4415,0.4428,0.44,0.4413,1080000,476154.0,EQNL
2012-10-17,0.4419,0.4493,0.4419,0.4493,31410000,14093730.0,EQNL
2012-10-18,0.45,0.462,0.447,0.462,8210000,3741410.0,EQNL
2012-10-19,0.46,0.487,0.4583,0.487,3870000,1825143.0,EQNL
2012-10-22,0.4767,0.4899,0.47,0.48,8670000,4192673.0,EQNL
2012-10-23,0.4835,0.4955,0.4532,0.46,8540000,3946459.0,EQNL
2012-10-24,0.4722,0.4844,0.4657,0.4659,820000,386674.0,EQNL
2012-10-25,0.4658,0.5088,0.4658,0.4987,10140000,5009054.0,EQNL
2012-10-26,0.4987,0.5,0.4755,0.4806,4550000,2213989.0,EQNL
2012-10-29,0.4681,0.4945,0.4681,0.48,2700000,1333424.0,EQNL
2012-10-30,0.492,0.492,0.48,0.4849,310000,150342.0,EQNL
2012-10-31,0.485,0.49,0.4719,0.485,15940000,7729372.0,EQNL
2012-11-01,0.4826,0.4826,0.4657,0.479,3190000,1508705.0,EQNL
2012-11-02,0.479,0.4882,0.4756,0.48,1770000,852070.0,EQNL
2012-11-06,0.4837,0.4998,0.475,0.4779,1080000,521463.0,EQNL
2012-11-07,0.476,0.4765,0.4703,0.4727,760000,360208.0,EQNL
2012-11-08,0.4645,0.4755,0.452,0.47,3470000,1640415.0,EQNL
2012-11-09,0.4696,0.4788,0.4637,0.4788,1200000,563891.0,EQNL
2012-11-12,0.4734,0.5,0.4734,0.483,204410000,102161580.0,EQNL
2012-11-13,0.4801,0.4802,0.473,0.473,830000,397113.0,EQNL
2012-11-14,0.4769,0.4769,0.4651,0.4652,440000,206748.0,EQNL
2012-11-15,0.4699,0.4845,0.4577,0.4659,1100000,512096.0,EQNL
2012-11-16,0.4698,0.4698,0.4517,0.4593,5360000,2460740.0,EQNL
2012-11-19,0.4669,0.47,0.4545,0.4587,1870000,858587.0,EQNL
2012-11-20,0.4548,0.4566,0.4541,0.4545,1440000,654487.0,EQNL
2012-11-21,0.454,0.456,0.4422,0.445,4820000,2164879.0,EQNL
2012-11-22,0.446,0.4496,0.438,0.4399,5400000,2386387.0,EQNL
2012-11-23,0.4449,0.4449,0.4399,0.4444,410000,181144.0,EQNL
2012-11-26,0.4403,0.4444,0.4403,0.4432,400000,176286.0,EQNL
2012-11-27,0.445,0.446,0.4397,0.4397,3070000,1352376.0,EQNL
2012-11-28,0.4375,0.44,0.43,0.4348,8630000,3755543.0,EQNL
2012-11-29,0.432,0.436,0.432,0.4324,830000,359857.0,EQNL
2012-11-30,0.4377,0.44,0.43,0.4364,1640000,715149.0,EQNL
2012-12-03,0.4365,0.4439,0.435,0.4435,1170000,515494.0,EQNL
2012-12-04,0.4405,0.4484,0.435,0.4484,960000,426234.0,EQNL
2012-12-05,0.4484,0.4619,0.4484,0.453,1110000,505073.0,EQNL
2012-12-06,0.4421,0.451,0.4421,0.4474,660000,293042.0,EQNL
2012-12-07,0.4422,0.4446,0.4402,0.4431,380000,167857.0,EQNL
2012-12-10,0.4411,0.4462,0.44,0.44,1850000,817950.0,EQNL
2012-12-11,0.44,0.44,0.4305,0.431,6670000,2883743.0,EQNL
2012-12-12,0.4348,0.4397,0.4315,0.4345,7100000,3088576.0,EQNL
2012-12-13,0.4341,0.4341,0.4329,0.4339,2420000,1049641.0,EQNL
2012-12-14,0.4361,0.4375,0.4301,0.4333,1070000,464397.0,EQNL
2012-12-17,0.435,0.435,0.4303,0.435,1250000,541318.0,EQNL
2012-12-18,0.4331,0.439,0.429,0.439,32250000,13890069.0,EQNL
2012-12-19,0.439,0.4439,0.4311,0.4439,2260000,991254.0,EQNL
2012-12-20,0.44,0.4439,0.4352,0.44,2360000,1036210.0,EQNL
2012-12-21,0.44,0.44,0.43,0.43,1630000,710139.0,EQNL
2012-12-24,0.4308,0.4343,0.4308,0.4308,2590000,1116916.0,EQNL
2012-12-25,0.431,0.4368,0.4308,0.4332,10870000,4695851.0,EQNL
2012-12-26,0.4332,0.4401,0.4332,0.44,5630000,2461319.0,EQNL
2012-12-27,0.4376,0.449,0.436,0.445,1710000,755463.0,EQNL
2012-12-28,0.4401,0.4499,0.4358,0.448,3310000,1464455.0,EQNL
2013-01-08,0.451,0.4585,0.44,0.449,4300000,1914725.0,EQNL
2013-01-09,0.4499,0.4648,0.4499,0.4579,2920000,1329732.0,EQNL
2013-01-10,0.4625,0.4698,0.46,0.4625,3640000,1687920.0,EQNL
2013-01-11,0.4688,0.4688,0.454,0.4601,1450000,665977.0,EQNL
2013-01-14,0.4569,0.465,0.455,0.4588,3210000,1476038.0,EQNL
2013-01-15,0.4575,0.4616,0.456,0.46,3530000,1615000.0,EQNL
2013-01-16,0.4646,0.4646,0.4598,0.4616,1640000,754655.0,EQNL
2013-01-17,0.464,0.4676,0.4601,0.4641,2010000,934690.0,EQNL
2013-01-18,0.4641,0.4734,0.4602,0.4732,990000,465905.0,EQNL
2013-01-21,0.4708,0.4799,0.47,0.4748,910000,431210.0,EQNL
2013-01-22,0.4759,0.4759,0.4651,0.467,5340000,2526217.0,EQNL
2013-01-23,0.4731,0.4731,0.4601,0.466,1450000,672387.0,EQNL
2013-01-24,0.464,0.464,0.455,0.4583,2840000,1298959.0,EQNL
2013-01-25,0.4583,0.4601,0.4582,0.4582,1730000,794950.0,EQNL
2013-01-28,0.4649,0.4688,0.4605,0.465,1210000,562809.0,EQNL
2013-01-29,0.4679,0.476,0.4651,0.468,1420000,667500.0,EQNL
2013-01-30,0.47,0.47,0.46,0.4611,3100000,1434083.0,EQNL
2013-01-31,0.4598,0.4614,0.4556,0.459,1290000,589625.0,EQNL
2013-02-01,0.4649,0.4649,0.457,0.4617,2590000,1185925.0,EQNL
2013-02-04,0.4635,0.4635,0.4553,0.4582,5130000,2360817.0,EQNL
2013-02-05,0.46,0.46,0.454,0.4595,2170000,990182.0,EQNL
2013-02-06,0.4637,0.4717,0.46,0.4697,4260000,1997961.0,EQNL
2013-02-07,0.468,0.4793,0.4661,0.4792,1090000,514824.0,EQNL
2013-02-08,0.4673,0.485,0.4673,0.481,3600000,1729011.0,EQNL
2013-02-11,0.4805,0.4939,0.4805,0.4822,1340000,650498.0,EQNL
2013-02-12,0.48,0.4863,0.48,0.4811,1940000,932158.0,EQNL
2013-02-13,0.4849,0.485,0.482,0.485,3290000,1594483.0,EQNL
2013-02-14,0.486,0.496,0.4799,0.48,2270000,1098654.0,EQNL
2013-02-15,0.477,0.48,0.4721,0.4783,790000,376666.0,EQNL
2013-02-18,0.4751,0.48,0.474,0.4766,4560000,2169682.0,EQNL
2013-02-19,0.4721,0.476,0.4687,0.4717,12780000,6050882.0,EQNL
2013-02-20,0.4715,0.4735,0.4715,0.473,15830000,7486539.0,EQNL
2013-02-21,0.47,0.47,0.4665,0.4665,1610000,751760.0,EQNL
2013-02-22,0.4651,0.4729,0.4651,0.47,1180000,551351.0,EQNL
2013-02-25,0.47,0.473,0.4595,0.4608,10260000,4763032.0,EQNL
2013-02-26,0.4571,0.4625,0.4552,0.4564,2870000,1321188.0,EQNL
2013-02-27,0.4638,0.4638,0.4465,0.45,5510000,2487459.0,EQNL
2013-02-28,0.45,0.4528,0.4305,0.44,65740000,28948082.0,EQNL
2013-03-01,0.4411,0.4411,0.435,0.4397,12660000,5565564.0,EQNL
2013-03-04,0.439,0.4449,0.4361,0.44,15820000,6960830.0,EQNL
2013-03-05,0.4439,0.4461,0.44,0.4445,6330000,2789484.0,EQNL
2013-03-06,0.4411,0.4458,0.4411,0.4458,15600000,6926819.0,EQNL
2013-03-07,0.444,0.4459,0.444,0.4459,11260000,5000616.0,EQNL
2013-03-11,0.446,0.446,0.437,0.441,1580000,697452.0,EQNL
2013-03-12,0.4372,0.446,0.433,0.4391,3580000,1569924.0,EQNL
2013-03-13,0.4424,0.4456,0.439,0.44,1510000,665234.0,EQNL
2013-03-14,0.443,0.443,0.432,0.4389,1690000,736542.0,EQNL
2013-03-15,0.4389,0.4415,0.4354,0.4415,1700000,742724.0,EQNL
2013-03-18,0.4367,0.4398,0.432,0.4387,1460000,634045.0,EQNL
2013-03-19,0.4416,0.4416,0.43,0.432,2580000,1114063.0,EQNL
2013-03-20,0.435,0.44,0.4282,0.44,3510000,1537115.0,EQNL
2013-03-21,0.4414,0.4449,0.432,0.434,540000,236017.0,EQNL
2013-03-22,0.4341,0.439,0.418,0.4219,3780000,1611847.0,EQNL
2013-03-25,0.43,0.43,0.42,0.42,9330000,3978977.0,EQNL
2013-03-26,0.44,0.4445,0.4153,0.417,8760000,3779952.0,EQNL
2013-03-27,0.4178,0.419,0.3922,0.3951,12670000,5107458.0,EQNL
2013-03-28,0.3956,0.4048,0.39,0.393,1740000,688940.0,EQNL
2013-03-29,0.3907,0.4033,0.3865,0.3955,3980000,1559352.0,EQNL
2013-04-01,0.4055,0.4055,0.3901,0.4003,1630000,645135.0,EQNL
2013-04-02,0.3977,0.3998,0.3951,0.3986,270000,107302.0,EQNL
2013-04-03,0.3986,0.399,0.3943,0.3943,460000,182726.0,EQNL
2013-04-04,0.3944,0.4099,0.387,0.39,7690000,3017138.0,EQNL
2013-04-05,0.4121,0.4121,0.39,0.393,620000,243192.0,EQNL
2013-04-08,0.393,0.3999,0.387,0.39,5590000,2198906.0,EQNL
2013-04-09,0.398,0.398,0.3789,0.38,12910000,4950443.0,EQNL
2013-04-10,0.385,0.39,0.38,0.39,1510000,580782.0,EQNL
2013-04-11,0.39,0.395,0.3789,0.38,2180000,830368.0,EQNL
2013-04-12,0.3815,0.3815,0.3514,0.375,8800000,3249163.0,EQNL
2013-04-15,0.3619,0.374,0.3459,0.3504,10040000,3557521.0,EQNL
2013-04-16,0.3647,0.3998,0.3609,0.366,2410000,910795.0,EQNL
2013-04-17,0.3701,0.377,0.3334,0.3598,10160000,3502502.0,EQNL
2013-04-18,0.3471,0.36,0.3396,0.342,12580000,4325814.0,EQNL
2013-04-19,0.3371,0.3504,0.3369,0.3407,3050000,1038110.0,EQNL
2013-04-22,0.34,0.3469,0.339,0.3431,1200000,410234.0,EQNL
2013-04-23,0.34,0.343,0.3362,0.3409,2700000,917903.0,EQNL
2013-04-24,0.3404,0.3494,0.3399,0.3424,1600000,546679.0,EQNL
2013-04-25,0.3499,0.372,0.3497,0.3512,3630000,1317617.0,EQNL
2013-04-26,0.3506,0.3578,0.35,0.354,2310000,812557.0,EQNL
2013-04-29,0.3559,0.356,0.3488,0.3488,430000,151926.0,EQNL
2013-04-30,0.3503,0.3557,0.345,0.346,720000,250018.0,EQNL
2013-05-02,0.347,0.3614,0.3414,0.3451,640000,219700.0,EQNL
2013-05-03,0.3451,0.355,0.345,0.3544,1040000,364114.0,EQNL
2013-05-06,0.3553,0.3613,0.3422,0.354,1350000,473786.0,EQNL
2013-05-07,0.36,0.37,0.3568,0.365,2670000,966466.0,EQNL
2013-05-08,0.3694,0.37,0.365,0.3651,2810000,1036672.0,EQNL
2013-05-10,0.3702,0.3704,0.3674,0.3674,250000,92240.0,EQNL
2013-05-13,0.3697,0.37,0.3551,0.36,2290000,830578.0,EQNL
2013-05-14,0.36,0.36,0.3466,0.3483,3370000,1181519.0,EQNL
2013-05-15,0.34,0.355,0.308,0.3447,4450000,1521252.0,EQNL
2013-05-16,0.3443,0.3443,0.33,0.3388,2780000,930519.0,EQNL
2013-05-17,0.3233,0.3362,0.3056,0.331,6630000,2157648.0,EQNL
2013-05-20,0.331,0.331,0.3112,0.3199,4080000,1311334.0,EQNL
2013-05-21,0.3199,0.3203,0.3151,0.3165,580000,184150.0,EQNL
2013-05-22,0.3201,0.3209,0.3136,0.318,2050000,652282.0,EQNL
2013-05-23,0.3139,0.331,0.3138,0.3168,2770000,887142.0,EQNL
2013-05-24,0.3116,0.3196,0.3019,0.3045,4500000,1394992.0,EQNL
2013-05-27,0.3063,0.3202,0.305,0.32,1460000,459485.0,EQNL
2013-05-28,0.3198,0.32,0.31,0.31,750000,237158.0,EQNL
2013-05-29,0.317,0.3186,0.3092,0.3185,6440000,2012969.0,EQNL
2013-05-30,0.3198,0.3199,0.3101,0.3199,1870000,589529.0,EQNL
2013-05-31,0.3198,0.3245,0.3111,0.3211,1290000,412175.0,EQNL
2013-06-03,0.3108,0.3185,0.3105,0.3121,740000,232230.0,EQNL
2013-06-04,0.3106,0.319,0.3106,0.3185,400000,126884.0,EQNL
2013-06-05,0.3103,0.32,0.308,0.3126,1720000,538132.0,EQNL
2013-06-06,0.3149,0.3198,0.303,0.3159,2380000,739344.0,EQNL
2013-06-07,0.3071,0.3183,0.307,0.3111,740000,228896.0,EQNL
2013-06-10,0.3101,0.32,0.31,0.313,1320000,421272.0,EQNL
2013-06-11,0.3238,0.3238,0.3061,0.31,2150000,675502.0,EQNL
2013-06-13,0.31,0.319,0.2972,0.3184,2550000,787949.0,EQNL
2013-06-14,0.3185,0.32,0.3061,0.32,2730000,869604.0,EQNL
2013-06-17,0.325,0.33,0.3241,0.3267,1520000,497879.0,EQNL
2013-06-18,0.3203,0.3287,0.32,0.321,3840000,1240532.0,EQNL
2013-06-19,0.3138,0.3295,0.3121,0.326,2310000,740812.0,EQNL
2013-06-20,0.3212,0.332,0.3202,0.325,2410000,791661.0,EQNL
2013-06-21,0.3212,0.3275,0.3115,0.3243,1910000,610249.0,EQNL
2013-06-24,0.32,0.3259,0.315,0.319,420000,135539.0,EQNL
2013-06-25,0.3131,0.3247,0.3122,0.318,2090000,667772.0,EQNL
2013-06-26,0.3203,0.3244,0.3162,0.3167,1940000,621685.0,EQNL
2013-06-27,0.3199,0.321,0.3115,0.321,4160000,1316461.0,EQNL
2013-06-28,0.32,0.32,0.3112,0.3171,790000,248317.0,EQNL
2013-07-01,0.3107,0.3148,0.3106,0.3148,170000,52862.0,EQNL
2013-07-02,0.3132,0.318,0.3101,0.3176,1890000,595905.0,EQNL
2013-07-03,0.317,0.3197,0.31,0.319,6140000,1942945.0,EQNL
2013-07-04,0.317,0.3245,0.3106,0.3213,3370000,1077426.0,EQNL
2013-07-05,0.3218,0.333,0.3165,0.333,5340000,1759792.0,EQNL
2013-07-08,0.33,0.3469,0.328,0.3321,8570000,2881820.0,EQNL
2013-07-09,0.3301,0.3396,0.329,0.3333,1740000,580214.0,EQNL
2013-07-10,0.3375,0.3375,0.32,0.328,520000,171380.0,EQNL
2013-07-11,0.3285,0.3309,0.3251,0.326,580000,190593.0,EQNL
2013-07-12,0.3299,0.333,0.3299,0.3316,460000,152397.0,EQNL
2013-07-15,0.333,0.3375,0.333,0.3369,2670000,895993.0,EQNL
2013-07-16,0.3351,0.3379,0.335,0.3375,1010000,339033.0,EQNL
2013-07-17,0.338,0.35,0.338,0.35,2190000,751537.0,EQNL
2013-07-18,0.35,0.37,0.346,0.3545,5330000,1887804.0,EQNL
2013-07-19,0.36,0.3699,0.35,0.354,1510000,538669.0,EQNL
2013-07-22,0.3511,0.3513,0.3511,0.3513,50000,17559.0,EQNL
2013-07-23,0.3549,0.36,0.351,0.359,400000,142379.0,EQNL
2013-07-24,0.3486,0.3551,0.3446,0.3529,980000,340337.0,EQNL
2013-07-25,0.353,0.3531,0.3447,0.345,2000000,693136.0,EQNL
2013-07-26,0.34,0.3444,0.34,0.3429,1290000,439112.0,EQNL
2013-07-29,0.3428,0.343,0.3311,0.3351,830000,278116.0,EQNL
2013-07-30,0.3346,0.3351,0.3312,0.335,620000,207130.0,EQNL
2013-07-31,0.3388,0.3427,0.3314,0.3314,2390000,810354.0,EQNL
2013-08-01,0.3499,0.3567,0.337,0.337,460000,156725.0,EQNL
2013-08-02,0.3397,0.34,0.3221,0.3364,790000,263863.0,EQNL
2013-08-05,0.3389,0.35,0.3231,0.338,6360000,2159461.0,EQNL
2013-08-06,0.3401,0.3401,0.3381,0.3381,2930000,996159.0,EQNL
2013-08-07,0.3399,0.34,0.3311,0.3395,660000,221162.0,EQNL
2013-08-08,0.3404,0.3404,0.3341,0.3341,70000,23702.0,EQNL
2013-08-09,0.3315,0.335,0.33,0.3315,600000,198929.0,EQNL
2013-08-12,0.3304,0.3305,0.328,0.33,510000,168336.0,EQNL
2013-08-13,0.3301,0.3387,0.3301,0.336,2730000,918295.0,EQNL
2013-08-14,0.3398,0.344,0.334,0.3388,20140000,6812145.0,EQNL
2013-08-15,0.3354,0.3398,0.3337,0.3398,1480000,501396.0,EQNL
2013-08-16,0.3351,0.3382,0.3062,0.335,3520000,1158376.0,EQNL
2013-08-19,0.3301,0.3372,0.329,0.329,610000,203613.0,EQNL
2013-08-20,0.3355,0.3364,0.3301,0.3351,450000,150773.0,EQNL
2013-08-21,0.3303,0.339,0.33,0.339,1890000,630846.0,EQNL
2013-08-22,0.3313,0.3374,0.3313,0.3355,410000,137094.0,EQNL
2013-08-23,0.3321,0.338,0.332,0.3375,500000,167248.0,EQNL
2013-08-26,0.3315,0.3374,0.322,0.3348,2330000,762503.0,EQNL
2013-08-27,0.33,0.3348,0.3235,0.3348,590000,193309.0,EQNL
2013-08-28,0.3324,0.3324,0.3269,0.3297,1240000,407090.0,EQNL
2013-08-29,0.326,0.3297,0.322,0.3297,710000,231593.0,EQNL
2013-08-30,0.328,0.337,0.3231,0.3231,2500000,825090.0,EQNL
2013-09-02,0.3181,0.328,0.3,0.318,2280000,711691.0,TQNL
2013-09-03,0.3178,0.3199,0.3101,0.3199,470000,148112.0,TQNL
2013-09-04,0.3158,0.3243,0.315,0.3218,140000,44418.0,TQNL
2013-09-05,0.32,0.3219,0.3188,0.3219,130000,41719.0,TQNL
2013-09-06,0.3201,0.3201,0.3152,0.3152,270000,86085.0,TQNL
2013-09-09,0.3105,0.3256,0.3103,0.3256,300000,95719.0,TQNL
2013-09-10,0.3256,0.3256,0.3103,0.32,1840000,586888.0,TQNL
2013-09-11,0.316,0.3198,0.3133,0.3198,170000,54064.0,TQNL
2013-09-12,0.311,0.332,0.311,0.32,170000,55062.0,TQNL
2013-09-13,0.316,0.32,0.3145,0.315,710000,223864.0,TQNL
2013-09-16,0.3148,0.318,0.313,0.318,190000,59840.0,TQNL
2013-09-17,0.3136,0.3136,0.3115,0.3115,160000,50031.0,TQNL
2013-09-18,0.313,0.3151,0.31,0.3126,520000,161954.0,TQNL
2013-09-19,0.3134,0.3171,0.3095,0.3102,2540000,792288.0,TQNL
2013-09-20,0.31,0.3131,0.3078,0.312,2050000,635820.0,TQNL
2013-09-23,0.31,0.3103,0.308,0.308,490000,151620.0,TQNL
2013-09-24,0.3062,0.3174,0.3062,0.31,770000,239940.0,TQNL
2013-09-25,0.311,0.3179,0.3094,0.3179,1950000,612656.0,TQNL
2013-09-26,0.3151,0.3151,0.3126,0.3126,1160000,364856.0,TQNL
2013-09-27,0.3147,0.3149,0.3124,0.3124,3110000,977952.0,TQNL
2013-09-30,0.311,0.312,0.3089,0.3094,2150000,666848.0,TQNL
2013-10-01,0.3097,0.31,0.3066,0.308,2060000,637886.0,TQNL
2013-10-02,0.3083,0.3123,0.3083,0.31,430000,133210.0,TQNL
2013-10-03,0.311,0.3111,0.3081,0.3098,110000,34128.0,TQNL
2013-10-04,0.31,0.3128,0.3065,0.3111,480000,148178.0,TQNL
2013-10-07,0.31,0.3159,0.3082,0.3159,680000,211456.0,TQNL
2013-10-08,0.311,0.311,0.309,0.31,1060000,328617.0,TQNL
2013-10-09,0.3093,0.3139,0.307,0.3075,710000,218676.0,TQNL
2013-10-10,0.3077,0.31,0.307,0.3071,360000,111007.0,TQNL
2013-10-11,0.308,0.31,0.308,0.31,350000,108239.0,TQNL
2013-10-14,0.3088,0.3124,0.3088,0.31,260000,80646.0,TQNL
2013-10-15,0.31,0.31,0.308,0.308,340000,104891.0,TQNL
2013-10-16,0.308,0.309,0.2999,0.3,3920000,1183188.0,TQNL
2013-10-17,0.3,0.3001,0.2812,0.2943,2840000,829148.0,TQNL
2013-10-18,0.2915,0.2953,0.2902,0.2939,340000,99332.0,TQNL
2013-10-21,0.295,0.295,0.285,0.2894,4540000,1313330.0,TQNL
2013-10-22,0.2995,0.2999,0.289,0.29,1940000,563439.0,TQNL
2013-10-23,0.29,0.3028,0.288,0.292,2250000,665906.0,TQNL
2013-10-24,0.2939,0.2939,0.2828,0.289,1440000,416573.0,TQNL
2013-10-25,0.2891,0.2987,0.282,0.2868,3440000,989575.0,TQNL
2013-10-28,0.2916,0.2916,0.2838,0.2869,540000,154919.0,TQNL
2013-10-29,0.287,0.2875,0.2818,0.2875,1230000,349656.0,TQNL
2013-10-30,0.2889,0.2889,0.283,0.283,560000,159560.0,TQNL
2013-10-31,0.2869,0.2869,0.2822,0.2826,840000,238956.0,TQNL
2013-11-01,0.2823,0.2854,0.2822,0.2845,240000,67879.0,TQNL
2013-11-05,0.283,0.2831,0.2802,0.2825,620000,174402.0,TQNL
2013-11-06,0.2868,0.2868,0.28,0.28,830000,233170.0,TQNL
2013-11-07,0.281,0.281,0.279,0.2798,240000,67075.0,TQNL
2013-11-08,0.2772,0.28,0.2751,0.2786,200000,55247.0,TQNL
2013-11-11,0.2826,0.2826,0.2826,0.2826,20000,5652.0,TQNL
2013-11-12,0.2762,0.2865,0.2762,0.28,480000,135492.0,TQNL
2013-11-13,0.2875,0.2875,0.28,0.28,410000,116211.0,TQNL
2013-11-14,0.28,0.28,0.2743,0.2791,820000,227963.0,TQNL
2013-11-15,0.28,0.28,0.2751,0.2751,40000,11102.0,TQNL
2013-11-18,0.28,0.285,0.28,0.2812,1450000,411998.0,TQNL
2013-11-19,0.287,0.287,0.2626,0.272,6800000,1822771.0,TQNL
2013-11-20,0.27,0.2718,0.2588,0.2656,1520000,405152.0,TQNL
2013-11-21,0.265,0.2685,0.261,0.2653,2540000,672547.0,TQNL
2013-11-22,0.2775,0.2775,0.259,0.2601,2430000,633915.0,TQNL
2013-11-25,0.2631,0.268,0.2601,0.2653,860000,229396.0,TQNL
2013-11-26,0.2642,0.27,0.2409,0.241,12740000,3174554.0,TQNL
2013-11-27,0.2524,0.2545,0.2379,0.2381,3130000,757114.0,TQNL
2013-11-28,0.241,0.242,0.239,0.24,1960000,470587.0,TQNL
2013-11-29,0.24,0.25,0.2391,0.2498,2080000,513447.0,TQNL
2013-12-02,0.2498,0.2526,0.246,0.2526,290000,71954.0,TQNL
2013-12-03,0.2461,0.2593,0.24,0.2497,2990000,735009.0,TQNL
2013-12-04,0.2407,0.2539,0.2405,0.2472,1180000,291461.0,TQNL
2013-12-05,0.2431,0.2513,0.2431,0.2481,2760000,688691.0,TQNL
2013-12-06,0.248,0.2596,0.248,0.2547,2140000,544849.0,TQNL
2013-12-09,0.255,0.255,0.249,0.25,1940000,486552.0,TQNL
2013-12-10,0.2501,0.2544,0.2485,0.25,3270000,818094.0,TQNL
2013-12-11,0.25,0.2529,0.2494,0.25,1440000,360142.0,TQNL
2013-12-12,0.2475,0.25,0.2465,0.2499,1280000,318241.0,TQNL
2013-12-13,0.255,0.256,0.2481,0.2514,670000,168704.0,TQNL
2013-12-16,0.2505,0.257,0.2472,0.257,21540000,5403607.0,TQNL
2013-12-17,0.2547,0.262,0.2501,0.262,17270000,4491483.0,TQNL
2013-12-18,0.263,0.268,0.257,0.268,16320000,4308587.0,TQNL
2013-12-19,0.2632,0.275,0.26,0.275,15110000,4070754.0,TQNL
2013-12-20,0.275,0.282,0.2701,0.2819,31070000,8660634.0,TQNL
2013-12-23,0.2821,0.298,0.28,0.293,13080000,3751610.0,TQNL
2013-12-24,0.2925,0.299,0.29,0.292,2640000,782772.0,TQNL
2013-12-25,0.2905,0.2915,0.2712,0.2915,5110000,1434318.0,TQNL
2013-12-26,0.2889,0.2954,0.2766,0.29,5550000,1611984.0,TQNL
2013-12-27,0.2902,0.3001,0.2826,0.3,19210000,5671191.0,TQNL
2013-12-30,0.3,0.304,0.265,0.27,124130000,37187314.0,TQNL
2014-01-06,0.2625,0.3001,0.2625,0.299,13260000,3832396.0,TQNL
2014-01-08,0.29,0.3,0.285,0.2995,12820000,3777454.0,TQNL
2014-01-09,0.2979,0.2979,0.2901,0.2901,540000,157725.0,TQNL
2014-01-10,0.2949,0.3051,0.2949,0.2964,3200000,961252.0,TQNL
2014-01-13,0.2963,0.2965,0.284,0.289,2140000,626206.0,TQNL
2014-01-14,0.2967,0.2967,0.2846,0.292,110000,32214.0,TQNL
2014-01-15,0.2899,0.294,0.2899,0.29,450000,130703.0,TQNL
2014-01-16,0.2899,0.29,0.285,0.285,800000,229331.0,TQNL
2014-01-17,0.2895,0.29,0.2851,0.2858,1110000,319584.0,TQNL
2014-01-20,0.285,0.29,0.281,0.2824,1310000,370118.0,TQNL
2014-01-21,0.2848,0.2896,0.2813,0.2895,1150000,329685.0,TQNL
2014-01-22,0.2889,0.289,0.285,0.285,230000,65784.0,TQNL
2014-01-23,0.285,0.285,0.2804,0.2817,760000,214770.0,TQNL
2014-01-24,0.2804,0.2885,0.2802,0.2885,670000,190525.0,TQNL
2014-01-27,0.2815,0.2816,0.28,0.28,1730000,484900.0,TQNL
2014-01-28,0.2801,0.2801,0.2761,0.2773,1970000,550087.0,TQNL
2014-01-29,0.2829,0.283,0.2775,0.2775,10430000,2950617.0,TQNL
2014-01-30,0.2753,0.2754,0.2649,0.2678,5360000,1430731.0,TQNL
2014-01-31,0.2678,0.2678,0.2552,0.2649,2820000,735254.0,TQNL
2014-02-03,0.2599,0.2666,0.2599,0.26,640000,167024.0,TQNL
2014-02-04,0.2603,0.2639,0.2476,0.25,3390000,850345.0,TQNL
2014-02-05,0.25,0.2505,0.2482,0.2497,1240000,309822.0,TQNL
2014-02-06,0.2526,0.2532,0.251,0.251,260000,65557.0,TQNL
2014-02-07,0.2506,0.2539,0.2505,0.2538,1200000,302425.0,TQNL
2014-02-10,0.2579,0.2664,0.2579,0.2585,700000,183685.0,TQNL
2014-02-11,0.2665,0.27,0.2631,0.2652,2720000,727613.0,TQNL
2014-02-12,0.265,0.265,0.2599,0.2625,440000,115319.0,TQNL
2014-02-13,0.2551,0.2647,0.2551,0.2555,420000,109467.0,TQNL
2014-02-14,0.2556,0.2601,0.2556,0.26,330000,85669.0,TQNL
2014-02-17,0.2645,0.2645,0.251,0.2582,920000,235830.0,TQNL
2014-02-18,0.2554,0.2612,0.25,0.256,1480000,377539.0,TQNL
2014-02-19,0.2555,0.2556,0.2555,0.2556,80000,20443.0,TQNL
2014-02-20,0.2501,0.2519,0.2472,0.2472,740000,184912.0,TQNL
2014-02-21,0.248,0.2499,0.2475,0.248,400000,99366.0,TQNL
2014-02-24,0.248,0.249,0.2428,0.245,810000,198599.0,TQNL
2014-02-25,0.2444,0.247,0.2412,0.2412,1630000,395323.0,TQNL
2014-02-26,0.267,0.267,0.2402,0.2432,670000,163511.0,TQNL
2014-02-27,0.248,0.248,0.2399,0.2415,930000,223678.0,TQNL
2014-02-28,0.2408,0.2439,0.238,0.2439,880000,210879.0,TQNL
2014-03-03,0.238,0.2381,0.2026,0.2083,11650000,2615744.0,TQNL
2014-03-04,0.2083,0.215,0.2012,0.2145,3300000,688616.0,TQNL
2014-03-05,0.2199,0.224,0.2104,0.2168,720000,158222.0,TQNL
2014-03-06,0.2248,0.2255,0.2081,0.2194,890000,194692.0,TQNL
2014-03-07,0.2033,0.2236,0.2033,0.21,1270000,272823.0,TQNL
2014-03-11,0.2198,0.2198,0.2004,0.2146,1360000,278301.0,TQNL
2014-03-12,0.205,0.2077,0.2016,0.203,470000,95695.0,TQNL
2014-03-13,0.2071,0.2091,0.201,0.2013,1290000,261876.0,TQNL
2014-03-14,0.2001,0.2049,0.2,0.202,9700000,1941673.0,TQNL
2014-03-17,0.203,0.2189,0.203,0.217,980000,209755.0,TQNL
2014-03-18,0.217,0.25,0.2052,0.2199,1450000,318634.0,TQNL
2014-03-19,0.2151,0.222,0.2101,0.2102,1930000,416883.0,TQNL
2014-03-20,0.2104,0.219,0.206,0.2178,370000,79717.0,TQNL
2014-03-21,0.21,0.221,0.21,0.2179,1090000,236532.0,TQNL
2014-03-24,0.22,0.2235,0.2087,0.2148,1130000,242555.0,TQNL
2014-03-25,0.2137,0.2158,0.2133,0.215,290000,62302.0,TQNL
2014-03-26,0.2139,0.2167,0.2136,0.2158,310000,66810.0,TQNL
2014-03-27,0.216,0.2178,0.2061,0.2117,1970000,419244.0,TQNL
2014-03-28,0.2152,0.2178,0.2107,0.214,2710000,583334.0,TQNL
2014-03-31,0.2137,0.223,0.2137,0.2197,1460000,316323.0,TQNL
2014-04-01,0.2198,0.22,0.215,0.2176,1150000,251123.0,TQNL
2014-04-02,0.2189,0.2215,0.2163,0.2215,2780000,610902.0,TQNL
2014-04-03,0.2215,0.225,0.22,0.22,910000,202573.0,TQNL
2014-04-04,0.221,0.231,0.2202,0.2307,1130000,254751.0,TQNL
2014-04-07,0.232,0.235,0.2233,0.23,5590000,1285870.0,TQNL
2014-04-08,0.2302,0.2302,0.2301,0.2301,30000,6904.0,TQNL
2014-04-09,0.2357,0.236,0.23,0.2359,580000,135444.0,TQNL
2014-04-10,0.2323,0.2351,0.2236,0.2349,550000,127298.0,TQNL
2014-04-11,0.2331,0.234,0.2311,0.234,160000,37293.0,TQNL
2014-04-14,0.2298,0.235,0.2298,0.2321,820000,189517.0,TQNL
2014-04-15,0.2331,0.2341,0.2304,0.231,500000,116586.0,TQNL
2014-04-16,0.232,0.2332,0.2274,0.2316,610000,140601.0,TQNL
2014-04-17,0.2301,0.2301,0.224,0.224,90000,20444.0,TQNL
2014-04-18,0.2315,0.2401,0.2281,0.23,760000,177356.0,TQNL
2014-04-21,0.2323,0.247,0.2251,0.2409,2930000,701845.0,TQNL
2014-04-22,0.2372,0.2416,0.2371,0.2397,1800000,431766.0,TQNL
2014-04-23,0.2398,0.2398,0.237,0.238,350000,83141.0,TQNL
2014-04-24,0.2371,0.2371,0.23,0.231,1590000,371495.0,TQNL
2014-04-25,0.2311,0.2449,0.23,0.2429,3830000,917987.0,TQNL
2014-04-28,0.236,0.2422,0.2352,0.2422,1260000,301517.0,TQNL
2014-04-29,0.24,0.2598,0.24,0.2598,2470000,623865.0,TQNL
2014-04-30,0.2678,0.2678,0.254,0.26,810000,208996.0,TQNL
2014-05-02,0.2521,0.2521,0.2521,0.2521,10000,2521.0,TQNL
2014-05-05,0.2548,0.2585,0.2542,0.2584,420000,107195.0,TQNL
2014-05-06,0.2586,0.2586,0.254,0.255,1780000,453958.0,TQNL
2014-05-07,0.26,0.2696,0.2561,0.264,2080000,550042.0,TQNL
2014-05-08,0.2626,0.272,0.2626,0.2702,3620000,978388.0,TQNL
2014-05-12,0.2741,0.2792,0.264,0.2736,1150000,311096.0,TQNL
2014-05-13,0.2758,0.2794,0.275,0.277,430000,118770.0,TQNL
2014-05-14,0.277,0.2772,0.2756,0.2772,340000,93849.0,TQNL
2014-05-15,0.277,0.277,0.2601,0.268,960000,261599.0,TQNL
2014-05-16,0.2702,0.284,0.2668,0.2766,2660000,737024.0,TQNL
2014-05-19,0.2766,0.2812,0.27,0.275,1670000,458303.0,TQNL
2014-05-20,0.2711,0.275,0.27,0.275,2010000,545399.0,TQNL
2014-05-21,0.2749,0.275,0.2739,0.275,130000,35643.0,TQNL
2014-05-22,0.2703,0.2739,0.2703,0.2716,70000,18979.0,TQNL
2014-05-23,0.2709,0.2739,0.27,0.27,1600000,432131.0,TQNL
2014-05-26,0.2701,0.2701,0.2693,0.27,2800000,755934.0,TQNL
2014-05-27,0.27,0.2725,0.27,0.27,760000,205268.0,TQNL
2014-05-28,0.2683,0.275,0.2683,0.2703,330000,89502.0,TQNL
2014-05-29,0.2718,0.2718,0.2714,0.2714,120000,32580.0,TQNL
2014-05-30,0.2703,0.2703,0.25,0.2546,7220000,1857984.0,TQNL
2014-06-02,0.2548,0.2569,0.2522,0.2551,270000,68883.0,TQNL
2014-06-03,0.2501,0.2593,0.2435,0.2475,2030000,507647.0,TQNL
2014-06-04,0.243,0.246,0.2276,0.2459,1030000,249660.0,TQNL
2014-06-05,0.2478,0.25,0.2462,0.2478,230000,57109.0,TQNL
2014-06-06,0.24,0.261,0.2399,0.2457,6780000,1743000.0,TQNL
2014-06-09,0.2457,0.2476,0.2427,0.243,760000,186043.0,TQBR
2014-06-10,0.2406,0.2478,0.2403,0.2478,600000,147477.0,TQBR
2014-06-11,0.2518,0.2594,0.2516,0.255,1690000,431085.0,TQBR
2014-06-16,0.2453,0.2535,0.245,0.2529,1190000,295245.0,TQBR
2014-06-17,0.259,0.259,0.25,0.25,2180000,546869.0,TQBR
2014-06-18,0.2521,0.2525,0.2521,0.2525,770000,194418.0,TQBR
2014-06-19,0.2501,0.2522,0.25,0.2522,80000,20045.0,TQBR
2014-06-20,0.2502,0.2509,0.25,0.2501,370000,92517.0,TQBR
2014-06-23,0.25,0.255,0.25,0.25,2430000,607782.0,TQBR
2014-06-24,0.2502,0.255,0.2501,0.255,560000,141516.0,TQBR
2014-06-25,0.2503,0.255,0.25,0.255,480000,121498.0,TQBR
2014-06-26,0.2502,0.2531,0.2501,0.2522,900000,226964.0,TQBR
2014-06-27,0.2453,0.2534,0.245,0.2501,940000,234231.0,TQBR
2014-06-30,0.2502,0.2526,0.25,0.2526,430000,107533.0,TQBR
2014-07-01,0.2501,0.2501,0.2475,0.25,1130000,282438.0,TQBR
2014-07-02,0.2503,0.26,0.246,0.2525,420000,106588.0,TQBR
2014-07-03,0.2597,0.2599,0.2488,0.251,1130000,285688.0,TQBR
2014-07-04,0.2523,0.2524,0.2523,0.2524,100000,25238.0,TQBR
2014-07-07,0.2502,0.2508,0.2452,0.2504,300000,74534.0,TQBR
2014-07-08,0.2538,0.254,0.2498,0.2498,330000,82949.0,TQBR
2014-07-09,0.2473,0.2473,0.2448,0.245,620000,152480.0,TQBR
2014-07-10,0.2452,0.2503,0.2452,0.2503,1560000,389274.0,TQBR
2014-07-11,0.2468,0.2472,0.2382,0.2465,650000,158260.0,TQBR
2014-07-14,0.246,0.2499,0.2447,0.2474,250000,61526.0,TQBR
2014-07-15,0.2461,0.2482,0.246,0.2481,270000,66676.0,TQBR
2014-07-16,0.247,0.255,0.247,0.25,2090000,519584.0,TQBR
2014-07-17,0.2431,0.2499,0.2364,0.2498,400000,98005.0,TQBR
2014-07-18,0.2456,0.2701,0.24,0.2532,2770000,694294.0,TQBR
2014-07-21,0.2525,0.2527,0.2402,0.2478,810000,199992.0,TQBR
2014-07-22,0.2423,0.2496,0.2423,0.247,2300000,568628.0,TQBR
2014-07-23,0.2491,0.2491,0.249,0.249,50000,12454.0,TQBR
2014-07-24,0.247,0.251,0.247,0.251,280000,69890.0,TQBR
2014-07-25,0.2546,0.27,0.2504,0.2536,1950000,504190.0,TQBR
2014-07-28,0.27,0.27,0.2534,0.2546,3650000,943953.0,TQBR
2014-07-29,0.2566,0.2701,0.2566,0.27,4670000,1220802.0,TQBR
2014-07-30,0.27,0.27,0.2635,0.2635,70000,18578.0,TQBR
2014-07-31,0.267,0.267,0.2623,0.2623,220000,58453.0,TQBR
2014-08-01,0.261,0.2766,0.2501,0.2599,940000,242119.0,TQBR
2014-08-04,0.2626,0.2626,0.255,0.255,510000,131041.0,TQBR
2014-08-05,0.2524,0.2569,0.2499,0.2525,340000,86488.0,TQBR
2014-08-06,0.2524,0.2543,0.2478,0.2478,5170000,1292181.0,TQBR
2014-08-07,0.2489,0.2552,0.2489,0.249,5440000,1363759.0,TQBR
2014-08-08,0.25,0.252,0.25,0.25,2190000,549629.0,TQBR
2014-08-11,0.255,0.255,0.2485,0.2499,690000,172523.0,TQBR
2014-08-12,0.253,0.2534,0.2484,0.2501,86340000,21585292.0,TQBR
2014-08-13,0.251,0.2597,0.251,0.2517,220000,56109.0,TQBR
2014-08-14,0.25,0.2533,0.25,0.2525,190000,47940.0,TQBR
2014-08-15,0.2513,0.2525,0.25,0.25,2730000,682897.0,TQBR
2014-08-18,0.2525,0.2525,0.2525,0.2525,600000,151500.0,TQBR
2014-08-19,0.2544,0.26,0.2536,0.2565,330000,84255.0,TQBR
2014-08-20,0.2562,0.2565,0.253,0.253,570000,144684.0,TQBR
2014-08-21,0.2547,0.256,0.2525,0.2537,770000,195144.0,TQBR
2014-08-22,0.2553,0.2557,0.2532,0.2547,640000,162761.0,TQBR
2014-08-25,0.2548,0.257,0.2526,0.2545,480000,122921.0,TQBR
2014-08-26,0.2551,0.2551,0.2548,0.2548,110000,28034.0,TQBR
2014-08-27,0.253,0.2547,0.2525,0.2525,5520000,1394401.0,TQBR
2014-08-28,0.2526,0.2547,0.2525,0.2525,6960000,1757679.0,TQBR
2014-08-29,0.2525,0.2585,0.2525,0.2566,4280000,1081156.0,TQBR
2014-09-01,0.2503,0.2537,0.2503,0.2537,4060000,1025251.0,TQBR
2014-09-02,0.2526,0.2599,0.2526,0.2557,2200000,570728.0,TQBR
2014-09-03,0.2529,0.2588,0.2525,0.2588,4010000,1020900.0,TQBR
2014-09-04,0.2587,0.26,0.2561,0.258,1040000,270141.0,TQBR
2014-09-05,0.2538,0.2575,0.2525,0.2563,1190000,301738.0,TQBR
2014-09-08,0.2586,0.26,0.254,0.26,3250000,842504.0,TQBR
2014-09-09,0.258,0.26,0.258,0.2598,5590000,1453178.0,TQBR
2014-09-10,0.2553,0.26,0.254,0.2579,1010000,259171.0,TQBR
2014-09-11,0.2599,0.2599,0.2453,0.2453,3780000,951103.0,TQBR
2014-09-12,0.25,0.258,0.247,0.2558,755070000,186582374.0,TQBR
2014-09-15,0.2579,0.2829,0.2532,0.2618,1060000,277065.0,TQBR
2014-09-16,0.258,0.2665,0.2561,0.2653,3270000,866249.0,TQBR
2014-09-17,0.2649,0.272,0.264,0.27,4440000,1193561.0,TQBR
2014-09-18,0.2793,0.2808,0.2602,0.2602,5510000,1540117.0,TQBR
2014-09-19,0.2767,0.277,0.275,0.275,90000,24897.0,TQBR
2014-09-22,0.2735,0.283,0.2581,0.2729,774070000,210230250.0,TQBR
2014-09-23,0.2748,0.2905,0.2748,0.2876,9770000,2775601.0,TQBR
2014-09-24,0.2868,0.2957,0.2815,0.29,6040000,1732700.0,TQBR
2014-09-25,0.2893,0.2918,0.2884,0.2884,280000,81134.0,TQBR
2014-09-26,0.2882,0.2899,0.286,0.287,2950000,849651.0,TQBR
2014-09-29,0.2947,0.2988,0.29,0.29,5720000,1686300.0,TQBR
2014-09-30,0.2803,0.2894,0.2803,0.2875,330000,94343.0,TQBR
2014-10-01,0.29,0.29,0.285,0.29,2010000,580520.0,TQBR
2014-10-02,0.289,0.289,0.287,0.287,5520000,1588250.0,TQBR
2014-10-03,0.29,0.3,0.286,0.3,2280000,661260.0,TQBR
2014-10-06,0.298,0.308,0.298,0.308,1660000,500220.0,TQBR
2014-10-07,0.308,0.329,0.308,0.324,5440000,1763750.0,TQBR
2014-10-08,0.301,0.316,0.298,0.302,1590000,481120.0,TQBR
2014-10-09,0.301,0.305,0.3,0.305,730000,219800.0,TQBR
2014-10-10,0.3,0.305,0.3,0.305,1080000,324050.0,TQBR
2014-10-13,0.324,0.324,0.324,0.324,2500,810.0,SMAL
2014-10-14,0.3,0.301,0.3,0.3,750000,225010.0,TQBR
2014-10-15,0.3,0.305,0.3,0.301,1100000,330250.0,TQBR
2014-10-16,0.3,0.315,0.3,0.313,4620000,1444710.0,TQBR
2014-10-17,0.313,0.314,0.307,0.311,1890000,587060.0,TQBR
2014-10-20,0.316,0.318,0.31,0.312,670000,208750.0,TQBR
2014-10-21,0.319,0.323,0.311,0.321,540000,172330.0,TQBR
2014-10-22,0.317,0.323,0.316,0.323,550000,175580.0,TQBR
2014-10-23,0.32,0.322,0.309,0.314,3090000,964710.0,TQBR
2014-10-24,0.32,0.335,0.32,0.33,1860000,603120.0,TQBR
2014-10-27,0.334,0.36,0.328,0.35,6350000,2268710.0,TQBR
2014-10-28,0.336,0.347,0.336,0.343,560000,192650.0,TQBR
2014-10-29,0.331,0.341,0.33,0.336,1970000,659650.0,TQBR
2014-10-30,0.34,0.341,0.34,0.341,570000,194000.0,TQBR
2014-10-31,0.34,0.347,0.34,0.345,4770000,1645070.0,TQBR
2014-11-03,0.345,0.354,0.322,0.347,1160000,387240.0,TQBR
2014-11-05,0.345,0.351,0.345,0.345,1630000,570110.0,TQBR
2014-11-06,0.34,0.358,0.33,0.355,2700000,951230.0,TQBR
2014-11-07,0.357,0.358,0.355,0.355,3070000,1095080.0,TQBR
2014-11-10,0.345,0.35,0.335,0.34,12150000,4142640.0,TQBR
2014-11-11,0.348,0.349,0.334,0.337,5650000,1898350.0,TQBR
2014-11-12,0.343,0.344,0.338,0.34,370000,126450.0,TQBR
2014-11-13,0.336,0.338,0.335,0.336,230000,77200.0,TQBR
2014-11-14,0.332,0.34,0.303,0.323,1730000,566360.0,TQBR
2014-11-17,0.304,0.304,0.304,0.304,4000,1216.0,SMAL
2014-11-18,0.35,0.35,0.32,0.32,150000,48860.0,TQBR
2014-11-19,0.318,0.32,0.295,0.305,1270000,387570.0,TQBR
2014-11-20,0.305,0.316,0.281,0.31,1210000,364100.0,TQBR
2014-11-21,0.31,0.346,0.31,0.31,2840000,939180.0,TQBR
2014-11-24,0.305,0.321,0.305,0.314,150000,47380.0,TQBR
2014-11-25,0.311,0.32,0.302,0.32,2180000,670410.0,TQBR
2014-11-26,0.32,0.325,0.32,0.325,650000,208380.0,TQBR
2014-11-27,0.311,0.344,0.311,0.325,2470000,827420.0,TQBR
2014-11-28,0.325,0.328,0.323,0.323,850000,275880.0,TQBR
2014-12-01,0.311,0.349,0.308,0.33,22840000,7671320.0,TQBR
2014-12-02,0.321,0.332,0.283,0.326,1980000,644590.0,TQBR
2014-12-03,0.326,0.339,0.325,0.339,880000,293360.0,TQBR
2014-12-04,0.338,0.345,0.325,0.326,530000,174470.0,TQBR
2014-12-05,0.329,0.329,0.326,0.326,70000,22860.0,TQBR
2014-12-08,0.33,0.332,0.299,0.302,3150000,1018060.0,TQBR
2014-12-09,0.3,0.325,0.29,0.325,440000,132510.0,TQBR
2014-12-10,0.293,0.308,0.286,0.305,330000,98730.0,TQBR
2014-12-11,0.301,0.32,0.301,0.307,10020000,3129340.0,TQBR
2014-12-12,0.306,0.32,0.3,0.3,1180000,365950.0,TQBR
2014-12-15,0.31,0.338,0.297,0.336,5670000,1806450.0,TQBR
2014-12-16,0.323,0.349,0.285,0.3,11120000,3438470.0,TQBR
2014-12-17,0.3,0.3,0.272,0.29,1720000,482720.0,TQBR
2014-12-18,0.291,0.326,0.29,0.32,2500000,780920.0,TQBR
2014-12-19,0.307,0.321,0.291,0.321,1770000,540040.0,TQBR
2014-12-22,0.324,0.345,0.324,0.34,7550000,2551920.0,TQBR
2014-12-23,0.331,0.331,0.301,0.331,520000,164450.0,TQBR
2014-12-24,0.318,0.321,0.293,0.32,1480000,469160.0,TQBR
2014-12-25,0.31,0.31,0.304,0.304,90000,27560.0,TQBR
2014-12-26,0.305,0.329,0.3,0.329,1090000,343440.0,TQBR
2014-12-29,0.312,0.331,0.3,0.331,980000,306950.0,TQBR
2014-12-30,0.318,0.338,0.3,0.338,259140000,85547410.0,TQBR
2015-01-05,0.318,0.35,0.318,0.35,2110000,713560.0,TQBR
2015-01-06,0.339,0.372,0.339,0.371,1610000,585900.0,TQBR
2015-01-08,0.375,0.376,0.35,0.376,1090000,395540.0,TQBR
2015-01-09,0.365,0.385,0.362,0.385,1150000,430640.0,TQBR
2015-01-12,0.345,0.365,0.345,0.36,4150000,1492060.0,TQBR
2015-01-13,0.353,0.359,0.345,0.357,190000,67370.0,TQBR
2015-01-14,0.349,0.36,0.349,0.36,1000000,354060.0,TQBR
2015-01-15,0.357,0.357,0.349,0.349,250000,87610.0,TQBR
2015-01-16,0.349,0.36,0.341,0.355,1450000,509630.0,TQBR
2015-01-19,0.35,0.354,0.346,0.354,1200000,421050.0,TQBR
2015-01-21,0.35,0.365,0.35,0.36,3880000,1376040.0,TQBR
2015-01-22,0.359,0.366,0.359,0.365,150000,54160.0,TQBR
2015-01-23,0.373,0.373,0.35,0.36,1180000,424080.0,TQBR
2015-01-26,0.351,0.364,0.325,0.36,4160000,1492900.0,TQBR
2015-01-27,0.359,0.366,0.35,0.366,1420000,515670.0,TQBR
2015-01-28,0.369,0.393,0.369,0.393,6230000,2386180.0,TQBR
2015-01-29,0.39,0.396,0.39,0.394,4240000,1671600.0,TQBR
2015-01-30,0.39,0.415,0.377,0.379,2280000,897730.0,TQBR
2015-02-02,0.37,0.387,0.369,0.372,1220000,461740.0,TQBR
2015-02-03,0.379,0.379,0.37,0.372,1000000,377900.0,TQBR
2015-02-04,0.363,0.37,0.351,0.36,1820000,654280.0,TQBR
2015-02-05,0.36,0.363,0.36,0.363,100000,36170.0,TQBR
2015-02-06,0.389,0.389,0.362,0.362,390000,141770.0,TQBR
2015-02-09,0.357,0.368,0.357,0.368,260000,94340.0,TQBR
2015-02-10,0.369,0.386,0.352,0.36,850000,308620.0,TQBR
2015-02-11,0.36,0.366,0.359,0.359,280000,101510.0,TQBR
2015-02-12,0.365,0.387,0.362,0.387,730000,274890.0,TQBR
2015-02-13,0.384,0.39,0.376,0.39,2460000,947510.0,TQBR
2015-02-16,0.381,0.39,0.375,0.375,780000,299190.0,TQBR
2015-02-17,0.39,0.39,0.361,0.37,590000,220300.0,TQBR
2015-02-18,0.37,0.37,0.362,0.362,160000,58540.0,TQBR
2015-02-19,0.369,0.374,0.361,0.361,340000,124550.0,TQBR
2015-02-20,0.365,0.368,0.364,0.364,160000,58710.0,TQBR
2015-02-24,0.351,0.366,0.349,0.362,1180000,421820.0,TQBR
2015-02-25,0.364,0.364,0.35,0.357,270000,96510.0,TQBR
2015-02-26,0.352,0.368,0.35,0.354,900000,319310.0,TQBR
2015-02-27,0.357,0.374,0.357,0.361,670000,243710.0,TQBR
2015-03-02,0.361,0.368,0.361,0.365,1040000,379550.0,TQBR
2015-03-03,0.366,0.367,0.365,0.366,220000,80430.0,TQBR
2015-03-04,0.37,0.375,0.367,0.367,320000,119160.0,TQBR
2015-03-05,0.36,0.362,0.356,0.36,1550000,558190.0,TQBR
2015-03-06,0.357,0.371,0.357,0.362,610000,223460.0,TQBR
2015-03-10,0.367,0.38,0.33,0.342,2410000,852260.0,TQBR
2015-03-11,0.343,0.349,0.339,0.345,680000,234280.0,TQBR
2015-03-12,0.347,0.351,0.346,0.351,200000,69720.0,TQBR
2015-03-13,0.36,0.379,0.347,0.365,2230000,803690.0,TQBR
2015-03-16,0.329,0.334,0.329,0.334,1300,429.2,SMAL
2015-03-17,0.362,0.365,0.36,0.36,3860000,1390500.0,TQBR
2015-03-18,0.373,0.395,0.301,0.361,1830000,665420.0,TQBR
2015-03-19,0.36,0.41,0.348,0.401,18860000,7373270.0,TQBR
2015-03-20,0.401,0.401,0.375,0.39,2510000,979000.0,TQBR
2015-03-23,0.385,0.385,0.37,0.372,260000,98050.0,TQBR
2015-03-24,0.372,0.372,0.36,0.365,630000,228390.0,TQBR
2015-03-25,0.365,0.366,0.358,0.359,250000,90240.0,TQBR
2015-03-26,0.36,0.36,0.358,0.358,60000,21570.0,TQBR
2015-03-27,0.356,0.356,0.35,0.356,610000,214580.0,TQBR
2015-03-30,0.356,0.357,0.341,0.35,2230000,767670.0,TQBR
2015-03-31,0.35,0.367,0.35,0.36,1300000,465760.0,TQBR
2015-04-01,0.358,0.361,0.35,0.361,590000,208980.0,TQBR
2015-04-02,0.359,0.36,0.351,0.354,500000,176920.0,TQBR
2015-04-03,0.352,0.358,0.35,0.354,2220000,778160.0,TQBR
2015-04-06,0.345,0.355,0.345,0.353,250000,88480.0,TQBR
2015-04-07,0.352,0.356,0.352,0.356,140000,49740.0,TQBR
2015-04-08,0.356,0.36,0.35,0.35,1390000,488580.0,TQBR
2015-04-09,0.356,0.363,0.35,0.363,480000,169470.0,TQBR
2015-04-10,0.351,0.353,0.35,0.352,130000,45590.0,TQBR
2015-04-13,0.364,0.364,0.364,0.364,100000,36400.0,TQBR
2015-04-14,0.369,0.371,0.35,0.354,390000,141320.0,TQBR
2015-04-15,0.357,0.36,0.346,0.346,420000,146940.0,TQBR
2015-04-16,0.343,0.355,0.343,0.352,40000,14020.0,TQBR
2015-04-17,0.352,0.358,0.35,0.352,790000,278490.0,TQBR
2015-04-20,0.355,0.355,0.353,0.355,360000,127750.0,TQBR
2015-04-21,0.359,0.363,0.35,0.352,300000,106340.0,TQBR
2015-04-22,0.345,0.35,0.335,0.342,530000,182240.0,TQBR
2015-04-23,0.35,0.35,0.336,0.346,410000,140160.0,TQBR
2015-04-24,0.347,0.357,0.332,0.351,2600000,900510.0,TQBR
2015-04-27,0.342,0.355,0.341,0.355,1270000,444630.0,TQBR
2015-04-28,0.351,0.365,0.35,0.365,2360000,829040.0,TQBR
2015-04-29,0.365,0.37,0.356,0.37,1290000,474570.0,TQBR
2015-04-30,0.37,0.376,0.368,0.371,260000,96930.0,TQBR
2015-05-05,0.37,0.377,0.37,0.375,260000,96700.0,TQBR
2015-05-06,0.377,0.377,0.365,0.374,1130000,419090.0,TQBR
2015-05-07,0.365,0.371,0.365,0.37,2670000,987810.0,TQBR
2015-05-08,0.366,0.37,0.36,0.36,9070000,3327360.0,TQBR
2015-05-12,0.359,0.36,0.34,0.355,11580000,4032690.0,TQBR
2015-05-13,0.359,0.368,0.351,0.356,1080000,386890.0,TQBR
2015-05-14,0.352,0.356,0.348,0.351,540000,188790.0,TQBR
2015-05-15,0.356,0.357,0.355,0.355,200000,71170.0,TQBR
2015-05-18,0.355,0.357,0.355,0.357,720000,256740.0,TQBR
2015-05-19,0.351,0.359,0.35,0.357,630000,223050.0,TQBR
2015-05-20,0.351,0.355,0.35,0.35,240000,84230.0,TQBR
2015-05-21,0.351,0.352,0.346,0.352,250000,87390.0,TQBR
2015-05-22,0.35,0.353,0.35,0.35,60000,21060.0,TQBR
2015-05-25,0.351,0.358,0.351,0.353,870000,307320.0,TQBR
2015-05-26,0.353,0.36,0.349,0.355,2480000,878190.0,TQBR
2015-05-27,0.356,0.364,0.35,0.36,1990000,714160.0,TQBR
2015-05-28,0.359,0.362,0.347,0.36,2230000,797890.0,TQBR
2015-05-29,0.361,0.365,0.351,0.351,15130000,5471850.0,TQBR
2015-06-01,0.351,0.353,0.345,0.35,6820000,2376120.0,TQBR
2015-06-02,0.35,0.36,0.35,0.35,2510000,900080.0,TQBR
2015-06-03,0.351,0.355,0.351,0.355,480000,169610.0,TQBR
2015-06-04,0.352,0.352,0.35,0.35,1110000,388800.0,TQBR
2015-06-05,0.35,0.352,0.345,0.351,1790000,625200.0,TQBR
2015-06-08,0.35,0.351,0.35,0.35,4870000,1704550.0,TQBR
2015-06-09,0.349,0.352,0.349,0.35,490000,171540.0,TQBR
2015-06-10,0.348,0.349,0.346,0.348,770000,267820.0,TQBR
2015-06-11,0.348,0.348,0.34,0.34,5040000,1737290.0,TQBR
2015-06-15,0.34,0.345,0.33,0.336,3010000,1004720.0,TQBR
2015-06-16,0.343,0.355,0.342,0.355,23450000,8270580.0,TQBR
2015-06-17,0.355,0.356,0.346,0.35,5390000,1894380.0,TQBR
2015-06-18,0.349,0.355,0.349,0.354,5650000,1992630.0,TQBR
2015-06-19,0.35,0.353,0.348,0.353,190000,66710.0,TQBR
2015-06-22,0.345,0.349,0.345,0.349,150000,51990.0,TQBR
2015-06-23,0.375,0.385,0.373,0.38,44190000,16601370.0,TQBR
2015-06-24,0.377,0.38,0.375,0.38,8000000,3031700.0,TQBR
2015-06-25,0.38,0.381,0.378,0.378,1440000,545880.0,TQBR
2015-06-26,0.377,0.381,0.377,0.38,9370000,3547710.0,TQBR
2015-06-29,0.38,0.386,0.38,0.383,17060000,6553490.0,TQBR
2015-06-30,0.382,0.39,0.382,0.39,17200000,6688530.0,TQBR
2015-07-01,0.385,0.387,0.385,0.387,300000,115760.0,TQBR
2015-07-02,0.387,0.388,0.387,0.387,6250000,2418760.0,TQBR
2015-07-03,0.387,0.39,0.387,0.389,4170000,1619570.0,TQBR
2015-07-06,0.389,0.391,0.388,0.391,7790000,3034000.0,TQBR
2015-07-07,0.389,0.392,0.388,0.389,11130000,4326490.0,TQBR
2015-07-08,0.39,0.392,0.389,0.389,12590000,4918440.0,TQBR
2015-07-09,0.39,0.395,0.39,0.393,2740000,1073790.0,TQBR
2015-07-10,0.39,0.393,0.39,0.391,1770000,691390.0,TQBR
2015-07-13,0.392,0.392,0.39,0.39,5090000,1989760.0,TQBR
2015-07-14,0.392,0.392,0.391,0.391,1450000,567180.0,TQBR
2015-07-15,0.391,0.392,0.391,0.392,160000,62700.0,TQBR
2015-07-16,0.391,0.395,0.391,0.392,5050000,1991730.0,TQBR
2015-07-17,0.395,0.395,0.392,0.392,2240000,880000.0,TQBR
2015-07-20,0.392,0.392,0.389,0.391,2950000,1154030.0,TQBR
2015-07-21,0.392,0.392,0.391,0.391,230000,89940.0,TQBR
2015-07-22,0.391,0.392,0.39,0.39,2580000,1007890.0,TQBR
2015-07-23,0.391,0.392,0.39,0.391,4240000,1656370.0,TQBR
2015-07-24,0.391,0.391,0.391,0.391,960000,375360.0,TQBR
2015-07-27,0.391,0.392,0.39,0.391,1960000,765090.0,TQBR
2015-07-28,0.391,0.392,0.39,0.39,8060000,3145760.0,TQBR
2015-07-29,0.39,0.39,0.39,0.39,5090000,1985100.0,TQBR
2015-07-30,0.39,0.391,0.39,0.391,1140000,444840.0,TQBR
2015-07-31,0.39,0.391,0.39,0.39,900000,351020.0,TQBR
2015-08-03,0.39,0.396,0.39,0.395,4040000,1591180.0,TQBR
2015-08-04,0.391,0.396,0.391,0.395,3770000,1486700.0,TQBR
2015-08-05,0.392,0.395,0.392,0.395,390000,153600.0,TQBR
2015-08-06,0.395,0.397,0.391,0.396,2010000,793360.0,TQBR
2015-08-07,0.392,0.396,0.391,0.395,1080000,424930.0,TQBR
2015-08-10,0.391,0.392,0.391,0.392,310000,121270.0,TQBR
2015-08-11,0.39,0.397,0.385,0.391,2060000,810330.0,TQBR
2015-08-12,0.39,0.392,0.39,0.392,5620000,2192360.0,TQBR
2015-08-13,0.391,0.4,0.39,0.4,34380000,13664620.0,TQBR
2015-08-14,0.4,0.41,0.4,0.4,13220000,5290150.0,TQBR
2015-08-17,0.401,0.414,0.4,0.4,243400000,97619340.0,TQBR
2015-08-18,0.4,0.419,0.395,0.41,7480000,3006340.0,TQBR
2015-08-19,0.398,0.409,0.398,0.4,450000,179750.0,TQBR
2015-08-20,0.4,0.4,0.398,0.399,1540000,613750.0,TQBR
2015-08-21,0.4,0.4,0.398,0.4,2420000,966970.0,TQBR
2015-08-24,0.399,0.4,0.399,0.399,2020000,807050.0,TQBR
2015-08-25,0.4,0.4,0.399,0.4,3240000,1295050.0,TQBR
2015-08-26,0.4,0.4,0.399,0.4,1970000,786410.0,TQBR
2015-08-27,0.401,0.403,0.401,0.401,3710000,1491830.0,TQBR
2015-08-28,0.4,0.41,0.4,0.41,11620000,4693270.0,TQBR
2015-08-31,0.403,0.434,0.402,0.417,5960000,2465070.0,TQBR
2015-09-01,0.424,0.449,0.412,0.449,13240000,5661250.0,TQBR
2015-09-02,0.44,0.553,0.44,0.482,18300000,9153480.0,TQBR
2015-09-03,0.51,0.538,0.457,0.477,4660000,2322050.0,TQBR
2015-09-04,0.485,0.488,0.454,0.474,2040000,956000.0,TQBR
2015-09-07,0.47,0.5,0.47,0.484,2180000,1046410.0,TQBR
2015-09-08,0.489,0.492,0.475,0.482,5050000,2425400.0,TQBR
2015-09-09,0.49,0.497,0.483,0.496,820000,403020.0,TQBR
2015-09-10,0.489,0.508,0.481,0.491,500000,247780.0,TQBR
2015-09-11,0.481,0.483,0.469,0.47,23970000,11385310.0,TQBR
2015-09-14,0.468,0.48,0.468,0.475,910000,435100.0,TQBR
2015-09-15,0.478,0.488,0.475,0.476,970000,463540.0,TQBR
2015-09-16,0.48,0.505,0.48,0.496,760000,378240.0,TQBR
2015-09-17,0.498,0.5,0.473,0.489,1120000,557000.0,TQBR
2015-09-18,0.48,0.487,0.461,0.474,1340000,626170.0,TQBR
2015-09-21,0.479,0.492,0.479,0.481,990000,475410.0,TQBR
2015-09-22,0.484,0.486,0.48,0.481,1830000,880820.0,TQBR
2015-09-23,0.483,0.487,0.47,0.471,1540000,737810.0,TQBR
2015-09-24,0.485,0.485,0.48,0.48,1070000,513890.0,TQBR
2015-09-25,0.479,0.481,0.466,0.466,2480000,1173090.0,TQBR
2015-09-28,0.475,0.508,0.475,0.479,480000,231710.0,TQBR
2015-09-29,0.483,0.484,0.477,0.477,270000,128970.0,TQBR
2015-09-30,0.485,0.486,0.477,0.48,470000,225380.0,TQBR
2015-10-01,0.471,0.478,0.471,0.477,220000,104890.0,TQBR
2015-10-02,0.472,0.478,0.47,0.47,380000,179090.0,TQBR
2015-10-05,0.476,0.509,0.46,0.477,3230000,1504390.0,TQBR
2015-10-06,0.477,0.478,0.47,0.47,740000,349350.0,TQBR
2015-10-07,0.476,0.5,0.445,0.47,2060000,968810.0,TQBR
2015-10-08,0.5,0.5,0.466,0.466,450000,214580.0,TQBR
2015-10-09,0.466,0.469,0.466,0.468,440000,205750.0,TQBR
2015-10-12,0.47,0.47,0.451,0.451,12790000,5997440.0,TQBR
2015-10-13,0.459,0.465,0.435,0.45,2540000,1147190.0,TQBR
2015-10-14,0.448,0.448,0.424,0.429,520000,224280.0,TQBR
2015-10-15,0.421,0.438,0.415,0.424,690000,290600.0,TQBR
2015-10-16,0.46,0.46,0.415,0.446,670000,289070.0,TQBR
2015-10-19,0.431,0.435,0.427,0.435,50000,21530.0,TQBR
2015-10-20,0.421,0.436,0.41,0.415,330000,137560.0,TQBR
2015-10-21,0.414,0.438,0.41,0.42,2850000,1195210.0,TQBR
2015-10-22,0.42,0.439,0.42,0.439,280000,118800.0,TQBR
2015-10-23,0.439,0.439,0.428,0.43,2750000,1187560.0,TQBR
2015-10-26,0.428,0.439,0.417,0.43,3580000,1521180.0,TQBR
2015-10-27,0.425,0.435,0.422,0.435,1230000,530930.0,TQBR
2015-10-28,0.423,0.46,0.421,0.43,9990000,4336530.0,TQBR
2015-10-29,0.432,0.44,0.428,0.439,5090000,2216530.0,TQBR
2015-10-30,0.431,0.431,0.422,0.425,470000,200130.0,TQBR
2015-11-02,0.434,0.437,0.419,0.43,820000,349540.0,TQBR
2015-11-03,0.436,0.44,0.428,0.435,3700000,1613660.0,TQBR
2015-11-05,0.448,0.448,0.422,0.43,8050000,3573370.0,TQBR
2015-11-06,0.431,0.434,0.429,0.434,840000,361580.0,TQBR
2015-11-09,0.431,0.431,0.425,0.428,1170000,502350.0,TQBR
2015-11-10,0.43,0.443,0.423,0.43,1190000,512650.0,TQBR
2015-11-11,0.431,0.433,0.424,0.43,1360000,582610.0,TQBR
2015-11-12,0.431,0.432,0.415,0.427,3970000,1694920.0,TQBR
2015-11-13,0.426,0.426,0.416,0.417,420000,176220.0,TQBR
2015-11-16,0.416,0.426,0.413,0.42,1280000,538050.0,TQBR
2015-11-17,0.42,0.422,0.411,0.411,2870000,1199640.0,TQBR
2015-11-18,0.417,0.417,0.4,0.402,1370000,558640.0,TQBR
2015-11-19,0.41,0.41,0.392,0.402,2250000,900590.0,TQBR
2015-11-20,0.405,0.419,0.403,0.41,1130000,461830.0,TQBR
2015-11-23,0.418,0.439,0.41,0.43,4610000,1963470.0,TQBR
2015-11-24,0.422,0.422,0.402,0.415,450000,186800.0,TQBR
2015-11-25,0.406,0.415,0.399,0.415,2200000,884380.0,TQBR
2015-11-26,0.41,0.414,0.4,0.408,1040000,422740.0,TQBR
2015-11-27,0.409,0.41,0.4,0.403,1200000,484180.0,TQBR
2015-11-30,0.4,0.403,0.394,0.398,3240000,1285600.0,TQBR
2015-12-01,0.394,0.398,0.389,0.395,2510000,983430.0,TQBR
2015-12-02,0.391,0.398,0.389,0.39,2120000,827150.0,TQBR
2015-12-03,0.39,0.397,0.39,0.397,2350000,917440.0,TQBR
2015-12-04,0.391,0.394,0.385,0.39,3670000,1431630.0,TQBR
2015-12-07,0.393,0.393,0.385,0.39,3270000,1266990.0,TQBR
2015-12-08,0.391,0.391,0.39,0.39,1390000,542120.0,TQBR
2015-12-09,0.39,0.416,0.39,0.414,16870000,6835030.0,TQBR
2015-12-10,0.403,0.41,0.398,0.401,16250000,6599910.0,TQBR
2015-12-11,0.401,0.405,0.4,0.405,1410000,569700.0,TQBR
2015-12-14,0.401,0.401,0.4,0.4,2840000,1136180.0,TQBR
