date,open,high,low,close,volume,value,board
2006-12-19,3.1,3.105,3.1,3.105,20000,62050.0,EQNL
2006-12-20,3.1,3.63,3.1,3.5,1109800,3690693.0,EQNL
2006-12-21,3.61,3.61,3.35,3.35,5005200,16767465.0,EQNL
2006-12-25,3.4,3.4,3.36,3.36,3000000,10131000.0,EQNL
2006-12-26,3.5,3.5,3.105,3.5,600,2060.5,EQNL
2006-12-28,3.499,3.499,3.105,3.2,400,1300.4,EQNL
2006-12-29,4.0,4.223,3.4,4.223,5846300,19899880.0,EQNL
2007-01-23,3.32,3.35,3.32,3.35,23300,77805.0,EQNL
2007-01-24,3.398,3.398,3.36,3.385,3500,11811.6,EQNL
2007-01-25,3.396,3.396,3.34,3.34,3600,12029.6,EQNL
2007-01-29,3.47,3.47,3.42,3.42,3400,11681.0,EQNL
2007-02-01,3.41,3.41,3.41,3.41,100,341.0,EQNL
2007-02-02,3.4,3.41,3.4,3.41,1877100,6382141.0,EQNL
2007-02-05,3.45,3.685,3.45,3.65,335100,1185457.8,EQNL
2007-02-06,3.72,3.81,3.27,3.81,411500,1564001.3,EQNL
2007-02-07,3.842,3.95,3.513,3.7,39600,150210.9,EQNL
2007-02-08,3.602,3.7,3.6,3.7,29300,106254.1,EQNL
2007-02-09,3.705,3.705,3.6,3.69,421700,1554077.2,EQNL
2007-02-12,3.7,3.7,3.055,3.66,22900,83464.2,EQNL
2007-02-13,3.513,3.63,3.513,3.63,5800,20433.9,EQNL
2007-02-14,3.7,3.7,3.65,3.65,19900,73047.9,EQNL
2007-02-20,3.6,3.6,3.356,3.356,1000,3440.2,EQNL
2007-02-21,3.52,3.52,3.52,3.52,1000,3520.0,EQNL
2007-02-22,3.501,3.713,3.072,3.6,7300,24258.0,EQNL
2007-02-26,3.085,3.799,3.074,3.7,554700,2050190.1,EQNL
2007-02-27,3.7,3.7,3.65,3.65,3700,13555.0,EQNL
2007-02-28,3.213,3.48,3.034,3.48,5500,17985.2,EQNL
2007-03-01,3.62,3.62,3.62,3.62,100,362.0,EQNL
2007-03-02,3.301,3.487,3.06,3.487,30300,95937.9,EQNL
2007-03-05,3.055,3.056,3.055,3.056,2200,6722.8,EQNL
2007-03-06,3.3,3.42,3.3,3.42,2500,8298.0,EQNL
2007-03-12,3.5,3.55,3.5,3.55,14600,51310.0,EQNL
2007-03-13,3.5,3.5,3.5,3.5,14000,49000.0,EQNL
2007-03-14,3.06,3.5,3.06,3.5,1200,4112.0,EQNL
2007-03-15,3.487,3.648,3.409,3.471,18884000,65501544.7,EQNL
2007-03-16,3.466,3.489,3.43,3.446,3539300,12229382.1,EQNL
2007-03-19,3.36,3.6,3.36,3.557,17625800,62037955.4,EQNL
2007-03-20,3.587,3.635,3.512,3.62,19701100,70682131.6,EQNL
2007-03-21,3.628,3.628,3.55,3.58,5667400,20268545.7,EQNL
2007-03-22,3.44,3.624,3.44,3.573,5674100,20434487.3,EQNL
2007-03-23,3.53,3.68,3.53,3.624,5918800,21409203.5,EQNL
2007-03-26,3.624,3.65,3.592,3.616,7577700,27509632.4,EQNL
2007-03-27,3.615,3.644,3.572,3.605,6408800,23068835.5,EQNL
2007-03-28,3.58,3.698,3.568,3.585,10047300,36293198.6,EQNL
2007-03-29,3.6,3.67,3.59,3.62,13253600,47964372.2,EQNL
2007-03-30,3.493,3.669,3.493,3.59,5568400,20075952.1,EQNL
2007-04-02,3.59,3.623,3.571,3.603,2303600,8303215.4,EQNL
2007-04-03,3.603,3.603,3.57,3.594,2429200,8706574.8,EQNL
2007-04-04,3.6,3.622,3.581,3.62,9960100,35827758.1,EQNL
2007-04-05,3.59,3.63,3.59,3.63,4288500,15515986.3,EQNL
2007-04-06,3.639,3.77,3.61,3.748,24899500,92622749.6,EQNL
2007-04-09,3.739,3.83,3.739,3.765,16188900,61264164.6,EQNL
2007-04-10,3.75,3.8,3.732,3.764,12917900,48659522.7,EQNL
2007-04-11,3.758,3.83,3.719,3.723,5039800,18938363.0,EQNL
2007-04-12,3.724,3.798,3.68,3.735,8886000,32971300.3,EQNL
2007-04-13,3.737,3.82,3.699,3.79,12053300,45185470.4,EQNL
2007-04-16,3.755,3.817,3.701,3.77,5383900,20208358.4,EQNL
2007-04-17,3.731,3.77,3.682,3.72,4631000,17234849.4,EQNL
2007-04-18,3.72,3.749,3.622,3.626,5441800,19993958.0,EQNL
2007-04-19,3.507,3.609,3.507,3.529,20517400,73259125.1,EQNL
2007-04-20,3.54,3.63,3.54,3.619,4253500,15202498.4,EQNL
2007-04-23,3.655,3.679,3.62,3.64,9565300,34837088.8,EQNL
2007-04-24,3.531,3.66,3.531,3.605,3050800,11082914.8,EQNL
2007-04-25,3.61,3.621,3.566,3.609,1529200,5506302.5,EQNL
2007-04-26,3.714,3.714,3.582,3.582,4875400,17558510.3,EQNL
2007-04-27,3.685,3.685,3.531,3.539,9104700,32475179.3,EQNL
2007-04-28,3.54,3.624,3.531,3.574,5913200,21076446.4,EQNL
2007-05-02,3.575,3.7,3.552,3.585,5259600,19075898.1,EQNL
2007-05-03,3.668,3.668,3.548,3.555,8655900,30820658.3,EQNL
2007-05-04,3.553,3.59,3.55,3.558,900200,3206675.1,EQNL
2007-05-07,3.579,3.58,3.54,3.568,2856400,10149617.6,EQNL
2007-05-08,3.55,3.578,3.526,3.54,2229800,7933723.0,EQNL
2007-05-10,3.579,3.625,3.545,3.599,20931700,75144523.3,EQNL
2007-05-11,3.587,3.587,3.49,3.531,5979600,21260727.6,EQNL
2007-05-14,3.547,3.585,3.535,3.585,1860200,6624085.6,EQNL
2007-05-15,3.571,3.585,3.503,3.57,7392500,26295446.2,EQNL
2007-05-16,3.587,3.65,3.552,3.63,6600200,23818251.8,EQNL
2007-05-17,3.587,3.76,3.581,3.709,22617800,84003488.3,EQNL
2007-05-18,3.613,3.749,3.613,3.709,7293200,27030563.0,EQNL
2007-05-21,3.709,3.755,3.705,3.749,4308400,16106400.2,EQNL
2007-05-22,3.749,3.754,3.72,3.722,993800,3709161.3,EQNL
2007-05-23,3.721,3.737,3.59,3.601,18919400,69218215.5,EQNL
2007-05-24,3.516,3.6,3.302,3.56,19293000,68181313.3,EQNL
2007-05-25,3.599,3.71,3.53,3.67,59158300,211724647.2,EQNL
2007-05-28,3.625,3.715,3.34,3.62,3598700,13020556.7,EQNL
2007-05-29,3.566,3.73,3.566,3.612,15381800,56326109.0,EQNL
2007-05-30,3.57,3.65,3.501,3.64,13052500,47221950.7,EQNL
2007-05-31,3.604,3.69,3.602,3.65,29497600,108002768.5,EQNL
2007-06-01,3.651,3.83,3.601,3.809,33768800,127598389.9,EQNL
2007-06-04,3.799,3.84,3.762,3.777,9984700,37966503.7,EQNL
2007-06-05,3.674,3.87,3.674,3.827,35529400,135959591.3,EQNL
2007-06-06,3.78,3.998,3.7,3.809,180518000,692275720.7,EQNL
2007-06-07,3.913,3.913,3.74,3.75,19378300,73742047.3,EQNL
2007-06-08,3.645,3.924,3.645,3.909,63770100,243905777.8,EQNL
2007-06-09,3.945,4.099,3.92,4.035,25399800,101340374.7,EQNL
2007-06-13,4.04,4.1,3.995,4.047,23433900,94411055.2,EQNL
2007-06-14,4.06,4.094,4.02,4.06,23612600,95774071.9,EQNL
2007-06-15,4.05,4.08,3.975,4.039,12365900,49895900.9,EQNL
2007-06-18,4.067,4.067,4.025,4.03,8232200,33216184.4,EQNL
2007-06-19,4.058,4.058,4.001,4.001,21082700,84972271.2,EQNL
2007-06-20,4.005,4.055,4.0,4.03,28092000,113336077.4,EQNL
2007-06-21,4.03,4.049,3.94,3.95,33073000,132015435.6,EQNL
2007-06-22,3.942,4.032,3.941,4.014,24345900,97588433.1,EQNL
2007-06-25,4.019,4.129,3.953,4.002,87047400,354344706.9,EQNL
2007-06-26,4.025,4.055,3.967,4.045,9227000,37284145.9,EQNL
2007-06-27,4.043,4.05,4.006,4.037,21914100,88425405.1,EQNL
2007-06-28,4.032,4.082,3.994,4.04,17862200,71756599.2,EQNL
2007-06-29,4.047,4.048,4.001,4.02,7242000,29137832.4,EQNL
2007-07-02,4.024,4.035,4.012,4.025,4894200,19668247.5,EQNL
2007-07-03,3.999,4.07,3.999,4.015,15383200,61880567.7,EQNL
2007-07-04,4.025,4.037,4.0,4.01,8668200,34894597.9,EQNL
2007-07-05,4.0,4.07,4.0,4.065,22645900,91620208.1,EQNL
2007-07-06,4.074,4.138,4.05,4.134,30260000,124118652.9,EQNL
2007-07-09,4.101,4.151,4.086,4.13,8171200,33756734.3,EQNL
2007-07-10,4.123,4.148,4.043,4.05,5711800,23433782.1,EQNL
2007-07-11,4.05,4.08,4.013,4.06,6501300,26372884.9,EQNL
2007-07-12,4.116,4.116,4.001,4.03,2699300,10914411.9,EQNL
2007-07-13,4.05,4.064,3.98,4.032,21127300,84873180.6,EQNL
2007-07-16,4.048,4.048,3.99,4.0,3559500,14271268.4,EQNL
2007-07-17,4.009,4.021,3.996,4.011,4235800,16975848.7,EQNL
2007-07-18,4.0,4.015,3.95,3.98,15575300,61961632.3,EQNL
2007-07-19,3.951,4.021,3.951,4.01,4100000,16434465.2,EQNL
2007-07-20,4.229,4.229,3.95,4.01,9442100,37636846.8,EQNL
2007-07-23,3.962,4.029,3.962,4.001,4898500,19620505.7,EQNL
2007-07-24,3.901,4.037,3.901,3.982,2042800,8176842.4,EQNL
2007-07-25,3.994,4.0,3.955,3.965,2168500,8623073.5,EQNL
2007-07-26,4.002,4.002,3.951,4.0,6637600,26385879.9,EQNL
2007-07-27,3.998,3.998,3.934,3.96,11839700,46905552.0,EQNL
2007-07-30,3.96,3.988,3.935,3.936,3455700,13631964.0,EQNL
2007-07-31,3.959,4.02,3.927,4.02,10772000,42939963.0,EQNL
2007-08-01,4.011,4.02,3.942,3.968,6952000,27585427.0,EQNL
2007-08-02,3.979,3.997,3.951,3.98,7428800,29555338.9,EQNL
2007-08-03,3.978,4.023,3.978,4.023,7190900,28728311.3,EQNL
2007-08-06,4.005,4.005,3.962,3.999,357700,1422924.5,EQNL
2007-08-07,4.003,4.035,3.991,4.028,8139100,32606583.0,EQNL
2007-08-08,4.03,4.055,4.02,4.031,6244800,25190582.0,EQNL
2007-08-09,4.03,4.063,4.02,4.03,12069200,48799794.8,EQNL
2007-08-10,4.003,4.03,3.961,3.97,10803700,42921001.2,EQNL
2007-08-13,4.005,4.006,3.973,3.98,3581600,14262653.2,EQNL
2007-08-14,3.995,4.031,3.952,3.952,6919300,27413404.2,EQNL
2007-08-15,3.937,3.959,3.84,3.845,4756000,18555490.4,EQNL
2007-08-16,3.775,3.85,3.762,3.769,2383500,9098622.2,EQNL
2007-08-17,3.76,3.88,3.687,3.72,5519000,20640330.7,EQNL
2007-08-20,3.751,3.751,3.631,3.654,4551700,16870103.5,EQNL
2007-08-21,3.698,3.789,3.575,3.61,8661500,31328571.9,EQNL
2007-08-22,3.672,3.677,3.57,3.597,6388800,22917095.5,EQNL
2007-08-23,3.705,3.705,3.537,3.581,3631600,12995110.2,EQNL
2007-08-24,3.678,4.0,3.51,3.975,91162900,353199716.5,EQNL
2007-08-27,4.025,4.08,3.968,3.982,13406500,53656641.6,EQNL
2007-08-28,3.977,3.985,3.93,3.958,6075700,23971329.7,EQNL
2007-08-29,4.039,4.039,3.881,3.966,1027800,4035544.5,EQNL
2007-08-30,4.059,4.059,3.925,4.023,8124700,32435892.7,EQNL
2007-08-31,4.042,4.047,3.96,4.029,6679100,26603967.1,EQNL
2007-09-03,4.0,4.03,3.982,3.99,6859700,27500039.5,EQNL
2007-09-04,3.98,4.039,3.975,4.015,21245200,84842032.4,EQNL
2007-09-05,4.015,4.02,3.981,3.99,5204000,20796765.6,EQNL
2007-09-06,4.054,4.118,3.98,4.003,15534100,62324612.5,EQNL
2007-09-07,3.99,3.99,3.935,3.954,21196800,83980769.9,EQNL
2007-09-10,3.989,3.989,3.865,3.931,1067100,4204308.3,EQNL
2007-09-11,3.878,3.915,3.85,3.891,25702800,99810263.1,EQNL
2007-09-12,3.85,3.925,3.82,3.86,70047400,270228047.8,EQNL
2007-09-13,3.665,3.89,3.665,3.865,43188900,166535851.1,EQNL
2007-09-14,3.865,3.951,3.85,3.915,33787000,131427895.1,EQNL
2007-09-17,3.888,3.91,3.85,3.89,28691000,111220928.3,EQNL
2007-09-18,3.881,3.911,3.83,3.91,15399300,59930482.5,EQNL
2007-09-19,3.95,3.965,3.9,3.945,80806500,317347904.0,EQNL
2007-09-20,3.9,3.949,3.899,3.94,39848600,157001275.7,EQNL
2007-09-21,3.91,3.94,3.902,3.933,12068700,47462677.3,EQNL
2007-09-24,4.035,4.035,3.874,3.885,17592700,68494794.8,EQNL
2007-09-25,3.876,3.894,3.876,3.885,14205400,55167045.4,EQNL
2007-09-26,3.874,3.91,3.843,3.896,14754100,57197189.5,EQNL
2007-09-27,3.895,3.916,3.808,3.885,27458600,106745857.1,EQNL
2007-09-28,3.88,3.92,3.86,3.92,23299200,90552207.6,EQNL
2007-10-01,3.885,3.906,3.842,3.892,55515200,214984625.8,EQNL
2007-10-02,3.9,3.92,3.88,3.9,26394400,102950073.8,EQNL
2007-10-03,3.9,3.918,3.87,3.885,17645500,68460433.4,EQNL
2007-10-04,3.885,3.896,3.853,3.871,7437600,28857517.9,EQNL
2007-10-05,3.77,3.9,3.77,3.881,19764100,76660087.8,EQNL
2007-10-08,3.87,3.91,3.85,3.91,13267100,51746539.3,EQNL
2007-10-09,3.808,3.98,3.808,3.968,24432000,96522709.3,EQNL
2007-10-10,3.969,3.97,3.92,3.942,16722800,66149897.1,EQNL
2007-10-11,3.942,3.969,3.94,3.968,11978300,47373903.6,EQNL
2007-10-12,4.085,4.131,3.932,4.131,76847800,310180373.9,EQNL
2007-10-15,4.101,4.135,4.05,4.115,31986700,131187986.0,EQNL
2007-10-16,4.128,4.133,4.091,4.12,15473600,63765551.1,EQNL
2007-10-17,4.111,4.132,4.082,4.116,17278400,71067075.5,EQNL
2007-10-18,4.11,4.129,4.061,4.065,10732300,44018390.0,EQNL
2007-10-19,4.067,4.095,4.031,4.07,7001500,28428521.7,EQNL
2007-10-22,4.008,4.089,3.971,4.089,22802700,92366948.9,EQNL
2007-10-23,4.087,4.11,4.071,4.085,14354900,58674656.9,EQNL
2007-10-24,4.053,4.093,4.014,4.091,7208700,29378145.6,EQNL
2007-10-25,4.15,4.27,4.12,4.209,101384700,426639986.2,EQNL
2007-10-26,4.208,4.24,4.199,4.21,82597700,347789731.7,EQNL
2007-10-29,4.2,4.23,4.17,4.23,53406400,224854454.3,EQNL
2007-10-30,4.23,4.238,4.19,4.2,28654200,120637124.0,EQNL
2007-10-31,4.2,4.232,4.171,4.192,18183600,76526189.4,EQNL
2007-11-01,4.2,4.21,4.151,4.2,24021500,100818615.0,EQNL
2007-11-02,4.199,4.239,4.18,4.209,14417200,60679344.6,EQNL
2007-11-06,4.205,4.216,4.191,4.195,3959700,16634137.8,EQNL
2007-11-07,4.225,4.225,4.17,4.193,7783400,32603726.2,EQNL
2007-11-08,4.178,4.225,4.155,4.2,26189600,110021431.7,EQNL
2007-11-09,4.22,4.299,4.185,4.203,24645500,103813060.4,EQNL
2007-11-12,4.203,4.219,4.191,4.207,10648400,44810529.0,EQNL
2007-11-13,4.2,4.206,4.19,4.195,7476700,31368854.9,EQNL
2007-11-14,4.255,4.255,4.19,4.202,11622700,48965774.9,EQNL
2007-11-15,4.2,4.295,4.2,4.243,49472800,210428661.4,EQNL
2007-11-16,4.253,4.269,4.206,4.22,30621200,129344348.0,EQNL
2007-11-19,4.244,4.244,4.209,4.229,17740800,74898424.6,EQNL
2007-11-20,4.212,4.23,4.206,4.22,19581300,82639826.3,EQNL
2007-11-21,4.22,4.24,4.217,4.229,43725500,184966223.5,EQNL
2007-11-22,4.217,4.235,4.217,4.23,9071800,38350356.9,EQNL
2007-11-23,4.236,4.248,4.21,4.235,12196900,51553118.7,EQNL
2007-11-26,4.295,4.295,4.219,4.246,22943900,97461173.2,EQNL
2007-11-27,4.278,4.278,4.238,4.245,32193300,136682422.8,EQNL
2007-11-28,4.218,4.254,4.218,4.24,5736000,24369437.5,EQNL
2007-11-29,4.25,4.279,4.25,4.27,28184800,120215102.8,EQNL
2007-11-30,4.265,4.292,4.259,4.28,30922500,132421900.4,EQNL
2007-12-03,4.285,4.295,4.263,4.275,11780000,50360792.2,EQNL
2007-12-04,4.275,4.284,4.269,4.272,29620100,126629123.3,EQNL
2007-12-05,4.28,4.29,4.257,4.272,35326800,150963284.5,EQNL
2007-12-06,4.271,4.297,4.27,4.282,11053000,47357253.5,EQNL
2007-12-07,4.273,4.294,4.273,4.277,17936600,76800954.8,EQNL
2007-12-10,4.271,4.292,4.268,4.286,17864000,76562088.7,EQNL
2007-12-11,4.292,4.296,4.275,4.285,14905300,63870343.3,EQNL
2007-12-12,4.186,4.29,4.186,4.285,9600300,41111585.1,EQNL
2007-12-13,4.237,4.292,4.237,4.282,13179200,56474963.2,EQNL
2007-12-14,4.282,4.318,4.28,4.311,12527400,53827789.8,EQNL
2007-12-17,4.296,4.335,4.284,4.333,5838000,25208733.5,EQNL
2007-12-18,4.313,4.333,4.31,4.32,4105200,17735489.8,EQNL
2007-12-19,4.312,4.32,4.302,4.317,17160900,74076654.8,EQNL
2007-12-20,4.31,4.33,4.307,4.325,8608700,37216504.7,EQNL
2007-12-21,4.316,4.33,4.307,4.325,7543600,32578527.1,EQNL
2007-12-24,4.325,4.33,4.306,4.32,4376600,18897894.4,EQNL
2007-12-25,4.313,4.323,4.311,4.315,6409900,27662100.1,EQNL
2007-12-26,4.315,4.319,4.298,4.304,7378500,31795387.0,EQNL
2007-12-27,4.194,4.327,4.194,4.327,7502000,32335154.2,EQNL
2007-12-28,4.324,4.329,4.31,4.319,12397400,53539707.0,EQNL
2008-01-09,4.333,4.351,4.302,4.325,44228500,191542938.7,EQNL
2008-01-10,4.33,4.356,4.32,4.332,10491600,45555727.2,EQNL
2008-01-11,4.344,4.365,4.31,4.365,13682700,59469036.2,EQNL
2008-01-14,4.35,4.365,4.333,4.36,16727900,72641991.6,EQNL
2008-01-15,4.35,4.368,4.341,4.363,7263800,31665960.2,EQNL
2008-01-16,4.34,4.376,4.322,4.346,12999000,56533814.2,EQNL
2008-01-17,4.336,4.37,4.317,4.357,20720000,90023401.1,EQNL
2008-01-18,4.36,4.369,4.34,4.349,12013000,52236093.4,EQNL
2008-01-21,4.33,4.355,4.3,4.349,71364600,309263237.4,EQNL
2008-01-22,4.303,4.352,4.237,4.335,40690800,176185886.1,EQNL
2008-01-23,4.214,4.36,4.214,4.349,20852500,90579088.7,EQNL
2008-01-24,4.339,4.365,4.339,4.36,14731800,64083029.2,EQNL
2008-01-25,4.37,4.37,4.347,4.349,8743700,38120438.9,EQNL
2008-01-28,4.34,4.369,4.321,4.358,18468200,80293262.1,EQNL
2008-01-29,4.358,4.374,4.323,4.356,8638200,37644296.5,EQBR
2008-01-30,4.332,4.35,4.316,4.34,6379400,27605504.4,EQBR
2008-01-31,4.343,4.343,4.25,4.291,10843100,46763777.3,EQBR
2008-02-01,4.26,4.372,4.153,4.22,8547300,36724379.0,EQBR
2008-02-04,4.25,4.25,4.0,4.078,15479000,63613507.8,EQBR
2008-02-05,4.089,4.35,4.083,4.189,5497600,23117792.5,EQBR
2008-02-06,4.138,4.37,4.1,4.2,5492700,23132656.7,EQBR
2008-02-07,4.25,4.26,4.12,4.211,2797200,11711338.2,EQBR
2008-02-08,4.126,4.359,4.126,4.339,12124700,52219570.0,EQBR
2008-02-11,4.3,4.4,4.3,4.35,9344500,40585328.0,EQBR
2008-02-12,4.348,4.4,4.32,4.33,6785000,29579279.7,EQBR
2008-02-13,4.359,4.41,4.341,4.391,8094900,35506098.7,EQBR
2008-02-14,4.418,4.419,4.351,4.371,10061500,44108057.1,EQBR
2008-02-15,4.399,4.41,4.272,4.41,5233700,22921329.3,EQBR
2008-02-18,4.42,4.48,4.336,4.376,7552800,33401377.7,EQBR
2008-02-19,4.363,4.376,4.161,4.192,3444900,14599144.3,EQBR
2008-02-20,4.195,4.2,4.092,4.094,5179500,21454583.9,EQBR
2008-02-21,4.097,4.15,4.047,4.084,1786100,7298576.5,EQBR
2008-02-22,4.201,4.201,4.05,4.083,1522400,6207996.3,EQBR
2008-02-26,4.086,4.151,4.02,4.048,2477900,10097586.3,EQBR
2008-02-27,4.06,4.06,3.852,3.852,1629200,6482401.1,EQBR
2008-02-28,3.852,4.15,3.852,3.987,2000100,7974098.9,EQBR
2008-02-29,3.95,4.149,3.9,3.901,3038400,12165601.1,EQBR
2008-03-03,3.9,4.03,3.81,3.994,1466800,5752834.8,EQBR
2008-03-04,4.01,4.049,3.96,4.04,1469000,5881953.2,EQBR
2008-03-05,3.951,4.047,3.914,3.98,5581600,22322857.5,EQBR
2008-03-06,3.972,3.984,3.814,3.83,4173600,16278488.7,EQBR
2008-03-07,3.8,3.83,3.615,3.624,2712500,10075297.9,EQBR
2008-03-11,3.64,3.64,3.41,3.451,6875200,24065996.2,EQBR
2008-03-12,3.451,3.492,3.2,3.3,12104900,39856986.9,EQBR
2008-03-13,3.293,3.293,3.042,3.084,11776900,36655518.0,EQBR
2008-03-14,3.085,3.155,2.96,2.96,21660100,65404678.4,EQBR
2008-03-17,2.945,2.952,2.718,2.768,12277300,34215431.8,EQBR
2008-03-18,2.901,2.901,2.665,2.72,12542400,34511587.2,EQBR
2008-03-19,2.8,3.017,2.72,2.875,37063700,106398400.0,EQBR
2008-03-20,2.897,2.98,2.76,2.845,22737700,65401454.4,EQBR
2008-03-21,2.953,2.98,2.866,2.899,6056500,17608592.3,EQBR
2008-03-24,2.891,2.97,2.89,2.948,8955300,26211472.5,EQBR
2008-03-25,2.94,3.047,2.93,2.98,21881800,65660495.7,EQBR
2008-03-26,2.99,2.99,2.87,2.909,7074500,20648365.2,EQBR
2008-03-27,2.91,2.958,2.833,2.88,12335300,35697568.3,EQBR
2008-03-28,2.899,2.932,2.8,2.81,5939100,16836934.1,EQBR
2008-03-31,2.783,2.849,2.715,2.849,3007500,8365941.7,EQBR
2008-04-01,2.85,2.879,2.805,2.815,5893500,16739064.7,EQBR
2008-04-02,2.861,2.861,2.76,2.85,11591400,32370958.6,EQBR
2008-04-03,2.835,2.835,2.734,2.774,12904700,35680010.2,EQBR
2008-04-04,2.742,2.76,2.728,2.739,4255400,11657866.4,EQBR
2008-04-07,2.745,2.76,2.734,2.747,2778100,7624700.4,EQBR
2008-04-08,2.75,2.83,2.706,2.72,18104800,50094046.7,EQBR
2008-04-09,2.743,2.758,2.69,2.739,10855400,29540896.7,EQBR
2008-04-10,2.75,2.75,2.7,2.728,8012100,21799808.7,EQBR
2008-04-11,2.721,2.76,2.7,2.714,12400900,33835003.8,EQBR
2008-04-14,2.701,2.73,2.664,2.714,4053400,10931141.6,EQBR
2008-04-15,2.719,2.735,2.693,2.713,4535500,12276660.6,EQBR
2008-04-16,2.708,2.724,2.7,2.712,4061800,11003401.9,EQBR
2008-04-17,2.721,2.73,2.676,2.685,5484000,14844746.0,EQBR
2008-04-18,2.698,2.72,2.645,2.707,10097300,27066984.4,EQBR
2008-04-21,2.702,2.719,2.652,2.666,10632100,28471705.9,EQBR
2008-04-22,2.67,2.679,2.61,2.619,8967000,23630691.9,EQBR
2008-04-23,2.638,2.645,2.44,2.492,5721900,14579917.7,EQBR
2008-04-24,2.452,2.51,2.31,2.349,14471300,34576164.6,EQBR
2008-04-25,2.387,2.45,2.32,2.38,13144900,31605101.4,EQBR
2008-04-28,2.421,2.436,2.355,2.355,2202400,5214368.4,EQBR
2008-04-29,2.32,2.391,2.32,2.358,8438300,19819470.6,EQBR
2008-04-30,2.358,2.358,2.306,2.32,6885000,15958830.9,EQBR
2008-05-04,2.34,2.419,2.314,2.385,5675100,13427558.3,EQBR
2008-05-05,2.385,2.394,2.326,2.36,6665100,15704877.8,EQBR
2008-05-06,2.5,2.5,2.337,2.371,11013200,26396738.7,EQBR
2008-05-07,2.442,2.442,2.36,2.428,13531100,32572155.6,EQBR
2008-05-12,2.422,2.7,2.422,2.648,32375900,84274312.4,EQBR
2008-05-13,2.651,2.685,2.582,2.6,11208200,29463657.3,EQBR
2008-05-14,2.629,2.71,2.586,2.66,38692600,103046179.7,EQBR
2008-05-15,2.66,2.7,2.635,2.695,18441500,49368505.6,EQBR
2008-05-16,2.676,2.79,2.672,2.715,19007200,51948814.1,EQBR
2008-05-19,2.72,2.757,2.682,2.75,8153400,22165073.5,EQBR
2008-05-20,2.741,2.78,2.641,2.696,7848600,21166831.2,EQBR
2008-05-21,2.672,2.83,2.66,2.82,39782900,110440851.5,EQBR
2008-05-22,2.801,2.9,2.76,2.814,17018900,48235283.8,EQBR
2008-05-23,2.783,2.849,2.712,2.785,3490300,9684343.8,EQBR
2008-05-26,2.829,2.829,2.762,2.795,2216200,6168955.1,EQBR
2008-05-27,2.829,2.829,2.657,2.707,9220400,25204076.3,EQBR
2008-05-28,2.68,2.71,2.635,2.64,6222000,16530925.0,EQBR
2008-05-29,2.683,2.695,2.612,2.667,7478500,19845686.6,EQBR
2008-05-30,2.701,2.701,2.61,2.649,3248000,8619242.2,EQBR
2008-06-02,2.66,2.677,2.617,2.65,8357600,22162974.4,EQBR
2008-06-03,2.65,2.65,2.61,2.62,5059800,13291218.7,EQBR
2008-06-04,2.605,2.64,2.511,2.539,16611100,42483152.4,EQBR
2008-06-05,2.605,2.67,2.495,2.622,9750700,25589616.1,EQBR
2008-06-06,2.622,2.669,2.577,2.603,7973500,20840625.0,EQBR
2008-06-07,2.581,2.599,2.556,2.595,2029000,5219849.0,EQBR
2008-06-09,2.599,2.657,2.59,2.63,6883400,18110906.8,EQBR
2008-06-10,2.614,2.65,2.595,2.608,2053900,5355683.2,EQBR
2008-06-11,2.608,2.613,2.585,2.597,1503000,3898872.5,EQBR
2008-06-16,2.714,2.714,2.61,2.639,2413900,6359127.7,EQBR
2008-06-17,2.657,2.799,2.631,2.745,26135200,71262515.7,EQBR
2008-06-18,2.745,2.97,2.716,2.962,58198600,169348052.2,EQBR
2008-06-19,2.943,3.174,2.943,3.065,77651300,239839332.1,EQBR
2008-06-20,3.1,3.29,3.1,3.175,76682700,245556201.3,EQBR
2008-06-23,3.19,3.269,2.96,3.081,54186700,168550989.3,EQBR
2008-06-24,3.111,3.112,2.9,2.904,22664000,66907673.0,EQBR
2008-06-25,2.904,2.945,2.86,2.922,21852500,63486577.1,EQBR
2008-06-26,2.95,2.95,2.891,2.91,12795500,37266261.3,EQBR
2008-06-27,2.891,2.978,2.83,2.85,15522800,44710803.6,EQBR
2008-06-30,2.85,2.884,2.665,2.749,26077100,72329899.0,EQBR
2008-07-01,2.74,2.767,2.65,2.659,11705500,31584551.7,EQBR
2008-07-02,2.655,2.87,2.638,2.806,23729900,66282927.7,EQBR
2008-07-03,2.8,2.857,2.684,2.722,12722300,34746810.1,EQBR
2008-07-04,2.722,2.79,2.691,2.708,3106400,8511117.6,EQBR
2008-07-07,2.708,2.75,2.672,2.696,4168900,11270049.0,EQBR
2008-07-08,2.846,2.846,2.6,2.75,12393800,33058475.2,EQBR
2008-07-09,2.76,2.815,2.7,2.76,10522600,29030248.4,EQBR
2008-07-10,2.716,2.816,2.716,2.786,6949700,19348558.7,EQBR
2008-07-11,2.786,2.866,2.712,2.726,12026500,33748968.7,EQBR
2008-07-14,2.731,2.828,2.706,2.744,5240900,14532397.0,EQBR
2008-07-15,2.765,2.765,2.634,2.71,11162900,29987112.0,EQBR
2008-07-16,2.71,2.803,2.676,2.797,9327200,25645547.1,EQBR
2008-07-17,2.85,2.89,2.75,2.79,11063400,30904877.3,EQBR
2008-07-18,2.829,2.829,2.742,2.767,3330300,9229097.1,EQBR
2008-07-21,2.708,2.8,2.708,2.796,2231700,6181141.9,EQBR
2008-07-22,2.77,2.792,2.703,2.71,2790900,7627455.8,EQBR
2008-07-23,2.729,2.756,2.695,2.72,7473300,20373486.8,EQBR
2008-07-24,2.723,2.745,2.7,2.714,3257000,8827917.1,EQBR
2008-07-25,2.7,2.71,2.586,2.71,14056000,37214029.8,EQBR
2008-07-28,2.75,2.754,2.67,2.675,7351700,19922358.1,EQBR
2008-07-29,2.65,2.66,2.58,2.6,6746800,17573694.1,EQBR
2008-07-30,2.633,2.702,2.602,2.689,4314900,11465653.8,EQBR
2008-07-31,2.689,2.805,2.615,2.675,5779600,15542668.4,EQBR
2008-08-01,2.719,2.76,2.621,2.64,9769300,26041731.4,EQBR
2008-08-04,2.62,2.674,2.585,2.6,5551700,14507993.5,EQBR
2008-08-05,2.662,2.662,2.31,2.31,34165700,82986981.6,EQBR
2008-08-06,2.325,2.429,2.202,2.34,15447900,36145910.2,EQBR
2008-08-07,2.238,2.432,2.238,2.375,7263300,17282427.6,EQBR
2008-08-08,2.374,2.449,2.265,2.269,5313400,12206800.2,EQBR
2008-08-11,2.34,2.34,1.786,2.249,15930600,33400825.6,EQBR
2008-08-12,2.25,2.42,2.185,2.345,10340900,24020194.5,EQBR
2008-08-13,2.363,2.438,2.291,2.382,4810900,11542836.5,EQBR
2008-08-14,2.439,2.55,2.415,2.503,5718200,14297840.4,EQBR
2008-08-15,2.557,2.58,2.494,2.544,2367700,6017677.9,EQBR
2008-08-18,2.58,2.6,2.533,2.562,2113100,5440772.2,EQBR
2008-08-19,2.531,2.532,2.411,2.461,3684100,9146558.4,EQBR
2008-08-20,2.431,2.55,2.421,2.512,5147700,12915375.0,EQBR
2008-08-21,2.548,2.614,2.461,2.576,9453800,23911761.4,EQBR
2008-08-22,2.597,2.597,2.484,2.569,1764500,4490775.6,EQBR
2008-08-25,2.575,2.598,2.425,2.427,2407900,5969779.0,EQBR
2008-08-26,2.401,2.481,2.321,2.479,16267400,39884880.9,EQBR
2008-08-27,2.499,2.562,2.48,2.56,7622100,19302100.8,EQBR
2008-08-28,2.587,2.587,2.465,2.569,4073300,10302374.4,EQBR
2008-08-29,2.57,2.6,2.462,2.515,6622400,16440718.3,EQBR
2008-09-01,2.585,2.595,2.437,2.484,4836900,12286349.8,EQBR
2008-09-02,2.565,2.565,2.475,2.498,4321200,10781723.5,EQBR
2008-09-03,2.52,2.529,2.475,2.505,13702100,34341030.5,EQBR
2008-09-04,2.537,2.537,2.505,2.519,7650400,19276491.8,EQBR
2008-09-05,2.501,2.519,2.291,2.3,6984300,16813804.5,EQBR
2008-09-08,2.42,2.437,2.312,2.42,5471500,13161083.5,EQBR
2008-09-09,2.372,2.421,2.318,2.355,4892700,11536402.5,EQBR
2008-09-10,2.338,2.339,2.114,2.285,7393800,16798657.0,EQBR
2008-09-11,2.285,2.3,2.23,2.235,2109200,4758917.8,EQBR
2008-09-12,2.16,2.35,1.991,2.26,6321600,14295847.3,EQBR
2008-09-15,2.23,2.25,2.0,2.169,14054000,29670594.9,EQBR
2008-09-16,2.18,2.18,1.461,1.461,8897900,15602722.6,EQBR
2008-09-17,1.601,1.624,1.11,1.154,3217100,4734712.8,EQBR
2008-09-19,1.459,1.797,1.459,1.796,5126700,8312810.4,EQBR
2008-09-22,1.712,2.01,1.71,1.856,3905700,7541953.9,EQBR
2008-09-23,1.9,1.979,1.627,1.728,2842200,4951237.5,EQBR
2008-09-24,1.72,1.791,1.7,1.72,949200,1672856.3,EQBR
2008-09-25,1.718,1.82,1.656,1.744,2416300,4190830.8,EQBR
2008-09-26,1.629,1.79,1.6,1.72,3004500,4942265.2,EQBR
2008-09-29,1.668,1.715,1.635,1.664,909100,1520461.9,EQBR
2008-09-30,1.599,1.65,1.375,1.63,2416400,3744397.8,EQBR
2008-10-01,1.685,1.72,1.613,1.67,1303100,2194361.8,EQBR
2008-10-02,1.611,1.727,1.611,1.674,1359400,2297166.3,EQBR
2008-10-03,1.675,1.95,1.501,1.71,4441900,7499295.8,EQBR
2008-10-06,1.641,1.85,1.42,1.431,2099000,3185147.6,EQBR
2008-10-07,1.471,1.52,1.364,1.449,4829600,6881796.9,EQBR
2008-10-08,1.401,1.401,1.203,1.239,1938700,2500727.5,EQBR
2008-10-09,1.36,1.455,1.199,1.455,808800,1071979.9,EQBR
2008-10-13,1.403,1.607,1.403,1.429,1829300,2777772.7,EQBR
2008-10-14,1.56,1.59,1.435,1.534,1641800,2523656.3,EQBR
2008-10-15,1.495,1.587,1.415,1.463,1018700,1476323.9,EQBR
2008-10-16,1.36,1.431,1.112,1.354,1950700,2622659.1,EQBR
2008-10-17,1.446,1.5,1.212,1.273,3136300,4032198.9,EQBR
2008-10-20,1.354,1.359,1.251,1.3,2705400,3546672.6,EQBR
2008-10-21,1.347,1.347,1.266,1.298,1749200,2276934.4,EQBR
2008-10-22,1.288,1.397,1.25,1.296,2001800,2583282.0,EQBR
2008-10-23,1.27,1.325,1.2,1.28,1210300,1534572.3,EQBR
2008-10-24,1.25,1.25,1.15,1.169,2719100,3259559.9,EQBR
2008-10-28,1.171,1.27,1.0,1.13,6616600,7469338.0,EQBR
2008-10-29,1.2,1.2,1.171,1.183,995300,1176997.1,EQBR
2008-10-30,1.227,1.538,1.156,1.2,8610800,10754934.2,EQBR
2008-10-31,1.225,1.225,1.15,1.179,1691100,1996824.0,EQBR
2008-11-01,1.213,1.26,1.182,1.224,3031400,3695238.7,EQBR
2008-11-05,1.3,1.388,1.174,1.218,1793500,2252522.4,EQBR
2008-11-06,1.181,1.22,1.15,1.173,1092600,1281804.9,EQBR
2008-11-07,1.173,1.215,1.141,1.214,968200,1143070.4,EQBR
2008-11-10,1.221,1.294,1.21,1.218,2666600,3309652.1,EQBR
2008-11-11,1.188,1.217,1.14,1.14,1268100,1479471.8,EQBR
2008-11-13,1.12,1.149,1.002,1.145,1609000,1765469.8,EQBR
2008-11-14,1.149,1.245,1.148,1.181,1133500,1367049.2,EQBR
2008-11-17,1.155,1.188,1.12,1.131,668900,771172.4,EQBR
2008-11-18,1.102,1.131,1.01,1.13,779600,847992.4,EQBR
2008-11-19,1.15,1.15,1.053,1.14,1766800,1905614.9,EQBR
2008-11-20,1.054,1.13,1.02,1.13,1273200,1347947.1,EQBR
2008-11-21,1.074,1.186,1.071,1.076,1521000,1761567.7,EQBR
2008-11-24,1.095,1.135,1.031,1.11,1422300,1557435.0,EQBR
2008-11-25,1.134,1.14,1.07,1.11,2013300,2207463.3,EQBR
2008-11-26,1.119,1.234,1.051,1.16,3459900,3944924.7,EQBR
2008-11-27,1.187,1.38,1.166,1.3,16719300,21777001.9,EQBR
2008-11-28,1.335,1.41,1.24,1.255,5730300,7433288.4,EQBR
2008-12-01,1.28,1.28,1.125,1.145,2305300,2695830.0,EQBR
2008-12-02,1.097,1.17,1.031,1.17,3353800,3757220.1,EQBR
2008-12-03,1.193,1.226,1.153,1.185,1330000,1580810.8,EQBR
2008-12-04,1.185,1.249,1.154,1.19,2990700,3599472.8,EQBR
2008-12-05,1.188,1.3,1.154,1.18,6590400,8044587.4,EQBR
2008-12-08,1.225,1.323,1.21,1.288,17106200,21723479.1,EQBR
2008-12-09,1.288,1.299,1.215,1.22,4237500,5308589.8,EQBR
2008-12-10,1.22,1.239,1.15,1.215,2581400,3074163.7,EQBR
2008-12-11,1.211,1.225,1.18,1.182,1172400,1401641.9,EQBR
2008-12-12,1.2,1.21,1.097,1.13,7628500,8792569.8,EQBR
2008-12-15,1.214,1.214,1.137,1.143,2645000,3047609.3,EQBR
2008-12-16,1.175,1.175,1.112,1.114,1641500,1846571.2,EQBR
2008-12-17,1.141,1.141,1.112,1.123,2264000,2559067.1,EQBR
2008-12-18,1.13,1.15,1.051,1.1,14314400,16064819.4,EQBR
2008-12-19,1.172,1.172,1.057,1.099,3169200,3437974.3,EQBR
2008-12-22,1.155,1.155,1.07,1.086,3893700,4258232.7,EQBR
2008-12-23,1.041,1.127,1.041,1.104,6544000,7192746.7,EQBR
2008-12-24,0.944,1.11,0.944,1.073,3655400,3954311.9,EQBR
2008-12-25,1.047,1.089,1.047,1.068,2693100,2880493.0,EQBR
2008-12-26,1.098,1.098,1.051,1.051,2223300,2362171.3,EQBR
2008-12-29,1.051,1.072,1.051,1.056,1360900,1440331.7,EQBR
2008-12-30,1.051,1.06,1.021,1.035,1621900,1695489.7,EQBR
2008-12-31,1.038,1.066,1.025,1.038,521200,544833.3,EQBR
2009-01-11,1.047,1.048,1.029,1.041,529400,550789.9,EQBR
2009-01-12,1.041,1.115,1.031,1.059,2587600,2734800.7,EQBR
2009-01-13,1.068,1.08,1.04,1.068,1799900,1924453.9,EQBR
2009-01-14,1.069,1.076,1.032,1.033,1899300,2001991.3,EQBR
2009-01-15,1.031,1.075,1.0,1.016,3530500,3619299.3,EQBR
2009-01-16,0.983,1.07,0.983,1.016,2256000,2306572.9,EQBR
2009-01-19,1.016,1.019,0.99,0.996,1564900,1558993.6,EQBR
2009-01-20,0.994,0.994,0.916,0.929,1173000,1109332.2,EQBR
2009-01-21,0.924,0.927,0.81,0.868,4161000,3596530.3,EQBR
2009-01-22,0.897,0.898,0.78,0.78,1553900,1301977.6,EQBR
2009-01-23,0.79,0.81,0.667,0.737,2759300,2033312.2,EQBR
2009-01-26,0.744,0.807,0.705,0.807,1464900,1108155.4,EQBR
2009-01-27,0.808,0.815,0.728,0.74,4009300,3017376.0,EQBR
2009-01-28,0.702,0.759,0.702,0.759,5362300,3917187.7,EQBR
2009-01-29,0.772,0.772,0.71,0.716,13393100,9782509.0,EQBR
2009-01-30,0.709,0.75,0.706,0.723,2038100,1483017.0,EQBR
2009-02-02,0.718,0.734,0.708,0.719,2189400,1563716.1,EQBR
2009-02-03,0.715,0.72,0.706,0.713,2249800,1595424.2,EQBR
2009-02-04,0.718,0.77,0.704,0.734,26436700,19475528.8,EQBR
2009-02-05,0.732,0.732,0.71,0.72,963400,692515.7,EQBR
2009-02-06,0.693,0.775,0.693,0.726,27037400,20031556.3,EQBR
2009-02-09,0.724,0.769,0.72,0.753,5660600,4193688.1,EQBR
2009-02-10,0.75,0.779,0.741,0.769,11513500,8811416.6,EQBR
2009-02-11,0.765,0.773,0.72,0.74,7541000,5716779.8,EQBR
2009-02-12,0.743,0.79,0.722,0.754,8472400,6369490.7,EQBR
2009-02-13,0.774,0.788,0.745,0.753,4296400,3251393.5,EQBR
2009-02-16,0.755,0.799,0.725,0.781,11288800,8577416.5,EQBR
2009-02-17,0.778,0.796,0.741,0.751,5126400,3858552.3,EQBR
2009-02-18,0.739,0.75,0.705,0.727,3937200,2847682.3,EQBR
2009-02-19,0.726,0.749,0.716,0.732,2434700,1785942.2,EQBR
2009-02-20,0.744,0.744,0.693,0.718,5270800,3723052.3,EQBR
2009-02-24,0.718,0.72,0.695,0.707,3148500,2221131.1,EQBR
2009-02-25,0.733,0.733,0.706,0.714,4070300,2920039.8,EQBR
2009-02-26,0.715,0.737,0.715,0.721,4997100,3615761.1,EQBR
2009-02-27,0.721,0.744,0.706,0.744,8467600,6143776.7,EQBR
2009-03-02,0.742,0.742,0.711,0.732,1236900,896155.0,EQBR
2009-03-03,0.72,0.739,0.715,0.734,3167300,2315486.0,EQBR
2009-03-04,0.744,0.747,0.723,0.735,2760100,2020375.1,EQBR
2009-03-05,0.745,0.747,0.731,0.739,2265100,1674160.2,EQBR
2009-03-06,0.735,0.741,0.73,0.734,3264000,2404797.7,EQBR
2009-03-10,0.726,0.752,0.726,0.751,3938800,2914664.0,EQBR
2009-03-11,0.727,0.759,0.727,0.744,2298800,1702402.7,EQBR
2009-03-12,0.734,0.755,0.733,0.751,3713400,2787432.3,EQBR
2009-03-13,0.759,0.759,0.742,0.744,1970900,1473921.7,EQBR
2009-03-16,0.742,0.748,0.723,0.737,2898700,2128707.1,EQBR
2009-03-17,0.731,0.74,0.729,0.731,2010500,1471128.5,EQBR
2009-03-18,0.735,0.74,0.715,0.721,2441800,1775440.7,EQBR
2009-03-19,0.734,0.755,0.716,0.746,8354300,6214466.1,EQBR
2009-03-20,0.769,0.97,0.746,0.829,23917700,19433439.8,EQBR
2009-03-23,0.829,0.873,0.815,0.827,6135100,5095000.6,EQBR
2009-03-24,0.83,0.83,0.772,0.811,3429400,2750355.7,EQBR
2009-03-25,0.801,0.836,0.78,0.828,2069800,1681163.3,EQBR
2009-03-26,0.854,0.854,0.806,0.816,3252500,2661851.8,EQBR
2009-03-27,0.85,0.869,0.801,0.813,4914000,4093216.1,EQBR
2009-03-30,0.849,0.849,0.794,0.814,4583400,3703118.3,EQBR
2009-03-31,0.816,0.837,0.801,0.821,4594200,3737979.9,EQBR
2009-04-01,0.805,0.837,0.775,0.785,7032000,5564589.1,EQBR
2009-04-02,0.828,0.87,0.79,0.832,36881400,30682885.4,EQBR
2009-04-03,0.85,0.854,0.82,0.853,8158600,6837698.8,EQBR
2009-04-06,0.855,0.945,0.837,0.907,37197500,33324894.4,EQBR
2009-04-07,0.92,0.937,0.835,0.88,13270200,11835407.3,EQBR
2009-04-08,0.838,0.92,0.838,0.92,23768500,21517737.5,EQBR
2009-04-09,0.924,0.93,0.891,0.918,20616000,18892858.0,EQBR
2009-04-10,0.944,0.982,0.905,0.955,11783100,11111711.5,EQBR
2009-04-13,0.996,1.05,0.95,1.003,25844000,26000605.0,EQBR
2009-04-14,1.01,1.129,1.01,1.062,58910700,63404159.9,EQBR
2009-04-15,1.067,1.11,0.981,0.995,18263400,18854821.1,EQBR
2009-04-16,1.007,1.044,0.99,1.017,12088400,12219212.2,EQBR
2009-04-17,1.03,1.055,0.982,0.997,5947500,5975097.9,EQBR
2009-04-20,1.061,1.061,0.917,0.935,9549400,8997305.4,EQBR
2009-04-21,0.92,0.942,0.885,0.92,10339400,9464793.6,EQBR
2009-04-22,0.93,0.96,0.906,0.94,12912900,12121191.3,EQBR
2009-04-23,0.939,0.98,0.925,0.962,8622200,8258042.9,EQBR
2009-04-24,0.962,0.97,0.94,0.94,4839000,4617125.2,EQBR
2009-04-27,0.94,0.949,0.9,0.906,4148500,3808508.5,EQBR
2009-04-28,0.899,0.916,0.875,0.909,2943100,2628888.6,EQBR
2009-04-29,0.913,0.975,0.908,0.972,11903300,11221373.7,EQBR
2009-04-30,0.983,1.019,0.966,0.974,14029400,13907678.1,EQBR
2009-05-04,1.016,1.03,0.991,1.029,6796300,6902069.0,EQBR
2009-05-05,1.016,1.04,0.995,1.007,7517500,7562337.7,EQBR
2009-05-06,0.974,1.152,0.974,1.132,57910500,62547135.5,EQBR
2009-05-07,1.17,1.243,1.095,1.104,40076400,47346989.9,EQBR
2009-05-08,1.098,1.165,1.09,1.149,11568200,13141393.5,EQBR
2009-05-12,1.149,1.22,1.039,1.13,23109500,26572656.5,EQBR
2009-05-13,1.175,1.175,1.021,1.059,13465400,14680837.3,EQBR
2009-05-14,1.01,1.059,1.01,1.059,10653800,11077137.8,EQBR
2009-05-15,1.063,1.087,1.028,1.039,9822000,10276650.7,EQBR
2009-05-18,1.039,1.099,1.01,1.079,26029000,27731988.6,EQBR
2009-05-19,1.1,1.149,1.046,1.089,28857300,31642128.3,EQBR
2009-05-20,1.095,1.121,1.052,1.121,13359000,14652365.8,EQBR
2009-05-21,1.12,1.122,1.06,1.067,10393600,11263620.8,EQBR
2009-05-22,1.121,1.122,1.071,1.09,6809100,7463357.9,EQBR
2009-05-25,1.123,1.123,1.085,1.113,8234500,9078996.9,EQBR
2009-05-26,1.102,1.11,1.055,1.105,8298800,8944626.6,EQBR
2009-05-27,1.15,1.15,1.088,1.109,12536300,13944849.6,EQBR
2009-05-28,1.101,1.11,1.071,1.097,9152800,9994292.9,EQBR
2009-05-29,1.099,1.147,1.099,1.135,18918200,21463108.4,EQBR
2009-06-01,1.191,1.23,1.155,1.209,60164100,72259037.6,EQBR
2009-06-02,1.211,1.245,1.17,1.206,27179500,33014435.8,EQBR
2009-06-03,1.173,1.226,1.15,1.185,20218800,24080263.7,EQBR
2009-06-04,1.173,1.2,1.15,1.18,7893500,9320414.9,EQBR
2009-06-05,1.19,1.284,1.187,1.265,30846700,38353892.6,EQBR
2009-06-08,1.265,1.368,1.24,1.356,31440400,41159285.4,EQBR
2009-06-09,1.334,1.43,1.331,1.4,28935700,40236923.3,EQBR
2009-06-10,1.4,1.449,1.387,1.426,16179100,22864121.3,EQBR
2009-06-11,1.432,1.445,1.355,1.39,9684000,13533584.9,EQBR
2009-06-15,1.4,1.4,1.31,1.37,12490800,16905856.0,EQBR
2009-06-16,1.353,1.395,1.331,1.395,10595300,14487696.7,EQBR
2009-06-17,1.377,1.398,1.335,1.372,23032600,31364345.7,EQBR
2009-06-18,1.37,1.371,1.241,1.329,20337700,26694874.5,EQBR
2009-06-19,1.325,1.399,1.295,1.3,5869800,7698981.5,EQBR
2009-06-22,1.299,1.299,1.19,1.19,7814400,9552596.4,EQBR
2009-06-23,1.141,1.23,1.066,1.15,11889000,13743912.1,EQBR
2009-06-24,1.235,1.235,1.15,1.217,6241500,7407980.6,EQBR
2009-06-25,1.219,1.219,1.16,1.181,4441400,5284608.1,EQBR
2009-06-26,1.22,1.22,1.12,1.134,4634400,5419998.9,EQBR
2009-06-29,1.15,1.169,1.123,1.156,2605600,2978486.8,EQBR
2009-06-30,1.16,1.21,1.15,1.156,12581800,14895808.7,EQBR
2009-07-01,1.16,1.198,1.14,1.193,13687800,15958009.7,EQBR
2009-07-02,1.157,1.205,1.157,1.18,16640800,19450199.6,EQBR
2009-07-03,1.171,1.189,1.16,1.18,3255900,3814054.0,EQBR
2009-07-06,1.18,1.18,1.13,1.136,2318700,2662659.1,EQBR
2009-07-07,1.14,1.157,1.12,1.143,2439000,2781367.8,EQBR
2009-07-08,0.971,1.138,0.971,1.074,3286700,3537305.2,EQBR
2009-07-09,1.089,1.169,1.052,1.06,3316800,3595371.7,EQBR
2009-07-10,1.069,1.069,0.99,1.01,7217400,7299702.6,EQBR
2009-07-13,1.0,1.0,0.968,0.999,2273400,2255759.9,EQBR
2009-07-14,1.019,1.08,1.01,1.059,7177400,7571250.5,EQBR
2009-07-15,1.09,1.149,1.063,1.107,3526600,3918698.1,EQBR
2009-07-16,1.124,1.145,1.091,1.131,3878300,4367959.6,EQBR
2009-07-17,1.106,1.155,1.1,1.137,17373900,19706423.4,EQBR
2009-07-20,1.144,1.256,1.14,1.256,22622700,26891917.2,EQBR
2009-07-21,1.254,1.3,1.191,1.265,17619900,22205615.0,EQBR
2009-07-22,1.265,1.279,1.256,1.275,7976400,10111807.8,EQBR
2009-07-23,1.276,1.32,1.271,1.315,4892300,6392897.6,EQBR
2009-07-24,1.33,1.383,1.312,1.355,12873800,17513105.6,EQBR
2009-07-27,1.355,1.39,0.95,1.347,9389900,12452538.7,EQBR
2009-07-28,1.34,1.36,1.267,1.27,9292900,12132033.7,EQBR
2009-07-29,1.26,1.278,1.21,1.267,2019300,2554102.9,EQBR
2009-07-30,1.265,1.348,1.25,1.313,3167300,4159410.6,EQBR
2009-07-31,1.348,1.35,1.281,1.325,6519200,8614323.3,EQBR
2009-08-03,1.315,1.37,1.315,1.351,5599800,7557589.1,EQBR
2009-08-04,1.395,1.395,1.33,1.379,5499300,7503904.4,EQBR
2009-08-05,1.375,1.5,1.375,1.397,18502000,26670616.9,EQBR
2009-08-06,1.364,1.507,1.364,1.452,12173200,17922097.1,EQBR
2009-08-07,1.46,1.497,1.42,1.457,3493700,5052204.8,EQBR
2009-08-10,1.5,1.5,1.4,1.445,2166300,3118943.4,EQBR
2009-08-11,1.397,1.46,1.38,1.433,7189900,10183181.6,EQBR
2009-08-12,1.406,1.449,1.353,1.449,7249600,10163933.1,EQBR
2009-08-13,1.449,1.5,1.363,1.42,5029800,7265326.1,EQBR
2009-08-14,1.415,1.439,1.339,1.405,8023200,11202268.0,EQBR
2009-08-17,1.378,1.419,1.317,1.388,1623000,2243446.2,EQBR
2009-08-18,1.407,1.45,1.38,1.404,4531100,6422208.1,EQBR
2009-08-19,1.4,1.405,1.375,1.399,913100,1271102.9,EQBR
2009-08-20,1.399,1.43,1.383,1.398,3262600,4557928.6,EQBR
2009-08-21,1.265,1.403,1.265,1.4,1525400,2120746.7,EQBR
2009-08-24,1.405,1.45,1.358,1.409,2213600,3119020.7,EQBR
2009-08-25,1.38,1.408,1.38,1.398,783400,1091216.7,EQBR
2009-08-26,1.399,1.4,1.37,1.397,721200,1001123.2,EQBR
2009-08-27,1.377,1.414,1.36,1.374,4215900,5830018.2,EQBR
2009-08-28,1.376,1.4,1.366,1.38,3415900,4746815.2,EQBR
2009-08-31,1.377,1.394,1.35,1.352,3261700,4433265.7,EQBR
2009-09-01,1.375,1.447,1.37,1.405,4481900,6248566.5,EQBR
2009-09-02,1.443,1.443,1.36,1.366,6011300,8250596.8,EQBR
2009-09-03,1.324,1.4,1.324,1.38,3091800,4254381.6,EQBR
2009-09-04,1.398,1.398,1.362,1.392,3346000,4623579.8,EQBR
2009-09-07,1.398,1.402,1.381,1.395,970900,1356240.4,EQBR
2009-09-08,1.398,1.438,1.383,1.42,4151300,5877453.6,EQBR
2009-09-09,1.519,1.519,1.417,1.426,1958500,2801809.2,EQBR
2009-09-10,1.442,1.49,1.418,1.428,4331200,6266601.4,EQBR
2009-09-11,1.43,1.44,1.418,1.434,2715700,3879341.3,EQBR
2009-09-14,1.47,1.47,1.37,1.427,2630500,3703330.5,EQBR
2009-09-15,1.43,1.46,1.41,1.433,8485800,12227413.7,EQBR
2009-09-16,1.453,1.465,1.421,1.429,5806500,8349747.8,EQBR
2009-09-17,1.445,1.449,1.402,1.404,2853100,4038867.5,EQBR
2009-09-18,1.42,1.515,1.392,1.48,8261000,12009447.7,EQBR
2009-09-21,1.48,1.87,1.459,1.585,33785800,55229678.7,EQBR
2009-09-22,1.63,1.67,1.6,1.62,10889100,17695251.8,EQBR
2009-09-23,1.62,1.665,1.42,1.64,9125300,14882109.5,EQBR
2009-09-24,1.686,1.749,1.57,1.714,15161400,25671155.3,EQBR
2009-09-25,1.659,1.741,1.65,1.665,10092000,17097569.4,EQBR
2009-09-28,1.635,1.65,1.59,1.641,6863100,11082563.7,EQBR
2009-09-29,1.643,1.71,1.601,1.645,3590500,5923073.1,EQBR
2009-09-30,1.676,1.676,1.556,1.588,15810400,25114159.2,EQBR
2009-10-01,1.63,1.631,1.572,1.631,4870500,7757199.3,EQBR
2009-10-02,1.557,1.65,1.557,1.621,9603000,15405049.4,EQBR
2009-10-05,1.646,1.651,1.609,1.64,3815000,6255576.1,EQBR
2009-10-06,1.692,1.71,1.644,1.7,6985100,11765952.9,EQBR
2009-10-07,1.768,1.768,1.63,1.736,5215300,8983091.7,EQBR
2009-10-08,1.714,1.829,1.714,1.829,7425300,13338793.4,EQBR
2009-10-09,1.815,1.94,1.772,1.899,18704700,34451863.8,EQBR
2009-10-12,1.88,2.482,1.796,2.48,22871800,48093196.8,EQBR
2009-10-13,2.31,2.972,2.272,2.72,152718400,411809998.0,EQBR
2009-10-14,2.813,2.813,2.501,2.7,35015200,93875140.6,EQBR
2009-10-15,2.722,2.722,2.63,2.663,17163300,45819048.6,EQBR
2009-10-16,2.263,2.688,2.263,2.511,9055200,23354194.3,EQBR
2009-10-19,2.453,2.619,2.453,2.6,13475200,34130214.0,EQBR
2009-10-20,2.625,2.651,2.535,2.592,5794100,14878788.5,EQBR
2009-10-21,2.6,2.628,2.513,2.61,3846500,9859429.9,EQBR
2009-10-22,2.628,2.628,2.512,2.615,7167900,18370605.2,EQBR
2009-10-23,2.627,2.627,2.55,2.6,2481000,6395394.6,EQBR
2009-10-26,2.6,2.719,2.581,2.699,14272000,38064481.6,EQBR
2009-10-27,2.639,2.698,2.561,2.618,9366400,24478810.0,EQBR
2009-10-28,2.639,2.639,2.237,2.399,10774200,27047861.1,EQBR
2009-10-29,2.3,2.487,2.3,2.446,6313200,15374430.7,EQBR
2009-10-30,2.443,2.497,2.371,2.425,5836900,14070009.5,EQBR
2009-11-02,2.414,2.415,2.32,2.394,1949000,4599946.6,EQBR
2009-11-03,2.398,2.42,2.316,2.316,1787900,4153222.2,EQBR
2009-11-05,2.332,2.332,2.213,2.267,4880100,11050653.1,EQBR
2009-11-06,2.298,2.298,2.157,2.174,15215600,33276593.3,EQBR
2009-11-09,2.113,2.258,2.113,2.201,14144600,31101194.1,EQBR
2009-11-10,2.155,2.26,2.155,2.196,10107400,22160183.3,EQBR
2009-11-11,2.243,2.25,2.196,2.244,4706600,10538808.2,EQBR
2009-11-12,2.151,2.249,2.151,2.211,1888100,4178820.7,EQBR
2009-11-13,2.216,2.248,2.19,2.248,1140900,2551286.4,EQBR
2009-11-16,2.25,2.519,2.25,2.439,12013800,29008674.1,EQBR
2009-11-17,2.435,2.46,2.357,2.38,4727000,11307126.0,EQBR
2009-11-18,2.314,2.435,2.314,2.38,3649500,8745336.7,EQBR
2009-11-19,2.395,2.397,2.353,2.363,4339900,10221169.0,EQBR
2009-11-20,2.383,2.391,2.35,2.38,2549100,6050391.6,EQBR
2009-11-23,2.395,2.42,2.35,2.379,2314500,5486460.7,EQBR
2009-11-24,2.336,2.377,2.284,2.35,2639400,6167913.1,EQBR
2009-11-25,2.352,2.387,2.285,2.322,1483700,3453182.7,EQBR
2009-11-26,2.322,2.379,2.296,2.357,3874000,9100636.7,EQBR
2009-11-27,2.307,2.31,2.17,2.295,7761800,17528789.0,EQBR
2009-11-30,2.303,2.378,2.209,2.209,5252100,11700464.3,EQBR
2009-12-01,2.234,2.24,2.202,2.224,4025200,8934772.2,EQBR
2009-12-02,2.248,2.248,2.202,2.216,2393300,5347738.7,EQBR
2009-12-03,2.22,2.305,2.211,2.305,4903100,11076148.3,EQBR
2009-12-04,2.327,2.35,2.23,2.297,3568500,8115747.7,EQBR
2009-12-07,2.265,2.3,2.258,2.29,4071200,9259900.7,EQBR
2009-12-08,2.284,2.37,2.254,2.3,5710400,13187829.7,EQBR
2009-12-09,2.281,2.313,2.28,2.295,1881300,4297987.0,EQBR
2009-12-10,2.244,2.35,2.244,2.259,1662800,3794379.6,EQBR
2009-12-11,2.262,2.305,2.262,2.269,584500,1334649.9,EQBR
2009-12-14,2.269,2.302,2.269,2.282,1529200,3495243.9,EQBR
2009-12-15,2.281,2.305,2.24,2.305,1353000,3090999.1,EQBR
2009-12-16,2.283,2.34,2.266,2.33,3910500,9054830.1,EQBR
2009-12-17,2.298,2.354,2.28,2.294,4067800,9391332.1,EQBR
2009-12-18,2.294,2.35,2.267,2.32,2400900,5550815.0,EQBR
2009-12-21,2.321,2.327,2.28,2.288,1282200,2933253.3,EQBR
2009-12-22,2.282,2.309,2.231,2.271,4474500,10170864.4,EQBR
2009-12-23,2.271,2.271,2.209,2.21,4136200,9239162.0,EQBR
2009-12-24,2.21,2.23,2.185,2.185,1057200,2326060.4,EQBR
2009-12-25,2.19,2.199,2.175,2.19,353400,771739.0,EQBR
2009-12-28,2.191,2.207,2.174,2.198,739700,1621844.4,EQBR
2009-12-29,2.179,2.183,2.154,2.157,779600,1689535.6,EQBR
2009-12-30,2.155,2.167,2.14,2.155,568300,1222488.0,EQBR
2009-12-31,2.159,2.159,2.125,2.157,345700,739985.2,EQBR
2010-01-11,2.17,2.32,2.17,2.298,3810100,8642820.7,EQBR
2010-01-12,2.205,2.32,2.194,2.3,2223200,5052108.2,EQBR
2010-01-13,2.3,2.369,2.26,2.35,2714700,6303350.6,EQBR
2010-01-14,2.343,2.437,2.343,2.414,4322800,10317359.2,EQBR
2010-01-15,2.413,2.479,2.4,2.45,3722800,9037259.2,EQBR
2010-01-18,2.444,2.489,2.414,2.47,10239500,24962966.3,EQBR
2010-01-19,2.389,2.559,2.389,2.55,6601700,16519146.0,EQBR
2010-01-20,2.515,2.6,2.47,2.542,10769100,27245672.7,EQBR
2010-01-21,2.57,2.57,2.468,2.523,3123500,7818103.5,EQBR
2010-01-22,2.494,2.523,2.468,2.468,2330000,5807542.7,EQBR
2010-01-25,2.373,2.579,2.373,2.5,2893800,7290575.0,EQBR
2010-01-26,2.5,2.506,2.391,2.405,7482200,18186901.6,EQBR
2010-01-27,2.405,2.465,2.381,2.465,9253100,22425726.9,EQBR
2010-01-28,2.474,2.505,2.423,2.495,5300900,13106304.6,EQBR
2010-01-29,2.465,2.506,2.465,2.504,3643600,9056076.7,EQBR
2010-02-01,2.474,2.502,2.471,2.493,308300,768288.4,EQBR
2010-02-02,2.515,2.548,2.495,2.548,5278000,13347786.4,EQBR
2010-02-03,2.551,2.666,2.551,2.634,9420400,24745380.0,EQBR
2010-02-04,2.634,2.756,2.634,2.656,16090600,43369591.3,EQBR
2010-02-05,2.595,2.649,2.432,2.551,8234600,21196488.8,EQBR
2010-02-08,2.505,2.63,2.445,2.508,6227400,15843238.6,EQBR
2010-02-09,2.551,2.594,2.429,2.44,4071900,10016659.3,EQBR
2010-02-10,2.481,2.498,2.35,2.415,9885700,23731839.8,EQBR
2010-02-11,2.42,2.45,2.414,2.416,1814400,4437820.1,EQBR
2010-02-12,2.464,2.474,2.401,2.418,2457600,5997811.9,EQBR
2010-02-15,2.437,2.438,2.384,2.412,640600,1538206.9,EQBR
2010-02-16,2.43,2.44,2.38,2.408,6613900,15887788.8,EQBR
2010-02-17,2.429,2.44,2.4,2.42,7199500,17429794.2,EQBR
2010-02-18,2.434,2.434,2.391,2.41,4216100,10146180.8,EQBR
2010-02-19,2.398,2.424,2.35,2.41,1574700,3735833.1,EQBR
2010-02-24,2.645,2.645,2.371,2.391,1321500,3160023.5,EQBR
2010-02-25,2.38,2.38,2.303,2.303,1128100,2632480.3,EQBR
2010-02-26,2.345,2.429,2.339,2.383,896900,2133964.5,EQBR
2010-02-27,2.395,2.49,2.369,2.452,2562000,6232673.5,EQBR
2010-03-01,2.455,2.468,2.4,2.431,1910900,4647587.9,EQBR
2010-03-02,2.408,2.439,2.381,2.399,27149600,65541750.9,EQBR
2010-03-03,2.465,2.465,2.381,2.4,9699100,23401008.9,EQBR
2010-03-04,2.409,2.439,2.396,2.405,7990500,19259142.4,EQBR
2010-03-05,2.48,2.48,2.407,2.469,4717300,11550098.8,EQBR
2010-03-09,2.455,2.508,2.439,2.505,7418800,18363912.6,EQBR
2010-03-10,2.523,2.578,2.477,2.567,12528500,31817934.1,EQBR
2010-03-11,2.57,2.599,2.547,2.575,6715900,17268761.7,EQBR
2010-03-12,2.646,2.646,2.576,2.588,4584400,11906188.4,EQBR
2010-03-15,2.589,2.635,2.56,2.599,5317700,13905472.3,EQBR
2010-03-16,2.595,2.667,2.594,2.64,20751500,54851214.0,EQBR
2010-03-17,2.653,2.7,2.64,2.7,11483700,30674968.0,EQBR
2010-03-18,2.69,2.69,2.63,2.643,7597800,20134379.6,EQBR
2010-03-19,2.644,2.7,2.63,2.665,5293600,14092027.1,EQBR
2010-03-22,2.646,2.7,2.618,2.65,4936400,13072241.0,EQBR
2010-03-23,2.641,2.67,2.589,2.59,2805000,7332112.7,EQBR
2010-03-24,2.635,2.635,2.55,2.556,3269700,8459366.3,EQBR
2010-03-25,2.55,2.56,2.516,2.533,2021100,5134156.0,EQBR
2010-03-26,2.515,2.665,2.515,2.661,6910400,18041639.4,EQBR
2010-03-29,2.633,2.77,2.577,2.685,13447500,36169662.3,EQBR
2010-03-30,2.686,2.829,2.625,2.792,20161600,55796175.7,EQBR
2010-03-31,2.831,2.845,2.75,2.809,10185000,28479929.2,EQBR
2010-04-01,2.81,2.839,2.756,2.802,12245800,34313137.3,EQBR
2010-04-02,2.831,2.91,2.8,2.909,9863800,27968849.6,EQBR
2010-04-05,2.9,2.987,2.844,2.87,14928600,42995979.3,EQBR
2010-04-06,2.952,2.952,2.756,2.773,13135800,37018154.5,EQBR
2010-04-07,2.794,2.794,2.625,2.68,15930000,42887987.2,EQBR
2010-04-08,2.554,2.77,2.554,2.725,19311700,52410013.1,EQBR
2010-04-09,2.786,2.83,2.759,2.803,8336500,23329835.7,EQBR
2010-04-12,2.924,2.924,2.756,2.765,4053100,11387039.0,EQBR
2010-04-13,2.802,2.802,2.733,2.76,3232600,8912034.5,EQBR
2010-04-14,2.75,2.789,2.748,2.77,2551000,7073586.5,EQBR
2010-04-15,2.789,2.799,2.671,2.699,15413300,42105839.6,EQBR
2010-04-16,2.69,2.692,2.585,2.604,8484600,22358830.1,EQBR
2010-04-19,2.588,2.591,2.468,2.516,15753200,39738626.6,EQBR
2010-04-20,2.534,2.627,2.5,2.55,10170100,26019509.1,EQBR
2010-04-21,2.597,2.63,2.508,2.509,11911300,30728165.5,EQBR
2010-04-22,2.535,2.589,2.468,2.507,7411600,18688685.8,EQBR
2010-04-23,2.5,2.534,2.45,2.506,5979000,14960527.1,EQBR
2010-04-26,2.593,2.593,2.51,2.526,6304100,16013941.8,EQBR
2010-04-27,2.526,2.526,2.469,2.491,5868800,14667458.4,EQBR
2010-04-28,2.49,2.49,2.395,2.411,9110800,22168874.9,EQBR
2010-04-29,2.411,2.449,2.411,2.419,1929700,4682348.9,EQBR
2010-04-30,2.485,2.485,2.42,2.457,6073500,14757336.8,EQBR
2010-05-04,2.561,2.561,2.333,2.349,7329400,18149324.7,EQBR
2010-05-05,2.271,2.395,2.271,2.341,8508900,19781870.3,EQBR
2010-05-06,2.326,2.332,2.189,2.216,10251500,23140404.0,EQBR
2010-05-07,2.106,2.205,2.106,2.19,6598200,14291479.5,EQBR
2010-05-11,2.345,2.354,2.218,2.248,9342200,21349425.6,EQBR
2010-05-12,2.25,2.35,2.25,2.34,8499400,19669562.0,EQBR
2010-05-13,2.358,2.42,2.3,2.323,13771800,32542827.6,EQBR
2010-05-14,2.3,2.311,2.224,2.258,5401800,12214881.2,EQBR
2010-05-17,2.22,2.293,2.151,2.279,5967700,13449676.2,EQBR
2010-05-18,2.294,2.352,2.283,2.352,6234500,14428337.1,EQBR
2010-05-19,2.325,2.353,2.229,2.244,10043800,23116797.9,EQBR
2010-05-20,2.28,2.35,2.2,2.23,9956800,22551806.6,EQBR
2010-05-21,2.246,2.27,2.14,2.261,10868100,23690283.9,EQBR
2010-05-24,2.214,2.26,2.203,2.26,6027900,13405389.7,EQBR
2010-05-25,2.218,2.218,2.165,2.166,2990000,6510572.6,EQBR
2010-05-26,2.209,2.295,2.175,2.276,13463000,30263112.9,EQBR
2010-05-27,2.344,2.4,2.271,2.4,12786100,29880835.6,EQBR
2010-05-28,2.358,2.391,2.334,2.37,5257300,12423665.2,EQBR
2010-05-31,2.354,2.48,2.35,2.46,5390800,12938060.7,EQBR
2010-06-01,2.391,2.48,2.355,2.459,11720700,28309201.3,EQBR
2010-06-02,2.413,2.435,2.391,2.4,5036700,12083115.7,EQBR
2010-06-03,2.42,2.464,2.374,2.461,6436700,15633042.7,EQBR
2010-06-04,2.437,2.44,2.351,2.37,7512000,18016668.1,EQBR
2010-06-07,2.352,2.353,2.234,2.327,5264100,12274977.6,EQBR
2010-06-08,2.345,2.352,2.174,2.197,26615900,59767222.7,EQBR
2010-06-09,2.217,2.244,2.174,2.19,19704800,43387876.8,EQBR
2010-06-10,2.2,2.21,2.15,2.16,14528500,31458363.3,EQBR
2010-06-11,2.18,2.186,2.151,2.165,7200200,15627574.8,EQBR
2010-06-15,2.17,2.25,2.165,2.22,14813300,32569489.7,EQBR
2010-06-16,2.247,2.255,2.22,2.227,5372600,12028757.1,EQBR
2010-06-17,2.219,2.24,2.195,2.198,4083500,9046659.8,EQBR
2010-06-18,2.218,2.23,2.182,2.217,2014700,4459403.8,EQBR
2010-06-21,2.247,2.29,2.223,2.29,14894100,33533683.6,EQBR
2010-06-22,2.27,2.297,2.245,2.297,6403000,14492214.6,EQBR
2010-06-23,2.276,2.3,2.249,2.266,2484500,5627811.3,EQBR
2010-06-24,2.275,2.275,2.222,2.23,3950300,8864438.0,EQBR
2010-06-25,2.23,2.244,2.174,2.214,5510600,12102453.5,EQBR
2010-06-28,2.22,2.244,2.189,2.24,2498900,5594554.7,EQBR
2010-06-29,2.219,2.231,2.174,2.175,3423500,7474280.6,EQBR
2010-06-30,2.175,2.221,2.171,2.171,4531800,9884951.4,EQBR
2010-07-01,2.14,2.2,2.14,2.14,2323900,4997664.8,EQBR
2010-07-02,2.171,2.185,2.13,2.151,1496500,3210086.3,EQBR
2010-07-05,2.202,2.202,2.144,2.181,789100,1719864.1,EQBR
2010-07-06,2.197,2.32,2.185,2.316,19628000,44565920.2,EQBR
2010-07-07,2.369,2.369,2.28,2.35,4912400,11428367.8,EQBR
2010-07-08,2.366,2.45,2.354,2.422,23408600,56442355.8,EQBR
2010-07-09,2.43,2.49,2.43,2.47,15003300,37096928.6,EQBR
2010-07-12,2.415,2.5,2.415,2.482,8080200,20009025.0,EQBR
2010-07-13,2.467,2.499,2.444,2.446,4543800,11159647.9,EQBR
2010-07-14,2.451,2.484,2.441,2.47,22310000,54972269.3,EQBR
2010-07-15,2.48,2.488,2.455,2.48,4244300,10502396.1,EQBR
2010-07-16,2.487,2.495,2.441,2.449,9656100,23705008.0,EQBR
2010-07-19,2.449,2.468,2.405,2.429,6177600,14985061.3,EQBR
2010-07-20,2.434,2.468,2.393,2.4,1323000,3200116.0,EQBR
2010-07-21,2.411,2.419,2.392,2.41,1699700,4086592.5,EQBR
2010-07-22,2.393,2.43,2.363,2.43,2686400,6482633.7,EQBR
2010-07-23,2.43,2.45,2.42,2.445,2296800,5598062.7,EQBR
2010-07-26,2.454,2.477,2.416,2.465,11604500,28497215.8,EQBR
2010-07-27,2.465,2.54,2.442,2.5,11003100,27477926.9,EQBR
2010-07-28,2.524,2.58,2.504,2.53,32235800,81777568.1,EQBR
2010-07-29,2.521,2.556,2.521,2.54,11045700,28122328.4,EQBR
2010-07-30,2.53,2.558,2.524,2.532,3144800,7974910.7,EQBR
2010-08-02,2.55,2.65,2.54,2.583,4361200,11169171.6,EQBR
2010-08-03,2.584,2.64,2.18,2.558,9633200,24519162.1,EQBR
2010-08-04,2.557,2.587,2.53,2.58,3762800,9668626.2,EQBR
2010-08-05,2.571,2.64,2.571,2.619,3499200,9124380.7,EQBR
2010-08-06,2.619,2.647,2.591,2.64,1621600,4265571.0,EQBR
2010-08-09,2.613,2.66,2.613,2.66,3136900,8280862.1,EQBR
2010-08-10,2.665,2.665,2.59,2.611,2729500,7144788.0,EQBR
2010-08-11,2.636,2.636,2.58,2.612,3146700,8193756.0,EQBR
2010-08-12,2.581,2.6,2.494,2.549,3311700,8420375.0,EQBR
2010-08-13,2.551,2.576,2.501,2.53,1581200,4012177.6,EQBR
2010-08-16,2.608,2.608,2.4,2.501,3338100,8334896.7,EQBR
2010-08-17,2.525,2.642,2.504,2.642,3939500,10054647.7,EQBR
2010-08-18,2.64,2.642,2.571,2.62,2323400,6097046.1,EQBR
2010-08-19,2.63,2.641,2.594,2.595,3338100,8745568.1,EQBR
2010-08-20,2.593,2.622,2.59,2.62,4132400,10759499.8,EQBR
2010-08-23,2.593,2.62,2.561,2.62,1695000,4426069.2,EQBR
2010-08-24,2.593,2.596,2.549,2.55,3980800,10201691.8,EQBR
2010-08-25,2.556,2.589,2.51,2.534,3263800,8334852.9,EQBR
2010-08-26,2.542,2.56,2.51,2.555,2306100,5852941.6,EQBR
2010-08-27,2.527,2.563,2.52,2.562,1879800,4772930.8,EQBR
2010-08-30,2.66,2.66,2.519,2.535,1487300,3795543.2,EQBR
2010-08-31,2.517,2.555,2.508,2.555,2280700,5789832.1,EQBR
2010-09-01,2.562,2.59,2.521,2.59,3533700,9039790.6,EQBR
2010-09-02,2.6,2.63,2.565,2.63,9669400,25060017.7,EQBR
2010-09-03,2.622,2.674,2.591,2.664,3251600,8553530.8,EQBR
2010-09-06,2.645,2.669,2.619,2.644,1769300,4676938.4,EQBR
2010-09-07,2.636,2.641,2.596,2.614,599900,1566634.4,EQBR
2010-09-08,2.614,2.623,2.596,2.606,3138100,8167303.2,EQBR
2010-09-09,2.606,2.634,2.59,2.605,4292900,11182018.3,EQBR
2010-09-10,2.6,2.636,2.593,2.636,1751300,4592886.6,EQBR
2010-09-13,2.639,2.654,2.627,2.637,1495600,3942434.4,EQBR
2010-09-14,2.631,2.641,2.616,2.618,945600,2482206.0,EQBR
2010-09-15,2.617,2.653,2.591,2.65,1481100,3877476.6,EQBR
2010-09-16,2.617,2.65,2.608,2.621,839400,2207538.9,EQBR
2010-09-17,2.638,2.68,2.611,2.645,15065400,39812431.7,EQBR
2010-09-20,2.654,2.698,2.643,2.656,3249200,8713016.4,EQBR
2010-09-21,2.656,2.68,2.644,2.68,1954100,5210787.8,EQBR
2010-09-22,2.68,2.756,2.646,2.745,12580200,34248475.6,EQBR
2010-09-23,2.734,2.773,2.718,2.743,3799200,10448527.8,EQBR
2010-09-24,2.721,2.756,2.691,2.75,21146700,57540354.4,EQBR
2010-09-27,2.75,2.81,2.75,2.756,7817600,21707205.5,EQBR
2010-09-28,2.824,2.824,2.671,2.688,5564100,15072852.7,EQBR
2010-09-29,2.704,2.714,2.671,2.676,1837900,4926577.1,EQBR
2010-09-30,2.679,2.741,2.667,2.72,2024300,5485244.0,EQBR
2010-10-01,2.711,2.75,2.707,2.73,1357900,3706107.0,EQBR
2010-10-04,2.721,2.755,2.707,2.715,1037600,2819096.3,EQBR
2010-10-05,2.715,2.729,2.672,2.69,1075800,2895549.2,EQBR
2010-10-06,2.696,2.699,2.671,2.698,1525600,4088320.8,EQBR
2010-10-07,2.689,2.702,2.68,2.69,335500,902467.3,EQBR
2010-10-08,2.681,2.694,2.671,2.691,3083700,8270392.2,EQBR
2010-10-11,2.692,2.719,2.678,2.693,769100,2072562.1,EQBR
2010-10-12,2.661,2.689,2.661,2.674,1487300,3973887.2,EQBR
2010-10-13,2.689,2.69,2.665,2.68,1242200,3326960.2,EQBR
2010-10-14,2.687,2.71,2.652,2.654,546200,1458781.9,EQBR
2010-10-15,2.65,2.665,2.633,2.638,621600,1643249.3,EQBR
2010-10-18,2.63,2.65,2.618,2.628,5699900,14998687.2,EQBR
2010-10-19,2.638,2.663,2.603,2.61,908700,2386724.0,EQBR
2010-10-20,2.61,2.621,2.589,2.609,1540300,3995755.7,EQBR
2010-10-21,2.613,2.648,2.589,2.611,3065800,8007843.5,EQBR
2010-10-22,2.614,2.63,2.6,2.615,3675500,9590995.9,EQBR
2010-10-25,2.615,2.643,2.615,2.625,689500,1808163.6,EQBR
2010-10-26,2.644,2.65,2.616,2.63,4902900,12926502.0,EQBR
2010-10-27,2.614,2.629,2.6,2.618,1844100,4801431.0,EQBR
2010-10-28,2.611,2.623,2.557,2.57,3323900,8592190.6,EQBR
2010-10-29,2.577,2.578,2.541,2.56,2346900,6011844.3,EQBR
2010-11-01,2.585,2.611,2.565,2.607,12268700,31914619.4,EQBR
2010-11-02,2.613,2.645,2.606,2.616,11107200,29121814.2,EQBR
2010-11-03,2.624,2.642,2.59,2.601,1951400,5092717.3,EQBR
2010-11-08,2.639,2.647,2.589,2.591,12189500,31702968.3,EQBR
2010-11-09,2.595,2.61,2.581,2.581,8037900,20825085.2,EQBR
2010-11-10,2.587,2.592,2.555,2.57,2253500,5790328.7,EQBR
2010-11-11,2.576,2.591,2.55,2.55,6002900,15404672.8,EQBR
2010-11-12,2.392,2.56,2.392,2.555,2720400,6920489.5,EQBR
2010-11-13,2.407,2.56,2.407,2.555,609900,1544944.3,EQBR
2010-11-15,2.559,2.602,2.519,2.595,8975700,23138325.1,EQBR
2010-11-16,2.601,2.601,2.558,2.57,5638000,14498122.8,EQBR
2010-11-17,2.561,2.584,2.536,2.572,3565900,9135029.7,EQBR
2010-11-18,2.579,2.629,2.565,2.6,5223600,13577635.4,EQBR
2010-11-19,2.605,2.7,2.605,2.7,14172700,37607078.0,EQBR
2010-11-22,2.717,2.799,2.686,2.799,15312100,41886114.1,EQBR
2010-11-23,2.799,2.8,2.748,2.76,4612600,12856637.4,EQBR
2010-11-24,2.736,2.796,2.736,2.796,2319100,6416712.7,EQBR
2010-11-25,2.77,2.844,2.77,2.844,6726900,18978118.8,EQBR
2010-11-26,2.82,2.949,2.815,2.879,8792400,25159761.0,EQBR
2010-11-29,2.895,2.895,2.85,2.858,1704500,4870046.7,EQBR
2010-11-30,2.862,2.862,2.78,2.84,4144400,11711729.8,EQBR
2010-12-01,2.834,2.864,2.818,2.835,2777100,7863425.9,EQBR
2010-12-02,2.915,2.915,2.804,2.89,12319000,35343900.5,EQBR
2010-12-03,2.89,2.917,2.87,2.909,6481900,18781207.7,EQBR
2010-12-06,2.914,2.961,2.891,2.96,6347700,18687618.7,EQBR
2010-12-07,3.034,3.034,2.948,2.952,5397100,16045463.7,EQBR
2010-12-08,2.951,2.97,2.91,2.931,2985700,8775880.8,EQBR
2010-12-09,2.967,2.967,2.889,2.89,1686000,4876571.6,EQBR
2010-12-10,2.89,2.89,2.821,2.846,1347100,3829706.1,EQBR
2010-12-13,2.82,2.86,2.803,2.826,3665900,10415278.2,EQBR
2010-12-14,2.827,2.854,2.792,2.8,7391400,20786045.9,EQBR
2010-12-15,2.814,2.814,2.74,2.801,2088400,5817378.9,EQBR
2010-12-16,2.791,2.84,2.77,2.83,4312100,12192870.0,EQBR
2010-12-17,2.843,2.879,2.821,2.824,611300,1734209.8,EQBR
2010-12-20,2.824,2.849,2.8,2.83,3644200,10266403.3,EQBR
2010-12-21,2.847,2.847,2.803,2.834,4570500,12895694.9,EQBR
2010-12-22,2.84,2.934,2.836,2.906,12746600,36835321.7,EQBR
2010-12-23,2.9,2.926,2.889,2.889,2258200,6533112.1,EQBR
2010-12-24,2.889,2.919,2.844,2.845,4161400,11944276.7,EQBR
2010-12-27,2.845,2.845,2.735,2.784,6377100,17771174.5,EQBR
2010-12-28,2.797,2.797,2.761,2.777,981400,2725521.9,EQBR
2010-12-29,2.763,2.833,2.763,2.812,8400200,23353585.5,EQBR
2010-12-30,2.812,2.879,2.785,2.831,7930400,22338196.0,EQBR
2011-01-11,2.843,2.873,2.816,2.842,802100,2279457.0,EQBR
2011-01-12,2.841,2.874,2.803,2.821,5209700,14718428.5,EQBR
2011-01-13,2.85,2.9,2.797,2.802,3571100,10018094.1,EQBR
2011-01-14,2.811,2.819,2.785,2.81,1905500,5331106.8,EQBR
2011-01-17,2.82,2.822,2.778,2.8,4668000,13066284.0,EQBR
2011-01-18,2.801,2.803,2.756,2.789,17155700,47506429.7,EQBR
2011-01-19,2.781,2.795,2.741,2.76,4007600,11083166.2,EQBR
2011-01-20,2.764,2.764,2.713,2.739,7998400,21867082.3,EQBR
2011-01-21,2.74,2.819,2.73,2.818,8851500,24497876.5,EQBR
2011-01-24,2.821,2.853,2.796,2.838,5611700,15849010.4,EQBR
2011-01-25,2.85,2.9,2.792,2.9,5339100,15251823.6,EQBR
2011-01-26,2.9,2.915,2.781,2.865,17161200,48356074.6,EQBR
2011-01-27,2.865,2.879,2.803,2.84,1305500,3719832.8,EQBR
2011-01-28,2.84,2.89,2.813,2.82,10173700,29017885.2,EQBR
2011-01-31,2.794,2.84,2.794,2.82,1823300,5127856.4,EQBR
2011-02-01,2.821,2.839,2.8,2.817,3150800,8881782.1,EQBR
2011-02-02,2.817,2.849,2.751,2.785,11571400,32515976.7,EQBR
2011-02-03,2.785,2.815,2.761,2.775,4725900,13169949.8,EQBR
2011-02-04,2.771,2.83,2.752,2.792,1500000,4230479.3,EQBR
2011-02-07,2.799,2.829,2.761,2.798,999300,2785979.8,EQBR
2011-02-08,2.8,2.8,2.719,2.736,5167200,14223933.5,EQBR
2011-02-09,2.749,2.76,2.713,2.74,3321500,9040417.4,EQBR
2011-02-10,2.731,2.744,2.671,2.678,3533000,9462801.3,EQBR
2011-02-11,2.576,2.695,2.576,2.67,1520600,4062713.4,EQBR
2011-02-14,2.689,2.7,2.646,2.647,405200,1087003.7,EQBR
2011-02-15,2.649,2.69,2.634,2.645,992600,2625802.4,EQBR
2011-02-16,2.636,2.645,2.62,2.635,4627100,12204936.9,EQBR
2011-02-17,2.645,2.657,2.63,2.632,4937500,13033592.4,EQBR
2011-02-18,2.63,2.648,2.497,2.5,8135200,20778035.9,EQBR
2011-02-21,2.584,2.584,2.5,2.525,4713800,11993411.9,EQBR
2011-02-22,2.52,2.54,2.47,2.49,4762400,11909812.3,EQBR
2011-02-24,2.484,2.498,2.465,2.469,2920300,7266234.1,EQBR
2011-02-25,2.48,2.587,2.45,2.57,4494700,11464589.4,EQBR
2011-02-28,2.586,2.6,2.555,2.584,5955300,15397087.2,EQBR
2011-03-01,2.6,2.63,2.52,2.547,3740000,9552725.2,EQBR
2011-03-02,2.5351,2.54,2.5002,2.521,3813000,9585353.5,EQBR
2011-03-03,2.532,2.532,2.499,2.5,4098000,10264056.2,EQBR
2011-03-04,2.5001,2.502,2.468,2.492,2424000,5997976.8,EQBR
2011-03-05,2.469,2.53,2.4501,2.5265,666000,1663494.8,EQBR
2011-03-09,2.5111,2.585,2.505,2.51,2005000,5067701.6,EQBR
2011-03-10,2.5377,2.548,2.496,2.498,1535000,3847366.2,EQBR
2011-03-11,2.498,2.509,2.44,2.4415,10256000,25303889.1,EQBR
2011-03-14,2.4978,2.5078,2.4012,2.41,4901000,11988870.2,EQBR
2011-03-15,2.4,2.4,2.2501,2.35,24599000,57308477.0,EQBR
2011-03-16,2.3565,2.391,2.34,2.3512,3809000,8993513.6,EQBR
2011-03-17,2.3512,2.3892,2.3199,2.355,8930000,20958145.0,EQBR
2011-03-18,2.355,2.449,2.3483,2.42,3654000,8706796.4,EQBR
2011-03-21,2.4483,2.5,2.407,2.5,7365000,18034321.5,EQBR
2011-03-22,2.5,2.537,2.46,2.5,11331000,28194385.5,EQBR
2011-03-23,2.5,2.569,2.4601,2.5399,12776000,32476381.6,EQBR
2011-03-24,2.5301,2.5612,2.5081,2.54,1492000,3798131.3,EQBR
2011-03-25,2.5465,2.55,2.5,2.55,1391000,3511860.2,EQBR
2011-03-28,2.534,2.56,2.5213,2.55,1177000,2991269.0,EQBR
2011-03-29,2.54,2.5444,2.49,2.4958,3871000,9698649.2,EQBR
2011-03-30,2.5013,2.5599,2.5,2.5356,5357000,13604713.3,EQBR
2011-03-31,2.5306,2.76,2.5306,2.6701,27225000,71692780.0,EQBR
2011-04-01,2.6606,2.756,2.6333,2.723,14601000,39778607.8,EQBR
2011-04-04,2.3572,2.75,2.3572,2.717,7403000,19935211.0,EQBR
2011-04-05,2.6779,2.7389,2.6569,2.7,11314000,30497858.8,EQBR
2011-04-06,2.6727,2.75,2.6727,2.7421,9889000,27070012.6,EQBR
2011-04-07,2.7133,2.77,2.71,2.73,5519000,15110618.7,EQBR
2011-04-08,2.736,2.74,2.69,2.7,9031000,24418172.8,EQBR
2011-04-11,2.7,2.7053,2.64,2.659,5020000,13451458.7,EQBR
2011-04-12,2.6401,2.6499,2.581,2.5986,3408000,8884468.6,EQBR
2011-04-13,2.5811,2.67,2.5701,2.635,7909000,20771573.0,EQBR
2011-04-14,2.62,2.6833,2.5701,2.5945,4105000,10812090.2,EQBR
2011-04-15,2.5945,2.6,2.5404,2.5723,3573000,9205092.4,EQBR
2011-04-18,2.4098,2.5998,2.4098,2.53,17893000,45217199.6,EQBR
2011-04-19,2.5002,2.6,2.491,2.539,12643000,32353549.7,EQBR
2011-04-20,2.5392,2.585,2.52,2.5379,7851000,20034841.3,EQBR
2011-04-21,2.55,2.55,2.505,2.505,13507000,34114371.0,EQBR
2011-04-22,2.4994,2.5498,2.4994,2.54,11565000,29393757.1,EQBR
2011-04-25,2.5301,2.5301,2.5118,2.5118,6815000,17201980.4,EQBR
2011-04-26,2.5002,2.5248,2.4278,2.5,3077000,7623540.7,EQBR
2011-04-27,2.4792,2.501,2.4501,2.47,1728000,4285601.0,EQBR
2011-04-28,2.49,2.5,2.4356,2.469,1471000,3629903.1,EQBR
2011-04-29,2.44,2.5,2.41,2.5,952000,2325179.5,EQBR
2011-05-03,2.4701,2.518,2.361,2.361,5785000,13894733.1,EQBR
2011-05-04,2.2895,2.3897,2.2895,2.3099,7767000,18000500.9,EQBR
2011-05-05,2.3198,2.359,2.28,2.33,3320000,7643547.7,EQBR
2011-05-06,2.349,2.38,2.33,2.38,7707000,18041558.1,EQBR
2011-05-10,2.3319,2.3979,2.3096,2.3115,1636000,3822778.2,EQBR
2011-05-11,2.3149,2.315,2.2901,2.3,135678000,312073450.6,EQBR
2011-05-12,2.308,2.315,2.2901,2.2999,30198000,69455150.4,EQBR
2011-05-13,2.2822,2.41,2.2822,2.3301,4689000,10944369.8,EQBR
2011-05-16,2.3061,2.33,2.3015,2.33,836000,1944589.3,EQBR
2011-05-17,2.33,2.359,2.2903,2.3,6324000,14568574.2,EQBR
2011-05-18,2.3096,2.37,2.3,2.3102,12200000,28389419.7,EQBR
2011-05-19,2.3131,2.345,2.31,2.3295,1145000,2655617.1,EQBR
2011-05-20,2.3299,2.3449,2.31,2.31,1624000,3762870.0,EQBR
2011-05-23,2.31,2.3673,2.3,2.3,1572000,3647566.9,EQBR
2011-05-24,2.3001,2.3367,2.2906,2.32,3540000,8193339.0,EQBR
2011-05-25,2.35,2.35,2.2934,2.3145,927000,2142977.1,EQBR
2011-05-26,2.3146,2.3365,2.3,2.3,612000,1411142.9,EQBR
2011-05-27,2.31,2.34,2.2999,2.34,2970000,6846620.1,EQBR
2011-05-30,2.3401,2.35,2.3206,2.3397,831000,1945672.0,EQBR
2011-05-31,2.3499,2.3935,2.3408,2.341,6450000,15353889.2,EQBR
2011-06-01,2.35,2.3642,2.33,2.3418,226000,529949.1,EQBR
2011-06-02,2.3136,2.3499,2.2955,2.333,435000,1008807.3,EQBR
2011-06-03,2.3497,2.3802,2.3143,2.3301,6258000,14561520.2,EQBR
2011-06-06,2.33,2.3796,2.32,2.3575,636000,1490030.3,EQBR
2011-06-07,2.3575,2.38,2.3302,2.38,6356000,15051268.3,EQBR
2011-06-08,2.3656,2.38,2.3656,2.38,2283000,5432564.7,EQBR
2011-06-09,2.3769,2.4277,2.35,2.3602,8744000,20816798.2,EQBR
2011-06-10,2.3713,2.41,2.355,2.3798,4693000,11156657.8,EQBR
2011-06-14,2.3601,2.438,2.3601,2.3991,6998000,16704035.1,EQBR
2011-06-15,2.385,2.3995,2.383,2.383,457000,1094275.2,EQBR
2011-06-16,2.3604,2.39,2.3501,2.3652,979000,2318999.4,EQBR
2011-06-17,2.3587,2.3769,2.306,2.324,2465000,5787931.5,EQBR
2011-06-20,2.3201,2.33,2.31,2.32,573000,1332264.7,EQBR
2011-06-21,2.3201,2.3681,2.3201,2.3301,1227000,2881316.3,EQBR
2011-06-22,2.36,2.36,2.2805,2.2806,13849000,31742605.5,EQBR
2011-06-23,2.2803,2.3,2.27,2.27,5450000,12458008.8,EQBR
2011-06-24,2.2998,2.3048,2.27,2.2981,1819000,4148410.6,EQBR
2011-06-27,2.2752,2.3,2.2702,2.3,824000,1886397.1,EQBR
2011-06-28,2.2827,2.3307,2.2827,2.3086,1884000,4363148.6,EQBR
2011-06-29,2.3489,2.35,2.3303,2.3393,15871000,37070977.5,EQBR
2011-06-30,2.3539,2.3724,2.34,2.35,3081000,7241794.2,EQBR
2011-07-01,2.35,2.35,2.3101,2.3351,2128000,4993200.3,EQBR
2011-07-04,2.3499,2.37,2.3101,2.3202,1433000,3339487.6,EQBR
2011-07-05,2.3195,2.3885,2.3157,2.3491,9307000,21725991.8,EQBR
2011-07-06,2.349,2.369,2.3351,2.35,438000,1025554.1,EQBR
2011-07-07,2.3599,2.46,2.3599,2.46,15299000,36985223.5,EQBR
2011-07-08,2.4758,2.48,2.4202,2.4679,5525000,13524988.9,EQBR
2011-07-11,2.464,2.468,2.4102,2.45,14442000,35359451.0,EQBR
2011-07-12,2.4206,2.44,2.354,2.44,3423000,8264414.7,EQBR
2011-07-13,2.438,2.45,2.3801,2.4398,556000,1357690.2,EQBR
2011-07-14,2.3036,2.46,2.3036,2.4551,5355000,13107174.6,EQBR
2011-07-15,2.4476,2.4599,2.435,2.4589,267000,651964.0,EQBR
2011-07-18,2.4204,2.4593,2.3998,2.4063,1151000,2784471.7,EQBR
2011-07-19,2.4082,2.44,2.4063,2.44,3718000,9031184.5,EQBR
2011-07-20,2.4201,2.43,2.402,2.43,1316000,3180040.9,EQBR
2011-07-21,2.4298,2.449,2.42,2.4475,863000,2102816.3,EQBR
2011-07-22,2.4491,2.5555,2.44,2.5,12812000,32180440.8,EQBR
2011-07-25,2.51,2.52,2.4724,2.4999,4304000,10754456.2,EQBR
2011-07-26,2.5,2.5403,2.4993,2.5,5991000,15067945.9,EQBR
2011-07-27,2.5094,2.52,2.48,2.495,3625000,9090387.7,EQBR
2011-07-28,2.4718,2.533,2.4715,2.4721,5533000,13887461.2,EQBR
2011-07-29,2.472,2.495,2.45,2.495,1662000,4111521.6,EQBR
2011-08-01,2.5007,2.53,2.476,2.4938,1535000,3846393.3,EQBR
2011-08-02,2.4751,2.515,2.4679,2.4935,878000,2195551.5,EQBR
2011-08-03,2.47,2.498,2.45,2.45,462000,1136333.3,EQBR
2011-08-04,2.467,2.498,2.4011,2.41,2268000,5537813.7,EQBR
2011-08-05,2.4,2.498,2.2714,2.295,11401000,26528860.5,EQBR
2011-08-08,2.2525,2.3997,2.16,2.163,11057000,24341752.7,EQBR
2011-08-09,2.035,2.6,1.8702,2.14,22784000,46792737.9,EQBR
2011-08-10,2.195,2.22,1.9502,2.045,4169000,8662255.6,EQBR
2011-08-11,2.0799,2.253,1.91,2.0935,4101000,8320088.2,EQBR
2011-08-12,2.0999,2.25,2.04,2.12,2120000,4489413.7,EQBR
2011-08-15,2.15,2.185,2.1189,2.16,13146000,28345062.0,EQBR
2011-08-16,2.1339,2.18,2.0606,2.1402,5434000,11533597.1,EQBR
2011-08-17,2.1699,2.23,2.1356,2.22,23317000,51047554.8,EQBR
2011-08-18,2.1805,2.241,2.0266,2.071,4988000,10944937.0,EQBR
2011-08-19,2.0675,2.1628,2.0262,2.1,14682000,30777980.7,EQBR
2011-08-22,2.1,2.1379,2.015,2.015,12889000,27045380.7,EQBR
2011-08-23,2.0468,2.14,2.04,2.1,32918000,69155141.4,EQBR
2011-08-24,2.1399,2.1399,2.1003,2.104,668000,1410236.2,EQBR
2011-08-25,2.1499,2.1798,2.0739,2.1374,1351000,2886232.8,EQBR
2011-08-26,2.176,2.176,2.0787,2.0999,2214000,4649513.7,EQBR
2011-08-29,2.1041,2.1586,2.1041,2.1581,4336000,9294379.1,EQBR
2011-08-30,2.1679,2.1701,2.1181,2.1624,2069000,4444403.5,EQBR
2011-08-31,2.17,2.1797,2.15,2.1651,4232000,9152308.0,EQBR
2011-09-01,2.152,2.175,2.121,2.13,1719000,3675947.4,EQBR
2011-09-02,2.1198,2.12,2.107,2.1161,856000,1806964.3,EQBR
2011-09-05,2.102,2.1199,2.073,2.0826,3005000,6295790.9,EQBR
2011-09-06,2.0697,2.15,2.035,2.0731,6979000,14715809.0,EQBR
2011-09-07,2.0804,2.145,2.073,2.1098,5422000,11366198.8,EQBR
2011-09-08,2.1101,2.1247,2.09,2.1104,5639000,11876193.7,EQBR
2011-09-09,2.0998,2.1145,2.0753,2.086,4235000,8820458.2,EQBR
2011-09-12,2.06,2.065,2.02,2.0286,6627000,13592403.9,EQBR
2011-09-13,2.0694,2.0694,2.0251,2.05,629000,1285541.5,EQBR
2011-09-14,2.017,2.0846,2.0136,2.0846,4237000,8761821.5,EQBR
2011-09-15,2.089,2.12,2.07,2.12,2044000,4295394.2,EQBR
2011-09-16,2.1355,2.1399,2.04,2.1,3928000,8128620.2,EQBR
2011-09-19,2.0629,2.0728,2.05,2.0502,172000,353291.8,EQBR
2011-09-20,2.0404,2.073,2.0211,2.072,485000,996688.8,EQBR
2011-09-21,2.1185,2.1185,2.0505,2.07,4094000,8504598.9,EQBR
2011-09-22,2.042,2.05,1.95,2.0,9118000,18255038.0,EQBR
2011-09-23,1.9318,1.9495,1.803,1.899,9828000,18325043.4,EQBR
2011-09-26,1.7904,1.95,1.7904,1.8665,5395000,10241580.6,EQBR
2011-09-27,1.8997,1.95,1.88,1.91,4056000,7678061.9,EQBR
2011-09-28,1.8695,1.8999,1.84,1.8999,6940000,12966412.3,EQBR
2011-09-29,1.86,1.9149,1.8546,1.9001,8272000,15528600.1,EQBR
2011-09-30,1.8918,1.9099,1.8448,1.9,1495000,2792634.1,EQBR
2011-10-03,1.8102,1.8933,1.7801,1.855,4186000,7773033.6,EQBR
2011-10-04,1.8499,1.9037,1.7946,1.82,14460000,26500688.9,EQBR
2011-10-05,1.8051,1.8864,1.72,1.8499,6445000,11900700.9,EQBR
2011-10-06,1.85,1.88,1.8277,1.868,13597000,25241488.7,EQBR
2011-10-07,1.8401,1.974,1.8401,1.8992,4657000,8787869.4,EQBR
2011-10-10,1.8981,1.9997,1.87,1.924,7173000,13497036.4,EQBR
2011-10-11,1.906,1.906,1.861,1.87,4385000,8232084.4,EQBR
2011-10-12,1.87,1.904,1.8655,1.8737,2922000,5494690.8,EQBR
2011-10-13,1.9,1.9,1.8567,1.8568,15327000,28551917.4,EQBR
2011-10-14,1.8899,2.0,1.8652,1.9489,59238000,112991876.7,EQBR
2011-10-17,1.9,1.968,1.9,1.955,5810000,11309832.8,EQBR
2011-10-18,1.9677,1.968,1.9151,1.925,466000,902131.6,EQBR
2011-10-19,1.938,1.9569,1.9,1.93,5332000,10225264.5,EQBR
2011-10-20,1.8802,1.945,1.8802,1.9425,7924000,15244535.3,EQBR
2011-10-21,1.9271,1.935,1.92,1.935,900000,1739047.3,EQBR
2011-10-24,1.973,1.9889,1.9204,1.944,985000,1917122.5,EQBR
2011-10-25,1.9693,1.9694,1.8841,1.8857,2936000,5598118.2,EQBR
2011-10-26,1.8357,1.9099,1.812,1.8929,2523000,4764002.6,EQBR
2011-10-27,1.9199,1.94,1.8841,1.91,34874000,66540678.7,EQBR
2011-10-28,1.9,1.915,1.891,1.8997,24772000,47067692.6,EQBR
2011-10-31,1.8601,1.923,1.85,1.884,4232000,8004899.4,EQBR
2011-11-01,1.8586,1.9147,1.81,1.81,18920000,35136556.2,EQBR
2011-11-02,1.87,1.8839,1.8,1.8,18319000,33452688.0,EQBR
2011-11-03,1.8004,1.8483,1.8003,1.83,3214000,5858118.1,EQBR
2011-11-07,1.8398,1.8417,1.82,1.8417,3839000,7028069.8,EQBR
2011-11-08,1.8499,1.8549,1.8327,1.835,969000,1785010.7,EQBR
2011-11-09,1.8545,1.921,1.832,1.8613,8331000,15653931.3,EQBR
2011-11-10,1.8613,1.8613,1.832,1.855,1177000,2169300.8,EQBR
2011-11-11,1.843,1.8845,1.8235,1.8549,392000,721286.2,EQBR
2011-11-14,1.8898,1.891,1.851,1.865,7250000,13576666.9,EQBR
2011-11-15,1.8561,1.8854,1.825,1.88,1331000,2478592.9,EQBR
2011-11-16,1.8568,1.865,1.8568,1.86,782000,1455157.2,EQBR
2011-11-17,1.8352,1.8888,1.8352,1.86,1607000,2986313.0,EQBR
2011-11-18,1.8403,1.8811,1.8403,1.8558,388000,725288.9,EQBR
2011-11-21,1.8839,1.886,1.8,1.8008,12502000,22796547.9,EQBR
2011-11-22,1.8299,1.832,1.797,1.8197,2263000,4121310.0,EQBR
2011-11-23,1.7911,1.8172,1.7911,1.8,3378000,6089569.8,EQBR
2011-11-24,1.8003,1.8278,1.8003,1.811,1943000,3518059.8,EQBR
2011-11-25,1.815,1.82,1.8,1.8194,4223000,7670457.5,EQBR
2011-11-28,1.8194,1.88,1.81,1.86,9347000,17286616.6,EQBR
2011-11-29,1.8505,1.891,1.85,1.8799,5783000,10903386.4,EQBR
2011-11-30,1.8849,1.973,1.8581,1.9599,16262000,31535535.6,EQBR
2011-12-01,2.034,2.034,1.895,1.9877,14814000,29333588.7,EQBR
2011-12-02,1.9802,2.0549,1.9801,2.037,21228000,42913619.1,EQBR
2011-12-05,2.037,2.06,2.014,2.06,6748000,13737746.5,EQBR
2011-12-06,2.0319,2.06,2.015,2.015,13014000,26286668.5,EQBR
2011-12-07,2.0162,2.0494,2.015,2.028,2218000,4478737.9,EQBR
2011-12-08,2.0165,2.05,2.016,2.0176,9172000,18673477.9,EQBR
2011-12-09,2.016,2.016,1.9501,1.9813,30648000,60944895.0,EQBR
2011-12-12,2.0395,2.0395,1.9511,1.974,9268000,18514175.2,EQBR
2011-12-13,1.9782,2.035,1.952,2.029,3849000,7662093.5,EQBR
2011-12-14,1.9794,2.032,1.9679,1.9679,1652000,3269576.3,EQBR
2011-12-15,1.965,1.97,1.92,1.94,6206000,12101311.9,EQBR
2011-12-16,1.9403,2.02,1.9401,1.9801,2023000,3991696.3,EQBR
2011-12-19,1.9156,2.0182,1.9156,1.9979,16872000,33658212.7,EQBR
2011-12-20,2.0176,2.02,1.95,1.9699,4472000,8863050.7,EQBR
2011-12-21,1.9899,1.9899,1.952,1.9521,1590000,3115520.7,EQBR
2011-12-22,1.9698,1.9698,1.921,1.921,7022000,13619231.7,EQBR
2011-12-23,1.9301,1.9588,1.891,1.9198,10599000,20258987.8,EQBR
2011-12-26,1.9099,1.92,1.8016,1.802,8861000,16714084.1,EQBR
2011-12-27,1.802,1.849,1.78,1.8062,8514000,15428809.3,EQBR
2011-12-28,1.807,1.863,1.807,1.86,9042000,16640022.0,EQBR
2011-12-29,1.8402,1.8689,1.8174,1.8174,6602000,12100630.7,EQBR
2011-12-30,1.8377,1.84,1.82,1.82,4270000,7804581.0,EQBR
2012-01-03,1.8599,1.8672,1.85,1.8562,1601000,2968242.5,EQBR
2012-01-04,1.8385,1.8828,1.8385,1.85,850000,1588272.3,EQBR
2012-01-05,1.861,1.861,1.8301,1.8347,101000,185761.5,EQBR
2012-01-06,1.8327,1.8599,1.8272,1.8495,374000,691139.9,EQBR
2012-01-09,1.855,1.906,1.85,1.9,3148000,5972043.9,EQBR
2012-01-10,1.8901,1.9137,1.89,1.9001,3371000,6410571.2,EQBR
2012-01-11,1.8718,1.9301,1.8718,1.93,4716000,9050518.2,EQBR
2012-01-12,1.9299,1.955,1.929,1.945,5961000,11601100.3,EQBR
2012-01-13,1.945,1.99,1.945,1.99,5132000,10145645.8,EQBR
2012-01-16,1.99,2.0,1.975,1.999,4495000,8942754.3,EQBR
2012-01-17,1.9719,2.0122,1.9718,2.0,2414000,4817235.1,EQBR
2012-01-18,2.012,2.047,1.9842,2.0338,31702000,64581852.0,EQBR
2012-01-19,2.033,2.1199,2.033,2.1,35840000,74443430.8,EQBR
2012-01-20,2.135,2.14,2.082,2.0925,16013000,33735721.1,EQBR
2012-01-23,2.08,2.09,2.0703,2.0703,16424000,34100564.1,EQBR
2012-01-24,2.0703,2.087,2.07,2.0769,4607000,9568534.1,EQBR
2012-01-25,2.09,2.09,2.06,2.0702,23547000,48747024.4,EQBR
2012-01-26,2.0999,2.0999,2.0705,2.09,2984000,6222046.0,EQBR
2012-01-27,2.0902,2.12,2.0716,2.11,6895000,14529746.9,EQBR
2012-01-30,2.095,2.1107,2.0785,2.0785,2038000,4281974.9,EQBR
2012-01-31,2.0702,2.1374,2.0702,2.135,26098000,55493592.1,EQBR
2012-02-01,2.1399,2.14,2.0888,2.1301,14001000,29898216.9,EQBR
2012-02-02,2.14,2.14,2.1101,2.126,3261000,6949495.1,EQBR
2012-02-03,2.12,2.14,2.11,2.1398,16342000,34881882.5,EQBR
2012-02-06,2.14,2.17,2.1098,2.1103,2954000,6287860.6,EQBR
2012-02-07,2.1,2.1438,2.1,2.124,8326000,17797270.0,EQBR
2012-02-08,2.1009,2.175,2.1006,2.17,19840000,42744945.1,EQBR
2012-02-09,2.171,2.18,2.0788,2.105,13468000,28725836.7,EQBR
2012-02-10,2.15,2.15,2.0874,2.1229,10572000,22264150.5,EQBR
2012-02-13,2.15,2.15,2.1029,2.122,1188000,2525524.9,EQBR
2012-02-14,2.1217,2.1301,2.11,2.112,2993000,6345915.0,EQBR
2012-02-15,2.1406,2.1407,2.102,2.129,2224000,4722955.8,EQBR
2012-02-16,2.1003,2.113,2.1,2.111,223000,469434.3,EQBR
2012-02-17,2.122,2.14,2.115,2.1295,3526000,7517207.8,EQBR
2012-02-20,2.1212,2.135,2.1126,2.1151,7104000,15110865.4,EQBR
2012-02-21,2.1126,2.1294,2.078,2.083,11649000,24409334.5,EQBR
2012-02-22,2.1,2.1161,2.0935,2.1002,2737000,5759327.9,EQBR
2012-02-24,2.139,2.139,2.0907,2.1185,3100000,6553595.2,EQBR
2012-02-27,2.119,2.1335,2.085,2.1001,4284000,8983947.5,EQBR
2012-02-28,2.1002,2.1801,2.09,2.122,19212000,41178531.1,EQBR
2012-02-29,2.1386,2.1605,2.1386,2.1549,12970000,27894491.2,EQBR
2012-03-01,2.1566,2.157,2.111,2.145,27070000,57617733.8,EQBR
2012-03-02,2.1852,2.1852,2.1111,2.1265,47130000,101049183.5,EQBR
2012-03-05,2.1395,2.14,2.1067,2.1297,2332000,4980943.5,EQBR
2012-03-06,2.1101,2.14,2.0811,2.14,19133000,40381302.9,EQBR
2012-03-07,2.1399,2.2089,2.1134,2.1616,17802000,38453522.2,EQBR
2012-03-11,2.1895,2.23,2.15,2.2201,10305000,22700869.3,EQBR
2012-03-12,2.2001,2.24,2.2,2.22,8067000,17923545.7,EQBR
2012-03-13,2.23,2.2398,2.211,2.2338,2153000,4800172.9,EQBR
2012-03-14,2.2108,2.2497,2.2108,2.235,12544000,28044455.2,EQBR
2012-03-15,2.23,2.24,2.174,2.1751,30246000,66932033.5,EQBR
2012-03-16,2.2095,2.2295,2.1599,2.17,18975000,41280424.3,EQBR
2012-03-19,2.1896,2.28,2.16,2.1918,11477000,25177319.3,EQBR
2012-03-20,2.2128,2.24,2.1902,2.195,6510000,14392595.7,EQBR
2012-03-21,2.202,2.2182,2.1786,2.1911,771000,1693084.7,EQBR
2012-03-22,2.1784,2.27,2.1781,2.209,24123000,53678711.1,EQBR
2012-03-23,2.2104,2.2396,2.1806,2.1812,2819000,6229567.7,EQBR
2012-03-26,2.2288,2.2333,2.185,2.19,2571000,5637197.8,EQBR
2012-03-27,2.19,2.2415,2.185,2.24,6066000,13426596.6,EQBR
2012-03-28,2.2025,2.2994,2.185,2.282,22658000,51322148.9,EQBR
2012-03-29,2.26,2.3135,2.244,2.244,14177000,32369176.6,EQBR
2012-03-30,2.244,2.316,2.24,2.3154,6422000,14719196.3,EQBR
2012-04-02,2.2526,2.3197,2.2475,2.2697,2486000,5666362.5,EQBR
2012-04-03,2.2889,2.2889,2.2494,2.26,271000,613846.2,EQBR
2012-04-04,2.2599,2.2625,2.18,2.1801,18031000,40140559.2,EQBR
2012-04-05,2.1781,2.2199,2.155,2.1948,6573000,14305560.3,EQBR
2012-04-06,2.2199,2.22,2.1555,2.18,862000,1895315.0,EQBR
2012-04-09,2.1502,2.1713,2.0709,2.1649,553000,1181375.4,EQBR
2012-04-10,2.1462,2.17,2.144,2.145,1930000,4140782.9,EQBR
2012-04-11,2.1441,2.18,2.144,2.1651,4104000,8859055.1,EQBR
2012-04-12,2.1366,2.15,2.1356,2.1401,3576000,7669061.2,EQBR
2012-04-13,2.16,2.16,2.13,2.1425,370000,792753.0,EQBR
2012-04-16,2.1215,2.1348,2.107,2.1101,862000,1825482.6,EQBR
2012-04-17,2.14,2.14,2.07,2.0993,11332000,23881429.1,EQBR
2012-04-18,2.1394,2.1394,2.066,2.08,1164000,2427567.9,EQBR
2012-04-19,2.0999,2.144,2.08,2.1347,6711000,14362433.3,EQBR
2012-04-20,2.145,2.145,2.12,2.12,87000,185287.2,EQBR
2012-04-23,2.112,2.1397,2.106,2.12,1954000,4116693.7,EQBR
2012-04-24,2.12,2.12,2.0792,2.0795,506000,1053941.4,EQBR
2012-04-25,2.0999,2.1399,2.0923,2.105,400000,840291.8,EQBR
2012-04-26,2.0825,2.0906,2.0512,2.07,9213000,19129657.7,EQBR
2012-04-27,2.07,2.09,2.0505,2.08,437000,912247.8,EQBR
2012-04-28,2.106,2.106,2.0602,2.1,1815000,3810268.0,EQBR
2012-05-02,2.091,2.1,2.0504,2.0531,236000,492124.4,EQBR
2012-05-03,2.042,2.0539,1.8001,2.0099,3579000,7258019.0,EQBR
2012-05-04,1.9701,2.02,1.921,1.9255,28239000,55688013.5,EQBR
2012-05-05,1.9235,1.9399,1.891,1.9382,6230000,11927033.0,EQBR
2012-05-07,1.8701,1.925,1.8651,1.925,9000,17080.2,EQBR
2012-05-08,1.95,1.9798,1.9,1.925,51000,98547.2,EQBR
2012-05-10,1.9,1.912,1.8932,1.9097,563000,1074668.7,EQBR
2012-05-11,1.8951,1.9178,1.891,1.9178,2235000,4228680.3,EQBR
2012-05-12,1.9294,1.9294,1.8911,1.896,396000,751366.6,EQBR
2012-05-14,1.8902,1.8994,1.8216,1.8584,4998000,9416335.0,EQBR
2012-05-15,1.861,1.89,1.855,1.8721,3038000,5660598.3,EQBR
2012-05-16,1.8651,1.8838,1.8335,1.8795,3397000,6298589.7,EQBR
2012-05-17,1.8355,1.8355,1.79,1.832,4754000,8684899.4,EQBR
2012-05-18,1.85,1.85,1.746,1.7699,15054000,26880807.5,EQBR
2012-05-21,1.764,1.8029,1.7201,1.7411,1593000,2787733.0,EQBR
2012-05-22,1.778,1.8149,1.7505,1.7505,493000,863502.8,EQBR
2012-05-23,1.7359,1.7359,1.52,1.52,36441000,58625195.1,EQBR
2012-05-24,1.557,1.5849,1.4999,1.5651,27427000,41624284.1,EQBR
2012-05-25,1.56,1.65,1.56,1.65,3119000,5003373.7,EQBR
2012-05-28,1.6071,1.6869,1.6071,1.65,595000,985810.4,EQBR
2012-05-29,1.5762,1.69,1.5762,1.6898,1000000,1675532.0,EQBR
2012-05-30,1.6514,1.689,1.6513,1.6519,118000,195971.1,EQBR
2012-05-31,1.6496,1.6734,1.63,1.6451,665000,1094254.3,EQBR
2012-06-01,1.6051,1.6787,1.6038,1.6549,4057000,6671542.6,EQBR
2012-06-04,1.6575,1.693,1.6112,1.6205,7678000,12535338.7,EQBR
2012-06-05,1.6492,1.6492,1.6132,1.625,90000,146546.1,EQBR
2012-06-06,1.63,1.6729,1.6223,1.635,6818000,11088263.8,EQBR
2012-06-07,1.6791,1.698,1.577,1.6255,1968000,3231929.1,EQBR
2012-06-08,1.6122,1.6799,1.608,1.6799,920000,1490448.7,EQBR
2012-06-09,1.6819,1.6819,1.656,1.6817,299000,497865.6,EQBR
2012-06-13,1.6507,1.6948,1.6507,1.6802,588000,975602.4,EQBR
2012-06-14,1.657,1.6573,1.624,1.6295,3283000,5431784.0,EQBR
2012-06-15,1.6312,1.7,1.6241,1.6361,3557000,5851777.0,EQBR
2012-06-18,1.698,1.7361,1.6368,1.6979,4379000,7430081.4,EQBR
2012-06-19,1.6979,1.698,1.6561,1.688,716000,1211978.8,EQBR
2012-06-20,1.6788,1.6788,1.636,1.636,784000,1287675.4,EQBR
2012-06-21,1.6212,1.6647,1.571,1.6647,899000,1471722.4,EQBR
2012-06-22,1.6497,1.6899,1.6051,1.684,457000,753872.8,EQBR
2012-06-25,1.6322,1.635,1.6281,1.6287,65000,106092.1,EQBR
2012-06-26,1.6281,1.689,1.6281,1.6412,213000,355318.3,EQBR
2012-06-27,1.6286,1.662,1.628,1.662,2269000,3752855.7,EQBR
2012-06-28,1.662,1.688,1.6161,1.6161,2040000,3363541.9,EQBR
2012-06-29,1.6201,1.6674,1.6201,1.6671,1753000,2867141.8,EQBR
2012-07-02,1.666,1.6886,1.6398,1.6787,559000,930530.7,EQBR
2012-07-03,1.6779,1.72,1.6514,1.67,2801000,4773223.4,EQBR
2012-07-04,1.7383,1.7384,1.7064,1.719,340000,585341.0,EQBR
2012-07-05,1.71,1.7301,1.6861,1.715,2009000,3466728.3,EQBR
2012-07-06,1.6852,1.7251,1.6852,1.7099,2118000,3635744.0,EQBR
2012-07-09,1.715,1.72,1.6903,1.7,9530000,16221014.7,EQBR
2012-07-10,1.7001,1.765,1.7,1.765,6118000,10517348.3,EQBR
2012-07-11,1.77,1.7899,1.7301,1.77,2256000,4006933.2,EQBR
2012-07-12,1.7701,1.7701,1.7699,1.77,3415000,6044556.6,EQBR
2012-07-13,1.7517,1.7803,1.7516,1.7701,214000,378608.4,EQBR
2012-07-16,1.7998,1.7999,1.752,1.7721,286000,509067.8,EQBR
2012-07-17,1.755,1.78,1.7549,1.7629,603000,1065190.8,EQBR
2012-07-18,1.7458,1.7624,1.6857,1.688,11573000,19600637.5,EQBR
2012-07-19,1.6998,1.7488,1.6603,1.73,46733000,79090770.8,EQBR
2012-07-20,1.7268,1.727,1.6901,1.718,68000,116498.8,EQBR
2012-07-23,1.7199,1.72,1.6641,1.6946,1541000,2604749.8,EQBR
2012-07-24,1.6847,1.6937,1.65,1.68,548000,914156.4,EQBR
2012-07-25,1.6374,1.6693,1.6226,1.6654,125000,204723.8,EQBR
2012-07-26,1.66,1.685,1.6425,1.6426,2371000,3981484.0,EQBR
2012-07-27,1.6374,1.6821,1.6373,1.67,1341000,2217382.4,EQBR
2012-07-30,1.67,1.6731,1.6555,1.6683,133000,222367.3,EQBR
2012-07-31,1.6685,1.67,1.6551,1.6551,49000,81633.8,EQBR
2012-08-01,1.6354,1.6665,1.6352,1.6665,109000,180567.2,EQBR
2012-08-02,1.6669,1.7135,1.638,1.638,2262000,3729046.3,EQBR
2012-08-03,1.6301,1.71,1.6285,1.6683,6269000,10641385.8,EQBR
2012-08-06,1.6655,1.8921,1.6644,1.7631,15325000,27089837.4,EQBR
2012-08-07,1.7898,1.8536,1.7377,1.77,1613000,2850311.7,EQBR
2012-08-08,1.7701,1.8378,1.77,1.83,5973000,10665688.2,EQBR
2012-08-09,1.7936,1.844,1.7931,1.84,1449000,2651220.2,EQBR
2012-08-10,1.8308,1.84,1.7307,1.7527,593000,1045320.6,EQBR
2012-08-13,1.7699,1.8399,1.7699,1.775,491000,877745.0,EQBR
2012-08-14,1.7898,1.8249,1.7755,1.8,137000,246258.5,EQBR
2012-08-15,1.784,1.8288,1.7701,1.78,442000,790429.5,EQBR
2012-08-16,1.8188,1.8188,1.78,1.7825,1255000,2236922.3,EQBR
2012-08-17,1.8005,1.835,1.79,1.802,1348000,2430176.8,EQBR
2012-08-20,1.7911,1.7965,1.7609,1.7706,615000,1091369.4,EQBR
2012-08-21,1.7856,1.821,1.78,1.805,940000,1706877.2,EQBR
2012-08-22,1.7611,1.84,1.7611,1.8359,4438000,8124009.3,EQBR
2012-08-23,1.85,1.8977,1.8201,1.8801,3931000,7378789.4,EQBR
2012-08-24,1.8802,1.8932,1.86,1.8932,1155000,2174518.8,EQBR
2012-08-27,1.8548,1.887,1.8507,1.887,151000,282094.4,EQBR
2012-08-28,1.8504,1.9127,1.8003,1.9,20234000,38622628.4,EQBR
2012-08-29,1.9002,1.9097,1.7925,1.795,1357000,2519801.8,EQBR
2012-08-30,1.7951,1.7951,1.7605,1.77,17694000,31502633.2,EQBR
2012-08-31,1.77,1.8865,1.7301,1.7799,594000,1059825.1,EQBR
2012-09-03,1.7695,1.8025,1.7336,1.7337,11939000,21089847.1,EQBR
2012-09-04,1.7591,1.792,1.735,1.735,4000000,7012046.0,EQBR
2012-09-05,1.7301,1.733,1.701,1.701,7696000,13153354.9,EQBR
2012-09-06,1.7105,1.7371,1.7104,1.73,4830000,8335819.3,EQBR
2012-09-07,1.7443,1.7913,1.7315,1.7315,20308000,36171485.2,EQBR
2012-09-10,1.733,1.7878,1.726,1.7878,725000,1265812.5,EQBR
2012-09-11,1.7868,1.83,1.7355,1.75,1034000,1846350.2,EQBR
2012-09-12,1.7855,1.99,1.78,1.83,2443000,4441269.4,EQBR
2012-09-13,1.8,1.877,1.7814,1.876,9314000,17314368.6,EQBR
2012-09-14,1.887,1.975,1.887,1.97,9144000,17883003.1,EQBR
2012-09-17,1.9779,1.9799,1.9501,1.974,1053000,2074713.9,EQBR
2012-09-18,1.9868,2.007,1.95,1.9524,3160000,6258239.3,EQBR
2012-09-19,1.932,1.969,1.932,1.9497,1707000,3331291.7,EQBR
2012-09-20,1.9311,1.95,1.9311,1.94,1348000,2625038.3,EQBR
2012-09-21,1.9898,2.027,1.9255,1.9489,474000,923277.9,EQBR
2012-09-24,1.9885,1.9886,1.6566,1.91,2492000,4778058.0,EQBR
2012-09-25,1.91,1.9316,1.91,1.9191,1132000,2173746.8,EQBR
2012-09-26,1.8509,1.8912,1.839,1.839,988000,1847899.6,EQBR
2012-09-27,1.8945,1.8945,1.805,1.8333,1703000,3146673.1,EQBR
2012-09-28,1.8372,1.887,1.81,1.84,1067000,1941194.6,EQBR
2012-10-01,1.8023,1.889,1.8023,1.8543,478000,884039.2,EQBR
2012-10-02,1.8322,1.8543,1.8308,1.8543,462000,852131.0,EQBR
2012-10-03,1.8401,1.865,1.8401,1.855,867000,1607481.2,EQBR
2012-10-04,1.8877,1.8877,1.8223,1.8792,223000,407905.2,EQBR
2012-10-05,1.8521,1.8998,1.8521,1.889,197000,369468.9,EQBR
2012-10-08,1.8701,1.911,1.869,1.869,510000,966830.7,EQBR
2012-10-09,1.847,1.9499,1.8352,1.8622,289000,540605.8,EQBR
2012-10-10,1.8623,1.9,1.8556,1.874,764000,1437658.3,EQBR
2012-10-11,1.8631,1.894,1.8631,1.894,1071000,2004689.2,EQBR
2012-10-12,1.8711,1.8801,1.86,1.864,2613000,4879959.9,EQBR
2012-10-15,1.864,1.8959,1.85,1.85,2583000,4802700.4,EQBR
2012-10-16,1.859,1.8699,1.85,1.8576,97000,179661.1,EQBR
2012-10-17,1.8699,1.9054,1.8513,1.88,209000,391243.6,EQBR
2012-10-18,1.88,1.8999,1.88,1.89,298000,564194.2,EQBR
2012-10-19,1.89,1.89,1.88,1.88,144000,270741.6,EQBR
2012-10-22,1.88,1.88,1.8688,1.8688,29000,54430.4,EQBR
2012-10-23,1.869,1.869,1.748,1.785,12862000,22881815.8,EQBR
2012-10-24,1.77,1.8531,1.7651,1.7898,5912000,10538678.1,EQBR
2012-10-25,1.7701,1.8,1.76,1.765,9328000,16665308.1,EQBR
2012-10-26,1.762,1.782,1.7411,1.7411,6151000,10827893.6,EQBR
2012-10-29,1.7945,1.7945,1.7211,1.7225,3238000,5634931.8,EQBR
2012-10-30,1.7226,1.745,1.7033,1.7207,2140000,3705938.2,EQBR
2012-10-31,1.7203,1.7588,1.7031,1.7351,6121000,10630369.9,EQBR
2012-11-01,1.7227,1.748,1.705,1.72,1565000,2700859.8,EQBR
2012-11-02,1.7199,1.7489,1.702,1.7401,835000,1443176.8,EQBR
2012-11-06,1.7401,1.7664,1.7132,1.7543,1274000,2217836.7,EQBR
2012-11-07,1.7555,1.79,1.74,1.74,10437000,18279469.6,EQBR
2012-11-08,1.7403,1.7549,1.7151,1.7349,1740000,3017059.5,EQBR
2012-11-09,1.7301,1.7301,1.6859,1.69,1291000,2199520.5,EQBR
2012-11-12,1.6912,1.7443,1.6801,1.72,296000,508781.1,EQBR
2012-11-13,1.73,1.73,1.6507,1.67,2261000,3840300.7,EQBR
2012-11-14,1.6969,1.7043,1.69,1.69,800000,1357198.2,EQBR
2012-11-15,1.6843,1.6999,1.6721,1.6909,117000,197393.0,EQBR
2012-11-16,1.6891,1.7,1.68,1.69,48000,80982.6,EQBR
2012-11-19,1.695,1.7307,1.695,1.721,5281000,9055280.8,EQBR
2012-11-20,1.7251,1.7254,1.7102,1.7102,142000,244310.1,EQBR
2012-11-21,1.693,1.719,1.693,1.695,1121000,1910554.9,EQBR
2012-11-22,1.6934,1.7054,1.6888,1.6888,933000,1579668.2,EQBR
2012-11-23,1.6977,1.707,1.69,1.6951,440000,747062.9,EQBR
2012-11-26,1.6918,1.6942,1.65,1.6752,338000,566193.5,EQBR
2012-11-27,1.6753,1.7078,1.6725,1.6725,1017000,1706850.4,EQBR
2012-11-28,1.6503,1.71,1.6377,1.6417,1150000,1917792.7,EQBR
2012-11-29,1.669,1.6909,1.642,1.6474,972000,1603523.5,EQBR
2012-11-30,1.6401,1.69,1.6205,1.67,2886000,4754164.7,EQBR
2012-12-03,1.6699,1.6974,1.66,1.66,1582000,2654645.6,EQBR
2012-12-04,1.689,1.689,1.6371,1.64,1194000,1967391.3,EQBR
2012-12-05,1.64,1.6529,1.635,1.64,11870000,19470600.3,EQBR
2012-12-06,1.64,1.6501,1.6332,1.6359,2558000,4213912.5,EQBR
2012-12-07,1.6359,1.6359,1.615,1.6249,1179000,1913201.8,EQBR
2012-12-10,1.625,1.64,1.6115,1.6369,311000,508095.4,EQBR
2012-12-11,1.6368,1.6401,1.6152,1.6224,9455000,15382978.6,EQBR
2012-12-12,1.6266,1.635,1.6133,1.6157,2029000,3299782.3,EQBR
2012-12-13,1.6167,1.6364,1.61,1.61,4340000,7038719.6,EQBR
2012-12-14,1.6063,1.62,1.6062,1.61,1573000,2536810.8,EQBR
2012-12-17,1.6141,1.6199,1.58,1.58,4165000,6616824.1,EQBR
2012-12-18,1.6532,1.6532,1.5677,1.568,1796000,2833621.6,EQBR
2012-12-19,1.5695,1.57,1.54,1.5489,1363000,2121639.5,EQBR
2012-12-20,1.5404,1.5479,1.516,1.53,12230000,18614400.4,EQBR
2012-12-21,1.5201,1.5476,1.5186,1.535,5557000,8464131.2,EQBR
2012-12-24,1.5401,1.5401,1.5,1.5053,8171000,12345887.7,EQBR
2012-12-25,1.501,1.5252,1.4997,1.523,1007000,1516830.0,EQBR
2012-12-26,1.5311,1.555,1.5072,1.5399,10351000,15858820.6,EQBR
2012-12-27,1.5397,1.58,1.5397,1.5765,5345000,8363124.7,EQBR
2012-12-28,1.5551,1.623,1.555,1.623,7341000,11763373.5,EQBR
2013-01-08,1.6004,1.6699,1.5706,1.649,6613000,10875551.9,EQBR
2013-01-09,1.649,1.65,1.6242,1.6475,1791000,2946221.7,EQBR
2013-01-10,1.645,1.665,1.6301,1.665,1055000,1742269.7,EQBR
2013-01-11,1.6575,1.735,1.6509,1.7,7325000,12433040.5,EQBR
2013-01-14,1.7194,1.7589,1.7,1.7317,17468000,30482756.1,EQBR
2013-01-15,1.746,1.746,1.7002,1.71,873000,1501669.4,EQBR
2013-01-16,1.7012,1.736,1.7012,1.722,8852000,15271977.2,EQBR
2013-01-17,1.7202,1.7296,1.7017,1.717,766000,1314857.3,EQBR
2013-01-18,1.702,1.7389,1.7,1.72,20154000,34791621.6,EQBR
2013-01-21,1.7369,1.7369,1.7,1.715,12973000,22370457.2,EQBR
2013-01-22,1.714,1.714,1.681,1.6931,13334000,22706561.9,EQBR
2013-01-23,1.6931,1.7378,1.6901,1.7257,39435000,68074002.7,EQBR
2013-01-24,1.732,1.7379,1.7001,1.7225,8781000,15150012.9,EQBR
2013-01-25,1.7355,1.7355,1.7062,1.73,8489000,14715895.1,EQBR
2013-01-28,1.7399,1.755,1.7112,1.75,17996000,31409138.5,EQBR
2013-01-29,1.7336,1.76,1.7333,1.7483,14743000,25773608.5,EQBR
2013-01-30,1.751,1.763,1.7322,1.7531,6523000,11402436.8,EQBR
2013-01-31,1.7531,1.7561,1.671,1.7385,10348000,17778051.8,EQBR
2013-02-01,1.7083,1.73,1.701,1.701,874000,1495458.1,EQBR
2013-02-04,1.7287,1.7287,1.682,1.682,4397000,7486196.6,EQBR
2013-02-05,1.6818,1.7222,1.6562,1.6819,17050000,28486055.0,EQBR
2013-02-06,1.6819,1.6889,1.67,1.6761,1935000,3242009.5,EQBR
2013-02-07,1.6763,1.7098,1.6689,1.6999,6152000,10373784.0,EQBR
2013-02-08,1.6866,1.718,1.67,1.6724,3545000,5975615.3,EQBR
2013-02-11,1.7045,1.7209,1.6651,1.6874,464000,782356.1,EQBR
2013-02-12,1.6858,1.705,1.6667,1.7048,9150000,15575809.3,EQBR
2013-02-13,1.71,1.72,1.6987,1.7121,12478000,21271074.9,EQBR
2013-02-14,1.7141,1.737,1.6611,1.6615,5438000,9233952.9,EQBR
2013-02-15,1.6525,1.6701,1.633,1.67,4394000,7250846.4,EQBR
2013-02-18,1.6867,1.7,1.6514,1.7,21619000,36639473.6,EQBR
2013-02-19,1.695,1.71,1.6712,1.71,15896000,26954950.2,EQBR
2013-02-20,1.6874,1.7085,1.6651,1.6651,810000,1360347.2,EQBR
2013-02-21,1.6651,1.6706,1.585,1.5879,4840000,7824845.4,EQBR
2013-02-22,1.5879,1.62,1.5879,1.5999,2134000,3438355.3,EQBR
2013-02-25,1.6,1.6449,1.5749,1.5946,2211000,3535350.9,EQBR
2013-02-26,1.575,1.604,1.5501,1.5561,1391000,2185800.4,EQBR
2013-02-27,1.5781,1.6,1.57,1.59,830000,1316793.9,EQBR
2013-02-28,1.6285,1.6285,1.58,1.6001,2925000,4678385.4,EQBR
2013-03-01,1.6,1.63,1.6,1.6227,19591000,31599782.0,EQBR
2013-03-04,1.601,1.63,1.582,1.6024,1704000,2729385.8,EQBR
2013-03-05,1.6054,1.628,1.5901,1.625,193000,310987.9,EQBR
2013-03-06,1.6299,1.6399,1.6102,1.63,1776000,2889037.1,EQBR
2013-03-07,1.63,1.6599,1.6131,1.6351,3086000,5083583.4,EQBR
2013-03-11,1.6431,1.685,1.6431,1.6745,13712000,22810161.3,EQBR
2013-03-12,1.665,1.665,1.6165,1.63,1464000,2394317.5,EQBR
2013-03-13,1.6349,1.6365,1.6101,1.6203,1061000,1721185.1,EQBR
2013-03-14,1.6108,1.6449,1.5802,1.64,8615000,14046089.5,EQBR
2013-03-15,1.645,1.645,1.615,1.615,347000,565836.0,EQBR
2013-03-18,1.6544,1.6544,1.5602,1.58,583000,926958.9,EQBR
2013-03-19,1.582,1.6731,1.5704,1.62,3015000,4984848.3,EQBR
2013-03-20,1.6239,1.624,1.5862,1.6162,819000,1325927.1,EQBR
2013-03-21,1.6002,1.6002,1.5606,1.57,1703000,2680599.1,EQBR
2013-03-22,1.57,1.5742,1.563,1.574,413000,649348.2,EQBR
2013-03-25,1.5708,1.576,1.5062,1.5195,6570000,10010130.2,EQBR
2013-03-26,1.5199,1.5452,1.3317,1.43,6552000,9614708.3,EQBR
2013-03-27,1.45,1.45,1.3636,1.376,4328000,5948342.1,EQBR
2013-03-28,1.3652,1.4145,1.3636,1.3666,5660000,7849932.2,EQBR
2013-03-29,1.3794,1.4,1.3711,1.3922,5221000,7263285.2,EQBR
2013-04-01,1.3759,1.395,1.3759,1.3802,626000,868097.0,EQBR
2013-04-02,1.5603,1.5651,1.3838,1.4485,1496000,2200639.0,EQBR
2013-04-03,1.4499,1.4499,1.4,1.4201,551000,781355.5,EQBR
2013-04-04,1.4201,1.4298,1.4016,1.415,636000,900791.1,EQBR
2013-04-05,1.4111,1.425,1.3516,1.411,11332000,15977141.1,EQBR
2013-04-08,1.4108,1.4164,1.4003,1.4051,1623000,2286094.1,EQBR
2013-04-09,1.412,1.412,1.38,1.3917,43275000,60141090.4,EQBR
2013-04-10,1.3826,1.4041,1.3737,1.39,7180000,10013065.5,EQBR
2013-04-11,1.395,1.4401,1.37,1.371,11858000,16779887.6,EQBR
2013-04-12,1.3552,1.3898,1.32,1.32,11062000,14827812.3,EQBR
2013-04-15,1.3381,1.3895,1.2053,1.3895,12055000,16130154.4,EQBR
2013-04-16,1.3795,1.4198,1.3701,1.3998,9719000,13631091.6,EQBR
2013-04-17,1.4,1.4098,1.3274,1.3365,3833000,5162356.1,EQBR
2013-04-18,1.3212,1.355,1.3212,1.3352,1039000,1392968.8,EQBR
2013-04-19,1.3355,1.3519,1.3235,1.345,424000,568371.6,EQBR
2013-04-22,1.348,1.35,1.3363,1.3364,66000,88732.3,EQBR
2013-04-23,1.3374,1.35,1.3227,1.3322,1161000,1547795.6,EQBR
2013-04-24,1.3394,1.3693,1.3394,1.3594,4745000,6396902.6,EQBR
2013-04-25,1.3599,1.3694,1.3497,1.35,821000,1119336.3,EQBR
2013-04-26,1.3332,1.3463,1.31,1.3198,1585000,2097745.2,EQBR
2013-04-29,1.3113,1.3359,1.3113,1.319,2804000,3717217.5,EQBR
2013-04-30,1.345,1.345,1.3103,1.3328,4031000,5353737.4,EQBR
2013-05-02,1.3202,1.3501,1.3101,1.3493,6544000,8717696.2,EQBR
2013-05-03,1.357,1.3694,1.34,1.3496,2091000,2812519.7,EQBR
2013-05-06,1.36,1.3805,1.321,1.3489,1260000,1681215.0,EQBR
2013-05-07,1.3488,1.3549,1.3333,1.3545,2385000,3201241.4,EQBR
2013-05-08,1.3403,1.3554,1.3235,1.329,2191000,2952041.8,EQBR
2013-05-10,1.3434,1.3434,1.3211,1.325,148000,196903.4,EQBR
2013-05-13,1.325,1.327,1.3103,1.3155,349000,460215.3,EQBR
2013-05-14,1.3199,1.3199,1.2727,1.2848,4757000,6156285.3,EQBR
2013-05-15,1.2942,1.3085,1.26,1.261,2560000,3257206.2,EQBR
2013-05-16,1.2605,1.2715,1.213,1.2299,2484000,3052003.2,EQBR
2013-05-17,1.2201,1.2209,1.2,1.2103,9189000,11074893.1,EQBR
2013-05-20,1.216,1.347,1.2101,1.3399,23617000,29837556.0,EQBR
2013-05-21,1.2904,1.3387,1.278,1.309,4160000,5372953.3,EQBR
2013-05-22,1.3,1.3597,1.2902,1.349,3848000,5135760.4,EQBR
2013-05-23,1.3131,1.3131,1.2601,1.2788,2039000,2604181.7,EQBR
2013-05-24,1.27,1.2872,1.2603,1.2625,539000,687810.9,EQBR
2013-05-27,1.2732,1.2732,1.2525,1.2655,10563000,13284420.2,EQBR
2013-05-28,1.2618,1.3463,1.2533,1.3463,6520000,8557257.8,EQBR
2013-05-29,1.346,1.346,1.2945,1.344,2071000,2761468.8,EQBR
2013-05-30,1.34,1.355,1.3014,1.3298,2088000,2810109.2,EQBR
2013-05-31,1.3554,1.3554,1.253,1.281,845000,1089606.8,EQBR
2013-06-03,1.2701,1.3045,1.2532,1.2949,1660000,2144376.4,EQBR
2013-06-04,1.3099,1.315,1.2894,1.2894,5616000,7337565.2,EQBR
2013-06-05,1.2774,1.3228,1.2602,1.2851,1812000,2336404.9,EQBR
2013-06-06,1.3022,1.3022,1.27,1.2705,1286000,1649827.2,EQBR
2013-06-07,1.33,1.33,1.288,1.3148,7532000,9799228.7,EQBR
2013-06-10,1.3154,1.325,1.261,1.31,5200000,6705740.0,EQBR
2013-06-11,1.3102,1.3102,1.271,1.28,9414000,12288923.7,EQBR
2013-06-13,1.275,1.277,1.24,1.2614,683000,858468.6,EQBR
2013-06-14,1.2614,1.2969,1.2614,1.2965,6039000,7772079.6,EQBR
2013-06-17,1.2969,1.3,1.29,1.2986,390000,503435.4,EQBR
2013-06-18,1.2984,1.3,1.2727,1.29,631000,817251.9,EQBR
2013-06-19,1.2966,1.2981,1.271,1.285,182000,233994.6,EQBR
2013-06-20,1.2532,1.3175,1.2532,1.305,6275000,8185495.3,EQBR
2013-06-21,1.32,1.32,1.3,1.3176,1127000,1480154.9,EQBR
2013-06-24,1.33,1.3439,1.2781,1.31,798000,1055414.6,EQBR
2013-06-25,1.2852,1.31,1.2851,1.2891,80000,104346.6,EQBR
2013-06-26,1.286,1.3099,1.2855,1.286,356000,458858.0,EQBR
2013-06-27,1.2855,1.2999,1.2799,1.29,3765000,4841291.9,EQBR
2013-06-28,1.2947,1.3001,1.24,1.2825,6883000,8784013.9,EQBR
2013-07-01,1.2987,1.3175,1.276,1.313,2069000,2672507.8,EQBR
2013-07-02,1.3127,1.3127,1.3055,1.3056,246000,321814.6,EQBR
2013-07-03,1.3137,1.3137,1.3051,1.31,1776000,2325978.2,EQBR
2013-07-04,1.3295,1.3438,1.3001,1.3051,26836000,35211125.2,EQBR
2013-07-05,1.318,1.318,1.3104,1.3129,367000,481129.0,EQBR
2013-07-08,1.313,1.3169,1.3051,1.3101,2340000,3072340.7,EQBR
2013-07-09,1.3102,1.319,1.31,1.319,971000,1279320.8,EQBR
2013-07-10,1.32,1.325,1.3141,1.315,742000,978449.8,EQBR
2013-07-11,1.3142,1.3292,1.31,1.3292,780000,1027768.6,EQBR
2013-07-12,1.3398,1.34,1.31,1.3151,2500000,3285469.8,EQBR
2013-07-15,1.3117,1.32,1.3117,1.319,270000,356059.9,EQBR
2013-07-16,1.319,1.328,1.316,1.328,34929000,45969010.9,EQBR
2013-07-17,1.328,1.3597,1.3053,1.3501,36975000,48808160.1,EQBR
2013-07-18,1.3342,1.363,1.3342,1.35,1820000,2469591.8,EQBR
2013-07-19,1.3301,1.3628,1.3301,1.3554,592000,790104.3,EQBR
2013-07-22,1.355,1.3621,1.3315,1.3515,117000,157594.8,EQBR
2013-07-23,1.3416,1.3496,1.3256,1.33,188000,250746.4,EQBR
2013-07-24,1.338,1.3387,1.3296,1.3385,49000,65490.7,EQBR
2013-07-25,1.3369,1.343,1.3322,1.3414,60000,80246.0,EQBR
2013-07-26,1.3234,1.34,1.3085,1.3399,303000,403092.7,EQBR
2013-07-29,1.34,1.342,1.3085,1.337,1472000,1952956.9,EQBR
2013-07-30,1.3505,1.3585,1.3254,1.3254,2016000,2726858.4,EQBR
2013-07-31,1.3186,1.3186,1.3051,1.3099,659000,862553.8,EQBR
2013-08-01,1.3119,1.3202,1.3064,1.31,265000,348629.6,EQBR
2013-08-02,1.317,1.317,1.2995,1.3034,2335000,3044083.3,EQBR
2013-08-05,1.3,1.3,1.29,1.2978,527000,680539.8,EQBR
2013-08-06,1.2904,1.2904,1.2829,1.2829,5056000,6522123.6,EQBR
2013-08-07,1.2861,1.295,1.286,1.2901,3628000,4679977.8,EQBR
2013-08-08,1.298,1.298,1.2899,1.29,2548000,3286948.7,EQBR
2013-08-09,1.296,1.296,1.29,1.2903,280000,361545.2,EQBR
2013-08-12,1.2939,1.2942,1.2909,1.2939,97000,125509.7,EQBR
2013-08-13,1.299,1.299,1.2854,1.2982,4128000,5349384.6,EQBR
2013-08-14,1.2982,1.3112,1.297,1.3059,1887000,2465884.2,EQBR
2013-08-15,1.3001,1.304,1.2847,1.295,473000,609929.0,EQBR
2013-08-16,1.29,1.298,1.28,1.2897,648000,830690.5,EQBR
2013-08-19,1.2897,1.2897,1.2813,1.2878,159000,203973.7,EQBR
2013-08-20,1.2811,1.288,1.258,1.2793,965000,1233783.7,EQBR
2013-08-21,1.2883,1.2883,1.2618,1.2739,172000,218003.2,EQBR
2013-08-22,1.265,1.2794,1.2222,1.2794,1508000,1907372.1,EQBR
2013-08-23,1.2866,1.2866,1.28,1.28,342000,437914.4,EQBR
2013-08-26,1.2866,1.2947,1.2701,1.2701,1886000,2430562.6,EQBR
2013-08-27,1.2305,1.2816,1.2305,1.263,307000,388110.3,EQBR
2013-08-28,1.2611,1.267,1.248,1.2485,190000,238653.2,EQBR
2013-08-29,1.2452,1.2626,1.2276,1.2619,11759000,14600882.4,EQBR
2013-08-30,1.2512,1.2639,1.2303,1.2304,555000,685939.0,EQBR
2013-09-02,1.23,1.305,1.1953,1.2257,209000,255942.8,TQBR
2013-09-03,1.2349,1.24,1.2103,1.2103,5234000,6456716.9,TQBR
2013-09-04,1.2319,1.24,1.2172,1.2315,105000,129633.7,TQBR
2013-09-05,1.2114,1.2358,1.2114,1.2358,245000,299919.6,TQBR
2013-09-06,1.2311,1.2368,1.2208,1.2368,171000,210764.0,TQBR
2013-09-09,1.237,1.239,1.219,1.219,10894000,13400079.7,TQBR
2013-09-10,1.22,1.22,1.1887,1.2065,8307000,10022831.9,TQBR
2013-09-11,1.2147,1.2197,1.2,1.2178,47671000,57291709.0,TQBR
2013-09-12,1.2198,1.2433,1.212,1.231,21176000,25929586.1,TQBR
2013-09-13,1.2276,1.2277,1.2122,1.2265,430000,522710.7,TQBR
2013-09-16,1.221,1.221,1.2105,1.2168,423000,514362.4,TQBR
2013-09-17,1.2078,1.2199,1.207,1.2147,43000,52095.9,TQBR
2013-09-18,1.2071,1.2071,1.1933,1.1998,609000,730249.1,TQBR
2013-09-19,1.2094,1.21,1.1905,1.199,774000,929967.8,TQBR
2013-09-20,1.198,1.1999,1.1851,1.1899,306000,364356.1,TQBR
2013-09-23,1.19,1.19,1.178,1.178,504000,596144.1,TQBR
2013-09-24,1.1838,1.1845,1.1677,1.17,2174000,2552810.1,TQBR
2013-09-25,1.17,1.178,1.148,1.1511,1390000,1605282.2,TQBR
2013-09-26,1.1537,1.164,1.15,1.155,3048000,3531042.7,TQBR
2013-09-27,1.0905,1.1491,1.09,1.1302,1881000,2130897.7,TQBR
2013-09-30,1.0685,1.128,1.0685,1.115,5126000,5680769.1,TQBR
2013-10-01,1.0501,1.1199,1.0501,1.1199,20950000,23243666.6,TQBR
2013-10-02,1.1199,1.144,1.1199,1.1391,40760000,46431046.1,TQBR
2013-10-03,1.1438,1.1597,1.124,1.124,5453000,6278887.5,TQBR
2013-10-04,1.1182,1.1398,1.105,1.1188,255000,285399.1,TQBR
2013-10-07,1.1288,1.1289,1.12,1.128,77000,86665.2,TQBR
2013-10-08,1.1301,1.135,1.121,1.1211,253000,284775.4,TQBR
2013-10-09,1.1162,1.1234,1.101,1.11,1703000,1889535.1,TQBR
2013-10-10,1.1179,1.1255,1.1105,1.125,1031000,1155879.5,TQBR
2013-10-11,1.1255,1.1737,1.1255,1.1515,30712000,34995338.9,TQBR
2013-10-14,1.15,1.1786,1.15,1.1782,22161000,25924201.1,TQBR
2013-10-15,1.1751,1.2075,1.1601,1.2075,7636000,9073016.3,TQBR
2013-10-16,1.21,1.232,1.205,1.2199,1516000,1846596.6,TQBR
2013-10-17,1.2176,1.23,1.1965,1.2218,2682000,3263432.1,TQBR
2013-10-18,1.2101,1.2537,1.2101,1.25,4779000,5926295.5,TQBR
2013-10-21,1.24,1.2943,1.2311,1.263,4827000,6085274.4,TQBR
2013-10-22,1.2492,1.2797,1.2471,1.2691,2177000,2751958.5,TQBR
2013-10-23,1.26,1.2704,1.2599,1.265,3211000,4057134.2,TQBR
2013-10-24,1.265,1.265,1.2506,1.2552,446000,561301.3,TQBR
2013-10-25,1.26,1.277,1.2502,1.272,6341000,8059531.3,TQBR
2013-10-28,1.2701,1.2872,1.2701,1.276,893000,1141868.7,TQBR
2013-10-29,1.27,1.2799,1.2601,1.2799,3137000,3984590.1,TQBR
2013-10-30,1.2821,1.29,1.278,1.281,3359000,4316378.6,TQBR
2013-10-31,1.2899,1.3,1.253,1.2552,9363000,12043693.4,TQBR
2013-11-01,1.2633,1.2638,1.2401,1.25,4079000,5127992.4,TQBR
2013-11-05,1.2517,1.2605,1.22,1.2291,1029000,1265219.4,TQBR
2013-11-06,1.2227,1.23,1.2019,1.205,942000,1140961.1,TQBR
2013-11-07,1.1002,1.2048,1.1002,1.195,2940000,3501408.3,TQBR
2013-11-08,1.1856,1.286,1.1836,1.1908,601000,731083.6,TQBR
2013-11-11,1.155,1.2195,1.155,1.19,7771000,9245265.5,TQBR
2013-11-12,1.184,1.2,1.172,1.1972,709000,844810.1,TQBR
2013-11-13,1.197,1.197,1.1601,1.185,1703000,2006807.0,TQBR
2013-11-14,1.1825,1.1865,1.1772,1.1858,291000,344358.5,TQBR
2013-11-15,1.18,1.1944,1.173,1.1924,154000,181863.4,TQBR
2013-11-18,1.2,1.2047,1.18,1.1902,160000,192436.2,TQBR
2013-11-19,1.2049,1.212,1.1852,1.19,258000,308168.7,TQBR
2013-11-20,1.181,1.187,1.15,1.1591,2171000,2511346.2,TQBR
2013-11-21,1.1461,1.1694,1.1352,1.14,4490000,5145760.4,TQBR
2013-11-22,1.1499,1.1499,1.1154,1.137,616000,694400.8,TQBR
2013-11-25,1.1253,1.1387,1.1151,1.1328,1400000,1574395.0,TQBR
2013-11-26,1.1374,1.1374,1.1257,1.13,5249000,5941355.3,TQBR
2013-11-27,1.1396,1.1499,1.1396,1.1467,573000,656872.8,TQBR
2013-11-28,1.1461,1.15,1.1401,1.148,3212000,3684181.2,TQBR
2013-11-29,1.1548,1.16,1.1299,1.1492,3816000,4328409.6,TQBR
2013-12-02,1.1291,1.1532,1.1284,1.135,11088000,12693853.4,TQBR
2013-12-03,1.1399,1.1402,1.1281,1.1401,5873000,6662465.1,TQBR
2013-12-04,1.1352,1.1534,1.13,1.1429,25581000,29015207.2,TQBR
2013-12-05,1.1399,1.16,1.1399,1.1557,2974000,3428740.6,TQBR
2013-12-06,1.1739,1.195,1.1501,1.1661,1319000,1542139.1,TQBR
2013-12-09,1.1997,1.1997,1.1651,1.17,5005000,5894172.5,TQBR
2013-12-10,1.1701,1.1792,1.1651,1.1738,1059000,1241674.3,TQBR
2013-12-11,1.1701,1.1779,1.1701,1.172,303000,354844.5,TQBR
2013-12-12,1.171,1.1796,1.1524,1.1676,1812000,2115543.7,TQBR
2013-12-13,1.167,1.1767,1.07,1.1673,1592000,1822611.9,TQBR
2013-12-16,1.1516,1.165,1.1516,1.1599,256000,296707.1,TQBR
2013-12-17,1.1595,1.1615,1.152,1.155,188000,217631.9,TQBR
2013-12-18,1.164,1.164,1.1354,1.145,3558000,4071197.1,TQBR
2013-12-19,1.136,1.1599,1.0802,1.1037,10619000,11887726.9,TQBR
2013-12-20,1.1112,1.1484,1.0998,1.14,3624000,4057663.6,TQBR
2013-12-23,1.15,1.1578,1.1351,1.14,3147000,3589695.4,TQBR
2013-12-24,1.14,1.155,1.1311,1.1381,758000,863842.3,TQBR
2013-12-25,1.1399,1.1399,1.1199,1.12,1149000,1292356.1,TQBR
2013-12-26,1.1155,1.1297,1.1111,1.1175,2350000,2626088.3,TQBR
2013-12-27,1.1175,1.1199,1.1153,1.1199,706000,790506.3,TQBR
2013-12-30,1.1199,1.1199,1.1092,1.116,895000,1001781.9,TQBR
2014-01-06,1.1199,1.1548,1.1195,1.1198,160000,182090.9,TQBR
2014-01-08,1.1201,1.1529,1.1165,1.1529,1561000,1784192.5,TQBR
2014-01-09,1.15,1.1745,1.1486,1.1743,19991000,22999350.6,TQBR
2014-01-10,1.167,1.179,1.1379,1.1452,32825000,37789318.7,TQBR
2014-01-13,1.1475,1.1649,1.14,1.1479,682000,782494.8,TQBR
2014-01-14,1.143,1.1549,1.143,1.1501,22777000,26188413.2,TQBR
2014-01-15,1.1502,1.1601,1.15,1.16,7015000,8108962.9,TQBR
2014-01-16,1.1649,1.1699,1.155,1.1596,5634000,6527969.2,TQBR
2014-01-17,1.163,1.164,1.1551,1.1637,95389000,110691254.3,TQBR
2014-01-20,1.1684,1.2104,1.1684,1.189,14501000,17119050.2,TQBR
2014-01-21,1.188,1.1949,1.1758,1.18,19875000,23489503.8,TQBR
2014-01-22,1.1979,1.21,1.178,1.21,3770000,4505409.0,TQBR
2014-01-23,1.2068,1.2399,1.1856,1.186,24118000,29701913.2,TQBR
2014-01-24,1.1813,1.2083,1.1802,1.19,960000,1141527.0,TQBR
2014-01-27,1.1806,1.1848,1.1651,1.18,15645000,18351733.4,TQBR
2014-01-28,1.1807,1.1827,1.1771,1.18,491000,579526.1,TQBR
2014-01-29,1.1849,1.23,1.1742,1.18,1796000,2157577.3,TQBR
2014-01-30,1.18,1.1898,1.156,1.1573,3959000,4659959.1,TQBR
2014-01-31,1.153,1.1741,1.1317,1.14,798000,915607.7,TQBR
2014-02-03,1.1315,1.142,1.131,1.1353,261000,297079.4,TQBR
2014-02-04,1.1301,1.1301,1.1126,1.1219,247000,276743.6,TQBR
2014-02-05,1.1241,1.1315,1.119,1.1274,3005000,3382318.0,TQBR
2014-02-06,1.1349,1.1376,1.1201,1.1255,603000,681224.5,TQBR
2014-02-07,1.1299,1.135,1.1256,1.1256,163000,184309.3,TQBR
2014-02-10,1.1347,1.1387,1.1221,1.1387,37845000,42776462.4,TQBR
2014-02-11,1.1399,1.1599,1.1196,1.12,100094000,114601580.5,TQBR
2014-02-12,1.1256,1.1359,1.115,1.1248,921000,1034187.5,TQBR
2014-02-13,1.1157,1.118,1.111,1.111,1282000,1426479.0,TQBR
2014-02-14,1.11,1.1203,1.1091,1.12,3612000,4037759.2,TQBR
2014-02-17,1.1151,1.1229,1.1148,1.1225,835000,935132.8,TQBR
2014-02-18,1.1111,1.1274,1.1104,1.1274,1252000,1404962.7,TQBR
2014-02-19,1.118,1.127,1.108,1.111,238000,264924.0,TQBR
2014-02-20,1.104,1.1146,1.104,1.1145,23000,25549.1,TQBR
2014-02-21,1.1201,1.1201,1.1148,1.1149,144401000,161001593.1,TQBR
2014-02-24,1.1131,1.1187,1.1102,1.114,323000,359452.6,TQBR
2014-02-25,1.1202,1.1202,1.0925,1.095,2676000,2939931.3,TQBR
2014-02-26,1.1069,1.1089,1.1,1.1,1098000,1209671.2,TQBR
2014-02-27,1.1,1.1065,1.09,1.0955,1103000,1205558.1,TQBR
2014-02-28,1.09,1.094,1.0741,1.08,925000,1003704.6,TQBR
2014-03-03,1.05,1.07,0.9051,0.9051,10333000,9924728.6,TQBR
2014-03-04,0.9685,0.9698,0.9078,0.9613,6914000,6405136.1,TQBR
2014-03-05,0.9579,0.9942,0.9578,0.9749,4173000,4071682.9,TQBR
2014-03-06,0.9625,1.041,0.9625,0.9701,3216000,3144362.3,TQBR
2014-03-07,0.9627,0.9778,0.9536,0.969,2136000,2064414.7,TQBR
2014-03-11,0.9691,0.9691,0.8735,0.9294,37489000,34996571.1,TQBR
2014-03-12,0.9101,0.9209,0.8782,0.8812,13309000,11955514.9,TQBR
2014-03-13,0.895,0.9086,0.8383,0.8504,14445000,12595017.6,TQBR
2014-03-14,0.8,0.8367,0.7512,0.7823,47942000,38284024.2,TQBR
2014-03-17,0.7998,0.8341,0.7998,0.83,1434000,1167724.4,TQBR
2014-03-18,0.8499,0.8955,0.8387,0.8551,5367000,4630592.4,TQBR
2014-03-19,0.8503,0.8599,0.8254,0.8487,9682000,8265511.0,TQBR
2014-03-20,0.8265,0.8698,0.8255,0.8698,7185000,6070480.4,TQBR
2014-03-21,0.846,0.8598,0.8364,0.85,252000,213614.1,TQBR
2014-03-24,0.855,0.88,0.8506,0.8584,10707000,9164696.4,TQBR
2014-03-25,0.8516,0.9158,0.8516,0.9153,16216000,14423599.0,TQBR
2014-03-26,0.9199,0.925,0.8929,0.906,9701000,8787160.1,TQBR
2014-03-27,0.894,0.9054,0.8711,0.8778,9951000,8818448.8,TQBR
2014-03-28,0.8878,0.91,0.8768,0.881,7734000,6846091.1,TQBR
2014-03-31,0.8973,0.8989,0.8872,0.896,5909000,5266179.3,TQBR
2014-04-01,0.89,0.8994,0.88,0.895,3403000,3026095.7,TQBR
2014-04-02,0.8902,0.8902,0.875,0.8811,2218000,1955641.4,TQBR
2014-04-03,0.884,0.8854,0.8705,0.879,3806000,3347721.1,TQBR
2014-04-04,0.88,0.88,0.87,0.88,1834000,1605490.3,TQBR
2014-04-07,0.87,0.88,0.8351,0.855,2954000,2516136.7,TQBR
2014-04-08,0.8549,0.859,0.83,0.859,3536000,2986353.2,TQBR
2014-04-09,0.8502,0.8597,0.8463,0.8591,1185000,1007333.8,TQBR
2014-04-10,0.8531,0.8597,0.8407,0.8597,1888000,1616201.6,TQBR
2014-04-11,0.85,0.8598,0.845,0.852,1179000,1005237.4,TQBR
2014-04-14,0.85,0.851,0.8413,0.844,3794000,3224703.5,TQBR
2014-04-15,0.8432,0.845,0.8038,0.81,2499000,2047973.9,TQBR
2014-04-16,0.8119,0.83,0.81,0.8167,241000,196662.2,TQBR
2014-04-17,0.8209,0.8236,0.8052,0.8194,285000,232921.6,TQBR
2014-04-18,0.83,0.847,0.8281,0.835,2479000,2065843.1,TQBR
2014-04-21,0.83,0.8678,0.8259,0.84,7874000,6567754.0,TQBR
2014-04-22,0.8251,0.8401,0.825,0.8399,3470000,2905793.8,TQBR
2014-04-23,0.8342,0.8578,0.821,0.8493,2243000,1881834.7,TQBR
2014-04-24,0.8461,0.8492,0.82,0.8201,2508000,2096486.0,TQBR
2014-04-25,0.8107,0.815,0.791,0.796,1770000,1415570.0,TQBR
2014-04-28,0.7813,0.816,0.7706,0.8159,1635000,1316051.0,TQBR
2014-04-29,0.828,0.829,0.8062,0.8269,1009000,828159.3,TQBR
2014-04-30,0.835,0.8666,0.8297,0.8612,8640000,7319513.8,TQBR
2014-05-02,0.8503,0.8659,0.8325,0.8551,1768000,1488772.9,TQBR
2014-05-05,0.8374,0.8502,0.8291,0.85,2171000,1828868.3,TQBR
2014-05-06,0.8662,0.8744,0.86,0.8629,3132000,2725064.1,TQBR
2014-05-07,0.8601,0.936,0.86,0.903,5289000,4711493.5,TQBR
2014-05-08,0.9074,0.92,0.8852,0.8992,1850000,1672379.4,TQBR
2014-05-12,0.8854,0.903,0.8851,0.8916,359000,321659.8,TQBR
2014-05-13,0.9003,0.9011,0.8621,0.8835,1473000,1302894.5,TQBR
2014-05-14,0.8742,0.92,0.8742,0.8901,5680000,5108522.0,TQBR
2014-05-15,0.8955,0.904,0.8843,0.8843,4646000,4177957.0,TQBR
2014-05-16,0.8862,0.9,0.883,0.89,769000,684228.5,TQBR
2014-05-19,0.89,0.9,0.8829,0.9,730000,653412.3,TQBR
2014-05-20,0.894,0.8975,0.89,0.8912,1085000,967987.3,TQBR
2014-05-21,0.8957,0.9399,0.8922,0.9283,12344000,11449579.9,TQBR
2014-05-22,0.9255,0.9399,0.9145,0.9154,1441000,1335653.0,TQBR
2014-05-23,0.9323,0.9323,0.9001,0.9001,2177000,1971791.5,TQBR
2014-05-26,0.9049,0.93,0.9048,0.9158,1488000,1363583.9,TQBR
2014-05-27,0.939,0.9398,0.889,0.9014,706000,637040.4,TQBR
2014-05-28,0.8933,0.94,0.8932,0.94,2557000,2366148.2,TQBR
2014-05-29,0.935,0.95,0.9075,0.9151,1511000,1395873.4,TQBR
2014-05-30,0.9271,0.939,0.905,0.93,2369000,2194735.8,TQBR
2014-06-02,0.9202,0.95,0.911,0.9289,1458000,1357022.1,TQBR
2014-06-03,0.92,0.9268,0.915,0.9267,571000,526517.8,TQBR
2014-06-04,0.9269,0.9337,0.9113,0.9292,1806000,1668659.5,TQBR
2014-06-05,0.933,0.945,0.913,0.9358,4890000,4567328.5,TQBR
2014-06-06,0.9354,0.9449,0.9216,0.9391,1132000,1063527.0,TQBR
2014-06-09,0.9303,0.945,0.93,0.934,1788000,1674371.6,TQBR
2014-06-10,0.9479,0.948,0.9171,0.94,4120000,3856018.6,TQBR
2014-06-11,0.94,0.9637,0.9374,0.96,6335000,6027544.6,TQBR
2014-06-16,0.96,0.98,0.9368,0.9552,699000,673301.2,TQBR
2014-06-17,0.96,0.96,0.9101,0.9224,1655000,1552529.6,TQBR
2014-06-18,0.9215,0.9444,0.9214,0.9351,661000,617076.5,TQBR
2014-06-19,0.9352,0.948,0.9345,0.944,1321000,1240866.5,TQBR
2014-06-20,0.9351,0.9535,0.934,0.944,11313000,10640770.7,TQBR
2014-06-23,0.9435,0.9494,0.94,0.9464,2211000,2085529.2,TQBR
2014-06-24,0.946,0.966,0.9401,0.9612,1744000,1653383.2,TQBR
2014-06-25,0.9371,0.9608,0.9371,0.96,2055000,1960366.8,TQBR
2014-06-26,0.9561,0.9887,0.9421,0.98,9133000,8976015.6,TQBR
2014-06-27,0.9897,1.0281,0.9807,1.0277,3661000,3688824.6,TQBR
2014-06-30,1.02,1.036,1.015,1.0326,686000,704322.3,TQBR
2014-07-01,1.03,1.0399,1.0093,1.0338,1417000,1457621.0,TQBR
2014-07-02,1.0338,1.0499,1.0338,1.0489,1585000,1651351.9,TQBR
2014-07-03,1.05,1.0597,1.02,1.0341,2089000,2162946.3,TQBR
2014-07-04,0.9969,1.0194,0.9511,0.9982,3964000,3929029.7,TQBR
2014-07-07,1.0098,1.0242,0.99,1.02,3788000,3806583.7,TQBR
2014-07-08,1.02,1.02,0.9921,1.0004,1462000,1470539.3,TQBR
2014-07-09,1.0071,1.04,0.9986,1.0206,1504000,1532493.9,TQBR
2014-07-10,1.0283,1.0283,1.0003,1.0045,872000,885251.3,TQBR
2014-07-11,1.0018,1.0348,1.0016,1.026,1392000,1432400.3,TQBR
2014-07-14,1.03,1.03,1.0061,1.02,141000,143867.3,TQBR
2014-07-15,1.0234,1.0505,1.0184,1.04,2571000,2663989.1,TQBR
2014-07-16,1.0395,1.0578,1.0328,1.05,600000,627027.7,TQBR
2014-07-17,1.0347,1.068,1.0324,1.0545,1706000,1804069.6,TQBR
2014-07-18,1.0679,1.0679,0.9712,1.01,1992000,2053223.7,TQBR
2014-07-21,0.9855,1.0,0.9576,0.96,2111000,2060261.2,TQBR
2014-07-22,0.9763,0.987,0.9601,0.982,704000,689401.8,TQBR
2014-07-23,0.98,1.015,0.9749,1.01,1908000,1904395.3,TQBR
2014-07-24,1.0005,1.0298,0.9895,0.9895,756000,749875.2,TQBR
2014-07-25,1.0002,1.0056,0.9802,0.983,868000,855748.9,TQBR
2014-07-28,0.9849,0.9975,0.9527,0.9553,9845000,9721251.5,TQBR
2014-07-29,0.9642,0.9964,0.954,0.97,442000,428887.7,TQBR
2014-07-30,0.9751,1.0065,0.9751,0.9905,3012000,2985308.3,TQBR
2014-07-31,1.02,1.02,0.9953,0.9999,5208000,5213222.1,TQBR
2014-08-01,1.0,1.0006,0.97,0.9968,2508000,2501267.4,TQBR
2014-08-04,0.9966,1.014,0.9933,1.014,329000,331635.2,TQBR
2014-08-05,1.0141,1.025,1.0013,1.008,739000,748425.4,TQBR
2014-08-06,1.006,1.01,0.9764,0.9764,272000,271408.0,TQBR
2014-08-07,0.985,1.02,0.9653,1.0151,18362000,18109872.9,TQBR
2014-08-08,1.0154,1.0247,0.9918,1.0243,546000,555108.4,TQBR
2014-08-11,1.0259,1.0318,1.0032,1.0223,1047000,1071109.1,TQBR
2014-08-12,1.0308,1.0317,1.0111,1.028,531000,542095.2,TQBR
2014-08-13,1.0299,1.038,1.0234,1.03,549000,566563.9,TQBR
2014-08-14,1.0253,1.0335,1.0153,1.0253,349000,357235.8,TQBR
2014-08-15,1.0253,1.0443,1.0013,1.0226,13289000,13538312.8,TQBR
2014-08-18,1.0226,1.0231,1.0062,1.0062,113000,114461.9,TQBR
2014-08-19,1.0065,1.01,0.999,1.01,6742000,6804847.8,TQBR
2014-08-20,1.008,1.013,1.0021,1.0128,875000,885343.7,TQBR
2014-08-21,1.035,1.0383,0.9966,1.013,1186000,1202569.1,TQBR
2014-08-22,1.0062,1.0144,1.0005,1.008,393000,396182.8,TQBR
2014-08-25,1.03,1.045,1.0075,1.0172,2422000,2469362.7,TQBR
2014-08-26,1.016,1.0254,1.016,1.0253,1056000,1077073.0,TQBR
2014-08-27,1.04,1.0586,1.0092,1.0133,5254000,5324061.8,TQBR
2014-08-28,0.9658,1.0278,0.9625,1.0278,1750000,1737087.1,TQBR
2014-08-29,1.03,1.0349,1.0101,1.0122,1200000,1225015.6,TQBR
2014-09-01,1.0102,1.035,1.0001,1.0124,765000,774403.5,TQBR
2014-09-02,1.0202,1.0202,1.0112,1.0112,79000,80565.8,TQBR
2014-09-03,1.0112,1.035,1.0112,1.0298,621000,639276.4,TQBR
2014-09-04,1.086,1.086,1.0204,1.03,238000,247417.0,TQBR
2014-09-05,1.0246,1.0371,1.0246,1.0292,277000,286191.6,TQBR
2014-09-08,1.0355,1.0355,1.0201,1.0201,689000,709368.1,TQBR
2014-09-09,1.0345,1.0345,1.0244,1.0244,1550000,1597894.4,TQBR
2014-09-10,1.0244,1.0354,0.9741,1.001,7942000,7866727.4,TQBR
2014-09-11,1.0,1.0117,0.9651,0.9726,2502000,2463026.5,TQBR
2014-09-12,0.97,0.9799,0.9304,0.9321,4592000,4350349.7,TQBR
2014-09-15,0.938,0.959,0.9122,0.92,4216000,3910348.5,TQBR
2014-09-16,0.9231,0.94,0.9188,0.9351,499000,464783.7,TQBR
2014-09-17,0.9311,0.9311,0.8936,0.8936,2594000,2373451.5,TQBR
2014-09-18,0.9,0.9104,0.9,0.9083,632000,571750.0,TQBR
2014-09-19,0.9088,0.9301,0.8838,0.9012,3641000,3288714.9,TQBR
2014-09-22,0.8903,0.9125,0.8821,0.8838,813000,727994.5,TQBR
2014-09-23,0.882,0.8953,0.8611,0.8854,873000,772230.9,TQBR
2014-09-24,0.8912,0.8912,0.8612,0.8652,2208000,1923611.4,TQBR
2014-09-25,0.8795,0.8796,0.8562,0.8599,1551000,1337884.6,TQBR
2014-09-26,0.8589,0.86,0.8101,0.8278,6646000,5530610.8,TQBR
2014-09-29,0.8287,0.8301,0.8027,0.808,2214000,1800962.6,TQBR
2014-09-30,0.8119,0.8265,0.7862,0.789,6766000,5386749.7,TQBR
2014-10-01,0.788,0.791,0.752,0.759,6756000,5186338.0,TQBR
2014-10-02,0.761,0.772,0.741,0.749,12180000,9140026.0,TQBR
2014-10-03,0.753,0.753,0.732,0.746,2932000,2171720.0,TQBR
2014-10-06,0.75,0.776,0.75,0.769,4536000,3455909.0,TQBR
2014-10-07,0.781,0.792,0.757,0.788,55117000,42847074.0,TQBR
2014-10-08,0.788,0.8,0.778,0.787,16176000,12819982.0,TQBR
2014-10-09,0.807,0.819,0.783,0.818,44108000,35733827.0,TQBR
2014-10-10,0.819,0.819,0.793,0.793,6094000,4886212.0,TQBR
2014-10-13,0.8,0.807,0.79,0.795,5934000,4736320.0,TQBR
2014-10-14,0.789,0.797,0.789,0.795,391000,310129.0,TQBR
2014-10-15,0.791,0.794,0.777,0.786,1069000,832896.0,TQBR
2014-10-16,0.799,0.799,0.771,0.781,1048000,816460.0,TQBR
2014-10-17,0.781,0.788,0.775,0.787,1242000,966353.0,TQBR
2014-10-20,0.794,0.796,0.775,0.788,1080000,842259.0,TQBR
2014-10-21,0.79,0.794,0.784,0.792,612000,483910.0,TQBR
2014-10-22,0.798,0.817,0.783,0.8,56285000,44725211.0,TQBR
2014-10-23,0.789,0.795,0.764,0.788,6343000,4979941.0,TQBR
2014-10-24,0.771,0.795,0.77,0.78,2180000,1702927.0,TQBR
2014-10-27,0.806,0.806,0.76,0.771,5039000,3922012.0,TQBR
2014-10-28,0.77,0.788,0.77,0.782,1252000,977332.0,TQBR
2014-10-29,0.795,0.796,0.776,0.792,1030000,808013.0,TQBR
2014-10-30,0.787,0.842,0.787,0.828,6132000,5040026.0,TQBR
2014-10-31,0.797,0.845,0.797,0.842,7849000,6537856.0,TQBR
2014-11-03,0.848,0.848,0.821,0.84,1802000,1504077.0,TQBR
2014-11-05,0.837,0.854,0.829,0.85,2596000,2194336.0,TQBR
2014-11-06,0.85,0.868,0.82,0.839,15999000,13557371.0,TQBR
2014-11-07,0.832,0.851,0.832,0.838,505000,425080.0,TQBR
2014-11-10,0.845,0.858,0.842,0.854,1404000,1194631.0,TQBR
2014-11-11,0.854,0.898,0.851,0.88,6294000,5530308.0,TQBR
2014-11-12,0.893,0.909,0.861,0.867,5352000,4775624.0,TQBR
2014-11-13,0.87,0.889,0.85,0.851,2417000,2075961.0,TQBR
2014-11-14,0.849,0.879,0.832,0.869,3025000,2594756.0,TQBR
2014-11-17,0.871,0.875,0.846,0.867,988000,856670.0,TQBR
2014-11-18,0.878,0.878,0.869,0.872,214000,186679.0,TQBR
2014-11-19,0.872,0.875,0.83,0.841,1542000,1291985.0,TQBR
2014-11-20,0.844,0.854,0.841,0.843,855000,722858.0,TQBR
2014-11-21,0.85,0.851,0.84,0.851,2641000,2228396.0,TQBR
2014-11-24,0.859,0.859,0.847,0.852,138000,117468.0,TQBR
2014-11-25,0.852,0.856,0.838,0.842,1741000,1467722.0,TQBR
2014-11-26,0.842,0.869,0.839,0.859,6233000,5306639.0,TQBR
2014-11-27,0.86,0.868,0.851,0.858,499000,431020.0,TQBR
2014-11-28,0.858,0.86,0.834,0.848,1689000,1424012.0,TQBR
