date,open,high,low,close,volume,value,board
2013-06-20,292.6,300.0,244.55,278.23,4180,1209056.36,EQNL
2013-06-21,277.6,279.9,260.5,262.38,4930,1340776.94,EQNL
2013-06-24,265.86,265.86,254.0,254.5,6658,1708224.58,EQNL
2013-06-25,251.19,255.94,244.95,252.17,5569,1400107.41,EQNL
2013-06-26,247.32,248.51,236.43,237.07,11800,2862931.59,EQNL
2013-06-27,238.0,238.0,222.22,228.6,13385,3078317.0,EQNL
2013-06-28,228.08,231.26,220.0,224.9,19739,4503759.15,EQNL
2013-07-01,227.02,242.84,227.02,240.47,20694,4888235.79,EQNL
2013-07-02,240.61,256.93,240.61,249.34,17474,4405039.42,EQNL
2013-07-03,248.17,250.0,235.06,244.71,21090,5091115.67,EQNL
2013-07-04,235.3,252.93,235.3,251.58,5430,1357848.67,EQNL
2013-07-05,251.0,253.16,237.5,242.5,8635,2080795.64,EQNL
2013-07-08,238.0,241.8,230.09,236.0,36135,8424569.44,EQNL
2013-07-09,237.01,242.39,234.73,238.38,48878,11661795.5,EQNL
2013-07-10,238.86,244.1,234.22,235.0,17799,4244473.56,EQNL
2013-07-11,237.76,260.0,236.73,256.0,63084,15903731.36,EQNL
2013-07-12,257.81,258.2,250.26,251.62,6996,1780477.13,EQNL
2013-07-15,250.01,254.76,249.37,253.85,5710,1437280.3,EQNL
2013-07-16,254.11,265.98,253.83,265.04,5143,1338421.16,EQNL
2013-07-17,270.48,284.09,258.02,283.81,15210,4192428.9,EQNL
2013-07-18,281.31,289.96,272.09,283.89,24336,6812156.57,EQNL
2013-07-19,287.5,303.45,281.64,303.45,8319,2411199.0,EQNL
2013-07-22,300.89,313.62,297.0,313.62,7676,2367091.45,EQNL
2013-07-23,311.66,325.0,310.0,325.0,28964,9260108.23,EQNL
2013-07-24,322.06,322.06,314.04,315.32,14513,4639347.42,EQNL
2013-07-25,311.0,313.46,300.99,311.91,2866,886576.22,EQNL
2013-07-26,311.92,323.85,311.92,317.15,12575,4003808.64,EQNL
2013-07-29,317.93,321.89,312.16,320.15,87491,27661565.38,EQNL
2013-07-30,318.81,322.0,314.92,321.2,16464,5245198.25,EQNL
2013-07-31,325.03,325.03,320.68,322.55,7930,2557852.58,EQNL
2013-08-01,320.73,345.66,320.73,339.93,8391,2791812.59,EQNL
2013-08-02,333.0,338.9,321.65,336.09,2121,704018.79,EQNL
2013-08-05,335.17,335.32,329.89,333.5,2595,865365.96,EQNL
2013-08-06,335.0,335.0,321.2,321.5,1228,409294.77,EQBR
2013-08-07,322.0,332.39,317.02,329.89,6014,1984615.37,EQBR
2013-08-08,333.0,359.99,333.0,355.75,4853,1695325.71,EQBR
2013-08-09,355.55,367.99,352.27,367.06,3861,1384896.34,EQBR
2013-08-12,476.0,476.0,365.98,375.0,4041,1505760.06,EQBR
2013-08-13,379.99,387.92,373.2,383.05,3805,1454101.6,EQBR
2013-08-14,387.52,387.52,377.46,382.19,2806,1065897.62,EQBR
2013-08-15,296.94,383.0,285.0,370.0,2791,1032247.66,EQBR
2013-08-16,380.0,401.99,371.78,397.89,14294,5489769.35,EQBR
2013-08-19,401.3,402.91,394.0,399.41,12192,4865370.11,EQBR
2013-08-20,404.76,410.37,391.0,408.89,4880,1968134.18,EQBR
2013-08-21,405.0,411.99,349.0,409.88,6528,2631344.64,EQBR
2013-08-22,407.0,417.85,406.33,414.16,4971,2047699.24,EQBR
2013-08-23,413.01,419.76,406.5,413.87,1912,789000.01,EQBR
2013-08-26,413.76,415.16,410.8,415.16,1562,645784.7,EQBR
2013-08-27,415.28,418.16,380.0,382.45,13128,5210919.27,EQBR
2013-08-28,381.41,390.0,347.02,363.5,28340,10120210.41,EQBR
2013-08-29,360.76,389.29,350.4,384.11,17176,6256718.69,EQBR
2013-08-30,380.0,397.6,365.46,392.5,15990,6226203.07,EQBR
2013-09-02,389.49,395.2,382.08,389.95,6574,2545147.34,TQBR
2013-09-03,385.6,385.6,376.79,381.9,6430,2459794.75,TQBR
2013-09-04,384.9,394.88,382.11,392.8,7588,2955224.85,TQBR
2013-09-05,387.87,394.6,387.87,391.4,4125,1617145.33,TQBR
2013-09-06,389.0,402.0,380.01,398.0,17584,6905506.95,TQBR
2013-09-09,398.49,406.94,396.55,399.93,302,121868.53,TQBR
2013-09-10,397.0,401.1,388.0,393.57,2732,1071280.06,TQBR
2013-09-11,391.34,394.0,380.0,387.5,3321,1270972.29,TQBR
2013-09-12,385.0,386.99,377.73,383.4,5496,2105291.22,TQBR
2013-09-13,381.6,383.0,362.83,363.0,9337,3459393.25,TQBR
2013-09-16,365.0,368.2,335.17,344.5,34934,11983749.66,TQBR
2013-09-17,344.06,346.97,335.06,340.0,44616,15271322.7,TQBR
2013-09-18,337.92,352.0,336.18,344.18,43826,15145185.76,TQBR
2013-09-19,346.85,395.0,337.5,374.4,45666,16788105.18,TQBR
2013-09-20,370.66,374.0,345.37,348.16,25231,8947799.55,TQBR
2013-09-23,345.7,345.7,332.0,339.58,16536,5597162.45,TQBR
2013-09-24,336.92,357.34,332.6,347.81,33691,11762206.15,TQBR
2013-09-25,346.89,347.51,336.15,344.95,23765,8116471.41,TQBR
2013-09-26,342.98,354.75,342.98,354.3,27037,9479416.44,TQBR
2013-09-27,354.99,357.51,345.3,350.99,12086,4222173.23,TQBR
2013-09-30,352.0,354.0,339.94,344.0,21464,7385521.5,TQBR
2013-10-01,298.0,344.83,298.0,343.5,29210,10006188.95,TQBR
2013-10-02,340.8,340.8,330.0,331.0,34976,11677715.69,TQBR
2013-10-03,334.6,362.37,323.5,323.5,32215,10646661.06,TQBR
2013-10-04,326.69,326.81,317.56,326.0,19056,6125210.96,TQBR
2013-10-07,321.45,327.0,317.59,317.95,13414,4290823.54,TQBR
2013-10-08,318.0,321.0,311.0,320.0,26577,8391775.45,TQBR
2013-10-09,316.78,319.97,311.0,318.0,27082,8542348.66,TQBR
2013-10-10,316.0,317.01,308.3,316.16,30211,9479473.2,TQBR
2013-10-11,317.2,317.2,300.0,301.99,47926,14581634.67,TQBR
2013-10-14,299.8,309.99,287.46,309.09,27610,8117723.13,TQBR
2013-10-15,310.0,321.4,284.6,285.0,134778,40225061.17,TQBR
2013-10-16,262.0,287.99,262.0,274.94,121448,33485539.62,TQBR
2013-10-17,274.0,293.7,269.38,285.0,92131,25857817.46,TQBR
2013-10-18,285.15,312.4,285.15,308.52,99914,30402475.45,TQBR
2013-10-21,309.0,319.89,307.01,307.8,48162,15047560.23,TQBR
2013-10-22,309.9,314.0,301.6,314.0,33580,10354677.44,TQBR
2013-10-23,314.0,316.73,307.59,309.01,21472,6700679.11,TQBR
2013-10-24,307.5,312.0,305.79,309.47,7229,2233737.39,TQBR
2013-10-25,324.79,324.79,307.1,312.92,24245,7681784.98,TQBR
2013-10-28,313.1,321.7,310.01,315.2,13390,4223485.12,TQBR
2013-10-29,316.17,321.2,313.0,317.24,21327,6783612.16,TQBR
2013-10-30,318.0,318.23,312.63,317.2,13137,4138119.44,TQBR
2013-10-31,316.93,318.0,308.0,308.02,25930,8090753.98,TQBR
2013-11-01,309.02,310.9,293.8,293.8,34399,10375691.82,TQBR
2013-11-05,295.8,309.0,293.75,305.72,64700,19542899.3,TQBR
2013-11-06,305.01,312.49,298.1,299.95,32984,10004099.27,TQBR
2013-11-07,300.0,316.0,298.15,306.11,19762,6111558.66,TQBR
2013-11-08,304.0,309.09,291.52,294.0,36662,11029519.75,TQBR
2013-11-11,253.05,301.45,253.05,295.35,17187,5076720.87,TQBR
2013-11-12,296.36,297.0,276.81,282.71,57009,16080224.5,TQBR
2013-11-13,284.0,287.0,271.14,286.58,88017,24842169.4,TQBR
2013-11-14,285.0,293.5,277.06,287.35,39805,11470645.54,TQBR
2013-11-15,290.3,299.5,289.5,296.55,33259,9811933.62,TQBR
2013-11-18,294.9,297.02,286.2,289.19,16724,4869180.28,TQBR
2013-11-19,292.46,298.75,283.39,298.75,16365,4755948.55,TQBR
2013-11-20,296.2,296.2,288.0,290.62,19725,5754374.74,TQBR
2013-11-21,288.2,288.53,275.01,277.14,40776,11406382.63,TQBR
2013-11-22,279.08,281.59,265.99,280.77,63929,17555071.02,TQBR
2013-11-25,227.25,282.9,227.25,272.15,34254,9501167.9,TQBR
2013-11-26,292.8,292.8,267.49,271.6,37379,10170500.76,TQBR
2013-11-27,270.08,285.0,269.27,282.17,33573,9415044.15,TQBR
2013-11-28,283.17,294.33,282.84,293.0,37486,10800928.91,TQBR
2013-11-29,294.5,296.4,276.13,291.03,34817,10038277.9,TQBR
2013-12-02,291.03,295.17,282.5,282.5,28440,8156104.73,TQBR
2013-12-03,280.0,282.0,257.52,265.0,189702,50233770.27,TQBR
2013-12-04,271.99,279.4,264.09,270.01,37864,10290900.43,TQBR
2013-12-05,270.79,281.24,263.01,264.74,35039,9531873.1,TQBR
2013-12-06,268.2,269.4,257.51,267.04,48047,12598051.54,TQBR
2013-12-09,267.14,268.3,258.3,267.49,23841,6289407.07,TQBR
2013-12-10,266.92,279.88,263.7,278.59,51144,14013427.79,TQBR
2013-12-11,275.47,284.5,267.0,272.56,22748,6223532.35,TQBR
2013-12-12,269.98,269.99,259.1,260.01,72490,19061218.13,TQBR
2013-12-13,262.6,267.4,261.43,263.61,19085,5030382.45,TQBR
2013-12-16,263.61,276.46,263.61,276.29,92681,24935514.31,TQBR
2013-12-17,274.5,275.47,266.3,268.28,17983,4863238.2,TQBR
2013-12-18,270.92,280.11,270.54,279.69,36635,10116306.46,TQBR
2013-12-19,279.0,286.0,272.0,276.57,64916,17997954.33,TQBR
2013-12-20,276.5,276.8,255.21,261.0,293499,77120073.45,TQBR
2013-12-23,266.49,273.5,258.0,270.5,127301,33747013.89,TQBR
2013-12-24,268.7,283.6,266.75,280.0,108866,29986690.35,TQBR
2013-12-25,278.33,280.33,275.0,275.28,8515,2359406.97,TQBR
2013-12-26,274.87,278.0,274.02,277.22,8674,2393050.34,TQBR
2013-12-27,288.7,309.4,278.49,306.0,106725,31478982.75,TQBR
2013-12-30,339.73,339.73,294.89,309.26,65188,19824696.65,TQBR
2014-01-06,341.13,341.13,299.21,308.25,65195,20274286.18,TQBR
2014-01-08,307.79,315.52,300.12,308.03,26250,8037272.92,TQBR
2014-01-09,310.03,310.03,297.73,298.16,32201,9736047.88,TQBR
2014-01-10,301.0,301.0,288.5,294.98,43897,12904430.72,TQBR
2014-01-13,295.0,296.0,287.0,294.34,47265,13758253.39,TQBR
2014-01-14,274.5,295.26,274.5,293.0,69797,20318726.39,TQBR
2014-01-15,292.21,296.0,279.67,282.48,82933,23680262.36,TQBR
2014-01-16,281.51,300.0,281.51,295.0,112873,32981666.23,TQBR
2014-01-17,294.4,305.0,288.01,298.1,39065,11654077.45,TQBR
2014-01-20,298.46,315.45,298.46,313.9,38957,12025115.29,TQBR
2014-01-21,316.52,328.09,315.99,316.5,85330,27520015.71,TQBR
2014-01-22,317.0,321.93,311.13,313.09,42389,13317686.08,TQBR
2014-01-23,313.32,323.97,310.2,312.5,81982,25997393.3,TQBR
2014-01-24,320.11,339.15,320.11,339.15,50997,16850027.33,TQBR
2014-01-27,339.08,349.8,333.15,343.93,48138,16504274.07,TQBR
2014-01-28,345.2,346.0,336.0,341.82,43769,14958753.08,TQBR
2014-01-29,341.8,360.8,332.74,352.4,121224,42355720.64,TQBR
2014-01-30,351.64,355.1,337.5,341.73,41332,14306180.79,TQBR
2014-01-31,338.11,342.45,330.47,333.85,56554,18986264.21,TQBR
2014-02-03,335.25,345.07,330.22,334.61,32139,10778904.08,TQBR
2014-02-04,336.51,342.0,317.4,332.44,16974,5677802.49,TQBR
2014-02-05,331.62,362.6,321.0,337.46,35386,11804169.28,TQBR
2014-02-06,334.7,338.93,330.09,336.35,24699,8251525.44,TQBR
2014-02-07,334.01,338.46,331.05,338.37,29316,9767963.0,TQBR
2014-02-10,337.04,344.23,336.3,342.88,11807,4047067.49,TQBR
2014-02-11,342.88,359.98,342.01,351.51,32834,11624687.48,TQBR
2014-02-12,356.0,372.33,356.0,367.0,39177,14291174.75,TQBR
2014-02-13,370.4,370.4,359.0,365.0,43972,16032658.5,TQBR
2014-02-14,368.53,386.78,368.06,385.99,41895,16010550.11,TQBR
2014-02-17,385.0,407.0,385.0,401.5,42824,17113167.06,TQBR
2014-02-18,399.0,413.65,377.92,392.89,73980,29206392.42,TQBR
2014-02-19,392.0,401.0,390.36,392.05,40404,16024122.62,TQBR
2014-02-20,390.11,391.83,377.77,379.0,31817,12149736.2,TQBR
2014-02-21,390.0,392.14,381.0,388.13,10642,4103726.8,TQBR
2014-02-24,389.99,391.99,382.53,387.69,12351,4779011.26,TQBR
2014-02-25,389.98,389.98,382.3,384.44,17747,6852555.82,TQBR
2014-02-26,387.98,392.0,385.5,387.07,10522,4103034.27,TQBR
2014-02-27,386.94,389.35,378.49,386.59,10700,4104641.75,TQBR
2014-02-28,389.39,392.13,380.06,381.22,10834,4193588.56,TQBR
2014-03-03,385.0,385.0,340.0,340.0,99914,35600144.25,TQBR
2014-03-04,341.0,360.0,332.51,343.91,116671,40104445.38,TQBR
2014-03-05,350.0,350.0,331.11,344.8,34322,11649967.85,TQBR
2014-03-06,347.98,365.01,341.11,357.01,22051,7746566.52,TQBR
2014-03-07,371.25,371.25,347.55,347.72,16232,5806877.74,TQBR
2014-03-11,347.5,347.5,330.65,340.0,20649,6936856.72,TQBR
2014-03-12,336.63,348.5,328.67,330.07,30071,10111104.37,TQBR
2014-03-13,346.18,346.18,331.08,341.0,50781,17172381.57,TQBR
2014-03-14,341.0,348.99,330.01,346.11,17785,5999027.01,TQBR
2014-03-17,344.85,484.34,335.2,365.0,193781,82618977.27,TQBR
2014-03-18,369.99,379.98,350.05,378.87,28902,10752551.81,TQBR
2014-03-19,379.14,382.9,360.83,362.34,28222,10574414.88,TQBR
2014-03-20,365.2,367.92,355.02,365.01,15325,5557006.81,TQBR
2014-03-21,355.05,380.0,354.0,377.85,23694,8693043.78,TQBR
2014-03-24,381.49,382.99,366.75,366.75,8845,3294732.37,TQBR
2014-03-25,365.02,365.42,345.12,346.3,51875,18263204.41,TQBR
2014-03-26,346.01,359.9,336.13,358.13,27897,9892207.47,TQBR
2014-03-27,353.12,357.04,344.73,354.65,13035,4570909.56,TQBR
2014-03-28,357.98,365.01,355.87,360.0,23114,8350832.45,TQBR
2014-03-31,362.81,372.04,354.39,366.71,13629,4963002.85,TQBR
2014-04-01,361.18,372.0,359.51,369.74,13007,4793988.19,TQBR
2014-04-02,372.46,379.0,359.12,375.75,21294,7925575.85,TQBR
2014-04-03,377.48,379.89,356.6,358.37,26207,9582533.75,TQBR
2014-04-04,358.11,368.89,354.98,366.6,16272,5867935.93,TQBR
2014-04-07,366.0,369.98,361.15,366.17,28027,10264535.41,TQBR
2014-04-08,368.1,379.0,368.0,372.03,18606,6982192.74,TQBR
2014-04-09,374.28,381.0,360.97,366.35,14464,5356119.17,TQBR
2014-04-10,366.04,369.94,364.87,366.5,16590,6086966.21,TQBR
2014-04-11,364.0,370.5,363.3,369.85,12086,4427202.16,TQBR
2014-04-14,369.0,374.0,365.03,374.0,6296,2329921.68,TQBR
2014-04-15,374.1,381.0,366.26,366.41,11391,4284814.09,TQBR
2014-04-16,371.79,376.56,365.0,372.98,10305,3819143.96,TQBR
2014-04-17,374.92,375.0,361.03,365.35,17421,6412500.45,TQBR
2014-04-18,370.99,389.95,370.99,377.11,12908,4911810.98,TQBR
2014-04-21,376.88,378.37,370.0,370.2,3084,1150941.63,TQBR
2014-04-22,369.0,377.49,364.37,368.0,6430,2357604.06,TQBR
2014-04-23,369.94,370.21,362.71,365.0,13201,4813372.43,TQBR
2014-04-24,365.0,371.97,351.03,354.97,22707,8337532.09,TQBR
2014-04-25,351.99,371.0,350.98,350.98,28865,10431479.02,TQBR
2014-04-28,352.06,356.99,351.0,355.0,10095,3573989.45,TQBR
2014-04-29,357.96,368.0,342.0,352.49,9892,3510841.05,TQBR
2014-04-30,355.86,355.86,335.06,335.06,13996,4765311.19,TQBR
2014-05-02,337.76,338.99,328.79,334.96,14554,4828758.1,TQBR
2014-05-05,302.5,337.98,302.5,329.08,6423,2106895.48,TQBR
2014-05-06,332.38,334.98,330.0,334.0,4977,1654955.68,TQBR
2014-05-07,333.99,355.0,329.8,350.0,13500,4564533.43,TQBR
2014-05-08,348.0,356.99,337.12,346.12,10620,3619510.07,TQBR
2014-05-12,346.57,347.0,335.56,342.06,8955,3052433.39,TQBR
2014-05-13,341.21,348.0,330.03,333.0,37132,12479282.26,TQBR
2014-05-14,335.56,335.99,330.03,334.0,15361,5131600.4,TQBR
2014-05-15,331.03,340.38,331.0,331.68,15815,5303834.18,TQBR
2014-05-16,330.65,334.96,321.47,327.99,13352,4347673.12,TQBR
2014-05-19,285.55,339.9,285.55,328.0,25813,8558938.74,TQBR
2014-05-20,326.0,335.74,326.0,327.01,38289,12614420.42,TQBR
2014-05-21,330.5,330.5,320.8,329.85,32665,10618863.83,TQBR
2014-05-22,326.81,329.8,299.52,302.82,101809,31561357.22,TQBR
2014-05-23,301.5,309.72,289.46,295.99,99054,29360400.09,TQBR
2014-05-26,299.5,303.4,293.75,301.0,18315,5477558.41,TQBR
2014-05-27,300.04,307.18,290.1,301.28,94047,28059688.68,TQBR
2014-05-28,299.99,306.07,297.91,302.93,22722,6836483.19,TQBR
2014-05-29,305.09,307.0,301.21,306.25,14244,4345557.24,TQBR
2014-05-30,307.02,311.0,305.25,309.02,29351,9049405.17,TQBR
2014-06-02,309.02,314.68,308.41,312.95,29990,9389076.46,TQBR
2014-06-03,310.57,311.01,305.55,309.0,14983,4604693.4,TQBR
2014-06-04,311.59,311.88,306.2,309.03,10843,3352891.42,TQBR
2014-06-05,310.87,312.16,302.61,306.78,36353,11157270.46,TQBR
2014-06-06,305.23,316.27,303.2,315.33,34473,10769950.25,TQBR
2014-06-09,316.4,318.5,310.52,314.79,31130,9785670.69,TQBR
2014-06-10,314.79,317.0,310.53,316.49,25635,8061259.71,TQBR
2014-06-11,316.49,319.44,310.91,314.59,22918,7220809.85,TQBR
2014-06-16,313.71,334.77,303.06,324.0,254583,83170267.72,TQBR
2014-06-17,277.5,334.75,277.5,311.5,44980,14187100.71,TQBR
2014-06-18,311.5,313.0,307.0,308.0,18296,5671140.95,TQBR
2014-06-19,311.2,329.0,309.8,323.5,64959,20916139.19,TQBR
2014-06-20,327.89,336.21,325.01,327.91,30169,10017312.65,TQBR
2014-06-23,328.5,338.5,328.0,330.51,10461,3461798.02,TQBR
2014-06-24,330.49,334.77,326.44,327.9,30466,10132231.77,TQBR
2014-06-25,327.01,328.59,316.97,317.99,23531,7523733.11,TQBR
2014-06-26,320.01,328.37,314.13,325.2,35618,11360269.62,TQBR
2014-06-27,323.27,331.0,323.27,324.19,14059,4594906.56,TQBR
2014-06-30,325.95,330.37,323.6,328.12,19442,6341459.38,TQBR
2014-07-01,330.0,353.14,327.79,347.15,76383,26285450.93,TQBR
2014-07-02,348.5,351.99,342.41,348.5,23360,8101866.08,TQBR
2014-07-03,346.82,354.0,343.47,344.0,17979,6274250.2,TQBR
2014-07-04,345.62,349.2,341.0,342.98,24822,8581297.12,TQBR
2014-07-07,341.01,343.2,338.89,340.0,12880,4378508.06,TQBR
2014-07-08,339.01,344.58,335.1,338.2,12190,4140187.67,TQBR
2014-07-09,342.21,342.21,328.68,335.0,14767,4916116.35,TQBR
2014-07-10,336.88,338.69,333.0,334.53,28725,9622537.81,TQBR
2014-07-11,335.0,336.0,329.3,331.0,6316,2095988.86,TQBR
2014-07-14,332.77,335.5,318.0,324.11,9937,3271387.36,TQBR
2014-07-15,329.21,334.91,323.01,326.75,14010,4618311.54,TQBR
2014-07-16,325.39,329.0,320.0,327.0,18376,5947064.83,TQBR
2014-07-17,321.2,331.75,321.2,327.0,10865,3564533.25,TQBR
2014-07-18,326.47,326.47,312.5,319.0,21130,6709718.02,TQBR
2014-07-21,319.75,320.9,315.5,320.87,7730,2460585.59,TQBR
2014-07-22,322.5,330.04,318.8,323.5,15470,5061600.34,TQBR
2014-07-23,274.55,329.0,274.55,323.16,23537,7630955.04,TQBR
2014-07-24,326.59,329.2,319.87,322.0,8257,2663515.61,TQBR
2014-07-25,319.9,322.5,316.75,316.75,5418,1729553.2,TQBR
2014-07-28,317.31,327.79,316.1,319.86,9885,3194420.61,TQBR
2014-07-29,320.17,325.0,319.5,319.5,4564,1469069.5,TQBR
2014-07-30,323.82,323.94,318.0,318.92,7213,2310394.95,TQBR
2014-07-31,322.02,322.99,306.11,308.95,43215,13485234.4,TQBR
2014-08-01,309.0,309.97,295.0,306.75,25003,7580121.36,TQBR
2014-08-04,310.0,312.0,306.11,312.0,16624,5155760.19,TQBR
2014-08-05,312.0,313.0,306.0,310.6,4801,1483860.05,TQBR
2014-08-06,310.0,316.99,305.72,315.0,5298,1657164.7,TQBR
2014-08-07,315.0,331.0,314.02,329.77,44167,14348023.27,TQBR
2014-08-08,322.11,327.0,315.56,327.0,30030,9697059.2,TQBR
2014-08-11,327.91,327.91,316.77,322.66,12437,3992345.26,TQBR
2014-08-12,325.0,327.0,319.0,321.7,5468,1772858.71,TQBR
2014-08-13,325.99,328.98,320.51,323.21,15599,5049158.63,TQBR
2014-08-14,325.0,331.84,310.0,331.84,38416,12589530.55,TQBR
2014-08-15,331.0,334.02,328.23,333.0,28175,9310431.72,TQBR
2014-08-18,328.59,330.0,326.2,326.2,3914,1286359.47,TQBR
2014-08-19,333.86,333.86,319.86,322.02,33190,10948313.6,TQBR
2014-08-20,323.29,325.78,319.11,320.5,18839,6051969.29,TQBR
2014-08-21,320.1,328.71,317.11,318.15,29368,9488585.58,TQBR
2014-08-22,325.1,326.59,307.35,315.56,23120,7202637.1,TQBR
2014-08-25,313.06,319.5,313.06,317.5,24774,7854767.31,TQBR
2014-08-26,318.98,322.0,304.81,310.0,64492,19889221.16,TQBR
2014-08-27,306.34,327.27,305.01,324.5,49027,15743859.46,TQBR
2014-08-28,335.37,335.37,321.01,326.26,23156,7533827.02,TQBR
2014-08-29,322.67,330.47,322.67,326.89,12742,4166491.33,TQBR
2014-09-01,327.99,340.86,314.02,325.0,54580,18219603.21,TQBR
2014-09-02,322.12,337.87,318.59,329.9,11458,3789399.76,TQBR
2014-09-03,327.51,337.94,318.88,335.57,47653,15682222.51,TQBR
2014-09-04,334.99,337.86,320.0,326.0,52506,17000894.81,TQBR
2014-09-05,323.91,325.9,314.32,317.0,49114,15576813.66,TQBR
2014-09-08,317.0,325.45,308.16,311.36,83556,26326019.06,TQBR
2014-09-09,313.84,315.5,305.45,308.6,56858,17577104.28,TQBR
2014-09-10,312.85,315.69,309.21,315.49,23478,7378474.05,TQBR
2014-09-11,317.98,319.08,307.5,310.48,79982,24939693.09,TQBR
2014-09-12,309.04,313.93,309.03,312.2,30185,9433044.4,TQBR
2014-09-15,313.99,324.0,302.56,324.0,195950,60711880.26,TQBR
2014-09-16,317.5,319.0,313.0,316.01,39910,12640792.13,TQBR
2014-09-17,317.5,320.0,310.2,315.58,46617,14704794.52,TQBR
2014-09-18,314.48,319.0,300.0,302.49,146729,44820541.31,TQBR
2014-09-19,303.0,308.0,295.11,303.5,76886,23335440.36,TQBR
2014-09-22,347.75,347.75,296.74,300.0,38084,11413489.58,TQBR
2014-09-23,310.29,310.29,296.88,306.5,30817,9327155.11,TQBR
2014-09-24,307.88,310.5,305.49,309.01,39652,12226778.98,TQBR
2014-09-25,309.14,310.0,297.49,299.0,72919,22118628.42,TQBR
2014-09-26,301.0,314.0,298.45,306.41,58475,18065163.28,TQBR
2014-09-29,274.0,320.0,274.0,315.16,118766,37059320.73,TQBR
2014-09-30,313.99,330.0,313.99,329.0,80577,26017590.94,TQBR
2014-10-01,325.0,330.0,316.0,320.0,20513,6590186.0,TQBR
2014-10-02,323.0,323.0,307.0,310.5,85281,26613351.0,TQBR
2014-10-03,318.0,322.0,306.0,309.0,41956,13132748.5,TQBR
2014-10-06,312.0,326.0,307.0,314.5,28218,8831975.0,TQBR
2014-10-07,314.5,318.0,310.0,312.0,27215,8542830.0,TQBR
2014-10-08,314.5,316.5,306.0,308.0,16924,5241603.0,TQBR
2014-10-09,311.5,322.0,310.0,312.0,19637,6242540.0,TQBR
2014-10-10,313.0,313.5,306.5,306.5,21770,6727418.5,TQBR
2014-10-13,309.0,319.0,306.0,316.0,17528,5539328.0,TQBR
2014-10-14,318.0,327.5,314.5,322.0,72961,23634740.5,TQBR
2014-10-15,327.5,328.0,311.5,317.0,17240,5437760.5,TQBR
2014-10-16,318.0,320.0,305.0,309.5,76512,23696114.5,TQBR
2014-10-17,314.0,323.0,311.0,319.5,26133,8346693.5,TQBR
2014-10-20,324.0,324.0,311.0,315.0,26191,8219148.5,TQBR
2014-10-21,312.5,321.5,309.0,316.0,14484,4572122.5,TQBR
2014-10-22,326.5,326.5,306.0,308.0,50374,15571534.5,TQBR
2014-10-23,307.0,309.5,299.0,309.0,64702,19669227.0,TQBR
2014-10-24,309.5,315.0,308.5,315.0,10119,3163473.0,TQBR
2014-10-27,312.0,323.0,312.0,322.0,73117,23356858.0,TQBR
2014-10-28,322.0,334.0,318.5,320.5,73586,24255073.0,TQBR
2014-10-29,325.0,346.0,321.0,340.0,90620,30493520.0,TQBR
2014-10-30,335.5,351.0,322.5,351.0,594861,200791737.0,TQBR
2014-10-31,349.5,373.5,345.0,360.0,338492,120384821.5,TQBR
2014-11-03,358.0,371.5,356.0,370.0,55138,20216091.5,TQBR
2014-11-05,370.5,396.5,370.5,395.5,76102,29123364.0,TQBR
2014-11-06,396.0,402.5,386.0,402.5,57210,22486315.5,TQBR
2014-11-07,403.0,407.0,386.5,401.0,49617,19436302.0,TQBR
2014-11-10,394.0,399.5,389.0,391.0,25424,9995705.5,TQBR
2014-11-11,393.0,398.5,384.0,395.5,11688,4587960.5,TQBR
2014-11-12,398.0,402.0,387.5,387.5,16043,6298034.0,TQBR
2014-11-13,394.0,398.5,383.5,383.5,21970,8535609.5,TQBR
2014-11-14,381.5,393.0,377.0,377.0,9002,3467346.0,TQBR
2014-11-17,376.5,398.0,376.5,391.5,31275,12278174.0,TQBR
2014-11-18,392.0,401.5,380.0,396.5,39029,15227523.0,TQBR
2014-11-19,397.5,402.0,392.0,394.0,11231,4438698.0,TQBR
2014-11-20,399.5,399.5,386.0,397.5,9188,3588802.0,TQBR
2014-11-21,396.0,407.0,389.0,405.5,9009,3597591.0,TQBR
2014-11-24,403.0,412.5,387.5,407.5,40094,15934586.0,TQBR
2014-11-25,408.0,433.5,405.5,427.0,19365,8187105.5,TQBR
2014-11-26,425.5,462.5,425.0,452.0,68034,29993823.0,TQBR
2014-11-27,456.0,458.0,440.0,451.5,22571,10060964.0,TQBR
2014-11-28,451.5,475.0,446.0,461.0,20542,9481032.0,TQBR
2014-12-01,460.0,509.5,460.0,500.0,40731,20018924.0,TQBR
2014-12-02,508.5,509.0,470.5,502.0,55009,27207247.5,TQBR
2014-12-03,499.0,515.0,494.5,515.0,35937,18144375.0,TQBR
2014-12-04,504.0,520.0,498.0,505.0,47542,24066117.5,TQBR
2014-12-05,505.5,505.5,490.0,496.5,60617,30328241.0,TQBR
2014-12-08,491.5,506.0,488.0,488.0,19835,9812332.5,TQBR
2014-12-09,493.0,519.0,481.5,500.0,33375,17012965.5,TQBR
2014-12-10,509.0,579.0,509.0,514.0,38365,19909132.0,TQBR
2014-12-11,519.0,528.0,480.0,526.0,23500,11961752.0,TQBR
2014-12-12,529.5,545.0,495.5,528.0,23167,12179721.5,TQBR
2014-12-15,535.0,621.5,525.5,583.5,95469,54021027.5,TQBR
2014-12-16,589.0,730.0,540.5,675.0,104363,65214798.0,TQBR
2014-12-22,633.0,641.0,489.5,502.0,132554,67233739.5,TQBR
2014-12-23,500.5,509.5,472.5,476.5,47054,22612923.5,TQBR
2014-12-24,475.0,482.0,444.5,467.0,31142,14384506.5,TQBR
2014-12-25,467.0,467.0,440.5,460.5,30187,13666868.5,TQBR
2014-12-26,463.5,485.5,460.0,480.0,13484,6386856.0,TQBR
2014-12-29,475.5,508.5,466.0,493.5,15137,7386166.0,TQBR
2014-12-30,489.5,511.5,485.0,510.0,28970,14532816.0,TQBR
2015-01-05,510.0,534.5,499.0,507.5,8005,4081003.5,TQBR
2015-01-06,511.5,560.0,507.5,545.5,17806,9551628.5,TQBR
2015-01-08,541.5,564.5,530.0,530.0,8762,4772213.0,TQBR
2015-01-09,535.5,570.0,535.5,541.0,8090,4451538.5,TQBR
2015-01-12,541.5,570.0,520.5,550.0,14662,8095166.0,TQBR
2015-01-13,543.5,572.0,543.0,562.0,13884,7823357.5,TQBR
2015-01-14,570.0,570.0,543.0,559.0,21736,12059279.0,TQBR
2015-01-15,555.5,594.5,543.5,593.0,20752,11833811.0,TQBR
2015-01-16,591.5,600.0,575.5,588.5,30735,18059939.0,TQBR
2015-01-19,595.0,629.0,580.5,586.5,46708,27815011.5,TQBR
2015-01-20,590.0,597.5,562.5,596.5,32169,18754815.5,TQBR
2015-01-21,610.5,610.5,592.0,602.0,29674,17905838.0,TQBR
2015-01-22,607.0,618.5,592.0,596.0,21404,12955425.5,TQBR
2015-01-23,598.0,606.5,587.0,587.0,21084,12628178.0,TQBR
2015-01-26,582.0,610.0,580.0,610.0,15363,9179889.5,TQBR
2015-01-27,622.5,644.5,590.0,602.0,30083,18475832.0,TQBR
2015-01-28,605.0,618.0,603.0,609.0,14465,8830973.0,TQBR
2015-01-29,612.0,637.5,605.0,619.5,42021,26356601.5,TQBR
2015-01-30,629.0,639.5,617.0,638.0,16440,10344479.0,TQBR
2015-02-02,638.5,649.0,611.0,622.5,66209,41444594.5,TQBR
2015-02-03,619.5,628.5,594.0,600.0,17043,10313576.5,TQBR
2015-02-04,605.0,617.0,585.5,614.0,19646,11806051.5,TQBR
2015-02-05,618.0,622.5,598.0,606.5,16562,10060518.0,TQBR
2015-02-06,600.5,635.5,598.5,619.0,58839,36146151.5,TQBR
2015-02-09,625.0,656.5,582.0,614.0,112277,70341826.0,TQBR
2015-02-10,614.0,657.5,605.5,609.0,59341,37051485.5,TQBR
2015-02-11,611.5,629.5,599.5,604.0,62009,37800147.0,TQBR
2015-02-12,634.5,634.5,591.5,601.0,74453,44776585.5,TQBR
2015-02-13,590.5,607.0,582.5,583.0,26087,15467312.5,TQBR
2015-02-16,587.5,587.5,564.0,582.0,22900,13161928.5,TQBR
2015-02-17,577.0,583.5,567.0,576.0,5326,3078406.0,TQBR
2015-02-18,579.0,581.5,557.5,561.5,25564,14477247.0,TQBR
2015-02-19,562.0,571.5,556.0,566.0,23264,13113378.5,TQBR
2015-02-20,565.5,575.5,551.5,570.0,13739,7674735.5,TQBR
2015-02-24,565.0,569.5,541.0,557.5,21893,12168308.0,TQBR
2015-02-25,560.0,574.0,535.5,551.5,26210,14285426.5,TQBR
2015-02-26,552.5,554.0,525.5,533.5,9171,4902367.5,TQBR
2015-02-27,535.0,543.5,525.5,541.5,3354,1796492.0,TQBR
2015-03-02,542.0,550.0,531.0,539.5,6892,3724553.0,TQBR
2015-03-03,540.0,555.0,528.5,541.0,34143,18605001.0,TQBR
2015-03-04,539.0,544.0,516.5,518.5,15862,8394100.5,TQBR
2015-03-05,518.0,537.5,505.0,516.0,59012,30686102.5,TQBR
2015-03-06,516.0,524.5,491.0,497.0,19099,9684748.0,TQBR
2015-03-10,490.0,494.5,472.0,488.0,32381,15650838.5,TQBR
2015-03-11,486.0,527.5,468.0,473.5,34271,16746813.0,TQBR
2015-03-12,480.5,491.5,471.5,491.5,7391,3570642.5,TQBR
2015-03-13,488.5,490.0,461.0,470.0,11844,5609000.5,TQBR
2015-03-16,492.0,492.0,461.0,477.0,38313,18052307.5,TQBR
2015-03-17,476.0,480.0,458.0,470.0,22265,10422573.5,TQBR
2015-03-18,467.5,469.5,458.5,464.0,23837,11020170.0,TQBR
2015-03-19,471.0,483.0,466.5,472.0,13408,6331047.0,TQBR
2015-03-20,468.5,485.0,467.5,484.0,11662,5566721.0,TQBR
2015-03-23,484.0,485.0,477.0,483.5,16320,7818829.5,TQBR
2015-03-24,483.5,499.0,470.5,476.0,10996,5311331.5,TQBR
2015-03-25,476.0,500.0,468.0,492.5,18603,9024000.5,TQBR
2015-03-26,490.0,499.5,478.0,488.5,13926,6797706.0,TQBR
2015-03-27,482.0,500.0,471.0,480.5,16222,7876052.0,TQBR
2015-03-30,480.5,492.5,477.0,486.5,13335,6467058.0,TQBR
2015-03-31,487.5,500.0,475.5,498.0,20486,10023558.0,TQBR
2015-04-01,497.5,499.0,484.0,490.0,11229,5501069.0,TQBR
2015-04-02,495.0,496.5,478.5,480.0,16054,7786469.5,TQBR
2015-04-03,482.5,489.5,478.5,484.0,3803,1845376.0,TQBR
2015-04-06,487.0,492.5,479.0,481.5,4788,2322128.0,TQBR
2015-04-07,480.5,484.5,470.0,476.0,13704,6517754.5,TQBR
2015-04-08,476.0,477.5,462.0,467.0,12185,5704037.0,TQBR
2015-04-09,465.0,465.0,445.5,449.0,20984,9500036.0,TQBR
2015-04-10,451.5,451.5,428.0,441.0,28150,12315686.0,TQBR
2015-04-13,450.5,454.5,436.5,443.0,70322,31463189.5,TQBR
2015-04-14,443.0,446.5,435.0,439.0,29181,12867622.0,TQBR
2015-04-15,438.0,455.0,431.0,445.0,61277,26816206.5,TQBR
2015-04-16,441.5,445.5,426.0,431.0,56201,24264973.5,TQBR
2015-04-17,431.0,445.0,427.5,443.5,57506,25104004.0,TQBR
2015-04-20,445.0,446.5,425.5,430.5,34895,15046208.5,TQBR
2015-04-21,431.5,438.5,430.0,437.5,14279,6209793.5,TQBR
2015-04-22,436.5,440.5,426.5,430.5,16744,7233301.0,TQBR
2015-04-23,430.0,430.0,417.0,422.5,16608,6996388.5,TQBR
2015-04-24,421.0,432.5,419.0,429.0,14358,6106972.0,TQBR
2015-05-05,426.5,426.5,411.0,419.0,39175,16314613.0,TQBR
2015-05-06,420.0,427.0,406.5,424.5,39697,16527038.5,TQBR
2015-05-07,424.0,430.0,409.5,420.0,46647,19485781.0,TQBR
2015-05-08,422.0,462.5,422.0,445.5,134474,59887617.0,TQBR
2015-05-12,446.0,457.0,430.5,438.5,63151,28106838.5,TQBR
2015-05-13,439.0,442.0,429.0,438.0,25472,11116182.5,TQBR
2015-05-14,439.0,452.0,435.5,441.0,29118,12883249.0,TQBR
2015-05-15,439.5,444.5,428.5,432.5,40417,17561686.5,TQBR
2015-05-18,434.5,436.0,426.0,433.5,19844,8597697.5,TQBR
2015-05-19,432.0,435.5,420.0,421.5,18461,7860218.0,TQBR
2015-05-20,424.0,444.0,419.0,435.0,31437,13652437.0,TQBR
2015-05-21,439.5,450.0,434.0,437.0,60358,26688202.5,TQBR
2015-05-22,440.0,445.5,432.0,433.0,12587,5542388.0,TQBR
2015-05-25,437.5,438.0,429.0,430.0,1811,779984.0,TQBR
2015-05-26,430.0,433.5,423.0,433.0,7716,3298256.5,TQBR
2015-05-27,433.5,445.0,426.5,438.0,53467,23399716.5,TQBR
2015-05-28,445.5,460.0,442.0,453.5,57693,26083312.0,TQBR
2015-05-29,459.5,465.5,438.5,438.5,42000,18754453.5,TQBR
2015-06-01,441.5,454.0,438.0,447.0,32448,14587462.0,TQBR
2015-06-02,451.0,464.5,446.5,456.0,19811,9059380.5,TQBR
2015-06-03,463.0,470.0,450.5,451.5,36591,16864215.5,TQBR
2015-06-04,459.5,464.5,441.0,455.5,32986,15068742.0,TQBR
2015-06-05,456.0,460.5,452.5,460.5,21126,9625579.0,TQBR
2015-06-08,462.0,465.0,450.5,457.0,16139,7375360.5,TQBR
2015-06-09,459.0,463.5,451.0,453.0,10562,4787972.0,TQBR
2015-06-10,451.0,460.0,443.0,449.0,10259,4631254.0,TQBR
2015-06-11,450.5,458.5,447.5,458.0,6063,2744100.0,TQBR
2015-06-15,459.0,468.5,458.0,466.0,18975,8784438.0,TQBR
2015-06-16,466.0,467.5,457.5,459.0,4968,2287568.0,TQBR
2015-06-17,458.5,469.0,452.0,463.0,9970,4609771.5,TQBR
2015-06-18,469.0,489.0,466.0,479.0,26665,12769887.0,TQBR
2015-06-19,477.0,495.0,473.0,482.0,21441,10418664.0,TQBR
2015-06-22,482.5,482.5,466.0,470.0,16084,7559913.0,TQBR
2015-06-23,471.0,471.5,460.0,461.5,14219,6597053.5,TQBR
2015-06-24,463.0,467.5,460.0,467.0,6887,3192151.5,TQBR
2015-06-25,466.0,466.0,455.5,456.0,8916,4101563.0,TQBR
2015-06-26,458.0,467.5,456.0,464.0,4922,2269220.5,TQBR
2015-06-29,459.0,467.0,453.5,458.0,8492,3893372.5,TQBR
2015-06-30,457.0,460.0,452.5,453.0,14027,6398568.0,TQBR
2015-07-01,454.0,454.0,443.0,445.5,23918,10770145.5,TQBR
2015-07-02,449.0,452.0,443.0,445.0,6197,2768440.0,TQBR
2015-07-03,446.5,452.0,442.0,451.0,7691,3440056.5,TQBR
2015-07-06,448.0,455.0,443.0,451.0,8637,3876019.5,TQBR
2015-07-07,454.5,454.5,428.5,431.5,14663,6479188.5,TQBR
2015-07-08,429.0,434.0,421.0,429.5,15646,6660886.0,TQBR
2015-07-09,431.0,439.0,429.5,439.0,73190,31734567.5,TQBR
2015-07-10,439.5,444.0,433.5,436.0,11824,5180559.5,TQBR
2015-07-13,435.5,449.0,427.0,441.5,12631,5563223.5,TQBR
2015-07-14,438.0,446.0,435.0,444.0,14235,6272896.5,TQBR
2015-07-15,448.0,454.5,441.0,442.0,26884,12002271.0,TQBR
2015-07-16,443.0,446.0,437.5,443.0,12161,5368633.0,TQBR
2015-07-17,444.0,444.0,425.0,428.0,45770,19769388.0,TQBR
2015-07-20,427.0,430.5,422.0,425.5,33453,14250062.5,TQBR
2015-07-21,435.0,435.0,420.5,423.0,25124,10714251.0,TQBR
2015-07-22,422.5,429.5,418.0,425.5,15450,6554356.5,TQBR
2015-07-23,425.0,430.0,415.0,425.5,47387,20040713.5,TQBR
2015-07-24,425.0,425.0,407.5,410.0,25871,10711077.0,TQBR
2015-07-27,410.0,419.0,405.5,410.5,15113,6206668.5,TQBR
2015-07-28,410.0,443.0,396.5,429.0,84906,35660103.5,TQBR
2015-07-29,434.0,434.0,414.5,416.0,31253,13131515.0,TQBR
2015-07-30,416.0,425.0,412.5,425.0,43364,18289393.5,TQBR
2015-07-31,421.5,438.5,418.5,434.5,59544,25631299.5,TQBR
2015-08-03,430.0,439.0,422.5,426.0,23698,10211893.5,TQBR
2015-08-04,426.0,432.0,420.0,423.5,35855,15283538.5,TQBR
2015-08-05,423.0,431.5,419.5,427.0,28155,11981219.5,TQBR
2015-08-06,427.0,433.5,426.5,432.0,17125,7383392.5,TQBR
2015-08-07,428.5,440.0,428.5,434.0,21811,9527437.0,TQBR
2015-08-10,434.0,487.0,434.0,457.0,130479,58923724.5,TQBR
2015-08-11,457.0,460.5,445.5,458.5,87459,39791861.0,TQBR
2015-08-12,455.0,455.0,442.5,448.5,100258,44849108.0,TQBR
2015-08-13,448.0,460.5,448.0,460.0,60896,27719817.5,TQBR
2015-08-14,457.0,470.5,457.0,462.0,27326,12695436.5,TQBR
2015-08-17,462.5,473.5,462.5,468.5,28516,13359904.5,TQBR
2015-08-18,468.0,486.0,468.0,482.0,48889,23477649.0,TQBR
2015-08-19,479.5,488.0,463.0,464.5,42911,20272428.5,TQBR
2015-08-20,474.0,498.5,471.0,494.5,140735,68663704.0,TQBR
2015-08-21,495.5,527.0,495.5,524.5,199551,102648282.0,TQBR
2015-08-24,522.0,534.5,480.0,528.0,129351,66326347.0,TQBR
2015-08-25,532.0,533.5,490.5,497.0,99353,50619400.0,TQBR
2015-08-26,498.5,504.0,480.0,496.5,77006,37942416.5,TQBR
2015-08-27,491.5,497.5,480.5,483.0,66208,32299109.5,TQBR
2015-08-28,483.0,494.0,473.5,489.0,69057,33590363.0,TQBR
2015-08-31,486.5,497.5,486.0,491.5,11022,5419443.5,TQBR
2015-09-01,493.0,493.0,475.5,489.0,47772,23128426.5,TQBR
2015-09-02,492.5,499.0,481.5,488.0,38209,18696389.0,TQBR
2015-09-03,487.0,495.0,481.0,494.0,57176,28105773.5,TQBR
2015-09-04,491.0,495.0,476.5,479.0,24756,12001247.0,TQBR
2015-09-07,481.0,492.0,481.0,491.5,15710,7672576.0,TQBR
2015-09-08,491.5,496.0,487.0,495.5,27221,13421913.0,TQBR
2015-09-09,495.5,527.0,493.5,519.5,85398,43891544.5,TQBR
2015-09-10,525.0,563.0,515.5,549.0,197989,107519847.5,TQBR
2015-09-11,554.0,561.5,542.0,544.5,74119,40730654.0,TQBR
2015-09-14,549.5,568.5,543.5,549.0,81706,45465279.5,TQBR
2015-09-15,545.5,561.5,537.0,560.0,44729,24637342.5,TQBR
2015-09-16,562.0,573.0,545.5,565.0,42636,23890955.5,TQBR
2015-09-17,565.5,573.5,561.0,561.0,25109,14276229.0,TQBR
2015-09-18,565.5,577.0,552.0,557.5,37543,21272480.5,TQBR
2015-09-21,556.0,557.0,544.0,546.5,23702,13022156.5,TQBR
2015-09-22,560.0,560.0,541.0,553.0,21107,11579945.0,TQBR
2015-09-23,560.0,561.5,544.5,557.0,26651,14710426.5,TQBR
2015-09-24,557.0,568.5,544.0,560.5,37831,21106001.5,TQBR
2015-09-25,560.5,565.0,544.5,545.0,23981,13228021.0,TQBR
2015-09-28,546.5,556.0,542.5,547.0,21460,11804785.0,TQBR
2015-09-29,546.5,565.0,546.5,556.5,22992,12823198.5,TQBR
2015-09-30,564.0,570.0,553.0,566.0,17025,9619375.0,TQBR
2015-10-01,566.5,576.5,557.0,571.0,22305,12643041.0,TQBR
2015-10-02,571.0,587.0,571.0,585.0,27158,15748125.0,TQBR
2015-10-05,583.0,589.5,571.5,578.5,23256,13491572.0,TQBR
2015-10-06,579.0,579.0,555.5,579.0,38426,21769418.5,TQBR
2015-10-07,570.5,570.5,551.0,559.5,24017,13395142.0,TQBR
2015-10-08,559.0,563.5,546.0,559.0,35317,19563056.0,TQBR
2015-10-09,553.0,563.5,551.0,554.0,4515,2505253.0,TQBR
2015-10-12,554.0,557.5,548.0,556.5,9096,5040481.0,TQBR
2015-10-13,559.5,568.5,552.0,565.0,12887,7235533.5,TQBR
2015-10-14,565.0,578.0,560.5,577.0,22738,12976154.0,TQBR
2015-10-15,578.5,578.5,566.0,571.5,17745,10125057.5,TQBR
2015-10-16,567.0,573.0,561.0,565.5,14505,8238020.0,TQBR
2015-10-19,564.0,570.5,553.0,565.0,10971,6169549.5,TQBR
2015-10-20,573.0,574.5,565.0,570.5,13031,7429790.5,TQBR
2015-10-21,570.0,579.5,561.5,563.0,11107,6346814.5,TQBR
2015-10-22,564.5,575.5,555.0,564.5,38470,21690740.0,TQBR
2015-10-23,565.0,571.5,556.5,569.0,36836,20847389.5,TQBR
2015-10-26,565.0,571.0,555.0,555.0,14757,8295289.0,TQBR
2015-10-27,559.5,568.5,554.5,568.5,17888,10056125.5,TQBR
2015-10-28,565.5,572.5,558.0,567.0,11780,6664269.0,TQBR
2015-10-29,569.0,570.0,559.0,563.5,11204,6317866.0,TQBR
2015-10-30,567.5,571.0,561.5,565.5,6790,3847401.5,TQBR
2015-11-02,562.5,571.0,562.0,565.0,6384,3619412.5,TQBR
2015-11-03,566.0,574.0,556.0,556.0,22455,12733550.5,TQBR
2015-11-05,557.5,568.0,550.0,560.5,19876,11122184.0,TQBR
2015-11-06,556.5,560.5,543.5,548.5,25246,13882227.0,TQBR
2015-11-09,550.5,559.0,549.5,555.0,12163,6765615.0,TQBR
2015-11-10,557.0,569.0,553.5,564.0,19586,10987235.0,TQBR
2015-11-11,560.5,567.5,559.0,561.0,13617,7689048.0,TQBR
2015-11-12,565.0,584.0,551.5,555.0,21015,11919646.0,TQBR
2015-11-13,557.0,565.0,551.0,555.0,18810,10472619.5,TQBR
2015-11-16,554.5,570.5,553.0,561.5,33034,18608423.0,TQBR
2015-11-17,556.5,566.5,551.5,551.5,28365,15871699.5,TQBR
2015-11-18,554.5,581.0,554.0,569.0,32862,18685694.0,TQBR
2015-11-19,571.5,584.0,560.0,560.5,24739,14069776.5,TQBR
2015-11-20,563.0,564.0,547.0,549.0,48731,26886797.0,TQBR
2015-11-23,550.0,565.5,547.0,552.0,37169,20720245.0,TQBR
2015-11-24,556.0,558.5,541.5,545.0,36313,19939760.0,TQBR
2015-11-25,550.5,551.5,536.0,540.0,17006,9205754.5,TQBR
2015-11-26,546.0,553.0,537.5,553.0,7187,3908937.0,TQBR
2015-11-27,553.0,553.0,530.0,536.0,17854,9649544.0,TQBR
2015-11-30,531.0,538.5,527.5,535.5,13460,7151665.5,TQBR
2015-12-01,535.0,538.5,529.5,529.5,9005,4803552.0,TQBR
2015-12-02,533.0,539.5,528.0,531.5,12414,6625681.0,TQBR
2015-12-03,533.0,554.0,531.0,538.0,32370,17549512.0,TQBR
2015-12-04,539.5,547.0,533.0,537.5,26549,14317474.0,TQBR
2015-12-07,538.0,549.0,526.0,549.0,35198,18890053.0,TQBR
2015-12-08,549.0,549.5,520.0,530.0,57224,30159747.5,TQBR
2015-12-09,529.5,559.5,522.5,559.0,51176,27945558.5,TQBR
2015-12-10,540.0,561.0,536.0,556.0,39462,21619724.0,TQBR
2015-12-11,556.5,560.0,542.5,544.5,23388,13008306.0,TQBR
2015-12-14,550.5,582.5,541.5,574.0,48489,27639038.0,TQBR
2015-12-15,574.0,584.5,570.5,573.5,22152,12834951.5,TQBR
2015-12-16,574.5,582.0,560.5,574.5,19014,10870552.5,TQBR
2015-12-17,574.0,581.0,563.0,569.0,16745,9606172.0,TQBR
2015-12-18,571.0,575.0,536.5,536.5,26257,14617722.0,TQBR
2015-12-21,538.5,578.5,538.5,574.0,32574,18515907.5,TQBR
2015-12-22,571.0,586.5,567.5,571.5,22989,13266452.0,TQBR
2015-12-23,573.5,600.0,571.5,596.5,61676,36157677.0,TQBR
2015-12-24,593.0,611.0,581.5,590.5,24537,14596218.5,TQBR
2015-12-25,590.5,606.0,590.0,591.5,2376,1413286.5,TQBR
2015-12-28,598.0,605.0,588.0,590.0,4949,2922953.0,TQBR
2015-12-29,601.0,626.0,596.0,622.0,36255,22246919.5,TQBR
2015-12-30,626.0,636.0,602.0,618.0,13715,8516652.0,TQBR
2016-01-04,612.5,626.5,607.0,613.5,1875,1159301.0,TQBR
2016-01-05,622.0,630.0,614.0,621.5,4779,2982710.5,TQBR
2016-01-06,629.0,629.0,610.0,626.0,6711,4147016.5,TQBR
2016-01-11,631.0,632.5,619.5,631.0,17932,11237275.5,TQBR
2016-01-12,631.0,638.0,596.5,599.5,35194,21636691.0,TQBR
2016-01-13,605.0,613.5,592.0,600.0,21343,12894828.0,TQBR
2016-01-14,606.0,620.5,597.0,611.0,18878,11485941.5,TQBR
2016-01-15,610.0,617.5,579.0,601.5,44828,26589249.0,TQBR
2016-01-18,601.0,617.0,583.0,590.5,22444,13341872.5,TQBR
2016-01-19,598.5,605.5,583.5,587.0,16111,9553500.5,TQBR
2016-01-20,593.0,611.5,578.5,602.5,36436,21576229.0,TQBR
2016-01-21,610.0,629.5,604.5,615.0,24352,15015299.0,TQBR
2016-01-22,620.0,630.0,591.5,600.0,43047,26127362.0,TQBR
2016-01-25,611.5,618.5,594.0,610.0,8812,5349870.5,TQBR
2016-01-26,616.5,629.0,610.5,610.5,9858,6117559.5,TQBR
2016-01-27,611.5,634.0,605.5,626.0,12909,8065399.5,TQBR
2016-01-28,632.0,638.0,615.0,620.0,12991,8138987.5,TQBR
2016-01-29,625.0,628.0,615.0,620.0,18916,11754617.5,TQBR
2016-02-01,624.0,649.0,621.0,648.0,32714,20791957.5,TQBR
2016-02-02,641.0,672.0,639.0,668.5,33017,21660773.5,TQBR
2016-02-03,667.0,687.0,657.5,668.5,14240,9503509.0,TQBR
2016-02-04,677.0,694.0,656.0,690.5,35360,24155271.5,TQBR
2016-02-05,688.0,713.0,673.0,683.5,35744,24584902.5,TQBR
2016-02-08,686.0,700.0,670.0,692.0,20491,13950400.0,TQBR
2016-02-09,699.0,719.5,670.5,685.5,25415,17450800.0,TQBR
2016-02-10,686.5,700.0,675.5,681.0,34760,24003049.5,TQBR
2016-02-11,687.5,714.0,678.0,712.5,71571,50146229.5,TQBR
2016-02-12,715.0,719.0,686.5,701.0,39393,27967130.0,TQBR
2016-02-15,701.0,701.0,675.5,680.5,30574,20925646.5,TQBR
2016-02-16,679.5,684.5,662.0,674.5,33984,22770974.5,TQBR
2016-02-17,685.0,691.5,670.0,672.0,28023,19030367.0,TQBR
2016-02-18,671.0,709.0,663.0,696.5,25879,17819820.5,TQBR
2016-02-19,702.0,716.5,696.5,713.0,13337,9436486.5,TQBR
2016-02-20,719.0,725.0,716.5,720.5,2476,1784359.5,TQBR
2016-02-22,722.5,724.5,681.5,695.5,20521,14188393.5,TQBR
2016-02-24,694.0,696.0,683.0,690.0,21244,14643967.0,TQBR
2016-02-25,685.0,693.0,680.0,683.5,15645,10703650.5,TQBR
2016-02-26,683.0,694.0,673.5,689.0,46698,31973557.0,TQBR
2016-02-29,683.0,698.0,681.5,689.0,21505,14859392.5,TQBR
2016-03-01,689.0,695.5,671.5,675.0,40227,27270680.0,TQBR
2016-03-02,675.0,690.0,666.0,690.0,20298,13800044.0,TQBR
2016-03-03,687.5,702.0,685.5,696.0,28790,20027781.5,TQBR
2016-03-04,691.0,723.0,690.5,719.5,43233,30839406.0,TQBR
2016-03-07,719.5,748.0,707.5,748.0,29776,21717914.5,TQBR
2016-03-09,740.0,740.0,702.0,707.0,38954,28018048.5,TQBR
2016-03-10,708.0,713.5,691.5,710.5,42308,29873766.5,TQBR
2016-03-11,713.0,714.0,691.5,703.0,19417,13551834.5,TQBR
2016-03-14,705.0,712.0,700.5,706.5,12881,9098186.0,TQBR
2016-03-15,711.5,713.5,691.0,705.5,84748,59726674.0,TQBR
2016-03-16,707.0,710.5,695.5,700.5,15511,10917408.5,TQBR
2016-03-17,696.0,718.0,690.5,710.0,54877,38658106.0,TQBR
2016-03-18,713.0,717.5,701.5,709.5,17650,12484056.5,TQBR
2016-03-21,710.5,715.5,700.5,701.5,11742,8298861.0,TQBR
2016-03-22,702.5,710.5,689.0,689.5,24937,17446266.5,TQBR
2016-03-23,699.0,702.5,675.0,688.0,46474,32092988.0,TQBR
2016-03-24,690.0,696.5,674.0,692.5,17229,11848575.0,TQBR
2016-03-25,693.0,694.5,685.5,692.5,1998,1374059.0,TQBR
2016-03-28,689.5,694.5,683.5,690.0,2427,1667415.5,TQBR
2016-03-29,690.5,690.5,645.0,655.5,71325,47021358.5,TQBR
2016-03-30,660.0,671.5,651.5,667.0,41682,27512534.5,TQBR
2016-03-31,670.0,670.0,650.0,655.5,23614,15510097.5,TQBR
2016-04-01,653.0,663.5,638.0,646.0,23651,15288358.0,TQBR
2016-04-04,650.5,662.0,647.5,661.0,13099,8563997.0,TQBR
2016-04-05,655.5,663.5,650.5,661.0,11120,7313595.5,TQBR
2016-04-06,661.0,663.0,649.0,654.0,13561,8888859.5,TQBR
2016-04-07,654.0,662.0,651.0,657.5,10530,6906359.0,TQBR
2016-04-08,658.0,661.5,651.0,653.5,8837,5788343.5,TQBR
2016-04-11,656.0,680.0,656.0,673.5,14301,9597662.5,TQBR
2016-04-12,673.0,678.5,657.5,658.0,14344,9579357.0,TQBR
2016-04-13,664.0,667.0,654.0,662.0,22718,14983618.0,TQBR
2016-04-14,662.0,665.0,650.0,657.0,14422,9502917.0,TQBR
2016-04-15,658.0,661.0,644.5,655.5,8714,5685043.5,TQBR
2016-04-18,661.0,675.0,650.0,653.0,28358,18752975.0,TQBR
2016-04-19,654.5,669.0,650.0,669.0,19270,12708056.0,TQBR
2016-04-20,668.5,677.0,665.0,670.0,13393,8984323.5,TQBR
2016-04-21,674.0,674.0,660.0,669.0,20608,13679945.5,TQBR
2016-04-22,665.0,677.0,655.0,677.0,15351,10216803.0,TQBR
2016-04-25,679.0,681.5,665.0,672.0,25898,17334897.5,TQBR
2016-04-26,675.0,678.0,671.0,675.0,6752,4555130.0,TQBR
2016-04-27,672.0,675.5,660.5,671.0,3436,2297869.0,TQBR
2016-04-28,671.0,674.0,661.5,668.0,3877,2593321.5,TQBR
2016-04-29,664.0,672.0,660.0,667.5,7449,4958361.5,TQBR
2016-05-04,670.0,675.5,648.5,656.0,14633,9653662.5,TQBR
2016-05-05,651.5,658.0,635.5,638.0,15063,9653636.5,TQBR
2016-05-06,636.0,662.0,636.0,659.5,17645,11475357.5,TQBR
2016-05-10,654.5,660.0,642.0,644.0,7500,4874203.0,TQBR
2016-05-11,645.0,670.0,643.0,658.5,16862,11123712.0,TQBR
2016-05-12,657.5,742.0,656.0,736.5,186280,133214210.5,TQBR
2016-05-13,726.0,732.5,708.5,711.0,21564,15472067.5,TQBR
2016-05-16,711.0,729.5,711.0,725.0,11853,8546374.5,TQBR
2016-05-17,730.0,762.0,722.0,757.0,41044,30651902.0,TQBR
2016-05-18,762.0,790.0,744.5,769.0,46001,34932194.0,TQBR
2016-05-19,760.5,776.5,749.0,774.5,16521,12603901.0,TQBR
2016-05-20,770.5,800.0,770.5,785.5,24196,19212880.5,TQBR
2016-05-23,783.0,805.0,774.5,789.5,13233,10468284.0,TQBR
2016-05-24,787.5,805.0,778.5,792.0,17127,13582340.0,TQBR
2016-05-25,788.0,788.0,764.0,774.5,20028,15444336.0,TQBR
2016-05-26,779.5,800.0,775.5,795.0,11899,9419725.5,TQBR
2016-05-27,798.0,800.5,785.0,787.0,3442,2726380.5,TQBR
2016-05-30,762.5,797.5,762.5,782.5,4220,3321483.5,TQBR
2016-05-31,784.0,790.0,763.0,766.0,12657,9890862.0,TQBR
2016-06-01,765.0,802.5,765.0,795.0,9886,7825167.0,TQBR
2016-06-02,797.5,818.0,789.0,815.0,17775,14359246.5,TQBR
2016-06-03,815.0,816.5,799.0,809.5,9895,8014822.0,TQBR
2016-06-06,810.0,848.0,810.0,848.0,19004,15804482.0,TQBR
2016-06-07,849.0,855.0,829.0,834.0,10053,8432297.0,TQBR
2016-06-08,835.0,853.5,831.0,850.0,10993,9264857.5,TQBR
2016-06-09,849.0,849.0,820.5,830.5,7121,5955823.5,TQBR
2016-06-10,835.0,847.5,821.5,837.5,14535,12113277.5,TQBR
2016-06-14,836.5,836.5,790.5,799.5,14560,11773081.5,TQBR
2016-06-15,799.5,816.5,797.5,807.0,23785,19040648.5,TQBR
2016-06-16,816.0,817.5,780.0,794.0,13616,10908437.0,TQBR
2016-06-17,798.0,799.0,783.0,797.0,3276,2601519.0,TQBR
2016-06-20,797.0,816.0,793.0,815.5,3804,3052784.0,TQBR
2016-06-21,815.0,825.0,802.5,804.5,16743,13566889.5,TQBR
2016-06-22,808.5,811.0,787.5,795.5,10926,8784227.5,TQBR
2016-06-23,803.5,829.0,803.5,827.0,9254,7585331.0,TQBR
2016-06-24,830.0,839.5,765.0,824.0,36090,29124083.0,TQBR
2016-06-27,809.0,840.0,803.5,838.5,7290,6048530.0,TQBR
2016-06-28,835.5,867.5,818.0,841.5,17925,15058024.0,TQBR
2016-06-29,843.0,866.5,841.5,858.5,6206,5337340.5,TQBR
2016-06-30,864.5,899.0,860.5,881.5,17254,15225474.0,TQBR
2016-07-01,884.0,898.5,882.0,888.0,10391,9235475.0,TQBR
2016-07-04,894.0,919.5,894.0,919.5,9489,8648650.0,TQBR
2016-07-05,902.0,918.0,901.5,912.0,8700,7902645.0,TQBR
2016-07-06,916.5,949.0,911.5,949.0,9842,9237855.5,TQBR
2016-07-07,987.0,987.0,916.5,920.0,17244,16113280.0,TQBR
2016-07-08,929.5,929.5,902.0,902.5,9985,9106481.0,TQBR
2016-07-11,913.0,937.0,913.0,937.0,7186,6668630.0,TQBR
2016-07-12,937.5,946.0,916.0,931.0,10569,9812952.0,TQBR
2016-07-13,937.5,957.5,936.0,946.5,15906,15090957.5,TQBR
2016-07-14,949.0,976.0,938.0,941.5,9692,9224970.5,TQBR
2016-07-15,942.5,942.5,923.5,933.0,3443,3209210.5,TQBR
2016-07-18,934.0,934.0,905.5,921.0,9099,8316844.0,TQBR
2016-07-19,921.0,939.5,898.5,915.5,12287,11289514.5,TQBR
2016-07-20,924.0,924.0,860.5,878.0,17608,15612953.5,TQBR
2016-07-21,878.0,895.0,865.0,882.0,11609,10197494.0,TQBR
2016-07-22,886.0,902.0,885.5,885.5,41228,36939391.5,TQBR
2016-07-25,892.5,896.0,876.0,888.5,7854,6969398.5,TQBR
2016-07-26,889.0,924.0,881.0,919.0,17760,15985326.0,TQBR
2016-07-27,919.0,919.0,886.5,907.0,9885,8938402.5,TQBR
2016-07-28,909.0,990.0,909.0,984.5,23985,23116293.5,TQBR
2016-07-29,984.5,996.0,952.5,971.5,15121,14631130.5,TQBR
2016-08-01,977.0,996.5,970.0,975.5,8313,8184196.0,TQBR
2016-08-02,975.5,996.0,960.5,981.5,15104,14750721.5,TQBR
2016-08-03,984.0,1009.5,975.0,991.5,16195,16116104.0,TQBR
2016-08-04,992.0,992.0,961.5,973.0,13140,12837551.5,TQBR
2016-08-05,975.0,990.0,965.0,973.5,6714,6558310.0,TQBR
2016-08-08,973.0,973.5,955.0,960.5,7554,7276850.5,TQBR
2016-08-09,961.0,969.5,952.5,962.0,4635,4463265.0,TQBR
2016-08-10,970.0,990.5,964.0,972.0,10276,10020517.5,TQBR
2016-08-11,973.5,990.0,973.5,989.5,8147,8007589.5,TQBR
2016-08-12,984.5,988.0,967.0,988.0,10875,10618114.0,TQBR
2016-08-15,988.0,988.0,970.0,981.5,5682,5558701.0,TQBR
2016-08-16,977.0,1000.5,977.0,989.0,9780,9694079.0,TQBR
2016-08-17,987.0,999.5,977.0,985.0,6452,6350611.5,TQBR
2016-08-18,984.0,1007.5,980.0,1000.5,7697,7666170.5,TQBR
2016-08-19,1007.0,1007.0,977.5,981.5,12278,12163938.0,TQBR
2016-08-22,983.5,986.5,951.0,980.0,11771,11411294.0,TQBR
2016-08-23,983.5,993.5,978.5,985.0,4646,4591216.5,TQBR
2016-08-24,990.0,1004.0,967.5,986.5,16315,16033443.5,TQBR
2016-08-25,984.5,984.5,944.5,964.0,24513,23551836.5,TQBR
2016-08-26,963.5,963.5,947.5,948.5,6943,6631303.5,TQBR
2016-08-29,948.5,948.5,804.5,927.5,10200,9416804.5,TQBR
2016-08-30,933.5,959.5,932.5,946.5,24066,22797435.5,TQBR
2016-08-31,952.0,952.0,904.0,914.0,22120,20396780.5,TQBR
2016-09-01,921.0,925.0,885.0,917.5,15984,14479172.5,TQBR
2016-09-02,917.5,933.0,912.0,917.5,11626,10743042.0,TQBR
2016-09-05,917.5,928.5,907.5,911.0,7418,6811923.5,TQBR
2016-09-06,912.0,925.0,906.5,918.5,10562,9691858.0,TQBR
2016-09-07,926.5,938.0,915.5,923.5,5290,4892370.0,TQBR
2016-09-08,925.0,926.0,890.0,897.0,13598,12262586.5,TQBR
2016-09-09,897.0,897.0,867.0,872.0,11932,10513812.5,TQBR
2016-09-12,866.5,879.5,846.5,868.5,17181,14904032.0,TQBR
2016-09-13,874.0,881.5,832.0,838.5,43492,37808730.5,TQBR
2016-09-14,840.0,876.0,838.5,862.0,35586,30373654.5,TQBR
2016-09-15,866.5,875.5,852.0,862.0,24837,21242157.0,TQBR
2016-09-16,865.0,874.5,834.5,859.5,32241,27516449.0,TQBR
2016-09-19,872.0,894.0,862.0,876.5,21743,19066226.5,TQBR
2016-09-20,869.5,884.5,864.5,875.0,26509,23198245.5,TQBR
2016-09-21,877.0,879.5,866.5,874.5,15495,13519135.5,TQBR
2016-09-22,878.5,929.5,866.5,884.0,35803,32134310.0,TQBR
2016-09-23,880.5,880.5,802.0,811.0,319102,259819728.5,TQBR
2016-09-26,813.5,818.0,781.5,801.0,101594,81232562.5,TQBR
2016-09-27,805.5,807.5,792.0,798.5,30475,24367737.0,TQBR
2016-09-28,798.0,809.5,792.0,807.0,38198,30612812.0,TQBR
2016-09-29,798.5,808.0,793.0,799.5,23576,18892519.5,TQBR
2016-09-30,800.0,806.5,790.0,795.0,68700,54817431.0,TQBR
2016-10-03,789.0,790.0,776.0,781.5,40226,31498291.5,TQBR
2016-10-04,785.0,785.0,740.0,747.0,66301,50303865.0,TQBR
2016-10-05,747.0,747.0,696.0,702.5,168948,121921589.0,TQBR
2016-10-06,703.0,703.0,674.0,682.0,99967,68895431.0,TQBR
2016-10-07,676.0,682.0,658.5,660.0,141460,94356937.0,TQBR
2016-10-10,664.0,674.0,658.5,662.0,103946,69144066.5,TQBR
2016-10-11,663.5,664.5,652.0,654.0,44568,29260333.0,TQBR
2016-10-12,659.0,659.5,644.0,650.0,72119,47019677.0,TQBR
2016-10-13,655.5,672.0,648.0,664.5,120323,79885165.0,TQBR
2016-10-14,669.0,669.0,650.5,656.0,44973,29542685.0,TQBR
2016-10-17,656.0,659.0,647.0,654.5,27668,18040813.5,TQBR
2016-10-18,657.5,684.0,657.5,682.5,162947,110073615.0,TQBR
2016-10-19,682.0,692.0,675.0,679.5,50241,34204492.0,TQBR
2016-10-20,679.5,685.0,672.5,683.0,28937,19575316.5,TQBR
2016-10-21,682.0,683.5,667.5,675.0,142139,95523057.0,TQBR
2016-10-24,680.5,685.5,667.0,677.0,38156,25745514.5,TQBR
2016-10-25,674.5,681.5,663.5,675.0,67550,45564679.0,TQBR
2016-10-26,679.0,680.5,668.0,669.5,19679,13229575.0,TQBR
2016-10-27,676.0,690.5,670.5,675.5,57212,38964745.5,TQBR
2016-10-28,684.0,688.0,672.5,681.5,26558,18034510.5,TQBR
2016-10-31,680.0,691.0,674.5,687.0,52468,35949666.5,TQBR
2016-11-01,691.0,733.5,691.0,733.5,118744,84692670.5,TQBR
2016-11-02,730.0,749.0,726.0,747.0,167120,123434085.5,TQBR
2016-11-03,746.0,749.0,725.5,732.0,64595,47446968.5,TQBR
2016-11-07,729.0,729.0,710.0,713.0,51179,36653316.5,TQBR
2016-11-08,714.0,724.0,710.5,721.5,29190,20906625.0,TQBR
2016-11-09,728.5,764.0,715.0,738.0,244225,183686582.0,TQBR
2016-11-10,767.0,767.5,717.5,722.0,135693,99459860.5,TQBR
2016-11-11,721.0,728.0,697.0,697.0,158672,112059695.0,TQBR
2016-11-14,682.0,725.0,660.0,662.5,240829,162955677.0,TQBR
2016-11-15,669.0,677.5,633.0,635.5,204564,133389959.0,TQBR
2016-11-16,636.0,653.5,613.0,645.0,121926,78066260.5,TQBR
2016-11-17,641.0,669.0,631.0,635.5,138589,89172047.0,TQBR
2016-11-18,634.5,637.0,607.0,609.0,116633,71889237.0,TQBR
2016-11-21,610.0,629.0,603.0,622.0,112292,69112452.0,TQBR
2016-11-22,630.0,636.0,604.0,608.5,120233,74354340.5,TQBR
2016-11-23,611.0,623.0,597.5,601.0,137085,83346327.5,TQBR
2016-11-24,599.0,606.5,589.5,603.0,98993,59139540.5,TQBR
2016-11-25,605.0,610.0,593.5,603.0,109665,65934274.0,TQBR
2016-11-28,601.5,622.0,601.5,617.5,98882,60754923.5,TQBR
2016-11-29,616.5,628.0,614.0,623.0,93744,58184632.0,TQBR
2016-11-30,621.5,626.5,604.0,608.5,92330,56773325.0,TQBR
2016-12-01,607.0,613.0,593.0,595.0,171240,102593814.0,TQBR
2016-12-02,599.0,611.5,595.0,609.0,110436,66657763.5,TQBR
2016-12-05,609.0,616.0,586.0,589.5,237458,141745031.5,TQBR
2016-12-06,595.5,609.0,586.0,599.0,127407,76610460.0,TQBR
2016-12-07,601.0,611.0,587.5,605.5,235658,140786507.0,TQBR
2016-12-08,606.5,628.0,602.0,624.0,261561,161327390.0,TQBR
2016-12-09,628.0,638.5,616.0,624.5,224936,141746439.5,TQBR
2016-12-12,617.5,626.5,572.0,587.0,654761,382823677.5,TQBR
2016-12-13,586.5,598.0,573.5,582.0,261677,151792946.0,TQBR
2016-12-14,583.5,632.0,580.0,632.0,487769,297699694.0,TQBR
2016-12-15,624.5,624.5,585.0,600.5,482503,289124682.5,TQBR
2016-12-16,602.5,610.0,591.5,600.0,209734,125612358.0,TQBR
2016-12-19,601.5,606.0,580.0,597.5,288217,170144427.0,TQBR
2016-12-20,597.5,604.0,587.0,589.5,100365,59811964.0,TQBR
2016-12-21,595.0,599.0,586.0,590.5,90048,53332818.0,TQBR
2016-12-22,590.5,605.0,586.0,599.0,143473,85433883.5,TQBR
2016-12-23,603.0,607.5,596.0,604.5,177091,106809128.5,TQBR
2016-12-26,600.5,609.0,597.5,598.0,26266,15837183.5,TQBR
2016-12-27,602.5,610.5,597.0,608.5,100945,61063370.5,TQBR
2016-12-28,611.0,613.0,601.5,608.5,111765,67902464.0,TQBR
2016-12-29,610.0,638.5,610.0,637.0,258172,162157499.5,TQBR
2016-12-30,639.5,650.0,633.0,638.5,124529,80021846.0,TQBR
2017-01-03,639.0,649.5,636.0,643.5,80049,51368060.5,TQBR
2017-01-04,645.0,667.5,640.0,662.5,137422,90604299.0,TQBR
2017-01-05,666.0,697.0,648.5,661.5,209822,140184610.5,TQBR
2017-01-06,658.5,665.5,644.0,654.0,69900,45798637.0,TQBR
2017-01-09,662.5,663.0,646.5,662.0,74987,49131161.0,TQBR
2017-01-10,665.5,673.5,665.0,669.5,146439,98083441.5,TQBR
2017-01-11,674.0,685.0,665.5,668.0,179356,121092542.5,TQBR
2017-01-12,682.0,695.0,669.5,677.5,157441,106965294.0,TQBR
2017-01-13,675.0,677.5,660.5,668.0,67250,44812968.5,TQBR
2017-01-16,669.5,678.5,664.0,670.5,44067,29524687.5,TQBR
2017-01-17,672.0,692.5,672.0,688.5,191301,130774303.0,TQBR
2017-01-18,689.5,692.5,673.0,689.5,103513,70543714.0,TQBR
2017-01-19,685.5,691.5,678.0,680.5,104643,71525096.5,TQBR
2017-01-20,686.0,686.5,675.0,682.0,133793,90843967.0,TQBR
2017-01-23,684.0,698.0,683.0,692.5,83134,57559990.0,TQBR
2017-01-24,694.0,709.0,686.0,708.0,128019,89496342.5,TQBR
2017-01-25,700.5,707.0,696.0,699.0,109133,76635033.0,TQBR
2017-01-26,700.0,704.5,662.0,667.0,302815,203680300.0,TQBR
2017-01-27,669.5,669.5,655.0,667.0,140239,92608637.0,TQBR
2017-01-30,669.0,677.0,662.0,674.5,93822,62999444.0,TQBR
2017-01-31,677.5,693.0,671.5,692.0,155599,106487138.0,TQBR
2017-02-01,692.0,716.5,686.0,707.0,207333,146663699.5,TQBR
2017-02-02,713.5,719.5,700.0,702.0,125896,89693872.5,TQBR
2017-02-03,700.0,707.0,685.5,693.0,70232,48728022.5,TQBR
2017-02-06,700.0,705.0,690.0,696.5,41702,28992153.0,TQBR
2017-02-07,699.0,711.5,698.0,709.0,65434,46195012.0,TQBR
2017-02-08,713.0,735.5,712.0,728.0,171873,124683652.5,TQBR
2017-02-09,726.0,729.5,714.0,716.5,85585,61535079.5,TQBR
2017-02-10,715.0,722.5,704.0,722.0,85261,60670415.0,TQBR
2017-02-13,730.0,731.0,707.0,710.0,44780,31918936.5,TQBR
2017-02-14,717.0,721.0,697.5,698.0,53176,37665137.0,TQBR
2017-02-15,698.0,702.0,679.0,696.5,61729,42608483.0,TQBR
2017-02-16,698.0,699.5,681.5,696.0,47559,32805022.0,TQBR
2017-02-17,697.5,717.0,691.0,715.0,215782,153831868.5,TQBR
2017-02-20,714.0,717.5,703.0,716.0,46798,33328110.5,TQBR
2017-02-21,713.0,717.5,700.5,704.5,104949,74279850.5,TQBR
2017-02-22,705.0,716.0,696.0,709.5,73652,52291678.5,TQBR
2017-02-24,720.0,733.0,718.5,731.0,91128,66274312.0,TQBR
2017-02-27,720.5,724.0,705.0,708.0,84145,59747575.5,TQBR
2017-02-28,708.5,709.5,637.5,691.0,133553,91072733.5,TQBR
2017-03-01,689.0,689.0,674.0,679.0,71803,48748212.0,TQBR
2017-03-02,683.0,694.0,675.0,675.5,49056,33390274.5,TQBR
2017-03-03,675.5,675.5,653.0,661.0,63680,42139176.5,TQBR
2017-03-06,663.0,674.0,651.0,652.0,79877,52837526.5,TQBR
2017-03-07,654.0,658.5,636.5,643.0,84201,54363121.0,TQBR
2017-03-09,643.0,664.5,637.5,661.0,85762,56232080.5,TQBR
2017-03-10,663.5,667.5,641.0,661.5,32970,21543520.5,TQBR
2017-03-13,662.0,677.0,656.5,662.5,43698,29109539.5,TQBR
2017-03-14,665.0,680.5,646.0,675.0,61048,40619797.5,TQBR
2017-03-15,670.0,690.0,670.0,687.0,61563,41885696.5,TQBR
2017-03-16,692.0,726.5,683.0,720.0,218719,155192888.0,TQBR
2017-03-17,720.0,723.5,701.0,720.0,55782,39706091.5,TQBR
2017-03-20,720.0,720.0,710.5,714.0,24662,17623157.0,TQBR
2017-03-21,714.0,725.0,710.0,723.0,87837,62958964.0,TQBR
2017-03-22,720.0,752.0,715.0,750.0,194884,143924271.0,TQBR
2017-03-23,749.0,753.5,729.0,739.0,57673,42725949.0,TQBR
2017-03-24,738.0,747.0,729.0,738.5,27395,20252535.0,TQBR
2017-03-27,745.0,758.0,740.5,742.5,78434,58890824.0,TQBR
2017-03-28,747.5,753.5,735.5,747.0,33642,25009730.5,TQBR
2017-03-29,740.5,747.0,691.0,695.0,154379,109560649.5,TQBR
2017-03-30,700.0,708.5,692.5,704.0,58417,41031214.5,TQBR
2017-03-31,701.0,705.0,688.0,698.5,44991,31319761.0,TQBR
2017-04-03,697.0,710.5,691.5,709.5,32101,22471641.5,TQBR
2017-04-04,709.5,718.5,708.5,716.0,38536,27543030.0,TQBR
2017-04-05,713.0,725.0,710.0,713.0,47112,33730036.0,TQBR
2017-04-06,714.0,732.5,710.5,726.0,70503,51246452.5,TQBR
2017-04-07,736.5,753.5,735.5,745.0,138005,102991912.5,TQBR
2017-04-10,744.0,749.0,730.5,743.0,64969,48073131.0,TQBR
2017-04-11,744.0,770.0,735.5,767.5,98064,74127538.5,TQBR
2017-04-12,766.5,776.5,755.0,758.0,93519,71653175.5,TQBR
2017-04-13,766.0,777.0,761.0,770.0,112817,86926809.0,TQBR
2017-04-14,762.0,800.0,760.5,798.5,105496,83608057.0,TQBR
2017-04-17,796.5,819.5,764.0,800.0,74038,58903820.0,TQBR
2017-04-18,790.0,802.5,762.0,767.0,84724,65278842.0,TQBR
2017-04-19,766.5,768.0,751.0,758.0,51721,39224186.5,TQBR
2017-04-20,750.0,759.5,736.5,753.0,93811,70008610.5,TQBR
2017-04-21,753.0,763.0,737.5,740.0,59882,44834398.0,TQBR
2017-04-24,722.5,739.0,721.0,723.0,81285,59138755.0,TQBR
2017-04-25,723.0,748.0,707.5,725.0,81465,59891452.5,TQBR
2017-04-26,735.0,750.5,726.0,749.5,133949,98985644.5,TQBR
2017-04-27,751.0,762.5,743.5,751.0,82550,62010343.0,TQBR
2017-04-28,759.0,765.0,748.5,754.0,78798,59391477.0,TQBR
2017-05-02,747.0,756.0,739.0,740.0,94500,70273007.5,TQBR
2017-05-03,742.5,749.5,722.5,730.5,59429,43616707.0,TQBR
2017-05-04,722.0,730.0,710.5,728.5,68003,49051515.5,TQBR
2017-05-05,730.0,747.0,727.0,744.0,84485,62613811.5,TQBR
2017-05-10,741.0,752.5,733.0,747.5,56563,41892923.0,TQBR
2017-05-11,752.0,762.0,729.5,755.5,53623,40176445.0,TQBR
2017-05-12,759.0,761.0,747.0,758.0,70106,52926739.5,TQBR
2017-05-15,762.0,769.0,747.5,750.5,63478,47965264.0,TQBR
2017-05-16,759.5,767.5,747.0,755.0,130156,98161724.0,TQBR
2017-05-17,764.0,785.0,757.0,775.0,204267,158899797.5,TQBR
2017-05-18,782.0,800.0,779.5,786.5,190607,150910475.0,TQBR
2017-05-19,786.5,798.5,772.0,778.0,64360,50299914.0,TQBR
2017-05-22,786.5,786.5,772.0,780.0,39409,30679195.5,TQBR
2017-05-23,788.5,788.5,752.5,753.5,46067,35383327.0,TQBR
2017-05-24,750.0,770.0,746.0,754.5,31691,23939163.0,TQBR
2017-05-25,753.0,758.5,739.5,748.0,35005,26179974.0,TQBR
2017-05-26,748.5,767.5,742.5,751.0,32687,24711452.0,TQBR
2017-05-29,753.0,769.5,750.5,761.5,41860,31943209.5,TQBR
2017-05-30,765.5,767.0,724.0,731.0,95427,69955903.5,TQBR
2017-05-31,732.5,742.5,725.5,741.5,58038,42653129.0,TQBR
2017-06-01,742.0,749.5,715.0,718.0,55529,40370680.5,TQBR
2017-06-02,718.0,731.0,705.0,728.5,53283,38150042.5,TQBR
2017-06-05,731.0,733.0,716.5,719.5,44253,32046348.0,TQBR
2017-06-06,726.0,745.0,720.5,743.5,55538,40481521.5,TQBR
2017-06-07,746.0,753.0,734.0,739.0,59141,43890727.0,TQBR
2017-06-08,744.5,747.0,718.5,728.5,36252,26437263.0,TQBR
2017-06-09,729.5,729.5,707.0,717.0,33872,24360427.5,TQBR
2017-06-13,724.0,724.5,694.5,697.5,117944,83111486.5,TQBR
2017-06-14,700.0,720.0,700.0,703.0,117052,83597149.5,TQBR
2017-06-15,701.5,706.5,666.5,681.0,344366,232694835.5,TQBR
2017-06-16,679.5,705.0,678.0,688.0,55380,38235907.5,TQBR
2017-06-19,686.0,686.0,662.0,671.5,42082,28269095.5,TQBR
2017-06-20,676.0,686.5,675.5,682.5,35807,24366140.5,TQBR
2017-06-21,680.0,684.5,674.5,678.0,27882,18972308.0,TQBR
2017-06-22,678.0,698.0,670.5,684.5,51350,35292506.5,TQBR
2017-06-23,681.5,710.0,681.0,705.0,98955,69105304.5,TQBR
2017-06-26,706.0,709.0,678.0,685.0,43943,30252218.5,TQBR
2017-06-27,684.0,684.0,674.0,676.0,53208,36038114.5,TQBR
2017-06-28,676.0,686.5,661.0,679.0,81920,55812559.0,TQBR
2017-06-29,681.5,688.0,661.0,666.0,102673,68796528.5,TQBR
2017-06-30,669.0,671.0,653.5,667.0,59984,39743216.5,TQBR
2017-07-03,661.0,677.0,659.0,667.0,63797,42772043.5,TQBR
2017-07-04,665.5,673.5,660.0,667.5,60900,40478264.0,TQBR
2017-07-05,668.0,686.0,666.0,680.0,53037,35868451.0,TQBR
2017-07-06,684.0,691.5,672.0,674.0,62546,42709220.5,TQBR
2017-07-07,679.5,679.5,663.5,668.5,58094,38909981.5,TQBR
2017-07-10,664.0,674.0,652.0,673.5,67383,44676044.0,TQBR
2017-07-11,673.5,681.0,672.0,680.0,41601,28140489.5,TQBR
2017-07-12,680.0,684.0,672.5,673.0,36860,24926665.5,TQBR
2017-07-13,677.0,699.0,673.5,682.5,77845,53538347.5,TQBR
2017-07-14,684.0,697.5,675.0,691.5,51736,35504623.0,TQBR
2017-07-17,695.0,707.5,691.5,703.0,113895,79575650.5,TQBR
2017-07-18,703.0,710.5,699.0,710.0,78893,55654360.5,TQBR
2017-07-19,706.0,710.0,690.5,693.0,101097,70672900.5,TQBR
2017-07-20,691.0,699.0,680.5,695.5,86811,60148193.5,TQBR
2017-07-21,693.0,697.0,689.5,691.5,58931,40904440.5,TQBR
2017-07-24,694.0,697.0,689.5,691.5,77911,53898455.0,TQBR
2017-07-25,694.5,714.5,688.5,708.5,196060,136989908.5,TQBR
2017-07-26,705.5,716.5,703.5,710.0,127936,90813401.5,TQBR
2017-07-27,714.0,730.0,712.5,716.5,111843,80492195.0,TQBR
2017-07-28,716.5,716.5,699.0,708.5,94388,66628363.0,TQBR
2017-07-31,718.0,732.0,709.0,732.0,172420,125386095.0,TQBR
2017-08-01,732.0,738.4,725.0,725.0,66963,48945888.5,TQBR
2017-08-02,734.8,736.0,725.0,729.9,68734,50260399.6,TQBR
2017-08-03,725.4,738.7,725.4,736.8,72486,53216630.9,TQBR
2017-08-04,731.1,738.5,700.0,704.0,151174,108480384.7,TQBR
2017-08-07,708.4,710.6,694.4,708.0,163104,114828563.5,TQBR
2017-08-08,709.7,714.4,698.5,704.2,59002,41643344.0,TQBR
2017-08-09,710.0,733.4,705.3,731.8,139772,100971212.0,TQBR
2017-08-10,734.0,742.4,726.0,734.0,88600,65018829.7,TQBR
2017-08-11,740.3,740.6,726.6,737.0,84578,61874104.3,TQBR
2017-08-14,736.5,736.5,722.3,725.2,99079,71951773.0,TQBR
2017-08-15,722.0,727.6,699.7,704.1,172740,122648955.7,TQBR
2017-08-16,704.1,707.9,692.4,698.3,157140,109656891.8,TQBR
2017-08-17,705.0,724.2,701.1,713.7,165657,118609464.3,TQBR
2017-08-18,716.1,726.8,703.9,708.8,139384,99578676.0,TQBR
2017-08-21,710.2,714.0,706.2,710.6,43672,31027607.7,TQBR
2017-08-22,709.4,714.0,698.1,701.5,78854,55698019.2,TQBR
2017-08-23,705.2,719.4,694.9,712.1,122971,87062005.9,TQBR
2017-08-24,712.0,729.0,706.4,725.8,98136,70654712.9,TQBR
2017-08-25,721.3,723.5,708.7,714.0,88672,63509507.1,TQBR
2017-08-28,714.1,726.3,708.1,724.0,58697,42082324.3,TQBR
2017-08-29,726.0,745.4,721.8,737.5,234234,171861196.0,TQBR
2017-08-30,735.0,745.0,707.2,713.0,278447,198675575.8,TQBR
2017-08-31,713.0,713.0,662.1,674.4,856425,587875631.5,TQBR
2017-09-01,674.6,674.6,642.0,653.1,712271,464835991.7,TQBR
2017-09-04,654.0,675.9,654.0,673.9,333283,223263567.8,TQBR
2017-09-05,675.1,679.0,665.0,672.5,187631,125662290.7,TQBR
2017-09-06,676.0,676.0,665.0,670.9,166346,111356822.6,TQBR
2017-09-07,665.9,677.7,661.2,676.3,210346,140559767.7,TQBR
2017-09-08,677.9,685.6,671.1,672.8,181494,123400693.8,TQBR
2017-09-11,672.0,672.9,655.1,657.6,346914,229414714.4,TQBR
2017-09-12,651.7,663.1,649.6,659.0,244435,160222992.6,TQBR
2017-09-13,662.6,663.7,645.0,648.6,434980,283885025.2,TQBR
2017-09-14,650.0,650.0,630.5,634.4,340269,216906593.9,TQBR
2017-09-15,637.9,658.5,626.0,650.9,348450,224844826.4,TQBR
2017-09-18,648.0,651.8,633.6,639.0,255073,163212911.2,TQBR
2017-09-19,638.0,644.9,631.7,642.4,166866,106326830.3,TQBR
2017-09-20,642.9,645.0,637.1,637.4,122517,78529569.5,TQBR
2017-09-21,637.0,640.3,625.0,630.9,350107,221187648.8,TQBR
2017-09-22,633.0,644.4,630.0,640.0,165543,105591752.9,TQBR
2017-09-25,640.0,652.8,639.8,652.4,243008,157105964.3,TQBR
2017-09-26,651.0,663.2,650.4,659.5,260957,171853111.6,TQBR
2017-09-27,660.0,664.0,652.5,659.0,149152,98466151.7,TQBR
2017-09-28,660.0,660.5,643.5,647.0,154058,100194473.3,TQBR
2017-09-29,648.3,651.9,644.0,649.8,85279,55301446.9,TQBR
2017-10-02,649.1,649.1,640.4,644.6,145510,93732381.4,TQBR
2017-10-03,644.7,654.4,642.2,651.4,116993,76151728.6,TQBR
2017-10-04,654.0,659.7,645.6,657.5,153592,100514159.1,TQBR
2017-10-05,657.5,662.0,653.0,661.6,108340,71306685.6,TQBR
2017-10-06,662.0,662.0,644.0,650.0,200429,130540170.2,TQBR
2017-10-09,656.3,660.0,649.9,656.0,205343,134743309.6,TQBR
2017-10-10,658.5,663.4,656.0,660.5,141612,93644048.4,TQBR
2017-10-11,661.9,671.9,653.0,668.3,167362,111414131.2,TQBR
2017-10-12,671.9,679.4,665.7,678.3,150495,101469221.3,TQBR
2017-10-13,678.4,689.0,678.0,680.5,158997,108654570.5,TQBR
2017-10-16,687.4,696.0,673.3,682.5,214452,148149920.6,TQBR
2017-10-17,682.5,684.7,675.1,677.5,105680,71835133.0,TQBR
2017-10-18,678.0,689.7,672.0,688.0,117603,80258190.5,TQBR
2017-10-19,682.8,691.6,681.8,689.3,267504,183963716.6,TQBR
2017-10-20,687.4,693.0,682.0,685.6,106056,72956432.3,TQBR
2017-10-23,684.8,693.7,679.7,690.0,100191,68806739.3,TQBR
2017-10-24,690.1,693.8,684.5,688.6,163111,112478698.3,TQBR
2017-10-25,688.6,690.2,681.1,681.4,121154,83005416.3,TQBR
2017-10-26,683.3,685.9,675.0,678.7,104247,71112064.4,TQBR
2017-10-27,675.0,678.4,667.2,674.6,160560,107952854.1,TQBR
2017-10-30,672.3,674.7,661.0,674.7,97339,65124820.4,TQBR
2017-10-31,675.0,679.5,669.5,675.6,104470,70489828.0,TQBR
2017-11-01,672.0,696.3,672.0,693.0,356296,245835576.7,TQBR
2017-11-02,693.0,697.0,662.0,691.3,132170,91182164.4,TQBR
2017-11-03,690.0,697.8,675.6,687.4,58493,40361968.4,TQBR
2017-11-07,682.5,699.4,682.5,689.9,160622,110803799.7,TQBR
2017-11-08,686.0,697.9,684.1,693.5,148835,103434381.7,TQBR
2017-11-09,696.9,698.9,688.1,691.7,71493,49547025.7,TQBR
2017-11-10,691.7,697.8,685.2,695.0,108224,74767341.1,TQBR
2017-11-13,693.1,700.0,690.1,700.0,96468,67154531.3,TQBR
2017-11-14,700.0,728.0,697.9,715.0,357874,256286034.2,TQBR
2017-11-15,715.1,729.5,705.0,705.0,106810,76243366.7,TQBR
2017-11-16,708.5,708.5,677.6,690.0,116013,80196696.5,TQBR
2017-11-17,693.0,693.0,680.3,685.5,71232,48763418.6,TQBR
2017-11-20,689.8,697.3,684.0,695.0,87032,60215209.5,TQBR
2017-11-21,694.9,699.7,687.5,694.1,73240,50746353.4,TQBR
2017-11-22,694.5,726.0,686.0,725.9,195025,139194263.1,TQBR
2017-11-23,726.0,726.2,695.2,716.0,55442,39503976.0,TQBR
2017-11-24,710.5,725.0,710.5,718.2,103112,74035586.6,TQBR
2017-11-27,715.2,725.4,705.0,716.9,71879,51567081.5,TQBR
2017-11-28,719.8,720.9,704.5,710.5,168749,119572571.6,TQBR
2017-11-29,708.3,727.0,701.0,708.1,80100,57420763.2,TQBR
2017-11-30,711.0,712.4,701.7,703.8,71496,50470143.9,TQBR
2017-12-01,710.2,710.2,696.2,704.8,57197,40170593.8,TQBR
2017-12-04,704.7,711.2,688.0,690.4,91298,63490070.9,TQBR
2017-12-05,687.2,691.2,671.0,672.0,124680,84718486.4,TQBR
2017-12-06,673.8,678.5,664.0,665.9,114429,76596213.6,TQBR
2017-12-07,663.7,670.0,660.2,666.9,142782,94984265.0,TQBR
2017-12-08,670.0,678.0,666.0,670.8,96977,65166003.5,TQBR
2017-12-11,666.1,693.8,666.1,688.9,105262,72183849.6,TQBR
2017-12-12,682.0,688.0,666.1,668.0,126506,85246186.1,TQBR
2017-12-13,668.0,673.4,652.0,660.1,168335,111343917.2,TQBR
2017-12-14,663.0,681.3,663.0,673.9,143738,96508485.9,TQBR
2017-12-15,669.4,685.0,669.4,678.9,75162,50933111.4,TQBR
2017-12-18,678.0,688.5,674.2,685.4,82359,56200826.2,TQBR
2017-12-19,685.7,698.0,680.7,688.6,153238,106028290.8,TQBR
2017-12-20,694.8,696.8,678.0,695.0,107890,74445407.2,TQBR
2017-12-21,698.0,701.0,689.1,697.5,171993,119752655.5,TQBR
2017-12-22,694.0,700.5,687.0,692.0,64173,44537688.6,TQBR
2017-12-25,693.0,703.8,687.2,687.2,21684,15054412.4,TQBR
2017-12-26,692.0,692.0,680.0,688.3,31789,21760575.7,TQBR
2017-12-27,687.7,710.0,679.1,710.0,109654,76454007.8,TQBR
2017-12-28,716.4,716.4,701.0,703.6,59272,41915851.5,TQBR
2017-12-29,705.0,722.8,699.0,706.6,77056,54698133.1,TQBR
2018-01-03,710.0,723.5,707.3,718.9,67359,48280324.9,TQBR
2018-01-04,716.6,723.0,707.0,715.0,46117,32894050.2,TQBR
2018-01-05,715.7,721.5,707.5,720.0,40562,28993394.3,TQBR
2018-01-09,717.1,717.1,695.1,702.1,93217,65811853.3,TQBR
2018-01-10,702.2,713.9,693.3,711.0,166610,117313211.8,TQBR
2018-01-11,711.1,712.9,701.7,709.1,73642,52047523.2,TQBR
2018-01-12,706.7,718.2,700.8,709.2,165887,117811395.0,TQBR
2018-01-15,710.5,729.8,710.5,715.9,136881,98822785.7,TQBR
2018-01-16,719.7,720.4,691.5,696.9,165768,116207727.5,TQBR
2018-01-17,695.0,697.9,682.0,685.5,237563,163802165.0,TQBR
2018-01-18,685.4,693.0,677.5,680.9,144325,98664113.8,TQBR
2018-01-19,684.3,695.4,683.8,691.0,111220,76844357.1,TQBR
2018-01-22,693.5,697.5,690.6,696.6,94244,65418847.9,TQBR
2018-01-23,696.6,698.0,677.6,682.9,168608,115511053.1,TQBR
2018-01-24,686.9,691.7,669.1,684.3,312788,212396743.7,TQBR
2018-01-25,687.4,688.5,671.3,676.2,153877,104212126.5,TQBR
2018-01-26,678.0,684.5,673.5,677.0,109151,74125673.8,TQBR
2018-01-29,677.0,682.2,664.1,673.5,119146,79835614.5,TQBR
2018-01-30,672.3,673.3,658.1,661.6,202211,133896108.3,TQBR
2018-01-31,661.5,665.9,654.0,665.7,108447,71647417.8,TQBR
2018-02-01,665.9,667.2,652.2,653.8,174868,114996086.5,TQBR
2018-02-02,658.0,658.0,638.5,638.5,170869,110627545.2,TQBR
2018-02-05,640.8,653.5,636.5,644.5,206705,133793932.2,TQBR
2018-02-06,631.5,654.0,615.3,620.4,420902,266949899.5,TQBR
2018-02-07,627.4,630.4,599.3,605.0,468419,285872726.9,TQBR
2018-02-08,607.7,614.0,592.3,608.2,387794,233781611.8,TQBR
2018-02-09,601.4,619.0,600.3,602.1,220467,134090803.9,TQBR
2018-02-12,607.9,616.5,602.5,611.0,133325,81040767.0,TQBR
2018-02-13,610.0,618.6,606.5,613.9,149214,91471471.4,TQBR
2018-02-14,617.2,633.0,609.0,633.0,277748,171874056.5,TQBR
2018-02-15,632.1,644.0,628.4,638.4,185932,118350864.6,TQBR
2018-02-16,638.9,649.9,638.9,640.6,186806,120599021.7,TQBR
2018-02-19,644.0,648.0,627.0,630.7,123709,78482467.1,TQBR
2018-02-20,627.3,633.1,616.7,621.4,152413,94989128.6,TQBR
2018-02-21,621.0,623.4,610.8,619.1,232230,142958815.9,TQBR
2018-02-22,618.1,618.1,606.4,609.3,247311,150733391.8,TQBR
2018-02-26,612.8,624.7,604.5,606.9,341008,208594488.9,TQBR
2018-02-27,607.5,610.8,604.6,607.3,117273,71211707.9,TQBR
2018-02-28,605.3,607.1,592.0,594.0,507363,301928086.0,TQBR
2018-03-01,590.0,596.0,581.8,587.2,602277,354467765.9,TQBR
2018-03-02,587.2,598.0,585.0,596.4,182305,108087894.0,TQBR
2018-03-05,596.7,608.0,595.1,604.0,221336,132717807.7,TQBR
2018-03-06,605.2,608.6,596.5,607.3,237774,142981396.1,TQBR
2018-03-07,607.3,609.9,597.4,608.0,181299,109384282.5,TQBR
2018-03-09,605.0,616.8,603.1,615.3,122040,74527784.3,TQBR
2018-03-12,615.2,619.1,597.5,604.9,295812,178847241.4,TQBR
2018-03-13,601.2,630.0,601.2,627.0,391408,243192991.6,TQBR
2018-03-14,629.0,632.6,619.1,629.0,219645,137678729.6,TQBR
2018-03-15,629.0,630.5,618.1,625.1,300651,187363686.9,TQBR
2018-03-16,628.5,629.7,601.1,604.4,336302,204857950.8,TQBR
2018-03-19,605.0,609.9,595.5,596.9,179857,108232018.7,TQBR
2018-03-20,599.1,601.9,588.9,591.4,211193,125398245.9,TQBR
2018-03-21,596.0,600.2,588.0,597.5,246687,146308593.3,TQBR
2018-03-22,599.0,600.3,583.8,585.3,352274,208158006.2,TQBR
2018-03-23,587.9,598.9,582.0,594.7,151506,89664497.9,TQBR
2018-03-26,594.0,602.2,590.2,601.7,167850,100263410.2,TQBR
2018-03-27,597.7,604.9,593.4,595.9,108218,64686185.3,TQBR
2018-03-28,594.8,597.6,585.3,589.9,120495,70971392.7,TQBR
2018-03-29,590.4,593.9,586.3,592.0,205150,121126683.3,TQBR
2018-03-30,588.0,592.8,588.0,591.7,27185,16075689.9,TQBR
2018-04-02,591.7,597.8,590.2,595.4,38438,22903020.5,TQBR
2018-04-03,595.7,597.5,584.5,588.0,169188,99621593.9,TQBR
2018-04-04,589.1,597.0,589.0,593.8,210660,125016455.7,TQBR
2018-04-05,593.8,600.0,590.7,592.8,117556,69938633.7,TQBR
2018-04-06,592.0,594.4,584.5,591.4,290680,171171105.6,TQBR
2018-04-09,587.6,595.9,504.5,516.5,742443,405386400.0,TQBR
2018-04-10,517.0,587.8,513.0,556.0,934669,516995355.0,TQBR
2018-04-11,560.0,588.9,560.0,582.0,499054,288997564.8,TQBR
2018-04-12,585.1,587.8,559.1,570.0,252904,143948076.9,TQBR
2018-04-13,570.0,598.7,562.5,594.0,317454,186500092.8,TQBR
2018-04-16,592.0,597.6,551.0,558.9,350637,198767366.3,TQBR
2018-04-17,564.4,568.0,551.9,557.8,248046,137792065.0,TQBR
2018-04-18,562.6,616.0,557.0,605.2,726750,431739327.5,TQBR
2018-04-19,607.7,617.0,591.3,600.2,267758,161661137.6,TQBR
2018-04-20,600.0,606.0,595.6,600.4,56884,34269699.7,TQBR
2018-04-23,603.6,609.0,595.9,600.3,147268,88681981.3,TQBR
2018-04-24,603.5,610.0,600.4,604.8,191045,116072800.6,TQBR
2018-04-25,605.1,609.4,596.0,608.8,282852,169989263.9,TQBR
2018-04-26,609.4,625.0,603.2,620.5,215108,132699995.4,TQBR
2018-04-27,622.0,624.9,616.8,624.5,80470,49966614.6,TQBR
2018-04-28,624.5,624.5,617.1,623.0,20293,12630664.4,TQBR
2018-04-30,620.1,636.0,620.1,631.3,118188,74556527.8,TQBR
2018-05-02,625.0,631.9,619.5,623.1,84962,53213883.9,TQBR
2018-05-03,623.0,627.2,618.7,620.2,79923,49798560.7,TQBR
2018-05-04,620.3,625.4,616.0,618.9,93764,58172277.0,TQBR
2018-05-07,618.9,624.5,607.4,608.0,106321,65258818.5,TQBR
2018-05-08,611.3,618.8,607.5,612.6,277617,170000930.1,TQBR
2018-05-10,607.0,611.9,591.0,592.1,254403,151513751.8,TQBR
2018-05-11,594.9,599.9,591.5,592.7,125247,74589409.2,TQBR
2018-05-14,594.0,598.0,591.4,594.1,126970,75441221.8,TQBR
2018-05-15,592.6,596.6,573.1,580.8,205925,120500790.2,TQBR
2018-05-16,582.9,598.5,579.1,590.2,183543,108580392.0,TQBR
2018-05-17,593.3,594.0,587.8,591.0,69050,40870753.4,TQBR
2018-05-18,589.7,592.0,576.7,584.1,185507,108310634.4,TQBR
2018-05-21,586.2,589.8,579.1,580.8,130227,75967779.7,TQBR
2018-05-22,580.3,587.8,575.2,585.5,125418,73178192.3,TQBR
2018-05-23,584.2,584.2,572.3,576.4,148875,85803236.8,TQBR
2018-05-24,574.5,578.1,566.7,572.8,124186,70854813.4,TQBR
2018-05-25,575.9,575.9,564.7,566.8,131365,74484619.7,TQBR
2018-05-28,569.8,576.5,565.0,575.0,60104,34341752.2,TQBR
2018-05-29,576.9,577.2,557.9,561.9,297804,168392361.9,TQBR
2018-05-30,560.9,570.5,558.5,562.0,122861,69532937.0,TQBR
2018-05-31,565.0,579.6,564.9,572.0,173506,99405774.2,TQBR
2018-06-01,570.3,573.7,563.2,568.2,101951,57819220.6,TQBR
2018-06-04,569.2,574.9,565.0,565.3,90756,51653502.7,TQBR
2018-06-05,565.7,570.5,562.3,566.2,136254,76941592.9,TQBR
2018-06-06,565.1,570.5,562.0,562.6,115574,65175267.0,TQBR
2018-06-07,563.7,567.8,556.0,560.0,146787,82228208.3,TQBR
2018-06-08,561.4,562.7,551.8,554.4,166307,92377531.4,TQBR
2018-06-09,556.1,558.9,552.2,557.7,26843,14911946.7,TQBR
2018-06-11,559.0,567.3,556.0,563.7,97568,55003352.9,TQBR
2018-06-13,565.0,566.0,555.8,563.4,126316,70962738.0,TQBR
2018-06-14,562.5,563.5,554.8,560.6,205080,114443133.2,TQBR
2018-06-15,561.3,564.4,549.2,558.0,255600,142349089.8,TQBR
2018-06-18,555.0,556.4,543.2,546.5,226738,124663260.8,TQBR
2018-06-19,545.0,545.0,536.1,541.6,269417,145654673.0,TQBR
2018-06-20,544.0,557.6,543.5,548.2,221862,122735847.5,TQBR
2018-06-21,554.9,554.9,538.3,550.4,260140,141453304.6,TQBR
2018-06-22,550.1,557.8,547.2,557.0,248402,137052225.8,TQBR
2018-06-25,556.7,558.9,548.4,552.0,221187,122221091.2,TQBR
2018-06-26,549.9,564.1,549.9,564.1,179787,100041147.4,TQBR
2018-06-27,563.9,565.7,554.0,555.9,104991,58699045.6,TQBR
2018-06-28,554.5,557.2,550.8,552.6,130753,72263980.7,TQBR
2018-06-29,555.0,557.4,547.9,553.2,80439,44615411.7,TQBR
2018-07-02,555.0,559.8,552.6,555.0,159337,88568795.6,TQBR
2018-07-03,555.2,560.6,550.0,557.0,219582,122382828.9,TQBR
2018-07-04,553.1,561.7,553.1,560.8,84955,47566861.2,TQBR
2018-07-05,561.0,564.9,558.5,564.0,219672,123522600.2,TQBR
2018-07-06,562.0,566.9,554.2,564.1,224205,125896520.8,TQBR
2018-07-09,565.6,569.9,561.8,567.0,214363,121495835.5,TQBR
2018-07-10,567.1,567.1,553.5,555.3,173416,96912020.1,TQBR
2018-07-11,554.2,554.2,540.3,543.1,345733,188299141.6,TQBR
2018-07-12,542.0,545.2,538.0,542.8,233338,126241499.5,TQBR
2018-07-13,545.7,545.8,533.5,539.5,229213,123291712.2,TQBR
2018-07-16,550.2,551.2,537.3,540.8,91486,49546914.3,TQBR
2018-07-17,540.2,550.6,536.2,542.5,249485,136036584.0,TQBR
2018-07-18,544.3,551.9,542.8,549.0,238673,130679890.8,TQBR
2018-07-19,545.2,552.0,544.0,548.5,172345,94733021.8,TQBR
2018-07-20,547.3,561.3,547.1,558.5,263396,146443889.6,TQBR
2018-07-23,559.8,561.3,551.7,551.8,163425,91012581.2,TQBR
2018-07-24,554.8,562.6,550.2,556.0,157308,87557889.4,TQBR
2018-07-25,555.1,567.8,554.5,567.7,223718,126056134.1,TQBR
2018-07-26,567.9,577.3,563.0,570.1,287381,164458198.2,TQBR
2018-07-27,570.1,571.2,550.3,552.0,328796,182991173.2,TQBR
2018-07-30,552.0,553.8,540.1,543.0,249214,135430000.0,TQBR
2018-07-31,543.1,550.4,540.5,545.0,193841,105801576.3,TQBR
2018-08-01,546.8,552.1,540.2,548.1,243714,133029028.1,TQBR
2018-08-02,550.2,550.9,544.5,545.0,126058,69082098.0,TQBR
2018-08-03,544.6,554.8,544.6,554.8,112569,62092771.3,TQBR
2018-08-06,554.4,556.0,545.4,548.3,304427,167142590.7,TQBR
2018-08-07,546.2,555.0,546.1,552.1,136723,75572521.2,TQBR
2018-08-08,548.6,554.7,547.0,550.8,219140,120894312.4,TQBR
2018-08-09,551.2,573.5,551.2,573.0,432317,244636670.3,TQBR
2018-08-10,569.0,569.0,551.2,560.0,276570,154354835.0,TQBR
2018-08-13,559.9,566.4,556.6,561.4,173079,97351803.5,TQBR
2018-08-14,559.9,563.3,552.1,553.1,231986,129461997.0,TQBR
2018-08-15,553.1,553.4,544.2,546.1,165818,90849822.2,TQBR
2018-08-16,546.1,549.0,544.2,545.3,87863,47988320.9,TQBR
2018-08-17,545.3,552.0,544.6,549.5,114810,63096296.3,TQBR
2018-08-20,552.0,567.8,551.0,561.6,264237,148696002.5,TQBR
2018-08-21,567.3,574.5,553.0,574.5,296056,167922218.0,TQBR
2018-08-22,574.5,583.0,569.3,581.5,302472,174922020.4,TQBR
2018-08-23,581.5,581.5,566.3,566.4,215733,123616791.0,TQBR
2018-08-24,565.7,573.0,560.5,572.0,156043,88359270.1,TQBR
2018-08-27,572.0,575.0,569.6,572.2,56970,32605709.4,TQBR
2018-08-28,569.9,577.9,569.3,572.0,223105,128174439.3,TQBR
2018-08-29,570.4,574.6,564.2,570.8,287536,164174774.4,TQBR
2018-08-30,570.0,573.7,558.5,562.5,169067,95172661.5,TQBR
2018-08-31,562.5,574.3,560.4,573.2,186143,105958704.6,TQBR
2018-09-03,570.0,572.9,560.1,566.4,225293,127258269.2,TQBR
2018-09-04,565.7,567.9,553.0,553.0,231967,129265343.4,TQBR
2018-09-05,558.0,558.6,550.5,556.5,253816,140702356.1,TQBR
2018-09-06,546.1,555.0,546.1,555.0,231435,127784401.3,TQBR
2018-09-07,555.0,555.0,538.4,543.0,328191,178684556.7,TQBR
2018-09-10,545.1,552.8,539.5,549.1,140676,76997793.9,TQBR
2018-09-11,550.5,551.0,539.3,542.4,113807,61862518.5,TQBR
2018-09-12,545.0,549.1,541.0,545.0,155651,84683999.1,TQBR
2018-09-13,545.0,550.6,540.6,541.5,157445,85932897.9,TQBR
2018-09-14,543.7,549.3,537.0,537.0,402870,218368586.0,TQBR
2018-09-17,540.4,540.4,534.6,535.3,243410,130500415.2,TQBR
2018-09-18,540.0,543.8,531.7,533.3,437547,235121088.1,TQBR
2018-09-19,535.0,551.0,533.1,548.0,401164,216983620.8,TQBR
2018-09-20,548.0,571.0,545.0,562.8,787839,443835223.4,TQBR
2018-09-21,567.6,569.1,552.2,554.0,234333,131629273.5,TQBR
2018-09-24,556.0,557.0,550.6,552.1,103466,57323918.8,TQBR
2018-09-25,554.5,554.5,542.3,552.0,185104,101284187.6,TQBR
2018-09-26,550.0,556.3,549.2,550.9,219259,121274939.8,TQBR
2018-09-27,549.0,549.9,535.1,536.9,353523,191679284.8,TQBR
2018-09-28,539.6,539.7,524.2,526.2,404298,214033997.5,TQBR
2018-10-01,529.2,529.2,515.5,516.2,303125,157946235.5,TQBR
2018-10-02,517.0,526.9,516.5,522.6,441176,230372026.8,TQBR
2018-10-03,524.2,530.5,521.6,529.3,209009,110217542.0,TQBR
2018-10-04,530.0,534.0,523.6,532.5,176627,93732869.4,TQBR
2018-10-05,531.0,533.1,521.3,528.3,185625,97724797.3,TQBR
2018-10-08,529.7,534.8,526.1,526.2,153965,81653570.3,TQBR
2018-10-09,528.9,532.0,525.8,528.3,154045,81592887.9,TQBR
2018-10-10,526.2,538.0,526.1,533.4,259816,138607082.3,TQBR
2018-10-11,529.1,562.2,529.1,560.0,548767,301226017.8,TQBR
2018-10-12,553.4,585.0,552.2,578.5,727131,417138330.3,TQBR
2018-10-15,571.2,590.0,570.3,589.0,302467,176975074.1,TQBR
2018-10-16,590.0,620.0,585.7,616.8,696839,421943777.6,TQBR
2018-10-17,616.7,628.0,613.8,619.0,696242,434052994.7,TQBR
2018-10-18,612.2,624.0,607.6,624.0,414764,255936610.4,TQBR
2018-10-19,625.5,629.9,615.0,626.0,415900,259322961.9,TQBR
2018-10-22,627.6,640.0,618.0,623.3,361410,227595813.4,TQBR
2018-10-23,620.0,634.8,617.0,631.0,430699,269539026.5,TQBR
2018-10-24,631.0,632.8,612.0,620.2,232977,144495303.4,TQBR
2018-10-25,615.1,621.3,607.0,614.9,180134,110727369.9,TQBR
2018-10-26,614.9,615.0,600.3,615.0,235327,142732424.3,TQBR
2018-10-29,612.8,617.7,599.1,601.3,293991,177831392.3,TQBR
2018-10-30,603.6,609.2,591.8,601.3,279250,168622391.1,TQBR
2018-10-31,602.4,614.5,601.3,608.0,268281,163405404.6,TQBR
2018-11-01,609.8,625.0,602.5,624.0,324321,200271327.9,TQBR
2018-11-02,623.5,630.0,617.0,619.4,286886,179218933.5,TQBR
2018-11-06,620.9,624.6,611.0,615.0,198460,122363241.3,TQBR
2018-11-07,618.6,629.9,615.1,625.0,456265,284848146.4,TQBR
2018-11-08,625.5,631.5,621.9,630.5,300373,188727243.1,TQBR
2018-11-09,627.8,632.1,618.9,628.7,225904,141164740.5,TQBR
2018-11-12,623.2,630.9,617.3,621.4,238011,148072480.9,TQBR
2018-11-13,615.0,632.1,611.1,620.0,754409,471208175.8,TQBR
2018-11-14,625.0,664.4,624.6,649.2,2822633,1824707336.2,TQBR
2018-11-15,649.1,653.7,630.3,630.4,998965,637613636.8,TQBR
2018-11-16,630.0,655.0,629.3,646.3,1124071,723818820.7,TQBR
2018-11-19,649.9,655.0,642.2,651.1,880672,572225145.7,TQBR
2018-11-20,653.5,657.0,641.7,653.9,979196,637195260.8,TQBR
2018-11-21,653.8,664.9,646.8,664.7,1197165,785630686.7,TQBR
2018-11-22,664.0,669.0,651.3,666.1,1325943,876823596.3,TQBR
2018-11-23,666.0,672.9,655.6,661.0,1290627,858078225.6,TQBR
2018-11-26,665.0,690.0,643.2,690.0,1107337,752419718.7,TQBR
2018-11-27,690.0,695.0,666.0,684.4,1121344,769304307.3,TQBR
2018-11-28,680.1,693.8,675.6,682.0,1272930,868002819.1,TQBR
2018-11-29,689.0,692.6,665.1,668.0,1173256,790978824.0,TQBR
2018-11-30,672.0,679.9,642.5,667.3,10912070,7282384161.4,TQBR
2018-12-03,666.8,680.5,661.0,663.6,751031,503817751.1,TQBR
2018-12-04,661.0,682.3,661.0,682.3,431845,289806362.7,TQBR
2018-12-05,677.6,682.0,669.1,674.1,298130,200268962.4,TQBR
2018-12-06,674.6,678.9,661.3,678.9,207695,139099706.2,TQBR
2018-12-07,675.1,688.0,671.0,683.0,302422,206151966.4,TQBR
2018-12-10,684.3,685.0,676.0,676.0,113587,77390124.7,TQBR
2018-12-11,680.6,694.0,675.7,682.6,448737,306140673.4,TQBR
2018-12-12,676.1,693.0,676.1,693.0,344805,237302510.8,TQBR
2018-12-13,693.0,703.0,687.6,702.5,442930,308706008.4,TQBR
2018-12-14,701.2,701.2,689.3,699.0,123655,85763020.5,TQBR
2018-12-17,692.9,709.0,692.0,699.0,198015,138664085.9,TQBR
2018-12-18,700.2,706.9,693.3,705.2,265747,186581478.4,TQBR
2018-12-19,704.1,727.0,703.3,727.0,326174,233742734.9,TQBR
2018-12-20,722.7,740.0,699.6,740.0,478825,347177765.3,TQBR
2018-12-21,737.5,745.3,723.1,745.3,529231,391583258.6,TQBR
2018-12-24,745.0,750.0,724.2,734.3,190661,140156041.9,TQBR
2018-12-25,734.3,734.3,715.0,731.0,67002,48545945.6,TQBR
2018-12-26,733.4,739.3,728.2,734.0,65309,47909806.5,TQBR
2018-12-27,733.0,739.0,717.1,739.0,251072,183679901.1,TQBR
2018-12-28,738.0,743.8,726.5,736.3,198874,145733444.2,TQBR
2018-12-29,731.3,738.4,728.4,731.2,17947,13172147.9,TQBR
2019-01-03,736.0,748.0,726.2,748.0,108204,79949376.0,TQBR
2019-01-04,746.9,756.4,740.2,747.2,92248,69144626.6,TQBR
2019-01-08,748.0,748.1,731.0,732.1,82555,60695279.0,TQBR
2019-01-09,730.0,739.7,727.5,739.7,91629,67521638.1,TQBR
2019-01-10,739.5,742.1,730.4,737.5,163964,120653925.5,TQBR
2019-01-11,738.8,740.0,731.0,740.0,151980,111930006.3,TQBR
2019-01-14,740.0,740.0,732.7,738.6,76739,56503741.6,TQBR
2019-01-15,740.4,743.6,731.0,734.6,116585,85617997.0,TQBR
2019-01-16,738.8,738.8,725.2,730.0,120334,87803087.2,TQBR
2019-01-17,730.3,732.4,720.3,729.0,123322,89493522.7,TQBR
2019-01-18,726.0,736.7,720.0,725.0,128455,93420716.2,TQBR
2019-01-21,727.0,727.0,717.4,721.9,118743,85415072.8,TQBR
2019-01-22,721.7,730.7,717.1,730.5,153220,111316319.1,TQBR
2019-01-23,732.2,735.2,724.9,735.2,140040,102372165.0,TQBR
2019-01-24,731.0,734.3,721.8,726.6,167351,121466990.8,TQBR
2019-01-25,728.8,735.0,725.0,732.0,124865,91382211.7,TQBR
2019-01-28,735.5,737.6,730.9,737.6,90407,66577980.2,TQBR
2019-01-29,737.6,749.0,735.0,743.6,402040,297895145.2,TQBR
2019-01-30,746.5,748.5,737.7,740.7,120159,89165330.9,TQBR
2019-01-31,745.0,750.0,734.5,746.9,174906,130073079.5,TQBR
2019-02-01,747.7,754.9,734.6,739.7,205415,152249179.6,TQBR
2019-02-04,746.9,746.9,738.2,740.6,69886,51842536.9,TQBR
2019-02-05,740.7,745.7,732.3,740.2,85157,62851893.9,TQBR
2019-02-06,739.2,741.0,732.0,732.6,93746,68919794.9,TQBR
2019-02-07,732.6,735.9,725.0,734.9,61428,44941307.8,TQBR
2019-02-08,728.4,735.5,722.5,724.0,125461,91126262.1,TQBR
2019-02-11,723.4,728.8,717.1,721.8,159050,114590463.9,TQBR
2019-02-12,725.4,735.0,720.1,732.6,173707,126801076.2,TQBR
2019-02-13,732.9,734.8,723.3,725.5,147437,107423243.5,TQBR
2019-02-14,723.9,738.5,723.6,736.8,175499,128873624.5,TQBR
2019-02-15,736.9,739.9,726.4,735.2,155013,114011576.6,TQBR
2019-02-18,732.5,747.3,732.0,746.4,186371,138315824.9,TQBR
2019-02-19,747.4,750.0,741.2,749.9,164484,122682425.5,TQBR
2019-02-20,750.1,758.2,744.8,755.8,240329,181126495.1,TQBR
2019-02-21,757.5,774.2,755.0,760.9,398929,303730343.8,TQBR
2019-02-22,762.6,768.6,757.5,766.4,227094,172978753.0,TQBR
2019-02-25,766.7,776.7,751.3,754.6,245113,186560662.3,TQBR
2019-02-26,754.6,765.8,750.4,763.5,205907,156209962.4,TQBR
2019-02-27,767.3,774.1,758.6,770.0,713759,549057163.8,TQBR
2019-02-28,769.7,778.0,756.1,778.0,441202,340400109.2,TQBR
2019-03-01,771.9,771.9,754.3,756.6,213635,162435167.5,TQBR
2019-03-04,757.5,760.0,731.1,731.1,270128,199609591.3,TQBR
2019-03-05,734.7,743.4,727.2,733.3,164583,121193731.5,TQBR
2019-03-06,735.6,745.3,735.6,745.3,216684,160773036.9,TQBR
2019-03-07,745.3,745.3,735.1,737.1,95459,70409836.0,TQBR
2019-03-11,740.6,750.0,729.2,743.8,290977,215804632.0,TQBR
2019-03-12,744.9,754.4,740.4,749.0,90325,67621038.3,TQBR
2019-03-13,754.3,755.0,745.5,750.0,96874,72817866.0,TQBR
2019-03-14,751.0,754.7,745.7,749.0,115270,86548262.8,TQBR
2019-03-15,753.3,754.4,745.9,746.7,243387,182213316.1,TQBR
2019-03-18,746.4,751.1,736.1,736.1,156992,116414811.2,TQBR
2019-03-19,738.2,749.3,734.4,737.1,143153,105574402.8,TQBR
2019-03-20,737.1,739.4,729.6,738.4,166457,122439716.4,TQBR
2019-03-21,737.4,746.4,729.2,733.0,336939,247753511.2,TQBR
2019-03-22,734.2,743.7,725.0,743.7,211624,155623144.2,TQBR
2019-03-25,738.9,744.0,730.7,737.9,189262,139261511.7,TQBR
2019-03-26,739.0,743.0,734.8,736.8,71426,52766301.9,TQBR
2019-03-27,739.3,740.5,734.1,738.0,83610,61668835.3,TQBR
2019-03-28,739.0,742.5,733.0,735.0,94041,69325783.4,TQBR
2019-03-29,737.9,739.7,725.3,737.9,193280,141253665.2,TQBR
2019-04-01,735.2,743.0,733.5,735.1,160938,118956269.3,TQBR
2019-04-02,737.0,737.0,728.0,732.0,141811,103691420.7,TQBR
2019-04-03,732.7,738.1,715.2,721.4,234684,169789344.9,TQBR
2019-04-04,724.2,728.8,710.0,710.0,248062,177741563.6,TQBR
2019-04-05,706.3,717.1,702.8,710.0,298214,211506464.7,TQBR
2019-04-08,710.0,717.7,710.0,715.0,188748,134692963.0,TQBR
2019-04-09,715.0,715.6,704.5,709.2,235635,166819382.4,TQBR
2019-04-10,707.0,712.4,705.4,709.0,122315,86525108.0,TQBR
2019-04-11,710.9,710.9,683.5,685.0,206461,142956887.3,TQBR
2019-04-12,689.0,691.8,675.0,687.9,169068,115164101.0,TQBR
2019-04-15,687.9,687.9,674.1,678.0,180266,122244558.1,TQBR
2019-04-16,679.8,690.1,675.5,688.7,476547,326489510.4,TQBR
2019-04-17,688.7,693.6,667.8,675.8,268029,180816602.2,TQBR
2019-04-18,676.0,686.4,673.1,683.0,202953,137850348.0,TQBR
2019-04-19,681.9,684.8,676.7,680.2,36045,24540149.9,TQBR
2019-04-22,682.8,689.0,681.4,688.8,41761,28601863.0,TQBR
2019-04-23,687.4,687.4,661.0,663.4,321692,215762078.4,TQBR
2019-04-24,666.1,666.1,655.7,665.0,156701,103724331.2,TQBR
2019-04-25,664.0,672.4,660.3,665.7,325121,216868280.5,TQBR
2019-04-26,664.6,673.9,662.3,673.9,101260,67539069.8,TQBR
2019-04-29,672.0,681.1,664.8,666.0,139863,94063462.1,TQBR
2019-04-30,670.6,678.4,667.0,678.4,135465,91423848.0,TQBR
2019-05-02,676.1,676.6,668.7,672.0,83909,56422339.5,TQBR
2019-05-03,672.7,684.7,669.8,684.0,138347,93696345.2,TQBR
2019-05-06,684.0,687.0,678.9,685.0,83403,56920670.6,TQBR
2019-05-07,685.0,691.3,683.3,688.0,202537,139302938.8,TQBR
2019-05-08,673.5,674.1,659.3,659.3,250077,166821131.4,TQBR
2019-05-10,661.5,663.3,656.2,657.3,154616,101881490.6,TQBR
2019-05-13,657.4,660.3,649.8,655.5,206516,135066145.7,TQBR
2019-05-14,658.0,681.5,658.0,674.7,557243,374869379.7,TQBR
2019-05-15,670.1,677.3,664.5,674.8,282626,189342202.3,TQBR
2019-05-16,669.5,680.0,666.2,669.7,392081,263770509.3,TQBR
2019-05-17,663.2,677.1,663.2,675.0,301788,203000415.8,TQBR
2019-05-20,673.6,680.6,669.3,675.0,274816,185694394.0,TQBR
2019-05-21,678.6,679.9,671.5,679.4,263212,178319543.2,TQBR
2019-05-22,677.9,681.8,666.8,678.4,283070,191291665.1,TQBR
2019-05-23,675.6,680.2,665.2,680.2,331742,223560556.1,TQBR
2019-05-24,679.6,683.3,671.8,682.1,346991,235383297.3,TQBR
2019-05-27,681.8,690.8,679.0,682.9,204123,139917535.2,TQBR
2019-05-28,686.8,686.8,668.2,680.0,2624943,1783196404.4,TQBR
2019-05-29,675.5,684.5,673.7,682.0,189044,128289213.1,TQBR
2019-05-30,681.7,682.6,675.0,681.6,163838,111190270.8,TQBR
2019-05-31,681.7,700.5,678.6,700.5,313370,217669918.8,TQBR
2019-06-03,700.1,719.1,700.0,712.4,276859,196960885.7,TQBR
2019-06-04,715.0,721.6,709.2,720.8,191295,136821841.1,TQBR
2019-06-05,722.2,726.5,713.9,723.3,149068,107657263.0,TQBR
2019-06-06,722.0,728.6,717.4,726.8,187482,135650430.8,TQBR
2019-06-07,728.0,729.9,718.9,729.2,166175,120676911.6,TQBR
2019-06-10,726.2,726.8,715.4,720.3,119545,85963916.2,TQBR
2019-06-11,717.3,726.0,717.3,726.0,302846,218245055.1,TQBR
2019-06-13,727.0,731.6,723.9,728.7,269368,195828779.3,TQBR
2019-06-14,729.1,734.3,725.5,726.3,307776,224886288.3,TQBR
2019-06-17,725.5,728.3,719.2,719.2,252045,182085984.0,TQBR
2019-06-18,723.7,732.0,718.6,729.0,308478,223988734.9,TQBR
2019-06-19,730.0,732.6,718.6,730.0,170132,123373903.9,TQBR
2019-06-20,733.1,747.5,731.9,747.5,443793,329174071.7,TQBR
2019-06-21,755.0,763.9,742.3,752.7,483749,364682654.2,TQBR
2019-06-24,759.8,770.3,757.1,769.5,243042,186019131.5,TQBR
2019-06-25,770.9,792.0,770.9,789.7,314171,246229266.0,TQBR
2019-06-26,781.9,794.5,773.0,794.5,239061,187401891.3,TQBR
2019-06-27,787.1,799.5,786.6,797.5,156120,123927765.9,TQBR
2019-06-28,800.0,807.5,796.3,802.8,203621,163351526.1,TQBR
2019-07-01,790.2,793.8,782.0,782.0,125817,98796051.9,TQBR
2019-07-02,785.6,806.0,782.3,806.0,139481,111382955.2,TQBR
2019-07-03,806.6,820.1,800.1,812.6,189628,154037347.7,TQBR
2019-07-04,806.2,814.7,801.1,814.7,120609,97667549.6,TQBR
2019-07-05,814.9,824.6,804.6,819.4,185540,151506605.0,TQBR
2019-07-08,821.3,827.6,816.9,827.0,246939,203297849.9,TQBR
2019-07-09,825.9,826.2,793.3,799.7,519377,417695743.9,TQBR
2019-07-10,787.0,787.0,756.4,769.6,1726583,1321531829.4,TQBR
2019-07-11,776.4,778.9,763.5,768.9,323913,250211684.2,TQBR
2019-07-12,771.9,777.3,766.0,768.0,199556,154338995.7,TQBR
2019-07-15,772.6,783.0,769.6,773.0,286864,222894363.8,TQBR
2019-07-16,778.7,778.7,764.7,775.7,219809,169183604.1,TQBR
2019-07-17,773.7,779.5,768.3,777.0,315211,243926343.5,TQBR
2019-07-18,776.8,784.6,771.6,779.1,172869,134350924.7,TQBR
2019-07-19,784.4,793.4,784.2,785.1,375170,296445205.1,TQBR
2019-07-22,788.5,790.5,780.8,790.0,295075,232353352.9,TQBR
2019-07-23,789.2,789.3,779.3,783.0,260525,204135518.8,TQBR
2019-07-24,787.9,820.8,775.1,794.0,213520,167829867.3,TQBR
2019-07-25,794.1,809.9,790.4,803.0,305077,244289576.7,TQBR
2019-07-26,804.0,804.8,780.4,787.0,269955,212627500.4,TQBR
2019-07-29,781.5,791.9,779.0,779.6,221529,174295720.3,TQBR
2019-07-30,783.4,784.0,771.5,779.2,206888,160656666.8,TQBR
2019-07-31,780.3,780.3,765.8,770.3,320478,247392462.4,TQBR
2019-08-01,765.8,769.0,747.6,764.2,264819,199733888.0,TQBR
2019-08-02,769.2,789.9,765.3,782.4,302386,236268554.5,TQBR
2019-08-05,791.0,796.4,782.3,785.3,370577,293097940.5,TQBR
2019-08-06,789.0,815.9,788.5,805.3,385930,311391698.1,TQBR
2019-08-07,809.0,841.2,809.0,832.8,568838,470448850.8,TQBR
2019-08-08,836.2,844.0,823.5,829.2,347613,289920655.2,TQBR
2019-08-09,837.1,848.5,832.6,835.4,415367,349273365.2,TQBR
2019-08-12,839.5,854.0,828.0,853.1,254984,215345411.5,TQBR
2019-08-13,865.0,869.4,825.3,832.0,791396,667976887.2,TQBR
2019-08-14,839.0,861.0,820.8,850.0,328641,279080856.2,TQBR
2019-08-15,855.0,868.9,854.0,864.0,307724,265911431.4,TQBR
2019-08-16,867.8,875.0,834.0,864.0,446448,386772249.4,TQBR
2019-08-19,869.9,879.0,866.8,872.0,335976,293666165.6,TQBR
2019-08-20,875.0,894.6,872.0,889.7,187675,166390157.9,TQBR
2019-08-21,892.0,892.1,876.4,880.1,317388,279932639.3,TQBR
2019-08-22,885.0,890.7,877.3,886.0,207309,183527239.4,TQBR
2019-08-23,889.8,902.4,880.6,895.0,256297,228710499.1,TQBR
2019-08-26,903.1,924.7,898.1,915.0,335011,305387076.0,TQBR
2019-08-27,923.9,969.6,916.7,969.6,1528777,1455744620.9,TQBR
2019-08-28,954.9,970.0,938.3,970.0,940174,895873225.6,TQBR
2019-08-29,972.0,986.3,955.1,961.9,511990,497118254.6,TQBR
2019-08-30,959.0,965.5,922.9,964.7,983609,927751240.9,TQBR
2019-09-02,965.0,965.1,936.5,949.0,563371,532160401.6,TQBR
2019-09-03,949.3,978.0,943.9,971.6,751789,722859462.1,TQBR
2019-09-04,975.0,978.0,962.0,971.6,581070,564824157.7,TQBR
2019-09-05,960.6,974.1,930.6,948.9,730554,695366954.7,TQBR
2019-09-06,936.2,943.5,925.2,939.0,626074,584881627.2,TQBR
2019-09-09,938.0,938.9,922.6,926.7,381534,353864122.5,TQBR
2019-09-10,922.2,922.2,890.1,922.0,457923,417493900.8,TQBR
2019-09-11,915.0,939.4,913.0,937.0,297562,276191911.3,TQBR
2019-09-12,932.0,945.9,930.1,940.1,310604,291519274.4,TQBR
2019-09-13,935.7,935.9,907.1,916.0,469635,431489512.0,TQBR
2019-09-16,914.9,918.4,893.6,908.0,572350,517416842.5,TQBR
2019-09-17,903.4,918.5,891.2,918.5,426539,387605380.4,TQBR
2019-09-18,917.0,925.0,905.8,925.0,259332,238222993.1,TQBR
2019-09-19,915.3,924.1,905.0,911.5,347003,316280433.8,TQBR
2019-09-20,911.5,921.8,908.9,919.6,240310,220338325.7,TQBR
2019-09-23,920.1,923.8,910.5,919.4,330192,303559799.1,TQBR
2019-09-24,922.0,937.7,919.1,927.9,392168,363627462.5,TQBR
2019-09-25,927.8,939.7,926.1,932.0,276447,257928138.3,TQBR
2019-09-26,930.0,938.6,921.9,938.0,252445,235060450.5,TQBR
2019-09-27,932.0,933.9,905.7,910.3,429981,393547167.5,TQBR
2019-09-30,908.1,919.0,897.1,912.7,323056,293952321.6,TQBR
2019-10-01,903.6,910.9,885.0,910.0,574728,515957137.0,TQBR
2019-10-02,908.3,918.5,902.9,910.9,273640,249675652.3,TQBR
2019-10-03,916.1,916.1,895.1,904.9,223162,201924876.0,TQBR
2019-10-04,909.8,911.6,898.0,904.2,215978,195865245.6,TQBR
2019-10-07,907.7,918.4,903.3,912.5,248846,226820182.9,TQBR
2019-10-08,901.1,939.4,901.1,938.4,382298,355650069.4,TQBR
2019-10-09,939.8,954.4,928.1,929.0,396231,373564658.8,TQBR
2019-10-10,928.0,934.0,917.5,919.1,226926,209533069.4,TQBR
2019-10-11,919.1,943.6,915.7,925.8,454386,423815224.4,TQBR
2019-10-14,925.6,938.0,917.0,935.0,158110,147172240.9,TQBR
2019-10-15,936.4,954.8,930.5,937.0,391445,368990339.6,TQBR
2019-10-16,932.7,951.7,930.4,947.9,316414,298345893.2,TQBR
2019-10-17,949.8,965.5,936.7,960.7,295521,282971129.0,TQBR
2019-10-18,961.3,974.3,953.0,967.5,263309,254168809.7,TQBR
2019-10-21,960.0,980.0,960.0,978.9,286470,279313167.4,TQBR
2019-10-22,984.2,984.2,968.0,975.8,249059,242484575.6,TQBR
2019-10-23,975.8,979.8,962.8,979.8,267681,260450854.1,TQBR
2019-10-24,980.3,1013.5,976.0,1013.5,478240,475606405.8,TQBR
2019-10-25,1016.6,1016.6,988.0,998.6,328174,327448389.1,TQBR
2019-10-28,994.0,1014.1,993.0,1001.9,220262,220520189.7,TQBR
2019-10-29,1005.9,1014.8,989.1,1014.8,444793,446411827.5,TQBR
2019-10-30,1014.0,1031.5,1003.3,1031.5,268839,274505175.9,TQBR
2019-10-31,1027.4,1056.0,1027.4,1052.0,305738,320248002.8,TQBR
2019-11-01,1048.1,1063.7,1025.0,1045.4,231561,243357051.2,TQBR
2019-11-05,1049.5,1060.0,1011.8,1018.6,348116,358076134.8,TQBR
2019-11-06,1013.0,1035.1,1013.0,1035.1,348613,358482513.3,TQBR
2019-11-07,1039.8,1040.0,996.4,999.1,513052,520928037.6,TQBR
2019-11-08,1000.0,1009.7,967.0,988.0,419687,412395243.0,TQBR
2019-11-11,988.5,1002.5,961.4,965.0,489905,477906464.7,TQBR
2019-11-12,965.0,965.0,946.3,960.5,303648,290361647.7,TQBR
2019-11-13,965.0,987.8,960.1,987.1,344995,337929537.7,TQBR
2019-11-14,988.5,997.0,968.8,974.9,219617,215067869.2,TQBR
2019-11-15,972.8,987.9,962.9,964.9,301289,292013071.4,TQBR
2019-11-18,965.5,982.3,961.4,982.3,249809,242391613.1,TQBR
2019-11-19,983.0,993.3,964.2,971.3,382823,373471440.2,TQBR
2019-11-20,971.0,981.1,964.0,966.4,193415,187429141.1,TQBR
2019-11-21,967.0,967.0,952.0,953.5,216650,207456943.9,TQBR
2019-11-22,953.5,962.8,949.1,954.6,292157,279147740.6,TQBR
2019-11-25,954.6,956.0,941.4,952.0,197723,187939644.1,TQBR
2019-11-26,953.9,960.6,942.9,953.5,1104886,1053689896.9,TQBR
2019-11-27,953.0,965.0,949.0,965.0,301965,288764349.8,TQBR
2019-11-28,960.0,966.0,954.0,960.0,111125,106655688.0,TQBR
2019-11-29,960.3,965.8,953.6,965.8,173714,167047318.1,TQBR
2019-12-02,964.8,974.9,960.2,974.9,206864,200532144.8,TQBR
2019-12-03,972.4,999.5,968.0,994.9,412222,407779719.8,TQBR
2019-12-04,999.0,1016.8,982.2,1003.9,594774,596507954.0,TQBR
2019-12-05,1005.0,1017.9,996.8,1011.0,593687,597812394.7,TQBR
2019-12-06,1008.3,1008.7,991.5,1003.6,236441,236705880.5,TQBR
2019-12-09,1006.2,1007.0,993.2,1000.9,148997,149182248.2,TQBR
2019-12-10,996.5,999.8,977.3,980.0,229907,226021108.3,TQBR
2019-12-11,980.0,1005.0,978.0,999.5,183990,182335088.6,TQBR
2019-12-12,1005.0,1017.3,996.0,996.0,240726,241872129.6,TQBR
2019-12-13,991.1,1021.2,965.1,975.7,435722,432927777.2,TQBR
2019-12-16,980.0,988.0,972.0,976.8,235695,231210116.7,TQBR
2019-12-17,984.9,992.8,966.2,970.2,353851,343894900.9,TQBR
2019-12-18,970.0,979.0,958.1,967.1,372702,359969918.3,TQBR
2019-12-19,966.8,973.5,945.7,948.0,456210,436557936.0,TQBR
2019-12-20,950.0,957.9,931.1,934.6,315523,296399116.6,TQBR
2019-12-23,936.1,958.0,936.1,943.5,309120,291953598.1,TQBR
2019-12-24,951.5,951.9,938.3,943.8,106879,100778459.6,TQBR
2019-12-25,949.0,949.0,940.0,944.5,58064,54735717.5,TQBR
2019-12-26,944.5,959.6,941.4,955.3,133344,126894484.9,TQBR
2019-12-27,955.0,966.9,953.6,966.9,251206,241896399.9,TQBR
2019-12-30,963.6,971.4,959.1,971.0,367817,355526693.0,TQBR
2020-01-03,978.4,989.3,967.1,989.3,286289,281438900.7,TQBR
2020-01-06,995.0,1005.0,993.3,1002.9,373020,373136173.2,TQBR
2020-01-08,1008.8,1016.1,970.4,974.1,645392,638400943.0,TQBR
2020-01-09,972.8,972.8,943.0,968.9,505259,483490471.9,TQBR
2020-01-10,968.9,989.0,955.0,981.0,445916,436177132.1,TQBR
2020-01-13,981.0,991.2,969.1,991.2,244067,240011876.7,TQBR
2020-01-14,983.0,995.0,977.2,991.7,266515,263363770.6,TQBR
2020-01-15,992.0,1004.6,985.3,1001.2,309927,309739866.1,TQBR
2020-01-16,995.2,1006.0,994.0,996.4,130486,130388339.0,TQBR
2020-01-17,999.0,1005.4,990.1,1005.3,197855,198283776.8,TQBR
2020-01-20,1005.3,1009.3,996.7,1006.0,153990,154533584.7,TQBR
2020-01-21,1008.0,1017.9,1001.3,1016.1,435535,441498936.5,TQBR
2020-01-22,1016.0,1029.0,1007.6,1024.0,282630,289354443.5,TQBR
2020-01-23,1023.1,1044.0,1014.0,1028.4,315257,323637455.1,TQBR
2020-01-24,1029.0,1037.8,1017.6,1029.0,140666,144004593.1,TQBR
2020-01-27,1036.4,1051.5,1031.0,1044.9,465975,487116544.2,TQBR
2020-01-28,1043.9,1044.5,1019.2,1023.5,481631,496528903.4,TQBR
2020-01-29,1021.8,1028.8,1008.0,1017.8,432507,439802030.7,TQBR
2020-01-30,1023.6,1051.0,1018.2,1050.6,338726,352805168.4,TQBR
2020-01-31,1047.0,1082.2,1035.0,1082.2,431412,461524475.0,TQBR
2020-02-03,1086.9,1116.8,1042.5,1042.5,916883,978579165.1,TQBR
2020-02-04,1042.0,1057.0,1006.0,1006.9,770140,789248564.0,TQBR
2020-02-05,1016.0,1019.9,984.1,1002.8,633040,631429005.6,TQBR
2020-02-06,1002.8,1032.0,986.3,1032.0,773450,783623652.6,TQBR
2020-02-07,1029.9,1063.0,1017.0,1056.7,524813,549180178.5,TQBR
2020-02-10,1056.0,1073.1,1051.4,1067.1,435062,463312192.4,TQBR
2020-02-11,1059.8,1073.8,1050.7,1065.5,481254,514204327.0,TQBR
2020-02-12,1064.0,1064.0,1033.5,1041.0,367137,384647621.8,TQBR
2020-02-13,1055.0,1057.8,1041.0,1056.0,460105,482343688.4,TQBR
2020-02-14,1056.8,1057.5,1042.5,1052.5,161377,169721221.5,TQBR
2020-02-17,1049.8,1055.0,1041.0,1048.6,121760,127369117.7,TQBR
2020-02-18,1049.9,1073.0,1048.1,1069.8,348928,371148165.9,TQBR
2020-02-19,1073.9,1098.9,1071.1,1080.0,410284,446759203.9,TQBR
2020-02-20,1086.0,1098.5,1076.0,1081.0,366433,397475158.3,TQBR
2020-02-21,1091.7,1124.5,1090.3,1121.4,389938,434142360.8,TQBR
2020-02-25,1126.0,1175.0,1118.8,1120.3,805615,916965230.0,TQBR
2020-02-26,1110.0,1140.0,1099.8,1100.0,556389,618997549.6,TQBR
2020-02-27,1121.0,1133.9,1101.7,1106.4,714446,798683585.3,TQBR
2020-02-28,1105.7,1105.7,980.1,1025.1,1035116,1081440379.1,TQBR
2020-03-02,1055.0,1069.8,1023.0,1041.0,491346,512461870.1,TQBR
2020-03-03,1045.0,1071.9,1036.0,1064.3,346813,367783783.6,TQBR
2020-03-04,1070.0,1104.1,1041.0,1099.7,457844,493051987.4,TQBR
2020-03-05,1100.0,1118.0,1076.0,1117.1,422630,463744394.6,TQBR
2020-03-06,1121.1,1179.8,1110.8,1149.6,815694,941238213.0,TQBR
2020-03-10,1150.0,1265.4,1150.0,1222.0,1774880,2175255446.2,TQBR
2020-03-11,1246.0,1248.4,1200.0,1210.7,625458,759607949.9,TQBR
2020-03-12,1220.0,1222.4,1115.3,1123.0,1090773,1269158595.7,TQBR
2020-03-13,1100.6,1150.1,1068.4,1104.0,846792,942646025.5,TQBR
2020-03-16,1104.0,1161.8,1013.8,1015.8,1000952,1051825659.7,TQBR
2020-03-17,999.0,1030.0,907.3,995.5,2094523,2060418213.0,TQBR
2020-03-18,960.0,1067.6,960.0,1008.6,1263571,1292276374.5,TQBR
2020-03-19,1027.4,1044.9,917.3,998.9,1506817,1460267430.2,TQBR
2020-03-20,1032.0,1126.6,1006.5,1042.9,1626600,1723381682.9,TQBR
2020-03-23,1022.2,1166.3,936.2,1025.0,2423972,2428168577.3,TQBR
2020-03-24,1053.1,1212.0,1052.4,1190.6,1563006,1796800980.3,TQBR
2020-03-25,1212.4,1265.0,1163.5,1190.3,1112058,1345822912.6,TQBR
2020-03-26,1188.0,1255.9,1151.1,1240.9,961185,1168215489.1,TQBR
2020-03-27,1259.0,1275.0,1211.0,1270.1,663932,823283974.2,TQBR
2020-03-30,1275.0,1394.6,1210.0,1376.0,1128531,1511539368.0,TQBR
2020-03-31,1369.9,1398.7,1320.0,1354.4,1512682,2045273769.1,TQBR
2020-04-01,1349.9,1370.9,1282.3,1283.5,1148658,1515438943.4,TQBR
2020-04-02,1299.9,1344.8,1280.0,1333.3,886053,1164619545.4,TQBR
2020-04-03,1333.3,1339.3,1288.0,1297.4,697265,909956895.4,TQBR
2020-04-06,1306.9,1337.8,1302.1,1326.0,878674,1158255918.8,TQBR
2020-04-07,1334.0,1348.0,1287.0,1307.0,966158,1271599690.9,TQBR
2020-04-08,1306.8,1324.5,1270.0,1324.5,607850,794492929.9,TQBR
2020-04-09,1320.2,1396.1,1301.6,1396.1,938506,1268846030.0,TQBR
2020-04-10,1395.9,1414.7,1368.4,1408.0,393980,548725609.6,TQBR
2020-04-13,1396.2,1438.5,1375.4,1435.4,424652,596359991.3,TQBR
2020-04-14,1436.2,1517.0,1436.2,1498.8,1446510,2147124035.9,TQBR
2020-04-15,1480.9,1490.0,1415.1,1432.0,941393,1356316332.3,TQBR
2020-04-16,1437.0,1496.0,1425.2,1435.5,1069592,1561302507.5,TQBR
2020-04-17,1424.0,1452.7,1389.5,1402.9,1283188,1816492227.8,TQBR
2020-04-20,1398.0,1447.7,1382.8,1427.8,603466,847953550.9,TQBR
2020-04-21,1430.2,1507.9,1430.2,1453.0,1662007,2449459465.9,TQBR
2020-04-22,1460.0,1530.2,1460.0,1524.8,1199804,1809299916.8,TQBR
2020-04-23,1531.8,1594.4,1502.0,1558.2,1256501,1955620320.1,TQBR
2020-04-24,1552.7,1584.2,1540.0,1560.0,1101736,1719521040.4,TQBR
2020-04-27,1578.2,1597.8,1544.8,1568.0,1166778,1824920370.5,TQBR
2020-04-28,1550.0,1576.9,1541.4,1566.6,1213799,1891831454.9,TQBR
2020-04-29,1566.6,1566.6,1487.0,1498.4,1260268,1916408432.4,TQBR
2020-04-30,1526.8,1543.3,1501.6,1535.6,808629,1236283692.0,TQBR
2020-05-04,1539.0,1559.8,1520.3,1529.0,699224,1075165870.5,TQBR
2020-05-05,1520.6,1543.7,1517.3,1543.2,580612,889577930.4,TQBR
2020-05-06,1543.2,1560.8,1522.4,1534.1,533573,822879506.9,TQBR
2020-05-07,1512.0,1528.9,1489.0,1496.5,859854,1297646134.9,TQBR
2020-05-08,1513.9,1519.0,1491.1,1503.1,284924,428649372.2,TQBR
2020-05-12,1496.3,1500.0,1428.5,1465.0,1394272,2024178252.2,TQBR
2020-05-13,1469.9,1489.6,1443.7,1484.0,880944,1298976234.6,TQBR
2020-05-14,1489.8,1490.9,1456.0,1478.0,677356,997241149.4,TQBR
2020-05-15,1480.8,1512.0,1472.2,1507.0,488717,733747867.9,TQBR
2020-05-18,1515.1,1557.0,1513.0,1529.9,691904,1064813231.6,TQBR
2020-05-19,1528.7,1538.8,1477.8,1518.0,874522,1315805901.9,TQBR
2020-05-20,1522.0,1545.4,1507.0,1522.1,722069,1100594228.1,TQBR
2020-05-21,1515.1,1515.2,1458.1,1474.3,810491,1198319525.3,TQBR
2020-05-22,1487.9,1497.0,1462.6,1480.5,683584,1011520930.6,TQBR
2020-05-25,1475.0,1503.3,1460.0,1503.3,198757,295621063.7,TQBR
2020-05-26,1501.8,1502.5,1449.0,1449.0,751612,1101231591.3,TQBR
2020-05-27,1447.7,1448.0,1383.6,1408.4,964835,1353853378.5,TQBR
2020-05-28,1424.6,1443.0,1418.2,1438.6,589901,844558794.6,TQBR
2020-05-29,1432.7,1453.0,1401.5,1413.5,2431397,3446274006.6,TQBR
2020-06-01,1440.0,1440.0,1382.0,1409.0,676233,948714184.1,TQBR
2020-06-02,1402.0,1409.9,1383.7,1398.2,537618,749144678.1,TQBR
2020-06-03,1389.3,1389.3,1281.0,1309.5,1951735,2562744794.7,TQBR
2020-06-04,1313.7,1324.5,1283.5,1309.0,1269856,1653127757.3,TQBR
2020-06-05,1294.0,1301.7,1211.6,1235.0,1288905,1607683091.9,TQBR
2020-06-08,1238.0,1249.9,1210.7,1245.9,941539,1154076101.1,TQBR
2020-06-09,1247.2,1286.5,1231.4,1286.5,1649925,2088692382.1,TQBR
2020-06-10,1285.5,1319.8,1272.8,1306.6,1284458,1672362080.1,TQBR
2020-06-11,1324.6,1365.3,1320.1,1356.0,1390579,1867971331.0,TQBR
2020-06-15,1353.5,1353.5,1264.7,1283.7,978338,1268238751.1,TQBR
2020-06-16,1298.0,1318.0,1264.7,1281.0,884014,1141304284.6,TQBR
2020-06-17,1284.8,1299.0,1271.3,1288.9,821846,1057801368.6,TQBR
2020-06-18,1288.9,1308.9,1273.2,1289.6,744764,959191454.4,TQBR
2020-06-19,1295.0,1315.0,1282.0,1315.0,683316,889188840.9,TQBR
2020-06-22,1323.1,1340.0,1305.7,1324.6,1283350,1702519982.8,TQBR
2020-06-23,1325.0,1359.0,1314.7,1348.7,734490,981420858.8,TQBR
2020-06-25,1342.0,1366.9,1319.8,1327.8,649761,869376129.3,TQBR
2020-06-26,1329.0,1348.0,1320.2,1338.6,634017,846575254.9,TQBR
2020-06-29,1352.8,1377.0,1200.0,1364.9,953485,1296144196.4,TQBR
2020-06-30,1368.2,1421.0,1366.0,1392.8,1383463,1932290616.6,TQBR
2020-07-02,1383.0,1394.4,1343.0,1388.5,974817,1338719204.9,TQBR
2020-07-03,1375.7,1407.1,1372.0,1399.5,371969,514978992.0,TQBR
2020-07-06,1398.9,1419.2,1384.5,1405.1,657239,923749605.4,TQBR
2020-07-07,1398.6,1437.8,1392.2,1422.8,1110396,1576216691.8,TQBR
2020-07-08,1409.0,1436.8,1406.1,1430.0,2164780,3075295362.5,TQBR
2020-07-09,1430.0,1452.7,1421.1,1436.2,1404414,2023655636.3,TQBR
2020-07-10,1430.1,1460.7,1411.0,1438.0,1083674,1561973590.7,TQBR
2020-07-13,1440.0,1467.0,1429.7,1433.0,1216855,1763989464.7,TQBR
2020-07-14,1433.3,1435.7,1365.1,1423.0,1246251,1737825652.8,TQBR
2020-07-15,1420.9,1455.4,1417.3,1449.0,942967,1361086596.8,TQBR
2020-07-16,1442.5,1452.4,1423.0,1437.0,707711,1019456702.8,TQBR
2020-07-17,1440.0,1460.0,1425.2,1450.0,656910,946830597.2,TQBR
2020-07-20,1457.9,1498.6,1451.0,1498.1,618965,915991462.4,TQBR
2020-07-21,1500.9,1523.9,1485.4,1512.0,1064888,1603009379.8,TQBR
2020-07-22,1520.3,1575.0,1519.0,1575.0,1181766,1825721262.3,TQBR
2020-07-23,1590.0,1659.8,1564.2,1636.6,2061559,3322637384.2,TQBR
2020-07-24,1636.6,1686.8,1623.0,1679.8,1362961,2250892865.8,TQBR
2020-07-27,1715.1,1823.0,1700.1,1800.0,2079321,3685277901.0,TQBR
2020-07-28,1773.1,1802.0,1732.2,1781.1,1751439,3086939767.9,TQBR
2020-07-29,1798.8,1832.3,1783.9,1821.9,1073527,1944326248.5,TQBR
2020-07-30,1787.8,1839.4,1781.4,1805.3,821435,1488183758.9,TQBR
2020-07-31,1841.4,1873.0,1829.0,1849.8,923180,1707627803.2,TQBR
2020-08-03,1866.0,1872.9,1836.5,1846.4,610495,1131374570.5,TQBR
2020-08-04,1849.9,1897.8,1805.0,1894.1,1235715,2281787734.9,TQBR
2020-08-05,1898.0,1965.0,1897.9,1946.9,1674540,3248421485.1,TQBR
2020-08-06,1965.4,1979.6,1930.2,1963.0,1094019,2141075937.5,TQBR
2020-08-07,1954.9,1973.0,1887.9,1927.9,1038171,2022220569.2,TQBR
2020-08-10,1937.5,1962.7,1902.0,1934.9,536511,1044138555.4,TQBR
2020-08-11,1907.0,1907.0,1786.3,1810.1,1629697,3015599584.3,TQBR
2020-08-12,1797.0,1929.0,1791.2,1880.1,1417292,2643563673.1,TQBR
2020-08-13,1885.8,1931.0,1872.9,1917.5,696374,1325709725.2,TQBR
2020-08-14,1905.0,1910.0,1880.0,1892.1,422189,801761740.5,TQBR
2020-08-17,1909.9,1968.4,1900.2,1960.2,839646,1627919895.7,TQBR
2020-08-18,1975.1,1991.6,1945.2,1956.0,689412,1354676550.7,TQBR
2020-08-19,1936.0,1964.3,1885.0,1895.0,610887,1180807340.8,TQBR
2020-08-20,1907.4,1939.0,1872.0,1928.8,659483,1255424314.4,TQBR
2020-08-21,1931.1,1932.0,1866.0,1913.8,945002,1798663890.0,TQBR
2020-08-24,1923.0,1947.9,1902.6,1921.0,607694,1173671810.9,TQBR
2020-08-25,1921.0,1939.7,1917.3,1938.8,356413,687254658.5,TQBR
2020-08-26,1949.8,1988.0,1914.0,1985.2,1036070,2013638333.8,TQBR
2020-08-27,1977.8,2004.2,1927.8,1943.3,1296627,2548561616.2,TQBR
2020-08-28,1960.0,2036.0,1942.6,2025.3,1319895,2627372785.5,TQBR
2020-08-31,2031.7,2084.5,1965.2,2004.9,1350391,2704648333.8,TQBR
2020-09-01,2035.0,2061.3,2005.0,2049.3,1319613,2688981607.6,TQBR
2020-09-02,2030.9,2043.0,1964.0,1984.0,807925,1612155497.9,TQBR
2020-09-03,1969.0,1969.9,1904.1,1925.0,892653,1722376723.5,TQBR
2020-09-04,1924.8,1955.0,1894.3,1932.0,915918,1770383583.3,TQBR
2020-09-07,1934.7,2027.0,1923.9,2005.5,1949608,3880932545.8,TQBR
2020-09-08,2007.4,2027.8,1902.3,1948.1,1817091,3563089406.2,TQBR
2020-09-09,1895.0,1920.9,1861.0,1911.0,4542506,8601441095.3,TQBR
2020-09-10,1917.9,1927.6,1892.8,1916.9,1534866,2933028873.8,TQBR
2020-09-11,1915.9,1923.5,1897.9,1917.5,956047,1826422072.9,TQBR
2020-09-14,1929.1,1930.5,1863.5,1883.3,1269297,2384966395.7,TQBR
2020-09-15,1884.9,1896.0,1872.3,1884.4,1146246,2161095738.2,TQBR
2020-09-16,1880.4,1906.0,1877.4,1896.0,1039234,1965212409.5,TQBR
2020-09-17,1874.5,1888.7,1771.1,1772.1,2519815,4593751456.2,TQBR
2020-09-18,1775.8,1778.2,1726.9,1750.4,2445718,4276104189.1,TQBR
2020-09-21,1744.8,1744.8,1641.4,1688.7,2401625,4043245013.2,TQBR
2020-09-22,1700.0,1701.0,1633.9,1659.6,2119392,3502791106.6,TQBR
2020-09-23,1631.9,1657.0,1603.9,1614.0,2017077,3289893016.7,TQBR
2020-09-24,1617.7,1700.1,1584.2,1694.0,2224416,3669234708.0,TQBR
2020-09-25,1683.2,1690.0,1639.4,1672.5,1266965,2112694095.2,TQBR
2020-09-28,1667.0,1723.7,1659.0,1706.0,1061254,1797352331.0,TQBR
2020-09-29,1705.0,1734.0,1685.1,1725.9,1010642,1720478199.8,TQBR
2020-09-30,1714.0,1718.0,1677.4,1680.0,1080784,1831958325.8,TQBR
2020-10-01,1694.7,1707.9,1666.3,1690.8,733058,1237876862.0,TQBR
2020-10-02,1709.9,1729.5,1691.2,1712.9,1133186,1942704876.0,TQBR
2020-10-05,1714.8,1727.6,1687.0,1717.6,1257035,2144863056.3,TQBR
2020-10-06,1724.2,1724.2,1660.0,1662.1,1340645,2262478676.2,TQBR
2020-10-07,1674.0,1685.6,1660.6,1680.9,626905,1051024309.5,TQBR
2020-10-08,1681.3,1691.4,1658.8,1675.0,939313,1572701417.1,TQBR
2020-10-09,1683.9,1709.0,1680.2,1701.6,756180,1283359659.2,TQBR
2020-10-12,1713.4,1730.7,1700.0,1724.1,986349,1699034515.1,TQBR
2020-10-13,1712.0,1741.8,1710.1,1723.0,794374,1369904692.7,TQBR
2020-10-14,1728.0,1800.0,1719.0,1798.9,1422469,2525161348.6,TQBR
2020-10-15,1800.0,1806.6,1760.1,1780.8,1086170,1924928168.7,TQBR
2020-10-16,1784.0,1808.2,1771.4,1786.8,885989,1588101220.3,TQBR
2020-10-19,1795.0,1807.5,1786.9,1796.0,489451,879782882.1,TQBR
2020-10-20,1795.9,1795.9,1764.1,1772.5,676391,1198197490.2,TQBR
2020-10-21,1779.3,1784.0,1732.0,1773.6,911120,1601133889.9,TQBR
2020-10-22,1784.9,1819.8,1772.5,1783.4,1410269,2537014069.0,TQBR
2020-10-23,1788.7,1798.2,1743.2,1768.8,724063,1281798295.0,TQBR
2020-10-26,1762.0,1776.0,1741.5,1750.1,544772,957147476.5,TQBR
2020-10-27,1758.1,1782.5,1745.5,1770.3,864044,1526646024.5,TQBR
2020-10-28,1770.0,1783.8,1530.0,1696.8,1519455,2629538806.5,TQBR
2020-10-29,1717.8,1730.0,1676.0,1694.2,1035359,1758723171.1,TQBR
2020-10-30,1694.2,1701.8,1639.0,1672.3,956558,1607259709.4,TQBR
2020-11-02,1687.8,1765.0,1680.0,1755.5,1199266,2079123163.5,TQBR
2020-11-03,1746.0,1809.3,1734.2,1795.7,1500676,2688173175.8,TQBR
2020-11-05,1808.0,1869.4,1800.1,1848.2,1390775,2559887852.9,TQBR
2020-11-06,1831.1,1933.9,1830.1,1925.1,1543852,2936411481.9,TQBR
2020-11-09,1940.0,1979.1,1672.0,1762.0,6310254,11286054669.0,TQBR
2020-11-10,1765.0,1798.6,1676.0,1714.7,4083712,7016954385.4,TQBR
2020-11-11,1717.0,1718.4,1660.0,1700.7,2528424,4256439936.6,TQBR
2020-11-12,1700.7,1746.1,1691.4,1713.7,2123949,3654298903.9,TQBR
2020-11-13,1715.0,1742.0,1700.0,1732.1,1466959,2531020990.9,TQBR
2020-11-16,1744.8,1749.7,1691.2,1718.0,1693499,2913565722.4,TQBR
2020-11-17,1716.0,1721.4,1686.0,1696.2,1015456,1724827303.3,TQBR
2020-11-18,1698.0,1721.4,1660.0,1705.3,1317179,2247950887.2,TQBR
2020-11-19,1704.0,1706.9,1682.4,1694.0,848742,1437242712.1,TQBR
2020-11-20,1695.4,1704.4,1680.5,1694.6,535936,907447982.4,TQBR
2020-11-23,1698.8,1701.9,1616.1,1645.8,1928585,3190068128.4,TQBR
2020-11-24,1631.0,1650.7,1579.0,1607.2,2445738,3913142853.2,TQBR
2020-11-25,1597.3,1601.5,1571.4,1587.8,1419138,2250226804.6,TQBR
2020-11-26,1592.0,1648.6,1591.0,1630.3,1418726,2303354953.3,TQBR
2020-11-27,1626.0,1635.0,1590.6,1610.0,1100536,1775742961.9,TQBR
2020-11-30,1600.3,1619.6,1567.0,1593.0,1925024,3062367196.3,TQBR
2020-12-01,1603.6,1685.4,1598.9,1676.4,1922941,3174599056.1,TQBR
2020-12-02,1665.0,1687.0,1636.6,1667.0,1601621,2672928179.9,TQBR
2020-12-03,1674.6,1698.0,1651.0,1657.0,1392106,2328172208.7,TQBR
2020-12-04,1664.6,1669.8,1611.1,1628.0,1293591,2108943358.9,TQBR
2020-12-07,1634.4,1643.0,1594.9,1633.1,1406836,2272445059.7,TQBR
2020-12-08,1640.0,1672.6,1631.0,1663.7,1328321,2196421698.8,TQBR
2020-12-09,1654.5,1672.0,1637.0,1646.6,1034666,1712218309.3,TQBR
2020-12-10,1641.5,1656.0,1625.3,1642.7,725489,1191728338.9,TQBR
2020-12-11,1646.9,1649.6,1631.0,1639.7,759162,1244208286.9,TQBR
2020-12-14,1639.9,1639.9,1589.0,1598.6,1805110,2892437234.3,TQBR
2020-12-15,1617.7,1632.5,1593.8,1623.6,1307229,2109308388.1,TQBR
2020-12-16,1626.6,1642.9,1611.7,1637.7,823051,1341720681.5,TQBR
2020-12-17,1655.4,1719.2,1640.1,1705.9,2569766,4357114762.8,TQBR
2020-12-18,1697.7,1705.4,1665.6,1679.6,1462297,2472375800.5,TQBR
2020-12-21,1720.0,1739.0,1663.4,1691.1,2450189,4166876436.7,TQBR
2020-12-22,1680.1,1707.7,1670.3,1685.9,948444,1606298140.0,TQBR
2020-12-23,1690.0,1707.0,1680.0,1699.6,604883,1027396820.7,TQBR
2020-12-24,1704.1,1706.1,1691.4,1696.3,408979,694405650.5,TQBR
2020-12-25,1699.3,1699.3,1683.8,1693.0,168902,285909483.0,TQBR
2020-12-28,1707.5,1713.0,1678.6,1689.8,613941,1039581399.9,TQBR
2020-12-29,1687.5,1749.0,1687.5,1734.2,1412892,2434532827.2,TQBR
2020-12-30,1737.0,1758.0,1726.6,1735.1,1343456,2342555590.9,TQBR
2021-01-04,1757.0,1858.0,1750.2,1831.2,2046382,3705044969.6,TQBR
2021-01-05,1825.3,1869.8,1798.0,1853.5,1946801,3597630475.0,TQBR
2021-01-06,1845.0,1856.2,1816.0,1841.9,1377752,2539233712.6,TQBR
2021-01-08,1832.0,1855.0,1761.0,1783.0,2482505,4451950824.5,TQBR
2021-01-11,1785.0,1805.2,1752.0,1761.0,1955516,3475166320.9,TQBR
2021-01-12,1782.8,1784.9,1705.0,1732.5,1720618,2989115024.8,TQBR
2021-01-13,1740.0,1744.6,1713.1,1734.3,840795,1457681589.0,TQBR
2021-01-14,1729.9,1732.3,1696.2,1707.7,1303769,2230103149.5,TQBR
2021-01-15,1707.0,1707.0,1656.2,1666.1,1458634,2456832161.9,TQBR
2021-01-18,1678.0,1699.0,1670.5,1689.3,990468,1665972955.2,TQBR
2021-01-19,1689.8,1697.9,1640.8,1659.6,1441955,2405753637.4,TQBR
2021-01-20,1669.0,1710.0,1661.0,1708.2,1265632,2132080222.6,TQBR
2021-01-21,1710.2,1729.0,1686.0,1700.1,1439744,2458992618.2,TQBR
2021-01-22,1689.4,1735.0,1675.6,1720.0,1994432,3412699743.9,TQBR
2021-01-25,1718.3,1755.0,1705.0,1742.4,1350702,2351750416.8,TQBR
2021-01-26,1735.0,1740.0,1697.8,1708.4,1074458,1838578242.1,TQBR
2021-01-27,1709.9,1713.0,1635.0,1658.7,2673259,4441354865.3,TQBR
2021-01-28,1644.0,1684.0,1618.0,1665.9,1872198,3100894357.9,TQBR
2021-01-29,1675.1,1692.0,1634.0,1640.1,2281962,3792406449.1,TQBR
2021-02-01,1690.5,1778.0,1671.8,1746.5,5480487,9560434614.5,TQBR
2021-02-02,1739.9,1739.9,1693.2,1712.0,2318594,3967370920.7,TQBR
2021-02-03,1715.0,1739.0,1695.0,1707.0,1216808,2081323048.4,TQBR
2021-02-04,1695.0,1702.3,1640.1,1670.8,2479817,4127921999.7,TQBR
2021-02-05,1667.4,1681.2,1653.4,1675.0,1505256,2512781145.2,TQBR
2021-02-08,1677.0,1689.4,1671.4,1681.0,1246595,2095436755.9,TQBR
2021-02-09,1691.0,1691.0,1656.2,1669.7,1198950,1998187984.5,TQBR
2021-02-10,1671.1,1677.0,1644.2,1654.2,1119849,1860064173.2,TQBR
2021-02-11,1655.5,1655.5,1629.0,1632.9,1016422,1668576792.2,TQBR
2021-02-12,1636.8,1654.0,1609.4,1647.3,1112253,1808703545.5,TQBR
2021-02-15,1651.0,1672.0,1642.3,1670.0,1129785,1874077087.8,TQBR
2021-02-16,1671.3,1676.6,1642.2,1651.2,1227819,2038313543.3,TQBR
2021-02-17,1649.0,1651.0,1588.0,1612.1,2166587,3500705811.4,TQBR
2021-02-18,1619.1,1619.2,1564.0,1586.7,1679792,2672865758.4,TQBR
2021-02-19,1580.8,1611.6,1565.0,1600.0,1265512,2013130767.2,TQBR
2021-02-20,1604.0,1605.0,1592.3,1602.6,118936,190240867.7,TQBR
2021-02-22,1612.0,1624.0,1575.0,1620.0,1175164,1886345861.0,TQBR
2021-02-24,1605.0,1608.7,1557.7,1577.1,1552891,2454128938.6,TQBR
2021-02-25,1583.9,1584.0,1517.0,1529.1,2344679,3604014026.4,TQBR
2021-02-26,1512.2,1525.9,1477.0,1503.0,2616937,3932942066.0,TQBR
2021-03-01,1519.0,1525.6,1491.0,1497.1,1221565,1834873818.9,TQBR
2021-03-02,1496.1,1519.0,1467.9,1518.0,1666706,2474159029.4,TQBR
2021-03-03,1517.0,1542.0,1492.5,1500.7,2255535,3416248231.2,TQBR
2021-03-04,1504.8,1510.0,1465.1,1472.5,1435305,2131819371.3,TQBR
2021-03-05,1478.8,1509.0,1468.3,1501.5,1482458,2216252693.8,TQBR
2021-03-09,1505.0,1541.0,1500.3,1540.1,1506487,2296516218.2,TQBR
2021-03-10,1536.0,1561.2,1503.2,1510.3,1470897,2234275718.3,TQBR
2021-03-11,1522.6,1555.0,1516.6,1549.8,1645699,2536426814.8,TQBR
2021-03-12,1536.3,1543.6,1505.3,1523.8,1431628,2176160482.7,TQBR
2021-03-15,1526.0,1539.1,1511.9,1526.9,1204173,1835715496.4,TQBR
2021-03-16,1530.0,1536.0,1518.0,1529.8,998394,1524311526.0,TQBR
2021-03-17,1530.0,1542.9,1513.2,1539.1,1123785,1716910873.1,TQBR
2021-03-18,1545.1,1558.0,1538.8,1550.1,1663457,2576649435.3,TQBR
2021-03-19,1552.1,1567.7,1543.2,1550.9,919629,1428932010.4,TQBR
2021-03-22,1548.2,1557.5,1531.0,1537.4,641086,989494618.0,TQBR
2021-03-23,1542.2,1548.7,1525.7,1529.0,580191,893142714.6,TQBR
2021-03-24,1531.2,1534.6,1505.1,1513.8,765403,1159361576.0,TQBR
2021-03-25,1518.0,1518.0,1487.0,1497.6,780434,1168814481.6,TQBR
2021-03-26,1500.0,1507.1,1468.0,1491.0,1809762,2674596561.8,TQBR
2021-03-29,1481.3,1499.1,1476.2,1489.5,1058613,1573005461.4,TQBR
2021-03-30,1481.6,1485.5,1445.5,1455.2,1855004,2712464908.6,TQBR
2021-03-31,1462.3,1486.2,1450.0,1484.0,1227590,1800920722.7,TQBR
2021-04-01,1484.1,1512.0,1484.1,1505.1,1112884,1668989452.3,TQBR
2021-04-02,1510.2,1512.2,1501.6,1507.7,232444,350642164.7,TQBR
2021-04-05,1509.8,1509.8,1488.0,1492.4,624251,933614123.8,TQBR
2021-04-06,1498.6,1539.4,1496.3,1532.7,1831186,2783287975.6,TQBR
2021-04-07,1537.5,1543.6,1517.0,1520.5,822681,1258508444.3,TQBR
2021-04-08,1525.0,1539.1,1510.5,1526.0,1277935,1946520924.4,TQBR
2021-04-09,1523.0,1554.8,1517.7,1544.2,1267937,1952060105.8,TQBR
2021-04-12,1548.5,1559.0,1534.0,1548.1,977186,1511817670.7,TQBR
2021-04-13,1545.0,1587.9,1535.0,1578.0,1554375,2435218176.9,TQBR
2021-04-14,1582.6,1583.8,1546.5,1560.9,1173551,1832377793.5,TQBR
2021-04-15,1567.6,1612.9,1567.6,1609.3,1468761,2336599908.6,TQBR
2021-04-16,1608.5,1644.0,1584.0,1630.0,1789775,2900992498.4,TQBR
2021-04-19,1630.2,1687.8,1630.2,1661.1,2417621,4024167900.3,TQBR
2021-04-20,1667.3,1696.0,1664.4,1693.0,1992428,3348398996.4,TQBR
2021-04-21,1700.0,1713.0,1672.2,1693.5,2432775,4114925848.7,TQBR
2021-04-22,1700.0,1730.0,1691.2,1706.2,2900596,4966124390.6,TQBR
2021-04-23,1705.1,1709.8,1674.2,1683.1,1261629,2133086343.1,TQBR
2021-04-26,1680.1,1700.8,1655.0,1671.1,1347350,2252165749.9,TQBR
2021-04-27,1674.1,1675.0,1620.0,1632.1,1476941,2427122884.0,TQBR
2021-04-28,1631.9,1631.9,1596.6,1620.5,1346655,2165947777.1,TQBR
2021-04-29,1628.0,1632.0,1575.3,1595.8,1402230,2245510769.4,TQBR
2021-04-30,1580.0,1588.0,1552.4,1566.1,1149246,1800132456.3,TQBR
2021-05-04,1589.9,1623.0,1582.4,1614.2,1572382,2524982886.7,TQBR
2021-05-05,1614.0,1638.1,1605.8,1636.0,1630364,2649001056.4,TQBR
2021-05-06,1588.9,1648.5,1581.6,1635.0,2271768,3664067507.7,TQBR
2021-05-07,1631.7,1685.0,1631.7,1662.3,2115838,3515069334.7,TQBR
2021-05-10,1672.0,1706.0,1663.1,1670.0,2108872,3565684445.1,TQBR
2021-05-11,1669.0,1685.5,1645.3,1677.8,1561574,2602059155.8,TQBR
2021-05-12,1685.0,1713.0,1666.0,1668.0,2723971,4609747830.6,TQBR
2021-05-13,1681.0,1690.3,1625.8,1647.2,2085429,3430509311.2,TQBR
2021-05-14,1662.0,1681.0,1649.5,1673.4,1029868,1715565464.0,TQBR
2021-05-17,1695.8,1724.9,1684.8,1718.4,1948202,3317815675.4,TQBR
2021-05-18,1727.0,1762.5,1723.4,1753.0,2661159,4660690194.8,TQBR
2021-05-19,1756.0,1787.3,1715.4,1756.9,3092142,5427695546.7,TQBR
2021-05-20,1757.0,1794.0,1754.9,1785.9,2707341,4809934652.7,TQBR
2021-05-21,1793.0,1801.5,1764.6,1775.1,2554918,4561446288.2,TQBR
2021-05-24,1788.8,1798.0,1777.7,1783.5,1322688,2364569068.0,TQBR
2021-05-25,1794.0,1795.0,1753.0,1789.9,1948795,3454609075.4,TQBR
2021-05-26,1796.0,1798.4,1769.0,1772.3,1976968,3532196913.7,TQBR
2021-05-27,1778.9,1807.0,1774.7,1790.4,9922511,17786726805.7,TQBR
2021-05-28,1789.7,1799.0,1738.2,1760.5,1494641,2629196067.0,TQBR
2021-05-31,1767.0,1790.0,1727.6,1746.6,891737,1561274006.0,TQBR
2021-06-01,1764.4,1802.0,1760.0,1775.9,2565920,4577808382.7,TQBR
2021-06-02,1767.0,1802.0,1753.0,1802.0,1680274,2995186649.0,TQBR
2021-06-03,1799.0,1800.0,1735.0,1748.4,2017932,3546707050.4,TQBR
2021-06-04,1758.6,1763.0,1706.4,1751.6,1421563,2468027892.8,TQBR
2021-06-07,1743.9,1744.0,1714.1,1739.3,909363,1570347915.1,TQBR
2021-06-08,1741.1,1743.0,1708.0,1712.4,1480862,2545585794.3,TQBR
2021-06-09,1710.2,1713.0,1686.0,1697.7,1362341,2310685714.4,TQBR
2021-06-10,1697.0,1712.0,1679.2,1709.7,1146453,1939578420.1,TQBR
2021-06-11,1720.0,1725.7,1691.1,1701.6,1412524,2415122826.6,TQBR
2021-06-14,1686.0,1692.8,1662.9,1679.2,1035153,1733322624.4,TQBR
2021-06-15,1681.9,1684.6,1667.5,1671.4,660565,1105703635.6,TQBR
2021-06-16,1679.0,1682.0,1645.6,1649.6,1168369,1945465127.9,TQBR
2021-06-17,1649.6,1649.9,1598.3,1611.0,1955114,3161413014.6,TQBR
2021-06-18,1611.1,1626.8,1586.6,1599.9,1941504,3117284360.5,TQBR
2021-06-21,1602.3,1626.6,1600.0,1625.9,940909,1519584556.0,TQBR
2021-06-22,1626.0,1639.9,1604.0,1632.0,1628036,2647701947.6,TQBR
2021-06-23,1635.8,1642.3,1622.0,1627.6,622274,1015093992.6,TQBR
2021-06-24,1625.0,1635.0,1619.1,1624.2,740730,1205045743.8,TQBR
2021-06-25,1631.2,1632.6,1620.2,1623.1,486806,791292268.7,TQBR
2021-06-28,1623.1,1637.5,1618.8,1625.0,607884,990315349.1,TQBR
2021-06-29,1625.6,1626.3,1575.1,1581.0,1371271,2179874227.0,TQBR
2021-06-30,1579.0,1600.0,1557.0,1598.2,1463606,2305007580.6,TQBR
2021-07-01,1598.9,1600.0,1576.0,1583.8,1247619,1983169024.7,TQBR
2021-07-02,1581.1,1619.0,1576.3,1615.8,987942,1583539777.6,TQBR
2021-07-05,1622.3,1624.6,1600.1,1608.9,792068,1272216015.7,TQBR
2021-07-06,1615.0,1638.0,1614.2,1617.1,1140219,1856056915.4,TQBR
2021-07-07,1631.3,1641.3,1619.1,1638.3,919977,1501594690.7,TQBR
2021-07-08,1634.0,1654.9,1621.1,1634.7,1152874,1891603506.6,TQBR
2021-07-09,1633.7,1636.1,1611.4,1622.0,814714,1321002193.4,TQBR
2021-07-12,1618.2,1638.9,1613.2,1636.9,641499,1043670448.5,TQBR
2021-07-13,1639.5,1640.9,1619.3,1632.8,686947,1120353757.1,TQBR
2021-07-14,1638.0,1652.7,1629.8,1642.3,679318,1115047590.9,TQBR
2021-07-15,1650.0,1666.0,1643.1,1664.0,770427,1277532820.0,TQBR
2021-07-16,1660.0,1665.0,1612.1,1616.8,1163688,1901804492.0,TQBR
2021-07-19,1605.0,1628.1,1588.3,1622.5,877592,1415097754.5,TQBR
2021-07-20,1630.0,1630.0,1590.0,1590.5,832666,1335773412.2,TQBR
2021-07-21,1594.1,1595.3,1547.6,1563.0,1105645,1732292445.2,TQBR
2021-07-22,1573.1,1573.1,1547.3,1569.0,727406,1132168384.1,TQBR
2021-07-23,1569.9,1569.9,1535.5,1546.8,602853,933237593.5,TQBR
2021-07-26,1554.4,1563.8,1544.4,1557.6,602522,936329046.0,TQBR
2021-07-27,1550.5,1554.2,1523.5,1540.0,1177010,1808166470.1,TQBR
2021-07-28,1540.0,1578.3,1538.8,1577.0,711935,1107269659.7,TQBR
2021-07-29,1580.1,1616.8,1579.0,1608.9,1308154,2094175495.0,TQBR
2021-07-30,1603.0,1606.7,1576.0,1592.4,1143463,1820379756.0,TQBR
2021-08-02,1590.0,1599.4,1574.8,1584.5,812904,1288660551.1,TQBR
2021-08-03,1580.0,1585.2,1565.7,1583.0,577866,910941236.1,TQBR
2021-08-04,1590.7,1612.3,1585.5,1602.1,770246,1230856159.0,TQBR
2021-08-05,1598.4,1601.0,1577.0,1582.1,586501,931188310.2,TQBR
2021-08-06,1585.4,1585.4,1545.3,1551.5,787994,1230007651.5,TQBR
2021-08-09,1545.0,1545.0,1514.4,1519.0,1189250,1811633189.2,TQBR
2021-08-10,1526.0,1529.8,1500.0,1511.5,1061586,1603034070.9,TQBR
2021-08-11,1515.0,1523.9,1500.5,1515.5,1308820,1975306781.3,TQBR
2021-08-12,1522.9,1542.0,1510.2,1519.9,1159365,1771414734.8,TQBR
2021-08-13,1524.4,1535.0,1513.0,1530.1,561901,856735509.8,TQBR
2021-08-16,1524.0,1535.0,1524.0,1531.1,605638,926694293.6,TQBR
2021-08-17,1531.1,1534.5,1515.1,1527.3,1193974,1822443246.2,TQBR
2021-08-18,1530.0,1536.0,1512.5,1515.5,1023883,1560748933.8,TQBR
2021-08-19,1514.0,1544.7,1504.0,1526.5,1203563,1839467783.4,TQBR
2021-08-20,1536.8,1545.9,1524.0,1533.9,786509,1206390938.9,TQBR
2021-08-23,1539.9,1547.2,1520.2,1541.5,718302,1100985814.9,TQBR
2021-08-24,1540.0,1561.5,1539.0,1550.0,870673,1349885524.0,TQBR
2021-08-25,1540.0,1551.2,1533.2,1542.9,575164,887675301.7,TQBR
2021-08-26,1543.0,1548.6,1489.2,1502.8,2065159,3116941538.7,TQBR
2021-08-27,1508.1,1514.7,1489.2,1505.8,1652858,2479641963.6,TQBR
2021-08-30,1510.0,1510.0,1498.5,1502.0,778437,1170998540.6,TQBR
2021-08-31,1506.0,1506.8,1461.8,1472.5,3348885,4948661421.6,TQBR
2021-09-01,1472.5,1476.2,1447.0,1467.3,1857530,2712833314.9,TQBR
2021-09-02,1470.0,1470.0,1440.3,1447.8,1796281,2606151683.8,TQBR
2021-09-03,1450.0,1480.2,1445.8,1479.1,1782456,2602288798.2,TQBR
2021-09-06,1479.1,1488.0,1476.4,1486.9,813517,1206765438.4,TQBR
2021-09-07,1485.0,1486.4,1454.4,1458.0,1052309,1543428067.2,TQBR
2021-09-08,1464.7,1475.0,1448.0,1452.2,1559983,2276933634.2,TQBR
2021-09-09,1440.0,1440.4,1403.6,1405.8,2404457,3402640437.4,TQBR
2021-09-10,1415.0,1417.9,1387.0,1394.0,1565855,2189491128.0,TQBR
2021-09-13,1393.0,1395.8,1373.1,1392.7,1437911,1989973818.7,TQBR
2021-09-14,1393.7,1393.7,1365.0,1380.5,1961778,2699600978.0,TQBR
2021-09-15,1378.8,1380.3,1350.9,1357.0,1488756,2027359797.3,TQBR
2021-09-16,1350.0,1352.8,1320.5,1326.9,2008379,2681075959.8,TQBR
2021-09-17,1330.1,1362.8,1320.2,1331.2,2376865,3179926969.6,TQBR
2021-09-20,1330.1,1360.0,1320.6,1356.3,1968073,2651611271.8,TQBR
2021-09-21,1359.9,1359.9,1327.0,1331.0,1686172,2252896226.3,TQBR
2021-09-22,1332.0,1350.0,1325.4,1336.8,1214998,1622422344.3,TQBR
2021-09-23,1332.1,1337.3,1304.0,1307.9,1569926,2067651245.5,TQBR
2021-09-24,1313.8,1313.8,1291.6,1294.9,1153269,1496561490.2,TQBR
2021-09-27,1300.0,1304.8,1267.6,1279.9,1505452,1925994207.5,TQBR
2021-09-28,1273.0,1273.0,1227.5,1233.7,3356907,4168605830.7,TQBR
2021-09-29,1235.0,1250.9,1205.0,1211.0,2333427,2850549716.4,TQBR
2021-09-30,1213.9,1248.9,1199.6,1247.2,2532140,3102599321.2,TQBR
2021-10-01,1246.7,1246.7,1210.0,1218.1,1583877,1937823550.8,TQBR
2021-10-04,1213.1,1231.5,1208.8,1226.9,1367532,1668645826.6,TQBR
2021-10-05,1224.9,1242.0,1216.3,1236.1,1567396,1928381122.6,TQBR
2021-10-06,1237.3,1245.6,1221.1,1239.3,2356774,2913783678.1,TQBR
2021-10-07,1245.8,1268.0,1241.0,1253.2,1683278,2116467711.4,TQBR
2021-10-08,1258.0,1274.2,1240.0,1256.0,1683601,2118593440.1,TQBR
2021-10-11,1259.9,1259.9,1228.0,1234.0,1636508,2025937795.1,TQBR
2021-10-12,1240.1,1268.9,1235.2,1260.9,1761244,2215710204.9,TQBR
2021-10-13,1270.0,1314.5,1264.9,1314.5,3655529,4714933956.0,TQBR
2021-10-14,1314.9,1348.7,1300.2,1326.9,3448756,4580423771.5,TQBR
2021-10-15,1324.0,1324.6,1293.2,1304.5,2709824,3534162290.5,TQBR
2021-10-18,1319.0,1327.8,1305.4,1321.4,1993824,2628644570.6,TQBR
2021-10-19,1331.6,1355.8,1328.7,1347.0,2028135,2727067153.9,TQBR
2021-10-20,1355.0,1370.9,1345.5,1358.5,2318131,3150090516.9,TQBR
2021-10-21,1358.6,1368.0,1341.0,1351.8,1298303,1758236925.1,TQBR
2021-10-22,1359.4,1382.0,1355.0,1371.0,1974055,2704353282.7,TQBR
2021-10-25,1375.1,1382.0,1356.3,1367.7,1355479,1848354837.8,TQBR
2021-10-26,1359.4,1366.0,1312.1,1313.4,2328879,3107166795.6,TQBR
2021-10-27,1308.6,1339.8,1287.8,1333.9,1961494,2586961420.6,TQBR
2021-10-28,1335.8,1358.6,1332.9,1353.9,1663031,2242498546.6,TQBR
2021-10-29,1347.3,1349.6,1312.1,1317.0,1351405,1791706994.5,TQBR
2021-11-01,1323.1,1333.9,1305.6,1332.0,1068826,1411076830.0,TQBR
2021-11-02,1332.0,1342.1,1308.7,1316.9,1172409,1557024950.4,TQBR
2021-11-03,1315.0,1324.0,1300.2,1316.6,929171,1219595065.3,TQBR
2021-11-05,1325.0,1339.0,1303.5,1324.9,1566292,2064470478.0,TQBR
2021-11-08,1331.6,1350.0,1327.5,1349.3,1843351,2472050482.9,TQBR
2021-11-09,1350.2,1355.6,1336.0,1351.0,915316,1232607879.0,TQBR
2021-11-10,1343.0,1397.9,1340.0,1386.9,2655420,3659087079.8,TQBR
2021-11-11,1395.5,1448.8,1390.2,1440.7,3570688,5111132982.7,TQBR
2021-11-12,1431.5,1460.8,1417.0,1454.8,2617444,3774760231.3,TQBR
2021-11-15,1448.2,1468.0,1432.5,1454.0,1634648,2376109465.4,TQBR
2021-11-16,1461.0,1488.9,1443.0,1462.1,2233756,3285591911.4,TQBR
2021-11-17,1470.0,1481.5,1461.7,1469.8,997922,1468351850.6,TQBR
2021-11-18,1467.3,1476.5,1433.4,1442.1,1197575,1750371798.2,TQBR
2021-11-19,1451.0,1475.0,1434.9,1441.6,1647077,2396484550.3,TQBR
2021-11-22,1440.0,1445.0,1388.0,1404.5,2299742,3256961679.6,TQBR
2021-11-23,1398.9,1427.3,1363.7,1374.8,2298773,3177305240.3,TQBR
2021-11-24,1390.0,1390.9,1322.5,1340.6,2585610,3480588249.8,TQBR
2021-11-25,1347.0,1363.1,1330.5,1356.8,1064904,1440497533.5,TQBR
2021-11-26,1368.0,1406.4,1345.2,1371.7,2882745,3970128211.1,TQBR
2021-11-29,1382.7,1388.4,1328.3,1332.8,1800164,2424637626.5,TQBR
2021-11-30,1340.0,1394.5,1320.0,1356.8,4073698,5589327900.1,TQBR
2021-12-01,1370.4,1374.8,1333.4,1340.5,2071638,2785137413.9,TQBR
2021-12-02,1340.8,1341.5,1327.7,1331.9,1041807,1389597917.8,TQBR
2021-12-03,1335.1,1342.2,1314.5,1331.0,1119642,1481130107.9,TQBR
2021-12-06,1332.0,1337.0,1308.2,1311.4,902608,1189244765.6,TQBR
2021-12-07,1311.4,1321.4,1287.8,1300.5,1226690,1597799811.8,TQBR
2021-12-08,1303.0,1313.9,1250.8,1282.6,1166333,1509437462.5,TQBR
2021-12-09,1284.9,1299.8,1265.6,1282.9,1141922,1468611640.9,TQBR
2021-12-10,1288.6,1295.8,1258.0,1281.5,930151,1189610840.7,TQBR
2021-12-13,1281.5,1292.9,1243.5,1258.7,1467936,1869720289.3,TQBR
2021-12-14,1251.7,1256.0,1200.0,1241.0,1449355,1788298447.2,TQBR
2021-12-15,1236.5,1246.9,1216.5,1234.6,1304152,1600463414.4,TQBR
2021-12-16,1241.0,1261.2,1231.0,1260.1,2131028,2648660088.6,TQBR
2021-12-17,1262.0,1298.0,1261.7,1285.2,2055071,2638602999.2,TQBR
2021-12-20,1278.2,1315.0,1257.0,1268.7,1353494,1733731405.2,TQBR
2021-12-21,1267.7,1275.0,1250.0,1252.9,1505374,1897561659.6,TQBR
2021-12-22,1255.5,1269.3,1243.7,1263.3,835435,1047487085.5,TQBR
2021-12-23,1264.2,1276.8,1252.9,1268.1,1050272,1328389418.8,TQBR
2021-12-24,1270.0,1274.8,1260.1,1268.6,522559,662474655.2,TQBR
2021-12-27,1268.6,1270.5,1253.2,1260.0,720606,908304218.2,TQBR
2021-12-28,1258.3,1270.3,1255.2,1259.9,894187,1129913814.5,TQBR
2021-12-29,1259.9,1288.8,1256.2,1285.0,1306653,1669602366.4,TQBR
2021-12-30,1289.3,1313.4,1261.0,1311.9,1324797,1720459868.0,TQBR
2022-01-03,1313.5,1330.5,1291.3,1315.0,736345,965827543.9,TQBR
2022-01-04,1311.1,1316.9,1294.4,1305.9,760110,990184542.9,TQBR
2022-01-05,1307.0,1308.4,1261.1,1264.2,912571,1177420948.8,TQBR
2022-01-06,1263.1,1276.8,1238.5,1250.3,1403998,1769276243.2,TQBR
2022-01-10,1252.0,1262.6,1210.0,1227.0,1834069,2252777519.2,TQBR
2022-01-11,1217.5,1243.8,1217.5,1239.8,1337722,1649937444.4,TQBR
2022-01-12,1243.1,1255.0,1231.0,1253.6,1198236,1488901295.0,TQBR
2022-01-13,1254.7,1258.0,1237.7,1246.0,1621443,2023014023.7,TQBR
2022-01-14,1246.0,1261.2,1210.0,1223.6,1903383,2343434683.7,TQBR
2022-01-17,1223.8,1229.0,1195.5,1204.4,1125985,1362164784.9,TQBR
2022-01-18,1207.7,1209.0,1143.3,1173.9,2579804,3002642061.9,TQBR
2022-01-19,1180.0,1273.8,1145.0,1265.8,2619096,3212301567.5,TQBR
2022-01-20,1264.5,1311.1,1235.0,1285.6,2724023,3507464597.8,TQBR
2022-01-21,1280.0,1295.9,1257.1,1261.3,1661268,2129195113.4,TQBR
2022-01-24,1262.0,1282.3,1194.0,1236.3,2928344,3599321357.3,TQBR
2022-01-25,1236.3,1269.4,1213.0,1263.0,1769211,2196122993.3,TQBR
2022-01-26,1258.2,1274.5,1220.4,1222.9,1364794,1710832661.2,TQBR
2022-01-27,1205.0,1228.6,1140.0,1152.8,4787433,5610286216.7,TQBR
2022-01-28,1157.8,1168.5,1093.0,1102.1,4322485,4827511796.7,TQBR
2022-01-31,1094.7,1117.0,1094.4,1108.7,2696332,2981000499.2,TQBR
2022-02-01,1111.0,1137.0,1101.0,1119.5,2651230,2976005863.0,TQBR
2022-02-02,1120.0,1134.3,1108.1,1116.9,1118560,1248715484.3,TQBR
2022-02-03,1114.0,1117.9,1081.4,1095.2,1484925,1629587150.7,TQBR
2022-02-04,1096.2,1109.8,1072.0,1080.0,1820977,1985792545.1,TQBR
2022-02-07,1084.0,1092.0,1070.2,1084.0,1185817,1280406377.3,TQBR
2022-02-08,1084.0,1107.5,1077.0,1103.0,1569459,1714699830.9,TQBR
2022-02-09,1103.1,1113.8,1096.5,1108.0,2083569,2303030857.7,TQBR
2022-02-10,1109.2,1154.0,1098.1,1128.8,4242070,4785386864.5,TQBR
2022-02-11,1127.9,1153.3,1105.0,1130.0,2707577,3054358067.2,TQBR
2022-02-14,1134.1,1178.5,1112.0,1175.0,3651507,4217548793.3,TQBR
2022-02-15,1176.0,1190.0,1140.5,1163.2,3149859,3657733114.3,TQBR
2022-02-16,1167.0,1216.5,1148.5,1205.7,2897224,3434122526.7,TQBR
2022-02-17,1207.0,1257.9,1183.2,1239.2,4236161,5214818576.5,TQBR
2022-02-18,1238.6,1251.0,1214.5,1226.0,3024645,3720843707.1,TQBR
2022-02-21,1218.5,1237.9,1109.4,1109.4,5171059,6054032776.4,TQBR
2022-02-22,1125.1,1198.4,987.1,1195.0,4907548,5536927319.9,TQBR
2022-02-24,1150.0,1158.1,680.2,906.3,5197435,4303150953.6,TQBR
2022-02-25,847.2,1040.0,808.7,837.0,3356914,2909588875.5,TQBR
2022-03-29,850.0,1038.7,760.0,869.9,1789775,1625392327.9,TQBR
2022-03-30,910.1,939.4,880.0,908.0,595483,541276734.0,TQBR
2022-03-31,920.0,980.0,910.1,973.0,655537,624824914.1,TQBR
2022-04-01,975.8,999.0,954.0,969.5,505843,495004926.6,TQBR
2022-04-04,980.0,990.0,913.3,975.0,412193,397824173.1,TQBR
2022-04-05,975.0,984.0,920.0,955.1,330613,315337725.0,TQBR
2022-04-06,945.1,964.0,933.1,940.1,212895,202585287.7,TQBR
2022-04-07,939.0,947.0,890.0,904.6,335358,306549348.3,TQBR
2022-04-08,904.0,921.0,880.0,904.1,221504,200876027.6,TQBR
2022-04-11,905.1,950.0,904.6,925.0,372024,345138704.2,TQBR
2022-04-12,940.0,954.5,921.8,936.7,526554,493706786.1,TQBR
2022-04-13,920.0,936.7,910.0,918.7,251370,231557061.2,TQBR
2022-04-14,919.0,920.0,857.5,867.6,337882,298366941.0,TQBR
2022-04-15,867.6,873.7,840.0,854.8,244887,208849799.3,TQBR
2022-04-18,855.0,903.0,849.0,854.7,394963,345477056.1,TQBR
2022-04-19,858.0,869.7,810.0,840.0,348349,291705389.3,TQBR
2022-04-20,840.0,854.6,821.0,836.7,203826,171261301.5,TQBR
2022-04-21,836.7,847.2,825.0,832.6,140599,117083014.7,TQBR
2022-04-22,836.0,836.9,772.0,775.0,305528,244765823.5,TQBR
2022-04-25,771.0,771.8,687.0,700.0,897167,639305234.8,TQBR
2022-04-26,700.0,729.0,680.0,698.0,839885,591044749.0,TQBR
2022-04-27,705.0,744.4,691.2,729.8,636540,459493978.4,TQBR
2022-04-28,745.7,765.7,706.2,707.0,480248,354822487.0,TQBR
2022-04-29,707.8,734.4,706.8,721.5,233254,168326442.2,TQBR
2022-05-04,724.0,743.3,700.0,700.0,181337,129742646.0,TQBR
2022-05-05,770.0,770.0,700.9,705.8,267838,191770569.5,TQBR
2022-05-06,710.0,711.2,690.0,691.0,201507,139697458.7,TQBR
2022-05-11,690.0,711.0,687.0,696.0,212274,148301107.9,TQBR
2022-05-12,701.6,704.0,658.3,659.5,306337,205699076.5,TQBR
2022-05-13,660.0,668.5,642.0,649.0,258940,168584383.7,TQBR
2022-05-16,651.0,653.0,642.0,646.0,189398,122592690.8,TQBR
2022-05-17,649.1,663.4,644.0,646.9,273196,177353547.5,TQBR
2022-05-18,650.0,655.0,642.2,643.7,284493,184235621.9,TQBR
2022-05-19,648.6,648.6,621.1,627.0,379143,238928622.6,TQBR
2022-05-20,630.0,632.5,597.0,604.0,414905,253792482.1,TQBR
2022-05-23,608.5,608.9,568.2,569.2,394534,231067987.3,TQBR
2022-05-24,570.0,570.0,525.0,546.8,501778,272878404.4,TQBR
2022-05-25,546.7,559.0,532.8,550.0,220640,119920534.7,TQBR
2022-05-26,555.0,577.6,551.9,567.0,373687,210606380.4,TQBR
2022-05-27,576.9,579.0,559.0,567.2,250935,142925190.6,TQBR
2022-05-30,567.4,574.1,543.2,548.9,223847,123854744.8,TQBR
2022-05-31,550.5,585.0,531.2,564.1,439454,249056156.2,TQBR
2022-06-01,565.8,582.1,558.4,569.7,262253,150991342.5,TQBR
2022-06-02,573.6,579.9,555.0,558.6,215447,121506124.2,TQBR
2022-06-03,560.0,568.4,498.0,505.0,1733925,894426673.7,TQBR
2022-06-06,502.4,513.6,472.3,478.3,540020,267396446.8,TQBR
2022-06-07,479.4,480.0,451.1,475.9,616887,284744905.8,TQBR
2022-06-08,485.0,499.6,474.6,481.1,381497,186079318.2,TQBR
2022-06-09,481.0,481.0,456.2,465.0,310133,143669396.3,TQBR
2022-06-10,465.0,478.9,455.1,455.1,280671,130346502.2,TQBR
2022-06-14,451.1,466.0,441.1,454.8,356850,161660190.4,TQBR
2022-06-15,463.0,468.0,455.0,464.8,309136,143046559.0,TQBR
2022-06-16,469.5,479.0,463.8,474.8,369737,173814065.0,TQBR
2022-06-17,475.0,486.9,470.0,475.3,270606,129957274.4,TQBR
2022-06-20,474.5,488.5,472.0,479.4,290093,139759961.6,TQBR
2022-06-21,480.9,486.9,460.0,472.9,445250,209101097.6,TQBR
2022-06-22,472.9,472.9,456.1,457.0,301391,138944965.5,TQBR
2022-06-23,456.5,471.9,452.3,461.1,365767,168655694.9,TQBR
2022-06-24,462.3,464.4,448.0,451.4,384026,174541548.3,TQBR
2022-06-27,440.0,445.0,426.0,432.0,704362,306463070.9,TQBR
2022-06-28,432.0,433.2,406.0,412.0,842167,355804490.9,TQBR
2022-06-29,410.6,435.1,405.0,410.0,1001214,421716106.1,TQBR
2022-06-30,413.9,418.6,372.0,377.5,1422492,553477355.0,TQBR
2022-07-01,375.5,388.6,364.0,372.1,603219,226056978.1,TQBR
2022-07-04,376.8,379.0,353.5,355.1,768229,280457420.0,TQBR
2022-07-05,351.0,374.2,346.0,360.1,1152532,411605899.8,TQBR
2022-07-06,361.9,380.6,352.1,354.4,1693787,629551418.3,TQBR
2022-07-07,355.6,376.0,354.0,364.0,1890419,692885367.5,TQBR
2022-07-08,365.0,373.5,357.7,363.4,862722,313892484.2,TQBR
2022-07-11,366.6,373.0,359.4,362.2,901347,329497159.0,TQBR
2022-07-12,363.0,364.9,330.3,341.4,1172313,405464261.0,TQBR
2022-07-13,344.8,344.8,312.0,317.1,1678003,535809977.4,TQBR
2022-07-14,315.2,327.5,300.1,310.0,946079,296932656.3,TQBR
2022-07-15,309.9,319.7,306.1,310.5,587009,182920328.2,TQBR
2022-07-18,319.0,322.9,308.0,309.1,690889,217314889.3,TQBR
2022-07-19,308.9,341.2,300.2,321.8,2871358,921882818.8,TQBR
2022-07-20,326.1,330.0,283.4,289.2,2581394,784413350.8,TQBR
2022-07-21,289.0,289.0,251.0,255.0,3420940,895347405.6,TQBR
2022-07-22,251.0,254.0,231.2,231.6,2324986,560914442.5,TQBR
2022-07-25,227.2,258.0,211.1,255.5,5212211,1213099064.4,TQBR
2022-07-26,259.2,277.8,255.3,274.6,4494241,1202998200.1,TQBR
2022-07-27,276.2,283.7,260.0,269.3,1637532,441812474.6,TQBR
2022-07-28,270.3,275.0,252.0,264.0,2219059,581506005.9,TQBR
2022-07-29,265.0,272.0,257.1,270.0,2069892,546356541.6,TQBR
2022-08-01,271.1,282.2,258.0,276.6,4640797,1258110806.2,TQBR
2022-08-02,280.0,281.5,268.0,273.9,1597276,435465035.4,TQBR
2022-08-03,274.8,275.5,270.1,273.6,608881,166119707.9,TQBR
2022-08-04,273.2,278.0,260.3,266.2,723476,194825846.6,TQBR
2022-08-05,266.9,267.8,250.7,261.9,1100677,283358722.1,TQBR
2022-08-08,268.0,271.0,264.1,267.7,523946,140419513.2,TQBR
2022-08-09,268.8,269.8,263.1,267.8,490250,130608415.5,TQBR
2022-08-10,268.5,324.8,266.6,324.0,4619498,1382823127.3,TQBR
2022-08-11,330.0,366.5,324.0,332.0,8384851,2901436413.4,TQBR
2022-08-12,332.5,346.2,317.0,334.5,2261897,746550792.7,TQBR
2022-08-15,335.6,344.0,325.1,330.3,1081084,358420163.0,TQBR
2022-08-16,332.0,367.5,330.1,365.9,2567251,902181474.8,TQBR
2022-08-17,371.6,397.7,363.0,388.5,6035269,2314123350.3,TQBR
2022-08-18,389.9,389.9,373.2,380.7,2131578,813191164.5,TQBR
2022-08-19,380.7,380.7,367.0,370.5,1675707,624395444.3,TQBR
2022-08-22,359.0,370.5,352.1,362.6,1261425,456793853.7,TQBR
2022-08-23,362.5,382.9,355.9,375.2,1593666,598086558.6,TQBR
2022-08-24,379.4,379.4,370.5,371.5,617791,230433924.4,TQBR
2022-08-25,372.2,382.4,371.8,374.1,781075,294521331.9,TQBR
2022-08-26,379.8,379.9,374.1,377.5,425301,160472626.0,TQBR
2022-08-29,377.5,388.0,377.5,382.0,613696,234411733.7,TQBR
2022-08-30,383.9,390.0,353.0,371.8,1226346,465900911.6,TQBR
2022-08-31,371.0,382.0,363.2,376.5,823805,309430044.8,TQBR
2022-09-01,378.0,382.0,375.2,377.0,396394,149901079.5,TQBR
2022-09-02,379.9,385.0,377.4,381.8,487239,185827311.1,TQBR
2022-09-05,383.3,426.7,380.0,425.0,2851370,1162038573.8,TQBR
2022-09-06,428.2,428.3,382.1,400.8,3456551,1401164655.9,TQBR
2022-09-07,403.7,414.8,393.7,407.8,1165469,472718418.9,TQBR
2022-09-08,410.0,411.9,400.8,406.0,602416,244573316.8,TQBR
2022-09-09,405.2,411.6,403.2,405.6,584875,238160802.4,TQBR
2022-09-12,404.1,424.4,404.1,415.9,1092664,453562792.0,TQBR
2022-09-13,416.9,421.9,412.2,413.3,727416,303560527.6,TQBR
2022-09-14,413.0,413.3,396.4,407.0,970805,391773029.3,TQBR
2022-09-15,406.3,411.0,393.0,398.9,947265,380681045.0,TQBR
2022-09-16,398.0,404.8,390.1,394.8,778487,309545781.8,TQBR
2022-09-19,397.5,414.0,392.5,405.3,1195003,484595164.6,TQBR
2022-09-20,408.0,408.0,316.7,358.7,4834713,1776728288.6,TQBR
2022-09-21,318.6,346.6,300.4,325.9,2403207,787458315.3,TQBR
2022-09-22,308.0,324.8,285.4,288.8,7749202,2341410377.0,TQBR
2022-09-23,288.8,288.8,263.2,268.3,3690694,1002884854.2,TQBR
2022-09-26,262.0,264.5,220.0,240.9,4065764,987336614.7,TQBR
2022-09-27,245.0,266.6,240.2,263.1,2474337,622904158.3,TQBR
2022-09-28,262.0,269.8,242.1,253.5,2867383,730533967.5,TQBR
2022-09-29,254.4,258.1,240.3,244.8,1355307,333308797.8,TQBR
2022-09-30,244.8,251.0,231.5,250.9,2091011,505620657.7,TQBR
2022-10-03,253.0,293.3,251.0,292.6,4130815,1140406311.0,TQBR
2022-10-04,295.0,306.0,280.2,287.7,3554795,1040506194.7,TQBR
2022-10-05,286.3,287.5,262.6,275.4,3457197,947704602.6,TQBR
2022-10-06,275.2,283.0,269.4,271.9,1366140,376735509.4,TQBR
2022-10-07,273.0,273.0,250.5,250.5,1811813,472997230.4,TQBR
2022-10-10,235.0,259.6,231.7,247.8,2468038,618780358.4,TQBR
2022-10-11,250.5,256.0,249.0,252.3,1591331,399542947.0,TQBR
2022-10-12,253.9,259.5,249.3,250.9,1307822,330381376.0,TQBR
2022-10-13,251.9,254.2,247.5,252.7,805986,202588418.4,TQBR
2022-10-14,254.3,257.2,249.3,252.2,683567,172017439.1,TQBR
2022-10-17,254.0,271.0,251.4,270.4,1702501,444900809.0,TQBR
2022-10-18,270.7,279.0,262.0,263.4,2474916,670597405.2,TQBR
2022-10-19,262.0,266.0,255.0,263.0,1249999,324927222.7,TQBR
2022-10-20,264.4,270.9,260.2,263.9,1280099,340551588.6,TQBR
2022-10-21,263.9,272.0,257.6,271.1,1527317,406500245.3,TQBR
2022-10-24,275.0,276.2,266.6,269.4,1334566,360970779.8,TQBR
2022-10-25,268.9,282.0,267.6,280.4,2135447,591125474.2,TQBR
2022-10-26,282.5,287.8,275.1,284.6,1899104,536043485.9,TQBR
2022-10-27,284.9,296.4,282.3,294.3,1893646,552332873.5,TQBR
2022-10-28,291.8,295.8,286.2,293.5,1332525,388165078.4,TQBR
2022-10-31,297.3,299.8,294.0,297.0,1001130,297284735.5,TQBR
2022-11-01,299.0,299.0,295.0,295.6,586219,174055074.8,TQBR
2022-11-02,296.0,297.1,277.2,283.2,1837530,532980544.2,TQBR
2022-11-03,282.5,287.0,277.7,282.7,1097538,309295282.7,TQBR
2022-11-07,288.0,296.1,286.4,296.0,1544168,450896507.9,TQBR
2022-11-08,296.3,314.5,291.1,307.5,3139224,954315744.7,TQBR
2022-11-09,307.7,325.0,302.9,314.0,4973139,1578891758.9,TQBR
2022-11-10,316.0,337.0,314.5,335.0,3145965,1020483888.3,TQBR
2022-11-11,340.0,340.0,326.6,333.7,2095068,696141089.6,TQBR
2022-11-14,338.8,338.8,330.3,333.8,1123236,375100054.7,TQBR
2022-11-15,335.4,347.6,305.6,323.7,4249045,1399966556.8,TQBR
2022-11-16,326.8,338.0,326.8,332.9,1796779,598054695.1,TQBR
2022-11-17,332.8,337.2,323.5,330.0,1460251,481399985.5,TQBR
2022-11-18,330.3,332.6,325.2,327.4,591836,193911793.0,TQBR
2022-11-21,325.2,326.2,315.2,321.1,1424300,455560599.1,TQBR
2022-11-22,321.1,333.9,318.4,331.4,1576010,516238529.0,TQBR
2022-11-23,333.8,344.8,330.0,340.8,3622950,1231746015.0,TQBR
2022-11-24,342.0,350.5,341.1,345.2,2155188,745196573.9,TQBR
2022-11-25,346.6,346.6,338.8,342.2,1457813,499452922.5,TQBR
2022-11-28,339.2,344.0,331.0,341.5,1891381,639176941.1,TQBR
2022-11-29,344.0,351.0,342.5,348.1,2448528,852033832.9,TQBR
2022-11-30,349.9,357.9,346.7,356.9,2297264,809933979.9,TQBR
2022-12-01,360.0,379.8,357.2,377.1,4505444,1662684746.1,TQBR
2022-12-02,378.0,382.6,368.2,375.1,4194701,1577502812.1,TQBR
2022-12-05,379.0,384.6,375.3,379.3,2709770,1032861038.3,TQBR
2022-12-06,379.0,379.0,372.1,375.1,1442288,541404055.9,TQBR
2022-12-07,373.7,379.3,361.2,378.0,3226306,1195018505.4,TQBR
2022-12-08,377.0,379.0,370.6,374.0,1669976,626094446.6,TQBR
2022-12-09,374.3,377.5,371.2,374.3,979440,367193062.4,TQBR
2022-12-12,373.9,377.8,367.1,369.0,719350,267611943.8,TQBR
2022-12-13,369.0,381.6,367.5,378.6,1882293,706274547.9,TQBR
2022-12-14,379.7,382.0,369.0,375.4,1723880,651850784.9,TQBR
2022-12-15,373.8,374.0,357.5,361.1,1716480,631674131.1,TQBR
2022-12-16,360.0,364.9,351.0,358.7,1433459,512729671.5,TQBR
2022-12-19,360.0,368.6,353.8,357.1,1176881,423475127.4,TQBR
2022-12-20,357.1,380.4,357.1,377.1,2453861,910569521.6,TQBR
2022-12-21,378.7,387.4,373.7,379.2,2463772,940625463.1,TQBR
2022-12-22,381.0,384.3,370.0,372.7,1404674,530008470.3,TQBR
2022-12-23,374.0,377.7,371.6,374.3,691435,259350295.3,TQBR
2022-12-26,374.3,378.9,373.8,377.2,589291,222046189.2,TQBR
2022-12-27,378.5,379.9,375.0,378.4,793618,300089612.6,TQBR
2022-12-28,378.5,379.0,370.2,371.9,762011,285254517.0,TQBR
2022-12-29,372.0,376.6,371.8,374.3,547561,205030519.8,TQBR
2022-12-30,374.5,375.2,368.1,371.2,582037,215922254.3,TQBR
2023-01-03,375.0,379.0,374.5,378.0,780312,294072301.7,TQBR
2023-01-04,378.3,383.7,376.0,382.8,929775,354176235.9,TQBR
2023-01-05,385.2,385.5,373.4,375.9,697002,263236938.1,TQBR
2023-01-06,375.8,378.5,372.4,378.4,354445,133147972.7,TQBR
2023-01-09,380.1,383.0,378.2,378.3,534084,203052436.0,TQBR
2023-01-10,378.1,379.2,374.7,377.9,459462,173299121.5,TQBR
2023-01-11,380.0,380.8,375.4,377.9,650876,246126633.3,TQBR
2023-01-12,377.8,389.8,375.2,387.3,1877978,720012664.2,TQBR
2023-01-13,388.4,404.6,385.0,403.0,2511542,1000307335.2,TQBR
2023-01-16,405.1,410.0,405.1,407.3,1250989,509262772.6,TQBR
2023-01-17,405.9,405.9,390.2,400.3,1459866,585567530.1,TQBR
2023-01-18,398.9,414.3,397.1,410.7,2004255,820063144.5,TQBR
2023-01-19,410.4,414.2,400.5,406.5,1834818,744319939.3,TQBR
2023-01-20,407.6,413.3,403.8,409.4,1131875,463120615.0,TQBR
2023-01-23,412.0,420.0,410.7,418.7,1627006,678338285.6,TQBR
2023-01-24,422.2,428.7,418.0,425.4,2285235,969068923.3,TQBR
2023-01-25,427.0,452.6,425.8,451.9,7251678,3195977630.6,TQBR
2023-01-26,456.4,484.0,454.2,483.5,7567066,3545348791.0,TQBR
2023-01-27,484.0,488.3,463.2,467.1,5130260,2410593282.7,TQBR
2023-01-30,469.2,481.3,460.5,475.9,3333735,1572146500.6,TQBR
2023-01-31,475.0,481.9,468.1,476.0,2495682,1184684073.3,TQBR
2023-02-01,479.5,494.8,478.0,493.8,3641091,1769663764.8,TQBR
2023-02-02,495.0,524.4,493.7,513.3,7442251,3793830125.7,TQBR
2023-02-03,514.0,520.9,494.0,507.5,5860923,2967354885.2,TQBR
2023-02-06,508.4,519.1,505.0,515.5,2073819,1066759324.2,TQBR
2023-02-07,518.4,519.8,508.4,514.4,1983246,1018275957.3,TQBR
2023-02-08,516.0,526.4,512.6,520.6,2774516,1443953519.6,TQBR
2023-02-09,521.0,526.0,513.2,515.9,1779381,926111359.1,TQBR
2023-02-10,512.0,515.8,504.4,513.7,1287008,658280099.4,TQBR
2023-02-13,513.7,522.0,512.3,514.9,991124,512536471.6,TQBR
2023-02-14,515.3,518.0,496.6,500.5,2284624,1157198997.2,TQBR
2023-02-15,492.2,494.6,448.1,465.8,7643145,3604696808.6,TQBR
2023-02-16,471.7,482.0,462.3,475.0,3535662,1673794243.1,TQBR
2023-02-17,467.5,478.5,462.0,473.2,2403724,1129334828.1,TQBR
2023-02-20,472.7,474.6,457.8,470.0,2722478,1268916288.7,TQBR
2023-02-21,469.5,496.4,469.4,487.8,4187121,2037776865.3,TQBR
2023-02-22,491.0,491.5,476.7,480.5,1775639,856684218.9,TQBR
2023-02-24,480.6,484.7,477.8,480.8,927008,446205397.7,TQBR
2023-02-27,470.0,492.3,469.9,489.0,1807463,873239131.2,TQBR
2023-02-28,492.0,502.0,489.2,499.4,1962593,969845826.9,TQBR
2023-03-01,503.3,511.9,502.0,510.1,2293310,1164839762.2,TQBR
2023-03-02,508.3,509.9,492.9,498.0,2702590,1353302512.7,TQBR
2023-03-03,500.0,508.2,500.0,506.8,1232217,621555075.7,TQBR
2023-03-06,510.8,515.3,508.6,510.3,1007241,515522877.8,TQBR
2023-03-07,511.4,511.4,500.3,506.8,1357927,686966749.3,TQBR
2023-03-09,505.9,510.5,503.4,507.9,1100750,558961398.7,TQBR
2023-03-10,507.0,510.7,504.0,508.2,1007830,511717884.5,TQBR
2023-03-13,513.0,545.0,511.7,544.6,5888054,3110586501.7,TQBR
2023-03-14,544.7,563.6,538.5,550.0,7042360,3891789455.1,TQBR
2023-03-15,550.0,559.6,532.8,549.4,5287267,2888240087.9,TQBR
2023-03-16,550.5,551.0,527.4,534.8,4093623,2198811106.5,TQBR
2023-03-17,538.1,553.3,535.7,546.5,2949483,1600768207.4,TQBR
2023-03-20,555.1,561.0,548.7,551.5,2425129,1344515251.4,TQBR
2023-03-21,549.0,552.1,537.6,540.7,1335792,727522899.8,TQBR
2023-03-22,540.5,558.9,536.0,557.5,2411532,1324586335.7,TQBR
2023-03-23,563.0,566.6,551.5,555.5,2310551,1293476728.6,TQBR
2023-03-24,554.8,562.6,544.4,556.6,1919333,1069625191.2,TQBR
2023-03-27,555.0,558.9,552.1,557.0,1084903,603005861.8,TQBR
2023-03-28,557.3,567.5,553.3,564.2,1789642,1003667437.8,TQBR
2023-03-29,561.1,563.2,555.0,558.9,1166189,653332866.4,TQBR
2023-03-30,560.8,567.5,558.1,565.5,1094184,615828414.4,TQBR
2023-03-31,567.4,571.5,560.0,562.9,1530024,864971318.2,TQBR
2023-04-03,560.0,568.7,557.0,565.2,1502499,846573127.4,TQBR
2023-04-04,566.0,584.0,562.1,581.0,2223806,1272169144.9,TQBR
2023-04-05,581.0,592.6,576.1,586.4,2337020,1369024441.1,TQBR
2023-04-06,586.0,588.2,581.1,582.1,979840,573199481.6,TQBR
2023-04-07,582.1,591.3,581.1,588.7,1252605,735843093.3,TQBR
2023-04-10,590.0,626.9,588.5,626.2,3658976,2237279090.9,TQBR
2023-04-11,629.5,660.9,624.1,642.7,6953767,4486864397.6,TQBR
2023-04-12,647.9,655.0,641.5,648.3,1708058,1108198076.1,TQBR
2023-04-13,654.0,684.7,648.1,684.6,3928254,2618059323.4,TQBR
2023-04-14,690.0,691.8,670.6,678.4,4065994,2761670894.4,TQBR
2023-04-17,680.7,689.4,678.1,683.9,1832719,1252008705.2,TQBR
2023-04-18,685.0,687.0,670.2,683.4,1355142,924267074.1,TQBR
2023-04-19,683.0,683.0,652.6,666.2,2355646,1579185123.4,TQBR
2023-04-20,668.2,677.4,653.4,672.4,1545196,1032864498.7,TQBR
2023-04-21,670.0,672.0,663.2,667.9,823907,550462501.4,TQBR
2023-04-24,668.1,676.8,666.7,674.8,651872,438972863.6,TQBR
2023-04-25,677.0,680.0,658.5,665.8,948520,635140011.8,TQBR
2023-04-26,668.7,671.7,661.0,663.2,663811,441987565.9,TQBR
2023-04-27,665.2,669.3,662.6,666.5,643836,428540870.5,TQBR
2023-04-28,668.5,668.6,623.0,653.7,1866088,1214745512.8,TQBR
2023-05-02,650.0,659.0,631.4,646.6,1514196,975976217.9,TQBR
2023-05-03,646.2,648.8,612.0,615.9,2225398,1397629827.0,TQBR
2023-05-04,616.0,650.0,616.0,650.0,2305968,1457265352.0,TQBR
2023-05-05,654.0,656.0,632.6,636.2,1553534,998427196.1,TQBR
2023-05-08,636.0,644.4,631.2,635.1,527940,337377054.3,TQBR
2023-05-10,639.0,688.9,639.0,682.7,4831479,3249735352.1,TQBR
2023-05-11,684.2,702.7,650.1,668.8,4958282,3396595310.9,TQBR
2023-05-12,674.5,679.6,662.9,673.1,1022579,686358594.7,TQBR
2023-05-15,679.9,689.6,676.1,686.1,1080590,737597748.6,TQBR
2023-05-16,688.5,688.5,672.5,676.9,1095181,742904947.2,TQBR
2023-05-17,677.0,677.0,662.3,670.6,1096239,731779084.9,TQBR
2023-05-18,670.0,670.4,652.7,655.1,926678,611713035.6,TQBR
2023-05-19,655.1,657.0,573.8,617.6,11493590,6963395250.5,TQBR
2023-05-22,628.9,630.0,587.0,592.4,3917482,2352001146.2,TQBR
2023-05-23,590.7,590.8,557.3,568.8,6848081,3888295159.2,TQBR
2023-05-24,568.4,608.6,561.1,606.1,4752584,2790605227.1,TQBR
2023-05-25,608.7,608.7,581.0,586.2,2135170,1265882329.1,TQBR
2023-05-26,586.2,607.8,586.2,607.0,1740240,1042494520.1,TQBR
2023-05-29,610.0,639.8,607.9,634.8,3460452,2163491761.3,TQBR
2023-05-30,620.8,664.4,602.1,625.4,6717923,4322513929.6,TQBR
2023-05-31,625.8,636.6,608.1,625.9,3907011,2430890484.0,TQBR
2023-06-01,617.5,639.8,615.5,622.7,1958107,1225814426.1,TQBR
2023-06-02,627.0,628.8,613.7,617.7,1133379,701837108.3,TQBR
2023-06-05,600.0,610.0,564.0,576.8,7131800,4160291748.0,TQBR
2023-06-06,575.2,577.2,546.0,572.2,4329175,2438206889.2,TQBR
2023-06-07,569.0,575.3,561.3,565.7,1606848,912096461.0,TQBR
2023-06-08,565.5,569.9,558.0,559.8,1409025,792430948.7,TQBR
2023-06-09,560.0,560.0,530.4,531.5,4792915,2592883110.6,TQBR
2023-06-13,522.2,556.5,516.0,550.1,5984330,3223652761.8,TQBR
2023-06-14,552.5,554.4,535.2,541.3,2928796,1585993333.0,TQBR
2023-06-15,539.9,540.0,528.3,538.0,2895421,1545841601.9,TQBR
2023-06-16,538.1,551.4,537.0,549.7,2886845,1576405646.0,TQBR
2023-06-19,552.7,560.0,543.8,548.7,2660895,1469668375.6,TQBR
2023-06-20,547.5,549.8,538.6,547.2,1700910,924746779.5,TQBR
2023-06-21,547.2,555.0,543.3,553.0,1161596,639972181.1,TQBR
2023-06-22,554.0,557.8,540.0,542.2,1546899,849898806.9,TQBR
2023-06-23,538.9,543.4,528.0,535.0,2151995,1152944474.7,TQBR
2023-06-26,538.0,544.8,520.0,538.0,2233627,1192253450.9,TQBR
2023-06-27,538.0,539.0,531.7,535.4,806022,431491201.2,TQBR
2023-06-28,535.0,536.2,528.0,536.0,817506,435078642.6,TQBR
2023-06-29,530.0,533.8,525.1,529.7,935574,496692125.5,TQBR
2023-06-30,529.5,531.1,517.4,523.4,1520475,794613773.6,TQBR
2023-07-03,524.5,554.5,521.5,552.6,2620500,1416179272.0,TQBR
2023-07-04,552.6,553.7,539.0,542.0,2178418,1188057561.9,TQBR
2023-07-05,542.0,550.0,540.3,544.2,988852,539559682.3,TQBR
2023-07-06,547.6,554.8,541.1,547.2,1375409,753791043.1,TQBR
2023-07-07,546.9,559.3,544.5,558.1,1664466,921874805.1,TQBR
2023-07-10,566.0,579.9,564.1,576.5,3887988,2228272746.7,TQBR
2023-07-11,580.0,586.2,573.2,581.2,2236570,1299902253.6,TQBR
2023-07-12,583.5,584.9,571.3,580.8,1236571,717730120.5,TQBR
2023-07-13,583.4,583.9,570.4,575.9,1168355,673253220.2,TQBR
2023-07-14,575.9,576.5,565.0,573.1,1260001,719987706.3,TQBR
2023-07-17,569.1,583.0,568.0,579.1,1445314,835312477.9,TQBR
2023-07-18,580.0,610.0,579.5,608.3,5485704,3289220575.0,TQBR
2023-07-19,611.0,623.0,598.2,603.3,5674986,3459830739.4,TQBR
2023-07-20,600.2,601.8,559.0,566.8,9588076,5514473512.5,TQBR
2023-07-21,563.7,576.0,543.3,563.4,3569441,1996958385.2,TQBR
2023-07-24,555.0,558.5,537.4,541.3,3076140,1682205419.1,TQBR
2023-07-25,542.0,595.0,541.3,556.4,2989247,1687745711.1,TQBR
2023-09-19,613.0,637.7,532.8,534.1,6574271,3769484217.8,TQBR
2023-09-20,529.0,542.0,499.1,527.4,2230856,1154667883.8,TQBR
2023-09-21,521.0,533.8,482.0,482.2,1689102,851474704.7,TQBR
2023-09-22,482.3,539.5,475.6,524.3,2544683,1295538912.8,TQBR
2023-09-25,535.0,557.8,526.3,548.3,3552956,1930688407.6,TQBR
2023-09-26,544.8,551.9,522.2,528.4,1340860,712230469.0,TQBR
2023-09-27,528.4,531.8,516.4,519.8,785625,412543203.4,TQBR
2023-09-28,520.0,523.4,516.6,519.5,513156,266300063.4,TQBR
2023-09-29,521.0,529.0,510.5,515.1,796083,415800908.1,TQBR
2023-10-02,516.4,524.9,501.2,503.9,1089203,559375279.8,TQBR
2023-10-03,505.6,505.9,492.4,502.0,942328,469804265.8,TQBR
2023-10-04,500.5,503.0,495.0,500.3,389162,194224248.7,TQBR
2023-10-05,500.8,504.4,496.0,499.9,416555,207795760.5,TQBR
2023-10-06,500.3,502.4,495.4,501.5,472147,235488681.3,TQBR
2023-10-09,503.9,529.0,502.8,525.7,1763303,915860431.7,TQBR
2023-10-10,525.3,525.3,515.0,520.9,798249,414695791.6,TQBR
2023-10-11,522.9,549.7,517.2,525.8,2498958,1338984546.7,TQBR
2023-10-12,524.0,541.6,520.0,537.5,1079368,578249025.4,TQBR
2023-10-13,537.6,548.7,537.6,545.5,1228956,668202712.8,TQBR
2023-10-16,549.2,564.8,546.0,561.0,1702399,949040034.2,TQBR
2023-10-17,562.7,563.0,550.0,557.9,785236,437797091.1,TQBR
2023-10-18,561.0,564.0,550.6,560.2,1059670,592366598.1,TQBR
2023-10-19,561.7,574.3,556.0,571.8,1607187,911272867.9,TQBR
2023-10-20,572.8,574.0,557.1,560.3,897611,506508314.9,TQBR
2023-10-23,563.0,563.6,543.0,548.6,1045855,576206242.5,TQBR
2023-10-24,547.0,549.8,538.3,545.7,725278,393808951.5,TQBR
2023-10-25,547.0,557.6,541.1,549.5,715528,393418462.3,TQBR
2023-10-26,552.5,558.5,541.1,543.0,730263,402572836.8,TQBR
2023-10-27,545.4,550.3,530.6,547.3,801006,432288098.6,TQBR
2023-10-30,551.0,557.7,545.1,547.7,711465,392973549.6,TQBR
2023-10-31,550.7,560.8,524.2,538.3,2123773,1144548948.7,TQBR
2023-11-01,538.3,545.0,535.2,543.5,462984,250442725.1,TQBR
2023-11-02,545.1,549.5,537.0,537.6,506895,275997689.3,TQBR
2023-11-03,537.6,543.7,529.0,539.1,718727,386501824.4,TQBR
2023-11-06,539.0,549.5,538.8,544.3,413149,225396686.0,TQBR
2023-11-07,544.3,547.0,541.0,541.9,365489,198848188.5,TQBR
2023-11-08,541.9,544.6,537.0,542.0,362492,196284199.1,TQBR
2023-11-09,545.5,545.5,538.2,540.0,377576,204717642.1,TQBR
2023-11-10,540.0,542.0,535.0,535.6,348431,187679363.7,TQBR
2023-11-13,535.6,538.8,530.3,533.3,469258,250599349.3,TQBR
2023-11-14,532.3,534.6,515.0,527.5,868501,454993779.8,TQBR
2023-11-15,527.5,532.0,521.0,528.5,374333,197288111.4,TQBR
2023-11-16,529.7,538.0,522.7,526.7,586525,312886851.2,TQBR
2023-11-17,526.7,537.1,523.9,529.1,456164,242466664.8,TQBR
2023-11-20,530.0,544.1,530.0,540.0,631257,340367387.5,TQBR
2023-11-21,541.7,567.0,539.3,564.3,1853808,1031971294.1,TQBR
2023-11-22,566.0,573.8,557.0,559.4,1279480,721716748.1,TQBR
2023-11-23,564.5,565.6,474.0,482.2,11292518,5740502501.3,TQBR
2023-11-24,480.0,480.8,391.2,395.5,13027013,5619260385.2,TQBR
2023-11-27,395.4,490.0,395.4,477.0,19412247,8819930769.6,TQBR
2023-11-28,484.0,540.0,458.1,514.4,18455096,9360509426.6,TQBR
2023-11-29,518.3,529.0,473.0,480.8,4813536,2379696889.6,TQBR
2023-11-30,480.2,497.0,461.4,475.8,3265365,1561354015.2,TQBR
2023-12-01,476.0,491.8,468.0,484.2,1976550,953789126.6,TQBR
2023-12-04,488.0,506.6,484.8,492.3,2304127,1148921173.4,TQBR
2023-12-05,495.4,511.0,493.3,504.9,1732875,872149053.8,TQBR
2023-12-06,505.9,509.6,495.0,502.0,1230136,617792838.4,TQBR
2023-12-07,500.0,512.0,500.0,510.1,1120057,567034963.0,TQBR
2023-12-08,514.0,515.0,495.1,500.0,1314054,662498844.0,TQBR
2023-12-11,490.0,510.0,481.7,497.6,1655387,818899337.9,TQBR
2023-12-12,499.7,503.0,493.3,495.5,646574,321929320.5,TQBR
2023-12-13,486.2,503.8,485.0,502.6,694658,345297429.7,TQBR
2023-12-14,505.0,508.0,495.0,498.6,688316,345941333.4,TQBR
2023-12-15,498.5,506.0,488.3,498.6,750094,374436894.9,TQBR
2023-12-18,498.6,510.4,497.4,504.6,702769,354717390.3,TQBR
2023-12-19,503.3,511.5,496.1,506.9,596801,301689665.2,TQBR
2023-12-20,508.4,509.7,503.2,504.8,473707,239726872.6,TQBR
2023-12-21,504.8,541.3,502.6,530.4,3865773,2039248410.9,TQBR
2023-12-22,534.8,546.0,530.0,537.8,1296638,698407087.9,TQBR
2023-12-25,537.0,548.4,537.0,540.0,630373,342397317.8,TQBR
2023-12-26,545.0,546.8,520.1,529.0,686653,363886412.5,TQBR
2023-12-27,529.0,530.2,508.0,512.6,897285,463452203.8,TQBR
2023-12-28,514.2,519.4,505.1,505.1,495362,252156741.9,TQBR
2023-12-29,505.6,514.0,505.0,506.1,427683,217718725.2,TQBR
2024-01-03,507.9,515.0,506.3,513.3,170122,87006147.4,TQBR
2024-01-04,514.7,514.7,506.0,510.6,217381,110865663.8,TQBR
2024-01-05,511.6,512.1,508.0,510.7,145744,74310485.5,TQBR
2024-01-08,511.3,516.0,509.0,511.3,239323,122633115.3,TQBR
2024-01-09,514.0,517.3,509.2,513.2,271701,139396314.8,TQBR
2024-01-10,513.3,522.0,512.1,516.3,312853,162146876.9,TQBR
2024-01-11,516.3,518.8,508.6,511.5,370242,189630901.2,TQBR
2024-01-12,513.5,515.8,507.8,511.5,554749,283832101.2,TQBR
2024-01-15,513.0,514.6,509.0,510.2,286651,146587604.5,TQBR
2024-01-16,510.3,513.5,504.3,511.8,471216,240360758.0,TQBR
2024-01-17,512.0,513.5,509.5,512.4,397015,203097640.5,TQBR
2024-01-18,510.8,516.0,509.0,509.6,440173,225055388.6,TQBR
2024-01-19,510.0,510.9,495.6,506.2,719218,361594045.6,TQBR
2024-01-22,506.0,508.7,500.5,501.7,259774,130954077.8,TQBR
2024-01-23,502.0,506.5,499.0,500.4,436186,218663949.7,TQBR
2024-01-24,501.0,502.2,499.3,500.1,273982,137124591.5,TQBR
2024-01-25,501.3,505.8,494.1,501.1,279050,139969569.9,TQBR
2024-01-26,501.4,502.4,494.9,498.4,297304,148065067.3,TQBR
2024-01-29,500.2,505.4,492.6,499.0,641151,320630890.6,TQBR
2024-01-30,498.5,502.0,493.0,496.4,424930,211269461.0,TQBR
2024-01-31,496.4,498.3,468.6,474.4,2565930,1229394995.3,TQBR
2024-02-01,474.5,476.9,457.7,461.0,1535857,712622688.5,TQBR
2024-02-02,461.0,468.9,453.0,464.0,779250,357353222.6,TQBR
2024-02-05,465.0,469.5,461.0,465.4,423136,196617400.4,TQBR
2024-02-06,466.4,467.0,462.2,464.3,293471,136349318.4,TQBR
2024-02-07,464.0,468.9,462.4,466.9,429201,200081641.6,TQBR
2024-02-08,473.9,481.8,463.2,468.0,1086549,515097836.9,TQBR
2024-02-09,469.9,471.0,457.7,462.0,413288,190843359.3,TQBR
2024-02-12,464.2,464.7,448.0,449.0,675334,306373856.2,TQBR
2024-02-13,450.0,454.7,448.5,450.3,387272,174736158.1,TQBR
2024-02-14,451.5,454.0,449.0,450.9,250060,112803760.9,TQBR
2024-02-15,451.0,454.6,447.0,449.5,410914,184618158.3,TQBR
2024-02-16,450.9,451.7,435.4,441.1,651612,288791693.5,TQBR
2024-02-19,444.0,444.9,395.2,399.5,5929376,2444997077.7,TQBR
2024-02-20,394.6,399.0,363.4,368.9,7140489,2676521240.4,TQBR
2024-02-21,368.7,368.9,336.0,352.0,7333746,2565286810.7,TQBR
2024-02-22,370.8,405.7,346.0,349.1,5635467,2043722665.9,TQBR
2024-02-26,350.0,359.9,341.1,353.2,1480474,519245341.2,TQBR
2024-02-27,354.9,355.0,345.1,349.2,932143,325358812.5,TQBR
2024-02-28,350.0,365.0,345.0,361.4,1698043,603131002.8,TQBR
2024-02-29,361.4,377.6,351.4,354.0,2899961,1059638949.2,TQBR
2024-03-01,354.0,358.8,350.0,355.2,566047,200795750.1,TQBR
2024-03-04,354.9,373.4,354.3,370.0,1938552,706278158.6,TQBR
2024-03-05,370.0,376.0,359.1,360.4,1482977,540066510.3,TQBR
2024-03-06,360.4,363.8,356.3,359.8,656790,236911002.2,TQBR
2024-03-07,359.0,361.9,347.1,349.1,1182062,416679443.5,TQBR
2024-03-11,350.5,361.7,350.5,356.1,1579711,562571503.1,TQBR
2024-03-12,357.2,359.5,350.0,352.0,680249,240862039.9,TQBR
2024-03-13,352.1,354.3,350.1,352.8,466620,164461723.9,TQBR
2024-03-14,353.4,353.4,347.0,350.5,431118,151026260.0,TQBR
2024-03-15,350.5,352.1,346.9,347.0,599223,209159900.4,TQBR
2024-03-18,349.4,349.4,338.0,338.8,1094702,373056854.4,TQBR
2024-03-19,338.4,339.7,332.2,333.8,742292,249479850.0,TQBR
2024-03-20,333.2,341.8,330.6,340.6,849335,286436344.9,TQBR
2024-03-21,341.9,343.5,330.8,332.5,904759,302669440.8,TQBR
2024-03-22,333.0,334.0,322.2,325.8,669537,220666385.8,TQBR
2024-03-25,326.0,328.8,323.0,327.2,380048,123832328.0,TQBR
2024-03-26,327.0,339.8,327.0,330.9,835340,279524918.4,TQBR
2024-03-27,331.2,331.6,319.5,320.5,742841,240689629.8,TQBR
2024-03-28,320.7,321.9,304.0,307.5,1317136,409167839.5,TQBR
2024-03-29,307.0,320.0,306.3,309.1,1029293,322922550.9,TQBR
2024-04-01,309.1,325.0,306.4,320.2,932949,296929106.1,TQBR
2024-04-02,320.2,340.0,320.2,330.9,1366526,455306856.6,TQBR
2024-04-03,331.3,349.7,331.3,346.5,1094592,375457504.1,TQBR
2024-04-04,346.5,346.6,331.7,332.9,566246,190549931.2,TQBR
2024-04-05,332.9,341.6,332.2,337.2,364066,123093025.0,TQBR
2024-04-08,340.0,345.0,330.1,334.0,600098,202212160.5,TQBR
2024-04-09,336.8,336.8,325.0,327.2,505805,166950853.6,TQBR
2024-04-10,328.7,332.0,325.1,325.7,268648,88090769.4,TQBR
2024-04-11,326.0,329.8,323.6,327.7,362823,118417387.9,TQBR
2024-04-12,328.0,345.0,326.8,328.1,1977775,664246089.2,TQBR
2024-04-15,330.0,333.8,326.0,328.7,387549,127528948.1,TQBR
2024-04-16,328.9,340.0,326.5,328.7,997542,330444891.8,TQBR
2024-04-17,331.6,335.0,328.5,330.8,596693,197536218.4,TQBR
2024-04-18,332.0,335.5,328.2,329.7,405353,134264684.9,TQBR
2024-04-19,330.7,331.0,326.5,326.7,327896,107614506.0,TQBR
2024-04-22,327.5,330.2,319.9,321.0,619553,200916944.0,TQBR
2024-04-23,321.1,322.4,316.6,319.1,422609,134975830.2,TQBR
2024-04-24,319.4,328.5,318.2,323.6,647639,209791366.9,TQBR
2024-04-25,323.7,326.0,320.0,320.7,387514,125169050.5,TQBR
2024-04-26,322.0,324.8,317.2,318.8,282982,90713877.5,TQBR
2024-04-27,318.8,320.0,315.0,317.4,195306,62084281.3,TQBR
2024-04-29,317.4,324.5,316.5,319.7,250890,80592940.6,TQBR
2024-04-30,319.7,322.0,315.8,316.1,267529,85084635.5,TQBR
2024-05-02,316.5,321.5,314.4,315.5,319266,101294331.6,TQBR
2024-05-03,315.9,324.9,314.7,316.5,427505,135759445.8,TQBR
2024-05-06,316.8,323.6,316.8,318.0,564403,180851025.6,TQBR
2024-05-07,318.1,320.8,314.0,315.6,309445,98160933.3,TQBR
2024-05-08,316.0,319.8,314.8,315.3,401372,127437747.4,TQBR
2024-05-10,316.7,322.5,316.7,319.5,729061,233097593.4,TQBR
2024-05-13,319.5,319.8,315.7,316.9,272689,86464751.3,TQBR
2024-05-14,316.3,318.0,314.6,315.4,218088,68900997.2,TQBR
2024-05-15,315.4,322.3,314.7,317.7,874866,278724250.7,TQBR
2024-05-16,318.0,318.2,315.2,315.9,197390,62413682.2,TQBR
2024-05-17,316.1,317.7,314.5,314.5,304936,96338677.9,TQBR
2024-05-20,315.3,320.0,305.0,307.3,900595,281544195.7,TQBR
2024-05-21,307.3,308.9,295.1,300.6,796974,240254040.1,TQBR
2024-05-22,300.6,305.9,299.0,301.3,214761,65080881.2,TQBR
2024-05-23,301.3,301.8,290.6,292.2,494230,145886547.1,TQBR
2024-05-24,292.2,294.2,280.4,282.3,471178,134853213.6,TQBR
2024-05-27,285.2,285.2,265.0,265.5,959543,262316938.8,TQBR
2024-05-28,265.5,280.3,263.8,270.9,648405,175965571.8,TQBR
2024-05-29,270.7,275.0,265.0,267.8,620652,167011869.8,TQBR
2024-05-30,267.8,270.0,248.4,253.6,880328,228936045.9,TQBR
2024-05-31,253.6,259.9,240.0,246.9,948247,238441778.8,TQBR
2024-06-03,247.9,266.9,247.7,259.7,1657888,424369423.1,TQBR
2024-06-04,259.8,263.0,249.5,253.9,922462,235227782.1,TQBR
2024-06-05,253.9,259.5,251.7,255.1,949195,243552718.5,TQBR
2024-06-06,255.7,260.8,255.7,258.0,497366,128336102.3,TQBR
2024-06-07,260.0,261.9,256.3,257.0,468677,121244957.8,TQBR
2024-06-10,258.4,276.9,257.7,269.9,1030894,275151016.7,TQBR
2024-06-11,270.1,274.9,251.3,260.0,1374244,358442487.1,TQBR
2024-06-13,256.7,269.9,250.8,260.9,805981,211908333.0,TQBR
2024-06-14,260.2,266.0,260.0,260.2,335244,87918751.5,TQBR
2024-06-17,263.8,264.1,257.0,257.4,262476,68428023.6,TQBR
2024-06-18,257.2,260.2,253.1,255.4,413207,106000807.7,TQBR
2024-06-19,255.5,256.6,243.1,247.1,341831,85044206.1,TQBR
2024-06-20,244.5,255.5,244.2,249.1,425858,106233327.7,TQBR
2024-06-21,249.5,256.4,248.4,250.1,423185,106622733.0,TQBR
2024-06-24,251.3,255.7,248.6,251.5,225816,56797671.5,TQBR
2024-06-25,224.7,236.7,182.8,211.3,10040496,2192592788.9,TQBR
2024-06-26,211.3,218.5,211.3,214.6,1696673,365189152.7,TQBR
2024-06-27,215.0,219.0,210.2,216.5,961772,206821627.7,TQBR
2024-06-28,215.7,216.8,214.0,215.5,438208,94311889.6,TQBR
2024-07-01,215.3,215.6,212.1,215.5,426575,91513264.0,TQBR
2024-07-02,215.0,215.4,203.0,204.0,972953,203308018.0,TQBR
2024-07-03,203.3,210.7,199.1,204.9,1312002,269177651.4,TQBR
2024-07-04,204.2,206.8,203.0,203.4,446480,91288587.7,TQBR
2024-07-05,203.5,204.9,198.4,201.3,496740,99989105.5,TQBR
2024-07-08,198.0,208.0,197.0,204.9,692073,139541169.9,TQBR
2024-07-09,204.3,204.9,199.2,200.0,563619,113279505.2,TQBR
2024-07-10,199.5,201.6,196.8,197.5,603272,120248927.8,TQBR
2024-07-11,196.4,206.4,195.1,204.0,678556,136190663.1,TQBR
2024-07-12,203.0,205.7,201.3,203.6,209444,42781272.3,TQBR
2024-07-15,204.2,212.0,203.4,210.7,566119,117922983.2,TQBR
2024-07-16,210.0,211.6,206.4,211.0,303512,63444995.8,TQBR
2024-07-17,210.3,211.5,205.3,208.0,247183,51542921.1,TQBR
2024-07-18,208.0,210.7,203.4,208.7,557017,115525956.6,TQBR
2024-07-19,208.5,208.7,205.6,205.6,248079,51361010.7,TQBR
2024-07-22,205.0,205.8,202.0,202.4,288280,58815239.5,TQBR
2024-07-23,202.3,210.0,200.3,207.0,441063,90694083.4,TQBR
2024-07-24,206.0,234.0,206.0,217.2,2227500,494797284.4,TQBR
2024-07-25,217.9,224.5,212.0,215.6,944513,205131099.8,TQBR
2024-07-26,215.6,220.4,211.4,213.1,690484,148417373.0,TQBR
2024-07-29,211.9,218.4,210.9,215.0,449898,96656629.8,TQBR
2024-07-30,213.5,230.7,213.1,219.0,720372,159981361.2,TQBR
2024-07-31,219.4,223.8,215.5,218.6,758198,165675396.2,TQBR
2024-08-01,220.1,227.8,218.1,221.0,600992,133335942.2,TQBR
2024-08-02,221.0,222.2,215.0,215.0,422596,91653077.2,TQBR
2024-08-05,214.9,224.6,210.6,215.1,486527,105407376.3,TQBR
2024-08-06,215.2,225.0,215.2,222.5,413862,91028542.8,TQBR
2024-08-07,222.7,229.0,215.7,226.1,785757,176381535.9,TQBR
2024-08-08,226.1,229.6,217.6,224.8,526262,118637021.7,TQBR
2024-08-09,224.8,227.7,221.5,226.4,315123,71071147.4,TQBR
2024-08-12,227.0,229.9,224.2,225.4,458735,104181237.4,TQBR
2024-08-13,225.4,232.0,224.8,228.3,593696,136250264.1,TQBR
2024-08-14,227.9,231.1,225.1,226.6,296754,67605440.5,TQBR
2024-08-15,225.9,236.4,223.6,229.6,791973,182577619.4,TQBR
2024-08-16,229.0,230.0,226.8,227.0,221340,50431696.2,TQBR
2024-08-19,228.7,234.7,226.1,230.0,474555,109348203.7,TQBR
2024-08-20,231.0,231.0,227.5,228.8,149945,34292931.6,TQBR
2024-08-21,228.5,233.3,228.5,233.2,307076,70915659.5,TQBR
2024-08-22,233.2,239.9,228.1,232.3,766358,180014467.9,TQBR
2024-08-23,230.6,235.8,230.6,233.0,324212,75782452.7,TQBR
2024-08-26,235.4,244.5,231.0,237.1,546617,130428594.5,TQBR
2024-08-27,236.5,238.8,234.0,235.0,294784,69634519.3,TQBR
2024-08-28,235.0,236.9,229.3,232.4,461414,107445822.5,TQBR
2024-08-29,230.1,239.3,230.1,236.6,398599,94309016.2,TQBR
2024-08-30,236.0,244.8,235.7,238.3,652137,156234904.5,TQBR
2024-09-02,237.9,239.1,236.5,238.0,315362,74942483.3,TQBR
2024-09-03,236.3,238.6,235.6,236.6,514651,122235962.7,TQBR
2024-09-04,235.9,237.2,235.7,236.9,337077,79614925.0,TQBR
2024-09-05,235.8,242.3,232.2,241.1,439720,104875141.1,TQBR
2024-09-06,239.2,248.0,239.2,244.2,391642,95828439.6,TQBR
2024-09-09,236.1,244.5,235.0,241.7,647423,156391278.0,TQBR
2024-09-10,241.6,248.5,241.3,245.3,569827,140245171.5,TQBR
2024-09-11,244.6,250.8,244.0,250.8,840736,209339866.2,TQBR
2024-09-12,249.7,251.0,245.4,248.1,419412,103856678.0,TQBR
2024-09-13,245.3,257.0,245.3,252.0,654439,165551802.6,TQBR
2024-09-16,249.0,266.1,248.0,264.7,940610,243527093.1,TQBR
2024-09-17,263.6,280.5,257.9,275.5,909407,250105601.9,TQBR
2024-09-18,274.0,280.0,270.1,272.2,1014253,278594735.5,TQBR
2024-09-19,270.0,278.5,261.2,261.4,1587921,427023302.3,TQBR
2024-09-20,258.1,280.3,255.1,256.1,1759512,470362270.6,TQBR
2024-09-23,253.0,272.4,240.0,270.0,2789087,710570806.3,TQBR
