date,open,high,low,close,volume,value,board
2006-02-17,770.0,770.0,170.0,202.0,18800,4180145.0,EQNE
2006-02-20,200.0,555.96,194.0,555.96,30400,12650462.0,EQNE
2006-02-21,555.98,556.94,235.0,260.0,52200,17804472.0,EQNE
2006-02-22,259.45,264.0,200.0,200.0,72600,17485046.0,EQNE
2006-02-26,161.0,320.0,161.0,230.0,80200,19623408.0,EQNE
2006-02-27,245.0,247.9,209.0,215.0,78400,17813463.0,EQNE
2006-02-28,218.0,229.8,195.0,200.0,39200,8074334.0,EQNE
2006-03-01,194.01,204.0,190.0,190.0,22500,4437369.0,EQNE
2006-03-02,190.0,199.0,165.0,173.9,151400,27224582.0,EQNE
2006-03-03,175.99,188.99,175.01,184.98,29900,5428725.0,EQNE
2006-03-06,188.5,188.5,147.66,164.93,152300,25287902.0,EQNE
2006-03-07,160.0,165.0,150.01,165.0,15200,2425790.0,EQNE
2006-03-09,151.01,169.0,150.0,165.0,22200,3570923.0,EQNE
2006-03-10,165.0,165.9,152.1,160.0,11100,1771572.0,EQNE
2006-03-13,160.0,167.0,156.0,161.0,25900,4188792.0,EQNE
2006-03-14,166.51,166.51,156.1,157.0,4800,762123.0,EQNE
2006-03-15,159.9,160.0,156.03,159.0,6000,953537.0,EQNE
2006-03-16,157.0,159.99,155.0,157.99,13000,2044676.0,EQNE
2006-03-17,169.5,169.5,158.01,160.0,26200,4201147.0,EQNE
2006-03-20,160.03,163.0,157.0,159.9,9800,1567346.0,EQNE
2006-03-21,160.0,160.0,148.0,148.5,84600,12738707.0,EQNE
2006-03-22,148.51,151.0,140.52,142.0,34100,4929230.0,EQNE
2006-03-23,141.0,141.0,131.03,134.5,90900,12307857.0,EQNE
2006-03-24,132.0,136.0,131.07,133.7,49000,6590409.0,EQNE
2006-03-27,134.0,136.5,131.0,133.0,12600,1685786.0,EQNE
2006-03-28,132.0,134.77,126.0,126.8,35700,4612648.0,EQNE
2006-03-29,123.62,129.0,115.0,129.0,91900,11019989.0,EQNE
2006-03-30,133.31,154.9,133.1,145.0,489700,69539575.0,EQNE
2006-03-31,149.97,157.0,145.97,151.0,173700,26117122.0,EQNE
2006-04-03,151.0,163.0,151.0,156.81,108900,17196325.0,EQNE
2006-04-04,157.0,159.8,152.02,155.0,109000,16932332.0,EQNE
2006-04-05,153.7,153.7,148.07,148.07,19800,2959528.0,EQNE
2006-04-06,148.07,158.0,146.1,153.0,17400,2676887.0,EQNE
2006-04-07,153.0,154.8,150.15,154.48,11300,1723676.0,EQNE
2006-04-10,153.02,157.6,153.0,155.0,31400,4835014.0,EQNE
2006-04-11,155.0,155.11,153.0,153.0,88600,13720440.0,EQNE
2006-04-12,153.0,153.0,150.03,152.85,10800,1638204.0,EQNE
2006-04-13,152.0,152.99,149.4,149.4,26500,4016708.0,EQNE
2006-04-14,148.01,150.0,147.22,150.0,6600,985477.0,EQNE
2006-04-17,148.35,151.64,148.0,149.0,23500,3484384.0,EQNE
2006-04-18,149.01,149.96,148.0,149.5,11100,1648978.0,EQNE
2006-04-19,149.99,149.99,148.0,149.5,5236,780813.83,EQNE
2006-04-20,148.2,150.5,148.04,149.9,4545,678986.31,EQNE
2006-04-21,148.91,149.8,148.01,148.01,2252,333969.65,EQNE
2006-04-24,148.03,148.98,147.0,148.49,6558,970106.38,EQNE
2006-04-25,148.2,148.99,135.01,148.66,31777,4671482.44,EQNE
2006-04-26,148.89,150.0,146.1,148.0,5392,802886.98,EQNE
2006-04-27,148.0,151.98,146.01,149.44,64751,9588274.82,EQNE
2006-04-28,149.07,151.0,148.6,150.0,10854,1633132.72,EQNE
2006-05-02,151.04,151.92,147.0,150.0,5929,883761.72,EQNE
2006-05-03,149.0,149.89,147.07,147.8,1603,237740.87,EQNE
2006-05-04,147.02,148.94,147.0,148.94,2167,318868.48,EQNE
2006-05-05,148.49,148.49,147.0,147.88,4064,598240.65,EQNE
2006-05-06,148.25,151.9,147.52,149.2,8975,1344946.65,EQNE
2006-05-10,153.83,153.83,148.0,148.0,4066,604848.23,EQNE
2006-05-11,147.11,151.49,147.0,148.47,51557,7622835.52,EQNE
2006-05-12,146.0,148.4,145.0,147.0,11306,1660205.63,EQNE
2006-05-15,144.04,144.04,135.7,138.45,15728,2192188.49,EQNE
2006-05-16,136.01,139.32,135.01,138.9,35785,4929105.72,EQNE
2006-05-17,139.9,142.99,135.0,136.99,29526,4093913.91,EQNE
2006-05-18,131.01,135.0,121.51,127.44,41813,5320255.79,EQNE
2006-05-19,126.99,129.6,125.0,125.0,4976,626989.37,EQNE
2006-05-22,125.0,125.0,105.0,108.3,69201,7953153.98,EQNE
2006-05-23,107.0,123.45,107.0,122.78,16325,1894671.94,EQNE
2006-05-24,125.0,125.0,117.05,118.0,6193,746049.21,EQNE
2006-05-25,117.02,130.0,117.02,123.56,10372,1298629.36,EQNE
2006-05-26,133.9,138.98,130.0,135.0,48919,6582626.62,EQNL
2006-05-29,138.44,138.44,125.22,127.12,12239,1605123.11,EQNL
2006-05-30,129.99,134.33,125.58,129.01,9019,1179375.4,EQNL
2006-05-31,130.4,130.4,125.02,129.98,4862,625812.78,EQNL
2006-06-01,126.08,135.0,126.08,130.0,12678,1667913.48,EQNL
2006-06-02,136.5,136.5,129.41,131.99,15727,2059000.23,EQNL
2006-06-05,134.4,134.4,128.24,128.8,13705,1781572.78,EQNL
2006-06-06,130.97,149.89,126.42,145.0,115780,16157067.65,EQNL
2006-06-07,150.0,155.0,137.7,139.1,79507,11659136.94,EQNL
2006-06-08,135.11,149.0,127.1,131.23,20891,2905292.78,EQNL
2006-06-09,135.0,136.0,129.0,132.0,14191,1853672.81,EQNL
2006-06-13,129.02,129.02,105.55,112.99,26839,3046842.18,EQNL
2006-06-14,110.0,115.0,102.25,114.9,7356,796600.43,EQNL
2006-06-15,119.9,120.0,111.31,115.0,19913,2306871.31,EQNL
2006-06-16,119.0,123.0,110.0,114.99,6022,709804.22,EQNL
2006-06-19,115.0,116.5,111.14,115.99,11981,1376397.57,EQNL
2006-06-20,110.02,115.0,110.01,114.0,7791,869968.0,EQNL
2006-06-21,114.0,115.0,111.0,113.99,20152,2291365.2,EQNL
2006-06-22,112.02,114.98,107.0,107.99,33479,3693161.74,EQNL
2006-06-23,109.38,109.38,105.45,108.46,12616,1353305.18,EQNL
2006-06-26,103.12,111.8,103.12,110.23,31122,3402521.54,EQNL
2006-06-27,105.15,110.0,105.15,110.0,14906,1631988.55,EQNL
2006-06-28,108.11,113.8,106.52,111.0,5317,579530.21,EQNL
2006-06-29,108.41,109.98,103.5,109.4,21126,2234252.66,EQNL
2006-06-30,109.8,112.0,105.15,111.1,14747,1629207.21,EQNL
2006-07-03,113.0,118.98,107.78,111.0,19869,2220574.28,EQNL
2006-07-04,107.26,114.5,107.26,113.98,15582,1749212.54,EQNL
2006-07-05,114.01,114.01,109.01,109.01,7924,879770.07,EQNL
2006-07-06,109.09,112.5,107.0,112.0,4845,534497.38,EQNL
2006-07-07,109.42,112.39,108.02,109.53,14624,1611465.89,EQNL
2006-07-10,113.0,113.0,106.15,110.87,8221,893365.09,EQNL
2006-07-11,111.99,113.0,108.5,108.7,10082,1100097.78,EQNL
2006-07-12,109.99,110.9,108.01,109.99,7864,860250.76,EQNL
2006-07-13,109.99,109.99,105.0,106.91,13433,1420327.57,EQNL
2006-07-14,105.0,108.95,104.49,107.96,1074,114692.86,EQNL
2006-07-17,105.61,107.35,102.01,105.23,6246,651611.54,EQNL
2006-07-18,104.99,104.99,100.2,103.9,6632,686129.78,EQNL
2006-07-19,105.05,107.0,103.1,104.99,8789,920751.31,EQNL
2006-07-20,106.51,109.0,104.11,107.97,19994,2143719.43,EQNL
2006-07-21,107.39,107.4,104.04,105.16,12377,1312090.68,EQNL
2006-07-24,103.58,106.38,102.05,106.0,12672,1333859.21,EQNL
2006-07-25,106.1,112.98,105.5,108.0,25819,2801629.26,EQNL
2006-07-26,109.74,114.0,109.74,112.95,30827,3463572.33,EQNL
2006-07-27,116.8,122.97,115.0,117.0,41582,4899851.99,EQNL
2006-07-28,118.97,119.49,115.53,116.8,17779,2092589.09,EQNL
2006-07-31,117.5,119.5,117.5,119.0,30867,3671831.61,EQNL
2006-08-01,117.3,120.88,117.0,117.02,6065,718040.7,EQNL
2006-08-02,117.09,118.9,116.51,117.65,5730,671981.29,EQNL
2006-08-03,119.0,119.99,116.02,118.38,11806,1395091.47,EQNL
2006-08-04,118.25,119.3,114.0,118.98,27116,3206347.86,EQNL
2006-08-07,119.11,122.99,114.07,118.9,9355,1101773.27,EQNL
2006-08-08,117.0,118.95,115.4,117.49,10118,1186603.48,EQNL
2006-08-09,117.0,118.5,116.01,117.95,19842,2329435.14,EQNL
2006-08-10,118.65,118.65,116.51,116.61,4909,573425.44,EQNL
2006-08-11,117.29,118.5,116.0,117.49,11807,1382145.08,EQNL
2006-08-14,116.02,119.15,116.02,117.5,18150,2136703.0,EQNL
2006-08-15,118.49,118.49,116.99,117.5,6041,709696.09,EQNL
2006-08-16,117.02,118.49,117.0,117.77,5618,659812.06,EQNL
2006-08-17,116.87,118.46,115.15,117.9,3302,387127.62,EQNL
2006-08-18,120.9,120.9,112.05,115.84,6597,765100.91,EQNL
2006-08-21,115.9,116.74,113.5,115.94,9588,1110350.79,EQNL
2006-08-22,116.69,118.1,114.55,117.7,10765,1261414.59,EQNL
2006-08-23,121.25,121.25,117.5,117.5,8889,1049593.43,EQNL
2006-08-24,117.0,118.48,116.31,117.8,5652,665771.56,EQNL
2006-08-25,116.55,118.91,110.0,117.0,13160,1530231.02,EQNL
2006-08-28,117.8,117.9,115.06,117.5,4432,517921.09,EQNL
2006-08-29,117.0,118.0,116.48,117.8,10596,1243565.86,EQNL
2006-08-30,116.2,118.5,116.2,118.5,7512,887009.84,EQNL
2006-08-31,118.61,118.83,117.13,117.99,6380,751964.67,EQNL
2006-09-01,117.9,118.9,117.0,118.34,5159,609485.22,EQNL
2006-09-04,118.34,118.34,116.95,117.98,13969,1635440.13,EQNL
2006-09-05,117.5,122.0,117.5,121.5,28003,3358686.46,EQNL
2006-09-06,121.5,123.0,118.14,120.0,16167,1964172.3,EQNL
2006-09-07,119.5,121.0,118.9,119.5,16736,2004856.7,EQNL
2006-09-08,120.0,120.0,116.06,119.7,1980,236201.71,EQNL
2006-09-11,120.0,120.0,117.01,118.0,33480,3947163.82,EQNL
2006-09-12,117.55,119.9,117.55,119.0,58885,7007671.9,EQNL
2006-09-13,118.0,121.0,118.0,120.88,8076,965364.74,EQNL
2006-09-14,121.0,121.88,119.0,120.0,9240,1108519.08,EQNL
2006-09-15,119.5,122.0,119.0,121.74,13249,1601225.37,EQNL
2006-09-18,121.5,126.0,121.5,125.0,17265,2151093.46,EQNL
2006-09-19,120.81,126.97,115.02,125.0,15030,1866988.31,EQNL
2006-09-20,125.99,125.99,122.01,123.46,2475,303099.73,EQNL
2006-09-21,121.34,124.5,118.3,120.0,6630,805988.8,EQNL
2006-09-22,122.11,122.11,118.0,121.6,19698,2374241.72,EQNL
2006-09-25,120.0,120.0,116.8,117.2,6787,804054.31,EQNL
2006-09-26,117.01,120.92,117.01,119.8,7004,839095.42,EQNL
2006-09-27,120.0,120.8,119.5,119.97,2034,244028.12,EQNL
2006-09-28,120.0,140.0,120.0,134.95,174726,23342603.35,EQNL
2006-09-29,138.2,139.0,133.0,135.36,54590,7453132.29,EQNL
2006-10-02,135.38,144.0,133.0,143.3,51721,7286873.74,EQNL
2006-10-03,143.0,154.0,141.0,153.0,116867,17544003.5,EQNL
2006-10-04,153.64,164.0,151.0,161.98,228730,36519285.8,EQNL
2006-10-05,164.0,168.99,155.2,160.99,166458,27349433.72,EQNL
2006-10-06,160.42,162.0,150.31,157.38,133478,20736197.72,EQNL
2006-10-09,157.38,159.35,150.06,153.1,62953,9799282.52,EQNL
2006-10-10,156.01,160.0,153.1,157.22,140780,21992752.13,EQNL
2006-10-11,157.0,157.0,154.0,155.97,36567,5671882.28,EQNL
2006-10-12,155.24,155.8,147.0,151.0,65746,9978971.97,EQNL
2006-10-13,151.18,153.0,147.0,150.69,41247,6215799.15,EQNL
2006-10-16,158.04,158.04,151.2,153.49,35234,5420416.7,EQNL
2006-10-17,159.08,159.08,151.8,151.9,31894,4913869.87,EQNL
2006-10-18,151.9,154.3,150.9,154.29,33020,5051814.32,EQNL
2006-10-19,154.1,154.1,147.54,148.99,61512,9246809.3,EQNL
2006-10-20,150.06,153.5,149.52,149.99,71638,10849117.24,EQNL
2006-10-23,154.58,154.58,151.66,153.6,45924,7028302.07,EQNL
2006-10-24,154.0,154.0,152.1,153.88,61229,9352613.97,EQNL
2006-10-25,154.24,155.35,152.78,154.04,44391,6838107.01,EQNL
2006-10-26,151.88,155.0,151.88,153.95,68403,10521517.93,EQNL
2006-10-27,152.51,153.98,150.5,151.79,18589,2822306.34,EQNL
2006-10-30,152.99,153.6,148.1,148.99,19320,2891713.18,EQNL
2006-10-31,149.5,149.51,147.1,148.1,9587,1426141.16,EQNL
2006-11-01,148.99,150.65,147.5,150.65,31185,4653328.53,EQNL
2006-11-02,150.65,150.86,149.0,149.9,5151,771746.53,EQNL
2006-11-03,149.01,150.0,149.0,149.97,5804,868846.98,EQNL
2006-11-07,150.0,151.74,149.53,150.9,66122,9928464.92,EQNL
2006-11-08,150.14,150.14,149.5,149.5,11631,1742762.47,EQNL
2006-11-09,149.51,151.94,148.78,149.1,67316,10081030.22,EQNL
2006-11-10,150.0,150.0,145.25,148.9,50366,7484428.51,EQNL
2006-11-13,149.49,150.0,148.0,148.6,22324,3324384.24,EQNL
2006-11-14,149.99,150.0,147.0,148.1,30353,4531633.52,EQNL
2006-11-15,149.47,149.5,148.1,148.53,5936,884103.39,EQNL
2006-11-16,148.53,149.9,148.13,149.69,3013,449683.71,EQNL
2006-11-17,149.77,150.0,148.25,149.0,50537,7535557.93,EQNL
2006-11-20,148.16,150.3,147.99,149.73,10543,1569485.37,EQNL
2006-11-21,149.0,149.97,148.5,149.48,12281,1830507.29,EQNL
2006-11-22,150.0,150.0,148.0,149.0,10717,1600662.31,EQNL
2006-11-23,148.58,152.0,148.04,150.0,163184,24463248.8,EQNL
2006-11-24,151.83,151.83,149.0,149.02,9051,1351952.68,EQNL
2006-11-27,150.0,150.0,149.0,149.91,30543,4562135.02,EQNL
2006-11-28,149.21,149.9,149.0,149.2,9303,1386980.49,EQNL
2006-11-29,149.11,151.0,149.1,149.99,32838,4922489.24,EQNL
2006-11-30,149.8,149.97,148.52,149.97,41267,6157887.45,EQNL
2006-12-01,149.89,150.0,147.5,149.69,25132,3731429.77,EQNL
2006-12-04,149.8,149.8,147.72,148.0,11776,1746037.96,EQNL
2006-12-05,150.41,150.41,148.0,149.0,16924,2518623.73,EQNL
2006-12-06,149.0,149.74,148.51,149.41,17621,2625612.84,EQNL
2006-12-07,149.7,149.99,148.5,148.58,31820,4740276.5,EQNL
2006-12-08,149.0,149.3,148.05,148.98,17782,2642638.0,EQNL
2006-12-11,149.4,149.49,148.01,148.7,11536,1715568.18,EQNL
2006-12-12,149.0,166.5,149.0,153.19,660691,103071501.52,EQNL
2006-12-13,153.45,154.97,145.68,150.34,96052,14385823.4,EQNL
2006-12-14,150.01,154.4,150.0,153.99,40766,6221001.82,EQNL
2006-12-15,153.51,156.99,150.01,155.01,124259,19212283.11,EQNL
2006-12-18,155.9,158.0,155.9,156.77,42090,6593633.28,EQNL
2006-12-19,156.8,172.99,152.0,168.9,401954,66934491.12,EQNL
2006-12-20,169.02,178.8,168.9,178.5,292454,50955693.56,EQNL
2006-12-21,178.59,181.0,174.21,177.0,134874,23889558.87,EQNL
2006-12-22,177.2,181.0,174.88,177.0,83646,14897562.93,EQNL
2006-12-25,177.99,177.99,173.06,175.5,45646,8015271.16,EQNL
2006-12-26,175.97,177.3,173.52,175.86,64609,11301759.41,EQNL
2006-12-27,173.71,176.4,173.71,176.0,60723,10630619.68,EQNL
2006-12-28,176.09,191.0,175.0,186.0,205798,38208367.56,EQNL
2006-12-29,187.5,191.0,186.0,191.0,53288,10069901.9,EQNL
2007-01-09,190.0,197.9,178.6,186.98,147106,27791969.54,EQNL
2007-01-10,186.96,190.23,174.5,175.0,169985,30243992.37,EQNL
2007-01-11,175.0,182.99,174.0,182.99,156257,28224350.7,EQNL
2007-01-12,183.0,187.98,180.0,184.49,89496,16491966.69,EQNL
2007-01-15,176.45,197.87,176.45,197.86,221677,42733018.64,EQNL
2007-01-16,197.9,216.5,197.9,200.7,1365627,282816461.43,EQNL
2007-01-17,202.0,206.0,191.01,194.0,509071,101715509.18,EQNL
2007-01-18,197.0,199.9,185.0,189.0,227707,43543264.49,EQNL
2007-01-19,188.0,190.6,181.21,190.6,82384,15372109.08,EQNL
2007-01-22,190.8,197.0,189.98,195.1,175963,34213243.2,EQNL
2007-01-23,195.1,195.1,189.0,190.0,230452,43874270.63,EQNL
2007-01-24,192.4,192.4,186.5,189.99,270464,50846992.78,EQNL
2007-01-25,189.15,191.0,186.0,187.0,341383,64035183.72,EQNL
2007-01-26,187.04,187.8,184.1,185.0,145384,27040104.85,EQNL
2007-01-29,185.0,185.0,177.77,178.0,114533,20703397.83,EQNL
2007-01-30,178.01,178.01,172.07,177.2,105204,18283380.3,EQNL
2007-01-31,180.0,180.0,173.35,174.76,77530,13548011.34,EQNL
2007-02-01,175.21,178.5,174.76,177.0,87296,15399710.31,EQNL
2007-02-02,178.3,178.76,174.05,176.02,64090,11285612.4,EQNL
2007-02-05,177.87,178.65,176.03,177.3,33849,5988013.34,EQNL
2007-02-06,176.0,178.5,175.0,178.0,88641,15657400.37,EQNL
2007-02-07,177.63,184.7,174.5,183.0,341146,61549390.56,EQNL
2007-02-08,188.53,188.53,178.02,180.78,88492,16003345.36,EQNL
2007-02-09,180.0,182.29,178.0,179.02,62371,11243902.68,EQNL
2007-02-12,179.0,179.75,171.0,171.71,25805,4522119.94,EQNL
2007-02-13,172.0,183.0,168.2,182.9,86785,15381338.64,EQNL
2007-02-14,183.0,183.0,177.53,180.0,54364,9781675.76,EQNL
2007-02-15,180.01,180.4,178.02,179.0,44886,8040098.34,EQNL
2007-02-16,179.7,179.93,177.45,179.8,31005,5532916.55,EQNL
2007-02-19,179.8,180.5,178.02,179.0,35261,6315683.37,EQNL
2007-02-20,180.0,180.0,177.31,178.39,32884,5870352.89,EQNL
2007-02-21,179.87,179.87,175.53,177.0,34883,6207863.1,EQNL
2007-02-22,177.0,179.3,176.5,177.4,81239,14405730.63,EQNL
2007-02-26,178.48,179.45,175.05,176.76,56527,10007272.66,EQNL
2007-02-27,175.9,177.0,168.0,170.0,130112,22537463.53,EQNL
2007-02-28,167.0,168.0,153.0,168.0,134248,21854922.28,EQNL
2007-03-01,168.9,168.9,153.04,164.63,103225,16637965.87,EQNL
2007-03-02,164.0,164.0,157.0,161.15,55046,8801405.89,EQNL
2007-03-05,158.04,158.04,150.11,156.8,77689,11897060.02,EQNL
2007-03-06,158.98,161.99,156.04,160.0,43986,7054587.77,EQNL
2007-03-07,163.0,163.7,158.07,159.45,20776,3311568.23,EQNL
2007-03-09,156.3,165.79,156.3,163.7,65366,10644690.8,EQNL
2007-03-12,164.0,164.5,160.55,162.8,42117,6841661.44,EQNL
2007-03-13,162.8,164.0,161.3,162.7,11000,1792240.36,EQNL
2007-03-14,154.78,162.5,153.0,160.0,119029,18680982.71,EQNL
2007-03-15,161.77,165.98,159.01,161.0,50866,8213353.05,EQNL
2007-03-16,162.5,162.5,160.1,161.0,11570,1866666.76,EQNL
2007-03-19,160.58,165.49,160.58,162.55,25360,4120559.04,EQNL
2007-03-20,162.51,162.98,159.0,161.34,26523,4254529.1,EQNL
2007-03-21,161.38,172.52,160.7,172.4,97961,16287442.3,EQNL
2007-03-22,170.74,175.5,169.07,174.69,62594,10816298.08,EQNL
2007-03-23,174.5,174.5,171.4,171.41,24697,4267827.95,EQNL
2007-03-26,173.68,173.68,170.0,172.96,28218,4837058.74,EQNL
2007-03-27,176.81,176.81,167.0,169.39,27836,4734369.58,EQNL
2007-03-28,169.16,170.69,166.02,168.55,30449,5138849.11,EQNL
2007-03-29,169.1,170.3,167.01,168.24,14006,2363950.65,EQNL
2007-03-30,168.37,169.98,166.5,167.2,14351,2408800.73,EQNL
2007-04-02,166.03,167.0,163.1,165.9,14383,2371696.04,EQNL
2007-04-03,165.89,166.5,164.5,166.3,16329,2703703.25,EQNL
2007-04-04,167.5,167.5,162.0,165.95,30473,4998742.35,EQNL
2007-04-05,165.9,174.0,165.81,174.0,114428,19608636.16,EQNL
2007-04-06,174.5,183.9,174.5,180.1,188470,33905069.71,EQNL
2007-04-09,181.68,182.2,177.1,177.5,128995,23057846.79,EQNL
2007-04-10,177.99,178.0,173.56,177.37,64682,11346578.75,EQNL
2007-04-11,175.14,177.39,174.0,174.17,44272,7740984.52,EQNL
2007-04-12,173.75,174.98,170.74,173.01,66674,11515313.54,EQNL
2007-04-13,174.4,175.5,171.04,175.5,55169,9627410.14,EQNL
2007-04-16,176.25,176.25,173.12,175.2,24491,4291341.36,EQNL
2007-04-17,175.0,175.0,172.07,173.13,29174,5064138.94,EQNL
2007-04-18,173.0,173.69,170.12,171.35,37937,6509218.46,EQNL
2007-04-19,170.0,170.0,165.26,169.5,34581,5817750.47,EQNL
2007-04-20,169.98,178.98,165.0,175.49,144727,25225149.21,EQNL
2007-04-23,175.2,178.2,168.01,170.99,87681,15130830.11,EQNL
2007-04-24,171.01,172.96,169.03,171.79,27829,4753707.61,EQNL
2007-04-25,169.66,171.35,167.42,170.5,25525,4313920.16,EQNL
2007-04-26,171.0,173.49,169.01,170.8,17892,3055150.08,EQNL
2007-04-27,170.75,173.5,169.3,170.98,114124,19598959.14,EQNL
2007-04-28,172.98,178.9,172.0,177.9,116816,20642496.81,EQNL
2007-05-02,178.01,181.47,176.52,177.14,48195,8625042.51,EQNL
2007-05-03,177.0,182.0,176.5,180.85,63772,11516337.41,EQNL
2007-05-04,181.0,182.0,180.2,181.31,27063,4908604.02,EQNL
2007-05-07,181.51,184.0,181.4,184.0,92204,16859105.82,EQNL
2007-05-08,184.57,185.0,180.02,181.0,71132,13040261.9,EQNL
2007-05-10,182.0,183.47,177.77,178.49,71269,12844718.06,EQNL
2007-05-11,177.07,178.3,172.0,172.03,93558,16282118.4,EQNL
2007-05-14,174.0,175.4,169.0,175.37,132617,22822321.81,EQNL
2007-05-15,175.48,175.88,172.0,175.0,95079,16593927.84,EQNL
2007-05-16,175.0,178.0,174.0,176.11,85483,15026804.68,EQNL
2007-05-17,178.49,180.0,175.2,176.06,29333,5175176.56,EQNL
2007-05-18,177.98,179.94,174.11,178.01,19187,3422714.41,EQNL
2007-05-21,178.15,182.13,178.0,178.32,7179,1295929.04,EQNL
2007-05-22,180.3,180.49,177.03,177.58,39157,6995290.92,EQNL
2007-05-23,178.0,178.0,174.03,176.6,24109,4251093.58,EQNL
2007-05-24,173.48,174.5,168.2,173.99,31375,5426455.47,EQNL
2007-05-25,173.4,178.0,170.0,175.12,39900,6995503.13,EQNL
2007-05-28,173.5,176.76,172.02,172.61,35996,6303500.25,EQNL
2007-05-29,172.61,174.2,168.02,168.25,29489,5079141.73,EQNL
2007-05-30,167.0,171.49,167.0,170.0,81042,13743361.31,EQNL
2007-05-31,172.61,175.98,170.1,175.0,27214,4737899.47,EQNL
2007-06-01,176.79,179.0,175.0,178.5,35103,6196670.23,EQNL
2007-06-04,178.99,178.99,170.5,174.52,74104,12887064.78,EQNL
2007-06-05,172.0,175.73,172.0,174.79,11315,1966138.63,EQNL
2007-06-06,173.63,174.37,162.0,171.01,38360,6519300.49,EQNL
2007-06-07,171.01,173.33,169.01,170.15,14394,2464843.29,EQNL
2007-06-08,170.15,173.0,168.0,172.2,20295,3467104.29,EQNL
2007-06-09,172.98,174.44,171.0,174.0,10610,1836838.41,EQNL
2007-06-13,173.52,173.52,170.73,171.0,75781,12959893.54,EQNL
2007-06-14,172.34,172.98,170.0,171.6,43398,7458192.47,EQNL
2007-06-15,172.99,174.0,172.5,173.25,23031,3996445.72,EQNL
2007-06-18,174.27,175.01,172.5,173.0,80021,13881248.69,EQNL
2007-06-19,173.0,173.5,170.16,172.0,44072,7608177.45,EQNL
2007-06-20,176.0,176.0,170.5,175.47,98326,17198673.26,EQNL
2007-06-21,165.75,176.3,165.75,175.61,123662,21687151.13,EQNL
2007-06-22,176.28,195.0,176.1,182.7,220448,40612107.29,EQNL
2007-06-25,181.84,186.99,180.0,183.35,81259,14826712.97,EQNL
2007-06-26,182.02,184.0,182.02,183.0,24275,4439549.65,EQNL
2007-06-27,182.15,194.0,181.02,187.88,304721,57137006.68,EQNL
2007-06-28,188.0,190.99,185.35,190.01,136918,25690955.98,EQNL
2007-06-29,193.5,199.0,189.0,193.66,304119,58858746.69,EQNL
2007-07-02,193.5,198.0,193.0,193.95,240643,46871649.36,EQNL
2007-07-03,198.75,205.0,192.0,197.01,298746,59561160.33,EQNL
2007-07-04,196.99,197.48,192.95,195.6,75172,14587645.67,EQNL
2007-07-05,192.12,196.99,192.12,194.11,72779,14192261.63,EQNL
2007-07-06,193.02,194.5,192.3,192.4,19368,3737999.09,EQNL
2007-07-09,192.28,195.0,192.0,193.31,37154,7216714.9,EQNL
2007-07-10,192.8,194.74,191.01,191.89,22759,4382263.78,EQNL
2007-07-11,200.6,200.6,188.12,190.95,43927,8403243.33,EQNL
2007-07-12,190.93,192.0,190.0,190.0,53459,10208926.74,EQNL
2007-07-13,191.97,191.97,186.15,188.9,68067,12927863.76,EQNL
2007-07-16,189.6,189.6,186.0,187.99,116209,21701411.36,EQNL
2007-07-17,186.14,187.97,184.05,185.48,109525,20266190.46,EQNL
2007-07-18,185.01,188.0,180.91,187.99,23964,4454033.86,EQNL
2007-07-19,189.0,189.99,187.0,189.94,165418,31108187.01,EQNL
2007-07-20,190.5,192.0,188.0,188.2,8369,1581961.03,EQNL
2007-07-23,188.0,189.8,187.99,189.8,15356,2897910.01,EQNL
2007-07-24,188.3,190.0,186.06,189.85,80216,15110104.8,EQNL
2007-07-25,188.8,189.0,187.0,188.0,68291,12849456.93,EQNL
2007-07-26,187.5,189.89,184.87,185.56,40305,7530130.48,EQNL
2007-07-27,184.65,186.23,176.22,186.23,16321,2966360.31,EQNL
2007-07-30,185.22,187.0,184.99,186.79,29782,5537651.52,EQNL
2007-07-31,187.59,191.9,186.96,191.0,53782,10262233.11,EQNL
2007-08-01,190.99,190.99,185.01,188.63,29497,5541532.65,EQNL
2007-08-02,190.0,190.82,181.07,190.82,17234,3225220.55,EQNL
2007-08-03,190.99,191.17,187.75,187.75,8434,1593634.4,EQNL
2007-08-06,187.0,190.0,185.05,188.5,16079,3022283.71,EQNL
2007-08-07,190.99,191.0,187.01,188.25,8061,1512737.64,EQNL
2007-08-08,188.5,189.25,186.99,188.75,39820,7507788.57,EQNL
2007-08-09,189.25,189.33,185.15,187.0,21575,4043968.53,EQNL
2007-08-10,184.55,185.99,177.68,180.5,125502,23016890.99,EQNL
2007-08-13,180.99,184.0,180.99,183.25,19910,3630119.54,EQNL
2007-08-14,182.59,182.59,180.2,180.2,24350,4404243.35,EQNL
2007-08-15,176.6,178.49,176.2,176.2,5788,1021783.44,EQNL
2007-08-16,174.5,175.19,169.54,170.13,29469,5050825.46,EQNL
2007-08-17,170.49,179.78,168.03,174.5,21617,3714031.42,EQNL
2007-08-20,175.0,175.47,172.51,174.0,7335,1282098.23,EQNL
2007-08-21,174.99,175.9,171.0,173.99,14129,2442109.83,EQNL
2007-08-22,173.0,174.0,169.55,172.0,26160,4465216.32,EQNL
2007-08-23,173.38,174.9,171.5,172.0,12923,2224498.34,EQNL
2007-08-24,172.0,174.25,172.0,173.5,20527,3554153.29,EQNL
2007-08-27,173.76,178.0,173.75,176.5,19200,3393630.64,EQNL
2007-08-28,177.29,177.31,175.75,177.25,18792,3326824.4,EQNL
2007-08-29,175.0,177.0,174.0,176.75,11983,2109101.9,EQNL
2007-08-30,176.01,177.99,176.0,176.75,11472,2030259.18,EQNL
2007-08-31,177.89,177.9,176.0,176.0,50462,8895093.98,EQNL
2007-09-03,176.5,179.0,176.0,177.0,9006,1596797.33,EQNL
2007-09-04,177.0,177.25,176.0,177.0,423,74902.22,EQNL
2007-09-05,177.0,179.5,176.01,179.0,14014,2504457.36,EQNL
2007-09-06,179.5,179.5,177.0,179.0,88215,15745791.55,EQNL
2007-09-07,179.0,181.91,174.03,175.0,23364,4168625.07,EQNL
2007-09-10,171.0,176.1,171.0,172.19,45823,8042862.47,EQNL
2007-09-11,173.6,174.69,172.27,173.99,10957,1894965.89,EQNL
2007-09-12,174.0,174.99,172.0,173.0,49258,8526434.24,EQNL
2007-09-13,174.97,175.0,170.3,173.5,13328,2299850.13,EQNL
2007-09-14,173.5,174.25,172.6,173.0,5354,929214.08,EQNL
2007-09-17,171.16,173.0,169.0,169.04,15160,2595135.96,EQNL
2007-09-18,169.51,172.0,169.51,170.0,44275,7533496.77,EQNL
2007-09-19,172.5,174.26,169.58,169.8,76109,12967016.04,EQNL
2007-09-20,170.94,170.94,166.51,169.5,49060,8275864.82,EQNL
2007-09-21,169.38,169.5,166.63,168.88,44675,7505536.08,EQNL
2007-09-24,168.01,171.99,167.51,171.99,304734,51326881.62,EQNL
2007-09-25,171.99,171.99,168.69,171.01,489013,83431798.6,EQNL
2007-09-26,171.2,172.8,170.35,172.5,75966,13066066.34,EQNL
2007-09-27,171.76,174.98,171.76,174.3,29572,5134618.7,EQNL
2007-09-28,176.2,177.77,173.1,175.9,46156,8138596.93,EQNL
2007-10-01,176.0,177.98,173.2,175.0,124351,21768350.53,EQNL
2007-10-02,178.15,188.0,176.01,187.0,94437,17256838.81,EQNL
2007-10-03,187.47,187.47,180.0,180.0,18500,3375389.21,EQNL
2007-10-04,179.0,181.26,176.7,178.0,19375,3455449.18,EQNL
2007-10-05,178.88,179.74,177.6,177.6,9030,1609160.53,EQNL
2007-10-08,178.0,178.94,175.5,178.94,14956,2656694.86,EQNL
2007-10-09,177.6,178.5,177.4,178.5,7464,1330038.55,EQNL
2007-10-10,178.5,179.0,177.53,178.7,9890,1762912.84,EQNL
2007-10-11,178.7,182.0,173.57,180.0,19591,3525630.16,EQNL
2007-10-12,177.0,182.0,174.0,181.7,18779,3377836.17,EQNL
2007-10-15,181.01,182.0,179.0,181.98,13666,2472170.9,EQNL
2007-10-16,181.0,181.97,178.0,181.97,23527,4261404.32,EQNL
2007-10-17,181.97,182.0,176.14,182.0,18335,3321522.42,EQNL
2007-10-18,181.75,182.5,181.0,181.5,16926,3072475.79,EQNL
2007-10-19,181.25,181.75,181.0,181.7,10044,1822946.0,EQNL
2007-10-22,180.63,181.98,177.15,181.75,16529,2994947.15,EQNL
2007-10-23,181.97,182.5,181.5,182.0,4646,846154.87,EQNL
2007-10-24,182.0,183.0,180.99,182.35,8726,1589995.0,EQNL
2007-10-25,182.5,187.97,182.0,186.99,69519,12849022.89,EQNL
2007-10-26,187.0,188.0,184.0,185.0,304950,56629808.02,EQNL
2007-10-29,186.0,186.5,184.0,186.0,264939,49150926.41,EQNL
2007-10-30,185.0,185.75,184.0,185.1,68932,12770571.22,EQNL
2007-10-31,185.05,187.5,185.0,187.07,145054,26858705.01,EQNL
2007-11-01,188.5,189.9,185.0,185.75,42509,7953202.5,EQNL
2007-11-02,186.0,187.0,183.04,186.5,73171,13674933.5,EQNL
2007-11-06,186.65,187.0,185.54,186.0,178435,33248485.5,EQNL
2007-11-07,186.0,186.25,184.0,184.0,5619,1041843.54,EQNL
2007-11-08,185.0,185.0,182.51,183.62,2221,410472.25,EQNL
2007-11-09,186.2,186.2,180.01,181.88,10594,1929427.08,EQNL
2007-11-12,181.87,182.98,178.53,179.99,28664,5186131.86,EQNL
2007-11-13,178.6,179.99,176.5,178.0,38652,6859213.32,EQNL
2007-11-14,179.99,180.93,178.0,179.5,4593,824284.79,EQNL
2007-11-15,179.5,180.97,178.0,178.5,19558,3516537.33,EQNL
2007-11-16,176.5,178.96,175.78,177.0,2965,524217.61,EQNL
2007-11-19,176.5,177.99,176.1,176.1,1224,216359.37,EQNL
2007-11-20,176.02,176.02,172.4,174.0,14651,2565978.43,EQNL
2007-11-21,174.05,174.05,173.05,173.9,5382,935840.46,EQNL
2007-11-22,173.9,174.5,170.75,171.53,11897,2045763.57,EQNL
2007-11-23,171.53,172.0,171.53,172.0,5043,866140.74,EQNL
2007-11-26,172.49,172.5,171.5,172.49,7250,1247079.44,EQNL
2007-11-27,172.0,172.5,171.0,171.1,3635,623822.62,EQNL
2007-11-28,171.1,173.4,170.07,173.4,3146,541498.86,EQNL
2007-11-29,175.98,175.98,172.41,173.5,46922,8149369.36,EQNL
2007-11-30,173.97,174.0,171.0,172.5,22607,3887962.36,EQNL
2007-12-03,172.56,172.89,171.02,171.3,10417,1794911.57,EQNL
2007-12-04,171.32,181.0,171.0,179.99,101866,18079775.59,EQNL
2007-12-05,180.0,187.0,180.0,181.3,77031,14247589.18,EQNL
2007-12-06,180.81,183.75,179.78,180.02,5383,973601.7,EQNL
2007-12-07,183.49,183.49,178.01,178.88,46758,8402074.39,EQNL
2007-12-10,178.9,179.3,176.0,177.49,67340,11951227.85,EQNL
2007-12-11,177.96,179.0,176.0,176.96,26560,4699146.99,EQNL
2007-12-12,176.83,177.94,175.0,177.94,16599,2926228.52,EQNL
2007-12-13,176.0,176.87,175.0,175.99,1916,336573.06,EQNL
2007-12-14,176.0,178.0,175.0,175.1,10060,1774131.82,EQNL
2007-12-17,175.1,175.1,173.02,173.8,4124,717425.83,EQNL
2007-12-18,174.99,175.59,173.85,173.85,2244,392493.43,EQNL
2007-12-19,175.3,175.3,173.88,173.9,9779,1702916.29,EQNL
2007-12-20,175.89,175.89,173.02,173.89,7803,1355567.81,EQNL
2007-12-21,180.0,194.58,180.0,182.0,204058,37843377.69,EQNL
2007-12-24,185.31,186.03,180.37,183.83,121880,22336075.38,EQNL
2007-12-25,184.73,185.65,180.52,180.8,16907,3079718.79,EQNL
2007-12-26,181.91,183.76,179.02,180.0,15234,2770161.53,EQNL
2007-12-27,180.0,180.59,178.17,179.15,14399,2586017.39,EQNL
2007-12-28,178.07,180.92,177.75,179.69,39620,7065765.98,EQNL
2008-01-09,177.83,179.39,176.5,177.02,10507,1861771.32,EQNL
2008-01-10,181.66,181.66,174.05,178.4,31964,5628491.41,EQNL
2008-01-11,177.0,178.7,175.1,177.5,7877,1404326.16,EQNL
2008-01-14,177.5,178.79,177.5,178.79,7951,1416957.72,EQNL
2008-01-15,179.0,179.0,177.1,177.11,6302,1118628.75,EQNL
2008-01-16,177.11,177.69,175.06,177.0,170754,30084645.5,EQNL
2008-01-17,175.0,178.0,174.3,176.75,15974,2820840.67,EQNL
2008-01-18,176.67,177.5,174.44,177.5,75428,13332788.68,EQNL
2008-01-21,177.0,177.87,172.0,177.25,82954,14649227.03,EQNL
2008-01-22,175.75,177.37,166.2,176.58,113384,19875215.69,EQNL
2008-01-23,177.0,177.0,169.99,170.0,31147,5452836.64,EQNL
2008-01-24,173.0,174.99,166.0,171.54,31698,5422913.48,EQNL
2008-01-25,169.0,172.0,162.0,170.0,64036,10657022.46,EQNL
2008-01-28,170.5,170.5,164.86,167.11,17330,2884957.46,EQNL
2008-01-29,169.3,171.0,168.03,171.0,36784,6270556.83,EQNL
2008-01-30,171.01,171.01,165.13,169.99,15346,2607509.74,EQNL
2008-01-31,169.96,170.45,163.03,170.45,114903,19484192.94,EQNL
2008-02-01,173.0,177.5,166.12,175.0,19479,3374554.14,EQNL
2008-02-04,174.84,177.46,171.12,174.97,26498,4622422.3,EQNL
2008-02-05,172.67,174.44,171.5,173.01,5422,934812.58,EQNL
2008-02-06,172.0,174.0,167.01,171.5,15228,2597579.12,EQNL
2008-02-07,172.0,173.37,167.01,171.5,3887,664740.95,EQNL
2008-02-08,170.75,172.2,170.5,171.88,15774,2700112.08,EQNL
2008-02-11,172.3,174.0,170.33,172.0,25266,4346357.56,EQNL
2008-02-12,171.25,172.89,169.11,172.89,33962,5812055.74,EQNL
2008-02-13,173.0,173.0,171.0,172.5,20907,3594525.68,EQNL
2008-02-14,174.25,182.19,174.25,181.0,183932,32954010.59,EQNL
2008-02-15,180.0,183.48,176.0,180.1,94685,17112327.66,EQNL
2008-02-18,182.99,183.4,181.5,183.15,18689,3411263.53,EQNL
2008-02-19,184.03,184.4,181.22,182.99,48970,8954975.54,EQNL
2008-02-20,182.01,183.0,178.84,181.5,123584,22397852.06,EQNL
2008-02-21,184.88,184.88,182.5,183.9,18608,3400764.58,EQNL
2008-02-22,182.0,183.8,181.01,182.17,15311,2804882.75,EQNL
2008-02-26,181.63,184.0,180.03,182.0,133512,24460508.44,EQNL
2008-02-27,182.03,183.94,182.0,182.5,42226,7717537.31,EQNL
2008-02-28,183.0,184.25,182.6,184.0,59645,10942825.96,EQNL
2008-02-29,184.82,184.89,183.0,184.5,49983,9186988.48,EQNL
2008-03-03,183.68,184.5,182.0,184.49,51060,9383645.66,EQNL
2008-03-04,188.0,189.0,185.51,186.8,105064,19710514.89,EQNL
2008-03-05,186.8,187.05,186.0,187.0,69420,12954513.49,EQNL
2008-03-06,187.0,187.5,186.25,186.25,85082,15924358.18,EQNL
2008-03-07,182.5,187.48,182.5,186.75,42698,7982650.13,EQNL
2008-03-11,186.75,187.55,186.5,187.5,71947,13475239.19,EQNL
2008-03-12,187.5,187.98,187.02,187.5,49631,9299516.27,EQNL
2008-03-13,186.72,188.0,186.72,187.5,17413,3261000.72,EQNL
2008-03-14,190.17,190.17,187.3,187.3,74927,14070751.37,EQNL
2008-03-17,186.62,187.65,183.7,185.25,157035,29179551.33,EQNL
2008-03-18,184.51,186.75,184.5,186.7,65108,12074676.85,EQNL
2008-03-19,187.15,187.4,186.0,186.75,7570,1411450.9,EQNL
2008-03-20,187.0,188.99,187.0,187.75,25270,4743262.39,EQNL
2008-03-21,187.75,188.49,187.5,188.49,8001,1503462.56,EQNL
2008-03-24,188.49,188.49,185.54,188.0,8907,1669869.05,EQNL
2008-03-25,188.0,188.38,181.01,187.75,7261,1351707.92,EQNL
2008-03-26,188.25,188.25,187.75,188.0,19606,3686404.25,EQNL
2008-03-27,188.0,188.48,186.31,188.0,11845,2228591.7,EQNL
2008-03-28,188.0,188.5,188.0,188.5,7569,1424482.09,EQNL
2008-03-31,187.01,188.5,187.0,188.25,15867,2987165.47,EQNL
2008-04-01,188.3,188.8,188.3,188.8,10958,2066773.17,EQNL
2008-04-02,188.98,191.0,188.9,188.91,20854,3941741.58,EQNL
2008-04-03,188.91,189.75,188.0,188.0,4706,889456.79,EQNL
2008-04-04,189.8,189.89,188.8,188.9,56142,10605573.51,EQNL
2008-04-07,190.0,190.0,187.52,189.97,238476,45046948.56,EQNL
2008-04-08,189.51,189.96,188.41,189.5,14701,2777752.6,EQNL
2008-04-09,189.0,190.89,188.91,190.0,13722,2595604.12,EQNL
2008-04-10,190.01,190.01,188.76,189.5,76455,14459706.52,EQNL
2008-04-11,189.0,190.0,185.48,188.75,30043,5678878.14,EQNL
2008-04-14,188.55,189.3,186.05,188.0,28594,5386990.55,EQNL
2008-04-15,188.5,189.47,188.0,189.45,34030,6422970.64,EQNL
2008-04-16,189.5,189.5,189.0,189.4,37803,7159318.62,EQNL
2008-04-17,189.75,189.85,189.4,189.65,14350,2722314.23,EQNL
2008-04-18,189.83,189.85,189.5,189.8,10290,1951653.46,EQNL
2008-04-21,189.8,190.4,189.5,190.4,85279,16210172.94,EQNL
2008-04-22,190.4,190.4,190.0,190.25,432,82114.75,EQNL
2008-04-23,190.2,190.5,189.9,190.2,12169,2316733.67,EQNL
2008-04-24,190.25,191.47,190.25,191.0,7282,1388228.25,EQNL
2008-04-25,190.8,192.0,190.0,191.0,8137,1553037.53,EQNL
2008-04-28,190.4,192.0,189.72,190.75,5292,1008423.07,EQNL
2008-04-29,191.25,191.49,189.0,190.0,16197,3087860.3,EQNL
2008-04-30,190.5,191.0,189.92,190.75,12360,2356831.2,EQNL
2008-05-04,191.0,191.82,190.0,191.4,1839,351867.3,EQNL
2008-05-05,191.5,192.0,191.5,192.0,11535,2213901.82,EQNL
2008-05-06,191.66,192.0,190.02,190.02,11059,2120169.64,EQNL
2008-05-07,192.73,192.73,185.0,190.98,3519,671614.0,EQNL
2008-05-12,186.97,186.97,184.0,185.0,11593,2135724.31,EQNL
2008-05-13,185.0,186.0,184.0,185.0,2101,389491.64,EQNL
2008-05-14,184.99,186.97,182.01,186.9,11117,2056193.41,EQNL
2008-05-15,186.89,186.9,184.13,185.98,3001,559397.65,EQNL
2008-05-16,183.0,189.5,171.16,185.9,8193,1513782.57,EQNL
2008-05-19,183.0,184.5,183.0,183.5,1135,208182.65,EQNL
2008-05-20,183.0,183.02,178.0,180.0,4457,808008.71,EQNL
2008-05-21,178.01,182.0,165.16,178.54,6194,1087278.74,EQNL
2008-05-22,174.04,180.3,174.04,180.0,1557,280255.49,EQNL
2008-05-23,180.67,182.97,179.0,179.01,984,177228.79,EQNL
2008-05-26,181.25,181.86,180.61,181.86,437,79113.02,EQNL
2008-05-27,180.02,180.77,180.0,180.0,319,57422.85,EQNL
2008-05-28,180.98,181.99,180.0,181.98,402,72671.26,EQNL
2008-05-29,180.04,181.98,175.01,179.02,1053,190211.75,EQNL
2008-05-30,179.51,180.99,179.5,180.0,101,18205.24,EQNL
2008-06-02,176.07,181.48,175.5,180.0,855,152360.28,EQNL
2008-06-03,180.98,192.88,177.0,180.0,5578,1019685.5,EQNL
2008-06-04,180.0,180.0,176.15,179.12,975,174713.98,EQNL
2008-06-05,179.99,180.28,177.0,179.99,2239,397649.07,EQNL
2008-06-06,181.5,183.18,177.52,179.0,1805,327618.22,EQNL
2008-06-07,175.5,180.0,175.5,179.0,1419,250691.57,EQNL
2008-06-09,179.01,181.0,179.0,179.0,364,65510.72,EQNL
2008-06-10,179.0,180.0,179.0,179.0,240,42972.46,EQNL
2008-06-11,178.15,180.0,173.0,180.0,956,170856.55,EQNL
2008-06-16,177.5,180.0,175.0,175.0,1111,197382.98,EQNL
2008-06-17,177.98,178.12,171.1,171.1,7804,1354608.58,EQNL
2008-06-18,174.98,174.98,167.53,169.99,9415,1594538.17,EQNL
2008-06-19,168.0,169.5,166.0,166.45,19686,3291647.8,EQNL
2008-06-20,167.0,167.0,165.3,166.45,6635,1107027.67,EQNL
2008-06-23,165.43,166.78,165.22,166.45,128,21236.81,EQNL
2008-06-24,166.48,167.7,165.0,166.0,2285,379890.97,EQNL
2008-06-25,166.96,166.96,165.0,165.0,3936,650283.11,EQNL
2008-06-26,165.1,165.5,165.1,165.45,924,152870.32,EQNL
2008-06-27,165.2,165.2,124.0,159.05,4036,656885.91,EQNL
2008-06-30,160.0,162.5,159.0,161.98,2101,334961.52,EQNL
2008-07-01,161.47,164.87,157.6,160.68,536,85550.28,EQNL
2008-07-02,160.02,160.02,158.44,158.44,103,16411.7,EQNL
2008-07-03,155.02,166.0,149.0,162.1,1714,280735.41,EQNL
2008-07-04,162.57,164.88,160.0,160.0,36,5860.35,EQNL
2008-07-07,160.0,162.0,157.9,162.0,140,22142.01,EQNL
2008-07-08,161.5,161.5,152.0,158.9,2127,325151.55,EQNL
2008-07-09,151.0,156.0,145.17,150.0,2056,308622.2,EQNL
2008-07-10,151.0,160.0,148.1,152.0,2195,344727.76,EQNL
2008-07-11,160.97,160.97,150.5,151.1,741,112301.05,EQNL
2008-07-14,150.03,159.99,148.26,158.8,1008,150541.68,EQNL
2008-07-15,157.38,157.38,148.6,151.6,1341,200005.8,EQNL
2008-07-16,151.51,151.6,145.0,150.0,619,91720.71,EQNL
2008-07-17,149.98,154.9,149.98,153.5,4799,732456.58,EQNL
2008-07-18,158.0,158.0,137.56,149.5,1173,170096.28,EQNL
2008-07-21,150.99,151.99,148.0,150.3,182,27196.67,EQNL
2008-07-22,151.47,151.47,148.0,148.0,1554,230288.25,EQNL
2008-07-23,147.1,147.1,143.01,145.75,573,83539.99,EQNL
2008-07-24,145.0,149.48,142.84,145.99,208,30643.87,EQNL
2008-07-25,145.4,145.4,140.0,140.99,161,22948.61,EQNL
2008-07-28,140.04,144.1,126.0,132.08,1118,145431.13,EQNL
2008-07-29,137.89,138.0,127.5,127.54,331,43697.02,EQNL
2008-07-30,134.0,138.0,129.1,137.79,71,9317.41,EQNL
2008-07-31,140.0,140.0,133.0,139.5,138,18952.31,EQNL
2008-08-01,141.0,161.6,130.0,139.49,2996,414718.98,EQNL
2008-08-04,132.11,138.0,132.11,138.0,14,1855.55,EQNL
2008-08-05,133.0,136.99,130.53,135.95,565,74957.73,EQNL
2008-08-06,148.98,148.98,121.0,137.77,506,66232.13,EQNL
2008-08-07,138.0,138.0,130.52,136.0,263,35794.44,EQNL
2008-08-08,130.5,136.9,124.5,124.5,666,84368.16,EQNL
2008-08-11,124.58,132.83,115.55,129.31,1587,188258.53,EQNL
2008-08-12,130.0,134.0,121.05,134.0,4846,620586.12,EQNL
2008-08-13,135.92,135.92,126.0,132.89,403,52369.42,EQNL
2008-08-14,130.0,131.16,127.21,130.5,130,16872.37,EQNL
2008-08-15,130.0,133.82,126.01,133.82,157,20509.66,EQNL
2008-08-18,133.64,133.99,128.5,133.0,3820,507078.42,EQNL
2008-08-19,130.0,130.0,130.0,130.0,110,14300.0,EQNL
2008-08-20,129.0,129.0,123.4,125.0,82,10459.6,EQNL
2008-08-21,122.22,138.0,122.0,122.88,1540,199447.74,EQNL
2008-08-22,127.0,127.0,121.5,121.5,101,12277.85,EQNL
2008-08-25,127.9,127.9,123.8,123.8,18,2285.8,EQNL
2008-08-26,124.0,125.01,115.0,116.1,322,39655.15,EQNL
2008-08-27,120.01,120.01,110.55,114.9,382,43329.95,EQNL
2008-08-28,110.2,118.89,110.2,118.81,550,64351.99,EQNL
2008-08-29,118.0,134.99,113.5,128.69,5651,709421.82,EQNL
2008-09-01,128.66,133.0,120.0,133.0,118,15170.27,EQNL
2008-09-02,133.22,134.0,120.2,129.8,5781,716978.69,EQNL
2008-09-03,128.98,128.98,121.11,124.67,1495,184445.19,EQNL
2008-09-04,124.0,124.0,112.5,119.94,3551,423559.7,EQNL
2008-09-05,110.2,120.0,105.5,116.0,3195,354670.84,EQNL
2008-09-08,120.0,120.0,105.79,116.9,1342,150000.75,EQNL
2008-09-09,108.18,115.0,107.5,110.0,487,54208.04,EQNL
2008-09-10,105.01,109.69,90.0,102.99,1997,200044.17,EQNL
2008-09-11,106.0,106.0,90.0,90.0,2471,226868.6,EQNL
2008-09-12,91.0,99.95,91.0,97.9,8057,768965.8,EQNL
2008-09-15,91.01,104.99,87.01,87.01,1155,106395.72,EQNL
2008-09-16,87.0,104.5,59.0,59.0,5422,417872.88,EQNL
2008-09-17,76.99,80.0,57.9,57.9,1635,96454.34,EQNL
2008-09-19,75.95,90.0,73.0,80.0,4688,372786.37,EQNL
2008-09-22,87.99,88.0,66.12,73.99,10817,781163.73,EQNL
2008-09-23,74.0,81.99,71.01,78.0,3016,231597.31,EQNL
2008-09-24,79.0,86.9,73.0,84.99,4924,401046.93,EQNL
2008-09-25,87.95,87.95,80.01,83.85,734,59936.1,EQNL
2008-09-26,83.86,83.99,73.1,78.8,3166,239553.78,EQNL
2008-09-29,73.7,84.0,73.6,84.0,934,71749.68,EQNL
2008-09-30,84.0,89.0,71.0,75.2,4673,352577.89,EQNL
2008-10-01,83.0,83.0,70.0,70.0,10018,747306.56,EQNL
2008-10-02,72.97,74.31,68.21,68.21,1466,103142.42,EQNL
2008-10-03,62.0,70.0,60.0,65.99,8648,549440.36,EQNL
2008-10-06,58.01,64.95,47.05,51.99,1719,86621.98,EQNL
2008-10-07,59.95,59.95,37.85,45.9,5032,219725.53,EQNL
2008-10-09,50.0,52.0,38.05,52.0,10752,483447.43,EQNL
2008-10-13,45.0,51.0,42.05,48.82,11501,507065.46,EQNL
2008-10-14,54.99,61.6,45.03,60.0,16976,888077.17,EQNL
2008-10-16,50.05,75.0,50.0,72.5,13865,953156.48,EQNL
2008-10-17,74.8,78.51,62.05,77.7,5968,440752.2,EQNL
2008-10-20,78.0,89.83,67.1,86.36,20485,1764443.65,EQNL
2008-10-21,97.42,97.42,83.1,87.0,3613,321872.78,EQNL
2008-10-22,86.95,88.0,66.82,82.9,14841,1182788.65,EQNL
2008-10-23,82.0,82.2,76.0,77.0,1204,92240.54,EQNL
2008-10-24,75.0,85.0,60.0,81.96,2519,191162.97,EQNL
2008-10-28,76.01,80.86,76.0,76.0,1396,106622.24,EQNL
2008-10-29,79.0,83.75,75.26,78.0,5349,417782.56,EQNL
2008-10-30,83.0,90.0,76.0,90.0,12624,1113397.18,EQNL
2008-10-31,83.1,99.77,81.98,99.77,29872,2851296.66,EQNL
2008-11-01,97.4,101.43,90.0,99.45,791,75627.52,EQNL
2008-11-05,100.85,117.9,95.0,99.0,4039,425243.09,EQNL
2008-11-06,100.0,101.0,91.61,100.0,19375,1927899.67,EQNL
2008-11-07,100.0,133.0,93.5,114.0,43517,4952324.33,EQNL
2008-11-10,110.01,122.89,110.0,116.01,4325,516076.91,EQNL
2008-11-11,110.0,114.0,90.02,101.03,2863,290270.91,EQNL
2008-11-13,95.0,99.89,89.49,93.99,10811,1025446.93,EQNL
2008-11-14,95.02,115.0,95.02,100.0,1214,122348.09,EQNL
2008-11-17,93.01,109.99,93.01,107.0,34,3530.63,EQNL
2008-11-18,104.34,104.34,97.0,99.0,2812,278392.98,EQNL
2008-11-19,96.52,104.0,82.01,96.0,25161,2290481.2,EQNL
2008-11-20,88.0,97.27,66.52,83.0,91244,8076012.75,EQNL
2008-11-24,87.0,88.99,74.96,87.17,1931,161435.86,EQNL
2008-11-25,82.14,94.1,61.0,90.0,15877,1436198.48,EQNL
2008-11-26,97.2,97.2,87.1,95.0,3758,357903.3,EQNL
2008-11-27,95.0,100.5,91.5,99.51,1420,133447.19,EQNL
2008-11-28,102.0,102.0,90.0,100.0,2473,241290.13,EQNL
2008-12-01,95.0,114.5,95.0,107.01,26679,2854057.88,EQNL
2008-12-02,100.0,106.9,90.01,95.0,6380,595709.54,EQNL
2008-12-03,98.98,104.97,91.0,98.9,1589,156931.7,EQNL
2008-12-04,93.32,98.79,93.25,96.0,439,41399.28,EQNL
2008-12-05,95.0,97.5,93.3,93.3,173,16322.13,EQNL
2008-12-08,99.0,99.0,95.0,98.4,186,18118.86,EQNL
2008-12-09,94.3,99.99,94.3,99.99,74,7235.15,EQNL
2008-12-10,99.99,99.99,95.0,97.0,414,39861.16,EQNL
2008-12-11,96.01,99.97,93.25,97.98,369,35347.29,EQNL
2008-12-12,93.5,95.01,93.5,94.0,97,9131.01,EQNL
2008-12-15,96.48,96.5,91.5,95.0,1328,127225.97,EQNL
2008-12-16,96.94,96.94,92.54,92.54,3,282.02,EQNL
2008-12-17,91.6,97.0,90.0,97.0,4847,456816.64,EQNL
2008-12-18,96.9,96.99,95.0,95.0,401,38415.39,EQNL
2008-12-19,96.99,96.99,90.63,91.03,905,83939.92,EQNL
2008-12-22,92.0,95.0,90.05,95.0,317,29584.85,EQNL
2008-12-23,95.7,96.0,94.75,95.0,5596,531589.4,EQNL
2008-12-24,78.5,97.0,78.5,95.0,4512,428751.73,EQNL
2008-12-25,92.51,95.49,92.51,95.0,1030,97837.91,EQNL
2008-12-26,95.4,95.4,93.16,95.0,1627,154349.59,EQNL
2008-12-29,95.0,95.0,90.0,92.0,1104,100510.57,EQNL
2008-12-30,94.62,98.97,90.11,95.0,1490,142024.98,EQNL
2008-12-31,92.01,93.9,90.49,93.9,448,40862.9,EQNL
2009-01-11,93.99,93.99,93.99,93.99,3,281.97,EQNL
2009-01-12,99.0,99.0,91.01,93.47,2171,201812.35,EQNL
2009-01-13,93.4,93.5,90.0,90.0,782,71324.35,EQNL
2009-01-14,92.99,94.9,82.41,88.0,4526,396985.34,EQNL
2009-01-15,91.49,103.0,90.35,91.0,1729,165770.27,EQNL
2009-01-16,93.89,93.89,86.06,93.0,1841,165575.4,EQNL
2009-01-19,93.0,93.0,90.01,90.01,87,7946.4,EQNL
2009-01-20,86.2,92.75,86.0,88.34,660,59080.59,EQNL
2009-01-21,91.0,91.0,86.5,89.0,409,35700.61,EQNL
2009-01-22,89.5,89.5,79.0,80.0,1136,91454.87,EQNL
2009-01-23,79.1,79.98,75.0,79.97,471,36199.48,EQNL
2009-01-26,83.0,83.8,72.04,73.0,4652,376263.47,EQNL
2009-01-27,76.68,98.72,76.67,86.0,6524,629354.79,EQNL
2009-01-29,97.0,98.0,80.02,89.38,1395,123104.18,EQNL
2009-01-30,80.21,89.0,80.21,88.69,495,43430.1,EQNL
2009-02-02,85.0,88.9,83.11,88.87,139,11965.59,EQNL
2009-02-03,88.0,88.0,84.06,84.06,415,35469.89,EQNL
2009-02-04,87.07,97.45,85.93,89.88,550,50432.69,EQNL
2009-02-05,87.99,88.0,80.0,84.99,720,59590.21,EQNL
2009-02-06,84.85,87.85,83.8,87.85,369,31253.19,EQNL
2009-02-09,86.51,105.0,85.29,104.37,20344,1949132.94,EQNL
2009-02-10,98.0,119.86,90.41,110.0,24116,2665462.11,EQNL
2009-02-11,100.12,115.0,92.0,113.96,1983,209289.27,EQNL
2009-02-12,104.36,139.93,104.36,112.99,9283,1069770.3,EQNL
2009-02-13,100.0,118.89,90.0,115.0,12458,1348747.38,EQNL
2009-02-16,114.0,130.0,107.1,113.0,2027,231902.85,EQNL
2009-02-17,120.03,120.04,105.77,109.95,2954,324774.33,EQNL
2009-02-18,108.2,118.0,100.03,118.0,323,34749.7,EQNL
2009-02-19,110.0,113.99,106.0,107.0,3552,382358.29,EQNL
2009-02-20,107.0,124.0,103.11,117.0,37432,4350519.84,EQNL
2009-02-24,119.99,120.0,102.01,119.0,1040,120422.62,EQNL
2009-02-25,121.0,124.1,111.0,114.44,392,46186.45,EQNL
2009-02-26,120.0,121.0,111.22,114.0,1294,147868.41,EQNL
2009-02-27,113.5,114.0,111.52,111.52,34,3858.65,EQNL
2009-03-02,114.0,114.0,111.6,111.6,27,3018.0,EQNL
2009-03-03,105.01,124.99,101.0,120.0,2690,304842.21,EQNL
2009-03-04,108.0,124.5,105.03,120.0,4758,556194.03,EQNL
2009-03-05,123.86,123.86,114.0,120.0,167,19814.09,EQNL
2009-03-06,116.02,119.86,113.2,115.0,471,54257.72,EQNL
2009-03-10,118.79,122.96,111.2,122.0,3492,418339.66,EQNL
2009-03-11,122.94,122.94,117.99,118.74,428,51674.46,EQNL
2009-03-12,116.38,117.97,114.59,117.97,322,37090.77,EQNL
2009-03-13,115.28,115.35,115.28,115.31,339,39089.37,EQNL
2009-03-16,116.01,117.94,106.0,108.0,10896,1178354.48,EQNL
2009-03-17,109.0,118.0,106.0,110.0,7363,811450.89,EQNL
2009-03-18,110.0,113.99,110.0,110.99,9750,1087954.05,EQNL
2009-03-19,110.9,130.0,110.9,125.2,28547,3520316.09,EQNL
2009-03-20,119.2,121.0,117.01,117.51,1467,173483.61,EQNL
2009-03-23,115.0,124.5,111.64,120.01,2818,339738.9,EQNL
2009-03-24,118.02,124.49,110.0,120.0,3572,426401.21,EQNL
2009-03-25,122.99,122.99,120.0,120.0,1052,126289.88,EQNL
2009-03-26,123.0,124.0,120.0,120.0,562,69055.85,EQNL
2009-03-27,118.0,120.0,110.97,115.0,5939,675738.41,EQNL
2009-03-30,110.01,113.4,108.0,109.99,2154,237056.08,EQNL
2009-03-31,113.25,114.0,110.99,113.0,6067,685297.27,EQNL
2009-04-01,113.0,113.0,112.99,113.0,793,89608.5,EQNL
2009-04-02,113.05,117.7,112.99,117.0,9575,1113298.68,EQNL
2009-04-03,114.05,132.0,114.05,129.1,10030,1252379.68,EQNL
2009-04-06,130.0,168.5,115.0,138.0,30626,4219552.13,EQNL
2009-04-07,133.0,165.0,132.21,140.0,969,145621.24,EQNL
2009-04-08,140.98,140.98,131.14,134.31,462,63426.6,EQNL
2009-04-09,149.0,157.88,135.5,140.0,6450,930455.88,EQNL
2009-04-10,139.05,141.89,133.21,135.8,2813,385532.43,EQNL
2009-04-13,132.01,136.1,125.9,125.95,18563,2402322.14,EQNL
2009-04-14,126.05,130.99,125.0,128.7,14336,1850456.29,EQNL
2009-04-15,130.0,136.0,126.0,126.0,2848,366528.25,EQNL
2009-04-16,130.0,130.0,124.25,125.96,6137,771359.58,EQNL
2009-04-17,124.05,129.98,124.05,124.5,5224,663878.85,EQNL
2009-04-20,125.5,125.99,120.0,120.0,1300,160188.67,EQNL
2009-04-21,120.0,120.0,115.0,118.0,1822,217761.87,EQNL
2009-04-22,117.09,121.99,117.01,121.9,5140,613473.23,EQNL
2009-04-23,121.47,122.88,118.0,122.0,3453,416992.63,EQNL
2009-04-24,121.5,121.77,117.01,119.66,955,113008.76,EQNL
2009-04-27,117.0,120.0,115.43,116.1,42,5008.76,EQNL
2009-04-28,116.07,118.64,116.0,116.8,702,81689.82,EQNL
2009-04-29,118.0,119.0,117.0,117.99,2379,279539.19,EQNL
2009-04-30,118.05,118.3,116.1,117.0,5434,637634.17,EQNL
2009-05-04,117.0,119.0,116.0,117.99,6157,725833.44,EQNL
2009-05-05,118.11,118.6,116.98,117.87,5767,678031.87,EQNL
2009-05-06,117.0,117.5,115.01,116.32,1582,184165.51,EQNL
2009-05-07,117.0,122.0,116.35,122.0,16293,1934182.75,EQNL
2009-05-08,118.51,121.5,116.5,117.69,4673,548633.55,EQNL
2009-05-12,119.0,119.0,116.6,117.9,5630,662219.05,EQNL
2009-05-13,118.0,118.0,107.07,111.8,3510,401904.53,EQNL
2009-05-14,99.51,116.0,99.0,107.99,14694,1531665.07,EQNL
2009-05-15,106.96,114.0,106.96,109.01,2974,324089.26,EQNL
2009-05-18,108.8,110.0,104.71,109.5,1691,183304.83,EQNL
2009-05-19,109.89,115.98,109.02,112.0,3905,446182.02,EQNL
2009-05-20,114.48,114.49,110.05,113.84,1571,176443.63,EQNL
2009-05-21,113.54,113.76,105.1,106.0,6341,686313.32,EQNL
2009-05-22,106.0,107.97,103.01,106.0,3927,416027.62,EQNL
2009-05-25,106.0,107.0,104.15,106.27,3029,320418.28,EQNL
2009-05-26,105.4,105.45,102.7,105.4,2202,229713.05,EQNL
2009-05-27,105.33,107.0,104.1,105.2,1917,201093.07,EQNL
2009-05-28,106.35,107.22,106.0,107.0,4628,493637.49,EQNL
2009-05-29,107.0,109.0,106.09,108.49,7466,804134.56,EQNL
2009-06-01,107.0,114.9,107.0,113.09,17970,2009642.76,EQNL
2009-06-02,112.7,118.0,109.0,116.9,22219,2532700.48,EQNL
2009-06-03,116.7,117.3,103.03,105.5,14950,1641152.44,EQNL
2009-06-04,105.9,110.99,105.9,107.57,3463,373468.77,EQNL
2009-06-05,107.55,109.38,107.11,107.11,1168,125666.52,EQNL
2009-06-08,108.6,109.0,106.02,108.3,1855,200467.71,EQNL
2009-06-09,108.3,110.95,108.3,109.99,1625,176434.94,EQNL
2009-06-10,110.0,111.0,108.65,110.11,1391,153056.8,EQNL
2009-06-11,111.71,115.0,108.16,110.9,7242,795781.23,EQNL
2009-06-15,109.01,109.75,106.11,108.2,2786,300780.47,EQNL
2009-06-16,106.36,108.22,103.01,107.1,5862,622290.69,EQNL
2009-06-17,107.5,107.5,102.0,103.0,6020,623428.58,EQNL
2009-06-18,103.0,103.87,99.99,103.4,4060,408635.37,EQNL
2009-06-19,103.0,103.0,100.0,100.1,1183,119116.44,EQNL
2009-06-22,101.97,102.0,95.0,95.01,2954,287958.97,EQNL
2009-06-23,95.0,99.99,86.5,90.0,9914,887355.62,EQNL
2009-06-24,95.0,100.0,89.99,93.27,9602,907773.55,EQNL
2009-06-25,91.61,93.65,90.51,90.7,1444,132008.7,EQNL
2009-06-26,99.98,99.98,91.0,91.55,2826,260944.78,EQNL
2009-06-29,94.98,94.98,90.0,92.14,1887,171691.48,EQNL
2009-06-30,93.0,93.0,89.0,91.55,3806,346800.49,EQNL
2009-07-01,92.8,92.8,90.13,91.99,1833,167210.11,EQNL
2009-07-02,90.23,92.16,90.2,90.83,1162,106750.07,EQNL
2009-07-03,91.99,91.99,89.0,90.95,2232,200701.68,EQNL
2009-07-06,90.33,90.33,88.11,88.3,948,84434.51,EQNL
2009-07-07,88.3,90.13,88.1,89.99,485,43218.28,EQNL
2009-07-08,87.09,115.71,87.0,100.0,23840,2458091.11,EQNL
2009-07-09,100.0,107.5,96.21,100.19,2008,209713.58,EQNL
2009-07-10,103.0,105.0,99.0,99.01,4394,447646.48,EQNL
2009-07-13,98.05,101.0,98.05,100.97,1073,106046.12,EQNL
2009-07-14,104.0,128.0,98.03,101.0,8574,927539.47,EQNL
2009-07-15,107.0,107.0,101.1,103.38,393,40733.27,EQNL
2009-07-16,101.1,103.99,98.01,101.0,2492,249339.36,EQNL
2009-07-17,98.8,99.8,95.1,99.0,5705,560195.02,EQNL
2009-07-20,99.75,101.98,98.76,100.0,2564,255128.78,EQNL
2009-07-21,100.0,100.0,98.0,98.0,4808,472834.85,EQNL
2009-07-22,97.51,99.9,96.62,98.7,192,18643.61,EQNL
2009-07-23,98.8,98.86,94.99,96.97,6890,659448.59,EQNL
2009-07-24,97.5,98.95,97.01,97.99,3439,336755.62,EQNL
2009-07-27,98.49,100.0,98.34,99.49,933,92919.74,EQNL
2009-07-28,99.98,99.98,97.0,97.0,798,78448.01,EQNL
2009-07-29,97.02,98.54,96.04,97.44,1017,98698.9,EQNL
2009-07-30,97.66,99.01,97.66,99.01,403,39583.63,EQNL
2009-07-31,98.0,99.58,88.15,94.15,7586,715525.04,EQNL
2009-08-03,94.32,98.0,94.14,97.9,2238,216158.89,EQNL
2009-08-04,96.01,98.4,96.0,97.78,391,37940.55,EQNL
2009-08-05,97.75,97.77,96.0,96.99,1835,177310.49,EQNL
2009-08-06,97.09,97.89,96.51,97.0,1292,125706.05,EQNL
2009-08-07,96.0,96.95,95.05,96.95,1948,186821.26,EQNL
2009-08-10,97.0,98.49,95.02,97.04,5152,499513.94,EQNL
2009-08-11,96.95,96.95,95.48,95.48,1886,180953.16,EQNL
2009-08-12,95.0,95.85,94.0,95.85,1876,177388.66,EQNL
2009-08-13,95.99,96.95,95.99,96.4,793,76669.7,EQNL
2009-08-14,96.15,96.79,95.13,95.13,328,31531.82,EQNL
2009-08-17,94.02,94.99,92.02,93.45,1908,177210.66,EQNL
2009-08-18,92.01,94.58,92.01,94.0,1413,131872.43,EQNL
2009-08-19,93.99,94.0,93.21,93.97,212,19887.64,EQNL
2009-08-20,94.05,95.5,93.0,93.5,624,58396.74,EQNL
2009-08-21,95.0,99.76,92.99,96.77,5907,566980.14,EQNL
2009-08-24,97.09,97.77,94.6,96.49,1313,126161.75,EQNL
2009-08-25,96.3,97.14,95.0,96.22,1113,107322.02,EQNL
2009-08-26,95.08,97.0,95.0,96.04,793,76217.14,EQNL
2009-08-27,96.53,96.96,94.07,96.0,1571,149653.64,EQNL
2009-08-28,96.41,97.89,94.1,96.0,502,47983.19,EQNL
2009-08-31,96.9,97.0,92.31,94.5,1752,166399.22,EQNL
2009-09-01,94.44,95.7,94.25,95.42,527,49973.13,EQNL
2009-09-02,94.5,95.25,94.1,95.0,947,89357.7,EQNL
2009-09-03,95.19,95.45,93.31,94.7,230,21575.69,EQNL
2009-09-04,94.69,95.06,93.07,94.25,360,33702.23,EQNL
2009-09-07,94.39,94.99,94.13,94.99,322,30550.97,EQNL
2009-09-08,95.06,96.98,94.75,96.98,2838,271765.46,EQNL
2009-09-09,96.99,97.0,95.0,96.54,2544,243183.13,EQNL
2009-09-10,96.96,97.2,93.15,96.54,1928,185801.01,EQNL
2009-09-11,96.71,97.2,96.0,96.86,729,70505.56,EQNL
2009-09-14,97.2,98.15,96.02,98.0,2605,254698.77,EQNL
2009-09-15,98.14,103.5,98.0,103.0,12307,1234505.8,EQNL
2009-09-16,103.02,104.97,99.29,101.5,5183,530113.54,EQNL
2009-09-17,101.69,102.5,99.0,99.97,1597,160829.62,EQNL
2009-09-18,99.96,101.26,95.0,98.44,7501,728508.44,EQNL
2009-09-21,98.0,98.0,96.0,97.42,669,64996.3,EQNL
2009-09-22,97.42,98.99,95.81,97.31,7870,757912.48,EQNL
2009-09-23,98.04,101.47,96.5,98.95,2174,213858.28,EQNL
2009-09-24,98.79,98.79,97.03,97.8,1350,131673.54,EQNL
2009-09-25,96.87,97.09,94.99,96.58,1261,119910.46,EQNL
2009-09-28,95.51,96.16,94.85,96.0,270,25862.9,EQNL
2009-09-29,95.5,96.42,95.02,96.2,2226,213166.97,EQNL
2009-09-30,95.21,99.0,95.05,97.0,1768,171047.19,EQNL
2009-10-01,96.2,97.03,95.34,97.03,1463,140032.41,EQNL
2009-10-02,95.94,97.0,94.43,95.69,1272,121376.65,EQNL
2009-10-05,95.84,96.8,94.24,94.24,1934,183314.64,EQNL
2009-10-06,97.12,98.4,95.38,98.4,5444,531611.12,EQNL
2009-10-07,98.46,98.81,95.28,97.33,2084,202727.16,EQNL
2009-10-08,97.0,99.0,96.93,99.0,6539,639989.47,EQNL
2009-10-09,98.0,98.97,97.0,98.46,1876,183784.51,EQNL
2009-10-12,97.58,104.0,97.22,100.49,9445,944071.12,EQNL
2009-10-13,100.17,103.15,97.66,99.7,7399,735957.5,EQNL
2009-10-14,99.95,102.5,99.0,99.63,9262,926985.41,EQNL
2009-10-15,102.5,102.5,98.47,98.47,3083,306123.56,EQNL
2009-10-16,98.47,98.53,97.51,98.39,3162,310185.51,EQNL
2009-10-19,97.88,102.0,97.11,98.81,5225,515146.04,EQNL
2009-10-20,98.97,101.0,97.85,98.48,1900,187363.91,EQNL
2009-10-21,99.45,99.45,97.16,98.0,1183,115890.13,EQNL
2009-10-22,98.0,98.5,96.9,98.49,395,38548.11,EQNL
2009-10-23,97.52,98.65,97.15,97.71,947,92334.39,EQNL
2009-10-26,97.52,98.77,96.11,98.0,1030,100494.2,EQNL
2009-10-27,97.68,98.0,96.5,97.36,833,81185.82,EQNL
2009-10-28,97.2,97.2,92.16,94.2,2362,224022.49,EQNL
2009-10-29,95.18,99.99,94.0,97.97,8947,855745.28,EQNL
2009-10-30,97.04,97.04,90.25,95.18,3342,313783.78,EQNL
2009-11-02,95.0,95.45,94.06,95.3,426,40377.23,EQNL
2009-11-03,95.5,97.0,94.41,94.55,1222,116023.06,EQNL
2009-11-05,94.98,94.98,94.1,94.97,178,16819.48,EQNL
2009-11-06,95.0,95.8,95.0,95.76,1144,109480.79,EQNL
2009-11-09,94.8,98.95,94.8,98.95,3157,304274.34,EQNL
2009-11-10,97.1,99.44,95.0,97.8,2389,234169.6,EQNL
2009-11-11,98.82,99.25,95.83,98.0,4255,419526.23,EQNL
2009-11-12,98.46,99.0,96.22,97.35,373,36802.64,EQNL
2009-11-13,97.36,98.0,96.11,96.12,3093,302360.32,EQNL
2009-11-16,97.21,98.0,96.1,97.5,438,42582.23,EQNL
2009-11-17,97.8,97.8,96.42,97.0,88,8536.88,EQNL
2009-11-18,97.85,97.99,96.5,96.5,1725,167409.89,EQNL
2009-11-19,96.56,97.5,95.34,97.0,1044,101064.27,EQNL
2009-11-20,96.4,97.09,95.5,97.09,55,5262.83,EQNL
2009-11-23,97.21,97.77,95.2,96.91,2046,198227.37,EQNL
2009-11-24,96.1,97.21,96.1,97.05,1230,118218.02,EQNL
2009-11-25,97.21,98.83,95.0,97.05,10999,1078140.55,EQNL
2009-11-26,98.17,98.17,95.01,95.03,1392,133754.91,EQNL
2009-11-27,95.5,98.95,95.0,98.95,9758,941016.83,EQNL
2009-11-30,97.5,98.38,95.8,95.8,401,38548.24,EQNL
2009-12-01,97.77,100.0,95.8,98.5,14870,1462502.93,EQNL
2009-12-02,97.1,98.8,97.1,98.5,10474,1031492.5,EQNL
2009-12-03,98.77,101.32,98.5,98.5,5216,517197.7,EQNL
2009-12-04,98.6,102.0,98.6,101.98,32963,3283335.14,EQNL
2009-12-07,101.12,101.12,99.75,100.0,3628,362365.61,EQNL
2009-12-08,99.97,100.89,99.94,100.0,1550,155013.98,EQNL
2009-12-09,100.0,100.87,99.75,100.87,82,8198.12,EQNL
2009-12-10,101.26,101.26,100.16,100.16,23,2304.78,EQNL
2009-12-11,100.0,101.26,99.49,101.26,3129,311694.13,EQNL
2009-12-14,101.97,102.0,99.5,101.0,1988,199405.96,EQNL
2009-12-15,101.78,102.99,101.0,102.4,3044,311112.27,EQNL
2009-12-16,102.4,105.1,99.5,105.0,16423,1693015.99,EQNL
2009-12-17,103.42,110.0,102.5,105.39,24164,2534602.57,EQNL
2009-12-18,105.61,107.0,105.5,106.78,29756,3179456.55,EQNL
2009-12-21,106.8,106.8,103.7,106.4,1656,173745.91,EQNL
2009-12-22,106.4,106.4,104.08,106.0,372,39406.04,EQNL
2009-12-23,106.35,111.98,106.35,107.0,734,78937.83,EQNL
2009-12-24,106.6,109.99,105.0,105.0,731,77682.99,EQNL
2009-12-25,105.0,105.61,103.0,105.0,4425,457928.2,EQNL
2009-12-28,106.35,106.96,104.0,106.96,4922,520290.84,EQNL
2009-12-29,106.68,107.0,104.5,105.87,2574,269480.09,EQNL
2009-12-30,105.0,106.0,104.2,104.2,3024,319382.98,EQNL
2009-12-31,106.0,109.98,106.0,107.11,3472,375274.75,EQNL
2010-01-11,108.0,108.0,106.36,106.48,2573,276706.2,EQNL
2010-01-12,106.36,108.0,106.0,108.0,10994,1169926.11,EQNL
2010-01-13,107.0,107.0,106.0,107.0,2140,227880.21,EQNL
2010-01-14,109.5,109.5,106.8,106.8,2221,237545.97,EQNL
2010-01-15,107.01,108.61,106.0,107.2,1915,204537.72,EQNL
2010-01-18,108.61,109.38,107.4,108.38,1308,141423.75,EQNL
2010-01-19,107.84,109.28,107.12,107.33,484,51986.13,EQNL
2010-01-20,109.38,116.3,109.38,112.49,3624,405045.88,EQNL
2010-01-21,108.52,119.98,108.52,111.9,21392,2374156.22,EQNL
2010-01-22,112.5,113.0,107.16,109.65,5669,626267.15,EQNL
2010-01-25,109.99,110.0,109.99,110.0,52,5719.99,EQNL
2010-01-26,107.16,110.0,107.15,108.44,1957,211070.22,EQNL
2010-01-27,108.04,108.58,107.15,108.43,1084,116310.55,EQNL
2010-01-28,108.95,112.0,107.15,107.88,2873,316277.84,EQNL
2010-01-29,109.79,115.0,109.0,109.94,2812,312306.41,EQNL
2010-02-01,110.0,110.0,108.75,109.0,1059,115439.55,EQNL
2010-02-02,110.0,115.0,106.36,112.5,7540,817236.44,EQNL
2010-02-03,108.69,110.0,80.0,107.85,25014,2611862.37,EQNL
2010-02-04,105.81,109.0,105.81,106.01,3669,396614.25,EQNL
2010-02-05,105.62,106.88,104.0,106.3,7732,816463.67,EQNL
2010-02-08,106.5,106.6,106.4,106.4,6883,733268.29,EQNL
2010-02-09,106.15,107.0,106.15,107.0,74,7870.38,EQNL
2010-02-10,106.2,107.0,105.0,106.0,2018,213916.93,EQNL
2010-02-11,106.0,107.8,106.0,107.8,2226,237734.65,EQNL
2010-02-12,111.4,111.4,105.05,106.43,701,74481.64,EQNL
2010-02-15,106.43,106.43,106.0,106.0,669,71088.03,EQNL
2010-02-16,106.98,110.0,106.0,110.0,6996,764756.93,EQNL
2010-02-17,109.2,110.0,108.05,110.0,9924,1090394.6,EQNL
2010-02-18,110.01,143.0,110.0,143.0,747491,101557087.11,EQNL
2010-02-19,143.94,166.0,134.02,137.5,1263812,190840492.97,EQNL
2010-02-24,135.07,135.99,120.55,122.3,251788,32080725.6,EQNL
2010-02-25,126.21,134.72,121.0,127.47,402711,52035980.42,EQNL
2010-02-26,128.87,137.95,126.22,128.97,227993,29798909.4,EQNL
2010-02-27,128.03,130.79,126.0,128.4,35728,4568272.34,EQNL
2010-03-01,147.21,147.21,125.1,128.0,55454,7062355.98,EQNL
2010-03-02,127.99,128.5,124.13,125.0,58605,7384065.23,EQNL
2010-03-03,123.27,125.87,121.03,125.0,33528,4136009.46,EQNL
2010-03-04,122.69,125.99,122.0,124.86,32052,3991770.54,EQNL
2010-03-05,125.0,125.99,121.77,123.14,30978,3810042.06,EQNL
2010-03-09,122.0,123.96,119.03,122.25,45042,5460038.88,EQNL
2010-03-10,120.27,137.5,118.01,128.0,539751,70829323.86,EQNL
2010-03-11,127.68,130.17,124.03,124.89,103095,13124795.48,EQNL
2010-03-12,124.9,126.5,123.36,125.34,90461,11296915.03,EQNL
2010-03-15,124.14,126.96,123.5,124.14,18431,2299143.14,EQNL
2010-03-16,123.27,124.99,120.0,124.6,30287,3744935.63,EQNL
2010-03-17,124.61,126.58,122.2,124.9,23353,2917738.31,EQNL
2010-03-18,125.49,125.49,123.67,124.99,10952,1362913.0,EQNL
2010-03-19,126.9,126.9,123.0,123.58,5278,652303.24,EQNL
2010-03-22,123.27,123.27,119.28,122.08,30612,3699090.08,EQNL
2010-03-23,122.34,123.38,121.06,122.7,10078,1230503.75,EQNL
2010-03-24,122.01,122.87,120.7,121.43,11716,1424310.77,EQNL
2010-03-25,121.77,122.5,120.1,121.9,11384,1377157.27,EQNL
2010-03-26,122.2,122.49,120.51,121.2,5504,669954.58,EQNL
2010-03-29,121.0,123.87,120.11,123.0,28643,3493742.73,EQNL
2010-03-30,122.99,122.99,121.25,121.89,21444,2605083.27,EQNL
2010-03-31,121.3,124.55,120.24,122.61,27242,3317830.28,EQNL
2010-04-01,122.79,126.8,120.67,121.88,33105,4034421.53,EQNL
2010-04-02,122.79,122.79,120.56,122.4,17389,2108466.79,EQNL
2010-04-05,122.0,123.68,120.95,121.01,13872,1682554.2,EQNL
2010-04-06,121.05,121.5,119.19,121.5,27042,3257615.98,EQNL
2010-04-07,120.36,122.28,118.51,122.28,20291,2428083.46,EQNL
2010-04-08,121.54,123.26,119.0,120.98,47915,5795928.95,EQNL
2010-04-09,120.23,122.86,120.21,122.4,25698,3125948.24,EQNL
2010-04-12,122.9,123.5,120.61,122.7,37726,4608571.85,EQNL
2010-04-13,122.25,129.64,121.7,124.66,106195,13346459.2,EQNL
2010-04-14,124.77,127.97,123.02,124.0,19625,2446266.78,EQNL
2010-04-15,123.76,125.39,122.41,123.55,11435,1411637.54,EQNL
2010-04-16,122.86,123.0,120.38,121.85,17416,2114157.32,EQNL
2010-04-19,120.01,120.01,116.0,118.69,12528,1475255.97,EQNL
2010-04-20,118.2,119.81,117.0,118.0,12090,1429142.91,EQNL
2010-04-21,118.0,119.0,116.09,117.95,41818,4919614.93,EQNL
2010-04-22,117.35,118.27,112.5,113.73,20853,2409769.02,EQNL
2010-04-23,114.9,116.8,111.15,116.05,12883,1477689.65,EQNL
2010-04-26,116.51,118.0,114.12,117.7,12120,1404746.12,EQNL
2010-04-27,116.03,116.03,113.62,114.67,3966,454377.37,EQNL
2010-04-28,113.31,115.0,106.0,115.0,46688,5116949.37,EQNL
2010-04-29,115.0,115.0,110.5,113.99,17544,1985583.59,EQNL
2010-04-30,114.1,114.9,110.95,113.96,7152,808786.24,EQNL
2010-05-04,112.21,113.98,108.9,113.87,5325,591549.64,EQNL
2010-05-05,111.73,115.4,108.9,115.4,28179,3115333.38,EQNL
2010-05-06,113.31,113.97,109.37,113.97,6152,688683.32,EQNL
2010-05-07,111.36,111.73,100.0,109.0,52231,5496311.41,EQNL
2010-05-11,110.56,115.0,105.01,115.0,100844,11344685.81,EQNL
2010-05-12,113.31,120.86,112.0,118.7,117117,14042809.56,EQNL
2010-05-13,115.89,120.62,112.0,119.89,61837,7342652.87,EQNL
2010-05-14,119.79,120.25,116.65,120.0,47513,5648573.32,EQNL
2010-05-17,117.18,120.99,114.74,119.7,34938,4178658.47,EQNL
2010-05-18,120.49,121.45,119.75,120.4,7333,880644.27,EQNL
2010-05-19,119.02,120.0,112.02,118.67,36138,4288878.7,EQNL
2010-05-20,119.45,119.84,112.5,114.9,34202,4037366.58,EQNL
2010-05-21,115.99,119.02,114.0,117.95,35588,4185334.35,EQNL
2010-05-24,118.0,119.8,116.58,119.8,50145,5879610.77,EQNL
2010-05-25,118.0,119.25,114.56,119.0,86573,10242986.42,EQNL
2010-05-26,118.25,119.01,116.0,118.25,32753,3876611.99,EQNL
2010-05-27,118.0,118.85,117.1,118.2,2543,300349.62,EQNL
2010-05-28,118.0,122.51,116.7,122.5,101146,12148842.65,EQNL
2010-05-31,120.7,122.5,119.96,119.96,71843,8761635.69,EQNL
2010-06-01,119.88,125.0,117.92,122.2,87209,10624395.96,EQNL
2010-06-02,122.39,124.11,121.03,122.96,58350,7189848.96,EQNL
2010-06-03,121.12,124.9,120.0,121.0,47190,5811963.59,EQNL
2010-06-04,122.21,124.04,122.0,122.39,55773,6866629.24,EQNL
2010-06-07,122.36,122.36,120.0,121.21,1639,198265.16,EQNL
2010-06-08,122.0,122.0,120.74,121.9,183,22117.12,EQNL
2010-06-09,122.0,122.22,120.74,120.74,39,4760.65,EQNL
2010-06-10,122.39,122.39,120.0,120.01,569,68708.51,EQNL
2010-06-11,121.0,122.0,119.05,119.5,45730,5497017.8,EQNL
2010-06-15,120.0,121.5,119.04,120.6,331,39425.94,EQNL
2010-06-16,119.12,120.89,119.12,119.66,254,30643.42,EQNL
2010-06-17,119.35,119.81,117.31,118.48,927,109654.54,EQNL
2010-06-18,118.48,126.99,117.0,125.99,205823,25369404.55,EQNL
2010-06-21,125.5,125.6,124.02,125.25,18434,2309802.02,EQNL
2010-06-22,124.0,125.38,122.53,125.35,8381,1047630.2,EQNL
2010-06-23,125.0,125.3,124.1,125.3,6077,759411.27,EQNL
2010-06-24,124.02,125.31,124.0,125.31,15338,1917896.13,EQNL
2010-06-25,125.0,126.77,124.0,124.0,21723,2718468.17,EQNL
2010-06-28,125.07,125.4,123.27,125.3,2696,337638.36,EQNL
2010-06-29,125.87,126.97,123.44,123.44,9179,1148266.01,EQNL
2010-06-30,123.27,123.27,120.7,121.77,809,98353.7,EQNL
2010-07-01,120.71,120.71,112.68,112.69,1105,128928.42,EQNL
2010-07-02,111.06,111.68,109.0,110.05,3923,435538.04,EQNL
2010-07-05,113.28,115.69,110.02,112.8,8981,1000679.59,EQNL
2010-07-06,112.8,115.0,112.8,113.5,1270,145006.92,EQNL
2010-07-07,114.14,115.6,110.51,115.05,14542,1641896.22,EQNL
2010-07-08,113.31,115.45,113.31,115.44,2524,288397.68,EQNL
2010-07-09,115.0,115.0,111.99,113.29,1727,194802.41,EQNL
2010-07-12,114.1,114.1,113.0,113.9,1502,170043.15,EQNL
2010-07-13,113.76,118.61,113.1,115.76,2198,254339.99,EQNL
2010-07-14,118.17,118.17,115.36,115.36,3275,380692.01,EQNL
2010-07-15,115.0,117.34,114.0,116.1,1455,168819.52,EQNL
2010-07-16,115.0,116.0,112.05,116.0,472,54107.55,EQNL
2010-07-19,116.0,116.5,111.16,114.17,2809,318355.57,EQNL
2010-07-20,114.3,114.61,112.02,112.02,757,85302.75,EQNL
2010-07-21,112.17,114.62,112.0,113.01,1584,179314.61,EQNL
2010-07-22,113.99,114.01,112.8,114.0,2017,229111.43,EQNL
2010-07-23,112.78,114.0,112.0,113.01,7276,825631.61,EQNL
2010-07-26,114.1,114.1,112.8,113.84,1980,224455.98,EQNL
2010-07-27,112.78,114.62,112.78,114.0,1125,128175.9,EQNL
2010-07-28,114.0,114.0,112.8,113.68,4504,510363.1,EQNL
2010-07-29,114.61,114.61,112.81,114.0,2942,334100.87,EQNL
2010-07-30,113.47,114.9,113.46,113.5,2553,290344.4,EQNL
2010-08-02,114.96,115.05,113.55,113.56,2403,273481.45,EQNL
2010-08-03,114.0,115.04,113.0,113.01,2978,337854.85,EQNL
2010-08-04,113.47,115.0,113.2,113.5,3518,403577.12,EQNL
2010-08-05,113.47,113.83,112.87,112.91,11635,1322828.09,EQNL
2010-08-06,114.65,117.36,112.85,117.36,1699,195294.81,EQNL
2010-08-09,115.06,115.7,113.0,114.3,1853,210978.31,EQNL
2010-08-10,115.3,115.5,113.0,114.25,1439,164177.92,EQNL
2010-08-11,114.25,114.25,114.25,114.25,1,114.25,EQNL
2010-08-12,112.95,114.1,111.01,112.79,849,94609.72,EQNL
2010-08-13,113.0,113.92,111.11,113.14,858,95574.63,EQNL
2010-08-16,113.58,113.92,111.9,112.0,1485,167011.61,EQNL
2010-08-17,112.5,113.96,112.5,113.96,742,84254.71,EQNL
2010-08-18,112.79,112.79,111.13,111.3,2696,300481.21,EQNL
2010-08-19,111.3,112.0,110.5,111.99,2196,243952.31,EQNL
2010-08-20,112.22,112.22,109.97,111.49,3792,417312.74,EQNL
2010-08-23,111.5,114.01,110.0,112.0,4074,456759.01,EQNL
2010-08-24,112.5,113.37,110.94,113.25,13193,1480362.01,EQNL
2010-08-25,114.1,114.1,113.0,113.0,124,14071.98,EQNL
2010-08-26,113.3,115.87,113.0,114.0,19753,2248191.44,EQNL
2010-08-27,112.86,115.3,111.2,112.02,266,30089.08,EQNL
2010-08-30,111.84,113.0,111.84,112.8,883,99438.26,EQNL
2010-08-31,113.15,115.4,112.1,114.47,19149,2187905.95,EQNL
2010-09-01,113.85,115.31,113.85,114.79,1123,128893.87,EQNL
2010-09-02,113.93,116.95,110.16,115.01,9476,1086673.5,EQNL
2010-09-03,115.3,116.2,114.12,114.12,6299,719507.26,EQNL
2010-09-06,116.0,116.0,114.0,115.0,5600,638904.25,EQNL
2010-09-07,114.0,115.0,112.1,115.0,1386,158345.98,EQNL
2010-09-08,113.7,115.04,113.4,115.0,3428,392512.61,EQNL
2010-09-09,115.0,115.5,113.57,115.0,1284,147661.28,EQNL
2010-09-10,115.7,115.7,112.55,114.99,438,50189.98,EQNL
2010-09-13,114.85,114.85,113.04,114.01,444,50614.79,EQNL
2010-09-14,114.9,117.33,113.05,117.33,8869,1026272.36,EQNL
2010-09-15,117.33,117.49,114.16,115.86,1338,154493.62,EQNL
2010-09-16,114.17,115.65,114.01,114.01,534,60957.09,EQNL
2010-09-17,114.3,114.95,113.32,114.33,2187,248877.44,EQNL
2010-09-20,114.89,114.9,112.7,113.94,631,71493.19,EQNL
2010-09-21,113.0,114.89,113.0,114.87,1978,224286.23,EQNL
2010-09-22,114.7,114.7,112.52,112.55,3380,382003.04,EQNL
2010-09-23,113.67,113.98,112.61,112.82,32086,3635070.61,EQNL
2010-09-24,113.45,114.5,112.92,112.92,3923,444766.22,EQNL
2010-09-27,112.91,114.42,112.9,113.0,668,75442.02,EQNL
2010-09-28,113.99,113.99,111.32,112.05,4103,460928.6,EQNL
2010-09-29,112.01,113.85,111.93,112.05,5665,639208.44,EQNL
2010-09-30,111.73,113.12,111.73,112.04,2976,333455.54,EQNL
2010-10-01,112.99,113.8,112.0,113.0,2224,250615.32,EQNL
2010-10-04,113.12,116.23,112.49,115.5,8715,1001707.3,EQNL
2010-10-05,115.5,116.52,113.51,115.0,1631,188469.21,EQNL
2010-10-06,115.0,117.0,114.0,116.0,5503,635894.9,EQNL
2010-10-07,115.0,115.0,114.26,114.99,501,57515.29,EQNL
2010-10-08,114.21,114.9,113.0,114.89,5302,606419.57,EQNL
2010-10-11,114.5,115.0,112.82,114.6,24778,2838907.78,EQNL
2010-10-12,114.9,115.0,113.35,114.75,2103,241391.24,EQNL
2010-10-13,115.09,115.29,113.6,114.7,423,48524.52,EQNL
2010-10-14,113.95,114.95,113.32,113.32,482,54781.28,EQNL
2010-10-15,113.31,113.31,111.76,111.76,18870,2118345.57,EQNL
2010-10-18,111.73,112.0,111.73,112.0,3227,361392.72,EQNL
2010-10-19,112.0,112.05,111.0,112.0,5299,592872.1,EQNL
2010-10-20,111.5,112.0,110.0,112.0,1268,141176.16,EQNL
2010-10-21,112.56,112.56,111.0,112.0,2284,255674.27,EQNL
2010-10-22,112.0,112.99,110.3,112.0,7105,796198.97,EQNL
2010-10-25,112.0,116.78,110.12,113.0,75598,8506307.63,EQNL
2010-10-26,112.46,114.0,112.46,113.1,5171,585743.02,EQNL
2010-10-27,113.0,113.95,113.0,113.0,4065,459396.54,EQNL
2010-10-28,113.0,113.98,112.02,112.02,536,60672.37,EQNL
2010-10-29,113.5,113.7,112.0,112.89,1209,135656.92,EQNL
2010-11-01,112.97,113.78,112.3,112.35,1937,218539.75,EQNL
2010-11-02,113.9,113.9,112.0,112.84,152,17065.15,EQNL
2010-11-03,112.15,113.95,112.15,113.85,3208,363943.93,EQNL
2010-11-08,113.87,114.0,112.45,113.13,2642,299053.16,EQNL
2010-11-09,113.95,114.13,113.0,113.0,5847,664853.42,EQNL
2010-11-10,113.97,113.99,110.58,113.63,3236,363274.65,EQNL
2010-11-11,113.62,113.62,111.2,112.6,3035,339688.4,EQNL
2010-11-12,111.7,113.55,111.01,112.98,62054,7009737.2,EQNL
2010-11-13,113.0,113.55,112.5,113.0,1514,170984.92,EQNL
2010-11-15,113.0,114.89,112.15,114.75,8623,980788.14,EQNL
2010-11-16,114.6,117.0,114.0,115.89,14449,1671581.37,EQNL
2010-11-17,116.0,117.5,114.91,116.5,20897,2433066.1,EQNL
2010-11-18,115.8,117.59,115.5,116.89,1865,217296.48,EQNL
2010-11-19,116.28,116.94,115.75,116.0,2703,313771.75,EQNL
2010-11-22,116.2,117.1,115.44,116.75,4824,560802.29,EQNL
2010-11-23,116.5,116.99,115.3,116.5,3045,354180.16,EQNL
2010-11-24,115.4,117.49,115.15,116.0,13058,1522077.95,EQNL
2010-11-25,116.0,117.49,115.71,116.5,14463,1686935.12,EQNL
2010-11-26,116.9,117.0,116.0,116.0,19421,2267745.0,EQNL
2010-11-29,115.69,116.89,115.15,115.75,2428,281449.29,EQNL
2010-11-30,116.85,117.0,115.9,115.9,25526,2962516.47,EQNL
2010-12-01,116.97,116.97,115.7,115.9,11525,1336804.03,EQNL
2010-12-02,116.2,116.8,115.6,115.99,7118,825235.09,EQNL
2010-12-03,116.0,116.9,115.89,116.2,29167,3383655.85,EQNL
2010-12-06,116.48,116.5,115.75,116.4,28294,3286968.07,EQNL
2010-12-07,116.99,117.0,116.0,116.75,41353,4810123.95,EQNL
2010-12-08,115.9,116.69,115.49,116.0,148324,17210023.09,EQNL
2010-12-09,116.98,117.6,116.0,116.25,254069,29554929.16,EQNL
2010-12-10,116.02,126.77,115.72,116.42,343193,40264540.94,EQNL
2010-12-13,117.34,119.24,115.73,116.0,141053,16383562.98,EQNL
2010-12-14,116.01,116.48,116.0,116.36,32777,3804228.32,EQNL
2010-12-15,115.72,116.32,115.34,116.31,28258,3278051.81,EQNL
2010-12-16,116.79,116.79,115.0,116.0,8620,998024.07,EQNL
2010-12-17,116.5,117.14,115.34,116.0,724271,83960994.06,EQNL
2010-12-20,116.25,116.25,115.0,115.12,40842,4722214.01,EQNL
2010-12-21,115.95,116.2,115.75,115.98,21997,2550525.66,EQNL
2010-12-22,115.61,116.05,115.12,116.0,78887,9147035.38,EQNL
2010-12-23,115.53,117.01,115.53,115.76,622506,72572093.83,EQNL
2010-12-24,115.5,116.0,114.92,114.92,81576,9430144.3,EQNL
2010-12-27,115.02,115.9,115.02,115.04,20360,2354196.95,EQNL
2010-12-28,115.11,115.11,113.0,113.86,7591,864668.79,EQNL
2010-12-29,114.02,114.32,111.57,114.0,24869,2822393.26,EQNL
2010-12-30,114.1,114.55,112.91,112.91,60113,6859013.14,EQNL
2011-01-11,112.92,114.6,112.91,114.05,6230,710190.09,EQNL
2011-01-12,114.0,115.15,114.0,114.79,3313,379416.98,EQNL
2011-01-13,114.95,115.43,114.2,114.7,70629,8118723.7,EQNL
2011-01-14,114.06,115.32,114.06,114.08,1701,194860.39,EQNL
2011-01-17,115.22,115.3,114.2,115.25,175112,20162042.29,EQNL
2011-01-18,115.29,116.76,114.62,115.0,2569226,296041426.93,EQNL
2011-01-19,116.0,116.24,114.43,115.3,23498,2704051.15,EQNL
2011-01-20,114.95,115.5,114.57,115.3,70183,8091174.56,EQNL
2011-01-21,115.3,115.4,115.0,115.36,3048,351493.74,EQNL
2011-01-24,115.3,115.5,114.6,115.25,131975,15226601.38,EQNL
2011-01-25,115.12,115.5,115.12,115.5,90287,10421196.84,EQNL
2011-01-26,115.11,115.48,114.92,115.25,8999,1035632.32,EQNL
2011-01-27,116.25,116.25,115.0,115.46,4095,472027.12,EQNL
2011-01-28,115.36,115.5,114.36,115.37,8697,1001058.41,EQNL
2011-01-31,115.01,115.35,115.0,115.25,1389,159913.45,EQNL
2011-02-01,115.25,115.48,115.0,115.2,2486,286380.04,EQNL
2011-02-02,115.09,115.4,114.76,115.0,135845,15622449.36,EQNL
2011-02-03,115.0,115.09,114.51,115.03,30648,3524415.02,EQNL
2011-02-04,115.35,119.88,114.93,115.96,115647,13470094.1,EQNL
2011-02-07,115.21,118.16,115.07,115.76,25699,2974326.86,EQNL
2011-02-08,116.19,116.19,115.0,115.79,2094,241682.84,EQNL
2011-02-09,115.05,115.05,113.05,113.99,132000,15049343.12,EQNL
2011-02-10,113.99,113.99,112.75,113.88,9469,1074810.34,EQNL
2011-02-11,112.66,114.88,112.03,114.67,1695,192523.08,EQNL
2011-02-14,113.98,114.86,113.54,113.97,1130,128819.74,EQNL
2011-02-15,114.01,114.01,113.05,113.71,809,91774.76,EQNL
2011-02-16,113.71,114.0,113.0,113.1,2162,245658.0,EQNL
2011-02-17,113.4,114.0,113.3,113.4,4286,487507.71,EQNL
2011-02-18,113.54,114.5,113.0,113.17,5557,632053.1,EQNL
2011-02-21,113.17,115.49,113.16,113.81,3978,453338.73,EQNL
2011-02-22,114.46,114.46,110.17,113.61,9403,1057103.11,EQNL
2011-02-24,112.61,113.67,110.96,111.71,3005,335829.37,EQNL
2011-02-25,111.7,111.99,110.2,111.94,12403,1375856.9,EQNL
2011-02-28,112.09,112.95,111.52,112.7,2782,311600.18,EQNL
2011-03-01,112.76,112.99,109.97,109.97,30770,3409896.8,EQNL
2011-03-02,111.0,111.0,109.05,109.97,34860,3834875.5,EQNL
2011-03-03,110.94,110.94,109.48,109.55,2640,290000.6,EQNL
2011-03-04,109.71,109.73,108.49,108.9,5260,575709.1,EQNL
2011-03-05,109.85,110.0,108.82,109.51,330,36232.8,EQNL
2011-03-09,109.79,110.68,109.03,109.52,2660,291653.3,EQNL
2011-03-10,109.51,109.6,107.55,107.55,1380,149890.1,EQNL
2011-03-11,108.0,110.4,104.73,109.71,23850,2587795.1,EQNL
2011-03-14,108.65,109.76,107.5,108.51,1410,152993.3,EQNL
2011-03-15,105.01,108.01,104.7,108.0,7110,757768.3,EQNL
2011-03-16,108.39,108.39,106.55,106.7,3210,343946.0,EQNL
2011-03-17,105.4,108.48,105.0,107.43,2670,285241.5,EQNL
2011-03-18,107.5,107.5,107.5,107.5,60,6450.0,EQNL
2011-03-21,106.5,106.98,106.01,106.98,130,13834.9,EQNL
2011-03-22,106.99,107.0,106.1,106.98,1770,188902.1,EQNL
2011-03-23,106.59,107.89,105.02,106.88,1640,174863.2,EQNL
2011-03-24,106.9,107.49,106.0,106.99,1900,202893.2,EQNL
2011-03-25,106.37,107.61,106.3,106.32,1840,196070.9,EQNL
2011-03-28,107.0,107.0,105.39,106.94,4020,427472.6,EQNL
2011-03-29,106.97,107.47,105.73,107.3,2780,297278.0,EQNL
2011-03-30,109.29,109.29,106.5,106.78,2630,283020.1,EQNL
2011-03-31,107.99,108.0,107.0,107.0,880,94740.8,EQNL
2011-04-01,106.99,107.59,106.24,107.59,5170,551550.5,EQNL
2011-04-04,107.68,107.85,106.68,107.0,4200,450199.2,EQNL
2011-04-05,107.0,107.43,105.6,106.8,900,95523.9,EQNL
2011-04-06,106.01,106.94,105.0,106.0,1560,165115.9,EQNL
2011-04-07,105.04,106.92,105.04,106.0,1520,161252.8,EQNL
2011-04-08,105.06,106.94,104.7,105.1,2750,289020.3,EQNL
2011-04-11,105.5,106.98,104.51,105.0,8970,944020.8,EQNL
2011-04-12,105.01,106.94,104.61,105.29,2740,288629.4,EQNL
2011-04-13,104.55,105.5,104.05,104.05,6510,685446.0,EQNL
2011-04-14,104.55,104.55,96.13,98.63,20320,2009674.8,EQNL
2011-04-15,98.63,108.0,97.26,106.15,129510,13527681.2,EQNL
2011-04-18,105.09,107.77,105.03,106.0,308530,32981771.5,EQNL
2011-04-19,106.03,106.21,105.0,106.0,6410,676575.9,EQNL
2011-04-20,107.74,107.74,105.5,106.5,5840,622114.4,EQNL
2011-04-21,106.5,106.5,105.54,105.57,16130,1715954.4,EQNL
2011-04-22,107.3,107.5,104.03,106.08,3420,363154.1,EQNL
2011-04-25,104.67,106.45,103.5,105.9,16810,1773327.1,EQNL
2011-04-26,104.52,106.66,104.49,106.49,12060,1279581.4,EQNL
2011-04-27,105.61,106.51,105.11,105.51,3690,390756.4,EQNL
2011-04-28,107.5,107.5,104.56,106.48,14490,1540129.8,EQNL
2011-04-29,106.36,107.2,105.99,106.0,9070,965632.6,EQNL
2011-05-03,106.31,106.31,105.0,106.19,6470,684138.4,EQNL
2011-05-04,106.01,106.01,105.0,105.5,930,97994.6,EQNL
2011-05-05,105.49,107.25,105.49,106.03,9250,982990.2,EQNL
2011-05-06,105.1,107.14,105.0,107.0,34280,3665983.4,EQNL
2011-05-10,107.03,107.03,106.33,106.33,160,17034.9,EQNL
2011-05-11,107.02,107.03,105.02,106.87,2400,255682.5,EQNL
2011-05-12,106.0,106.0,105.0,105.01,660,69426.6,EQNL
2011-05-13,105.68,106.0,105.01,105.01,540,56875.5,EQNL
2011-05-16,105.01,105.01,102.79,102.8,1250,128887.2,EQNL
2011-05-17,104.0,105.11,103.11,105.1,5620,589818.1,EQNL
2011-05-18,102.51,106.45,102.51,106.44,5480,578611.5,EQNL
2011-05-19,106.29,106.29,105.31,105.31,140,14807.2,EQNL
2011-05-20,105.99,106.05,105.37,105.5,210,22216.6,EQNL
2011-05-23,105.79,106.0,95.02,105.01,3690,384552.7,EQNL
2011-05-24,105.02,105.23,104.52,104.52,240,25217.3,EQNL
2011-05-25,104.02,104.6,104.02,104.6,20,2086.2,EQNL
2011-05-26,104.99,105.45,104.99,105.45,1100,115948.0,EQNL
2011-05-27,105.0,105.99,104.03,105.99,2030,214103.5,EQNL
2011-05-30,105.0,105.54,105.0,105.54,50,5266.2,EQNL
2011-05-31,105.54,105.6,103.01,104.24,3290,342449.9,EQNL
2011-06-01,104.27,104.49,103.35,104.41,1030,106845.5,EQNL
2011-06-02,103.99,106.75,103.02,105.5,3490,368424.0,EQNL
2011-06-03,105.5,106.0,103.02,104.88,4220,443274.6,EQNL
2011-06-06,105.0,105.97,104.01,105.97,560,59018.2,EQNL
2011-06-07,105.4,105.9,104.32,105.42,590,62147.3,EQNL
2011-06-08,105.41,105.42,105.41,105.42,120,12649.4,EQNL
2011-06-09,105.42,106.11,104.0,105.42,3550,373076.1,EQNL
2011-06-10,104.11,104.11,104.11,104.11,20,2082.2,EQNL
2011-06-14,105.01,106.2,105.0,105.3,350,36800.2,EQNL
2011-06-15,105.01,105.01,104.11,104.11,260,27158.6,EQNL
2011-06-17,104.11,104.11,99.0,102.4,5880,594953.7,EQNL
2011-06-20,104.08,104.08,101.02,102.3,290,29662.1,EQNL
2011-06-21,102.17,102.17,102.01,102.01,70,7150.3,EQNL
2011-06-22,102.17,104.1,102.17,103.11,890,91362.1,EQNL
2011-06-23,102.07,104.5,100.92,104.5,6330,650027.5,EQNL
2011-06-24,103.5,103.5,100.0,103.5,4720,479899.2,EQNL
2011-06-27,101.45,102.52,101.27,101.39,390,39579.8,EQNL
2011-06-28,102.51,102.52,101.42,101.9,280,28623.9,EQNL
2011-06-29,102.47,103.0,102.47,103.0,1110,113778.9,EQNL
2011-06-30,101.44,103.31,101.44,103.31,230,23414.1,EQNL
2011-07-01,103.28,105.0,103.28,105.0,1310,136765.8,EQNL
2011-07-04,104.5,106.0,103.01,105.9,1110,117148.0,EQNL
2011-07-05,105.75,105.75,104.15,104.81,220,23120.9,EQNL
2011-07-06,105.02,105.02,103.01,104.97,630,65532.7,EQNL
2011-07-07,104.87,105.95,104.56,105.95,1130,119607.5,EQNL
2011-07-08,105.99,106.2,105.0,105.0,350,36867.9,EQNL
2011-07-11,104.0,104.0,103.0,103.0,290,29882.0,EQNL
2011-07-12,102.01,103.76,101.99,103.76,1600,163217.6,EQNL
2011-07-13,102.2,103.09,98.68,102.75,1120,113194.9,EQNL
2011-07-14,101.1,101.99,100.1,100.1,120,12201.1,EQNL
2011-07-15,101.61,101.69,101.56,101.69,280,28458.2,EQNL
2011-07-18,100.71,101.53,100.5,100.5,240,24173.5,EQNL
2011-07-19,100.1,100.51,99.99,99.99,2060,206165.1,EQNL
2011-07-20,100.51,100.51,100.01,100.01,30,3008.2,EQNL
2011-07-21,100.99,100.99,100.0,100.45,490,49186.1,EQNL
2011-07-22,100.77,100.99,100.02,100.99,810,81463.2,EQNL
2011-07-25,100.99,101.99,100.99,101.27,150,15189.3,EQNL
2011-07-26,101.26,101.26,101.26,101.26,10,1012.6,EQNL
2011-07-27,101.97,101.97,100.0,100.0,780,78445.1,EQNL
2011-07-28,99.11,101.0,97.01,101.0,2380,236621.6,EQNL
2011-07-29,100.01,100.07,99.02,99.99,370,36992.7,EQNL
2011-08-01,99.54,100.72,99.52,100.0,40,3997.8,EQNL
2011-08-02,99.02,100.5,99.02,99.12,120,11928.3,EQNL
2011-08-03,99.04,99.11,97.07,98.49,1950,191754.0,EQNL
2011-08-04,97.03,99.0,97.03,97.1,410,40087.5,EQNL
2011-08-05,86.0,95.5,86.0,94.7,6420,575025.2,EQNL
2011-08-08,92.97,92.97,88.39,89.37,1810,161284.5,EQNL
2011-08-09,87.01,102.96,81.01,101.0,28330,2502468.8,EQNL
2011-08-10,97.64,101.0,96.01,100.5,4920,488667.5,EQNL
2011-08-11,99.99,101.0,75.5,101.0,40660,4046076.4,EQNL
2011-08-12,95.06,100.0,90.0,100.0,350,33462.2,EQNL
2011-08-15,98.99,100.0,96.02,99.79,2830,274772.1,EQNL
2011-08-16,95.05,102.0,95.05,102.0,96080,9562715.5,EQNL
2011-08-17,101.99,101.99,98.0,99.0,360,35770.0,EQNL
2011-08-18,98.27,98.27,97.52,97.52,250,24505.8,EQNL
2011-08-19,97.0,97.01,90.0,94.0,2780,258845.1,EQNL
2011-08-22,97.77,97.77,90.0,94.0,2150,200837.4,EQNL
2011-08-23,92.0,100.0,92.0,100.0,3340,324398.6,EQNL
2011-08-24,98.49,98.5,90.0,98.0,17620,1650936.2,EQNL
2011-08-25,96.0,97.77,94.81,97.72,880,85691.6,EQNL
2011-08-26,96.5,96.5,95.63,95.63,140,13441.5,EQNL
2011-08-29,96.01,97.74,92.02,97.74,2160,203481.5,EQNL
2011-08-30,98.32,98.32,98.32,98.32,10,983.2,EQNL
2011-08-31,97.44,97.44,95.73,96.33,2150,206370.2,EQNL
2011-09-01,96.98,100.56,95.17,95.99,170,16513.7,EQNL
2011-09-02,95.03,96.0,94.61,94.61,420,39981.8,EQNL
2011-09-05,93.98,98.0,91.0,98.0,4540,432000.5,EQNL
2011-09-06,95.05,97.98,95.05,95.21,320,30597.7,EQNL
2011-09-07,98.78,98.78,95.03,95.99,360,34483.1,EQNL
2011-09-08,96.0,99.0,96.0,98.88,1380,135872.0,EQNL
2011-09-09,98.88,98.88,96.09,98.0,270,26352.2,EQNL
2011-09-12,94.61,95.82,94.61,95.0,800,75981.8,EQNL
2011-09-13,95.0,95.85,94.0,94.0,220,20991.5,EQNL
2011-09-14,94.01,94.64,94.01,94.6,260,24591.8,EQNL
2011-09-15,96.0,96.59,94.52,94.52,1190,113834.7,EQNL
2011-09-16,96.0,102.99,96.0,102.99,2710,266293.0,EQNL
2011-09-19,97.75,100.01,97.75,99.86,1100,108875.8,EQNL
2011-09-20,100.31,103.01,100.31,101.0,13610,1394469.9,EQNL
2011-09-21,100.0,104.05,100.0,100.57,21590,2204119.5,EQNL
2011-09-22,100.37,105.5,92.01,105.5,137750,14111305.2,EQNL
2011-09-23,101.0,101.9,95.0,101.0,42390,4243969.7,EQNL
2011-09-26,100.0,100.01,97.5,100.0,7970,795492.1,EQNL
2011-09-27,99.49,100.2,99.49,100.2,300,29859.4,EQNL
2011-09-28,99.08,100.0,96.01,100.0,1790,178732.7,EQNL
2011-09-29,100.49,101.0,100.49,101.0,62600,6322452.2,EQNL
2011-09-30,100.01,125.0,93.11,117.5,5463040,598746546.4,EQNL
2011-10-03,112.03,117.01,99.0,112.0,67640,7331479.2,EQNL
2011-10-04,110.99,110.99,100.11,104.0,24450,2518569.6,EQNL
2011-10-05,106.95,109.59,101.17,108.4,4460,471565.6,EQNL
2011-10-06,108.0,108.68,105.12,105.12,340,36386.1,EQNL
2011-10-07,109.85,109.85,104.0,105.49,1050,111646.0,EQNL
2011-10-10,105.99,106.08,101.51,103.5,970,101078.1,EQNL
2011-10-11,101.03,104.71,101.03,102.6,15140,1552857.7,EQNL
2011-10-12,102.01,102.99,101.0,101.46,129350,13124722.1,EQNL
2011-10-13,101.5,101.68,99.5,100.7,4400,442252.1,EQNL
2011-10-14,100.01,100.69,100.0,100.45,2110,211946.2,EQNL
2011-10-17,101.0,101.0,99.0,99.0,890,88529.4,EQNL
2011-10-18,99.0,99.95,98.01,98.01,2560,252441.7,EQNL
2011-10-19,98.86,99.81,98.86,99.0,830,82211.5,EQNL
2011-10-20,99.11,99.11,98.0,98.2,2300,226983.8,EQNL
2011-10-21,99.0,99.89,97.0,99.89,690,68507.7,EQNL
2011-10-24,98.89,101.0,98.15,98.4,1330,132309.2,EQNL
2011-10-25,98.5,98.5,98.5,98.5,260,25610.0,EQNL
2011-10-26,99.99,100.0,98.01,99.0,3960,393088.5,EQNL
2011-10-27,99.09,99.09,97.41,97.63,13600,1332107.7,EQNL
2011-10-28,99.0,99.01,87.33,97.55,5720,551082.1,EQNL
2011-10-31,97.65,98.0,97.0,97.0,760,73790.3,EQNL
2011-11-01,97.41,97.44,97.01,97.23,1070,104164.0,EQNL
2011-11-03,98.55,98.55,92.77,97.61,1640,156326.9,EQNL
2011-11-07,97.0,97.84,96.04,97.84,430,41621.7,EQNL
2011-11-08,98.0,98.0,97.1,97.39,520,50869.8,EQNL
2011-11-09,97.0,97.0,95.06,95.06,30,2871.2,EQNL
2011-11-10,97.05,97.05,96.01,96.01,50,4841.5,EQNL
2011-11-11,97.97,98.0,96.02,97.01,620,60469.9,EQNL
2011-11-14,98.0,98.0,97.5,98.0,150,14685.0,EQNL
2011-11-15,97.31,97.94,96.91,97.09,1170,113767.1,EQNL
2011-11-16,97.31,97.31,97.0,97.0,370,35964.4,EQNL
2011-11-17,96.94,97.51,96.0,96.69,750,72640.9,EQNL
2011-11-18,97.01,97.01,95.08,95.08,810,78061.2,EQNL
2011-11-21,95.11,95.4,94.0,95.4,280,26615.5,EQNL
2011-11-22,95.0,95.0,95.0,95.0,10,950.0,EQNL
2011-11-24,97.0,97.0,94.0,96.0,80,7612.8,EQNL
2011-11-25,94.01,94.01,93.05,93.05,30,2810.7,EQNL
2011-11-28,97.49,97.51,95.47,95.47,1130,109590.5,EQNL
2011-11-29,95.17,95.17,95.17,95.17,110,10468.7,EQNL
2011-11-30,96.0,96.92,92.77,95.51,340,32073.3,EQNL
2011-12-01,95.18,95.2,95.18,95.2,240,22846.3,EQNL
2011-12-02,96.08,96.08,93.17,96.02,110,10505.8,EQNL
2011-12-05,94.99,96.18,94.89,96.18,320,30581.8,EQNL
2011-12-06,95.11,95.11,95.11,95.11,10,951.1,EQNL
2011-12-07,96.2,96.2,95.51,95.51,380,36412.6,EQNL
2011-12-08,95.62,95.91,94.01,95.14,120,11400.7,EQNL
2011-12-09,95.01,95.13,95.01,95.13,60,5701.8,EQNL
2011-12-12,95.25,95.25,94.0,94.0,110,10428.6,EQNL
2011-12-13,93.99,94.0,93.0,93.07,440,41025.5,EQNL
2011-12-14,93.69,94.0,93.49,93.99,1030,96536.4,EQNL
2011-12-15,93.69,93.79,93.0,93.79,530,49662.9,EQNL
2011-12-16,93.67,96.0,93.67,94.0,1350,127787.2,EQNL
2011-12-19,95.01,95.99,92.07,92.51,1550,145312.8,EQNL
2011-12-20,93.82,93.82,93.66,93.66,30,2812.0,EQNL
2011-12-21,92.61,92.72,90.51,92.0,1100,100825.8,EQNL
2011-12-22,92.68,92.68,92.5,92.5,110,10176.8,EQNL
2011-12-23,91.31,91.31,90.05,91.0,870,79000.6,EQNL
2011-12-26,90.69,93.4,90.69,92.12,660,61124.3,EQNL
2011-12-28,92.18,92.8,92.02,92.5,270,24964.8,EQNL
2011-12-29,92.5,92.5,89.0,89.05,1640,147500.6,EQNL
2011-12-30,91.74,99.8,89.1,97.0,807960,79853057.2,EQNL
2012-01-03,96.51,96.58,95.39,96.4,420,40509.0,EQNL
2012-01-04,96.48,96.48,94.21,95.31,330,31620.1,EQNL
2012-01-05,98.99,99.24,96.21,96.21,5040,500054.2,EQNL
2012-01-06,97.45,97.47,96.57,97.45,250,24272.9,EQNL
2012-01-09,92.18,95.3,92.18,95.3,2550,238199.1,EQNL
2012-01-10,96.17,97.99,96.17,96.19,320,31061.4,EQNL
2012-01-11,97.99,97.99,95.89,96.69,310,29860.0,EQNL
2012-01-12,98.75,101.94,96.5,96.5,3050,299386.2,EQNL
2012-01-13,98.9,99.0,97.1,98.02,732400,72497753.5,EQNL
2012-01-16,98.9,99.23,98.1,98.7,1280,125855.7,EQNL
2012-01-17,98.0,99.2,94.3,95.0,15930,1543185.0,EQNL
2012-01-18,96.41,97.87,96.4,97.5,1980,192525.8,EQNL
2012-01-19,97.34,99.22,93.51,96.36,21920,2098454.3,EQNL
2012-01-20,95.99,96.0,93.99,94.6,2660,252999.3,EQNL
2012-01-23,93.0,95.99,91.07,93.25,10700,994751.4,EQNL
2012-01-24,93.98,95.99,93.85,94.66,1740,165235.7,EQNL
2012-01-25,95.99,96.0,93.99,95.21,860,81774.7,EQNL
2012-01-26,97.5,98.5,94.42,96.75,3200,308807.1,EQNL
2012-01-27,90.0,97.01,90.0,95.62,940,86839.0,EQNL
2012-01-30,96.69,97.0,94.97,95.28,790,76356.4,EQNL
2012-01-31,94.8,96.85,92.01,94.9,1300,121836.2,EQNL
2012-02-01,93.02,95.5,93.0,95.4,2110,197897.5,EQNL
2012-02-02,95.0,95.0,94.07,94.21,40,3782.8,EQNL
2012-02-03,94.01,96.98,94.01,96.01,1190,114827.6,EQNL
2012-02-06,96.97,96.97,96.24,96.24,30,2894.5,EQNL
2012-02-07,96.0,96.92,95.13,96.9,160,15389.4,EQNL
2012-02-08,95.67,96.0,95.53,96.0,230,22012.3,EQNL
2012-02-09,95.99,95.99,94.96,94.96,80,7629.2,EQNL
2012-02-10,93.0,93.0,93.0,93.0,1,93.0,SMAL
2012-02-13,94.99,94.99,91.1,94.49,970,90498.7,EQNL
2012-02-14,93.92,95.0,93.28,94.36,1890,176690.0,EQNL
2012-02-15,94.0,94.9,93.56,94.49,320,30110.6,EQNL
2012-02-16,93.06,96.0,92.13,96.0,3460,325018.6,EQNL
2012-02-17,94.01,94.99,94.01,94.96,200290,19021532.4,EQNL
2012-02-20,95.0,95.51,92.6,93.0,11330,1065445.3,EQNL
2012-02-21,93.68,94.59,92.99,93.0,1390,129843.6,EQNL
2012-02-22,92.51,93.99,92.5,93.7,2630,244227.0,EQNL
2012-02-24,92.99,93.0,92.52,92.67,880,81744.0,EQNL
2012-02-27,92.99,94.0,92.5,92.54,1250,116413.6,EQNL
2012-02-28,92.99,94.0,92.52,93.39,30020,2821829.8,EQNL
2012-02-29,93.44,93.45,92.51,93.0,240,22358.7,EQNL
2012-03-01,92.98,92.99,92.98,92.99,40,3719.3,EQNL
2012-03-02,93.99,93.99,93.49,93.9,490,45865.1,EQNL
2012-03-05,93.73,93.73,93.7,93.7,60,5622.3,EQNL
2012-03-06,92.25,92.98,91.51,91.51,1480,136881.7,EQNL
2012-03-07,91.98,93.0,91.2,91.43,140,12862.0,EQNL
2012-03-11,91.51,93.95,91.51,93.5,910,84345.6,EQNL
2012-03-12,93.49,94.0,93.0,93.0,1850,173351.8,EQNL
2012-03-13,92.3,93.5,92.3,93.0,20760,1935924.6,EQNL
2012-03-14,93.01,94.5,91.09,94.5,21190,1994286.1,EQNL
2012-03-15,93.01,93.9,92.0,93.89,430,39851.2,EQNL
2012-03-16,92.57,92.57,92.15,92.15,100,9236.7,EQNL
2012-03-19,94.0,94.0,94.0,94.0,25000,2350000.0,SMAL
2012-03-20,92.04,92.04,91.21,91.22,1410,129479.8,EQNL
2012-03-21,91.24,91.24,91.23,91.23,110,10035.4,EQNL
2012-03-22,91.89,91.89,91.24,91.24,60,5486.7,EQNL
2012-03-23,91.0,91.0,90.0,90.89,1840,166445.5,EQNL
2012-03-26,90.99,92.0,89.02,91.77,710,64857.2,EQNL
2012-03-27,91.0,91.0,90.09,90.09,230,20835.3,EQNL
2012-03-28,90.99,90.99,90.01,90.01,40,3610.2,EQNL
2012-03-29,90.01,91.0,89.8,91.0,1590,143408.7,EQNL
2012-03-30,91.22,91.23,90.01,90.01,3090,280283.0,EQNL
2012-04-02,89.81,89.81,89.2,89.2,110,9872.1,EQNL
2012-04-03,89.94,91.0,89.88,90.0,780,70399.1,EQNL
2012-04-04,89.99,91.92,89.99,90.0,3690,333237.6,EQNL
2012-04-05,89.99,90.99,89.2,90.0,970,87240.2,EQNL
2012-04-06,89.03,90.0,89.03,89.84,560,50364.9,EQNL
2012-04-09,89.99,89.99,88.41,89.11,280,24961.8,EQNL
2012-04-10,88.15,89.99,88.15,89.86,220,19722.8,EQNL
2012-04-11,88.03,89.99,88.03,88.61,540,47934.9,EQNL
2012-04-12,88.99,89.47,87.0,87.93,1230,108377.1,EQNL
2012-04-13,87.99,89.9,87.99,89.0,930,82491.9,EQNL
2012-04-16,88.01,88.01,87.99,88.01,190,16720.5,EQNL
2012-04-17,88.0,91.0,88.0,90.0,21160,1914986.6,EQNL
2012-04-18,89.8,90.0,89.0,89.0,30,2688.0,EQNL
2012-04-19,88.0,88.79,87.51,88.79,770,67748.4,EQNL
2012-04-20,88.0,90.0,87.99,90.0,940,83514.3,EQNL
2012-04-23,81.13,88.99,81.13,88.0,120,10501.2,EQNL
2012-04-24,87.99,87.99,87.5,87.5,110,9629.9,EQNL
2012-04-25,87.0,87.54,86.53,87.5,460,40066.7,EQNL
2012-04-26,87.99,88.89,84.01,87.6,310,26779.0,EQNL
2012-04-27,86.97,87.0,86.97,87.0,40,3479.5,EQNL
2012-04-28,87.0,87.0,87.0,87.0,250,21750.0,EQNL
2012-05-02,87.9,88.0,87.0,88.0,730,64001.6,EQNL
2012-05-03,88.0,88.0,84.0,87.99,440,37396.6,EQNL
2012-05-04,88.0,88.0,84.32,87.9,220,19137.0,EQNL
2012-05-05,85.51,86.49,85.51,86.49,90,7715.5,EQNL
2012-05-07,84.01,87.0,84.0,87.0,390,32850.0,EQNL
2012-05-08,86.99,86.99,84.03,86.5,280,23716.1,EQNL
2012-05-10,86.23,87.0,85.1,85.53,700,60645.7,EQNL
2012-05-11,85.0,87.9,84.0,84.5,112710,9524324.9,EQNL
2012-05-12,84.99,86.0,84.99,86.0,50,4259.9,EQNL
2012-05-14,84.7,85.5,83.35,85.4,110750,9368323.7,EQNL
2012-05-15,82.5,87.99,82.5,85.47,33090,2737223.2,EQNL
2012-05-16,83.05,84.5,82.0,83.99,250,20858.1,EQNL
2012-05-17,84.0,84.98,83.81,83.81,60,5047.9,EQNL
2012-05-18,83.03,83.4,78.04,82.4,1130,92404.8,EQNL
2012-05-21,83.6,83.84,80.0,83.76,350,29035.5,EQNL
2012-05-23,82.06,82.06,80.0,81.96,1550,126234.0,EQNL
2012-05-24,77.77,81.94,77.76,81.78,320,25533.4,EQNL
2012-05-25,81.68,82.99,81.68,82.99,320,26270.3,EQNL
2012-05-28,81.5,81.5,81.5,81.5,10,815.0,EQNL
2012-05-29,80.1,80.98,80.01,80.98,220,17650.5,EQNL
2012-05-30,80.01,81.95,80.0,80.0,510,40994.3,EQNL
2012-05-31,80.77,82.99,80.0,80.0,1780,143638.1,EQNL
2012-06-01,80.01,80.87,79.01,79.44,260,20860.6,EQNL
2012-06-04,79.98,79.98,77.51,78.1,1060,82749.0,EQNL
2012-06-05,78.9,79.95,78.11,78.99,290,22808.0,EQNL
2012-06-06,79.14,80.53,79.14,80.53,20,1596.7,EQNL
2012-06-07,78.07,81.13,78.07,79.94,330,26651.9,EQNL
2012-06-09,80.0,82.99,77.51,79.5,410,32834.2,EQNL
2012-06-13,81.0,81.0,80.0,80.12,230,18463.2,EQNL
2012-06-14,80.43,80.43,80.43,80.43,70,5630.1,EQNL
2012-06-18,81.01,81.25,80.0,80.0,190,15326.4,EQNL
2012-06-19,79.21,79.21,76.0,76.97,7770,595896.6,EQNL
2012-06-20,77.29,79.97,76.01,77.0,1570,121278.4,EQNL
2012-06-21,78.96,78.96,76.22,77.0,40,3091.8,EQNL
2012-06-22,76.21,77.88,76.01,77.88,550,41939.3,EQNL
2012-06-25,77.0,77.0,65.19,72.37,7350,521557.7,EQNL
2012-06-26,72.58,80.0,72.58,79.99,6290,477937.0,EQNL
2012-06-27,78.99,90.0,78.99,88.12,180960,15633142.7,EQNL
2012-06-28,87.87,96.74,87.87,93.9,579310,53696891.0,EQNL
2012-06-29,92.0,96.5,91.2,93.93,623870,58596657.2,EQNL
2012-07-02,91.31,93.79,87.23,88.23,8140,721698.6,EQNL
2012-07-03,89.0,89.38,85.25,88.25,3670,323762.0,EQNL
2012-07-04,88.0,88.5,87.99,88.5,2020,178086.8,EQNL
2012-07-05,88.02,88.29,87.05,87.61,2160,189278.5,EQNL
2012-07-06,87.51,87.87,80.06,85.14,2570,218054.5,EQNL
2012-07-09,85.25,85.49,85.13,85.13,70,5964.6,EQNL
2012-07-10,84.5,85.5,84.1,84.23,3140,265073.9,EQNL
2012-07-11,85.78,85.78,85.78,85.78,10,857.8,EQNL
2012-07-12,83.2,85.78,83.2,85.0,190,15970.2,EQNL
2012-07-13,85.75,85.75,85.75,85.75,10,857.5,EQNL
2012-07-16,85.0,86.0,85.0,86.0,550,47043.8,EQNL
2012-07-17,84.61,85.59,81.6,85.59,670,56149.4,EQNL
2012-07-18,84.0,86.03,82.51,86.03,90,7610.0,EQNL
2012-07-19,83.01,86.19,82.01,85.0,2100,178949.0,EQNL
2012-07-20,83.01,83.01,83.01,83.01,10,830.1,EQNL
2012-07-23,83.39,84.99,83.39,84.99,230,19394.9,EQNL
2012-07-24,85.0,85.22,84.1,85.22,440,37383.1,EQNL
2012-07-26,87.0,87.0,87.0,87.0,10,870.0,EQNL
2012-07-27,87.0,87.0,85.0,86.0,140,11995.1,EQNL
2012-07-30,86.75,86.83,84.98,86.83,170,14532.8,EQNL
2012-07-31,84.22,85.26,82.9,82.97,3400,285914.7,EQNL
2012-08-01,84.43,85.5,83.5,85.0,750,63053.5,EQNL
2012-08-02,84.0,87.45,83.99,85.0,1050,89928.7,EQNL
2012-08-03,84.0,85.0,83.62,85.0,7620,640290.8,EQNL
2012-08-06,85.0,86.9,85.0,86.79,600,51983.1,EQNL
2012-08-07,85.27,86.94,84.8,84.8,1360,116317.3,EQNL
2012-08-08,84.01,85.0,83.45,85.0,130,10930.1,EQNL
2012-08-09,86.0,86.0,83.53,83.53,120,10087.4,EQNL
2012-08-10,84.0,86.0,83.85,85.0,290,24848.0,EQNL
2012-08-14,86.0,86.0,83.52,85.0,250,21324.2,EQNL
2012-08-15,84.99,85.98,84.99,85.98,300,25682.8,EQNL
2012-08-16,84.8,85.01,83.5,85.01,140,11822.5,EQNL
2012-08-17,86.0,86.99,86.0,86.99,140,12110.3,EQNL
2012-08-20,88.0,91.0,86.4,87.51,1490,132544.0,EQNL
2012-08-21,85.71,87.28,85.71,87.28,20,1729.9,EQNL
2012-08-22,85.24,85.24,85.24,85.24,1,85.24,SMAL
2012-08-23,88.34,88.34,88.27,88.27,50,4416.3,EQNL
2012-08-24,88.59,88.6,88.59,88.6,110,9745.4,EQNL
2012-08-27,85.02,86.54,84.01,86.54,370,31401.5,EQNL
2012-08-28,84.03,95.0,84.03,95.0,5600,519204.6,EQNL
2012-08-29,93.03,93.98,90.0,93.5,7760,719056.9,EQNL
2012-08-30,93.0,93.0,90.02,90.5,11490,1046096.0,EQNL
2012-08-31,91.0,91.0,89.0,89.0,5060,454746.0,EQNL
2012-09-03,90.49,91.1,89.0,90.0,6330,573866.7,EQNL
2012-09-04,90.02,90.02,88.0,89.74,5620,500712.6,EQNL
2012-09-05,89.69,90.01,89.5,89.5,3330,298695.2,EQNL
2012-09-06,89.53,89.6,89.5,89.6,570,51016.3,EQNL
2012-09-07,89.6,90.0,88.0,89.18,200,17800.4,EQNL
2012-09-10,89.96,91.1,89.9,91.0,8660,784013.4,EQNL
2012-09-11,89.01,91.16,89.01,91.16,40,3603.4,EQNL
2012-09-12,91.0,91.0,91.0,91.0,10,910.0,EQNL
2012-09-13,91.0,91.75,89.13,89.13,240,21649.9,EQNL
2012-09-14,90.0,91.0,89.13,90.5,4050,366031.6,EQNL
2012-09-17,89.02,90.99,89.02,90.99,170,15308.1,EQNL
2012-09-18,90.75,91.5,89.51,89.51,1140,104234.0,EQNL
2012-09-19,90.74,94.98,89.01,89.01,1000,90647.0,EQNL
2012-09-20,89.7,90.0,89.7,90.0,150,13481.7,EQNL
2012-09-21,90.75,92.0,90.75,91.0,10150,924960.4,EQNL
2012-09-24,89.5,89.5,89.5,89.5,1,89.5,SMAL
2012-09-25,89.06,89.06,89.01,89.01,100,8901.5,EQNL
2012-09-26,89.29,89.29,87.0,87.99,1540,134958.7,EQNL
2012-09-28,89.04,90.74,89.0,89.0,2080,187394.3,EQNL
2012-10-01,87.52,89.0,87.52,89.0,70,6187.8,EQNL
2012-10-02,88.49,89.0,88.49,89.0,30,2664.9,EQNL
2012-10-03,89.99,89.99,89.99,89.99,10,899.9,EQNL
2012-10-04,88.02,90.99,88.0,90.99,260,22913.1,EQNL
2012-10-05,88.89,88.9,88.89,88.9,18,1600.11,SMAL
2012-10-08,89.92,92.0,89.14,91.0,11470,1053078.0,EQNL
2012-10-10,90.06,90.06,90.01,90.01,100,9001.5,EQNL
2012-10-11,89.01,89.01,89.0,89.0,250,22250.2,EQNL
2012-10-12,89.0,89.0,88.02,88.02,20,1770.2,EQNL
2012-10-15,88.0,89.99,85.03,87.99,880,75400.0,EQNL
2012-10-16,86.59,87.0,86.04,87.0,1570,136468.9,EQNL
2012-10-17,91.87,91.87,88.0,91.87,25700,2334788.4,EQNL
2012-10-18,90.02,90.99,90.0,90.0,170,15312.6,EQNL
2012-10-23,89.01,89.01,89.01,89.01,30,2670.3,EQNL
2012-10-24,90.99,115.0,80.53,89.41,14580,1336777.9,EQNL
2012-10-25,89.74,89.99,88.5,89.31,600,53410.3,EQNL
2012-10-26,88.84,88.99,88.0,88.99,50,4418.6,EQNL
2012-10-29,88.97,88.97,88.97,88.97,10,889.7,EQNL
2012-10-30,88.01,88.97,86.0,86.99,4710,409400.1,EQNL
2012-10-31,86.94,86.94,86.94,86.94,30,2608.2,EQNL
2012-11-01,86.99,86.99,86.99,86.99,10,869.9,EQNL
2012-11-02,86.99,87.0,86.0,86.5,1370,118419.5,EQNL
2012-11-06,86.89,86.89,84.51,85.99,520,44230.5,EQNL
2012-11-07,85.99,89.0,85.99,86.99,120,10424.7,EQNL
2012-11-08,86.99,86.99,84.0,84.99,190,16034.6,EQNL
2012-11-09,86.67,86.67,86.67,86.67,10,866.7,EQNL
2012-11-12,85.99,85.99,84.0,84.57,880,74606.3,EQNL
2012-11-13,85.99,85.99,83.0,83.98,320,26732.5,EQNL
2012-11-14,84.97,84.97,83.48,84.38,100,8372.2,EQNL
2012-11-15,83.26,85.93,80.0,85.93,940,77371.5,EQNL
2012-11-16,82.05,85.39,80.01,83.27,850,70174.2,EQNL
2012-11-19,82.06,83.99,82.06,83.28,380,31463.7,EQNL
2012-11-20,82.0,82.3,80.0,81.79,270,21979.6,EQNL
2012-11-21,82.0,82.99,80.0,81.47,7650,617133.6,EQNL
2012-11-22,83.01,83.02,83.0,83.02,380,31542.5,EQNL
2012-11-23,89.85,89.85,84.0,86.89,3450,291799.9,EQNL
2012-11-26,87.0,89.77,86.0,87.65,27120,2366521.0,EQNL
2012-11-27,88.01,89.86,87.5,88.85,19840,1745934.2,EQNL
2012-11-28,87.51,88.57,87.51,88.5,2960,261856.7,EQNL
2012-11-29,88.68,89.99,88.5,88.5,15370,1365726.2,EQNL
2012-11-30,88.26,90.5,88.26,88.28,52950,4730491.3,EQNL
2012-12-03,102.0,102.0,88.0,89.9,880,78167.9,EQNL
2012-12-04,89.99,89.99,88.61,89.24,260,23077.7,EQNL
2012-12-05,88.81,89.98,88.8,88.85,1280,114095.6,EQNL
2012-12-06,88.0,89.0,86.11,89.0,810,71172.2,EQNL
2012-12-07,88.5,88.5,88.5,88.5,100,8850.0,EQNL
2012-12-10,89.5,89.5,88.19,88.99,360,32162.6,EQNL
2012-12-11,89.49,90.0,88.99,90.0,2610,233687.7,EQNL
2012-12-12,89.99,89.99,88.21,89.49,260,22978.0,EQNL
2012-12-13,88.01,89.89,88.01,89.89,40,3539.3,EQNL
2012-12-14,88.01,88.97,88.0,88.97,30,2649.8,EQNL
2012-12-17,88.99,88.99,88.99,88.99,10,889.9,EQNL
2012-12-18,88.98,88.98,88.98,88.98,10,889.8,EQNL
2012-12-19,86.0,87.99,86.0,87.86,80,6994.9,EQNL
2012-12-20,87.89,87.89,86.13,87.89,100,8679.6,EQNL
2012-12-21,86.13,89.98,86.12,89.98,230,20107.7,EQNL
2012-12-24,88.41,89.89,88.0,88.49,120,10605.6,EQNL
2012-12-25,87.01,90.39,84.08,89.99,4510,402653.2,EQNL
2012-12-26,89.99,95.0,89.0,93.0,185810,17097927.0,EQNL
2012-12-27,106.75,106.75,91.0,95.0,237370,22041827.8,EQNL
2012-12-28,94.94,113.99,89.11,110.0,207460,20265804.4,EQNL
2013-01-08,115.0,115.0,95.01,101.6,5510,567419.3,EQNL
2013-01-09,103.98,109.99,96.6,109.91,4950,513234.4,EQNL
2013-01-10,113.68,114.0,106.4,106.95,1050,114518.9,EQNL
2013-01-11,107.49,107.49,106.9,106.9,1040,111181.9,EQNL
2013-01-14,102.06,106.77,102.05,105.98,710,74368.2,EQNL
2013-01-15,103.0,104.47,102.01,104.45,170,17511.8,EQNL
2013-01-16,104.97,104.97,103.0,104.4,830,86277.8,EQNL
2013-01-17,103.39,105.0,99.03,105.0,1500,154018.1,EQNL
2013-01-18,100.19,105.99,100.19,105.99,60,6224.1,EQNL
2013-01-21,102.0,107.0,102.0,105.99,170,17791.5,EQNL
2013-01-22,106.89,106.89,102.15,105.78,80,8320.8,EQNL
2013-01-23,106.32,106.32,102.96,104.99,220,22852.8,EQNL
2013-01-24,105.0,105.15,105.0,105.0,440,46201.5,EQNL
2013-01-25,104.99,104.99,100.32,103.99,140,14203.3,EQNL
2013-01-28,100.02,103.98,100.02,103.54,290,29207.4,EQNL
2013-01-29,100.09,102.84,100.05,101.64,1030,103436.3,EQNL
2013-01-30,100.0,103.75,95.05,102.5,6180,620317.1,EQNL
2013-01-31,103.9,104.7,97.19,102.96,490,48828.2,EQNL
2013-02-01,101.99,103.98,99.03,102.0,300,29985.6,EQNL
2013-02-04,101.54,101.99,100.5,100.96,190,19213.5,EQNL
2013-02-05,101.93,101.93,101.93,101.93,10,1019.3,EQNL
2013-02-06,101.97,101.99,100.99,101.99,40,4059.5,EQNL
2013-02-07,99.01,101.99,99.0,101.99,40,3990.0,EQNL
2013-02-08,102.99,102.99,99.01,100.99,350,35047.5,EQNL
2013-02-11,100.99,100.99,99.29,100.4,1480,147609.7,EQNL
2013-02-12,99.76,99.76,98.01,98.22,1210,119243.6,EQNL
2013-02-13,99.29,99.29,98.0,98.0,40,3937.9,EQNL
2013-02-14,97.01,98.97,97.0,97.97,210,20448.5,EQNL
2013-02-15,99.92,99.92,86.17,95.99,1340,122450.0,EQNL
2013-02-18,94.02,95.8,94.02,95.79,60,5694.4,EQNL
2013-02-19,94.01,95.98,94.0,95.93,90,8529.2,EQNL
2013-02-20,94.0,95.94,93.4,93.4,100,9377.5,EQNL
2013-02-21,93.0,100.63,93.0,95.6,660,63010.3,EQNL
2013-02-22,95.0,95.0,93.02,94.97,300,28102.3,EQNL
2013-02-26,93.95,95.0,93.0,93.0,700,66002.6,EQNL
2013-02-27,94.0,94.89,94.0,94.0,300,28210.9,EQNL
2013-02-28,94.0,94.0,94.0,94.0,10,940.0,EQNL
2013-03-01,92.06,92.09,90.66,91.0,230,21017.7,EQNL
2013-03-04,91.18,91.52,90.0,91.0,500,45384.2,EQNL
2013-03-05,90.0,91.0,90.0,91.0,60,5450.0,EQNL
2013-03-07,99.99,100.0,94.0,94.98,390,38515.3,EQNL
2013-03-11,95.05,100.62,91.0,94.0,250,23973.7,EQNL
2013-03-12,91.12,93.0,91.12,93.0,30,2752.4,EQNL
2013-03-13,92.0,92.0,91.99,92.0,50,4599.9,EQNL
2013-03-14,92.81,109.2,92.81,94.94,1250,124924.1,EQNL
2013-03-15,95.0,98.0,92.1,95.0,400,38290.5,EQNL
2013-03-18,92.0,92.0,91.01,91.01,100,9110.9,EQNL
2013-03-19,91.01,91.01,89.02,89.02,430,38448.3,EQNL
2013-03-22,90.0,90.0,87.0,90.0,120,10570.5,EQNL
2013-03-25,89.5,89.5,89.5,89.5,10,895.0,EQNL
2013-03-26,88.0,88.0,87.01,87.01,120,10451.3,EQNL
2013-03-27,89.96,89.97,89.96,89.97,100,8996.1,EQNL
2013-03-28,87.02,93.0,87.02,93.0,40,3660.0,EQNL
2013-03-29,97.45,97.45,87.5,91.35,340,31403.8,EQNL
2013-04-03,91.39,91.39,90.0,90.0,100,9106.4,EQNL
2013-04-04,90.0,90.0,90.0,90.0,40,3600.0,EQNL
2013-04-05,90.1,91.0,86.01,90.99,720,63501.2,EQNL
2013-04-08,89.99,89.99,89.99,89.99,50,4499.5,EQNL
2013-04-10,87.89,87.9,87.89,87.9,500,43948.5,EQNL
2013-04-11,86.68,86.68,86.68,86.68,10,866.8,EQNL
2013-04-12,87.0,87.0,87.0,87.0,320,27840.0,EQNL
2013-04-15,86.06,90.0,85.02,90.0,550,48836.0,EQNL
2013-04-16,87.0,87.0,82.03,82.03,200,16760.3,EQNL
2013-04-17,90.0,90.0,90.0,90.0,20,1800.0,EQNL
2013-04-18,90.0,90.0,90.0,90.0,80,7200.0,EQNL
2013-04-19,82.99,88.0,82.99,88.0,130,11289.4,EQNL
2013-04-22,81.01,88.65,81.01,88.65,100,8483.0,EQNL
2013-04-23,82.83,91.5,82.24,86.0,120,10029.9,EQNL
2013-04-25,86.0,86.0,85.99,86.0,1880,161679.6,EQNL
2013-04-26,87.0,87.0,87.0,87.0,40,3480.0,EQNL
2013-04-29,87.0,87.0,82.01,82.01,20,1690.1,EQNL
2013-04-30,86.95,86.95,84.13,84.13,70,5965.4,EQNL
2013-05-03,82.99,84.99,82.74,84.99,260,21655.7,EQNL
2013-05-06,84.99,86.94,84.99,85.0,1260,107212.2,EQNL
2013-05-08,85.14,95.99,85.14,89.0,950,86487.3,EQNL
2013-05-13,91.99,91.99,86.19,86.19,40,3505.6,EQNL
2013-05-14,85.15,85.15,85.15,85.15,40,3406.0,EQNL
2013-05-15,85.71,85.71,85.0,85.0,90,7702.6,EQNL
2013-05-16,85.0,86.0,83.15,83.15,340,28866.1,EQNL
2013-05-17,82.11,82.98,81.03,82.9,510,41541.4,EQNL
2013-05-20,81.27,85.0,81.27,84.99,250,20801.6,EQNL
2013-05-21,83.11,85.0,83.11,85.0,30,2531.0,EQNL
2013-05-22,85.0,85.0,85.0,85.0,80,6800.0,EQNL
2013-05-23,85.0,85.0,85.0,85.0,120,10200.0,EQNL
2013-05-24,85.0,85.0,85.0,85.0,10,850.0,EQNL
2013-05-27,85.0,86.0,82.6,83.0,150,12698.8,EQNL
2013-05-28,86.25,86.25,83.9,83.9,120,10303.0,EQNL
2013-05-30,84.09,84.09,84.09,84.09,150,12613.5,EQNL
2013-05-31,88.98,88.98,83.37,83.37,90,7727.8,EQNL
2013-06-03,83.37,86.0,80.04,84.02,680,56255.3,EQNL
2013-06-04,82.71,83.03,80.0,83.03,580,47472.0,EQNL
2013-06-05,81.03,82.04,78.9,81.0,1130,91246.9,EQNL
2013-06-06,81.76,81.76,81.0,81.0,220,17840.8,EQNL
2013-06-10,80.99,82.39,80.99,81.4,190,15454.9,EQNL
2013-06-11,83.9,83.9,78.11,79.4,1570,130130.2,EQNL
2013-06-13,77.12,80.29,72.12,80.29,800,61306.0,EQNL
2013-06-14,80.29,81.0,80.29,81.0,20,1612.9,EQNL
2013-06-17,80.9,80.98,80.09,80.09,180,14457.2,EQNL
2013-06-18,77.12,80.9,77.0,80.9,430,33244.7,EQNL
2013-06-20,78.98,85.99,78.98,80.01,590,48782.3,EQNL
2013-06-21,78.04,82.22,78.0,80.5,640,50099.9,EQNL
2013-06-24,83.98,86.0,82.0,84.01,690,58210.8,EQNL
2013-06-25,84.54,84.54,84.54,84.54,10,845.4,EQNL
2013-06-27,85.61,85.65,85.0,85.0,100,8529.0,EQNL
2013-06-28,79.11,79.11,72.43,75.0,9350,700887.8,EQNL
2013-07-01,79.97,79.97,72.3,79.07,520,40265.1,EQNL
2013-07-02,77.96,77.96,76.6,76.6,440,34112.3,EQNL
2013-07-03,77.95,77.95,77.95,77.95,10,779.5,EQNL
2013-07-04,77.96,77.96,76.96,76.96,420,32343.6,EQNL
2013-07-05,99.5,100.0,76.13,76.15,4230,344275.3,EQNL
2013-07-08,79.0,79.0,75.31,77.26,1380,107871.3,EQNL
2013-07-09,75.31,75.31,72.9,74.0,960,71779.4,EQNL
2013-07-10,74.0,74.49,73.12,73.12,50,3678.6,EQNL
2013-07-11,73.3,75.0,73.3,75.0,1010,75725.6,EQNL
2013-07-12,74.31,76.0,73.3,74.58,1020,76563.3,EQNL
2013-07-15,73.13,75.05,72.84,72.99,6600,481995.8,EQNL
2013-07-16,73.61,73.63,71.99,72.0,9160,663897.4,EQNL
2013-07-17,71.6,71.6,70.0,70.99,7750,549969.7,EQNL
2013-07-18,72.0,72.0,69.07,69.99,3410,238751.5,EQNL
2013-07-19,70.09,72.3,69.99,69.99,1120,78630.0,EQNL
2013-07-22,70.1,70.1,69.03,69.99,1630,113963.2,EQNL
2013-07-23,69.99,69.99,69.21,69.21,620,43317.9,EQNL
2013-07-24,68.71,71.47,68.71,69.81,340,23435.8,EQNL
2013-07-25,68.61,69.99,65.46,69.84,490,33137.1,EQNL
2013-07-26,69.05,69.05,69.05,69.05,20,1381.0,EQNL
2013-07-29,71.97,71.97,66.13,70.0,5300,368860.5,EQNL
2013-07-30,70.98,70.98,68.2,69.17,630,43970.1,EQNL
2013-07-31,68.49,68.49,68.0,68.0,930,63302.9,EQNL
2013-08-01,69.7,70.0,69.7,70.0,1500,104980.8,EQNL
2013-08-02,69.0,69.9,69.0,69.9,40,2778.0,EQNL
2013-08-05,69.01,70.0,68.0,69.8,4250,292114.9,EQNL
2013-08-06,66.37,68.02,66.3,66.53,7170,476255.3,EQNL
2013-08-07,69.55,69.78,66.0,66.31,1970,130235.8,EQNL
2013-08-08,68.63,68.63,66.41,66.41,410,27366.4,EQNL
2013-08-09,65.07,67.4,65.07,67.37,80,5320.1,EQNL
2013-08-12,67.99,67.99,47.16,63.4,10810,649380.1,EQNL
2013-08-13,60.07,63.77,60.07,63.5,1730,106681.6,EQNL
2013-08-14,63.47,63.47,61.61,62.5,290,18216.5,EQNL
2013-08-15,61.06,61.44,59.74,60.15,8780,527182.9,EQNL
2013-08-16,60.0,60.94,59.24,60.0,580,34789.9,EQNL
2013-08-19,59.99,59.99,57.77,59.44,640,37614.5,EQNL
2013-08-20,59.92,59.92,57.9,57.91,1090,63962.0,EQNL
2013-08-21,59.6,59.6,57.01,58.79,50,2932.8,EQNL
2013-08-22,59.22,59.22,58.45,58.45,50,2939.6,EQNL
2013-08-23,56.51,58.92,56.12,58.01,1000,57819.6,EQNL
2013-08-26,57.9,57.96,55.5,55.5,4580,256760.8,EQNL
2013-08-27,55.98,56.65,53.8,53.8,3500,192260.7,EQNL
2013-08-28,56.98,56.98,52.25,53.98,6230,333747.5,EQNL
2013-08-29,53.5,54.0,52.33,53.48,680,36227.8,EQNL
2013-08-30,54.66,54.66,52.5,53.0,770,41500.8,EQNL
2013-09-02,65.01,65.01,62.01,62.01,18,1143.18,SMAL
2013-09-03,51.05,54.76,51.05,54.76,40,2118.1,TQNL
2013-09-04,50.01,54.74,50.01,54.0,100,5274.3,TQNL
2013-09-05,51.0,51.0,51.0,51.0,1,51.0,SMAL
2013-09-06,55.0,55.0,55.0,55.0,2,110.0,SMAL
2013-09-09,54.98,54.98,51.76,52.91,510,26939.3,TQNL
2013-09-10,51.91,54.85,51.91,54.27,200,10600.8,TQNL
2013-09-11,54.46,54.46,52.19,53.64,950,50195.3,TQNL
2013-09-12,51.21,54.0,51.21,53.98,2270,121823.6,TQNL
2013-09-13,53.97,53.97,53.87,53.95,120,6466.7,TQNL
2013-09-16,44.08,44.08,44.08,44.08,2,88.16,SMAL
2013-09-17,54.07,55.46,53.99,54.99,1120,60509.7,TQNL
2013-09-18,54.99,55.47,51.49,52.5,9560,505312.6,TQNL
2013-09-19,53.99,53.99,52.0,52.69,480,25230.6,TQNL
2013-09-20,51.0,51.0,51.0,51.0,5,255.0,SMAL
2013-09-23,51.72,51.72,51.6,51.6,150,7747.0,TQNL
2013-09-24,51.7,51.77,51.59,51.6,190,9817.1,TQNL
2013-09-25,51.59,52.87,50.0,51.86,2690,138318.7,TQNL
2013-09-26,52.16,52.16,51.38,52.04,100,5200.7,TQNL
2013-09-27,52.08,52.2,51.24,52.16,450,23333.5,TQNL
2013-09-30,51.64,52.65,51.45,52.65,120,6197.8,TQNL
2013-10-01,53.0,53.0,53.0,53.0,1,53.0,SMAL
2013-10-02,52.13,52.46,52.0,52.46,1140,59371.5,TQNL
2013-10-03,59.5,59.5,59.5,59.5,9,535.5,SMAL
2013-10-04,55.27,55.27,55.27,55.27,1,55.27,SMAL
2013-10-07,56.0,56.0,52.52,54.3,5140,283143.0,TQNL
2013-10-08,52.9,53.8,51.99,53.8,27270,1420277.8,TQNL
2013-10-09,53.03,54.3,53.03,54.3,1690,91255.0,TQNL
2013-10-10,53.0,53.0,53.0,53.0,1,53.0,SMAL
2013-10-11,54.33,55.05,53.14,55.05,3920,213705.0,TQNL
2013-10-14,54.56,58.98,52.0,54.51,11740,635192.7,TQNL
2013-10-15,54.09,55.1,54.0,54.01,2140,115803.8,TQNL
2013-10-16,60.5,60.5,57.0,57.0,14,829.5,SMAL
2013-10-17,58.54,58.77,56.0,56.0,520,29402.5,TQNL
2013-10-18,56.0,57.65,55.02,57.65,440,24695.9,TQNL
2013-10-21,55.56,57.62,55.06,57.4,130,7321.5,TQNL
2013-10-22,55.74,58.98,55.6,57.65,770,44415.3,TQNL
2013-10-23,58.98,59.48,57.0,58.2,540,31110.9,TQNL
2013-10-24,57.55,57.99,57.55,57.99,1450,83491.5,TQNL
2013-10-25,57.9,58.0,57.9,58.0,4370,253457.0,TQNL
2013-10-28,57.06,57.99,57.06,57.99,190,10883.1,TQNL
2013-10-29,56.4,56.4,56.4,56.4,9,507.6,SMAL
2013-10-30,54.43,54.43,54.2,54.2,6,325.43,SMAL
2013-10-31,54.28,55.67,54.01,55.67,560,30538.6,TQNL
2013-11-01,57.4,57.4,55.1,55.1,11,608.49,SMAL
2013-11-05,57.97,58.0,55.08,55.09,140,8051.4,TQNL
2013-11-06,55.0,57.4,55.0,57.4,50,2837.8,TQNL
2013-11-07,55.13,57.0,55.13,57.0,20,1121.3,TQNL
2013-11-08,55.0,55.0,55.0,55.0,6,330.0,SMAL
2013-11-11,57.38,57.38,57.38,57.38,10,573.8,TQNL
2013-11-13,55.4,58.09,55.2,55.2,860,47625.5,TQNL
2013-11-14,55.2,55.6,55.0,55.6,50,2764.1,TQNL
2013-11-15,54.95,55.3,54.1,55.3,40,2186.5,TQNL
2013-11-18,54.02,54.02,54.02,54.02,40,2160.8,TQNL
2013-11-19,54.18,56.88,54.01,56.88,60,3276.3,TQNL
2013-11-20,53.31,53.31,53.31,53.31,9,479.79,SMAL
2013-11-21,56.0,56.47,56.0,56.47,30,1684.7,TQNL
2013-11-22,53.28,56.43,53.01,56.43,480,25896.2,TQNL
2013-11-25,55.0,55.0,52.65,54.19,820,43730.7,TQNL
2013-11-26,53.0,53.04,47.5,47.54,34720,1695525.4,TQNL
2013-11-27,48.02,49.82,42.14,45.0,26130,1178645.2,TQNL
2013-11-28,45.51,45.51,43.45,44.49,1510,66565.3,TQNL
2013-11-29,44.0,44.38,44.0,44.38,220,9698.5,TQNL
2013-12-02,43.8,43.8,43.8,43.8,1,43.8,SMAL
2013-12-03,44.59,44.65,43.33,43.44,1190,52516.9,TQNL
2013-12-04,44.18,44.83,43.5,43.51,920,40228.9,TQNL
2013-12-05,43.4,43.4,43.23,43.23,2,86.63,SMAL
2013-12-06,43.98,44.08,43.42,44.08,2140,94289.3,TQNL
2013-12-09,44.08,46.93,44.08,46.87,100,4558.8,TQNL
2013-12-10,46.5,53.35,46.5,46.5,9580,460670.0,TQNL
2013-12-11,49.84,49.85,43.72,46.44,4750,220042.0,TQNL
2013-12-12,44.0,46.28,42.76,45.12,9190,405645.1,TQNL
2013-12-13,45.01,45.01,45.0,45.0,750,33750.4,TQNL
2013-12-16,45.81,45.81,44.07,45.0,130,5920.9,TQNL
2013-12-17,44.11,45.0,44.1,44.97,2270,101182.0,TQNL
2013-12-18,44.99,46.95,44.99,46.0,440,20083.6,TQNL
2013-12-19,45.78,46.4,45.0,45.11,940,42864.1,TQNL
2013-12-20,45.9,45.9,45.83,45.83,70,3209.5,TQNL
2013-12-23,44.05,47.7,44.05,45.45,1990,92303.0,TQNL
2013-12-24,45.01,47.24,44.54,45.49,4720,215627.1,TQNL
2013-12-25,45.49,46.0,44.64,44.99,3350,152907.8,TQNL
2013-12-26,44.99,47.0,44.53,46.88,63170,2858547.4,TQNL
2013-12-27,45.69,46.75,45.05,46.5,1400,64336.9,TQNL
2013-12-30,45.4,46.35,45.4,46.2,1180,54052.0,TQNL
2014-01-06,45.3,45.3,45.3,45.3,1,45.3,SMAL
2014-01-08,46.69,48.39,45.41,48.39,740,34548.6,TQNL
2014-01-09,45.8,48.3,45.8,48.02,640,30531.0,TQNL
2014-01-10,46.1,47.78,46.09,47.76,450,21170.9,TQNL
2014-01-13,48.34,48.36,46.71,46.71,5600,269916.5,TQNL
2014-01-14,46.5,48.32,46.5,48.32,320,15248.1,TQNL
2014-01-15,46.47,48.25,46.46,48.2,3510,165241.8,TQNL
2014-01-16,48.19,48.19,46.4,46.4,2690,126182.4,TQNL
2014-01-17,46.46,48.35,46.27,46.48,360,16756.0,TQNL
2014-01-20,46.25,47.0,42.13,46.51,1150,51858.3,TQNL
2014-01-21,45.03,45.03,44.8,44.8,12,538.98,SMAL
2014-01-22,45.97,45.97,42.86,43.44,15610,676077.5,TQNL
2014-01-23,43.44,43.95,43.44,43.84,2000,87625.1,TQNL
2014-01-24,44.3,44.75,44.0,44.54,1710,76048.3,TQNL
2014-01-27,44.47,44.47,43.1,43.45,450,19728.7,TQNL
2014-01-28,44.42,44.48,43.47,44.39,90,3976.7,TQNL
2014-01-29,44.0,44.0,44.0,44.0,8,352.0,SMAL
2014-01-30,42.88,42.88,42.2,42.79,930,39663.2,TQNL
2014-01-31,42.4,42.5,42.4,42.5,12,509.3,SMAL
2014-02-03,42.0,42.0,42.0,42.0,3,126.0,SMAL
2014-02-04,39.8,39.8,39.8,39.8,7,278.6,SMAL
2014-02-05,41.0,42.23,40.44,42.0,1040,43545.8,TQNL
2014-02-06,43.05,43.49,41.41,41.53,7330,313465.9,TQNL
2014-02-07,41.3,43.99,41.22,41.75,3560,155375.3,TQNL
2014-02-10,42.5,43.9,42.5,42.56,46850,2056365.0,TQNE
2014-02-11,43.48,43.87,41.99,42.89,170,7229.8,TQNE
2014-02-12,43.89,44.54,42.61,43.0,1340,58891.9,TQNE
2014-02-13,44.79,45.54,43.05,43.05,360,16095.1,TQNE
2014-02-14,43.01,44.43,42.51,44.38,440,19245.4,TQNE
2014-02-17,44.86,44.86,42.58,43.97,1340,58395.4,TQNE
2014-02-18,43.5,44.38,42.85,44.38,320,13858.3,TQNE
2014-02-19,42.4,44.38,42.2,42.36,1290,55300.6,TQNE
2014-02-20,43.8,43.8,43.8,43.8,1,43.8,SMAL
2014-02-21,44.8,44.8,42.53,43.91,2000,86972.1,TQNE
2014-02-24,43.93,44.8,43.2,43.2,430,18758.5,TQNE
2014-02-25,44.89,44.89,42.62,42.62,520,22446.6,TQNE
2014-02-26,43.5,44.89,43.5,43.87,870,38014.8,TQNE
2014-02-27,44.79,44.79,42.8,43.19,590,25315.4,TQNE
2014-02-28,42.43,42.43,42.42,42.42,18,763.65,SMAL
2014-03-03,39.0,39.0,35.0,35.0,10,386.0,SMAL
2014-03-04,41.94,41.96,40.03,41.37,220,9025.8,TQNE
2014-03-05,25.03,25.03,25.03,25.03,6,150.18,SMAL
2014-03-06,43.25,43.26,42.2,42.2,210,9012.2,TQNE
2014-03-07,43.18,43.18,41.02,42.78,1050,43112.9,TQNE
2014-03-11,42.75,43.98,41.01,41.74,1290,53145.1,TQNE
2014-03-12,40.58,40.58,40.58,40.58,3,121.74,SMAL
2014-03-13,40.0,40.02,40.0,40.02,110,4401.3,SMAL
2014-03-14,40.85,42.71,35.05,38.68,3950,156746.6,TQNE
2014-03-17,37.5,37.5,37.5,37.5,2,75.0,SMAL
2014-03-18,40.0,40.0,40.0,40.0,4,160.0,SMAL
2014-03-19,41.99,41.99,41.02,41.02,230,9483.1,TQNE
2014-03-20,39.03,41.92,38.01,40.87,480,19113.4,TQNE
2014-03-21,39.03,39.98,38.01,39.58,860,33161.0,TQNE
2014-03-24,42.7,42.7,39.51,41.76,370,14903.2,TQNE
2014-03-25,41.82,42.25,39.3,41.18,9160,366673.7,TQNE
2014-03-26,41.29,41.93,39.98,40.0,7010,280944.5,TQNE
2014-03-27,39.02,41.49,37.55,38.98,10770,413731.8,TQNE
2014-03-28,38.11,38.91,37.98,38.9,33510,1274702.5,TQNE
2014-03-31,39.83,39.91,38.99,39.0,2750,107431.8,TQNE
2014-04-01,38.0,38.0,38.0,38.0,4,152.0,SMAL
2014-04-02,38.47,38.99,38.02,38.5,6950,267496.3,TQNE
2014-04-03,39.67,39.67,38.0,38.0,4830,185534.9,TQNE
2014-04-04,38.06,38.9,37.57,38.0,12520,475821.2,TQNE
2014-04-07,37.62,37.86,37.5,37.79,1140,42822.4,TQNE
2014-04-08,38.78,38.78,37.55,38.68,350,13483.2,TQNE
2014-04-09,37.02,37.02,37.02,37.02,1,37.02,SMAL
2014-04-10,37.99,38.0,37.55,38.0,6630,251925.6,TQNE
2014-04-11,37.5,37.5,37.5,37.5,5,187.5,SMAL
2014-04-14,41.9,41.9,41.0,41.0,10,418.1,SMAL
2014-04-15,41.8,44.46,41.3,42.99,52480,2256323.1,TQNE
2014-04-16,43.0,43.46,41.15,42.54,17510,739461.1,TQNE
2014-04-17,41.37,42.31,41.37,42.31,2110,88329.7,TQNE
2014-04-18,42.06,42.39,41.33,41.99,22780,953346.3,TQNE
2014-04-21,43.42,43.42,41.33,41.52,970,40281.6,TQNE
2014-04-22,41.35,41.75,41.31,41.75,470,19490.4,TQNE
2014-04-23,42.78,42.78,41.0,41.0,430,17758.0,TQNE
2014-04-24,39.6,39.6,39.6,39.6,9,356.4,SMAL
2014-04-25,38.0,38.0,38.0,38.0,1,38.0,SMAL
2014-04-28,39.98,39.98,38.68,39.0,1930,75060.8,TQNE
2014-04-29,39.88,39.88,39.67,39.67,1210,48225.1,TQNE
2014-04-30,38.85,39.4,38.85,39.4,210,8246.4,TQNE
2014-05-02,38.99,39.39,38.68,39.39,1090,42204.9,TQNE
2014-05-05,39.49,40.74,39.49,40.39,750,29711.4,TQNE
2014-05-06,26.07,26.07,26.07,26.07,1,26.07,SMAL
2014-05-07,39.88,40.5,39.0,39.8,6730,264125.9,TQNE
2014-05-08,39.81,39.81,39.1,39.29,7440,292432.5,TQNE
2014-05-12,39.46,39.46,38.22,38.84,540,20811.8,TQNE
2014-05-13,38.77,38.99,38.44,38.93,1470,56717.2,TQNE
2014-05-14,38.16,39.19,37.76,39.19,5030,191510.3,TQNE
2014-05-15,39.36,39.36,38.95,39.36,1040,40910.3,TQNE
2014-05-16,39.29,39.29,38.08,38.5,1210,46558.2,TQNE
2014-05-19,38.11,38.85,38.11,38.45,340,13050.5,TQNE
2014-05-20,38.88,38.88,38.0,38.0,20530,781039.6,TQNE
2014-05-21,38.67,38.67,37.74,38.0,22730,863676.7,TQNE
2014-05-22,37.44,38.77,37.41,38.0,27580,1039201.3,TQNE
2014-05-23,38.23,38.24,37.6,37.6,1250,47791.4,TQNE
2014-05-26,38.24,38.24,37.69,37.97,1630,62163.9,TQNE
2014-05-27,37.94,38.24,37.94,38.24,720,27423.3,TQNE
2014-05-28,37.33,38.21,37.31,38.2,1030,38559.0,TQNE
2014-05-29,39.98,40.0,37.42,38.24,880,33974.8,TQNE
2014-05-30,37.54,38.23,37.39,37.77,830,31228.1,TQNE
2014-06-02,38.2,38.23,37.58,38.18,220,8357.6,TQNE
2014-06-03,37.43,38.74,37.43,38.74,1190,45499.3,TQNE
2014-06-04,38.5,38.74,37.99,38.0,17040,648947.4,TQNE
2014-06-05,38.69,38.69,37.51,38.45,2760,103828.4,TQNE
2014-06-06,38.18,38.37,37.73,38.37,290,10975.7,TQNE
2014-06-09,38.88,38.88,37.75,38.44,90,3449.5,TQBR
2014-06-10,37.75,38.43,37.5,38.42,2550,97145.0,TQBR
2014-06-11,38.46,38.47,38.0,38.0,1250,47527.8,TQBR
2014-06-16,37.98,37.98,37.98,37.98,40,1519.2,TQBR
2014-06-17,38.46,38.46,37.26,37.99,7270,276079.7,TQBR
2014-06-18,37.99,38.0,37.49,37.49,20760,779144.7,TQBR
2014-06-19,37.35,37.5,37.35,37.49,470,17618.9,TQBR
2014-06-20,37.71,37.71,37.63,37.63,20,753.4,TQBR
2014-06-23,37.29,37.29,37.21,37.25,21120,786740.9,TQBR
2014-06-24,37.23,37.23,37.11,37.2,20000,743887.6,TQBR
2014-06-25,37.49,37.5,36.98,37.0,35840,1326344.4,TQBR
2014-06-26,37.02,37.02,36.76,36.76,870,32108.2,TQBR
2014-06-27,37.21,37.21,37.21,37.21,10,372.1,TQBR
2014-06-30,36.97,36.99,36.81,36.98,810,29953.5,TQBR
2014-07-01,36.82,37.0,36.05,36.88,2440,89598.7,TQBR
2014-07-02,37.0,38.24,36.05,36.55,9910,362165.2,TQBR
2014-07-03,37.16,37.17,36.08,36.78,640,23372.2,TQBR
2014-07-04,37.04,37.18,36.2,36.59,2950,107817.2,TQBR
2014-07-07,36.49,36.99,36.37,36.65,1620,59062.6,TQBR
2014-07-08,36.46,36.76,36.24,36.33,450,16363.1,TQBR
2014-07-09,36.29,36.29,35.93,35.94,3710,133603.7,TQBR
2014-07-10,36.18,36.18,35.31,35.85,1290,46081.9,TQBR
2014-07-11,36.7,36.7,35.7,35.93,160,5753.8,TQBR
2014-07-14,35.78,36.0,35.76,36.0,950,34132.0,TQBR
2014-07-15,35.89,36.0,35.89,36.0,60,2156.7,TQBR
2014-07-16,35.99,35.99,35.51,35.61,700,24945.1,TQBR
2014-07-17,35.96,35.96,35.3,35.47,430,15260.2,TQBR
2014-07-18,35.22,35.64,35.22,35.23,530,18692.2,TQBR
2014-07-21,35.86,35.99,35.18,35.45,250,8957.2,TQBR
2014-07-22,35.44,35.93,35.44,35.82,430,15348.9,TQBR
2014-07-23,35.44,35.91,34.9,34.9,4240,148742.7,TQBR
2014-07-24,35.02,35.81,33.0,34.34,520,17797.8,TQBR
2014-07-25,34.02,34.32,33.33,33.99,8650,294027.5,TQBR
2014-07-28,34.0,34.0,33.36,33.51,210,7070.4,TQBR
2014-07-29,33.5,34.0,31.02,33.64,1470,48377.0,TQBR
2014-07-30,33.05,33.88,33.05,33.88,180,5965.6,TQBR
2014-07-31,34.96,34.96,34.0,34.8,1490,51718.7,TQBR
2014-08-01,34.8,34.8,33.44,34.0,280,9548.7,TQBR
2014-08-04,33.17,33.17,33.17,33.17,3,99.51,SMAL
2014-08-05,33.89,33.89,33.48,33.58,330,11108.8,TQBR
2014-08-06,33.0,33.7,33.0,33.0,930,30760.5,TQBR
2014-08-07,32.61,32.9,30.06,31.5,3330,103465.3,TQBR
2014-08-08,33.22,33.22,31.56,32.25,260,8525.7,TQBR
2014-08-11,32.28,34.89,32.27,33.47,770,25597.2,TQBR
2014-08-12,33.53,33.53,31.92,32.69,670,21737.2,TQBR
2014-08-13,33.44,33.44,32.26,32.88,60,1972.3,TQBR
2014-08-14,32.79,33.97,30.08,33.92,4740,157020.4,TQBR
2014-08-15,33.0,35.43,33.0,35.0,11910,412826.4,TQBR
2014-08-18,35.0,36.5,34.99,35.0,24860,880060.3,TQBR
2014-08-19,35.0,35.0,34.26,34.26,40,1392.6,TQBR
2014-08-20,35.93,39.0,35.75,36.8,64140,2363445.4,TQBR
2014-08-21,50.73,51.46,50.73,51.46,77850,4003511.1,TQBR
2014-08-22,57.0,59.2,56.51,56.51,730170,41789805.5,TQBR
2014-08-25,57.01,57.69,57.01,57.61,23730,1366116.8,TQBR
2014-08-26,57.74,57.77,57.61,57.61,49160,2837398.8,TQBR
2014-08-27,57.56,57.73,57.51,57.51,25120,1447309.4,TQBR
2014-08-28,57.12,57.12,56.57,56.99,760,43357.2,TQBR
2014-08-29,56.07,56.74,56.06,56.74,2360,132314.0,TQBR
2014-09-01,56.97,56.99,52.05,52.06,350,19618.2,TQBR
2014-09-02,52.97,56.0,52.01,53.53,490,26296.9,TQBR
2014-09-03,52.13,52.99,50.01,51.99,810,41927.8,TQBR
2014-09-04,52.0,52.97,48.15,51.4,490,24844.4,TQBR
2014-09-05,51.0,52.36,49.14,51.79,120,6120.2,TQBR
2014-09-08,50.2,51.2,50.03,51.0,1930,97591.9,TQBR
2014-09-09,50.0,51.2,50.0,51.2,970,49595.8,TQBR
2014-09-10,51.32,51.32,51.32,51.32,10,513.2,TQBR
2014-09-11,50.7,50.7,48.68,49.9,30,1492.8,TQBR
2014-09-12,54.0,54.0,51.32,53.87,160,8335.6,TQBR
2014-09-15,51.06,53.19,49.37,53.19,10160,523995.3,TQBR
2014-09-16,51.79,53.49,51.31,52.57,180,9316.1,TQBR
2014-09-17,50.01,53.56,46.26,51.66,2350,117800.5,TQBR
2014-09-18,51.53,51.53,48.17,51.31,290,14529.2,TQBR
2014-09-19,51.0,51.0,44.0,49.97,1020,47681.7,TQBR
2014-09-22,50.99,50.99,50.99,50.99,10,509.9,TQBR
2014-09-23,49.99,51.32,49.99,50.0,320,16057.5,TQBR
2014-09-24,50.49,50.49,47.03,50.48,60,2925.3,TQBR
2014-09-25,50.5,50.5,50.48,50.49,1020,51489.9,TQBR
2014-09-29,48.11,50.0,45.0,46.82,5070,239994.3,TQBR
2014-09-30,46.97,46.97,46.95,46.95,100,4695.8,TQBR
2014-10-01,44.5,45.8,40.0,44.0,9590,414708.0,TQBR
2014-10-02,45.7,45.7,43.6,44.0,1500,65773.0,TQBR
2014-10-03,43.0,44.0,42.8,43.9,1040,44981.0,TQBR
2014-10-06,44.9,44.9,43.6,44.5,210,9379.0,TQBR
2014-10-07,44.5,44.5,44.5,44.5,20,890.0,TQBR
2014-10-08,42.3,44.4,42.3,44.4,180,7879.0,TQBR
2014-10-09,44.3,44.3,43.1,44.0,830,36284.0,TQBR
2014-10-10,43.6,44.3,43.1,43.7,120,5227.0,TQBR
2014-10-13,44.3,44.7,44.2,44.7,120,5342.0,TQBR
2014-10-14,44.8,44.8,41.5,42.9,260,11171.0,TQBR
2014-10-15,44.0,44.0,43.4,43.5,30,1309.0,TQBR
2014-10-16,43.0,43.5,43.0,43.0,120,5185.0,TQBR
2014-10-17,43.0,44.4,43.0,44.4,270,11728.0,TQBR
2014-10-20,43.3,44.5,43.0,43.1,590,25646.0,TQBR
2014-10-21,44.2,54.9,43.0,45.2,5780,272786.0,TQBR
2014-10-22,45.5,45.5,43.0,43.8,650,28358.0,TQBR
2014-10-23,44.0,44.1,44.0,44.1,30,1322.0,TQBR
2014-10-24,43.2,44.0,40.0,44.0,2540,105449.0,TQBR
2014-10-27,42.0,44.0,42.0,43.6,2000,85749.0,TQBR
2014-10-28,43.0,43.2,42.1,43.2,250,10663.0,TQBR
2014-10-29,43.3,43.3,42.0,43.3,1370,58415.0,TQBR
2014-10-30,43.3,43.3,43.3,43.3,30,1299.0,TQBR
2014-10-31,42.5,43.1,42.0,43.0,1230,51993.0,TQBR
2014-11-03,43.1,43.1,42.3,42.9,350,14939.0,TQBR
2014-11-05,42.7,43.6,42.5,43.1,1370,59205.0,TQBR
2014-11-06,43.5,44.4,43.1,44.1,930,40699.0,TQBR
2014-11-07,43.1,43.6,42.6,43.6,690,29986.0,TQBR
2014-11-10,43.3,44.4,43.0,44.4,830,36174.0,TQBR
2014-11-11,43.9,44.8,43.3,44.2,250,10981.0,TQBR
2014-11-12,44.0,44.0,43.5,43.7,830,36464.0,TQBR
2014-11-13,43.2,44.0,43.2,44.0,150,6557.0,TQBR
2014-11-14,43.9,44.8,43.9,44.8,1020,45300.0,TQBR
2014-11-17,44.6,44.9,44.1,44.3,290,12863.0,TQBR
2014-11-18,44.4,45.8,44.4,45.4,290,13052.0,TQBR
2014-11-19,45.9,45.9,44.2,45.0,190,8597.0,TQBR
2014-11-20,43.4,46.0,43.3,44.7,510,22838.0,TQBR
2014-11-21,45.3,45.3,45.3,45.3,10,453.0,TQBR
2014-11-25,46.9,46.9,45.6,45.7,70,3217.0,TQBR
2014-11-27,44.2,44.5,44.2,44.5,30,1331.0,TQBR
2014-11-28,45.3,45.3,44.0,44.7,970,42735.0,TQBR
2014-12-01,44.8,44.9,44.8,44.8,520,23346.0,TQBR
2014-12-02,44.4,44.9,44.3,44.4,100,4474.0,TQBR
2014-12-03,44.9,45.6,44.4,44.4,1070,47859.0,TQBR
2014-12-04,45.6,45.6,44.6,45.0,1320,59237.0,TQBR
2014-12-05,45.1,45.8,44.9,45.0,2830,127503.0,TQBR
2014-12-08,44.5,45.1,40.0,41.0,3740,155060.0,TQBR
2014-12-09,41.8,45.4,41.2,45.4,4200,183804.0,TQBR
2014-12-10,42.6,46.2,42.6,46.2,140,6276.0,TQBR
2014-12-11,44.4,44.5,44.1,44.4,150,6667.0,TQBR
2014-12-12,44.5,44.5,44.5,44.5,30,1335.0,TQBR
2014-12-15,44.4,44.4,44.3,44.3,420,18609.0,TQBR
2014-12-16,41.8,44.9,26.8,43.0,3660,146246.0,TQBR
2014-12-17,42.9,43.4,42.0,43.4,150,6421.0,TQBR
2014-12-18,43.9,43.9,37.9,43.8,1670,68107.0,TQBR
2014-12-19,41.1,43.6,41.1,43.6,570,24800.0,TQBR
2014-12-22,41.0,44.0,41.0,44.0,180,7721.0,TQBR
2014-12-23,44.1,44.9,42.8,43.8,350,15369.0,TQBR
2014-12-24,44.0,44.0,44.0,44.0,40,1760.0,TQBR
2014-12-25,44.1,44.1,43.0,43.0,60,2591.0,TQBR
2014-12-26,42.1,44.0,42.0,43.0,220,9483.0,TQBR
2014-12-29,44.4,44.4,44.4,44.4,10,444.0,TQBR
2014-12-30,41.5,43.5,41.0,43.5,360,15266.0,TQBR
2015-01-05,42.1,44.3,42.1,43.8,90,3912.0,TQBR
2015-01-06,43.8,43.8,43.8,43.8,30,1314.0,TQBR
2015-01-08,42.5,43.8,42.1,43.8,340,14602.0,TQBR
2015-01-09,41.5,43.5,41.5,43.0,440,18528.0,TQBR
2015-01-12,43.3,43.3,41.7,42.0,150,6300.0,TQBR
2015-01-13,42.8,43.8,42.8,43.4,750,32502.0,TQBR
2015-01-14,43.9,43.9,43.4,43.9,580,25369.0,TQBR
2015-01-15,42.3,43.7,40.3,43.6,1220,50241.0,TQBR
2015-01-16,44.5,44.5,44.5,44.5,220,9790.0,TQBR
2015-01-19,44.6,46.9,44.5,44.6,1250,56030.0,TQBR
2015-01-20,44.5,45.8,44.5,45.8,1760,79280.0,TQBR
2015-01-22,45.7,47.5,44.7,45.1,2300,105853.0,TQBR
2015-01-23,46.0,46.0,44.8,44.8,860,38689.0,TQBR
2015-01-26,42.9,43.8,42.9,43.3,110,4756.0,TQBR
2015-01-27,43.7,52.7,43.7,45.0,640,30048.0,TQBR
2015-01-28,46.7,48.6,45.5,45.9,160,7470.0,TQBR
2015-01-29,47.0,47.0,46.9,46.9,310,14540.0,TQBR
2015-01-30,45.3,48.5,45.3,48.5,310,14619.0,TQBR
2015-02-02,49.6,49.7,47.0,47.4,160,7726.0,TQBR
2015-02-03,46.1,46.9,44.8,46.4,230,10505.0,TQBR
2015-02-04,47.9,49.0,47.0,47.1,140,6629.0,TQBR
2015-02-05,46.5,47.9,46.5,47.9,120,5715.0,TQBR
2015-02-06,49.4,49.4,48.0,48.2,340,16719.0,TQBR
2015-02-09,48.1,49.5,48.0,49.5,1060,52229.0,TQBR
2015-02-10,49.4,49.5,48.0,48.4,500,24619.0,TQBR
2015-02-11,47.7,49.0,47.7,49.0,110,5370.0,TQBR
2015-02-12,49.0,49.3,48.1,49.3,60,2932.0,TQBR
2015-02-13,49.0,49.4,47.0,49.0,1170,56536.0,TQBR
2015-02-16,48.1,48.4,48.0,48.4,50,2410.0,TQBR
2015-02-17,48.3,48.4,48.3,48.4,290,14010.0,TQBR
2015-02-18,49.0,49.0,48.1,48.1,30,1452.0,TQBR
2015-02-19,49.0,49.0,49.0,49.0,10,490.0,TQBR
2015-02-20,48.9,50.0,48.9,49.8,130,6438.0,TQBR
2015-02-25,48.1,49.8,48.1,48.5,220,10901.0,TQBR
2015-02-26,48.6,49.4,48.6,49.4,20,980.0,TQBR
2015-02-27,48.6,49.5,48.0,48.9,1120,53828.0,TQBR
2015-03-02,48.1,48.9,47.6,48.9,180,8718.0,TQBR
2015-03-03,48.9,48.9,47.4,48.9,180,8760.0,TQBR
2015-03-04,47.2,50.0,40.1,47.8,3220,153668.0,TQBR
2015-03-05,46.6,48.5,46.0,47.5,210,9911.0,TQBR
2015-03-06,47.7,47.7,46.4,47.3,60,2819.0,TQBR
2015-03-10,45.1,46.4,45.1,45.8,80,3667.0,TQBR
2015-03-11,45.8,50.7,45.7,47.9,1410,67290.0,TQBR
2015-03-13,48.2,48.2,46.0,46.1,70,3304.0,TQBR
2015-03-16,46.2,46.6,46.1,46.1,80,3695.0,TQBR
2015-03-17,44.8,50.3,44.8,47.8,1200,59143.0,TQBR
2015-03-18,46.1,50.0,46.1,47.7,870,42032.0,TQBR
2015-03-19,49.1,49.1,46.0,47.6,540,25889.0,TQBR
2015-03-20,49.0,49.9,48.2,49.5,860,42509.0,TQBR
2015-03-23,48.0,48.4,47.5,47.5,250,12002.0,TQBR
2015-03-24,47.4,47.4,47.4,47.4,10,474.0,TQBR
2015-03-25,47.7,47.7,47.6,47.6,100,4765.0,TQBR
2015-03-26,45.5,49.4,45.1,49.4,130,5985.0,TQBR
2015-03-30,46.4,48.6,46.4,48.5,1530,73154.0,TQBR
2015-03-31,47.5,47.5,47.4,47.4,120,5698.0,TQBR
2015-04-01,47.6,47.6,46.5,46.6,80,3787.0,TQBR
2015-04-02,48.9,48.9,48.9,48.9,50,2445.0,TQBR
2015-04-03,48.2,49.1,43.1,49.1,150,7011.0,TQBR
2015-04-06,47.5,48.2,46.0,47.5,430,19983.0,TQBR
2015-04-07,47.1,48.0,46.8,46.8,620,29246.0,TQBR
2015-04-08,46.3,48.2,45.8,46.3,320,15259.0,TQBR
2015-04-09,46.3,46.3,46.2,46.3,110,5092.0,TQBR
2015-04-10,46.5,47.5,43.0,47.5,110,4846.0,TQBR
2015-04-13,46.2,47.8,46.2,47.8,20,940.0,TQBR
2015-04-14,46.9,47.6,45.3,47.6,50,2304.0,TQBR
2015-04-15,48.0,48.8,46.2,46.2,180,8582.0,TQBR
2015-04-16,46.5,48.8,46.0,47.0,160,7595.0,TQBR
2015-04-17,45.0,45.5,45.0,45.5,2120,95927.0,TQBR
2015-04-20,46.6,46.7,46.1,46.1,190,8818.0,TQBR
2015-04-22,47.0,47.8,47.0,47.8,50,2377.0,TQBR
2015-04-23,47.9,48.0,47.8,48.0,850,40636.0,TQBR
2015-04-27,44.5,44.5,44.5,44.5,8,356.0,SMAL
2015-04-28,44.7,47.5,44.7,46.8,90,4162.0,TQBR
2015-04-29,47.7,47.7,47.7,47.7,10,477.0,TQBR
2015-04-30,47.9,47.9,47.0,47.0,40,1903.0,TQBR
2015-05-05,46.5,47.5,46.4,47.4,70,3293.0,TQBR
2015-05-06,46.1,46.8,46.1,46.7,240,11204.0,TQBR
2015-05-07,44.4,47.6,44.4,46.0,260,12037.0,TQBR
2015-05-08,45.9,45.9,45.0,45.7,670,30516.0,TQBR
2015-05-12,46.0,46.1,45.0,45.2,1330,60577.0,TQBR
2015-05-13,46.5,49.0,46.0,47.9,1530,73218.0,TQBR
2015-05-14,49.5,49.5,46.0,46.5,90,4196.0,TQBR
2015-05-15,46.6,46.6,46.6,46.6,300,13980.0,TQBR
2015-05-18,47.0,47.0,46.8,46.8,320,15038.0,TQBR
2015-05-19,46.6,46.6,44.1,45.7,410,18545.0,TQBR
2015-05-20,46.0,47.0,45.1,47.0,110,5097.0,TQBR
2015-05-21,43.7,49.9,43.1,46.7,980,46290.0,TQBR
2015-05-22,46.2,46.7,46.0,46.7,140,6474.0,TQBR
2015-05-25,46.4,46.4,45.1,45.8,80,3681.0,TQBR
2015-05-26,45.5,45.5,45.5,45.5,40,1820.0,TQBR
2015-05-27,45.6,45.6,45.6,45.6,1,45.6,SMAL
2015-06-01,45.0,45.0,44.7,44.8,30,1345.0,TQBR
2015-06-02,44.5,46.5,43.0,46.5,130,5757.0,TQBR
2015-06-03,46.5,46.5,44.1,46.0,70,3187.0,TQBR
2015-06-04,46.0,46.0,45.2,45.2,170,7741.0,TQBR
2015-06-09,45.7,46.0,45.7,45.9,60,2754.0,TQBR
2015-06-10,45.4,45.4,45.4,45.4,10,454.0,TQBR
2015-06-16,45.6,46.9,45.6,46.9,20,925.0,TQBR
2015-06-17,45.3,46.9,45.3,46.4,40,1850.0,TQBR
2015-06-18,45.9,45.9,45.9,45.9,2000,91800.0,TQBR
2015-06-19,47.0,48.8,45.6,45.6,1810,83421.0,TQBR
2015-06-22,45.1,46.9,45.0,46.9,90,4092.0,TQBR
2015-06-24,45.1,46.9,44.5,45.5,460,20784.0,TQBR
2015-06-25,45.1,45.3,45.1,45.3,30,1355.0,TQBR
2015-06-26,45.9,46.0,45.9,46.0,130,5968.0,TQBR
2015-06-29,45.1,45.5,45.1,45.5,70,3165.0,TQBR
2015-07-01,45.1,45.1,44.1,45.0,290,13043.0,TQBR
2015-07-03,44.9,45.0,44.9,45.0,620,27898.0,TQBR
2015-07-06,45.2,45.2,45.2,45.2,30,1356.0,TQBR
2015-07-07,44.0,47.0,44.0,45.0,100,4549.0,TQBR
2015-07-08,44.9,45.3,44.1,45.3,40,1793.0,TQBR
2015-07-09,44.2,44.2,44.0,44.0,610,26847.0,TQBR
2015-07-10,44.9,44.9,44.2,44.2,30,1338.0,TQBR
2015-07-13,44.9,44.9,44.9,44.9,70,3143.0,TQBR
2015-07-17,46.3,46.5,46.3,46.5,140,6506.0,TQBR
2015-07-20,47.8,49.5,47.8,49.3,310,15326.0,TQBR
2015-07-21,45.0,49.8,45.0,46.4,2040,96508.0,TQBR
2015-07-22,46.0,46.0,44.5,46.0,940,42409.0,TQBR
2015-07-23,46.0,46.0,46.0,46.0,20,920.0,TQBR
2015-07-24,45.3,45.3,45.2,45.2,60,2714.0,TQBR
2015-07-27,45.1,45.1,44.6,45.1,280,12598.0,TQBR
2015-07-28,45.9,48.0,45.9,46.7,470,22218.0,TQBR
2015-07-29,46.5,46.5,46.0,46.4,30,1389.0,TQBR
2015-07-30,47.0,47.9,46.9,46.9,30,1418.0,TQBR
2015-08-03,46.9,46.9,45.0,46.0,300,13834.0,TQBR
2015-08-04,45.9,46.0,44.7,46.0,150,6783.0,TQBR
2015-08-05,45.9,47.0,45.9,47.0,40,1848.0,TQBR
2015-08-07,46.6,46.6,45.9,45.9,140,6504.0,TQBR
2015-08-10,46.9,47.0,45.0,46.9,1900,85644.0,TQBR
2015-08-11,45.6,45.6,44.8,45.3,70,3156.0,TQBR
2015-08-12,45.9,46.5,45.9,46.1,50,2305.0,TQBR
2015-08-13,45.1,45.1,45.0,45.0,30,1351.0,TQBR
2015-08-14,44.1,47.0,44.1,46.0,300,13735.0,TQBR
2015-08-17,46.0,47.5,46.0,47.5,90,4233.0,TQBR
2015-08-18,46.3,46.9,46.1,46.1,40,1854.0,TQBR
2015-08-19,46.4,46.4,46.0,46.0,40,1850.0,TQBR
2015-08-20,46.1,46.1,45.0,45.7,160,7291.0,TQBR
2015-08-24,45.7,45.7,45.0,45.0,70,3157.0,TQBR
2015-08-25,47.6,48.9,45.0,45.0,750,36455.0,TQBR
2015-08-26,45.9,45.9,45.5,45.5,80,3668.0,TQBR
2015-08-27,45.5,45.5,45.5,45.5,10,455.0,TQBR
2015-08-28,45.5,45.5,44.0,45.5,2810,127543.0,TQBR
2015-08-31,45.4,49.7,43.8,45.0,4620,215669.0,TQBR
2015-09-01,45.0,45.0,44.6,45.0,90,4046.0,TQBR
2015-09-02,44.1,45.9,43.2,45.0,1990,87858.0,TQBR
2015-09-03,45.3,45.3,45.1,45.1,80,3617.0,TQBR
2015-09-04,46.0,46.0,46.0,46.0,10,460.0,TQBR
2015-09-07,45.9,45.9,42.0,45.9,1130,49894.0,TQBR
2015-09-08,44.0,45.0,43.9,45.0,160,7078.0,TQBR
2015-09-09,42.0,47.6,42.0,45.4,760,32194.0,TQBR
2015-09-10,45.4,45.4,45.4,45.4,50,2270.0,TQBR
2015-09-14,45.0,45.0,45.0,45.0,180,8100.0,TQBR
2015-09-15,46.1,46.1,45.2,46.0,520,23521.0,TQBR
2015-09-16,45.4,45.4,45.2,45.2,30,1358.0,TQBR
2015-09-18,45.2,45.2,44.5,44.5,170,7676.0,TQBR
2015-09-21,44.4,44.4,44.4,44.4,7,310.8,SMAL
2015-09-22,44.5,44.5,44.5,44.5,250,11125.0,TQBR
2015-09-24,43.8,44.4,43.8,44.4,30,1325.0,TQBR
2015-09-28,43.9,43.9,41.7,41.7,2200,92815.0,TQBR
2015-09-29,43.7,47.2,43.7,46.1,1020,46032.0,TQBR
2015-09-30,43.9,45.4,43.9,45.1,430,19085.0,TQBR
2015-10-01,45.4,45.9,45.1,45.9,50,2277.0,TQBR
2015-10-02,44.8,44.8,44.7,44.7,140,6260.0,TQBR
2015-10-05,45.1,45.1,45.1,45.1,30,1353.0,TQBR
2015-10-06,44.1,44.7,38.5,44.7,630,26793.0,TQBR
2015-10-07,44.0,44.1,41.8,44.1,350,15029.0,TQBR
2015-10-08,44.2,44.5,44.1,44.1,220,9732.0,TQBR
2015-10-09,44.2,44.2,44.0,44.0,70,3085.0,TQBR
2015-10-12,44.0,44.7,44.0,44.6,190,8472.0,TQBR
2015-10-13,44.9,44.9,44.2,44.2,60,2659.0,TQBR
2015-10-14,42.9,45.8,42.8,44.5,190,8289.0,TQBR
2015-10-15,45.9,45.9,45.9,45.9,10,459.0,TQBR
2015-10-16,43.9,45.5,43.9,45.5,100,4448.0,TQBR
2015-10-19,44.6,44.6,44.6,44.6,20,892.0,TQBR
2015-10-20,45.5,46.0,45.5,46.0,20,915.0,TQBR
2015-10-21,46.0,46.0,45.0,46.0,80,3641.0,TQBR
2015-10-22,44.3,45.8,44.3,45.8,40,1790.0,TQBR
2015-10-23,45.1,46.2,45.0,45.1,410,18513.0,TQBR
2015-10-26,45.0,45.0,45.0,45.0,30,1350.0,TQBR
2015-10-27,44.1,46.5,44.1,45.3,180,8134.0,TQBR
2015-10-30,45.0,45.4,45.0,45.4,110,4954.0,TQBR
2015-11-02,45.8,45.8,45.2,45.2,20,910.0,TQBR
2015-11-03,44.6,45.5,44.1,45.1,1080,49073.0,TQBR
2015-11-05,45.8,46.2,45.4,46.0,440,20232.0,TQBR
2015-11-06,46.5,50.4,45.9,46.9,3300,157226.0,TQBR
2015-11-09,45.9,49.1,45.9,47.7,350,16942.0,TQBR
2015-11-10,48.8,48.8,48.1,48.5,190,9166.0,TQBR
2015-11-11,50.4,50.5,46.6,46.6,820,39636.0,TQBR
2015-11-12,46.1,62.9,38.1,51.0,34260,1847511.0,TQBR
2015-11-13,52.0,59.9,47.0,48.8,21110,1115377.0,TQBR
2015-11-16,48.3,48.3,47.0,48.1,1370,65335.0,TQBR
2015-11-17,47.2,48.5,43.1,47.0,13360,613119.0,TQBR
2015-11-18,47.7,50.3,44.2,47.0,25410,1185018.0,TQBR
2015-11-19,46.4,47.8,45.0,46.0,3280,151052.0,TQBR
2015-11-20,45.2,47.0,44.7,46.9,1190,54204.0,TQBR
2015-11-23,46.8,48.7,46.1,47.0,1900,89122.0,TQBR
2015-11-24,46.3,46.5,44.5,45.3,3390,151766.0,TQBR
2015-11-25,45.3,46.4,45.1,45.6,1280,58457.0,TQBR
2015-11-26,45.7,45.7,45.0,45.3,150,6796.0,TQBR
2015-11-27,45.7,46.4,44.6,45.0,2340,106737.0,TQBR
2015-11-30,45.0,45.9,44.5,45.1,540,24717.0,TQBR
2015-12-01,45.0,45.6,44.7,45.3,1200,54060.0,TQBR
2015-12-02,45.1,45.8,45.1,45.6,60,2721.0,TQBR
2015-12-03,44.6,45.5,44.1,45.1,590,26147.0,TQBR
2015-12-04,45.3,45.3,41.8,44.7,600,26150.0,TQBR
2015-12-07,44.7,46.2,43.0,45.7,6160,268839.0,TQBR
2015-12-08,45.6,47.0,45.5,45.9,210,9719.0,TQBR
2015-12-09,45.5,46.2,45.5,46.0,40,1839.0,TQBR
2015-12-10,45.8,46.4,45.8,46.4,20,922.0,TQBR
2015-12-11,46.0,46.4,45.0,46.4,1570,71446.0,TQBR
2015-12-14,45.9,46.4,45.2,46.4,580,26522.0,TQBR
2015-12-15,45.0,46.6,45.0,46.6,200,9289.0,TQBR
2015-12-16,47.0,47.0,46.3,46.3,100,4672.0,TQBR
2015-12-17,46.4,46.4,45.8,46.4,220,10102.0,TQBR
2015-12-18,45.8,45.8,43.8,45.6,680,30665.0,TQBR
2015-12-21,45.1,45.1,44.5,45.0,3400,152452.0,TQBR
2015-12-22,44.5,45.9,44.5,45.9,550,24489.0,TQBR
2015-12-23,44.8,45.8,44.8,45.8,20,906.0,TQBR
2015-12-24,45.7,46.0,45.6,46.0,100,4590.0,TQBR
2015-12-25,44.5,46.0,44.5,46.0,130,5890.0,TQBR
2015-12-28,46.8,46.8,45.4,45.9,310,14207.0,TQBR
2015-12-29,45.7,46.5,45.7,46.5,1070,49688.0,TQBR
2015-12-30,45.9,47.1,45.7,45.8,600,27658.0,TQBR
2016-01-04,46.2,49.9,45.7,49.6,1110,52499.0,TQBR
2016-01-05,48.1,48.6,47.9,48.6,3170,152268.0,TQBR
2016-01-06,48.4,48.8,48.2,48.8,80,3880.0,TQBR
2016-01-11,47.3,49.5,46.3,46.9,1100,51356.0,TQBR
2016-01-12,45.8,46.9,45.4,46.4,90,4164.0,TQBR
2016-01-13,46.4,46.4,46.3,46.3,20,927.0,TQBR
2016-01-14,46.8,46.8,45.9,46.8,70,3247.0,TQBR
2016-01-15,46.2,46.7,45.2,46.7,50,2308.0,TQBR
2016-01-18,46.0,46.0,44.2,45.1,1510,68033.0,TQBR
2016-01-19,49.0,49.0,41.4,45.3,910,39808.0,TQBR
2016-01-20,45.3,45.6,44.5,44.8,800,36031.0,TQBR
2016-01-21,45.1,45.1,44.0,44.6,100,4469.0,TQBR
2016-01-22,44.9,46.1,43.4,45.2,880,39572.0,TQBR
2016-01-25,45.0,46.6,42.8,45.0,350,15564.0,TQBR
2016-01-26,44.7,45.3,44.5,44.5,160,7157.0,TQBR
2016-01-27,44.0,47.4,44.0,46.1,960,44067.0,TQBR
2016-01-28,44.9,45.5,44.9,45.4,70,3159.0,TQBR
2016-01-29,46.4,46.5,46.3,46.5,140,6507.0,TQBR
2016-02-01,46.5,46.5,46.5,46.5,10,465.0,TQBR
2016-02-02,45.5,46.5,45.3,46.0,130,5941.0,TQBR
2016-02-05,45.4,46.4,45.4,46.4,30,1373.0,TQBR
2016-02-09,46.4,46.5,46.4,46.5,100,4649.0,TQBR
2016-02-10,46.5,46.5,45.6,45.9,70,3231.0,TQBR
2016-02-11,46.0,46.7,45.6,46.6,230,10591.0,TQBR
2016-02-15,46.5,46.5,46.5,46.5,20,930.0,TQBR
2016-02-16,46.5,46.5,45.8,46.5,70,3231.0,TQBR
2016-02-17,45.7,46.5,45.3,45.9,920,42377.0,TQBR
2016-02-18,47.0,48.0,46.7,46.8,140,6633.0,TQBR
2016-02-19,48.5,48.5,45.1,45.9,520,23671.0,TQBR
2016-02-20,46.7,46.7,46.7,46.7,10,467.0,TQBR
2016-02-22,46.8,47.1,46.8,47.1,60,2818.0,TQBR
2016-02-24,47.9,47.9,47.9,47.9,10,479.0,TQBR
2016-02-25,48.3,48.3,46.9,47.2,110,5253.0,TQBR
2016-02-26,48.2,48.2,45.4,46.3,60,2775.0,TQBR
2016-02-29,45.3,46.6,45.3,46.6,80,3674.0,TQBR
2016-03-01,46.7,46.8,45.6,46.8,150,6979.0,TQBR
2016-03-02,46.3,47.0,46.3,46.6,100,4661.0,TQBR
2016-03-03,48.5,48.5,45.3,47.8,400,18775.0,TQBR
2016-03-04,46.9,47.8,46.0,47.8,120,5594.0,TQBR
2016-03-07,46.4,58.0,46.4,48.1,2720,134886.0,TQBR
2016-03-09,47.8,48.6,46.7,47.5,680,31900.0,TQBR
2016-03-11,47.9,48.6,47.4,47.9,850,40622.0,TQBR
2016-03-14,48.3,48.4,47.3,47.9,200,9582.0,TQBR
2016-03-15,47.4,48.1,47.4,47.5,210,10000.0,TQBR
2016-03-16,47.8,48.6,47.3,48.6,720,34667.0,TQBR
2016-03-17,48.6,52.9,46.5,50.1,12820,601341.0,TQBR
2016-03-18,49.2,49.2,47.9,47.9,1760,85538.0,TQBR
2016-03-21,49.2,50.2,47.6,47.8,350,17060.0,TQBR
2016-03-22,48.0,49.2,48.0,48.8,370,17985.0,TQBR
2016-03-23,48.9,49.5,48.5,48.5,320,15779.0,TQBR
2016-03-24,48.4,48.4,47.4,47.4,150,7156.0,TQBR
2016-03-25,47.5,47.8,47.5,47.5,110,5230.0,TQBR
2016-03-28,48.9,48.9,48.0,48.0,40,1929.0,TQBR
2016-03-29,48.1,49.1,48.0,48.6,290,13974.0,TQBR
2016-03-30,48.2,49.4,47.6,48.7,220,10668.0,TQBR
2016-03-31,48.3,48.6,47.6,48.6,470,22506.0,TQBR
2016-04-01,48.3,48.3,48.3,48.3,10,483.0,TQBR
2016-04-04,48.3,48.8,47.9,48.8,50,2415.0,TQBR
2016-04-05,47.9,48.9,47.6,47.8,140,6732.0,TQBR
2016-04-06,48.0,48.7,48.0,48.7,130,6314.0,TQBR
2016-04-07,47.8,48.0,47.7,47.7,60,2871.0,TQBR
2016-04-08,47.9,48.9,47.6,48.9,130,6207.0,TQBR
2016-04-11,47.7,48.0,47.5,48.0,1000,47715.0,TQBR
2016-04-13,48.1,48.5,44.1,47.1,2060,94912.0,TQBR
2016-04-14,48.0,48.0,46.7,47.3,270,12713.0,TQBR
2016-04-15,47.6,47.8,47.5,47.8,50,2382.0,TQBR
2016-04-18,47.3,47.3,46.0,46.7,620,28931.0,TQBR
2016-04-19,46.9,47.6,46.4,47.0,90,4226.0,TQBR
2016-04-20,47.4,47.6,47.0,47.0,30,1420.0,TQBR
2016-04-21,46.7,47.7,44.5,46.5,1360,62224.0,TQBR
2016-04-22,46.2,46.6,46.2,46.6,1520,70228.0,TQBR
2016-04-26,46.5,46.8,46.5,46.7,60,2799.0,TQBR
2016-04-27,47.3,47.3,46.8,47.2,230,10859.0,TQBR
2016-04-28,46.8,47.1,46.3,46.3,260,12204.0,TQBR
2016-04-29,46.6,46.6,46.6,46.6,20,932.0,TQBR
2016-05-04,46.2,46.2,46.0,46.0,30,1383.0,TQBR
2016-05-05,46.2,46.5,46.2,46.5,30,1389.0,TQBR
2016-05-06,46.6,47.4,46.6,47.4,90,4250.0,TQBR
2016-05-10,48.5,48.5,42.8,46.7,880,39442.0,TQBR
2016-05-11,47.2,48.0,46.1,46.9,350,16298.0,TQBR
2016-05-12,48.0,48.0,46.2,46.3,70,3277.0,TQBR
2016-05-16,46.0,46.0,46.0,46.0,1340,61640.0,TQBR
2016-05-17,47.6,47.6,47.0,47.0,1030,48525.0,TQBR
2016-05-18,46.2,46.2,46.0,46.0,40,1844.0,TQBR
2016-05-19,47.0,47.0,46.0,46.9,120,5560.0,TQBR
2016-05-20,46.3,48.4,46.3,46.9,270,12752.0,TQBR
2016-05-23,48.0,48.2,47.0,47.0,350,16776.0,TQBR
2016-05-24,46.7,47.3,43.1,46.2,180,8189.0,TQBR
2016-05-25,47.3,47.3,46.9,46.9,130,6112.0,TQBR
2016-05-26,46.2,46.2,46.1,46.1,100,4613.0,TQBR
2016-05-27,47.5,47.5,47.4,47.4,20,949.0,TQBR
2016-05-30,47.4,47.4,47.4,47.4,540,25596.0,TQBR
2016-05-31,47.3,47.3,47.3,47.3,20,946.0,TQBR
2016-06-01,46.3,46.4,46.3,46.4,20,927.0,TQBR
2016-06-02,47.6,47.9,47.3,47.7,130,6197.0,TQBR
2016-06-03,47.0,47.0,46.6,46.6,50,2334.0,TQBR
2016-06-06,46.5,47.3,46.0,46.4,310,14381.0,TQBR
2016-06-07,46.4,46.4,45.0,45.4,140,6372.0,TQBR
2016-06-08,45.1,45.4,44.7,45.2,160,7197.0,TQBR
2016-06-09,44.6,45.3,44.5,45.3,60,2689.0,TQBR
2016-06-10,45.3,45.3,45.3,45.3,20,906.0,TQBR
2016-06-14,45.3,45.4,45.3,45.4,80,3626.0,TQBR
2016-06-15,45.7,45.7,44.1,44.1,40,1792.0,TQBR
2016-06-16,44.4,45.3,44.4,45.3,20,897.0,TQBR
2016-06-17,45.0,45.4,44.9,44.9,130,5848.0,TQBR
2016-06-21,46.5,46.5,45.1,45.1,100,4529.0,TQBR
2016-06-22,45.9,45.9,45.9,45.9,10,459.0,TQBR
2016-06-23,44.8,44.9,41.8,44.9,550,23892.0,TQBR
2016-06-24,44.5,46.4,42.6,44.2,860,37926.0,TQBR
2016-06-27,43.6,43.9,43.3,43.3,260,11286.0,TQBR
2016-06-28,43.9,43.9,43.9,43.9,110,4829.0,TQBR
2016-06-29,45.5,45.5,44.2,44.3,140,6216.0,TQBR
2016-06-30,44.1,44.1,44.0,44.0,20,881.0,TQBR
2016-07-01,43.7,43.7,42.5,42.8,1730,73915.0,TQBR
2016-07-04,43.7,44.0,43.7,44.0,430,18800.0,TQBR
2016-07-05,45.9,45.9,43.8,44.9,210,9346.0,TQBR
2016-07-06,44.9,45.1,44.9,45.1,20,900.0,TQBR
2016-07-07,45.7,45.7,45.7,45.7,10,457.0,TQBR
2016-07-08,45.8,46.0,44.8,46.0,540,24670.0,TQBR
2016-07-11,44.0,47.0,44.0,45.9,570,26133.0,TQBR
2016-07-12,47.0,47.0,45.0,45.0,170,7672.0,TQBR
2016-07-13,45.9,45.9,44.0,45.8,290,12840.0,TQBR
2016-07-14,44.0,45.7,44.0,44.1,190,8531.0,TQBR
2016-07-15,44.2,44.3,44.1,44.1,250,11034.0,TQBR
2016-07-18,44.4,44.8,44.4,44.8,30,1336.0,TQBR
2016-07-19,44.1,44.2,44.1,44.2,230,10151.0,TQBR
2016-07-20,44.9,44.9,44.9,44.9,10,449.0,TQBR
2016-07-21,45.0,45.1,44.9,45.0,2590,116296.0,TQBR
2016-07-22,45.0,45.0,44.2,44.7,340,15119.0,TQBR
2016-07-25,45.1,45.7,44.3,45.7,250,11119.0,TQBR
2016-07-27,44.4,47.2,44.4,45.0,1270,59398.0,TQBR
2016-07-28,47.0,47.0,45.0,45.0,160,7220.0,TQBR
2016-07-29,45.0,45.0,42.6,44.2,3050,133157.0,TQBR
2016-08-01,45.0,45.0,44.5,44.5,1520,67916.0,TQBR
2016-08-02,44.9,44.9,44.8,44.9,1110,49836.0,TQBR
2016-08-03,44.5,45.0,44.5,45.0,160,7177.0,TQBR
2016-08-04,45.8,45.8,45.0,45.0,40,1808.0,TQBR
2016-08-05,45.8,46.4,45.8,45.9,130,5985.0,TQBR
2016-08-08,45.8,47.0,45.8,47.0,350,16144.0,TQBR
2016-08-09,46.0,47.5,46.0,47.3,260,12221.0,TQBR
2016-08-10,47.8,48.2,47.4,47.6,360,17280.0,TQBR
2016-08-11,46.7,48.5,46.7,48.5,1080,52051.0,TQBR
2016-08-12,48.4,48.4,42.8,46.9,1210,53811.0,TQBR
2016-08-15,46.1,46.1,46.1,46.1,10,461.0,TQBR
2016-08-17,46.4,46.7,46.4,46.7,30,1397.0,TQBR
2016-08-18,46.8,46.9,46.8,46.9,50,2342.0,TQBR
2016-08-22,46.0,48.5,46.0,47.0,4340,209817.0,TQBR
2016-08-23,47.0,47.0,47.0,47.0,100,4700.0,TQBR
2016-08-24,46.7,47.8,46.7,47.8,20,945.0,TQBR
2016-08-25,47.9,48.2,45.5,45.9,1990,91956.0,TQBR
2016-08-26,46.9,46.9,46.7,46.7,20,936.0,TQBR
2016-08-29,45.7,47.9,45.6,46.5,860,41002.0,TQBR
2016-08-31,46.6,47.9,46.6,47.9,1120,53564.0,TQBR
2016-09-01,47.9,52.4,47.9,50.0,1900,92733.0,TQBR
2016-09-02,52.4,52.4,48.0,48.6,220,10915.0,TQBR
2016-09-05,48.9,48.9,48.9,48.9,110,5379.0,TQBR
2016-09-06,48.9,49.8,48.2,48.7,480,23487.0,TQBR
2016-09-07,50.8,50.8,48.1,48.9,250,12388.0,TQBR
2016-09-08,49.6,50.7,49.5,50.2,350,17521.0,TQBR
2016-09-09,49.9,50.9,48.9,50.4,2620,131701.0,TQBR
2016-09-12,48.7,50.8,47.1,49.3,400,19263.0,TQBR
2016-09-13,49.8,49.8,48.1,48.2,80,3924.0,TQBR
2016-09-14,48.3,48.9,47.6,48.2,660,31486.0,TQBR
2016-09-15,48.8,48.8,47.7,48.1,720,34990.0,TQBR
2016-09-16,47.9,48.1,47.4,48.1,600,28504.0,TQBR
2016-09-19,47.1,47.6,46.7,47.3,750,35194.0,TQBR
2016-09-20,46.7,47.3,44.3,46.2,3600,166293.0,TQBR
2016-09-21,46.8,47.0,46.8,47.0,40,1875.0,TQBR
2016-09-22,46.4,48.3,45.2,48.0,2060,95769.0,TQBR
2016-09-26,47.2,47.9,47.2,47.9,20,951.0,TQBR
2016-09-27,47.1,47.1,47.1,47.1,10,471.0,TQBR
2016-09-28,46.3,48.7,46.2,48.5,2300,111250.0,TQBR
2016-09-29,48.0,50.9,48.0,49.9,3350,162894.0,TQBR
2016-09-30,49.6,49.9,49.0,49.7,1400,69425.0,TQBR
2016-10-03,48.7,51.9,48.0,49.0,5580,286634.0,TQBR
2016-10-04,49.3,49.3,48.7,48.9,130,6368.0,TQBR
2016-10-05,48.5,49.0,48.1,49.0,100,4851.0,TQBR
2016-10-06,48.6,48.6,48.6,48.6,10,486.0,TQBR
2016-10-07,47.7,50.4,47.1,50.0,1710,83554.0,TQBR
2016-10-10,50.1,50.1,49.3,49.3,330,16470.0,TQBR
2016-10-11,49.2,52.0,49.2,49.5,400,20029.0,TQBR
2016-10-12,49.9,50.1,49.5,49.5,350,17448.0,TQBR
2016-10-13,50.4,50.4,48.0,49.1,680,33529.0,TQBR
2016-10-14,48.8,48.8,48.8,48.8,10,488.0,TQBR
2016-10-17,49.3,49.5,48.6,48.6,160,7909.0,TQBR
2016-10-18,49.1,52.9,49.1,49.3,170,8455.0,TQBR
2016-10-19,50.1,51.1,49.9,50.8,250,12635.0,TQBR
2016-10-20,50.8,51.2,49.6,51.2,440,22155.0,TQBR
2016-10-21,51.1,52.9,49.3,52.0,1750,90748.0,TQBR
2016-10-24,51.7,53.0,51.4,52.4,300,15563.0,TQBR
2016-10-25,51.4,53.0,51.2,53.0,270,14179.0,TQBR
2016-10-26,53.8,54.0,51.3,52.6,470,25188.0,TQBR
2016-10-27,53.9,54.1,51.1,52.7,500,26672.0,TQBR
2016-10-28,50.9,52.8,50.0,52.5,430,22021.0,TQBR
2016-10-31,51.9,52.7,51.8,52.7,2690,139880.0,TQBR
2016-11-01,52.1,55.9,52.1,55.0,3740,205522.0,TQBR
2016-11-02,55.1,55.2,53.0,54.0,270,14721.0,TQBR
2016-11-03,53.9,53.9,53.9,53.9,30,1617.0,TQBR
2016-11-07,54.7,55.5,54.4,54.4,3370,186978.0,TQBR
2016-11-08,55.6,56.9,52.1,54.4,2620,148150.0,TQBR
2016-11-09,54.1,54.8,54.0,54.1,100,5431.0,TQBR
2016-11-10,53.8,53.9,53.7,53.9,70,3769.0,TQBR
2016-11-11,52.7,54.7,52.7,53.8,250,13437.0,TQBR
2016-11-14,54.0,54.0,53.9,53.9,40,2159.0,TQBR
2016-11-15,53.1,53.1,53.1,53.1,20,1062.0,TQBR
2016-11-16,54.4,74.7,53.9,61.5,11870,742044.0,TQBR
2016-11-17,61.0,61.0,57.9,58.4,4120,247325.0,TQBR
2016-11-18,58.4,58.5,56.2,57.1,2980,170080.0,TQBR
2016-11-21,57.1,57.1,56.0,56.2,590,33367.0,TQBR
2016-11-22,57.1,57.1,55.4,55.4,510,28505.0,TQBR
2016-11-23,55.3,56.4,55.3,56.1,760,42171.0,TQBR
2016-11-24,55.8,56.7,55.0,55.0,960,52917.0,TQBR
2016-11-25,55.6,56.6,54.0,56.6,3140,170593.0,TQBR
2016-11-28,56.6,58.5,56.6,56.7,500,28569.0,TQBR
2016-11-29,56.2,56.2,55.6,55.7,240,13454.0,TQBR
2016-11-30,56.1,56.2,55.4,56.1,100,5587.0,TQBR
2016-12-01,56.3,57.0,51.3,55.7,1930,105518.0,TQBR
2016-12-02,55.0,55.7,54.4,55.1,90,4965.0,TQBR
2016-12-05,55.1,55.1,54.1,54.1,30,1642.0,TQBR
2016-12-06,55.6,55.7,55.2,55.2,40,2217.0,TQBR
2016-12-07,55.1,55.1,53.0,54.6,480,25861.0,TQBR
2016-12-08,54.8,55.7,53.4,55.7,740,40578.0,TQBR
2016-12-09,55.0,57.0,53.3,55.0,1650,90265.0,TQBR
2016-12-12,55.0,55.0,53.5,55.0,420,22773.0,TQBR
2016-12-13,54.3,57.4,54.3,56.2,600,33631.0,TQBR
2016-12-14,56.3,56.5,55.0,55.0,100,5561.0,TQBR
2016-12-15,55.1,56.8,54.1,56.1,1570,85897.0,TQBR
2016-12-16,56.0,57.0,56.0,56.1,1740,98918.0,TQBR
2016-12-19,56.1,56.1,56.1,56.1,10,561.0,TQBR
2016-12-20,56.8,60.0,55.0,58.2,4680,276197.0,TQBR
2016-12-21,58.0,61.0,58.0,60.3,870,51903.0,TQBR
2016-12-22,59.0,60.0,59.0,59.9,270,16117.0,TQBR
2016-12-23,59.1,60.9,59.1,60.7,90,5389.0,TQBR
2016-12-26,61.0,61.0,60.4,61.0,1040,63233.0,TQBR
2016-12-27,61.3,63.8,61.3,62.1,360,22435.0,TQBR
2016-12-28,61.1,61.5,61.0,61.0,140,8561.0,TQBR
2016-12-29,59.2,60.3,57.8,59.5,530,31097.0,TQBR
2016-12-30,59.4,60.9,59.3,60.9,510,30764.0,TQBR
2017-01-03,61.5,63.0,58.6,61.6,700,42139.0,TQBR
2017-01-04,63.9,86.1,63.6,70.2,5530,410272.0,TQBR
2017-01-05,69.2,72.2,68.0,70.3,570,39861.0,TQBR
2017-01-06,71.4,84.2,63.6,70.8,4590,335287.0,TQBR
2017-01-09,68.9,68.9,66.0,66.7,3290,219116.0,TQBR
2017-01-10,66.7,67.8,65.2,66.0,510,33730.0,TQBR
2017-01-11,66.4,69.4,66.4,68.1,2030,138091.0,TQBR
2017-01-12,68.3,69.4,65.5,69.4,580,39594.0,TQBR
2017-01-13,67.6,72.0,67.0,71.2,1740,121722.0,TQBR
2017-01-16,70.2,74.9,68.2,70.5,1320,97032.0,TQBR
2017-01-17,70.1,70.4,65.6,68.4,1110,74247.0,TQBR
2017-01-18,68.5,69.2,67.4,68.1,230,15710.0,TQBR
2017-01-19,67.1,68.8,65.0,68.2,700,46946.0,TQBR
2017-01-20,67.4,68.9,66.7,67.1,480,32416.0,TQBR
2017-01-23,68.0,69.6,68.0,68.5,170,11676.0,TQBR
2017-01-24,68.2,68.2,66.3,67.9,170,11483.0,TQBR
2017-01-25,67.2,68.0,66.0,68.0,230,15406.0,TQBR
2017-01-26,67.0,67.5,66.2,67.4,1220,81622.0,TQBR
2017-01-27,67.7,68.0,67.7,67.9,380,25800.0,TQBR
2017-01-30,67.3,67.3,67.3,67.3,10,673.0,TQBR
2017-01-31,67.1,68.0,67.0,67.0,170,11494.0,TQBR
2017-02-01,66.4,66.4,60.5,66.2,370,24072.0,TQBR
2017-02-02,66.2,75.0,66.1,71.0,920,64031.0,TQBR
2017-02-03,71.1,72.3,68.0,69.4,770,54464.0,TQBR
2017-02-06,69.8,70.5,68.7,68.9,940,65060.0,TQBR
2017-02-07,69.7,70.1,67.0,68.7,650,44527.0,TQBR
2017-02-08,67.8,69.6,67.7,69.2,1180,81553.0,TQBR
2017-02-09,69.7,70.1,68.4,68.4,70,4858.0,TQBR
2017-02-10,69.8,71.0,63.6,67.8,4540,311894.0,TQBR
2017-02-13,68.7,68.7,66.6,66.6,180,12120.0,TQBR
2017-02-14,66.1,66.4,65.0,66.0,510,33578.0,TQBR
2017-02-15,64.8,66.0,64.8,66.0,50,3276.0,TQBR
2017-02-16,66.0,66.0,60.1,63.8,700,44345.0,TQBR
2017-02-17,64.0,64.0,63.3,63.3,80,5096.0,TQBR
2017-02-20,63.2,64.4,63.2,64.4,280,17942.0,TQBR
2017-02-21,64.4,65.4,64.4,65.4,130,8431.0,TQBR
2017-02-22,65.0,65.5,64.6,65.5,60,3898.0,TQBR
2017-02-24,65.0,65.0,65.0,65.0,320,20800.0,TQBR
2017-02-27,64.5,64.5,64.0,64.0,430,27530.0,TQBR
2017-02-28,64.0,64.3,63.0,63.0,170,10783.0,TQBR
2017-03-01,63.9,63.9,63.8,63.8,40,2554.0,TQBR
2017-03-02,62.6,63.8,62.4,63.8,90,5645.0,TQBR
2017-03-03,62.2,62.2,62.2,62.2,10,622.0,TQBR
2017-03-06,63.6,64.1,63.0,63.8,270,17188.0,TQBR
2017-03-07,63.7,63.7,62.3,63.0,110,6914.0,TQBR
2017-03-09,62.3,62.3,60.7,61.1,200,12312.0,TQBR
2017-03-10,60.6,69.9,55.0,63.9,2840,173644.0,TQBR
2017-03-13,65.1,65.1,64.1,64.3,80,5171.0,TQBR
2017-03-14,62.8,64.9,62.8,64.9,30,1926.0,TQBR
2017-03-16,64.9,65.1,64.9,64.9,120,7798.0,TQBR
2017-03-17,65.4,65.5,65.4,65.5,40,2619.0,TQBR
2017-03-21,64.0,65.0,64.0,65.0,50,3220.0,TQBR
2017-03-22,64.0,64.0,64.0,64.0,10,640.0,TQBR
2017-03-23,64.1,66.0,64.1,66.0,70,4550.0,TQBR
2017-03-24,66.0,66.0,65.0,65.0,20,1310.0,TQBR
2017-03-27,64.1,64.1,64.1,64.1,50,3205.0,TQBR
2017-03-28,64.1,68.0,62.0,68.0,110,7167.0,TQBR
2017-03-29,63.3,82.9,63.0,67.5,740,51154.0,TQBR
2017-03-30,67.1,67.1,67.0,67.0,30,2012.0,TQBR
2017-03-31,67.1,67.1,61.3,62.9,9330,592153.0,TQBR
2017-04-03,63.1,63.1,58.2,60.3,820,49399.0,TQBR
2017-04-04,58.4,62.3,58.3,60.2,320,19024.0,TQBR
2017-04-05,60.3,60.8,60.0,60.0,5930,357319.0,TQBR
2017-04-06,60.8,62.4,60.2,61.7,40,2451.0,TQBR
2017-04-07,61.8,61.8,60.1,60.8,30,1827.0,TQBR
2017-04-10,62.4,62.5,61.0,62.0,70,4337.0,TQBR
2017-04-11,61.0,61.0,58.6,60.0,180,10669.0,TQBR
2017-04-12,59.1,61.0,59.1,60.0,270,16232.0,TQBR
2017-04-13,60.1,60.1,60.0,60.0,470,28202.0,TQBR
2017-04-14,59.3,60.9,59.3,60.9,40,2388.0,TQBR
2017-04-17,60.0,60.0,59.4,59.4,320,19079.0,TQBR
2017-04-18,59.4,59.4,57.5,58.9,280,16348.0,TQBR
2017-04-19,57.3,58.9,57.1,57.1,70,4019.0,TQBR
2017-04-20,59.2,59.2,55.5,58.0,990,56290.0,TQBR
2017-04-21,60.8,60.8,55.6,58.0,2270,129605.0,TQBR
2017-04-24,58.0,58.0,56.2,56.3,3300,186784.0,TQBR
2017-04-25,57.5,57.9,57.5,57.9,980,56676.0,TQBR
2017-04-26,57.0,58.2,55.0,56.2,6720,376598.0,TQBR
2017-04-27,55.3,57.5,55.2,57.5,170,9568.0,TQBR
2017-04-28,56.6,59.0,55.1,56.9,1550,89237.0,TQBR
2017-05-02,57.0,57.5,57.0,57.0,420,23954.0,TQBR
2017-05-03,57.1,57.1,56.0,56.0,1470,83773.0,TQBR
2017-05-04,56.2,56.9,55.2,56.9,220,12476.0,TQBR
2017-05-05,55.4,56.4,51.7,56.0,690,37904.0,TQBR
2017-05-10,55.4,56.4,54.0,55.0,1270,69497.0,TQBR
2017-05-11,55.4,55.7,55.0,55.0,300,16569.0,TQBR
2017-05-12,55.1,56.0,53.6,53.6,840,45987.0,TQBR
2017-05-15,54.5,55.1,53.7,54.2,200,10869.0,TQBR
2017-05-16,52.9,54.3,52.9,54.3,80,4278.0,TQBR
2017-05-17,53.4,61.8,53.2,54.3,1100,62796.0,TQBR
2017-05-18,55.0,55.9,53.6,55.6,400,22025.0,TQBR
2017-05-19,55.2,55.2,50.1,53.0,1050,55056.0,TQBR
2017-05-22,54.0,54.9,53.2,54.9,110,5927.0,TQBR
2017-05-23,53.1,54.3,53.0,54.0,280,14972.0,TQBR
2017-05-24,55.2,55.2,53.0,53.0,500,26648.0,TQBR
2017-05-25,53.1,53.1,51.0,51.8,2890,149139.0,TQBR
2017-05-26,52.1,52.1,50.9,51.5,2350,119941.0,TQBR
2017-05-29,50.3,51.2,50.1,50.8,230,11582.0,TQBR
2017-05-30,50.2,51.3,50.2,51.3,50,2533.0,TQBR
2017-06-01,50.2,52.0,50.0,51.6,2080,104955.0,TQBR
2017-06-02,51.9,51.9,51.2,51.5,810,41928.0,TQBR
2017-06-05,52.9,55.0,50.8,53.5,820,43711.0,TQBR
2017-06-06,53.0,53.0,52.1,53.0,440,23271.0,TQBR
2017-06-07,57.6,57.6,52.8,53.5,340,18130.0,TQBR
2017-06-08,52.1,52.9,52.1,52.6,90,4713.0,TQBR
2017-06-09,55.1,55.1,51.2,53.5,330,17510.0,TQBR
2017-06-13,47.3,51.9,47.0,51.8,340,17069.0,TQBR
2017-06-14,51.5,52.5,51.0,51.0,100,5160.0,TQBR
2017-06-15,50.6,52.6,50.5,51.8,160,8157.0,TQBR
2017-06-16,51.8,51.8,50.5,50.5,110,5588.0,TQBR
2017-06-19,50.6,51.9,50.6,51.6,230,11748.0,TQBR
2017-06-20,51.6,52.1,51.5,51.5,100,5166.0,TQBR
2017-06-21,52.4,52.5,52.0,52.5,70,3664.0,TQBR
2017-06-22,52.0,52.5,51.4,51.4,60,3119.0,TQBR
2017-06-23,52.5,52.5,52.5,52.5,10,525.0,TQBR
2017-06-26,51.5,52.4,51.0,51.8,130,6681.0,TQBR
2017-06-27,52.0,52.0,51.3,51.9,40,2070.0,TQBR
2017-06-28,51.9,54.0,51.9,52.7,260,13657.0,TQBR
2017-06-29,52.9,52.9,52.9,52.9,10,529.0,TQBR
2017-06-30,53.9,53.9,51.1,51.6,610,31895.0,TQBR
2017-07-03,52.7,52.7,51.3,51.3,80,4132.0,TQBR
2017-07-04,51.3,53.9,50.0,50.6,480,24485.0,TQBR
2017-07-05,50.8,51.9,50.8,50.8,160,8168.0,TQBR
2017-07-06,52.6,52.6,51.3,52.0,140,7262.0,TQBR
2017-07-07,51.3,53.7,51.3,53.7,170,8757.0,TQBR
2017-07-10,51.9,54.0,51.9,54.0,140,7431.0,TQBR
2017-07-11,52.9,54.1,52.9,53.7,90,4804.0,TQBR
2017-07-12,53.4,53.4,52.0,52.1,130,6815.0,TQBR
2017-07-13,52.1,53.3,51.5,51.6,310,16039.0,TQBR
2017-07-14,51.3,51.6,50.0,51.6,230,11620.0,TQBR
2017-07-18,50.8,51.3,50.3,51.3,60,3040.0,TQBR
2017-07-21,51.9,51.9,51.9,51.9,10,519.0,TQBR
2017-07-24,50.5,51.5,50.4,51.0,320,16218.0,TQBR
2017-07-25,52.0,52.7,51.3,52.4,240,12519.0,TQBR
2017-07-27,51.9,53.4,51.9,53.4,210,11155.0,TQBR
2017-07-28,52.3,52.3,50.0,51.1,2170,109262.0,TQBR
2017-07-31,50.2,50.9,49.9,50.9,180,9023.0,TQBR
2017-08-01,50.9,51.0,50.9,51.0,240,12224.0,TQBR
2017-08-02,50.1,53.4,50.1,53.4,1150,60398.0,TQBR
2017-08-08,54.0,54.1,53.0,53.0,60,3220.0,TQBR
2017-08-09,52.7,54.8,52.0,54.2,80,4288.0,TQBR
2017-08-10,52.1,54.0,51.6,52.9,200,10388.0,TQBR
2017-08-11,53.3,53.4,50.9,53.2,760,39226.0,TQBR
2017-08-14,53.4,56.8,53.1,54.9,2280,126229.0,TQBR
2017-08-15,54.1,55.0,53.8,54.4,510,27898.0,TQBR
2017-08-16,55.0,56.0,54.5,56.0,570,31749.0,TQBR
2017-08-17,56.0,59.5,56.0,56.1,1190,67886.0,TQBR
2017-08-18,56.9,59.8,55.9,57.6,310,18069.0,TQBR
2017-08-21,58.0,59.0,58.0,58.0,50,2910.0,TQBR
2017-08-22,57.1,57.9,55.0,56.1,450,25056.0,TQBR
2017-08-23,55.8,55.8,55.8,55.8,10,558.0,TQBR
2017-08-24,55.9,59.9,52.6,56.0,730,41091.0,TQBR
2017-08-25,56.0,56.1,53.5,53.5,330,17984.0,TQBR
2017-08-28,53.2,55.5,53.2,54.9,220,11874.0,TQBR
2017-08-29,55.0,55.0,54.9,54.9,20,1099.0,TQBR
2017-08-30,55.0,55.9,54.7,55.8,80,4420.0,TQBR
2017-08-31,56.0,56.1,56.0,56.1,120,6724.0,TQBR
2017-09-01,54.1,60.9,54.1,58.9,2500,148909.0,TQBR
2017-09-04,57.1,58.1,57.1,58.0,60,3462.0,TQBR
2017-09-05,58.0,58.8,57.4,58.5,110,6379.0,TQBR
2017-09-06,58.3,59.5,58.3,59.5,100,5905.0,TQBR
2017-09-07,59.0,59.1,59.0,59.0,30,1771.0,TQBR
2017-09-08,58.2,58.9,57.0,58.0,150,8626.0,TQBR
2017-09-11,59.2,59.2,55.6,57.6,2390,138537.0,TQBR
2017-09-12,58.0,58.0,58.0,58.0,10,580.0,TQBR
2017-09-13,55.9,58.1,55.9,57.9,140,7879.0,TQBR
2017-09-15,56.4,57.9,56.4,57.9,20,1143.0,TQBR
2017-09-18,56.0,61.5,53.5,57.5,1340,77295.0,TQBR
2017-09-19,58.6,58.6,57.3,57.5,870,50017.0,TQBR
2017-09-20,57.2,57.7,57.0,57.5,120,6868.0,TQBR
2017-09-21,55.9,60.7,51.0,53.8,2890,160162.0,TQBR
2017-09-22,55.7,56.8,55.2,55.9,340,19019.0,TQBR
2017-09-25,57.0,57.1,55.5,56.0,390,21849.0,TQBR
2017-09-26,56.5,56.6,56.1,56.6,50,2822.0,TQBR
2017-09-27,56.0,57.0,56.0,56.8,960,53840.0,TQBR
2017-09-28,57.0,59.0,56.3,56.9,480,27597.0,TQBR
2017-09-29,59.8,59.9,58.0,58.0,420,24851.0,TQBR
2017-10-02,58.0,59.0,55.6,57.0,250,14198.0,TQBR
2017-10-03,56.4,58.0,50.9,57.0,740,41163.0,TQBR
2017-10-04,56.4,56.7,55.1,56.0,230,12806.0,TQBR
2017-10-05,55.7,55.7,55.7,55.7,20,1114.0,TQBR
2017-10-06,55.5,56.6,55.5,55.5,270,15055.0,TQBR
2017-10-09,56.9,57.0,56.0,56.7,150,8473.0,TQBR
2017-10-10,56.4,56.7,56.3,56.3,80,4512.0,TQBR
2017-10-11,56.3,56.3,55.8,56.0,100,5598.0,TQBR
2017-10-12,56.2,56.2,55.3,56.2,70,3914.0,TQBR
2017-10-13,56.4,56.9,56.4,56.8,130,7369.0,TQBR
2017-10-16,56.7,56.9,56.7,56.9,30,1705.0,TQBR
2017-10-17,56.9,56.9,56.9,56.9,20,1138.0,TQBR
2017-10-18,55.5,56.0,50.8,55.5,1580,85513.0,TQBR
2017-10-19,55.8,55.8,54.8,54.8,20,1106.0,TQBR
2017-10-20,55.7,55.9,55.0,55.9,160,8904.0,TQBR
2017-10-23,55.0,56.0,55.0,56.0,130,7236.0,TQBR
2017-10-24,56.0,56.0,55.0,55.8,100,5542.0,TQBR
2017-10-25,57.1,57.1,55.5,56.4,100,5625.0,TQBR
2017-10-26,55.3,56.8,55.3,56.7,40,2241.0,TQBR
2017-10-27,56.0,57.9,56.0,57.9,140,8011.0,TQBR
2017-10-30,57.1,57.1,53.7,56.6,1250,67981.0,TQBR
2017-10-31,57.2,57.5,55.7,57.2,710,40070.0,TQBR
2017-11-01,57.0,57.5,57.0,57.5,3220,184167.0,TQBR
2017-11-02,57.5,57.5,57.1,57.1,90,5160.0,TQBR
2017-11-03,57.8,59.0,57.8,58.2,640,37263.0,TQBR
2017-11-07,58.3,58.9,57.5,58.9,160,9259.0,TQBR
2017-11-08,58.0,60.3,57.8,58.4,1790,107294.0,TQBR
2017-11-09,59.7,59.7,58.3,58.3,520,30790.0,TQBR
2017-11-10,58.3,58.5,57.0,58.5,320,18579.0,TQBR
2017-11-13,58.6,59.6,57.7,58.7,130,7629.0,TQBR
2017-11-14,57.5,58.1,56.2,57.2,390,22208.0,TQBR
2017-11-15,57.2,57.4,56.9,57.4,30,1715.0,TQBR
2017-11-16,56.3,56.9,53.7,54.8,1030,56762.0,TQBR
2017-11-17,54.8,54.8,53.5,54.4,120,6463.0,TQBR
2017-11-20,54.1,54.4,54.1,54.4,150,8148.0,TQBR
2017-11-21,54.2,54.6,54.2,54.2,100,5427.0,TQBR
2017-11-22,54.0,54.0,52.8,53.8,1250,66304.0,TQBR
2017-11-23,52.9,53.7,52.2,52.2,1520,80092.0,TQBR
2017-11-24,52.4,53.6,52.3,53.5,120,6347.0,TQBR
2017-11-27,53.4,53.6,52.1,52.7,240,12664.0,TQBR
2017-11-28,53.1,53.2,53.1,53.2,60,3187.0,TQBR
2017-11-29,53.3,53.6,53.1,53.6,70,3729.0,TQBR
2017-11-30,53.6,53.8,53.6,53.6,180,9675.0,TQBR
2017-12-01,53.1,53.1,53.1,53.1,20,1062.0,TQBR
2017-12-04,54.3,54.3,51.6,53.0,420,22007.0,TQBR
2017-12-05,52.1,53.2,51.6,52.4,390,20385.0,TQBR
2017-12-06,51.7,52.5,51.2,51.2,180,9338.0,TQBR
2017-12-07,51.5,52.9,51.5,52.9,1170,61102.0,TQBR
2017-12-08,51.7,52.7,51.7,52.7,40,2097.0,TQBR
2017-12-11,52.8,52.8,52.8,52.8,10,528.0,TQBR
2017-12-12,52.1,52.9,52.1,52.9,30,1571.0,TQBR
2017-12-13,52.0,52.3,51.3,51.6,150,7745.0,TQBR
2017-12-14,52.4,52.9,52.4,52.9,180,9479.0,TQBR
2017-12-15,52.2,56.0,52.2,54.7,780,42465.0,TQBR
2017-12-18,54.0,54.0,53.2,53.2,50,2692.0,TQBR
2017-12-19,54.9,57.0,54.9,56.9,1570,87437.0,TQBR
2017-12-20,56.1,56.8,55.8,56.0,460,25884.0,TQBR
2017-12-21,56.7,56.7,56.0,56.0,40,2247.0,TQBR
2017-12-22,57.1,57.1,56.1,56.1,70,3977.0,TQBR
2017-12-25,55.0,55.0,54.4,55.0,260,14276.0,TQBR
2017-12-26,54.0,54.9,53.9,54.8,630,34107.0,TQBR
2017-12-27,54.1,54.6,53.6,54.6,170,9189.0,TQBR
2018-01-03,53.7,53.7,53.7,53.7,10,537.0,TQBR
2018-01-04,54.5,54.5,54.5,54.5,30,1635.0,TQBR
2018-01-09,55.8,56.9,55.7,56.0,120,6729.0,TQBR
2018-01-10,56.0,57.9,56.0,56.0,1120,63650.0,TQBR
2018-01-11,55.9,56.9,55.9,56.9,210,11923.0,TQBR
2018-01-12,57.0,57.3,56.8,57.0,80,4561.0,TQBR
2018-01-15,57.1,57.9,57.1,57.1,150,8588.0,TQBR
2018-01-16,56.9,58.9,56.9,58.9,2000,117043.0,TQBR
2018-01-17,57.4,60.0,57.4,58.5,1540,91353.0,TQBR
2018-01-18,60.0,61.0,59.0,60.0,1870,112498.0,TQBR
2018-01-19,61.0,61.7,58.1,59.5,580,34309.0,TQBR
2018-01-22,58.4,58.9,58.2,58.9,330,19304.0,TQBR
2018-01-23,59.1,59.9,59.0,59.9,270,16030.0,TQBR
2018-01-24,58.5,58.5,57.5,57.6,710,41160.0,TQBR
2018-01-25,57.6,59.7,57.6,59.7,1340,78965.0,TQBR
2018-01-26,60.0,60.1,60.0,60.0,2720,163202.0,TQBR
2018-01-29,59.4,59.9,59.3,59.3,120,7132.0,TQBR
2018-01-30,59.0,59.0,58.0,58.9,50,2935.0,TQBR
2018-01-31,58.4,58.5,58.2,58.5,520,30374.0,TQBR
2018-02-01,58.1,58.4,53.4,56.7,1480,82922.0,TQBR
2018-02-02,57.1,57.1,57.0,57.0,70,3992.0,TQBR
2018-02-05,56.5,56.5,56.5,56.5,250,14125.0,TQBR
2018-02-06,56.7,56.7,56.2,56.3,450,25351.0,TQBR
2018-02-07,57.2,57.2,57.2,57.2,10,572.0,TQBR
2018-02-08,58.0,58.0,58.0,58.0,30,1740.0,TQBR
2018-02-09,57.0,57.0,56.4,56.6,200,11306.0,TQBR
2018-02-12,56.6,56.7,55.9,56.6,210,11889.0,TQBR
2018-02-13,58.0,58.0,57.2,57.2,540,31012.0,TQBR
2018-02-14,56.7,56.8,56.0,56.7,160,9008.0,TQBR
2018-02-15,56.6,57.0,56.6,57.0,3070,174950.0,TQBR
2018-02-16,57.0,57.0,55.6,56.2,340,19067.0,TQBR
2018-02-19,56.9,58.2,55.6,56.5,150,8466.0,TQBR
2018-02-20,55.8,56.0,54.0,55.9,450,24891.0,TQBR
2018-02-21,55.6,55.7,55.0,55.7,280,15512.0,TQBR
2018-02-22,56.0,57.7,55.1,57.7,1570,88890.0,TQBR
2018-02-26,56.3,57.8,56.2,57.8,60,3392.0,TQBR
2018-02-28,56.7,56.7,56.0,56.7,500,28191.0,TQBR
2018-03-01,55.5,56.8,55.5,56.8,20,1123.0,TQBR
2018-03-02,55.1,58.0,55.1,57.6,1170,66298.0,TQBR
2018-03-05,57.0,58.0,57.0,57.1,1210,69990.0,TQBR
2018-03-06,57.1,57.1,57.1,57.1,10,571.0,TQBR
2018-03-07,57.0,57.1,56.3,57.1,280,15890.0,TQBR
2018-03-09,58.2,58.2,57.9,57.9,50,2902.0,TQBR
2018-03-12,57.9,58.9,57.9,58.3,790,46351.0,TQBR
2018-03-14,57.1,57.1,57.1,57.1,50,2855.0,TQBR
2018-03-15,57.1,60.8,56.9,57.9,1780,105556.0,TQBR
2018-03-16,56.1,57.0,56.0,57.0,310,17564.0,TQBR
2018-03-19,56.1,56.4,53.8,55.5,550,30195.0,TQBR
2018-03-20,55.6,56.8,55.1,55.9,910,50529.0,TQBR
2018-03-21,55.4,56.0,55.3,56.0,210,11693.0,TQBR
2018-03-22,54.4,61.3,54.4,58.0,1320,74935.0,TQBR
2018-03-23,57.1,57.9,57.0,57.9,140,8008.0,TQBR
2018-03-26,55.1,57.9,54.7,56.1,290,16440.0,TQBR
2018-03-27,55.8,55.8,55.2,55.2,250,13825.0,TQBR
2018-03-28,55.3,57.0,55.2,56.5,930,51738.0,TQBR
2018-03-29,57.0,60.0,56.5,56.5,2940,175600.0,TQBR
2018-03-30,58.0,58.0,58.0,58.0,10,580.0,TQBR
2018-04-02,59.2,60.5,58.0,58.0,1520,91005.0,TQBR
2018-04-03,59.4,59.5,59.4,59.5,310,18418.0,TQBR
2018-04-05,58.7,60.3,58.1,59.0,350,20900.0,TQBR
2018-04-06,59.1,59.1,59.1,59.1,20,1182.0,TQBR
2018-04-09,59.9,59.9,56.3,56.9,320,18173.0,TQBR
2018-04-10,56.5,60.0,55.3,59.0,270,15089.0,TQBR
2018-04-11,56.0,56.0,56.0,56.0,120,6720.0,TQBR
2018-04-12,57.9,57.9,57.0,57.0,40,2294.0,TQBR
2018-04-13,57.0,57.5,57.0,57.5,140,8035.0,TQBR
2018-04-16,57.0,57.0,57.0,57.0,10,570.0,TQBR
2018-04-18,56.3,57.3,56.3,57.3,40,2262.0,TQBR
2018-04-19,57.1,57.9,57.1,57.8,530,30595.0,TQBR
2018-04-20,58.0,58.0,58.0,58.0,20,1160.0,TQBR
2018-04-23,58.8,61.8,58.4,60.1,1610,96798.0,TQBR
2018-04-24,61.6,62.0,59.2,60.5,1490,90570.0,TQBR
2018-04-25,60.2,60.2,59.6,59.6,50,3003.0,TQBR
2018-04-26,60.6,60.6,58.0,58.0,670,39764.0,TQBR
2018-04-27,58.9,59.0,57.0,58.5,1020,59467.0,TQBR
2018-04-28,57.3,58.4,57.3,58.4,530,30854.0,TQBR
2018-04-30,59.0,59.0,59.0,59.0,10,590.0,TQBR
2018-05-02,58.2,59.9,58.2,59.4,250,14743.0,TQBR
2018-05-03,59.0,59.0,59.0,59.0,10,590.0,TQBR
2018-05-07,58.8,60.5,58.8,60.0,510,30696.0,TQBR
2018-05-10,59.0,59.0,59.0,59.0,10,590.0,TQBR
2018-05-11,59.2,59.2,59.0,59.0,30,1772.0,TQBR
2018-05-14,59.8,60.0,59.8,60.0,170,10197.0,TQBR
2018-05-15,59.2,59.2,59.0,59.0,20,1182.0,TQBR
2018-05-16,58.0,62.0,57.0,60.5,1000,59292.0,TQBR
2018-05-17,59.0,59.0,59.0,59.0,20,1180.0,TQBR
2018-05-18,59.8,59.8,59.8,59.8,10,598.0,TQBR
2018-05-22,58.1,58.1,58.1,58.1,120,6972.0,TQBR
2018-05-23,59.1,70.4,57.1,60.0,5060,316797.0,TQBR
2018-05-24,58.8,59.9,58.8,59.9,340,20036.0,TQBR
2018-05-25,56.5,56.5,56.5,56.5,9,508.5,SMAL
2018-05-28,58.1,59.4,57.0,59.4,760,43490.0,TQBR
2018-05-29,57.1,58.0,57.1,57.2,750,43096.0,TQBR
2018-05-30,57.5,58.0,57.5,58.0,40,2305.0,TQBR
2018-05-31,57.3,58.0,57.3,58.0,40,2313.0,TQBR
2018-06-01,57.3,57.3,57.3,57.3,50,2865.0,TQBR
2018-06-04,58.1,58.1,57.4,57.4,170,9777.0,TQBR
2018-06-06,57.5,59.7,57.5,59.7,1330,79230.0,TQBR
2018-06-07,57.6,60.9,57.6,59.9,160,9571.0,TQBR
2018-06-08,60.0,60.6,59.9,59.9,810,48605.0,TQBR
2018-06-09,59.1,59.1,59.1,59.1,20,1182.0,TQBR
2018-06-11,57.3,58.0,57.3,57.5,30,1728.0,TQBR
2018-06-13,59.0,59.0,58.0,58.9,70,4116.0,TQBR
2018-06-14,59.4,59.4,59.4,59.4,10,594.0,TQBR
2018-06-19,58.0,58.0,57.4,57.4,20,1154.0,TQBR
2018-06-20,57.5,58.0,57.5,58.0,180,10395.0,TQBR
2018-06-21,58.0,58.0,58.0,58.0,10,580.0,TQBR
2018-06-22,58.0,58.0,58.0,58.0,20,1160.0,TQBR
2018-06-25,57.2,57.3,57.2,57.3,100,5721.0,TQBR
2018-06-26,57.3,57.3,57.1,57.1,220,12601.0,TQBR
2018-06-27,57.1,58.2,57.1,58.2,80,4620.0,TQBR
2018-06-28,57.1,57.1,56.5,57.0,330,18815.0,TQBR
2018-06-29,57.0,57.0,56.5,56.5,180,10245.0,TQBR
2018-07-02,56.5,57.0,56.1,57.0,110,6226.0,TQBR
2018-07-03,57.0,57.0,57.0,57.0,50,2850.0,TQBR
2018-07-04,56.0,56.0,56.0,56.0,80,4480.0,TQBR
2018-07-06,54.3,56.0,54.3,56.0,90,5006.0,TQBR
2018-07-09,57.4,57.4,57.4,57.4,20,1148.0,TQBR
2018-07-10,57.4,57.4,55.2,55.2,870,49522.0,TQBR
2018-07-11,55.4,55.4,55.4,55.4,10,554.0,TQBR
2018-07-12,55.3,56.0,54.3,56.0,220,12106.0,TQBR
2018-07-17,57.0,57.0,57.0,57.0,10,570.0,TQBR
2018-07-18,57.0,57.0,57.0,57.0,10,570.0,TQBR
2018-07-19,55.5,56.0,55.0,56.0,230,12825.0,TQBR
2018-07-20,57.0,58.0,54.4,56.0,420,23519.0,TQBR
2018-07-23,56.0,56.0,56.0,56.0,50,2800.0,TQBR
2018-07-24,55.0,56.0,55.0,56.0,220,12209.0,TQBR
2018-07-25,56.0,56.0,55.0,56.0,70,3870.0,TQBR
2018-07-26,56.0,57.0,56.0,57.0,270,15325.0,TQBR
2018-07-27,57.0,57.0,57.0,57.0,150,8550.0,TQBR
2018-07-30,57.5,59.8,57.5,59.8,100,5845.0,TQBR
2018-08-01,57.0,57.2,57.0,57.0,670,38288.0,TQBR
2018-08-02,57.0,57.0,56.0,56.0,60,3380.0,TQBR
2018-08-07,55.4,58.0,55.4,56.0,190,10926.0,TQBR
2018-08-08,57.0,57.0,56.0,56.0,40,2250.0,TQBR
2018-08-14,57.0,57.0,55.0,56.8,120,6722.0,TQBR
2018-08-15,55.2,56.0,55.0,55.0,140,7784.0,TQBR
2018-08-16,54.4,54.4,54.4,54.4,10,544.0,TQBR
2018-08-17,54.2,54.2,54.2,54.2,30,1626.0,TQBR
2018-08-20,54.2,55.4,54.2,55.4,80,4370.0,TQBR
2018-08-21,55.4,57.0,54.0,56.8,260,14334.0,TQBR
2018-08-23,56.0,56.0,56.0,56.0,10,560.0,TQBR
2018-08-24,54.0,54.0,53.2,53.2,50,2676.0,TQBR
2018-08-27,53.2,55.0,53.2,55.0,40,2182.0,TQBR
2018-08-28,56.0,56.0,56.0,56.0,30,1680.0,TQBR
2018-08-30,55.2,58.0,51.8,54.0,1540,82640.0,TQBR
2018-08-31,54.8,54.8,54.8,54.8,10,548.0,TQBR
2018-09-03,53.0,54.0,53.0,53.8,190,10208.0,TQBR
2018-09-04,54.0,54.0,54.0,54.0,10,540.0,TQBR
2018-09-05,54.8,55.0,54.0,54.0,200,10954.0,TQBR
2018-09-07,53.8,53.8,53.8,53.8,10,538.0,TQBR
2018-09-10,53.0,53.4,52.8,53.4,210,11200.0,TQBR
2018-09-11,52.4,53.8,52.4,53.8,80,4208.0,TQBR
2018-09-12,55.0,55.0,55.0,55.0,20,1100.0,TQBR
2018-09-13,53.0,54.0,51.6,53.0,280,14652.0,TQBR
2018-09-14,52.4,52.4,52.0,52.0,100,5216.0,TQBR
2018-09-17,53.0,55.0,52.0,54.2,240,12772.0,TQBR
2018-09-18,54.2,55.0,54.2,55.0,1050,57742.0,TQBR
2018-09-19,52.2,56.4,52.2,56.4,30,1650.0,TQBR
2018-09-20,57.4,62.0,56.0,57.6,680,39356.0,TQBR
2018-09-21,58.8,60.2,58.8,60.0,100,5946.0,TQBR
2018-09-24,61.8,63.8,59.0,59.0,140,8694.0,TQBR
2018-09-25,60.0,61.0,58.0,58.0,110,6554.0,TQBR
2018-09-26,57.2,58.0,57.2,58.0,20,1152.0,TQBR
2018-09-27,55.8,55.8,55.8,55.8,490,27342.0,TQBR
2018-09-28,58.2,60.0,58.0,58.2,870,50980.0,TQBR
2018-10-01,58.2,58.2,58.0,58.0,90,5230.0,TQBR
2018-10-02,58.0,58.0,58.0,58.0,450,26100.0,TQBR
2018-10-03,60.0,60.6,60.0,60.0,1350,81364.0,TQBR
2018-10-04,61.8,61.8,58.4,59.0,360,21306.0,TQBR
2018-10-05,60.4,61.0,59.0,60.0,400,24300.0,TQBR
2018-10-08,60.8,60.8,58.4,60.0,120,7140.0,TQBR
2018-10-09,60.6,61.4,60.6,61.0,200,12204.0,TQBR
2018-10-10,60.0,60.6,59.8,59.8,50,3004.0,TQBR
2018-10-11,58.4,59.8,58.2,59.8,70,4120.0,TQBR
2018-10-12,58.2,58.2,58.2,58.2,220,12804.0,TQBR
2018-10-15,59.2,59.2,58.0,58.0,240,13986.0,TQBR
2018-10-16,59.8,60.0,54.4,59.0,870,49772.0,TQBR
2018-10-17,59.4,59.4,58.4,58.4,110,6434.0,TQBR
2018-10-18,59.6,59.8,59.0,59.0,220,13118.0,TQBR
2018-10-19,59.0,60.0,58.2,60.0,500,29834.0,TQBR
2018-10-22,59.2,61.6,58.8,60.4,760,46414.0,TQBR
2018-10-23,60.4,60.4,60.4,60.4,10,604.0,TQBR
2018-10-24,60.6,60.6,60.0,60.0,30,1812.0,TQBR
2018-10-25,60.6,60.8,60.6,60.8,120,7294.0,TQBR
2018-10-26,61.4,61.6,61.4,61.6,70,4308.0,TQBR
2018-10-29,61.0,62.8,60.0,61.0,240,14710.0,TQBR
2018-10-30,62.0,62.8,60.6,61.8,270,16600.0,TQBR
2018-10-31,62.4,62.8,61.4,62.6,80,4948.0,TQBR
2018-11-01,62.6,62.6,61.8,61.8,30,1870.0,TQBR
2018-11-02,61.8,61.8,61.8,61.8,10,618.0,TQBR
2018-11-06,61.4,63.0,61.4,62.4,540,33676.0,TQBR
2018-11-07,62.4,62.4,60.8,60.8,230,14036.0,TQBR
2018-11-08,56.8,61.0,56.8,60.6,340,20568.0,TQBR
2018-11-09,61.4,61.4,61.2,61.2,110,6734.0,TQBR
2018-11-12,61.4,61.4,61.4,61.4,50,3070.0,TQBR
2018-11-13,62.6,62.6,62.6,62.6,20,1252.0,TQBR
2018-11-14,62.4,63.0,62.0,62.0,110,6898.0,TQBR
2018-11-15,63.0,63.0,63.0,63.0,10,630.0,TQBR
2018-11-16,62.4,62.8,62.4,62.8,460,28708.0,TQBR
2018-11-19,61.2,63.0,61.0,63.0,120,7508.0,TQBR
2018-11-20,63.0,63.0,63.0,63.0,820,51660.0,TQBR
2018-11-21,61.2,61.6,61.2,61.6,20,1228.0,TQBR
2018-11-22,63.2,63.2,60.6,60.6,90,5554.0,TQBR
2018-11-23,63.0,63.0,63.0,63.0,40,2520.0,TQBR
2018-11-26,62.0,62.0,61.0,61.0,150,9172.0,TQBR
2018-11-27,63.2,63.2,63.2,63.2,20,1264.0,TQBR
2018-11-28,62.0,62.0,60.6,61.8,50,3070.0,TQBR
2018-11-29,61.6,61.8,61.6,61.8,40,2470.0,TQBR
2018-11-30,60.2,61.6,57.0,61.6,1020,59366.0,TQBR
2018-12-03,60.4,61.6,60.4,60.6,170,10288.0,TQBR
2018-12-05,61.6,61.8,61.6,61.8,640,39524.0,TQBR
2018-12-10,59.2,61.8,59.2,61.8,40,2402.0,TQBR
2018-12-11,59.2,60.4,58.8,58.8,380,22484.0,TQBR
2018-12-13,61.0,61.8,61.0,61.8,200,12280.0,TQBR
2018-12-14,62.0,63.0,59.0,59.0,380,23100.0,TQBR
2018-12-17,61.0,64.0,61.0,63.0,240,14954.0,TQBR
2018-12-18,61.0,62.0,59.0,62.0,2560,153724.0,TQBR
2018-12-19,60.2,62.2,60.2,62.2,150,9190.0,TQBR
2018-12-20,61.0,61.0,58.2,60.6,550,32442.0,TQBR
2018-12-21,59.2,59.2,58.4,58.4,150,8774.0,TQBR
2018-12-24,59.6,60.0,59.6,59.8,130,7774.0,TQBR
2018-12-25,59.6,60.0,59.6,60.0,270,16148.0,TQBR
2018-12-26,58.8,58.8,58.6,58.6,20,1174.0,TQBR
2018-12-27,59.0,59.0,59.0,59.0,10,590.0,TQBR
2018-12-28,58.4,59.2,58.2,59.2,920,53834.0,TQBR
2019-01-03,49.8,49.8,49.8,49.8,4,199.2,SMAL
2019-01-08,58.4,58.6,58.4,58.6,80,4674.0,TQBR
2019-01-09,59.8,61.4,59.8,61.4,140,8488.0,TQBR
2019-01-10,61.4,61.4,60.0,60.0,230,13832.0,TQBR
2019-01-11,60.8,60.8,60.4,60.8,100,6076.0,TQBR
2019-01-14,57.0,60.0,56.2,59.8,1440,84250.0,TQBR
2019-01-15,60.0,60.6,60.0,60.6,310,18648.0,TQBR
2019-01-16,60.8,60.8,59.4,60.8,80,4840.0,TQBR
2019-01-18,60.0,60.4,60.0,60.4,2530,151804.0,TQBR
2019-01-21,60.6,60.6,60.6,60.6,250,15150.0,TQBR
2019-01-22,60.6,60.6,59.0,60.0,690,40774.0,TQBR
2019-01-23,59.0,60.0,57.6,59.6,7520,444836.0,TQBR
2019-01-24,60.0,60.0,57.0,58.0,2300,132274.0,TQBR
2019-01-25,58.6,59.0,54.6,56.0,21640,1217034.0,TQBR
2019-01-28,55.0,55.2,53.0,54.2,123090,6578030.0,TQBR
2019-01-29,55.0,60.0,54.6,59.0,128500,7436780.0,TQBR
2019-01-30,58.6,59.2,58.2,59.0,40850,2407668.0,TQBR
2019-01-31,58.8,59.0,58.6,58.6,21410,1257028.0,TQBR
2019-02-01,58.6,59.0,58.6,59.0,340,20030.0,TQBR
2019-02-04,59.0,59.4,58.6,59.0,120,7080.0,TQBR
2019-02-05,58.2,59.6,58.2,58.4,1780,103652.0,TQBR
2019-02-06,60.0,60.0,59.2,59.4,3100,184416.0,TQBR
2019-02-07,59.4,59.6,59.4,59.4,1010,59996.0,TQBR
2019-02-08,59.4,59.8,59.4,59.8,1100,65742.0,TQBR
2019-02-11,59.8,59.8,59.4,59.4,40,2380.0,TQBR
2019-02-12,59.6,59.8,59.6,59.8,11490,686994.0,TQBR
2019-02-13,60.0,60.0,59.6,59.6,220,13126.0,TQBR
2019-02-14,59.6,60.0,59.6,59.6,520,31006.0,TQBR
2019-02-15,60.0,60.0,59.6,59.8,20580,1230540.0,TQBR
2019-02-18,59.8,60.0,59.8,60.0,250,14960.0,TQBR
2019-02-19,60.0,61.0,60.0,60.0,580,34906.0,TQBR
2019-02-20,60.0,60.0,60.0,60.0,210,12600.0,TQBR
2019-02-21,60.2,60.2,58.2,60.0,270,16070.0,TQBR
2019-02-22,60.0,60.0,58.6,59.8,230,13606.0,TQBR
2019-02-25,58.2,58.8,57.8,58.6,4560,264610.0,TQBR
2019-02-26,57.6,58.4,57.6,58.4,430,25052.0,TQBR
2019-02-27,58.0,58.4,57.4,57.4,830,48178.0,TQBR
2019-02-28,58.0,58.0,56.4,57.2,190,10864.0,TQBR
2019-03-01,56.4,56.4,56.0,56.0,1160,65388.0,TQBR
2019-03-04,55.8,56.0,55.2,55.8,1000,55456.0,TQBR
2019-03-05,58.4,58.4,55.4,56.4,190,10798.0,TQBR
2019-03-06,57.6,57.6,56.2,56.2,290,16408.0,TQBR
2019-03-07,56.0,56.2,55.6,55.6,470,26316.0,TQBR
2019-03-11,55.8,56.0,55.8,56.0,160,8930.0,TQBR
2019-03-12,56.2,56.6,55.8,55.8,230,12904.0,TQBR
2019-03-13,58.6,59.8,57.0,58.0,770,44898.0,TQBR
2019-03-14,57.0,58.0,56.0,56.0,1210,68618.0,TQBR
2019-03-15,56.6,57.0,55.6,57.0,230,13002.0,TQBR
2019-03-18,57.0,57.8,55.6,57.8,480,27350.0,TQBR
2019-03-19,57.8,58.8,56.2,57.8,760,43884.0,TQBR
2019-03-20,57.8,57.8,56.8,57.6,700,40088.0,TQBR
2019-03-21,57.4,57.6,56.8,57.4,360,20612.0,TQBR
2019-03-22,57.8,58.2,57.6,57.6,730,42124.0,TQBR
2019-03-25,57.0,57.0,57.0,57.0,120,6840.0,TQBR
2019-03-26,57.0,57.0,57.0,57.0,10,570.0,TQBR
2019-03-27,57.8,57.8,56.8,57.4,470,26756.0,TQBR
2019-03-28,58.4,58.4,56.6,57.0,130,7528.0,TQBR
2019-03-29,58.0,58.0,57.6,57.6,260,14990.0,TQBR
2019-04-01,57.6,58.0,57.4,57.4,130,7492.0,TQBR
2019-04-02,57.4,57.8,57.4,57.6,230,13240.0,TQBR
2019-04-03,57.4,57.4,57.4,57.4,60,3444.0,TQBR
2019-04-05,56.6,57.8,56.6,57.4,350,20044.0,TQBR
2019-04-08,57.2,57.2,56.4,56.6,370,20964.0,TQBR
2019-04-09,56.6,56.6,56.4,56.4,750,42448.0,TQBR
2019-04-10,56.0,57.0,54.0,57.0,1580,87378.0,TQBR
2019-04-11,57.2,58.0,57.0,57.8,390,22506.0,TQBR
2019-04-15,57.0,58.0,54.8,56.4,13750,764336.0,TQBR
2019-04-16,57.2,57.2,56.2,56.2,710,40106.0,TQBR
2019-04-17,56.0,56.4,56.0,56.4,170,9542.0,TQBR
2019-04-18,56.4,56.4,56.0,56.0,4930,276114.0,TQBR
2019-04-19,56.0,56.8,55.0,56.8,330,18666.0,TQBR
2019-04-22,56.2,57.0,55.2,56.2,680,38112.0,TQBR
2019-04-23,56.2,56.4,55.6,56.0,190,10620.0,TQBR
2019-04-24,56.2,56.4,56.2,56.4,50,2816.0,TQBR
2019-04-25,56.2,56.6,56.0,56.0,210,11808.0,TQBR
2019-04-26,55.8,57.0,55.2,56.0,330,18436.0,TQBR
2019-04-29,56.8,57.0,56.0,56.4,320,17998.0,TQBR
2019-04-30,57.2,57.2,55.0,56.4,320,18022.0,TQBR
2019-05-02,55.4,55.4,55.4,55.4,10,554.0,TQBR
2019-05-03,56.0,59.0,56.0,56.0,860,48994.0,TQBR
2019-05-06,56.0,56.4,56.0,56.4,450,25220.0,TQBR
2019-05-07,57.0,57.0,56.0,56.4,140,7862.0,TQBR
2019-05-08,55.8,56.2,55.2,56.2,60,3352.0,TQBR
2019-05-10,56.4,56.4,55.6,55.6,40,2232.0,TQBR
2019-05-13,55.4,55.4,55.4,55.4,20,1108.0,TQBR
2019-05-14,55.6,55.6,54.8,54.8,420,23088.0,TQBR
2019-05-15,55.2,57.0,55.2,55.6,90,5040.0,TQBR
2019-05-16,55.4,55.6,54.0,55.2,580,31664.0,TQBR
2019-05-17,55.0,55.4,55.0,55.0,110,6060.0,TQBR
2019-05-20,54.0,56.0,54.0,55.6,190,10366.0,TQBR
2019-05-21,55.0,56.0,54.6,55.0,150,8338.0,TQBR
2019-05-22,56.0,56.0,55.6,55.6,70,3904.0,TQBR
2019-05-23,56.0,56.0,55.2,56.0,160,8934.0,TQBR
2019-05-27,55.8,55.8,55.4,55.4,20,1112.0,TQBR
2019-05-28,55.4,55.4,55.0,55.0,280,15416.0,TQBR
2019-05-29,54.8,55.6,54.6,55.6,180,9860.0,TQBR
2019-05-30,55.6,56.0,55.0,56.0,70,3904.0,TQBR
2019-05-31,55.8,56.2,55.2,56.2,400,22388.0,TQBR
2019-06-03,56.8,56.8,55.8,55.8,100,5670.0,TQBR
2019-06-04,56.8,57.8,56.8,57.8,120,6896.0,TQBR
2019-06-05,56.2,56.6,56.0,56.6,50,2808.0,TQBR
2019-06-06,57.0,58.0,57.0,57.0,40,2290.0,TQBR
2019-06-07,56.0,56.4,56.0,56.0,1100,61674.0,TQBR
2019-06-10,57.0,57.0,57.0,57.0,20,1140.0,TQBR
2019-06-11,57.8,57.8,56.2,56.6,210,11914.0,TQBR
2019-06-13,58.0,58.8,56.6,57.0,370,21210.0,TQBR
2019-06-14,57.0,57.4,56.4,57.4,300,17026.0,TQBR
2019-06-17,57.2,57.2,56.2,57.2,280,15820.0,TQBR
2019-06-18,57.8,58.2,57.0,57.0,360,20808.0,TQBR
2019-06-19,58.0,58.0,56.8,56.8,460,26522.0,TQBR
2019-06-20,57.6,58.0,56.8,57.6,600,34256.0,TQBR
2019-06-21,57.4,57.6,57.2,57.4,100,5746.0,TQBR
2019-06-24,56.4,58.0,56.4,57.0,420,24168.0,TQBR
2019-06-25,58.0,58.0,57.0,57.8,110,6338.0,TQBR
2019-06-26,57.0,58.6,56.6,57.8,690,39754.0,TQBR
2019-06-27,57.2,57.6,57.2,57.4,180,10318.0,TQBR
2019-06-28,58.0,58.0,57.2,57.4,450,25802.0,TQBR
2019-07-01,57.2,57.8,57.0,57.0,560,32150.0,TQBR
2019-07-02,58.2,58.2,58.0,58.0,50,2904.0,TQBR
2019-07-03,57.8,57.8,56.8,57.8,1990,113492.0,TQBR
2019-07-04,57.8,58.6,57.4,57.4,400,23152.0,TQBR
2019-07-05,56.2,61.4,56.0,59.4,4590,269978.0,TQBR
2019-07-08,59.6,60.6,59.0,59.8,890,53318.0,TQBR
2019-07-09,59.2,60.0,59.2,60.0,390,23102.0,TQBR
2019-07-10,59.0,60.0,58.6,60.0,70,4150.0,TQBR
2019-07-11,59.8,59.8,58.6,58.6,100,5900.0,TQBR
2019-07-12,59.6,60.0,59.2,60.0,230,13730.0,TQBR
2019-07-15,58.8,61.0,58.8,59.6,3120,186202.0,TQBR
2019-07-16,60.6,61.0,59.6,59.6,510,30626.0,TQBR
2019-07-17,60.0,60.2,59.0,60.2,160,9532.0,TQBR
2019-07-18,58.8,60.0,58.4,60.0,2750,161784.0,TQBR
2019-07-19,60.0,62.0,58.8,61.8,4440,269494.0,TQBR
2019-07-22,60.8,61.6,57.8,60.0,4650,274834.0,TQBR
2019-07-23,58.2,58.2,58.2,58.2,1,58.2,SMAL
2019-07-24,60.0,60.8,60.0,60.8,280,16842.0,TQBR
2019-07-25,60.4,60.4,59.2,60.0,250,14868.0,TQBR
2019-07-26,60.0,60.0,59.4,59.4,40,2382.0,TQBR
2019-07-29,60.0,60.6,59.6,60.4,230,13842.0,TQBR
2019-07-30,59.2,61.6,59.2,61.2,300,18264.0,TQBR
2019-07-31,60.2,60.6,59.0,60.6,340,20356.0,TQBR
2019-08-01,59.4,60.6,59.4,60.6,30,1800.0,TQBR
2019-08-02,59.2,60.4,59.0,59.0,510,30190.0,TQBR
2019-08-05,58.8,63.0,58.0,61.0,3940,237538.0,TQBR
2019-08-06,60.6,61.4,59.6,59.8,410,24664.0,TQBR
2019-08-07,59.4,61.0,59.2,61.0,1420,84788.0,TQBR
2019-08-08,61.0,61.0,59.6,60.6,400,24024.0,TQBR
2019-08-09,60.0,60.4,59.2,59.8,270,16050.0,TQBR
2019-08-12,60.0,60.0,60.0,60.0,60,3600.0,TQBR
2019-08-13,59.0,60.0,58.2,59.8,260,15312.0,TQBR
2019-08-14,59.2,60.6,55.8,57.4,2120,123628.0,TQBR
2019-08-15,57.0,58.0,56.0,58.0,3360,190438.0,TQBR
2019-08-16,58.0,58.8,57.2,58.8,100,5838.0,TQBR
2019-08-19,57.2,58.2,57.2,58.2,230,13216.0,TQBR
2019-08-20,64.0,64.0,57.2,58.6,530,32098.0,TQBR
2019-08-21,57.2,59.0,57.0,59.0,130,7614.0,TQBR
2019-08-22,60.0,60.0,58.6,58.6,180,10692.0,TQBR
2019-08-23,58.6,58.6,58.6,58.6,20,1172.0,TQBR
2019-08-26,57.4,59.0,57.4,58.4,140,8214.0,TQBR
2019-08-27,57.8,59.0,57.8,58.8,50,2932.0,TQBR
2019-08-28,59.8,60.0,58.0,58.0,330,19426.0,TQBR
2019-08-29,59.8,59.8,58.6,58.6,320,19100.0,TQBR
2019-08-30,59.6,59.8,59.4,59.4,160,9532.0,TQBR
2019-09-02,58.8,60.0,58.8,59.0,290,17340.0,TQBR
2019-09-03,58.6,59.6,58.6,58.8,40,2366.0,TQBR
2019-09-04,59.2,66.0,59.2,59.4,3780,241622.0,TQBR
2019-09-05,61.4,62.6,59.0,59.4,1590,97304.0,TQBR
2019-09-06,59.8,60.4,59.8,59.8,70,4198.0,TQBR
2019-09-09,60.8,60.8,59.0,59.0,460,27610.0,TQBR
2019-09-10,60.2,60.8,59.2,59.8,150,9012.0,TQBR
2019-09-11,60.8,62.0,59.6,60.0,2450,149826.0,TQBR
2019-09-12,61.0,61.2,59.4,61.2,360,21892.0,TQBR
2019-09-13,62.6,62.6,58.2,60.2,1810,108772.0,TQBR
2019-09-16,58.8,60.0,58.8,59.8,110,6524.0,TQBR
2019-09-17,59.6,60.0,59.6,60.0,120,7192.0,TQBR
2019-09-18,60.4,60.4,59.4,59.4,1760,106252.0,TQBR
2019-09-19,60.0,60.0,60.0,60.0,790,47400.0,TQBR
2019-09-20,59.8,59.8,59.4,59.4,80,4774.0,TQBR
2019-09-23,59.0,59.0,58.8,58.8,430,25360.0,TQBR
2019-09-25,59.4,59.8,58.8,59.8,120,7128.0,TQBR
2019-09-26,59.4,59.4,59.4,59.4,20,1188.0,TQBR
2019-09-30,59.4,60.2,59.2,59.2,510,30588.0,TQBR
2019-10-01,59.6,59.6,59.2,59.2,200,11858.0,TQBR
2019-10-02,58.2,59.8,58.2,59.0,80,4720.0,TQBR
2019-10-03,59.0,60.0,59.0,59.6,120,7162.0,TQBR
2019-10-04,60.0,61.8,59.0,61.0,3350,201168.0,TQBR
2019-10-07,61.6,61.6,60.2,60.2,400,24222.0,TQBR
2019-10-08,60.0,60.6,59.6,60.6,290,17370.0,TQBR
2019-10-09,59.8,59.8,59.8,59.8,70,4186.0,TQBR
2019-10-10,60.0,60.0,53.6,58.4,1160,67498.0,TQBR
2019-10-11,59.2,59.2,58.0,58.0,360,21144.0,TQBR
2019-10-14,58.2,58.2,57.0,57.0,210,12120.0,TQBR
2019-10-15,57.6,57.6,56.4,57.0,480,27388.0,TQBR
2019-10-16,56.2,57.8,56.2,57.0,550,31168.0,TQBR
2019-10-17,57.6,62.0,57.0,61.0,1780,104960.0,TQBR
2019-10-18,60.8,61.2,60.2,60.4,230,13934.0,TQBR
2019-10-21,61.8,61.8,60.0,60.0,20,1218.0,TQBR
2019-10-22,59.8,60.4,50.4,59.2,3180,177206.0,TQBR
2019-10-23,59.0,59.6,58.2,58.4,330,19438.0,TQBR
2019-10-24,59.4,59.4,58.0,58.0,410,23952.0,TQBR
2019-10-25,58.8,59.6,58.8,59.6,190,11248.0,TQBR
2019-10-28,58.2,59.2,58.0,59.2,200,11710.0,TQBR
2019-10-29,59.4,59.4,58.0,58.0,110,6394.0,TQBR
2019-10-30,58.0,59.4,57.8,57.8,470,27358.0,TQBR
2019-10-31,60.0,60.0,59.0,59.0,470,28002.0,TQBR
2019-11-01,59.2,59.8,58.6,58.6,110,6548.0,TQBR
2019-11-05,58.0,59.8,57.0,59.6,1700,99148.0,TQBR
2019-11-06,59.4,59.4,58.4,59.4,50,2940.0,TQBR
2019-11-07,58.4,59.6,58.4,58.8,90,5302.0,TQBR
2019-11-11,58.4,59.2,58.2,59.2,280,16356.0,TQBR
2019-11-12,58.2,58.8,58.2,58.8,150,8766.0,TQBR
2019-11-13,58.0,60.4,57.8,59.2,750,44492.0,TQBR
2019-11-14,60.0,60.0,59.0,59.8,80,4782.0,TQBR
2019-11-15,59.8,61.0,59.8,60.0,620,37268.0,TQBR
2019-11-18,59.8,59.8,59.2,59.2,90,5334.0,TQBR
2019-11-19,59.0,59.2,59.0,59.2,110,6492.0,TQBR
2019-11-20,59.4,59.4,59.4,59.4,120,7128.0,TQBR
2019-11-21,59.2,59.8,59.0,59.8,380,22580.0,TQBR
2019-11-22,59.4,59.8,58.6,59.8,200,11916.0,TQBR
2019-11-25,61.0,61.0,57.2,58.6,5230,304632.0,TQBR
2019-11-26,58.2,59.0,57.6,59.0,180,10446.0,TQBR
2019-11-27,58.2,59.6,58.2,59.6,480,28390.0,TQBR
2019-11-28,59.4,59.4,59.4,59.4,10,594.0,TQBR
2019-11-29,58.6,59.6,58.6,59.6,80,4728.0,TQBR
2019-12-02,59.6,59.6,58.6,59.0,890,52724.0,TQBR
2019-12-03,59.6,61.0,58.8,60.6,1570,94744.0,TQBR
2019-12-04,60.0,60.0,58.2,60.0,810,48180.0,TQBR
2019-12-05,59.0,59.4,59.0,59.4,1200,70926.0,TQBR
2019-12-06,58.4,59.0,58.4,59.0,100,5852.0,TQBR
2019-12-09,59.2,61.2,58.2,59.8,2380,144046.0,TQBR
2019-12-10,59.2,83.6,59.2,83.6,29610,2320092.0,TQBR
2019-12-11,90.2,92.0,74.0,78.0,37470,2980590.0,TQBR
2019-12-12,77.0,80.8,74.2,77.6,6600,505898.0,TQBR
2019-12-13,77.8,80.0,75.0,78.6,6910,534082.0,TQBR
2019-12-16,77.8,78.8,76.2,77.4,540,41846.0,TQBR
2019-12-17,77.4,77.4,75.4,77.4,2220,169600.0,TQBR
2019-12-18,77.2,90.8,76.2,76.8,16670,1337094.0,TQBR
2019-12-19,76.0,78.8,75.0,78.0,6720,510874.0,TQBR
2019-12-20,74.8,78.2,74.8,76.8,1420,108280.0,TQBR
2019-12-23,77.0,77.8,75.6,76.6,800,60952.0,TQBR
2019-12-24,75.2,76.2,75.0,76.2,1400,105278.0,TQBR
2019-12-25,75.4,79.4,73.0,78.8,7450,559740.0,TQBR
2019-12-26,76.8,80.0,73.6,76.8,2160,165740.0,TQBR
2019-12-27,77.0,85.0,77.0,79.0,12190,984008.0,TQBR
2019-12-30,79.0,79.0,76.0,77.6,1870,144352.0,TQBR
2020-01-03,76.2,97.8,76.2,87.8,15600,1355988.0,TQBR
2020-01-06,89.0,91.2,81.0,83.4,22340,1903612.0,TQBR
2020-01-08,83.2,84.4,80.0,82.4,5650,460492.0,TQBR
2020-01-09,80.4,81.6,80.2,81.2,980,79460.0,TQBR
2020-01-10,81.0,81.0,77.6,78.8,9430,742780.0,TQBR
2020-01-13,79.2,80.0,78.8,79.8,920,73212.0,TQBR
2020-01-14,79.6,79.8,78.0,79.0,1530,120642.0,TQBR
2020-01-15,79.0,79.8,78.0,79.0,900,71224.0,TQBR
2020-01-16,78.8,79.6,77.0,77.0,2290,179466.0,TQBR
2020-01-17,77.6,78.6,74.0,77.4,2810,214566.0,TQBR
2020-01-20,77.6,79.0,74.6,78.0,2170,169402.0,TQBR
2020-01-21,78.2,79.2,74.6,78.0,1740,135488.0,TQBR
2020-01-22,77.0,78.4,77.0,78.0,560,43600.0,TQBR
2020-01-23,77.0,78.0,75.6,76.6,370,28470.0,TQBR
2020-01-24,75.4,78.6,73.6,75.6,4570,342646.0,TQBR
2020-01-27,75.8,79.0,73.2,73.6,6640,502424.0,TQBR
2020-01-28,74.2,75.0,71.4,74.0,770,56874.0,TQBR
2020-01-29,73.0,73.8,72.2,72.8,4030,293086.0,TQBR
2020-01-30,72.8,87.8,72.8,73.6,48640,3898792.0,TQBR
2020-01-31,73.8,74.0,71.0,71.8,12280,884792.0,TQBR
2020-02-03,71.2,72.4,69.6,72.0,8190,579200.0,TQBR
2020-02-04,70.2,73.0,70.2,71.6,2320,166652.0,TQBR
2020-02-05,72.0,72.6,69.8,71.0,3090,218686.0,TQBR
2020-02-06,71.8,71.8,70.0,70.0,3440,242138.0,TQBR
2020-02-07,70.8,76.8,70.2,72.2,6510,486022.0,TQBR
2020-02-10,74.4,74.6,72.0,73.6,1340,97724.0,TQBR
2020-02-11,74.0,74.2,71.8,74.2,2110,154242.0,TQBR
2020-02-12,74.4,75.0,72.4,75.0,2670,198118.0,TQBR
2020-02-13,74.8,74.8,73.0,73.8,500,36718.0,TQBR
2020-02-14,74.8,81.4,74.8,74.8,4370,332924.0,TQBR
2020-02-17,73.6,75.8,73.0,75.0,1220,90964.0,TQBR
2020-02-18,75.4,75.6,73.6,75.4,1770,131704.0,TQBR
2020-02-19,75.8,80.8,75.0,75.2,4430,343120.0,TQBR
2020-02-20,77.2,77.2,75.4,75.4,850,64220.0,TQBR
2020-02-21,76.0,76.6,76.0,76.2,2470,188380.0,TQBR
2020-02-25,76.4,76.4,74.0,75.4,1000,75204.0,TQBR
2020-02-26,74.2,75.0,72.4,73.0,620,45466.0,TQBR
2020-02-27,72.0,76.2,71.6,71.8,2030,149116.0,TQBR
2020-02-28,70.0,70.2,68.0,68.4,1380,94900.0,TQBR
2020-03-02,72.6,73.0,70.0,70.8,2640,190792.0,TQBR
2020-03-03,72.2,72.6,72.2,72.2,210,15170.0,TQBR
2020-03-04,70.8,73.8,68.0,70.6,4770,332540.0,TQBR
2020-03-05,70.0,70.8,69.0,69.8,1490,104128.0,TQBR
2020-03-06,69.0,70.0,63.2,68.8,2780,188762.0,TQBR
2020-03-10,65.2,69.0,61.6,62.8,4480,289132.0,TQBR
2020-03-11,63.0,67.2,63.0,63.0,1510,96520.0,TQBR
2020-03-12,62.2,66.2,55.6,55.6,3300,194278.0,TQBR
2020-03-13,55.8,62.0,55.8,58.6,1530,89304.0,TQBR
2020-03-16,58.4,58.4,46.0,55.4,3360,182108.0,TQBR
2020-03-17,58.0,59.2,55.8,58.0,920,53164.0,TQBR
2020-03-18,58.2,58.2,53.0,55.2,1420,78008.0,TQBR
2020-03-19,57.2,57.2,53.2,57.0,1950,108170.0,TQBR
2020-03-20,59.2,60.0,58.0,58.0,1310,77126.0,TQBR
2020-03-23,53.6,58.2,53.6,58.0,3020,175190.0,TQBR
2020-03-24,59.0,64.4,58.0,62.0,1480,89470.0,TQBR
2020-03-25,62.0,67.2,62.0,63.0,2370,153676.0,TQBR
2020-03-26,63.0,68.0,62.0,64.4,1760,113536.0,TQBR
2020-03-27,63.0,63.0,60.0,62.0,1230,76246.0,TQBR
2020-03-30,62.0,65.0,61.0,61.4,2320,144638.0,TQBR
2020-03-31,63.4,64.2,60.0,62.6,2800,172992.0,TQBR
2020-04-01,62.8,68.0,61.0,64.0,7720,489494.0,TQBR
2020-04-02,64.0,65.0,61.6,62.8,5590,353352.0,TQBR
2020-04-03,63.2,64.2,61.8,61.8,1040,65596.0,TQBR
2020-04-06,61.2,64.0,60.0,63.6,1770,110994.0,TQBR
2020-04-07,64.4,64.8,61.4,64.6,3640,232742.0,TQBR
2020-04-08,63.2,64.8,63.2,64.6,990,63530.0,TQBR
2020-04-09,64.6,66.0,64.6,65.0,840,54676.0,TQBR
2020-04-10,65.0,65.8,64.2,64.6,500,32286.0,TQBR
2020-04-13,64.2,90.0,63.6,73.8,25300,1966778.0,TQBR
2020-04-14,74.2,75.6,68.6,74.4,4770,341422.0,TQBR
2020-04-15,74.0,74.0,68.8,69.8,2230,157642.0,TQBR
2020-04-16,69.6,72.0,68.4,71.0,720,50678.0,TQBR
2020-04-17,71.0,71.4,69.0,71.0,1270,88476.0,TQBR
2020-04-20,70.0,71.8,70.0,70.2,320,22740.0,TQBR
2020-04-21,70.8,70.8,69.2,70.2,710,49610.0,TQBR
2020-04-22,70.0,71.4,68.4,71.4,570,39704.0,TQBR
2020-04-23,71.0,71.0,69.4,70.8,510,35938.0,TQBR
2020-04-24,71.0,74.2,71.0,73.0,2560,188234.0,TQBR
2020-04-27,72.0,80.0,71.2,73.8,4620,351212.0,TQBR
2020-04-28,72.8,73.8,72.0,72.2,1370,99356.0,TQBR
2020-04-29,72.2,73.8,72.0,72.0,280,20280.0,TQBR
2020-04-30,73.0,73.0,70.2,70.2,1250,89316.0,TQBR
2020-05-04,71.0,71.0,70.8,71.0,580,41110.0,TQBR
2020-05-05,72.0,72.4,71.2,71.8,140,10096.0,TQBR
2020-05-06,71.2,72.2,71.2,71.4,390,27866.0,TQBR
2020-05-07,71.6,71.6,71.4,71.6,80,5722.0,TQBR
2020-05-08,72.6,72.6,71.2,72.0,330,23816.0,TQBR
2020-05-12,71.4,72.0,71.2,71.4,150,10736.0,TQBR
2020-05-13,72.0,72.6,70.0,70.8,240,17012.0,TQBR
2020-05-14,71.8,72.0,70.2,70.6,370,26324.0,TQBR
2020-05-15,70.2,71.0,70.2,70.6,70,4936.0,TQBR
2020-05-18,70.0,71.0,69.4,71.0,750,52376.0,TQBR
2020-05-19,70.2,70.6,68.6,70.6,2180,151332.0,TQBR
2020-05-20,71.0,71.8,70.0,71.4,810,57366.0,TQBR
2020-05-21,70.2,70.8,70.0,70.2,710,49898.0,TQBR
2020-05-22,70.4,70.6,69.2,70.2,590,41300.0,TQBR
2020-05-25,71.0,71.2,70.2,71.0,660,46710.0,TQBR
2020-05-26,72.0,76.0,70.2,70.2,2830,203914.0,TQBR
2020-05-27,71.8,71.8,70.2,71.0,1050,74666.0,TQBR
2020-05-28,70.6,71.8,70.2,70.6,240,17056.0,TQBR
2020-05-29,70.8,71.6,70.6,70.6,460,32828.0,TQBR
2020-06-01,71.6,71.6,70.0,71.4,220,15550.0,TQBR
2020-06-02,70.0,71.4,70.0,70.8,200,14132.0,TQBR
2020-06-03,70.8,71.0,70.0,70.0,350,24702.0,TQBR
2020-06-04,71.6,85.0,71.2,75.0,27270,2089424.0,TQBR
2020-06-05,76.0,76.0,73.4,74.0,1700,125930.0,TQBR
2020-06-08,75.0,75.8,70.6,71.2,6670,479740.0,TQBR
2020-06-09,72.8,76.0,71.8,71.8,6600,486328.0,TQBR
2020-06-10,72.6,72.8,71.4,71.4,590,42524.0,TQBR
2020-06-11,71.4,71.4,70.6,71.0,590,41894.0,TQBR
2020-06-15,71.0,72.0,70.2,71.8,640,45582.0,TQBR
2020-06-16,71.2,72.8,70.0,72.8,840,59666.0,TQBR
2020-06-17,71.2,73.0,71.2,72.4,300,21694.0,TQBR
2020-06-18,73.0,73.0,69.6,70.8,3440,241100.0,TQBR
2020-06-19,70.0,70.8,70.0,70.2,520,36634.0,TQBR
2020-06-22,70.0,72.0,69.8,71.8,3090,219688.0,TQBR
2020-06-23,72.0,72.0,70.6,72.0,70,5002.0,TQBR
2020-06-25,71.0,74.0,69.0,70.6,1470,103056.0,TQBR
2020-06-26,71.0,71.4,70.0,70.0,290,20558.0,TQBR
2020-06-29,70.0,71.0,69.8,70.0,290,20328.0,TQBR
2020-06-30,70.0,71.6,69.8,70.4,140,9896.0,TQBR
2020-07-02,70.0,71.0,69.0,70.0,2140,149274.0,TQBR
2020-07-03,70.4,71.0,69.6,70.2,1200,84458.0,TQBR
2020-07-06,71.2,71.2,70.0,71.0,580,41078.0,TQBR
2020-07-07,70.4,71.0,70.0,71.0,190,13358.0,TQBR
2020-07-08,71.0,71.0,69.4,70.0,350,24470.0,TQBR
2020-07-09,70.0,74.4,69.4,71.0,2080,150056.0,TQBR
2020-07-10,71.6,73.0,70.2,71.4,390,28190.0,TQBR
2020-07-13,73.2,73.2,70.4,72.0,980,70344.0,TQBR
2020-07-14,71.8,72.0,71.0,71.0,200,14314.0,TQBR
2020-07-15,71.2,72.0,70.6,70.6,340,24306.0,TQBR
2020-07-16,71.0,71.6,71.0,71.6,140,9950.0,TQBR
2020-07-17,70.8,70.8,70.8,70.8,430,30444.0,TQBR
2020-07-20,70.6,71.8,70.0,70.6,690,48594.0,TQBR
2020-07-21,71.8,71.8,70.2,71.4,230,16336.0,TQBR
2020-07-22,70.6,71.4,70.4,70.8,270,19110.0,TQBR
2020-07-23,71.0,71.6,70.4,70.4,1070,75984.0,TQBR
2020-07-24,69.8,72.0,69.8,71.2,1370,96528.0,TQBR
2020-07-27,70.2,71.2,65.6,71.0,4550,315548.0,TQBR
2020-07-28,69.2,71.0,69.2,70.2,1090,76428.0,TQBR
2020-07-29,70.0,70.8,70.0,70.2,270,19034.0,TQBR
2020-07-30,70.2,70.2,69.8,70.0,360,25202.0,TQBR
2020-07-31,70.4,70.8,69.2,69.2,520,36260.0,TQBR
2020-08-03,70.8,70.8,69.2,69.8,760,53184.0,TQBR
2020-08-04,70.4,72.0,70.0,71.4,1520,107874.0,TQBR
2020-08-05,71.2,71.2,71.0,71.0,250,17760.0,TQBR
2020-08-06,72.0,72.0,71.2,71.4,1780,127192.0,TQBR
2020-08-07,71.8,71.8,71.0,71.2,170,12128.0,TQBR
2020-08-10,70.4,71.8,70.4,71.2,2390,170428.0,TQBR
2020-08-11,70.6,71.8,70.4,71.8,560,39762.0,TQBR
2020-08-12,70.6,72.0,70.6,71.8,980,69814.0,TQBR
2020-08-13,71.8,92.0,71.4,76.8,113670,9391764.0,TQBR
2020-08-14,80.0,86.0,78.2,80.0,32890,2694032.0,TQBR
2020-08-17,80.0,81.0,77.0,77.8,5750,455800.0,TQBR
2020-08-18,77.4,80.6,77.0,78.4,6030,473376.0,TQBR
2020-08-19,79.0,85.8,76.0,78.8,17480,1411448.0,TQBR
2020-08-20,78.0,78.8,77.2,78.2,2430,188468.0,TQBR
2020-08-21,79.0,79.0,76.0,76.4,1300,100630.0,TQBR
2020-08-24,76.8,76.8,75.8,76.6,1680,127660.0,TQBR
2020-08-25,75.8,77.8,75.8,77.8,480,36820.0,TQBR
2020-08-26,77.8,85.0,76.2,77.8,22130,1819268.0,TQBR
2020-08-27,78.0,86.0,77.4,81.8,31230,2571876.0,TQBR
2020-08-28,82.0,82.0,80.0,81.2,2950,237850.0,TQBR
2020-08-31,82.0,82.0,79.0,81.0,2160,172628.0,TQBR
2020-09-01,81.8,82.0,78.8,79.6,1630,129978.0,TQBR
2020-09-02,79.2,79.2,78.8,78.8,670,52892.0,TQBR
2020-09-03,81.4,82.0,78.4,79.6,1350,107658.0,TQBR
2020-09-04,80.4,84.6,79.2,80.4,5010,416890.0,TQBR
2020-09-07,77.6,81.0,77.6,79.8,210,16722.0,TQBR
2020-09-08,79.2,80.0,77.0,78.2,1110,86580.0,TQBR
2020-09-09,79.0,79.0,76.4,78.0,1460,112680.0,TQBR
2020-09-10,77.2,78.4,77.0,78.4,730,56748.0,TQBR
2020-09-11,77.2,83.0,77.2,82.0,3560,285908.0,TQBR
2020-09-14,82.6,89.6,79.8,81.0,16360,1381422.0,TQBR
2020-09-15,81.0,81.6,79.0,80.8,1310,105820.0,TQBR
2020-09-16,80.0,80.8,77.6,79.2,1630,128550.0,TQBR
2020-09-17,80.0,80.0,79.0,79.0,390,30868.0,TQBR
2020-09-18,79.8,80.4,79.0,79.0,1530,121944.0,TQBR
2020-09-21,78.2,80.0,77.4,78.0,1120,87580.0,TQBR
2020-09-22,78.0,79.0,78.0,79.0,530,41784.0,TQBR
2020-09-23,79.2,79.2,79.0,79.0,520,41090.0,TQBR
2020-09-24,77.2,79.2,77.2,78.4,600,46802.0,TQBR
2020-09-25,76.0,78.6,76.0,78.6,570,44108.0,TQBR
2020-09-28,77.4,78.8,77.4,78.8,580,45244.0,TQBR
2020-09-29,78.0,78.4,78.0,78.0,240,18800.0,TQBR
2020-09-30,78.6,79.0,77.2,77.6,810,63056.0,TQBR
2020-10-01,78.0,78.6,77.6,78.0,530,41232.0,TQBR
2020-10-02,77.4,77.8,76.0,77.2,4050,312538.0,TQBR
2020-10-05,78.0,78.0,77.2,78.0,170,13216.0,TQBR
2020-10-06,77.2,77.8,76.8,77.8,1250,96360.0,TQBR
2020-10-07,76.4,77.8,76.0,76.6,580,44424.0,TQBR
2020-10-08,77.0,77.4,77.0,77.4,190,14664.0,TQBR
2020-10-09,76.8,76.8,75.0,76.0,940,71716.0,TQBR
2020-10-12,75.2,77.6,75.2,76.2,1050,79478.0,TQBR
2020-10-13,76.4,77.2,75.4,76.6,200,15248.0,TQBR
2020-10-14,76.4,77.0,75.0,75.8,560,42486.0,TQBR
2020-10-15,75.8,76.0,75.0,75.4,390,29426.0,TQBR
2020-10-16,75.0,75.6,74.8,75.2,480,36044.0,TQBR
2020-10-19,75.0,75.6,74.8,74.8,90,6766.0,TQBR
2020-10-20,74.2,75.2,74.2,75.2,770,57260.0,TQBR
2020-10-21,74.8,75.0,74.2,74.6,100,7472.0,TQBR
2020-10-22,74.2,75.0,74.2,74.8,70,5232.0,TQBR
2020-10-23,74.2,85.8,74.2,78.8,17540,1409588.0,TQBR
2020-10-26,78.2,79.0,76.0,77.2,2350,181938.0,TQBR
2020-10-27,77.8,81.8,75.4,77.2,3870,301254.0,TQBR
2020-10-28,77.2,77.2,73.8,73.8,3560,265352.0,TQBR
2020-10-29,73.8,78.6,73.0,77.4,7400,561202.0,TQBR
2020-10-30,77.8,77.8,76.2,77.4,430,32984.0,TQBR
2020-11-02,78.0,78.0,77.0,77.2,700,54432.0,TQBR
2020-11-03,74.2,78.0,74.2,78.0,1620,123290.0,TQBR
2020-11-05,77.0,82.0,76.6,78.4,5490,430400.0,TQBR
2020-11-06,78.4,78.6,77.0,77.8,410,31754.0,TQBR
2020-11-09,78.0,81.0,78.0,78.0,1630,128870.0,TQBR
2020-11-10,78.0,78.8,77.4,78.2,570,44580.0,TQBR
2020-11-11,77.6,78.0,77.0,78.0,1000,77492.0,TQBR
2020-11-12,78.0,78.0,77.4,77.4,240,18714.0,TQBR
2020-11-13,79.0,79.0,77.0,78.4,860,67272.0,TQBR
2020-11-16,78.0,79.4,77.8,78.4,2710,213732.0,TQBR
2020-11-17,78.2,79.8,77.4,78.4,790,61830.0,TQBR
2020-11-18,77.6,78.8,77.0,78.0,590,45936.0,TQBR
2020-11-19,77.4,78.0,77.4,78.0,110,8546.0,TQBR
2020-11-20,78.2,78.2,75.8,77.0,1200,92530.0,TQBR
2020-11-23,77.6,78.0,74.6,76.4,4320,328228.0,TQBR
2020-11-24,76.8,77.4,76.0,77.2,2310,177262.0,TQBR
2020-11-25,77.8,77.8,76.0,76.6,1380,105462.0,TQBR
2020-11-26,76.0,77.0,76.0,77.0,1230,94670.0,TQBR
2020-11-27,76.8,76.8,76.4,76.8,340,26096.0,TQBR
2020-11-30,76.0,77.4,76.0,76.6,240,18440.0,TQBR
2020-12-01,77.0,77.0,76.6,76.6,1630,125198.0,TQBR
2020-12-02,78.0,80.0,74.8,76.6,670,51436.0,TQBR
2020-12-03,76.0,80.8,75.2,77.0,1940,149498.0,TQBR
2020-12-04,76.0,78.0,76.0,77.6,1100,84220.0,TQBR
2020-12-07,76.4,77.8,76.4,76.8,620,48026.0,TQBR
2020-12-08,76.6,77.6,76.2,77.6,790,60444.0,TQBR
2020-12-09,78.0,78.0,76.4,76.4,500,38584.0,TQBR
2020-12-10,78.0,78.0,76.4,77.4,470,36338.0,TQBR
2020-12-11,77.8,77.8,76.4,77.2,890,68422.0,TQBR
2020-12-14,77.0,77.4,76.8,76.8,400,30790.0,TQBR
2020-12-15,76.8,78.2,76.6,78.2,2190,169434.0,TQBR
2020-12-16,78.2,90.0,77.2,77.8,25560,2066332.0,TQBR
2020-12-17,78.8,81.4,78.0,78.0,8970,717230.0,TQBR
2020-12-18,79.0,79.0,77.0,78.0,1430,110844.0,TQBR
2020-12-21,78.0,78.0,76.2,77.4,1320,101502.0,TQBR
2020-12-22,76.2,78.2,76.2,77.6,260,20224.0,TQBR
2020-12-23,77.8,77.8,77.0,77.0,340,26220.0,TQBR
2020-12-24,77.6,78.0,77.0,77.0,500,38828.0,TQBR
2020-12-25,76.6,78.0,75.0,77.6,970,74500.0,TQBR
2020-12-28,78.0,78.0,75.0,77.2,6400,485564.0,TQBR
2020-12-29,77.8,80.0,75.2,76.2,3490,271152.0,TQBR
2020-12-30,78.0,78.0,77.6,77.8,1040,80922.0,TQBR
2021-01-04,78.2,78.8,78.0,78.8,630,49382.0,TQBR
2021-01-05,79.0,82.0,78.0,79.8,1630,130156.0,TQBR
2021-01-06,80.0,80.0,79.2,79.2,1400,111140.0,TQBR
2021-01-08,79.2,79.4,75.0,78.8,5590,434222.0,TQBR
2021-01-11,78.0,78.8,76.0,78.2,1690,131416.0,TQBR
2021-01-12,78.8,79.2,78.4,78.8,2680,211628.0,TQBR
2021-01-13,79.0,80.4,78.2,79.0,1250,99704.0,TQBR
2021-01-14,78.2,79.4,78.0,78.0,420,32818.0,TQBR
2021-01-15,79.2,82.4,78.6,78.8,6120,492114.0,TQBR
2021-01-18,79.6,81.6,76.6,78.4,1920,151680.0,TQBR
2021-01-19,79.2,79.2,78.4,78.8,140,11036.0,TQBR
2021-01-20,79.0,81.2,78.8,79.0,1340,107160.0,TQBR
2021-01-21,78.4,79.8,76.2,77.2,1490,116152.0,TQBR
2021-01-22,77.2,78.0,77.2,77.8,1850,143422.0,TQBR
2021-01-25,78.6,84.8,76.2,80.2,8520,695322.0,TQBR
2021-01-26,82.0,85.0,79.2,80.0,9210,760308.0,TQBR
2021-01-27,79.2,85.0,78.6,79.4,10020,813818.0,TQBR
2021-01-28,78.2,80.8,78.0,80.8,2280,181084.0,TQBR
2021-01-29,80.8,81.0,77.0,78.8,4430,354888.0,TQBR
2021-02-01,78.4,85.0,76.0,79.0,12020,957864.0,TQBR
2021-02-02,79.8,80.0,77.6,79.2,4190,331652.0,TQBR
2021-02-03,81.6,81.6,78.0,78.6,740,58614.0,TQBR
2021-02-04,78.2,80.8,78.2,79.6,1100,87448.0,TQBR
2021-02-05,79.0,82.0,79.0,80.0,1930,156564.0,TQBR
2021-02-08,79.2,80.4,76.4,80.0,7190,559890.0,TQBR
2021-02-09,79.6,79.6,78.2,79.4,2290,181402.0,TQBR
2021-02-10,78.4,79.6,78.4,79.4,990,78730.0,TQBR
2021-02-11,79.0,79.6,79.0,79.4,390,30990.0,TQBR
2021-02-12,78.4,79.6,78.2,78.4,1470,115826.0,TQBR
2021-02-15,78.4,79.8,78.2,79.2,950,74780.0,TQBR
2021-02-16,79.6,79.6,78.6,79.2,250,19732.0,TQBR
2021-02-17,79.4,79.6,78.8,78.8,270,21370.0,TQBR
2021-02-18,78.6,79.0,78.0,78.4,1260,98700.0,TQBR
2021-02-19,78.8,79.0,78.0,78.6,1650,129558.0,TQBR
2021-02-20,78.8,80.2,78.0,78.0,5350,421624.0,TQBR
2021-02-22,78.2,79.2,78.2,78.6,5270,415942.0,TQBR
2021-02-24,78.0,79.2,78.0,78.8,360,28450.0,TQBR
2021-02-25,79.0,79.6,78.2,79.4,1410,110666.0,TQBR
2021-02-26,79.2,80.0,78.2,78.4,1460,115410.0,TQBR
2021-03-01,80.0,80.0,78.2,78.6,700,55058.0,TQBR
2021-03-02,79.0,79.4,78.4,78.4,640,50450.0,TQBR
2021-03-03,78.4,80.8,78.2,79.2,2280,180798.0,TQBR
2021-03-04,79.6,80.0,77.8,79.2,2180,171736.0,TQBR
2021-03-05,78.8,79.2,78.6,78.8,2430,191468.0,TQBR
2021-03-09,80.0,82.0,78.6,79.0,1750,140068.0,TQBR
2021-03-10,80.0,81.2,78.8,79.2,1670,133896.0,TQBR
2021-03-11,79.2,79.8,78.8,79.4,1560,123550.0,TQBR
2021-03-12,79.0,79.2,77.0,78.4,7480,581102.0,TQBR
2021-03-15,78.8,79.4,78.4,78.4,1260,99344.0,TQBR
2021-03-16,78.4,79.0,78.4,78.4,830,65190.0,TQBR
2021-03-17,79.0,79.0,78.0,78.6,570,44602.0,TQBR
2021-03-18,78.8,78.8,78.6,78.8,250,19674.0,TQBR
2021-03-19,79.0,79.0,78.2,78.8,340,26712.0,TQBR
2021-03-22,78.8,78.8,78.4,78.4,220,17276.0,TQBR
2021-03-23,78.8,78.8,78.0,78.4,450,35310.0,TQBR
2021-03-24,78.2,78.6,77.4,77.4,840,65378.0,TQBR
2021-03-25,77.6,83.0,77.2,79.2,19190,1538628.0,TQBR
2021-03-26,79.0,80.8,77.6,78.4,3780,296130.0,TQBR
2021-03-29,78.4,80.2,77.8,79.4,1930,151734.0,TQBR
2021-03-30,78.8,81.4,77.6,78.4,5610,441490.0,TQBR
2021-03-31,79.0,80.0,78.2,79.8,1110,87896.0,TQBR
2021-04-01,78.6,79.8,78.4,79.0,3830,302914.0,TQBR
2021-04-02,79.6,79.8,78.8,78.8,1150,91318.0,TQBR
2021-04-05,79.8,84.8,78.6,80.8,15530,1254772.0,TQBR
2021-04-06,81.0,81.8,78.0,78.8,11150,882744.0,TQBR
2021-04-07,78.2,79.0,77.8,79.0,2170,169590.0,TQBR
2021-04-08,78.6,79.0,78.2,79.0,1170,92146.0,TQBR
2021-04-09,78.8,79.8,78.8,79.6,1200,95152.0,TQBR
2021-04-12,79.4,79.8,79.0,79.8,1450,114824.0,TQBR
2021-04-13,79.6,79.8,79.0,79.6,390,30974.0,TQBR
2021-04-14,79.2,81.4,79.0,79.8,3170,253576.0,TQBR
2021-04-15,79.8,79.8,79.2,79.8,100,7968.0,TQBR
2021-04-16,79.4,79.8,79.0,79.0,390,30864.0,TQBR
2021-04-19,79.2,80.0,79.2,79.8,680,54102.0,TQBR
2021-04-20,80.0,80.0,78.4,78.4,890,70170.0,TQBR
2021-04-21,78.2,79.4,78.2,79.0,320,25224.0,TQBR
2021-04-22,79.4,79.6,79.0,79.0,250,19848.0,TQBR
2021-04-23,78.8,80.2,78.8,79.2,1730,137640.0,TQBR
2021-04-26,79.6,80.6,78.0,79.4,1860,147396.0,TQBR
2021-04-27,79.4,79.4,78.8,79.2,360,28484.0,TQBR
2021-04-28,79.0,80.2,78.8,78.8,130,10292.0,TQBR
2021-04-29,79.0,79.2,78.8,78.8,60,4746.0,TQBR
2021-04-30,79.0,79.0,78.6,78.8,130,10236.0,TQBR
2021-05-04,79.4,79.6,79.0,79.0,820,64826.0,TQBR
2021-05-05,78.4,79.0,78.4,78.8,1050,82638.0,TQBR
2021-05-06,80.0,80.0,79.2,79.2,530,42014.0,TQBR
2021-05-07,79.2,79.4,78.8,78.8,440,34722.0,TQBR
2021-05-10,80.2,80.2,78.0,79.4,2240,176280.0,TQBR
2021-05-11,78.4,79.4,78.4,79.4,250,19680.0,TQBR
2021-05-12,78.6,79.4,78.6,79.4,390,30662.0,TQBR
2021-05-13,79.4,89.6,79.2,84.2,46500,3921070.0,TQBR
2021-05-14,85.0,89.0,80.8,81.6,14810,1252366.0,TQBR
2021-05-17,82.0,85.8,80.2,81.2,7610,627722.0,TQBR
2021-05-18,81.6,83.0,80.0,81.2,7350,596464.0,TQBR
2021-05-19,82.0,83.0,79.2,79.2,2920,234660.0,TQBR
2021-05-20,79.8,80.0,77.0,79.6,4640,361960.0,TQBR
2021-05-21,78.8,79.8,78.4,79.8,2250,177276.0,TQBR
2021-05-24,79.8,80.0,79.2,79.2,1840,146264.0,TQBR
2021-05-25,79.2,79.8,78.0,79.0,1090,86170.0,TQBR
2021-05-26,79.0,79.6,79.0,79.6,230,18252.0,TQBR
2021-05-27,79.0,79.8,78.8,79.4,330,26146.0,TQBR
2021-05-28,79.8,80.2,78.2,78.2,13200,1041226.0,TQBR
2021-05-31,79.0,79.2,77.8,79.0,1850,144972.0,TQBR
2021-06-01,79.0,79.0,78.4,79.0,70,5524.0,TQBR
2021-06-02,79.0,79.2,78.4,79.0,250,19716.0,TQBR
2021-06-03,78.4,80.4,78.4,79.6,6210,492554.0,TQBR
2021-06-04,79.6,79.6,78.4,79.4,750,59144.0,TQBR
2021-06-07,78.6,79.4,78.4,78.8,850,67082.0,TQBR
2021-06-08,78.6,79.2,78.6,78.6,1040,81804.0,TQBR
2021-06-09,79.2,79.2,78.4,78.4,550,43270.0,TQBR
2021-06-10,79.2,79.2,78.4,78.4,530,41752.0,TQBR
2021-06-11,79.0,79.2,78.6,78.8,380,30014.0,TQBR
2021-06-14,79.4,79.4,78.6,79.0,90,7104.0,TQBR
2021-06-15,79.0,79.0,78.6,78.6,2360,186320.0,TQBR
2021-06-16,78.6,79.2,78.4,78.4,5230,412094.0,TQBR
2021-06-17,78.6,78.8,77.2,78.4,2320,180860.0,TQBR
2021-06-18,78.8,79.0,78.8,78.8,710,56062.0,TQBR
2021-06-21,78.8,78.8,78.0,78.8,270,21148.0,TQBR
2021-06-22,78.8,78.8,78.2,78.2,160,12592.0,TQBR
2021-06-23,79.0,79.0,78.2,78.8,190,14950.0,TQBR
2021-06-24,78.4,78.4,78.0,78.0,260,20296.0,TQBR
2021-06-25,78.4,78.8,78.0,78.8,830,64924.0,TQBR
2021-06-28,78.4,78.4,77.6,78.0,1040,81170.0,TQBR
2021-06-29,78.2,78.4,78.2,78.4,170,13308.0,TQBR
2021-06-30,78.0,78.6,78.0,78.6,120,9408.0,TQBR
2021-07-01,78.8,78.8,77.8,78.0,480,37538.0,TQBR
2021-07-02,78.4,78.4,78.0,78.0,90,7030.0,TQBR
2021-07-05,78.2,78.4,78.0,78.0,360,28146.0,TQBR
2021-07-06,78.4,78.4,77.8,78.0,100,7810.0,TQBR
2021-07-07,78.2,78.2,78.2,78.2,430,33626.0,TQBR
2021-07-08,78.6,80.0,77.4,78.2,1170,92194.0,TQBR
2021-07-09,77.6,78.8,77.4,78.0,1450,113294.0,TQBR
2021-07-12,78.0,78.6,78.0,78.0,300,23412.0,TQBR
2021-07-13,78.8,78.8,77.6,77.6,270,21140.0,TQBR
2021-07-14,78.6,78.6,77.4,77.6,320,24984.0,TQBR
2021-07-15,77.6,78.2,77.6,77.6,50,3886.0,TQBR
2021-07-16,78.2,78.2,77.2,78.2,850,65928.0,TQBR
2021-07-19,78.2,78.2,76.4,77.2,2470,190178.0,TQBR
2021-07-20,77.4,77.6,77.0,77.0,220,17014.0,TQBR
2021-07-21,77.6,77.6,77.4,77.6,140,10860.0,TQBR
2021-07-22,77.0,78.2,76.8,78.2,1110,86310.0,TQBR
2021-07-23,78.4,78.8,78.0,78.8,2550,200606.0,TQBR
2021-07-26,78.0,79.4,78.0,78.8,7380,583694.0,TQBR
2021-07-27,78.4,79.2,78.4,79.2,1330,104692.0,TQBR
2021-07-28,79.2,79.2,78.4,79.2,150,11864.0,TQBR
2021-07-29,78.8,78.8,78.6,78.8,50,3934.0,TQBR
2021-07-30,79.0,79.0,78.4,78.4,1000,78430.0,TQBR
2021-08-02,79.0,79.0,78.0,78.8,150,11752.0,TQBR
2021-08-03,79.0,79.6,78.8,78.8,910,72018.0,TQBR
2021-08-04,79.6,79.6,78.8,79.4,820,65052.0,TQBR
2021-08-05,78.6,79.4,78.6,79.4,320,25254.0,TQBR
2021-08-06,79.4,79.4,78.8,79.2,160,12680.0,TQBR
2021-08-09,78.8,80.4,78.8,79.4,2240,178354.0,TQBR
2021-08-10,79.2,79.2,77.8,79.0,950,74510.0,TQBR
2021-08-11,78.6,79.4,78.6,78.6,630,49746.0,TQBR
2021-08-12,78.6,79.8,78.6,79.4,830,65662.0,TQBR
2021-08-13,79.0,79.0,78.6,78.8,1440,113214.0,TQBR
2021-08-16,78.6,79.0,78.6,79.0,130,10246.0,TQBR
2021-08-17,78.4,79.0,78.4,79.0,230,18152.0,TQBR
2021-08-18,78.4,79.0,72.0,78.4,1770,134752.0,TQBR
2021-08-19,78.2,78.4,77.6,78.0,620,48370.0,TQBR
2021-08-20,78.0,78.6,78.0,78.0,490,38328.0,TQBR
2021-08-23,78.4,78.6,77.8,78.6,580,45264.0,TQBR
2021-08-24,78.6,80.4,78.6,79.4,1930,153434.0,TQBR
2021-08-25,79.6,82.0,78.2,80.8,9800,788418.0,TQBR
2021-08-26,81.0,83.4,78.6,80.0,19090,1534382.0,TQBR
2021-08-27,79.2,79.8,77.0,79.6,1180,93024.0,TQBR
2021-08-30,79.6,79.8,78.2,79.2,1220,96166.0,TQBR
2021-08-31,79.2,79.2,78.4,79.2,320,25260.0,TQBR
2021-09-01,79.2,79.4,78.0,79.0,1100,86740.0,TQBR
2021-09-02,78.6,79.0,78.2,79.0,3880,303656.0,TQBR
2021-09-03,79.0,79.0,78.0,79.0,410,32322.0,TQBR
2021-09-06,78.8,79.0,78.2,78.6,1490,116994.0,TQBR
2021-09-07,78.6,78.6,78.2,78.6,850,66624.0,TQBR
2021-09-08,78.0,78.6,77.6,78.4,880,68582.0,TQBR
2021-09-09,78.4,78.4,78.0,78.4,180,14056.0,TQBR
2021-09-10,78.4,79.2,77.8,79.0,1620,126926.0,TQBR
2021-09-13,78.4,78.6,78.0,78.4,430,33606.0,TQBR
2021-09-14,77.8,78.4,77.8,77.8,1230,95778.0,TQBR
2021-09-15,78.4,78.6,77.8,77.8,600,46786.0,TQBR
2021-09-16,77.8,78.4,77.6,78.4,150,11710.0,TQBR
2021-09-17,77.8,78.4,77.6,78.0,1200,93654.0,TQBR
2021-09-20,78.2,78.4,77.8,78.4,230,17994.0,TQBR
2021-09-21,78.4,78.8,78.0,78.0,450,35246.0,TQBR
2021-09-22,78.0,78.2,77.8,78.0,180,14028.0,TQBR
2021-09-23,78.0,78.0,78.0,78.0,450,35100.0,TQBR
2021-09-24,77.8,78.0,77.6,77.8,770,59910.0,TQBR
2021-09-27,78.6,83.0,78.0,78.2,7400,583932.0,TQBR
2021-09-28,78.4,88.6,78.0,79.6,51270,4225976.0,TQBR
2021-09-29,79.2,81.2,76.8,78.4,13180,1031474.0,TQBR
2021-09-30,78.0,80.8,78.0,79.2,4240,335200.0,TQBR
2021-10-01,79.4,80.0,77.0,78.0,3670,285118.0,TQBR
2021-10-04,78.0,82.4,78.0,80.0,13320,1076416.0,TQBR
2021-10-05,80.0,85.8,78.8,82.6,11480,955996.0,TQBR
2021-10-06,79.8,84.0,79.8,82.0,1770,145544.0,TQBR
2021-10-07,81.2,82.4,80.0,82.0,1940,156932.0,TQBR
2021-10-08,81.2,83.4,81.2,82.8,910,75098.0,TQBR
2021-10-11,83.6,83.6,79.8,82.0,940,76864.0,TQBR
2021-10-12,79.8,81.8,79.8,81.4,660,53568.0,TQBR
2021-10-13,80.0,83.0,79.0,79.6,2570,206788.0,TQBR
2021-10-14,81.2,83.4,77.4,81.6,16080,1290084.0,TQBR
2021-10-15,80.0,83.0,80.0,80.6,9880,800590.0,TQBR
2021-10-18,81.4,81.4,78.6,80.2,1280,102484.0,TQBR
2021-10-19,80.2,80.8,79.8,79.8,2510,201548.0,TQBR
2021-10-20,79.8,82.0,79.0,80.4,4300,347128.0,TQBR
2021-10-21,80.4,82.0,79.0,80.2,1710,137226.0,TQBR
2021-10-22,80.0,81.8,79.4,80.4,1450,117102.0,TQBR
2021-10-25,79.2,80.8,79.2,79.6,680,54616.0,TQBR
2021-10-26,80.2,80.6,80.0,80.2,190,15248.0,TQBR
2021-10-27,80.2,80.2,79.4,79.8,250,19930.0,TQBR
2021-10-28,79.2,80.4,79.0,79.2,230,18236.0,TQBR
2021-10-29,80.2,80.2,79.0,79.0,330,26154.0,TQBR
2021-11-01,78.8,79.8,78.8,79.2,260,20652.0,TQBR
2021-11-02,79.4,80.2,79.0,80.2,580,46208.0,TQBR
2021-11-03,80.2,80.2,79.0,79.8,590,46836.0,TQBR
2021-11-05,79.8,80.0,79.0,79.2,470,37372.0,TQBR
2021-11-08,79.0,80.2,79.0,79.8,870,69140.0,TQBR
2021-11-09,79.6,79.6,79.0,79.6,2490,197128.0,TQBR
2021-11-10,79.0,79.2,78.8,79.2,180,14228.0,TQBR
2021-11-11,79.2,79.4,78.8,78.8,600,47492.0,TQBR
2021-11-12,79.6,81.0,78.8,79.4,1560,124282.0,TQBR
2021-11-15,79.2,80.2,79.2,79.6,1120,89316.0,TQBR
2021-11-16,80.0,80.0,79.4,79.4,230,18304.0,TQBR
2021-11-17,79.4,80.0,78.0,78.8,4940,389626.0,TQBR
2021-11-18,78.8,85.0,77.6,78.4,25400,2035054.0,TQBR
2021-11-19,78.8,79.2,78.2,79.0,1720,135078.0,TQBR
2021-11-22,78.2,78.4,77.8,78.0,1120,87442.0,TQBR
2021-11-23,78.0,78.0,77.6,78.0,1770,137798.0,TQBR
2021-11-24,77.8,78.0,77.6,78.0,770,59934.0,TQBR
2021-11-25,78.2,78.2,77.8,78.2,140,10938.0,TQBR
2021-11-26,77.8,78.2,77.0,77.2,990,76550.0,TQBR
2021-11-29,76.8,77.4,75.4,77.2,2210,168440.0,TQBR
2021-11-30,77.4,77.8,77.4,77.4,130,10084.0,TQBR
2021-12-01,77.2,77.8,77.2,77.8,150,11656.0,TQBR
2021-12-02,77.4,77.8,77.4,77.8,120,9318.0,TQBR
2021-12-03,78.0,78.0,77.0,77.0,160,12374.0,TQBR
2021-12-06,77.0,77.4,77.0,77.2,120,9254.0,TQBR
2021-12-07,76.8,77.4,76.8,77.4,180,13858.0,TQBR
2021-12-08,77.2,77.4,76.8,76.8,380,29310.0,TQBR
2021-12-09,77.0,77.4,76.2,76.6,670,51448.0,TQBR
2021-12-10,76.2,76.2,76.0,76.0,200,15230.0,TQBR
2021-12-13,76.2,76.2,75.0,75.2,1400,105400.0,TQBR
2021-12-14,75.6,75.8,75.0,75.0,180,13594.0,TQBR
2021-12-15,75.0,76.4,75.0,75.6,190,14426.0,TQBR
2021-12-16,76.4,77.6,76.4,77.6,260,20024.0,TQBR
2021-12-17,76.6,76.6,76.0,76.0,100,7638.0,TQBR
2021-12-20,76.0,77.8,75.2,75.8,370,28272.0,TQBR
2021-12-21,75.6,75.6,75.2,75.6,80,6038.0,TQBR
2021-12-22,76.0,76.0,73.6,75.2,700,52300.0,TQBR
2021-12-23,74.6,75.0,74.0,75.0,210,15648.0,TQBR
2021-12-24,74.2,75.0,74.0,74.0,570,42268.0,TQBR
2021-12-27,75.2,77.8,75.2,76.8,1580,120812.0,TQBR
2021-12-28,76.8,80.0,74.4,74.4,4150,322512.0,TQBR
2021-12-29,76.0,76.2,74.8,74.8,170,12818.0,TQBR
2021-12-30,75.0,76.0,75.0,76.0,190,14350.0,TQBR
2022-01-03,76.2,76.2,75.6,75.6,150,11414.0,TQBR
2022-01-04,76.4,78.0,74.4,76.0,1790,136766.0,TQBR
2022-01-05,77.0,78.0,76.0,76.0,770,59040.0,TQBR
2022-01-06,76.6,76.6,75.8,75.8,150,11418.0,TQBR
2022-01-10,75.6,76.6,74.6,76.6,520,39268.0,TQBR
2022-01-11,76.4,76.4,75.0,75.0,540,40750.0,TQBR
2022-01-12,75.8,76.2,75.6,76.0,170,12916.0,TQBR
2022-01-13,75.6,75.6,75.2,75.4,130,9802.0,TQBR
2022-01-14,75.6,75.8,75.2,75.8,840,63574.0,TQBR
2022-01-17,75.6,75.6,74.4,74.4,720,53774.0,TQBR
2022-01-18,74.2,74.6,72.4,72.6,3480,256774.0,TQBR
2022-01-19,72.4,75.4,70.4,74.8,2450,179740.0,TQBR
2022-01-20,75.6,75.8,72.4,73.6,690,50682.0,TQBR
2022-01-21,74.0,77.8,72.8,74.2,670,50106.0,TQBR
2022-01-24,74.0,74.6,70.4,71.6,1490,107556.0,TQBR
2022-01-25,70.2,77.8,70.0,71.8,650,46508.0,TQBR
2022-01-26,71.4,77.0,70.8,72.2,1450,106268.0,TQBR
2022-01-27,72.4,78.0,72.4,74.4,1010,76150.0,TQBR
2022-01-28,76.2,76.2,74.0,74.0,100,7490.0,TQBR
2022-01-31,74.0,75.4,74.0,74.8,80,6002.0,TQBR
2022-02-01,75.0,75.0,74.4,75.0,50,3740.0,TQBR
2022-02-02,74.2,75.0,72.8,73.6,750,55020.0,TQBR
2022-02-03,73.6,73.6,72.4,73.2,210,15272.0,TQBR
2022-02-04,72.6,73.6,72.6,73.4,470,34490.0,TQBR
2022-02-07,73.4,74.0,73.2,73.2,390,28636.0,TQBR
2022-02-08,73.0,73.6,72.2,73.4,400,29098.0,TQBR
2022-02-09,72.8,74.0,72.8,74.0,260,19148.0,TQBR
2022-02-10,74.2,74.8,74.0,74.0,460,34168.0,TQBR
2022-02-11,73.8,73.8,73.0,73.2,220,16126.0,TQBR
2022-02-14,72.4,74.4,72.4,73.4,430,31670.0,TQBR
2022-02-15,73.4,73.6,73.0,73.2,70,5140.0,TQBR
2022-02-16,73.0,77.0,73.0,74.6,540,40070.0,TQBR
2022-02-17,75.0,77.0,73.4,74.0,430,32116.0,TQBR
2022-02-18,73.8,74.0,73.6,73.6,170,12568.0,TQBR
2022-02-21,74.4,77.0,69.8,69.8,1740,127052.0,TQBR
2022-02-22,69.8,72.2,51.2,67.6,3270,214508.0,TQBR
2022-02-24,50.0,79.8,50.0,57.8,3870,245868.0,TQBR
2022-02-25,65.0,79.0,65.0,68.6,8410,630192.0,TQBR
2022-03-28,68.6,68.6,42.4,67.0,1860,121588.0,TQBR
2022-03-29,67.8,67.8,58.2,66.6,1960,126256.0,TQBR
2022-03-30,58.0,77.0,58.0,73.2,2200,160214.0,TQBR
2022-03-31,77.0,80.2,67.2,75.0,5720,416056.0,TQBR
2022-04-01,75.0,77.0,72.0,75.4,3590,266814.0,TQBR
2022-04-04,74.6,75.4,73.0,74.2,1440,106790.0,TQBR
2022-04-05,73.4,73.4,72.0,72.0,690,50128.0,TQBR
2022-04-06,71.4,72.2,60.0,69.0,6430,422468.0,TQBR
2022-04-07,67.0,69.4,66.0,68.6,790,54072.0,TQBR
2022-04-08,68.4,69.0,68.4,68.4,1830,125536.0,TQBR
2022-04-11,75.2,95.4,75.2,95.4,54950,5124772.0,TQBR
2022-04-12,104.8,133.4,104.8,133.4,79710,9984888.0,TQBR
2022-04-13,146.6,146.6,146.0,146.6,67230,9855268.0,TQBR
2022-04-14,161.0,161.0,160.0,161.0,20800,3348740.0,TQBR
2022-04-15,176.6,176.6,176.6,176.6,8450,1492270.0,TQBR
2022-05-24,111.0,146.8,105.8,112.6,118330,13876266.0,TQBR
2022-05-25,113.0,123.0,109.8,112.0,65990,7835628.0,TQBR
2022-05-26,112.4,115.2,100.4,108.6,19430,2108280.0,TQBR
2022-05-27,108.0,108.0,101.6,103.0,7510,784268.0,TQBR
2022-05-30,102.2,112.8,102.2,112.8,32760,3657078.0,TQBR
2022-05-31,113.2,118.6,100.0,106.6,45210,4801518.0,TQBR
2022-06-01,104.2,110.0,103.6,105.2,12570,1326254.0,TQBR
2022-06-02,106.0,106.0,96.4,100.6,12480,1261944.0,TQBR
2022-06-03,100.2,104.0,92.4,98.0,11680,1147668.0,TQBR
2022-06-06,100.0,104.0,98.4,99.8,3950,399048.0,TQBR
2022-06-07,100.4,101.0,98.2,99.0,5650,562732.0,TQBR
2022-06-08,99.4,102.0,99.0,100.8,4280,426324.0,TQBR
2022-06-09,102.0,106.0,99.0,100.0,9710,975748.0,TQBR
2022-06-10,100.6,101.8,99.0,99.2,4950,492680.0,TQBR
2022-06-14,98.8,107.8,98.2,102.6,9470,980614.0,TQBR
2022-06-15,102.8,107.0,102.4,104.0,4200,439444.0,TQBR
2022-06-16,104.0,105.8,103.6,105.2,7210,750486.0,TQBR
2022-06-17,103.4,105.6,103.4,104.6,3410,355054.0,TQBR
2022-06-20,106.4,128.6,106.4,114.0,152420,17603760.0,TQBR
2022-06-21,114.8,114.8,110.2,111.0,20710,2307756.0,TQBR
2022-06-22,112.0,112.6,110.6,111.4,12300,1369868.0,TQBR
2022-06-23,113.8,113.8,110.2,111.6,3810,422596.0,TQBR
2022-06-24,112.2,112.2,110.6,111.0,990,110044.0,TQBR
2022-06-27,111.8,113.0,110.6,111.4,3540,395330.0,TQBR
2022-06-28,111.2,112.8,110.6,111.8,2830,316780.0,TQBR
2022-06-29,111.6,111.6,110.6,110.8,1970,218328.0,TQBR
2022-06-30,111.2,111.2,110.6,111.0,5480,606802.0,TQBR
2022-07-01,110.8,111.6,110.8,111.4,1810,200926.0,TQBR
2022-07-04,111.6,111.6,111.0,111.0,330,36690.0,TQBR
2022-07-05,111.6,111.6,111.0,111.0,930,103250.0,TQBR
2022-07-06,111.0,111.0,110.8,110.8,650,72026.0,TQBR
2022-07-07,111.6,112.6,110.8,111.2,480,53374.0,TQBR
2022-07-08,111.0,111.2,110.8,111.2,2080,230514.0,TQBR
2022-07-11,111.0,111.8,111.0,111.2,2030,226176.0,TQBR
2022-07-12,111.0,111.6,111.0,111.0,860,95586.0,TQBR
2022-07-13,111.2,111.4,111.0,111.4,600,66722.0,TQBR
2022-07-14,111.2,111.6,110.4,111.2,14090,1561194.0,TQBR
2022-07-15,111.0,111.4,110.8,111.0,720,79932.0,TQBR
2022-07-18,111.2,111.4,110.8,111.0,450,50026.0,TQBR
2022-07-19,111.2,111.6,111.2,111.4,430,47896.0,TQBR
2022-07-20,111.2,111.6,111.2,111.2,170,18924.0,TQBR
2022-07-21,111.2,111.6,111.2,111.6,690,76908.0,TQBR
2022-07-22,111.8,112.0,111.2,111.6,1820,203162.0,TQBR
2022-07-25,111.4,111.4,110.8,111.2,1110,123252.0,TQBR
2022-07-26,111.2,111.6,111.2,111.4,370,41152.0,TQBR
2022-07-27,111.2,111.6,111.0,111.2,760,84514.0,TQBR
2022-07-28,111.0,111.6,111.0,111.2,570,63394.0,TQBR
2022-07-29,111.8,111.8,111.2,111.2,450,50114.0,TQBR
2022-08-01,111.4,111.6,111.2,111.6,1050,116970.0,TQBR
2022-08-02,112.0,113.8,111.0,111.0,4470,501970.0,TQBR
2022-08-03,111.2,111.8,111.2,111.2,170,18934.0,TQBR
2022-08-04,111.2,111.8,111.2,111.2,330,36716.0,TQBR
2022-08-05,112.0,112.0,112.0,112.0,300,33600.0,TQBR
2022-08-08,111.4,112.0,111.4,111.4,320,35654.0,TQBR
2022-08-09,111.6,112.0,111.4,111.8,120,13416.0,TQBR
2022-08-10,112.0,112.0,112.0,112.0,50,5600.0,TQBR
2022-08-11,111.6,112.2,111.2,111.2,480,53626.0,TQBR
2022-08-12,111.6,112.2,111.4,112.2,180,20132.0,TQBR
2022-08-15,112.6,113.8,112.0,112.2,5540,626908.0,TQBR
2022-08-16,112.2,113.2,112.2,112.6,1390,156478.0,TQBR
2022-08-17,112.4,113.0,112.4,112.4,300,33772.0,TQBR
2022-08-18,112.6,112.8,111.0,112.2,7540,840506.0,TQBR
2022-08-19,112.0,113.2,112.0,112.6,1710,192962.0,TQBR
2022-08-22,112.4,113.0,112.4,112.4,380,42874.0,TQBR
2022-08-23,113.0,113.0,112.2,112.2,490,55086.0,TQBR
2022-08-24,112.4,113.0,112.4,113.0,540,60920.0,TQBR
2022-08-25,113.0,113.0,112.2,112.8,350,39358.0,TQBR
2022-08-26,112.6,112.8,112.4,112.8,230,25900.0,TQBR
2022-08-29,113.0,113.8,113.0,113.8,36080,4102652.0,TQBR
2022-08-30,113.6,113.8,113.4,113.8,1320,150172.0,TQBR
2022-08-31,113.4,113.8,113.4,113.8,210,23892.0,TQBR
2022-09-01,113.6,113.6,112.6,113.4,630,71304.0,TQBR
2022-09-02,113.4,113.4,112.4,113.0,8110,916382.0,TQBR
2022-09-05,113.2,113.4,112.2,112.8,610,68838.0,TQBR
2022-09-06,112.8,113.0,112.0,112.0,13110,1469236.0,TQBR
2022-09-07,113.6,113.6,112.0,112.2,150,16848.0,TQBR
2022-09-08,111.4,114.8,111.2,114.0,2600,294020.0,TQBR
2022-09-09,114.0,114.8,111.4,114.0,1950,220682.0,TQBR
2022-09-12,112.8,113.4,112.0,112.4,760,85666.0,TQBR
2022-09-13,113.0,114.8,111.4,112.8,1960,221154.0,TQBR
2022-09-14,112.6,112.6,104.0,105.0,120190,12726738.0,TQBR
2022-09-15,106.0,106.8,103.2,103.2,31040,3254978.0,TQBR
2022-09-16,103.4,106.2,100.2,100.2,28720,2980948.0,TQBR
2022-09-19,102.2,105.2,100.6,101.6,22970,2389926.0,TQBR
2022-09-20,102.4,104.6,100.2,101.8,7010,714900.0,TQBR
2022-09-21,101.4,101.4,94.2,101.2,4550,453924.0,TQBR
2022-09-22,100.6,103.2,96.4,101.6,3610,362282.0,TQBR
2022-09-23,101.8,101.8,96.8,101.4,1500,149992.0,TQBR
2022-09-26,100.8,100.8,98.8,100.0,1680,166686.0,TQBR
2022-09-27,98.4,98.6,94.8,97.0,3460,333500.0,TQBR
2022-09-28,96.8,99.4,96.8,97.2,1060,104014.0,TQBR
2022-09-29,97.4,98.0,95.0,97.8,820,79296.0,TQBR
2022-09-30,91.2,96.6,88.2,94.6,5370,498944.0,TQBR
2022-10-03,91.2,97.8,91.2,97.0,1620,157492.0,TQBR
2022-10-04,98.8,98.8,93.6,94.0,1090,104906.0,TQBR
2022-10-05,94.6,96.0,93.2,93.6,270,25456.0,TQBR
2022-10-06,93.6,96.0,93.2,94.2,120,11332.0,TQBR
2022-10-07,95.8,95.8,95.0,95.0,180,17150.0,TQBR
2022-10-10,94.8,94.8,91.8,93.6,330,30868.0,TQBR
2022-10-11,91.4,94.4,91.4,94.0,140,13136.0,TQBR
2022-10-12,94.0,99.6,94.0,98.0,430,41136.0,TQBR
2022-10-13,95.6,98.0,94.4,96.0,1520,145974.0,TQBR
2022-10-14,95.0,97.6,95.0,97.0,120,11616.0,TQBR
2022-10-17,96.2,98.4,94.0,97.0,960,92294.0,TQBR
2022-10-18,95.6,96.8,94.8,96.6,750,72078.0,TQBR
2022-10-19,96.2,96.2,94.0,95.6,650,61844.0,TQBR
2022-10-20,95.8,95.8,93.2,95.2,810,76616.0,TQBR
2022-10-21,95.2,95.2,94.6,95.2,290,27570.0,TQBR
2022-10-24,95.0,96.0,93.0,95.4,660,62530.0,TQBR
2022-10-25,95.6,96.4,95.6,96.0,220,21116.0,TQBR
2022-10-26,95.4,95.4,94.2,95.4,960,91498.0,TQBR
2022-10-27,95.2,95.6,94.0,95.0,4020,380752.0,TQBR
2022-10-28,94.2,95.2,93.8,93.8,1050,99142.0,TQBR
2022-10-31,94.4,96.6,94.4,95.6,2810,267562.0,TQBR
2022-11-01,95.6,98.6,95.0,97.0,2100,204104.0,TQBR
2022-11-02,96.0,96.8,95.6,96.8,260,25070.0,TQBR
2022-11-03,96.4,112.0,96.0,100.8,27800,2886906.0,TQBR
2022-11-07,101.0,103.8,99.0,103.2,10670,1082026.0,TQBR
2022-11-08,102.6,104.4,101.2,104.4,10160,1056110.0,TQBR
2022-11-09,103.2,103.6,101.6,102.6,3010,309810.0,TQBR
2022-11-10,102.8,109.0,101.6,105.8,17110,1810550.0,TQBR
2022-11-11,104.6,106.0,103.4,104.0,4170,440142.0,TQBR
2022-11-14,101.4,106.0,101.4,105.4,1940,204156.0,TQBR
2022-11-15,105.8,106.0,104.4,105.0,2730,288516.0,TQBR
2022-11-16,105.8,106.0,104.2,104.2,2560,270592.0,TQBR
2022-11-17,102.0,107.8,102.0,106.4,4180,443506.0,TQBR
2022-11-18,105.8,105.8,105.2,105.8,100,10538.0,TQBR
2022-11-21,105.6,107.8,104.0,106.0,10500,1116998.0,TQBR
2022-11-22,107.4,107.8,106.0,107.2,5460,584050.0,TQBR
2022-11-23,107.0,107.2,106.4,107.0,380,40600.0,TQBR
2022-11-24,106.6,107.6,106.6,107.4,920,98550.0,TQBR
2022-11-25,107.6,109.0,107.0,107.6,1110,119690.0,TQBR
2022-11-28,107.0,107.6,106.6,107.0,1090,116642.0,TQBR
2022-11-29,107.6,107.6,107.0,107.4,300,32140.0,TQBR
2022-11-30,107.6,107.6,106.8,107.6,1750,187620.0,TQBR
2022-12-01,107.2,107.6,106.8,106.8,440,47056.0,TQBR
2022-12-02,106.8,107.0,106.8,107.0,510,54504.0,TQBR
2022-12-05,107.0,107.8,106.8,107.4,1380,148280.0,TQBR
2022-12-06,107.2,107.2,106.8,107.0,2380,254290.0,TQBR
2022-12-07,107.4,108.4,107.0,107.0,4380,470164.0,TQBR
2022-12-08,106.8,108.0,106.8,107.2,1130,121586.0,TQBR
2022-12-09,107.2,107.8,107.0,107.2,12360,1325040.0,TQBR
2022-12-12,107.0,107.2,107.0,107.2,50,5356.0,TQBR
2022-12-13,107.2,108.2,107.2,107.2,1350,144966.0,TQBR
2022-12-14,107.8,108.8,107.2,108.0,2990,322438.0,TQBR
2022-12-15,107.4,108.2,107.4,107.8,3100,333620.0,TQBR
2022-12-16,107.8,108.6,107.6,107.6,1420,153176.0,TQBR
2022-12-19,108.2,109.8,107.6,108.0,2320,250590.0,TQBR
2022-12-20,108.0,108.0,107.4,108.0,4810,516630.0,TQBR
2022-12-21,108.2,108.4,107.6,108.2,10220,1103748.0,TQBR
2022-12-22,107.4,108.2,107.4,108.0,210,22632.0,TQBR
2022-12-23,108.0,108.0,107.6,107.6,2080,224216.0,TQBR
2022-12-26,108.0,108.8,107.8,107.8,21310,2297262.0,TQBR
2022-12-27,108.6,108.6,107.6,107.8,24610,2653094.0,TQBR
2022-12-28,107.4,108.4,107.4,107.8,2590,278932.0,TQBR
2022-12-29,107.8,107.8,107.6,107.8,1540,166008.0,TQBR
2022-12-30,107.6,108.8,107.6,108.0,109870,11865432.0,TQBR
2023-01-03,108.2,108.8,108.0,108.8,520,56424.0,TQBR
2023-01-04,109.0,109.6,108.2,108.4,3700,401098.0,TQBR
2023-01-05,108.4,109.4,108.0,108.0,2780,300668.0,TQBR
2023-01-06,109.0,109.4,108.6,109.0,510,55580.0,TQBR
2023-01-09,108.8,109.6,108.8,109.6,210,22906.0,TQBR
2023-01-10,109.4,109.4,108.6,109.4,510,55594.0,TQBR
2023-01-11,108.8,109.4,108.4,109.0,10620,1153420.0,TQBR
2023-01-12,108.0,109.6,108.0,108.6,350,38172.0,TQBR
2023-01-13,108.4,109.8,108.4,108.8,3730,406026.0,TQBR
2023-01-16,109.4,109.8,108.8,109.8,750,81854.0,TQBR
2023-01-17,109.2,110.0,109.2,110.0,1540,168810.0,TQBR
2023-01-18,109.4,110.4,109.2,109.4,820,90078.0,TQBR
2023-01-19,109.8,111.0,109.0,110.4,7810,860164.0,TQBR
2023-01-20,110.4,111.0,109.2,111.0,5500,604172.0,TQBR
2023-01-23,110.2,111.0,109.2,110.4,2340,259122.0,TQBR
2023-01-24,110.0,110.8,110.0,110.2,640,70580.0,TQBR
2023-01-25,110.6,110.8,110.0,110.0,520,57424.0,TQBR
2023-01-26,110.6,110.6,109.6,109.6,460,50612.0,TQBR
2023-01-27,109.8,110.8,109.4,110.2,680,74774.0,TQBR
2023-01-30,110.6,110.6,109.6,110.6,2430,267046.0,TQBR
2023-01-31,110.4,110.4,109.4,109.8,2020,221780.0,TQBR
2023-02-01,109.8,110.8,109.6,110.2,1920,211238.0,TQBR
2023-02-02,109.8,110.8,109.6,110.2,240,26506.0,TQBR
2023-02-03,109.6,110.6,109.6,110.6,240,26432.0,TQBR
2023-02-06,110.8,111.0,110.0,111.0,9910,1099060.0,TQBR
2023-02-07,110.8,113.0,107.0,110.8,5360,592038.0,TQBR
2023-02-08,110.0,121.0,110.0,113.8,10980,1259680.0,TQBR
2023-02-09,127.8,163.6,115.2,163.6,218580,33997194.0,TQBR
2023-02-10,180.0,228.8,180.0,228.8,158090,34584110.0,TQBR
2023-02-13,251.4,251.4,137.2,137.2,1162170,179628860.0,TQBR
2023-02-14,137.4,139.6,112.2,114.0,1498330,182550772.0,TQBR
2023-02-15,115.6,118.0,103.6,105.2,834050,90991716.0,TQBR
2023-02-16,105.4,111.6,103.8,105.8,219610,23424840.0,TQBR
2023-02-17,106.4,106.4,104.2,104.4,60370,6336892.0,TQBR
2023-02-20,105.0,112.0,103.4,109.6,292740,31741698.0,TQBR
2023-02-21,110.0,119.8,109.0,111.2,640700,72639092.0,TQBR
2023-02-22,111.2,113.0,110.0,111.0,71840,7963374.0,TQBR
2023-02-24,111.0,112.0,109.0,110.0,84090,9289584.0,TQBR
2023-02-27,105.4,110.8,104.6,110.6,121020,13044346.0,TQBR
2023-02-28,110.8,111.0,109.4,109.6,44740,4920196.0,TQBR
2023-03-01,111.0,111.0,106.6,108.8,76660,8366452.0,TQBR
2023-03-02,110.0,110.4,107.0,108.2,86840,9442318.0,TQBR
2023-03-03,110.2,119.0,109.0,113.0,582150,66792724.0,TQBR
2023-03-06,114.0,117.8,112.0,116.4,268900,31067420.0,TQBR
2023-03-07,116.8,119.2,115.2,118.8,153050,17992808.0,TQBR
2023-03-09,118.8,124.0,117.0,120.0,258520,31122556.0,TQBR
2023-03-10,119.6,119.8,117.0,118.2,69970,8311986.0,TQBR
2023-03-13,118.2,118.8,113.6,114.4,152000,17511894.0,TQBR
2023-03-14,115.0,115.4,111.6,111.8,124280,14008022.0,TQBR
2023-03-15,111.2,113.6,110.6,111.4,77000,8607688.0,TQBR
2023-03-16,112.0,112.0,110.0,111.0,35790,3977272.0,TQBR
2023-03-17,111.6,114.0,111.0,113.6,119100,13403826.0,TQBR
2023-03-20,114.0,115.8,111.0,115.2,130040,14797198.0,TQBR
2023-03-21,115.2,117.6,112.2,112.8,140350,16022616.0,TQBR
2023-03-22,113.4,114.8,112.4,114.6,101010,11444302.0,TQBR
2023-03-23,115.2,115.2,112.2,113.0,49970,5668366.0,TQBR
2023-03-24,113.6,115.4,112.0,114.6,103890,11839686.0,TQBR
2023-03-27,114.8,124.8,114.2,121.8,780710,94458592.0,TQBR
2023-03-28,123.2,123.8,118.6,119.6,140470,16840672.0,TQBR
2023-03-29,120.8,121.0,115.0,117.0,141760,16638544.0,TQBR
2023-03-30,116.0,119.8,115.6,118.6,106170,12452084.0,TQBR
2023-03-31,118.2,119.6,116.2,117.8,66660,7804706.0,TQBR
2023-04-03,118.0,121.8,117.0,118.2,141490,16811288.0,TQBR
2023-04-04,119.4,121.6,117.2,118.4,290430,34698344.0,TQBR
2023-04-05,118.6,119.4,116.2,117.4,123540,14527468.0,TQBR
2023-04-06,117.6,119.6,117.0,118.6,118580,14020810.0,TQBR
2023-04-07,118.8,120.0,116.8,117.6,81900,9650510.0,TQBR
2023-04-10,118.0,119.8,117.4,118.0,77870,9199544.0,TQBR
2023-04-11,118.0,119.0,110.2,114.2,274940,31813954.0,TQBR
2023-04-12,114.4,115.4,112.8,113.8,92050,10478770.0,TQBR
2023-04-13,114.2,115.0,112.6,113.2,88540,10028460.0,TQBR
2023-04-14,112.6,115.0,112.0,114.2,93350,10593196.0,TQBR
2023-04-17,115.0,115.0,113.8,114.2,81350,9297866.0,TQBR
2023-04-18,114.2,114.4,113.0,113.6,65550,7454776.0,TQBR
2023-04-19,114.0,114.8,112.4,113.0,140030,15859556.0,TQBR
2023-04-20,113.2,113.4,111.0,111.0,160210,17904392.0,TQBR
2023-04-21,112.0,112.4,110.8,111.6,152300,16973448.0,TQBR
2023-04-24,113.0,115.0,111.0,111.0,190900,21434686.0,TQBR
2023-04-25,111.6,112.2,109.2,109.2,180550,20000876.0,TQBR
2023-04-26,110.8,111.0,109.2,109.4,143040,15755380.0,TQBR
2023-04-27,110.4,114.4,109.4,110.6,495540,55607452.0,TQBR
2023-04-28,111.2,113.0,108.8,108.8,295460,32614032.0,TQBR
2023-05-02,109.2,111.0,105.6,106.4,174880,18950702.0,TQBR
2023-05-03,106.6,107.0,103.4,103.8,111120,11654968.0,TQBR
2023-05-04,103.8,106.4,100.8,102.4,95050,9801782.0,TQBR
2023-05-05,103.2,104.2,102.0,102.4,46220,4761568.0,TQBR
2023-05-08,102.6,103.6,101.0,102.8,25480,2610818.0,TQBR
2023-05-10,102.8,105.2,102.8,103.8,69960,7284228.0,TQBR
2023-05-11,104.2,106.0,104.0,105.0,69330,7292628.0,TQBR
2023-05-12,105.0,108.0,104.0,104.8,72890,7685344.0,TQBR
2023-05-15,105.0,106.0,103.2,104.6,63960,6669642.0,TQBR
2023-05-16,103.8,105.2,103.8,104.0,52950,5528532.0,TQBR
2023-05-17,104.4,105.4,103.2,104.4,61980,6476584.0,TQBR
2023-05-18,104.8,106.2,102.0,102.4,170380,17771268.0,TQBR
2023-05-19,101.4,103.4,101.4,102.6,70260,7223086.0,TQBR
2023-05-22,103.0,104.4,102.0,102.6,66810,6860726.0,TQBR
2023-05-23,103.2,103.2,101.4,102.0,50480,5149620.0,TQBR
2023-05-24,103.0,103.0,100.8,101.2,76350,7740936.0,TQBR
2023-05-25,101.8,102.0,101.0,101.6,35010,3551818.0,TQBR
2023-05-26,101.6,102.4,101.2,101.8,43800,4461384.0,TQBR
2023-05-29,102.0,103.8,101.8,102.0,153210,15731724.0,TQBR
2023-05-30,101.0,103.8,100.6,100.8,237920,24365328.0,TQBR
2023-05-31,101.6,103.2,100.8,101.4,121920,12447386.0,TQBR
2023-06-01,101.8,103.4,101.4,102.4,94270,9682004.0,TQBR
2023-06-02,103.2,104.8,102.6,104.4,203680,21207024.0,TQBR
2023-06-05,105.6,106.4,103.6,103.8,203050,21309630.0,TQBR
2023-06-06,101.6,104.2,101.6,104.0,127080,13162228.0,TQBR
2023-06-07,103.6,105.6,102.6,104.8,220140,23098760.0,TQBR
2023-06-08,101.4,104.0,101.0,103.0,291310,29917850.0,TQBR
2023-06-09,103.6,105.4,102.0,102.0,320400,33124428.0,TQBR
2023-06-13,102.0,103.0,101.4,102.2,152780,15612064.0,TQBR
2023-06-14,102.8,102.8,101.4,101.4,144540,14730836.0,TQBR
2023-06-15,102.6,102.6,101.4,101.8,111440,11351664.0,TQBR
2023-06-16,102.2,102.4,101.4,101.8,61650,6280810.0,TQBR
2023-06-19,102.0,102.0,101.6,102.0,84990,8660552.0,TQBR
2023-06-20,102.0,102.0,101.0,101.4,132260,13413332.0,TQBR
2023-06-21,101.4,101.6,100.6,100.6,204870,20717488.0,TQBR
2023-06-22,100.6,101.4,100.4,101.0,116480,11768566.0,TQBR
2023-06-23,101.2,101.4,100.0,100.2,95970,9630716.0,TQBR
2023-06-26,100.4,100.6,97.2,99.8,110310,10952880.0,TQBR
2023-06-27,99.6,100.6,98.8,99.8,114380,11402002.0,TQBR
2023-06-28,99.8,100.6,99.4,99.8,64020,6395692.0,TQBR
2023-06-29,99.6,100.2,98.0,99.2,62080,6159218.0,TQBR
2023-06-30,99.0,99.6,98.2,98.4,52610,5187302.0,TQBR
2023-07-03,99.0,99.4,98.4,98.8,58990,5836260.0,TQBR
2023-07-04,98.8,99.2,98.0,99.2,36620,3608220.0,TQBR
2023-07-05,98.8,99.8,97.8,99.4,40710,4031442.0,TQBR
2023-07-06,100.0,100.8,99.0,99.6,58460,5850326.0,TQBR
2023-07-07,100.2,100.2,98.4,99.2,21220,2100498.0,TQBR
2023-07-10,99.2,100.0,98.0,99.0,84890,8391920.0,TQBR
2023-07-11,99.0,100.2,98.4,100.0,94310,9385052.0,TQBR
2023-07-12,100.2,101.2,99.8,100.4,115830,11629436.0,TQBR
2023-07-13,100.6,101.2,99.6,100.0,39240,3929492.0,TQBR
2023-07-14,100.2,100.6,99.6,100.4,34890,3500874.0,TQBR
2023-07-17,99.6,100.8,99.6,99.6,50420,5046542.0,TQBR
2023-07-18,99.8,100.6,99.8,100.4,97780,9790686.0,TQBR
2023-07-19,100.6,106.2,100.2,104.0,607870,63137996.0,TQBR
2023-07-20,105.8,107.8,102.2,103.4,539050,56441860.0,TQBR
2023-07-21,103.4,104.6,102.4,103.0,126900,13125364.0,TQBR
2023-07-24,103.2,104.4,103.2,103.8,88080,9149738.0,TQBR
2023-07-25,104.0,106.0,103.8,105.0,263300,27664234.0,TQBR
2023-07-26,105.8,109.8,104.0,107.2,401760,42907556.0,TQBR
2023-07-27,108.0,109.6,104.6,107.6,439900,47656170.0,TQBR
2023-07-28,108.0,108.8,106.6,107.2,127840,13723890.0,TQBR
2023-07-31,107.0,108.0,106.6,107.4,135480,14528406.0,TQBR
2023-08-01,107.6,107.6,105.0,105.6,230580,24412848.0,TQBR
2023-08-02,105.6,106.2,104.6,106.2,237040,24965706.0,TQBR
2023-08-03,106.2,108.0,105.2,106.6,238400,25435684.0,TQBR
2023-08-04,107.6,108.6,103.6,104.0,267090,28454676.0,TQBR
2023-08-07,104.8,106.6,103.8,104.6,194300,20419588.0,TQBR
2023-08-08,104.6,105.2,100.6,104.0,194080,19974130.0,TQBR
2023-08-09,104.6,107.6,103.4,104.4,139620,14646386.0,TQBR
2023-08-10,104.0,107.4,103.4,105.8,304270,32098220.0,TQBR
2023-08-11,106.2,108.2,104.4,107.0,292030,31194498.0,TQBR
2023-08-14,107.6,108.8,103.4,104.0,316720,33816580.0,TQBR
2023-08-15,103.2,105.2,102.0,103.6,268800,27967870.0,TQBR
2023-08-16,104.0,109.8,100.0,107.0,806240,84260354.0,TQBR
2023-08-17,109.8,116.0,107.0,108.4,1411740,156380622.0,TQBR
2023-08-18,108.8,108.8,105.0,105.8,382700,40798830.0,TQBR
2023-08-21,107.0,110.0,106.0,108.0,323900,34885272.0,TQBR
2023-08-22,109.4,109.6,107.2,108.4,247250,26829370.0,TQBR
2023-08-23,107.4,108.8,105.0,106.2,287120,30506294.0,TQBR
2023-08-24,105.2,107.8,104.8,106.6,161400,17147868.0,TQBR
2023-08-25,106.8,107.2,104.8,105.4,220400,23322866.0,TQBR
2023-08-28,105.4,106.6,104.4,105.4,196880,20744038.0,TQBR
2023-08-29,105.4,106.0,104.6,105.6,176030,18536832.0,TQBR
2023-08-30,105.4,107.2,104.8,105.4,184370,19493390.0,TQBR
2023-08-31,105.4,109.6,105.0,107.0,385440,41564732.0,TQBR
2023-09-01,107.2,107.6,104.8,106.8,205950,21841210.0,TQBR
2023-09-04,106.8,113.4,106.0,112.2,774200,84647374.0,TQBR
2023-09-05,113.0,114.8,108.0,110.2,533210,59121746.0,TQBR
2023-09-06,110.4,110.8,108.0,108.8,139990,15251168.0,TQBR
2023-09-07,109.0,111.0,106.4,107.6,369240,40197910.0,TQBR
2023-09-08,107.6,108.6,105.8,107.2,213510,22814374.0,TQBR
2023-09-11,107.2,107.6,105.2,105.8,127190,13525574.0,TQBR
2023-09-12,105.8,108.6,105.2,108.0,125370,13485582.0,TQBR
2023-09-13,108.4,108.4,105.2,106.0,153560,16332294.0,TQBR
2023-09-14,106.0,106.0,98.2,102.8,387420,39527016.0,TQBR
2023-09-15,103.0,105.0,101.6,103.8,68380,7067560.0,TQBR
2023-09-18,103.8,105.4,102.2,103.0,99910,10385844.0,TQBR
2023-09-19,103.6,103.8,98.4,100.0,164980,16604238.0,TQBR
2023-09-20,99.6,102.4,98.4,101.2,123040,12377104.0,TQBR
2023-09-21,101.6,102.0,97.4,98.6,125870,12490984.0,TQBR
2023-09-22,99.0,101.2,97.4,100.0,67790,6744848.0,TQBR
2023-09-25,100.6,101.4,99.8,100.6,16340,1643630.0,TQBR
2023-09-26,100.4,102.4,98.8,101.8,48130,4851690.0,TQBR
2023-09-27,102.0,103.0,100.4,101.6,47200,4801524.0,TQBR
2023-09-28,102.6,103.6,100.8,102.8,70120,7170142.0,TQBR
2023-09-29,103.2,103.2,101.2,101.4,59220,6037918.0,TQBR
2023-10-02,101.4,102.2,100.2,100.2,77320,7830166.0,TQBR
2023-10-03,100.8,101.0,97.8,99.6,115510,11453132.0,TQBR
2023-10-04,99.0,100.6,99.0,99.6,46390,4626508.0,TQBR
2023-10-05,99.8,102.0,99.6,100.2,59540,5997534.0,TQBR
2023-10-06,100.4,101.6,99.4,100.2,26350,2648206.0,TQBR
2023-10-09,101.2,101.8,100.0,100.6,39340,3962162.0,TQBR
2023-10-10,100.6,101.2,100.2,100.4,24390,2457878.0,TQBR
2023-10-11,100.8,101.0,100.0,100.4,48980,4910296.0,TQBR
2023-10-12,100.0,100.6,99.4,100.4,61780,6175394.0,TQBR
2023-10-13,100.2,100.6,99.6,100.2,76410,7639192.0,TQBR
2023-10-16,100.4,101.8,99.8,101.4,77010,7758814.0,TQBR
2023-10-17,101.6,101.8,99.6,101.0,73040,7353618.0,TQBR
2023-10-18,101.2,101.6,100.2,100.8,28230,2842174.0,TQBR
2023-10-19,100.8,101.6,100.0,100.0,30530,3063644.0,TQBR
2023-10-20,100.2,100.6,99.4,100.0,117060,11696718.0,TQBR
2023-10-23,100.0,101.0,99.6,100.0,54050,5407622.0,TQBR
2023-10-24,100.2,100.4,99.4,99.8,59900,5981260.0,TQBR
2023-10-25,100.0,100.2,98.4,99.8,72930,7243942.0,TQBR
2023-10-26,99.8,100.0,97.8,99.2,125660,12465874.0,TQBR
2023-10-27,99.8,99.8,98.0,99.2,50060,4940864.0,TQBR
2023-10-30,99.2,100.8,98.2,98.8,33760,3350242.0,TQBR
2023-10-31,98.8,99.0,97.4,98.0,51220,5015676.0,TQBR
2023-11-01,98.4,98.4,97.0,98.2,71270,6950640.0,TQBR
2023-11-02,98.2,99.4,97.4,98.4,51690,5099308.0,TQBR
2023-11-03,98.0,98.4,97.0,98.0,93400,9117164.0,TQBR
2023-11-06,98.2,100.2,97.4,100.0,84190,8373610.0,TQBR
2023-11-07,100.0,100.8,98.4,99.8,86160,8637984.0,TQBR
2023-11-08,99.8,103.6,99.6,101.8,139110,14133836.0,TQBR
2023-11-09,102.0,102.0,100.4,101.2,54370,5525466.0,TQBR
2023-11-10,101.2,101.6,99.0,100.0,57880,5798598.0,TQBR
2023-11-13,100.4,104.6,99.2,103.2,235130,24064638.0,TQBR
2023-11-14,104.0,104.0,98.0,99.8,173530,17377956.0,TQBR
2023-11-15,99.2,101.4,98.4,101.2,73030,7309546.0,TQBR
2023-11-16,100.2,101.0,99.8,100.8,78540,7879054.0,TQBR
2023-11-17,100.2,100.8,99.2,100.0,79060,7894088.0,TQBR
2023-11-20,100.8,101.0,99.2,100.8,51610,5167790.0,TQBR
2023-11-21,100.2,100.4,99.0,100.0,113110,11244806.0,TQBR
2023-11-22,100.0,101.2,98.8,99.6,82690,8258622.0,TQBR
2023-11-23,99.6,99.8,98.6,99.4,34210,3394016.0,TQBR
2023-11-24,99.4,99.6,98.4,98.8,45480,4493364.0,TQBR
2023-11-27,99.0,99.4,97.6,98.2,54300,5326952.0,TQBR
2023-11-28,98.4,98.6,97.0,98.0,59450,5809622.0,TQBR
2023-11-29,97.4,98.2,97.2,97.8,24390,2382632.0,TQBR
2023-11-30,97.8,98.8,97.0,97.2,50650,4931028.0,TQBR
2023-12-01,97.6,98.2,96.8,97.0,48770,4747698.0,TQBR
2023-12-04,97.0,97.0,92.0,93.0,118190,11129408.0,TQBR
2023-12-05,93.0,93.8,89.8,93.8,90630,8303340.0,TQBR
2023-12-06,92.6,94.8,92.2,93.6,39520,3689218.0,TQBR
2023-12-07,92.8,93.8,90.6,92.8,48860,4501480.0,TQBR
2023-12-08,92.8,96.0,92.6,94.4,36410,3446154.0,TQBR
2023-12-11,94.4,95.2,91.4,92.8,37380,3455748.0,TQBR
2023-12-12,93.2,93.2,91.0,91.8,71360,6541692.0,TQBR
2023-12-13,91.4,93.4,90.8,92.0,42790,3919768.0,TQBR
2023-12-14,92.0,94.2,92.0,93.6,40860,3798550.0,TQBR
2023-12-15,93.2,94.8,92.4,94.0,61130,5718904.0,TQBR
2023-12-18,94.8,96.0,93.0,95.6,71260,6763350.0,TQBR
2023-12-19,95.6,96.2,93.2,94.2,47210,4453168.0,TQBR
2023-12-20,94.6,96.8,93.2,95.4,82760,7914440.0,TQBR
2023-12-21,95.4,96.0,93.0,93.6,66830,6273196.0,TQBR
2023-12-22,93.6,94.8,93.4,94.4,51930,4877114.0,TQBR
2023-12-25,99.6,107.8,96.4,98.8,1337390,136738960.0,TQBR
2023-12-26,97.0,99.4,96.0,97.8,257090,25056140.0,TQBR
2023-12-27,97.6,101.0,95.6,99.0,408730,39762822.0,TQBR
2023-12-28,99.0,100.0,98.0,99.0,96540,9532690.0,TQBR
2023-12-29,98.6,102.0,96.4,102.0,209650,20669310.0,TQBR
2024-01-03,102.0,103.4,98.8,101.0,102210,10341946.0,TQBR
2024-01-04,101.2,103.0,99.8,100.4,94260,9509532.0,TQBR
2024-01-05,100.4,101.6,99.4,100.0,43480,4362538.0,TQBR
2024-01-08,100.2,103.0,100.2,101.8,165780,16817538.0,TQBR
2024-01-09,101.8,102.4,100.0,102.0,137910,13989830.0,TQBR
2024-01-10,102.6,105.6,101.4,104.0,293920,30583444.0,TQBR
2024-01-11,104.0,105.4,102.8,104.2,138080,14368780.0,TQBR
2024-01-12,104.2,104.8,103.2,104.2,150060,15613916.0,TQBR
2024-01-15,103.6,108.6,103.6,105.8,302570,32203868.0,TQBR
2024-01-16,105.4,106.0,102.2,103.0,205460,21319096.0,TQBR
2024-01-17,103.0,103.6,101.2,102.8,108190,11095086.0,TQBR
2024-01-18,102.4,103.2,101.8,102.2,111060,11361716.0,TQBR
2024-01-19,102.0,102.6,101.4,101.8,39700,4041114.0,TQBR
2024-01-22,102.2,104.4,100.6,102.4,95800,9859996.0,TQBR
2024-01-23,102.4,103.2,101.8,103.2,35060,3590920.0,TQBR
2024-01-24,103.0,104.6,102.2,102.2,104280,10795112.0,TQBR
2024-01-25,102.4,103.8,101.2,103.8,95630,9798548.0,TQBR
2024-01-26,103.6,103.8,102.6,103.2,43430,4474152.0,TQBR
2024-01-29,103.4,103.6,101.8,101.8,50860,5210096.0,TQBR
2024-01-30,102.0,102.0,100.4,101.4,132090,13346502.0,TQBR
2024-01-31,101.4,102.4,100.8,101.8,67920,6900454.0,TQBR
2024-02-01,101.8,105.2,101.6,104.6,128100,13282280.0,TQBR
2024-02-02,105.0,105.0,102.4,103.4,84300,8699480.0,TQBR
2024-02-05,103.0,104.0,102.2,103.0,78420,8074332.0,TQBR
2024-02-06,103.2,105.0,102.6,103.6,81170,8392804.0,TQBR
2024-02-07,103.2,106.2,103.2,106.0,127110,13357634.0,TQBR
2024-02-08,105.6,107.0,104.8,105.4,113260,12003964.0,TQBR
2024-02-09,105.4,105.4,103.0,104.4,97910,10176516.0,TQBR
2024-02-12,105.0,105.2,103.2,104.2,97680,10151092.0,TQBR
2024-02-13,104.2,104.8,104.0,104.4,18730,1954456.0,TQBR
2024-02-14,104.4,106.4,103.4,105.6,95790,10072886.0,TQBR
2024-02-15,105.8,106.2,104.0,105.2,74960,7896862.0,TQBR
2024-02-16,105.2,112.0,104.0,111.2,671260,73309792.0,TQBR
2024-02-19,112.0,117.8,109.6,111.8,1060910,120608920.0,TQBR
2024-02-20,112.0,112.2,106.0,107.8,430580,46719548.0,TQBR
2024-02-21,106.8,108.2,101.4,101.4,337640,35082830.0,TQBR
2024-02-22,102.0,103.4,100.0,100.2,261980,26559946.0,TQBR
2024-02-26,101.0,103.6,100.6,103.4,177590,18147710.0,TQBR
2024-02-27,104.0,104.8,101.2,102.0,118980,12143788.0,TQBR
2024-02-28,102.4,104.0,102.2,103.0,109120,11232648.0,TQBR
2024-02-29,103.0,105.2,102.8,103.2,72410,7493234.0,TQBR
2024-03-01,103.4,104.2,101.8,103.6,97000,9982996.0,TQBR
2024-03-04,103.4,104.8,102.6,104.4,106080,10992458.0,TQBR
2024-03-05,104.2,107.0,103.0,105.0,118450,12451702.0,TQBR
2024-03-06,105.0,105.0,104.0,105.0,50370,5271162.0,TQBR
2024-03-07,104.8,105.2,104.0,104.4,64890,6778374.0,TQBR
2024-03-11,104.2,106.6,104.2,104.2,76570,8025504.0,TQBR
2024-03-12,104.4,107.6,104.2,106.6,151960,16146666.0,TQBR
2024-03-13,107.4,108.4,104.6,106.0,106140,11341434.0,TQBR
2024-03-14,106.6,129.4,104.4,129.4,2194240,264800920.0,TQBR
2024-03-15,142.0,142.0,122.8,126.0,4906480,657889926.0,TQBR
2024-03-18,128.4,138.4,127.0,138.4,4607030,626542244.0,TQBR
2024-03-19,142.0,148.0,132.8,141.0,4112180,588326744.0,TQBR
2024-03-20,141.4,153.0,128.2,135.2,9799680,1386869866.0,TQBR
2024-03-21,135.8,137.4,125.0,127.0,2112820,273586732.0,TQBR
2024-03-22,125.8,127.0,117.2,118.6,2110360,255974818.0,TQBR
2024-03-25,118.0,122.2,115.6,118.4,903040,107570148.0,TQBR
2024-03-26,119.4,125.0,118.0,120.4,723250,87463082.0,TQBR
2024-03-27,121.0,121.0,116.2,117.2,604900,71639280.0,TQBR
2024-03-28,118.0,119.0,116.0,116.2,498390,58575418.0,TQBR
2024-03-29,116.6,120.8,114.4,118.8,671250,78322054.0,TQBR
2024-04-01,118.8,126.0,117.0,124.6,992430,122045572.0,TQBR
2024-04-02,124.6,125.4,120.8,123.0,405030,49741182.0,TQBR
2024-04-03,123.4,123.4,120.2,121.0,255070,31132650.0,TQBR
2024-04-04,121.0,123.0,120.8,122.8,216670,26400936.0,TQBR
2024-04-05,123.4,123.4,121.4,122.8,148970,18252032.0,TQBR
2024-04-08,122.8,124.6,121.6,122.6,230540,28324816.0,TQBR
2024-04-09,124.6,134.4,123.0,126.0,3070530,398780936.0,TQBR
2024-04-10,127.0,127.4,120.2,121.8,677960,84014094.0,TQBR
2024-04-11,121.4,123.2,119.2,121.2,470050,56887222.0,TQBR
2024-04-12,122.0,122.2,119.2,120.2,255050,30703336.0,TQBR
2024-04-15,121.0,121.4,119.2,120.0,252140,30278568.0,TQBR
2024-04-16,119.8,125.2,119.2,125.2,348600,42407072.0,TQBR
2024-04-17,125.4,126.0,120.4,123.2,240720,29637496.0,TQBR
2024-04-18,123.6,124.0,120.4,121.8,211360,25689524.0,TQBR
2024-04-19,121.8,123.2,120.8,121.2,183820,22401328.0,TQBR
2024-04-22,121.0,124.0,121.0,122.6,155300,18985412.0,TQBR
2024-04-23,122.8,129.2,121.8,127.6,977610,123351570.0,TQBR
2024-04-24,128.0,134.0,123.0,125.0,2586240,338380718.0,TQBR
2024-04-25,126.4,133.6,123.8,128.8,1590290,207792856.0,TQBR
2024-04-26,129.8,132.2,126.6,128.4,490140,63237158.0,TQBR
2024-04-27,129.0,130.0,125.2,127.2,236270,30087640.0,TQBR
2024-04-29,128.6,128.6,125.0,127.0,204420,25879092.0,TQBR
2024-04-30,127.8,128.2,125.6,127.2,133400,16902870.0,TQBR
2024-05-02,127.8,130.0,126.2,128.0,204020,26142306.0,TQBR
2024-05-03,128.2,129.2,124.6,126.6,255290,32246032.0,TQBR
2024-05-06,126.6,128.4,123.6,126.0,273670,34554070.0,TQBR
2024-05-07,126.0,126.8,123.0,125.6,239730,29828384.0,TQBR
2024-05-08,126.0,130.0,125.0,127.6,494730,63240004.0,TQBR
2024-05-10,129.0,129.4,125.6,126.8,130470,16611196.0,TQBR
2024-05-13,127.2,127.8,124.2,126.6,285820,35993112.0,TQBR
2024-05-14,126.6,126.8,123.2,124.0,215040,26797842.0,TQBR
2024-05-15,124.0,124.6,121.0,122.4,253000,31099504.0,TQBR
2024-05-16,122.4,125.2,122.0,122.6,160290,19812906.0,TQBR
2024-05-17,122.2,123.8,116.4,120.2,262520,31670842.0,TQBR
2024-05-20,120.8,120.8,116.6,119.8,286880,33995470.0,TQBR
2024-05-21,118.4,120.6,117.2,120.2,149470,17779630.0,TQBR
2024-05-22,120.2,120.6,118.8,119.4,46470,5555060.0,TQBR
2024-05-23,119.6,121.6,118.0,121.2,93510,11189118.0,TQBR
2024-05-24,121.2,122.6,116.0,118.0,364210,42863340.0,TQBR
2024-05-27,117.4,117.4,113.0,114.0,269340,30780824.0,TQBR
2024-05-28,114.2,117.4,112.2,114.8,126030,14493998.0,TQBR
2024-05-29,114.4,125.2,113.0,117.2,927980,110386216.0,TQBR
2024-05-30,119.4,120.4,114.6,114.8,660280,77202184.0,TQBR
2024-05-31,114.4,114.6,110.2,113.2,288320,32465644.0,TQBR
2024-06-03,114.4,114.4,107.4,110.8,334070,36743488.0,TQBR
2024-06-04,111.0,114.6,111.0,113.2,121140,13687014.0,TQBR
2024-06-05,112.0,115.2,112.0,113.0,166700,18909748.0,TQBR
2024-06-06,113.0,113.2,110.4,112.0,56980,6366508.0,TQBR
2024-06-07,111.4,113.4,111.2,112.0,91380,10261438.0,TQBR
2024-06-10,111.8,113.0,110.2,110.4,104010,11564274.0,TQBR
2024-06-11,110.4,110.8,109.0,110.0,124310,13671216.0,TQBR
2024-06-13,107.4,110.0,105.0,108.8,129230,13974086.0,TQBR
2024-06-14,109.2,112.8,109.0,109.6,95530,10471956.0,TQBR
2024-06-17,109.8,110.2,108.4,109.0,65760,7174606.0,TQBR
2024-06-18,108.6,108.8,107.0,107.2,64410,6937954.0,TQBR
2024-06-19,107.2,108.0,103.6,104.6,123510,13019894.0,TQBR
2024-06-20,105.0,109.0,104.4,108.0,229260,24298146.0,TQBR
2024-06-21,108.0,108.2,106.0,106.2,66980,7150576.0,TQBR
2024-06-24,107.8,107.8,105.8,105.8,16200,1724736.0,TQBR
2024-06-25,105.6,106.4,105.4,105.8,65450,6926742.0,TQBR
2024-06-26,105.8,108.0,105.0,105.2,214370,22713110.0,TQBR
2024-06-27,105.8,107.0,105.0,106.4,114280,12110316.0,TQBR
2024-06-28,106.6,107.4,105.2,105.6,107490,11438562.0,TQBR
2024-07-01,105.6,107.8,105.2,106.2,44070,4689996.0,TQBR
2024-07-02,106.8,107.4,106.2,106.2,33800,3610062.0,TQBR
2024-07-03,106.6,109.2,105.4,106.0,86080,9212862.0,TQBR
2024-07-04,106.0,106.4,103.6,104.4,136500,14345148.0,TQBR
2024-07-05,104.8,104.8,103.6,104.2,23020,2398476.0,TQBR
2024-07-08,104.2,105.0,101.8,103.4,108040,11089864.0,TQBR
2024-07-09,103.4,103.4,101.6,101.8,148270,15175298.0,TQBR
2024-07-10,101.6,101.8,98.4,98.8,132690,13268634.0,TQBR
2024-07-11,99.4,102.2,98.0,101.8,81120,8192544.0,TQBR
2024-07-12,102.2,103.0,100.8,101.0,20290,2063980.0,TQBR
2024-07-15,101.8,102.8,99.2,101.0,16630,1677496.0,TQBR
2024-07-16,100.6,102.2,99.4,101.0,24060,2414654.0,TQBR
2024-07-17,101.6,102.4,97.8,99.4,58430,5817612.0,TQBR
2024-07-18,99.6,101.2,99.2,100.0,17720,1772974.0,TQBR
2024-07-19,101.0,103.8,100.2,101.2,43990,4487850.0,TQBR
2024-07-22,102.0,105.0,101.2,104.2,52720,5464504.0,TQBR
2024-07-23,104.6,105.0,102.2,103.0,86340,8900620.0,TQBR
2024-07-24,103.4,103.4,101.8,101.8,52300,5373068.0,TQBR
2024-07-25,102.0,102.0,100.6,101.0,71380,7210890.0,TQBR
2024-07-26,100.6,102.2,99.4,99.4,60570,6090384.0,TQBR
2024-07-29,99.4,100.4,96.8,97.0,146060,14252744.0,TQBR
2024-07-30,97.4,100.0,96.6,99.2,186380,18305832.0,TQBR
2024-07-31,100.0,101.2,99.0,100.6,32100,3228798.0,TQBR
2024-08-01,101.2,102.2,100.6,101.0,52160,5273296.0,TQBR
2024-08-02,100.8,101.4,100.0,101.2,27180,2734812.0,TQBR
2024-08-05,100.4,104.0,100.0,103.0,62970,6453780.0,TQBR
2024-08-06,103.0,115.0,102.4,110.8,404560,44225106.0,TQBR
2024-08-07,111.6,113.8,107.2,109.2,123860,13575032.0,TQBR
2024-08-08,110.2,111.8,108.4,108.4,97740,10633424.0,TQBR
2024-08-09,109.2,111.2,108.6,109.6,16660,1827396.0,TQBR
2024-08-12,109.8,114.2,108.4,110.6,78510,8810412.0,TQBR
2024-08-13,111.4,115.0,109.8,110.2,78730,8806748.0,TQBR
2024-08-14,110.4,112.2,110.4,111.2,29300,3262166.0,TQBR
2024-08-15,111.0,111.2,108.4,109.6,19870,2184628.0,TQBR
2024-08-16,110.2,123.4,109.8,119.8,593830,70633030.0,TQBR
2024-08-19,119.8,119.8,116.6,116.8,244910,29022136.0,TQBR
2024-08-20,117.0,118.0,116.0,116.6,110280,12893042.0,TQBR
2024-08-21,116.6,119.2,116.6,117.8,97430,11468374.0,TQBR
2024-08-22,118.2,118.2,114.6,116.0,93830,10913204.0,TQBR
2024-08-23,115.6,118.6,113.8,115.4,258160,29781874.0,TQBR
2024-08-26,116.0,117.2,115.2,116.6,69140,8037800.0,TQBR
2024-08-27,117.0,118.0,116.0,116.8,84250,9823734.0,TQBR
2024-08-28,117.0,119.2,115.6,116.8,238510,28120040.0,TQBR
2024-08-29,116.6,118.6,116.0,116.8,57160,6699734.0,TQBR
2024-08-30,116.4,118.6,116.4,117.2,237710,27881886.0,TQBR
2024-09-02,117.0,118.4,114.4,116.0,201650,23537288.0,TQBR
2024-09-03,116.2,117.0,115.2,116.8,198970,23060524.0,TQBR
2024-09-04,120.6,120.6,118.6,120.2,773500,92728150.0,TQBR
2024-09-05,120.4,122.2,119.6,122.0,967910,117590870.0,TQBR
2024-09-06,122.2,124.0,122.0,123.0,785920,96615132.0,TQBR
2024-09-09,123.0,123.6,122.8,123.0,500770,61593590.0,TQBR
2024-09-10,123.0,123.2,122.8,123.0,226700,27889676.0,TQBR
2024-09-11,122.8,123.2,122.8,123.0,198290,24390102.0,TQBR
2024-09-12,123.0,123.6,123.0,123.2,184020,22665800.0,TQBR
2024-09-13,123.2,123.8,123.2,123.6,54680,6750380.0,TQBR
2024-09-16,124.0,124.2,123.0,123.2,167680,20686250.0,TQBR
2024-09-17,123.2,123.4,123.0,123.2,172920,21282670.0,TQBR
2024-09-18,123.2,123.4,122.8,123.0,164220,20208888.0,TQBR
2024-09-19,123.2,123.2,122.6,123.2,208480,25632098.0,TQBR
2024-09-20,123.2,123.8,123.0,123.6,133030,16383458.0,TQBR
2024-09-23,123.2,123.6,123.0,123.2,90640,11151010.0,TQBR
2024-09-24,123.4,123.4,123.0,123.0,62560,7696786.0,TQBR
2024-09-25,123.2,123.8,123.0,123.8,176030,21750724.0,TQBR
2024-09-26,123.6,123.8,123.4,123.6,51210,6330268.0,TQBR
2024-09-27,123.6,124.0,123.6,123.8,51470,6371192.0,TQBR
2024-09-30,124.0,124.8,123.8,124.4,131800,16381434.0,TQBR
2024-10-01,124.4,124.6,124.0,124.6,104990,13046052.0,TQBR
2024-10-02,124.2,124.8,124.2,124.4,70020,8718002.0,TQBR
2024-10-03,124.6,124.8,124.4,124.4,285350,35554176.0,TQBR
2024-10-04,124.6,125.0,124.6,124.6,91770,11437924.0,TQBR
2024-10-07,124.6,125.0,124.6,124.8,84330,10527398.0,TQBR
2024-10-08,124.8,125.0,124.8,125.0,111630,13931662.0,TQBR
2024-10-09,125.0,125.0,124.8,124.8,44350,5540562.0,TQBR
2024-10-10,124.8,125.2,124.8,125.2,117500,14688596.0,TQBR
2024-10-11,125.2,125.6,124.0,125.2,81450,10190984.0,TQBR
2024-10-14,125.4,126.2,125.4,125.8,187540,23611604.0,TQBR
2024-10-15,125.8,126.0,125.6,126.0,28970,3643828.0,TQBR
2024-10-16,125.8,126.4,125.6,126.0,41880,5277514.0,TQBR
2024-10-17,126.0,126.4,125.8,126.4,24880,3138606.0,TQBR
2024-10-18,126.2,126.4,126.0,126.2,35540,4485964.0,TQBR
2024-10-21,126.2,126.6,126.2,126.6,31300,3956456.0,TQBR
2024-10-22,126.4,126.6,126.2,126.4,21290,2691112.0,TQBR
2024-10-23,126.4,126.8,126.2,126.6,87020,11013596.0,TQBR
2024-10-24,126.6,126.8,126.6,126.6,36900,4671794.0,TQBR
2024-10-25,126.6,126.8,126.4,126.6,123750,15665556.0,TQBR
2024-10-28,126.6,127.0,126.4,126.4,126710,16047496.0,TQBR
2024-10-29,126.6,126.8,126.6,126.6,18080,2290664.0,TQBR
2024-10-30,126.6,127.2,126.6,126.6,41320,5245944.0,TQBR
2024-10-31,126.6,127.0,126.6,126.6,11360,1438286.0,TQBR
2024-11-01,126.8,127.2,126.8,127.0,87850,11154084.0,TQBR
2024-11-02,127.0,127.2,127.0,127.0,25280,3211022.0,TQBR
2024-11-05,127.2,127.4,127.2,127.2,57190,7275308.0,TQBR
2024-11-06,127.2,127.6,126.0,126.0,170790,21682204.0,TQBR
2024-11-07,113.4,126.0,100.8,125.4,121420,14944918.0,TQBR
2024-11-08,122.2,126.2,122.2,124.2,71780,8902524.0,TQBR
2024-11-11,125.0,125.0,119.4,122.4,48200,5850368.0,TQBR
