date,open,high,low,close,volume,value,board
2008-12-09,0.6,0.689,0.527,0.527,2632000,1627181.9,EQLV
2008-12-10,0.538,0.6,0.502,0.512,7863800,4185782.5,EQLV
2008-12-11,0.612,0.612,0.475,0.505,3347600,1689467.3,EQLV
2008-12-12,0.505,0.505,0.49,0.492,1170600,581270.1,EQLV
2008-12-15,0.497,0.51,0.48,0.496,298100,145986.4,EQLV
2008-12-16,0.482,0.482,0.42,0.453,5794300,2499945.3,EQLV
2008-12-17,0.469,0.469,0.4,0.408,2530700,1054674.7,EQLV
2008-12-18,0.411,0.417,0.375,0.381,2983800,1189534.6,EQLV
2008-12-19,0.38,0.429,0.352,0.397,4298200,1596083.7,EQLV
2008-12-22,0.378,0.406,0.36,0.374,1817400,681747.6,EQLV
2008-12-23,0.36,0.38,0.345,0.362,2985800,1058271.2,EQLV
2008-12-24,0.369,0.369,0.353,0.36,275700,99280.2,EQLV
2008-12-25,0.369,0.369,0.341,0.348,931500,322156.7,EQLV
2008-12-26,0.335,0.337,0.325,0.326,1983100,648935.7,EQLV
2008-12-29,0.32,0.336,0.32,0.333,710600,232055.4,EQLV
2008-12-30,0.33,0.353,0.322,0.348,2217200,762213.2,EQLV
2008-12-31,0.355,0.355,0.335,0.34,1729100,591557.7,EQLV
2009-01-11,0.336,0.363,0.331,0.345,651500,221241.9,EQLV
2009-01-12,0.363,0.4,0.328,0.349,733400,246770.3,EQLV
2009-01-13,0.333,0.372,0.311,0.336,1065000,371578.5,EQLV
2009-01-14,0.337,0.369,0.321,0.321,2570300,899214.4,EQLV
2009-01-15,0.326,0.35,0.322,0.343,1190300,410909.4,EQLV
2009-01-16,0.332,0.36,0.329,0.349,1487700,520287.2,EQLV
2009-01-19,0.385,0.39,0.331,0.35,2002200,754198.2,EQLV
2009-01-20,0.335,0.35,0.303,0.34,1513100,514013.8,EQLV
2009-01-21,0.36,0.37,0.321,0.354,1490000,530896.3,EQLV
2009-01-22,0.344,0.355,0.336,0.347,1002800,350882.4,EQLV
2009-01-23,0.335,0.345,0.3,0.343,3520600,1159010.1,EQLV
2009-01-26,0.34,0.353,0.339,0.353,1446500,495752.2,EQLV
2009-01-27,0.35,0.368,0.339,0.354,714500,250541.3,EQLV
2009-01-28,0.367,0.367,0.338,0.347,255100,88834.6,EQLV
2009-01-29,0.348,0.348,0.333,0.341,38800,13387.4,EQLV
2009-01-30,0.341,0.348,0.317,0.347,673300,226526.2,EQLV
2009-02-02,0.32,0.385,0.311,0.338,2231200,803976.9,EQLV
2009-02-03,0.333,0.36,0.329,0.34,1534500,522105.0,EQLV
2009-02-04,0.34,0.355,0.339,0.349,1443800,504462.7,EQLV
2009-02-05,0.349,0.37,0.34,0.352,6510100,2273756.9,EQLV
2009-02-06,0.347,0.367,0.337,0.365,335700,120879.5,EQLV
2009-02-09,0.398,0.399,0.341,0.37,1358400,508354.2,EQLV
2009-02-10,0.378,0.378,0.365,0.376,167000,62570.2,EQLV
2009-02-11,0.361,0.389,0.351,0.388,872700,326499.9,EQLV
2009-02-12,0.393,0.42,0.35,0.401,3853400,1497799.5,EQLV
2009-02-13,0.425,0.429,0.403,0.429,846400,350181.9,EQLV
2009-02-16,0.43,0.43,0.393,0.4,2694100,1082250.8,EQLV
2009-02-17,0.397,0.4,0.36,0.4,1294700,489033.8,EQLV
2009-02-18,0.39,0.399,0.368,0.399,607500,233991.1,EQLV
2009-02-19,0.389,0.41,0.379,0.388,989000,389244.7,EQLV
2009-02-20,0.37,0.41,0.37,0.39,1887000,743112.4,EQLV
2009-02-24,0.376,0.408,0.376,0.408,2356700,917124.0,EQLV
2009-02-25,0.35,0.421,0.35,0.421,501200,199851.5,EQLV
2009-02-26,0.42,0.444,0.417,0.43,1537200,662908.2,EQLV
2009-02-27,0.445,0.448,0.417,0.428,1274400,546070.1,EQLV
2009-03-02,0.42,0.447,0.39,0.412,3498100,1478495.0,EQLV
2009-03-03,0.412,0.42,0.403,0.419,1981400,803934.5,EQLV
2009-03-04,0.408,0.418,0.391,0.409,50500,20417.2,EQLV
2009-03-05,0.41,0.41,0.38,0.38,2079500,815258.1,EQLV
2009-03-06,0.4,0.4,0.38,0.398,1274600,493536.7,EQLV
2009-03-10,0.398,0.418,0.378,0.409,6174500,2402809.2,EQLV
2009-03-11,0.408,0.44,0.405,0.44,1536300,631832.0,EQLV
2009-03-12,0.416,0.416,0.39,0.409,1315600,533350.5,EQLV
2009-03-13,0.409,0.409,0.39,0.409,129300,51496.9,EQLV
2009-03-16,0.391,0.409,0.39,0.409,123700,48654.2,EQLV
2009-03-17,0.404,0.418,0.393,0.415,2138000,874187.0,EQLV
2009-03-18,0.399,0.418,0.399,0.411,3096900,1265626.7,EQLV
2009-03-19,0.396,0.41,0.396,0.407,2766800,1116296.5,EQLV
2009-03-20,0.401,0.413,0.4,0.413,1499800,615315.8,EQLV
2009-03-23,0.406,0.415,0.4,0.412,2553800,1038030.1,EQLV
2009-03-24,0.411,0.412,0.399,0.4,347200,139462.4,EQLV
2009-03-25,0.397,0.45,0.39,0.418,4858400,2058241.0,EQLV
2009-03-26,0.403,0.45,0.403,0.444,1675300,724541.2,EQLV
2009-03-27,0.45,0.45,0.415,0.421,725100,311024.3,EQLV
2009-03-30,0.43,0.43,0.4,0.407,963000,389322.9,EQLV
2009-03-31,0.4,0.419,0.4,0.41,1258300,512668.1,EQLV
2009-04-01,0.41,0.424,0.402,0.423,784800,324572.8,EQLV
2009-04-02,0.448,0.448,0.416,0.436,3644000,1557833.1,EQLV
2009-04-03,0.428,0.431,0.418,0.419,1193100,501188.4,EQLV
2009-04-06,0.438,0.445,0.412,0.412,1790900,764172.7,EQLV
2009-04-07,0.467,0.467,0.401,0.424,2689800,1136252.4,EQLV
2009-04-08,0.416,0.422,0.405,0.422,667100,276837.1,EQLV
2009-04-09,0.421,0.429,0.408,0.42,1177300,496244.8,EQLV
2009-04-10,0.425,0.43,0.406,0.43,2864800,1213829.2,EQLV
2009-04-13,0.42,0.49,0.42,0.433,6923700,3089810.2,EQLV
2009-04-14,0.445,0.464,0.434,0.464,4136000,1857559.0,EQLV
2009-04-15,0.46,0.46,0.43,0.448,2174700,959886.7,EQLV
2009-04-16,0.445,0.514,0.445,0.514,12250400,5904432.5,EQLV
2009-04-17,0.54,0.58,0.513,0.546,15377900,8558583.4,EQLV
2009-04-20,0.551,0.551,0.492,0.501,5111100,2640914.3,EQLV
2009-04-21,0.488,0.527,0.48,0.503,415900,204945.3,EQLV
2009-04-22,0.505,0.553,0.5,0.553,6544600,3526307.7,EQLV
2009-04-23,0.575,0.58,0.55,0.568,969800,543282.3,EQLV
2009-04-24,0.573,0.573,0.543,0.565,9737800,5426544.2,EQLV
2009-04-27,0.541,0.545,0.527,0.545,3791800,2047327.9,EQLV
2009-04-28,0.52,0.548,0.501,0.519,5763900,2947625.1,EQLV
2009-04-29,0.5,0.559,0.5,0.559,3911800,2080509.1,EQLV
2009-04-30,0.556,0.65,0.555,0.613,8720600,5348155.7,EQLV
2009-05-04,0.64,0.64,0.6,0.638,1585300,984715.6,EQLV
2009-05-05,0.631,0.631,0.6,0.613,4367700,2686645.6,EQLV
2009-05-06,0.649,0.661,0.583,0.661,3935600,2507791.5,EQLV
2009-05-07,0.683,0.801,0.67,0.72,26537300,20140175.4,EQLV
2009-05-08,0.701,0.735,0.615,0.718,3405600,2301962.6,EQLV
2009-05-12,0.705,0.725,0.632,0.705,2297600,1621698.6,EQLV
2009-05-13,0.7,0.713,0.661,0.7,2862100,1999205.4,EQLV
2009-05-14,0.668,0.69,0.651,0.69,485100,327233.7,EQLV
2009-05-15,0.69,0.72,0.65,0.664,3414800,2258295.3,EQLV
2009-05-18,0.634,0.677,0.633,0.675,425600,279584.4,EQLV
2009-05-19,0.675,0.7,0.667,0.69,1803200,1244210.7,EQLV
2009-05-20,0.69,0.73,0.669,0.718,2138200,1527570.5,EQLV
2009-05-21,0.71,0.71,0.66,0.67,733200,504230.4,EQLV
2009-05-22,0.669,0.695,0.653,0.674,546900,366032.0,EQLV
2009-05-25,0.676,0.695,0.657,0.679,2843500,1891270.7,EQLV
2009-05-26,0.65,0.69,0.644,0.69,1219700,807618.1,EQLV
2009-05-27,0.669,0.721,0.669,0.721,1188400,838949.5,EQLV
2009-05-28,0.722,0.762,0.701,0.762,3448700,2562383.6,EQLV
2009-05-29,0.729,0.84,0.729,0.819,6986900,5526033.3,EQLV
2009-06-01,0.889,0.927,0.811,0.9,5434400,4728720.3,EQLV
2009-06-02,0.861,0.89,0.83,0.88,1454100,1271139.1,EQLV
2009-06-03,0.88,0.925,0.831,0.909,3976500,3562676.6,EQLV
2009-06-04,0.85,0.92,0.835,0.87,2686500,2305291.0,EQLV
2009-06-05,0.904,0.905,0.822,0.888,1223500,1067242.0,EQLV
2009-06-08,0.889,0.915,0.832,0.909,2806700,2480468.0,EQLV
2009-06-09,0.909,0.97,0.881,0.916,4077000,3701395.3,EQLV
2009-06-10,0.97,0.97,0.882,0.937,6518700,5979130.6,EQLV
2009-06-11,0.971,0.975,0.915,0.942,1221600,1132393.7,EQLV
2009-06-15,0.921,0.981,0.872,0.896,4475100,4125355.7,EQLV
2009-06-16,0.919,0.919,0.81,0.91,1418700,1231676.7,EQLV
2009-06-17,0.872,0.938,0.85,0.885,2736200,2435592.8,EQLV
2009-06-18,0.89,0.89,0.791,0.88,2481700,2011615.8,EQLV
2009-06-19,0.83,0.856,0.816,0.84,2188100,1840341.9,EQLV
2009-06-22,0.781,0.849,0.751,0.774,1925600,1526367.6,EQLV
2009-06-23,0.714,0.795,0.67,0.795,3533700,2633023.3,EQLV
2009-06-24,0.8,0.8,0.773,0.8,3047100,2405114.6,EQLV
2009-06-25,0.8,0.81,0.761,0.8,1385300,1083618.9,EQLV
2009-06-26,0.8,0.8,0.77,0.77,281900,221517.7,EQLV
2009-06-29,0.79,0.846,0.752,0.776,652400,499625.1,EQLV
2009-06-30,0.748,0.78,0.748,0.78,9900,7572.4,EQLV
2009-07-01,0.742,0.83,0.74,0.83,5248400,4207780.2,EQLV
2009-07-02,0.8,0.83,0.772,0.782,714200,564628.1,EQLV
2009-07-03,0.839,0.839,0.763,0.83,4250400,3447945.5,EQNL
2009-07-06,0.848,0.848,0.775,0.8,984300,784928.1,EQNL
2009-07-07,0.76,0.826,0.74,0.826,2472000,1974116.8,EQNL
2009-07-08,0.755,0.798,0.753,0.785,1036900,801666.8,EQNL
2009-07-09,0.74,0.785,0.721,0.753,853200,650289.4,EQNL
2009-07-10,0.752,0.789,0.724,0.789,2275700,1700627.9,EQNL
2009-07-13,0.729,0.755,0.711,0.755,950500,699207.1,EQNL
2009-07-14,0.722,0.779,0.722,0.76,650200,496053.6,EQNL
2009-07-15,0.741,0.755,0.741,0.755,165700,125072.8,EQNL
2009-07-16,0.727,0.75,0.727,0.733,31800,23283.1,EQNL
2009-07-17,0.763,0.774,0.731,0.731,59700,44811.0,EQNL
2009-07-20,0.763,0.765,0.735,0.737,52600,40162.7,EQNL
2009-07-21,0.79,0.79,0.722,0.783,206200,155164.1,EQNL
2009-07-22,0.8,0.82,0.702,0.745,371500,274159.2,EQNL
2009-07-23,0.71,0.805,0.71,0.778,735000,573765.0,EQNL
2009-07-24,0.78,0.798,0.747,0.783,622700,474630.4,EQNL
2009-07-27,0.798,0.86,0.771,0.83,1023900,835790.5,EQNL
2009-07-28,0.86,0.86,0.754,0.79,149200,115824.0,EQNL
2009-07-29,0.735,0.79,0.734,0.784,19600,14961.4,EQNL
2009-07-30,0.848,0.848,0.744,0.824,2515500,2023895.0,EQNL
2009-07-31,0.824,0.86,0.777,0.816,192700,151293.5,EQNL
2009-08-03,0.743,0.856,0.743,0.81,2763300,2242408.4,EQNL
2009-08-04,0.751,0.829,0.745,0.829,1478100,1191090.6,EQNL
2009-08-05,0.84,0.84,0.791,0.825,2665200,2187571.5,EQNL
2009-08-06,0.786,0.835,0.781,0.817,1772000,1421106.1,EQNL
2009-08-07,0.793,0.818,0.786,0.812,259800,206248.2,EQNL
2009-08-10,0.753,0.83,0.744,0.819,448600,353827.9,EQNL
2009-08-11,0.832,0.839,0.785,0.829,498700,408351.1,EQNL
2009-08-12,0.764,0.816,0.764,0.816,134200,104849.0,EQNL
2009-08-13,0.802,0.837,0.785,0.837,1007300,821752.5,EQNL
2009-08-14,0.837,0.849,0.787,0.818,874800,696190.6,EQNL
2009-08-17,0.785,0.824,0.753,0.82,3910700,3195795.5,EQNL
2009-08-18,0.807,0.839,0.801,0.83,2378700,1968911.7,EQNL
2009-08-19,0.802,0.838,0.776,0.818,108400,87470.6,EQNL
2009-08-20,0.8,0.848,0.8,0.848,1622800,1351996.3,EQNL
2009-08-21,0.802,0.856,0.793,0.847,822700,698696.3,EQNL
2009-08-24,0.863,0.928,0.83,0.862,5494500,4853135.3,EQNL
2009-08-25,0.846,0.888,0.83,0.878,768200,664372.5,EQNL
2009-08-26,0.877,0.88,0.854,0.88,5990100,5242613.5,EQNL
2009-08-27,0.833,0.882,0.833,0.849,829500,717102.2,EQNL
2009-08-28,0.802,0.958,0.802,0.948,20484300,18902748.2,EQNL
2009-08-31,0.871,0.949,0.87,0.925,4016800,3701419.0,EQNL
2009-09-01,0.926,0.954,0.882,0.912,2369300,2171331.9,EQNL
2009-09-02,0.912,0.921,0.87,0.89,498400,441642.0,EQNL
2009-09-03,0.9,0.93,0.879,0.928,685100,618397.6,EQNL
2009-09-04,0.891,0.938,0.889,0.9,368100,333284.2,EQNL
2009-09-07,0.89,0.919,0.883,0.897,809400,732150.5,EQNL
2009-09-08,0.911,0.929,0.895,0.91,1054800,960921.3,EQNL
2009-09-09,0.9,0.985,0.892,0.966,4237400,4042022.9,EQNL
2009-09-10,0.984,1.0,0.905,0.969,2426100,2343716.6,EQNL
2009-09-11,0.995,1.099,0.922,1.092,7908900,8273719.0,EQNL
2009-09-14,1.079,1.19,1.031,1.19,8225600,9390822.6,EQNL
2009-09-15,1.198,1.484,1.19,1.365,7405100,9903132.2,EQNL
2009-09-16,1.429,1.45,1.252,1.252,1469700,2008661.6,EQNL
2009-09-17,1.309,1.31,1.139,1.19,680100,815135.7,EQNL
2009-09-18,1.142,1.255,1.142,1.248,575200,705026.3,EQNL
2009-09-21,1.048,1.3,1.048,1.227,2264300,2739738.1,EQNL
2009-09-22,1.277,1.277,1.233,1.27,1278600,1614638.6,EQNL
2009-09-23,1.283,1.325,1.248,1.295,1260100,1615767.7,EQNL
2009-09-24,1.251,1.297,1.153,1.26,471100,590077.8,EQNL
2009-09-25,1.226,1.338,1.226,1.3,7604400,10031441.9,EQNL
2009-09-28,1.261,1.35,1.261,1.345,1249900,1659801.8,EQNL
2009-09-29,1.303,1.7,1.303,1.477,6220200,9164995.5,EQNL
2009-09-30,1.518,1.648,1.483,1.517,4794900,7396876.7,EQNL
2009-10-01,1.511,1.696,1.486,1.65,12196600,19799153.4,EQNL
2009-10-02,1.65,1.65,1.442,1.55,15166300,22763423.4,EQNL
2009-10-05,1.56,1.56,1.49,1.532,1075800,1645909.9,EQNL
2009-10-06,1.549,1.565,1.532,1.545,1862500,2880046.6,EQNL
2009-10-07,1.514,1.673,1.512,1.615,6712900,10927533.4,EQNL
2009-10-08,1.61,1.87,1.61,1.81,9255000,16455806.6,EQNL
2009-10-09,1.85,1.85,1.562,1.783,4084500,7111027.2,EQNL
2009-10-12,1.704,1.83,1.704,1.755,1332500,2371183.9,EQNL
2009-10-13,1.78,1.8,1.625,1.71,2872500,4892604.9,EQNL
2009-10-14,1.888,1.888,1.702,1.798,5338500,9413949.1,EQNL
2009-10-15,1.777,1.874,1.74,1.849,5886000,10720334.7,EQNL
2009-10-16,1.778,1.868,1.754,1.868,6474300,11755636.1,EQNL
2009-10-19,1.82,1.858,1.771,1.858,2834300,5171394.7,EQNL
2009-10-20,1.82,1.879,1.8,1.859,1890000,3499072.8,EQNL
2009-10-21,1.776,1.864,1.776,1.858,5365600,9815280.3,EQNL
2009-10-22,1.853,1.869,1.82,1.851,4156700,7651049.1,EQNL
2009-10-23,1.88,1.97,1.833,1.96,3664400,7072341.7,EQNL
2009-10-26,1.97,1.979,1.9,1.96,3184000,6186996.1,EQNL
2009-10-27,1.837,1.92,1.826,1.88,3772800,7029370.8,EQNL
2009-10-28,1.846,1.878,1.775,1.799,5379200,9877392.5,EQNL
2009-10-29,1.839,1.839,1.625,1.789,3227800,5516053.2,EQNL
2009-10-30,1.79,1.83,1.682,1.7,1810400,3122436.3,EQNL
2009-11-02,1.704,1.73,1.67,1.725,885100,1499593.2,EQNL
2009-11-03,1.725,1.725,1.64,1.662,1488500,2509031.1,EQNL
2009-11-05,1.636,1.712,1.619,1.699,579800,965638.7,EQNL
2009-11-06,1.717,1.717,1.631,1.66,1169100,1957970.6,EQNL
2009-11-09,1.719,1.75,1.662,1.748,1961300,3386415.0,EQNL
2009-11-10,1.748,1.843,1.711,1.796,659700,1180509.7,EQNL
2009-11-11,1.81,1.933,1.791,1.91,4559000,8635760.1,EQNL
2009-11-12,1.95,1.95,1.85,1.92,2768100,5260545.4,EQNL
2009-11-13,1.92,1.944,1.877,1.939,922100,1778232.7,EQNL
2009-11-16,1.939,2.035,1.939,2.012,2776600,5483694.7,EQNL
2009-11-17,2.013,2.048,1.959,2.017,1887900,3805093.8,EQNL
2009-11-18,2.02,2.149,1.993,2.015,5041800,10412891.6,EQNL
2009-11-19,2.015,2.088,1.98,2.075,3924700,8004699.3,EQNL
2009-11-20,2.011,2.08,2.011,2.07,1475400,3032401.7,EQNL
2009-11-23,2.13,2.152,2.1,2.138,2684700,5754062.5,EQNL
2009-11-24,2.04,2.14,2.031,2.1,4117100,8555932.9,EQNL
2009-11-25,2.071,2.138,2.07,2.096,3941900,8301037.8,EQNL
2009-11-26,2.062,2.096,1.902,1.95,2126200,4184866.0,EQNL
2009-11-27,1.9,1.99,1.77,1.99,4581400,8579831.3,EQNL
2009-11-30,1.995,1.996,1.917,1.96,939400,1835163.1,EQNL
2009-12-01,1.96,2.14,1.941,2.125,3498900,7298546.4,EQNL
2009-12-02,2.035,2.188,2.035,2.15,1117500,2386877.1,EQNL
2009-12-03,2.131,2.224,2.131,2.193,2252100,4933468.4,EQNL
2009-12-04,2.093,2.233,2.092,2.188,1720500,3725893.2,EQNL
2009-12-07,2.107,2.174,2.092,2.127,1080700,2276374.8,EQNL
2009-12-08,2.054,2.169,2.052,2.116,2055600,4328053.6,EQNL
2009-12-09,2.115,2.161,2.076,2.077,477500,1005252.8,EQNL
2009-12-10,2.054,2.108,2.051,2.103,685500,1435830.7,EQNL
2009-12-11,2.058,2.165,2.058,2.148,1238800,2638875.8,EQNL
2009-12-14,2.091,2.164,2.07,2.112,628800,1329547.2,EQNL
2009-12-15,2.105,2.136,2.105,2.135,557600,1187807.9,EQNL
2009-12-16,2.107,2.179,2.106,2.174,3944100,8535700.2,EQNL
2009-12-17,2.15,2.298,2.15,2.223,7965700,17593466.1,EQNL
2009-12-18,2.247,2.249,2.163,2.246,1280800,2867072.4,EQNL
2009-12-21,2.048,2.25,2.048,2.194,1518900,3350055.4,EQNL
2009-12-22,2.194,2.232,2.151,2.219,820700,1815442.1,EQNL
2009-12-23,2.219,2.233,2.169,2.189,2123300,4664226.1,EQNL
2009-12-24,2.216,2.217,2.112,2.194,1817600,3925260.9,EQNL
2009-12-25,2.124,2.245,2.11,2.17,1148200,2450122.8,EQNL
2009-12-28,2.101,2.198,2.101,2.145,1984700,4289471.9,EQNL
2009-12-29,2.122,2.188,2.12,2.146,615100,1313504.5,EQNL
2009-12-30,2.12,2.172,2.114,2.17,627900,1347665.7,EQNL
2009-12-31,2.136,2.186,2.136,2.186,219300,472154.8,EQNL
2010-01-11,2.111,2.3,2.111,2.267,706400,1586578.4,EQNL
2010-01-12,2.257,2.277,2.239,2.277,207800,470233.1,EQNL
2010-01-13,2.276,2.7,2.203,2.554,9027200,22495957.8,EQNL
2010-01-14,2.684,2.95,2.575,2.7,15451700,42866159.7,EQNL
2010-01-15,2.725,3.04,2.725,2.832,10671600,30892314.9,EQNL
2010-01-18,2.897,2.897,2.82,2.85,6323200,18067262.1,EQNL
2010-01-19,2.879,3.0,2.783,2.85,6996700,19912439.2,EQNL
2010-01-20,3.086,3.086,2.769,2.815,2348400,6562446.9,EQNL
2010-01-21,2.805,2.84,2.668,2.737,1162100,3190323.8,EQNL
2010-01-22,2.651,2.699,2.575,2.631,1953300,5155842.4,EQNL
2010-01-25,2.572,2.73,2.572,2.7,1518300,4093103.0,EQNL
2010-01-26,2.698,2.777,2.603,2.692,4162700,11239923.6,EQNL
2010-01-27,2.711,2.82,2.663,2.82,3193000,8805234.6,EQNL
2010-01-28,2.89,2.9,2.812,2.835,4383000,12537283.8,EQNL
2010-01-29,2.835,2.848,2.73,2.787,2123900,5870431.8,EQNL
2010-02-01,2.769,2.771,2.701,2.744,957400,2616923.6,EQNL
2010-02-02,2.76,2.85,2.76,2.806,2088600,5866414.3,EQNL
2010-02-03,2.821,2.847,2.78,2.838,2939500,8278368.0,EQNL
2010-02-04,2.38,2.828,2.38,2.746,1829400,5029862.8,EQNL
2010-02-05,2.733,2.733,2.635,2.722,1696700,4536565.6,EQNL
2010-02-08,2.724,2.807,2.673,2.709,1964500,5400717.9,EQNL
2010-02-09,2.737,2.808,2.7,2.8,3639100,10053054.6,EQNL
2010-02-10,2.812,2.959,2.749,2.77,8158300,23460092.1,EQNL
2010-02-11,2.7,2.7,2.58,2.639,5596300,14694856.6,EQNL
2010-02-12,2.646,2.71,2.499,2.529,3689800,9568369.0,EQNL
2010-02-15,2.593,2.593,2.5,2.523,1059600,2664429.9,EQNL
2010-02-16,2.539,2.676,2.506,2.676,1648400,4221205.2,EQNL
2010-02-17,2.676,2.7,2.607,2.659,746500,1989915.0,EQNL
2010-02-18,2.646,2.748,2.643,2.69,1427100,3830805.7,EQNL
2010-02-19,2.69,2.69,2.606,2.666,1477300,3895978.3,EQNL
2010-02-24,2.676,2.706,2.617,2.655,952100,2527275.0,EQNL
2010-02-25,2.674,2.674,2.55,2.633,1417100,3704082.5,EQNL
2010-02-26,2.622,2.633,2.598,2.628,772900,2023560.2,EQNL
2010-02-27,2.63,2.65,2.611,2.63,653400,1721260.3,EQNL
2010-03-01,2.651,2.706,2.55,2.599,8984800,23689709.5,EQNL
2010-03-02,2.606,2.618,2.575,2.599,1680600,4366861.5,EQNL
2010-03-03,2.599,2.65,2.58,2.636,2623100,6886875.0,EQNL
2010-03-04,2.702,2.702,2.611,2.66,3086500,8209851.6,EQNL
2010-03-05,2.676,2.74,2.67,2.719,5142600,13925705.7,EQNL
2010-03-09,2.705,2.75,2.683,2.738,1175200,3197383.4,EQNL
2010-03-10,2.727,2.781,2.7,2.718,5033700,13750318.6,EQNL
2010-03-11,2.727,2.759,2.7,2.72,2228000,6069929.7,EQNL
2010-03-12,2.72,2.791,2.717,2.75,4408800,12176123.0,EQNL
2010-03-15,2.76,2.835,2.748,2.82,8217900,23037078.3,EQNL
2010-03-16,2.824,2.897,2.816,2.897,8082200,23137169.9,EQNL
2010-03-17,3.0,3.0,2.929,2.97,11110000,33105286.3,EQNL
2010-03-18,2.97,3.01,2.941,2.946,7822800,23279803.7,EQNL
2010-03-19,2.946,3.008,2.806,2.988,9234500,27070264.9,EQNL
2010-03-22,3.1,3.1,2.878,2.939,8360300,25031641.8,EQNL
2010-03-23,2.94,3.0,2.897,2.949,4083400,12083647.4,EQNL
2010-03-24,2.949,2.972,2.9,2.932,2194600,6432321.4,EQNL
2010-03-25,2.943,2.975,2.9,2.93,2541400,7476722.7,EQNL
2010-03-26,2.932,2.969,2.906,2.929,4654600,13625067.7,EQNL
2010-03-29,2.93,2.93,2.83,2.92,4297800,12432469.0,EQNL
2010-03-30,2.91,2.99,2.88,2.95,3658100,10749097.9,EQNL
2010-03-31,2.932,3.13,2.931,3.066,21236200,64916817.7,EQNL
2010-04-01,3.066,3.413,3.054,3.394,33885000,111645646.2,EQNL
2010-04-02,3.495,3.689,3.397,3.546,17732100,61978463.1,EQNL
2010-04-05,3.55,3.829,3.55,3.76,17464000,64916595.3,EQNL
2010-04-06,3.769,3.95,3.691,3.74,12001800,45258145.9,EQNL
2010-04-07,3.773,3.792,3.402,3.545,9634500,34359819.3,EQNL
2010-04-08,3.505,3.7,3.305,3.615,6155100,21900202.7,EQNL
2010-04-09,3.639,3.751,3.639,3.65,4382100,16206320.1,EQNL
2010-04-12,3.669,3.729,3.59,3.619,4190500,15417514.8,EQNL
2010-04-13,3.597,3.614,3.49,3.544,3842200,13724043.0,EQNL
2010-04-14,3.527,3.61,3.503,3.575,1531200,5453892.8,EQNL
2010-04-15,3.583,3.589,3.419,3.46,1998800,6945246.9,EQNL
2010-04-16,3.444,3.449,3.25,3.324,3513000,11673644.4,EQNL
2010-04-19,3.269,3.29,3.1,3.27,6238600,19917459.7,EQNL
2010-04-20,3.382,3.382,3.225,3.328,5203100,17261243.4,EQNL
2010-04-21,3.335,3.392,3.207,3.239,1803100,5909861.3,EQNL
2010-04-22,3.216,3.249,3.128,3.178,849400,2718090.2,EQNL
2010-04-23,3.166,3.288,3.1,3.288,1714200,5526504.1,EQNL
2010-04-26,3.343,3.55,3.335,3.38,5112200,17471537.1,EQNL
2010-04-27,3.333,3.361,3.228,3.26,2253300,7386651.6,EQNL
2010-04-28,3.238,3.268,3.099,3.213,4639700,14652386.3,EQNL
2010-04-29,3.236,3.24,3.18,3.208,1415700,4543085.6,EQNL
2010-04-30,3.204,3.258,3.142,3.195,1873200,6029775.2,EQNL
2010-05-04,3.207,3.239,2.712,3.178,2098500,6606637.6,EQNL
2010-05-05,3.149,3.187,3.031,3.095,3065000,9616017.6,EQNL
2010-05-06,3.1,3.13,3.0,3.109,2418900,7477442.8,EQNL
2010-05-07,3.016,3.101,2.83,2.9,4927800,14479147.8,EQNL
2010-05-11,3.016,3.129,2.902,3.019,1899400,5710375.2,EQNL
2010-05-12,2.999,3.069,2.899,3.069,3128000,9467519.1,EQNL
2010-05-13,3.311,3.311,2.935,3.0,5682000,17178134.5,EQNL
2010-05-14,2.999,2.999,2.851,2.9,1631500,4765130.4,EQNL
2010-05-17,2.848,2.94,2.753,2.899,1874800,5331823.2,EQNL
2010-05-18,2.899,2.994,2.899,2.93,939700,2754785.0,EQNL
2010-05-19,2.913,2.913,2.779,2.824,961300,2705543.3,EQNL
2010-05-20,2.831,2.853,2.644,2.66,1849100,4995043.4,EQNL
2010-05-21,2.65,2.779,2.5,2.599,2127300,5443334.9,EQNL
2010-05-24,2.618,2.679,2.597,2.667,3079800,8107806.4,EQNL
2010-05-25,2.331,2.667,2.331,2.509,1242800,3109926.6,EQNL
2010-05-26,2.51,2.65,2.51,2.649,1255100,3255710.0,EQNL
2010-05-27,2.689,2.819,2.665,2.781,1567300,4304474.3,EQNL
2010-05-28,2.781,2.794,2.731,2.785,1039500,2867057.1,EQNL
2010-05-31,2.784,2.85,2.735,2.764,2097700,5832960.3,EQNL
2010-06-01,2.749,2.796,2.635,2.77,2320200,6246027.1,EQNL
2010-06-02,2.7,2.868,2.689,2.848,4183100,11700993.6,EQNL
2010-06-03,2.879,2.975,2.864,2.909,9370000,27566315.8,EQNL
2010-06-04,2.893,2.893,2.75,2.782,1650300,4669451.7,EQNL
2010-06-07,2.7,2.75,2.635,2.717,688000,1851241.8,EQNL
2010-06-08,2.706,2.745,2.635,2.67,1215000,3253845.4,EQNL
2010-06-09,2.672,2.702,2.624,2.65,1135900,3008569.2,EQNL
2010-06-10,2.652,2.675,2.601,2.665,3291400,8688065.0,EQNL
2010-06-11,2.672,2.672,2.526,2.539,2766000,7075371.7,EQNL
2010-06-15,2.54,2.621,2.501,2.602,9829500,25013274.3,EQNL
2010-06-16,2.645,2.65,2.575,2.6,3113600,8109912.8,EQNL
2010-06-17,2.602,2.602,2.55,2.584,9830000,25292179.5,EQNL
2010-06-18,2.588,2.625,2.572,2.612,2044500,5286911.4,EQNL
2010-06-21,2.626,2.694,2.626,2.651,3174900,8408911.5,EQNL
2010-06-22,2.642,2.65,2.55,2.601,1369500,3562186.3,EQNL
2010-06-23,2.601,2.61,2.57,2.589,614300,1591799.6,EQNL
2010-06-24,2.592,2.618,2.55,2.57,807100,2087855.7,EQNL
2010-06-25,2.525,2.592,2.475,2.492,1570600,3933846.3,EQNL
2010-06-28,2.761,2.761,2.48,2.506,503600,1266547.5,EQNL
2010-06-29,2.492,2.499,2.42,2.45,2500100,6127928.1,EQNL
2010-06-30,2.6,2.6,2.391,2.447,1554700,3756155.6,EQNL
2010-07-01,2.441,2.446,2.405,2.423,2326500,5636254.1,EQNL
2010-07-02,2.426,2.498,2.407,2.442,154600,374346.6,EQNL
2010-07-05,2.462,2.47,2.332,2.382,3004000,7144528.4,EQNL
2010-07-06,2.385,2.547,2.385,2.525,3389300,8464949.7,EQNL
2010-07-07,2.499,2.5,2.455,2.486,198000,491309.9,EQNL
2010-07-08,2.512,2.644,2.512,2.559,2073300,5364477.3,EQNL
2010-07-09,2.568,2.59,2.52,2.55,211300,538226.2,EQNL
2010-07-12,2.538,2.61,2.528,2.6,586900,1518456.8,EQNL
2010-07-13,2.588,2.647,2.55,2.633,1663000,4364586.2,EQNL
2010-07-14,2.71,2.71,2.615,2.638,680200,1802610.4,EQNL
2010-07-15,2.648,2.66,2.564,2.588,497800,1292995.1,EQNL
2010-07-16,2.588,2.61,2.543,2.595,2487000,6401452.7,EQNL
2010-07-19,2.598,2.623,2.588,2.597,273400,710403.1,EQNL
2010-07-20,2.608,2.699,2.608,2.688,3314300,8840704.5,EQNL
2010-07-21,2.698,2.866,2.698,2.76,4673500,12910707.1,EQNL
2010-07-22,2.744,2.828,2.652,2.774,1810300,4914441.8,EQNL
2010-07-23,2.79,2.893,2.75,2.878,5269200,14914881.7,EQNL
2010-07-26,2.907,3.05,2.823,2.842,1698400,4904578.6,EQNL
2010-07-27,2.862,2.96,2.763,2.877,2293800,6586118.8,EQNL
2010-07-28,2.874,2.907,2.798,2.81,3905000,11079545.0,EQNL
2010-07-29,2.76,2.88,2.76,2.839,12015300,33884638.6,EQNL
2010-07-30,2.824,2.878,2.793,2.83,2290500,6485273.9,EQNL
2010-08-02,2.975,2.975,2.815,2.89,3134400,9031003.0,EQNL
2010-08-03,2.646,2.949,2.646,2.869,2994400,8621339.4,EQNL
2010-08-04,2.878,2.889,2.84,2.859,1074400,3066665.0,EQNL
2010-08-05,2.869,2.949,2.845,2.869,18565600,54119858.5,EQNL
2010-08-06,2.853,2.929,2.853,2.915,4664700,13591945.6,EQNL
2010-08-09,2.922,2.955,2.89,2.899,2175100,6349699.5,EQNL
2010-08-10,2.89,2.891,2.845,2.861,698300,1996240.1,EQNL
2010-08-11,2.861,2.869,2.72,2.75,1871000,5194529.4,EQNL
2010-08-12,2.735,2.76,2.69,2.73,5121200,13948037.3,EQNL
2010-08-13,2.735,2.785,2.69,2.735,624000,1711276.8,EQNL
2010-08-16,2.735,2.749,2.66,2.696,11359700,30507581.2,EQNL
2010-08-17,2.681,2.748,2.681,2.748,946300,2572147.5,EQNL
2010-08-18,2.748,2.765,2.638,2.71,1924600,5170462.6,EQNL
2010-08-19,2.71,2.776,2.7,2.731,2996900,8231130.2,EQNL
2010-08-20,2.731,2.749,2.684,2.705,1102900,2981988.7,EQNL
2010-08-23,2.706,2.733,2.65,2.7,359700,970247.1,EQNL
2010-08-24,2.684,2.684,2.622,2.67,1459300,3879412.0,EQNL
2010-08-25,2.671,2.692,2.62,2.662,2459700,6555571.2,EQNL
2010-08-26,2.672,2.702,2.65,2.689,781600,2083352.5,EQNL
2010-08-27,2.682,2.694,2.604,2.689,1100100,2919038.2,EQNL
2010-08-30,2.71,2.778,2.68,2.729,2609000,7159740.0,EQNL
2010-08-31,2.706,2.73,2.652,2.692,784900,2124051.9,EQNL
2010-09-01,2.689,2.825,2.679,2.825,6206800,17033753.6,EQNL
2010-09-02,2.81,2.857,2.783,2.8,1054800,2969715.6,EQNL
2010-09-03,2.821,2.844,2.78,2.829,1097000,3089228.9,EQNL
2010-09-06,2.84,2.876,2.777,2.816,1752500,4933827.8,EQNL
2010-09-07,2.816,2.828,2.71,2.769,2596500,7160718.4,EQNL
2010-09-08,2.825,2.825,2.761,2.788,1628800,4544793.9,EQNL
2010-09-09,2.712,2.84,2.712,2.832,1921200,5407483.8,EQNL
2010-09-10,2.818,2.947,2.807,2.94,4317200,12477414.4,EQNL
2010-09-13,3.002,3.025,2.929,2.971,2398100,7112024.7,EQNL
2010-09-14,2.974,3.02,2.86,2.92,2168500,6382197.4,EQNL
2010-09-15,2.936,2.976,2.86,2.976,2560400,7478662.9,EQNL
2010-09-16,2.961,2.979,2.88,2.924,1977900,5779911.2,EQNL
2010-09-17,2.963,2.969,2.878,2.879,762400,2215262.5,EQNL
2010-09-20,2.933,2.933,2.85,2.929,951100,2744736.4,EQNL
2010-09-21,2.929,2.992,2.906,2.964,2513900,7431382.5,EQNL
2010-09-22,2.953,2.965,2.92,2.936,1690400,4970316.2,EQNL
2010-09-23,2.941,2.952,2.907,2.935,2096500,6139914.1,EQNL
2010-09-24,2.936,2.94,2.92,2.934,545800,1597569.8,EQNL
2010-09-27,2.94,2.969,2.92,2.948,1992900,5857935.4,EQNL
2010-09-28,2.948,2.971,2.894,2.913,748700,2182480.7,EQNL
2010-09-29,2.907,2.928,2.897,2.919,1478700,4298162.9,EQNL
2010-09-30,2.926,3.069,2.917,3.024,8788500,26464845.2,EQNL
2010-10-01,3.036,3.044,2.974,3.012,2147600,6479033.6,EQNL
2010-10-04,3.019,3.039,2.955,3.023,1672700,5054903.3,EQNL
2010-10-05,3.036,3.055,2.962,3.054,1720300,5191675.6,EQNL
2010-10-06,3.055,3.144,3.001,3.119,12535500,38755265.6,EQNL
2010-10-07,3.121,3.139,3.051,3.095,3499900,10798862.7,EQNL
2010-10-08,3.068,3.1,3.051,3.087,1310800,4044874.4,EQNL
2010-10-11,3.105,3.17,3.07,3.1,1208700,3769389.9,EQNL
2010-10-12,3.111,3.111,3.08,3.095,3448400,10657525.6,EQNL
2010-10-13,3.086,3.12,3.08,3.094,1396100,4319868.0,EQNL
2010-10-14,3.096,3.121,3.06,3.089,2252800,7000207.7,EQNL
2010-10-15,3.072,3.12,3.004,3.1,2852700,8836085.5,EQNL
2010-10-18,3.11,3.143,3.07,3.133,1555700,4852621.6,EQNL
2010-10-19,3.149,3.155,3.081,3.099,1944500,6049494.5,EQNL
2010-10-20,3.085,3.108,3.035,3.104,1615500,4961275.0,EQNL
2010-10-21,3.107,3.149,3.061,3.125,2317600,7222263.7,EQNL
2010-10-22,3.13,3.145,3.08,3.115,1792700,5565452.0,EQNL
2010-10-25,3.144,3.17,3.101,3.141,7317500,23055258.7,EQNL
2010-10-26,3.144,3.15,3.109,3.144,4480500,14006299.0,EQNL
2010-10-27,3.141,3.241,3.112,3.16,6474400,20671820.0,EQNL
2010-10-28,3.161,3.267,3.136,3.237,6602000,21113102.1,EQNL
2010-10-29,3.222,3.39,3.205,3.332,13335800,44275861.9,EQNL
2010-11-01,3.35,3.35,3.29,3.33,7478000,24761617.6,EQNL
2010-11-02,3.33,3.347,3.306,3.327,1695700,5625588.6,EQNL
2010-11-03,3.303,3.333,3.27,3.325,1070000,3550243.6,EQNL
2010-11-08,3.379,3.379,3.275,3.301,1956300,6487142.5,EQNL
2010-11-09,3.311,3.457,3.3,3.457,9392100,31996711.9,EQNL
2010-11-10,3.457,3.55,3.34,3.43,8151900,27831180.5,EQNL
2010-11-11,3.343,3.343,3.201,3.325,8638400,28488952.7,EQNL
2010-11-12,3.201,3.359,3.201,3.32,4478500,14787320.5,EQNL
2010-11-13,3.35,3.394,3.268,3.314,2537700,8373913.3,EQNL
2010-11-15,3.33,3.353,3.28,3.336,9771800,32339299.4,EQNL
2010-11-16,3.339,3.339,3.28,3.288,4606300,15187852.3,EQNL
2010-11-17,3.278,3.298,3.219,3.249,1075300,3496101.3,EQNL
2010-11-18,3.252,3.295,3.225,3.278,1106000,3615930.7,EQNL
2010-11-19,3.291,3.31,3.22,3.243,944700,3069687.7,EQNL
2010-11-22,3.251,3.253,3.216,3.24,1463800,4732624.7,EQNL
2010-11-23,3.227,3.252,3.201,3.24,2659100,8596962.8,EQNL
2010-11-24,3.25,3.251,3.151,3.239,2188300,7010107.8,EQNL
2010-11-25,3.24,3.508,3.203,3.475,8523600,28794309.2,EQNL
2010-11-26,3.394,3.472,3.35,3.434,2897000,9935085.3,EQNL
2010-11-29,3.434,3.448,3.317,3.412,1295100,4362156.9,EQNL
2010-11-30,3.416,3.48,3.399,3.471,2505200,8647360.6,EQNL
2010-12-01,3.505,3.514,3.467,3.512,3669100,12835746.2,EQNL
2010-12-02,3.516,3.615,3.5,3.536,2214700,7933554.6,EQNL
2010-12-03,3.588,3.615,3.47,3.498,1611100,5683746.2,EQNL
2010-12-06,3.5,3.562,3.445,3.5,1725800,6011381.6,EQNL
2010-12-07,3.516,3.544,3.4,3.502,2150300,7499049.2,EQNL
2010-12-08,3.489,3.489,3.419,3.459,1721800,5960663.1,EQNL
2010-12-09,3.475,3.475,3.2,3.384,834900,2826193.2,EQNL
2010-12-10,3.38,3.448,3.337,3.448,733000,2492816.3,EQNL
2010-12-13,3.448,3.5,3.399,3.439,1124000,3873606.8,EQNL
2010-12-14,3.421,3.46,3.353,3.404,4363400,14777572.7,EQNL
2010-12-15,3.405,3.433,3.382,3.405,1985600,6778232.8,EQNL
2010-12-16,3.42,3.434,3.359,3.408,546300,1851696.5,EQNL
2010-12-17,3.421,3.439,3.395,3.433,699200,2386838.8,EQNL
2010-12-20,3.435,3.443,3.349,3.388,926400,3127520.6,EQNL
2010-12-21,3.388,3.415,3.38,3.4,714900,2433852.4,EQNL
2010-12-22,3.382,3.428,3.371,3.398,801800,2717231.6,EQNL
2010-12-23,3.382,3.452,3.345,3.36,11040400,37287947.1,EQNL
2010-12-24,3.357,3.373,3.345,3.373,5931100,19934222.6,EQNL
2010-12-27,3.365,3.37,3.338,3.355,801400,2688839.7,EQNL
2010-12-28,3.35,3.351,3.318,3.336,1149700,3837036.7,EQNL
2010-12-29,3.335,3.421,3.318,3.416,1834100,6174686.0,EQNL
2010-12-30,3.395,3.482,3.352,3.447,3689200,12658257.3,EQNL
2011-01-11,3.421,3.48,3.408,3.471,816500,2817447.0,EQNL
2011-01-12,3.375,3.68,3.375,3.605,6486800,23019235.3,EQNL
2011-01-13,3.601,3.601,3.515,3.544,3580200,12730414.4,EQNL
2011-01-14,3.544,3.55,3.461,3.541,2624600,9244817.5,EQNL
2011-01-17,3.516,3.545,3.467,3.52,1098900,3861833.3,EQNL
2011-01-18,3.512,3.529,3.457,3.514,1165300,4073909.0,EQNL
2011-01-19,3.539,3.539,3.48,3.485,646900,2270786.3,EQNL
2011-01-20,3.48,3.485,3.423,3.439,1049200,3609165.2,EQNL
2011-01-21,3.445,3.488,3.36,3.43,757000,2587681.8,EQNL
2011-01-24,3.435,3.448,3.33,3.33,1738900,5863808.7,EQNL
2011-01-25,3.355,3.382,3.33,3.379,810400,2718769.8,EQNL
2011-01-26,3.382,3.416,3.356,3.37,919100,3108825.2,EQNL
2011-01-27,3.372,3.46,3.37,3.426,5196200,17707446.3,EQNL
2011-01-28,3.413,3.435,3.369,3.376,1897500,6420077.1,EQNL
2011-01-31,3.361,3.399,3.274,3.399,2872500,9567315.5,EQNL
2011-02-01,3.359,3.411,3.354,3.379,1044700,3539403.0,EQNL
2011-02-02,3.352,3.439,3.352,3.37,3039100,10338046.0,EQNL
2011-02-03,3.379,3.387,3.33,3.355,895000,3017075.3,EQNL
2011-02-04,3.355,3.39,3.298,3.369,3449500,11534998.0,EQNL
2011-02-07,3.369,3.399,3.31,3.34,427000,1426409.1,EQNL
2011-02-08,3.342,3.362,3.303,3.31,548200,1820916.1,EQNL
2011-02-09,3.31,3.315,3.267,3.274,1006800,3304710.3,EQNL
2011-02-10,3.291,3.294,3.175,3.226,872900,2813319.9,EQNL
2011-02-11,3.192,3.23,3.095,3.19,1958000,6210907.5,EQNL
2011-02-14,3.215,3.247,3.175,3.19,537400,1718071.0,EQNL
2011-02-15,3.202,3.297,3.15,3.177,593400,1888507.9,EQNL
2011-02-16,3.008,3.182,3.008,3.179,1209100,3806823.8,EQNL
2011-02-17,3.39,3.39,3.11,3.119,885300,2803484.0,EQNL
2011-02-18,3.292,3.292,2.955,2.997,5432500,16419803.7,EQNL
2011-02-21,3.0,3.03,2.95,2.999,1744500,5198629.0,EQNL
2011-02-22,3.079,3.079,2.902,2.939,1160500,3402555.2,EQNL
2011-02-24,2.916,2.949,2.863,2.89,3456800,9984533.2,EQNL
2011-02-25,2.867,2.953,2.855,2.9,4078800,11837098.4,EQNL
2011-02-28,2.921,2.994,2.879,2.994,1558600,4612715.8,EQNL
2011-03-01,3.0,3.097,2.9599,2.9894,1767000,5286819.7,EQNL
2011-03-02,2.9156,2.986,2.8999,2.9739,1616000,4717922.5,EQNL
2011-03-03,2.974,2.975,2.9102,2.95,2160000,6334066.4,EQNL
2011-03-04,2.9499,2.9799,2.92,2.9398,872000,2569190.8,EQNL
2011-03-05,2.9687,2.9687,2.9151,2.95,462000,1363138.2,EQNL
2011-03-09,2.9505,2.9505,2.9004,2.94,1017000,2968267.8,EQNL
2011-03-10,2.928,2.928,2.886,2.9169,1656000,4809174.0,EQNL
2011-03-11,2.894,2.8994,2.811,2.82,3739000,10645922.9,EQNL
2011-03-14,2.8012,2.8012,2.73,2.7499,1898000,5256932.1,EQNL
2011-03-15,2.755,2.755,2.603,2.6491,1147000,3029875.2,EQNL
2011-03-16,2.67,2.709,2.6593,2.6984,892000,2395583.7,EQBR
2011-03-17,2.6702,2.7086,2.6022,2.7086,1992000,5287033.9,EQBR
2011-03-18,2.739,2.786,2.6601,2.6801,6488000,17632358.8,EQBR
2011-03-21,2.697,2.73,2.66,2.73,1301000,3504194.3,EQBR
2011-03-22,2.718,2.8289,2.6812,2.79,631000,1728790.3,EQBR
2011-03-23,2.78,2.8289,2.7529,2.8289,3488000,9733989.8,EQBR
2011-03-24,2.84,2.9356,2.801,2.9356,2822000,8118938.3,EQBR
2011-03-25,3.351,3.351,2.8557,3.015,3594000,10650813.8,EQBR
2011-03-28,2.9551,3.01,2.9501,2.962,225000,670100.6,EQBR
2011-03-29,2.93,2.95,2.857,2.8785,1541000,4502596.5,EQBR
2011-03-30,2.87,2.99,2.87,2.95,782000,2286656.7,EQBR
2011-03-31,2.9572,3.0,2.957,3.0,698000,2073147.6,EQBR
2011-04-01,2.9113,3.07,2.9113,3.0238,6624000,20042667.5,EQBR
2011-04-04,3.0004,3.069,3.0,3.02,1320000,3997120.5,EQBR
2011-04-05,3.0297,3.091,2.961,2.9992,2329000,7040845.0,EQBR
2011-04-06,3.022,3.089,2.9636,3.0,5349000,16223067.5,EQBR
2011-04-07,2.9861,2.9861,2.5555,2.91,2984000,8619038.8,EQBR
2011-04-08,2.9101,2.986,2.8115,2.8311,1604000,4593504.3,EQBR
2011-04-11,2.863,2.885,2.84,2.85,1125000,3220099.1,EQBR
2011-04-12,2.8499,2.8499,2.7511,2.7598,723000,2011563.5,EQBR
2011-04-13,2.7693,2.77,2.72,2.7442,826000,2266144.8,EQBR
2011-04-14,2.7342,2.7799,2.6999,2.7298,4367000,11932219.1,EQBR
2011-04-15,2.6961,2.7611,2.6961,2.7399,1291000,3542303.5,EQBR
2011-04-18,2.7301,2.7801,2.58,2.5999,3297000,8969034.0,EQBR
2011-04-19,2.5558,2.659,2.5,2.6345,5036000,13073597.5,EQBR
2011-04-20,2.6589,2.6989,2.58,2.603,1220000,3200258.3,EQBR
2011-04-21,2.6501,2.6734,2.5514,2.59,1609000,4221483.7,EQBR
2011-04-22,2.5867,2.63,2.5867,2.6198,343000,895392.1,EQBR
2011-04-25,2.62,2.735,2.5998,2.6214,3058000,8150625.4,EQBR
2011-04-26,2.5906,2.6134,2.5892,2.6098,760000,1976585.1,EQBR
2011-04-27,2.5901,2.6202,2.5121,2.5421,1778000,4556066.9,EQBR
2011-04-28,2.542,2.55,2.51,2.5499,2552000,6469852.5,EQBR
2011-04-29,2.5019,2.61,2.4601,2.61,1316000,3360382.3,EQBR
2011-05-03,2.6,2.6,2.48,2.535,647000,1625916.1,EQBR
2011-05-04,2.4871,2.5425,2.4423,2.4798,1919000,4796861.0,EQBR
2011-05-05,2.4999,2.5425,2.44,2.5062,862000,2136020.7,EQBR
2011-05-06,2.4406,2.536,2.4401,2.536,255000,636122.1,EQBR
2011-05-10,2.5009,2.5501,2.5,2.5345,907000,2282370.1,EQBR
2011-05-11,2.5001,2.5701,2.5001,2.5408,696000,1760792.1,EQBR
2011-05-12,2.5104,2.5408,2.5,2.5075,142000,355442.8,EQBR
2011-05-13,2.5399,2.5406,2.51,2.534,436000,1101529.4,EQBR
2011-05-16,2.435,2.5405,2.435,2.5399,958000,2413882.8,EQBR
2011-05-17,2.5,2.5969,2.4899,2.5497,1067000,2673260.1,EQBR
2011-05-18,2.5009,2.5009,2.4544,2.4999,1766000,4363641.0,EQBR
2011-05-19,2.4603,2.4998,2.4545,2.4869,465000,1147318.8,EQBR
2011-05-20,2.4911,2.54,2.49,2.49,291000,727154.4,EQBR
2011-05-23,2.46,2.4698,2.4,2.41,547000,1327829.5,EQBR
2011-05-24,2.3977,2.4688,2.3703,2.4199,618000,1486491.0,EQBR
2011-05-25,2.3653,2.4196,2.3,2.3725,1015000,2393420.1,EQBR
2011-05-26,2.3798,2.408,2.35,2.4053,721000,1704131.2,EQBR
2011-05-27,2.395,2.4779,2.395,2.4299,322000,784275.8,EQBR
2011-05-30,2.461,2.461,2.37,2.3899,908000,2186834.6,EQBR
2011-05-31,2.3899,2.4399,2.3899,2.435,808000,1964098.0,EQBR
2011-06-01,2.4172,2.4997,2.4172,2.4996,1101000,2723792.4,EQBR
2011-06-02,2.4,2.5299,2.4,2.5299,793000,1964080.0,EQBR
2011-06-03,2.51,2.5845,2.48,2.512,381000,966206.6,EQBR
2011-06-06,2.4989,2.564,2.4798,2.48,694000,1728673.6,EQBR
2011-06-07,2.4677,2.528,2.4676,2.5169,1064000,2651553.6,EQBR
2011-06-08,2.5296,2.5554,2.46,2.5059,438000,1096735.8,EQBR
2011-06-09,2.506,2.5499,2.4675,2.52,566000,1420865.8,EQBR
2011-06-10,2.501,2.5249,2.4726,2.5249,508000,1272550.1,EQBR
2011-06-14,2.486,2.535,2.4771,2.526,693000,1740694.0,EQBR
2011-06-15,2.5286,2.6299,2.5036,2.5498,701000,1793264.0,EQBR
2011-06-16,2.4809,2.5439,2.4809,2.5299,444000,1117383.7,EQBR
2011-06-17,2.526,2.526,2.4967,2.5194,540000,1351185.1,EQBR
2011-06-20,2.506,2.5225,2.4961,2.5109,188000,470626.6,EQBR
2011-06-21,2.4961,2.5221,2.4961,2.5159,212000,531894.4,EQBR
2011-06-22,2.4961,2.5075,2.47,2.5075,228000,565502.6,EQBR
2011-06-23,2.496,2.5051,2.4288,2.43,461000,1135116.7,EQBR
2011-06-24,2.452,2.475,2.44,2.45,338000,828664.2,EQBR
2011-06-27,2.4481,2.4649,2.3547,2.4199,585000,1410913.1,EQBR
2011-06-28,2.42,2.495,2.42,2.4797,327000,796232.4,EQBR
2011-06-29,2.4749,2.51,2.4501,2.47,175000,432108.4,EQBR
2011-06-30,2.45,2.4899,2.4005,2.4468,4136000,10076835.2,EQBR
2011-07-01,2.4271,2.4698,2.4002,2.4698,638000,1557749.8,EQBR
2011-07-04,2.4951,2.4951,2.43,2.448,577000,1409039.7,EQBR
2011-07-05,2.449,2.54,2.4036,2.5299,1656000,4128177.2,EQBR
2011-07-06,2.4933,2.5478,2.4801,2.5142,1159000,2901359.6,EQBR
2011-07-07,2.516,2.6186,2.516,2.6051,3049000,7802155.4,EQBR
2011-07-08,2.5551,2.62,2.53,2.6179,877000,2277961.1,EQBR
2011-07-11,2.6,2.6148,2.59,2.6148,1020000,2651945.2,EQBR
2011-07-12,2.5999,2.6005,2.55,2.5794,936000,2431846.7,EQBR
2011-07-13,2.5607,2.5698,2.53,2.5545,362000,923145.7,EQBR
2011-07-14,2.55,2.599,2.535,2.56,2671000,6868666.4,EQBR
2011-07-15,2.532,2.5399,2.5071,2.5377,197000,497800.4,EQBR
2011-07-18,2.5071,2.538,2.4566,2.4849,235000,588360.1,EQBR
2011-07-19,2.3399,2.53,2.3399,2.4969,2742000,6843506.6,EQBR
2011-07-20,2.5,2.5215,2.47,2.4899,452000,1127361.4,EQBR
2011-07-21,2.489,2.559,2.477,2.527,5114000,12885127.1,EQBR
2011-07-22,2.53,2.5699,2.53,2.56,836000,2130800.4,EQBR
2011-07-25,2.557,2.5599,2.5201,2.5425,205000,519405.7,EQBR
2011-07-26,2.5689,2.569,2.52,2.5299,442000,1123483.7,EQBR
2011-07-27,2.516,2.52,2.4591,2.5059,403000,1006065.4,EQBR
2011-07-28,2.4861,2.5,2.4611,2.479,377000,934824.2,EQBR
2011-07-29,2.467,2.4682,2.451,2.4682,467000,1145560.0,EQBR
2011-08-01,2.477,2.5614,2.4712,2.478,273000,680157.7,EQBR
2011-08-02,2.475,2.475,2.45,2.458,50000,122822.1,EQBR
2011-08-03,2.4542,2.475,2.366,2.366,1263000,3060246.2,EQBR
2011-08-04,2.4145,2.4145,2.3061,2.348,639000,1505780.3,EQBR
2011-08-05,2.3005,2.3201,2.25,2.3043,1764000,3989129.4,EQBR
2011-08-08,2.2123,2.22,2.0401,2.17,1738000,3753597.1,EQBR
2011-08-09,2.011,2.1468,1.8621,2.0598,3770000,7420891.8,EQBR
2011-08-10,2.149,2.149,1.85,1.949,980000,1943790.1,EQBR
2011-08-11,1.9697,1.9697,1.8,1.94,1928000,3639312.7,EQBR
2011-08-12,2.2305,2.2305,1.8363,1.9699,7087000,14160008.7,EQBR
2011-08-15,2.1,2.1488,1.9827,2.074,3123000,6284195.3,EQBR
2011-08-16,2.068,2.177,1.9704,2.041,1430000,2937542.9,EQBR
2011-08-17,2.07,2.1324,1.9702,2.0884,4450000,9200403.3,EQBR
2011-08-18,2.0003,2.0995,1.9,1.9895,1724000,3433288.6,EQBR
2011-08-19,1.9012,1.999,1.8801,1.9299,1968000,3785890.9,EQBR
2011-08-22,1.93,2.0,1.8204,1.98,1774000,3478856.2,EQBR
2011-08-23,1.99,2.0356,1.9324,1.9683,316000,628747.8,EQBR
2011-08-24,1.9094,1.995,1.9093,1.9697,246000,485288.2,EQBR
2011-08-25,1.97,2.03,1.9418,1.9999,189000,376495.5,EQBR
2011-08-26,1.9799,1.9955,1.9354,1.9402,83000,162266.6,EQBR
2011-08-29,2.2175,2.2175,1.9602,1.9969,390000,781278.1,EQBR
2011-08-30,2.0387,2.0387,1.9606,2.02,580000,1159547.2,EQBR
2011-08-31,2.024,2.059,2.0001,2.055,1760000,3606783.7,EQBR
2011-09-01,2.056,2.056,2.0,2.04,565000,1143394.9,EQBR
2011-09-02,2.03,2.071,2.0001,2.0001,853000,1753961.1,EQBR
2011-09-05,1.989,1.989,1.9301,1.9455,493000,963926.2,EQBR
2011-09-06,1.931,1.9675,1.9234,1.9455,434000,841161.7,EQBR
2011-09-07,1.931,2.03,1.931,2.03,1654000,3315507.9,EQBR
2011-09-08,2.0126,2.0877,2.011,2.0569,691000,1419747.1,EQBR
2011-09-09,2.0469,2.15,1.9844,1.9998,757000,1534485.8,EQBR
2011-09-12,1.9767,1.9767,1.894,1.8999,863000,1654927.4,EQBR
2011-09-13,1.92,1.98,1.868,1.9138,422000,805079.7,EQBR
2011-09-14,1.901,1.955,1.88,1.908,376000,724691.0,EQBR
2011-09-15,1.908,1.9598,1.908,1.9229,350000,678545.9,EQBR
2011-09-16,1.9228,1.9309,1.908,1.9149,660000,1267356.9,EQBR
2011-09-19,1.916,1.916,1.852,1.87,641000,1214262.6,EQBR
2011-09-20,1.8789,1.916,1.8527,1.8601,1102000,2055565.3,EQBR
2011-09-21,1.8705,1.8709,1.86,1.8645,154000,286799.2,EQBR
2011-09-22,1.825,1.8501,1.6501,1.68,2671000,4644744.6,EQBR
2011-09-23,1.65,1.6675,1.55,1.6097,1272000,2045113.1,EQBR
2011-09-26,1.5006,1.6165,1.5006,1.5947,1504000,2344277.9,EQBR
2011-09-27,1.595,1.615,1.57,1.5888,7641000,12151635.1,EQBR
2011-09-28,1.5773,1.5773,1.496,1.5,2105000,3198595.4,EQBR
2011-09-29,1.48,1.542,1.462,1.534,11363000,17088597.8,EQBR
2011-09-30,1.511,1.511,1.4446,1.4798,6401000,9480372.1,EQBR
2011-10-03,1.4699,1.47,1.4,1.4393,378000,537232.3,EQBR
2011-10-04,1.41,1.4378,1.35,1.3729,11631000,16339238.9,EQBR
2011-10-05,1.375,1.3985,1.3016,1.35,5166000,6912060.0,EQBR
2011-10-06,1.3895,1.4,1.3413,1.372,4244000,5784112.8,EQBR
2011-10-07,1.38,1.405,1.377,1.395,2393000,3341431.5,EQBR
2011-10-10,1.403,1.47,1.39,1.4555,4018000,5726439.3,EQBR
2011-10-11,1.481,1.481,1.412,1.4428,5714000,8251882.7,EQBR
2011-10-12,1.41,1.482,1.41,1.482,2208000,3215907.6,EQBR
2011-10-13,1.476,1.526,1.45,1.505,5295000,7917390.0,EQBR
2011-10-14,1.5397,1.625,1.505,1.5696,8049000,12714394.9,EQBR
2011-10-17,1.589,1.6494,1.53,1.56,2361000,3738490.9,EQBR
2011-10-18,1.518,1.5999,1.504,1.5945,1969000,3055466.6,EQBR
2011-10-19,1.595,1.678,1.55,1.63,9424000,15093038.6,EQBR
2011-10-20,1.6105,1.62,1.55,1.6099,2928000,4620646.3,EQBR
2011-10-21,1.6002,1.62,1.596,1.616,2631000,4239735.9,EQBR
2011-10-24,1.6021,1.64,1.5702,1.64,2702000,4398436.1,EQBR
2011-10-25,1.64,1.65,1.5601,1.5866,1820000,2949389.9,EQBR
2011-10-26,1.5759,1.653,1.5759,1.6311,1386000,2260267.4,EQBR
2011-10-27,1.6329,1.684,1.575,1.6299,4154000,6759796.9,EQBR
2011-10-28,1.6399,1.68,1.5855,1.6152,3376000,5582902.8,EQBR
2011-10-31,1.614,1.691,1.6015,1.691,5370000,8821342.7,EQBR
2011-11-01,1.6471,1.7899,1.6471,1.69,9011000,15444505.1,EQBR
2011-11-02,1.709,1.7425,1.685,1.7287,2517000,4294790.9,EQBR
2011-11-03,1.6678,1.7763,1.6312,1.75,5646000,9711794.0,EQBR
2011-11-07,1.7218,1.8789,1.7218,1.8398,8911000,16033509.3,EQBR
2011-11-08,1.8515,1.86,1.785,1.794,2081000,3775322.4,EQBR
2011-11-09,1.8,1.8243,1.7031,1.7199,1181000,2069526.8,EQBR
2011-11-10,1.6992,1.725,1.6284,1.7179,2306000,3893919.2,EQBR
2011-11-11,1.7177,1.749,1.6506,1.71,3451000,5903500.8,EQBR
2011-11-14,1.7111,1.819,1.711,1.7646,1506000,2678050.4,EQBR
2011-11-15,1.7521,1.7795,1.7301,1.7721,2771000,4861249.4,EQBR
2011-11-16,1.779,1.81,1.711,1.7488,866000,1538994.3,EQBR
2011-11-17,1.74,1.7582,1.6866,1.7387,3779000,6565184.6,EQBR
2011-11-18,1.7018,1.715,1.6512,1.6999,1595000,2702548.4,EQBR
2011-11-21,1.6821,1.685,1.5899,1.6403,3153000,5156970.4,EQBR
2011-11-22,1.62,1.71,1.62,1.68,3488000,5819812.8,EQBR
2011-11-23,1.6403,1.6987,1.6299,1.6701,2928000,4855774.2,EQBR
2011-11-24,1.6437,1.655,1.601,1.6445,864000,1413997.1,EQBR
2011-11-25,1.642,1.643,1.61,1.6169,884000,1434473.1,EQBR
2011-11-28,1.7111,1.7111,1.65,1.6907,2304000,3860905.8,EQBR
2011-11-29,1.6716,1.71,1.6715,1.6997,1480000,2510610.0,EQBR
2011-11-30,1.7094,1.75,1.6835,1.74,4220000,7234666.6,EQBR
2011-12-01,1.7398,1.7493,1.7,1.735,3821000,6588120.1,EQBR
2011-12-02,1.6955,1.738,1.6955,1.7297,2949000,5066809.5,EQBR
2011-12-05,1.731,1.7495,1.702,1.7298,1736000,3003903.8,EQBR
2011-12-06,1.7299,1.738,1.63,1.68,1170000,1964353.5,EQBR
2011-12-07,1.684,1.6849,1.61,1.6377,724000,1179768.0,EQBR
2011-12-08,1.6377,1.7,1.6107,1.65,404000,671694.3,EQBR
2011-12-09,1.6193,1.6193,1.5613,1.5979,635000,1009073.6,EQBR
2011-12-12,1.6099,1.6597,1.5723,1.5898,332000,531419.3,EQBR
2011-12-13,1.5679,1.5876,1.54,1.5803,6079000,9450905.6,EQBR
2011-12-14,1.5899,1.6147,1.532,1.532,613000,967729.5,EQBR
2011-12-15,1.5283,1.5497,1.5023,1.54,523000,796138.0,EQBR
2011-12-16,1.5672,1.5896,1.5201,1.5455,3221000,5029582.0,EQBR
2011-12-19,1.5453,1.5453,1.4608,1.4696,901000,1328252.4,EQBR
2011-12-20,1.4797,1.4957,1.4696,1.492,481000,712616.1,EQBR
2011-12-21,1.4703,1.5382,1.445,1.4939,1324000,1967935.8,EQBR
2011-12-22,1.47,1.47,1.4499,1.4499,1660000,2426414.1,EQBR
2011-12-23,1.4476,1.4698,1.415,1.422,951000,1367894.5,EQBR
2011-12-26,1.4178,1.4498,1.38,1.3869,3108000,4360689.6,EQBR
2011-12-27,1.3603,1.39,1.3601,1.39,1408000,1939654.5,EQBR
2011-12-28,1.388,1.41,1.3637,1.3728,1100000,1518105.1,EQBR
2011-12-29,1.37,1.3835,1.3402,1.3592,1098000,1495384.4,EQBR
2011-12-30,1.3739,1.3896,1.3627,1.387,436000,598657.0,EQBR
2012-01-03,1.398,1.4659,1.398,1.4659,293000,420603.3,EQBR
2012-01-04,1.473,1.473,1.4403,1.4689,142000,207090.7,EQBR
2012-01-05,1.4601,1.4741,1.435,1.4665,2920000,4249651.3,EQBR
2012-01-06,1.4724,1.4979,1.4512,1.4841,121000,178792.8,EQBR
2012-01-09,1.4841,1.53,1.48,1.51,98000,147024.8,EQBR
2012-01-10,1.54,1.5689,1.492,1.5499,1462000,2251794.2,EQBR
2012-01-11,1.5229,1.55,1.5229,1.5426,386000,595617.2,EQBR
2012-01-12,1.5426,1.5426,1.5,1.5285,446000,682490.6,EQBR
2012-01-13,1.5151,1.528,1.5,1.5237,1031000,1547124.5,EQBR
2012-01-16,1.4805,1.5153,1.47,1.4997,680000,1008176.7,EQBR
2012-01-17,1.4931,1.5285,1.49,1.5,1271000,1909025.6,EQBR
2012-01-18,1.515,1.54,1.4905,1.5,1555000,2372758.6,EQBR
2012-01-19,1.5152,1.5249,1.514,1.5196,57000,86446.0,EQBR
2012-01-20,1.4854,1.559,1.4854,1.5199,745000,1151655.6,EQBR
2012-01-23,1.5002,1.5298,1.5001,1.511,75000,112803.1,EQBR
2012-01-24,1.5107,1.5148,1.5031,1.5144,48000,72451.7,EQBR
2012-01-25,1.5204,1.5241,1.5062,1.51,376000,569063.2,EQBR
2012-01-26,1.527,1.5965,1.52,1.5897,1688000,2626263.5,EQBR
2012-01-27,1.5684,1.6,1.5649,1.5799,611000,967409.6,EQBR
2012-01-30,1.5501,1.5869,1.55,1.5501,356000,552391.6,EQBR
2012-01-31,1.5898,1.62,1.56,1.6072,3166000,5082951.9,EQBR
2012-02-01,1.554,1.677,1.554,1.654,5185000,8533288.1,EQBR
2012-02-02,1.6605,1.7135,1.65,1.6697,1911000,3172725.7,EQBR
2012-02-03,1.6767,1.72,1.668,1.7015,4817000,8182336.8,EQBR
2012-02-06,1.705,1.7389,1.6866,1.7175,1219000,2075976.4,EQBR
2012-02-07,1.7003,1.7149,1.6512,1.6701,3402000,5755510.4,EQBR
2012-02-08,1.6975,1.7,1.6701,1.6901,1630000,2756913.4,EQBR
2012-02-09,1.67,1.6998,1.65,1.6798,3193000,5294325.4,EQBR
2012-02-10,1.6211,1.693,1.621,1.6555,406000,668891.0,EQBR
2012-02-13,1.6549,1.7089,1.6546,1.7071,2754000,4670318.6,EQBR
2012-02-14,1.7097,1.731,1.68,1.6844,2144000,3668139.9,EQBR
2012-02-15,1.6909,1.744,1.68,1.7092,1374000,2337529.5,EQBR
2012-02-16,1.6999,1.7086,1.65,1.667,1299000,2174908.1,EQBR
2012-02-17,1.67,1.702,1.668,1.7,688000,1162923.3,EQBR
2012-02-20,1.7095,1.84,1.6852,1.7604,5178000,9104124.4,EQBR
2012-02-21,1.7165,1.78,1.7112,1.7249,1202000,2096608.8,EQBR
2012-02-22,1.725,1.738,1.7,1.7299,1010000,1724450.5,EQBR
2012-02-24,1.731,1.7797,1.7206,1.759,3061000,5352773.6,EQBR
2012-02-27,1.7505,1.81,1.7505,1.8045,2281000,4106275.3,EQBR
2012-02-28,1.8045,1.8289,1.7821,1.814,2169000,3923696.0,EQBR
2012-02-29,1.8188,1.83,1.7938,1.814,1441000,2599459.6,EQBR
2012-03-01,1.776,1.8055,1.7656,1.79,2115000,3768135.7,EQBR
2012-03-02,1.7738,1.8024,1.7728,1.78,1612000,2866087.2,EQBR
2012-03-05,1.7792,1.843,1.7792,1.8387,2085000,3799567.0,EQBR
2012-03-06,1.838,1.8423,1.7825,1.7825,1661000,3007355.5,EQBR
2012-03-07,1.7613,1.8499,1.7399,1.8499,4999000,9069741.8,EQBR
2012-03-11,1.88,1.889,1.8263,1.8663,1244000,2309784.0,EQBR
2012-03-12,1.8663,1.9997,1.85,1.942,5576000,10807680.3,EQBR
2012-03-13,1.9794,2.01,1.9405,1.98,6478000,12865065.2,EQBR
2012-03-14,1.9115,2.0967,1.9115,2.09,12181000,24483010.5,EQBR
2012-03-15,2.0567,2.0965,2.0113,2.04,3503000,7183553.9,EQBR
2012-03-16,2.06,2.06,1.956,1.9809,3528000,7049097.3,EQBR
2012-03-19,1.984,2.085,1.953,1.9559,4476000,8870933.6,EQBR
2012-03-20,1.9533,1.969,1.88,1.8999,1566000,3014924.0,EQBR
2012-03-21,1.901,2.0273,1.9,1.9345,1591000,3094110.1,EQBR
2012-03-22,1.923,1.95,1.8618,1.895,804000,1518765.8,EQBR
2012-03-23,1.8998,1.9,1.8201,1.8699,583000,1097043.0,EQBR
2012-03-26,1.871,1.975,1.871,1.953,3199000,6239952.9,EQBR
2012-03-27,1.961,2.007,1.9022,1.9109,2098000,4080578.3,EQBR
2012-03-28,1.9117,1.93,1.8441,1.8677,1409000,2661193.1,EQBR
2012-03-29,1.864,1.884,1.7604,1.7995,1347000,2452706.5,EQBR
2012-03-30,1.8057,1.884,1.8057,1.85,842000,1557857.6,EQBR
2012-04-02,1.8499,1.9,1.81,1.843,693000,1285609.1,EQBR
2012-04-03,1.828,1.864,1.828,1.8522,434000,800374.0,EQBR
2012-04-04,1.843,1.843,1.77,1.779,511000,917130.9,EQBR
2012-04-05,1.7895,1.793,1.711,1.7479,1055000,1835134.5,EQBR
2012-04-06,1.7902,1.7902,1.73,1.7423,248000,430663.6,EQBR
2012-04-09,1.7111,1.7695,1.7009,1.759,640000,1113893.6,EQBR
2012-04-10,1.759,1.79,1.72,1.7397,486000,848354.8,EQBR
2012-04-11,1.7329,1.7623,1.72,1.7623,175000,306005.9,EQBR
2012-04-12,1.75,1.75,1.7,1.72,1110000,1903051.6,EQBR
2012-04-13,1.7221,1.73,1.6814,1.7044,467000,797606.1,EQBR
2012-04-16,1.6702,1.6996,1.6502,1.677,391000,654188.0,EQBR
2012-04-17,1.6869,1.6955,1.625,1.635,1509000,2476135.8,EQBR
2012-04-18,1.65,1.65,1.6,1.62,784000,1266577.2,EQBR
2012-04-19,1.6295,1.6819,1.6295,1.662,485000,803439.8,EQBR
2012-04-20,1.662,1.6798,1.6301,1.6301,769000,1268495.5,EQBR
2012-04-23,1.6201,1.6346,1.605,1.62,113000,182862.4,EQBR
2012-04-24,1.62,1.63,1.5858,1.5979,715000,1142284.8,EQBR
2012-04-25,1.5979,1.64,1.586,1.5926,552000,883869.9,EQBR
2012-04-26,1.62,1.63,1.5002,1.51,985000,1512013.1,EQBR
2012-04-27,1.6554,1.6554,1.4506,1.4769,2991000,4413209.9,EQBR
2012-04-28,1.51,1.51,1.4606,1.48,291000,429197.2,EQBR
2012-05-02,1.4753,1.597,1.475,1.515,748000,1133861.3,EQBR
2012-05-03,1.4771,1.4999,1.468,1.4789,250000,368613.5,EQBR
2012-05-04,1.4629,1.4708,1.417,1.4446,630000,907403.6,EQBR
2012-05-05,1.4106,1.4899,1.4003,1.4357,290000,410653.6,EQBR
2012-05-07,1.4105,1.4739,1.4105,1.4739,103000,147459.1,EQBR
2012-05-08,1.4889,1.4889,1.4166,1.4748,5000,7275.0,EQBR
2012-05-10,1.42,1.485,1.42,1.485,203000,296528.1,EQBR
2012-05-11,1.452,1.452,1.31,1.3704,7222000,9682843.2,EQBR
2012-05-12,1.3402,1.384,1.305,1.3449,4568000,6092241.2,EQBR
2012-05-14,1.3155,1.3296,1.2333,1.2577,3451000,4414237.3,EQBR
2012-05-15,1.2409,1.289,1.212,1.2876,3337000,4170927.9,EQBR
2012-05-16,1.2517,1.3294,1.225,1.2847,1629000,2079359.2,EQBR
2012-05-17,1.2819,1.3599,1.261,1.3,1336000,1782046.4,EQBR
2012-05-18,1.2504,1.3196,1.2022,1.2844,545000,692199.8,EQBR
2012-05-21,1.2781,1.3212,1.252,1.2734,104000,132187.6,EQBR
2012-05-22,1.28,1.3197,1.265,1.289,1605000,2059681.7,EQBR
2012-05-23,1.2507,1.2892,1.2151,1.234,1209000,1484650.1,EQBR
2012-05-24,1.2212,1.233,1.1401,1.1753,1733000,2029470.1,EQBR
2012-05-25,1.1749,1.2574,1.1224,1.2454,7333000,9149070.2,EQBR
2012-05-28,1.197,1.275,1.151,1.2296,667000,816161.4,EQBR
2012-05-29,1.2313,1.2313,1.1777,1.1998,2506000,2978778.7,EQBR
2012-05-30,1.1706,1.1996,1.155,1.1649,442000,517445.9,EQBR
2012-05-31,1.1697,1.1697,1.11,1.1236,1819000,2070183.4,EQBR
2012-06-01,1.1202,1.1495,1.027,1.0484,5500000,5841060.5,EQBR
2012-06-04,1.03,1.038,0.99,1.0098,8124000,8181003.2,EQBR
2012-06-05,1.01,1.0448,1.01,1.0348,1824000,1885922.1,EQBR
2012-06-06,1.0419,1.1171,1.0365,1.1138,6065000,6557906.3,EQBR
2012-06-07,1.1138,1.1588,1.106,1.14,2660000,3025993.2,EQBR
2012-06-08,1.1412,1.1425,1.1112,1.1399,1017000,1157552.7,EQBR
2012-06-09,1.1399,1.1497,1.113,1.119,2720000,3080718.4,EQBR
2012-06-13,1.1397,1.14,1.1114,1.1199,3055000,3465267.2,EQBR
2012-06-14,1.1113,1.1248,1.1,1.1182,735000,813561.8,EQBR
2012-06-15,1.1286,1.1286,1.11,1.1199,1475000,1657354.7,EQBR
2012-06-18,1.12,1.1397,1.11,1.12,1502000,1684985.6,EQBR
2012-06-19,1.1296,1.13,1.09,1.0998,1325000,1463128.1,EQBR
2012-06-20,1.099,1.1012,1.0503,1.08,2815000,3023574.4,EQBR
2012-06-21,1.0603,1.095,1.0301,1.0798,1472000,1569220.5,EQBR
2012-06-22,1.0719,1.0742,1.0505,1.0525,380000,400785.7,EQBR
2012-06-25,1.0346,1.0654,1.0302,1.0431,507000,533139.6,EQBR
2012-06-26,1.026,1.0488,1.026,1.04,647000,673052.5,EQBR
2012-06-27,1.0547,1.1008,1.0303,1.0999,5634000,6046324.5,EQBR
2012-06-28,1.2522,1.2522,1.0651,1.0651,338000,369910.6,EQBR
2012-06-29,1.1094,1.134,1.06,1.1193,1445000,1594461.3,EQBR
2012-07-02,1.14,1.16,1.0719,1.12,639000,718906.9,EQBR
2012-07-03,1.1374,1.149,1.1212,1.1479,3463000,3944730.0,EQBR
2012-07-04,1.154,1.156,1.122,1.156,1196000,1373059.4,EQBR
2012-07-05,1.1687,1.1687,1.13,1.1384,987000,1131661.5,EQBR
2012-07-06,1.1302,1.139,1.1099,1.139,1032000,1150995.3,EQBR
2012-07-09,1.1391,1.1391,1.1208,1.1315,36000,40697.3,EQBR
2012-07-10,1.1442,1.187,1.1371,1.17,6869000,7917144.5,EQBR
2012-07-11,1.1908,1.25,1.159,1.1871,10472000,12744332.7,EQBR
2012-07-12,1.1614,1.21,1.1403,1.1672,2047000,2388883.8,EQBR
2012-07-13,1.1816,1.1817,1.1456,1.16,896000,1037208.4,EQBR
2012-07-16,1.1746,1.1746,1.1592,1.1624,425000,494049.1,EQBR
2012-07-17,1.161,1.192,1.1592,1.1847,2056000,2422127.4,EQBR
2012-07-18,1.185,1.1979,1.15,1.184,4082000,4845283.0,EQBR
2012-07-19,1.1948,1.2019,1.1637,1.1761,4775000,5670050.1,EQBR
2012-07-20,1.1666,1.1784,1.1351,1.1481,2090000,2395579.9,EQBR
2012-07-23,1.1305,1.1305,1.065,1.0849,3814000,4186716.1,EQBR
2012-07-24,1.1299,1.1299,1.0715,1.09,549000,599461.1,EQBR
2012-07-25,1.081,1.1149,1.0799,1.0877,4003000,4400284.1,EQBR
2012-07-26,1.0992,1.1147,1.075,1.1094,661000,726077.6,EQBR
2012-07-27,1.1018,1.125,1.0961,1.125,1506000,1676816.4,EQBR
2012-07-30,1.1128,1.13,1.106,1.1166,211000,236115.0,EQBR
2012-07-31,1.1445,1.1445,1.1081,1.1367,1132000,1273344.8,EQBR
2012-08-01,1.1385,1.15,1.13,1.1475,600000,685934.2,EQBS
2012-08-02,1.1598,1.1598,1.1231,1.1398,844000,973028.4,EQBS
2012-08-03,1.1487,1.1615,1.1111,1.1494,375000,427830.3,EQBS
2012-08-06,1.1494,1.1689,1.1223,1.166,3186000,3642532.4,EQBS
2012-08-07,1.1411,1.1667,1.141,1.162,651000,749406.5,EQBS
2012-08-08,1.151,1.1988,1.14,1.1982,6674000,7747267.3,EQBS
2012-08-09,1.2,1.2248,1.1803,1.209,3325000,4025731.9,EQBS
2012-08-10,1.3135,1.3135,1.1625,1.1847,568000,673423.2,EQBS
2012-08-13,1.1996,1.1996,1.1577,1.1773,1042000,1220060.9,EQBS
2012-08-14,1.18,1.1902,1.16,1.1897,1821000,2160923.3,EQBS
2012-08-15,1.1711,1.1888,1.1611,1.184,658000,770601.5,EQBS
2012-08-16,1.1845,1.2072,1.1768,1.1804,390000,465212.8,EQBS
2012-08-17,1.1939,1.1999,1.18,1.1988,290000,344963.7,EQBS
2012-08-20,1.1768,1.1885,1.168,1.1859,277000,325029.1,EQBS
2012-08-21,1.18,1.2032,1.1717,1.19,1346000,1597415.1,EQBS
2012-08-22,1.18,1.2076,1.18,1.1948,316000,375972.6,EQBS
2012-08-23,1.1997,1.2425,1.19,1.2099,2138000,2590758.5,EQBS
2012-08-24,1.19,1.215,1.19,1.19,867000,1038031.0,EQBS
2012-08-27,1.2098,1.22,1.1914,1.1945,355000,429913.9,EQBS
2012-08-28,1.193,1.2,1.1711,1.18,386000,455954.1,EQBS
2012-08-29,1.1792,1.1897,1.1449,1.1677,1520000,1756359.7,EQBS
2012-08-30,1.1403,1.15,1.1262,1.1385,624000,711323.9,EQBS
2012-08-31,1.1268,1.1654,1.1268,1.1608,661000,764205.4,EQBS
2012-09-03,1.166,1.18,1.166,1.18,5698000,6669036.8,EQBS
2012-09-04,1.271,1.271,1.1612,1.1766,475000,556061.9,EQBS
2012-09-05,1.16,1.1698,1.16,1.1649,1104000,1280770.1,EQBS
2012-09-06,1.16,1.184,1.16,1.184,2086000,2439962.5,EQBS
2012-09-07,1.155,1.2435,1.155,1.2358,8416000,10258604.3,EQBS
2012-09-10,1.2358,1.34,1.2308,1.332,17625000,22322531.1,EQBS
2012-09-11,1.338,1.3687,1.2728,1.3098,25335000,33246881.3,EQBS
2012-09-12,1.3006,1.334,1.2813,1.29,1958000,2572524.7,EQBS
2012-09-13,1.2999,1.3294,1.2895,1.2987,2619000,3391064.5,EQBS
2012-09-14,1.3282,1.4,1.3282,1.3604,11935000,16476384.0,EQBS
2012-09-17,1.3947,1.444,1.3461,1.4173,20564000,28758595.0,EQBS
2012-09-18,1.41,1.4934,1.4018,1.4496,15056000,21897011.4,EQBS
2012-09-19,1.459,1.4843,1.3738,1.4139,5496000,7823227.9,EQBS
2012-09-20,1.3709,1.4177,1.355,1.4177,2369000,3286963.0,EQBS
2012-09-21,1.4177,1.45,1.3998,1.4262,7150000,10048273.7,EQBS
2012-09-24,1.4312,1.4312,1.4013,1.4101,2205000,3122359.1,EQBS
2012-09-25,1.4299,1.447,1.405,1.44,3016000,4317058.2,EQBS
2012-09-26,1.4204,1.438,1.3864,1.394,6158000,8726252.7,EQBS
2012-09-27,1.398,1.46,1.398,1.4346,4362000,6203409.2,EQBS
2012-09-28,1.4694,1.4925,1.4251,1.4499,6159000,8900022.5,EQBS
2012-10-01,1.4563,1.475,1.4141,1.475,1271000,1854781.8,EQBS
2012-10-02,1.4727,1.63,1.43,1.586,6634000,10364247.1,EQBS
2012-10-03,1.5758,1.6699,1.4621,1.5076,6201000,9612417.8,EQBS
2012-10-04,1.5086,1.5855,1.4221,1.4446,4443000,6504703.4,EQBS
2012-10-05,1.4486,1.4889,1.411,1.4889,3025000,4321651.0,EQBS
2012-10-08,1.4775,1.4775,1.401,1.4494,1389000,1983747.1,EQBS
2012-10-09,1.4496,1.4496,1.3706,1.3896,1757000,2463996.4,EQBS
2012-10-10,1.3599,1.3668,1.306,1.3181,4244000,5664096.6,EQBS
2012-10-11,1.3197,1.3269,1.2752,1.323,10713000,13999353.9,EQBS
2012-10-12,1.3294,1.34,1.2816,1.298,1824000,2379058.7,EQBS
2012-10-15,1.3099,1.334,1.2152,1.25,2346000,2965319.9,EQBS
2012-10-16,1.2505,1.2574,1.17,1.1789,17992000,21299521.3,EQBS
2012-10-17,1.18,1.1894,1.1521,1.172,5725000,6695162.2,EQBS
2012-10-18,1.1703,1.2297,1.1702,1.1999,3600000,4373954.7,EQBS
2012-10-19,1.177,1.2245,1.177,1.2245,1489000,1798856.9,EQBS
2012-10-22,1.1908,1.2177,1.185,1.2174,1526000,1828697.6,EQBS
2012-10-23,1.2196,1.2196,1.1711,1.1739,1580000,1867708.7,EQBS
2012-10-24,1.1706,1.1799,1.1417,1.1509,5634000,6486505.3,EQBS
2012-10-25,1.158,1.16,1.1431,1.1469,4128000,4748611.0,EQBS
2012-10-26,1.1422,1.1455,1.115,1.1329,9783000,11055470.5,EQBS
2012-10-29,1.1032,1.1495,1.1032,1.1252,670000,750443.4,EQBS
2012-10-30,1.1211,1.1399,1.1211,1.1398,1549000,1751694.9,EQBS
2012-10-31,1.142,1.1596,1.142,1.1495,3814000,4385925.4,EQBS
2012-11-01,1.151,1.155,1.1231,1.1519,667000,758664.6,EQBS
2012-11-02,1.152,1.169,1.145,1.1555,5274000,6092445.1,EQBS
2012-11-06,1.2029,1.4997,1.17,1.2387,14554000,18127282.6,EQBS
2012-11-07,1.2401,1.279,1.1963,1.2,2828000,3503226.6,EQBS
2012-11-08,1.265,1.265,1.1558,1.173,5524000,6613378.2,EQBS
2012-11-09,1.173,1.2077,1.15,1.16,1107000,1295038.6,EQBS
2012-11-12,1.164,1.19,1.1212,1.1897,1819000,2122802.0,EQBS
2012-11-13,1.182,1.205,1.1403,1.1494,1326000,1541490.4,EQBS
2012-11-14,1.155,1.16,1.142,1.148,688000,793966.7,EQBS
2012-11-15,1.141,1.18,1.1395,1.1795,2183000,2534039.2,EQBS
2012-11-16,1.178,1.2,1.1502,1.1778,1325000,1563042.2,EQBS
2012-11-19,1.1791,1.1901,1.165,1.18,834000,986404.0,EQBS
2012-11-20,1.173,1.178,1.16,1.1679,531000,618210.5,EQBS
2012-11-21,1.1615,1.179,1.16,1.1782,183000,213370.0,EQBS
2012-11-22,1.1779,1.1798,1.161,1.169,480000,560699.3,EQBS
2012-11-23,1.1995,1.2486,1.1985,1.2475,13154000,16180143.1,EQBS
2012-11-26,1.2518,1.2601,1.238,1.2578,8502000,10625369.1,EQBS
2012-11-27,1.247,1.277,1.2411,1.2497,4466000,5631503.0,EQBS
2012-11-28,1.2408,1.246,1.2225,1.245,2220000,2746010.5,EQBS
2012-11-29,1.275,1.28,1.2506,1.2739,3400000,4316661.8,EQBS
2012-11-30,1.2544,1.28,1.254,1.27,2398000,3030266.8,EQBS
2012-12-03,1.385,1.385,1.2551,1.2751,547000,700329.5,EQBS
2012-12-04,1.3925,1.3925,1.255,1.2677,1842000,2325412.8,EQBS
2012-12-05,1.2726,1.2988,1.2726,1.2863,715000,919132.2,EQBS
2012-12-06,1.3075,1.3075,1.261,1.2651,1611000,2047802.0,EQBS
2012-12-07,1.3018,1.3018,1.25,1.2603,4782000,6005270.3,EQBS
2012-12-10,1.245,1.27,1.2417,1.26,439000,553756.6,EQBS
2012-12-11,1.26,1.2602,1.2424,1.25,5552000,6941033.5,EQBS
2012-12-12,1.26,1.28,1.243,1.2573,2656000,3317410.7,EQBS
2012-12-13,1.2463,1.261,1.2424,1.2608,6757000,8514335.2,EQBS
2012-12-14,1.25,1.268,1.2302,1.2302,1345000,1679094.9,EQBS
2012-12-17,1.2262,1.2262,1.2051,1.215,2348000,2859759.9,EQBS
2012-12-18,1.2075,1.2314,1.205,1.2239,4724000,5782208.5,EQBS
2012-12-19,1.2239,1.2323,1.2149,1.2247,632000,774627.9,EQBS
2012-12-20,1.22,1.2343,1.2077,1.2327,672000,823000.3,EQBS
2012-12-21,1.1501,1.22,1.1501,1.202,660000,797441.2,EQBS
2012-12-24,1.2011,1.2148,1.2,1.2044,1629000,1962647.5,EQBS
2012-12-25,1.2011,1.2011,1.189,1.2,763000,910137.0,EQBS
2012-12-26,1.2071,1.2071,1.188,1.192,1014000,1208975.9,EQBS
2012-12-27,1.1891,1.2095,1.1891,1.1998,2740000,3285788.8,EQBS
2012-12-28,1.195,1.2198,1.195,1.2198,1383000,1676630.8,EQBS
2013-01-08,1.228,1.3,1.2279,1.2738,1510000,1916976.2,EQBS
2013-01-09,1.232,1.2696,1.224,1.255,621000,779649.4,EQBS
2013-01-10,1.255,1.27,1.25,1.2635,725000,912507.1,EQBS
2013-01-11,1.2601,1.2698,1.2401,1.2601,844000,1063240.3,EQBS
2013-01-14,1.2543,1.281,1.2503,1.2682,7781000,9897532.8,EQBS
2013-01-15,1.2835,1.29,1.244,1.2639,6290000,7984189.5,EQBS
2013-01-16,1.2638,1.288,1.2541,1.2819,2467000,3152737.7,EQBS
2013-01-17,1.281,1.288,1.2701,1.2759,1086000,1383824.3,EQBS
2013-01-18,1.2809,1.2843,1.251,1.2738,2597000,3320709.2,EQBS
2013-01-21,1.2773,1.2773,1.2501,1.2658,356000,448682.2,EQBS
2013-01-22,1.267,1.267,1.244,1.2578,851000,1065019.2,EQBS
2013-01-23,1.2578,1.2888,1.2578,1.2831,8389000,10700728.3,EQBS
2013-01-24,1.278,1.28,1.261,1.2787,3225000,4095574.9,EQBS
2013-01-25,1.2777,1.2827,1.2709,1.2825,2643000,3377978.6,EQBS
2013-01-28,1.267,1.275,1.2608,1.27,2631000,3338787.3,EQBS
2013-01-29,1.2765,1.29,1.2656,1.2724,7634000,9758779.4,EQBS
2013-01-30,1.2819,1.2865,1.2526,1.2659,3992000,5092387.4,EQBS
2013-01-31,1.2558,1.2692,1.2514,1.2692,1313000,1657520.4,EQBS
2013-02-01,1.2695,1.279,1.2593,1.265,2356000,2992152.5,EQBS
2013-02-04,1.2611,1.2688,1.2551,1.26,1987000,2504631.9,EQBS
2013-02-05,1.256,1.2672,1.256,1.267,780000,983123.4,EQBS
2013-02-06,1.2655,1.268,1.2594,1.2639,744000,940570.9,EQBS
2013-02-07,1.258,1.27,1.2526,1.2685,469000,593910.1,EQBS
2013-02-08,1.2503,1.2699,1.2503,1.2679,314000,396413.8,EQBS
2013-02-11,1.2622,1.265,1.2595,1.262,407000,513324.1,EQBS
2013-02-12,1.2573,1.2573,1.2455,1.256,724000,906479.0,EQBS
2013-02-13,1.2502,1.2645,1.2501,1.2624,864000,1086117.8,EQBS
2013-02-14,1.2619,1.2719,1.2551,1.2576,461000,582475.5,EQBS
2013-02-15,1.2536,1.2543,1.2457,1.2463,419000,523908.4,EQBS
2013-02-18,1.258,1.258,1.2451,1.2525,272000,339993.8,EQBS
2013-02-19,1.2454,1.2578,1.2454,1.2574,57000,71352.0,EQBS
2013-02-20,1.2506,1.2559,1.245,1.2492,428000,534399.7,EQBS
2013-02-21,1.235,1.235,1.2018,1.2077,2270000,2757966.2,EQBS
2013-02-22,1.2199,1.2249,1.2023,1.214,1312000,1592243.8,EQBS
2013-02-25,1.2248,1.2248,1.1924,1.1992,3328000,3994949.2,EQBS
2013-02-26,1.2,1.2,1.18,1.1933,424000,503690.2,EQBS
2013-02-27,1.2,1.207,1.1718,1.18,446000,528009.5,EQBS
2013-02-28,1.188,1.1994,1.162,1.1779,2044000,2406313.8,EQBS
2013-03-01,1.1778,1.1778,1.1607,1.1673,954000,1116943.6,EQBS
2013-03-04,1.175,1.1844,1.165,1.1697,1075000,1259620.7,EQBS
2013-03-05,1.3047,1.3047,1.17,1.1736,2287000,2696708.2,EQBS
2013-03-06,1.1786,1.1928,1.162,1.1759,1896000,2223683.1,EQBS
2013-03-07,1.1768,1.1843,1.163,1.1729,643000,755913.9,EQBS
2013-03-11,1.1843,1.1894,1.165,1.1733,814000,953915.2,EQBS
2013-03-12,1.1925,1.1925,1.1661,1.169,1395000,1631622.3,EQBS
2013-03-13,1.172,1.174,1.1604,1.1708,676000,789618.3,EQBS
2013-03-14,1.1675,1.1714,1.155,1.163,1630000,1891122.5,EQBS
2013-03-15,1.1865,1.1865,1.1556,1.159,1832000,2123885.3,EQBS
2013-03-18,1.1501,1.1501,1.1203,1.132,2338000,2643203.3,EQBS
2013-03-19,1.1278,1.1375,1.1224,1.1296,671000,757078.3,EQBS
2013-03-20,1.1213,1.1348,1.1213,1.133,395000,447333.7,EQBS
2013-03-21,1.133,1.1547,1.13,1.13,343000,390428.8,EQBS
2013-03-22,1.13,1.13,1.11,1.115,874000,975236.2,EQBS
2013-03-25,1.123,1.13,1.0902,1.0999,2015000,2245584.2,EQBS
2013-03-26,1.11,1.11,1.049,1.053,4239000,4481577.7,EQBS
2013-03-27,1.0625,1.0749,1.0398,1.0745,3045000,3223469.9,EQBS
2013-03-28,1.0752,1.094,1.065,1.0782,933000,1000590.2,EQBS
2013-03-29,1.079,1.0935,1.0685,1.075,408000,439524.2,EQBS
2013-04-01,1.0734,1.086,1.0552,1.0753,639000,681227.5,EQBS
2013-04-02,1.0521,1.0754,1.0521,1.0752,275000,294102.1,EQBS
2013-04-03,1.0602,1.074,1.0361,1.0646,1940000,2032509.1,EQBS
2013-04-04,1.0372,1.0644,1.0372,1.0499,3385000,3566957.5,EQBS
2013-04-05,1.0356,1.045,1.0276,1.0419,1683000,1737234.0,EQBS
2013-04-08,1.0459,1.0665,1.0189,1.0259,1438000,1505601.5,EQBS
2013-04-09,1.0345,1.0345,0.97,1.0,3569000,3543224.1,EQBS
2013-04-10,0.9802,0.9928,0.97,0.9887,2030000,2005252.1,EQBS
2013-04-11,0.9904,0.9905,0.9501,0.9739,1780000,1719343.8,EQBS
2013-04-12,0.9601,0.9601,0.89,0.9063,6170000,5666141.6,EQBS
2013-04-15,0.8852,0.89,0.8205,0.83,9782000,8191576.0,EQBS
2013-04-16,0.8473,0.8501,0.83,0.8433,1668000,1408733.0,EQBS
2013-04-17,0.847,0.847,0.7865,0.8234,1076000,884010.9,EQBS
2013-04-18,0.801,0.8449,0.7505,0.82,1501000,1217051.0,EQBS
2013-04-19,0.8439,0.844,0.7626,0.78,3745000,2916224.6,EQBS
2013-04-22,0.781,0.781,0.7638,0.775,2562000,1986995.1,EQBS
2013-04-23,0.7701,0.8175,0.7616,0.78,1760000,1375525.5,EQBS
2013-04-24,0.786,0.8797,0.786,0.8599,25925000,21419292.9,EQBS
2013-04-25,0.958,0.958,0.88,0.909,19413000,17505391.0,EQBS
2013-04-26,0.901,0.95,0.901,0.9372,5433000,5069586.7,EQBS
2013-04-29,0.99,0.99,0.9399,0.9599,2741000,2638808.2,EQBS
2013-04-30,0.968,0.9895,0.9405,0.971,9863000,9471622.7,EQBS
2013-05-02,0.97,1.0377,0.9641,1.0003,8307000,8314580.8,EQBS
2013-05-03,1.0299,1.0299,0.9734,1.0012,7367000,7379502.8,EQBS
2013-05-06,1.03,1.037,0.989,0.9999,2312000,2314869.5,EQBS
2013-05-07,0.9948,1.0043,0.99,1.0,1286000,1280049.6,EQBS
2013-05-08,1.0,1.015,0.98,0.992,1397000,1387193.7,EQBS
2013-05-10,1.0099,1.0099,0.976,0.993,2926000,2899439.0,EQBS
2013-05-13,0.9929,1.0,0.98,0.9944,1249000,1241669.0,EQBS
2013-05-14,0.9821,1.039,0.9821,1.0,7966000,7971600.5,EQBS
2013-05-15,1.01,1.3,0.9905,1.0,9276000,9844929.7,EQBS
2013-05-16,0.9999,1.0,0.9401,0.95,7319000,7073249.9,EQBS
2013-05-17,0.95,0.98,0.9491,0.9654,6743000,6443848.8,EQBS
2013-05-20,0.9878,0.9878,0.9675,0.9799,2694000,2632430.1,EQBS
2013-05-21,0.9889,1.015,0.975,1.005,7464000,7421827.8,EQBS
2013-05-22,1.0181,1.0267,0.9987,1.0239,8784000,8851989.5,EQBS
2013-05-23,1.0075,1.0444,0.9898,1.018,8060000,8179011.5,EQBS
2013-05-24,0.9775,0.9775,0.925,0.9599,9443000,8974850.5,EQBS
2013-05-27,0.962,0.9659,0.9257,0.947,809000,765080.8,EQBS
2013-05-28,0.9508,0.954,0.9161,0.9449,2660000,2491557.5,EQBS
2013-05-29,0.943,0.943,0.9101,0.917,2840000,2613152.2,EQBS
2013-05-30,0.9055,0.928,0.905,0.923,3599000,3313253.7,EQBS
2013-05-31,0.924,0.9289,0.9053,0.9058,943000,861762.5,EQBS
2013-06-03,0.9,0.9029,0.8858,0.9,2283000,2052710.1,EQBS
2013-06-04,1.0105,1.0105,0.899,0.899,1006000,908370.7,EQBS
2013-06-05,0.9,0.9,0.853,0.8743,1368000,1191880.1,EQBS
2013-06-06,0.8603,0.8603,0.8223,0.8288,3870000,3246354.7,EQBS
2013-06-07,0.8398,0.847,0.8311,0.8354,1619000,1360904.2,EQBS
2013-06-10,0.8498,0.9,0.83,0.8361,5231000,4420873.8,EQBS
2013-06-11,0.8389,0.84,0.8128,0.84,522000,433467.5,EQBS
2013-06-13,0.8203,0.8349,0.8017,0.8349,536000,440645.1,EQBS
2013-06-14,0.8343,0.8439,0.8308,0.837,353000,294905.5,EQBS
2013-06-17,0.8446,0.869,0.8446,0.85,242000,207024.7,EQBS
2013-06-18,0.8402,0.857,0.8401,0.853,159000,135032.0,EQBS
2013-06-19,0.854,0.854,0.84,0.8479,399000,338766.7,EQBS
2013-06-20,0.825,0.8409,0.825,0.8397,679000,570140.0,EQBS
2013-06-21,0.8316,0.8481,0.82,0.8319,3119000,2587769.7,EQBS
2013-06-24,0.82,0.8476,0.8181,0.83,440000,366395.6,EQBS
2013-06-25,0.85,0.85,0.8287,0.8494,409000,347116.0,EQBS
2013-06-26,0.859,0.8777,0.8487,0.8487,358000,309309.5,EQBS
2013-06-27,0.9517,0.9517,0.85,0.8612,339000,294720.3,EQBS
2013-06-28,0.88,0.8805,0.8169,0.856,1012000,861582.7,EQBS
2013-07-01,0.85,0.8695,0.8412,0.851,565000,484678.8,EQBS
2013-07-02,0.8515,0.8693,0.8515,0.8536,246000,211086.9,EQBS
2013-07-03,0.8412,0.87,0.8412,0.8523,3185000,2727957.3,EQBS
2013-07-04,0.9868,0.9868,0.8451,0.8631,547000,473880.6,EQBS
2013-07-05,0.8605,0.8995,0.8324,0.87,4115000,3564030.7,EQBS
2013-07-08,0.9885,0.9885,0.8561,0.87,1897000,1685842.5,EQBS
2013-07-09,0.8799,0.8799,0.86,0.865,725000,627149.2,EQBS
2013-07-10,0.8507,0.869,0.8507,0.869,120000,103114.9,EQBS
2013-07-11,0.8869,0.8869,0.8614,0.8681,2014000,1744910.6,EQBS
2013-07-12,0.87,0.8832,0.865,0.873,424000,368358.2,EQBS
2013-07-15,0.88,0.9151,0.8663,0.8846,1136000,1003015.3,EQBS
2013-07-16,0.889,0.889,0.8705,0.8788,899000,788663.5,EQBS
2013-07-17,0.8899,0.9298,0.8708,0.8985,12593000,11320488.9,EQBS
2013-07-18,0.8898,0.9089,0.8831,0.9,5203000,4670596.8,EQBS
2013-07-19,0.8999,0.905,0.88,0.9039,8342000,7505777.0,EQBS
2013-07-22,0.9001,0.9086,0.8907,0.9022,547000,493361.6,EQBS
2013-07-23,0.891,0.9148,0.8723,0.8991,2057000,1831853.0,EQBS
2013-07-24,0.8951,0.8951,0.8748,0.8802,362000,319419.0,EQBS
2013-07-25,0.8706,0.8879,0.8705,0.8705,460000,403897.0,EQBS
2013-07-26,0.8729,0.8729,0.8607,0.868,415000,359030.8,EQBS
2013-07-29,0.8699,0.8919,0.8675,0.8702,5774000,5116011.0,EQBS
2013-07-30,0.8887,0.8948,0.8763,0.886,660000,586102.8,EQBS
2013-07-31,0.8851,0.9,0.8851,0.888,1745000,1564357.7,EQBS
2013-08-01,0.889,0.8989,0.87,0.8836,5050000,4401117.5,EQBS
2013-08-02,0.8938,0.897,0.8699,0.8812,690000,607606.0,EQBS
2013-08-05,0.8949,0.8999,0.8782,0.8998,352000,314961.4,EQBS
2013-08-06,0.9,0.9,0.88,0.88,176000,155248.0,EQBS
2013-08-07,0.88,0.889,0.862,0.8752,523000,455899.3,EQBS
2013-08-08,0.8735,0.8894,0.8733,0.88,299000,261624.9,EQBS
2013-08-09,0.88,0.9,0.87,0.8901,934000,832821.9,EQBS
2013-08-12,0.8997,0.8997,0.8889,0.8965,51000,45725.8,EQBS
2013-08-13,0.8952,0.9048,0.8903,0.8997,6457000,5810277.3,EQBS
2013-08-14,0.9018,0.9044,0.897,0.901,1501000,1352613.2,EQBS
2013-08-15,0.8976,0.9001,0.885,0.885,3467000,3108886.1,EQBS
2013-08-16,0.8945,0.9,0.8859,0.891,662000,592523.0,EQBS
2013-08-19,0.899,0.9,0.891,0.8999,1056000,948830.6,EQBS
2013-08-20,0.89,0.8998,0.887,0.89,2121000,1892039.5,EQBS
2013-08-21,0.89,0.8979,0.8852,0.8972,1347000,1198880.2,EQBS
2013-08-22,0.895,0.9,0.8821,0.8996,1762000,1583783.6,EQBS
2013-08-23,0.8953,0.902,0.8902,0.8952,38000,33990.0,EQBS
2013-08-26,0.9015,0.9015,0.884,0.892,968000,865798.0,EQBS
2013-08-27,0.8978,0.898,0.8842,0.8843,987000,882065.9,EQBS
2013-08-28,0.884,0.8846,0.8631,0.87,2353000,2043571.3,EQBS
2013-08-29,0.8727,0.8799,0.87,0.8795,986000,860896.4,EQBS
2013-08-30,0.8795,0.8888,0.8559,0.8625,1505000,1300704.3,EQBS
2013-09-02,0.8659,1.0488,0.8602,0.8727,1130000,989514.8,TQBS
2013-09-03,0.8761,1.0,0.8761,0.8761,1265000,1119445.9,TQBS
2013-09-04,0.877,0.877,0.8507,0.8679,769000,659947.1,TQBS
2013-09-05,0.8631,0.8777,0.863,0.8777,435000,378328.9,TQBS
2013-09-06,0.8727,0.8758,0.851,0.8693,315000,272776.7,TQBS
2013-09-09,0.8724,0.8851,0.8724,0.8851,1499000,1317892.8,TQBS
2013-09-10,0.8852,0.9,0.8825,0.8903,661000,588378.6,TQBS
2013-09-11,0.8899,0.92,0.8898,0.902,7783000,7069669.0,TQBS
2013-09-12,0.9021,0.9021,0.8771,0.8915,796000,709759.8,TQBS
2013-09-13,0.8864,0.8945,0.8727,0.877,642000,563127.3,TQBS
2013-09-16,0.8879,0.8977,0.86,0.8675,3600000,3147474.7,TQBS
2013-09-17,0.8699,0.881,0.85,0.8604,1071000,918418.6,TQBS
2013-09-18,0.8601,0.8764,0.86,0.8642,766000,662249.0,TQBS
2013-09-19,0.8737,0.8968,0.8651,0.87,1299000,1138235.4,TQBS
2013-09-20,0.8701,0.8701,0.8563,0.8662,1300000,1120328.6,TQBS
2013-09-23,0.8713,0.8727,0.8549,0.866,1136000,978245.5,TQBS
2013-09-24,0.8625,0.8692,0.8502,0.8588,738000,631291.0,TQBS
2013-09-25,0.8596,0.8877,0.8596,0.8712,2123000,1836410.7,TQBS
2013-09-26,0.9445,0.9445,0.87,0.8795,731000,639957.7,TQBS
2013-09-27,0.951,0.951,0.865,0.8792,1466000,1284188.9,TQBS
2013-09-30,0.8855,0.888,0.86,0.8686,3599000,3136028.7,TQBS
2013-10-01,0.872,0.872,0.859,0.8626,1760000,1517948.6,TQBS
2013-10-02,0.869,0.8692,0.859,0.861,1137000,981163.5,TQBS
2013-10-03,0.861,0.8619,0.8566,0.859,1885000,1620108.4,TQBS
2013-10-04,0.8624,0.8624,0.851,0.8529,2891000,2472228.7,TQBS
2013-10-07,0.8532,0.8592,0.8251,0.835,2712000,2285717.9,TQBS
2013-10-08,0.8425,0.8499,0.835,0.84,3155000,2650108.4,TQBS
2013-10-09,0.84,0.84,0.8198,0.8257,6188000,5107388.5,TQBS
2013-10-10,0.829,0.84,0.802,0.816,8353000,6787114.7,TQBS
2013-10-11,0.816,0.8247,0.8047,0.8247,2947000,2403628.1,TQBS
2013-10-14,0.8247,0.8298,0.813,0.818,1229000,1005596.0,TQBS
2013-10-15,0.818,0.8274,0.809,0.8149,2096000,1709747.9,TQBS
2013-10-16,0.815,0.8181,0.81,0.8167,1194000,971116.3,TQBS
2013-10-17,0.8257,0.826,0.815,0.8151,1316000,1077399.0,TQBS
2013-10-18,0.8166,0.8197,0.8091,0.818,1642000,1334056.8,TQBS
2013-10-21,0.8399,0.8399,0.8126,0.8299,3816000,3147697.1,TQBS
2013-10-22,0.8301,0.8335,0.8258,0.827,2260000,1875106.8,TQBS
2013-10-23,0.8271,0.8286,0.8133,0.815,1487000,1215146.0,TQBS
2013-10-24,0.818,0.82,0.8,0.8114,2666000,2152005.2,TQBS
2013-10-25,0.815,0.815,0.8046,0.8094,1154000,932284.5,TQBS
2013-10-28,0.8155,0.8155,0.8057,0.8081,442000,357513.8,TQBS
2013-10-29,0.8134,0.8145,0.8074,0.8097,2206000,1786829.3,TQBS
2013-10-30,0.8097,0.8129,0.8076,0.8087,3615000,2927451.9,TQBS
2013-10-31,0.8099,0.81,0.8,0.8064,3804000,3057355.9,TQBS
2013-11-01,0.8085,0.8149,0.8043,0.8051,1147000,927010.4,TQBS
2013-11-05,0.8085,0.8115,0.805,0.806,1016000,820746.6,TQBS
2013-11-06,0.8305,0.8305,0.8061,0.807,835000,675215.6,TQBS
2013-11-07,0.81,0.8129,0.804,0.8047,1789000,1444134.7,TQBS
2013-11-08,0.8011,0.8042,0.7716,0.783,4963000,3906498.3,TQBS
2013-11-11,0.7956,0.7978,0.76,0.77,2041000,1585274.3,TQBS
2013-11-12,0.7701,0.7793,0.7491,0.7545,4497000,3404344.7,TQBS
2013-11-13,0.7545,0.7545,0.7364,0.737,5585000,4148715.7,TQBS
2013-11-14,0.7489,0.7699,0.7004,0.7196,14166000,10125641.2,TQBS
2013-11-15,0.7215,0.744,0.7022,0.7137,7565000,5424576.3,TQBS
2013-11-18,0.7228,0.7344,0.7123,0.7194,1441000,1034849.0,TQBS
2013-11-19,0.72,0.72,0.7032,0.7034,956000,679596.6,TQBS
2013-11-20,0.7085,0.7246,0.6875,0.7246,3299000,2300467.2,TQBS
2013-11-21,0.7246,0.7246,0.7041,0.7167,2474000,1761937.9,TQBS
2013-11-22,0.7278,0.7278,0.6925,0.7151,2709000,1918877.2,TQBS
2013-11-25,0.7264,0.728,0.7005,0.7072,1586000,1123331.8,TQBS
2013-11-26,0.708,0.708,0.6921,0.6951,3691000,2574033.1,TQBS
2013-11-27,0.6972,0.715,0.692,0.6972,6351000,4439955.6,TQBS
2013-11-28,0.7045,0.7066,0.6902,0.695,1951000,1352535.0,TQBS
2013-11-29,0.6954,0.6966,0.6887,0.6897,3129000,2162191.1,TQBS
2013-12-02,0.6902,0.6967,0.6885,0.6918,1221000,843424.2,TQBS
2013-12-03,0.692,0.692,0.67,0.679,3439000,2338047.9,TQBS
2013-12-04,0.6795,0.7151,0.6726,0.711,4747000,3299336.1,TQBS
2013-12-05,0.7182,0.7275,0.706,0.7155,5424000,3883358.7,TQBS
2013-12-06,0.7198,0.7265,0.7132,0.7239,2898000,2088736.9,TQBS
2013-12-09,0.7612,0.7612,0.7182,0.7199,2257000,1638764.0,TQBS
2013-12-10,0.72,0.7236,0.7052,0.7111,1492000,1069004.0,TQBS
2013-12-11,0.7105,0.7184,0.706,0.7144,1680000,1199241.7,TQBS
2013-12-12,0.715,0.715,0.6914,0.7,3764000,2636345.7,TQBS
2013-12-13,0.7011,0.716,0.6903,0.7132,1422000,999423.4,TQBS
2013-12-16,0.7558,0.7558,0.6933,0.718,861000,615103.9,TQBS
2013-12-17,0.7195,0.727,0.7011,0.7088,3678000,2641221.8,TQBS
2013-12-18,0.71,0.72,0.7036,0.7128,1285000,917537.8,TQBS
2013-12-19,0.7175,0.7175,0.7078,0.7149,950000,677306.7,TQBS
2013-12-20,0.722,0.7344,0.7001,0.7001,10497000,7487244.7,TQBS
2013-12-23,0.7194,0.7504,0.7137,0.7485,12055000,8843270.4,TQBS
2013-12-24,0.748,0.75,0.7402,0.7427,2120000,1579698.3,TQBS
2013-12-25,0.7465,0.7465,0.73,0.7403,5931000,4356997.6,TQBS
2013-12-26,0.7403,0.756,0.7333,0.74,2816000,2085957.6,TQBS
2013-12-27,0.739,0.7497,0.7307,0.7367,1868000,1373679.0,TQBS
2013-12-30,0.7401,0.745,0.7375,0.74,2274000,1685637.5,TQBS
2014-01-06,0.7694,0.775,0.7452,0.7463,794000,601741.1,TQBS
2014-01-08,0.7455,0.7567,0.7455,0.746,1494000,1122953.4,TQBS
2014-01-09,0.7639,0.7639,0.7372,0.7402,3926000,2915528.8,TQBS
2014-01-10,0.7422,0.7444,0.73,0.7321,3170000,2336894.9,TQBS
2014-01-13,0.7372,0.7443,0.7321,0.7435,1281000,946763.0,TQBS
2014-01-14,0.7436,0.7436,0.7302,0.7381,2834000,2089434.7,TQBS
2014-01-15,0.745,0.764,0.7335,0.7475,5722000,4318177.4,TQBS
2014-01-16,0.7599,0.7599,0.7355,0.74,2421000,1802558.2,TQBS
2014-01-17,0.741,0.7482,0.735,0.7447,3280000,2430996.1,TQBS
2014-01-20,0.7448,0.761,0.739,0.7608,10613000,8023088.2,TQBS
2014-01-21,0.76,0.7703,0.7525,0.7599,3974000,3016411.7,TQBS
2014-01-22,0.7599,0.7798,0.7383,0.764,4893000,3710905.6,TQBS
2014-01-23,0.766,0.793,0.7645,0.7866,3893000,3044334.6,TQBS
2014-01-24,0.7842,0.794,0.78,0.7899,3083000,2436587.5,TQBS
2014-01-27,0.7892,0.797,0.7763,0.7808,2928000,2300134.1,TQBS
2014-01-28,0.7747,0.7867,0.7747,0.7777,855000,667454.4,TQBS
2014-01-29,0.7859,0.7859,0.7724,0.7724,711000,554101.8,TQBS
2014-01-30,0.7791,0.7791,0.74,0.7556,2862000,2170031.8,TQBS
2014-01-31,0.755,0.7596,0.7383,0.7401,5345000,3999072.0,TQBS
2014-02-03,0.745,0.745,0.7183,0.7247,5958000,4369511.0,TQBS
2014-02-04,0.72,0.724,0.7005,0.7196,5484000,3900739.3,TQBS
2014-02-05,0.7298,0.7575,0.7153,0.7238,7040000,5136266.6,TQBS
2014-02-06,0.7344,0.7401,0.723,0.7288,1713000,1250550.4,TQBS
2014-02-07,0.7423,0.7423,0.716,0.7252,7008000,5076324.3,TQBS
2014-02-10,0.7295,0.7336,0.7253,0.7273,2071000,1512487.0,TQBS
2014-02-11,0.7311,0.7355,0.7252,0.7355,2595000,1896620.8,TQBS
2014-02-12,0.7432,0.7453,0.7357,0.7402,3043000,2255843.4,TQBS
2014-02-13,0.7402,0.7476,0.7402,0.7407,1604000,1190447.5,TQBS
2014-02-14,0.7449,0.7451,0.7377,0.7406,1553000,1151099.6,TQBS
2014-02-17,0.7454,0.7475,0.7411,0.7425,847000,631105.9,TQBS
2014-02-18,0.7444,0.75,0.7429,0.7458,2476000,1850816.9,TQBS
2014-02-19,0.7424,0.7476,0.7374,0.7381,1617000,1197982.6,TQBS
2014-02-20,0.74,0.7421,0.7323,0.7368,1672000,1232903.4,TQBS
2014-02-21,0.741,0.741,0.7342,0.735,527000,388344.2,TQBS
2014-02-24,0.74,0.742,0.7336,0.7418,1160000,857324.9,TQBS
2014-02-25,0.7394,0.7417,0.7362,0.7362,343000,253111.8,TQBS
2014-02-26,0.7417,0.7454,0.7322,0.7322,1516000,1120616.1,TQBS
2014-02-27,0.7367,0.7367,0.7021,0.7112,3334000,2390553.7,TQBS
2014-02-28,0.7144,0.7188,0.6999,0.7129,4082000,2890525.8,TQBS
2014-03-03,0.673,0.6997,0.6,0.63,12697000,8044724.5,TQBS
2014-03-04,0.6346,0.6687,0.6061,0.66,5925000,3824423.1,TQBS
2014-03-05,0.6783,0.6783,0.659,0.6603,4227000,2813614.7,TQBS
2014-03-06,0.6778,0.6778,0.6351,0.65,3234000,2129685.1,TQBS
2014-03-07,0.6505,0.6647,0.6401,0.65,2366000,1540323.2,TQBS
2014-03-11,0.65,0.6664,0.6462,0.6465,1765000,1151272.4,TQBS
2014-03-12,0.6533,0.6533,0.6179,0.6259,3406000,2151918.7,TQBS
2014-03-13,0.6449,0.6449,0.6101,0.6101,2701000,1694268.5,TQBS
2014-03-14,0.61,0.6268,0.5881,0.6,7335000,4382293.3,TQBS
2014-03-17,0.6299,0.6377,0.6102,0.6317,1078000,678632.7,TQBS
2014-03-18,0.648,0.6739,0.62,0.6729,1603000,1060679.3,TQBS
2014-03-19,0.6701,0.684,0.6649,0.6738,1853000,1250641.3,TQBS
2014-03-20,0.6739,0.6848,0.67,0.6754,1513000,1024726.1,TQBS
2014-03-21,0.6753,0.6994,0.67,0.6897,1783000,1221009.7,TQBS
2014-03-24,0.6998,0.7099,0.6909,0.7059,1547000,1087801.7,TQBS
2014-03-25,0.7098,0.725,0.7006,0.7218,1385000,986758.5,TQBS
2014-03-26,0.7227,0.7227,0.7061,0.7115,1249000,891262.4,TQBS
2014-03-27,0.71,0.7108,0.7001,0.7102,1034000,727604.0,TQBS
2014-03-28,0.797,0.797,0.7007,0.7045,2538000,1800885.2,TQBS
2014-03-31,0.7099,0.713,0.6962,0.7105,1294000,907623.8,TQBS
2014-04-01,0.7106,0.7208,0.7008,0.7066,1042000,740797.5,TQBS
2014-04-02,0.7085,0.715,0.7011,0.7095,1055000,742477.5,TQBS
2014-04-03,0.71,0.71,0.695,0.7,735000,515356.1,TQBS
2014-04-04,0.707,0.7071,0.6924,0.7004,479000,335643.2,TQBS
2014-04-07,0.7026,0.7125,0.675,0.687,2501000,1708810.9,TQBS
2014-04-08,0.695,0.7062,0.6805,0.6877,614000,424134.3,TQBS
2014-04-09,0.7,0.7,0.6836,0.688,528000,362656.2,TQBS
2014-04-10,0.6984,0.6984,0.688,0.6979,333000,230691.8,TQBS
2014-04-11,0.6951,0.7199,0.6879,0.7031,996000,699695.6,TQBS
2014-04-14,0.7026,0.713,0.688,0.6921,769000,535520.8,TQBS
2014-04-15,0.6938,0.7036,0.686,0.6881,3175000,2212065.4,TQBS
2014-04-16,0.691,0.7,0.6894,0.6965,1888000,1304555.4,TQBS
2014-04-17,0.6961,0.7054,0.69,0.69,1135000,786853.9,TQBS
2014-04-18,0.7,0.7098,0.69,0.695,1889000,1309935.2,TQBS
2014-04-21,0.7021,0.7021,0.6888,0.6928,671000,464142.2,TQBS
2014-04-22,0.6681,0.6955,0.6681,0.69,1319000,909300.1,TQBS
2014-04-23,0.69,0.6995,0.6877,0.6901,563000,389131.9,TQBS
2014-04-24,0.694,0.6967,0.6565,0.665,2732000,1856548.3,TQBS
2014-04-25,0.664,0.6767,0.6299,0.637,5646000,3605833.1,TQBS
2014-04-28,0.6376,0.6649,0.6125,0.6411,3753000,2358177.6,TQBS
2014-04-29,0.6412,0.6555,0.6322,0.6323,1070000,684150.5,TQBS
2014-04-30,0.6387,0.6387,0.6199,0.6292,5061000,3155006.2,TQBS
2014-05-02,0.629,0.629,0.6101,0.6128,712000,438632.3,TQBS
2014-05-05,0.6169,0.6199,0.6006,0.6085,2716000,1654262.7,TQBS
2014-05-06,0.6092,0.6198,0.609,0.6157,1570000,963640.5,TQBS
2014-05-07,0.6176,0.6293,0.6013,0.6289,3707000,2289542.3,TQBS
2014-05-08,0.6208,0.6212,0.6092,0.6197,8579000,5306655.1,TQBS
2014-05-12,0.6292,0.6292,0.61,0.62,6935000,4296334.7,TQBS
2014-05-13,0.62,0.62,0.6069,0.6099,15600000,9603955.6,TQBS
2014-05-14,0.6186,0.6186,0.6028,0.6122,6255000,3798666.8,TQBS
2014-05-15,0.614,0.6159,0.6032,0.6091,6019000,3678437.1,TQBS
2014-05-16,0.6089,0.61,0.6001,0.6099,3374000,2052643.6,TQBS
2014-05-19,0.6161,0.6161,0.5951,0.6,29375000,17625985.4,TQBS
2014-05-20,0.6052,0.6093,0.5986,0.6,15875000,9525560.4,TQBS
2014-05-21,0.6006,0.605,0.598,0.5999,6107000,3663923.4,TQBS
2014-05-22,0.6002,0.606,0.5956,0.6001,15951000,9569058.9,TQBS
2014-05-23,0.6053,0.6054,0.55,0.6,10148000,6065827.4,TQBS
2014-05-26,0.6075,0.61,0.5954,0.5996,10593000,6360465.6,TQBS
2014-05-27,0.59,0.6068,0.5712,0.578,5307000,3073527.3,TQBS
2014-05-28,0.579,0.58,0.5672,0.5698,7859000,4479731.3,TQBS
2014-05-29,0.5701,0.5988,0.5701,0.5866,4519000,2660292.3,TQBS
2014-05-30,0.5932,0.5932,0.5676,0.5731,3180000,1822455.9,TQBS
2014-06-02,0.577,0.5783,0.5665,0.57,11156000,6358830.9,TQBS
2014-06-03,0.5699,0.5748,0.558,0.567,16383000,9175163.2,TQBS
2014-06-04,0.5674,0.58,0.548,0.5501,9155000,5058988.2,TQBS
2014-06-05,0.5555,0.5557,0.545,0.5451,3253000,1784659.8,TQBS
2014-06-06,0.544,0.564,0.5322,0.538,13095000,7060610.5,TQBS
2014-06-09,0.541,0.541,0.5228,0.5295,23572000,12490894.8,TQBR
2014-06-10,0.528,0.5359,0.5102,0.5201,18678000,9716824.2,TQBR
2014-06-11,0.52,0.528,0.5081,0.514,22804000,11632794.6,TQBR
2014-06-16,0.509,0.5119,0.4956,0.5,18907000,9457675.3,TQBR
2014-06-17,0.5003,0.5003,0.4892,0.4938,44191000,21930035.9,TQBR
2014-06-18,0.4916,0.496,0.4836,0.4883,32838000,16039673.3,TQBR
2014-06-19,0.489,0.489,0.4766,0.4779,16112000,7783659.5,TQBR
2014-06-20,0.4827,0.4827,0.4609,0.469,29719000,13976973.3,TQBR
2014-06-23,0.4749,0.4749,0.4655,0.4698,1902000,893005.0,TQBR
2014-06-24,0.4748,0.48,0.4596,0.4635,37242000,17361455.0,TQBR
2014-06-25,0.4635,0.4691,0.4575,0.464,13053000,6009431.9,TQBR
2014-06-26,0.464,0.4669,0.4537,0.4591,42165000,19379423.8,TQBR
2014-06-27,0.459,0.469,0.45,0.451,22046000,10076937.4,TQBR
2014-06-30,0.4548,0.4548,0.43,0.4303,59982000,26170689.8,TQBR
2014-07-01,0.4321,0.4674,0.429,0.4598,28880000,13061702.6,TQBR
2014-07-02,0.4644,0.4851,0.455,0.455,84632000,39677164.5,TQBR
2014-07-03,0.4648,0.4815,0.458,0.4796,21500000,10189904.1,TQBR
2014-07-04,0.48,0.483,0.472,0.4786,9425000,4492712.6,TQBR
2014-07-07,0.4782,0.48,0.4682,0.479,1955000,926468.6,TQBR
2014-07-08,0.4799,0.485,0.4777,0.4798,5381000,2587152.1,TQBR
2014-07-09,0.479,0.4824,0.4726,0.48,13735000,6572772.1,TQBR
2014-07-10,0.48,0.4822,0.4633,0.4666,3679000,1739461.6,TQBR
2014-07-11,0.47,0.47,0.457,0.4685,3292000,1519495.1,TQBR
2014-07-14,0.4701,0.4845,0.4661,0.4798,6663000,3188577.5,TQBR
2014-07-15,0.479,0.4974,0.4772,0.486,13041000,6357719.3,TQBR
2014-07-16,0.486,0.4914,0.486,0.4888,2576000,1256382.5,TQBR
2014-07-17,0.487,0.487,0.47,0.4756,8160000,3885139.4,TQBR
2014-07-18,0.47,0.4737,0.4658,0.4725,5142000,2410406.8,TQBR
2014-07-21,0.4705,0.4743,0.459,0.4608,4996000,2326647.9,TQBR
2014-07-22,0.4621,0.4736,0.4553,0.4728,2492000,1166741.5,TQBR
2014-07-23,0.4745,0.4796,0.4602,0.4669,2791000,1307432.3,TQBR
2014-07-24,0.4761,0.4761,0.4654,0.4683,2155000,1010223.2,TQBR
2014-07-25,0.4845,0.4845,0.466,0.47,2581000,1218372.4,TQBR
2014-07-28,0.4681,0.475,0.46,0.466,14553000,6875479.2,TQBR
2014-07-29,0.47,0.4709,0.4623,0.4709,1215000,567516.3,TQBR
2014-07-30,0.471,0.4748,0.4621,0.472,609000,286901.9,TQBR
2014-07-31,0.477,0.477,0.4619,0.4627,3852000,1788580.9,TQBR
2014-08-01,0.4628,0.4628,0.4525,0.4561,8380000,3831662.3,TQBR
2014-08-04,0.4666,0.477,0.4618,0.4735,5006000,2352848.5,TQBR
2014-08-05,0.4738,0.4784,0.46,0.4644,5923000,2756711.8,TQBR
2014-08-06,0.4667,0.4686,0.4563,0.459,8077000,3747446.6,TQBR
2014-08-07,0.458,0.4598,0.449,0.4598,7335000,3325323.3,TQBR
2014-08-08,0.4577,0.4649,0.4528,0.463,1160000,536166.7,TQBR
2014-08-11,0.465,0.48,0.441,0.469,4049000,1881986.7,TQBR
2014-08-12,0.47,0.4723,0.4575,0.4629,3602000,1664163.1,TQBR
2014-08-13,0.4654,0.473,0.46,0.4699,6545000,3070138.4,TQBR
2014-08-14,0.475,0.475,0.4677,0.4715,3522000,1656924.3,TQBR
2014-08-15,0.4705,0.4712,0.468,0.4703,2752000,1294641.6,TQBR
2014-08-18,0.4747,0.4747,0.4649,0.4679,1327000,620370.4,TQBR
2014-08-19,0.47,0.4743,0.4673,0.474,3355000,1586207.0,TQBR
2014-08-20,0.4766,0.4769,0.47,0.475,1603000,756437.3,TQBR
2014-08-21,0.4768,0.4788,0.47,0.4774,4497000,2127856.6,TQBR
2014-08-22,0.4754,0.4754,0.4673,0.4704,3020000,1418933.7,TQBR
2014-08-25,0.4711,0.4769,0.4685,0.471,1035000,487224.5,TQBR
2014-08-26,0.4699,0.4742,0.465,0.4697,2061000,968284.0,TQBR
2014-08-27,0.4728,0.475,0.469,0.4719,2175000,1024477.4,TQBR
2014-08-28,0.47,0.4711,0.4634,0.464,3480000,1617724.5,TQBR
2014-08-29,0.4698,0.4872,0.4612,0.485,22081000,10544958.1,TQBR
2014-09-01,0.4909,0.5089,0.4909,0.4959,10571000,5274963.2,TQBR
2014-09-02,0.495,0.4952,0.4885,0.4945,16555000,8120387.6,TQBR
2014-09-03,0.4946,0.516,0.492,0.5013,15261000,7713715.5,TQBR
2014-09-04,0.5011,0.515,0.4913,0.5113,34239000,17327873.3,TQBR
2014-09-05,0.5148,0.53,0.5043,0.526,58087000,30328205.2,TQBR
2014-09-08,0.5222,0.5276,0.5164,0.5194,1788000,936882.8,TQBR
2014-09-09,0.5181,0.5296,0.5152,0.5155,2585000,1349384.0,TQBR
2014-09-10,0.5151,0.521,0.5102,0.5184,13049000,6778592.4,TQBR
2014-09-11,0.5184,0.528,0.5157,0.52,21427000,11213157.6,TQBR
2014-09-12,0.52,0.5259,0.518,0.5259,2286000,1194798.0,TQBR
2014-09-15,0.523,0.547,0.523,0.5395,17309000,9275844.5,TQBR
2014-09-16,0.5398,0.5449,0.5315,0.5373,25919000,13900553.8,TQBR
2014-09-17,0.5312,0.5399,0.525,0.5384,9893000,5264777.9,TQBR
2014-09-18,0.5322,0.5374,0.5248,0.5319,3406000,1809135.7,TQBR
2014-09-19,0.53,0.5414,0.5251,0.5414,8409000,4509075.0,TQBR
2014-09-22,0.5459,0.5538,0.535,0.5475,11109000,6059080.4,TQBR
2014-09-23,0.5552,0.5589,0.54,0.5438,1620000,886721.2,TQBR
2014-09-24,0.548,0.559,0.537,0.55,6170000,3371091.7,TQBR
2014-09-25,0.5501,0.554,0.5371,0.5374,2645000,1432740.9,TQBR
2014-09-26,0.5325,0.5397,0.523,0.53,3707000,1963648.9,TQBR
2014-09-29,0.5306,0.545,0.5306,0.5349,4695000,2523007.7,TQBR
2014-09-30,0.5375,0.5401,0.5258,0.535,7320000,3928517.5,TQBR
2014-10-01,0.535,0.535,0.527,0.529,1624000,859982.0,TQBR
2014-10-02,0.533,0.533,0.516,0.516,1180000,617624.0,TQBR
2014-10-03,0.525,0.527,0.52,0.522,564000,294317.0,TQBR
2014-10-06,0.524,0.532,0.52,0.529,2576000,1350031.0,TQBR
2014-10-07,0.53,0.53,0.518,0.527,2188000,1139499.0,TQBR
2014-10-08,0.523,0.533,0.523,0.526,3743000,1982838.0,TQBR
2014-10-09,0.53,0.531,0.515,0.52,3934000,2066699.0,TQBR
2014-10-10,0.518,0.525,0.509,0.509,5402000,2780389.0,TQBR
2014-10-13,0.515,0.526,0.513,0.517,3185000,1653706.0,TQBR
2014-10-14,0.519,0.539,0.512,0.531,2137000,1124312.0,TQBR
2014-10-15,0.527,0.53,0.517,0.52,914000,477104.0,TQBR
2014-10-16,0.523,0.524,0.512,0.519,1537000,795249.0,TQBR
2014-10-17,0.523,0.54,0.52,0.533,1864000,995698.0,TQBR
2014-10-20,0.533,0.536,0.525,0.532,890000,472238.0,TQBR
2014-10-21,0.53,0.533,0.527,0.533,485000,257028.0,TQBR
2014-10-22,0.532,0.548,0.532,0.537,3692000,1993521.0,TQBR
2014-10-23,0.538,0.543,0.5,0.516,8165000,4197926.0,TQBR
2014-10-24,0.42,0.529,0.42,0.516,1498000,771835.0,TQBR
2014-10-27,0.52,0.523,0.517,0.521,1030000,534685.0,TQBR
2014-10-28,0.523,0.527,0.518,0.522,1297000,680052.0,TQBR
2014-10-29,0.521,0.551,0.52,0.545,18407000,9826815.0,TQBR
2014-10-30,0.545,0.551,0.541,0.547,4044000,2212078.0,TQBR
2014-10-31,0.548,0.558,0.543,0.546,2617000,1444933.0,TQBR
2014-11-03,0.541,0.58,0.54,0.571,8631000,4912366.0,TQBR
2014-11-05,0.56,0.57,0.551,0.57,4517000,2558941.0,TQBR
2014-11-06,0.577,0.58,0.539,0.555,38065000,21288197.0,TQBR
2014-11-07,0.554,0.586,0.551,0.568,6698000,3843112.0,TQBR
2014-11-10,0.57,0.572,0.568,0.571,139000,79191.0,TQBR
2014-11-11,0.575,0.585,0.556,0.569,7509000,4304670.0,TQBR
2014-11-12,0.571,0.587,0.564,0.58,9257000,5364413.0,TQBR
2014-11-13,0.58,0.59,0.565,0.566,1122000,650101.0,TQBR
2014-11-14,0.566,0.576,0.557,0.562,3901000,2189225.0,TQBR
2014-11-17,0.555,0.562,0.549,0.557,7954000,4391600.0,TQBR
2014-11-18,0.551,0.573,0.551,0.573,3110000,1753945.0,TQBR
2014-11-19,0.564,0.575,0.55,0.555,1549000,865010.0,TQBR
2014-11-20,0.551,0.56,0.551,0.558,477000,265377.0,TQBR
2014-11-21,0.554,0.561,0.551,0.556,977000,542826.0,TQBR
2014-11-24,0.565,0.565,0.552,0.561,1233000,688928.0,TQBR
2014-11-25,0.562,0.58,0.557,0.574,10743000,6077534.0,TQBR
2014-11-26,0.576,0.578,0.567,0.574,1004000,574371.0,TQBR
2014-11-27,0.565,0.572,0.565,0.572,8000,4548.0,TQBR
2014-11-28,0.566,0.573,0.554,0.565,3157000,1781443.0,TQBR
2014-12-01,0.564,0.564,0.539,0.55,8316000,4551445.0,TQBR
2014-12-02,0.559,0.572,0.536,0.56,2755000,1556942.0,TQBR
2014-12-03,0.555,0.573,0.555,0.559,731000,407873.0,TQBR
2014-12-04,0.56,0.573,0.554,0.556,2133000,1208430.0,TQBR
2014-12-05,0.55,0.556,0.534,0.54,2643000,1427418.0,TQBR
2014-12-08,0.54,0.546,0.5,0.527,12073000,6348809.0,TQBR
2014-12-09,0.526,0.526,0.504,0.523,3733000,1938011.0,TQBR
2014-12-10,0.53,0.555,0.521,0.54,2290000,1230750.0,TQBR
2014-12-11,0.54,0.54,0.53,0.537,9742000,5173617.0,TQBR
2014-12-12,0.526,0.535,0.5,0.53,4415000,2313506.0,TQBR
2014-12-15,0.531,0.548,0.51,0.519,17312000,9045972.0,TQBR
2014-12-16,0.519,0.519,0.406,0.454,17310000,8243715.0,TQBR
2014-12-17,0.454,0.488,0.436,0.481,2852000,1325144.0,TQBR
2014-12-18,0.488,0.506,0.481,0.499,2827000,1393991.0,TQBR
2014-12-19,0.499,0.519,0.481,0.519,4538000,2265985.0,TQBR
2014-12-22,0.523,0.548,0.511,0.53,1656000,887228.0,TQBR
2014-12-23,0.537,0.55,0.53,0.539,1402000,753684.0,TQBR
2014-12-24,0.532,0.57,0.504,0.55,3349000,1835611.0,TQBR
2014-12-25,0.542,0.557,0.53,0.539,1253000,676286.0,TQBR
2014-12-26,0.533,0.554,0.531,0.545,1650000,892672.0,TQBR
2014-12-29,0.533,0.587,0.526,0.57,7067000,3996436.0,TQBR
2014-12-30,0.554,0.601,0.554,0.56,6460000,3759252.0,TQBR
2015-01-05,0.56,0.587,0.535,0.575,975000,551033.0,TQBR
2015-01-06,0.567,0.579,0.561,0.566,642000,365880.0,TQBR
2015-01-08,0.572,0.6,0.572,0.578,2299000,1356727.0,TQBR
2015-01-09,0.576,0.581,0.566,0.57,178000,101888.0,TQBR
2015-01-12,0.576,0.6,0.57,0.581,3968000,2329713.0,TQBR
2015-01-13,0.545,0.598,0.543,0.556,7552000,4225229.0,TQBR
2015-01-14,0.553,0.567,0.548,0.56,1367000,764510.0,TQBR
2015-01-15,0.568,0.569,0.54,0.549,3050000,1676382.0,TQBR
2015-01-16,0.547,0.549,0.535,0.54,3580000,1941229.0,TQBR
2015-01-19,0.546,0.546,0.537,0.543,1425000,774356.0,TQBR
2015-01-20,0.542,0.566,0.542,0.549,2101000,1174029.0,TQBR
2015-01-21,0.55,0.564,0.532,0.546,6173000,3325104.0,TQBR
2015-01-22,0.553,0.565,0.533,0.564,6562000,3629860.0,TQBR
2015-01-23,0.569,0.579,0.545,0.554,3317000,1855251.0,TQBR
2015-01-26,0.536,0.549,0.532,0.54,2621000,1409328.0,TQBR
2015-01-27,0.534,0.544,0.533,0.537,2590000,1402846.0,TQBR
2015-01-28,0.541,0.551,0.53,0.534,7313000,3949464.0,TQBR
2015-01-29,0.533,0.545,0.505,0.535,7217000,3780554.0,TQBR
2015-01-30,0.545,0.547,0.512,0.525,1463000,767471.0,TQBR
2015-02-02,0.54,0.56,0.525,0.529,5234000,2802961.0,TQBR
2015-02-03,0.532,0.539,0.527,0.535,2703000,1439491.0,TQBR
2015-02-04,0.541,0.555,0.54,0.551,3930000,2142336.0,TQBR
2015-02-05,0.55,0.565,0.547,0.55,638000,355391.0,TQBR
2015-02-06,0.55,0.558,0.538,0.551,10378000,5660336.0,TQBR
2015-02-09,0.556,0.559,0.548,0.554,2322000,1280799.0,TQBR
2015-02-10,0.55,0.56,0.549,0.551,434000,239592.0,TQBR
2015-02-11,0.554,0.569,0.553,0.562,1534000,858984.0,TQBR
2015-02-12,0.575,0.581,0.56,0.581,5403000,3091527.0,TQBR
2015-02-13,0.589,0.601,0.576,0.596,11929000,7049521.0,TQBR
2015-02-16,0.601,0.615,0.583,0.598,10575000,6302441.0,TQBR
2015-02-17,0.598,0.6,0.58,0.582,11271000,6651552.0,TQBR
2015-02-18,0.586,0.592,0.58,0.587,2958000,1738502.0,TQBR
2015-02-19,0.589,0.598,0.571,0.59,3322000,1933528.0,TQBR
2015-02-20,0.592,0.625,0.589,0.599,13779000,8281377.0,TQBR
2015-02-24,0.583,0.61,0.573,0.585,4660000,2743080.0,TQBR
2015-02-25,0.585,0.61,0.585,0.6,21462000,12888409.0,TQBR
2015-02-26,0.61,0.628,0.59,0.605,46024000,28102784.0,TQBR
2015-02-27,0.606,0.632,0.605,0.614,37199000,22834899.0,TQBR
2015-03-02,0.62,0.632,0.608,0.613,6852000,4253158.0,TQBR
2015-03-03,0.603,0.629,0.6,0.62,13672000,8373152.0,TQBR
2015-03-04,0.62,0.639,0.613,0.624,5432000,3402422.0,TQBR
2015-03-05,0.629,0.629,0.612,0.62,2386000,1481311.0,TQBR
2015-03-06,0.629,0.629,0.597,0.6,4787000,2898881.0,TQBR
2015-03-10,0.59,0.601,0.561,0.576,7719000,4461384.0,TQBR
2015-03-11,0.576,0.595,0.57,0.59,3686000,2162273.0,TQBR
2015-03-12,0.59,0.6,0.572,0.593,3653000,2152538.0,TQBR
2015-03-13,0.593,0.595,0.573,0.578,4162000,2429372.0,TQBR
2015-03-16,0.578,0.601,0.554,0.566,3376000,1932050.0,TQBR
2015-03-17,0.551,0.59,0.501,0.582,2752000,1546349.0,TQBR
2015-03-18,0.58,0.595,0.566,0.569,8306000,4802790.0,TQBR
2015-03-19,0.577,0.593,0.56,0.56,16771000,9751865.0,TQBR
2015-03-20,0.558,0.567,0.544,0.551,8732000,4811622.0,TQBR
2015-03-23,0.552,0.555,0.533,0.543,5954000,3245279.0,TQBR
2015-03-24,0.552,0.567,0.534,0.543,1650000,904711.0,TQBR
2015-03-25,0.549,0.549,0.523,0.529,8791000,4669775.0,TQBR
2015-03-26,0.525,0.535,0.508,0.515,9509000,4966612.0,TQBR
2015-03-27,0.512,0.524,0.506,0.51,14251000,7286030.0,TQBR
2015-03-30,0.512,0.526,0.51,0.518,4603000,2375684.0,TQBR
2015-03-31,0.524,0.525,0.513,0.513,8110000,4184913.0,TQBR
2015-04-01,0.513,0.53,0.509,0.53,22277000,11596292.0,TQBR
2015-04-02,0.53,0.545,0.526,0.536,13525000,7320200.0,TQBR
2015-04-03,0.539,0.545,0.537,0.538,2811000,1523894.0,TQBR
2015-04-06,0.548,0.548,0.52,0.541,8794000,4729463.0,TQBR
2015-04-07,0.536,0.548,0.521,0.534,20932000,11075098.0,TQBR
2015-04-08,0.532,0.532,0.518,0.521,9080000,4730466.0,TQBR
2015-04-09,0.519,0.528,0.51,0.521,17252000,8965264.0,TQBR
2015-04-10,0.524,0.524,0.504,0.52,10485000,5396987.0,TQBR
2015-04-13,0.515,0.534,0.515,0.529,13873000,7342509.0,TQBR
2015-04-14,0.607,0.607,0.515,0.519,11576000,6023880.0,TQBR
2015-04-15,0.518,0.527,0.514,0.522,13124000,6769239.0,TQBR
2015-04-16,0.527,0.53,0.506,0.521,9206000,4785209.0,TQBR
2015-04-17,0.522,0.523,0.516,0.522,3108000,1616675.0,TQBR
2015-04-20,0.522,0.522,0.511,0.517,2313000,1193214.0,TQBR
2015-04-21,0.528,0.528,0.511,0.519,8640000,4451698.0,TQBR
2015-04-22,0.52,0.523,0.514,0.519,31870000,16510044.0,TQBR
2015-04-23,0.524,0.527,0.515,0.524,10186000,5272125.0,TQBR
2015-04-24,0.525,0.534,0.515,0.518,11812000,6200568.0,TQBR
2015-04-27,0.522,0.524,0.516,0.52,2891000,1500950.0,TQBR
2015-04-28,0.52,0.527,0.515,0.52,8721000,4502407.0,TQBR
2015-04-29,0.516,0.528,0.515,0.519,7993000,4171049.0,TQBR
2015-04-30,0.518,0.525,0.516,0.522,3582000,1860988.0,TQBR
2015-05-05,0.522,0.547,0.522,0.535,12422000,6607338.0,TQBR
2015-05-06,0.536,0.538,0.524,0.527,9912000,5258905.0,TQBR
2015-05-07,0.531,0.531,0.518,0.521,12249000,6425279.0,TQBR
2015-05-08,0.526,0.53,0.516,0.528,940000,492347.0,TQBR
2015-05-12,0.538,0.538,0.521,0.526,7991000,4225612.0,TQBR
2015-05-13,0.524,0.529,0.523,0.523,760000,399603.0,TQBR
2015-05-14,0.523,0.526,0.52,0.526,1561000,816280.0,TQBR
2015-05-15,0.525,0.527,0.516,0.519,5413000,2816487.0,TQBR
2015-05-18,0.517,0.523,0.508,0.523,6958000,3588404.0,TQBR
2015-05-19,0.522,0.523,0.516,0.523,1542000,800793.0,TQBR
2015-05-20,0.523,0.525,0.519,0.522,5211000,2718876.0,TQBR
2015-05-21,0.531,0.532,0.518,0.525,1728000,903305.0,TQBR
2015-05-22,0.528,0.528,0.521,0.524,2535000,1324966.0,TQBR
2015-05-25,0.527,0.527,0.511,0.523,3561000,1848105.0,TQBR
2015-05-26,0.519,0.524,0.517,0.521,897000,465461.0,TQBR
2015-05-27,0.521,0.523,0.514,0.522,1479000,767163.0,TQBR
2015-05-28,0.52,0.52,0.513,0.516,2663000,1372247.0,TQBR
2015-05-29,0.516,0.519,0.509,0.514,3466000,1784830.0,TQBR
2015-06-01,0.512,0.514,0.505,0.507,1536000,781241.0,TQBR
2015-06-02,0.508,0.51,0.501,0.51,1636000,827441.0,TQBR
2015-06-03,0.51,0.517,0.505,0.507,3619000,1845134.0,TQBR
2015-06-04,0.508,0.508,0.5,0.503,3765000,1890630.0,TQBR
2015-06-05,0.501,0.506,0.497,0.498,3974000,1993837.0,TQBR
2015-06-08,0.497,0.508,0.495,0.504,3242000,1621440.0,TQBR
2015-06-09,0.512,0.512,0.496,0.499,1862000,929396.0,TQBR
2015-06-10,0.501,0.501,0.495,0.496,1947000,969147.0,TQBR
2015-06-11,0.497,0.497,0.484,0.493,1873000,918812.0,TQBR
2015-06-15,0.493,0.497,0.49,0.496,3826000,1891847.0,TQBR
2015-06-16,0.495,0.502,0.494,0.502,4967000,2475321.0,TQBR
2015-06-17,0.507,0.507,0.498,0.499,656000,328252.0,TQBR
2015-06-18,0.503,0.524,0.498,0.518,11093000,5714102.0,TQBR
2015-06-19,0.515,0.516,0.495,0.501,3141000,1584122.0,TQBR
2015-06-22,0.502,0.504,0.493,0.495,3623000,1797994.0,TQBR
2015-06-23,0.495,0.497,0.489,0.495,4015000,1971068.0,TQBR
2015-06-24,0.489,0.493,0.485,0.486,4208000,2056029.0,TQBR
2015-06-25,0.482,0.495,0.477,0.482,7116000,3453127.0,TQBR
2015-06-26,0.482,0.485,0.478,0.481,3869000,1855732.0,TQBR
2015-06-29,0.481,0.49,0.473,0.478,4377000,2103930.0,TQBR
2015-06-30,0.477,0.479,0.472,0.475,1752000,833617.0,TQBR
2015-07-01,0.478,0.483,0.473,0.476,1556000,743397.0,TQBR
2015-07-02,0.477,0.478,0.473,0.478,384000,182605.0,TQBR
2015-07-03,0.478,0.482,0.473,0.479,1147000,548607.0,TQBR
2015-07-06,0.485,0.485,0.465,0.47,3178000,1497061.0,TQBR
2015-07-07,0.463,0.48,0.463,0.469,5131000,2413437.0,TQBR
2015-07-08,0.47,0.475,0.46,0.463,5754000,2668433.0,TQBR
2015-07-09,0.462,0.472,0.462,0.471,1357000,635524.0,TQBR
2015-07-10,0.475,0.482,0.471,0.474,1451000,689564.0,TQBR
2015-07-13,0.476,0.479,0.47,0.473,603000,285783.0,TQBR
2015-07-14,0.476,0.479,0.47,0.477,1238000,585394.0,TQBR
2015-07-15,0.473,0.481,0.473,0.479,1341000,640161.0,TQBR
2015-07-16,0.484,0.487,0.475,0.487,2001000,970329.0,TQBR
2015-07-17,0.49,0.49,0.481,0.482,1952000,951212.0,TQBR
2015-07-20,0.482,0.482,0.465,0.474,3074000,1452158.0,TQBR
2015-07-21,0.471,0.485,0.468,0.484,1057000,506673.0,TQBR
2015-07-22,0.48,0.48,0.469,0.473,953000,450583.0,TQBR
2015-07-23,0.474,0.475,0.465,0.471,1111000,521411.0,TQBR
2015-07-24,0.473,0.475,0.461,0.469,1333000,622298.0,TQBR
2015-07-27,0.468,0.469,0.453,0.461,2243000,1036156.0,TQBR
2015-07-28,0.464,0.468,0.461,0.466,844000,392546.0,TQBR
2015-07-29,0.464,0.469,0.464,0.467,994000,463374.0,TQBR
2015-07-30,0.468,0.475,0.465,0.468,2841000,1336954.0,TQBR
2015-07-31,0.467,0.476,0.465,0.469,3709000,1736860.0,TQBR
2015-08-03,0.47,0.476,0.467,0.472,3354000,1582897.0,TQBR
2015-08-04,0.475,0.481,0.47,0.476,3036000,1443058.0,TQBR
2015-08-05,0.472,0.477,0.47,0.475,723000,343141.0,TQBR
2015-08-06,0.472,0.475,0.467,0.473,1182000,557130.0,TQBR
2015-08-07,0.471,0.475,0.469,0.475,1224000,579202.0,TQBR
2015-08-10,0.477,0.477,0.468,0.475,2491000,1177616.0,TQBR
2015-08-11,0.474,0.48,0.464,0.478,4122000,1953764.0,TQBR
2015-08-12,0.472,0.479,0.471,0.473,4508000,2138750.0,TQBR
2015-08-13,0.476,0.485,0.473,0.476,814000,387970.0,TQBR
2015-08-14,0.479,0.491,0.479,0.484,17905000,8655836.0,TQBR
2015-08-17,0.485,0.495,0.48,0.488,1706000,824457.0,TQBR
2015-08-18,0.484,0.487,0.48,0.486,939000,453908.0,TQBR
2015-08-19,0.486,0.493,0.483,0.49,5353000,2609663.0,TQBR
2015-08-20,0.491,0.5,0.49,0.495,5769000,2854764.0,TQBR
2015-08-21,0.498,0.498,0.494,0.495,5436000,2691312.0,TQBR
2015-08-24,0.487,0.489,0.469,0.477,4138000,1981776.0,TQBR
2015-08-25,0.48,0.494,0.48,0.487,2865000,1396737.0,TQBR
2015-08-26,0.48,0.488,0.48,0.485,647000,312840.0,TQBR
2015-08-27,0.488,0.506,0.488,0.506,3439000,1706729.0,TQBR
2015-08-28,0.503,0.507,0.497,0.502,2250000,1124594.0,TQBR
2015-08-31,0.503,0.504,0.491,0.498,1337000,665033.0,TQBR
2015-09-01,0.498,0.499,0.496,0.496,401000,199843.0,TQBR
2015-09-02,0.496,0.5,0.493,0.496,677000,337501.0,TQBR
2015-09-03,0.496,0.51,0.496,0.509,2562000,1293287.0,TQBR
2015-09-04,0.507,0.51,0.498,0.508,4595000,2321329.0,TQBR
2015-09-07,0.516,0.52,0.505,0.515,3547000,1826457.0,TQBR
2015-09-08,0.516,0.529,0.514,0.525,5024000,2626156.0,TQBR
2015-09-09,0.528,0.529,0.517,0.521,1604000,839779.0,TQBR
2015-09-10,0.518,0.525,0.515,0.519,484000,251336.0,TQBR
2015-09-11,0.516,0.525,0.515,0.517,1336000,695468.0,TQBR
2015-09-14,0.518,0.524,0.511,0.515,822000,423615.0,TQBR
2015-09-15,0.514,0.523,0.509,0.522,1477000,760334.0,TQBR
2015-09-16,0.525,0.525,0.506,0.516,1798000,923218.0,TQBR
2015-09-17,0.517,0.52,0.513,0.515,1115000,576116.0,TQBR
2015-09-18,0.518,0.521,0.512,0.515,1223000,631133.0,TQBR
2015-09-21,0.52,0.521,0.505,0.511,2247000,1141571.0,TQBR
2015-09-22,0.51,0.51,0.497,0.5,1917000,963083.0,TQBR
2015-09-23,0.501,0.504,0.496,0.501,1173000,585906.0,TQBR
2015-09-24,0.5,0.505,0.5,0.501,2671000,1336728.0,TQBR
2015-09-25,0.502,0.509,0.501,0.503,103000,51860.0,TQBR
2015-09-28,0.512,0.512,0.505,0.505,1298000,655641.0,TQBR
2015-09-29,0.509,0.512,0.5,0.501,8620000,4351440.0,TQBR
2015-09-30,0.505,0.507,0.501,0.506,520000,262742.0,TQBR
2015-10-01,0.503,0.506,0.5,0.506,155000,78007.0,TQBR
2015-10-02,0.506,0.512,0.505,0.506,4706000,2377762.0,TQBR
2015-10-05,0.505,0.511,0.505,0.509,3226000,1632863.0,TQBR
2015-10-06,0.512,0.523,0.505,0.513,4340000,2222507.0,TQBR
2015-10-07,0.511,0.515,0.504,0.514,2758000,1402641.0,TQBR
2015-10-08,0.512,0.512,0.501,0.51,2740000,1390356.0,TQBR
2015-10-09,0.508,0.513,0.507,0.507,1024000,520413.0,TQBR
2015-10-12,0.509,0.51,0.505,0.505,1569000,795286.0,TQBR
2015-10-13,0.5,0.517,0.5,0.506,2115000,1079134.0,TQBR
2015-10-14,0.505,0.509,0.503,0.509,1071000,541458.0,TQBR
2015-10-15,0.507,0.519,0.506,0.511,3529000,1805427.0,TQBR
2015-10-16,0.509,0.518,0.505,0.51,3138000,1605855.0,TQBR
2015-10-19,0.508,0.508,0.497,0.507,2183000,1101712.0,TQBR
2015-10-20,0.506,0.52,0.505,0.508,5462000,2773882.0,TQBR
2015-10-21,0.511,0.527,0.511,0.527,2438000,1273104.0,TQBR
2015-10-22,0.53,0.53,0.51,0.522,5213000,2699519.0,TQBR
2015-10-23,0.52,0.55,0.516,0.538,6464000,3466639.0,TQBR
2015-10-26,0.535,0.535,0.522,0.534,2088000,1103353.0,TQBR
2015-10-27,0.526,0.551,0.526,0.53,4794000,2576406.0,TQBR
2015-10-28,0.531,0.532,0.52,0.523,2746000,1438183.0,TQBR
2015-10-29,0.531,0.546,0.528,0.535,2204000,1185685.0,TQBR
2015-10-30,0.53,0.536,0.53,0.531,51000,27118.0,TQBR
2015-11-02,0.528,0.557,0.526,0.554,6701000,3673194.0,TQBR
2015-11-03,0.555,0.575,0.555,0.562,8634000,4870014.0,TQBR
2015-11-05,0.561,0.569,0.54,0.541,3435000,1914915.0,TQBR
2015-11-06,0.542,0.55,0.54,0.545,560000,304995.0,TQBR
2015-11-09,0.542,0.584,0.54,0.565,1980000,1096210.0,TQBR
2015-11-10,0.569,0.584,0.569,0.572,2936000,1693132.0,TQBR
2015-11-11,0.574,0.594,0.572,0.586,6483000,3815132.0,TQBR
2015-11-12,0.581,0.589,0.556,0.569,4361000,2479800.0,TQBR
2015-11-13,0.575,0.576,0.547,0.568,2701000,1527492.0,TQBR
2015-11-16,0.568,0.568,0.533,0.545,8206000,4476790.0,TQBR
2015-11-17,0.549,0.558,0.536,0.548,4816000,2610629.0,TQBR
2015-11-18,0.549,0.576,0.527,0.563,4660000,2584909.0,TQBR
2015-11-19,0.563,0.645,0.563,0.606,25931000,15874564.0,TQBR
2015-11-20,0.612,0.62,0.596,0.6,2108000,1268818.0,TQBR
2015-11-23,0.597,0.612,0.595,0.606,1975000,1187888.0,TQBR
2015-11-24,0.61,0.61,0.586,0.594,3965000,2366922.0,TQBR
2015-11-25,0.593,0.61,0.59,0.6,2511000,1507315.0,TQBR
2015-11-26,0.601,0.606,0.589,0.59,21406000,12860480.0,TQBR
2015-11-27,0.59,0.599,0.582,0.59,1060000,627962.0,TQBR
2015-11-30,0.584,0.619,0.583,0.595,754000,448232.0,TQBR
2015-12-01,0.591,0.595,0.59,0.59,9011000,5317232.0,TQBR
2015-12-02,0.599,0.605,0.59,0.59,7722000,4577605.0,TQBR
2015-12-03,0.59,0.594,0.588,0.589,405000,238634.0,TQBR
2015-12-04,0.594,0.594,0.585,0.589,9292000,5478813.0,TQBR
2015-12-07,0.589,0.591,0.57,0.577,17741000,10354800.0,TQBR
2015-12-08,0.587,0.59,0.575,0.575,12826000,7421862.0,TQBR
2015-12-09,0.578,0.584,0.578,0.584,607000,352897.0,TQBR
2015-12-10,0.581,0.582,0.575,0.579,542000,313012.0,TQBR
2015-12-11,0.58,0.587,0.575,0.58,18590000,10765704.0,TQBR
2015-12-14,0.581,0.588,0.572,0.58,8873000,5138105.0,TQBR
2015-12-15,0.589,0.593,0.58,0.586,7461000,4355464.0,TQBR
2015-12-16,0.586,0.586,0.579,0.585,6913000,4011989.0,TQBR
2015-12-17,0.587,0.605,0.57,0.583,11252000,6554298.0,TQBR
2015-12-18,0.578,0.586,0.578,0.586,2878000,1672740.0,TQBR
2015-12-21,0.593,0.593,0.584,0.593,485000,285781.0,TQBR
2015-12-22,0.587,0.59,0.582,0.589,841000,493823.0,TQBR
2015-12-23,0.595,0.595,0.58,0.586,1569000,914492.0,TQBR
2015-12-24,0.582,0.585,0.58,0.582,3282000,1906229.0,TQBR
2015-12-25,0.585,0.585,0.58,0.58,6311000,3662919.0,TQBR
2015-12-28,0.593,0.593,0.581,0.584,3688000,2158176.0,TQBR
2015-12-29,0.585,0.593,0.58,0.593,2239000,1307138.0,TQBR
2015-12-30,0.593,0.605,0.59,0.593,886000,529425.0,TQBR
2016-01-04,0.602,0.603,0.591,0.599,761000,453955.0,TQBR
2016-01-05,0.59,0.625,0.59,0.625,2831000,1728710.0,TQBR
2016-01-06,0.616,0.639,0.616,0.639,2349000,1471410.0,TQBR
2016-01-11,0.599,0.623,0.599,0.611,1414000,868498.0,TQBR
2016-01-12,0.611,0.618,0.602,0.614,1352000,821829.0,TQBR
2016-01-13,0.617,0.617,0.6,0.606,1941000,1173153.0,TQBR
2016-01-14,0.6,0.614,0.596,0.599,6958000,4174689.0,TQBR
2016-01-15,0.6,0.6,0.576,0.587,7950000,4673743.0,TQBR
2016-01-18,0.583,0.591,0.57,0.58,5611000,3253124.0,TQBR
2016-01-19,0.589,0.594,0.582,0.59,5297000,3125282.0,TQBR
2016-01-20,0.586,0.601,0.58,0.6,5511000,3232199.0,TQBR
2016-01-21,0.6,0.613,0.595,0.598,957000,573975.0,TQBR
2016-01-22,0.606,0.614,0.601,0.61,879000,535109.0,TQBR
2016-01-25,0.613,0.613,0.6,0.602,1913000,1152417.0,TQBR
2016-01-26,0.601,0.602,0.59,0.599,467000,277755.0,TQBR
2016-01-27,0.604,0.609,0.6,0.606,988000,596748.0,TQBR
2016-01-28,0.606,0.614,0.606,0.61,1148000,700186.0,TQBR
2016-01-29,0.611,0.615,0.609,0.61,1549000,946814.0,TQBR
2016-02-01,0.604,0.62,0.6,0.612,620000,380559.0,TQBR
2016-02-02,0.617,0.622,0.599,0.611,1556000,954826.0,TQBR
2016-02-03,0.621,0.621,0.61,0.619,2217000,1365168.0,TQBR
2016-02-04,0.621,0.622,0.615,0.619,68000,42159.0,TQBR
2016-02-05,0.617,0.63,0.616,0.626,2300000,1433382.0,TQBR
2016-02-08,0.626,0.63,0.619,0.625,1179000,737195.0,TQBR
2016-02-09,0.618,0.626,0.617,0.624,602000,373866.0,TQBR
2016-02-10,0.624,0.629,0.617,0.62,2333000,1453311.0,TQBR
2016-02-11,0.614,0.617,0.604,0.614,1135000,694219.0,TQBR
2016-02-12,0.615,0.625,0.605,0.612,424000,260909.0,TQBR
2016-02-15,0.627,0.627,0.616,0.618,42000,26167.0,TQBR
2016-02-16,0.622,0.622,0.61,0.612,784000,481751.0,TQBR
2016-02-17,0.621,0.623,0.605,0.609,590000,360314.0,TQBR
2016-02-18,0.625,0.65,0.605,0.639,3701000,2354632.0,TQBR
2016-02-19,0.64,0.648,0.635,0.645,1483000,954257.0,TQBR
2016-02-20,0.64,0.669,0.64,0.649,2220000,1443597.0,TQBR
2016-02-22,0.649,0.687,0.646,0.657,1411000,924121.0,TQBR
2016-02-24,0.656,0.668,0.627,0.645,1311000,843355.0,TQBR
2016-02-25,0.648,0.658,0.64,0.652,3859000,2500968.0,TQBR
2016-02-26,0.654,0.68,0.65,0.665,2764000,1826300.0,TQBR
2016-02-29,0.68,0.732,0.64,0.7,14180000,9819816.0,TQBR
2016-03-01,0.7,0.704,0.687,0.697,7197000,5009967.0,TQBR
2016-03-02,0.699,0.71,0.688,0.692,6590000,4617992.0,TQBR
2016-03-03,0.688,0.696,0.674,0.677,4925000,3373886.0,TQBR
2016-03-04,0.689,0.715,0.682,0.697,7932000,5551122.0,TQBR
2016-03-07,0.696,0.717,0.692,0.71,5214000,3678418.0,TQBR
2016-03-09,0.714,0.716,0.7,0.709,2213000,1571201.0,TQBR
2016-03-10,0.713,0.713,0.699,0.701,5533000,3883985.0,TQBR
2016-03-11,0.701,0.72,0.696,0.7,4772000,3365038.0,TQBR
2016-03-14,0.696,0.707,0.689,0.695,2029000,1404423.0,TQBR
2016-03-15,0.704,0.711,0.694,0.7,830000,580666.0,TQBR
2016-03-16,0.701,0.73,0.694,0.72,5163000,3703657.0,TQBR
2016-03-17,0.725,0.728,0.709,0.717,858000,614905.0,TQBR
2016-03-18,0.723,0.723,0.7,0.709,1658000,1172721.0,TQBR
2016-03-21,0.705,0.708,0.7,0.705,947000,666071.0,TQBR
2016-03-22,0.708,0.715,0.7,0.708,2327000,1646056.0,TQBR
2016-03-23,0.706,0.712,0.691,0.7,2227000,1561908.0,TQBR
2016-03-24,0.7,0.7,0.692,0.7,585000,407636.0,TQBR
2016-03-25,0.704,0.705,0.68,0.696,3515000,2425501.0,TQBR
2016-03-28,0.694,0.704,0.694,0.7,977000,682237.0,TQBR
2016-03-29,0.7,0.7,0.678,0.692,1102000,754980.0,TQBR
2016-03-30,0.69,0.694,0.68,0.689,1182000,810867.0,TQBR
2016-03-31,0.692,0.692,0.68,0.686,915000,629143.0,TQBR
2016-04-01,0.688,0.7,0.68,0.697,2990000,2069310.0,TQBR
2016-04-04,0.696,0.7,0.692,0.7,963000,671317.0,TQBR
2016-04-05,0.699,0.708,0.695,0.707,1324000,928580.0,TQBR
2016-04-06,0.686,0.745,0.686,0.731,4644000,3390143.0,TQBR
2016-04-07,0.741,0.918,0.735,0.81,13952000,11237178.0,TQBR
2016-04-08,0.813,0.813,0.753,0.766,7401000,5732466.0,TQBR
2016-04-11,0.771,0.793,0.715,0.746,8212000,6114661.0,TQBR
2016-04-12,0.748,0.898,0.72,0.768,5294000,4063945.0,TQBR
2016-04-13,0.795,0.825,0.773,0.79,2583000,2051375.0,TQBR
2016-04-14,0.783,0.785,0.76,0.762,1323000,1016183.0,TQBR
2016-04-15,0.774,0.777,0.75,0.75,2131000,1628945.0,TQBR
2016-04-18,0.74,0.786,0.737,0.772,2183000,1659881.0,TQBR
2016-04-19,0.763,0.799,0.759,0.798,2866000,2234267.0,TQBR
2016-04-20,0.798,0.82,0.798,0.812,2684000,2178935.0,TQBR
2016-04-21,0.813,0.813,0.79,0.809,1609000,1285739.0,TQBR
2016-04-22,0.81,0.915,0.79,0.85,37720000,32164212.0,TQBR
2016-04-25,0.86,0.86,0.791,0.81,6232000,5075848.0,TQBR
2016-04-26,0.807,0.823,0.782,0.805,3264000,2596383.0,TQBR
2016-04-27,0.807,0.82,0.8,0.807,1185000,957944.0,TQBR
2016-04-28,0.818,0.883,0.807,0.852,4612000,3898787.0,TQBR
2016-04-29,0.864,0.892,0.831,0.849,7884000,6830500.0,TQBR
2016-05-04,0.833,0.871,0.812,0.838,4031000,3404526.0,TQBR
2016-05-05,0.858,0.858,0.837,0.858,759000,646836.0,TQBR
2016-05-06,0.849,0.902,0.842,0.887,6011000,5287389.0,TQBR
2016-05-10,0.892,0.893,0.853,0.874,1592000,1375275.0,TQBR
2016-05-11,0.863,0.89,0.854,0.867,1688000,1473912.0,TQBR
2016-05-12,0.87,0.878,0.854,0.856,3483000,3019753.0,TQBR
2016-05-13,0.86,0.86,0.84,0.845,6354000,5375663.0,TQBR
2016-05-16,0.845,0.846,0.841,0.845,2142000,1808877.0,TQBR
2016-05-17,0.845,0.846,0.821,0.837,4811000,4035563.0,TQBR
2016-05-18,0.838,0.849,0.821,0.841,2263000,1900575.0,TQBR
2016-05-19,0.843,0.848,0.803,0.82,4484000,3757079.0,TQBR
2016-05-20,0.828,0.832,0.795,0.803,4453000,3613118.0,TQBR
2016-05-23,0.808,0.816,0.788,0.789,2770000,2223032.0,TQBR
2016-05-24,0.8,0.846,0.798,0.842,10898000,9127551.0,TQBR
2016-05-25,0.843,0.898,0.842,0.877,15817000,13771342.0,TQBR
2016-05-26,0.875,0.901,0.87,0.872,12876000,11448891.0,TQBR
2016-05-27,0.897,0.899,0.865,0.868,5420000,4745154.0,TQBR
2016-05-30,0.893,0.893,0.795,0.799,39201000,32155344.0,TQBR
2016-05-31,0.808,0.811,0.755,0.765,32234000,24891125.0,TQBR
2016-06-01,0.772,0.87,0.751,0.85,29007000,23537847.0,TQBR
2016-06-02,0.846,0.885,0.846,0.87,31511000,27312967.0,TQBR
2016-06-03,0.874,0.883,0.862,0.877,18159000,15937565.0,TQBR
2016-06-06,0.89,0.91,0.85,0.889,16760000,14983524.0,TQBR
2016-06-07,0.889,0.902,0.875,0.884,5605000,4947825.0,TQBR
2016-06-08,0.884,0.897,0.876,0.887,2005000,1784338.0,TQBR
2016-06-09,0.88,0.887,0.865,0.874,3454000,3014487.0,TQBR
2016-06-10,0.88,0.889,0.856,0.88,6829000,5950549.0,TQBR
2016-06-14,0.874,0.883,0.855,0.87,5728000,4956789.0,TQBR
2016-06-15,0.87,0.879,0.85,0.878,5438000,4678682.0,TQBR
2016-06-16,0.88,0.915,0.867,0.907,7969000,7080672.0,TQBR
2016-06-17,0.907,1.088,0.907,1.072,45669000,46088470.0,TQBR
2016-06-20,1.071,1.189,1.037,1.16,24663000,28258267.0,TQBR
2016-06-21,1.168,1.25,1.111,1.19,17827000,21246273.0,TQBR
2016-06-22,1.198,1.203,1.173,1.189,3779000,4484373.0,TQBR
2016-06-23,1.193,1.224,1.16,1.186,5641000,6742421.0,TQBR
2016-06-24,1.103,1.214,1.103,1.197,5897000,6910637.0,TQBR
2016-06-27,1.209,1.211,1.178,1.195,1692000,2018732.0,TQBR
2016-06-28,1.208,1.215,1.163,1.189,3538000,4203534.0,TQBR
2016-06-29,1.19,1.19,1.135,1.14,4589000,5302949.0,TQBR
2016-06-30,1.154,1.263,1.139,1.249,8649000,10455210.0,TQBR
2016-07-01,1.243,1.31,1.243,1.275,7349000,9423013.0,TQBR
2016-07-04,1.282,1.282,1.203,1.249,7651000,9413586.0,TQBR
2016-07-05,1.262,1.269,1.226,1.268,4243000,5313795.0,TQBR
2016-07-06,1.278,1.3,1.252,1.282,7861000,10101489.0,TQBR
2016-07-07,1.29,1.304,1.251,1.273,2399000,3058558.0,TQBR
2016-07-08,1.27,1.291,1.262,1.27,1870000,2378609.0,TQBR
2016-07-11,1.28,1.285,1.229,1.285,4686000,5926563.0,TQBR
2016-07-12,1.287,1.288,1.255,1.277,3358000,4280809.0,TQBR
2016-07-13,1.277,1.28,1.253,1.274,2422000,3064582.0,TQBR
2016-07-14,1.264,1.283,1.261,1.265,2826000,3599172.0,TQBR
2016-07-15,1.279,1.313,1.255,1.309,7804000,10017822.0,TQBR
2016-07-18,1.25,1.304,1.246,1.294,5982000,7599126.0,TQBR
2016-07-19,1.288,1.303,1.276,1.29,2036000,2627688.0,TQBR
2016-07-20,1.286,1.296,1.271,1.279,694000,890972.0,TQBR
2016-07-21,1.307,1.307,1.26,1.293,2196000,2810220.0,TQBR
2016-07-22,1.28,1.307,1.28,1.29,2046000,2655191.0,TQBR
2016-07-25,1.281,1.579,1.271,1.55,33747000,48157973.0,TQBR
2016-07-26,1.551,1.9,1.55,1.67,39185000,65073740.0,TQBR
2016-07-27,1.67,1.67,1.57,1.586,12205000,19677871.0,TQBR
2016-07-28,1.603,1.63,1.58,1.627,4422000,7096154.0,TQBR
2016-07-29,1.629,1.744,1.578,1.687,8164000,13650012.0,TQBR
2016-08-01,1.688,1.697,1.607,1.69,1963000,3300204.0,TQBR
2016-08-02,1.69,1.69,1.595,1.634,4057000,6572606.0,TQBR
2016-08-03,1.623,1.66,1.551,1.627,5397000,8690642.0,TQBR
2016-08-04,1.63,1.662,1.623,1.638,3294000,5411875.0,TQBR
2016-08-05,1.639,1.645,1.616,1.627,2671000,4350624.0,TQBR
2016-08-08,1.634,1.634,1.601,1.617,1867000,3011554.0,TQBR
2016-08-09,1.616,1.634,1.6,1.628,1970000,3187869.0,TQBR
2016-08-10,1.637,1.68,1.637,1.667,4246000,7063796.0,TQBR
2016-08-11,1.665,1.85,1.661,1.847,7783000,13680752.0,TQBR
2016-08-12,1.853,1.894,1.807,1.863,8260000,15289608.0,TQBR
2016-08-15,1.865,1.88,1.82,1.85,3747000,6923787.0,TQBR
2016-08-16,1.834,1.867,1.755,1.798,3632000,6585499.0,TQBR
2016-08-17,1.793,1.835,1.784,1.815,3392000,6138151.0,TQBR
2016-08-18,1.8,1.821,1.783,1.797,1171000,2115025.0,TQBR
2016-08-19,1.798,1.815,1.785,1.814,1239000,2234695.0,TQBR
2016-08-22,1.82,1.923,1.819,1.88,5590000,10423939.0,TQBR
2016-08-23,1.898,1.99,1.815,1.95,8994000,17365963.0,TQBR
2016-08-24,1.948,2.038,1.948,2.01,10809000,21697777.0,TQBR
2016-08-25,2.022,2.051,2.0,2.05,5744000,11617932.0,TQBR
2016-08-26,2.044,2.188,2.031,2.078,19471000,41378619.0,TQBR
2016-08-29,2.117,2.117,2.002,2.082,6214000,12743999.0,TQBR
2016-08-30,2.075,2.089,1.963,2.032,5959000,12102648.0,TQBR
2016-08-31,2.009,2.041,1.967,2.019,4756000,9521848.0,TQBR
2016-09-01,1.998,2.018,1.971,2.011,3182000,6331683.0,TQBR
2016-09-02,2.0,2.028,1.971,2.016,4024000,8016358.0,TQBR
2016-09-05,2.002,2.05,1.975,2.02,4007000,8103524.0,TQBR
2016-09-06,2.04,2.07,1.994,2.0,4237000,8641001.0,TQBR
2016-09-07,2.017,2.041,2.0,2.0,3611000,7277812.0,TQBR
2016-09-08,2.004,2.03,1.98,2.007,2759000,5538139.0,TQBR
2016-09-09,1.97,2.015,1.97,2.009,1637000,3281886.0,TQBR
2016-09-12,1.992,2.026,1.97,2.005,2162000,4339196.0,TQBR
2016-09-13,2.014,2.027,1.933,1.951,5136000,10170728.0,TQBR
2016-09-14,1.98,1.98,1.872,1.953,6167000,11965897.0,TQBR
2016-09-15,1.964,1.986,1.925,1.984,3147000,6128361.0,TQBR
2016-09-16,1.983,2.002,1.957,1.978,2451000,4876730.0,TQBR
2016-09-19,1.989,1.989,1.891,1.928,6967000,13510461.0,TQBR
2016-09-20,1.927,1.961,1.91,1.949,2939000,5682832.0,TQBR
2016-09-21,1.947,1.971,1.945,1.962,1075000,2104817.0,TQBR
2016-09-22,1.976,1.976,1.93,1.934,1809000,3527113.0,TQBR
2016-09-23,1.963,1.963,1.923,1.938,995000,1929370.0,TQBR
2016-09-26,1.939,2.018,1.929,1.934,4971000,9796650.0,TQBR
2016-09-27,1.957,1.957,1.9,1.902,1144000,2203209.0,TQBR
2016-09-28,1.944,1.944,1.872,1.901,3974000,7541259.0,TQBR
2016-09-29,1.908,1.948,1.88,1.898,2397000,4548151.0,TQBR
2016-09-30,1.896,1.98,1.812,1.969,13428000,25497805.0,TQBR
2016-10-03,1.971,1.987,1.926,1.94,3426000,6710321.0,TQBR
2016-10-04,1.94,1.94,1.881,1.907,3038000,5789941.0,TQBR
2016-10-05,1.897,1.901,1.877,1.877,1109000,2089864.0,TQBR
2016-10-06,1.881,1.882,1.85,1.872,2378000,4427790.0,TQBR
2016-10-07,1.874,1.913,1.854,1.886,2835000,5369902.0,TQBR
2016-10-10,1.887,1.942,1.887,1.924,1564000,3015352.0,TQBR
2016-10-11,1.92,1.94,1.88,1.893,3045000,5797114.0,TQBR
2016-10-12,1.901,1.905,1.866,1.869,1564000,2945023.0,TQBR
2016-10-13,1.868,1.883,1.836,1.864,4018000,7461535.0,TQBR
2016-10-14,1.868,1.949,1.82,1.869,8736000,16658009.0,TQBR
2016-10-17,1.87,1.891,1.792,1.86,2767000,5105975.0,TQBR
2016-10-18,1.867,1.884,1.85,1.87,1196000,2233994.0,TQBR
2016-10-19,1.869,1.872,1.85,1.868,1367000,2541962.0,TQBR
2016-10-20,1.863,1.96,1.863,1.92,4923000,9449615.0,TQBR
2016-10-21,1.921,1.941,1.856,1.872,2941000,5606090.0,TQBR
2016-10-24,1.87,1.88,1.839,1.868,1529000,2849584.0,TQBR
2016-10-25,1.822,1.909,1.822,1.878,2987000,5568562.0,TQBR
2016-10-26,1.88,1.93,1.8,1.879,2418000,4519580.0,TQBR
2016-10-27,1.854,2.314,1.854,2.314,22562000,47432402.0,TQBR
2016-10-28,2.363,2.446,2.241,2.274,26356000,62242830.0,TQBR
2016-10-31,2.272,2.289,2.151,2.242,5582000,12377757.0,TQBR
2016-11-01,2.25,2.389,2.2,2.284,7910000,18234424.0,TQBR
2016-11-02,2.284,2.346,2.2,2.239,5130000,11672857.0,TQBR
2016-11-03,2.254,2.278,2.153,2.266,5156000,11442790.0,TQBR
2016-11-07,2.263,2.285,2.17,2.178,4684000,10327730.0,TQBR
2016-11-08,2.199,2.28,2.16,2.199,5404000,11932141.0,TQBR
2016-11-09,2.174,2.243,2.174,2.218,1485000,3287802.0,TQBR
2016-11-10,2.225,2.281,2.2,2.22,4779000,10705683.0,TQBR
2016-11-11,2.228,2.25,2.202,2.244,1718000,3835802.0,TQBR
2016-11-14,2.248,2.32,2.247,2.273,3659000,8336349.0,TQBR
2016-11-15,2.277,2.277,2.213,2.224,1749000,3901629.0,TQBR
2016-11-16,2.234,2.26,2.205,2.242,2601000,5813573.0,TQBR
2016-11-17,2.254,2.287,2.206,2.26,5371000,12142641.0,TQBR
2016-11-18,2.295,2.299,2.22,2.265,2623000,5918948.0,TQBR
2016-11-21,2.273,2.274,2.206,2.235,4102000,9156281.0,TQBR
2016-11-22,2.232,2.252,2.209,2.224,3404000,7619298.0,TQBR
2016-11-23,2.224,2.244,2.205,2.228,1071000,2386579.0,TQBR
2016-11-24,2.217,2.25,2.161,2.22,3305000,7302443.0,TQBR
2016-11-25,2.225,2.242,2.208,2.237,1223000,2715876.0,TQBR
2016-11-28,2.229,2.28,2.225,2.264,4403000,9918128.0,TQBR
2016-11-29,2.27,2.306,2.238,2.278,5470000,12444010.0,TQBR
2016-11-30,2.287,2.291,2.246,2.27,3047000,6914630.0,TQBR
2016-12-01,2.269,2.278,2.206,2.244,3085000,6934433.0,TQBR
2016-12-02,2.247,2.247,2.206,2.225,1901000,4225107.0,TQBR
2016-12-05,2.232,2.234,2.2,2.228,2001000,4429784.0,TQBR
2016-12-06,2.219,2.23,2.2,2.222,1375000,3047643.0,TQBR
2016-12-07,2.218,2.219,2.176,2.2,2252000,4947198.0,TQBR
2016-12-08,2.208,2.295,2.2,2.215,5015000,11217013.0,TQBR
2016-12-09,2.24,2.24,2.201,2.214,2618000,5798547.0,TQBR
2016-12-12,2.219,2.248,2.196,2.216,4115000,9130433.0,TQBR
2016-12-13,2.209,2.22,2.195,2.208,3959000,8730153.0,TQBR
2016-12-14,2.2,2.24,2.196,2.21,4203000,9300267.0,TQBR
2016-12-15,2.211,2.217,2.19,2.208,2818000,6209574.0,TQBR
2016-12-16,2.214,2.214,2.192,2.202,1318000,2902147.0,TQBR
2016-12-19,2.211,2.267,1.966,2.038,11493000,24462825.0,TQBR
2016-12-20,2.1,2.147,2.03,2.145,9813000,20612289.0,TQBR
2016-12-21,2.122,2.15,2.101,2.11,2148000,4572457.0,TQBR
2016-12-22,2.131,2.14,2.065,2.095,3512000,7399354.0,TQBR
2016-12-23,2.096,2.1,2.053,2.069,3331000,6914345.0,TQBR
2016-12-26,2.077,2.125,2.071,2.108,1504000,3168180.0,TQBR
2016-12-27,2.101,2.136,2.085,2.135,2751000,5808333.0,TQBR
2016-12-28,2.136,2.189,2.136,2.165,2903000,6292795.0,TQBR
2016-12-29,2.176,2.213,2.176,2.2,4144000,9115237.0,TQBR
2016-12-30,2.201,2.218,2.191,2.209,1836000,4051032.0,TQBR
2017-01-03,2.218,2.239,2.2,2.218,2051000,4552296.0,TQBR
2017-01-04,2.216,2.216,2.113,2.196,3068000,6698786.0,TQBR
2017-01-05,2.187,2.204,2.176,2.188,650000,1427094.0,TQBR
2017-01-06,2.194,2.205,2.19,2.205,541000,1190113.0,TQBR
2017-01-09,2.217,2.22,2.18,2.196,2118000,4642663.0,TQBR
2017-01-10,2.195,2.27,2.177,2.196,3916000,8627257.0,TQBR
2017-01-11,2.186,2.238,2.176,2.191,2178000,4762629.0,TQBR
2017-01-12,2.182,2.207,2.15,2.18,5008000,10838699.0,TQBR
2017-01-13,2.191,2.192,2.15,2.192,1851000,4022099.0,TQBR
2017-01-16,2.192,2.192,2.16,2.182,1754000,3812061.0,TQBR
2017-01-17,2.174,2.184,2.161,2.184,1024000,2225212.0,TQBR
2017-01-18,2.186,2.239,2.185,2.23,4818000,10660485.0,TQBR
2017-01-19,2.23,2.26,2.208,2.22,2808000,6256110.0,TQBR
2017-01-20,2.211,2.23,2.177,2.22,2576000,5659028.0,TQBR
2017-01-23,2.219,2.219,2.19,2.196,1087000,2393460.0,TQBR
2017-01-24,2.191,2.193,2.165,2.19,2374000,5169150.0,TQBR
2017-01-25,2.173,2.179,2.152,2.177,2871000,6211195.0,TQBR
2017-01-26,2.17,2.245,2.16,2.245,6194000,13653277.0,TQBR
2017-01-27,2.248,2.248,2.195,2.214,1535000,3392844.0,TQBR
2017-01-30,2.195,2.22,2.191,2.214,2114000,4666257.0,TQBR
2017-01-31,2.218,2.24,2.191,2.206,2621000,5797747.0,TQBR
2017-02-01,2.21,2.245,2.2,2.219,3502000,7789931.0,TQBR
2017-02-02,2.224,2.245,2.221,2.239,3025000,6765519.0,TQBR
2017-02-03,2.236,2.298,2.221,2.271,4720000,10707229.0,TQBR
2017-02-06,2.268,2.402,2.252,2.375,8001000,18712007.0,TQBR
2017-02-07,2.387,2.464,2.359,2.449,5127000,12354070.0,TQBR
2017-02-08,2.441,2.45,2.37,2.394,4254000,10249834.0,TQBR
2017-02-09,2.395,2.4,2.35,2.374,1721000,4093145.0,TQBR
2017-02-10,2.374,2.393,2.352,2.385,1124000,2673120.0,TQBR
2017-02-13,2.377,2.409,2.366,2.391,2374000,5664668.0,TQBR
2017-02-14,2.391,2.404,2.354,2.377,1432000,3406605.0,TQBR
2017-02-15,2.367,2.375,2.322,2.375,5294000,12455535.0,TQBR
2017-02-16,2.385,2.386,2.345,2.372,804000,1902198.0,TQBR
2017-02-17,2.364,2.395,2.331,2.382,2354000,5581993.0,TQBR
2017-02-20,2.389,2.407,2.281,2.296,3657000,8524668.0,TQBR
2017-02-21,2.295,2.339,2.24,2.326,4175000,9592082.0,TQBR
2017-02-22,2.341,2.343,2.261,2.283,2158000,4951567.0,TQBR
2017-02-24,2.286,2.289,2.228,2.266,3975000,8942452.0,TQBR
2017-02-27,2.266,2.269,2.129,2.139,9228000,20223151.0,TQBR
2017-02-28,2.126,2.127,1.901,2.086,19905000,40511288.0,TQBR
2017-03-01,2.061,2.125,2.043,2.116,5003000,10490596.0,TQBR
2017-03-02,2.118,2.16,2.07,2.078,4287000,9056728.0,TQBR
2017-03-03,2.059,2.328,2.056,2.225,19627000,43387250.0,TQBR
2017-03-06,2.25,2.288,2.187,2.218,7060000,15854350.0,TQBR
2017-03-07,2.21,2.21,2.044,2.104,8504000,17941829.0,TQBR
2017-03-09,2.077,2.092,1.883,1.919,27338000,54145770.0,TQBR
2017-03-10,1.951,2.015,1.863,1.995,8350000,16308354.0,TQBR
2017-03-13,1.972,2.037,1.921,2.007,5467000,10903717.0,TQBR
2017-03-14,2.01,2.041,1.932,1.968,4944000,9879135.0,TQBR
2017-03-15,1.996,1.996,1.96,1.984,815000,1612522.0,TQBR
2017-03-16,1.998,2.056,1.986,2.02,2305000,4659235.0,TQBR
2017-03-17,2.027,2.099,2.027,2.06,1970000,4076563.0,TQBR
2017-03-20,2.075,2.1,2.054,2.057,2630000,5451181.0,TQBR
2017-03-21,2.048,2.12,2.021,2.053,4627000,9591516.0,TQBR
2017-03-22,2.015,2.048,1.975,1.991,11434000,22813787.0,TQBR
2017-03-23,2.009,2.037,1.985,1.996,2851000,5722330.0,TQBR
2017-03-24,2.005,2.018,1.961,1.996,1146000,2284346.0,TQBR
2017-03-27,1.959,1.99,1.94,1.978,2777000,5453891.0,TQBR
2017-03-28,1.984,1.989,1.932,1.98,2169000,4269799.0,TQBR
2017-03-29,1.972,1.994,1.952,1.966,676000,1333436.0,TQBR
2017-03-30,1.978,1.999,1.965,1.997,2553000,5062654.0,TQBR
2017-03-31,1.998,2.004,1.97,1.991,1951000,3880604.0,TQBR
2017-04-03,1.986,2.002,1.984,1.995,637000,1270526.0,TQBR
2017-04-04,1.997,2.009,1.985,2.0,1604000,3201691.0,TQBR
2017-04-05,2.013,2.045,1.994,2.028,1396000,2825623.0,TQBR
2017-04-06,2.043,2.2,2.021,2.123,6276000,13150949.0,TQBR
2017-04-07,2.124,2.268,2.063,2.15,20363000,44104345.0,TQBR
2017-04-10,2.132,2.15,2.05,2.062,4730000,9870935.0,TQBR
2017-04-11,2.068,2.139,2.049,2.099,3520000,7325570.0,TQBR
2017-04-12,2.128,2.13,2.045,2.069,3164000,6610258.0,TQBR
2017-04-13,2.069,2.089,2.023,2.078,4156000,8487123.0,TQBR
2017-04-14,2.078,2.13,2.042,2.073,4288000,8920273.0,TQBR
2017-04-17,2.073,2.129,2.062,2.118,2503000,5249007.0,TQBR
2017-04-18,2.137,2.147,2.09,2.099,3656000,7692599.0,TQBR
2017-04-19,2.118,2.126,2.09,2.11,3080000,6493732.0,TQBR
2017-04-20,2.101,2.13,2.09,2.13,3481000,7353053.0,TQBR
2017-04-21,2.129,2.15,2.103,2.119,2456000,5240563.0,TQBR
2017-04-24,2.122,2.19,2.095,2.138,7547000,16192172.0,TQBR
2017-04-25,2.14,2.189,2.138,2.175,5053000,10965046.0,TQBR
2017-04-26,2.18,2.196,2.111,2.18,5551000,11985365.0,TQBR
2017-04-27,2.162,2.18,2.161,2.173,1641000,3559098.0,TQBR
2017-04-28,2.184,2.282,2.184,2.239,4291000,9594920.0,TQBR
2017-05-02,2.253,2.3,2.214,2.242,8329000,18693754.0,TQBR
2017-05-03,2.274,2.283,2.215,2.238,1940000,4336751.0,TQBR
2017-05-04,2.214,2.237,2.176,2.214,2106000,4666214.0,TQBR
2017-05-05,2.216,2.22,2.182,2.207,1541000,3402750.0,TQBR
2017-05-10,2.204,2.233,2.204,2.21,1905000,4224667.0,TQBR
2017-05-11,2.221,2.228,2.2,2.207,2528000,5576507.0,TQBR
2017-05-12,2.198,2.22,2.182,2.2,2029000,4453419.0,TQBR
2017-05-15,2.197,2.225,2.163,2.165,3818000,8358714.0,TQBR
2017-05-16,2.172,2.2,2.146,2.172,2069000,4509628.0,TQBR
2017-05-17,2.203,2.203,2.172,2.172,979000,2134905.0,TQBR
2017-05-18,2.158,2.187,2.101,2.141,4718000,10144224.0,TQBR
2017-05-19,2.179,2.179,2.125,2.132,4470000,9522550.0,TQBR
2017-05-22,2.153,2.181,2.083,2.105,5768000,12188023.0,TQBR
2017-05-23,2.113,2.138,2.076,2.119,3041000,6390248.0,TQBR
2017-05-24,2.096,2.134,2.088,2.127,4744000,10005524.0,TQBR
2017-05-25,2.13,2.202,2.109,2.166,11676000,25134158.0,TQBR
2017-05-26,2.165,2.187,2.1,2.143,14333000,30544695.0,TQBR
2017-05-29,2.128,2.182,2.12,2.131,13964000,29889111.0,TQBR
2017-05-30,2.12,2.269,2.039,2.132,27072000,58036806.0,TQBR
2017-05-31,2.345,2.45,2.16,2.188,101164000,228841401.0,TQBR
2017-06-01,2.16,2.178,2.0,2.063,56712000,117182194.0,TQBR
2017-06-02,2.069,2.078,1.986,2.067,28503000,57648211.0,TQBR
2017-06-05,2.055,2.092,2.052,2.067,10166000,21001352.0,TQBR
2017-06-06,2.067,2.067,2.026,2.029,6737000,13760248.0,TQBR
2017-06-07,2.01,2.082,1.999,2.031,12870000,26112242.0,TQBR
2017-06-08,2.039,2.04,1.999,2.01,14286000,28764849.0,TQBR
2017-06-09,2.023,2.023,2.002,2.019,5496000,11050085.0,TQBR
2017-06-13,2.019,2.027,2.014,2.027,4365000,8819941.0,TQBR
2017-06-14,2.029,2.03,2.0,2.01,10834000,21802185.0,TQBR
2017-06-15,2.01,2.01,1.91,1.971,15896000,31139251.0,TQBR
2017-06-16,1.974,2.0,1.974,1.984,8884000,17631176.0,TQBR
2017-06-19,1.985,1.997,1.984,1.994,3650000,7270844.0,TQBR
2017-06-20,1.994,2.059,1.994,2.034,10054000,20383059.0,TQBR
2017-06-21,2.034,2.1,2.034,2.075,10353000,21495164.0,TQBR
2017-06-22,2.075,2.09,2.061,2.082,4962000,10316640.0,TQBR
2017-06-23,2.09,2.094,2.072,2.094,6363000,13262145.0,TQBR
2017-06-26,2.095,2.189,2.095,2.156,13181000,28315545.0,TQBR
2017-06-27,2.14,2.179,2.132,2.164,4349000,9385564.0,TQBR
2017-06-28,2.161,2.198,2.151,2.198,4741000,10330720.0,TQBR
2017-06-29,2.191,2.22,2.187,2.2,13105000,28940970.0,TQBR
2017-06-30,2.206,2.224,2.181,2.2,8986000,19824275.0,TQBR
2017-07-03,2.201,2.207,2.186,2.191,5029000,11036101.0,TQBR
2017-07-04,2.191,2.209,2.186,2.201,7792000,17128037.0,TQBR
2017-07-05,2.209,2.214,2.182,2.204,8284000,18243543.0,TQBR
2017-07-06,2.199,2.202,2.191,2.202,8057000,17699741.0,TQBR
2017-07-07,2.2,2.204,2.195,2.2,6221000,13679448.0,TQBR
2017-07-10,2.2,2.27,2.2,2.27,23109000,51743732.0,TQBR
2017-07-11,2.27,2.34,2.256,2.319,19952000,46130637.0,TQBR
2017-07-12,2.328,2.369,2.31,2.34,31630000,74129525.0,TQBR
2017-07-13,2.368,2.368,2.311,2.335,28160000,65899058.0,TQBR
2017-07-14,2.34,2.35,2.289,2.298,29495000,68213802.0,TQBR
2017-07-17,2.298,2.34,2.251,2.34,52536000,121098205.0,TQBR
2017-07-18,2.106,2.106,1.952,1.955,52385000,104744328.0,TQBR
2017-07-19,1.951,1.965,1.9,1.92,20248000,38977860.0,TQBR
2017-07-20,1.948,1.948,1.815,1.816,25432000,47009607.0,TQBR
2017-07-21,1.83,1.833,1.726,1.745,18250000,32534632.0,TQBR
2017-07-24,1.75,1.753,1.673,1.673,18341000,31118695.0,TQBR
2017-07-25,1.673,1.76,1.661,1.737,18191000,31394994.0,TQBR
2017-07-26,1.723,1.844,1.723,1.823,18230000,32850247.0,TQBR
2017-07-27,1.85,1.908,1.83,1.848,17072000,31982623.0,TQBR
2017-07-28,1.88,1.88,1.74,1.81,15571000,27736253.0,TQBR
2017-07-31,1.814,1.823,1.743,1.764,6893000,12186620.0,TQBR
2017-08-01,1.759,1.775,1.759,1.769,3941000,6962818.0,TQBR
2017-08-02,1.773,1.792,1.756,1.769,5060000,8986729.0,TQBR
2017-08-03,1.785,1.785,1.71,1.745,7388000,12949512.0,TQBR
2017-08-04,1.749,1.766,1.73,1.75,5701000,9953672.0,TQBR
2017-08-07,1.763,1.815,1.756,1.77,6057000,10790520.0,TQBR
2017-08-08,1.772,1.79,1.761,1.771,3551000,6299774.0,TQBR
2017-08-09,1.776,1.787,1.744,1.769,5161000,9115964.0,TQBR
2017-08-10,1.77,1.777,1.75,1.762,3428000,6056010.0,TQBR
2017-08-11,1.744,1.804,1.73,1.777,5967000,10531168.0,TQBR
2017-08-14,1.785,1.796,1.775,1.783,2176000,3879993.0,TQBR
2017-08-15,1.784,1.791,1.747,1.786,5731000,10187244.0,TQBR
2017-08-16,1.785,1.789,1.751,1.756,4349000,7704106.0,TQBR
2017-08-17,1.755,1.776,1.75,1.759,3031000,5334575.0,TQBR
2017-08-18,1.77,1.784,1.754,1.775,3226000,5697750.0,TQBR
2017-08-21,1.757,1.816,1.757,1.816,4223000,7572072.0,TQBR
2017-08-22,1.816,1.889,1.791,1.876,10031000,18427533.0,TQBR
2017-08-23,1.89,2.022,1.876,1.949,37751000,74794354.0,TQBR
2017-08-24,1.954,1.99,1.904,1.95,4744000,9245465.0,TQBR
2017-08-25,1.95,1.985,1.95,1.964,3931000,7741964.0,TQBR
2017-08-28,1.978,1.98,1.933,1.964,4051000,7915936.0,TQBR
2017-08-29,1.955,1.968,1.911,1.924,2877000,5573098.0,TQBR
2017-08-30,1.905,1.952,1.9,1.918,3328000,6366841.0,TQBR
2017-08-31,1.908,1.925,1.901,1.92,2308000,4424880.0,TQBR
2017-09-01,1.922,1.925,1.9,1.9,3101000,5910377.0,TQBR
2017-09-04,1.918,1.945,1.882,1.927,2913000,5597355.0,TQBR
2017-09-05,1.922,1.979,1.903,1.921,5754000,11154308.0,TQBR
2017-09-06,1.923,1.929,1.901,1.918,1128000,2154260.0,TQBR
2017-09-07,1.918,1.97,1.906,1.936,5843000,11344538.0,TQBR
2017-09-08,1.931,1.957,1.925,1.93,1271000,2462421.0,TQBR
2017-09-11,1.944,1.967,1.926,1.93,5664000,10995171.0,TQBR
2017-09-12,1.931,1.958,1.924,1.925,1993000,3853817.0,TQBR
2017-09-13,1.93,1.94,1.916,1.926,2655000,5110849.0,TQBR
2017-09-14,1.918,1.927,1.905,1.906,2368000,4519211.0,TQBR
2017-09-15,1.916,1.925,1.905,1.925,934000,1785674.0,TQBR
2017-09-18,1.931,1.956,1.93,1.936,2647000,5140862.0,TQBR
2017-09-19,1.954,1.954,1.888,1.895,6353000,12073019.0,TQBR
2017-09-20,1.897,1.91,1.85,1.888,6384000,11947376.0,TQBR
2017-09-21,1.888,1.896,1.85,1.864,4084000,7614427.0,TQBR
2017-09-22,1.853,1.862,1.817,1.84,7316000,13485532.0,TQBR
2017-09-25,1.83,1.85,1.82,1.832,2839000,5209679.0,TQBR
2017-09-26,1.84,1.847,1.837,1.838,2625000,4833418.0,TQBR
2017-09-27,1.84,1.847,1.801,1.831,3110000,5658464.0,TQBR
2017-09-28,1.836,1.837,1.815,1.82,2453000,4469468.0,TQBR
2017-09-29,1.82,1.836,1.8,1.81,3427000,6195685.0,TQBR
2017-10-02,1.808,1.816,1.778,1.809,7857000,14130451.0,TQBR
2017-10-03,1.821,1.844,1.795,1.815,8644000,15682116.0,TQBR
2017-10-04,1.825,1.83,1.805,1.817,2077000,3785955.0,TQBR
2017-10-05,1.826,1.855,1.807,1.823,5256000,9596857.0,TQBR
2017-10-06,1.838,1.854,1.819,1.829,3817000,7013394.0,TQBR
2017-10-09,1.839,1.848,1.83,1.835,1990000,3657601.0,TQBR
2017-10-10,1.84,1.843,1.829,1.829,1913000,3513913.0,TQBR
2017-10-11,1.835,1.849,1.827,1.836,2468000,4529242.0,TQBR
2017-10-12,1.827,1.845,1.815,1.823,1530000,2790196.0,TQBR
2017-10-13,1.825,1.835,1.555,1.811,4175000,7494123.0,TQBR
2017-10-16,1.82,1.821,1.801,1.81,2349000,4249007.0,TQBR
2017-10-17,1.81,1.815,1.766,1.772,4460000,7980808.0,TQBR
2017-10-18,1.63,1.769,1.63,1.742,9046000,15560258.0,TQBR
2017-10-19,1.754,1.755,1.71,1.724,3066000,5287338.0,TQBR
2017-10-20,1.724,1.769,1.722,1.74,2812000,4902181.0,TQBR
2017-10-23,1.747,1.774,1.723,1.757,4283000,7491370.0,TQBR
2017-10-24,1.752,1.775,1.742,1.77,4121000,7283082.0,TQBR
2017-10-25,1.733,1.773,1.702,1.707,3301000,5697528.0,TQBR
2017-10-26,1.715,1.715,1.602,1.649,9776000,16206147.0,TQBR
2017-10-27,1.661,1.685,1.622,1.629,5477000,8983210.0,TQBR
2017-10-30,1.666,1.711,1.651,1.706,6431000,10834586.0,TQBR
2017-10-31,1.701,1.74,1.67,1.683,2814000,4794767.0,TQBR
2017-11-01,1.692,1.692,1.647,1.661,2766000,4613499.0,TQBR
2017-11-02,1.678,1.678,1.6,1.613,5292000,8584414.0,TQBR
2017-11-03,1.613,1.64,1.577,1.614,5230000,8440464.0,TQBR
2017-11-07,1.622,1.628,1.6,1.61,2581000,4168817.0,TQBR
2017-11-08,1.62,1.68,1.601,1.68,3835000,6306666.0,TQBR
2017-11-09,1.681,1.681,1.642,1.657,3571000,5921141.0,TQBR
2017-11-10,1.659,1.659,1.62,1.642,2513000,4099729.0,TQBR
2017-11-13,1.64,1.645,1.62,1.63,2310000,3771260.0,TQBR
2017-11-14,1.629,1.631,1.6,1.617,4718000,7616547.0,TQBR
2017-11-15,1.607,1.607,1.514,1.548,8755000,13817534.0,TQBR
2017-11-16,1.555,1.564,1.465,1.52,13503000,20162050.0,TQBR
2017-11-17,1.494,1.555,1.494,1.532,3059000,4709454.0,TQBR
2017-11-20,1.532,1.578,1.53,1.572,3760000,5844192.0,TQBR
2017-11-21,1.56,1.579,1.556,1.562,2443000,3829045.0,TQBR
2017-11-22,1.568,1.571,1.55,1.566,1455000,2271969.0,TQBR
2017-11-23,1.573,1.575,1.53,1.547,3627000,5651724.0,TQBR
2017-11-24,1.558,1.561,1.538,1.547,2222000,3439549.0,TQBR
2017-11-27,1.544,1.559,1.515,1.518,3123000,4788628.0,TQBR
2017-11-28,1.529,1.529,1.499,1.508,2124000,3203109.0,TQBR
2017-11-29,1.519,1.52,1.49,1.519,2965000,4457569.0,TQBR
2017-11-30,1.52,1.542,1.502,1.504,2216000,3352204.0,TQBR
2017-12-01,1.515,1.523,1.5,1.51,1600000,2413133.0,TQBR
2017-12-04,1.51,1.51,1.475,1.479,3224000,4796329.0,TQBR
2017-12-05,1.475,1.52,1.47,1.494,7185000,10781974.0,TQBR
2017-12-06,1.49,1.574,1.483,1.519,5730000,8681458.0,TQBR
2017-12-07,1.519,1.528,1.498,1.502,1921000,2900778.0,TQBR
2017-12-08,1.512,1.52,1.501,1.506,1331000,2009749.0,TQBR
2017-12-11,1.508,1.598,1.507,1.567,7175000,11220034.0,TQBR
2017-12-12,1.576,1.593,1.55,1.561,2107000,3302789.0,TQBR
2017-12-13,1.572,1.62,1.57,1.593,4894000,7811355.0,TQBR
2017-12-14,1.597,1.666,1.573,1.666,5864000,9587608.0,TQBR
2017-12-15,1.665,1.665,1.635,1.647,3181000,5249693.0,TQBR
2017-12-18,1.653,1.712,1.646,1.654,6890000,11565868.0,TQBR
2017-12-19,1.675,1.688,1.591,1.608,3461000,5651899.0,TQBR
2017-12-20,1.6,1.611,1.531,1.549,5512000,8589087.0,TQBR
2017-12-21,1.555,1.577,1.501,1.522,2804000,4280216.0,TQBR
2017-12-22,1.523,1.577,1.5,1.541,8598000,13248591.0,TQBR
2017-12-25,1.525,1.554,1.509,1.534,4420000,6782627.0,TQBR
2017-12-26,1.543,1.543,1.497,1.507,4814000,7261863.0,TQBR
2017-12-27,1.508,1.524,1.467,1.49,17133000,25482962.0,TQBR
2017-12-28,1.5,1.608,1.5,1.562,10750000,16790878.0,TQBR
2017-12-29,1.573,1.631,1.569,1.626,6855000,11036618.0,TQBR
2018-01-03,1.614,1.63,1.584,1.607,3823000,6136741.0,TQBR
2018-01-04,1.62,1.622,1.6,1.611,1852000,2979713.0,TQBR
2018-01-05,1.618,1.62,1.596,1.6,2850000,4571865.0,TQBR
2018-01-09,1.602,1.612,1.589,1.61,2463000,3942355.0,TQBR
2018-01-10,1.61,1.62,1.598,1.615,4391000,7068754.0,TQBR
2018-01-11,1.62,1.661,1.62,1.65,8079000,13319525.0,TQBR
2018-01-12,1.665,1.665,1.633,1.655,2710000,4465810.0,TQBR
2018-01-15,1.662,1.665,1.638,1.651,1586000,2623978.0,TQBR
2018-01-16,1.657,1.665,1.639,1.651,2781000,4589027.0,TQBR
2018-01-17,1.648,1.653,1.637,1.646,1149000,1887752.0,TQBR
2018-01-18,1.665,1.686,1.647,1.67,3423000,5719562.0,TQBR
2018-01-19,1.67,1.84,1.653,1.817,19629000,34286839.0,TQBR
2018-01-22,1.8,1.868,1.77,1.811,18292000,33305899.0,TQBR
2018-01-23,1.812,1.817,1.751,1.771,7392000,13147219.0,TQBR
2018-01-24,1.782,1.782,1.729,1.762,4371000,7653739.0,TQBR
2018-01-25,1.755,1.778,1.74,1.748,3628000,6376901.0,TQBR
2018-01-26,1.74,1.75,1.7,1.709,4593000,7892709.0,TQBR
2018-01-29,1.71,1.754,1.683,1.7,3586000,6159791.0,TQBR
2018-01-30,1.686,1.734,1.683,1.72,2568000,4425787.0,TQBR
2018-01-31,1.729,1.729,1.689,1.709,1609000,2751664.0,TQBR
2018-02-01,1.724,1.73,1.715,1.729,1622000,2796711.0,TQBR
2018-02-02,1.73,1.744,1.715,1.718,2051000,3537680.0,TQBR
2018-02-05,1.7,1.71,1.69,1.71,2503000,4255493.0,TQBR
2018-02-06,1.699,1.699,1.62,1.638,11134000,18280531.0,TQBR
2018-02-07,1.65,1.678,1.636,1.651,4195000,6969456.0,TQBR
2018-02-08,1.655,1.678,1.637,1.66,2419000,4026377.0,TQBR
2018-02-09,1.638,1.665,1.638,1.655,1876000,3101350.0,TQBR
2018-02-12,1.646,1.685,1.621,1.669,4837000,7984839.0,TQBR
2018-02-13,1.685,1.685,1.625,1.651,2504000,4120827.0,TQBR
2018-02-14,1.667,1.69,1.66,1.67,2054000,3443486.0,TQBR
2018-02-15,1.679,1.695,1.64,1.649,3264000,5458401.0,TQBR
2018-02-16,1.649,1.668,1.63,1.643,1805000,2977256.0,TQBR
2018-02-19,1.647,1.661,1.643,1.661,3306000,5467387.0,TQBR
2018-02-20,1.665,1.672,1.66,1.662,1356000,2254642.0,TQBR
2018-02-21,1.677,1.7,1.66,1.681,2439000,4106954.0,TQBR
2018-02-22,1.698,1.699,1.67,1.674,2449000,4105197.0,TQBR
2018-02-26,1.663,1.672,1.632,1.649,8223000,13599549.0,TQBR
2018-02-27,1.64,1.65,1.629,1.643,2628000,4302817.0,TQBR
2018-02-28,1.641,1.641,1.609,1.611,3951000,6399248.0,TQBR
2018-03-01,1.608,1.615,1.583,1.59,3786000,6055329.0,TQBR
2018-03-02,1.585,1.588,1.561,1.565,6563000,10306107.0,TQBR
2018-03-05,1.561,1.565,1.51,1.539,17180000,26319998.0,TQBR
2018-03-06,1.537,1.545,1.525,1.534,3892000,5982316.0,TQBR
2018-03-07,1.53,1.558,1.526,1.537,6610000,10158476.0,TQBR
2018-03-09,1.539,1.568,1.535,1.551,3256000,5035343.0,TQBR
2018-03-12,1.55,1.577,1.55,1.569,4736000,7421455.0,TQBR
2018-03-13,1.571,1.582,1.557,1.572,2987000,4699178.0,TQBR
2018-03-14,1.57,1.575,1.541,1.546,4827000,7533121.0,TQBR
2018-03-15,1.544,1.554,1.53,1.548,2043000,3146480.0,TQBR
2018-03-16,1.556,1.57,1.54,1.555,4341000,6725755.0,TQBR
2018-03-19,1.543,1.565,1.543,1.554,3122000,4854313.0,TQBR
2018-03-20,1.554,1.565,1.538,1.553,1750000,2716297.0,TQBR
2018-03-21,1.554,1.584,1.548,1.574,4233000,6655448.0,TQBR
2018-03-22,1.576,1.576,1.544,1.549,2143000,3339577.0,TQBR
2018-03-23,1.533,1.547,1.526,1.538,2352000,3615250.0,TQBR
2018-03-26,1.544,1.544,1.516,1.519,4128000,6301129.0,TQBR
2018-03-27,1.517,1.545,1.517,1.544,2607000,4015587.0,TQBR
2018-03-28,1.539,1.551,1.529,1.546,2565000,3952040.0,TQBR
2018-03-29,1.552,1.554,1.54,1.543,2523000,3896345.0,TQBR
2018-03-30,1.541,1.573,1.539,1.564,3531000,5506519.0,TQBR
2018-04-02,1.572,1.596,1.555,1.559,4363000,6886420.0,TQBR
2018-04-03,1.559,1.567,1.559,1.564,1066000,1667571.0,TQBR
2018-04-04,1.562,1.59,1.556,1.569,2845000,4473046.0,TQBR
2018-04-05,1.57,1.584,1.561,1.569,3139000,4935727.0,TQBR
2018-04-06,1.568,1.724,1.568,1.688,28020000,46533637.0,TQBR
2018-04-09,1.688,1.69,1.497,1.55,17606000,27621727.0,TQBR
2018-04-10,1.589,1.598,1.544,1.574,6389000,10043853.0,TQBR
2018-04-11,1.587,1.587,1.505,1.533,6839000,10566398.0,TQBR
2018-04-12,1.533,1.578,1.533,1.536,2838000,4393280.0,TQBR
2018-04-13,1.563,1.567,1.54,1.548,2498000,3873894.0,TQBR
2018-04-16,1.532,1.546,1.511,1.53,3057000,4668311.0,TQBR
2018-04-17,1.55,1.573,1.525,1.558,4178000,6492538.0,TQBR
2018-04-18,1.546,1.619,1.546,1.615,4374000,6986374.0,TQBR
2018-04-19,1.615,1.641,1.59,1.596,2830000,4578480.0,TQBR
2018-04-20,1.608,1.632,1.595,1.619,2426000,3914877.0,TQBR
2018-04-23,1.626,1.668,1.614,1.66,5068000,8329817.0,TQBR
2018-04-24,1.656,1.669,1.625,1.634,3605000,5905337.0,TQBR
2018-04-25,1.64,1.65,1.6,1.607,3590000,5815500.0,TQBR
2018-04-26,1.619,1.632,1.619,1.622,1167000,1896388.0,TQBR
2018-04-27,1.63,1.64,1.62,1.624,2973000,4834344.0,TQBR
2018-04-28,1.63,1.63,1.617,1.625,1922000,3116133.0,TQBR
2018-04-30,1.634,1.646,1.571,1.598,2747000,4437016.0,TQBR
2018-05-02,1.6,1.615,1.58,1.599,3619000,5768544.0,TQBR
2018-05-03,1.599,1.61,1.575,1.575,1707000,2717093.0,TQBR
2018-05-04,1.582,1.587,1.568,1.578,1321000,2081624.0,TQBR
2018-05-07,1.579,1.593,1.56,1.563,3093000,4860750.0,TQBR
2018-05-08,1.563,1.572,1.56,1.567,889000,1391226.0,TQBR
2018-05-10,1.569,1.59,1.556,1.56,2472000,3879358.0,TQBR
2018-05-11,1.565,1.579,1.559,1.56,1786000,2799133.0,TQBR
2018-05-14,1.566,1.589,1.554,1.564,3968000,6222551.0,TQBR
2018-05-15,1.564,1.582,1.555,1.555,2140000,3350160.0,TQBR
2018-05-16,1.565,1.579,1.529,1.574,6250000,9735198.0,TQBR
2018-05-17,1.575,1.626,1.575,1.603,8025000,12888194.0,TQBR
2018-05-18,1.606,1.614,1.589,1.609,3719000,5954261.0,TQBR
2018-05-21,1.61,1.612,1.59,1.594,1582000,2530437.0,TQBR
2018-05-22,1.591,1.598,1.587,1.595,1111000,1769417.0,TQBR
2018-05-23,1.59,1.59,1.555,1.557,3061000,4799522.0,TQBR
2018-05-24,1.559,1.568,1.165,1.515,15017000,21596965.0,TQBR
2018-05-25,1.51,1.524,1.48,1.507,4456000,6725063.0,TQBR
2018-05-28,1.504,1.519,1.503,1.508,962000,1453324.0,TQBR
2018-05-29,1.507,1.515,1.482,1.496,2283000,3413557.0,TQBR
2018-05-30,1.496,1.497,1.435,1.435,4137000,6080084.0,TQBR
2018-05-31,1.43,1.461,1.391,1.41,9747000,13788635.0,TQBR
2018-06-01,1.413,1.415,1.399,1.409,3269000,4596226.0,TQBR
2018-06-04,1.403,1.415,1.376,1.385,4296000,5994304.0,TQBR
2018-06-05,1.382,1.39,1.347,1.358,6732000,9141569.0,TQBR
2018-06-06,1.352,1.392,1.345,1.346,11519000,15844299.0,TQBR
2018-06-07,1.357,1.416,1.357,1.402,17394000,24487655.0,TQBR
2018-06-08,1.403,1.403,1.368,1.372,5001000,6929086.0,TQBR
2018-06-09,1.371,1.393,1.371,1.38,1043000,1444028.0,TQBR
2018-06-11,1.376,1.394,1.373,1.387,105000,145362.0,TQBR
2018-06-13,1.394,1.453,1.38,1.395,11260000,15949839.0,TQBR
2018-06-14,1.401,1.446,1.401,1.41,7520000,10717840.0,TQBR
2018-06-15,1.411,1.414,1.388,1.395,6500000,9068492.0,TQBR
2018-06-18,1.396,1.405,1.386,1.39,1089000,1517653.0,TQBR
2018-06-19,1.4,1.409,1.356,1.368,4632000,6352752.0,TQBR
2018-06-20,1.363,1.389,1.36,1.36,2036000,2791930.0,TQBR
2018-06-21,1.37,1.38,1.361,1.37,1070000,1468012.0,TQBR
2018-06-22,1.378,1.395,1.366,1.38,998000,1382218.0,TQBR
2018-06-25,1.379,1.392,1.37,1.379,679000,934169.0,TQBR
2018-06-26,1.386,1.386,1.363,1.378,1066000,1462514.0,TQBR
2018-06-27,1.373,1.388,1.365,1.371,752000,1032427.0,TQBR
2018-06-28,1.381,1.382,1.362,1.369,1079000,1477330.0,TQBR
2018-06-29,1.378,1.387,1.365,1.383,2141000,2954819.0,TQBR
2018-07-02,1.387,1.393,1.377,1.387,947000,1311466.0,TQBR
2018-07-03,1.385,1.393,1.379,1.387,1511000,2093156.0,TQBR
2018-07-04,1.38,1.394,1.377,1.386,1176000,1631056.0,TQBR
2018-07-05,1.395,1.395,1.344,1.367,6576000,8949530.0,TQBR
2018-07-06,1.358,1.358,1.316,1.355,4750000,6354811.0,TQBR
2018-07-09,1.36,1.374,1.351,1.358,3183000,4333300.0,TQBR
2018-07-10,1.368,1.37,1.353,1.363,903000,1228461.0,TQBR
2018-07-11,1.36,1.369,1.354,1.36,1301000,1772233.0,TQBR
2018-07-12,1.356,1.372,1.35,1.361,952000,1296055.0,TQBR
2018-07-13,1.36,1.364,1.356,1.361,709000,963658.0,TQBR
2018-07-16,1.356,1.39,1.351,1.369,4966000,6811929.0,TQBR
2018-07-17,1.369,1.369,1.35,1.357,1182000,1602793.0,TQBR
2018-07-18,1.357,1.363,1.35,1.351,1091000,1478767.0,TQBR
2018-07-19,1.35,1.354,1.326,1.335,1558000,2091284.0,TQBR
2018-07-20,1.335,1.344,1.33,1.341,2315000,3099316.0,TQBR
2018-07-23,1.345,1.354,1.337,1.354,1540000,2076251.0,TQBR
2018-07-24,1.351,1.366,1.351,1.362,1404000,1912337.0,TQBR
2018-07-25,1.361,1.362,1.338,1.345,1393000,1875554.0,TQBR
2018-07-26,1.345,1.352,1.342,1.349,924000,1244630.0,TQBR
2018-07-27,1.351,1.355,1.341,1.353,1305000,1757559.0,TQBR
2018-07-30,1.35,1.36,1.344,1.346,3396000,4596915.0,TQBR
2018-07-31,1.352,1.357,1.345,1.352,683000,923420.0,TQBR
2018-08-01,1.355,1.409,1.352,1.395,7227000,9964439.0,TQBR
2018-08-02,1.39,1.408,1.37,1.371,1118000,1547046.0,TQBR
2018-08-03,1.372,1.374,1.352,1.358,1235000,1684718.0,TQBR
2018-08-06,1.368,1.368,1.343,1.351,2617000,3540192.0,TQBR
2018-08-07,1.352,1.355,1.345,1.352,1064000,1436872.0,TQBR
2018-08-08,1.356,1.356,1.333,1.336,2047000,2743979.0,TQBR
2018-08-09,1.338,1.338,1.281,1.322,6138000,8040663.0,TQBR
2018-08-10,1.316,1.344,1.296,1.298,4327000,5721278.0,TQBR
2018-08-13,1.314,1.315,1.29,1.304,950000,1235598.0,TQBR
2018-08-14,1.298,1.315,1.268,1.276,4676000,6007214.0,TQBR
2018-08-15,1.285,1.293,1.273,1.285,1666000,2141241.0,TQBR
2018-08-16,1.285,1.299,1.267,1.276,3870000,4950850.0,TQBR
2018-08-17,1.276,1.287,1.262,1.266,1339000,1704215.0,TQBR
2018-08-20,1.261,1.274,1.261,1.266,1250000,1580628.0,TQBR
2018-08-21,1.268,1.281,1.268,1.274,711000,907742.0,TQBR
2018-08-22,1.276,1.297,1.276,1.285,848000,1092007.0,TQBR
2018-08-23,1.279,1.279,1.25,1.254,2510000,3169270.0,TQBR
2018-08-24,1.251,1.26,1.22,1.233,3615000,4466871.0,TQBR
2018-08-27,1.244,1.259,1.212,1.24,3097000,3827728.0,TQBR
2018-08-28,1.244,1.247,1.218,1.22,2066000,2536250.0,TQBR
2018-08-29,1.217,1.229,1.215,1.22,2238000,2743236.0,TQBR
2018-08-30,1.227,1.239,1.2,1.211,9065000,11041520.0,TQBR
2018-08-31,1.21,1.233,1.208,1.229,3924000,4803274.0,TQBR
2018-09-03,1.23,1.348,1.228,1.281,9308000,11856050.0,TQBR
2018-09-04,1.285,1.344,1.285,1.301,2686000,3524231.0,TQBR
2018-09-05,1.3,1.315,1.261,1.283,1640000,2100019.0,TQBR
2018-09-06,1.286,1.29,1.222,1.253,835000,1053846.0,TQBR
2018-09-07,1.257,1.314,1.243,1.288,5823000,7506663.0,TQBR
2018-09-10,1.289,1.31,1.281,1.296,7678000,9979671.0,TQBR
2018-09-11,1.297,1.302,1.272,1.297,7559000,9774301.0,TQBR
2018-09-12,1.295,1.313,1.286,1.302,1837000,2385786.0,TQBR
2018-09-13,1.303,1.313,1.291,1.313,2234000,2909338.0,TQBR
2018-09-14,1.304,1.343,1.298,1.337,5096000,6722659.0,TQBR
2018-09-17,1.339,1.385,1.333,1.364,6084000,8301101.0,TQBR
2018-09-18,1.364,1.377,1.351,1.36,11301000,15442131.0,TQBR
2018-09-19,1.36,1.379,1.354,1.36,5416000,7389413.0,TQBR
2018-09-20,1.365,1.437,1.36,1.418,20559000,28589125.0,TQBR
2018-09-21,1.42,1.438,1.401,1.41,12446000,17716712.0,TQBR
2018-09-24,1.412,1.415,1.398,1.4,1033000,1449400.0,TQBR
2018-09-25,1.383,1.405,1.289,1.303,48172000,63380664.0,TQBR
2018-09-26,1.318,1.325,1.295,1.308,4808000,6293337.0,TQBR
2018-09-27,1.306,1.307,1.281,1.304,3337000,4323077.0,TQBR
2018-09-28,1.303,1.312,1.291,1.293,2078000,2695636.0,TQBR
2018-10-01,1.293,1.31,1.29,1.304,1095000,1425303.0,TQBR
2018-10-02,1.318,1.376,1.305,1.353,34723000,46751454.0,TQBR
2018-10-03,1.358,1.376,1.338,1.35,12430000,16972505.0,TQBR
2018-10-04,1.352,1.362,1.31,1.317,2529000,3382905.0,TQBR
2018-10-05,1.318,1.318,1.306,1.311,831000,1088854.0,TQBR
2018-10-08,1.306,1.345,1.306,1.341,8406000,11107375.0,TQBR
2018-10-09,1.342,1.371,1.333,1.371,3723000,5049867.0,TQBR
2018-10-10,1.368,1.381,1.351,1.371,4041000,5551347.0,TQBR
2018-10-11,1.32,1.363,1.315,1.357,5015000,6745179.0,TQBR
2018-10-12,1.35,1.37,1.348,1.348,738000,1000070.0,TQBR
2018-10-15,1.35,1.352,1.343,1.349,205000,276208.0,TQBR
2018-10-16,1.343,1.375,1.343,1.37,2668000,3643374.0,TQBR
2018-10-17,1.373,1.379,1.365,1.366,2975000,4084860.0,TQBR
2018-10-18,1.364,1.38,1.364,1.374,1512000,2078183.0,TQBR
2018-10-19,1.365,1.399,1.365,1.382,2801000,3867026.0,TQBR
2018-10-22,1.37,1.394,1.363,1.385,8656000,11875406.0,TQBR
2018-10-23,1.373,1.373,1.251,1.353,5114000,6888715.0,TQBR
2018-10-24,1.35,1.377,1.33,1.361,1485000,2020415.0,TQBR
2018-10-25,1.357,1.357,1.34,1.345,459000,618260.0,TQBR
2018-10-26,1.34,1.34,1.287,1.307,1885000,2471467.0,TQBR
2018-10-29,1.305,1.323,1.291,1.291,2201000,2864327.0,TQBR
2018-10-30,1.295,1.31,1.285,1.302,1721000,2230519.0,TQBR
2018-10-31,1.309,1.326,1.291,1.311,6936000,9043301.0,TQBR
2018-11-01,1.311,1.313,1.298,1.311,2671000,3492069.0,TQBR
2018-11-02,1.313,1.319,1.302,1.309,1550000,2030821.0,TQBR
2018-11-06,1.309,1.338,1.308,1.327,1728000,2288274.0,TQBR
2018-11-07,1.325,1.36,1.316,1.358,1892000,2541581.0,TQBR
2018-11-08,1.343,1.36,1.328,1.349,636000,856549.0,TQBR
2018-11-09,1.318,1.34,1.304,1.336,673000,894011.0,TQBR
2018-11-12,1.343,1.354,1.333,1.34,1189000,1594993.0,TQBR
2018-11-13,1.354,1.354,1.329,1.339,1308000,1747200.0,TQBR
2018-11-14,1.334,1.344,1.331,1.34,513000,685565.0,TQBR
2018-11-15,1.348,1.356,1.336,1.336,3604000,4850735.0,TQBR
2018-11-16,1.349,1.35,1.315,1.335,3167000,4235600.0,TQBR
2018-11-19,1.321,1.372,1.31,1.333,2970000,3992627.0,TQBR
2018-11-20,1.321,1.328,1.296,1.31,1406000,1840635.0,TQBR
2018-11-21,1.309,1.313,1.3,1.312,571000,745342.0,TQBR
2018-11-22,1.312,1.343,1.312,1.341,2101000,2801980.0,TQBR
2018-11-23,1.34,1.346,1.338,1.346,2832000,3795783.0,TQBR
2018-11-26,1.348,1.348,1.33,1.333,1155000,1542418.0,TQBR
2018-11-27,1.348,1.348,1.333,1.337,496000,663754.0,TQBR
2018-11-28,1.35,1.356,1.335,1.356,1153000,1549017.0,TQBR
2018-11-29,1.358,1.41,1.358,1.402,6585000,9180136.0,TQBR
2018-11-30,1.417,1.417,1.335,1.366,5339000,7285278.0,TQBR
2018-12-03,1.384,1.397,1.366,1.397,1401000,1942856.0,TQBR
2018-12-04,1.393,1.408,1.356,1.364,5593000,7697283.0,TQBR
2018-12-05,1.372,1.378,1.357,1.363,1060000,1452038.0,TQBR
2018-12-06,1.371,1.372,1.351,1.368,1100000,1500384.0,TQBR
2018-12-07,1.352,1.375,1.352,1.368,712000,969619.0,TQBR
2018-12-10,1.36,1.374,1.348,1.365,1981000,2693379.0,TQBR
2018-12-11,1.368,1.376,1.357,1.368,3672000,4999377.0,TQBR
2018-12-12,1.36,1.37,1.35,1.36,1181000,1609194.0,TQBR
2018-12-13,1.36,1.37,1.351,1.367,1186000,1615603.0,TQBR
2018-12-14,1.368,1.37,1.349,1.353,1409000,1914631.0,TQBR
2018-12-17,1.35,1.356,1.331,1.346,1254000,1688877.0,TQBR
2018-12-18,1.341,1.347,1.334,1.337,1014000,1357148.0,TQBR
2018-12-19,1.339,1.372,1.339,1.359,3247000,4418012.0,TQBR
2018-12-20,1.356,1.374,1.351,1.357,3512000,4771441.0,TQBR
2018-12-21,1.36,1.365,1.343,1.358,1958000,2643659.0,TQBR
2018-12-24,1.359,1.36,1.34,1.34,2427000,3272396.0,TQBR
2018-12-25,1.337,1.358,1.302,1.355,5025000,6723073.0,TQBR
2018-12-26,1.35,1.365,1.341,1.36,4059000,5514116.0,TQBR
2018-12-27,1.37,1.384,1.361,1.369,7773000,10716254.0,TQBR
2018-12-28,1.377,1.39,1.364,1.38,6650000,9198214.0,TQBR
2018-12-29,1.364,1.41,1.364,1.402,2915000,4063871.0,TQBR
2019-01-03,1.395,1.409,1.387,1.398,672000,939182.0,TQBR
2019-01-04,1.403,1.409,1.391,1.398,533000,744602.0,TQBR
2019-01-08,1.403,1.403,1.389,1.396,764000,1065608.0,TQBR
2019-01-09,1.397,1.403,1.39,1.397,1459000,2035195.0,TQBR
2019-01-10,1.396,1.409,1.395,1.405,2220000,3120338.0,TQBR
2019-01-11,1.415,1.435,1.41,1.422,2313000,3294205.0,TQBR
2019-01-14,1.423,1.439,1.411,1.42,682000,967572.0,TQBR
2019-01-15,1.427,1.435,1.42,1.422,937000,1336464.0,TQBR
2019-01-16,1.437,1.5,1.422,1.486,6044000,8839967.0,TQBR
2019-01-17,1.486,1.513,1.438,1.513,7309000,10933919.0,TQBR
2019-01-18,1.492,1.53,1.491,1.52,6507000,9855979.0,TQBR
2019-01-21,1.528,1.536,1.5,1.518,1250000,1897789.0,TQBR
2019-01-22,1.524,1.54,1.457,1.539,9004000,13508054.0,TQBR
2019-01-23,1.512,1.585,1.5,1.528,18051000,27844900.0,TQBR
2019-01-24,1.522,1.538,1.509,1.522,2507000,3814357.0,TQBR
2019-01-25,1.526,1.545,1.515,1.519,1441000,2195619.0,TQBR
2019-01-28,1.514,1.535,1.505,1.513,3113000,4711313.0,TQBR
2019-01-29,1.515,1.515,1.481,1.49,3986000,5960882.0,TQBR
2019-01-30,1.48,1.535,1.477,1.486,4813000,7183257.0,TQBR
2019-01-31,1.489,1.517,1.488,1.491,987000,1474096.0,TQBR
2019-02-01,1.494,1.496,1.478,1.492,1399000,2082752.0,TQBR
2019-02-04,1.494,1.499,1.48,1.485,1461000,2179644.0,TQBR
2019-02-05,1.485,1.492,1.48,1.491,947000,1409281.0,TQBR
2019-02-06,1.488,1.495,1.484,1.495,861000,1283582.0,TQBR
2019-02-07,1.496,1.497,1.477,1.477,664000,986820.0,TQBR
2019-02-08,1.477,1.49,1.476,1.489,238000,353034.0,TQBR
2019-02-11,1.491,1.492,1.469,1.475,1075000,1589879.0,TQBR
2019-02-12,1.48,1.495,1.45,1.475,2632000,3886203.0,TQBR
2019-02-13,1.471,1.505,1.44,1.451,4773000,7040586.0,TQBR
2019-02-14,1.451,1.47,1.421,1.436,7017000,10168114.0,TQBR
2019-02-15,1.445,1.46,1.428,1.442,626000,905777.0,TQBR
2019-02-18,1.444,1.457,1.441,1.442,732000,1058021.0,TQBR
2019-02-19,1.441,1.453,1.429,1.438,955000,1382973.0,TQBR
2019-02-20,1.438,1.447,1.429,1.439,562000,809441.0,TQBR
2019-02-21,1.43,1.446,1.43,1.439,326000,469218.0,TQBR
2019-02-22,1.446,1.475,1.402,1.455,8654000,12470072.0,TQBR
2019-02-25,1.464,1.485,1.42,1.435,2529000,3670279.0,TQBR
2019-02-26,1.429,1.443,1.42,1.44,953000,1360220.0,TQBR
2019-02-27,1.44,1.441,1.411,1.42,871000,1239421.0,TQBR
2019-02-28,1.43,1.43,1.409,1.412,630000,892089.0,TQBR
2019-03-01,1.427,1.427,1.405,1.413,580000,818352.0,TQBR
2019-03-04,1.415,1.422,1.411,1.422,440000,624529.0,TQBR
2019-03-05,1.415,1.422,1.389,1.411,2011000,2832078.0,TQBR
2019-03-06,1.415,1.421,1.405,1.408,393000,554939.0,TQBR
2019-03-07,1.41,1.414,1.381,1.398,1260000,1760958.0,TQBR
2019-03-11,1.382,1.408,1.375,1.38,1419000,1966696.0,TQBR
2019-03-12,1.394,1.394,1.38,1.386,496000,686557.0,TQBR
2019-03-13,1.39,1.39,1.352,1.371,1470000,2014368.0,TQBR
2019-03-14,1.37,1.387,1.34,1.36,1683000,2296097.0,TQBR
2019-03-15,1.368,1.373,1.363,1.37,313000,428190.0,TQBR
2019-03-18,1.37,1.379,1.357,1.376,585000,802918.0,TQBR
2019-03-19,1.38,1.396,1.38,1.38,1001000,1387373.0,TQBR
2019-03-20,1.39,1.397,1.372,1.387,580000,805898.0,TQBR
2019-03-21,1.393,1.398,1.381,1.392,440000,611150.0,TQBR
2019-03-22,1.395,1.4,1.386,1.398,557000,776880.0,TQBR
2019-03-25,1.4,1.4,1.372,1.393,1127000,1562706.0,TQBR
2019-03-26,1.395,1.408,1.37,1.388,1245000,1730163.0,TQBR
2019-03-27,1.389,1.399,1.381,1.39,1012000,1407131.0,TQBR
2019-03-28,1.398,1.439,1.39,1.432,13739000,19355082.0,TQBR
2019-03-29,1.412,1.437,1.409,1.421,3147000,4481477.0,TQBR
2019-04-01,1.41,1.432,1.406,1.426,3919000,5584826.0,TQBR
2019-04-02,1.42,1.433,1.416,1.426,1657000,2363446.0,TQBR
2019-04-03,1.423,1.435,1.415,1.435,1339000,1906470.0,TQBR
2019-04-04,1.429,1.479,1.428,1.468,6047000,8769388.0,TQBR
2019-04-05,1.468,1.51,1.452,1.488,4210000,6243704.0,TQBR
2019-04-08,1.465,1.506,1.433,1.469,2905000,4272930.0,TQBR
2019-04-09,1.465,1.484,1.44,1.472,3405000,4988044.0,TQBR
2019-04-10,1.455,1.499,1.455,1.482,4870000,7225667.0,TQBR
2019-04-11,1.485,1.497,1.457,1.47,4303000,6331850.0,TQBR
2019-04-12,1.46,1.466,1.455,1.466,1383000,2025182.0,TQBR
2019-04-15,1.459,1.484,1.456,1.461,1228000,1798303.0,TQBR
2019-04-16,1.46,1.55,1.45,1.468,2071000,3081011.0,TQBR
2019-04-17,1.462,1.489,1.458,1.472,582000,856391.0,TQBR
2019-04-18,1.46,1.505,1.46,1.469,1066000,1576130.0,TQBR
2019-04-19,1.46,1.475,1.46,1.468,591000,866898.0,TQBR
2019-04-22,1.47,1.48,1.455,1.458,904000,1318250.0,TQBR
2019-04-23,1.458,1.469,1.415,1.448,3052000,4414266.0,TQBR
2019-04-24,1.438,1.491,1.43,1.48,4956000,7203661.0,TQBR
2019-04-25,1.476,1.484,1.453,1.464,1224000,1801012.0,TQBR
2019-04-26,1.459,1.466,1.444,1.459,908000,1319844.0,TQBR
2019-04-29,1.465,1.484,1.44,1.464,3927000,5730175.0,TQBR
2019-04-30,1.459,1.474,1.451,1.466,1314000,1919660.0,TQBR
2019-05-02,1.463,1.47,1.433,1.47,1031000,1496436.0,TQBR
2019-05-03,1.453,1.466,1.45,1.457,460000,669662.0,TQBR
2019-05-06,1.464,1.464,1.445,1.456,276000,400828.0,TQBR
2019-05-07,1.46,1.494,1.443,1.481,3947000,5850800.0,TQBR
2019-05-08,1.491,1.498,1.469,1.487,3233000,4783513.0,TQBR
2019-05-10,1.49,1.49,1.474,1.474,190000,282140.0,TQBR
2019-05-13,1.482,1.482,1.459,1.465,1386000,2031585.0,TQBR
2019-05-14,1.46,1.475,1.444,1.462,1225000,1779799.0,TQBR
2019-05-15,1.47,1.5,1.45,1.476,5475000,8120843.0,TQBR
2019-05-16,1.478,1.494,1.47,1.486,2737000,4043716.0,TQBR
2019-05-17,1.484,1.55,1.45,1.54,12329000,18605519.0,TQBR
2019-05-20,1.548,1.66,1.492,1.633,26319000,42079748.0,TQBR
2019-05-21,1.635,1.69,1.553,1.589,8911000,14353537.0,TQBR
2019-05-22,1.6,1.6,1.552,1.58,3500000,5534557.0,TQBR
2019-05-23,1.583,1.592,1.511,1.559,7558000,11728541.0,TQBR
2019-05-24,1.55,1.635,1.535,1.572,4678000,7457189.0,TQBR
2019-05-27,1.575,1.594,1.467,1.525,18307000,28500476.0,TQBR
2019-05-28,1.54,1.576,1.509,1.551,11133000,17098875.0,TQBR
2019-05-29,1.558,1.617,1.552,1.587,10194000,16234599.0,TQBR
2019-05-30,1.587,1.619,1.572,1.589,6484000,10301240.0,TQBR
2019-05-31,1.575,1.6,1.551,1.569,5050000,7935038.0,TQBR
2019-06-03,1.582,1.588,1.515,1.528,6194000,9477300.0,TQBR
2019-06-04,1.53,1.544,1.521,1.532,8034000,12348312.0,TQBR
2019-06-05,1.543,1.581,1.538,1.54,8705000,13567416.0,TQBR
2019-06-06,1.55,1.627,1.55,1.62,9293000,14863562.0,TQBR
2019-06-07,1.62,1.66,1.61,1.657,30104000,48720615.0,TQBR
2019-06-10,1.658,1.68,1.611,1.641,5494000,9077409.0,TQBR
2019-06-11,1.67,1.674,1.623,1.627,3629000,5964870.0,TQBR
2019-06-13,1.643,1.683,1.627,1.662,4117000,6836616.0,TQBR
2019-06-14,1.674,1.75,1.648,1.738,8473000,14486469.0,TQBR
2019-06-17,1.72,1.89,1.682,1.716,38873000,69864301.0,TQBR
2019-06-18,1.735,1.814,1.625,1.753,39130000,67730722.0,TQBR
2019-06-19,1.75,1.81,1.746,1.77,11294000,20064989.0,TQBR
2019-06-20,1.815,1.816,1.721,1.727,8640000,15196737.0,TQBR
2019-06-21,1.745,1.745,1.69,1.692,5773000,9890605.0,TQBR
2019-06-24,1.704,1.745,1.601,1.737,6819000,11579910.0,TQBR
2019-06-25,1.732,1.747,1.638,1.666,8361000,14016369.0,TQBR
2019-06-26,1.66,1.718,1.63,1.699,10011000,16864490.0,TQBR
2019-06-27,1.7,1.714,1.68,1.688,2106000,3565917.0,TQBR
2019-06-28,1.69,1.692,1.672,1.672,3185000,5359686.0,TQBR
2019-07-01,1.67,1.698,1.65,1.685,9696000,16267979.0,TQBR
2019-07-02,1.7,1.706,1.689,1.699,2859000,4851865.0,TQBR
2019-07-03,1.7,1.702,1.685,1.695,3419000,5797479.0,TQBR
2019-07-04,1.695,1.716,1.662,1.669,20792000,35007855.0,TQBR
2019-07-05,1.602,1.63,1.601,1.62,17090000,27622281.0,TQBR
2019-07-08,1.62,1.622,1.452,1.551,19609000,30362102.0,TQBR
2019-07-09,1.556,1.579,1.486,1.516,11925000,18030693.0,TQBR
2019-07-10,1.518,1.555,1.502,1.535,6941000,10661354.0,TQBR
2019-07-11,1.536,1.549,1.49,1.499,4825000,7310521.0,TQBR
2019-07-12,1.499,1.5,1.44,1.469,9276000,13560679.0,TQBR
2019-07-15,1.477,1.549,1.46,1.494,12996000,19523534.0,TQBR
2019-07-16,1.494,1.533,1.453,1.467,7627000,11350133.0,TQBR
2019-07-17,1.467,1.484,1.453,1.47,3125000,4595648.0,TQBR
2019-07-18,1.475,1.487,1.455,1.462,3119000,4575195.0,TQBR
2019-07-19,1.469,1.473,1.457,1.461,2839000,4160003.0,TQBR
2019-07-22,1.498,1.509,1.46,1.475,4487000,6662990.0,TQBR
2019-07-23,1.471,1.471,1.453,1.461,4091000,5972930.0,TQBR
2019-07-24,1.469,1.47,1.45,1.454,3358000,4899679.0,TQBR
2019-07-25,1.45,1.465,1.447,1.46,3535000,5147245.0,TQBR
2019-07-26,1.466,1.475,1.445,1.45,3369000,4917812.0,TQBR
2019-07-29,1.455,1.463,1.444,1.457,1327000,1926310.0,TQBR
2019-07-30,1.458,1.472,1.45,1.452,1401000,2044672.0,TQBR
2019-07-31,1.451,1.526,1.45,1.485,18596000,27882412.0,TQBR
2019-08-01,1.481,1.495,1.469,1.474,3933000,5805965.0,TQBR
2019-08-02,1.464,1.465,1.45,1.455,4671000,6804242.0,TQBR
2019-08-05,1.441,1.462,1.432,1.443,4064000,5889244.0,TQBR
2019-08-06,1.443,1.46,1.44,1.456,1832000,2653902.0,TQBR
2019-08-07,1.448,1.46,1.445,1.445,1830000,2655001.0,TQBR
2019-08-08,1.453,1.467,1.453,1.458,3200000,4676835.0,TQBR
2019-08-09,1.455,1.455,1.411,1.421,6402000,9161769.0,TQBR
2019-08-12,1.42,1.437,1.38,1.387,13215000,18556240.0,TQBR
2019-08-13,1.39,1.39,1.333,1.355,14904000,20091432.0,TQBR
2019-08-14,1.347,1.399,1.347,1.361,7478000,10306752.0,TQBR
2019-08-15,1.368,1.39,1.343,1.355,2114000,2870354.0,TQBR
2019-08-16,1.355,1.367,1.33,1.353,3515000,4755112.0,TQBR
2019-08-19,1.368,1.4,1.368,1.376,2650000,3657504.0,TQBR
2019-08-20,1.395,1.403,1.382,1.387,3051000,4255841.0,TQBR
2019-08-21,1.396,1.434,1.389,1.415,3452000,4874348.0,TQBR
2019-08-22,1.4,1.469,1.4,1.459,6432000,9305199.0,TQBR
2019-08-23,1.47,1.471,1.436,1.438,1427000,2070809.0,TQBR
2019-08-26,1.43,1.449,1.403,1.437,4384000,6263175.0,TQBR
2019-08-27,1.437,1.45,1.423,1.426,2231000,3203654.0,TQBR
2019-08-28,1.43,1.466,1.429,1.446,1507000,2184186.0,TQBR
2019-08-29,1.461,1.475,1.455,1.46,2381000,3486965.0,TQBR
2019-08-30,1.466,1.494,1.459,1.473,3561000,5261663.0,TQBR
2019-09-02,1.475,1.5,1.475,1.484,3955000,5895418.0,TQBR
2019-09-03,1.49,1.49,1.469,1.473,3946000,5840513.0,TQBR
2019-09-04,1.466,1.478,1.458,1.468,3122000,4576611.0,TQBR
2019-09-05,1.469,1.497,1.469,1.49,2497000,3710852.0,TQBR
2019-09-06,1.478,1.496,1.46,1.474,2067000,3041964.0,TQBR
2019-09-09,1.469,1.49,1.462,1.487,1532000,2271641.0,TQBR
2019-09-10,1.471,1.489,1.471,1.487,1237000,1836101.0,TQBR
2019-09-11,1.5,1.511,1.49,1.511,4283000,6440195.0,TQBR
2019-09-12,1.504,1.555,1.504,1.535,6152000,9441340.0,TQBR
2019-09-13,1.54,1.58,1.54,1.556,8470000,13227399.0,TQBR
2019-09-16,1.57,1.579,1.512,1.53,4619000,7125043.0,TQBR
2019-09-17,1.534,1.541,1.493,1.524,5414000,8200969.0,TQBR
2019-09-18,1.524,1.575,1.506,1.561,9465000,14702161.0,TQBR
2019-09-19,1.565,1.586,1.55,1.569,10880000,17171752.0,TQBR
2019-09-20,1.57,1.586,1.565,1.576,8426000,13340393.0,TQBR
2019-09-23,1.57,1.582,1.542,1.566,4678000,7307936.0,TQBR
2019-09-24,1.565,1.585,1.523,1.526,6617000,10301596.0,TQBR
2019-09-25,1.527,1.53,1.486,1.509,5031000,7563615.0,TQBR
2019-09-26,1.52,1.58,1.511,1.57,11693000,18184251.0,TQBR
2019-09-27,1.557,1.584,1.557,1.569,1971000,3103824.0,TQBR
2019-09-30,1.56,1.584,1.555,1.584,3802000,5970069.0,TQBR
2019-10-01,1.585,1.633,1.5,1.535,38770000,59569134.0,TQBR
2019-10-02,1.526,1.534,1.47,1.491,17601000,26459425.0,TQBR
2019-10-03,1.49,1.512,1.433,1.511,15849000,23426990.0,TQBR
2019-10-04,1.526,1.527,1.5,1.5,7885000,11905023.0,TQBR
2019-10-07,1.509,1.528,1.493,1.505,2641000,3973409.0,TQBR
2019-10-08,1.502,1.51,1.493,1.5,1211000,1817716.0,TQBR
2019-10-09,1.493,1.508,1.487,1.5,5045000,7564119.0,TQBR
2019-10-10,1.513,1.513,1.497,1.508,331000,497830.0,TQBR
2019-10-11,1.51,1.516,1.47,1.48,3110000,4634308.0,TQBR
2019-10-14,1.49,1.498,1.468,1.477,2090000,3092234.0,TQBR
2019-10-15,1.472,1.484,1.47,1.48,3901000,5756657.0,TQBR
2019-10-16,1.489,1.489,1.44,1.462,7269000,10665142.0,TQBR
2019-10-17,1.464,1.48,1.464,1.472,1972000,2903658.0,TQBR
2019-10-18,1.468,1.476,1.458,1.476,4080000,5990897.0,TQBR
2019-10-21,1.462,1.476,1.46,1.46,1263000,1852588.0,TQBR
2019-10-22,1.47,1.494,1.461,1.487,3981000,5886625.0,TQBR
2019-10-23,1.485,1.501,1.472,1.48,2794000,4158573.0,TQBR
2019-10-24,1.475,1.512,1.475,1.486,23909000,35905217.0,TQBR
2019-10-25,1.498,1.504,1.471,1.481,4899000,7275416.0,TQBR
2019-10-28,1.497,1.5,1.481,1.485,1634000,2437469.0,TQBR
2019-10-29,1.482,1.49,1.478,1.487,1729000,2568402.0,TQBR
2019-10-30,1.491,1.502,1.478,1.495,3481000,5207796.0,TQBR
2019-10-31,1.499,1.502,1.49,1.499,3023000,4530833.0,TQBR
2019-11-01,1.505,1.507,1.471,1.485,6290000,9357955.0,TQBR
2019-11-05,1.487,1.498,1.457,1.475,9147000,13494081.0,TQBR
2019-11-06,1.488,1.512,1.461,1.474,34371000,51135788.0,TQBR
2019-11-07,1.478,1.486,1.461,1.472,11038000,16306296.0,TQBR
2019-11-08,1.474,1.484,1.45,1.47,8546000,12503072.0,TQBR
2019-11-11,1.47,1.477,1.455,1.464,5298000,7747737.0,TQBR
2019-11-12,1.465,1.467,1.445,1.45,4893000,7110505.0,TQBR
2019-11-13,1.447,1.453,1.441,1.447,3186000,4611641.0,TQBR
2019-11-14,1.452,1.462,1.44,1.449,3711000,5371221.0,TQBR
2019-11-15,1.449,1.459,1.44,1.446,3772000,5461429.0,TQBR
2019-11-18,1.448,1.46,1.448,1.454,1918000,2789368.0,TQBR
2019-11-19,1.456,1.477,1.45,1.468,8898000,13019123.0,TQBR
2019-11-20,1.467,1.489,1.465,1.469,5755000,8492604.0,TQBR
2019-11-21,1.47,1.478,1.464,1.469,1667000,2449093.0,TQBR
2019-11-22,1.475,1.475,1.459,1.466,2743000,4019773.0,TQBR
2019-11-25,1.469,1.49,1.465,1.483,13268000,19698087.0,TQBR
2019-11-26,1.489,1.49,1.465,1.469,8527000,12616668.0,TQBR
2019-11-27,1.464,1.49,1.464,1.483,9170000,13566686.0,TQBR
2019-11-28,1.471,1.485,1.469,1.476,3344000,4934928.0,TQBR
2019-11-29,1.484,1.485,1.465,1.476,3342000,4920556.0,TQBR
2019-12-02,1.481,1.487,1.474,1.478,1982000,2936423.0,TQBR
2019-12-03,1.485,1.487,1.448,1.453,10150000,14860733.0,TQBR
2019-12-04,1.455,1.462,1.443,1.448,5525000,8018165.0,TQBR
2019-12-05,1.459,1.464,1.437,1.451,4390000,6348762.0,TQBR
2019-12-06,1.451,1.467,1.449,1.461,4172000,6064534.0,TQBR
2019-12-09,1.459,1.484,1.456,1.466,5673000,8341079.0,TQBR
2019-12-10,1.464,1.5,1.455,1.493,7461000,11037239.0,TQBR
2019-12-11,1.497,1.51,1.489,1.503,13538000,20322059.0,TQBR
2019-12-12,1.503,1.508,1.492,1.499,7184000,10788151.0,TQBR
2019-12-13,1.499,1.51,1.488,1.504,5855000,8795677.0,TQBR
2019-12-16,1.518,1.529,1.5,1.507,19466000,29324749.0,TQBR
2019-12-17,1.525,1.527,1.506,1.526,7504000,11404336.0,TQBR
2019-12-18,1.526,1.55,1.523,1.544,8597000,13253745.0,TQBR
2019-12-19,1.55,1.595,1.55,1.581,25598000,40395633.0,TQBR
2019-12-20,1.588,1.588,1.54,1.57,9738000,15226454.0,TQBR
2019-12-23,1.583,1.615,1.55,1.614,10171000,16241579.0,TQBR
2019-12-24,1.62,1.656,1.62,1.649,19933000,32688332.0,TQBR
2019-12-25,1.662,1.743,1.646,1.655,26113000,44193283.0,TQBR
2019-12-26,1.655,1.673,1.616,1.623,18806000,30722339.0,TQBR
2019-12-27,1.62,1.667,1.598,1.654,13681000,22289057.0,TQBR
2019-12-30,1.644,1.663,1.607,1.629,17455000,28462223.0,TQBR
2020-01-03,1.63,1.644,1.628,1.637,5111000,8351411.0,TQBR
2020-01-06,1.63,1.67,1.625,1.663,7171000,11837892.0,TQBR
2020-01-08,1.653,1.695,1.625,1.681,8333000,13926355.0,TQBR
2020-01-09,1.682,1.757,1.67,1.724,16041000,27609284.0,TQBR
2020-01-10,1.742,1.791,1.725,1.775,18101000,32091828.0,TQBR
2020-01-13,1.79,1.81,1.763,1.772,9615000,17134003.0,TQBR
2020-01-14,1.772,1.84,1.751,1.785,29076000,51974992.0,TQBR
2020-01-15,1.764,1.783,1.728,1.75,11441000,20079767.0,TQBR
2020-01-16,1.76,1.798,1.751,1.783,7945000,14125159.0,TQBR
2020-01-17,1.8,1.857,1.773,1.838,23441000,42830220.0,TQBR
2020-01-20,1.827,1.879,1.827,1.867,13942000,26006052.0,TQBR
2020-01-21,1.878,1.886,1.807,1.87,15677000,28751010.0,TQBR
2020-01-22,1.844,1.95,1.844,1.907,26940000,51515395.0,TQBR
2020-01-23,1.907,1.92,1.851,1.878,12544000,23694971.0,TQBR
2020-01-24,1.875,1.989,1.875,1.985,16697000,32613876.0,TQBR
2020-01-27,1.98,1.98,1.85,1.895,25217000,47956040.0,TQBR
2020-01-28,1.853,1.93,1.853,1.918,11669000,22252196.0,TQBR
2020-01-29,1.918,1.96,1.912,1.939,10371000,20080674.0,TQBR
2020-01-30,1.918,1.943,1.873,1.928,10637000,20393449.0,TQBR
2020-01-31,1.939,1.949,1.853,1.867,20288000,38281310.0,TQBR
2020-02-03,1.85,1.85,1.812,1.83,10988000,20161737.0,TQBR
2020-02-04,1.867,1.867,1.75,1.85,6009000,11088510.0,TQBR
2020-02-05,1.84,1.882,1.84,1.875,9967000,18583534.0,TQBR
2020-02-06,1.889,1.89,1.821,1.836,7693000,14254488.0,TQBR
2020-02-07,1.836,1.854,1.788,1.806,12925000,23432227.0,TQBR
2020-02-10,1.806,1.823,1.785,1.79,10692000,19213154.0,TQBR
2020-02-11,1.8,1.825,1.795,1.819,6151000,11140655.0,TQBR
2020-02-12,1.828,1.88,1.827,1.864,9922000,18420383.0,TQBR
2020-02-13,1.857,1.886,1.856,1.875,7646000,14287055.0,TQBR
2020-02-14,1.861,1.893,1.839,1.859,7927000,14816889.0,TQBR
2020-02-17,1.88,1.929,1.88,1.911,10451000,19964260.0,TQBR
2020-02-18,1.902,1.915,1.859,1.86,3256000,6135858.0,TQBR
2020-02-19,1.89,1.909,1.848,1.866,5932000,11071437.0,TQBR
2020-02-20,1.868,1.887,1.83,1.845,5764000,10670133.0,TQBR
2020-02-21,1.865,1.865,1.802,1.847,6953000,12722570.0,TQBR
2020-02-25,1.811,1.944,1.805,1.827,24012000,45193339.0,TQBR
2020-02-26,1.81,1.864,1.78,1.853,13735000,24994435.0,TQBR
2020-02-27,1.826,1.844,1.761,1.761,12577000,22686526.0,TQBR
2020-02-28,1.745,1.768,1.605,1.688,35360000,59750117.0,TQBR
2020-03-02,1.726,1.802,1.68,1.705,19839000,34272806.0,TQBR
2020-03-03,1.739,1.771,1.732,1.766,3803000,6662853.0,TQBR
2020-03-04,1.775,1.799,1.731,1.74,14049000,24832062.0,TQBR
2020-03-05,1.719,1.775,1.7,1.71,3501000,6040612.0,TQBR
2020-03-06,1.697,1.7,1.6,1.629,23723000,38826394.0,TQBR
2020-03-10,1.47,1.594,1.45,1.452,37725000,57716298.0,TQBR
2020-03-11,1.474,1.557,1.411,1.438,23642000,35116206.0,TQBR
2020-03-12,1.402,1.425,1.153,1.195,118252000,145666263.0,TQBR
2020-03-13,1.209,1.3,1.166,1.21,55500000,68261732.0,TQBR
2020-03-16,1.19,1.231,1.105,1.122,38726000,44857468.0,TQBR
2020-03-17,1.15,1.178,1.08,1.088,32408000,36185305.0,TQBR
2020-03-18,1.081,1.081,1.007,1.022,28752000,29611785.0,TQBR
2020-03-19,1.04,1.13,1.01,1.118,19626000,21245997.0,TQBR
2020-03-20,1.14,1.226,1.14,1.14,49427000,58416387.0,TQBR
2020-03-23,1.112,1.19,1.09,1.174,18123000,20593780.0,TQBR
2020-03-24,1.2,1.339,1.2,1.33,23042000,29539388.0,TQBR
2020-03-25,1.351,1.51,1.231,1.334,48646000,66365745.0,TQBR
2020-03-26,1.316,1.358,1.291,1.338,12050000,15996249.0,TQBR
2020-03-27,1.33,1.439,1.301,1.371,33298000,45429735.0,TQBR
2020-03-30,1.34,1.372,1.278,1.351,16533000,22024463.0,TQBR
2020-03-31,1.359,1.4,1.341,1.39,9787000,13534745.0,TQBR
2020-04-01,1.361,1.389,1.321,1.377,6190000,8509779.0,TQBR
2020-04-02,1.4,1.412,1.352,1.394,11247000,15578143.0,TQBR
2020-04-03,1.396,1.428,1.37,1.419,8876000,12433958.0,TQBR
2020-04-06,1.403,1.483,1.403,1.478,11168000,16240923.0,TQBR
2020-04-07,1.488,1.539,1.42,1.465,19574000,29161509.0,TQBR
2020-04-08,1.472,1.518,1.44,1.5,12815000,19126067.0,TQBR
2020-04-09,1.504,1.578,1.48,1.527,15270000,23262721.0,TQBR
2020-04-10,1.54,1.554,1.52,1.531,6480000,9980274.0,TQBR
2020-04-13,1.555,1.56,1.501,1.514,8060000,12256716.0,TQBR
2020-04-14,1.528,1.546,1.519,1.53,4159000,6373022.0,TQBR
2020-04-15,1.514,1.536,1.452,1.47,13466000,19945454.0,TQBR
2020-04-16,1.461,1.51,1.441,1.49,6256000,9289114.0,TQBR
2020-04-17,1.497,1.527,1.481,1.505,4312000,6462876.0,TQBR
2020-04-20,1.481,1.517,1.46,1.469,6896000,10219195.0,TQBR
2020-04-21,1.45,1.456,1.413,1.43,15931000,22780755.0,TQBR
2020-04-22,1.452,1.48,1.418,1.46,7233000,10589138.0,TQBR
2020-04-23,1.494,1.52,1.46,1.485,14192000,21129201.0,TQBR
2020-04-24,1.516,1.55,1.474,1.481,9778000,14595295.0,TQBR
2020-04-27,1.477,1.509,1.471,1.498,6639000,9915411.0,TQBR
2020-04-28,1.504,1.548,1.496,1.533,5132000,7844274.0,TQBR
2020-04-29,1.533,1.565,1.533,1.553,6655000,10343614.0,TQBR
2020-04-30,1.57,1.575,1.502,1.546,13186000,20259458.0,TQBR
2020-05-04,1.54,1.638,1.502,1.585,23633000,37191706.0,TQBR
2020-05-05,1.616,1.719,1.586,1.705,25592000,42684064.0,TQBR
2020-05-06,1.876,1.97,1.811,1.9,121768000,231904537.0,TQBR
2020-05-07,1.914,1.926,1.832,1.9,27226000,51495036.0,TQBR
2020-05-08,1.905,1.917,1.888,1.91,14594000,27795056.0,TQBR
2020-05-12,1.91,1.965,1.901,1.955,16958000,33081876.0,TQBR
2020-05-13,1.955,1.96,1.925,1.945,9269000,18045099.0,TQBR
2020-05-14,1.96,1.96,1.895,1.93,12991000,25130647.0,TQBR
2020-05-15,1.954,1.955,1.919,1.934,10187000,19771992.0,TQBR
2020-05-18,1.94,1.96,1.925,1.954,13032000,25335453.0,TQBR
2020-05-19,1.96,1.995,1.95,1.971,17196000,33956970.0,TQBR
2020-05-20,1.99,2.19,1.977,2.19,82404000,173643522.0,TQBR
2020-05-21,2.2,2.2,2.151,2.195,39161000,85644411.0,TQBR
2020-05-22,2.18,2.237,2.116,2.236,19218000,42279333.0,TQBR
2020-05-25,2.24,2.398,2.237,2.389,49240000,115546702.0,TQBR
2020-05-26,2.4,2.431,2.316,2.35,53862000,127241233.0,TQBR
2020-05-27,2.385,2.388,2.305,2.312,27345000,64105635.0,TQBR
2020-05-28,2.306,2.357,2.302,2.346,18588000,43503245.0,TQBR
2020-05-29,2.35,2.385,2.289,2.37,36300000,85121955.0,TQBR
2020-06-01,2.38,2.397,2.356,2.39,35782000,85095744.0,TQBR
2020-06-02,2.41,2.47,2.331,2.425,51262000,124260530.0,TQBR
2020-06-03,2.437,2.45,2.34,2.374,32107000,76952609.0,TQBR
2020-06-04,2.37,2.39,2.302,2.339,20966000,49272021.0,TQBR
2020-06-05,2.345,2.39,2.34,2.371,15231000,36143703.0,TQBR
2020-06-08,2.378,2.39,2.345,2.377,33706000,79798662.0,TQBR
2020-06-09,2.375,2.387,2.361,2.38,24457000,58068657.0,TQBR
2020-06-10,2.38,2.395,2.35,2.387,46535000,110425573.0,TQBR
2020-06-11,2.224,2.224,2.155,2.165,44558000,97874793.0,TQBR
2020-06-15,2.15,2.19,2.11,2.152,17047000,36451250.0,TQBR
2020-06-16,2.18,2.18,2.117,2.141,14898000,31905313.0,TQBR
2020-06-17,2.14,2.163,2.125,2.127,5941000,12685251.0,TQBR
2020-06-18,2.126,2.126,2.066,2.085,7672000,16112354.0,TQBR
2020-06-19,2.099,2.099,2.063,2.074,7748000,16136268.0,TQBR
2020-06-22,2.065,2.084,2.011,2.04,9702000,19884493.0,TQBR
2020-06-23,2.045,2.111,2.041,2.071,10661000,22208115.0,TQBR
2020-06-25,2.06,2.075,2.038,2.075,4419000,9070416.0,TQBR
2020-06-26,2.075,2.1,2.04,2.04,11391000,23605479.0,TQBR
2020-06-29,2.036,2.067,2.02,2.021,5956000,12201813.0,TQBR
2020-06-30,2.022,2.057,2.003,2.003,6681000,13587874.0,TQBR
2020-07-02,2.01,2.139,2.01,2.124,23580000,49318769.0,TQBR
2020-07-03,2.124,2.2,2.101,2.145,12750000,27611299.0,TQBR
2020-07-06,2.174,2.191,2.103,2.146,9603000,20581639.0,TQBR
2020-07-07,2.103,2.198,2.061,2.072,9737000,20526094.0,TQBR
2020-07-08,2.08,2.126,2.07,2.07,4454000,9343983.0,TQBR
2020-07-09,2.083,2.128,2.07,2.08,7906000,16666031.0,TQBR
2020-07-10,2.077,2.104,2.053,2.054,3174000,6593744.0,TQBR
2020-07-13,2.07,2.094,2.052,2.052,2214000,4576950.0,TQBR
2020-07-14,2.051,2.054,2.02,2.02,4293000,8708623.0,TQBR
2020-07-15,2.025,2.08,2.025,2.046,3123000,6429610.0,TQBR
2020-07-16,2.043,2.09,2.043,2.05,3196000,6613936.0,TQBR
2020-07-17,2.05,2.074,2.042,2.049,2926000,6007675.0,TQBR
2020-07-20,2.065,2.125,2.051,2.11,9311000,19517734.0,TQBR
2020-07-21,2.125,2.169,2.119,2.145,9381000,20159897.0,TQBR
2020-07-22,2.146,2.149,2.12,2.121,3855000,8230318.0,TQBR
2020-07-23,2.121,2.129,2.052,2.101,5184000,10903486.0,TQBR
2020-07-24,2.1,2.108,2.08,2.081,3601000,7526337.0,TQBR
2020-07-27,2.091,2.1,2.04,2.062,4742000,9818377.0,TQBR
2020-07-28,2.06,2.1,2.052,2.06,4580000,9525917.0,TQBR
2020-07-29,2.099,2.144,2.08,2.127,20379000,43261892.0,TQBR
2020-07-30,2.146,2.216,2.071,2.082,26541000,57464922.0,TQBR
2020-07-31,2.118,2.167,2.099,2.119,6980000,14871879.0,TQBR
2020-08-03,2.105,2.2,2.105,2.145,20614000,44765360.0,TQBR
2020-08-04,2.146,2.197,2.131,2.133,8709000,18863814.0,TQBR
2020-08-05,2.14,2.181,2.14,2.149,7295000,15746737.0,TQBR
2020-08-06,2.154,2.162,2.13,2.13,7690000,16515473.0,TQBR
2020-08-07,2.13,2.152,2.116,2.13,3738000,7996107.0,TQBR
2020-08-10,2.13,2.164,2.126,2.149,3927000,8461765.0,TQBR
2020-08-11,2.162,2.162,2.134,2.138,2545000,5468862.0,TQBR
2020-08-12,2.149,2.177,2.142,2.164,7003000,15147171.0,TQBR
2020-08-13,2.176,2.177,2.116,2.12,4052000,8751649.0,TQBR
2020-08-14,2.149,2.169,2.125,2.125,5038000,10805284.0,TQBR
2020-08-17,2.126,2.162,2.116,2.135,11538000,24659451.0,TQBR
2020-08-18,2.139,2.156,2.128,2.129,7827000,16782122.0,TQBR
2020-08-19,2.138,2.145,2.121,2.128,1637000,3485871.0,TQBR
2020-08-20,2.121,2.133,2.058,2.058,13852000,28928515.0,TQBR
2020-08-21,2.069,2.098,2.04,2.054,5044000,10400371.0,TQBR
2020-08-24,2.045,2.089,2.042,2.078,4744000,9838542.0,TQBR
2020-08-25,2.078,2.106,2.065,2.065,7654000,15946676.0,TQBR
2020-08-26,2.065,2.09,2.065,2.07,2282000,4732881.0,TQBR
2020-08-27,2.079,2.094,2.05,2.062,5718000,11883015.0,TQBR
2020-08-28,2.09,2.09,2.05,2.055,3366000,6931786.0,TQBR
2020-08-31,2.064,2.075,1.95,2.009,15082000,30525070.0,TQBR
2020-09-01,2.02,2.093,1.952,2.041,9435000,19261870.0,TQBR
2020-09-02,2.054,2.09,2.033,2.05,5927000,12256017.0,TQBR
2020-09-03,2.05,2.07,2.01,2.039,5235000,10683627.0,TQBR
2020-09-04,2.025,2.05,1.991,2.011,6319000,12741950.0,TQBR
2020-09-07,2.008,2.04,2.008,2.023,2716000,5507837.0,TQBR
2020-09-08,2.02,2.04,1.959,2.0,6208000,12373525.0,TQBR
2020-09-09,2.004,2.007,1.983,1.998,1808000,3612244.0,TQBR
2020-09-10,2.0,2.021,1.987,2.008,4257000,8537815.0,TQBR
2020-09-11,2.01,2.059,2.0,2.051,3749000,7636750.0,TQBR
2020-09-14,2.059,2.067,2.038,2.04,3052000,6246487.0,TQBR
2020-09-15,2.053,2.059,2.03,2.052,2397000,4905137.0,TQBR
2020-09-16,2.054,2.057,2.035,2.042,3603000,7360700.0,TQBR
2020-09-17,2.042,2.071,2.023,2.051,4674000,9608516.0,TQBR
2020-09-18,2.06,2.102,2.057,2.082,9441000,19667858.0,TQBR
2020-09-21,2.078,2.12,2.02,2.025,8803000,18110027.0,TQBR
2020-09-22,2.021,2.09,2.021,2.047,8605000,17696066.0,TQBR
2020-09-23,2.036,2.057,2.033,2.04,2720000,5554493.0,TQBR
2020-09-24,2.059,2.059,2.025,2.033,2558000,5199119.0,TQBR
2020-09-25,2.034,2.053,2.016,2.029,4056000,8232562.0,TQBR
2020-09-28,2.034,2.038,2.0,2.018,4061000,8209315.0,TQBR
2020-09-29,2.033,2.035,2.0,2.026,5111000,10294825.0,TQBR
2020-09-30,2.02,2.034,2.01,2.021,2069000,4187474.0,TQBR
2020-10-01,2.029,2.03,2.011,2.018,1918000,3875202.0,TQBR
2020-10-02,2.014,2.02,1.967,2.0,6598000,13151190.0,TQBR
2020-10-05,2.01,2.01,1.98,2.0,2076000,4148502.0,TQBR
2020-10-06,2.009,2.029,2.0,2.013,3528000,7111228.0,TQBR
2020-10-07,2.011,2.017,1.993,2.0,2500000,5001490.0,TQBR
2020-10-08,2.002,2.008,1.991,1.998,1283000,2563598.0,TQBR
2020-10-09,1.998,2.006,1.99,1.998,1757000,3504352.0,TQBR
2020-10-12,1.999,2.0,1.99,1.996,1629000,3249628.0,TQBR
2020-10-13,1.991,2.004,1.899,1.928,11071000,21644893.0,TQBR
2020-10-14,1.934,1.974,1.933,1.969,3276000,6403438.0,TQBR
2020-10-15,1.969,1.973,1.945,1.945,2498000,4895291.0,TQBR
2020-10-16,1.949,1.955,1.92,1.928,3300000,6377476.0,TQBR
2020-10-19,1.929,1.93,1.899,1.904,5065000,9656420.0,TQBR
2020-10-20,1.909,1.917,1.86,1.916,8936000,16905477.0,TQBR
2020-10-21,1.917,1.933,1.91,1.92,3196000,6148041.0,TQBR
2020-10-22,1.92,1.93,1.901,1.924,3260000,6251275.0,TQBR
2020-10-23,1.917,2.077,1.917,2.068,24147000,48618456.0,TQBR
2020-10-26,2.073,2.084,2.022,2.028,7986000,16439958.0,TQBR
2020-10-27,2.053,2.053,1.96,1.981,6369000,12748015.0,TQBR
2020-10-28,1.989,1.99,1.871,1.906,17163000,32747105.0,TQBR
2020-10-29,1.915,1.963,1.901,1.961,7397000,14302669.0,TQBR
2020-10-30,1.951,1.972,1.92,1.961,3296000,6415724.0,TQBR
2020-11-02,1.95,2.134,1.941,2.053,18159000,37412276.0,TQBR
2020-11-03,2.033,2.075,2.013,2.03,5566000,11344608.0,TQBR
2020-11-05,2.067,2.07,2.022,2.046,5509000,11318350.0,TQBR
2020-11-06,2.043,2.08,2.026,2.053,4972000,10209831.0,TQBR
2020-11-09,2.078,2.131,2.022,2.072,10306000,21623524.0,TQBR
2020-11-10,2.07,2.12,2.052,2.07,5814000,12110001.0,TQBR
2020-11-11,2.078,2.113,2.056,2.083,6595000,13812699.0,TQBR
2020-11-12,2.08,2.099,2.04,2.084,3876000,8042943.0,TQBR
2020-11-13,2.066,2.1,2.06,2.068,3093000,6410017.0,TQBR
2020-11-16,2.089,2.148,2.071,2.136,10878000,23051732.0,TQBR
2020-11-17,2.138,2.149,2.094,2.1,4793000,10130649.0,TQBR
2020-11-18,2.096,2.139,2.096,2.107,2918000,6170938.0,TQBR
2020-11-19,2.106,2.117,2.075,2.093,4364000,9147510.0,TQBR
2020-11-20,2.104,2.139,2.081,2.115,4935000,10416895.0,TQBR
2020-11-23,2.1,2.15,2.065,2.113,7939000,16778819.0,TQBR
2020-11-24,2.137,2.137,2.081,2.123,4525000,9518080.0,TQBR
2020-11-25,2.128,2.128,2.09,2.121,3858000,8138665.0,TQBR
2020-11-26,2.106,2.13,2.101,2.124,3357000,7109695.0,TQBR
2020-11-27,2.124,2.138,2.1,2.135,3507000,7447154.0,TQBR
2020-11-30,2.126,2.14,2.083,2.115,5760000,12185841.0,TQBR
2020-12-01,2.123,2.139,2.11,2.125,1948000,4141949.0,TQBR
2020-12-02,2.121,2.137,2.116,2.125,2275000,4838662.0,TQBR
2020-12-03,2.12,2.139,2.116,2.136,6171000,13153535.0,TQBR
2020-12-04,2.139,2.147,2.13,2.137,2326000,4968711.0,TQBR
2020-12-07,2.141,2.142,2.12,2.13,2431000,5180097.0,TQBR
2020-12-08,2.126,2.13,2.104,2.109,3292000,6960899.0,TQBR
2020-12-09,2.107,2.128,2.107,2.118,1897000,4022978.0,TQBR
2020-12-10,2.106,2.128,2.08,2.113,4309000,9062048.0,TQBR
2020-12-11,2.113,2.117,2.052,2.08,6094000,12752225.0,TQBR
2020-12-14,2.095,2.12,2.081,2.101,5565000,11749064.0,TQBR
2020-12-15,2.1,2.109,2.085,2.09,2968000,6218058.0,TQBR
2020-12-16,2.094,2.11,2.093,2.098,5363000,11268774.0,TQBR
2020-12-17,2.097,2.113,2.097,2.1,2002000,4218144.0,TQBR
2020-12-18,2.1,2.113,2.095,2.1,6301000,13233433.0,TQBR
2020-12-21,2.097,2.103,2.066,2.08,6389000,13305969.0,TQBR
2020-12-22,2.065,2.123,2.065,2.103,3764000,7918151.0,TQBR
2020-12-23,2.11,2.122,2.097,2.115,2863000,6046586.0,TQBR
2020-12-24,2.118,2.137,2.105,2.123,3788000,8026961.0,TQBR
2020-12-25,2.117,2.132,2.105,2.13,2253000,4772504.0,TQBR
2020-12-28,2.13,2.212,2.111,2.203,16516000,35923463.0,TQBR
2020-12-29,2.207,2.225,2.179,2.2,6593000,14481424.0,TQBR
2020-12-30,2.18,2.215,2.18,2.201,7004000,15454505.0,TQBR
2021-01-04,2.208,2.228,2.201,2.224,4396000,9743251.0,TQBR
2021-01-05,2.207,2.224,2.2,2.211,1690000,3735736.0,TQBR
2021-01-06,2.206,2.226,2.201,2.213,2101000,4656277.0,TQBR
2021-01-08,2.224,2.254,2.21,2.243,6971000,15562270.0,TQBR
2021-01-11,2.236,2.277,2.215,2.225,10450000,23536417.0,TQBR
2021-01-12,2.244,2.257,2.224,2.232,2112000,4735193.0,TQBR
2021-01-13,2.22,2.249,2.201,2.21,3623000,8031651.0,TQBR
2021-01-14,2.216,2.216,2.156,2.2,5371000,11754087.0,TQBR
2021-01-15,2.191,2.234,2.185,2.191,4754000,10523181.0,TQBR
2021-01-18,2.199,2.204,2.164,2.181,4653000,10151420.0,TQBR
2021-01-19,2.194,2.22,2.181,2.193,2720000,6009001.0,TQBR
2021-01-20,2.21,2.215,2.191,2.209,1403000,3094245.0,TQBR
2021-01-21,2.211,2.225,2.17,2.172,4301000,9417177.0,TQBR
2021-01-22,2.179,2.188,2.132,2.152,4798000,10290061.0,TQBR
2021-01-25,2.142,2.19,2.139,2.166,2420000,5256343.0,TQBR
2021-01-26,2.16,2.178,2.16,2.17,1696000,3675250.0,TQBR
2021-01-27,2.169,2.187,2.156,2.16,1601000,3483589.0,TQBR
2021-01-28,2.154,2.19,2.1,2.163,5180000,11098883.0,TQBR
2021-01-29,2.163,2.163,2.063,2.125,3384000,7177391.0,TQBR
2021-02-01,2.13,2.17,2.11,2.151,3073000,6608188.0,TQBR
2021-02-02,2.15,2.17,2.15,2.159,1358000,2935429.0,TQBR
2021-02-03,2.16,2.171,2.151,2.155,1148000,2482957.0,TQBR
2021-02-04,2.16,2.169,2.126,2.138,4080000,8738527.0,TQBR
2021-02-05,2.139,2.144,2.121,2.139,2320000,4950962.0,TQBR
2021-02-08,2.139,2.16,2.13,2.16,2313000,4960284.0,TQBR
2021-02-09,2.16,2.16,2.114,2.138,3087000,6592468.0,TQBR
2021-02-10,2.134,2.2,2.131,2.17,8789000,19041028.0,TQBR
2021-02-11,2.174,2.179,2.146,2.16,2700000,5828424.0,TQBR
2021-02-12,2.164,2.185,2.132,2.175,1999000,4300729.0,TQBR
2021-02-15,2.184,2.198,2.176,2.187,2463000,5393083.0,TQBR
2021-02-16,2.186,2.235,2.172,2.234,7126000,15785010.0,TQBR
2021-02-17,2.233,2.234,2.193,2.202,5222000,11611179.0,TQBR
2021-02-18,2.193,2.204,2.177,2.187,1496000,3276188.0,TQBR
2021-02-19,2.176,2.198,2.149,2.164,2289000,4987494.0,TQBR
2021-02-20,2.161,2.218,2.147,2.214,1607000,3516383.0,TQBR
2021-02-22,2.214,2.24,2.171,2.188,1948000,4291456.0,TQBR
2021-02-24,2.194,2.201,2.145,2.153,2974000,6430543.0,TQBR
2021-02-25,2.153,2.176,2.153,2.157,1454000,3148914.0,TQBR
2021-02-26,2.143,2.157,2.132,2.153,3742000,8044339.0,TQBR
2021-03-01,2.15,2.17,2.13,2.15,2166000,4649831.0,TQBR
2021-03-02,2.153,2.163,2.142,2.16,1448000,3119545.0,TQBR
2021-03-03,2.141,2.172,2.14,2.145,1559000,3362759.0,TQBR
2021-03-04,2.145,2.155,2.126,2.146,2815000,6024779.0,TQBR
2021-03-05,2.14,2.145,2.123,2.128,2722000,5797856.0,TQBR
2021-03-09,2.135,2.152,2.111,2.137,1918000,4100441.0,TQBR
2021-03-10,2.137,2.15,2.123,2.148,1111000,2380928.0,TQBR
2021-03-11,2.149,2.165,2.142,2.15,1594000,3428089.0,TQBR
2021-03-12,2.15,2.156,2.126,2.138,1804000,3854483.0,TQBR
2021-03-15,2.149,2.173,2.115,2.164,2690000,5808453.0,TQBR
2021-03-16,2.18,2.192,2.136,2.151,4088000,8876560.0,TQBR
2021-03-17,2.14,2.176,2.083,2.118,5612000,11910196.0,TQBR
2021-03-18,2.119,2.136,2.085,2.12,3369000,7130342.0,TQBR
2021-03-19,2.124,2.124,2.083,2.093,2842000,5950856.0,TQBR
2021-03-22,2.104,2.106,2.07,2.097,2163000,4515849.0,TQBR
2021-03-23,2.1,2.109,2.041,2.044,6269000,12930100.0,TQBR
2021-03-24,2.044,2.057,1.985,2.056,5975000,12091260.0,TQBR
2021-03-25,2.059,2.095,2.051,2.073,5356000,11123335.0,TQBR
2021-03-26,2.08,2.1,2.08,2.093,1623000,3395868.0,TQBR
2021-03-29,2.099,2.11,2.076,2.092,3498000,7337191.0,TQBR
2021-03-30,2.109,2.112,2.09,2.102,1361000,2854472.0,TQBR
2021-03-31,2.105,2.105,2.089,2.097,2304000,4823237.0,TQBR
2021-04-01,2.097,2.109,2.04,2.05,11109000,22934199.0,TQBR
2021-04-02,2.046,2.086,2.043,2.082,2353000,4868910.0,TQBR
2021-04-05,2.072,2.084,2.04,2.065,2055000,4229157.0,TQBR
2021-04-06,2.068,2.075,2.027,2.042,4137000,8480221.0,TQBR
2021-04-07,2.043,2.058,2.036,2.043,1725000,3533661.0,TQBR
2021-04-08,2.049,2.068,2.037,2.052,2496000,5125116.0,TQBR
2021-04-09,2.049,2.057,2.018,2.02,4871000,9879855.0,TQBR
2021-04-12,2.021,2.049,2.0,2.015,4938000,9944690.0,TQBR
2021-04-13,2.019,2.029,2.01,2.01,1731000,3491435.0,TQBR
2021-04-14,2.01,2.029,2.01,2.025,1315000,2660283.0,TQBR
2021-04-15,2.026,2.028,2.011,2.023,2555000,5162089.0,TQBR
2021-04-16,2.025,2.027,2.011,2.023,1907000,3855915.0,TQBR
2021-04-19,2.015,2.058,2.015,2.049,4085000,8336864.0,TQBR
2021-04-20,2.055,2.071,2.044,2.045,1875000,3853299.0,TQBR
2021-04-21,2.054,2.07,2.046,2.057,3297000,6778187.0,TQBR
2021-04-22,2.064,2.077,2.055,2.062,2176000,4491979.0,TQBR
2021-04-23,2.062,2.073,2.06,2.068,1093000,2259084.0,TQBR
2021-04-26,2.064,2.119,2.064,2.087,5467000,11458999.0,TQBR
2021-04-27,2.08,2.104,2.077,2.095,2539000,5302273.0,TQBR
2021-04-28,2.099,2.099,2.04,2.065,2627000,5422401.0,TQBR
2021-04-29,2.068,2.076,2.0,2.04,3620000,7375925.0,TQBR
2021-04-30,2.036,2.06,2.01,2.033,2578000,5239471.0,TQBR
2021-05-04,2.043,2.079,2.043,2.054,2476000,5098124.0,TQBR
2021-05-05,2.058,2.075,2.056,2.074,1438000,2969021.0,TQBR
2021-05-06,2.074,2.079,2.058,2.073,1059000,2191288.0,TQBR
2021-05-07,2.069,2.074,2.06,2.066,880000,1820052.0,TQBR
2021-05-10,2.073,2.096,2.066,2.085,1575000,3274085.0,TQBR
2021-05-11,2.085,2.096,2.058,2.069,1778000,3683361.0,TQBR
2021-05-12,2.069,2.092,2.068,2.082,1755000,3654463.0,TQBR
2021-05-13,2.072,2.087,2.055,2.076,1694000,3504597.0,TQBR
2021-05-14,2.071,2.085,2.068,2.069,1457000,3026435.0,TQBR
2021-05-17,2.065,2.09,2.065,2.068,1956000,4055510.0,TQBR
2021-05-18,2.068,2.079,2.05,2.069,1608000,3321193.0,TQBR
2021-05-19,2.069,2.08,2.05,2.06,1848000,3818143.0,TQBR
2021-05-20,2.051,2.064,2.04,2.044,1571000,3220600.0,TQBR
2021-05-21,2.041,2.065,2.031,2.048,3503000,7187640.0,TQBR
2021-05-24,2.052,2.052,2.01,2.021,7641000,15471449.0,TQBR
2021-05-25,2.022,2.035,2.005,2.017,4330000,8726545.0,TQBR
2021-05-26,2.024,2.034,2.005,2.021,2830000,5717759.0,TQBR
2021-05-27,2.01,2.034,2.003,2.009,4785000,9658261.0,TQBR
2021-05-28,2.006,2.015,1.989,2.0,7069000,14149413.0,TQBR
2021-05-31,2.0,2.046,2.0,2.034,7095000,14425248.0,TQBR
2021-06-01,2.043,2.055,2.026,2.033,3953000,8069005.0,TQBR
2021-06-02,2.033,2.046,2.02,2.034,2633000,5341365.0,TQBR
2021-06-03,2.06,2.06,2.02,2.029,1965000,3997125.0,TQBR
2021-06-04,2.035,2.037,2.018,2.032,1559000,3162084.0,TQBR
2021-06-07,2.034,2.034,2.02,2.023,2288000,4633572.0,TQBR
2021-06-08,2.026,2.033,2.014,2.033,3293000,6661335.0,TQBR
2021-06-09,2.034,2.037,2.015,2.021,1994000,4028916.0,TQBR
2021-06-10,2.013,2.025,2.006,2.019,2836000,5709990.0,TQBR
2021-06-11,2.016,2.033,2.013,2.02,2229000,4513148.0,TQBR
2021-06-14,2.031,2.032,2.011,2.018,1570000,3168273.0,TQBR
2021-06-15,2.018,2.03,2.013,2.018,1398000,2823221.0,TQBR
2021-06-16,2.018,2.025,2.015,2.021,1378000,2785076.0,TQBR
2021-06-17,2.016,2.026,2.01,2.016,1874000,3774834.0,TQBR
2021-06-18,2.016,2.019,1.997,1.998,3823000,7654691.0,TQBR
2021-06-21,1.998,2.024,1.998,2.002,1910000,3841315.0,TQBR
2021-06-22,2.014,2.015,2.0,2.007,891000,1788778.0,TQBR
2021-06-23,2.014,2.014,2.0,2.006,1089000,2184869.0,TQBR
2021-06-24,2.004,2.039,1.998,2.007,3752000,7551659.0,TQBR
2021-06-25,2.014,2.03,2.0,2.007,927000,1857723.0,TQBR
2021-06-28,1.995,2.011,1.993,2.004,1926000,3851069.0,TQBR
2021-06-29,2.009,2.009,1.993,1.998,1624000,3244870.0,TQBR
2021-06-30,1.992,2.003,1.936,1.996,2275000,4508837.0,TQBR
2021-07-01,2.018,2.018,1.976,1.998,2105000,4212515.0,TQBR
2021-07-02,2.0,2.007,1.996,1.998,710000,1420619.0,TQBR
2021-07-05,2.0,2.008,1.993,1.997,1597000,3190156.0,TQBR
2021-07-06,2.0,2.007,1.993,2.0,3570000,7137120.0,TQBR
2021-07-07,2.004,2.008,1.99,1.995,2545000,5076330.0,TQBR
2021-07-08,1.999,1.999,1.98,1.982,1868000,3712148.0,TQBR
2021-07-09,1.98,1.997,1.98,1.987,1113000,2210386.0,TQBR
2021-07-12,1.994,2.004,1.97,1.991,2107000,4187229.0,TQBR
2021-07-13,1.981,1.994,1.967,1.982,5004000,9901998.0,TQBR
2021-07-14,1.989,1.999,1.969,1.977,4694000,9282495.0,TQBR
2021-07-15,1.926,1.947,1.905,1.944,5733000,11082465.0,TQBR
2021-07-16,1.944,1.947,1.9,1.908,3913000,7508066.0,TQBR
2021-07-19,1.906,1.914,1.798,1.8,13624000,24973533.0,TQBR
2021-07-20,1.809,1.855,1.8,1.82,6684000,12137109.0,TQBR
2021-07-21,1.844,1.932,1.827,1.911,7084000,13401569.0,TQBR
2021-07-22,1.919,1.922,1.884,1.895,2567000,4873246.0,TQBR
2021-07-23,1.899,1.913,1.885,1.891,1242000,2356680.0,TQBR
2021-07-26,1.898,1.908,1.827,1.861,1639000,3102964.0,TQBR
2021-07-27,1.869,1.895,1.85,1.851,2479000,4665999.0,TQBR
2021-07-28,1.874,1.894,1.863,1.865,1234000,2321994.0,TQBR
2021-07-29,1.874,1.903,1.874,1.897,1794000,3397596.0,TQBR
2021-07-30,1.899,1.934,1.898,1.913,3448000,6607313.0,TQBR
2021-08-02,1.911,1.929,1.896,1.92,1651000,3159136.0,TQBR
2021-08-03,1.921,1.93,1.901,1.924,1846000,3541573.0,TQBR
2021-08-04,1.924,1.934,1.913,1.929,1191000,2295496.0,TQBR
2021-08-05,1.929,1.936,1.925,1.935,1483000,2864801.0,TQBR
2021-08-06,1.936,1.939,1.926,1.927,837000,1616932.0,TQBR
2021-08-09,1.939,1.939,1.87,1.909,2426000,4640801.0,TQBR
2021-08-10,1.915,1.925,1.879,1.891,2148000,4077257.0,TQBR
2021-08-11,1.894,1.927,1.882,1.89,2857000,5433869.0,TQBR
2021-08-12,1.89,1.909,1.886,1.898,1321000,2506846.0,TQBR
2021-08-13,1.915,1.916,1.89,1.9,957000,1816316.0,TQBR
2021-08-16,1.904,1.909,1.88,1.892,1630000,3082667.0,TQBR
2021-08-17,1.899,1.908,1.878,1.898,2017000,3819314.0,TQBR
2021-08-18,1.899,1.903,1.878,1.888,1306000,2465700.0,TQBR
2021-08-19,1.888,1.888,1.857,1.857,1776000,3309777.0,TQBR
2021-08-20,1.865,1.882,1.855,1.873,1194000,2229820.0,TQBR
2021-08-23,1.875,1.903,1.875,1.9,2242000,4251281.0,TQBR
2021-08-24,1.899,1.999,1.899,1.959,3797000,7322206.0,TQBR
2021-08-25,1.959,1.959,1.9,1.914,3574000,6885066.0,TQBR
2021-08-26,1.908,1.929,1.907,1.925,1330000,2554500.0,TQBR
2021-08-27,1.929,1.986,1.929,1.979,3250000,6365133.0,TQBR
2021-08-30,1.978,1.999,1.942,1.971,3011000,5908503.0,TQBR
2021-08-31,1.974,2.019,1.959,1.996,3499000,6938000.0,TQBR
2021-09-01,1.993,2.018,1.98,1.995,3252000,6491322.0,TQBR
2021-09-02,2.0,2.022,1.984,2.005,3512000,7050295.0,TQBR
2021-09-03,2.007,2.028,2.005,2.022,2915000,5882431.0,TQBR
2021-09-06,1.995,2.075,1.995,2.057,8361000,17171497.0,TQBR
2021-09-07,2.07,2.111,2.051,2.052,12192000,25485951.0,TQBR
2021-09-08,2.046,2.084,2.006,2.027,4310000,8758163.0,TQBR
2021-09-09,2.027,2.047,2.007,2.011,2437000,4941359.0,TQBR
2021-09-10,2.018,2.026,1.942,1.976,4326000,8583912.0,TQBR
2021-09-13,1.976,1.999,1.952,1.957,2629000,5177977.0,TQBR
2021-09-14,1.96,1.979,1.955,1.964,1562000,3073768.0,TQBR
2021-09-15,1.976,1.99,1.957,1.97,4143000,8181239.0,TQBR
2021-09-16,1.994,2.0,1.966,1.987,2103000,4171934.0,TQBR
2021-09-17,1.987,1.991,1.965,1.97,1438000,2836153.0,TQBR
2021-09-20,1.97,1.973,1.902,1.922,3701000,7150851.0,TQBR
2021-09-21,1.99,1.99,1.894,1.928,3189000,6160534.0,TQBR
2021-09-22,1.935,1.951,1.904,1.924,2254000,4350773.0,TQBR
2021-09-23,1.934,1.941,1.901,1.928,1530000,2945832.0,TQBR
2021-09-24,1.938,1.938,1.887,1.9,2744000,5231846.0,TQBR
2021-09-27,1.9,1.949,1.9,1.931,2108000,4080536.0,TQBR
2021-09-28,1.921,1.946,1.9,1.902,2169000,4169132.0,TQBR
2021-09-29,1.923,1.945,1.881,1.9,2456000,4691077.0,TQBR
2021-09-30,1.9,1.938,1.892,1.921,1139000,2173578.0,TQBR
2021-10-01,1.929,1.939,1.91,1.93,1120000,2159806.0,TQBR
2021-10-04,1.931,1.946,1.909,1.911,1664000,3205241.0,TQBR
2021-10-05,1.924,1.935,1.908,1.911,2391000,4584567.0,TQBR
2021-10-06,1.929,1.966,1.9,1.908,4718000,9043500.0,TQBR
2021-10-07,1.924,1.953,1.86,1.952,4986000,9595057.0,TQBR
2021-10-08,1.953,1.971,1.95,1.96,2834000,5557781.0,TQBR
2021-10-11,1.96,1.975,1.904,1.952,3329000,6477166.0,TQBR
2021-10-12,1.952,2.01,1.932,1.991,4895000,9704186.0,TQBR
2021-10-13,2.009,2.009,1.976,1.982,2854000,5670796.0,TQBR
2021-10-14,2.009,2.37,2.002,2.135,93544000,206177197.0,TQBR
2021-10-15,2.161,2.161,2.016,2.032,19588000,40399903.0,TQBR
2021-10-18,2.054,2.064,2.022,2.029,6457000,13143248.0,TQBR
2021-10-19,2.044,2.198,2.03,2.175,20443000,43215335.0,TQBR
2021-10-20,2.161,2.199,2.062,2.113,9323000,19886609.0,TQBR
2021-10-21,2.13,2.139,2.071,2.086,4606000,9625508.0,TQBR
2021-10-22,2.086,2.098,2.059,2.061,4108000,8505915.0,TQBR
2021-10-25,2.079,2.083,2.03,2.051,3018000,6165206.0,TQBR
2021-10-26,2.052,2.09,2.034,2.045,4338000,8943420.0,TQBR
2021-10-27,2.057,2.057,2.025,2.029,1510000,3069518.0,TQBR
2021-10-28,2.025,2.037,1.998,2.0,4026000,8085636.0,TQBR
2021-10-29,2.027,2.034,1.935,1.979,3209000,6368908.0,TQBR
2021-11-01,1.989,2.015,1.944,2.001,4450000,8857068.0,TQBR
2021-11-02,2.004,2.049,1.988,1.991,2125000,4292850.0,TQBR
2021-11-03,2.008,2.008,1.97,1.984,1202000,2386439.0,TQBR
2021-11-05,1.982,1.999,1.97,1.979,1383000,2739779.0,TQBR
2021-11-08,1.969,2.001,1.969,1.987,1490000,2963051.0,TQBR
2021-11-09,1.98,2.0,1.91,1.955,4964000,9750060.0,TQBR
2021-11-10,1.955,1.967,1.93,1.95,2123000,4148421.0,TQBR
2021-11-11,1.946,1.961,1.91,1.937,3131000,6043232.0,TQBR
2021-11-12,1.944,1.959,1.901,1.925,1996000,3838954.0,TQBR
2021-11-15,1.916,1.982,1.911,1.964,2582000,5032385.0,TQBR
2021-11-16,1.982,1.983,1.93,1.937,1851000,3608984.0,TQBR
2021-11-17,1.937,1.982,1.931,1.946,2247000,4380275.0,TQBR
2021-11-18,1.938,1.979,1.915,1.915,1170000,2261195.0,TQBR
2021-11-19,1.934,1.947,1.895,1.908,2408000,4605065.0,TQBR
2021-11-22,1.928,1.928,1.852,1.871,2563000,4808245.0,TQBR
2021-11-23,1.867,1.9,1.82,1.883,2602000,4860877.0,TQBR
2021-11-24,1.881,1.918,1.87,1.899,2012000,3804058.0,TQBR
2021-11-25,1.903,1.905,1.885,1.899,573000,1087618.0,TQBR
2021-11-26,1.872,1.92,1.811,1.877,5627000,10522827.0,TQBR
2021-11-29,1.891,1.925,1.87,1.885,2132000,4031422.0,TQBR
2021-11-30,1.886,1.898,1.863,1.882,1203000,2262636.0,TQBR
2021-12-01,1.886,1.908,1.886,1.89,1712000,3250935.0,TQBR
2021-12-02,1.905,1.91,1.884,1.894,798000,1513664.0,TQBR
2021-12-03,1.906,1.907,1.871,1.895,3664000,6930478.0,TQBR
2021-12-06,1.872,1.895,1.82,1.835,2909000,5369734.0,TQBR
2021-12-07,1.837,1.854,1.821,1.842,1362000,2499403.0,TQBR
2021-12-08,1.853,1.862,1.832,1.844,1930000,3567775.0,TQBR
2021-12-09,1.857,1.857,1.813,1.836,4096000,7489085.0,TQBR
2021-12-10,1.842,1.854,1.812,1.815,2452000,4452696.0,TQBR
2021-12-13,1.815,1.842,1.77,1.778,4182000,7520843.0,TQBR
2021-12-14,1.766,1.8,1.73,1.745,6336000,11188427.0,TQBR
2021-12-15,1.761,1.791,1.7,1.715,10323000,17735933.0,TQBR
2021-12-16,1.739,1.782,1.736,1.771,2207000,3891442.0,TQBR
2021-12-17,1.778,1.78,1.757,1.768,1448000,2559078.0,TQBR
2021-12-20,1.77,1.787,1.725,1.741,5492000,9567632.0,TQBR
2021-12-21,1.741,1.763,1.73,1.754,2256000,3957199.0,TQBR
2021-12-22,1.76,1.769,1.749,1.768,2157000,3800301.0,TQBR
2021-12-23,1.769,1.769,1.731,1.731,3697000,6459431.0,TQBR
2021-12-24,1.733,1.749,1.723,1.744,2230000,3878015.0,TQBR
2021-12-27,1.745,1.758,1.73,1.758,3801000,6622563.0,TQBR
2021-12-28,1.76,1.773,1.741,1.75,3693000,6486221.0,TQBR
2021-12-29,1.766,1.779,1.744,1.751,2345000,4134880.0,TQBR
2021-12-30,1.751,1.785,1.751,1.779,4788000,8449063.0,TQBR
2022-01-03,1.788,1.85,1.787,1.827,3263000,5963189.0,TQBR
2022-01-04,1.815,1.857,1.81,1.835,2279000,4180294.0,TQBR
2022-01-05,1.843,1.846,1.787,1.787,2525000,4566992.0,TQBR
2022-01-06,1.808,1.819,1.754,1.768,3182000,5651732.0,TQBR
2022-01-10,1.76,1.839,1.76,1.778,2282000,4085335.0,TQBR
2022-01-11,1.771,1.8,1.771,1.787,831000,1485093.0,TQBR
2022-01-12,1.797,1.957,1.787,1.882,10086000,19074265.0,TQBR
2022-01-13,1.869,1.894,1.831,1.836,3334000,6183311.0,TQBR
2022-01-14,1.827,1.864,1.792,1.817,3642000,6616075.0,TQBR
2022-01-17,1.789,1.845,1.789,1.802,1479000,2673608.0,TQBR
2022-01-18,1.801,1.817,1.723,1.74,2753000,4853939.0,TQBR
2022-01-19,1.746,1.795,1.718,1.776,2842000,5030097.0,TQBR
2022-01-20,1.798,1.85,1.77,1.774,1301000,2331138.0,TQBR
2022-01-21,1.789,1.804,1.711,1.722,5533000,9600176.0,TQBR
2022-01-24,1.87,1.87,1.686,1.695,8219000,14124209.0,TQBR
2022-01-25,1.719,1.756,1.678,1.695,7792000,13249077.0,TQBR
2022-01-26,1.708,1.725,1.695,1.721,5301000,9062544.0,TQBR
2022-01-27,1.702,1.788,1.695,1.72,2814000,4849950.0,TQBR
2022-01-28,1.722,1.758,1.703,1.734,2976000,5141412.0,TQBR
2022-01-31,1.734,1.776,1.72,1.756,1484000,2606727.0,TQBR
2022-02-01,1.776,1.788,1.762,1.763,620000,1098978.0,TQBR
2022-02-02,1.763,1.773,1.745,1.758,988000,1736437.0,TQBR
2022-02-03,1.741,1.746,1.727,1.729,685000,1188390.0,TQBR
2022-02-04,1.748,1.753,1.736,1.741,576000,1005794.0,TQBR
2022-02-07,1.754,1.81,1.731,1.731,1374000,2414503.0,TQBR
2022-02-08,1.749,1.766,1.731,1.76,850000,1483257.0,TQBR
2022-02-09,1.76,1.775,1.743,1.758,1441000,2530047.0,TQBR
2022-02-10,1.769,1.769,1.746,1.755,485000,852025.0,TQBR
2022-02-11,1.763,1.763,1.708,1.714,1112000,1916401.0,TQBR
2022-02-14,1.734,1.734,1.673,1.698,2473000,4179129.0,TQBR
2022-02-15,1.732,1.747,1.703,1.739,1226000,2123450.0,TQBR
2022-02-16,1.743,1.808,1.732,1.75,1466000,2580433.0,TQBR
2022-02-17,1.75,1.75,1.704,1.738,4919000,8583280.0,TQBR
2022-02-18,1.724,1.743,1.687,1.69,1575000,2686384.0,TQBR
2022-02-21,1.69,1.707,1.592,1.599,8992000,14581076.0,TQBR
2022-02-22,1.59,1.678,1.439,1.66,10338000,15697662.0,TQBR
2022-02-24,1.52,1.52,0.906,1.053,14307000,16411165.0,TQBR
2022-02-25,1.1,1.545,1.1,1.484,9087000,12256470.0,TQBR
2022-03-28,1.336,1.439,1.118,1.191,10868000,13454408.0,TQBR
2022-03-29,1.195,1.424,1.192,1.26,7254000,9098825.0,TQBR
2022-03-30,1.35,1.536,1.2,1.373,13715000,19155057.0,TQBR
2022-03-31,1.388,1.618,1.376,1.438,12809000,19053380.0,TQBR
2022-04-01,1.5,1.515,1.421,1.467,6318000,9346130.0,TQBR
2022-04-04,1.467,1.55,1.413,1.479,7690000,11463523.0,TQBR
2022-04-05,1.432,1.47,1.289,1.411,5956000,8392260.0,TQBR
2022-04-06,1.382,1.464,1.31,1.426,3866000,5501544.0,TQBR
2022-04-07,1.4,1.46,1.369,1.433,1807000,2570705.0,TQBR
2022-04-08,1.433,1.442,1.371,1.408,1983000,2804530.0,TQBR
2022-04-11,1.403,1.424,1.38,1.381,1248000,1745329.0,TQBR
2022-04-12,1.381,1.406,1.281,1.353,1702000,2268415.0,TQBR
2022-04-13,1.358,1.379,1.352,1.356,1190000,1625597.0,TQBR
2022-04-14,1.334,1.375,1.299,1.299,2530000,3344672.0,TQBR
2022-04-15,1.338,1.445,1.303,1.33,7076000,9582621.0,TQBR
2022-04-18,1.371,1.371,1.227,1.272,4324000,5584437.0,TQBR
2022-04-19,1.27,1.315,1.22,1.252,4932000,6190410.0,TQBR
2022-04-20,1.28,1.28,1.237,1.265,1716000,2173426.0,TQBR
2022-04-21,1.28,1.28,1.24,1.26,1246000,1566928.0,TQBR
2022-04-22,1.26,1.273,1.242,1.259,863000,1084142.0,TQBR
2022-04-25,1.239,1.258,1.231,1.235,978000,1211854.0,TQBR
2022-04-26,1.245,1.27,1.235,1.26,1082000,1359961.0,TQBR
2022-04-27,1.255,1.328,1.237,1.309,4727000,6083436.0,TQBR
2022-04-28,1.33,1.33,1.252,1.276,2829000,3682723.0,TQBR
2022-04-29,1.31,1.335,1.271,1.296,2781000,3618816.0,TQBR
2022-05-04,1.299,1.311,1.246,1.264,2170000,2764233.0,TQBR
2022-05-05,1.294,1.294,1.25,1.271,1624000,2075364.0,TQBR
2022-05-06,1.284,1.291,1.259,1.286,1043000,1336250.0,TQBR
2022-05-11,1.264,1.33,1.264,1.298,3611000,4714653.0,TQBR
2022-05-12,1.319,1.319,1.25,1.274,3033000,3923042.0,TQBR
2022-05-13,1.271,1.286,1.26,1.281,762000,971744.0,TQBR
2022-05-16,1.3,1.344,1.254,1.33,6044000,7949400.0,TQBR
2022-05-17,1.335,1.701,1.307,1.504,58072000,90745608.0,TQBR
2022-05-18,1.477,1.529,1.46,1.464,9265000,13796231.0,TQBR
2022-05-19,1.453,1.469,1.382,1.403,4707000,6686973.0,TQBR
2022-05-20,1.437,1.437,1.35,1.371,3300000,4542042.0,TQBR
2022-05-23,1.384,1.4,1.326,1.338,3780000,5131365.0,TQBR
2022-05-24,1.344,1.479,1.325,1.401,14571000,20522620.0,TQBR
2022-05-25,1.407,1.425,1.386,1.403,3262000,4568562.0,TQBR
2022-05-26,1.39,1.458,1.366,1.431,6732000,9528202.0,TQBR
2022-05-27,1.43,1.448,1.406,1.418,2301000,3290844.0,TQBR
2022-05-30,1.45,1.495,1.388,1.396,2897000,4076650.0,TQBR
2022-05-31,1.395,1.399,1.289,1.313,13456000,17744359.0,TQBR
2022-06-01,1.341,1.341,1.291,1.295,2923000,3823535.0,TQBR
2022-06-02,1.314,1.314,1.255,1.258,7076000,8960318.0,TQBR
2022-06-03,1.27,1.273,1.24,1.267,2157000,2716139.0,TQBR
2022-06-06,1.248,1.265,1.23,1.242,1728000,2151590.0,TQBR
2022-06-07,1.244,1.255,1.2,1.228,2123000,2592780.0,TQBR
2022-06-08,1.238,1.274,1.212,1.228,2100000,2595382.0,TQBR
2022-06-09,1.238,1.239,1.202,1.23,1135000,1392697.0,TQBR
2022-06-10,1.231,1.246,1.225,1.229,1155000,1425124.0,TQBR
2022-06-14,1.245,1.265,1.226,1.239,4242000,5293722.0,TQBR
2022-06-15,1.239,1.3,1.236,1.262,4571000,5755292.0,TQBR
2022-06-16,1.262,1.335,1.262,1.283,3133000,4059908.0,TQBR
2022-06-17,1.298,1.31,1.276,1.289,1477000,1906450.0,TQBR
2022-06-20,1.29,1.308,1.281,1.292,1899000,2454180.0,TQBR
2022-06-21,1.294,1.306,1.263,1.267,1584000,2033554.0,TQBR
2022-06-22,1.262,1.273,1.23,1.25,1362000,1701718.0,TQBR
2022-06-23,1.254,1.282,1.241,1.281,1414000,1784256.0,TQBR
2022-06-24,1.273,1.29,1.272,1.286,1191000,1526393.0,TQBR
2022-06-27,1.286,1.35,1.261,1.31,4024000,5263509.0,TQBR
2022-06-28,1.303,1.346,1.266,1.315,2935000,3847916.0,TQBR
2022-06-29,1.305,1.335,1.286,1.3,2513000,3286328.0,TQBR
2022-06-30,1.305,1.339,1.241,1.255,2336000,2963996.0,TQBR
2022-07-01,1.273,1.273,1.233,1.254,1344000,1682622.0,TQBR
2022-07-04,1.266,1.274,1.234,1.25,1011000,1265983.0,TQBR
2022-07-05,1.241,1.293,1.241,1.25,1096000,1369897.0,TQBR
2022-07-06,1.243,1.267,1.243,1.25,902000,1136573.0,TQBR
2022-07-07,1.259,1.267,1.233,1.243,1518000,1895352.0,TQBR
2022-07-08,1.255,1.267,1.23,1.241,1498000,1870485.0,TQBR
2022-07-11,1.266,1.291,1.241,1.255,1228000,1538885.0,TQBR
2022-07-12,1.258,1.258,1.226,1.257,1726000,2149799.0,TQBR
2022-07-13,1.259,1.259,1.242,1.248,680000,847856.0,TQBR
2022-07-14,1.258,1.27,1.239,1.25,2725000,3412483.0,TQBR
2022-07-15,1.25,1.27,1.24,1.247,2348000,2936209.0,TQBR
2022-07-18,1.255,1.264,1.148,1.208,18759000,22588728.0,TQBR
2022-07-19,1.222,1.26,1.172,1.231,25292000,30988549.0,TQBR
2022-07-20,1.23,1.27,1.229,1.248,8928000,11172595.0,TQBR
2022-07-21,1.27,1.27,1.21,1.227,4869000,5976502.0,TQBR
2022-07-22,1.235,1.235,1.208,1.213,3865000,4716913.0,TQBR
2022-07-25,1.211,1.229,1.211,1.227,1852000,2267009.0,TQBR
2022-07-26,1.227,1.262,1.212,1.244,11403000,14175229.0,TQBR
2022-07-27,1.249,1.267,1.242,1.248,3822000,4785901.0,TQBR
2022-07-28,1.25,1.252,1.202,1.225,6535000,8014447.0,TQBR
2022-07-29,1.235,1.236,1.215,1.219,2190000,2688186.0,TQBR
2022-08-01,1.22,1.25,1.217,1.247,3626000,4460604.0,TQBR
2022-08-02,1.247,1.257,1.225,1.225,2231000,2767777.0,TQBR
2022-08-03,1.231,1.368,1.196,1.3,43966000,56681983.0,TQBR
2022-08-04,1.296,1.3,1.245,1.253,10974000,13929049.0,TQBR
2022-08-05,1.253,1.256,1.231,1.233,6153000,7648851.0,TQBR
2022-08-08,1.258,1.258,1.23,1.232,2652000,3285616.0,TQBR
2022-08-09,1.231,1.235,1.225,1.231,2040000,2508096.0,TQBR
2022-08-10,1.234,1.245,1.226,1.234,2137000,2640750.0,TQBR
2022-08-11,1.249,1.249,1.227,1.228,924000,1138324.0,TQBR
2022-08-12,1.227,1.239,1.223,1.233,1672000,2056986.0,TQBR
2022-08-15,1.249,1.249,1.22,1.234,10957000,13457863.0,TQBR
2022-08-16,1.234,1.24,1.226,1.231,3937000,4848774.0,TQBR
2022-08-17,1.238,1.238,1.226,1.229,1963000,2414438.0,TQBR
2022-08-18,1.235,1.235,1.22,1.22,1515000,1854679.0,TQBR
2022-08-19,1.224,1.233,1.211,1.22,2403000,2937498.0,TQBR
2022-08-22,1.225,1.228,1.218,1.22,1158000,1415215.0,TQBR
2022-08-23,1.223,1.224,1.22,1.223,997000,1217704.0,TQBR
2022-08-24,1.219,1.224,1.212,1.218,1346000,1639696.0,TQBR
2022-08-25,1.222,1.222,1.218,1.222,710000,866437.0,TQBR
2022-08-26,1.214,1.224,1.214,1.224,555000,677007.0,TQBR
2022-08-29,1.224,1.229,1.217,1.223,1454000,1777384.0,TQBR
2022-08-30,1.225,1.229,1.222,1.225,1087000,1332327.0,TQBR
2022-08-31,1.223,1.249,1.22,1.228,26700000,32834802.0,TQBR
2022-09-01,1.238,1.244,1.228,1.238,14308000,17669705.0,TQBR
2022-09-02,1.243,1.248,1.235,1.238,6898000,8574236.0,TQBR
2022-09-05,1.245,1.31,1.244,1.306,28740000,36943791.0,TQBR
2022-09-06,1.301,1.318,1.25,1.265,9491000,12102333.0,TQBR
2022-09-07,1.266,1.287,1.241,1.258,1936000,2441019.0,TQBR
2022-09-08,1.265,1.266,1.251,1.258,1666000,2102202.0,TQBR
2022-09-09,1.258,1.269,1.255,1.265,2913000,3677681.0,TQBR
2022-09-12,1.254,1.28,1.253,1.27,2303000,2925301.0,TQBR
2022-09-13,1.277,1.278,1.251,1.257,2420000,3067721.0,TQBR
2022-09-14,1.268,1.273,1.222,1.24,6577000,8132192.0,TQBR
2022-09-15,1.238,1.26,1.238,1.252,6453000,8106787.0,TQBR
2022-09-16,1.258,1.27,1.232,1.235,3191000,3990567.0,TQBR
2022-09-19,1.24,1.241,1.211,1.235,3205000,3932880.0,TQBR
2022-09-20,1.24,1.24,1.161,1.17,10040000,12003977.0,TQBR
2022-09-21,1.15,1.157,1.06,1.121,6172000,6882163.0,TQBR
2022-09-22,1.115,1.164,1.08,1.131,9800000,11273817.0,TQBR
2022-09-23,1.131,1.137,1.085,1.103,6441000,7152361.0,TQBR
2022-09-26,1.149,1.149,0.958,0.983,10924000,11184434.0,TQBR
2022-09-27,1.017,1.027,0.991,1.006,3258000,3274506.0,TQBR
2022-09-28,1.01,1.05,0.996,1.014,1522000,1550606.0,TQBR
2022-09-29,1.023,1.028,0.959,0.971,3243000,3182571.0,TQBR
2022-09-30,1.049,1.049,0.951,0.985,4321000,4224661.0,TQBR
2022-10-03,1.008,1.06,0.99,1.015,3489000,3570350.0,TQBR
2022-10-04,1.037,1.038,1.011,1.026,1512000,1554658.0,TQBR
2022-10-05,1.024,1.036,1.006,1.024,934000,951671.0,TQBR
2022-10-06,1.023,1.034,1.018,1.018,442000,452800.0,TQBR
2022-10-07,1.018,1.018,0.986,1.003,3238000,3253704.0,TQBR
2022-10-10,0.997,1.006,0.952,1.002,8682000,8622654.0,TQBR
2022-10-11,1.013,1.091,1.003,1.09,10568000,11010799.0,TQBR
2022-10-12,1.09,1.09,1.055,1.066,1392000,1484927.0,TQBR
2022-10-13,1.066,1.081,1.06,1.068,3158000,3374356.0,TQBR
2022-10-14,1.078,1.089,1.061,1.071,1064000,1140624.0,TQBR
2022-10-17,1.087,1.087,1.055,1.07,20069000,21470305.0,TQBR
2022-10-18,1.074,1.085,1.06,1.07,8377000,8962727.0,TQBR
2022-10-19,1.064,1.107,1.041,1.077,9157000,9758667.0,TQBR
2022-10-20,1.085,1.129,1.067,1.124,6994000,7736191.0,TQBR
2022-10-21,1.125,1.162,1.106,1.14,30398000,34848618.0,TQBR
2022-10-24,1.17,1.17,1.127,1.14,9413000,10789841.0,TQBR
2022-10-25,1.148,1.173,1.135,1.142,7099000,8125722.0,TQBR
2022-10-26,1.144,1.154,1.14,1.145,1827000,2094172.0,TQBR
2022-10-27,1.146,1.168,1.141,1.158,5083000,5870869.0,TQBR
2022-10-28,1.158,1.178,1.144,1.17,3546000,4112436.0,TQBR
2022-10-31,1.171,1.178,1.161,1.166,2089000,2440035.0,TQBR
2022-11-01,1.155,1.178,1.155,1.17,4651000,5425507.0,TQBR
2022-11-02,1.173,1.184,1.155,1.181,2563000,3000243.0,TQBR
2022-11-03,1.181,1.181,1.153,1.172,2499000,2904129.0,TQBR
2022-11-07,1.177,1.186,1.171,1.175,1109000,1307332.0,TQBR
2022-11-08,1.165,1.181,1.161,1.168,1704000,1988390.0,TQBR
2022-11-09,1.161,1.189,1.128,1.152,6123000,7076900.0,TQBR
2022-11-10,1.149,1.15,1.12,1.147,2529000,2882651.0,TQBR
2022-11-11,1.154,1.154,1.101,1.149,4068000,4625250.0,TQBR
2022-11-14,1.149,1.153,1.14,1.148,1284000,1470742.0,TQBR
2022-11-15,1.148,1.177,1.148,1.172,3528000,4097214.0,TQBR
2022-11-16,1.171,1.171,1.148,1.169,1565000,1817331.0,TQBR
2022-11-17,1.158,1.166,1.151,1.154,547000,633093.0,TQBR
2022-11-18,1.16,1.162,1.145,1.154,607000,699651.0,TQBR
2022-11-21,1.155,1.165,1.136,1.156,10521000,12162381.0,TQBR
2022-11-22,1.156,1.197,1.145,1.174,9444000,11099770.0,TQBR
2022-11-23,1.19,1.194,1.158,1.167,1857000,2167413.0,TQBR
2022-11-24,1.176,1.183,1.165,1.178,3148000,3699563.0,TQBR
2022-11-25,1.209,1.209,1.17,1.18,5604000,6621276.0,TQBR
2022-11-28,1.2,1.208,1.16,1.164,6893000,8072498.0,TQBR
2022-11-29,1.167,1.18,1.16,1.177,2276000,2674574.0,TQBR
2022-11-30,1.176,1.178,1.137,1.155,10341000,12036394.0,TQBR
2022-12-01,1.144,1.168,1.142,1.155,7869000,9080918.0,TQBR
2022-12-02,1.151,1.156,1.137,1.15,2265000,2597409.0,TQBR
2022-12-05,1.144,1.16,1.136,1.156,1038000,1196906.0,TQBR
2022-12-06,1.167,1.182,1.14,1.149,672000,772514.0,TQBR
2022-12-07,1.142,1.154,1.139,1.144,1413000,1612606.0,TQBR
2022-12-08,1.142,1.146,1.135,1.14,1244000,1419175.0,TQBR
2022-12-09,1.14,1.144,1.135,1.138,1214000,1383302.0,TQBR
2022-12-12,1.138,1.144,1.131,1.136,1283000,1459436.0,TQBR
2022-12-13,1.132,1.14,1.131,1.135,1852000,2104931.0,TQBR
2022-12-14,1.139,1.139,1.122,1.127,4101000,4630623.0,TQBR
2022-12-15,1.123,1.123,1.102,1.116,4970000,5537058.0,TQBR
2022-12-16,1.111,1.122,1.07,1.108,7471000,8237029.0,TQBR
2022-12-19,1.1,1.114,1.085,1.094,6074000,6643609.0,TQBR
2022-12-20,1.099,1.127,1.078,1.123,5022000,5554013.0,TQBR
