date,open,high,low,close,volume,value,board
2008-12-09,0.56,0.96,0.56,0.96,607900,498892.0,EQLV
2008-12-10,0.902,1.166,0.902,1.066,9892200,10639311.2,EQLV
2008-12-11,1.135,1.135,1.02,1.05,5128800,5356383.8,EQLV
2008-12-12,1.0,1.03,0.96,0.998,1289700,1287705.9,EQLV
2008-12-15,0.98,1.037,0.9,0.931,2887900,2798765.2,EQLV
2008-12-16,0.91,0.948,0.88,0.9,4184100,3776465.8,EQLV
2008-12-17,0.85,0.91,0.84,0.902,11519700,10294399.9,EQLV
2008-12-18,0.912,0.927,0.82,0.84,13074100,11301492.2,EQLV
2008-12-19,0.8,0.887,0.8,0.86,5119200,4293394.5,EQLV
2008-12-22,0.86,0.89,0.85,0.869,2538700,2196234.5,EQLV
2008-12-23,0.888,0.888,0.831,0.863,11943100,10171042.2,EQLV
2008-12-24,0.878,0.878,0.833,0.849,6232400,5240770.8,EQLV
2008-12-25,0.833,0.855,0.831,0.84,6705900,5634648.7,EQLV
2008-12-26,0.84,0.852,0.84,0.847,9996100,8469102.7,EQLV
2008-12-29,0.792,0.879,0.792,0.861,2114400,1803920.9,EQLV
2008-12-30,0.868,0.877,0.836,0.86,3600900,3096265.9,EQLV
2008-12-31,0.87,0.87,0.86,0.86,1289700,1109898.8,EQLV
2009-01-11,0.841,0.875,0.835,0.875,2452000,2096864.1,EQLV
2009-01-12,0.836,0.877,0.833,0.851,12075400,10333124.0,EQLV
2009-01-13,0.851,0.865,0.841,0.862,3628300,3089521.0,EQLV
2009-01-14,0.848,0.874,0.839,0.85,6193800,5283533.7,EQLV
2009-01-15,0.85,0.86,0.835,0.836,445500,373887.4,EQLV
2009-01-16,0.797,0.854,0.797,0.85,1560000,1319698.2,EQLV
2009-01-19,0.836,0.865,0.835,0.836,1665800,1397980.3,EQLV
2009-01-20,0.82,0.84,0.816,0.838,8498100,7096589.1,EQLV
2009-01-21,0.835,0.838,0.8,0.802,3251400,2672532.8,EQLV
2009-01-22,0.807,0.807,0.756,0.797,1537100,1173453.5,EQLV
2009-01-23,0.799,0.8,0.607,0.729,1927300,1395835.9,EQLV
2009-01-26,0.72,0.721,0.606,0.692,4705200,3280469.4,EQLV
2009-01-27,0.68,0.71,0.675,0.695,2839700,1966163.1,EQLV
2009-01-28,0.67,0.7,0.67,0.693,271700,187210.3,EQLV
2009-01-29,0.675,0.675,0.66,0.66,3031700,2035125.3,EQLV
2009-01-30,0.624,0.671,0.622,0.669,2518400,1671197.9,EQLV
2009-02-02,0.669,0.685,0.566,0.641,3666000,2346878.4,EQLV
2009-02-03,0.621,0.685,0.62,0.651,2559600,1638560.6,EQLV
2009-02-04,0.656,0.667,0.65,0.66,4838000,3189692.7,EQLV
2009-02-05,0.661,0.675,0.66,0.665,3488900,2303013.2,EQLV
2009-02-06,0.665,0.665,0.6,0.664,1237900,802191.5,EQLV
2009-02-09,0.618,0.675,0.618,0.675,5892000,3949489.2,EQLV
2009-02-10,0.675,0.696,0.67,0.675,3973500,2677031.6,EQLV
2009-02-11,0.674,0.72,0.615,0.714,11061000,7562201.3,EQLV
2009-02-12,0.713,0.79,0.689,0.77,11245600,8483339.3,EQLV
2009-02-13,0.799,0.86,0.77,0.86,9947500,8276524.6,EQLV
2009-02-16,0.88,0.91,0.819,0.88,18626700,16317870.9,EQLV
2009-02-17,0.896,0.896,0.822,0.867,3065400,2634534.3,EQLV
2009-02-18,0.877,0.898,0.849,0.861,19214700,16445390.6,EQLV
2009-02-19,0.853,0.9,0.853,0.88,10765100,9483888.4,EQLV
2009-02-20,0.87,0.88,0.87,0.87,2901900,2526230.9,EQLV
2009-02-24,0.847,0.86,0.838,0.85,397300,337080.2,EQLV
2009-02-25,0.851,0.924,0.851,0.89,6744400,5968722.2,EQLV
2009-02-26,0.919,0.919,0.88,0.88,684300,608257.8,EQLV
2009-02-27,0.841,0.908,0.841,0.9,3096300,2765216.9,EQLV
2009-03-02,0.919,0.94,0.801,0.88,3218700,2820068.3,EQLV
2009-03-03,0.824,0.887,0.823,0.863,1182400,1019806.3,EQLV
2009-03-04,0.85,0.898,0.83,0.87,3577900,3126101.7,EQLV
2009-03-05,0.898,0.898,0.845,0.85,45255800,38450459.0,EQLV
2009-03-06,0.848,0.873,0.846,0.862,135300,115142.0,EQLV
2009-03-10,0.871,0.925,0.845,0.92,6605000,5913576.6,EQLV
2009-03-11,0.92,0.95,0.803,0.911,625700,571271.6,EQLV
2009-03-12,0.842,0.925,0.842,0.91,1163000,1061370.3,EQLV
2009-03-13,0.924,0.926,0.91,0.916,247500,226328.2,EQLV
2009-03-16,0.928,0.928,0.91,0.91,1950700,1780114.9,EQLV
2009-03-17,0.91,0.929,0.91,0.914,1574300,1437871.4,EQLV
2009-03-18,0.911,0.93,0.887,0.93,9771000,8986234.4,EQLV
2009-03-19,0.92,0.94,0.902,0.93,11893400,10996348.6,EQLV
2009-03-20,0.907,0.967,0.907,0.965,14278600,13658440.7,EQLV
2009-03-23,0.97,1.031,0.97,1.02,22498200,22644177.1,EQLV
2009-03-24,1.0,1.04,0.909,0.996,8698100,8713186.6,EQLV
2009-03-25,1.05,1.063,0.979,0.99,2080800,2060129.4,EQLV
2009-03-26,0.96,1.01,0.96,1.008,6672600,6691512.7,EQLV
2009-03-27,1.014,1.026,0.98,1.01,7167400,7256386.0,EQLV
2009-03-30,0.999,1.01,0.945,0.981,3806500,3756666.3,EQLV
2009-03-31,1.014,1.049,1.014,1.028,7379900,7613323.6,EQLV
2009-04-01,1.038,1.125,1.03,1.124,9820200,10570840.6,EQLV
2009-04-02,1.13,1.175,1.13,1.137,19114100,21985747.3,EQLV
2009-04-03,1.185,1.185,1.115,1.14,5196100,5912769.2,EQLV
2009-04-06,1.145,1.15,1.1,1.1,9213100,10437414.3,EQLV
2009-04-07,1.145,1.145,1.057,1.075,5993900,6633554.3,EQLV
2009-04-08,1.064,1.125,1.025,1.125,26117000,28849584.9,EQLV
2009-04-09,1.13,1.14,1.1,1.129,22063200,24773296.0,EQLV
2009-04-10,1.141,1.149,1.095,1.12,5583900,6224741.4,EQLV
2009-04-13,1.141,1.145,1.07,1.09,9941000,10970567.1,EQLV
2009-04-14,1.093,1.185,1.093,1.16,28571300,32654432.1,EQLV
2009-04-15,1.169,1.169,1.13,1.15,7471000,8470241.8,EQLV
2009-04-16,1.172,1.345,1.133,1.332,39054300,50770525.9,EQLV
2009-04-17,1.339,1.544,1.332,1.44,94652200,137640219.2,EQLV
2009-04-20,1.43,1.45,1.32,1.33,6974800,9553018.0,EQLV
2009-04-21,1.296,1.331,1.25,1.32,19265400,24940884.8,EQLV
2009-04-22,1.3,1.445,1.282,1.389,10154600,14026677.9,EQLV
2009-04-23,1.468,1.468,1.345,1.385,6440300,8894846.1,EQLV
2009-04-24,1.452,1.452,1.3,1.31,7354300,9901212.0,EQLV
2009-04-27,1.3,1.3,1.238,1.259,2785800,3488624.4,EQLV
2009-04-28,1.246,1.25,1.18,1.24,3976600,4815680.2,EQLV
2009-04-29,1.256,1.31,1.25,1.306,1237200,1600554.9,EQLV
2009-04-30,1.398,1.398,1.253,1.29,3687300,4747612.2,EQLV
2009-05-04,1.309,1.31,1.258,1.29,3786300,4896016.0,EQLV
2009-05-05,1.29,1.29,1.238,1.245,5025200,6346824.5,EQLV
2009-05-06,1.25,1.365,1.25,1.365,18059000,23852283.1,EQLV
2009-05-07,1.368,1.538,1.368,1.45,22526500,32346330.9,EQLV
2009-05-08,1.488,1.6,1.445,1.48,15811600,24206658.1,EQLV
2009-05-12,1.46,1.593,1.455,1.523,12813100,19687497.3,EQLV
2009-05-13,1.531,1.554,1.515,1.523,9244600,14133253.6,EQLV
2009-05-14,1.486,1.49,1.42,1.45,20982300,30395276.3,EQLV
2009-05-15,1.45,1.518,1.437,1.45,5168200,7530280.1,EQLV
2009-05-18,1.537,1.537,1.448,1.533,4036100,6078750.4,EQLV
2009-05-19,1.53,1.604,1.521,1.604,14686600,22934542.9,EQLV
2009-05-20,1.68,1.687,1.532,1.6,7463300,12088472.8,EQLV
2009-05-21,1.609,1.67,1.45,1.45,5503100,8372501.7,EQLV
2009-05-22,1.417,1.525,1.417,1.49,17507100,26187377.3,EQLV
2009-05-25,1.519,1.519,1.455,1.489,1955400,2877570.4,EQLV
2009-05-26,1.47,1.53,1.4,1.467,17079700,24970243.1,EQLV
2009-05-27,1.509,1.584,1.48,1.558,7155700,10966034.6,EQLV
2009-05-28,1.584,1.69,1.54,1.644,11071400,18200382.8,EQLV
2009-05-29,1.65,1.745,1.62,1.719,10639900,17750377.2,EQLV
2009-06-01,1.738,1.846,1.61,1.836,38341000,68319396.1,EQLV
2009-06-02,1.814,1.894,1.665,1.718,17924800,32916688.7,EQLV
2009-06-03,1.723,1.735,1.605,1.65,21454700,35804525.2,EQLV
2009-06-04,1.639,1.71,1.585,1.7,10083500,16928757.0,EQLV
2009-06-05,1.725,1.725,1.65,1.711,23604900,40491594.4,EQLV
2009-06-08,1.711,1.75,1.621,1.75,7311700,12582105.6,EQLV
2009-06-09,1.75,1.801,1.705,1.76,24611700,42988718.4,EQLV
2009-06-10,1.765,1.779,1.73,1.779,10587600,18596600.3,EQLV
2009-06-11,1.777,1.777,1.7,1.76,35901200,63210970.6,EQLV
2009-06-15,1.74,1.767,1.7,1.702,38682300,67097655.7,EQLV
2009-06-16,1.688,1.764,1.671,1.708,13816300,23686812.4,EQLV
2009-06-17,1.647,1.739,1.62,1.62,5251500,8873683.7,EQLV
2009-06-18,1.54,1.634,1.526,1.58,6678900,10395143.6,EQLV
2009-06-19,1.551,1.562,1.508,1.559,8722500,13487578.6,EQLV
2009-06-22,1.55,1.55,1.515,1.535,20032400,30781911.4,EQLV
2009-06-23,1.492,1.55,1.31,1.499,3858400,5623857.9,EQLV
2009-06-24,1.407,1.61,1.406,1.58,11242900,17691178.1,EQLV
2009-06-25,1.565,1.647,1.565,1.57,5408300,8601823.2,EQLV
2009-06-26,1.57,1.615,1.57,1.591,4866600,7751874.4,EQLV
2009-06-29,1.6,1.669,1.553,1.61,1342100,2175041.2,EQLV
2009-06-30,1.552,1.633,1.55,1.55,6695300,10800870.6,EQLV
2009-07-01,1.581,1.581,1.54,1.562,19247800,30251494.5,EQLV
2009-07-02,1.587,1.587,1.49,1.499,17261000,26253426.3,EQLV
2009-07-03,1.529,1.776,1.512,1.71,33223300,53898341.6,EQNL
2009-07-06,1.63,1.707,1.451,1.679,22743500,38170842.7,EQNL
2009-07-07,1.699,1.699,1.66,1.688,10410700,17480373.3,EQNL
2009-07-08,1.654,1.68,1.571,1.599,13850300,22804104.4,EQNL
2009-07-09,1.599,1.644,1.506,1.507,3950800,6177078.5,EQNL
2009-07-10,1.534,1.554,1.377,1.415,9111800,13401541.6,EQNL
2009-07-13,1.5,1.519,1.41,1.476,9820000,14459321.7,EQNL
2009-07-14,1.508,1.54,1.445,1.45,14508200,21533978.4,EQNL
2009-07-15,1.479,1.62,1.45,1.472,14058500,20621287.0,EQNL
2009-07-16,1.48,1.48,1.442,1.456,954800,1386684.0,EQNL
2009-07-17,1.464,1.52,1.448,1.48,2978600,4401654.3,EQNL
2009-07-20,1.5,1.5,1.403,1.465,4902000,7143834.3,EQNL
2009-07-21,1.498,1.498,1.45,1.473,4289100,6309853.5,EQNL
2009-07-22,1.492,1.549,1.456,1.538,18544500,27976525.3,EQNL
2009-07-23,1.501,1.548,1.482,1.54,3205100,4842714.5,EQNL
2009-07-24,1.549,1.64,1.519,1.59,25003000,39764941.0,EQNL
2009-07-27,1.59,1.71,1.589,1.705,16885000,28182016.3,EQNL
2009-07-28,1.61,1.71,1.606,1.68,15949600,26774859.5,EQNL
2009-07-29,1.68,1.71,1.65,1.661,19925300,33477485.0,EQNL
2009-07-30,1.669,1.768,1.642,1.705,4480500,7648942.6,EQNL
2009-07-31,1.7,1.745,1.631,1.74,5851800,10000866.8,EQNL
2009-08-03,1.69,1.769,1.685,1.69,4141600,7136949.1,EQNL
2009-08-04,1.741,1.742,1.68,1.708,10517900,17984788.6,EQNL
2009-08-05,1.678,1.739,1.677,1.715,12797000,21915917.1,EQNL
2009-08-06,1.677,1.74,1.509,1.689,2364000,3969574.2,EQNL
2009-08-07,1.654,1.73,1.63,1.721,34483500,58938299.1,EQNL
2009-08-10,1.663,1.77,1.663,1.722,15364100,26281855.3,EQNL
2009-08-11,1.691,1.765,1.691,1.71,1874000,3241210.1,EQNL
2009-08-12,1.719,1.736,1.64,1.71,3697600,6326556.8,EQNL
2009-08-13,1.701,1.75,1.582,1.714,2185100,3727494.5,EQNL
2009-08-14,1.71,1.719,1.67,1.68,4946000,8400610.6,EQNL
2009-08-17,1.61,1.675,1.536,1.585,2514400,3962756.0,EQNL
2009-08-18,1.6,1.64,1.585,1.589,1355800,2158254.7,EQNL
2009-08-19,1.552,1.64,1.52,1.59,3435200,5357060.9,EQNL
2009-08-20,1.588,1.599,1.55,1.599,1036800,1642651.2,EQNL
2009-08-21,1.596,1.65,1.55,1.601,2439600,3887529.7,EQNL
2009-08-24,1.617,1.629,1.56,1.599,4760800,7539089.7,EQNL
2009-08-25,1.605,1.68,1.556,1.654,1371300,2243392.6,EQNL
2009-08-26,1.63,1.662,1.587,1.613,3146900,5069834.5,EQNL
2009-08-27,1.585,1.64,1.566,1.608,11306800,18283031.7,EQNL
2009-08-28,1.607,1.875,1.605,1.818,36726900,66466456.4,EQNL
2009-08-31,1.82,1.834,1.76,1.79,7096000,12783801.2,EQNL
2009-09-01,1.796,1.84,1.756,1.78,5511300,9986976.4,EQNL
2009-09-02,1.76,1.8,1.76,1.776,10820300,19369066.0,EQNL
2009-09-03,1.773,1.795,1.76,1.76,804400,1429909.5,EQNL
2009-09-04,1.748,1.804,1.7,1.778,28185600,50134811.5,EQNL
2009-09-07,1.749,1.749,1.7,1.749,1238600,2138284.5,EQNL
2009-09-08,1.749,1.79,1.729,1.777,9903400,17382675.3,EQNL
2009-09-09,1.765,1.99,1.733,1.94,22231100,41099795.4,EQNL
2009-09-10,1.791,2.021,1.791,1.96,8432700,16496407.8,EQNL
2009-09-11,1.942,2.22,1.903,2.156,37135200,78814212.1,EQNL
2009-09-14,2.126,2.39,2.083,2.38,48826800,107816937.1,EQNL
2009-09-15,2.375,2.7,2.35,2.462,49936900,129571102.2,EQNL
2009-09-16,2.481,2.61,2.352,2.437,33622800,85259380.3,EQNL
2009-09-17,2.447,2.589,2.292,2.3,15129700,35542980.4,EQNL
2009-09-18,2.357,2.448,2.295,2.376,14977600,35787855.2,EQNL
2009-09-21,2.4,2.51,2.332,2.332,16480500,39419561.6,EQNL
2009-09-22,2.404,2.539,2.373,2.467,25793200,63653469.6,EQNL
2009-09-23,2.516,2.551,2.465,2.52,22835400,57018255.6,EQNL
2009-09-24,2.52,2.53,2.413,2.483,6529900,16292639.5,EQNL
2009-09-25,2.5,2.621,2.454,2.6,36679500,94111432.3,EQNL
2009-09-28,2.606,2.759,2.473,2.715,33171300,89024058.5,EQNL
2009-09-29,2.721,3.1,2.721,2.925,44196400,128795961.7,EQNL
2009-09-30,2.99,3.17,2.93,3.02,70569600,213802978.3,EQNL
2009-10-01,3.025,3.547,3.025,3.268,87659500,291008021.6,EQNL
2009-10-02,3.3,3.3,2.953,3.12,73077400,225579578.3,EQNL
2009-10-05,3.115,3.218,2.994,3.0,54263200,167998075.8,EQNL
2009-10-06,3.05,3.138,3.001,3.12,35115300,108686171.6,EQNL
2009-10-07,3.13,3.195,3.122,3.15,36943900,116573321.6,EQNL
2009-10-08,3.188,3.219,3.15,3.168,35470300,112623049.7,EQNL
2009-10-09,3.201,3.215,3.02,3.19,32453600,103418926.2,EQNL
2009-10-12,3.176,3.215,3.127,3.193,19033500,60269118.2,EQNL
2009-10-13,3.188,3.205,3.145,3.187,19028500,60430438.0,EQNL
2009-10-14,3.19,3.34,3.171,3.33,19631500,63645561.0,EQNL
2009-10-15,3.32,3.62,3.32,3.498,47233100,162411118.9,EQNL
2009-10-16,3.5,3.72,2.454,3.655,31897900,113020610.0,EQNL
2009-10-19,3.601,3.689,3.403,3.524,15890100,56572540.2,EQNL
2009-10-20,3.615,3.615,3.43,3.519,16885900,59223027.9,EQNL
2009-10-21,3.542,3.67,3.48,3.66,19288700,68993509.1,EQNL
2009-10-22,3.602,3.789,3.552,3.773,18529300,69462796.6,EQNL
2009-10-23,3.8,4.026,3.8,3.966,52204100,206876569.5,EQNL
2009-10-26,3.95,3.969,3.841,3.875,6346200,24824080.9,EQNL
2009-10-27,3.852,3.9,3.451,3.649,16093000,58342556.5,EQNL
2009-10-28,3.59,3.69,3.351,3.4,19048500,66038856.4,EQNL
2009-10-29,3.378,3.48,3.231,3.454,16897600,57331911.9,EQNL
2009-10-30,3.47,3.7,3.347,3.444,10767400,37231319.2,EQNL
2009-11-02,3.404,3.599,3.4,3.531,6708000,23602718.4,EQNL
2009-11-03,3.486,3.545,3.22,3.279,23269700,78289586.0,EQNL
2009-11-05,3.45,3.45,3.16,3.28,5976700,19640802.2,EQNL
2009-11-06,3.297,3.355,3.222,3.24,10600400,34963980.8,EQNL
2009-11-09,3.286,3.433,3.285,3.39,9984400,33711509.0,EQNL
2009-11-10,3.42,3.539,3.32,3.537,12725000,44088237.3,EQNL
2009-11-11,3.49,3.9,3.49,3.7,54272600,201609407.2,EQNL
2009-11-12,3.699,3.79,3.548,3.732,56679300,208209211.2,EQNL
2009-11-13,3.732,3.8,3.631,3.79,10972800,41295269.4,EQNL
2009-11-16,3.8,3.907,3.783,3.89,11858800,45419618.5,EQNL
2009-11-17,3.871,3.871,3.757,3.774,12395700,46904276.7,EQNL
2009-11-18,3.794,3.869,3.757,3.792,10761800,41114071.9,EQNL
2009-11-19,3.753,3.886,3.752,3.881,14083300,53977705.3,EQNL
2009-11-20,3.89,3.91,3.747,3.78,16701200,63510927.0,EQNL
2009-11-23,3.808,3.88,3.757,3.8,29680200,113477916.0,EQNL
2009-11-24,3.804,3.83,3.72,3.748,5450100,20573838.8,EQNL
2009-11-25,3.781,3.781,3.61,3.621,3864200,14272264.6,EQNL
2009-11-26,3.609,3.61,3.4,3.485,13671200,47318405.0,EQNL
2009-11-27,3.452,3.47,3.312,3.443,31533500,107545163.6,EQNL
2009-11-30,3.478,3.508,3.306,3.488,10240800,35008432.3,EQNL
2009-12-01,3.48,3.616,3.48,3.58,6134800,21851071.3,EQNL
2009-12-02,3.572,3.62,3.528,3.564,6831300,24404510.5,EQNL
2009-12-03,3.565,3.75,3.564,3.67,10839500,39612768.5,EQNL
2009-12-04,3.328,3.749,3.328,3.749,5412800,20011639.5,EQNL
2009-12-07,3.749,3.755,3.601,3.648,6581400,24178905.9,EQNL
2009-12-08,3.645,3.645,3.521,3.565,7255600,25942832.1,EQNL
2009-12-09,3.588,3.64,3.36,3.41,19873100,68830859.9,EQNL
2009-12-10,3.418,3.497,3.349,3.42,21530300,73816058.7,EQNL
2009-12-11,3.44,3.45,3.355,3.368,14132000,47768378.2,EQNL
2009-12-14,3.397,3.409,3.325,3.349,15672800,52535160.3,EQNL
2009-12-15,3.41,3.41,3.308,3.317,17334600,57775436.6,EQNL
2009-12-16,3.3,3.359,3.287,3.35,19546800,65159116.2,EQNL
2009-12-17,3.431,3.48,3.34,3.35,25073600,85408650.5,EQNL
2009-12-18,3.37,3.386,3.304,3.318,16059100,53666960.3,EQNL
2009-12-21,3.262,3.349,3.262,3.29,14431400,47632338.5,EQNL
2009-12-22,3.284,3.309,3.224,3.275,14118800,46089740.2,EQNL
2009-12-23,3.261,3.324,3.22,3.27,7476300,24435395.0,EQNL
2009-12-24,3.311,3.311,3.205,3.219,6662800,21512441.7,EQNL
2009-12-25,3.203,3.295,3.162,3.281,6674600,21512228.8,EQNL
2009-12-28,3.25,3.31,3.21,3.299,8344400,27300830.1,EQNL
2009-12-29,3.261,3.309,3.261,3.285,4744300,15565962.0,EQNL
2009-12-30,3.284,3.297,3.25,3.293,11750400,38461981.6,EQNL
2009-12-31,3.288,3.316,3.285,3.316,1423500,4701423.3,EQNL
2010-01-11,3.35,3.39,3.327,3.387,22916400,77091231.8,EQNL
2010-01-12,3.39,3.49,3.37,3.475,25693500,88528329.1,EQNL
2010-01-13,3.47,3.773,3.465,3.7,55383200,199679757.7,EQNL
2010-01-14,3.705,3.887,3.705,3.88,37613500,144083449.6,EQNL
2010-01-15,3.992,4.242,3.881,4.075,58107400,236740963.6,EQNL
2010-01-18,4.075,4.27,3.884,4.246,30460200,127062713.2,EQNL
2010-01-19,4.22,4.38,4.053,4.23,77392500,327905943.9,EQNL
2010-01-20,4.256,4.256,4.047,4.068,12933700,53271564.2,EQNL
2010-01-21,4.117,4.15,3.89,3.967,45368200,180229231.9,EQNL
2010-01-22,3.883,3.944,3.735,3.799,47570200,182813542.2,EQNL
2010-01-25,3.79,3.999,3.713,3.97,46345200,180209282.5,EQNL
2010-01-26,3.894,4.071,3.83,3.99,67860200,267790558.8,EQNL
2010-01-27,3.996,4.08,3.965,3.978,47740800,190591560.4,EQNL
2010-01-28,4.04,4.1,3.99,4.074,48377000,195446162.5,EQNL
2010-01-29,4.001,4.12,3.905,4.056,32589900,131912692.6,EQNL
2010-02-01,4.004,4.098,4.004,4.075,11980000,48671698.4,EQNL
2010-02-02,4.135,4.15,4.08,4.135,18178600,74997519.4,EQNL
2010-02-03,4.17,4.269,4.129,4.228,38603200,162518553.6,EQNL
2010-02-04,4.22,4.26,4.038,4.093,25374100,105597533.7,EQNL
2010-02-05,4.005,4.15,3.923,4.09,54163700,216805609.1,EQNL
2010-02-08,4.217,4.25,4.05,4.06,41581500,172759524.2,EQNL
2010-02-09,4.189,4.38,4.112,4.38,72357800,305849869.4,EQNL
2010-02-10,4.5,4.539,4.126,4.2,87965100,388301856.5,EQNL
2010-02-11,4.095,4.095,3.894,3.969,194042200,765554900.6,EQNL
2010-02-12,3.989,4.035,3.92,3.928,56303300,223085615.6,EQNL
2010-02-15,3.95,4.01,3.915,3.937,36464900,143803008.4,EQNL
2010-02-16,3.94,3.986,3.915,3.979,28297300,111628044.8,EQNL
2010-02-17,3.9,4.07,3.9,3.983,24033200,96443338.3,EQNL
2010-02-18,3.997,4.094,3.973,4.08,41212600,166107920.2,EQNL
2010-02-19,4.0,4.14,3.981,4.099,25281700,103139163.7,EQNL
2010-02-24,4.1,4.189,4.05,4.157,20334200,83834102.1,EQNL
2010-02-25,4.14,4.22,4.018,4.132,28403900,117850126.9,EQNL
2010-02-26,4.135,4.2,4.135,4.199,22409900,93692843.2,EQNL
2010-02-27,4.188,4.28,4.188,4.239,5744000,24279863.8,EQNL
2010-03-01,4.25,4.3,4.183,4.199,30007000,126592790.2,EQNL
2010-03-02,4.216,4.228,4.114,4.153,14721600,61110910.3,EQNL
2010-03-03,4.159,4.275,4.153,4.26,24487900,103534264.0,EQNL
2010-03-04,4.275,4.393,4.202,4.319,39499400,169824192.7,EQNL
2010-03-05,4.327,4.41,4.3,4.368,30885900,134780473.0,EQNL
2010-03-09,4.368,4.396,4.311,4.377,15156100,65909815.4,EQNL
2010-03-10,4.395,4.484,4.363,4.475,26956400,119819529.6,EQNL
2010-03-11,4.463,4.516,4.418,4.511,36167000,162262336.1,EQNL
2010-03-12,4.535,4.666,4.519,4.627,36101600,166248626.9,EQNL
2010-03-15,4.619,4.795,4.603,4.729,41640500,196936375.6,EQNL
2010-03-16,4.772,4.854,4.73,4.79,28928000,138648982.3,EQNL
2010-03-17,4.798,4.871,4.779,4.82,39795000,191886778.5,EQNL
2010-03-18,4.81,4.81,4.674,4.71,18184000,85978513.9,EQNL
2010-03-19,4.713,5.039,4.688,4.99,87019000,424647522.8,EQNL
2010-03-22,4.9,5.03,4.78,4.793,41406800,200517319.1,EQNL
2010-03-23,4.839,4.93,4.752,4.769,27451700,132447148.5,EQNL
2010-03-24,4.784,4.837,4.656,4.676,20766300,97874530.1,EQNL
2010-03-25,4.653,4.78,4.653,4.749,20858200,98684629.7,EQNL
2010-03-26,4.773,4.793,4.713,4.745,16188100,76798108.5,EQNL
2010-03-29,4.73,4.73,4.525,4.647,57108000,263913410.8,EQNL
2010-03-30,4.65,4.7,4.606,4.7,64549100,301372966.5,EQNL
2010-03-31,4.669,4.92,4.669,4.895,53729600,259151675.4,EQNL
2010-04-01,4.896,5.231,4.896,5.156,65029300,330896040.3,EQNL
2010-04-02,5.17,5.249,5.05,5.117,25189800,129072865.4,EQNL
2010-04-05,5.13,5.29,5.119,5.244,23885500,124436288.7,EQNL
2010-04-06,5.27,5.288,5.095,5.105,30557100,156832707.4,EQNL
2010-04-07,5.105,5.129,4.78,4.835,43499700,214554438.2,EQNL
2010-04-08,4.763,4.966,4.7,4.854,87238700,421417553.6,EQNL
2010-04-09,4.939,4.997,4.88,4.988,39930800,196697655.1,EQNL
2010-04-12,5.05,5.05,4.922,4.95,17302900,86346768.9,EQNL
2010-04-13,4.9,4.98,4.835,4.919,22099500,109062880.6,EQNL
2010-04-14,4.975,4.985,4.91,4.919,35582200,176282613.6,EQNL
2010-04-15,4.942,4.942,4.75,4.835,20982400,101083250.2,EQNL
2010-04-16,4.828,4.828,4.699,4.72,47476000,225078861.9,EQNL
2010-04-19,4.527,4.727,4.497,4.701,28200600,129183453.7,EQNL
2010-04-20,4.825,4.825,4.612,4.699,27747300,131053510.3,EQNL
2010-04-21,4.716,4.768,4.581,4.607,23992900,112256890.9,EQNL
2010-04-22,4.571,4.655,4.38,4.475,24650800,111482759.2,EQNL
2010-04-23,4.501,4.708,4.405,4.699,23987300,108688574.6,EQNL
2010-04-26,4.75,4.84,4.68,4.68,35379000,168556013.7,EQNL
2010-04-27,4.664,4.669,4.554,4.598,17120000,78561571.8,EQNL
2010-04-28,4.444,4.64,4.444,4.616,22767500,102978666.5,EQNL
2010-04-29,4.64,4.688,4.586,4.677,11805300,54872798.8,EQNL
2010-04-30,4.693,4.71,4.595,4.611,11746500,54552550.6,EQNL
2010-05-04,4.675,4.68,4.501,4.559,16513100,76069541.4,EQNL
2010-05-05,4.36,4.6,4.36,4.5,23064800,104073355.6,EQNL
2010-05-06,4.481,4.5,4.39,4.4,17273100,76463041.7,EQNL
2010-05-07,4.26,4.312,4.022,4.14,35928500,150685512.1,EQNL
2010-05-11,4.4,4.475,4.101,4.32,26454500,113239268.1,EQNL
2010-05-12,4.31,4.392,4.149,4.34,50105700,214479712.8,EQNL
2010-05-13,4.38,4.48,4.245,4.351,45846900,198191633.7,EQNL
2010-05-14,4.301,4.368,4.241,4.331,22627600,97378051.5,EQNL
2010-05-17,4.25,4.364,4.17,4.25,13563900,58148026.0,EQNL
2010-05-18,4.3,4.33,4.252,4.317,11664900,50232636.5,EQNL
2010-05-19,4.278,4.285,4.11,4.125,28111000,117427101.2,EQNL
2010-05-20,4.04,4.19,3.958,3.991,26025400,106119692.2,EQNL
2010-05-21,3.981,4.099,3.88,4.009,23003300,91853159.4,EQNL
2010-05-24,4.01,4.116,3.869,3.94,13074500,52124693.9,EQNL
2010-05-25,3.84,3.851,3.756,3.79,49942200,189234492.3,EQNL
2010-05-26,3.86,4.029,3.831,3.92,29264700,114757164.5,EQNL
2010-05-27,4.024,4.062,3.93,3.998,29608000,118633325.1,EQNL
2010-05-28,4.03,4.15,3.959,4.073,24827400,100107115.3,EQNL
2010-05-31,4.033,4.204,4.024,4.145,32845700,135286485.2,EQNL
2010-06-01,4.121,4.2,4.06,4.18,39495100,162399078.8,EQNL
2010-06-02,4.101,4.348,4.095,4.28,19103700,81502796.9,EQNL
2010-06-03,4.354,4.52,4.232,4.295,45291800,199781569.7,EQNL
2010-06-04,4.356,4.356,4.08,4.178,59560800,249092009.4,EQNL
2010-06-07,4.054,4.128,3.997,4.043,30868400,125245264.5,EQNL
2010-06-08,4.044,4.048,3.909,3.911,30899700,122372746.2,EQNL
2010-06-09,3.921,3.969,3.862,3.919,27955500,109138930.2,EQNL
2010-06-10,3.902,3.939,3.785,3.817,25360700,97252530.2,EQNL
2010-06-11,3.895,3.895,3.71,3.732,38833300,145977833.8,EQNL
2010-06-15,3.701,3.85,3.701,3.833,26380600,99877661.9,EQNL
2010-06-16,3.89,3.89,3.8,3.808,29739000,114081649.9,EQNL
2010-06-17,3.819,3.843,3.757,3.784,53251400,202548139.0,EQNL
2010-06-18,3.798,3.877,3.762,3.851,77705600,297367087.2,EQNL
2010-06-21,3.924,3.975,3.861,3.934,69952400,274173595.9,EQNL
2010-06-22,3.892,3.922,3.853,3.861,34948200,135819193.1,EQNL
2010-06-23,3.84,3.9,3.772,3.78,42662600,162400199.3,EQNL
2010-06-24,3.8,3.8,3.73,3.746,25305500,94961410.9,EQNL
2010-06-25,3.75,3.78,3.561,3.576,52954500,192588684.3,EQNL
2010-06-28,3.6,3.616,3.501,3.51,43425700,153973369.4,EQNL
2010-06-29,3.48,3.579,3.354,3.37,52915000,182048725.9,EQNL
2010-06-30,3.4,3.4,3.215,3.299,101716000,333339309.0,EQNL
2010-07-01,3.25,3.367,3.148,3.159,59236800,193797042.6,EQNL
2010-07-02,3.25,3.269,3.177,3.2,55395400,177709453.2,EQNL
2010-07-05,3.213,3.251,3.161,3.228,24537000,78539891.4,EQNL
2010-07-06,2.833,3.421,2.833,3.416,87601000,292803573.0,EQNL
2010-07-07,3.303,3.385,3.301,3.361,41756100,139252268.9,EQNL
2010-07-08,3.47,3.47,3.369,3.371,42981500,146010263.5,EQNL
2010-07-09,3.392,3.42,3.336,3.37,8484700,28548674.1,EQNL
2010-07-12,3.38,3.47,3.361,3.445,28681100,97673733.6,EQNL
2010-07-13,3.436,3.57,3.402,3.55,62190300,217721499.1,EQNL
2010-07-14,3.64,3.64,3.47,3.498,71048300,250888468.2,EQNL
2010-07-15,3.5,3.575,3.457,3.471,53312100,187594278.5,EQNL
2010-07-16,3.393,3.52,3.393,3.45,22487500,78086187.4,EQNL
2010-07-19,3.411,3.54,3.411,3.489,48442300,169867853.4,EQNL
2010-07-20,3.5,3.595,3.492,3.585,49208200,174226252.1,EQNL
2010-07-21,3.601,3.73,3.599,3.726,75302000,276614413.8,EQNL
2010-07-22,3.663,3.87,3.663,3.85,43763900,165409196.0,EQNL
2010-07-23,3.856,3.965,3.856,3.948,75332600,295125782.3,EQNL
2010-07-26,3.999,4.04,3.919,3.98,33924600,134552359.1,EQNL
2010-07-27,4.005,4.078,3.88,3.948,54976700,219785554.2,EQNL
2010-07-28,3.984,4.0,3.908,3.949,25517900,100479850.5,EQNL
2010-07-29,3.9,4.178,3.9,4.175,41598000,168980083.1,EQNL
2010-07-30,4.15,4.199,4.105,4.17,40654100,168778406.3,EQNL
2010-08-02,4.2,4.383,4.2,4.342,34687600,149506580.3,EQNL
2010-08-03,4.341,4.438,4.229,4.438,55409400,243447249.3,EQNL
2010-08-04,4.439,4.44,4.321,4.396,35369900,155126607.6,EQNL
2010-08-05,4.42,4.45,4.374,4.449,45231700,198908520.1,EQNL
2010-08-06,4.462,4.564,4.37,4.43,42305000,189186210.5,EQNL
2010-08-09,4.47,4.539,4.418,4.443,24194200,108413859.1,EQNL
2010-08-10,4.435,4.47,4.39,4.437,19195600,85206743.0,EQNL
2010-08-11,4.426,4.426,4.225,4.258,96848400,417414694.3,EQNL
2010-08-12,4.205,4.282,4.178,4.25,27758400,117229904.8,EQNL
2010-08-13,4.288,4.347,4.234,4.3,19416600,83079175.5,EQNL
2010-08-16,4.29,4.375,4.201,4.245,34085700,145107970.0,EQNL
2010-08-17,4.265,4.29,4.178,4.219,23349400,99138590.7,EQNL
2010-08-18,4.2,4.2,4.01,4.038,53942100,219102239.4,EQNL
2010-08-19,4.057,4.129,4.04,4.046,27718500,112876309.1,EQNL
2010-08-20,4.049,4.08,3.98,4.0,27286700,109361805.4,EQNL
2010-08-23,4.015,4.05,3.988,4.039,11916000,47930290.3,EQNL
2010-08-24,4.022,4.044,3.894,3.919,27664600,109411178.6,EQNL
2010-08-25,3.916,3.96,3.821,3.868,13699000,53393393.5,EQNL
2010-08-26,3.88,3.965,3.862,3.92,21866600,85569618.9,EQNL
2010-08-27,3.876,3.949,3.841,3.94,16395000,63770327.2,EQNL
2010-08-30,3.98,4.0,3.926,3.931,14076800,55708960.4,EQNL
2010-08-31,3.914,3.914,3.85,3.882,15382100,59518053.5,EQNL
2010-09-01,3.886,3.995,3.865,3.995,17274400,67847106.6,EQNL
2010-09-02,4.048,4.1,3.957,3.966,45635400,183465905.6,EQNL
2010-09-03,3.99,4.08,3.955,4.055,45124800,181851836.8,EQNL
2010-09-06,4.038,4.149,4.031,4.06,24073900,98327832.7,EQNL
2010-09-07,4.085,4.085,3.977,4.01,15131300,60605341.7,EQNL
2010-09-08,4.007,4.08,3.98,4.051,16525000,66763612.0,EQNL
2010-09-09,4.059,4.13,4.034,4.12,31226200,127693271.5,EQNL
2010-09-10,4.12,4.359,4.08,4.349,73847700,313817761.1,EQNL
2010-09-13,4.42,4.439,4.33,4.39,56795600,248381355.1,EQNL
2010-09-14,4.394,4.444,4.355,4.41,63419000,279535737.0,EQNL
2010-09-15,4.413,4.574,4.391,4.564,62471900,279948901.1,EQNL
2010-09-16,4.595,4.595,4.4,4.419,35623000,159415316.2,EQNL
2010-09-17,4.44,4.474,4.277,4.277,38830100,169198291.6,EQNL
2010-09-20,4.284,4.45,4.284,4.417,16502900,71908102.4,EQNL
2010-09-21,4.469,4.52,4.412,4.506,21860200,97859745.5,EQNL
2010-09-22,4.506,4.588,4.472,4.53,56082100,253881417.5,EQNL
2010-09-23,4.483,4.589,4.41,4.5,32867300,148468247.9,EQNL
2010-09-24,4.492,4.526,4.415,4.466,14943900,66947280.1,EQNL
2010-09-27,4.45,4.53,4.42,4.441,18323600,82097625.3,EQNL
2010-09-28,4.417,4.509,4.341,4.49,28846000,128380800.3,EQNL
2010-09-29,4.495,4.546,4.448,4.518,18844300,84914946.5,EQNL
2010-09-30,4.555,4.712,4.5,4.69,76621400,356416791.7,EQNL
2010-10-01,4.7,4.79,4.652,4.74,32739100,155073199.9,EQNL
2010-10-04,4.869,4.869,4.696,4.75,31886900,151503434.4,EQNL
2010-10-05,4.72,4.78,4.671,4.76,26107700,123280225.5,EQNL
2010-10-06,4.376,4.829,4.376,4.691,24776300,118394009.2,EQNL
2010-10-07,4.729,4.74,4.674,4.704,21367100,100369657.7,EQNL
2010-10-08,4.691,4.768,4.605,4.737,24285900,114243216.5,EQNL
2010-10-11,4.61,4.77,4.61,4.743,12719600,60261336.8,EQNL
2010-10-12,4.711,4.789,4.705,4.766,22843800,108535251.5,EQNL
2010-10-13,4.789,4.82,4.777,4.812,16414200,78768952.2,EQNL
2010-10-14,4.818,4.82,4.76,4.775,19194400,91937840.7,EQNL
2010-10-15,4.775,4.844,4.751,4.821,16762900,80690404.1,EQNL
2010-10-18,4.73,4.928,4.73,4.919,29411900,143694939.3,EQNL
2010-10-19,4.928,4.964,4.84,4.88,21947300,107788492.3,EQNL
2010-10-20,4.87,4.915,4.831,4.911,12046300,58792213.4,EQNL
2010-10-21,4.911,5.025,4.888,5.005,26676400,132807111.4,EQNL
2010-10-22,4.979,5.02,4.932,4.989,27328300,136159046.4,EQNL
2010-10-25,5.003,5.075,4.975,5.055,26106200,131230504.8,EQNL
2010-10-26,5.045,5.128,5.025,5.105,40356800,205955844.3,EQNL
2010-10-27,5.105,5.245,5.099,5.12,42075100,218122195.4,EQNL
2010-10-28,5.13,5.237,5.13,5.237,37307700,193248592.1,EQNL
2010-10-29,5.2,5.56,5.2,5.349,107192200,575579244.2,EQNL
2010-11-01,5.4,5.45,5.2,5.27,23610100,125670345.0,EQNL
2010-11-02,5.106,5.359,5.106,5.26,22969500,121323111.1,EQNL
2010-11-03,5.253,5.279,5.185,5.205,30775100,161203848.9,EQNL
2010-11-08,5.317,5.367,5.195,5.246,34786700,182337605.6,EQNL
2010-11-09,5.246,5.44,5.214,5.424,54412700,289801843.6,EQNL
2010-11-10,5.4,5.59,5.255,5.299,60673800,326707653.0,EQNL
2010-11-11,5.1,5.149,4.95,5.077,164664600,835208117.7,EQNL
2010-11-12,5.0,5.175,4.96,5.15,36195100,184354291.8,EQNL
2010-11-13,5.14,5.15,5.1,5.137,7761200,39722217.7,EQNL
2010-11-15,5.15,5.279,5.126,5.247,37368800,194150607.4,EQNL
2010-11-16,5.24,5.247,5.106,5.119,17466500,90182629.6,EQNL
2010-11-17,5.096,5.175,5.03,5.133,26270100,134698170.7,EQNL
2010-11-18,5.155,5.19,5.114,5.145,30020500,154927076.4,EQNL
2010-11-19,4.848,5.19,4.848,5.148,19365100,99486131.9,EQNL
2010-11-22,5.153,5.197,5.08,5.101,17228300,88504643.9,EQNL
2010-11-23,5.091,5.116,5.025,5.052,23321500,118126272.0,EQNL
2010-11-24,5.084,5.095,4.991,5.08,35054900,176434449.4,EQNL
2010-11-25,5.088,5.348,5.062,5.338,62259000,322948794.2,EQNL
2010-11-26,5.301,5.4,5.231,5.31,46232000,246068007.0,EQNL
2010-11-29,5.321,5.388,5.206,5.23,24587900,129397440.1,EQNL
2010-11-30,5.215,5.39,5.215,5.36,26583600,141277327.8,EQNL
2010-12-01,5.361,5.541,5.35,5.54,52188300,285133491.8,EQNL
2010-12-02,5.55,5.72,5.55,5.626,49339400,277979871.4,EQNL
2010-12-03,5.684,5.69,5.54,5.588,31749600,177476433.0,EQNL
2010-12-06,5.588,5.626,5.456,5.47,27389300,151078976.2,EQNL
2010-12-07,5.503,5.506,5.301,5.411,65233300,351413911.8,EQNL
2010-12-08,5.398,5.49,5.319,5.423,28875500,156954148.3,EQNL
2010-12-09,5.413,5.488,5.413,5.425,19722200,107577097.1,EQNL
2010-12-10,5.573,5.573,5.383,5.448,11332800,61686274.9,EQNL
2010-12-13,5.475,5.504,5.459,5.484,10329900,56648346.6,EQNL
2010-12-14,5.453,5.497,5.405,5.483,14355800,78595159.3,EQNL
2010-12-15,5.482,5.505,5.451,5.49,34298800,188272937.1,EQNL
2010-12-16,5.524,5.559,5.458,5.549,21316100,117439122.3,EQNL
2010-12-17,5.693,5.693,5.54,5.56,23514700,131297209.4,EQNL
2010-12-20,5.56,5.65,5.549,5.559,16416900,91840198.7,EQNL
2010-12-21,5.607,5.628,5.555,5.588,11130400,62027247.4,EQNL
2010-12-22,5.605,5.669,5.561,5.61,23853800,133950081.5,EQNL
2010-12-23,5.581,5.627,5.525,5.602,14627200,81588500.0,EQNL
2010-12-24,5.612,5.612,5.49,5.52,11116800,61574539.0,EQNL
2010-12-27,5.658,5.658,5.396,5.409,9504100,51565168.0,EQNL
2010-12-28,5.409,5.439,5.331,5.348,26747600,143283485.4,EQNL
2010-12-29,5.366,5.43,5.327,5.409,24432200,130974889.6,EQNL
2010-12-30,5.382,5.441,5.347,5.377,12432100,66907594.1,EQNL
2011-01-11,5.431,5.53,5.331,5.52,15699000,85086718.2,EQNL
2011-01-12,5.501,5.689,5.482,5.63,44103200,248092198.8,EQNL
2011-01-13,5.791,5.791,5.46,5.47,24819100,139197421.0,EQNL
2011-01-14,5.493,5.578,5.43,5.52,13779300,75830924.2,EQNL
2011-01-17,5.503,5.558,5.491,5.521,13563200,74911727.1,EQNL
2011-01-18,5.579,5.644,5.49,5.562,38792800,215464767.8,EQNL
2011-01-19,5.509,5.698,5.509,5.58,39262600,220890906.7,EQNL
2011-01-20,5.537,5.59,5.39,5.399,33594500,182442370.6,EQNL
2011-01-21,5.399,5.438,5.338,5.35,23882500,128270310.6,EQNL
2011-01-24,5.39,5.395,5.127,5.18,29583200,154268638.8,EQNL
2011-01-25,5.212,5.212,5.107,5.192,38740400,199754082.0,EQNL
2011-01-26,5.209,5.35,5.171,5.344,58780500,308118957.6,EQNL
2011-01-27,5.35,5.53,5.253,5.49,60390500,326403590.7,EQNL
2011-01-28,5.406,5.6,5.406,5.54,45038000,249305710.6,EQNL
2011-01-31,5.477,5.609,5.38,5.609,34296700,188164785.5,EQNL
2011-02-01,5.6,5.623,5.455,5.474,25422800,140398436.9,EQNL
2011-02-02,5.471,5.557,5.33,5.375,37046100,200577914.6,EQNL
2011-02-03,5.369,5.417,5.303,5.376,19621600,105324401.3,EQNL
2011-02-04,5.389,5.51,5.38,5.47,33132500,180859635.0,EQNL
2011-02-07,5.438,5.55,5.4,5.5,35229500,192675202.5,EQNL
2011-02-08,5.5,5.54,5.469,5.51,49519400,272567608.6,EQNL
2011-02-09,5.575,5.575,5.471,5.51,29809600,163931589.3,EQNL
2011-02-10,5.483,5.518,5.387,5.464,29541600,161741111.7,EQNL
2011-02-11,5.3,5.376,5.141,5.31,73097400,387520031.5,EQNL
2011-02-14,5.318,5.457,5.318,5.321,17457500,93461363.5,EQNL
2011-02-15,5.344,5.36,5.17,5.215,16301400,85655638.9,EQNL
2011-02-16,5.216,5.273,5.14,5.2,23050000,119564059.5,EQNL
2011-02-17,5.2,5.27,5.01,5.069,61424800,312818303.7,EQNL
2011-02-18,5.1,5.11,4.757,4.85,200256300,970849730.0,EQNL
2011-02-21,4.863,4.928,4.787,4.9,65455700,317941614.4,EQNL
2011-02-22,4.895,4.895,4.776,4.85,38989900,189254130.6,EQNL
2011-02-24,4.872,4.88,4.62,4.82,24807200,118213869.7,EQNL
2011-02-25,4.791,4.96,4.784,4.931,32190200,157088937.0,EQNL
2011-02-28,4.975,5.029,4.934,4.975,24436000,122055666.8,EQNL
2011-03-01,4.993,5.028,4.882,4.9,27253000,134880662.0,EQNL
2011-03-02,4.841,4.88,4.78,4.813,50104000,241119736.0,EQNL
2011-03-03,4.828,4.828,4.77,4.799,36388000,174761501.0,EQNL
2011-03-04,4.803,4.813,4.68,4.684,23968000,113192511.0,EQNL
2011-03-05,4.708,4.724,4.68,4.717,4228000,19873551.0,EQNL
2011-03-09,4.719,4.867,4.652,4.699,25700000,121461546.0,EQNL
2011-03-10,4.7,4.706,4.585,4.629,23829000,110987448.0,EQNL
2011-03-11,4.632,4.632,4.47,4.49,38417000,174560786.0,EQNL
2011-03-14,4.479,4.494,4.365,4.374,35945000,158259589.0,EQNL
2011-03-15,4.361,4.361,4.16,4.201,47233000,200305598.0,EQNL
2011-03-16,4.259,4.424,4.252,4.348,51692000,223532281.0,EQBR
2011-03-17,4.347,4.425,4.27,4.356,48209000,209591974.0,EQBR
2011-03-18,4.424,4.485,4.366,4.46,37554000,167075870.0,EQBR
2011-03-21,4.47,4.585,4.467,4.55,38854000,175852392.0,EQBR
2011-03-22,4.446,4.587,4.446,4.533,35763000,162041934.0,EQBR
2011-03-23,4.532,4.635,4.495,4.619,57581000,265258487.0,EQBR
2011-03-24,4.634,4.69,4.572,4.669,35764000,165976221.0,EQBR
2011-03-25,4.671,4.719,4.645,4.692,24879000,116664798.0,EQBR
2011-03-28,4.586,4.729,4.586,4.692,8468000,39735692.0,EQBR
2011-03-29,4.692,4.695,4.153,4.633,22592000,103727967.0,EQBR
2011-03-30,4.65,4.844,4.648,4.844,36275000,172450706.0,EQBR
2011-03-31,4.8,4.888,4.796,4.833,27990000,135835861.0,EQBR
2011-04-01,4.833,4.845,4.8,4.83,24068000,116247433.0,EQBR
2011-04-04,4.832,4.875,4.801,4.854,30616000,148151334.0,EQBR
2011-04-05,4.854,4.899,4.812,4.832,48290000,233368854.0,EQBR
2011-04-06,4.846,4.846,4.801,4.801,16315000,78761068.0,EQBR
2011-04-07,4.795,4.795,4.696,4.706,29583000,140161317.0,EQBR
2011-04-08,4.744,4.748,4.62,4.649,35863000,167141719.0,EQBR
2011-04-11,4.677,4.695,4.577,4.615,18930000,87539474.0,EQBR
2011-04-12,4.542,4.559,4.47,4.48,26171000,117749355.0,EQBR
2011-04-13,4.48,4.549,4.48,4.539,19809000,89488977.0,EQBR
2011-04-14,4.565,4.565,4.432,4.485,18947000,84772714.0,EQBR
2011-04-15,4.493,4.68,4.413,4.53,44307000,199862189.0,EQBR
2011-04-18,4.559,4.561,4.294,4.325,23438000,103968256.0,EQBR
2011-04-19,4.289,4.448,4.28,4.431,19510000,85735385.0,EQBR
2011-04-20,4.45,4.55,4.431,4.47,17485000,78498076.0,EQBR
2011-04-21,4.497,4.54,4.404,4.44,16437000,73587271.0,EQBR
2011-04-22,4.444,4.492,4.418,4.47,6092000,27152159.0,EQBR
2011-04-25,4.47,4.62,4.45,4.499,19289000,87576235.0,EQBR
2011-04-26,4.499,4.513,4.36,4.39,26895000,118945240.0,EQBR
2011-04-27,4.391,4.4,4.24,4.28,34212000,147114053.0,EQBR
2011-04-28,4.33,4.342,4.173,4.211,28549000,120194172.0,EQBR
2011-04-29,4.188,4.188,4.061,4.16,31744000,130899353.0,EQBR
2011-05-03,4.199,4.238,3.964,4.0,37619000,151822674.0,EQBR
2011-05-04,4.1,4.1,3.888,3.945,67806000,270273521.0,EQBR
2011-05-05,3.968,4.114,3.955,4.078,59458000,240309074.0,EQBR
2011-05-06,4.075,4.135,4.019,4.1,38356000,156481835.0,EQBR
2011-05-10,4.1,4.129,4.051,4.07,29900000,122059977.0,EQBR
2011-05-11,4.155,4.155,3.95,4.004,36630000,149031016.0,EQBR
2011-05-12,3.972,3.978,3.899,3.96,30949000,122005908.0,EQBR
2011-05-13,3.97,4.12,3.96,4.11,32693000,131884552.0,EQBR
2011-05-16,4.08,4.083,3.9,3.94,42517000,169790942.0,EQBR
2011-05-17,3.901,3.948,3.817,3.82,72147000,277498553.0,EQBR
2011-05-18,3.828,3.888,3.762,3.783,71640000,273273706.0,EQBR
2011-05-19,3.799,3.823,3.73,3.783,32435000,122295266.0,EQBR
2011-05-20,3.8,3.898,3.72,3.766,47509000,181786646.0,EQBR
2011-05-23,3.71,3.751,3.586,3.617,44154000,161309553.0,EQBR
2011-05-24,3.639,3.702,3.605,3.632,34644000,126175531.0,EQBR
2011-05-25,3.606,3.65,3.557,3.564,56086000,201247619.0,EQBR
2011-05-26,3.544,3.595,3.501,3.502,38246000,135634591.0,EQBR
2011-05-27,3.419,3.593,3.419,3.532,63669000,225373322.0,EQBR
2011-05-30,3.639,3.639,3.481,3.509,32229000,113338246.0,EQBR
2011-05-31,3.611,3.67,3.513,3.633,134524000,484409351.0,EQBR
2011-06-01,3.663,3.727,3.625,3.7,64467000,236845470.0,EQBR
2011-06-02,3.619,3.819,3.619,3.803,73441000,272614692.0,EQBR
2011-06-03,3.814,3.866,3.65,3.77,64112000,240918312.0,EQBR
2011-06-06,3.789,3.789,3.67,3.73,19837000,73585688.0,EQBR
2011-06-07,3.73,3.839,3.703,3.83,66719000,253428217.0,EQBR
2011-06-08,3.83,3.885,3.783,3.833,36182000,138574708.0,EQBR
2011-06-09,3.855,3.883,3.76,3.878,31977000,122534926.0,EQBR
2011-06-10,3.767,3.88,3.767,3.848,27837000,107289615.0,EQBR
2011-06-14,3.953,3.953,3.856,3.94,44181000,172264264.0,EQBR
2011-06-15,3.949,4.065,3.875,3.989,50514000,200734982.0,EQBR
2011-06-16,3.9,3.98,3.89,3.963,23252000,91827175.0,EQBR
2011-06-17,3.957,3.967,3.832,3.909,47392000,184100542.0,EQBR
2011-06-20,3.878,3.891,3.822,3.877,20543000,79237970.0,EQBR
2011-06-21,3.884,3.905,3.841,3.851,11393000,44095187.0,EQBR
2011-06-22,3.851,3.876,3.756,3.786,26779000,101841744.0,EQBR
2011-06-23,3.755,3.768,3.562,3.635,53026000,194164067.0,EQBR
2011-06-24,3.652,3.695,3.587,3.6,45294000,164562414.0,EQBR
2011-06-27,3.585,3.617,3.57,3.589,25937000,93028587.0,EQBR
2011-06-28,3.6,3.706,3.596,3.677,36983000,134864212.0,EQBR
2011-06-29,3.676,3.749,3.675,3.717,26159000,97060168.0,EQBR
2011-06-30,3.738,3.745,3.655,3.66,24936000,91818846.0,EQBR
2011-07-01,3.7,3.84,3.625,3.801,43695000,161119118.0,EQBR
2011-07-04,3.804,3.855,3.78,3.843,24053000,92110080.0,EQBR
2011-07-05,3.823,4.13,3.797,4.078,121175000,483019549.0,EQBR
2011-07-06,4.08,4.12,3.976,4.0,102418000,410881387.0,EQBR
2011-07-07,4.038,4.144,4.02,4.125,55140000,226264575.0,EQBR
2011-07-08,4.15,4.186,4.013,4.04,33471000,136040931.0,EQBR
2011-07-11,4.009,4.037,3.916,3.927,40282000,160244088.0,EQBR
2011-07-12,3.9,3.904,3.784,3.81,102612000,393231696.0,EQBR
2011-07-13,3.857,3.862,3.715,3.792,69798000,263266179.0,EQBR
2011-07-14,3.761,3.83,3.732,3.747,67073000,252562651.0,EQBR
2011-07-15,3.734,3.744,3.686,3.711,45505000,168970377.0,EQBR
2011-07-18,3.713,3.744,3.61,3.623,60591000,223447860.0,EQBR
2011-07-19,3.63,3.77,3.63,3.729,48398000,179189986.0,EQBR
2011-07-20,3.75,3.78,3.674,3.689,74134000,275226575.0,EQBR
2011-07-21,3.7,3.725,3.623,3.715,73170000,268940997.0,EQBR
2011-07-22,3.817,3.817,3.717,3.75,51772000,193800004.0,EQBR
2011-07-25,3.7,3.746,3.685,3.718,32786000,121870932.0,EQBR
2011-07-26,3.71,3.729,3.675,3.688,50883000,188344086.0,EQBR
2011-07-27,3.685,3.688,3.63,3.643,46039000,168473327.0,EQBR
2011-07-28,3.625,3.645,3.58,3.597,78389000,282458902.0,EQBR
2011-07-29,3.582,3.634,3.513,3.521,135854000,483207578.0,EQBR
2011-08-01,3.571,3.616,3.545,3.559,65573000,235061393.0,EQBR
2011-08-02,3.57,3.572,3.5,3.527,50249000,177586464.0,EQBR
2011-08-03,3.48,3.499,3.321,3.336,133472000,458013246.0,EQBR
2011-08-04,3.395,3.395,3.255,3.325,90903000,301329906.0,EQBR
2011-08-05,3.211,3.32,3.15,3.32,94833000,305544605.0,EQBR
2011-08-08,3.191,3.263,3.005,3.015,111289000,349651597.0,EQBR
2011-08-09,2.855,3.1,2.5,2.957,170207000,493137658.0,EQBR
2011-08-10,3.05,3.05,2.616,2.65,161771000,459462612.0,EQBR
2011-08-11,2.702,2.788,2.365,2.55,176899000,451052073.0,EQBR
2011-08-12,2.59,2.68,2.457,2.59,160003000,407867798.0,EQBR
2011-08-15,2.65,2.837,2.62,2.807,156703000,426652768.0,EQBR
2011-08-16,2.799,2.884,2.681,2.84,157771000,440881425.0,EQBR
2011-08-17,2.799,2.99,2.7,2.922,152018000,436188348.0,EQBR
2011-08-18,2.851,2.967,2.61,2.748,144724000,407604134.0,EQBR
2011-08-19,2.651,2.738,2.562,2.704,140731000,372242176.0,EQBR
2011-08-22,2.651,2.78,2.615,2.713,59236000,161449482.0,EQBR
2011-08-23,2.762,2.838,2.73,2.76,120004000,333886211.0,EQBR
2011-08-24,2.785,2.81,2.663,2.724,87701000,239539569.0,EQBR
2011-08-25,2.736,2.77,2.671,2.695,61220000,167093953.0,EQBR
2011-08-26,2.96,2.96,2.566,2.637,78983000,208711293.0,EQBR
2011-08-29,2.69,2.815,2.672,2.79,100816000,277284178.0,EQBR
2011-08-30,2.79,2.857,2.764,2.84,128130000,360127508.0,EQBR
2011-08-31,2.851,2.956,2.851,2.9,146357000,426674894.0,EQBR
2011-09-01,2.901,2.945,2.849,2.94,101693000,294001577.0,EQBR
2011-09-02,2.898,3.016,2.895,2.91,156319000,462746253.0,EQBR
2011-09-05,2.853,2.894,2.82,2.824,90022000,255877544.0,EQBR
2011-09-06,2.798,2.88,2.769,2.865,53122000,150667597.0,EQBR
2011-09-07,2.901,3.07,2.89,3.043,93152000,277332948.0,EQBR
2011-09-08,3.011,3.198,3.011,3.093,184542000,574957880.0,EQBR
2011-09-09,3.089,3.15,2.949,2.951,155757000,469517985.0,EQBR
2011-09-12,2.9,2.9,2.8,2.861,105567000,299360679.0,EQBR
2011-09-13,2.989,2.989,2.75,2.751,204047000,571536399.0,EQBR
2011-09-14,2.752,2.776,2.675,2.73,86981000,237291588.0,EQBR
2011-09-15,2.729,2.83,2.729,2.778,141392000,393910657.0,EQBR
2011-09-16,2.828,2.828,2.707,2.775,93552000,258049032.0,EQBR
2011-09-19,2.748,2.825,2.662,2.67,113986000,312300126.0,EQBR
2011-09-20,2.679,2.74,2.66,2.713,144137000,389444560.0,EQBR
2011-09-21,2.7,2.768,2.665,2.683,111316000,300776844.0,EQBR
2011-09-22,2.599,2.609,2.373,2.378,213619000,534405323.0,EQBR
2011-09-23,2.353,2.369,2.157,2.285,208038000,469597365.0,EQBR
2011-09-26,2.28,2.38,2.134,2.279,176257000,398903516.0,EQBR
2011-09-27,2.329,2.368,2.305,2.328,73305000,171360103.0,EQBR
2011-09-28,2.279,2.348,2.24,2.26,88341000,202012222.0,EQBR
2011-09-29,2.264,2.38,2.233,2.32,65598000,151975263.0,EQBR
2011-09-30,2.311,2.339,2.144,2.212,117211000,259345893.0,EQBR
2011-10-03,2.12,2.24,2.08,2.195,94396000,205201925.0,EQBR
2011-10-04,2.179,2.244,1.96,2.09,154906000,324418385.0,EQBR
2011-10-05,2.155,2.155,1.987,2.036,90874000,187218603.0,EQBR
2011-10-06,2.071,2.185,2.061,2.12,154898000,329957122.0,EQBR
2011-10-07,2.15,2.213,2.11,2.12,168565000,363500581.0,EQBR
2011-10-10,2.15,2.263,2.121,2.263,142256000,311134846.0,EQBR
2011-10-11,2.275,2.3,2.152,2.182,160888000,357311397.0,EQBR
2011-10-12,2.192,2.311,2.15,2.31,340748000,762035598.0,EQBR
2011-10-13,2.295,2.392,2.283,2.335,265238000,619401175.0,EQBR
2011-10-14,2.371,2.53,2.351,2.518,311488000,769361028.0,EQBR
2011-10-17,2.543,2.637,2.411,2.536,334032000,850094572.0,EQBR
2011-10-18,2.51,2.6,2.51,2.587,187769000,481049038.0,EQBR
2011-10-19,2.595,2.66,2.501,2.556,185865000,482820083.0,EQBR
2011-10-20,2.529,2.578,2.455,2.575,112264000,281942433.0,EQBR
2011-10-21,2.6,2.626,2.577,2.599,69816000,181354285.0,EQBR
2011-10-24,2.63,2.7,2.617,2.699,123977000,330042199.0,EQBR
2011-10-25,2.699,2.722,2.561,2.603,125543000,332585834.0,EQBR
2011-10-26,2.574,2.675,2.574,2.606,200587000,528379846.0,EQBR
2011-10-27,2.66,2.74,2.635,2.65,243029000,653932601.0,EQBR
2011-10-28,2.685,2.698,2.617,2.698,128076000,340996618.0,EQBR
2011-10-31,2.671,2.84,2.649,2.84,135506000,373624850.0,EQBR
2011-11-01,2.801,2.917,2.695,2.74,150598000,422306883.0,EQBR
2011-11-02,2.786,2.885,2.727,2.81,149208000,417262772.0,EQBR
2011-11-03,2.78,2.989,2.657,2.989,189830000,533799060.0,EQBR
2011-11-07,2.985,3.109,2.95,3.075,222863000,678335255.0,EQBR
2011-11-08,3.094,3.118,2.993,3.04,124712000,383322292.0,EQBR
2011-11-09,3.094,3.094,2.852,2.87,248075000,731599129.0,EQBR
2011-11-10,2.832,2.942,2.806,2.899,217238000,626563094.0,EQBR
2011-11-11,2.915,2.92,2.83,2.908,80262000,231635113.0,EQBR
2011-11-14,2.913,3.058,2.905,2.973,239965000,712103552.0,EQBR
2011-11-15,2.998,3.078,2.93,3.056,285925000,860264401.0,EQBR
2011-11-16,3.121,3.174,2.935,2.981,219611000,671879325.0,EQBR
2011-11-17,2.968,2.968,2.828,2.892,228163000,657700206.0,EQBR
2011-11-18,2.853,2.919,2.801,2.861,83546000,239687913.0,EQBR
2011-11-21,2.85,2.868,2.705,2.805,157199000,436903022.0,EQBR
2011-11-22,2.777,2.907,2.776,2.89,118671000,338993892.0,EQBR
2011-11-23,2.861,2.901,2.775,2.865,148298000,420630872.0,EQBR
2011-11-24,2.69,2.898,2.69,2.83,53904000,153385352.0,EQBR
2011-11-25,2.83,2.898,2.765,2.858,91968000,260766952.0,EQBR
2011-11-28,2.892,3.07,2.892,3.06,153893000,458693953.0,EQBR
2011-11-29,3.073,3.1,2.984,3.02,147769000,449112270.0,EQBR
2011-11-30,3.001,3.133,2.911,2.969,905778000,2767328307.0,EQBR
2011-12-01,3.06,3.06,2.82,2.87,257419000,749105420.0,EQBR
2011-12-02,2.89,2.89,2.801,2.82,103783000,294265640.0,EQBR
2011-12-05,2.831,2.879,2.811,2.847,69299000,196996279.0,EQBR
2011-12-06,2.83,2.895,2.72,2.76,179268000,505502252.0,EQBR
2011-12-07,2.805,2.807,2.627,2.675,153433000,414749396.0,EQBR
2011-12-08,2.737,2.737,2.641,2.705,81279000,218299379.0,EQBR
2011-12-09,2.637,2.65,2.507,2.527,140842000,361328604.0,EQBR
2011-12-12,2.57,2.6,2.373,2.42,117095000,296458258.0,EQBR
2011-12-13,2.4,2.48,2.363,2.449,78123000,189529627.0,EQBR
2011-12-14,2.422,2.54,2.367,2.412,151734000,374866511.0,EQBR
2011-12-15,2.382,2.49,2.26,2.422,204768000,493443394.0,EQBR
2011-12-16,2.48,2.547,2.415,2.471,128892000,320374407.0,EQBR
2011-12-19,2.435,2.471,2.367,2.407,80408000,194693001.0,EQBR
2011-12-20,2.41,2.45,2.382,2.45,44780000,108402657.0,EQBR
2011-12-21,2.47,2.497,2.407,2.43,68538000,168754696.0,EQBR
2011-12-22,2.426,2.447,2.306,2.326,101138000,239171097.0,EQBR
2011-12-23,2.35,2.38,2.269,2.324,119221000,278823549.0,EQBR
2011-12-26,2.347,2.362,2.307,2.323,26507000,61865869.0,EQBR
2011-12-27,2.319,2.337,2.313,2.332,33568000,78084121.0,EQBR
2011-12-28,2.332,2.34,2.3,2.308,42744000,99067828.0,EQBR
2011-12-29,2.559,2.559,2.224,2.288,52423000,118649894.0,EQBR
2011-12-30,2.291,2.33,2.255,2.3,81099000,185693333.0,EQBR
2012-01-03,2.332,2.4,2.306,2.385,79475000,187172865.0,EQBR
2012-01-04,2.388,2.601,2.344,2.465,142641000,349130813.0,EQBR
2012-01-05,2.47,2.573,2.456,2.55,114175000,286723724.0,EQBR
2012-01-06,2.558,2.575,2.524,2.562,46838000,119431072.0,EQBR
2012-01-09,2.553,2.59,2.538,2.583,28399000,72903490.0,EQBR
2012-01-10,2.598,2.639,2.575,2.581,134787000,350975417.0,EQBR
2012-01-11,2.561,2.561,2.45,2.477,104742000,263483067.0,EQBR
2012-01-12,2.488,2.535,2.444,2.458,94255000,235242997.0,EQBR
2012-01-13,2.46,2.48,2.361,2.372,60655000,147424556.0,EQBR
2012-01-16,2.36,2.44,2.323,2.422,91056000,217416642.0,EQBR
2012-01-17,2.45,2.514,2.45,2.503,90117000,224410395.0,EQBR
2012-01-18,2.499,2.55,2.465,2.535,122655000,307048322.0,EQBR
2012-01-19,2.571,2.571,2.502,2.523,86083000,217833697.0,EQBR
2012-01-20,2.535,2.535,2.471,2.525,76039000,189858728.0,EQBR
2012-01-23,2.519,2.537,2.473,2.526,68355000,171327310.0,EQBR
2012-01-24,2.448,2.516,2.448,2.474,41053000,102324223.0,EQBR
2012-01-25,2.49,2.512,2.455,2.49,78285000,194861702.0,EQBR
2012-01-26,2.545,2.667,2.515,2.65,266411000,690110786.0,EQBR
2012-01-27,2.624,2.697,2.622,2.671,189797000,505605125.0,EQBR
2012-01-30,2.629,2.685,2.59,2.615,92028000,242435893.0,EQBR
2012-01-31,2.617,2.822,2.617,2.77,267530000,732998319.0,EQBR
2012-02-01,2.76,2.96,2.737,2.92,359217000,1032850641.0,EQBR
2012-02-02,2.886,2.98,2.839,2.863,197118000,569411944.0,EQBR
2012-02-03,2.863,3.048,2.849,3.047,245025000,729655521.0,EQBR
2012-02-06,3.047,3.09,2.993,3.049,186343000,567294586.0,EQBR
2012-02-07,3.02,3.11,2.955,2.955,136647000,414779883.0,EQBR
2012-02-08,2.999,3.055,2.934,2.95,165408000,495134879.0,EQBR
2012-02-09,2.948,3.005,2.875,2.93,116337000,341749203.0,EQBR
2012-02-10,2.901,2.918,2.794,2.808,117354000,333412869.0,EQBR
2012-02-13,2.868,3.03,2.83,2.989,206894000,608914211.0,EQBR
2012-02-14,2.998,3.01,2.921,2.933,121764000,362263736.0,EQBR
2012-02-15,2.96,3.01,2.937,2.96,98978000,294579966.0,EQBR
2012-02-16,2.919,2.955,2.865,2.91,132664000,386245203.0,EQBR
2012-02-17,2.95,2.966,2.855,2.884,124341000,361054889.0,EQBR
2012-02-20,2.911,2.927,2.878,2.9,69689000,201910716.0,EQBR
2012-02-21,2.92,2.92,2.815,2.841,71827000,204602616.0,EQBR
2012-02-22,2.863,2.896,2.78,2.79,110626000,313545652.0,EQBR
2012-02-24,2.825,2.93,2.82,2.904,177642000,513692852.0,EQBR
2012-02-27,2.91,2.994,2.9,2.939,124103000,366766942.0,EQBR
2012-02-28,2.969,2.978,2.894,2.944,147764000,434021630.0,EQBR
2012-02-29,2.94,2.974,2.93,2.97,74178000,219250154.0,EQBR
2012-03-01,2.9,3.027,2.896,2.995,153739000,457396379.0,EQBR
2012-03-02,3.01,3.05,2.957,3.045,135534000,409205479.0,EQBR
2012-03-05,3.06,3.246,3.036,3.2,325138000,1027571717.0,EQBR
2012-03-06,3.186,3.218,3.09,3.149,383228000,1208925667.0,EQBR
2012-03-07,3.15,3.329,3.06,3.32,311400000,1006881626.0,EQBR
2012-03-11,3.36,3.389,3.338,3.347,101388000,340185497.0,EQBR
2012-03-12,3.348,3.484,3.288,3.463,273258000,932196695.0,EQBR
2012-03-13,3.493,3.58,3.456,3.52,206165000,729200266.0,EQBR
2012-03-14,3.561,3.579,3.414,3.511,319392000,1118468827.0,EQBR
2012-03-15,3.461,3.617,3.461,3.61,214056000,760866893.0,EQBR
2012-03-16,3.81,3.81,3.565,3.659,145830000,526339965.0,EQBR
2012-03-19,3.66,3.709,3.475,3.58,174246000,626645238.0,EQBR
2012-03-20,3.59,3.598,3.3,3.326,255944000,873247591.0,EQBR
2012-03-21,3.35,3.395,3.204,3.273,245460000,811025010.0,EQBR
2012-03-22,3.27,3.308,3.211,3.247,150885000,490053935.0,EQBR
2012-03-23,3.25,3.29,3.219,3.265,108089000,350860137.0,EQBR
2012-03-26,3.275,3.474,3.275,3.473,202710000,687507542.0,EQBR
2012-03-27,3.495,3.618,3.411,3.45,229417000,807197246.0,EQBR
2012-03-28,3.414,3.51,3.251,3.253,225296000,761157915.0,EQBR
2012-03-29,3.24,3.322,3.11,3.171,270090000,874465028.0,EQBR
2012-03-30,3.227,3.36,3.22,3.31,250070000,822205082.0,EQBR
2012-04-02,3.34,3.385,3.235,3.339,191207000,633600113.0,EQBR
2012-04-03,3.375,3.38,3.325,3.333,113106000,379262515.0,EQBR
2012-04-04,3.304,3.317,3.18,3.208,151370000,489760892.0,EQBR
2012-04-05,3.205,3.245,3.072,3.167,195577000,616331267.0,EQBR
2012-04-06,3.178,3.188,3.05,3.073,91741000,285197854.0,EQBR
2012-04-09,3.051,3.085,3.003,3.08,117625000,357658511.0,EQBR
2012-04-10,3.08,3.191,3.043,3.063,175992000,548825782.0,EQBR
2012-04-11,3.045,3.144,3.025,3.087,183899000,567528632.0,EQBR
2012-04-12,3.115,3.127,3.01,3.046,118583000,361752969.0,EQBR
2012-04-13,3.07,3.096,3.02,3.031,65328000,199448709.0,EQBR
2012-04-16,3.022,3.022,2.873,2.893,151046000,445620897.0,EQBR
2012-04-17,2.892,2.918,2.819,2.87,118088000,337429236.0,EQBR
2012-04-18,2.906,2.949,2.843,2.868,114010000,330162284.0,EQBR
2012-04-19,2.88,2.956,2.859,2.934,134283000,391731639.0,EQBR
2012-04-20,2.911,2.953,2.895,2.917,105994000,309673119.0,EQBR
2012-04-23,2.913,2.913,2.855,2.872,62288000,179260500.0,EQBR
2012-04-24,2.888,2.914,2.832,2.857,48517000,139789410.0,EQBR
2012-04-25,2.88,2.894,2.836,2.85,43356000,124257657.0,EQBR
2012-04-26,2.864,2.868,2.62,2.69,257487000,693359001.0,EQBR
2012-04-27,2.669,2.701,2.568,2.666,179793000,473776896.0,EQBR
2012-04-28,2.698,2.699,2.666,2.694,18707000,50160229.0,EQBR
2012-05-02,2.711,2.75,2.607,2.619,158304000,424060038.0,EQBR
2012-05-03,2.62,2.64,2.563,2.625,108729000,282576175.0,EQBR
2012-05-04,2.608,2.615,2.417,2.417,201108000,499762713.0,EQBR
2012-05-05,2.413,2.42,2.373,2.402,41950000,100441010.0,EQBR
2012-05-07,2.331,2.495,2.323,2.45,81634000,197012821.0,EQBR
2012-05-08,2.463,2.489,2.398,2.434,59040000,144031516.0,EQBR
2012-05-10,2.432,2.477,2.381,2.418,147827000,359294263.0,EQBR
2012-05-11,2.372,2.377,2.121,2.176,414069000,921084556.0,EQBR
2012-05-12,2.14,2.197,2.018,2.132,175227000,366775537.0,EQBR
2012-05-14,2.126,2.139,1.986,2.008,161686000,330231021.0,EQBR
2012-05-15,2.001,2.079,1.92,2.025,194116000,391592262.0,EQBR
2012-05-16,1.992,2.148,1.96,2.114,235792000,489371196.0,EQBR
2012-05-17,2.112,2.149,1.98,2.03,134900000,277069599.0,EQBR
2012-05-18,1.979,2.025,1.911,1.953,104686000,206846888.0,EQBR
2012-05-21,1.96,2.019,1.873,1.988,146891000,286650179.0,EQBR
2012-05-22,2.019,2.09,1.965,2.043,166679000,335348850.0,EQBR
2012-05-23,2.001,2.015,1.842,1.852,122020000,233989333.0,EQBR
2012-05-24,1.88,1.882,1.69,1.74,199558000,350755197.0,EQBR
2012-05-25,1.75,1.785,1.7,1.71,101664000,177156158.0,EQBR
2012-05-28,1.766,1.83,1.72,1.78,143588000,255238448.0,EQBR
2012-05-29,1.855,1.855,1.651,1.707,344871000,584854498.0,EQBR
2012-05-30,1.691,1.691,1.605,1.617,161566000,265468453.0,EQBR
2012-05-31,1.598,1.643,1.473,1.5,245680000,382882692.0,EQBR
2012-06-01,1.497,1.507,1.408,1.428,211194000,305196714.0,EQBR
2012-06-04,1.4,1.465,1.341,1.432,231336000,326066759.0,EQBR
2012-06-05,1.445,1.519,1.444,1.486,175021000,259624044.0,EQBR
2012-06-06,1.501,1.647,1.482,1.62,308590000,485764148.0,EQBR
2012-06-07,1.65,1.767,1.583,1.766,347598000,586868917.0,EQBR
2012-06-08,1.731,1.763,1.679,1.75,201719000,346415411.0,EQBR
2012-06-09,1.776,1.817,1.755,1.786,89441000,160586629.0,EQBR
2012-06-13,1.786,1.87,1.736,1.785,246134000,446556206.0,EQBR
2012-06-14,1.781,1.809,1.727,1.77,114914000,202033960.0,EQBR
2012-06-15,1.808,1.808,1.73,1.762,178349000,315432448.0,EQBR
2012-06-18,1.8,1.805,1.733,1.755,172434000,304080986.0,EQBR
2012-06-19,1.745,1.764,1.682,1.7,133982000,230929639.0,EQBR
2012-06-20,1.695,1.707,1.627,1.654,133645000,221858376.0,EQBR
2012-06-21,1.61,1.701,1.575,1.644,286619000,464962995.0,EQBR
2012-06-22,1.601,1.646,1.595,1.608,107606000,173325330.0,EQBR
2012-06-25,1.608,1.63,1.558,1.578,104065000,165682365.0,EQBR
2012-06-26,1.574,1.609,1.571,1.587,76833000,122487323.0,EQBR
2012-06-27,1.596,1.775,1.591,1.749,304835000,521052725.0,EQBR
2012-06-28,1.77,1.789,1.692,1.695,215667000,373259938.0,EQBR
2012-06-29,1.747,1.783,1.729,1.762,175105000,307172237.0,EQBR
2012-07-02,1.761,1.81,1.741,1.754,189428000,335400835.0,EQBR
2012-07-03,1.77,1.846,1.755,1.823,269874000,485706359.0,EQBR
2012-07-04,1.829,1.882,1.804,1.86,295999000,546333560.0,EQBR
2012-07-05,1.841,1.855,1.765,1.785,240233000,437476383.0,EQBR
2012-07-06,1.77,1.798,1.717,1.74,201708000,351284407.0,EQBR
2012-07-09,1.74,1.768,1.706,1.716,98917000,171757613.0,EQBR
2012-07-10,1.71,1.794,1.709,1.782,212055000,373312355.0,EQBR
2012-07-11,1.758,1.835,1.736,1.759,232768000,416234871.0,EQBR
2012-07-12,1.746,1.78,1.655,1.665,272750000,459354472.0,EQBR
2012-07-13,1.721,1.721,1.635,1.674,133419000,222577474.0,EQBR
2012-07-16,1.687,1.704,1.661,1.67,115617000,194540794.0,EQBR
2012-07-17,1.687,1.788,1.67,1.771,358568000,622655737.0,EQBR
2012-07-18,1.78,1.841,1.771,1.81,414281000,750657095.0,EQBR
2012-07-19,1.83,1.873,1.812,1.828,242527000,447618605.0,EQBR
2012-07-20,1.83,1.83,1.75,1.765,175052000,311330176.0,EQBR
2012-07-23,1.74,1.74,1.651,1.665,219065000,369360467.0,EQBR
2012-07-24,1.672,1.694,1.625,1.667,184590000,306125252.0,EQBR
2012-07-25,1.64,1.716,1.612,1.69,254023000,426087295.0,EQBR
2012-07-26,1.693,1.73,1.647,1.698,206476000,349023389.0,EQBR
2012-07-27,1.708,1.721,1.682,1.704,108732000,185000547.0,EQBR
2012-07-30,1.72,1.73,1.703,1.715,113919000,195470479.0,EQBR
2012-07-31,1.719,1.782,1.683,1.779,233309000,403269881.0,EQBR
2012-08-01,1.763,1.81,1.731,1.796,184533000,329708682.0,EQBR
2012-08-02,1.796,1.833,1.7,1.728,242484000,428197937.0,EQBR
2012-08-03,1.727,1.749,1.707,1.741,100502000,173926263.0,EQBR
2012-08-06,1.75,1.798,1.75,1.77,122416000,217296474.0,EQBR
2012-08-07,1.77,1.8,1.755,1.787,118979000,212067308.0,EQBR
2012-08-08,1.784,1.913,1.78,1.896,276547000,509994710.0,EQBR
2012-08-09,1.91,1.995,1.91,1.954,322319000,630620761.0,EQBR
2012-08-10,1.95,1.963,1.872,1.888,181786000,346104765.0,EQBR
2012-08-13,1.89,1.945,1.882,1.906,188009000,359472086.0,EQBR
2012-08-14,1.91,1.934,1.888,1.891,149161000,284909769.0,EQBR
2012-08-15,1.888,1.888,1.842,1.875,133945000,250294300.0,EQBR
2012-08-16,1.899,1.91,1.865,1.879,73328000,138146454.0,EQBR
2012-08-17,1.898,1.9,1.862,1.87,89656000,168392590.0,EQBR
2012-08-20,1.864,1.929,1.85,1.87,151078000,284127436.0,EQBR
2012-08-21,1.885,1.925,1.885,1.916,134449000,256196557.0,EQBR
2012-08-22,1.895,1.92,1.876,1.897,80666000,153100184.0,EQBR
2012-08-23,1.915,1.963,1.896,1.91,195975000,378249354.0,EQBR
2012-08-24,1.9,1.937,1.891,1.919,114986000,220381292.0,EQBR
2012-08-27,1.931,1.939,1.88,1.885,77548000,148001566.0,EQBR
2012-08-28,1.88,1.885,1.792,1.803,239235000,439856427.0,EQBR
2012-08-29,1.805,1.811,1.7,1.703,262294000,455250150.0,EQBR
2012-08-30,1.692,1.721,1.667,1.684,172332000,291586838.0,EQBR
2012-08-31,1.716,1.735,1.686,1.728,165789000,284146971.0,EQBR
2012-09-03,1.741,1.76,1.73,1.754,77897000,136361515.0,EQBR
2012-09-04,1.758,1.774,1.745,1.76,98485000,173682324.0,EQBR
2012-09-05,1.755,1.775,1.705,1.709,139745000,241855481.0,EQBR
2012-09-06,1.706,1.775,1.706,1.774,172571000,300387267.0,EQBR
2012-09-07,1.772,1.957,1.772,1.92,411735000,774388318.0,EQBR
2012-09-10,1.93,2.194,1.904,2.165,591638000,1207809620.0,EQBR
2012-09-11,2.141,2.316,2.101,2.184,692300000,1526559121.0,EQBR
2012-09-12,2.218,2.268,2.091,2.099,350316000,768633286.0,EQBR
2012-09-13,2.1,2.145,2.04,2.082,224486000,468669850.0,EQBR
2012-09-14,2.192,2.5,2.187,2.271,490428000,1122908379.0,EQBR
2012-09-17,2.27,2.44,2.232,2.387,472573000,1112117471.0,EQBR
2012-09-18,2.366,2.5,2.35,2.39,616133000,1503122613.0,EQBR
2012-09-19,2.474,2.474,2.21,2.38,606828000,1420254194.0,EQBR
2012-09-20,2.345,2.37,2.269,2.305,246543000,570915959.0,EQBR
2012-09-21,2.34,2.414,2.282,2.302,276195000,648033614.0,EQBR
2012-09-24,2.281,2.308,2.263,2.296,123392000,281675396.0,EQBR
2012-09-25,2.31,2.441,2.3,2.436,538877000,1280025110.0,EQBR
2012-09-26,2.401,2.447,2.31,2.334,384138000,911699075.0,EQBR
2012-09-27,2.37,2.406,2.322,2.378,265276000,629875756.0,EQBR
2012-09-28,2.411,2.448,2.332,2.359,333740000,798326660.0,EQBR
2012-10-01,2.345,2.472,2.334,2.449,310892000,751822469.0,EQBR
2012-10-02,2.419,2.486,2.414,2.433,261776000,643878469.0,EQBR
2012-10-03,2.419,2.466,2.334,2.348,460663000,1102188149.0,EQBR
2012-10-04,2.36,2.38,2.215,2.268,537896000,1217298977.0,EQBR
2012-10-05,2.292,2.295,2.231,2.232,301004000,677620044.0,EQBR
2012-10-08,2.21,2.225,2.145,2.177,234715000,509325718.0,EQBR
2012-10-09,2.192,2.215,2.111,2.119,199683000,430237547.0,EQBR
2012-10-10,2.099,2.13,2.062,2.085,221087000,462387909.0,EQBR
2012-10-11,2.065,2.184,2.052,2.171,401725000,860133182.0,EQBR
2012-10-12,2.176,2.214,2.131,2.152,401964000,873897953.0,EQBR
2012-10-15,2.166,2.189,2.038,2.062,477299000,1002902153.0,EQBR
2012-10-16,2.09,2.092,1.962,1.986,370161000,744767036.0,EQBR
2012-10-17,1.986,1.995,1.918,1.967,300938000,589142643.0,EQBR
2012-10-18,1.959,2.02,1.959,1.977,262330000,523763650.0,EQBR
2012-10-19,1.952,1.986,1.922,1.947,108927000,212731867.0,EQBR
2012-10-22,1.931,1.955,1.892,1.901,207965000,398307232.0,EQBR
2012-10-23,1.9,1.917,1.808,1.819,294698000,544628095.0,EQBR
2012-10-24,1.83,1.868,1.766,1.82,364780000,660514491.0,EQBR
2012-10-25,1.832,1.872,1.807,1.826,334958000,617920932.0,EQBR
2012-10-26,1.807,1.848,1.782,1.794,271046000,491143751.0,EQBR
2012-10-29,1.79,1.817,1.768,1.783,132538000,237042339.0,EQBR
2012-10-30,1.782,1.845,1.753,1.834,282819000,514722155.0,EQBR
2012-10-31,1.837,1.89,1.837,1.855,270467000,505063716.0,EQBR
2012-11-01,1.857,1.886,1.808,1.853,274469000,507093180.0,EQBR
2012-11-02,1.86,1.968,1.842,1.957,379696000,718907042.0,EQBR
2012-11-06,1.96,2.089,1.96,2.016,492677000,997971350.0,EQBR
2012-11-07,2.016,2.047,1.917,1.921,341218000,676928816.0,EQBR
2012-11-08,1.899,1.918,1.831,1.85,281809000,528764916.0,EQBR
2012-11-09,1.833,1.872,1.813,1.869,229403000,422106640.0,EQBR
2012-11-12,1.88,1.939,1.851,1.934,229356000,435853580.0,EQBR
2012-11-13,1.915,1.926,1.827,1.837,284036000,533287429.0,EQBR
2012-11-14,1.85,1.872,1.792,1.826,299745000,550442210.0,EQBR
2012-11-15,1.807,1.895,1.786,1.887,225770000,414119406.0,EQBR
2012-11-16,1.87,1.914,1.851,1.884,230733000,433910210.0,EQBR
2012-11-19,1.907,1.93,1.891,1.896,171345000,327967561.0,EQBR
2012-11-20,1.91,1.915,1.862,1.874,156369000,294686128.0,EQBR
2012-11-21,1.857,1.899,1.846,1.895,159488000,298983005.0,EQBR
2012-11-22,1.901,1.924,1.886,1.9,143014000,272454142.0,EQBR
2012-11-23,1.926,2.023,1.919,2.018,554695000,1102937170.0,EQBR
2012-11-26,2.031,2.058,1.971,1.985,316931000,638159682.0,EQBR
2012-11-27,2.057,2.057,1.931,1.972,221798000,438514915.0,EQBR
2012-11-28,1.95,1.977,1.934,1.962,163105000,318969723.0,EQBR
2012-11-29,1.997,2.017,1.97,1.988,194843000,387564016.0,EQBR
2012-11-30,1.988,2.039,1.975,2.007,334414000,670097162.0,EQBR
2012-12-03,2.018,2.024,1.995,2.013,107536000,216172664.0,EQBR
2012-12-04,2.0,2.008,1.981,1.999,108530000,216508979.0,EQBR
2012-12-05,2.014,2.046,2.003,2.025,205096000,415990747.0,EQBR
2012-12-06,2.03,2.036,1.999,2.006,144114000,290931694.0,EQBR
2012-12-07,2.015,2.016,1.956,1.977,170482000,336688024.0,EQBR
2012-12-10,1.99,1.999,1.963,1.983,103717000,205942162.0,EQBR
2012-12-11,1.983,2.019,1.977,2.002,127016000,254505120.0,EQBR
2012-12-12,2.005,2.037,2.005,2.033,104244000,211287578.0,EQBR
2012-12-13,2.03,2.035,1.986,2.006,108233000,217323879.0,EQBR
2012-12-14,2.0,2.018,1.972,1.981,117548000,233847548.0,EQBR
2012-12-17,1.989,1.999,1.962,1.998,106093000,209722520.0,EQBR
2012-12-18,2.015,2.032,1.985,2.008,106168000,213380722.0,EQBR
2012-12-19,2.02,2.021,1.987,2.006,89084000,178226886.0,EQBR
2012-12-20,1.992,2.004,1.985,2.002,61682000,123044294.0,EQBR
2012-12-21,1.969,2.004,1.969,2.003,77462000,154443065.0,EQBR
2012-12-24,1.988,2.01,1.966,1.969,35632000,70759049.0,EQBR
2012-12-25,1.971,1.977,1.942,1.968,73388000,143856152.0,EQBR
2012-12-26,1.969,1.974,1.953,1.966,43347000,85136041.0,EQBR
2012-12-27,1.967,1.98,1.949,1.96,54713000,107107188.0,EQBR
2012-12-28,1.96,1.986,1.944,1.957,71772000,140961767.0,EQBR
2013-01-08,2.02,2.078,1.996,2.07,168268000,342070751.0,EQBR
2013-01-09,2.069,2.095,2.053,2.072,104811000,217750673.0,EQBR
2013-01-10,2.08,2.085,2.04,2.05,80648000,166431832.0,EQBR
2013-01-11,2.058,2.071,2.003,2.02,118677000,240965780.0,EQBR
2013-01-14,2.025,2.128,2.025,2.121,278402000,581463658.0,EQBR
2013-01-15,2.12,2.165,2.09,2.094,280693000,597524260.0,EQBR
2013-01-16,2.089,2.15,2.084,2.138,225982000,479292862.0,EQBR
2013-01-17,2.126,2.168,2.114,2.14,206284000,442189111.0,EQBR
2013-01-18,2.152,2.165,2.128,2.132,148770000,319228885.0,EQBR
2013-01-21,2.126,2.144,2.104,2.12,73205000,155173931.0,EQBR
2013-01-22,2.13,2.134,2.062,2.082,135549000,282954501.0,EQBR
2013-01-23,2.102,2.187,2.083,2.15,308032000,658429599.0,EQBR
2013-01-24,2.141,2.168,2.123,2.142,159430000,341447426.0,EQBR
2013-01-25,2.142,2.162,2.127,2.139,133948000,287404419.0,EQBR
2013-01-28,2.129,2.16,2.124,2.149,123585000,265024452.0,EQBR
2013-01-29,2.064,2.215,2.064,2.189,294815000,643305516.0,EQBR
2013-01-30,2.2,2.213,2.111,2.143,217063000,470416626.0,EQBR
2013-01-31,2.141,2.21,2.115,2.195,212446000,457095210.0,EQBR
2013-02-01,2.2,2.222,2.176,2.191,126247000,277828740.0,EQBR
2013-02-04,2.2,2.215,2.161,2.189,97946000,214212222.0,EQBR
2013-02-05,2.051,2.182,2.051,2.17,100379000,217176149.0,EQBR
2013-02-06,2.183,2.199,2.126,2.13,146362000,317656341.0,EQBR
2013-02-07,2.13,2.164,2.122,2.127,88764000,190091980.0,EQBR
2013-02-08,2.13,2.155,2.093,2.102,239190000,507952947.0,EQBR
2013-02-11,2.11,2.123,2.042,2.05,132706000,274819326.0,EQBR
2013-02-12,2.055,2.055,2.01,2.026,85613000,173971071.0,EQBR
2013-02-13,2.042,2.11,2.029,2.1,153961000,317902753.0,EQBR
2013-02-14,2.1,2.138,2.013,2.031,273128000,565951637.0,EQBR
2013-02-15,2.031,2.037,1.96,1.972,194533000,385683766.0,EQBR
2013-02-18,1.974,2.006,1.954,1.965,115752000,228849976.0,EQBR
2013-02-19,1.95,2.0,1.95,1.98,152585000,301781648.0,EQBR
2013-02-20,1.982,1.993,1.932,1.942,131109000,256755115.0,EQBR
2013-02-21,1.901,1.917,1.855,1.86,184829000,348551988.0,EQBR
2013-02-22,1.865,1.952,1.865,1.94,431315000,828885732.0,EQBR
2013-02-25,1.94,1.969,1.91,1.968,179468000,348300192.0,EQBR
2013-02-26,1.941,1.941,1.916,1.934,122283000,235957435.0,EQBR
2013-02-27,1.938,1.95,1.911,1.918,72913000,140527398.0,EQBR
2013-02-28,1.949,1.949,1.899,1.919,78487000,150582307.0,EQBR
2013-03-01,1.91,1.913,1.877,1.903,79651000,150903382.0,EQBR
2013-03-04,1.912,1.912,1.858,1.872,72212000,135496422.0,EQBR
2013-03-05,1.898,1.93,1.882,1.924,102864000,196147057.0,EQBR
2013-03-06,1.93,1.949,1.918,1.92,92412000,178611915.0,EQBR
2013-03-07,1.908,1.927,1.897,1.912,66703000,127335566.0,EQBR
2013-03-11,1.922,1.931,1.895,1.897,107315000,205300842.0,EQBR
2013-03-12,1.926,1.926,1.88,1.912,95025000,180242048.0,EQBR
2013-03-13,1.909,1.941,1.895,1.915,113672000,218533223.0,EQBR
2013-03-14,1.912,1.923,1.864,1.876,108793000,205965515.0,EQBR
2013-03-15,1.888,1.899,1.84,1.852,148807000,278836774.0,EQBR
2013-03-18,1.829,1.829,1.762,1.774,166394000,296010421.0,EQBR
2013-03-19,1.788,1.788,1.734,1.759,143072000,251035864.0,EQBR
2013-03-20,1.735,1.783,1.735,1.76,74768000,132026361.0,EQBR
2013-03-21,1.769,1.778,1.736,1.743,98748000,173116013.0,EQBR
2013-03-22,1.733,1.737,1.661,1.661,146481000,248687310.0,EQBR
2013-03-25,1.673,1.71,1.638,1.65,165736000,277343547.0,EQBR
2013-03-26,1.65,1.656,1.562,1.578,144667000,231031569.0,EQBR
2013-03-27,1.593,1.643,1.571,1.635,173003000,277300273.0,EQBR
2013-03-28,1.631,1.709,1.621,1.7,200475000,335204889.0,EQBR
2013-03-29,1.712,1.741,1.709,1.738,98112000,169313756.0,EQBR
2013-04-01,1.738,1.739,1.677,1.682,111833000,190536072.0,EQBR
2013-04-02,1.682,1.713,1.652,1.662,194131000,326943766.0,EQBR
2013-04-03,1.662,1.664,1.575,1.594,205932000,330266540.0,EQBR
2013-04-04,1.58,1.621,1.535,1.563,232811000,369594841.0,EQBR
2013-04-05,1.563,1.585,1.507,1.517,138805000,214123011.0,EQBR
2013-04-08,1.551,1.62,1.454,1.497,452124000,701680971.0,EQBR
2013-04-09,1.51,1.52,1.425,1.437,225572000,326370031.0,EQBR
2013-04-10,1.436,1.512,1.394,1.463,347560000,508903047.0,EQBR
2013-04-11,1.472,1.5,1.378,1.413,272782000,388063400.0,EQBR
2013-04-12,1.404,1.411,1.307,1.313,269828000,366846175.0,EQBR
2013-04-15,1.281,1.29,1.142,1.227,532432000,650043514.0,EQBR
2013-04-16,1.216,1.288,1.176,1.248,326103000,408367820.0,EQBR
2013-04-17,1.26,1.273,1.155,1.16,243947000,292077856.0,EQBR
2013-04-18,1.151,1.189,1.123,1.131,252589000,291312398.0,EQBR
2013-04-19,1.14,1.159,1.05,1.072,307145000,335020544.0,EQBR
2013-04-22,1.083,1.109,1.009,1.048,475498000,498923245.0,EQBR
2013-04-23,1.042,1.081,0.997,1.06,294610000,309092798.0,EQBR
2013-04-24,1.07,1.177,1.066,1.173,512785000,578566718.0,EQBR
2013-04-25,1.181,1.237,1.167,1.184,545992000,654491269.0,EQBR
2013-04-26,1.181,1.181,1.115,1.146,392477000,448887781.0,EQBR
2013-04-29,1.141,1.163,1.12,1.146,221462000,252747415.0,EQBR
2013-04-30,1.156,1.347,1.133,1.347,672416000,830925996.0,EQBR
2013-05-02,1.303,1.47,1.291,1.415,638954000,896106504.0,EQBR
2013-05-03,1.428,1.494,1.366,1.433,567191000,806537360.0,EQBR
2013-05-06,1.42,1.455,1.393,1.403,250136000,354993050.0,EQBR
2013-05-07,1.403,1.416,1.353,1.365,267341000,368491991.0,EQBR
2013-05-08,1.365,1.372,1.319,1.325,165113000,221462834.0,EQBR
2013-05-10,1.325,1.368,1.277,1.299,218304000,290221489.0,EQBR
2013-05-13,1.286,1.333,1.25,1.3,324810000,422302576.0,EQBR
2013-05-14,1.306,1.4,1.302,1.398,479212000,655548779.0,EQBR
2013-05-15,1.409,1.458,1.351,1.354,552171000,777158586.0,EQBR
2013-05-16,1.34,1.364,1.204,1.232,1133832000,1427459741.0,EQBR
2013-05-17,1.232,1.325,1.213,1.319,818097000,1046306334.0,EQBR
2013-05-20,1.332,1.375,1.291,1.325,492343000,658594257.0,EQBR
2013-05-21,1.311,1.368,1.293,1.356,396137000,526966682.0,EQBR
2013-05-22,1.359,1.435,1.353,1.413,636017000,886352556.0,EQBR
2013-05-23,1.37,1.395,1.331,1.354,568348000,773471703.0,EQBR
2013-05-24,1.363,1.393,1.317,1.349,381407000,516366991.0,EQBR
2013-05-27,1.366,1.373,1.337,1.338,131573000,177723746.0,EQBR
2013-05-28,1.342,1.384,1.342,1.373,295794000,403783946.0,EQBR
2013-05-29,1.369,1.37,1.286,1.3,469829000,621321112.0,EQBR
2013-05-30,1.299,1.313,1.249,1.26,511636000,652234147.0,EQBR
2013-05-31,1.264,1.288,1.111,1.137,950000000,1142130721.0,EQBR
2013-06-03,1.113,1.19,1.113,1.134,653666000,752734218.0,EQBR
2013-06-04,1.15,1.172,1.125,1.135,469620000,539713050.0,EQBR
2013-06-05,1.123,1.13,1.073,1.087,486683000,532958390.0,EQBR
2013-06-06,1.068,1.117,1.05,1.066,531166000,577096310.0,EQBR
2013-06-07,1.086,1.135,1.07,1.105,482869000,530549831.0,EQBR
2013-06-10,1.121,1.126,1.067,1.09,312308000,342301144.0,EQBR
2013-06-11,1.08,1.095,1.034,1.041,434285000,458863182.0,EQBR
2013-06-13,1.03,1.057,0.984,1.053,398909000,405736728.0,EQBR
2013-06-14,1.073,1.079,1.041,1.051,246526000,261136261.0,EQBR
2013-06-17,1.059,1.083,1.052,1.063,278114000,297158756.0,EQBR
2013-06-18,1.063,1.087,1.057,1.067,175236000,188028116.0,EQBR
2013-06-19,1.079,1.079,1.048,1.062,169837000,180008988.0,EQBR
2013-06-20,1.038,1.048,1.02,1.028,178741000,184936489.0,EQBR
2013-06-21,1.018,1.065,1.013,1.049,227148000,238470397.0,EQBR
2013-06-24,1.034,1.077,1.034,1.052,163136000,173018823.0,EQBR
2013-06-25,1.056,1.114,1.052,1.096,434311000,475465706.0,EQBR
2013-06-26,1.096,1.129,1.091,1.103,276447000,306595393.0,EQBR
2013-06-27,1.111,1.123,1.082,1.107,314972000,345630760.0,EQBR
2013-06-28,1.112,1.118,1.057,1.09,297607000,321578987.0,EQBR
2013-07-01,1.089,1.106,1.07,1.1,147260000,160861227.0,EQBR
2013-07-02,1.084,1.113,1.084,1.102,164905000,181307283.0,EQBR
2013-07-03,1.095,1.1,1.074,1.093,170792000,185523133.0,EQBR
2013-07-04,1.107,1.11,1.092,1.11,157614000,173472293.0,EQBR
2013-07-05,1.113,1.16,1.107,1.113,341647000,385952495.0,EQBR
2013-07-08,1.116,1.129,1.086,1.104,260869000,289142597.0,EQBR
2013-07-09,1.112,1.115,1.076,1.083,160478000,175892234.0,EQBR
2013-07-10,1.08,1.087,1.062,1.067,224275000,240438588.0,EQBR
2013-07-11,1.077,1.093,1.077,1.088,573000,622911.0,TQBR
2013-07-12,1.097,1.097,1.097,1.097,200000,219400.0,TQBR
2013-07-15,1.097,1.115,1.086,1.088,182916000,201324542.0,EQBR
2013-07-16,1.096,1.105,1.088,1.103,148022000,162507015.0,EQBR
2013-07-17,1.135,1.2,0.988,1.185,1329000,1551179.0,TQBR
2013-07-18,1.24,1.3,1.2,1.236,1620000,2001210.0,TQBR
2013-07-19,1.265,1.266,1.22,1.227,565000,696315.0,TQBR
2013-07-22,1.239,1.239,1.221,1.221,40000,49200.0,TQBR
2013-07-23,1.25,1.25,1.25,1.25,50000,62500.0,TQBR
2013-07-24,1.236,1.236,1.236,1.236,15000,18540.0,TQBR
2013-07-25,1.211,1.211,1.185,1.185,60000,71820.0,TQBR
2013-07-26,1.201,1.222,1.16,1.16,31000,37505.0,TQBR
2013-07-29,1.19,1.19,1.18,1.18,160000,190250.0,TQBR
2013-07-30,1.166,1.166,1.138,1.15,125000,143285.0,TQBR
2013-07-31,1.155,1.155,1.1,1.1,854000,947745.0,TQBR
2013-08-01,1.107,1.127,1.081,1.115,438928000,485075578.0,EQBR
2013-08-02,1.117,1.117,1.101,1.101,90000,100270.0,TQBR
2013-08-05,1.108,1.135,0.923,1.12,2562000,2719869.0,TQBR
2013-08-06,1.119,1.119,1.095,1.095,623000,687949.0,TQBR
2013-08-07,1.088,1.111,1.07,1.073,1494000,1622883.0,TQBR
2013-08-08,1.118,1.139,1.104,1.114,1148000,1279191.0,TQBR
2013-08-09,1.13,1.13,1.122,1.128,317000,357368.0,TQBR
2013-08-12,1.138,1.191,1.111,1.15,1832000,2079803.0,TQBR
2013-08-13,1.188,1.198,1.161,1.167,870000,1021237.0,TQBR
2013-08-14,1.142,1.174,1.142,1.173,810000,937970.0,TQBR
2013-08-15,1.168,1.168,1.129,1.129,647000,739290.0,TQBR
2013-08-16,1.121,1.121,1.121,1.121,836000,937156.0,TQBR
2013-08-19,1.134,1.135,1.125,1.125,915000,1037825.0,TQBR
2013-08-20,1.146,1.146,1.124,1.131,113834000,128497522.0,EQBR
2013-08-21,1.126,1.16,1.124,1.125,1528000,1725412.0,TQBR
2013-08-22,1.111,1.154,1.111,1.151,1426000,1630462.0,TQBR
2013-08-23,1.153,1.155,1.147,1.147,94000,108151.0,TQBR
2013-08-26,1.154,1.154,1.127,1.131,491000,555203.0,TQBR
2013-08-27,1.121,1.128,1.08,1.085,4127000,4549445.0,TQBR
2013-08-28,1.078,1.08,1.041,1.06,1610000,1701843.0,TQBR
2013-08-29,1.066,1.081,1.051,1.051,1230000,1306644.0,TQBR
2013-08-30,1.054,1.068,1.01,1.015,2762000,2827926.0,TQBR
2013-09-02,1.025,1.043,1.001,1.003,237320000,241617848.0,TQBR
2013-09-03,1.01,1.024,0.998,1.017,350364000,354549767.0,TQBR
2013-09-04,1.019,1.019,1.002,1.013,130044000,131323594.0,TQBR
2013-09-05,1.018,1.048,1.011,1.045,353488000,363615231.0,TQBR
2013-09-06,1.041,1.051,1.006,1.013,403457000,415661117.0,TQBR
2013-09-09,1.009,1.035,1.009,1.012,322789000,329903858.0,TQBR
2013-09-10,1.02,1.048,1.017,1.031,422588000,436294974.0,TQBR
2013-09-11,1.031,1.114,1.027,1.074,927138000,1003498568.0,TQBR
2013-09-12,1.08,1.089,1.031,1.036,651599000,686259116.0,TQBR
2013-09-13,1.028,1.046,1.014,1.019,427082000,437307939.0,TQBR
2013-09-16,1.04,1.041,1.02,1.026,342946000,353436524.0,TQBR
2013-09-17,1.02,1.034,1.017,1.029,238315000,244232062.0,TQBR
2013-09-18,1.031,1.047,1.02,1.024,404387000,417963525.0,TQBR
2013-09-19,1.047,1.055,1.023,1.026,339198000,351240315.0,TQBR
2013-09-20,1.024,1.036,1.02,1.025,253422000,260460276.0,TQBR
2013-09-23,1.025,1.033,1.005,1.019,361443000,367048194.0,TQBR
2013-09-24,1.017,1.02,1.009,1.016,137247000,139155571.0,TQBR
2013-09-25,1.016,1.025,1.01,1.015,194412000,197606708.0,TQBR
2013-09-26,1.049,1.049,1.011,1.018,128198000,130186511.0,TQBR
2013-09-27,1.014,1.02,0.997,1.006,217284000,218792067.0,TQBR
2013-09-30,0.996,0.999,0.947,0.95,477087000,463979270.0,TQBR
2013-10-01,0.951,0.966,0.937,0.957,405454000,387595001.0,TQBR
2013-10-02,0.957,0.968,0.946,0.959,239534000,229513972.0,TQBR
2013-10-03,0.963,0.982,0.957,0.961,278339000,269140639.0,TQBR
2013-10-04,0.959,0.963,0.928,0.943,425834000,400634320.0,TQBR
2013-10-07,0.936,0.939,0.923,0.928,303421000,281769247.0,TQBR
2013-10-08,0.927,0.935,0.911,0.923,399498000,367890569.0,TQBR
2013-10-09,0.906,0.923,0.88,0.881,670212000,603336171.0,TQBR
2013-10-10,0.885,0.887,0.845,0.869,1102476000,956043806.0,TQBR
2013-10-11,0.874,0.91,0.865,0.88,901727000,797515398.0,TQBR
2013-10-14,0.878,0.88,0.861,0.866,458361000,396995696.0,TQBR
2013-10-15,0.863,0.875,0.83,0.839,625120000,532949890.0,TQBR
2013-10-16,0.84,0.859,0.822,0.853,878848000,741841982.0,TQBR
2013-10-17,0.856,0.874,0.848,0.861,725326000,624837017.0,TQBR
2013-10-18,0.868,0.869,0.853,0.858,277772000,238748237.0,TQBR
2013-10-21,0.86,0.917,0.86,0.912,1179413000,1055503304.0,TQBR
2013-10-22,0.917,0.933,0.897,0.905,1092074000,997878899.0,TQBR
2013-10-23,0.9,0.902,0.881,0.881,517093000,458825814.0,TQBR
2013-10-24,0.886,0.891,0.861,0.868,617831000,538072391.0,TQBR
2013-10-25,0.867,0.867,0.846,0.857,417239000,357409354.0,TQNL
2013-10-28,0.868,0.869,0.843,0.861,317618000,271407325.0,TQNL
2013-10-29,0.859,0.87,0.852,0.865,268654000,231502326.0,TQNL
2013-10-30,0.867,0.878,0.859,0.864,273889000,237853111.0,TQNL
2013-10-31,0.857,0.864,0.848,0.864,250925000,214770207.0,TQNL
2013-11-01,0.865,0.87,0.855,0.859,169532000,145918272.0,TQNL
2013-11-05,0.861,0.867,0.843,0.845,210508000,179662160.0,TQNL
2013-11-06,0.853,0.853,0.834,0.837,247205000,208202550.0,TQNL
2013-11-07,0.837,0.85,0.831,0.837,475774000,400680081.0,TQNL
2013-11-08,0.828,0.829,0.805,0.81,468412000,382148298.0,TQNL
2013-11-11,0.815,0.817,0.791,0.792,366875000,293965589.0,TQNL
2013-11-12,0.797,0.797,0.761,0.781,702659000,546957424.0,TQNL
2013-11-13,0.775,0.782,0.672,0.692,781045000,580340021.0,TQNL
2013-11-14,0.705,0.726,0.688,0.717,996702000,708748425.0,TQNL
2013-11-15,0.721,0.737,0.708,0.717,638780000,461430963.0,TQNL
2013-11-18,0.72,0.726,0.712,0.723,319284000,230058123.0,TQNL
2013-11-19,0.723,0.734,0.706,0.71,409774000,294589402.0,TQNL
2013-11-20,0.707,0.723,0.685,0.722,486630000,340480259.0,TQNL
2013-11-21,0.715,0.741,0.703,0.728,620978000,450183886.0,TQNL
2013-11-22,0.735,0.743,0.727,0.728,435951000,320292531.0,TQNL
2013-11-25,0.729,0.734,0.685,0.711,410513000,293790157.0,TQNL
2013-11-26,0.708,0.715,0.69,0.699,389193000,272411917.0,TQNL
2013-11-27,0.7,0.716,0.693,0.697,359455000,253008618.0,TQNL
2013-11-28,0.702,0.704,0.677,0.696,481846000,331852534.0,TQNL
2013-11-29,0.697,0.707,0.687,0.689,518042000,359566906.0,TQNL
2013-12-02,0.687,0.7,0.684,0.687,327386000,226410943.0,TQNL
2013-12-03,0.685,0.686,0.662,0.663,542838000,365703044.0,TQNL
2013-12-04,0.666,0.723,0.658,0.722,1142271000,791299950.0,TQNL
2013-12-05,0.725,0.761,0.716,0.733,1789506000,1328576105.0,TQNL
2013-12-06,0.735,0.753,0.725,0.74,965189000,714590301.0,TQNL
2013-12-09,0.745,0.754,0.726,0.728,732167000,541198046.0,TQNL
2013-12-10,0.724,0.73,0.711,0.712,563900000,404918433.0,TQNL
2013-12-11,0.711,0.717,0.685,0.691,997326000,701141581.0,TQNL
2013-12-12,0.68,0.686,0.667,0.671,796434000,539046106.0,TQNL
2013-12-13,0.675,0.708,0.665,0.701,920833000,633216830.0,TQNL
2013-12-16,0.694,0.723,0.694,0.721,684549000,485876527.0,TQNL
2013-12-17,0.724,0.741,0.707,0.71,1106904000,803125291.0,TQNL
2013-12-18,0.707,0.726,0.701,0.71,783083000,557652561.0,TQNL
2013-12-19,0.721,0.728,0.708,0.708,582409000,418012106.0,TQNL
2013-12-20,0.708,0.772,0.706,0.768,1342601000,984578202.0,TQNL
2013-12-23,0.777,0.812,0.77,0.806,1760587000,1399546018.0,TQNL
2013-12-24,0.81,0.81,0.783,0.784,701423000,559463463.0,TQNL
2013-12-25,0.785,0.792,0.774,0.777,663855000,519233183.0,TQNL
2013-12-26,0.777,0.802,0.767,0.781,812031000,637334452.0,TQNL
2013-12-27,0.784,0.789,0.77,0.772,536826000,419015989.0,TQNL
2013-12-30,0.765,0.783,0.761,0.777,463542000,359975738.0,TQNL
2014-01-06,0.766,0.783,0.757,0.772,156862000,121664248.0,TQNL
2014-01-08,0.78,0.793,0.774,0.776,287507000,225023099.0,TQNL
2014-01-09,0.776,0.784,0.771,0.777,260186000,202152144.0,TQNL
2014-01-10,0.777,0.79,0.763,0.765,595412000,461204216.0,TQNL
2014-01-13,0.765,0.783,0.761,0.775,451010000,348905795.0,TQNL
2014-01-14,0.765,0.782,0.762,0.777,398028000,307097583.0,TQNL
2014-01-15,0.78,0.788,0.775,0.778,429381000,335356934.0,TQNL
2014-01-16,0.78,0.786,0.762,0.765,502578000,387597295.0,TQNL
2014-01-17,0.766,0.788,0.763,0.775,618669000,481114560.0,TQNL
2014-01-20,0.775,0.786,0.773,0.775,349958000,272916582.0,TQNL
2014-01-21,0.78,0.782,0.772,0.777,308483000,239838667.0,TQNL
2014-01-22,0.779,0.81,0.777,0.803,1339066000,1066464140.0,TQNL
2014-01-23,0.8,0.833,0.796,0.812,1531080000,1250052983.0,TQNL
2014-01-24,0.807,0.821,0.795,0.798,826880000,670533346.0,TQNL
2014-01-27,0.79,0.805,0.774,0.782,638360000,503967969.0,TQNL
2014-01-28,0.783,0.795,0.775,0.784,475442000,373268779.0,TQNL
2014-01-29,0.787,0.795,0.771,0.775,509489000,400183706.0,TQNL
2014-01-30,0.775,0.78,0.745,0.762,618495000,471452921.0,TQNL
2014-01-31,0.762,0.767,0.726,0.729,746087000,554258821.0,TQNL
2014-02-03,0.731,0.74,0.707,0.713,738308000,534289058.0,TQNL
2014-02-04,0.698,0.709,0.686,0.704,584929000,407498742.0,TQNL
2014-02-05,0.705,0.723,0.702,0.713,643407000,458785884.0,TQNL
2014-02-06,0.715,0.725,0.712,0.715,494024000,354952704.0,TQNL
2014-02-07,0.72,0.729,0.712,0.726,487452000,351668248.0,TQNL
2014-02-10,0.73,0.732,0.722,0.728,329246000,239476527.0,TQNL
2014-02-11,0.733,0.737,0.726,0.73,361062000,263917861.0,TQNL
2014-02-12,0.734,0.74,0.714,0.723,458246000,333808273.0,TQNL
2014-02-13,0.724,0.725,0.716,0.718,374569000,269750464.0,TQNL
2014-02-14,0.725,0.735,0.714,0.724,510539000,370241663.0,TQNL
2014-02-17,0.726,0.736,0.726,0.734,365985000,267839394.0,TQNL
2014-02-18,0.735,0.738,0.728,0.734,265956000,194939979.0,TQNL
2014-02-19,0.732,0.733,0.723,0.73,344394000,250438764.0,TQNL
2014-02-20,0.728,0.728,0.718,0.723,311693000,225305036.0,TQNL
2014-02-21,0.725,0.73,0.719,0.723,224029000,162176557.0,TQNL
2014-02-24,0.72,0.735,0.708,0.733,434544000,313745671.0,TQNL
2014-02-25,0.735,0.738,0.723,0.726,188259000,137400716.0,TQNL
2014-02-26,0.726,0.728,0.712,0.715,185559000,133411819.0,TQNL
2014-02-27,0.715,0.718,0.665,0.681,628429000,433000453.0,TQNL
2014-02-28,0.679,0.685,0.646,0.663,606442000,402353766.0,TQNL
2014-03-03,0.63,0.63,0.501,0.512,1340501000,729738932.0,TQNL
2014-03-04,0.519,0.581,0.505,0.577,1275312000,685792061.0,TQNL
2014-03-05,0.58,0.588,0.553,0.562,731825000,415892339.0,TQNL
2014-03-06,0.567,0.573,0.51,0.537,1232057000,668118824.0,TQNL
2014-03-07,0.534,0.553,0.525,0.536,602956000,324207427.0,TQNL
2014-03-11,0.524,0.554,0.522,0.542,470318000,252268076.0,TQNL
2014-03-12,0.534,0.545,0.517,0.519,494321000,261753421.0,TQNL
2014-03-13,0.523,0.529,0.488,0.49,749080000,380121442.0,TQNL
2014-03-14,0.478,0.478,0.421,0.444,1531617000,682440724.0,TQNL
2014-03-17,0.455,0.467,0.441,0.46,1169755000,533195426.0,TQNL
2014-03-18,0.465,0.496,0.461,0.488,1199534000,574654999.0,TQNL
2014-03-19,0.491,0.518,0.482,0.504,1306622000,658082294.0,TQNL
2014-03-20,0.496,0.512,0.491,0.495,732139000,366267689.0,TQNL
2014-03-21,0.482,0.49,0.47,0.47,919470000,443343398.0,TQNL
2014-03-24,0.475,0.53,0.47,0.529,1764171000,889454991.0,TQNL
2014-03-25,0.533,0.548,0.517,0.524,2109788000,1121656285.0,TQNL
2014-03-26,0.529,0.535,0.514,0.516,1138266000,599233970.0,TQNL
2014-03-27,0.512,0.521,0.5,0.5,811533000,411414230.0,TQNL
2014-03-28,0.504,0.519,0.492,0.514,693594000,352211305.0,TQNL
2014-03-31,0.511,0.534,0.511,0.529,1033908000,540904992.0,TQNL
2014-04-01,0.532,0.539,0.521,0.523,720095000,381285459.0,TQNL
2014-04-02,0.525,0.527,0.507,0.513,489511000,252316698.0,TQNL
2014-04-03,0.515,0.52,0.505,0.507,367569000,188385093.0,TQNL
2014-04-04,0.509,0.526,0.506,0.519,563775000,291731584.0,TQNL
2014-04-07,0.514,0.514,0.488,0.493,710115000,355036036.0,TQNL
2014-04-08,0.495,0.504,0.484,0.499,439356000,216790320.0,TQNL
2014-04-09,0.504,0.506,0.494,0.498,307210000,153288780.0,TQNL
2014-04-10,0.501,0.506,0.499,0.504,341067000,171322134.0,TQNL
2014-04-11,0.493,0.501,0.486,0.498,295819000,146533091.0,TQNL
2014-04-14,0.491,0.497,0.487,0.493,267184000,131180302.0,TQNL
2014-04-15,0.492,0.496,0.465,0.467,458459000,219850251.0,TQNL
2014-04-16,0.47,0.483,0.465,0.482,358541000,170315614.0,TQNL
2014-04-17,0.485,0.49,0.474,0.48,299016000,144562352.0,TQNL
2014-04-18,0.49,0.492,0.484,0.486,187073000,91327704.0,TQNL
2014-04-21,0.485,0.49,0.481,0.484,142289000,69086249.0,TQNL
2014-04-22,0.484,0.486,0.479,0.483,210633000,101682869.0,TQNL
2014-04-23,0.484,0.484,0.473,0.474,178612000,85240817.0,TQNL
2014-04-24,0.478,0.478,0.44,0.457,594238000,270698013.0,TQNL
2014-04-25,0.451,0.452,0.437,0.442,405743000,179891089.0,TQNL
2014-04-28,0.439,0.463,0.434,0.463,453209000,203105796.0,TQNL
2014-04-29,0.465,0.473,0.445,0.446,602395000,275990989.0,TQNL
2014-04-30,0.445,0.448,0.421,0.421,898366000,392544229.0,TQNL
2014-05-02,0.423,0.428,0.41,0.415,428229000,178739883.0,TQNL
2014-05-05,0.412,0.43,0.411,0.42,521594000,219968466.0,TQNL
2014-05-06,0.423,0.431,0.42,0.422,603588000,256785001.0,TQNL
2014-05-07,0.418,0.433,0.415,0.429,1105671000,467136313.0,TQNL
2014-05-08,0.433,0.438,0.425,0.427,658964000,284299784.0,TQNL
2014-05-12,0.428,0.433,0.423,0.431,267207000,114848799.0,TQNL
2014-05-13,0.433,0.453,0.432,0.445,695911000,309372265.0,TQNL
2014-05-14,0.446,0.448,0.436,0.445,373755000,165060819.0,TQNL
2014-05-15,0.446,0.451,0.438,0.44,344125000,152622840.0,TQNL
2014-05-16,0.436,0.443,0.434,0.441,197832000,86963161.0,TQNL
2014-05-19,0.441,0.455,0.441,0.455,551714000,248633054.0,TQNL
2014-05-20,0.458,0.472,0.45,0.469,767935000,352619514.0,TQNL
2014-05-21,0.468,0.477,0.461,0.468,604721000,283479775.0,TQNL
2014-05-22,0.476,0.5,0.471,0.499,1762683000,860358598.0,TQNL
2014-05-23,0.517,0.517,0.493,0.501,689117000,345189369.0,TQNL
2014-05-26,0.505,0.525,0.502,0.522,752416000,387793217.0,TQNL
2014-05-27,0.524,0.524,0.489,0.496,847796000,426399972.0,TQNL
2014-05-28,0.497,0.514,0.495,0.511,564681000,286032784.0,TQNL
2014-05-29,0.513,0.545,0.512,0.536,1100103000,584309626.0,TQNL
2014-05-30,0.534,0.549,0.507,0.517,1082418000,573022651.0,TQNL
2014-06-02,0.52,0.54,0.519,0.534,691049000,367427514.0,TQNL
2014-06-03,0.53,0.547,0.526,0.545,426025000,228332753.0,TQNL
2014-06-04,0.546,0.551,0.538,0.544,418503000,227725829.0,TQNL
2014-06-05,0.544,0.547,0.524,0.525,513608000,273693234.0,TQNL
2014-06-06,0.527,0.538,0.519,0.535,479853000,253729973.0,TQNL
2014-06-09,0.537,0.548,0.529,0.53,407075000,220046039.0,TQBR
2014-06-10,0.53,0.534,0.526,0.533,201845000,106988164.0,TQBR
2014-06-11,0.537,0.539,0.525,0.535,345043000,183941621.0,TQBR
2014-06-16,0.528,0.534,0.522,0.532,346592000,183513956.0,TQBR
2014-06-17,0.526,0.542,0.526,0.532,297698000,158696090.0,TQBR
2014-06-18,0.534,0.564,0.532,0.56,831215000,459922820.0,TQBR
2014-06-19,0.566,0.568,0.544,0.544,498554000,278350405.0,TQBR
2014-06-20,0.545,0.545,0.525,0.527,558954000,297851463.0,TQBR
2014-06-23,0.53,0.535,0.528,0.533,184320000,97963715.0,TQBR
2014-06-24,0.535,0.554,0.533,0.551,421918000,229758204.0,TQBR
2014-06-25,0.547,0.553,0.541,0.545,288871000,157706851.0,TQBR
2014-06-26,0.547,0.564,0.546,0.554,538963000,299386037.0,TQBR
2014-06-27,0.556,0.557,0.542,0.548,278621000,152980644.0,TQBR
2014-06-30,0.545,0.553,0.54,0.55,180037000,98313081.0,TQBR
2014-07-01,0.547,0.549,0.541,0.545,185829000,101300345.0,TQBR
2014-07-02,0.543,0.551,0.543,0.55,145265000,79666688.0,TQBR
2014-07-03,0.554,0.563,0.55,0.553,321195000,178745175.0,TQBR
2014-07-04,0.554,0.556,0.541,0.542,161619000,88642779.0,TQBR
2014-07-07,0.542,0.551,0.541,0.551,101657000,55638524.0,TQBR
2014-07-08,0.551,0.557,0.543,0.544,162764000,89752546.0,TQBR
2014-07-09,0.543,0.546,0.53,0.533,281096000,150705643.0,TQBR
2014-07-10,0.534,0.537,0.511,0.516,285755000,149218760.0,TQBR
2014-07-11,0.518,0.519,0.508,0.515,328014000,168342515.0,TQBR
2014-07-14,0.516,0.526,0.514,0.523,256091000,133412714.0,TQBR
2014-07-15,0.53,0.53,0.513,0.52,220259000,114637860.0,TQBR
2014-07-16,0.52,0.53,0.517,0.519,207384000,108533255.0,TQBR
2014-07-17,0.515,0.515,0.497,0.504,295088000,148941602.0,TQBR
2014-07-18,0.492,0.506,0.49,0.504,225425000,112125341.0,TQBR
2014-07-21,0.519,0.519,0.495,0.496,153702000,77002489.0,TQBR
2014-07-22,0.5,0.513,0.499,0.511,179787000,91268687.0,TQBR
2014-07-23,0.515,0.516,0.498,0.503,170104000,85817578.0,TQBR
2014-07-24,0.491,0.501,0.491,0.496,109543000,54498864.0,TQBR
2014-07-25,0.495,0.503,0.493,0.497,145742000,72447600.0,TQBR
2014-07-28,0.488,0.494,0.477,0.482,184903000,89179614.0,TQBR
2014-07-29,0.483,0.485,0.476,0.482,129529000,62380518.0,TQBR
2014-07-30,0.476,0.493,0.474,0.49,196686000,95627659.0,TQBR
2014-07-31,0.487,0.497,0.486,0.488,111062000,54476831.0,TQBR
2014-08-01,0.483,0.492,0.481,0.492,141722000,68789209.0,TQBR
2014-08-04,0.492,0.506,0.492,0.505,230749000,115475446.0,TQBR
2014-08-05,0.506,0.507,0.494,0.496,122263000,60930016.0,TQBR
2014-08-06,0.493,0.495,0.483,0.485,124981000,61029593.0,TQBR
2014-08-07,0.483,0.488,0.472,0.486,183065000,87820775.0,TQBR
2014-08-08,0.485,0.495,0.485,0.494,117833000,57780099.0,TQBR
2014-08-11,0.5,0.505,0.498,0.503,79021000,39620652.0,TQBR
2014-08-12,0.502,0.503,0.496,0.499,89828000,44801692.0,TQBR
2014-08-13,0.5,0.509,0.498,0.506,139290000,70409948.0,TQBR
2014-08-14,0.508,0.509,0.499,0.503,103938000,52410430.0,TQBR
2014-08-15,0.5,0.51,0.5,0.509,120721000,61199427.0,TQBR
2014-08-18,0.509,0.512,0.504,0.507,97556000,49614476.0,TQBR
2014-08-19,0.507,0.52,0.507,0.519,169044000,86812359.0,TQBR
2014-08-20,0.525,0.528,0.518,0.523,255334000,133962194.0,TQBR
2014-08-21,0.524,0.529,0.52,0.524,144793000,75888801.0,TQBR
2014-08-22,0.523,0.527,0.51,0.522,188143000,97182894.0,TQBR
2014-08-25,0.522,0.528,0.521,0.526,99754000,52398046.0,TQBR
2014-08-26,0.53,0.53,0.513,0.513,80655000,42085687.0,TQBR
2014-08-27,0.538,0.538,0.515,0.525,138686000,72524523.0,TQBR
2014-08-28,0.525,0.528,0.498,0.507,262722000,134509432.0,TQBR
2014-08-29,0.505,0.526,0.505,0.515,330567000,171112768.0,TQBR
2014-09-01,0.518,0.524,0.515,0.519,150878000,78299573.0,TQBR
2014-09-02,0.518,0.523,0.514,0.518,82103000,42551960.0,TQBR
2014-09-03,0.518,0.541,0.518,0.533,301856000,160041522.0,TQBR
2014-09-04,0.532,0.537,0.503,0.525,620897000,322087841.0,TQBR
2014-09-05,0.523,0.537,0.52,0.532,146601000,77637209.0,TQBR
2014-09-08,0.533,0.533,0.527,0.529,85813000,45465449.0,TQBR
2014-09-09,0.529,0.537,0.526,0.529,141995000,75516100.0,TQBR
2014-09-10,0.528,0.537,0.525,0.532,136188000,72473902.0,TQBR
2014-09-11,0.536,0.544,0.525,0.529,276875000,148218068.0,TQBR
2014-09-12,0.531,0.536,0.525,0.535,108444000,57735264.0,TQBR
2014-09-15,0.532,0.538,0.528,0.533,131966000,70276866.0,TQBR
2014-09-16,0.533,0.54,0.53,0.538,138860000,74467931.0,TQBR
2014-09-17,0.541,0.541,0.525,0.531,181751000,96675704.0,TQBR
2014-09-18,0.53,0.537,0.53,0.53,62861000,33572936.0,TQBR
2014-09-19,0.531,0.576,0.527,0.559,450831000,247899056.0,TQBR
2014-09-22,0.559,0.584,0.555,0.565,409707000,233802725.0,TQBR
2014-09-23,0.57,0.577,0.547,0.553,480150000,267608863.0,TQBR
2014-09-24,0.551,0.561,0.538,0.542,327150000,179012868.0,TQBR
2014-09-25,0.544,0.554,0.532,0.532,341381000,185533954.0,TQBR
2014-09-26,0.53,0.531,0.515,0.525,272941000,142865107.0,TQBR
2014-09-29,0.523,0.534,0.52,0.523,130245000,68821390.0,TQBR
2014-09-30,0.525,0.531,0.52,0.525,134587000,70544526.0,TQBR
2014-10-01,0.5212,0.5295,0.5052,0.521,99476000,52046949.4,TQBR
2014-10-02,0.5202,0.5217,0.5058,0.5105,142154000,72710884.6,TQBR
2014-10-03,0.515,0.525,0.5116,0.5208,83177000,43079604.7,TQBR
2014-10-06,0.5221,0.5335,0.5221,0.5249,137833000,73052609.6,TQBR
2014-10-07,0.529,0.5318,0.5251,0.526,116280000,61442802.1,TQBR
2014-10-08,0.5251,0.5297,0.52,0.5207,67445000,35285535.0,TQBR
2014-10-09,0.5261,0.5289,0.52,0.522,67742000,35482563.3,TQBR
2014-10-10,0.515,0.5185,0.51,0.513,108562000,55757619.6,TQBR
2014-10-13,0.51,0.5242,0.5087,0.5152,177649000,92056295.8,TQBR
2014-10-14,0.5162,0.5228,0.5137,0.5167,134191000,69536440.0,TQBR
2014-10-15,0.5179,0.521,0.5125,0.514,85014000,43903826.6,TQBR
2014-10-16,0.5164,0.5189,0.5115,0.5165,87636000,45110122.7,TQBR
2014-10-17,0.518,0.523,0.5162,0.5189,128838000,66898804.1,TQBR
2014-10-20,0.5191,0.524,0.5174,0.5225,59516000,30982641.7,TQBR
2014-10-21,0.5241,0.5241,0.515,0.515,59628000,30889178.9,TQBR
2014-10-22,0.516,0.5202,0.51,0.5118,100229000,51482034.1,TQBR
2014-10-23,0.51,0.5108,0.5021,0.5081,98966000,50150870.0,TQBR
2014-10-24,0.5069,0.5087,0.5013,0.5075,51845000,26174573.7,TQBR
2014-10-27,0.511,0.5144,0.5066,0.5079,70102000,35811896.4,TQBR
2014-10-28,0.508,0.516,0.5076,0.509,73672000,37657338.3,TQBR
2014-10-29,0.5085,0.517,0.507,0.51,116341000,59524493.0,TQBR
2014-10-30,0.5075,0.519,0.5075,0.5189,97738000,50176566.5,TQBR
2014-10-31,0.5188,0.5234,0.5102,0.5169,117793000,60945823.5,TQBR
2014-11-03,0.5175,0.549,0.5133,0.5317,120752000,64138261.2,TQBR
2014-11-05,0.5287,0.5309,0.5172,0.529,107517000,56436094.0,TQBR
2014-11-06,0.5311,0.536,0.519,0.5219,118759000,62895192.4,TQBR
2014-11-07,0.5241,0.5287,0.515,0.5239,131528000,68589518.9,TQBR
2014-11-10,0.5251,0.5296,0.5232,0.5296,60783000,31979853.6,TQBR
2014-11-11,0.5296,0.544,0.5258,0.5315,175271000,93978498.8,TQBR
2014-11-12,0.5155,0.532,0.5155,0.5285,52328000,27637349.8,TQBR
2014-11-13,0.5282,0.5295,0.5102,0.5102,117937000,61341003.3,TQBR
2014-11-14,0.5104,0.5256,0.5103,0.5256,172954000,90050104.0,TQBR
2014-11-17,0.5249,0.529,0.52,0.5206,43828000,22903104.0,TQBR
2014-11-18,0.5207,0.533,0.5174,0.5293,110878000,58342536.6,TQBR
2014-11-19,0.531,0.5329,0.5156,0.516,69596000,36353453.6,TQBR
2014-11-20,0.5129,0.5219,0.5129,0.5197,93398000,48423246.4,TQBR
2014-11-21,0.519,0.5229,0.505,0.505,84250000,43461006.3,TQBR
2014-11-24,0.5123,0.5191,0.508,0.512,103093000,52962335.3,TQBR
2014-11-25,0.4994,0.5158,0.4994,0.5095,90179000,46119212.9,TQBR
2014-11-26,0.505,0.529,0.505,0.5218,144462000,75242914.5,TQBR
2014-11-27,0.5201,0.5248,0.5154,0.5157,71793000,37405027.5,TQBR
2014-11-28,0.511,0.5188,0.508,0.5173,59571000,30638427.9,TQBR
2014-12-01,0.5105,0.5239,0.5105,0.5225,78908000,40954018.0,TQBR
2014-12-02,0.5231,0.5308,0.5166,0.5186,100853000,52660211.2,TQBR
2014-12-03,0.5186,0.523,0.5161,0.522,77725000,40363452.2,TQBR
2014-12-04,0.522,0.5277,0.5152,0.5164,103647000,54041687.5,TQBR
2014-12-05,0.5191,0.5191,0.492,0.4941,172558000,86632877.7,TQBR
2014-12-08,0.4906,0.499,0.4123,0.4634,334401000,160107541.7,TQBR
2014-12-09,0.46,0.4681,0.426,0.4485,214142000,95330483.8,TQBR
2014-12-10,0.45,0.465,0.4473,0.4559,117259000,53526525.3,TQBR
2014-12-11,0.452,0.4589,0.4321,0.4415,97628000,43499115.5,TQBR
2014-12-12,0.4383,0.4409,0.4202,0.4234,158509000,68019781.8,TQBR
2014-12-15,0.429,0.4297,0.3806,0.3925,257409000,105233692.3,TQBR
2014-12-16,0.38,0.385,0.29,0.321,713118000,231104821.4,TQBR
2014-12-17,0.331,0.3585,0.3137,0.3475,419507000,138997279.2,TQBR
2014-12-18,0.3521,0.378,0.3521,0.372,350537000,128687984.1,TQBR
2014-12-19,0.3753,0.4344,0.3717,0.4344,512221000,204910743.6,TQBR
2014-12-22,0.44,0.4799,0.424,0.4449,366662000,163076088.4,TQBR
2014-12-23,0.4644,0.4769,0.4396,0.463,306071000,139785833.1,TQBR
2014-12-24,0.4601,0.4687,0.4374,0.458,196861000,88969553.9,TQBR
2014-12-25,0.4548,0.4746,0.447,0.4527,96301000,44566471.4,TQBR
2014-12-26,0.4469,0.464,0.426,0.4419,100479000,45099080.1,TQBR
2014-12-29,0.4433,0.4655,0.4389,0.4415,136179000,61994843.5,TQBR
2014-12-30,0.44,0.44,0.4105,0.4151,162467000,68792839.4,TQBR
2015-01-05,0.4003,0.4343,0.4003,0.4292,64787000,27582289.0,TQBR
2015-01-06,0.4274,0.4489,0.4204,0.4415,81158000,35511024.0,TQBR
2015-01-08,0.4468,0.4734,0.445,0.4672,126091000,58614520.2,TQBR
2015-01-09,0.4742,0.4742,0.4487,0.4554,65998000,30119441.0,TQBR
2015-01-12,0.4483,0.4664,0.445,0.4485,138388000,63032663.2,TQBR
2015-01-13,0.4483,0.4547,0.4401,0.4469,93102000,41472218.0,TQBR
2015-01-14,0.4455,0.467,0.443,0.4609,167137000,76041727.5,TQBR
2015-01-15,0.465,0.47,0.4506,0.4559,104385000,47886651.6,TQBR
2015-01-16,0.4552,0.4585,0.446,0.452,51444000,23279488.1,TQBR
2015-01-19,0.447,0.4637,0.4409,0.4426,87893000,39867488.2,TQBR
2015-01-20,0.443,0.4549,0.4327,0.4387,122477000,54226004.7,TQBR
2015-01-21,0.4395,0.4575,0.4368,0.4483,117309000,52523101.1,TQBR
2015-01-22,0.4549,0.4634,0.446,0.4497,181877000,82863486.0,TQBR
2015-01-23,0.4612,0.4612,0.4361,0.4406,161367000,72484918.2,TQBR
2015-01-26,0.44,0.44,0.4221,0.4239,96092000,41034266.1,TQBR
2015-01-27,0.417,0.436,0.402,0.4251,136176000,57723298.8,TQBR
2015-01-28,0.4298,0.443,0.4163,0.42,215321000,93174464.1,TQBR
2015-01-29,0.4209,0.4234,0.405,0.408,142541000,59134023.8,TQBR
2015-01-30,0.4102,0.4163,0.4005,0.4129,139603000,57005589.7,TQBR
2015-02-02,0.4173,0.4223,0.4053,0.4101,99693000,41259779.4,TQBR
2015-02-03,0.4185,0.4185,0.4029,0.4105,75993000,31050711.6,TQBR
2015-02-04,0.416,0.4339,0.407,0.4228,103690000,43138083.5,TQBR
2015-02-05,0.42,0.4328,0.41,0.431,108769000,46306664.3,TQBR
2015-02-06,0.4311,0.456,0.4311,0.4418,272200000,121201226.0,TQBR
2015-02-09,0.443,0.4626,0.442,0.4546,163074000,73857053.1,TQBR
2015-02-10,0.4671,0.4671,0.4519,0.46,108814000,49996099.1,TQBR
2015-02-11,0.466,0.4688,0.457,0.465,146017000,67397801.9,TQBR
2015-02-12,0.468,0.5202,0.4584,0.5202,422613000,207162173.3,TQBR
2015-02-13,0.52,0.5748,0.5162,0.569,648831000,356114860.9,TQBR
2015-02-16,0.575,0.61,0.5462,0.5595,569349000,324419609.5,TQBR
2015-02-17,0.559,0.5815,0.5405,0.5461,240849000,134745826.6,TQBR
2015-02-18,0.5505,0.5717,0.5336,0.5654,290207000,160079189.3,TQBR
2015-02-19,0.5658,0.578,0.5405,0.55,180705000,101224448.5,TQBR
2015-02-20,0.5516,0.5978,0.5513,0.5948,560055000,327656321.9,TQBR
2015-02-24,0.57,0.5855,0.55,0.5767,233188000,134232504.3,TQBR
2015-02-25,0.5686,0.616,0.5658,0.607,468541000,280636697.9,TQBR
2015-02-26,0.6152,0.6528,0.607,0.6322,558189000,352361332.5,TQBR
2015-02-27,0.635,0.666,0.6278,0.6417,360226000,232442126.4,TQBR
2015-03-02,0.6445,0.656,0.6232,0.6385,269384000,173278625.4,TQBR
2015-03-03,0.6364,0.6465,0.6177,0.6362,246051000,155366045.3,TQBR
2015-03-04,0.6362,0.6649,0.6345,0.637,367282000,239143747.3,TQBR
2015-03-05,0.6439,0.6513,0.63,0.643,187915000,120678549.1,TQBR
2015-03-06,0.6453,0.648,0.621,0.6213,251285000,158513820.6,TQBR
2015-03-10,0.61,0.6137,0.586,0.6,272289000,162827247.4,TQBR
2015-03-11,0.595,0.6174,0.581,0.5975,249366000,150507485.9,TQBR
2015-03-12,0.6008,0.6298,0.5941,0.6177,271555000,166459497.9,TQBR
2015-03-13,0.6187,0.6259,0.5775,0.578,223085000,133083827.9,TQBR
2015-03-16,0.5741,0.578,0.5576,0.5576,149466000,84825604.9,TQBR
2015-03-17,0.5601,0.5647,0.5511,0.5535,186340000,104017063.0,TQBR
2015-03-18,0.5565,0.5775,0.5526,0.5603,169222000,96297344.8,TQBR
2015-03-19,0.57,0.5724,0.5321,0.5332,151420000,82959160.1,TQBR
2015-03-20,0.531,0.5475,0.505,0.505,531272000,280116095.7,TQBR
2015-03-23,0.51,0.5177,0.4903,0.4968,286122000,143264859.1,TQBR
2015-03-24,0.5008,0.52,0.4968,0.5199,319386000,163203298.5,TQBR
2015-03-25,0.52,0.529,0.5006,0.5006,134453000,68654047.9,TQBR
2015-03-26,0.505,0.5218,0.4851,0.4918,300884000,151433276.0,TQBR
2015-03-27,0.49,0.506,0.482,0.4972,155972000,77482785.0,TQBR
2015-03-30,0.4999,0.5187,0.4972,0.5123,149377000,76533645.2,TQBR
2015-03-31,0.5142,0.5235,0.5043,0.5078,298221000,153545824.7,TQBR
2015-04-01,0.5081,0.5414,0.505,0.54,401623000,212207136.7,TQBR
2015-04-02,0.5427,0.5737,0.5422,0.545,445009000,246520314.9,TQBR
2015-04-03,0.5477,0.5614,0.5436,0.5529,238913000,132135219.8,TQBR
2015-04-06,0.5545,0.5829,0.5536,0.5725,284019000,161455631.5,TQBR
2015-04-07,0.5768,0.5786,0.551,0.5589,243857000,137018602.3,TQBR
2015-04-08,0.5604,0.5717,0.5473,0.5576,166918000,93033179.6,TQBR
2015-04-09,0.556,0.5701,0.5381,0.5486,282795000,156829606.4,TQBR
2015-04-10,0.5486,0.55,0.5255,0.5277,331036000,175369239.0,TQBR
2015-04-13,0.5273,0.5538,0.5241,0.5412,229289000,124602898.9,TQBR
2015-04-14,0.5334,0.5545,0.526,0.5339,202197000,108621182.8,TQBR
2015-04-15,0.5381,0.555,0.5302,0.5521,143921000,78050231.9,TQBR
2015-04-16,0.5574,0.5597,0.5422,0.5461,164336000,90317342.1,TQBR
2015-04-17,0.5461,0.5549,0.5353,0.5407,119756000,65556972.7,TQBR
2015-04-20,0.5448,0.5474,0.5311,0.544,97662000,52817183.9,TQBR
2015-04-21,0.5415,0.55,0.5378,0.5457,88337000,48113118.7,TQBR
2015-04-22,0.5413,0.5487,0.5312,0.5345,150662000,81054669.7,TQBR
2015-04-23,0.5389,0.548,0.5155,0.5459,188921000,100496911.9,TQBR
2015-04-24,0.5449,0.5674,0.5333,0.5442,255060000,140650287.4,TQBR
2015-04-27,0.544,0.553,0.5422,0.5436,122997000,67245507.6,TQBR
2015-04-28,0.54,0.5459,0.536,0.54,87215000,47086935.6,TQBR
2015-04-29,0.5377,0.545,0.5371,0.5388,47073000,25446391.0,TQBR
2015-04-30,0.5487,0.5546,0.526,0.526,248099000,134622431.6,TQBR
2015-05-05,0.535,0.5645,0.535,0.563,254020000,141134469.5,TQBR
2015-05-06,0.567,0.5685,0.5435,0.5515,180377000,99676652.5,TQBR
2015-05-07,0.5465,0.5545,0.536,0.5445,90315000,49326762.5,TQBR
2015-05-08,0.548,0.564,0.54,0.556,149844000,83031658.0,TQBR
2015-05-12,0.5555,0.561,0.5475,0.5515,141558000,78373493.5,TQBR
2015-05-13,0.552,0.5585,0.547,0.548,82302000,45452440.0,TQBR
2015-05-14,0.548,0.5565,0.547,0.551,96763000,53415927.0,TQBR
2015-05-15,0.5495,0.555,0.5365,0.543,196348000,107092357.5,TQBR
2015-05-18,0.5435,0.548,0.537,0.538,119303000,64512908.5,TQBR
2015-05-19,0.5385,0.5465,0.533,0.5395,127207000,68632415.0,TQBR
2015-05-20,0.5385,0.5395,0.53,0.536,120219000,64414509.0,TQBR
2015-05-21,0.537,0.539,0.531,0.536,65192000,34866734.0,TQBR
2015-05-22,0.5365,0.546,0.5325,0.5385,74927000,40291455.0,TQBR
2015-05-25,0.541,0.5485,0.536,0.546,77862000,42281634.0,TQBR
2015-05-26,0.5445,0.55,0.537,0.54,102833000,55895781.0,TQBR
2015-05-27,0.511,0.5435,0.511,0.5375,114774000,61304891.0,TQBR
2015-05-28,0.5395,0.547,0.5345,0.5375,74111000,40019557.5,TQBR
2015-05-29,0.543,0.5455,0.5285,0.5285,65277000,35068251.0,TQBR
2015-06-01,0.531,0.534,0.524,0.526,65926000,34903097.0,TQBR
2015-06-02,0.5285,0.5365,0.522,0.5275,64047000,33943136.0,TQBR
2015-06-03,0.53,0.5315,0.5105,0.5135,266660000,138255758.5,TQBR
2015-06-04,0.5135,0.5235,0.5115,0.5165,82640000,42643152.5,TQBR
2015-06-05,0.514,0.5215,0.5115,0.514,66290000,34264853.0,TQBR
2015-06-08,0.5185,0.5295,0.5145,0.5235,71740000,37525395.0,TQBR
2015-06-09,0.525,0.528,0.514,0.517,114758000,59369700.0,TQBR
2015-06-10,0.519,0.519,0.5115,0.514,42506000,21879308.5,TQBR
2015-06-11,0.515,0.5175,0.496,0.502,216843000,108851156.0,TQBR
2015-06-15,0.504,0.508,0.4935,0.5015,109388000,54907825.5,TQBR
2015-06-16,0.507,0.507,0.499,0.5035,66493000,33423257.0,TQBR
2015-06-17,0.504,0.504,0.4975,0.501,66588000,33345894.5,TQBR
2015-06-18,0.503,0.5225,0.4985,0.52,163550000,83815236.0,TQBR
2015-06-19,0.523,0.5265,0.4885,0.4885,359134000,180374111.5,TQBR
2015-06-22,0.4925,0.504,0.484,0.497,335703000,165971825.0,TQBR
2015-06-23,0.497,0.4995,0.489,0.495,105776000,52176159.0,TQBR
2015-06-24,0.4955,0.4955,0.4835,0.487,60283000,29575881.0,TQBR
2015-06-25,0.489,0.489,0.472,0.48,243635000,116456719.5,TQBR
2015-06-26,0.48,0.4815,0.4735,0.48,90786000,43313624.0,TQBR
2015-06-29,0.47,0.4755,0.4675,0.4685,116213000,54692650.5,TQBR
2015-06-30,0.469,0.48,0.4625,0.48,88321000,41609435.0,TQBR
2015-07-01,0.48,0.4845,0.477,0.4805,66319000,31890560.5,TQBR
2015-07-02,0.4815,0.483,0.474,0.4795,48028000,22989839.0,TQBR
2015-07-03,0.479,0.4855,0.4785,0.479,48454000,23320268.0,TQBR
2015-07-06,0.4775,0.4775,0.467,0.471,77945000,36712528.5,TQBR
2015-07-07,0.467,0.493,0.467,0.4755,191960000,92533972.5,TQBR
2015-07-08,0.4755,0.478,0.457,0.462,114063000,52954761.5,TQBR
2015-07-09,0.465,0.473,0.4645,0.472,72501000,33962220.5,TQBR
2015-07-10,0.473,0.4785,0.4705,0.4725,44243000,20982015.5,TQBR
2015-07-13,0.473,0.4775,0.465,0.4765,113231000,53541646.0,TQBR
2015-07-14,0.471,0.4855,0.47,0.4835,121825000,58241987.0,TQBR
2015-07-15,0.4835,0.4855,0.478,0.4815,70689000,34104700.5,TQBR
2015-07-16,0.4855,0.491,0.4815,0.487,73396000,35770424.5,TQBR
2015-07-17,0.49,0.4915,0.477,0.479,91113000,44032456.0,TQBR
2015-07-20,0.4825,0.4835,0.4665,0.4725,100777000,47649510.5,TQBR
2015-07-21,0.467,0.485,0.467,0.4845,108532000,52093417.5,TQBR
2015-07-22,0.4845,0.485,0.468,0.4695,89874000,42522889.0,TQBR
2015-07-23,0.4725,0.4725,0.4635,0.4695,78618000,36924606.0,TQBR
2015-07-24,0.469,0.477,0.465,0.4675,94605000,44544123.5,TQBR
2015-07-27,0.465,0.468,0.453,0.4565,114874000,52797993.0,TQBR
2015-07-28,0.4505,0.468,0.4505,0.4615,62860000,29020249.5,TQBR
2015-07-29,0.463,0.468,0.4605,0.4645,54050000,25129641.0,TQBR
2015-07-30,0.4625,0.474,0.4575,0.4655,186063000,86592880.0,TQBR
2015-07-31,0.464,0.476,0.46,0.4715,109097000,50999512.0,TQBR
2015-08-03,0.47,0.4765,0.4645,0.472,77830000,36595888.5,TQBR
2015-08-04,0.4735,0.4785,0.47,0.4715,81351000,38627720.0,TQBR
2015-08-05,0.473,0.476,0.47,0.4725,72702000,34404951.5,TQBR
2015-08-06,0.4725,0.4765,0.4675,0.4695,51727000,24388832.0,TQBR
2015-08-07,0.4685,0.472,0.4675,0.4705,47070000,22096576.5,TQBR
2015-08-10,0.4725,0.474,0.466,0.4735,51862000,24382601.0,TQBR
2015-08-11,0.4745,0.48,0.468,0.469,102407000,48559019.0,TQBR
2015-08-12,0.468,0.4735,0.464,0.4735,64094000,30099206.5,TQBR
2015-08-13,0.475,0.4765,0.469,0.4705,60745000,28731505.5,TQBR
2015-08-14,0.472,0.4735,0.4675,0.4725,78386000,36911654.5,TQBR
2015-08-17,0.4745,0.4745,0.466,0.4695,66574000,31241769.0,TQBR
2015-08-18,0.468,0.4685,0.4635,0.464,52268000,24351435.0,TQBR
2015-08-19,0.4625,0.465,0.4565,0.458,84197000,38785276.0,TQBR
2015-08-20,0.457,0.461,0.454,0.459,80731000,37000633.0,TQBR
2015-08-21,0.4565,0.4575,0.4465,0.4475,71625000,32344112.5,TQBR
2015-08-24,0.4375,0.4375,0.413,0.425,359647000,152866032.5,TQBR
2015-08-25,0.425,0.4415,0.424,0.437,285234000,123703045.5,TQBR
2015-08-26,0.4325,0.444,0.4285,0.4395,96374000,42225747.0,TQBR
2015-08-27,0.4415,0.452,0.44,0.451,186327000,82881950.0,TQBR
2015-08-28,0.456,0.462,0.4495,0.46,118985000,54089840.5,TQBR
2015-08-31,0.46,0.4695,0.451,0.452,210750000,96768689.5,TQBR
2015-09-01,0.455,0.46,0.4445,0.446,129008000,57994441.5,TQBR
2015-09-02,0.444,0.4535,0.444,0.4465,72089000,32328642.0,TQBR
2015-09-03,0.451,0.453,0.447,0.4515,37497000,16899438.5,TQBR
2015-09-04,0.4525,0.4525,0.4435,0.45,63395000,28404731.5,TQBR
2015-09-07,0.445,0.4515,0.445,0.4505,40199000,18064502.5,TQBR
2015-09-08,0.452,0.459,0.4515,0.4585,85966000,39159034.5,TQBR
2015-09-09,0.459,0.4635,0.4575,0.4585,94155000,43369859.5,TQBR
2015-09-10,0.454,0.463,0.454,0.4595,53374000,24511511.0,TQBR
2015-09-11,0.4635,0.4635,0.4515,0.4595,63340000,28973382.0,TQBR
2015-09-14,0.457,0.4615,0.4555,0.4595,51734000,23777655.5,TQBR
2015-09-15,0.46,0.461,0.456,0.457,49538000,22692768.0,TQBR
2015-09-16,0.454,0.4585,0.45,0.451,136146000,61627764.5,TQBR
2015-09-17,0.4535,0.4545,0.443,0.446,99535000,44796276.0,TQBR
2015-09-18,0.4495,0.4495,0.421,0.421,530439000,229875905.5,TQBR
2015-09-21,0.4265,0.439,0.426,0.435,174463000,75530574.0,TQBR
2015-09-22,0.435,0.4355,0.422,0.4235,95072000,40644588.0,TQBR
2015-09-23,0.4225,0.429,0.418,0.42,115298000,48692904.5,TQBR
2015-09-24,0.42,0.4215,0.411,0.4145,104347000,43339651.5,TQBR
2015-09-25,0.4185,0.427,0.4165,0.4225,89922000,37973963.0,TQBR
2015-09-28,0.4245,0.427,0.415,0.416,80998000,33943341.5,TQBR
2015-09-29,0.4145,0.427,0.4115,0.4255,201341000,84713776.0,TQBR
2015-09-30,0.4275,0.4355,0.4235,0.424,66398000,28447720.0,TQBR
2015-10-01,0.428,0.436,0.4165,0.419,161165000,68755820.5,TQBR
2015-10-02,0.42,0.4215,0.413,0.4175,81416000,33947460.0,TQBR
2015-10-05,0.42,0.4285,0.419,0.4235,61708000,26130773.5,TQBR
2015-10-06,0.4205,0.4285,0.4195,0.4225,61044000,25812796.5,TQBR
2015-10-07,0.4235,0.4325,0.415,0.42,220155000,93324002.5,TQBR
2015-10-08,0.42,0.423,0.418,0.4225,51992000,21871921.0,TQBR
2015-10-09,0.4245,0.4295,0.421,0.4295,124837000,53159854.0,TQBR
2015-10-12,0.4295,0.4385,0.4255,0.43,112846000,48661116.5,TQBR
2015-10-13,0.428,0.437,0.4245,0.4315,121307000,52230636.0,TQBR
2015-10-14,0.429,0.433,0.426,0.4285,87945000,37767614.5,TQBR
2015-10-15,0.426,0.432,0.426,0.428,52003000,22353893.5,TQBR
2015-10-16,0.43,0.432,0.427,0.428,68718000,29521549.0,TQBR
2015-10-19,0.4275,0.432,0.4175,0.4215,107667000,45697668.5,TQBR
2015-10-20,0.418,0.424,0.4145,0.4235,142112000,59668689.0,TQBR
2015-10-21,0.422,0.464,0.422,0.464,565366000,251708804.5,TQBR
2015-10-22,0.466,0.474,0.4575,0.47,309959000,144635449.5,TQBR
2015-10-23,0.4755,0.479,0.4575,0.463,125753000,58556444.0,TQBR
2015-10-26,0.461,0.467,0.4405,0.4465,175637000,79018454.5,TQBR
2015-10-27,0.447,0.4515,0.4385,0.446,125373000,55787002.5,TQBR
2015-10-28,0.445,0.454,0.442,0.45,89134000,39960810.5,TQBR
2015-10-29,0.452,0.473,0.45,0.4635,267440000,124242047.0,TQBR
2015-10-30,0.464,0.465,0.4485,0.4535,135437000,61825411.0,TQBR
2015-11-02,0.4505,0.471,0.45,0.4648,84142000,38980895.1,TQBR
2015-11-03,0.4635,0.4775,0.4635,0.4736,141207000,66754120.8,TQBR
2015-11-05,0.4715,0.477,0.4581,0.461,206040000,95863206.8,TQBR
2015-11-06,0.4569,0.4628,0.4501,0.4533,73958000,33793819.6,TQBR
2015-11-09,0.4533,0.4595,0.4418,0.4431,85034000,38236024.9,TQBR
2015-11-10,0.4448,0.452,0.4386,0.4479,115958000,51621838.7,TQBR
2015-11-11,0.45,0.4533,0.4425,0.448,64950000,29194974.9,TQBR
2015-11-12,0.4469,0.4486,0.436,0.4395,93987000,41434095.6,TQBR
2015-11-13,0.4397,0.4415,0.4296,0.433,106055000,46024949.6,TQBR
2015-11-16,0.4357,0.4424,0.43,0.4356,74883000,32755274.4,TQBR
2015-11-17,0.439,0.4476,0.4388,0.4454,98273000,43490327.3,TQBR
2015-11-18,0.441,0.4584,0.441,0.456,172946000,78256434.5,TQBR
2015-11-19,0.4561,0.46,0.45,0.4535,196323000,89577108.1,TQBR
2015-11-20,0.4559,0.4589,0.4508,0.4559,55502000,25267621.3,TQBR
2015-11-23,0.457,0.4637,0.4511,0.463,118014000,54293819.3,TQBR
2015-11-24,0.4638,0.4654,0.4422,0.4467,167366000,75469513.0,TQBR
2015-11-25,0.445,0.4559,0.445,0.4549,101660000,45865272.4,TQBR
2015-11-26,0.4526,0.4589,0.4485,0.4492,77214000,35038336.3,TQBR
2015-11-27,0.45,0.4509,0.4427,0.4441,53038000,23656211.6,TQBR
2015-11-30,0.4426,0.4437,0.4356,0.4419,76537000,33699673.2,TQBR
2015-12-01,0.4419,0.4457,0.44,0.4425,53621000,23707907.7,TQBR
2015-12-02,0.4445,0.449,0.442,0.449,77895000,34716596.8,TQBR
2015-12-03,0.446,0.4498,0.4448,0.4448,46094000,20653112.3,TQBR
2015-12-04,0.4442,0.447,0.437,0.4433,84688000,37515216.1,TQBR
2015-12-07,0.4446,0.4454,0.4335,0.4335,53449000,23475671.1,TQBR
2015-12-08,0.435,0.4406,0.4245,0.4248,86417000,37214996.1,TQBR
2015-12-09,0.426,0.4359,0.4254,0.4348,101760000,43871111.0,TQBR
2015-12-10,0.433,0.4355,0.43,0.4339,77707000,33562297.4,TQBR
2015-12-11,0.4319,0.4399,0.43,0.4382,44032000,19120718.8,TQBR
2015-12-14,0.436,0.439,0.431,0.4364,76794000,33379046.2,TQBR
2015-12-15,0.435,0.4447,0.435,0.4418,104320000,46088888.1,TQBR
2015-12-16,0.44,0.4542,0.44,0.4536,92007000,41283530.9,TQBR
2015-12-17,0.4544,0.469,0.453,0.4579,145906000,67231964.9,TQBR
2015-12-18,0.4533,0.4695,0.4468,0.4695,164582000,75366151.9,TQBR
2015-12-21,0.475,0.4824,0.46,0.46,157406000,73912118.1,TQBR
2015-12-22,0.4628,0.4697,0.46,0.461,73097000,33815093.2,TQBR
2015-12-23,0.46,0.467,0.4555,0.4653,81070000,37422750.0,TQBR
2015-12-24,0.4651,0.4702,0.4612,0.467,76331000,35631507.2,TQBR
2015-12-25,0.4642,0.4681,0.4504,0.4525,96752000,44249388.0,TQBR
2015-12-28,0.4541,0.4571,0.4477,0.4561,107019000,48363273.7,TQBR
2015-12-29,0.4545,0.4621,0.4533,0.4599,47734000,21947529.4,TQBR
2015-12-30,0.4604,0.4644,0.4559,0.458,64404000,29757656.1,TQBR
2016-01-04,0.46,0.47,0.4549,0.463,66700000,30852774.6,TQBR
2016-01-05,0.4617,0.4944,0.4417,0.473,337720000,161052505.9,TQBR
2016-01-06,0.4765,0.484,0.47,0.4755,126096000,60205254.3,TQBR
2016-01-11,0.4616,0.4722,0.4575,0.467,92857000,43274106.0,TQBR
2016-01-12,0.4626,0.4682,0.4559,0.465,90387000,41867813.6,TQBR
2016-01-13,0.4626,0.4672,0.4504,0.4504,84308000,38793707.7,TQBR
2016-01-14,0.4503,0.455,0.4471,0.4511,86172000,38825867.5,TQBR
2016-01-15,0.4498,0.4568,0.4347,0.4417,124100000,54935784.0,TQBR
2016-01-18,0.439,0.444,0.4304,0.4375,64664000,28269179.2,TQBR
2016-01-19,0.4415,0.4466,0.4415,0.4441,91735000,40773835.6,TQBR
2016-01-20,0.4385,0.4397,0.427,0.4372,87973000,38181715.1,TQBR
2016-01-21,0.439,0.447,0.4358,0.446,63208000,27928401.3,TQBR
2016-01-22,0.451,0.462,0.446,0.4577,120585000,54595623.5,TQBR
2016-01-25,0.4577,0.4644,0.4495,0.4511,56284000,25571050.6,TQBR
2016-01-26,0.446,0.4624,0.445,0.4596,86497000,39318582.1,TQBR
2016-01-27,0.4612,0.4638,0.4573,0.462,61088000,28155475.5,TQBR
2016-01-28,0.4599,0.4657,0.4599,0.4621,62276000,28777737.1,TQBR
2016-01-29,0.464,0.4677,0.4503,0.4503,108349000,49582745.7,TQBR
2016-02-01,0.4567,0.4637,0.4521,0.4553,64434000,29437614.0,TQBR
2016-02-02,0.4575,0.4626,0.4529,0.4591,33825000,15446393.4,TQBR
2016-02-03,0.4615,0.479,0.4581,0.4715,154455000,72997181.8,TQBR
2016-02-04,0.4795,0.486,0.4715,0.4838,152167000,73058189.5,TQBR
2016-02-05,0.4838,0.4849,0.477,0.4786,77184000,37179070.1,TQBR
2016-02-08,0.48,0.4828,0.4673,0.47,90861000,42938239.0,TQBR
2016-02-09,0.466,0.4749,0.4652,0.4749,88855000,41837833.1,TQBR
2016-02-10,0.4711,0.4779,0.469,0.476,80810000,38239706.2,TQBR
2016-02-11,0.4733,0.4769,0.456,0.4615,91353000,42353117.8,TQBR
2016-02-12,0.4668,0.4683,0.4627,0.4657,35108000,16348010.8,TQBR
2016-02-15,0.465,0.4771,0.464,0.4685,53428000,25167766.0,TQBR
2016-02-16,0.4695,0.4757,0.4694,0.471,63914000,30174689.0,TQBR
2016-02-17,0.47,0.4799,0.466,0.4775,83224000,39413351.7,TQBR
2016-02-18,0.478,0.499,0.4736,0.4965,157794000,77214089.0,TQBR
2016-02-19,0.495,0.495,0.479,0.4805,104017000,50367184.9,TQBR
2016-02-20,0.4823,0.4843,0.4801,0.4811,13675000,6581924.4,TQBR
2016-02-22,0.4846,0.5041,0.4811,0.4975,89144000,44159576.1,TQBR
2016-02-24,0.491,0.496,0.4801,0.485,104631000,50928823.8,TQBR
2016-02-25,0.486,0.4959,0.483,0.4882,114548000,56263410.5,TQBR
2016-02-26,0.4925,0.5018,0.486,0.4919,216651000,107274674.9,TQBR
2016-02-29,0.4994,0.54,0.4971,0.5367,625928000,325508043.0,TQBR
2016-03-01,0.54,0.54,0.5136,0.515,468813000,245510414.2,TQBR
2016-03-02,0.519,0.5315,0.5173,0.5233,562551000,295799545.2,TQBR
2016-03-03,0.5244,0.53,0.5186,0.5244,307799000,161115783.3,TQBR
2016-03-04,0.5255,0.5359,0.5211,0.5337,234248000,124173336.2,TQBR
2016-03-07,0.5368,0.5663,0.536,0.5609,257457000,142833991.9,TQBR
2016-03-09,0.56,0.5777,0.5505,0.5761,310608000,175996331.9,TQBR
2016-03-10,0.5765,0.5835,0.568,0.573,198291000,114124509.8,TQBR
2016-03-11,0.577,0.5799,0.5659,0.569,158195000,90500446.4,TQBR
2016-03-14,0.5736,0.5736,0.5552,0.5597,264447000,148064779.9,TQBR
2016-03-15,0.561,0.571,0.5525,0.571,222628000,124824448.0,TQBR
2016-03-16,0.574,0.599,0.5678,0.5899,434055000,255079619.3,TQBR
2016-03-17,0.5899,0.595,0.5705,0.5821,279478000,162954055.1,TQBR
2016-03-18,0.585,0.595,0.5656,0.5656,231952000,135672067.3,TQBR
2016-03-21,0.5741,0.5777,0.5656,0.5754,171639000,98091169.7,TQBR
2016-03-22,0.576,0.5949,0.5754,0.59,290469000,170717824.0,TQBR
2016-03-23,0.5896,0.6102,0.5841,0.596,409317000,245162453.0,TQBR
2016-03-24,0.5899,0.5946,0.5815,0.5884,230379000,135518054.8,TQBR
2016-03-25,0.5908,0.5984,0.5815,0.5943,172051000,102119382.9,TQBR
2016-03-28,0.596,0.6025,0.5881,0.593,122206000,72851415.0,TQBR
2016-03-29,0.593,0.5955,0.5705,0.5735,242993000,140911820.0,TQBR
2016-03-30,0.5795,0.5883,0.5736,0.5825,115628000,67050368.8,TQBR
2016-03-31,0.5801,0.5823,0.5729,0.576,109308000,63151171.7,TQBR
2016-04-01,0.572,0.5778,0.566,0.572,141970000,81008196.7,TQBR
2016-04-04,0.57,0.5993,0.5675,0.595,306326000,180474280.6,TQBR
2016-04-05,0.5935,0.615,0.581,0.6058,527992000,316841855.7,TQBR
2016-04-06,0.614,0.645,0.6092,0.6426,633271000,400628342.9,TQBR
2016-04-07,0.6478,0.6668,0.631,0.641,732897000,473732130.6,TQBR
2016-04-08,0.642,0.646,0.621,0.624,406556000,256010846.8,TQBR
2016-04-11,0.6202,0.6425,0.6202,0.6351,255051000,161561768.6,TQBR
2016-04-12,0.6305,0.6386,0.6248,0.635,204779000,129078999.8,TQBR
2016-04-13,0.6357,0.644,0.631,0.6367,125398000,79931273.9,TQBR
2016-04-14,0.635,0.6374,0.6075,0.6212,284539000,176689379.7,TQBR
2016-04-15,0.6212,0.6212,0.5923,0.5995,477936000,288101444.1,TQBR
2016-04-18,0.5895,0.605,0.563,0.6049,180191000,107053695.8,TQBR
2016-04-19,0.608,0.643,0.6063,0.64,491317000,307576169.3,TQBR
2016-04-20,0.6496,0.657,0.6407,0.6522,466453000,303550355.2,TQBR
2016-04-21,0.6541,0.6639,0.6329,0.6544,404046000,263536742.5,TQBR
2016-04-22,0.6579,0.695,0.6333,0.65,1652306000,1099307482.9,TQBR
2016-04-25,0.6399,0.6427,0.6223,0.6259,503419000,316670527.6,TQBR
2016-04-26,0.63,0.6329,0.6215,0.6272,215715000,135387746.2,TQBR
2016-04-27,0.63,0.6374,0.6235,0.6273,176603000,111411351.5,TQBR
2016-04-28,0.6306,0.6613,0.6132,0.654,421685000,270463633.6,TQBR
2016-04-29,0.659,0.6669,0.6234,0.6234,432925000,278051840.9,TQBR
2016-05-04,0.6224,0.6499,0.612,0.6313,225484000,142877826.6,TQBR
2016-05-05,0.6336,0.6432,0.6251,0.6374,181101000,115562852.1,TQBR
2016-05-06,0.6398,0.6401,0.6276,0.631,75110000,47413288.5,TQBR
2016-05-10,0.63,0.6353,0.6124,0.625,169001000,104656737.9,TQBR
2016-05-11,0.6256,0.629,0.6181,0.6196,123636000,76765247.2,TQBR
2016-05-12,0.62,0.6245,0.5979,0.603,197096000,120353073.1,TQBR
2016-05-13,0.605,0.608,0.5905,0.603,373756000,224635162.9,TQBR
2016-05-16,0.6068,0.6191,0.6056,0.6113,203485000,124748763.4,TQBR
2016-05-17,0.6158,0.6159,0.595,0.602,196250000,118068396.7,TQBR
2016-05-18,0.6035,0.6038,0.5932,0.6,98617000,59049746.0,TQBR
2016-05-19,0.597,0.5977,0.582,0.5823,156890000,92333677.9,TQBR
2016-05-20,0.588,0.5929,0.5781,0.5881,182338000,106611058.7,TQBR
2016-05-23,0.5895,0.5952,0.5818,0.588,85914000,50452712.8,TQBR
2016-05-24,0.5925,0.6332,0.5868,0.6125,1034200000,632148003.6,TQBR
2016-05-25,0.6199,0.6263,0.6071,0.6109,690268000,427506852.5,TQBR
2016-05-26,0.615,0.6298,0.6136,0.6232,431470000,267773978.1,TQBR
2016-05-27,0.6238,0.6475,0.6215,0.636,589633000,375097899.6,TQBR
2016-05-30,0.65,0.664,0.6235,0.6465,538758000,344571265.6,TQBR
2016-05-31,0.645,0.6499,0.624,0.635,477805000,302724224.1,TQBR
2016-06-01,0.635,0.64,0.5872,0.5997,690230000,421189832.9,TQBR
2016-06-02,0.59,0.5919,0.568,0.5802,1027214000,596591250.8,TQBR
2016-06-03,0.5802,0.604,0.5802,0.5976,684420000,408094870.6,TQBR
2016-06-06,0.5977,0.6,0.5852,0.5895,227725000,134698413.0,TQBR
2016-06-07,0.591,0.6028,0.5814,0.596,301031000,177699681.2,TQBR
2016-06-08,0.5978,0.6012,0.588,0.5965,169019000,100519309.2,TQBR
2016-06-09,0.5993,0.5999,0.585,0.5867,123961000,73093833.7,TQBR
2016-06-10,0.5888,0.592,0.5778,0.5823,132684000,77561257.3,TQBR
2016-06-14,0.5788,0.5874,0.5646,0.586,302695000,174021953.0,TQBR
2016-06-15,0.5875,0.611,0.5844,0.597,337165000,202301316.4,TQBR
2016-06-16,0.5988,0.63,0.5851,0.623,493765000,301769889.3,TQBR
2016-06-17,0.63,0.6438,0.6148,0.6255,572821000,363387867.0,TQBR
2016-06-20,0.627,0.64,0.6255,0.6342,140243000,88847796.4,TQBR
2016-06-21,0.6388,0.6392,0.62,0.6348,142240000,89477029.5,TQBR
2016-06-22,0.6347,0.6355,0.6175,0.6175,117039000,72920010.7,TQBR
2016-06-23,0.618,0.6246,0.6062,0.6115,152512000,93311690.4,TQBR
2016-06-24,0.5815,0.602,0.5702,0.6,202481000,120063341.6,TQBR
2016-06-27,0.5999,0.6135,0.59,0.603,158518000,95725974.8,TQBR
2016-06-28,0.6085,0.6229,0.6003,0.6075,159799000,97399672.9,TQBR
2016-06-29,0.61,0.62,0.6041,0.61,87005000,53390189.0,TQBR
2016-06-30,0.6092,0.6273,0.6092,0.62,108461000,67295597.7,TQBR
2016-07-01,0.6247,0.6308,0.6105,0.6155,100931000,62812373.1,TQBR
2016-07-04,0.6175,0.623,0.613,0.6177,100932000,62311091.5,TQBR
2016-07-05,0.6175,0.6556,0.6123,0.6556,209849000,133649785.7,TQBR
2016-07-06,0.6622,0.7165,0.6504,0.7119,1131901000,773542166.1,TQBR
2016-07-07,0.715,0.725,0.6868,0.692,508415000,360251574.7,TQBR
2016-07-08,0.69,0.7112,0.6717,0.6915,418161000,288713455.6,TQBR
2016-07-11,0.694,0.7235,0.694,0.714,328126000,234424155.1,TQBR
2016-07-12,0.7105,0.721,0.6905,0.7016,209967000,147947432.9,TQBR
2016-07-13,0.7067,0.7067,0.689,0.6999,139463000,97021421.7,TQBR
2016-07-14,0.702,0.7037,0.667,0.695,243270000,169763613.7,TQBR
2016-07-15,0.6994,0.701,0.69,0.6926,97272000,67469646.4,TQBR
2016-07-18,0.69,0.7148,0.6881,0.7081,185080000,130455894.1,TQBR
2016-07-19,0.7064,0.712,0.6908,0.7,140706000,98759062.0,TQBR
2016-07-20,0.7005,0.7066,0.6921,0.6932,104320000,72751194.4,TQBR
2016-07-21,0.695,0.7044,0.6931,0.702,66902000,46735328.3,TQBR
2016-07-22,0.7002,0.7439,0.7002,0.7426,451374000,328398545.5,TQBR
2016-07-25,0.7443,0.8477,0.7443,0.845,1368821000,1097038091.4,TQBR
2016-07-26,0.86,0.9468,0.856,0.8657,2070947000,1861299771.9,TQBR
2016-07-27,0.8648,0.8925,0.84,0.8525,623092000,539167617.1,TQBR
2016-07-28,0.847,0.88,0.8201,0.829,598557000,510180209.5,TQBR
2016-07-29,0.835,0.8831,0.825,0.8744,423751000,361002696.6,TQBR
2016-08-01,0.882,0.8916,0.861,0.8736,268365000,235139322.7,TQBR
2016-08-02,0.8691,0.8796,0.837,0.839,304568000,259492548.5,TQBR
2016-08-03,0.8431,0.878,0.8318,0.8656,384881000,331631681.1,TQBR
2016-08-04,0.8749,0.88,0.8527,0.8585,161310000,139755448.9,TQBR
2016-08-05,0.86,0.871,0.85,0.8693,211526000,183015696.4,TQBR
2016-08-08,0.8715,0.8884,0.8573,0.87,301969000,262282542.4,TQBR
2016-08-09,0.8698,0.8729,0.8601,0.8677,158286000,137233038.9,TQBR
2016-08-10,0.8694,0.9,0.865,0.87,661984000,586931730.8,TQBR
2016-08-11,0.8746,0.9285,0.857,0.926,770339000,690146967.4,TQBR
2016-08-12,0.9335,0.9366,0.9061,0.9063,513487000,472505044.3,TQBR
2016-08-15,0.91,0.9274,0.9065,0.9203,193863000,178264351.3,TQBR
2016-08-16,0.9234,0.9238,0.8956,0.898,231903000,210778782.6,TQBR
2016-08-17,0.8999,0.9184,0.8926,0.9111,216017000,195995610.8,TQBR
2016-08-18,0.915,0.918,0.8969,0.9,106840000,96798167.2,TQBR
2016-08-19,0.9068,0.91,0.894,0.904,116858000,105692484.3,TQBR
2016-08-22,0.904,0.924,0.8957,0.9159,200414000,183139153.8,TQBR
2016-08-23,0.9185,0.95,0.9139,0.9395,477847000,447141439.4,TQBR
2016-08-24,0.94,0.9576,0.9285,0.9381,468426000,442135747.8,TQBR
2016-08-25,0.9411,0.9478,0.9285,0.9451,315633000,297054433.3,TQBR
2016-08-26,0.95,0.9782,0.913,0.924,878087000,829719338.8,TQBR
2016-08-29,0.922,0.9475,0.9015,0.9454,457431000,425352547.5,TQBR
2016-08-30,0.947,0.9621,0.93,0.9301,503147000,477011148.5,TQBR
2016-08-31,0.9343,0.9423,0.925,0.9365,215911000,201425238.5,TQBR
2016-09-01,0.9356,0.944,0.9203,0.932,213107000,199100299.9,TQBR
2016-09-02,0.922,0.941,0.922,0.9325,266767000,248320407.1,TQBR
2016-09-05,0.93,0.9338,0.9201,0.93,210551000,195366899.2,TQBR
2016-09-06,0.935,0.951,0.935,0.9481,359823000,340422370.3,TQBR
2016-09-07,0.948,0.9657,0.9465,0.958,377246000,361703923.6,TQBR
2016-09-08,0.9618,0.9699,0.9419,0.947,247309000,235958818.4,TQBR
2016-09-09,0.9508,0.953,0.9271,0.9322,306692000,288000084.3,TQBR
2016-09-12,0.921,0.9347,0.911,0.928,263868000,243972037.9,TQBR
2016-09-13,0.9339,0.9482,0.9074,0.91,211696000,194548812.8,TQBR
2016-09-14,0.907,0.9118,0.885,0.8909,335899000,300990899.8,TQBR
2016-09-15,0.89,0.9041,0.8862,0.9039,158501000,142153653.2,TQBR
2016-09-16,0.9079,0.9118,0.853,0.853,368108000,322505532.9,TQBR
2016-09-19,0.8616,0.8785,0.8535,0.8701,290070000,251597318.3,TQBR
2016-09-20,0.869,0.8901,0.8629,0.8884,179980000,158052716.7,TQBR
2016-09-21,0.891,0.9008,0.8812,0.8866,215995000,192636721.0,TQBR
2016-09-22,0.8918,0.9046,0.8871,0.9039,243671000,218625470.9,TQBR
2016-09-23,0.9044,0.9046,0.8919,0.903,134301000,120783612.7,TQBR
2016-09-26,0.903,0.912,0.8786,0.887,167456000,149671130.7,TQBR
2016-09-27,0.8919,0.8919,0.865,0.865,172262000,150093653.2,TQBR
2016-09-28,0.8701,0.885,0.8627,0.8804,113998000,99784236.0,TQBR
2016-09-29,0.8908,0.895,0.88,0.88,138647000,122961495.8,TQBR
2016-09-30,0.881,0.934,0.8572,0.933,819078000,748049301.6,TQBR
2016-10-03,0.9372,0.9423,0.919,0.9205,292923000,272999130.0,TQBR
2016-10-04,0.9234,0.9234,0.9017,0.9106,193015000,176199231.4,TQBR
2016-10-05,0.9085,0.9116,0.873,0.8752,261416000,232246287.8,TQBR
2016-10-06,0.883,0.8868,0.865,0.8685,147080000,128730602.8,TQBR
2016-10-07,0.8735,0.89,0.8655,0.871,222254000,195890354.3,TQBR
2016-10-10,0.8769,0.906,0.8727,0.905,328704000,294654021.8,TQBR
2016-10-11,0.904,0.9065,0.884,0.8907,159935000,142918925.0,TQBR
2016-10-12,0.8857,0.9029,0.8857,0.8911,164502000,147416346.1,TQBR
2016-10-13,0.8943,0.9019,0.8801,0.8801,216620000,193339100.3,TQBR
2016-10-14,0.8845,0.8898,0.875,0.8805,105293000,92875247.2,TQBR
2016-10-17,0.877,0.897,0.8686,0.8968,175120000,155738536.5,TQBR
2016-10-18,0.8939,0.899,0.8816,0.8825,163822000,145742091.6,TQBR
2016-10-19,0.8851,0.899,0.883,0.8955,130028000,115651790.2,TQBR
2016-10-20,0.896,0.921,0.896,0.9071,242377000,221393373.1,TQBR
2016-10-21,0.9077,0.9133,0.8888,0.8905,157479000,141525135.8,TQBR
2016-10-24,0.8988,0.908,0.8908,0.9041,112572000,101380611.9,TQBR
2016-10-25,0.9061,0.925,0.8966,0.9101,243508000,222286421.0,TQBR
2016-10-26,0.9108,0.928,0.9033,0.9064,148171000,135844820.5,TQBR
2016-10-27,0.9065,0.937,0.9,0.9367,422996000,389540735.2,TQBR
2016-10-28,0.94,0.99,0.94,0.965,1152361000,1114222116.9,TQBR
2016-10-31,0.9724,0.9774,0.9425,0.976,441358000,423345684.1,TQBR
2016-11-01,0.977,1.0242,0.9687,1.018,869673000,877257252.3,TQBR
2016-11-02,1.0101,1.0393,0.9925,0.996,409969000,416070356.4,TQBR
2016-11-03,0.994,1.02,0.9753,1.0118,492676000,492204288.8,TQBR
2016-11-07,1.015,1.026,0.9879,0.9905,347121000,348713407.5,TQBR
2016-11-08,0.996,1.0032,0.9707,0.9879,385905000,380783193.9,TQBR
2016-11-09,0.9698,1.0139,0.9632,1.0,384419000,382884663.0,TQBR
2016-11-10,1.019,1.0399,1.0023,1.0037,508990000,519996393.8,TQBR
2016-11-11,1.01,1.024,0.985,1.02,436962000,439251485.5,TQBR
2016-11-14,1.023,1.0593,1.0162,1.05,421196000,439717644.4,TQBR
2016-11-15,1.0501,1.059,1.0361,1.045,289095000,302677165.2,TQBR
2016-11-16,1.05,1.0977,1.0451,1.0925,555738000,600708641.5,TQBR
2016-11-17,1.0949,1.165,1.0852,1.16,1228838000,1396532370.6,TQBR
2016-11-18,1.1649,1.1734,1.138,1.1515,482636000,557345456.8,TQBR
2016-11-21,1.155,1.164,1.126,1.1334,419732000,479456005.9,TQBR
2016-11-22,1.14,1.1447,1.1062,1.1121,419675000,470409253.3,TQBR
2016-11-23,1.1129,1.135,1.1091,1.1216,394790000,444897378.6,TQBR
2016-11-24,1.1265,1.133,1.114,1.1299,205275000,230567671.5,TQBR
2016-11-25,1.1319,1.1419,1.12,1.134,213072000,240815080.5,TQBR
2016-11-28,1.1392,1.1673,1.1287,1.1595,340902000,392505991.3,TQBR
2016-11-29,1.16,1.1959,1.1537,1.1781,388549000,458249218.5,TQBR
2016-11-30,1.179,1.2196,1.1605,1.2097,449950000,536423719.2,TQBR
2016-12-01,1.2149,1.23,1.17,1.1736,351536000,421808568.8,TQBR
2016-12-02,1.17,1.1867,1.1544,1.1665,275726000,322199758.1,TQBR
2016-12-05,1.1688,1.2098,1.1633,1.205,246134000,294063751.9,TQBR
2016-12-06,1.1989,1.2099,1.1861,1.205,225196000,269922017.6,TQBR
2016-12-07,1.2049,1.229,1.1902,1.2247,204206000,247306330.7,TQBR
2016-12-08,1.2203,1.2964,1.2203,1.2889,767487000,976993116.0,TQBR
2016-12-09,1.2891,1.3232,1.2602,1.3004,612504000,795506732.1,TQBR
2016-12-12,1.32,1.33,1.265,1.275,483673000,626288038.9,TQBR
2016-12-13,1.2916,1.308,1.2616,1.3,305874000,395012556.1,TQBR
2016-12-14,1.3,1.344,1.3,1.3279,529151000,703029631.5,TQBR
2016-12-15,1.3181,1.3383,1.3035,1.305,270704000,356294419.6,TQBR
2016-12-16,1.3054,1.3246,1.2673,1.2896,489884000,631618788.5,TQBR
2016-12-19,1.2811,1.295,1.1627,1.17,1130264000,1381927230.1,TQBR
2016-12-20,1.1697,1.2254,1.1658,1.1918,809404000,969308548.5,TQBR
2016-12-21,1.193,1.2213,1.1778,1.18,283918000,341010856.7,TQBR
2016-12-22,1.185,1.1871,1.112,1.128,639123000,726701015.6,TQBR
2016-12-23,1.13,1.1417,1.1011,1.1098,403202000,449901384.8,TQBR
2016-12-26,1.114,1.145,1.1051,1.13,343719000,389463208.1,TQBR
2016-12-27,1.1392,1.169,1.1337,1.157,291043000,335688206.9,TQBR
2016-12-28,1.1696,1.1773,1.1465,1.1495,229117000,265906196.2,TQBR
2016-12-29,1.1469,1.159,1.1127,1.1329,374573000,424546808.7,TQBR
2016-12-30,1.1385,1.1496,1.132,1.1439,122826000,140392914.8,TQBR
2017-01-03,1.144,1.1854,1.1439,1.1703,190173000,223335025.7,TQBR
2017-01-04,1.1765,1.1835,1.1445,1.1797,288250000,335334464.4,TQBR
2017-01-05,1.1836,1.2012,1.1782,1.1864,208257000,247663336.2,TQBR
2017-01-06,1.1955,1.2119,1.1751,1.2044,202566000,241785848.8,TQBR
2017-01-09,1.218,1.2387,1.2103,1.2225,361274000,442452196.1,TQBR
2017-01-10,1.2279,1.25,1.2181,1.25,299805000,371490911.5,TQBR
2017-01-11,1.2497,1.2596,1.2328,1.2479,164480000,205207041.8,TQBR
2017-01-12,1.2479,1.2794,1.2445,1.26,288586000,365319567.5,TQBR
2017-01-13,1.2533,1.273,1.18,1.223,698146000,848437405.1,TQBR
2017-01-16,1.225,1.225,1.185,1.2152,321366000,387542556.0,TQBR
2017-01-17,1.2057,1.2231,1.183,1.197,254839000,305193197.4,TQBR
2017-01-18,1.2,1.245,1.1932,1.234,481555000,585553227.4,TQBR
2017-01-19,1.245,1.269,1.2251,1.24,502317000,625172590.4,TQBR
2017-01-20,1.2458,1.25,1.2031,1.2291,275730000,335553384.7,TQBR
2017-01-23,1.2305,1.249,1.2305,1.236,239451000,296848674.0,TQBR
2017-01-24,1.2375,1.25,1.2264,1.243,245729000,304359122.6,TQBR
2017-01-25,1.2429,1.243,1.206,1.2178,309348000,377668688.1,TQBR
2017-01-26,1.2185,1.2318,1.2007,1.219,203083000,247272846.2,TQBR
2017-01-27,1.219,1.2497,1.219,1.232,275668000,340683724.8,TQBR
2017-01-30,1.237,1.266,1.2256,1.2548,459722000,576001130.6,TQBR
2017-01-31,1.255,1.2675,1.2286,1.2385,256730000,319392126.2,TQBR
2017-02-01,1.2149,1.2361,1.209,1.2267,472323000,576485556.4,TQBR
2017-02-02,1.2267,1.2425,1.2211,1.2285,148617000,182996530.5,TQBR
2017-02-03,1.2321,1.2662,1.2207,1.2651,464328000,579681058.1,TQBR
2017-02-06,1.2705,1.2825,1.2471,1.252,357598000,451120736.7,TQBR
2017-02-07,1.252,1.26,1.2406,1.2585,179259000,224217014.9,TQBR
2017-02-08,1.26,1.27,1.2437,1.2483,213621000,268485553.0,TQBR
2017-02-09,1.2482,1.2674,1.231,1.247,246199000,307288182.9,TQBR
2017-02-10,1.253,1.2635,1.2427,1.248,133090000,166531908.5,TQBR
2017-02-13,1.2527,1.2555,1.2361,1.2386,100271000,124570496.7,TQBR
2017-02-14,1.251,1.251,1.233,1.24,146353000,181463081.9,TQBR
2017-02-15,1.24,1.2578,1.2152,1.2472,243152000,300953557.2,TQBR
2017-02-16,1.2525,1.2572,1.233,1.245,239571000,298039206.8,TQBR
2017-02-17,1.2456,1.249,1.2255,1.238,132078000,163161922.7,TQBR
2017-02-20,1.24,1.2421,1.1552,1.1668,429532000,512829056.9,TQBR
2017-02-21,1.162,1.1895,1.1404,1.17,458068000,536370819.5,TQBR
2017-02-22,1.17,1.1796,1.1014,1.1014,730152000,822345472.3,TQBR
2017-02-24,1.1069,1.1069,1.038,1.045,866000000,924801265.8,TQBR
2017-02-27,1.045,1.0791,0.9942,0.9999,1021815000,1055576075.2,TQBR
2017-02-28,0.9991,1.0477,0.8765,1.02,1399929000,1371204091.7,TQBR
2017-03-01,1.022,1.079,1.015,1.0662,531808000,562217307.3,TQBR
2017-03-02,1.066,1.0889,1.023,1.0367,506028000,534512915.1,TQBR
2017-03-03,1.0295,1.07,1.0106,1.063,419498000,438020080.6,TQBR
2017-03-06,1.07,1.0879,1.026,1.026,398129000,420746025.0,TQBR
2017-03-07,1.025,1.0341,0.9559,0.9616,555722000,545504042.3,TQBR
2017-03-09,0.9415,0.9478,0.8313,0.8329,1444091000,1277326031.4,TQBR
2017-03-10,0.8345,0.892,0.8155,0.883,781944000,677937297.0,TQBR
2017-03-13,0.885,0.907,0.8506,0.907,412038000,364394519.1,TQBR
2017-03-14,0.907,0.924,0.8871,0.897,320133000,289847356.4,TQBR
2017-03-15,0.904,0.9059,0.8788,0.8858,233628000,208485945.8,TQBR
2017-03-16,0.9,0.9255,0.894,0.91,312908000,284565789.4,TQBR
2017-03-17,0.91,0.96,0.9099,0.9499,454947000,428498619.7,TQBR
2017-03-20,0.95,0.985,0.95,0.9639,327638000,316704496.3,TQBR
2017-03-21,0.964,1.0282,0.964,0.978,646370000,645228115.6,TQBR
2017-03-22,0.96,0.9991,0.9271,0.9937,598460000,575708796.5,TQBR
2017-03-23,1.012,1.0219,0.9802,0.999,399200000,399588837.6,TQBR
2017-03-24,0.9976,1.0116,0.98,0.9932,140652000,139584706.2,TQBR
2017-03-27,0.9805,0.9809,0.9311,0.9435,281967000,268405018.7,TQBR
2017-03-28,0.9518,0.957,0.903,0.923,494481000,454904436.9,TQBR
2017-03-29,0.9279,0.9398,0.9123,0.932,189401000,175823428.0,TQBR
2017-03-30,0.935,0.981,0.929,0.9757,396150000,380453620.6,TQBR
2017-03-31,0.9799,0.9826,0.9365,0.9398,265471000,252682736.4,TQBR
2017-04-03,0.9481,0.97,0.9396,0.9579,213053000,204192916.9,TQBR
2017-04-04,0.9517,0.9938,0.9517,0.988,215126000,210454630.0,TQBR
2017-04-05,0.993,1.0,0.9773,0.9905,306843000,305102429.1,TQBR
2017-04-06,0.9897,1.02,0.9786,0.994,316895000,317174397.9,TQBR
2017-04-07,0.9899,0.9899,0.941,0.949,482477000,461420010.7,TQBR
2017-04-10,0.9411,0.9515,0.9,0.9021,381528000,348302877.2,TQBR
2017-04-11,0.9,0.929,0.8908,0.901,311286000,283933188.5,TQBR
2017-04-12,0.903,0.9129,0.8619,0.89,272434000,241580080.4,TQBR
2017-04-13,0.9,0.913,0.8752,0.913,266530000,238589536.9,TQBR
2017-04-14,0.9089,0.9115,0.881,0.882,160079000,143544536.6,TQBR
2017-04-17,0.882,0.9149,0.8745,0.9149,228979000,204457867.5,TQBR
2017-04-18,0.913,0.9199,0.8823,0.885,232923000,208856641.6,TQBR
2017-04-19,0.885,0.8971,0.8661,0.8772,241286000,213238000.3,TQBR
2017-04-20,0.87,0.876,0.8425,0.8641,362867000,311033822.3,TQBR
2017-04-21,0.8698,0.8798,0.8583,0.8601,157277000,136727068.1,TQBR
2017-04-24,0.8746,0.9375,0.8676,0.934,544956000,496514683.0,TQBR
2017-04-25,0.938,0.9574,0.928,0.937,407473000,384660165.8,TQBR
2017-04-26,0.9241,0.933,0.9005,0.9239,468052000,429336668.9,TQBR
2017-04-27,0.918,0.922,0.903,0.9099,211115000,192630156.2,TQBR
2017-04-28,0.9399,0.979,0.9235,0.96,742373000,704116833.9,TQBR
2017-05-02,0.9716,0.978,0.95,0.9598,214594000,207302414.9,TQBR
2017-05-03,0.96,0.96,0.9356,0.9371,167271000,158455637.5,TQBR
2017-05-04,0.9352,0.954,0.9125,0.922,166077000,154783876.7,TQBR
2017-05-05,0.911,0.9176,0.9021,0.9158,197997000,180024440.7,TQBR
2017-05-10,0.9171,0.9418,0.9104,0.9241,155618000,144528894.1,TQBR
2017-05-11,0.9301,0.9431,0.89,0.9111,224729000,205834337.5,TQBR
2017-05-12,0.91,0.9178,0.8945,0.904,162544000,147571982.4,TQBR
2017-05-15,0.9164,0.925,0.8703,0.8842,282790000,253830551.3,TQBR
2017-05-16,0.88,0.899,0.8656,0.8839,175562000,154905993.1,TQBR
2017-05-17,0.8801,0.9121,0.8791,0.9078,134938000,121245559.0,TQBR
2017-05-18,0.895,0.9052,0.8669,0.873,211906000,186916891.1,TQBR
2017-05-19,0.88,0.8828,0.8545,0.8595,163051000,141219731.7,TQBR
2017-05-22,0.8697,0.8697,0.83,0.833,205242000,173973553.1,TQBR
2017-05-23,0.838,0.8696,0.8202,0.8575,208956000,177114647.3,TQBR
2017-05-24,0.8586,0.8658,0.8381,0.8608,155369000,132589374.2,TQBR
2017-05-25,0.8592,0.8676,0.8287,0.8335,249518000,210702705.2,TQBR
2017-05-26,0.825,0.829,0.7853,0.795,640017000,512324073.2,TQBR
2017-05-29,0.7792,0.7927,0.7511,0.7528,333769000,258716784.3,TQBR
2017-05-30,0.75,0.7969,0.7271,0.77,606538000,463292961.1,TQBR
2017-05-31,0.741,0.7797,0.731,0.7639,530116000,403630124.5,TQBR
2017-06-01,0.7685,0.7714,0.7237,0.726,425802000,313628302.4,TQBR
2017-06-02,0.7267,0.7619,0.7058,0.7617,414743000,304159305.3,TQBR
2017-06-05,0.768,0.7887,0.7603,0.7849,280921000,217596105.5,TQBR
2017-06-06,0.7835,0.7849,0.7605,0.7636,191127000,147733197.5,TQBR
2017-06-07,0.7635,0.7783,0.754,0.7586,178378000,136632985.4,TQBR
2017-06-08,0.7587,0.7623,0.7371,0.7566,186778000,140249146.5,TQBR
2017-06-09,0.7575,0.7749,0.7533,0.7687,141025000,108121193.7,TQBR
2017-06-13,0.778,0.7819,0.7518,0.7585,110645000,84525101.6,TQBR
2017-06-14,0.7615,0.7634,0.7381,0.7395,117857000,88118872.8,TQBR
2017-06-15,0.73,0.7348,0.699,0.7245,396410000,282720546.6,TQBR
2017-06-16,0.7283,0.748,0.7118,0.748,243096000,177823318.3,TQBR
2017-06-19,0.7406,0.7511,0.73,0.7396,140758000,103971511.2,TQBR
2017-06-20,0.736,0.769,0.736,0.7635,234041000,177232151.6,TQBR
2017-06-21,0.7635,0.7854,0.7566,0.779,198229000,153402161.3,TQBR
2017-06-22,0.778,0.7887,0.7685,0.784,162981000,127166956.2,TQBR
2017-06-23,0.7843,0.7899,0.7722,0.783,108222000,84711077.1,TQBR
2017-06-26,0.788,0.8067,0.7833,0.7919,253231000,202232993.7,TQBR
2017-06-27,0.7919,0.8193,0.7874,0.8138,171320000,138020222.0,TQBR
2017-06-28,0.8106,0.8286,0.8029,0.82,244861000,199909673.0,TQBR
2017-06-29,0.825,0.829,0.8024,0.8042,208817000,170926593.8,TQBR
2017-06-30,0.8042,0.82,0.7902,0.797,221258000,177930314.6,TQBR
2017-07-03,0.8064,0.8071,0.7812,0.792,187203000,148801080.5,TQBR
2017-07-04,0.8028,0.8151,0.7925,0.811,273906000,220243228.9,TQBR
2017-07-05,0.8148,0.8315,0.8028,0.811,237049000,193010651.3,TQBR
2017-07-06,0.8145,0.8182,0.7937,0.802,126742000,102176130.4,TQBR
2017-07-07,0.7996,0.8084,0.7914,0.8028,127331000,101961889.6,TQBR
2017-07-10,0.808,0.87,0.8056,0.87,550428000,466103048.7,TQBR
2017-07-11,0.8719,0.8755,0.852,0.8522,299024000,257269404.1,TQBR
2017-07-12,0.855,0.8738,0.855,0.8708,215844000,186811263.9,TQBR
2017-07-13,0.8688,0.9068,0.8686,0.8938,454561000,406106606.3,TQBR
2017-07-14,0.903,0.903,0.867,0.869,189434000,166770261.4,TQBR
2017-07-17,0.8751,0.8771,0.8386,0.8453,216855000,184443824.2,TQBR
2017-07-18,0.8391,0.8622,0.8378,0.8538,247264000,210953662.0,TQBR
2017-07-19,0.854,0.8677,0.8521,0.8631,110994000,95475531.5,TQBR
2017-07-20,0.8699,0.8699,0.8507,0.8507,118834000,102339568.9,TQBR
2017-07-21,0.8521,0.8588,0.833,0.8373,145519000,122881646.7,TQBR
2017-07-24,0.8435,0.8445,0.8253,0.8315,102498000,85462355.5,TQBR
2017-07-25,0.8315,0.8586,0.8315,0.8501,161849000,137059402.5,TQBR
2017-07-26,0.851,0.8743,0.844,0.8722,163457000,139943104.0,TQBR
2017-07-27,0.875,0.8964,0.8657,0.866,313760000,275823451.6,TQBR
2017-07-28,0.864,0.864,0.8397,0.845,175228000,148899866.6,TQBR
2017-07-31,0.847,0.8644,0.83,0.8644,160984000,136253194.5,TQBR
2017-08-01,0.8626,0.8808,0.8546,0.875,192613000,167999778.1,TQBR
2017-08-02,0.8798,0.8896,0.859,0.871,143134000,124939860.8,TQBR
2017-08-03,0.875,0.8769,0.8657,0.874,52290000,45491428.4,TQBR
2017-08-04,0.87,0.889,0.8673,0.8803,135963000,119581778.2,TQBR
2017-08-07,0.8806,0.8938,0.877,0.8791,114436000,101446326.3,TQBR
2017-08-08,0.884,0.9116,0.878,0.9103,294107000,263992111.4,TQBR
2017-08-09,0.9085,0.9085,0.891,0.893,143214000,128906948.5,TQBR
2017-08-10,0.8947,0.9037,0.868,0.871,216818000,192703633.1,TQBR
2017-08-11,0.8623,0.9024,0.8521,0.89,305499000,267846831.9,TQBR
2017-08-14,0.893,0.9089,0.8722,0.9035,236784000,210553792.7,TQBR
2017-08-15,0.9,0.93,0.8955,0.9286,315133000,290148766.5,TQBR
2017-08-16,0.93,0.946,0.92,0.9212,231660000,216834065.8,TQBR
2017-08-17,0.9212,0.9392,0.915,0.9232,175413000,162875377.6,TQBR
2017-08-18,0.921,0.9346,0.9155,0.9294,198796000,183911705.9,TQBR
2017-08-21,0.935,0.9595,0.9302,0.958,318486000,302142683.8,TQBR
2017-08-22,0.977,0.98,0.9558,0.9799,330039000,320687514.5,TQBR
2017-08-23,0.9805,0.984,0.951,0.9593,249068000,240854110.9,TQBR
2017-08-24,0.967,0.98,0.9544,0.976,146551000,142229756.3,TQBR
2017-08-25,0.983,0.9934,0.974,0.9873,204248000,201239478.2,TQBR
2017-08-28,0.993,1.02,0.9902,1.0111,318501000,320998919.3,TQBR
2017-08-29,1.0052,1.0271,0.9982,1.0168,336918000,340520756.9,TQBR
2017-08-30,1.018,1.018,0.9925,0.9958,318871000,319766185.0,TQBR
2017-08-31,0.999,1.025,0.988,1.0198,268799000,272295794.5,TQBR
2017-09-01,1.0198,1.0325,0.9975,1.0324,328458000,334811303.2,TQBR
2017-09-04,1.0324,1.0618,1.0273,1.0548,516924000,543766325.2,TQBR
2017-09-05,1.0526,1.0552,1.0327,1.0475,300124000,313895153.4,TQBR
2017-09-06,1.0467,1.0535,1.0322,1.053,272894000,284710864.7,TQBR
2017-09-07,1.0531,1.09,1.0531,1.075,485120000,523008954.6,TQBR
2017-09-08,1.0798,1.0945,1.0662,1.09,332804000,361131185.3,TQBR
2017-09-11,1.094,1.124,1.094,1.113,445619000,495240930.9,TQBR
2017-09-12,1.1187,1.1344,1.097,1.122,408814000,455523610.9,TQBR
2017-09-13,1.124,1.13,1.1026,1.107,202550000,225080190.2,TQBR
2017-09-14,1.11,1.1169,1.069,1.0952,427477000,463843972.1,TQBR
2017-09-15,1.0955,1.099,1.0806,1.099,196109000,213797229.0,TQBR
2017-09-18,1.099,1.1274,1.0988,1.118,227620000,254701543.4,TQBR
2017-09-19,1.1165,1.118,1.0515,1.059,623797000,674674138.7,TQBR
2017-09-20,1.0575,1.0738,1.0014,1.0694,848055000,879122319.4,TQBR
2017-09-21,1.0732,1.0879,1.0513,1.0579,320837000,342635865.5,TQBR
2017-09-22,1.0555,1.0573,1.0131,1.0201,547226000,562419061.3,TQBR
2017-09-25,1.0142,1.0444,1.0142,1.0271,255887000,264790657.7,TQBR
2017-09-26,1.036,1.0439,1.024,1.0293,246804000,255872294.7,TQBR
2017-09-27,1.032,1.0418,1.027,1.031,103594000,107073591.0,TQBR
2017-09-28,1.0305,1.0395,1.0121,1.0131,222090000,226739485.0,TQBR
2017-09-29,1.0141,1.0257,1.0052,1.0175,162332000,164902985.8,TQBR
2017-10-02,1.0118,1.0256,1.01,1.017,109520000,111626004.1,TQBR
2017-10-03,1.018,1.0245,1.015,1.017,87191000,88889632.2,TQBR
2017-10-04,1.019,1.0197,0.9955,1.0061,180202000,181506010.9,TQBR
2017-10-05,1.0062,1.0217,0.9975,1.0191,200186000,202466160.2,TQBR
2017-10-06,1.0191,1.05,1.0191,1.0414,295885000,307914018.1,TQBR
2017-10-09,1.0415,1.0678,1.0415,1.0667,247152000,261235740.7,TQBR
2017-10-10,1.0688,1.085,1.0613,1.066,231392000,248353891.4,TQBR
2017-10-11,1.0693,1.0714,1.05,1.0641,174521000,184790294.1,TQBR
2017-10-12,1.0656,1.075,1.0469,1.0484,145618000,154513647.1,TQBR
2017-10-13,1.048,1.0587,1.0426,1.0499,139834000,146799812.6,TQBR
2017-10-16,1.059,1.0739,1.051,1.0739,182955000,194518258.1,TQBR
2017-10-17,1.0777,1.0777,1.0165,1.024,649945000,673192904.4,TQBR
2017-10-18,1.0202,1.0268,0.9966,1.01,670845000,676275006.6,TQBR
2017-10-19,1.0119,1.0245,0.9607,0.967,522019000,514885551.5,TQBR
2017-10-20,0.9699,0.9857,0.9671,0.9799,334097000,326930228.6,TQBR
2017-10-23,0.987,0.9946,0.9558,0.9597,257837000,249582647.1,TQBR
2017-10-24,0.9597,0.9633,0.9177,0.938,600324000,559814178.5,TQBR
2017-10-25,0.9395,0.949,0.906,0.915,351624000,325532589.8,TQBR
2017-10-26,0.914,0.9291,0.9015,0.924,423625000,387766162.7,TQBR
2017-10-27,0.928,0.9491,0.9151,0.9472,314110000,293045806.0,TQBR
2017-10-30,0.9544,0.9677,0.945,0.9524,267611000,255466750.1,TQBR
2017-10-31,0.9546,0.9631,0.9362,0.9471,172262000,163575793.0,TQBR
2017-11-01,0.9433,0.9544,0.937,0.9475,156859000,148425077.7,TQBR
2017-11-02,0.9487,0.9506,0.9207,0.9289,144164000,134669678.9,TQBR
2017-11-03,0.9334,0.9437,0.9213,0.9325,105357000,98047928.5,TQBR
2017-11-07,0.9349,0.9449,0.9284,0.9326,139302000,130431630.7,TQBR
2017-11-08,0.9397,0.951,0.9264,0.9368,154825000,145720967.0,TQBR
2017-11-09,0.9397,0.9545,0.928,0.929,197875000,186041304.1,TQBR
2017-11-10,0.935,0.9383,0.9157,0.9347,134142000,124464532.6,TQBR
2017-11-13,0.9311,0.9395,0.926,0.9276,64085000,59665790.7,TQBR
2017-11-14,0.928,0.9465,0.92,0.921,182733000,169807268.8,TQBR
2017-11-15,0.9199,0.9199,0.863,0.874,384989000,342850533.1,TQBR
2017-11-16,0.875,0.8926,0.8314,0.8847,476496000,411079302.0,TQBR
2017-11-17,0.8889,0.8917,0.866,0.866,193755000,170228936.6,TQBR
2017-11-20,0.866,0.9093,0.8552,0.9093,299398000,265945187.1,TQBR
2017-11-21,0.9129,0.916,0.8901,0.8997,187908000,168981253.2,TQBR
2017-11-22,0.8997,0.9137,0.885,0.9102,118732000,106953606.3,TQBR
2017-11-23,0.9102,0.9138,0.8895,0.907,114953000,103733056.6,TQBR
2017-11-24,0.9015,0.911,0.8951,0.8994,71749000,64735875.7,TQBR
2017-11-27,0.8961,0.905,0.883,0.903,93213000,83356033.9,TQBR
2017-11-28,0.893,0.8998,0.8852,0.8869,65078000,57962450.3,TQBR
2017-11-29,0.8869,0.892,0.8687,0.875,118368000,104003662.4,TQBR
2017-11-30,0.8713,0.8749,0.8352,0.8451,153956000,131706175.1,TQBR
2017-12-01,0.8451,0.8685,0.8412,0.858,101665000,87002267.7,TQBR
2017-12-04,0.8565,0.8569,0.8301,0.8301,177986000,149203007.0,TQBR
2017-12-05,0.83,0.8382,0.8106,0.8299,201013000,165417715.2,TQBR
2017-12-06,0.83,0.8497,0.82,0.83,233407000,195708493.1,TQBR
2017-12-07,0.8369,0.8369,0.819,0.8304,125096000,103420618.8,TQBR
2017-12-08,0.8325,0.8459,0.8155,0.8174,90084000,74835741.8,TQBR
2017-12-11,0.8198,0.857,0.8168,0.845,244369000,206072129.4,TQBR
2017-12-12,0.8516,0.8635,0.8467,0.8534,201334000,172509088.0,TQBR
2017-12-13,0.859,0.8718,0.846,0.8587,150111000,128772934.9,TQBR
2017-12-14,0.8595,0.8706,0.85,0.8694,127296000,110042886.4,TQBR
2017-12-15,0.8655,0.884,0.86,0.884,146917000,128323392.3,TQBR
2017-12-18,0.8839,0.907,0.8715,0.8745,239115000,213257043.8,TQBR
2017-12-19,0.875,0.885,0.8453,0.849,201074000,172417464.4,TQBR
2017-12-20,0.85,0.8524,0.7924,0.8118,511841000,416359563.5,TQBR
2017-12-21,0.8119,0.8232,0.8052,0.8175,231061000,188084242.4,TQBR
2017-12-22,0.8166,0.8388,0.8148,0.82,211428000,174744009.1,TQBR
2017-12-25,0.8211,0.829,0.811,0.8193,101657000,83379160.9,TQBR
2017-12-26,0.8181,0.8248,0.8023,0.8038,141184000,114166724.9,TQBR
2017-12-27,0.8033,0.8135,0.7982,0.8035,160176000,129067131.7,TQBR
2017-12-28,0.8067,0.8247,0.8041,0.8224,230872000,189264992.7,TQBR
2017-12-29,0.8241,0.8334,0.8149,0.8204,115515000,95047407.2,TQBR
2018-01-03,0.819,0.8355,0.8161,0.8355,77164000,63978681.0,TQBR
2018-01-04,0.835,0.8482,0.8335,0.8375,100884000,84867344.7,TQBR
2018-01-05,0.8439,0.8439,0.8281,0.8317,61268000,51079861.3,TQBR
2018-01-09,0.831,0.85,0.83,0.8344,124303000,104291779.1,TQBR
2018-01-10,0.8397,0.8429,0.8301,0.84,88639000,74194242.4,TQBR
2018-01-11,0.84,0.8488,0.84,0.8425,91835000,77577681.6,TQBR
2018-01-12,0.8425,0.8442,0.8266,0.8277,119120000,99181341.1,TQBR
2018-01-15,0.83,0.8348,0.8238,0.825,77939000,64611822.7,TQBR
2018-01-16,0.8293,0.8293,0.8112,0.8178,109408000,89588627.9,TQBR
2018-01-17,0.8122,0.8277,0.8112,0.8275,104760000,86056717.2,TQBR
2018-01-18,0.8265,0.8425,0.8265,0.8347,117667000,98279636.4,TQBR
2018-01-19,0.8347,0.895,0.8311,0.8944,614769000,537854459.4,TQBR
2018-01-22,0.895,0.9593,0.89,0.9315,893656000,827554521.5,TQBR
2018-01-23,0.9317,0.9473,0.9203,0.93,465051000,434191591.1,TQBR
2018-01-24,0.9281,0.9522,0.9081,0.9368,317230000,295638601.1,TQBR
2018-01-25,0.9368,0.9463,0.915,0.9151,155040000,143645604.3,TQBR
2018-01-26,0.9135,0.9233,0.8833,0.8902,213730000,192487983.8,TQBR
2018-01-29,0.8918,0.9145,0.8869,0.8978,176509000,159177594.6,TQBR
2018-01-30,0.898,0.9187,0.8889,0.9168,220532000,200449414.2,TQBR
2018-01-31,0.9134,0.9194,0.8965,0.9135,200448000,182703419.9,TQBR
2018-02-01,0.91,0.9375,0.903,0.906,236682000,218135039.1,TQBR
2018-02-02,0.9099,0.9166,0.8934,0.9067,150659000,136013280.4,TQBR
2018-02-05,0.8934,0.9252,0.8901,0.9252,223565000,203171266.7,TQBR
2018-02-06,0.8962,0.9124,0.875,0.8907,342059000,305808680.8,TQBR
2018-02-07,0.9049,0.9138,0.8935,0.9062,140502000,126714853.2,TQBR
2018-02-08,0.9065,0.907,0.8882,0.8908,150498000,134535849.6,TQBR
2018-02-09,0.873,0.8817,0.8556,0.8771,193842000,168886262.5,TQBR
2018-02-12,0.877,0.8881,0.8729,0.8805,141348000,124431154.1,TQBR
2018-02-13,0.8806,0.8877,0.8745,0.883,83579000,73558009.8,TQBR
2018-02-14,0.8833,0.9029,0.8784,0.8885,156444000,139599377.2,TQBR
2018-02-15,0.9013,0.9013,0.846,0.8555,725425000,624938878.3,TQBR
2018-02-16,0.8555,0.8579,0.8377,0.8415,249283000,211075137.7,TQBR
2018-02-19,0.84,0.8537,0.8353,0.8492,110372000,93333147.2,TQBR
2018-02-20,0.8506,0.8531,0.84,0.8425,91070000,77021644.1,TQBR
2018-02-21,0.842,0.8575,0.842,0.8471,148099000,125863362.9,TQBR
2018-02-22,0.8497,0.8529,0.8428,0.8441,138873000,117651070.5,TQBR
2018-02-26,0.85,0.873,0.8487,0.873,194856000,167913055.0,TQBR
2018-02-27,0.874,0.8754,0.847,0.847,209603000,179738538.1,TQBR
2018-02-28,0.847,0.8537,0.827,0.8301,251467000,210339345.5,TQBR
2018-03-01,0.8289,0.8443,0.821,0.8337,167859000,139153469.7,TQBR
2018-03-02,0.835,0.8373,0.823,0.8286,95545000,79503600.1,TQBR
2018-03-05,0.8285,0.8354,0.8242,0.8273,109598000,90851528.9,TQBR
2018-03-06,0.8291,0.8333,0.825,0.825,111874000,92584890.9,TQBR
2018-03-07,0.8245,0.826,0.8102,0.8248,196076000,160129219.1,TQBR
2018-03-09,0.825,0.8394,0.8232,0.8371,151044000,125432724.0,TQBR
2018-03-12,0.8382,0.8463,0.8288,0.8345,213069000,179054353.7,TQBR
2018-03-13,0.8335,0.8573,0.8258,0.8464,359855000,303757538.7,TQBR
2018-03-14,0.8485,0.8489,0.8189,0.8189,242573000,201494097.5,TQBR
2018-03-15,0.8191,0.825,0.8144,0.8242,156079000,127933328.5,TQBR
2018-03-16,0.8241,0.832,0.8185,0.8295,322981000,266683192.6,TQBR
2018-03-19,0.826,0.8323,0.8207,0.8207,107797000,88989832.0,TQBR
2018-03-20,0.8208,0.828,0.8196,0.8217,103497000,85206838.7,TQBR
2018-03-21,0.822,0.8256,0.8166,0.817,197269000,161931404.6,TQBR
2018-03-22,0.8191,0.82,0.81,0.8146,120422000,98046345.6,TQBR
2018-03-23,0.8072,0.8102,0.801,0.8034,136552000,109815422.2,TQBR
2018-03-26,0.8072,0.8072,0.776,0.7782,259091000,204935572.4,TQBR
2018-03-27,0.7827,0.793,0.7734,0.785,246892000,193340002.7,TQBR
2018-03-28,0.7748,0.7822,0.76,0.761,247315000,189483628.4,TQBR
2018-03-29,0.7611,0.7656,0.756,0.7605,177667000,135059109.2,TQBR
2018-03-30,0.7639,0.7644,0.7561,0.7594,119641000,90883362.0,TQBR
2018-04-02,0.7595,0.7818,0.7587,0.765,382231000,295046725.9,TQBR
2018-04-03,0.7652,0.772,0.7636,0.7708,135007000,103749537.2,TQBR
2018-04-04,0.773,0.7756,0.765,0.7707,89012000,68543380.2,TQBR
2018-04-05,0.7724,0.779,0.7724,0.7758,112901000,87615927.8,TQBR
2018-04-06,0.7789,0.846,0.7776,0.837,1530927000,1255282048.0,TQBR
2018-04-09,0.8364,0.8364,0.6577,0.7627,1188599000,898915112.5,TQBR
2018-04-10,0.759,0.779,0.7,0.7601,572418000,429413464.8,TQBR
2018-04-11,0.7505,0.7571,0.7353,0.7459,325262000,243680942.7,TQBR
2018-04-12,0.7473,0.7699,0.7472,0.7553,189969000,144055655.0,TQBR
2018-04-13,0.7616,0.7672,0.7451,0.7465,179464000,135247366.9,TQBR
2018-04-16,0.7451,0.7528,0.7122,0.7345,263286000,194149972.8,TQBR
2018-04-17,0.745,0.768,0.745,0.768,224096000,170207470.8,TQBR
2018-04-18,0.768,0.7918,0.765,0.7805,209852000,163764592.2,TQBR
2018-04-19,0.7819,0.8075,0.773,0.7813,153672000,121502554.8,TQBR
2018-04-20,0.7826,0.8055,0.7812,0.8,173306000,137751943.4,TQBR
2018-04-23,0.8,0.851,0.795,0.847,448178000,371451292.3,TQBR
2018-04-24,0.853,0.8547,0.8242,0.8278,227495000,190075467.9,TQBR
2018-04-25,0.825,0.8344,0.8164,0.8229,116294000,96228859.0,TQBR
2018-04-26,0.8288,0.8447,0.8228,0.8424,119110000,99584682.8,TQBR
2018-04-27,0.8424,0.8689,0.8418,0.8619,310517000,266950620.9,TQBR
2018-04-28,0.8635,0.8646,0.8481,0.8495,62200000,53046688.1,TQBR
2018-04-30,0.85,0.8628,0.832,0.835,237053000,200663248.8,TQBR
2018-05-02,0.8376,0.8421,0.824,0.8301,163047000,136451893.6,TQBR
2018-05-03,0.8212,0.8254,0.8058,0.8101,237109000,193228965.3,TQBR
2018-05-04,0.8117,0.823,0.8067,0.8216,125166000,101857512.6,TQBR
2018-05-07,0.8219,0.8286,0.8144,0.8205,134493000,110599554.0,TQBR
2018-05-08,0.8205,0.826,0.8121,0.8202,97843000,80091173.7,TQBR
2018-05-10,0.8244,0.8323,0.8226,0.8258,117570000,97265627.1,TQBR
2018-05-11,0.827,0.8411,0.8266,0.8332,177832000,148529251.8,TQBR
2018-05-14,0.833,0.848,0.83,0.8385,261987000,219449286.1,TQBR
2018-05-15,0.8326,0.851,0.831,0.831,212187000,178353568.4,TQBR
2018-05-16,0.831,0.8347,0.8128,0.8245,201743000,165832078.3,TQBR
2018-05-17,0.83,0.8428,0.825,0.8265,179657000,149851054.8,TQBR
2018-05-18,0.8251,0.832,0.8182,0.8282,167213000,138090212.4,TQBR
2018-05-21,0.8265,0.8345,0.8242,0.8243,56279000,46582179.5,TQBR
2018-05-22,0.8256,0.8344,0.822,0.824,60581000,50154264.3,TQBR
2018-05-23,0.823,0.823,0.7966,0.8,268774000,217049551.2,TQBR
2018-05-24,0.8,0.8115,0.7777,0.7997,228822000,183140296.8,TQBR
2018-05-25,0.8,0.8044,0.7905,0.7976,101751000,81401578.6,TQBR
2018-05-28,0.8018,0.8042,0.7921,0.7983,46883000,37372851.4,TQBR
2018-05-29,0.801,0.8025,0.79,0.7941,73039000,57936436.6,TQBR
2018-05-30,0.793,0.8037,0.7801,0.8013,131074000,103950510.7,TQBR
2018-05-31,0.805,0.8129,0.7925,0.7971,131437000,104968032.7,TQBR
2018-06-01,0.797,0.8019,0.7915,0.7978,45233000,36024327.7,TQBR
2018-06-04,0.798,0.811,0.794,0.8049,208777000,167768764.5,TQBR
2018-06-05,0.804,0.8094,0.7984,0.8025,123751000,99328393.9,TQBR
2018-06-06,0.8031,0.8083,0.7985,0.7986,39592000,31783304.2,TQBR
2018-06-07,0.8002,0.8168,0.8,0.8004,124598000,100499477.0,TQBR
2018-06-08,0.8084,0.8097,0.794,0.802,79780000,63928871.0,TQBR
2018-06-09,0.8056,0.8058,0.797,0.804,17839000,14289025.1,TQBR
2018-06-11,0.808,0.808,0.7954,0.8045,41074000,32870225.7,TQBR
2018-06-13,0.8054,0.8343,0.8045,0.8301,263437000,216773847.9,TQBR
2018-06-14,0.8301,0.8379,0.8222,0.8349,147788000,122855219.4,TQBR
2018-06-15,0.8375,0.841,0.8152,0.8215,120724000,99667036.9,TQBR
2018-06-18,0.8215,0.8298,0.8164,0.8193,59221000,48727974.6,TQBR
2018-06-19,0.814,0.817,0.794,0.801,236957000,190289252.2,TQBR
2018-06-20,0.805,0.8122,0.7878,0.8002,114217000,91277822.1,TQBR
2018-06-21,0.8014,0.8039,0.7956,0.7956,67214000,53766051.7,TQBR
2018-06-22,0.7999,0.8076,0.7853,0.7933,115405000,91382990.9,TQBR
2018-06-25,0.7936,0.8003,0.7788,0.787,102667000,80936628.1,TQBR
2018-06-26,0.7884,0.7998,0.7814,0.799,99853000,79121808.4,TQBR
2018-06-27,0.8,0.8122,0.7969,0.8094,128859000,103446645.0,TQBR
2018-06-28,0.8095,0.817,0.7981,0.7981,71887000,58005135.1,TQBR
2018-06-29,0.7985,0.8078,0.788,0.791,69071000,54918798.8,TQBR
2018-07-02,0.788,0.7997,0.788,0.7953,81286000,64647708.5,TQBR
2018-07-03,0.7987,0.7987,0.7876,0.7921,36852000,29153257.3,TQBR
2018-07-04,0.7947,0.7947,0.7878,0.7893,35355000,27966170.6,TQBR
2018-07-05,0.7897,0.7967,0.7861,0.7916,61873000,48981690.9,TQBR
2018-07-06,0.7895,0.7915,0.777,0.7842,61917000,48476606.8,TQBR
2018-07-09,0.7851,0.7963,0.7825,0.79,52987000,41910197.9,TQBR
2018-07-10,0.7902,0.7989,0.7883,0.7976,41389000,32917617.5,TQBR
2018-07-11,0.7964,0.7995,0.78,0.7802,82508000,64951737.2,TQBR
2018-07-12,0.7805,0.7832,0.7633,0.7677,132511000,102267903.5,TQBR
2018-07-13,0.7673,0.7808,0.7645,0.7721,80277000,61983719.3,TQBR
2018-07-16,0.7809,0.7999,0.7745,0.7958,141795000,112107591.5,TQBR
2018-07-17,0.7971,0.7971,0.785,0.795,106718000,84408748.9,TQBR
2018-07-18,0.7887,0.795,0.78,0.7806,83795000,65958447.7,TQBR
2018-07-19,0.7832,0.7924,0.78,0.7906,62790000,49285479.7,TQBR
2018-07-20,0.7887,0.7938,0.783,0.783,74452000,58596036.4,TQBR
2018-07-23,0.7811,0.796,0.7811,0.7911,80246000,63567275.1,TQBR
2018-07-24,0.7933,0.796,0.7821,0.7821,140477000,110544730.7,TQBR
2018-07-25,0.7835,0.7835,0.77,0.7767,46999000,36634459.6,TQBR
2018-07-26,0.778,0.7844,0.7775,0.7803,46772000,36504156.8,TQBR
2018-07-27,0.7805,0.7934,0.7765,0.7835,67993000,53292675.8,TQBR
2018-07-30,0.7785,0.7948,0.7775,0.7827,49936000,39272164.4,TQBR
2018-07-31,0.7825,0.7835,0.7672,0.7672,128541000,99560826.1,TQBR
2018-08-01,0.768,0.7739,0.7652,0.7659,79770000,61408663.5,TQBR
2018-08-02,0.765,0.7762,0.76,0.7671,79418000,60990836.9,TQBR
2018-08-03,0.766,0.7718,0.7603,0.7621,80296000,61494897.7,TQBR
2018-08-06,0.7615,0.7677,0.7582,0.7595,44691000,34023339.0,TQBR
2018-08-07,0.7591,0.7694,0.7573,0.7602,47067000,35881359.8,TQBR
2018-08-08,0.76,0.7619,0.7454,0.7498,80297000,60331836.5,TQBR
2018-08-09,0.7481,0.7495,0.715,0.7399,186292000,135677945.0,TQBR
2018-08-10,0.7383,0.759,0.7318,0.7389,188028000,140203640.6,TQBR
2018-08-13,0.7355,0.7362,0.718,0.72,110874000,80546507.8,TQBR
2018-08-14,0.7249,0.7288,0.7119,0.714,67928000,48862524.9,TQBR
2018-08-15,0.714,0.718,0.696,0.696,133816000,94047592.5,TQBR
2018-08-16,0.7021,0.7041,0.6962,0.7,50644000,35496290.6,TQBR
2018-08-17,0.7013,0.7098,0.6937,0.7015,99586000,69839225.1,TQBR
2018-08-20,0.702,0.717,0.702,0.708,62821000,44668763.4,TQBR
2018-08-21,0.7099,0.712,0.6934,0.7022,51312000,36039004.5,TQBR
2018-08-22,0.701,0.7068,0.6962,0.699,31033000,21806581.1,TQBR
2018-08-23,0.7036,0.7044,0.682,0.6823,69116000,47863827.4,TQBR
2018-08-24,0.6843,0.6843,0.669,0.6724,86306000,58220107.4,TQBR
2018-08-27,0.675,0.699,0.675,0.6982,120182000,83133234.1,TQBR
2018-08-28,0.6942,0.7017,0.6851,0.6864,88533000,61208862.7,TQBR
2018-08-29,0.6864,0.6912,0.673,0.6764,165020000,112338030.1,TQBR
2018-08-30,0.6799,0.6867,0.6721,0.673,53222000,36188047.7,TQBR
2018-08-31,0.6724,0.686,0.6714,0.677,96689000,65617613.5,TQBR
2018-09-03,0.6844,0.6983,0.6759,0.6968,76755000,52870792.3,TQBR
2018-09-04,0.697,0.6979,0.6768,0.6774,104653000,71828178.4,TQBR
2018-09-05,0.6776,0.6879,0.6741,0.6794,99568000,67690676.9,TQBR
2018-09-06,0.679,0.6879,0.6734,0.675,129775000,88338400.0,TQBR
2018-09-07,0.6752,0.6819,0.6682,0.68,114283000,76926426.4,TQBR
2018-09-10,0.675,0.6845,0.666,0.6661,100377000,67473641.9,TQBR
2018-09-11,0.6663,0.6755,0.6603,0.6613,98622000,65728920.6,TQBR
2018-09-12,0.6665,0.6746,0.6633,0.6717,61979000,41455714.9,TQBR
2018-09-13,0.6732,0.6874,0.6705,0.678,68580000,46685753.5,TQBR
2018-09-14,0.683,0.6906,0.679,0.6857,68212000,46817052.9,TQBR
2018-09-17,0.6892,0.7068,0.6852,0.7018,159816000,111960952.2,TQBR
2018-09-18,0.7002,0.7339,0.6982,0.7236,227229000,163730432.4,TQBR
2018-09-19,0.7221,0.7378,0.7171,0.7331,117300000,85336697.2,TQBR
2018-09-20,0.7304,0.7355,0.7171,0.7177,141653000,102948040.8,TQBR
2018-09-21,0.718,0.7215,0.7069,0.7091,202064000,143894494.1,TQBR
2018-09-24,0.7127,0.713,0.7072,0.7072,49636000,35218997.4,TQBR
2018-09-25,0.711,0.7215,0.708,0.7203,54816000,39167021.0,TQBR
2018-09-26,0.7208,0.7279,0.7108,0.7141,97341000,69955241.4,TQBR
2018-09-27,0.714,0.7198,0.7084,0.7164,45774000,32675048.3,TQBR
2018-09-28,0.718,0.7265,0.7102,0.7185,64627000,46561895.2,TQBR
2018-10-01,0.7204,0.7215,0.709,0.7115,27598000,19694350.4,TQBR
2018-10-02,0.716,0.8145,0.716,0.7966,1057417000,831809988.4,TQBR
2018-10-03,0.8037,0.84,0.7911,0.8019,996459000,812116496.5,TQBR
2018-10-04,0.8,0.848,0.768,0.777,1691817000,1370979777.6,TQBR
2018-10-05,0.7752,0.789,0.77,0.77,240874000,187207309.0,TQBR
2018-10-08,0.765,0.7746,0.7463,0.7549,192990000,146517208.0,TQBR
2018-10-09,0.7598,0.7598,0.7341,0.739,187189000,139124041.0,TQBR
2018-10-10,0.744,0.746,0.7188,0.7224,188722000,137563399.6,TQBR
2018-10-11,0.7054,0.7173,0.685,0.6961,296592000,207375156.2,TQBR
2018-10-12,0.702,0.7112,0.6959,0.6985,122697000,86227034.4,TQBR
2018-10-15,0.6996,0.7028,0.6812,0.6881,168769000,116470619.2,TQBR
2018-10-16,0.6881,0.7197,0.6868,0.705,327278000,231375804.6,TQBR
2018-10-17,0.7109,0.72,0.7064,0.7153,156598000,112018851.9,TQBR
2018-10-18,0.718,0.73,0.7141,0.7219,186400000,134832149.2,TQBR
2018-10-19,0.7241,0.7267,0.7102,0.72,138674000,99690500.9,TQBR
2018-10-22,0.7152,0.74,0.7137,0.7306,198370000,144719002.6,TQBR
2018-10-23,0.7267,0.7275,0.7037,0.707,173209000,123430093.7,TQBR
2018-10-24,0.7072,0.7236,0.7072,0.7161,118167000,84916976.4,TQBR
2018-10-25,0.7045,0.7093,0.695,0.7,98183000,68945987.5,TQBR
2018-10-26,0.7019,0.7049,0.6705,0.675,169489000,116090036.1,TQBR
2018-10-29,0.6745,0.6926,0.6675,0.6783,137461000,93560323.7,TQBR
2018-10-30,0.6785,0.6848,0.672,0.6787,50385000,34213763.5,TQBR
2018-10-31,0.6818,0.69,0.673,0.674,164099000,111279569.3,TQBR
2018-11-01,0.6753,0.6785,0.6685,0.6738,129467000,87310655.5,TQBR
2018-11-02,0.6743,0.68,0.6743,0.677,59479000,40273281.7,TQBR
2018-11-06,0.677,0.7088,0.677,0.702,301672000,210130993.8,TQBR
2018-11-07,0.702,0.7227,0.693,0.7201,202449000,143694787.9,TQBR
2018-11-08,0.725,0.725,0.7094,0.7094,128231000,91485549.3,TQBR
2018-11-09,0.705,0.709,0.6994,0.709,135954000,95632659.0,TQBR
2018-11-12,0.71,0.721,0.71,0.7164,78205000,55883721.3,TQBR
2018-11-13,0.7165,0.7191,0.7055,0.714,81559000,58191435.3,TQBR
2018-11-14,0.7117,0.72,0.708,0.72,96589000,68883896.9,TQBR
2018-11-15,0.7185,0.733,0.7179,0.7235,121721000,88289792.3,TQBR
2018-11-16,0.723,0.733,0.7211,0.7316,87967000,63969432.7,TQBR
2018-11-19,0.733,0.747,0.7124,0.714,106219000,77491576.3,TQBR
2018-11-20,0.7131,0.718,0.696,0.7003,137394000,97034291.4,TQBR
2018-11-21,0.7001,0.718,0.6987,0.718,94524000,66720899.8,TQBR
2018-11-22,0.718,0.73,0.718,0.72,75227000,54503450.6,TQBR
2018-11-23,0.7197,0.729,0.7151,0.721,154944000,112150283.6,TQBR
2018-11-26,0.7239,0.7347,0.7173,0.7218,102575000,74234850.9,TQBR
2018-11-27,0.7203,0.7295,0.7181,0.7181,35315000,25506501.6,TQBR
2018-11-28,0.7179,0.7425,0.7179,0.7425,67882000,49676301.9,TQBR
2018-11-29,0.7449,0.7769,0.7425,0.773,220098000,168297757.5,TQBR
2018-11-30,0.767,0.7734,0.6895,0.73,363541000,267904009.5,TQBR
2018-12-03,0.74,0.765,0.7338,0.7548,197943000,149321723.2,TQBR
2018-12-04,0.7551,0.7711,0.7403,0.7403,148192000,111656899.3,TQBR
2018-12-05,0.7373,0.76,0.7317,0.7483,89818000,66809410.6,TQBR
2018-12-06,0.748,0.748,0.7321,0.739,61136000,45126068.7,TQBR
2018-12-07,0.74,0.7499,0.7329,0.7427,93768000,69754913.6,TQBR
2018-12-10,0.746,0.756,0.7373,0.7506,89877000,67425142.1,TQBR
2018-12-11,0.75,0.7698,0.7443,0.7628,109616000,83277279.0,TQBR
2018-12-12,0.7631,0.773,0.7451,0.7465,172569000,129720877.9,TQBR
2018-12-13,0.745,0.7628,0.745,0.758,60074000,45368303.4,TQBR
2018-12-14,0.7519,0.7559,0.7489,0.752,61610000,46351913.3,TQBR
2018-12-17,0.7504,0.7593,0.7483,0.7505,57866000,43674988.5,TQBR
2018-12-18,0.75,0.7566,0.7444,0.7519,78377000,58835214.9,TQBR
2018-12-19,0.7506,0.7774,0.7476,0.7711,143559000,110498011.6,TQBR
2018-12-20,0.77,0.7841,0.7626,0.7755,108171000,84098395.6,TQBR
2018-12-21,0.772,0.7835,0.7705,0.7712,184947000,143319989.7,TQBR
2018-12-24,0.7714,0.7874,0.7676,0.783,134381000,104496460.2,TQBR
2018-12-25,0.7798,0.783,0.7706,0.7721,106141000,82156555.0,TQBR
2018-12-26,0.7721,0.7855,0.7721,0.781,63932000,49950628.1,TQBR
2018-12-27,0.7835,0.7888,0.7741,0.7741,101694000,79373243.9,TQBR
2018-12-28,0.771,0.7813,0.7636,0.7638,90946000,70275781.5,TQBR
2018-12-29,0.7698,0.7758,0.764,0.7755,33082000,25512173.5,TQBR
2019-01-03,0.7755,0.7961,0.7701,0.7845,72520000,57092321.4,TQBR
2019-01-04,0.7817,0.7913,0.7803,0.7852,21958000,17269172.9,TQBR
2019-01-08,0.7815,0.7888,0.7735,0.7762,28512000,22206893.9,TQBR
2019-01-09,0.7751,0.7941,0.7751,0.7922,93038000,73390861.7,TQBR
2019-01-10,0.795,0.805,0.7905,0.8,106224000,84953482.7,TQBR
2019-01-11,0.8069,0.809,0.7965,0.8004,89862000,72293465.4,TQBR
2019-01-14,0.8004,0.8047,0.7965,0.7999,50948000,40710636.8,TQBR
2019-01-15,0.8,0.818,0.7992,0.8065,70398000,56894989.0,TQBR
2019-01-16,0.8089,0.8633,0.8089,0.8448,325940000,273211357.7,TQBR
2019-01-17,0.8503,0.8832,0.845,0.8813,360809000,311666543.2,TQBR
2019-01-18,0.884,0.9032,0.8621,0.893,401309000,352725130.6,TQBR
2019-01-21,0.9019,0.9043,0.884,0.8905,127454000,113873020.2,TQBR
2019-01-22,0.89,0.948,0.872,0.94,625751000,574429336.8,TQBR
2019-01-23,0.935,0.9823,0.9273,0.9719,2139887000,2067393723.6,TQBR
2019-01-24,0.9555,0.9731,0.9454,0.97,1200933000,1160737225.9,TQBR
2019-01-25,0.97,0.9865,0.966,0.973,275876000,267935478.3,TQBR
2019-01-28,0.973,0.9875,0.97,0.972,145519000,141598244.6,TQBR
2019-01-29,0.9702,0.9739,0.965,0.971,162888000,158204737.6,TQBR
2019-01-30,0.9712,0.9919,0.9702,0.98,219811000,215497712.2,TQBR
2019-01-31,0.9861,0.9927,0.9811,0.9817,169054000,166542056.6,TQBR
2019-02-01,0.9811,0.9836,0.9741,0.982,68217000,66842532.6,TQBR
2019-02-04,0.9768,0.985,0.9739,0.976,77338000,75598288.8,TQBR
2019-02-05,0.976,0.9825,0.97,0.9725,131612000,128165793.5,TQBR
2019-02-06,0.9701,0.9773,0.9685,0.975,122615000,119199898.9,TQBR
2019-02-07,0.9722,0.9768,0.971,0.972,56848000,55303764.6,TQBR
2019-02-08,0.9711,0.974,0.97,0.974,51300000,49822074.0,TQBR
2019-02-11,0.97,0.9812,0.97,0.9771,101862000,99308530.1,TQBR
2019-02-12,0.9762,0.984,0.9737,0.981,81999000,80229137.5,TQBR
2019-02-13,0.9848,0.9957,0.981,0.9885,212460000,209957357.0,TQBR
2019-02-14,0.99,0.9929,0.975,0.9895,86013000,84641740.0,TQBR
2019-02-15,0.9894,0.9957,0.986,0.99,67578000,66916908.0,TQBR
2019-02-18,0.9957,0.9957,0.9865,0.9905,33516000,33183498.9,TQBR
2019-02-19,0.9855,0.9914,0.9833,0.99,46163000,45571808.4,TQBR
2019-02-20,0.989,0.9954,0.9818,0.988,73462000,72698991.4,TQBR
2019-02-21,0.988,0.9938,0.9855,0.989,39619000,39168027.3,TQBR
2019-02-22,0.9833,1.0366,0.9833,1.028,443455000,451709374.1,TQBR
2019-02-25,1.0321,1.0417,1.0153,1.017,196639000,201689323.6,TQBR
2019-02-26,1.0247,1.0297,1.0131,1.0197,90461000,92435179.2,TQBR
2019-02-27,1.023,1.0287,1.0176,1.0209,51182000,52334965.8,TQBR
2019-02-28,1.0137,1.0213,0.9836,0.987,131845000,131270574.1,TQBR
2019-03-01,0.99,0.998,0.9711,0.9842,93205000,91913664.1,TQBR
2019-03-04,0.99,0.9939,0.9852,0.9919,29403000,29150664.1,TQBR
2019-03-05,0.987,0.9925,0.97,0.97,97647000,95482213.8,TQBR
2019-03-06,0.97,0.9753,0.9639,0.9749,59942000,58180943.4,TQBR
2019-03-07,0.9775,0.9826,0.9701,0.9701,43193000,42130842.9,TQBR
2019-03-11,0.9743,0.9743,0.97,0.97,31192000,30274395.1,TQBR
2019-03-12,0.9701,0.988,0.9701,0.9735,41540000,40599498.5,TQBR
2019-03-13,0.9832,0.9864,0.9705,0.9706,25883000,25247455.9,TQBR
2019-03-14,0.9721,0.9765,0.97,0.97,22078000,21469397.4,TQBR
2019-03-15,0.9725,0.975,0.97,0.9726,56325000,54689795.4,TQBR
2019-03-18,0.977,0.9798,0.97,0.97,62648000,60841156.9,TQBR
2019-03-19,0.9722,0.9741,0.97,0.97,37097000,36018742.4,TQBR
2019-03-20,0.973,0.973,0.97,0.9702,14342000,13924268.5,TQBR
2019-03-21,0.9702,0.974,0.97,0.971,22069000,21443262.3,TQBR
2019-03-22,0.9701,0.9735,0.97,0.97,42031000,40787318.9,TQBR
2019-03-25,0.9717,0.9735,0.97,0.972,49040000,47657703.1,TQBR
2019-03-26,0.9737,0.975,0.97,0.9705,27054000,26287335.3,TQBR
2019-03-27,0.9727,0.9729,0.97,0.97,21847000,21200148.2,TQBR
2019-03-28,0.97,0.973,0.9501,0.97,57988000,56147880.0,TQBR
2019-03-29,0.9701,0.9731,0.9654,0.97,72203000,70078315.1,TQBR
2019-04-01,0.97,0.9717,0.97,0.97,42849000,41566666.9,TQBR
2019-04-02,0.9703,0.9726,0.97,0.97,17938000,17413145.0,TQBR
2019-04-03,0.9702,0.9985,0.97,0.99,110040000,108170459.6,TQBR
2019-04-04,0.986,1.0158,0.9831,1.0047,179127000,179661632.9,TQBR
2019-04-05,1.0048,1.0377,1.0016,1.035,208559000,213846346.3,TQBR
2019-04-08,1.035,1.0405,1.005,1.005,107100000,109095998.2,TQBR
2019-04-09,1.0051,1.0388,1.005,1.03,133695000,137382452.1,TQBR
2019-04-10,1.03,1.067,1.03,1.055,251644000,265288434.7,TQBR
2019-04-11,1.064,1.0783,1.0462,1.05,211095000,224856446.3,TQBR
2019-04-12,1.05,1.0675,1.0312,1.0371,120586000,125407513.1,TQBR
2019-04-15,1.0377,1.0521,1.0201,1.0378,63350000,65756485.2,TQBR
2019-04-16,1.0399,1.0632,1.0351,1.0501,111489000,117301757.0,TQBR
2019-04-17,1.06,1.0644,1.05,1.052,68013000,71822438.8,TQBR
2019-04-18,1.0587,1.0683,1.05,1.0625,112442000,118869901.4,TQBR
2019-04-19,1.0601,1.072,1.0601,1.064,28943000,30854421.0,TQBR
2019-04-22,1.063,1.0707,1.0573,1.0617,44443000,47209789.1,TQBR
2019-04-23,1.067,1.09,1.0588,1.0899,161810000,174553453.9,TQBR
2019-04-24,1.0894,1.1062,1.0842,1.0971,128978000,141612440.7,TQBR
2019-04-25,1.094,1.099,1.078,1.0817,78121000,84998720.7,TQBR
2019-04-26,1.0816,1.0836,1.068,1.0742,51117000,54924213.6,TQBR
2019-04-29,1.0799,1.0933,1.0723,1.0896,64530000,70046038.6,TQBR
2019-04-30,1.0905,1.094,1.069,1.069,71754000,77421875.8,TQBR
2019-05-02,1.0714,1.086,1.0687,1.0731,29568000,31891848.9,TQBR
2019-05-03,1.0799,1.0836,1.076,1.0761,16156000,17439627.5,TQBR
2019-05-06,1.0671,1.08,1.0603,1.08,27358000,29358170.1,TQBR
2019-05-07,1.08,1.1045,1.0747,1.0942,144502000,158175794.1,TQBR
2019-05-08,1.0935,1.1216,1.0912,1.1156,126552000,140407056.1,TQBR
2019-05-10,1.1156,1.1179,1.1011,1.1089,39879000,44289206.1,TQBR
2019-05-13,1.1069,1.1122,1.097,1.1049,41928000,46311247.3,TQBR
2019-05-14,1.1083,1.1146,1.0971,1.1136,85164000,93963588.2,TQBR
2019-05-15,1.113,1.1288,1.0853,1.0865,238058000,264047202.0,TQBR
2019-05-16,1.095,1.1221,1.0849,1.12,100581000,111338325.8,TQBR
2019-05-17,1.12,1.1899,1.1102,1.178,423411000,493024231.0,TQBR
2019-05-20,1.1745,1.294,1.1661,1.254,808963000,1011389204.5,TQBR
2019-05-21,1.254,1.2846,1.2014,1.25,486749000,600925916.6,TQBR
2019-05-22,1.2505,1.26,1.2125,1.2238,170075000,209757972.7,TQBR
2019-05-23,1.2138,1.258,1.2138,1.2497,226524000,280980323.1,TQBR
2019-05-24,1.2535,1.2829,1.226,1.2471,376381000,472216107.7,TQBR
2019-05-27,1.2495,1.2799,1.164,1.1988,595517000,730808750.5,TQBR
2019-05-28,1.2,1.246,1.18,1.2427,568405000,691824044.6,TQBR
2019-05-29,1.2435,1.285,1.24,1.2806,382744000,486162319.0,TQBR
2019-05-30,1.285,1.3,1.2711,1.2849,255017000,327339231.1,TQBR
2019-05-31,1.2777,1.2845,1.238,1.2429,266015000,334197439.3,TQBR
2019-06-03,1.2404,1.2479,1.2055,1.2153,277126000,339432259.9,TQBR
2019-06-04,1.22,1.2465,1.215,1.2342,151130000,185820845.3,TQBR
2019-06-05,1.2342,1.2873,1.2288,1.28,260878000,331079003.6,TQBR
2019-06-06,1.285,1.3216,1.2816,1.31,446455000,581018317.7,TQBR
2019-06-07,1.3151,1.3569,1.3036,1.349,387997000,519809243.8,TQBR
2019-06-10,1.36,1.3714,1.3153,1.3311,275771000,369130420.8,TQBR
2019-06-11,1.3389,1.3553,1.3227,1.3377,140978000,189032402.9,TQBR
2019-06-13,1.344,1.369,1.3266,1.3594,144125000,194725914.9,TQBR
2019-06-14,1.3645,1.4317,1.3517,1.4294,490604000,690511018.3,TQBR
2019-06-17,1.4349,1.5074,1.37,1.3805,1207180000,1746505960.0,TQBR
2019-06-18,1.3806,1.46,1.3182,1.45,1121924000,1567822301.2,TQBR
2019-06-19,1.46,1.4785,1.428,1.46,572213000,832677559.5,TQBR
2019-06-20,1.47,1.479,1.43,1.4417,213333000,310457596.5,TQBR
2019-06-21,1.44,1.454,1.404,1.4129,252925000,360643009.3,TQBR
2019-06-24,1.4395,1.4395,1.3814,1.42,189782000,267994996.8,TQBR
2019-06-25,1.4265,1.4299,1.34,1.3463,328156000,450730017.8,TQBR
2019-06-26,1.35,1.4038,1.332,1.3802,491377000,673107911.0,TQBR
2019-06-27,1.3805,1.402,1.3766,1.385,147394000,204628629.3,TQBR
2019-06-28,1.3877,1.3942,1.37,1.38,125450000,173237976.9,TQBR
2019-07-01,1.39,1.4222,1.3815,1.4222,191770000,269097973.4,TQBR
2019-07-02,1.42,1.424,1.4022,1.408,90590000,127937641.0,TQBR
2019-07-03,1.413,1.4242,1.401,1.4191,63651000,90048184.4,TQBR
2019-07-04,1.42,1.4299,1.3836,1.4,136724000,191498559.9,TQBR
2019-07-05,1.382,1.391,1.3501,1.3502,125113000,171238390.4,TQBR
2019-07-08,1.349,1.3498,1.2826,1.2933,303787000,396996534.4,TQBR
2019-07-09,1.299,1.299,1.2517,1.2788,214384000,271932683.7,TQBR
2019-07-10,1.285,1.32,1.282,1.2878,206249000,268381541.2,TQBR
2019-07-11,1.2955,1.2995,1.247,1.249,174568000,221394998.2,TQBR
2019-07-12,1.2521,1.2588,1.2,1.235,241594000,296840020.3,TQBR
2019-07-15,1.2341,1.2597,1.21,1.2319,267436000,329731089.0,TQBR
2019-07-16,1.2285,1.2403,1.1703,1.18,333099000,397028643.4,TQBR
2019-07-17,1.1811,1.2119,1.1624,1.1998,243087000,291334551.3,TQBR
2019-07-18,1.1973,1.2014,1.1705,1.1948,118371000,139908797.4,TQBR
2019-07-19,1.199,1.2154,1.1878,1.2037,121022000,145624522.3,TQBR
2019-07-22,1.204,1.241,1.19,1.191,386824000,472105897.9,TQBR
2019-07-23,1.193,1.1996,1.172,1.1781,130106000,154083861.7,TQBR
2019-07-24,1.188,1.1994,1.1704,1.171,119806000,141939281.3,TQBR
2019-07-25,1.1683,1.194,1.1513,1.1839,172932000,203873773.4,TQBR
2019-07-26,1.1877,1.1948,1.1765,1.1799,46433000,55020081.0,TQBR
2019-07-29,1.1775,1.207,1.1753,1.207,71423000,85338329.1,TQBR
2019-07-30,1.207,1.22,1.1745,1.1826,116880000,139344595.6,TQBR
2019-07-31,1.1826,1.2186,1.175,1.1919,339422000,407012175.1,TQBR
2019-08-01,1.1779,1.1927,1.176,1.1775,78387000,92583916.1,TQBR
2019-08-02,1.1699,1.1889,1.1564,1.177,139057000,163260516.9,TQBR
2019-08-05,1.1752,1.1839,1.138,1.1631,115112000,133609477.4,TQBR
2019-08-06,1.1585,1.1799,1.1585,1.164,75559000,88269002.7,TQBR
2019-08-07,1.164,1.177,1.157,1.1737,110130000,128566992.3,TQBR
2019-08-08,1.175,1.182,1.165,1.165,36283000,42520981.5,TQBR
2019-08-09,1.1635,1.1666,1.123,1.1232,196995000,224686056.2,TQBR
2019-08-12,1.1325,1.1434,1.0832,1.09,320827000,355706212.6,TQBR
2019-08-13,1.0846,1.0846,1.0415,1.062,559472000,592067989.4,TQBR
2019-08-14,1.0615,1.097,1.0611,1.0801,316211000,342278033.5,TQBR
2019-08-15,1.0785,1.086,1.05,1.0613,135146000,144026947.7,TQBR
2019-08-16,1.061,1.079,1.06,1.07,62719000,67025054.2,TQBR
2019-08-19,1.0669,1.0734,1.052,1.0625,91774000,97148872.1,TQBR
2019-08-20,1.0606,1.0844,1.0606,1.0719,60413000,64949775.1,TQBR
2019-08-21,1.0701,1.1165,1.0701,1.1136,173344000,190954860.0,TQBR
2019-08-22,1.1072,1.1456,1.107,1.1399,218651000,246944757.5,TQBR
2019-08-23,1.1352,1.1515,1.1081,1.1088,127230000,143406899.1,TQBR
2019-08-26,1.1051,1.1268,1.0914,1.1164,98452000,109657230.8,TQBR
2019-08-27,1.1139,1.135,1.1139,1.1144,36924000,41462006.4,TQBR
2019-08-28,1.1155,1.1399,1.1155,1.1375,63235000,71726172.7,TQBR
2019-08-29,1.1395,1.1735,1.136,1.158,264237000,305377854.8,TQBR
2019-08-30,1.156,1.1743,1.153,1.1728,96752000,112913588.2,TQBR
2019-09-02,1.1699,1.205,1.166,1.1933,132017000,157425102.5,TQBR
2019-09-03,1.1933,1.1966,1.1585,1.184,117937000,138263211.8,TQBR
2019-09-04,1.1815,1.1919,1.1551,1.19,107414000,126597734.3,TQBR
2019-09-05,1.192,1.227,1.19,1.193,224407000,270760815.5,TQBR
2019-09-06,1.1971,1.2106,1.1733,1.199,172759000,206138003.5,TQBR
2019-09-09,1.2,1.2184,1.1992,1.2123,126428000,152996691.1,TQBR
2019-09-10,1.214,1.214,1.2011,1.2086,36087000,43588230.9,TQBR
2019-09-11,1.1991,1.2329,1.1991,1.2329,110278000,134999283.2,TQBR
2019-09-12,1.2319,1.2638,1.2319,1.26,242305000,302704537.9,TQBR
2019-09-13,1.2602,1.292,1.2589,1.2913,280742000,359104265.8,TQBR
2019-09-16,1.2977,1.299,1.2558,1.26,136229000,173405767.9,TQBR
2019-09-17,1.2624,1.27,1.2167,1.2425,220275000,273947494.3,TQBR
2019-09-18,1.2425,1.282,1.2412,1.2563,233244000,295371657.3,TQBR
2019-09-19,1.2688,1.2741,1.2457,1.2521,132006000,166422897.5,TQBR
2019-09-20,1.266,1.2737,1.2401,1.2401,180951000,227482653.5,TQBR
2019-09-23,1.24,1.2546,1.2202,1.2301,140749000,173974562.3,TQBR
2019-09-24,1.2294,1.24,1.187,1.1918,136188000,165696026.2,TQBR
2019-09-25,1.1915,1.1915,1.1631,1.19,223945000,263803668.4,TQBR
2019-09-26,1.19,1.2421,1.1834,1.2258,296818000,361300256.7,TQBR
2019-09-27,1.233,1.2399,1.2057,1.2101,308923000,376705985.5,TQBR
2019-09-30,1.21,1.2376,1.198,1.2349,218315000,266242174.4,TQBR
2019-10-01,1.2317,1.2687,1.1853,1.197,597186000,730706038.7,TQBR
2019-10-02,1.2,1.209,1.1511,1.157,465706000,546310379.1,TQBR
2019-10-03,1.1614,1.19,1.1239,1.19,426837000,493224334.9,TQBR
2019-10-04,1.1911,1.1965,1.173,1.1831,104830000,123946419.9,TQBR
2019-10-07,1.1844,1.1931,1.148,1.187,83447000,98558220.3,TQBR
2019-10-08,1.1876,1.1893,1.1708,1.1835,77295000,91397232.4,TQBR
2019-10-09,1.182,1.2009,1.1753,1.1845,98471000,117106241.0,TQBR
2019-10-10,1.1855,1.195,1.178,1.1871,41457000,49213063.7,TQBR
2019-10-11,1.1826,1.1974,1.167,1.176,156669000,184981477.0,TQBR
2019-10-14,1.1712,1.1835,1.1712,1.173,48332000,56909150.3,TQBR
2019-10-15,1.1718,1.1774,1.1613,1.1691,65888000,76933844.1,TQBR
2019-10-16,1.17,1.181,1.1664,1.171,58807000,68926658.1,TQBR
2019-10-17,1.171,1.1947,1.1688,1.1947,106241000,125947687.0,TQBR
2019-10-18,1.1945,1.2005,1.1831,1.1943,124805000,149098414.8,TQBR
2019-10-21,1.1968,1.2009,1.1885,1.191,76065000,90885153.9,TQBR
2019-10-22,1.192,1.2017,1.1851,1.2017,77847000,93127468.5,TQBR
2019-10-23,1.1995,1.2023,1.17,1.1721,180952000,213925407.3,TQBR
2019-10-24,1.18,1.1905,1.168,1.1811,155971000,184271783.5,TQBR
2019-10-25,1.188,1.2018,1.1722,1.186,225940000,269597071.5,TQBR
2019-10-28,1.186,1.1974,1.1781,1.1797,91975000,109184268.3,TQBR
2019-10-29,1.18,1.193,1.1752,1.189,127765000,151565620.2,TQBR
2019-10-30,1.1859,1.193,1.1817,1.193,105090000,124966794.4,TQBR
2019-10-31,1.195,1.1985,1.1819,1.1935,119327000,142158737.1,TQBR
2019-11-01,1.195,1.195,1.167,1.178,212168000,250082835.5,TQBR
2019-11-05,1.18,1.19,1.1737,1.178,219684000,258889696.4,TQBR
2019-11-06,1.191,1.2385,1.177,1.2132,1035045000,1255572271.7,TQBR
2019-11-07,1.209,1.225,1.2,1.2115,350914000,426405517.2,TQBR
2019-11-08,1.212,1.218,1.184,1.186,195849000,234233439.3,TQBR
2019-11-11,1.187,1.203,1.175,1.185,195129000,231844201.8,TQBR
2019-11-12,1.19,1.1998,1.1717,1.18,210214000,248630280.6,TQBR
2019-11-13,1.174,1.1848,1.1674,1.1763,121461000,142961352.7,TQBR
2019-11-14,1.1751,1.1808,1.161,1.1654,112735000,131717931.6,TQBR
2019-11-15,1.1605,1.1758,1.1605,1.175,57565000,67205612.8,TQBR
2019-11-18,1.1757,1.1838,1.1686,1.1686,72025000,84640917.3,TQBR
2019-11-19,1.1687,1.198,1.168,1.1942,158667000,188399591.2,TQBR
2019-11-20,1.182,1.1941,1.1791,1.18,105134000,124531715.6,TQBR
2019-11-21,1.1794,1.1841,1.17,1.171,53216000,62522518.1,TQBR
2019-11-22,1.1711,1.1826,1.1708,1.1825,52070000,61320881.2,TQBR
2019-11-25,1.187,1.2143,1.186,1.2082,366864000,441779421.5,TQBR
2019-11-26,1.2086,1.216,1.1877,1.1907,112359000,134783178.8,TQBR
2019-11-27,1.1957,1.2038,1.174,1.1842,137373000,162980216.5,TQBR
2019-11-28,1.185,1.1908,1.1744,1.1849,68954000,81450333.0,TQBR
2019-11-29,1.176,1.191,1.173,1.191,70555000,83470001.2,TQBR
2019-12-02,1.1938,1.1996,1.185,1.1996,114281000,136371720.1,TQBR
2019-12-03,1.1985,1.1995,1.1673,1.172,207748000,245256677.7,TQBR
2019-12-04,1.1798,1.1798,1.1652,1.17,92295000,108082670.9,TQBR
2019-12-05,1.1702,1.1764,1.1679,1.1707,62521000,73227169.9,TQBR
2019-12-06,1.1785,1.185,1.1708,1.1844,55509000,65453352.5,TQBR
2019-12-09,1.187,1.1949,1.1868,1.1943,75238000,89676457.2,TQBR
2019-12-10,1.1905,1.252,1.1834,1.25,486818000,595732715.9,TQBR
2019-12-11,1.2525,1.2978,1.251,1.2949,742979000,950645766.0,TQBR
2019-12-12,1.3055,1.3245,1.2822,1.2944,330939000,428934798.2,TQBR
2019-12-13,1.295,1.3061,1.2786,1.295,204687000,263892961.6,TQBR
2019-12-16,1.2888,1.2998,1.2888,1.29,66622000,86134384.4,TQBR
2019-12-17,1.29,1.3459,1.2891,1.339,383939000,505491640.6,TQBR
2019-12-18,1.35,1.3996,1.328,1.3771,543045000,742919319.4,TQBR
2019-12-19,1.3846,1.3998,1.3513,1.3705,414848000,568305035.4,TQBR
2019-12-20,1.37,1.3894,1.33,1.3676,338554000,459169799.9,TQBR
2019-12-23,1.36,1.3854,1.3566,1.3668,107282000,146764756.5,TQBR
2019-12-24,1.372,1.4056,1.3604,1.4,183476000,254154458.0,TQBR
2019-12-25,1.4,1.4298,1.4,1.4057,178089000,252081424.7,TQBR
2019-12-26,1.409,1.4098,1.3666,1.3681,153943000,212858778.7,TQBR
2019-12-27,1.368,1.4097,1.36,1.3942,318122000,441622388.3,TQBR
2019-12-30,1.4001,1.4127,1.3737,1.3839,262713000,365211918.2,TQBR
2020-01-03,1.3909,1.4179,1.375,1.4156,159043000,222960951.9,TQBR
2020-01-06,1.415,1.4288,1.3977,1.4167,126975000,180040044.8,TQBR
2020-01-08,1.4006,1.443,1.3879,1.4326,255112000,363499217.6,TQBR
2020-01-09,1.4328,1.4956,1.421,1.4795,265035000,387616170.9,TQBR
2020-01-10,1.485,1.52,1.4702,1.509,301813000,453027499.0,TQBR
2020-01-13,1.5138,1.5288,1.4962,1.5016,214690000,325179314.2,TQBR
2020-01-14,1.5025,1.5144,1.4423,1.4828,503824000,745308562.6,TQBR
2020-01-15,1.4808,1.49,1.44,1.4638,288806000,421449575.8,TQBR
2020-01-16,1.4667,1.52,1.4661,1.52,275350000,410300412.8,TQBR
2020-01-17,1.52,1.6,1.5174,1.5799,666885000,1045971601.9,TQBR
2020-01-20,1.581,1.6131,1.55,1.5559,298054000,468949502.4,TQBR
2020-01-21,1.5559,1.5775,1.5313,1.5415,185740000,288337655.3,TQBR
2020-01-22,1.546,1.605,1.546,1.5972,403303000,640017154.5,TQBR
2020-01-23,1.5842,1.5988,1.556,1.5771,240953000,380278162.8,TQBR
2020-01-24,1.5909,1.65,1.5875,1.65,578627000,940033691.5,TQBR
2020-01-27,1.63,1.6492,1.56,1.6071,406167000,650110963.0,TQBR
2020-01-28,1.61,1.6469,1.5914,1.6403,229344000,372977868.4,TQBR
2020-01-29,1.655,1.6742,1.643,1.643,279734000,464113380.4,TQBR
2020-01-30,1.6303,1.69,1.6211,1.68,441043000,736137949.6,TQBR
2020-01-31,1.6953,1.699,1.592,1.6018,516070000,848315071.7,TQBR
2020-02-03,1.5919,1.6429,1.575,1.6278,329495000,531977111.6,TQBR
2020-02-04,1.633,1.6578,1.619,1.635,266268000,436252975.2,TQBR
2020-02-05,1.6449,1.668,1.635,1.6454,206400000,341824101.5,TQBR
2020-02-06,1.665,1.6674,1.5912,1.6125,313817000,507824071.8,TQBR
2020-02-07,1.614,1.6298,1.5606,1.6049,322641000,514765370.1,TQBR
2020-02-10,1.6116,1.642,1.576,1.593,217534000,348525789.2,TQBR
2020-02-11,1.594,1.624,1.5908,1.6237,150590000,242916623.9,TQBR
2020-02-12,1.624,1.6782,1.624,1.675,306905000,508087508.9,TQBR
2020-02-13,1.675,1.6885,1.6516,1.669,205365000,343219029.3,TQBR
2020-02-14,1.6799,1.6934,1.6369,1.672,237476000,396550036.3,TQBR
2020-02-17,1.682,1.7072,1.6722,1.688,219257000,370954514.0,TQBR
2020-02-18,1.6824,1.6874,1.6343,1.6402,190317000,315082166.2,TQBR
2020-02-19,1.6538,1.6831,1.6401,1.6831,126141000,209603368.4,TQBR
2020-02-20,1.677,1.6975,1.645,1.6489,176585000,294595404.5,TQBR
2020-02-21,1.6469,1.6758,1.6208,1.675,145151000,240290554.1,TQBR
2020-02-25,1.65,1.7595,1.6059,1.6087,854563000,1444386160.2,TQBR
2020-02-26,1.6011,1.6344,1.5562,1.63,411923000,659536940.8,TQBR
2020-02-27,1.602,1.618,1.5215,1.5231,408199000,638131172.5,TQBR
2020-02-28,1.42,1.5447,1.4117,1.4489,630663000,932979808.7,TQBR
2020-03-02,1.4906,1.5454,1.4236,1.461,490233000,727454223.2,TQBR
2020-03-03,1.5284,1.532,1.4837,1.5161,267628000,403510979.7,TQBR
2020-03-04,1.501,1.5143,1.4712,1.4764,244542000,365272736.0,TQBR
2020-03-05,1.5,1.5084,1.4319,1.45,327958000,480032757.7,TQBR
2020-03-06,1.4342,1.4736,1.3455,1.3798,478689000,663107972.5,TQBR
2020-03-10,1.261,1.3381,1.2047,1.2186,675379000,858765482.0,TQBR
2020-03-11,1.2479,1.265,1.15,1.1626,446222000,540991784.8,TQBR
2020-03-12,1.11,1.13,1.0051,1.02,856236000,896830078.1,TQBR
2020-03-13,1.0151,1.078,1.005,1.0289,669104000,696838353.2,TQBR
2020-03-16,0.9776,1.0349,0.95,1.0109,561761000,554028860.1,TQBR
2020-03-17,0.996,1.0454,0.9555,0.9744,458895000,452957186.3,TQBR
2020-03-18,0.955,0.9645,0.8826,0.8884,598157000,547294681.9,TQBR
2020-03-19,0.8857,0.9287,0.8672,0.9206,469919000,426016443.4,TQBR
2020-03-20,0.9476,1.0558,0.939,1.032,1046139000,1054399146.9,TQBR
2020-03-23,1.0,1.0655,0.9743,1.0401,676932000,695540181.1,TQBR
2020-03-24,1.092,1.231,1.0769,1.218,912429000,1046516688.4,TQBR
2020-03-25,1.238,1.3029,1.1145,1.1772,1404637000,1686390544.1,TQBR
2020-03-26,1.1595,1.1998,1.1301,1.174,431995000,504478843.1,TQBR
2020-03-27,1.175,1.2479,1.142,1.1525,1124975000,1329172250.5,TQBR
2020-03-30,1.15,1.168,1.1211,1.1522,351279000,402815614.8,TQBR
2020-03-31,1.1752,1.19,1.153,1.1792,358181000,420631363.3,TQBR
2020-04-01,1.14,1.1756,1.1381,1.167,319793000,371983423.2,TQBR
2020-04-02,1.185,1.213,1.1681,1.2,532494000,632901252.4,TQBR
2020-04-03,1.2,1.2188,1.1891,1.1997,322175000,387213297.1,TQBR
2020-04-06,1.2145,1.2896,1.2006,1.2896,497614000,621920808.3,TQBR
2020-04-07,1.3001,1.3482,1.155,1.2405,1244700000,1574520265.3,TQBR
2020-04-08,1.242,1.3022,1.226,1.2989,492188000,627697777.2,TQBR
2020-04-09,1.3154,1.3588,1.3033,1.3391,486260000,648036711.6,TQBR
2020-04-10,1.3212,1.378,1.318,1.347,605700000,820801541.8,TQBR
2020-04-13,1.3549,1.3716,1.291,1.305,339228000,451469917.8,TQBR
2020-04-14,1.3299,1.3498,1.308,1.3319,384366000,512776520.9,TQBR
2020-04-15,1.3155,1.3299,1.2512,1.2562,497419000,636634498.2,TQBR
2020-04-16,1.2682,1.295,1.2227,1.2587,389624000,493412685.5,TQBR
2020-04-17,1.2905,1.2911,1.2507,1.2661,299291000,378757660.6,TQBR
2020-04-20,1.26,1.276,1.2266,1.2355,261643000,326638558.8,TQBR
2020-04-21,1.221,1.2238,1.19,1.2095,390408000,471516112.6,TQBR
2020-04-22,1.21,1.261,1.2013,1.2286,443182000,547186224.6,TQBR
2020-04-23,1.2505,1.2572,1.227,1.243,331818000,413225766.1,TQBR
2020-04-24,1.2399,1.2737,1.2227,1.2257,328401000,409837074.3,TQBR
2020-04-27,1.2303,1.26,1.2273,1.257,178282000,222467422.3,TQBR
2020-04-28,1.252,1.3107,1.252,1.2711,341320000,438467465.3,TQBR
2020-04-29,1.29,1.3113,1.2775,1.304,285387000,371419220.8,TQBR
2020-04-30,1.315,1.323,1.263,1.283,471143000,606474002.8,TQBR
2020-05-04,1.268,1.2963,1.252,1.2867,188723000,240194686.5,TQBR
2020-05-05,1.3,1.3088,1.2812,1.288,158646000,205103298.0,TQBR
2020-05-06,1.3065,1.3404,1.289,1.29,586179000,771750561.7,TQBR
2020-05-07,1.2978,1.313,1.2851,1.288,253137000,328250263.4,TQBR
2020-05-08,1.3,1.31,1.2758,1.29,278298000,359746438.0,TQBR
2020-05-12,1.2975,1.323,1.2873,1.3076,205598000,269107469.2,TQBR
2020-05-13,1.3023,1.3159,1.2752,1.305,206135000,267473656.7,TQBR
2020-05-14,1.295,1.3218,1.291,1.3002,172604000,225148652.7,TQBR
2020-05-15,1.2951,1.3118,1.2829,1.287,174618000,226214599.7,TQBR
2020-05-18,1.305,1.3157,1.2941,1.3125,313860000,410470178.8,TQBR
2020-05-19,1.316,1.3295,1.3073,1.3161,344329000,454235871.3,TQBR
2020-05-20,1.3233,1.3948,1.3216,1.3887,773844000,1061291594.5,TQBR
2020-05-21,1.381,1.4362,1.3711,1.3979,632498000,889543460.1,TQBR
2020-05-22,1.373,1.449,1.373,1.4485,364673000,516959709.6,TQBR
2020-05-25,1.4535,1.5292,1.4534,1.5292,678629000,1017445063.5,TQBR
2020-05-26,1.5446,1.6098,1.5403,1.609,1022712000,1616451008.0,TQBR
2020-05-27,1.61,1.649,1.5505,1.5765,1251557000,2006961149.0,TQBR
2020-05-28,1.5909,1.608,1.556,1.5812,409883000,648056741.6,TQBR
2020-05-29,1.5654,1.6635,1.5635,1.653,579970000,936831725.9,TQBR
2020-06-01,1.6609,1.7368,1.6542,1.735,629625000,1063515067.3,TQBR
2020-06-02,1.7454,1.7627,1.6932,1.716,773947000,1333460115.5,TQBR
2020-06-03,1.735,1.735,1.646,1.6497,740492000,1241531428.0,TQBR
2020-06-04,1.64,1.6465,1.5656,1.6,734870000,1177370901.0,TQBR
2020-06-05,1.612,1.657,1.5926,1.611,483387000,785399365.3,TQBR
2020-06-08,1.62,1.6426,1.57,1.5763,490203000,781330723.8,TQBR
2020-06-09,1.579,1.5878,1.5402,1.55,439757000,683057425.1,TQBR
2020-06-10,1.5615,1.5758,1.5337,1.5641,597542000,932665337.1,TQBR
2020-06-11,1.486,1.4917,1.4364,1.4616,708394000,1038987216.1,TQBR
2020-06-15,1.426,1.5571,1.426,1.5571,814152000,1226534733.0,TQBR
2020-06-16,1.564,1.598,1.5221,1.5552,936964000,1467608557.0,TQBR
2020-06-17,1.5574,1.594,1.5255,1.5617,396237000,616891756.9,TQBR
2020-06-18,1.5555,1.5659,1.5125,1.549,428278000,655365000.0,TQBR
2020-06-19,1.56,1.5686,1.512,1.512,209404000,321023583.7,TQBR
2020-06-22,1.5153,1.5448,1.4949,1.5316,225684000,343780704.8,TQBR
2020-06-23,1.5373,1.5883,1.53,1.5543,428507000,670077344.7,TQBR
2020-06-25,1.53,1.5429,1.51,1.5269,340884000,519653631.7,TQBR
2020-06-26,1.54,1.544,1.505,1.505,210223000,320280691.5,TQBR
2020-06-29,1.51,1.5373,1.508,1.5289,182787000,278083967.1,TQBR
2020-06-30,1.5196,1.531,1.4917,1.4935,308839000,465143227.0,TQBR
2020-07-02,1.4935,1.5523,1.4935,1.5403,383375000,588718644.2,TQBR
2020-07-03,1.5451,1.5567,1.528,1.549,158357000,244393029.5,TQBR
2020-07-06,1.565,1.574,1.535,1.5444,161380000,251469765.7,TQBR
2020-07-07,1.522,1.5644,1.513,1.5215,187965000,287679206.2,TQBR
2020-07-08,1.5284,1.5525,1.5227,1.5448,137948000,212667475.6,TQBR
2020-07-09,1.5627,1.5637,1.528,1.5443,176302000,272481776.4,TQBR
2020-07-10,1.5318,1.55,1.525,1.5342,69059000,106052261.0,TQBR
2020-07-13,1.5469,1.5601,1.5323,1.554,94381000,146042356.9,TQBR
2020-07-14,1.5499,1.5499,1.5044,1.512,257193000,390561143.4,TQBR
2020-07-15,1.5319,1.5319,1.5002,1.5049,185899000,281160978.6,TQBR
2020-07-16,1.5045,1.5187,1.5022,1.5098,75094000,113372375.6,TQBR
2020-07-17,1.5149,1.5284,1.508,1.5135,132653000,201630112.0,TQBR
2020-07-20,1.525,1.563,1.5151,1.5542,301559000,465816227.0,TQBR
2020-07-21,1.5626,1.6388,1.5626,1.6388,923110000,1490366834.3,TQBR
2020-07-22,1.6388,1.6549,1.5961,1.61,469955000,759246607.1,TQBR
2020-07-23,1.6238,1.6247,1.5991,1.6019,163529000,263413553.9,TQBR
2020-07-24,1.6011,1.6215,1.5601,1.6065,204166000,326612724.3,TQBR
2020-07-27,1.6124,1.6393,1.6024,1.6024,158765000,257373967.7,TQBR
2020-07-28,1.6115,1.619,1.586,1.5886,115086000,184032943.0,TQBR
2020-07-29,1.59,1.6278,1.5852,1.6112,209158000,337098109.7,TQBR
2020-07-30,1.6116,1.6237,1.5602,1.5602,334534000,528531895.8,TQBR
2020-07-31,1.57,1.592,1.5632,1.592,225891000,356711277.6,TQBR
2020-08-03,1.5868,1.6498,1.5868,1.6336,415342000,675591286.8,TQBR
2020-08-04,1.6338,1.6464,1.6113,1.62,132328000,215088906.1,TQBR
2020-08-05,1.6202,1.6398,1.6006,1.6175,177603000,287228427.0,TQBR
2020-08-06,1.618,1.623,1.5851,1.5992,152350000,244414915.8,TQBR
2020-08-07,1.601,1.6027,1.567,1.585,161827000,256285200.6,TQBR
2020-08-10,1.5852,1.6034,1.5777,1.5858,108867000,173549218.9,TQBR
2020-08-11,1.5897,1.6,1.5808,1.5937,102365000,162966249.5,TQBR
2020-08-12,1.593,1.6022,1.583,1.5935,103840000,165633747.5,TQBR
2020-08-13,1.5961,1.618,1.593,1.603,208220000,333666956.9,TQBR
2020-08-14,1.605,1.623,1.5767,1.5915,157216000,251058170.5,TQBR
2020-08-17,1.604,1.604,1.5704,1.5782,167885000,265521118.9,TQBR
2020-08-18,1.5782,1.5885,1.563,1.5727,101641000,160169335.8,TQBR
2020-08-19,1.569,1.5913,1.5622,1.591,88698000,140242477.3,TQBR
2020-08-20,1.59,1.59,1.528,1.53,311229000,485741371.8,TQBR
2020-08-21,1.5463,1.5489,1.5053,1.5199,184017000,280505179.1,TQBR
2020-08-24,1.5301,1.547,1.5163,1.5224,119079000,182382222.7,TQBR
2020-08-25,1.5353,1.5368,1.5062,1.5095,114324000,173538009.5,TQBR
2020-08-26,1.51,1.5229,1.4862,1.5093,199538000,299679605.0,TQBR
2020-08-27,1.5164,1.544,1.5025,1.514,220200000,335586993.0,TQBR
2020-08-28,1.522,1.522,1.4759,1.4844,173807000,259525660.8,TQBR
2020-08-31,1.4932,1.497,1.441,1.4525,308355000,451593657.1,TQBR
2020-09-01,1.457,1.4869,1.447,1.4845,140256000,206518112.5,TQBR
2020-09-02,1.49,1.5034,1.4478,1.4701,266362000,393186740.9,TQBR
2020-09-03,1.4707,1.4847,1.4464,1.4588,143645000,210042350.9,TQBR
2020-09-04,1.4559,1.4692,1.4333,1.4436,130802000,189762750.7,TQBR
2020-09-07,1.4436,1.4637,1.4386,1.457,85372000,124097992.7,TQBR
2020-09-08,1.465,1.4668,1.413,1.448,172872000,248165102.8,TQBR
2020-09-09,1.4351,1.4518,1.4158,1.4518,135978000,194577829.2,TQBR
2020-09-10,1.452,1.453,1.4227,1.4483,127908000,183769636.9,TQBR
2020-09-11,1.44,1.4847,1.4335,1.481,204899000,300599649.6,TQBR
2020-09-14,1.4886,1.5023,1.4702,1.4716,162354000,241035098.3,TQBR
2020-09-15,1.4758,1.4951,1.4714,1.4802,142710000,212019950.9,TQBR
2020-09-16,1.4846,1.5018,1.4542,1.462,222377000,329030453.8,TQBR
2020-09-17,1.4505,1.5268,1.4463,1.5268,472802000,711286621.4,TQBR
2020-09-18,1.5319,1.5437,1.5101,1.5371,286190000,437809377.8,TQBR
2020-09-21,1.5371,1.584,1.4751,1.492,577518000,884339744.9,TQBR
2020-09-22,1.484,1.516,1.482,1.4993,200879000,301686687.5,TQBR
2020-09-23,1.5,1.505,1.457,1.4743,202633000,301696388.2,TQBR
2020-09-24,1.476,1.5006,1.4591,1.4941,115500000,171219100.1,TQBR
2020-09-25,1.4941,1.5088,1.4434,1.4679,228285000,335187707.1,TQBR
2020-09-28,1.4775,1.4925,1.4671,1.488,97120000,143967763.6,TQBR
2020-09-29,1.48,1.4985,1.452,1.472,292043000,428199897.1,TQBR
2020-09-30,1.4727,1.4868,1.4617,1.4785,104410000,154093927.1,TQBR
2020-10-01,1.4821,1.4821,1.4336,1.4487,198679000,288260528.0,TQBR
2020-10-02,1.4389,1.4585,1.425,1.453,129248000,186177082.9,TQBR
2020-10-05,1.458,1.4717,1.4401,1.4688,131457000,191513754.3,TQBR
2020-10-06,1.47,1.4842,1.45,1.4515,110333000,162112616.6,TQBR
2020-10-07,1.4599,1.4599,1.42,1.4348,170070000,244070501.9,TQBR
2020-10-08,1.4348,1.439,1.4205,1.4313,112541000,161042149.3,TQBR
2020-10-09,1.4298,1.4316,1.4105,1.4196,112148000,159139001.3,TQBR
2020-10-12,1.4158,1.439,1.4143,1.4295,104332000,149019062.0,TQBR
2020-10-13,1.4257,1.433,1.3956,1.4061,133973000,189103718.9,TQBR
2020-10-14,1.4,1.4344,1.3867,1.4279,135916000,193572626.3,TQBR
2020-10-15,1.4312,1.4312,1.398,1.4038,83081000,117099606.9,TQBR
2020-10-16,1.4034,1.4079,1.378,1.3939,112661000,156435697.7,TQBR
2020-10-19,1.3856,1.394,1.3581,1.3643,157604000,216249590.4,TQBR
2020-10-20,1.37,1.4097,1.351,1.3932,143478000,198846657.5,TQBR
2020-10-21,1.389,1.404,1.3666,1.382,99387000,137337869.0,TQBR
2020-10-22,1.384,1.4289,1.3741,1.4255,113609000,159737862.4,TQBR
2020-10-23,1.431,1.5063,1.4234,1.5048,701066000,1038405533.8,TQBR
2020-10-26,1.5019,1.5024,1.465,1.4748,319529000,474118342.1,TQBR
2020-10-27,1.477,1.4907,1.431,1.4515,315165000,457408347.5,TQBR
2020-10-28,1.45,1.45,1.3711,1.3795,287803000,404640790.3,TQBR
2020-10-29,1.3815,1.4487,1.3599,1.43,395259000,557033256.5,TQBR
2020-10-30,1.424,1.4589,1.3972,1.4452,337547000,483259941.3,TQBR
2020-11-02,1.4351,1.4989,1.4218,1.492,298074000,438975216.7,TQBR
2020-11-03,1.4988,1.5054,1.4766,1.4867,210442000,313580588.0,TQBR
2020-11-05,1.5005,1.5343,1.4867,1.532,344527000,521984668.4,TQBR
2020-11-06,1.5275,1.5722,1.511,1.5625,353459000,544935775.3,TQBR
2020-11-09,1.575,1.6177,1.5638,1.5915,472605000,755961489.4,TQBR
2020-11-10,1.58,1.6156,1.5717,1.605,299297000,480246546.8,TQBR
2020-11-11,1.6065,1.694,1.6033,1.6715,705865000,1168037583.3,TQBR
2020-11-12,1.67,1.67,1.6275,1.6558,300028000,496354911.7,TQBR
2020-11-13,1.655,1.672,1.636,1.6619,198670000,329219744.2,TQBR
2020-11-16,1.67,1.6995,1.67,1.6901,249980000,422086661.1,TQBR
2020-11-17,1.69,1.6965,1.6621,1.6731,254380000,427356190.1,TQBR
2020-11-18,1.6702,1.6893,1.668,1.685,176624000,296725028.3,TQBR
2020-11-19,1.684,1.6879,1.6645,1.6755,145251000,243360554.3,TQBR
2020-11-20,1.6755,1.7079,1.67,1.7,206570000,349170395.2,TQBR
2020-11-23,1.7051,1.7298,1.7,1.7265,252363000,432865902.6,TQBR
2020-11-24,1.73,1.7367,1.688,1.7124,219632000,375100584.9,TQBR
2020-11-25,1.719,1.7301,1.675,1.7093,266826000,453699908.5,TQBR
2020-11-26,1.7,1.7456,1.6925,1.73,155235000,267351389.5,TQBR
2020-11-27,1.7428,1.7439,1.7109,1.726,110376000,190804995.4,TQBR
2020-11-30,1.7122,1.7214,1.6781,1.6934,159155000,270257521.3,TQBR
2020-12-01,1.6883,1.723,1.6867,1.7173,179457000,307188624.2,TQBR
2020-12-02,1.7159,1.725,1.7004,1.7128,86803000,148884006.1,TQBR
2020-12-03,1.72,1.723,1.6923,1.6937,132143000,225220958.4,TQBR
2020-12-04,1.6988,1.72,1.685,1.7081,142617000,242190662.0,TQBR
2020-12-07,1.708,1.723,1.6866,1.708,111933000,190012826.2,TQBR
2020-12-08,1.7015,1.715,1.6916,1.7,162044000,276347524.1,TQBR
2020-12-09,1.6915,1.714,1.6815,1.6891,132259000,224715355.9,TQBR
2020-12-10,1.685,1.715,1.665,1.6819,222076000,373147275.2,TQBR
2020-12-11,1.68,1.6843,1.6415,1.6626,295457000,489703157.9,TQBR
2020-12-14,1.6657,1.7017,1.642,1.662,229361000,383267950.0,TQBR
2020-12-15,1.6643,1.6838,1.6533,1.6763,136997000,229344322.9,TQBR
2020-12-16,1.6671,1.7222,1.6516,1.7118,240062000,406128283.8,TQBR
2020-12-17,1.715,1.737,1.7005,1.736,281972000,483948285.9,TQBR
2020-12-18,1.7277,1.7285,1.7025,1.7052,148497000,254566095.8,TQBR
2020-12-21,1.6969,1.7398,1.666,1.7,260756000,442360174.4,TQBR
2020-12-22,1.72,1.72,1.6845,1.7039,140082000,238274628.7,TQBR
2020-12-23,1.712,1.738,1.6951,1.7319,180416000,310539724.6,TQBR
2020-12-24,1.7329,1.74,1.6971,1.7135,125230000,214425210.0,TQBR
2020-12-25,1.72,1.7253,1.7,1.7125,31062000,53217451.8,TQBR
2020-12-28,1.715,1.8237,1.713,1.8192,791607000,1407512653.4,TQBR
2020-12-29,1.81,1.8358,1.7577,1.781,319524000,575140659.2,TQBR
2020-12-30,1.7828,1.7905,1.75,1.7702,258434000,457188346.8,TQBR
2021-01-04,1.7752,1.7988,1.7569,1.7735,225055000,400436146.7,TQBR
2021-01-05,1.765,1.775,1.7535,1.775,197626000,348771332.4,TQBR
2021-01-06,1.7753,1.78,1.7535,1.7635,82390000,145608371.9,TQBR
2021-01-08,1.7711,1.785,1.7563,1.7733,151206000,267797792.2,TQBR
2021-01-11,1.7694,1.7866,1.7544,1.7661,282194000,500374756.4,TQBR
2021-01-12,1.775,1.775,1.7379,1.7458,299750000,524982017.2,TQBR
2021-01-13,1.74,1.755,1.7177,1.7331,244702000,423819049.6,TQBR
2021-01-14,1.7385,1.7385,1.7089,1.722,174255000,299792362.0,TQBR
2021-01-15,1.7196,1.7196,1.7,1.7044,187837000,321097909.9,TQBR
2021-01-18,1.7006,1.7403,1.7,1.724,141712000,244021909.5,TQBR
2021-01-19,1.7377,1.7564,1.6882,1.7073,313532000,538247794.2,TQBR
2021-01-20,1.708,1.715,1.6928,1.707,153734000,262365430.9,TQBR
2021-01-21,1.7054,1.7119,1.6606,1.669,176115000,295392164.1,TQBR
2021-01-22,1.664,1.6671,1.642,1.6668,175085000,289690940.1,TQBR
2021-01-25,1.6555,1.6983,1.6464,1.698,276783000,462056556.9,TQBR
2021-01-26,1.6747,1.702,1.6745,1.6889,111681000,188314961.9,TQBR
2021-01-27,1.6935,1.7053,1.6582,1.6593,141030000,237281917.7,TQBR
2021-01-28,1.662,1.6748,1.6265,1.67,205413000,338483853.6,TQBR
2021-01-29,1.668,1.668,1.6015,1.6145,247768000,401972490.7,TQBR
2021-02-01,1.6165,1.639,1.6147,1.6315,83908000,136672678.3,TQBR
2021-02-02,1.637,1.66,1.617,1.63,125163000,206191004.7,TQBR
2021-02-03,1.6331,1.6485,1.6239,1.6411,108629000,177609724.8,TQBR
2021-02-04,1.632,1.6716,1.6221,1.6652,191239000,316723775.0,TQBR
2021-02-05,1.6661,1.6968,1.6572,1.6876,197628000,332814360.7,TQBR
2021-02-08,1.697,1.6992,1.6765,1.6927,117250000,198403671.6,TQBR
2021-02-09,1.69,1.71,1.6893,1.71,102579000,173694006.4,TQBR
2021-02-10,1.702,1.7569,1.699,1.7337,473295000,822965738.4,TQBR
2021-02-11,1.73,1.749,1.7029,1.7169,173402000,298605283.7,TQBR
2021-02-12,1.7237,1.745,1.7,1.7272,105897000,181320610.7,TQBR
2021-02-15,1.7372,1.7555,1.725,1.7398,109670000,190571976.9,TQBR
2021-02-16,1.74,1.7908,1.725,1.7675,263622000,465572843.6,TQBR
2021-02-17,1.7727,1.7899,1.7395,1.759,189745000,334229519.3,TQBR
2021-02-18,1.759,1.759,1.7286,1.7319,133454000,232588160.6,TQBR
2021-02-19,1.7299,1.74,1.7019,1.7127,136981000,235411530.5,TQBR
2021-02-20,1.7121,1.75,1.704,1.741,31151000,53919169.0,TQBR
2021-02-22,1.7417,1.744,1.7,1.7109,183767000,313768994.2,TQBR
2021-02-24,1.6985,1.715,1.6752,1.7056,272671000,463136749.4,TQBR
2021-02-25,1.7,1.724,1.689,1.696,112327000,192053929.2,TQBR
2021-02-26,1.695,1.7107,1.6751,1.698,115808000,196808752.2,TQBR
2021-03-01,1.7002,1.7142,1.6811,1.703,57330000,97009360.7,TQBR
2021-03-02,1.698,1.7091,1.678,1.7037,65563000,111180053.0,TQBR
2021-03-03,1.704,1.713,1.6671,1.6753,162875000,274617594.4,TQBR
2021-03-04,1.6742,1.695,1.6553,1.6673,134116000,224604141.9,TQBR
2021-03-05,1.676,1.69,1.6567,1.68,98566000,164952964.4,TQBR
2021-03-09,1.6839,1.6956,1.6757,1.6913,93453000,157437911.6,TQBR
2021-03-10,1.6913,1.6933,1.6577,1.6644,138888000,232499294.1,TQBR
2021-03-11,1.6776,1.68,1.65,1.6627,127037000,210508846.2,TQBR
2021-03-12,1.6719,1.6782,1.658,1.6641,143334000,239072883.2,TQBR
2021-03-15,1.668,1.688,1.6588,1.687,141418000,236692490.9,TQBR
2021-03-16,1.688,1.694,1.657,1.6663,118952000,198436803.5,TQBR
2021-03-17,1.6665,1.6735,1.5851,1.6268,469434000,758330445.5,TQBR
2021-03-18,1.624,1.6309,1.585,1.5899,285073000,456401237.9,TQBR
2021-03-19,1.5939,1.5979,1.5647,1.5862,528107000,830979612.8,TQBR
2021-03-22,1.579,1.5862,1.5565,1.5672,194113000,304086512.6,TQBR
2021-03-23,1.5647,1.5693,1.5,1.5049,556557000,848342474.0,TQBR
2021-03-24,1.4998,1.523,1.4538,1.5112,515777000,766482656.1,TQBR
2021-03-25,1.5101,1.534,1.4975,1.519,231187000,350759833.5,TQBR
2021-03-26,1.525,1.5418,1.514,1.5325,162993000,249124412.7,TQBR
2021-03-29,1.531,1.5386,1.4945,1.5212,276798000,417887071.4,TQBR
2021-03-30,1.51,1.5354,1.504,1.525,156380000,238306591.3,TQBR
2021-03-31,1.5318,1.5328,1.5,1.5209,139553000,210911924.4,TQBR
2021-04-01,1.5115,1.5246,1.4915,1.5045,246301000,370442226.5,TQBR
2021-04-02,1.5003,1.5098,1.4986,1.5027,95753000,143781645.1,TQBR
2021-04-05,1.5,1.5119,1.4834,1.4943,113034000,168708091.3,TQBR
2021-04-06,1.4943,1.4966,1.4601,1.471,195117000,287555323.7,TQBR
2021-04-07,1.471,1.4775,1.4581,1.4689,231081000,338766751.0,TQBR
2021-04-08,1.473,1.5038,1.465,1.4975,174226000,256431806.4,TQBR
2021-04-09,1.4875,1.4876,1.4502,1.4678,220288000,322877289.1,TQBR
2021-04-12,1.464,1.4769,1.454,1.47,197540000,289682410.5,TQBR
2021-04-13,1.4611,1.4755,1.4571,1.4701,230929000,338200292.3,TQBR
2021-04-14,1.475,1.4775,1.4455,1.452,346914000,504822679.9,TQBR
2021-04-15,1.433,1.459,1.4329,1.4511,150200000,217663077.5,TQBR
2021-04-16,1.4575,1.4575,1.4434,1.4528,134465000,194743114.5,TQBR
2021-04-19,1.4494,1.4513,1.418,1.4284,376858000,539416857.2,TQBR
2021-04-20,1.43,1.4396,1.3985,1.4112,327395000,462635770.2,TQBR
2021-04-21,1.4118,1.482,1.4067,1.4794,524533000,756865698.3,TQBR
2021-04-22,1.471,1.4789,1.4476,1.468,388263000,567701692.6,TQBR
2021-04-23,1.4698,1.4787,1.438,1.4575,295605000,429443658.3,TQBR
2021-04-26,1.4667,1.505,1.4582,1.4945,422237000,628053252.8,TQBR
2021-04-27,1.4998,1.5038,1.4675,1.4791,174769000,259037328.7,TQBR
2021-04-28,1.4702,1.4769,1.4235,1.4434,350839000,506629440.3,TQBR
2021-04-29,1.444,1.4644,1.427,1.4467,171216000,247854349.5,TQBR
2021-04-30,1.4456,1.4529,1.42,1.4308,122517000,175573792.0,TQBR
2021-05-04,1.4262,1.4415,1.4028,1.4355,237658000,338105659.5,TQBR
2021-05-05,1.436,1.475,1.4356,1.467,229691000,335224179.6,TQBR
2021-05-06,1.4675,1.473,1.4521,1.4644,90216000,131692701.7,TQBR
2021-05-07,1.4586,1.4696,1.447,1.4548,105147000,153026121.5,TQBR
2021-05-10,1.46,1.4779,1.447,1.459,71438000,104643635.6,TQBR
2021-05-11,1.455,1.4565,1.4255,1.445,171576000,246405572.7,TQBR
2021-05-12,1.445,1.4767,1.4304,1.435,183672000,266695732.3,TQBR
2021-05-13,1.433,1.4439,1.4081,1.4304,184723000,262420752.7,TQBR
2021-05-14,1.4351,1.4367,1.4155,1.4225,127764000,181724943.4,TQBR
2021-05-17,1.427,1.432,1.4114,1.4196,195761000,277582488.5,TQBR
2021-05-18,1.4225,1.4314,1.4163,1.423,174168000,247936906.9,TQBR
2021-05-19,1.4225,1.4392,1.412,1.4202,217710000,310873920.7,TQBR
2021-05-20,1.4182,1.4365,1.4163,1.432,142317000,202785673.2,TQBR
2021-05-21,1.4326,1.4355,1.4127,1.4279,131330000,187158662.3,TQBR
2021-05-24,1.4147,1.4235,1.401,1.4149,335186000,473571781.1,TQBR
2021-05-25,1.4161,1.4172,1.3836,1.3858,294479000,411031268.7,TQBR
2021-05-26,1.3855,1.42,1.3848,1.4113,197128000,276620511.0,TQBR
2021-05-27,1.4126,1.4294,1.3927,1.4104,281539000,396339883.3,TQBR
2021-05-28,1.4114,1.418,1.4015,1.4074,90110000,126741964.8,TQBR
2021-05-31,1.4127,1.4211,1.4066,1.4128,113536000,160632197.4,TQBR
2021-06-01,1.4153,1.4247,1.411,1.422,95982000,136225504.5,TQBR
2021-06-02,1.425,1.4274,1.3959,1.4119,239269000,336339727.3,TQBR
2021-06-03,1.401,1.4147,1.401,1.41,109957000,154983206.7,TQBR
2021-06-04,1.4158,1.4158,1.3972,1.41,73608000,103300354.3,TQBR
2021-06-07,1.41,1.41,1.401,1.4044,87770000,123272027.9,TQBR
2021-06-08,1.4089,1.4102,1.3908,1.3981,170731000,238723544.5,TQBR
2021-06-09,1.401,1.4042,1.3913,1.4017,77934000,108785677.1,TQBR
2021-06-10,1.4016,1.4016,1.3814,1.3877,251410000,349510918.0,TQBR
2021-06-11,1.387,1.3936,1.3831,1.3907,75408000,104821293.8,TQBR
2021-06-14,1.39,1.408,1.39,1.404,77024000,107885389.4,TQBR
2021-06-15,1.4008,1.415,1.3937,1.4006,178202000,249970403.5,TQBR
2021-06-16,1.4006,1.4024,1.384,1.3902,163693000,227589406.7,TQBR
2021-06-17,1.3901,1.4016,1.3681,1.3808,227823000,314072893.7,TQBR
2021-06-18,1.38,1.3829,1.369,1.3785,165035000,226832125.1,TQBR
2021-06-21,1.376,1.3835,1.3705,1.3816,114527000,157573714.6,TQBR
2021-06-22,1.3839,1.3839,1.363,1.3684,217495000,297504358.2,TQBR
2021-06-23,1.3735,1.3929,1.368,1.39,171976000,237199593.3,TQBR
2021-06-24,1.39,1.3995,1.3676,1.3711,204872000,282673929.8,TQBR
2021-06-25,1.3688,1.378,1.366,1.371,99123000,135965399.7,TQBR
2021-06-28,1.372,1.377,1.3671,1.3704,105466000,144565518.4,TQBR
2021-06-29,1.372,1.3745,1.3506,1.3659,132020000,179616922.8,TQBR
2021-06-30,1.3615,1.3659,1.3503,1.357,199543000,270033787.6,TQBR
2021-07-01,1.357,1.365,1.3503,1.3572,176364000,238773715.2,TQBR
2021-07-02,1.356,1.3599,1.3524,1.3577,56801000,77003717.6,TQBR
2021-07-05,1.3504,1.3649,1.3504,1.3649,88982000,120862040.7,TQBR
2021-07-06,1.368,1.3701,1.3456,1.3534,156414000,211969706.1,TQBR
2021-07-07,1.3565,1.382,1.3553,1.3727,172831000,237216968.7,TQBR
2021-07-08,1.3725,1.3725,1.3515,1.3607,119342000,161876473.1,TQBR
2021-07-09,1.365,1.3655,1.3607,1.3646,29651000,40416752.5,TQBR
2021-07-12,1.3675,1.37,1.3526,1.3645,79247000,108142619.6,TQBR
2021-07-13,1.3645,1.368,1.353,1.358,97022000,131893230.8,TQBR
2021-07-14,1.3606,1.3661,1.352,1.3588,103102000,139945216.8,TQBR
2021-07-15,1.3427,1.3427,1.321,1.326,164923000,219606077.0,TQBR
2021-07-16,1.31,1.3295,1.31,1.3213,75855000,100105012.2,TQBR
2021-07-19,1.317,1.321,1.2678,1.278,269844000,346971558.7,TQBR
2021-07-20,1.279,1.2821,1.2512,1.2712,217967000,274914115.7,TQBR
2021-07-21,1.2721,1.318,1.2653,1.3122,251737000,326418110.3,TQBR
2021-07-22,1.3131,1.3131,1.2756,1.291,143352000,184431275.7,TQBR
2021-07-23,1.29,1.3035,1.2847,1.2962,67530000,87359135.4,TQBR
2021-07-26,1.293,1.3076,1.2754,1.3063,88040000,113750492.6,TQBR
2021-07-27,1.3062,1.3069,1.2912,1.2999,73087000,94939662.4,TQBR
2021-07-28,1.3008,1.3265,1.2946,1.3184,100625000,131564180.9,TQBR
2021-07-29,1.317,1.3199,1.3002,1.3072,124489000,162497402.9,TQBR
2021-07-30,1.3053,1.3404,1.3016,1.3234,212362000,280740665.6,TQBR
2021-08-02,1.3358,1.3368,1.2975,1.3096,130567000,170886771.7,TQBR
2021-08-03,1.31,1.31,1.283,1.294,127250000,163976123.2,TQBR
2021-08-04,1.2853,1.3048,1.272,1.281,154782000,198635806.4,TQBR
2021-08-05,1.2819,1.2865,1.2743,1.2863,75084000,95932471.7,TQBR
2021-08-06,1.284,1.2879,1.2676,1.2725,69827000,88865318.1,TQBR
2021-08-09,1.2718,1.2718,1.256,1.2635,101089000,127565408.0,TQBR
2021-08-10,1.263,1.281,1.252,1.281,131510000,165786038.0,TQBR
2021-08-11,1.282,1.2941,1.2704,1.2789,128837000,165190349.2,TQBR
2021-08-12,1.28,1.28,1.2603,1.2674,182117000,230442059.9,TQBR
2021-08-13,1.2674,1.2733,1.26,1.2617,70935000,89777545.0,TQBR
2021-08-16,1.2625,1.2625,1.2512,1.2531,85016000,106656541.8,TQBR
2021-08-17,1.253,1.267,1.2457,1.264,102381000,128150305.7,TQBR
2021-08-18,1.262,1.262,1.25,1.25,123238000,154355966.7,TQBR
2021-08-19,1.2487,1.2494,1.2165,1.2273,194928000,239306770.0,TQBR
2021-08-20,1.228,1.2378,1.2226,1.236,59111000,72682281.5,TQBR
2021-08-23,1.2388,1.2506,1.2278,1.2478,122792000,152160163.8,TQBR
2021-08-24,1.2498,1.297,1.2473,1.2884,329402000,420201683.9,TQBR
2021-08-25,1.2908,1.293,1.2706,1.281,130312000,166628850.3,TQBR
2021-08-26,1.282,1.3079,1.2707,1.29,166289000,214866954.8,TQBR
2021-08-27,1.29,1.325,1.289,1.3197,240270000,314781123.6,TQBR
2021-08-30,1.3199,1.339,1.3036,1.3258,169885000,224075852.0,TQBR
2021-08-31,1.325,1.3442,1.3077,1.3127,119746000,158291280.6,TQBR
2021-09-01,1.3085,1.3339,1.301,1.33,134274000,177641208.7,TQBR
2021-09-02,1.3339,1.3801,1.3248,1.3661,368291000,500109741.9,TQBR
2021-09-03,1.3753,1.432,1.3704,1.4119,647940000,912050329.2,TQBR
2021-09-06,1.432,1.4586,1.429,1.4486,621458000,898894719.2,TQBR
2021-09-07,1.454,1.4541,1.4,1.4,377428000,534429220.4,TQBR
2021-09-08,1.399,1.4275,1.3769,1.4099,318612000,447700830.7,TQBR
2021-09-09,1.4099,1.4164,1.3775,1.3795,197187000,275510149.1,TQBR
2021-09-10,1.3945,1.4099,1.3812,1.384,124373000,173643691.5,TQBR
2021-09-13,1.3943,1.3998,1.3861,1.3927,62887000,87474437.9,TQBR
2021-09-14,1.3943,1.3971,1.3585,1.3658,178932000,246003370.7,TQBR
2021-09-15,1.3662,1.3739,1.3386,1.3404,221975000,299818128.6,TQBR
2021-09-16,1.339,1.3729,1.33,1.33,279719000,377912647.3,TQBR
2021-09-17,1.3336,1.3444,1.3212,1.3305,147981000,196434528.4,TQBR
2021-09-20,1.3198,1.3198,1.27,1.2725,271130000,350938250.1,TQBR
2021-09-21,1.278,1.2985,1.272,1.2819,150756000,193716330.9,TQBR
2021-09-22,1.2854,1.309,1.2774,1.3007,160392000,207112242.4,TQBR
2021-09-23,1.307,1.3079,1.2838,1.2968,84031000,108653718.3,TQBR
2021-09-24,1.2908,1.2982,1.2782,1.2869,56502000,72681147.3,TQBR
2021-09-27,1.29,1.3238,1.2845,1.3105,149023000,194850579.7,TQBR
2021-09-28,1.315,1.3155,1.2781,1.2862,136752000,176611866.0,TQBR
2021-09-29,1.279,1.3114,1.2744,1.2919,136791000,176290728.3,TQBR
2021-09-30,1.2919,1.2937,1.2755,1.2816,108284000,138897450.9,TQBR
2021-10-01,1.2795,1.2949,1.2736,1.2859,81393000,104531998.9,TQBR
2021-10-04,1.2859,1.3035,1.2825,1.288,86270000,111463138.1,TQBR
2021-10-05,1.2875,1.3338,1.2802,1.3333,296023000,386466749.1,TQBR
2021-10-06,1.335,1.346,1.2913,1.3189,289934000,383654640.2,TQBR
2021-10-07,1.3265,1.3535,1.324,1.346,216249000,290345150.4,TQBR
2021-10-08,1.3525,1.3916,1.3469,1.3778,319232000,439310481.2,TQBR
2021-10-11,1.3955,1.4085,1.3584,1.39,235956000,326823415.9,TQBR
2021-10-12,1.3985,1.4175,1.3692,1.401,312131000,436508362.7,TQBR
2021-10-13,1.4095,1.452,1.375,1.4472,412375000,583303974.5,TQBR
2021-10-14,1.4469,1.4911,1.422,1.4417,978335000,1430742573.2,TQBR
2021-10-15,1.4517,1.4563,1.4221,1.4395,290364000,417520688.6,TQBR
2021-10-18,1.4411,1.4496,1.397,1.4352,273728000,389574101.1,TQBR
2021-10-19,1.4449,1.4627,1.432,1.4462,217560000,314919692.7,TQBR
2021-10-20,1.449,1.4796,1.4402,1.453,249936000,365790304.7,TQBR
2021-10-21,1.442,1.451,1.4074,1.4115,324164000,463607312.6,TQBR
2021-10-22,1.409,1.4444,1.3778,1.4182,317329000,453968739.5,TQBR
2021-10-25,1.4194,1.4338,1.3989,1.4278,134098000,190482249.8,TQBR
2021-10-26,1.434,1.4382,1.4103,1.4123,134477000,191710047.8,TQBR
2021-10-27,1.411,1.4236,1.402,1.402,124329000,175204849.3,TQBR
2021-10-28,1.3933,1.4169,1.375,1.403,170864000,237562217.6,TQBR
2021-10-29,1.3978,1.418,1.3856,1.3936,142151000,198769801.0,TQBR
2021-11-01,1.3971,1.4157,1.3901,1.4068,60070000,84403881.2,TQBR
2021-11-02,1.412,1.4393,1.3934,1.3992,122348000,172923628.4,TQBR
2021-11-03,1.3989,1.4113,1.3895,1.3967,74349000,104117102.3,TQBR
2021-11-05,1.397,1.431,1.386,1.409,111978000,156670850.3,TQBR
2021-11-08,1.4075,1.428,1.4053,1.4144,95734000,135413304.9,TQBR
2021-11-09,1.4055,1.425,1.4011,1.4097,86704000,122240232.1,TQBR
2021-11-10,1.4021,1.4181,1.376,1.3762,104228000,145460304.6,TQBR
2021-11-11,1.3778,1.399,1.3778,1.3948,161195000,223290939.7,TQBR
2021-11-12,1.3878,1.3989,1.3751,1.3831,114260000,157811979.0,TQBR
2021-11-15,1.3801,1.4028,1.3801,1.3917,85800000,119396096.6,TQBR
2021-11-16,1.3942,1.4008,1.385,1.3888,58004000,80683544.7,TQBR
2021-11-17,1.39,1.3919,1.3754,1.3792,77668000,107347479.3,TQBR
2021-11-18,1.3858,1.3858,1.353,1.3573,131773000,179400976.0,TQBR
2021-11-19,1.3677,1.3681,1.3056,1.3232,172084000,228794140.0,TQBR
2021-11-22,1.3211,1.3227,1.2364,1.2544,293259000,375212420.7,TQBR
2021-11-23,1.2543,1.2964,1.216,1.2865,223222000,284345836.0,TQBR
2021-11-24,1.2897,1.314,1.2607,1.2896,131484000,168843148.3,TQBR
2021-11-25,1.29,1.3096,1.29,1.3076,77007000,100267380.6,TQBR
2021-11-26,1.2721,1.2847,1.243,1.2504,101614000,128402430.9,TQBR
2021-11-29,1.2565,1.2717,1.2336,1.2637,104320000,130533656.8,TQBR
2021-11-30,1.2475,1.293,1.2411,1.2528,126580000,160674095.4,TQBR
2021-12-01,1.26,1.279,1.24,1.2509,105036000,132481674.5,TQBR
2021-12-02,1.2539,1.2799,1.2444,1.2779,161811000,205453346.1,TQBR
2021-12-03,1.278,1.2934,1.2508,1.2614,120162000,151734499.4,TQBR
2021-12-06,1.2625,1.2676,1.2166,1.2502,103871000,128369219.7,TQBR
2021-12-07,1.2577,1.2577,1.227,1.2513,74425000,92312895.5,TQBR
2021-12-08,1.253,1.2686,1.2202,1.2341,101399000,125520317.3,TQBR
2021-12-09,1.23,1.2351,1.2054,1.216,188425000,228996761.1,TQBR
2021-12-10,1.2163,1.2311,1.205,1.2081,116715000,142316182.0,TQBR
2021-12-13,1.21,1.2173,1.1066,1.1247,347020000,401212410.0,TQBR
2021-12-14,1.114,1.1454,1.0912,1.117,276666000,309874145.7,TQBR
2021-12-15,1.1197,1.1385,1.1012,1.1299,210639000,235306530.5,TQBR
2021-12-16,1.1316,1.1542,1.1163,1.1244,202314000,228922863.1,TQBR
2021-12-17,1.1292,1.1294,1.1005,1.1122,303483000,336450675.4,TQBR
2021-12-20,1.1005,1.1176,1.0785,1.1135,201874000,222315089.3,TQBR
2021-12-21,1.128,1.136,1.102,1.1097,134001000,149295739.1,TQBR
2021-12-22,1.1099,1.12,1.1057,1.1068,124376000,138105549.4,TQBR
2021-12-23,1.1169,1.1277,1.1026,1.1242,132828000,147953386.6,TQBR
2021-12-24,1.1276,1.1325,1.103,1.1208,108567000,121128876.6,TQBR
2021-12-27,1.1257,1.132,1.1112,1.12,139025000,155824113.6,TQBR
2021-12-28,1.1201,1.13,1.11,1.1143,142341000,159276563.3,TQBR
2021-12-29,1.1104,1.1199,1.11,1.1199,81652000,90871520.8,TQBR
2021-12-30,1.12,1.1265,1.1071,1.1223,113698000,126859346.5,TQBR
2022-01-03,1.1284,1.1849,1.1272,1.18,216295000,252715978.7,TQBR
2022-01-04,1.193,1.2464,1.1848,1.2079,249159000,299201572.8,TQBR
2022-01-05,1.1947,1.205,1.151,1.162,162065000,192277061.9,TQBR
2022-01-06,1.154,1.1897,1.1465,1.1577,119753000,139695489.5,TQBR
2022-01-10,1.1672,1.1794,1.1415,1.1601,89577000,103806060.2,TQBR
2022-01-11,1.1535,1.1745,1.1453,1.1667,100078000,115741939.7,TQBR
2022-01-12,1.165,1.1906,1.1579,1.1725,170833000,200598540.8,TQBR
2022-01-13,1.172,1.185,1.1325,1.1498,150099000,173212157.7,TQBR
2022-01-14,1.1501,1.1539,1.099,1.1166,149237000,167069455.4,TQBR
2022-01-17,1.1195,1.1274,1.0875,1.1149,121730000,135034370.6,TQBR
2022-01-18,1.11,1.11,0.9761,1.0176,585757000,596415455.6,TQBR
2022-01-19,0.992,1.055,0.9801,1.037,325730000,336204406.7,TQBR
2022-01-20,1.0574,1.0648,1.0315,1.037,198621000,207597745.7,TQBR
2022-01-21,1.035,1.04,1.0069,1.0339,305304000,311965807.6,TQBR
2022-01-24,1.045,1.0543,0.9319,0.981,474403000,467525931.8,TQBR
2022-01-25,0.9881,1.024,0.9616,1.0134,186538000,185362513.9,TQBR
2022-01-26,1.01,1.0219,0.9915,0.9966,261468000,262517593.1,TQBR
2022-01-27,0.99,1.0372,0.99,1.008,296904000,301619029.7,TQBR
2022-01-28,1.0253,1.0344,0.9971,1.0031,161632000,164261225.6,TQBR
2022-01-31,1.0125,1.048,1.01,1.048,163607000,168831929.6,TQBR
2022-02-01,1.047,1.049,1.0141,1.033,154903000,159187443.5,TQBR
2022-02-02,1.0282,1.04,1.001,1.0104,113630000,115449234.9,TQBR
2022-02-03,1.0077,1.0077,0.9801,0.9886,141559000,139906557.7,TQBR
2022-02-04,0.9999,1.0149,0.9857,0.9995,88146000,88060780.4,TQBR
2022-02-07,0.9996,1.0052,0.9718,0.988,111953000,110286587.5,TQBR
2022-02-08,0.991,1.0198,0.9881,1.019,158532000,159630463.3,TQBR
2022-02-09,1.02,1.0678,1.0026,1.051,270555000,279736042.9,TQBR
2022-02-10,1.045,1.075,1.0261,1.0388,180883000,188525559.4,TQBR
2022-02-11,1.0347,1.0449,0.9999,1.0174,183145000,185805074.5,TQBR
2022-02-14,1.0083,1.0165,0.9871,1.003,197967000,198023498.3,TQBR
2022-02-15,1.0177,1.0358,1.0078,1.0319,152526000,155730848.0,TQBR
2022-02-16,1.05,1.055,1.0283,1.04,124519000,129195838.6,TQBR
2022-02-17,1.0303,1.0303,0.9905,0.9983,145703000,146802499.9,TQBR
2022-02-18,1.0077,1.0248,0.9605,0.9745,234102000,231442944.6,TQBR
2022-02-21,1.0077,1.0077,0.7901,0.7913,745571000,670123172.3,TQBR
2022-02-22,0.8073,0.894,0.7,0.866,1245805000,962302362.1,TQBR
2022-02-24,0.7652,0.7652,0.4299,0.61,642104000,359926500.5,TQBR
2022-02-25,0.5738,0.7313,0.5738,0.6602,360030000,230698372.8,TQBR
2022-03-28,0.6602,0.6765,0.5701,0.575,270681000,162173478.4,TQBR
2022-03-29,0.575,0.615,0.57,0.5934,90290000,53957935.4,TQBR
2022-03-30,0.62,0.734,0.606,0.6893,349981000,238669693.7,TQBR
2022-03-31,0.717,0.7849,0.7011,0.754,282690000,212066223.5,TQBR
2022-04-01,0.77,0.8,0.7255,0.75,235732000,179080533.6,TQBR
2022-04-04,0.7555,0.7699,0.73,0.7498,98548000,73661240.5,TQBR
2022-04-05,0.76,0.76,0.7,0.7269,100162000,72810052.8,TQBR
2022-04-06,0.7102,0.7345,0.7005,0.709,70934000,50900311.9,TQBR
2022-04-07,0.71,0.7299,0.7007,0.715,40077000,28785045.4,TQBR
2022-04-08,0.7196,0.7219,0.701,0.705,42716000,30192799.2,TQBR
2022-04-11,0.701,0.7129,0.7,0.7004,43004000,30191395.8,TQBR
2022-04-12,0.7001,0.7004,0.675,0.6848,56826000,38903593.8,TQBR
2022-04-13,0.685,0.6971,0.681,0.6853,27916000,19244140.5,TQBR
2022-04-14,0.6857,0.6857,0.6549,0.662,27011000,18126698.7,TQBR
2022-04-15,0.662,0.6727,0.637,0.6585,26845000,17615210.4,TQBR
2022-04-18,0.661,0.677,0.6403,0.6455,28469000,18608011.8,TQBR
2022-04-19,0.6469,0.7159,0.6133,0.6385,110350000,72060250.9,TQBR
2022-04-20,0.6385,0.6676,0.6314,0.6389,51067000,33355331.6,TQBR
2022-04-21,0.6381,0.6477,0.6296,0.633,38407000,24427342.3,TQBR
2022-04-22,0.633,0.6482,0.6213,0.6302,27667000,17464510.0,TQBR
2022-04-25,0.635,0.635,0.601,0.6083,33833000,20742266.9,TQBR
2022-04-26,0.6127,0.6378,0.6074,0.6291,46517000,29029470.7,TQBR
2022-04-27,0.6301,0.671,0.6201,0.6654,53112000,34529389.1,TQBR
2022-04-28,0.6695,0.6845,0.639,0.6405,63053000,41910903.2,TQBR
2022-04-29,0.648,0.6538,0.6402,0.6476,15459000,10009364.9,TQBR
2022-05-04,0.6608,0.6628,0.6427,0.6456,26127000,16939285.5,TQBR
2022-05-05,0.654,0.654,0.641,0.6431,20165000,13075156.0,TQBR
2022-05-06,0.643,0.6495,0.6371,0.6495,32615000,21040029.5,TQBR
2022-05-11,0.6495,0.696,0.6464,0.67,115652000,77999268.5,TQBR
2022-05-12,0.6698,0.67,0.6404,0.6455,48259000,31522148.9,TQBR
2022-05-13,0.6451,0.6545,0.6411,0.6412,17937000,11611119.6,TQBR
2022-05-16,0.645,0.6987,0.634,0.683,125331000,84435337.8,TQBR
2022-05-17,0.6821,0.733,0.6816,0.7122,250231000,178703555.9,TQBR
2022-05-18,0.7164,0.741,0.7032,0.7088,128229000,92650639.3,TQBR
2022-05-19,0.7091,0.7148,0.6871,0.697,32832000,22851009.7,TQBR
2022-05-20,0.6971,0.708,0.6791,0.6791,35280000,24275082.6,TQBR
2022-05-23,0.6793,0.684,0.654,0.66,30535000,20306754.7,TQBR
2022-05-24,0.66,0.671,0.6358,0.6625,96151000,62699441.6,TQBR
2022-05-25,0.6645,0.6696,0.6501,0.6563,40320000,26669881.0,TQBR
2022-05-26,0.6597,0.6981,0.6572,0.6959,94580000,64444520.3,TQBR
2022-05-27,0.6998,0.7055,0.681,0.6929,67606000,47021526.0,TQBR
2022-05-30,0.694,0.6969,0.6604,0.6624,84956000,57192948.7,TQBR
2022-05-31,0.6699,0.6732,0.642,0.6427,86549000,56716561.2,TQBR
2022-06-01,0.643,0.6509,0.622,0.6314,113770000,72093755.7,TQBR
2022-06-02,0.6316,0.645,0.6044,0.612,102605000,63200397.5,TQBR
2022-06-03,0.6136,0.6184,0.5852,0.6079,119939000,71648623.2,TQBR
2022-06-06,0.608,0.613,0.5815,0.5875,80175000,47615479.5,TQBR
2022-06-07,0.5884,0.5894,0.5602,0.5782,105526000,60432355.4,TQBR
2022-06-08,0.582,0.595,0.5706,0.573,102604000,59427989.2,TQBR
2022-06-09,0.572,0.5844,0.563,0.5764,62769000,35885889.8,TQBR
2022-06-10,0.5787,0.5986,0.5705,0.5827,70004000,41062739.4,TQBR
2022-06-14,0.575,0.61,0.575,0.5913,113364000,67412279.1,TQBR
2022-06-15,0.5963,0.6078,0.5923,0.6004,77546000,46591122.2,TQBR
2022-06-16,0.6001,0.615,0.6001,0.6082,71516000,43538310.2,TQBR
2022-06-17,0.6143,0.6143,0.6,0.6065,74503000,45034971.1,TQBR
2022-06-20,0.6095,0.624,0.6052,0.6221,80988000,49783341.5,TQBR
2022-06-21,0.6221,0.6297,0.6152,0.6153,66440000,41319860.1,TQBR
2022-06-22,0.6172,0.6172,0.5952,0.601,67986000,40868887.7,TQBR
2022-06-23,0.6004,0.6094,0.5954,0.6031,51230000,30965471.9,TQBR
2022-06-24,0.6002,0.6215,0.6002,0.613,56031000,34334630.5,TQBR
2022-06-27,0.613,0.6236,0.6073,0.6192,54529000,33753627.5,TQBR
2022-06-28,0.6211,0.645,0.62,0.6288,122511000,77829978.4,TQBR
2022-06-29,0.629,0.6305,0.612,0.6223,43271000,26852915.8,TQBR
2022-06-30,0.6204,0.6347,0.5804,0.5905,149642000,89503521.8,TQBR
2022-07-01,0.577,0.6125,0.577,0.5989,75569000,44823517.0,TQBR
2022-07-04,0.597,0.606,0.585,0.595,51933000,30876992.0,TQBR
2022-07-05,0.5904,0.6076,0.5904,0.6014,62810000,37734750.1,TQBR
2022-07-06,0.6035,0.621,0.5964,0.5975,89525000,54329376.6,TQBR
2022-07-07,0.601,0.6142,0.596,0.6055,66308000,40119202.2,TQBR
2022-07-08,0.604,0.6098,0.6,0.6039,27440000,16597584.1,TQBR
2022-07-11,0.6039,0.6055,0.5905,0.5916,48555000,29006700.3,TQBR
2022-07-12,0.595,0.6008,0.585,0.5995,102676000,61136091.5,TQBR
2022-07-13,0.6014,0.6057,0.5858,0.5893,61025000,36392409.2,TQBR
2022-07-14,0.5895,0.6268,0.5814,0.6115,121532000,73478178.7,TQBR
2022-07-15,0.6149,0.633,0.6108,0.6267,221163000,137479758.7,TQBR
2022-07-18,0.62,0.677,0.6067,0.6748,817260000,521003556.1,TQBR
2022-07-19,0.675,0.7309,0.642,0.706,1031484000,700935439.9,TQBR
2022-07-20,0.7126,0.7587,0.7126,0.7582,1277539000,938854066.2,TQBR
2022-07-21,0.7543,0.7635,0.7202,0.7374,497960000,366676219.2,TQBR
2022-07-22,0.743,0.745,0.7256,0.7277,174864000,128204645.5,TQBR
2022-07-25,0.7367,0.7432,0.7222,0.7398,287655000,209804893.1,TQBR
2022-07-26,0.7401,0.804,0.739,0.7995,785769000,613270370.9,TQBR
2022-07-27,0.7997,0.8215,0.7807,0.789,491264000,392414113.0,TQBR
2022-07-28,0.7925,0.8178,0.7672,0.813,460324000,362038019.5,TQBR
2022-07-29,0.8158,0.852,0.8158,0.8459,524058000,437058620.1,TQBR
2022-08-01,0.846,0.8668,0.8035,0.822,513019000,426015966.8,TQBR
2022-08-02,0.8126,0.845,0.8025,0.8274,473499000,388424749.5,TQBR
2022-08-03,0.834,0.845,0.6313,0.6502,3184504000,2197285852.1,TQBR
2022-08-04,0.6494,0.6547,0.621,0.621,514468000,325078482.0,TQBR
2022-08-05,0.622,0.631,0.6039,0.604,295414000,181327197.1,TQBR
2022-08-08,0.62,0.62,0.5992,0.6015,176602000,107035945.2,TQBR
2022-08-09,0.6039,0.6085,0.5979,0.6,133387000,80052948.7,TQBR
2022-08-10,0.603,0.6168,0.6003,0.6036,139545000,84954046.6,TQBR
2022-08-11,0.6031,0.607,0.5991,0.5991,86464000,52022808.7,TQBR
2022-08-12,0.6046,0.6049,0.5984,0.5995,90232000,54186088.3,TQBR
2022-08-15,0.6012,0.6047,0.5983,0.5999,109238000,65591530.8,TQBR
2022-08-16,0.5999,0.6045,0.5995,0.6011,63558000,38270650.9,TQBR
2022-08-17,0.6016,0.6032,0.595,0.5977,74769000,44752294.4,TQBR
2022-08-18,0.598,0.598,0.5941,0.5949,56023000,33362252.6,TQBR
2022-08-19,0.596,0.5979,0.5948,0.5949,55518000,33069641.3,TQBR
2022-08-22,0.5948,0.5973,0.59,0.5906,74013000,43922483.8,TQBR
2022-08-23,0.5904,0.5948,0.5904,0.5909,52832000,31332159.5,TQBR
2022-08-24,0.5917,0.5929,0.5881,0.5893,73998000,43681852.4,TQBR
2022-08-25,0.5893,0.5905,0.5808,0.5818,114154000,66884779.7,TQBR
2022-08-26,0.584,0.584,0.577,0.578,96881000,56098489.6,TQBR
2022-08-29,0.5798,0.5832,0.5783,0.5825,54477000,31619239.4,TQBR
2022-08-30,0.5825,0.5832,0.5765,0.5815,75764000,44046948.3,TQBR
2022-08-31,0.5814,0.6,0.5801,0.5998,220149000,130501411.0,TQBR
2022-09-01,0.5998,0.606,0.59,0.5961,140434000,84097536.0,TQBR
2022-09-02,0.597,0.612,0.5924,0.6067,290665000,174890994.5,TQBR
2022-09-05,0.6174,0.6445,0.6131,0.6264,742301000,469735197.3,TQBR
2022-09-06,0.6264,0.6293,0.6,0.6133,341078000,209363870.6,TQBR
2022-09-07,0.6129,0.6193,0.601,0.6129,125610000,76444597.2,TQBR
2022-09-08,0.6168,0.6169,0.6003,0.602,82773000,50055894.5,TQBR
2022-09-09,0.6021,0.61,0.6007,0.6072,94026000,57022926.0,TQBR
2022-09-12,0.6139,0.625,0.601,0.6085,163457000,100108452.2,TQBR
2022-09-13,0.6119,0.6123,0.5717,0.6045,113814000,68545788.4,TQBR
2022-09-14,0.6015,0.6048,0.5952,0.6028,59360000,35575998.9,TQBR
2022-09-15,0.605,0.608,0.5942,0.6049,87120000,52431130.2,TQBR
2022-09-16,0.606,0.61,0.5977,0.6006,73391000,44273962.0,TQBR
2022-09-19,0.6006,0.6045,0.5947,0.5992,62198000,37158151.9,TQBR
2022-09-20,0.6,0.6,0.5506,0.5635,252121000,145351634.7,TQBR
2022-09-21,0.5464,0.5594,0.52,0.5378,193446000,103903780.9,TQBR
2022-09-22,0.5383,0.56,0.5361,0.5519,93739000,51636427.8,TQBR
2022-09-23,0.5543,0.5574,0.521,0.532,111056000,58929974.3,TQBR
2022-09-26,0.5226,0.5298,0.4783,0.486,172698000,86858849.7,TQBR
2022-09-27,0.49,0.5202,0.4861,0.5065,65769000,32476259.8,TQBR
2022-09-28,0.5034,0.5099,0.4835,0.4914,100160000,49480397.3,TQBR
2022-09-29,0.492,0.4943,0.4613,0.475,106295000,50093032.5,TQBR
2022-09-30,0.4828,0.4914,0.4569,0.486,101867000,48367140.1,TQBR
2022-10-03,0.49,0.509,0.4826,0.5063,58021000,28942293.1,TQBR
2022-10-04,0.51,0.5133,0.489,0.4938,64563000,32055363.0,TQBR
2022-10-05,0.4938,0.4961,0.4777,0.488,55091000,26835428.5,TQBR
2022-10-06,0.4876,0.4961,0.481,0.4845,50083000,24438476.9,TQBR
2022-10-07,0.4844,0.4844,0.458,0.4704,43520000,20630873.6,TQBR
2022-10-10,0.4582,0.499,0.4501,0.488,107848000,51262846.8,TQBR
2022-10-11,0.4914,0.54,0.4909,0.5399,445616000,232862573.1,TQBR
2022-10-12,0.5401,0.5422,0.5127,0.5261,241282000,126173208.5,TQBR
2022-10-13,0.5286,0.5324,0.5197,0.5221,65834000,34648950.6,TQBR
2022-10-14,0.53,0.5354,0.5201,0.5236,53626000,28187289.4,TQBR
2022-10-17,0.5255,0.535,0.5231,0.53,81379000,43020711.6,TQBR
2022-10-18,0.5312,0.5374,0.5155,0.5183,88339000,46581334.2,TQBR
2022-10-19,0.518,0.55,0.5062,0.5386,212820000,114049857.0,TQBR
2022-10-20,0.5386,0.545,0.5263,0.5416,120038000,64360517.6,TQBR
2022-10-21,0.5382,0.5592,0.538,0.5502,105059000,57720947.8,TQBR
2022-10-24,0.559,0.575,0.5511,0.5619,107103000,60318213.9,TQBR
2022-10-25,0.5618,0.5725,0.56,0.5697,81126000,46055205.7,TQBR
2022-10-26,0.5671,0.5768,0.5551,0.5714,115843000,65631895.8,TQBR
2022-10-27,0.57,0.5894,0.56,0.5851,122700000,70947784.2,TQBR
2022-10-28,0.5851,0.5874,0.57,0.576,61277000,35298815.0,TQBR
2022-10-31,0.5742,0.5799,0.5619,0.5728,47232000,26999166.1,TQBR
2022-11-01,0.5702,0.5849,0.5702,0.5785,40296000,23342493.4,TQBR
2022-11-02,0.579,0.5918,0.5704,0.5765,88304000,51411524.8,TQBR
2022-11-03,0.5797,0.5854,0.5731,0.5814,47748000,27608975.9,TQBR
2022-11-07,0.582,0.5968,0.5614,0.5845,66297000,38857543.4,TQBR
2022-11-08,0.589,0.589,0.5752,0.5778,44910000,26042853.1,TQBR
2022-11-09,0.5764,0.5944,0.5615,0.5658,95884000,55427598.9,TQBR
2022-11-10,0.5621,0.5798,0.5606,0.5753,37364000,21365607.0,TQBR
2022-11-11,0.5775,0.585,0.5733,0.5795,42636000,24675702.2,TQBR
2022-11-14,0.58,0.59,0.5765,0.59,37076000,21575699.7,TQBR
2022-11-15,0.5905,0.5924,0.5427,0.5658,101433000,57582703.0,TQBR
2022-11-16,0.5705,0.5759,0.5658,0.574,28380000,16226453.2,TQBR
2022-11-17,0.574,0.5768,0.5644,0.5743,25105000,14339446.5,TQBR
2022-11-18,0.5745,0.5751,0.5657,0.5695,17847000,10166187.0,TQBR
2022-11-21,0.5727,0.5727,0.5616,0.5673,18941000,10711840.3,TQBR
2022-11-22,0.5673,0.573,0.5616,0.5683,31011000,17593485.8,TQBR
2022-11-23,0.5684,0.5723,0.5626,0.569,34435000,19556406.3,TQBR
2022-11-24,0.5711,0.5872,0.5643,0.5788,55094000,31803064.2,TQBR
2022-11-25,0.5806,0.5871,0.5679,0.576,68963000,39939757.8,TQBR
2022-11-28,0.5707,0.5796,0.5639,0.5763,41984000,24080856.6,TQBR
2022-11-29,0.5808,0.59,0.5702,0.5795,113366000,65845063.2,TQBR
2022-11-30,0.579,0.5795,0.5711,0.5761,31392000,18049979.8,TQBR
2022-12-01,0.576,0.5833,0.5708,0.5753,34202000,19765973.4,TQBR
2022-12-02,0.5778,0.5788,0.5691,0.5717,34931000,19955760.2,TQBR
2022-12-05,0.573,0.5766,0.5673,0.5714,50854000,29143438.7,TQBR
2022-12-06,0.5712,0.5736,0.5558,0.5657,42474000,24091826.0,TQBR
2022-12-07,0.566,0.5717,0.559,0.5704,20845000,11778049.5,TQBR
2022-12-08,0.5706,0.5722,0.5633,0.5669,24827000,14067670.3,TQBR
2022-12-09,0.565,0.5706,0.5611,0.5657,26592000,15051558.7,TQBR
2022-12-12,0.562,0.5715,0.562,0.567,23457000,13271759.5,TQBR
2022-12-13,0.567,0.5685,0.5615,0.5658,34499000,19464823.9,TQBR
2022-12-14,0.5629,0.5685,0.5577,0.5623,20175000,11356807.8,TQBR
2022-12-15,0.56,0.5642,0.5573,0.5588,21595000,12092948.1,TQBR
2022-12-16,0.5572,0.566,0.5572,0.5623,17134000,9611288.2,TQBR
2022-12-19,0.5605,0.5642,0.55,0.5533,66057000,36691000.5,TQBR
2022-12-20,0.5533,0.5643,0.5501,0.5588,131362000,73123353.3,TQBR
