date,open,high,low,close,volume,value,board
2008-12-02,0.0545,0.056,0.0471,0.048,4616000,243822.0,EQNE
2008-12-03,0.05,0.0672,0.0401,0.057,28604000,1575423.6,EQNE
2008-12-04,0.06,0.079,0.0537,0.059,22316000,1375219.5,EQNE
2008-12-05,0.056,0.082,0.054,0.0724,61046000,4288524.7,EQNE
2008-12-08,0.0844,0.0884,0.0795,0.083,40460000,3377195.3,EQNE
2008-12-09,0.0879,0.088,0.073,0.0748,27069000,2147800.1,EQNE
2008-12-10,0.075,0.0838,0.072,0.0749,20080000,1525908.6,EQNE
2008-12-11,0.076,0.076,0.0634,0.074,25053000,1767402.8,EQNE
2008-12-12,0.07,0.074,0.0613,0.064,21591000,1450911.9,EQNE
2008-12-15,0.066,0.0714,0.0611,0.0611,17285000,1131862.1,EQNE
2008-12-16,0.0615,0.0698,0.0599,0.0642,27912000,1757451.9,EQNE
2008-12-17,0.0649,0.069,0.0627,0.0683,22579000,1499264.2,EQNE
2008-12-18,0.0683,0.0689,0.0629,0.0638,17642000,1137440.0,EQNE
2008-12-19,0.0605,0.066,0.0605,0.0652,11035000,702172.2,EQNE
2008-12-22,0.065,0.066,0.0601,0.0628,9765000,608175.2,EQNE
2008-12-23,0.0628,0.0642,0.06,0.0635,20705000,1274644.3,EQNE
2008-12-24,0.0614,0.062,0.0603,0.0617,8217000,501533.1,EQNE
2008-12-25,0.062,0.064,0.0606,0.0609,3505000,217537.8,EQNE
2008-12-26,0.062,0.063,0.0601,0.0602,4681000,287600.5,EQNE
2008-12-29,0.062,0.0649,0.0602,0.0629,1046000,65719.5,EQNE
2008-12-30,0.0649,0.0649,0.059,0.0634,5429000,330950.6,EQNE
2008-12-31,0.064,0.064,0.06,0.0638,3349000,204354.1,EQNE
2009-01-11,0.0649,0.0649,0.0601,0.063,1682000,104888.8,EQNE
2009-01-12,0.0603,0.0648,0.0603,0.0615,1661000,102092.3,EQNE
2009-01-13,0.0615,0.0639,0.059,0.0598,9801000,587933.3,EQNE
2009-01-14,0.0646,0.0646,0.0589,0.0606,2074000,124419.6,EQNE
2009-01-15,0.0606,0.0606,0.0576,0.0594,1564000,90931.3,EQNE
2009-01-16,0.0564,0.0612,0.0564,0.06,4533000,271694.4,EQNE
2009-01-19,0.0609,0.0609,0.056,0.0576,4016000,231306.0,EQNE
2009-01-20,0.0542,0.0586,0.0533,0.0547,6397000,350099.0,EQNE
2009-01-21,0.0538,0.0548,0.0503,0.0539,2257000,117453.4,EQNE
2009-01-22,0.054,0.055,0.0502,0.0524,1666000,88917.5,EQNE
2009-01-23,0.05,0.058,0.05,0.0524,8340000,442886.3,EQNE
2009-01-26,0.0472,0.055,0.046,0.0524,4790000,238267.1,EQNE
2009-01-27,0.052,0.052,0.0488,0.0491,3601000,181030.2,EQNE
2009-01-28,0.0491,0.0508,0.0488,0.05,3546000,175363.9,EQNE
2009-01-29,0.051,0.053,0.047,0.0486,6083000,302103.5,EQNE
2009-01-30,0.045,0.0488,0.045,0.0484,5549000,265295.3,EQNE
2009-02-02,0.0452,0.0495,0.0414,0.0462,5598000,247534.9,EQNE
2009-02-03,0.0434,0.0485,0.0434,0.0466,6713000,320454.7,EQNE
2009-02-04,0.047,0.049,0.045,0.047,5314000,252182.1,EQNE
2009-02-05,0.0459,0.0485,0.0447,0.0464,6910000,320960.7,EQNE
2009-02-06,0.0464,0.048,0.0435,0.047,10753000,505113.6,EQNE
2009-02-09,0.0489,0.0514,0.0453,0.0488,14278000,692718.6,EQNE
2009-02-10,0.0497,0.0529,0.0475,0.0499,7463000,372347.0,EQNE
2009-02-11,0.05,0.0595,0.0451,0.0515,78017000,4081979.0,EQNE
2009-02-12,0.0538,0.0538,0.0491,0.051,56627000,2857163.8,EQNE
2009-02-13,0.051,0.0555,0.0471,0.0555,68751000,3523974.9,EQNE
2009-02-16,0.056,0.074,0.0522,0.07,74150000,4719784.0,EQNE
2009-02-17,0.07,0.085,0.0594,0.06,29896000,2014255.7,EQNE
2009-02-18,0.0655,0.0655,0.056,0.061,14112000,867150.2,EQNE
2009-02-19,0.061,0.0696,0.0585,0.0627,12420000,779634.6,EQNE
2009-02-20,0.0648,0.0687,0.058,0.067,71199000,4556882.8,EQNE
2009-02-24,0.065,0.0696,0.065,0.0695,58890000,3976306.3,EQNE
2009-02-25,0.0748,0.0879,0.068,0.0716,64867000,4844358.9,EQNE
2009-02-26,0.0738,0.0788,0.0691,0.0765,30224000,2310511.7,EQNE
2009-02-27,0.08,0.08,0.0678,0.0696,27047000,1901760.2,EQNE
2009-03-02,0.0668,0.0737,0.0646,0.0654,15489000,1018997.8,EQNE
2009-03-03,0.0685,0.0685,0.0612,0.0639,8975000,559061.7,EQNE
2009-03-04,0.0615,0.0656,0.059,0.0615,21852000,1349078.1,EQNE
2009-03-05,0.0605,0.0658,0.0563,0.0593,10421000,626034.5,EQNE
2009-03-06,0.06,0.0629,0.0567,0.0593,12342000,715926.4,EQNE
2009-03-10,0.0593,0.0616,0.0587,0.0606,22971000,1381515.1,EQNE
2009-03-11,0.0606,0.0628,0.0591,0.0599,6214000,372556.9,EQNE
2009-03-12,0.06,0.0608,0.058,0.0591,3692000,215033.8,EQNE
2009-03-13,0.0585,0.0591,0.057,0.0583,3039000,177546.1,EQNE
2009-03-16,0.057,0.0598,0.057,0.0598,489000,28541.0,EQNE
2009-03-17,0.0584,0.0599,0.058,0.058,23251000,1363515.2,EQNE
2009-03-18,0.0581,0.0588,0.0557,0.0569,16256000,926386.4,EQNE
2009-03-19,0.0569,0.059,0.0564,0.0583,12009000,707104.1,EQNE
2009-03-20,0.0633,0.0636,0.0557,0.0557,25943000,1491980.1,EQNE
2009-03-23,0.0589,0.0611,0.0569,0.0595,34510000,2053143.9,EQNE
2009-03-24,0.058,0.0615,0.0563,0.059,53587000,3187776.9,EQNE
2009-03-25,0.0592,0.064,0.0592,0.0638,23689000,1459588.0,EQNE
2009-03-26,0.0623,0.07,0.0623,0.067,23543000,1587669.7,EQNE
2009-03-27,0.0685,0.0749,0.066,0.07,35001000,2490875.7,EQNE
2009-03-30,0.0685,0.07,0.0666,0.069,5454000,374638.4,EQNE
2009-03-31,0.0656,0.0728,0.0656,0.07,20622000,1425186.2,EQNE
2009-04-01,0.0715,0.0715,0.068,0.0696,22213000,1547724.1,EQNE
2009-04-02,0.0715,0.0724,0.0691,0.072,27516000,1959882.5,EQNE
2009-04-03,0.072,0.072,0.069,0.071,11678000,824084.0,EQNE
2009-04-06,0.0725,0.0745,0.0692,0.0705,21822000,1570550.4,EQNE
2009-04-07,0.0725,0.0725,0.069,0.0705,16389000,1155486.6,EQNE
2009-04-08,0.069,0.07,0.0675,0.0698,41781000,2871338.2,EQNE
2009-04-09,0.072,0.0748,0.0693,0.072,54836000,3968282.2,EQNE
2009-04-10,0.0739,0.078,0.0716,0.0765,49280000,3669298.7,EQNE
2009-04-13,0.0795,0.0831,0.077,0.079,53318000,4289574.0,EQNE
2009-04-14,0.0772,0.087,0.0772,0.0843,50571000,4263516.0,EQNE
2009-04-15,0.0815,0.0905,0.0815,0.0875,57166000,4870420.2,EQNE
2009-04-16,0.088,0.092,0.0846,0.0872,66030000,5847382.4,EQNE
2009-04-17,0.091,0.091,0.0834,0.0892,124945000,10771426.9,EQNE
2009-04-20,0.0877,0.089,0.0801,0.082,28083000,2373163.0,EQNE
2009-04-21,0.08,0.0858,0.08,0.081,72612000,6049990.1,EQNE
2009-04-22,0.0815,0.086,0.0815,0.0856,55260000,4637188.9,EQNE
2009-04-23,0.0865,0.0914,0.0855,0.0875,58904000,5235858.5,EQNE
2009-04-24,0.09,0.0907,0.0872,0.0889,24854000,2209687.3,EQNE
2009-04-27,0.0852,0.0899,0.083,0.0884,32088000,2828790.4,EQNE
2009-04-28,0.0855,0.0888,0.0834,0.0874,41471000,3563496.3,EQNE
2009-04-29,0.0889,0.0927,0.088,0.09,55328000,5000224.4,EQNE
2009-04-30,0.0935,0.0935,0.0904,0.0907,47116000,4332569.5,EQNE
2009-05-04,0.0985,0.0985,0.0881,0.0933,33079000,3054004.2,EQNE
2009-05-05,0.0906,0.094,0.0906,0.0929,27479000,2543187.9,EQNE
2009-05-06,0.0945,0.109,0.0922,0.1,86088000,8379963.9,EQNE
2009-05-07,0.103,0.1075,0.1004,0.1039,69638000,7321571.4,EQNE
2009-05-08,0.1065,0.1065,0.0972,0.0997,36230000,3624231.8,EQNE
2009-05-12,0.101,0.1394,0.0988,0.1285,96597000,10976499.1,EQNE
2009-05-13,0.135,0.146,0.1111,0.12,107941000,13504081.8,EQNE
2009-05-14,0.1225,0.1235,0.1134,0.1198,49098000,5755739.4,EQNE
2009-05-15,0.1245,0.1273,0.1151,0.1207,120865000,14555365.5,EQNE
2009-05-18,0.12,0.126,0.1158,0.1221,106097000,12745509.7,EQNE
2009-05-19,0.1218,0.1309,0.1218,0.1299,33577000,4260434.7,EQNE
2009-05-20,0.13,0.141,0.1279,0.14,43118000,5911057.4,EQNE
2009-05-21,0.1381,0.1429,0.129,0.1292,85518000,11395444.1,EQNE
2009-05-22,0.1301,0.1388,0.1301,0.1355,30951000,4188027.6,EQNE
2009-05-25,0.1371,0.1371,0.1286,0.134,28058000,3696564.2,EQNE
2009-05-26,0.1318,0.1345,0.1251,0.13,41018000,5296523.8,EQNE
2009-05-27,0.1308,0.1355,0.1285,0.1338,26145000,3470398.3,EQNE
2009-05-28,0.1338,0.1348,0.13,0.1308,9471000,1255236.5,EQNE
2009-05-29,0.1369,0.1385,0.1312,0.1342,15347000,2049192.9,EQNE
2009-06-01,0.1373,0.1449,0.1348,0.1444,78709000,10948318.2,EQNE
2009-06-02,0.1444,0.1468,0.1375,0.1427,75096000,10684682.2,EQNE
2009-06-03,0.1427,0.1449,0.1362,0.1379,73938000,10203065.7,EQNE
2009-06-04,0.1415,0.1415,0.134,0.136,58533000,7934988.9,EQNE
2009-06-05,0.137,0.161,0.137,0.1537,189205000,28905824.9,EQNE
2009-06-08,0.1515,0.2143,0.151,0.2143,364740000,70253096.6,EQNE
2009-06-09,0.2398,0.294,0.225,0.275,534591000,143998840.9,EQNE
2009-06-10,0.289,0.298,0.2525,0.2687,124679000,33768934.6,EQNE
2009-06-11,0.2687,0.27,0.23,0.2349,171595000,40896965.8,EQNE
2009-06-15,0.2399,0.2442,0.21,0.223,99465000,22172885.6,EQNE
2009-06-16,0.2151,0.239,0.215,0.2385,50979000,11751820.2,EQNE
2009-06-17,0.26,0.26,0.227,0.2371,101727000,24700835.1,EQNE
2009-06-18,0.2301,0.2399,0.213,0.2299,59956000,13319904.5,EQNE
2009-06-19,0.2309,0.2398,0.2202,0.237,44036000,10118326.6,EQNE
2009-06-22,0.2351,0.2398,0.1911,0.2098,87115000,18857034.8,EQNE
2009-06-23,0.1775,0.2199,0.1775,0.2035,79211000,15935131.0,EQNE
2009-06-24,0.2051,0.2185,0.2038,0.2163,19480000,4128773.5,EQNE
2009-06-25,0.216,0.2199,0.205,0.2198,41266000,8778375.5,EQNE
2009-06-26,0.2275,0.2299,0.206,0.2109,35803000,7632707.2,EQNE
2009-06-29,0.201,0.211,0.199,0.2094,16702000,3420267.3,EQNE
2009-06-30,0.2091,0.2091,0.2031,0.2031,11609000,2388840.6,EQNE
2009-07-01,0.2055,0.2065,0.196,0.2024,30257000,6061403.1,EQNE
2009-07-02,0.2001,0.2001,0.1918,0.1951,13556000,2614679.4,EQNE
2009-07-03,0.1918,0.2,0.1852,0.191,22324000,4207694.4,EQNE
2009-07-06,0.188,0.188,0.168,0.1738,28082000,4973178.6,EQNE
2009-07-07,0.1759,0.1825,0.171,0.1789,24895000,4375758.9,EQNE
2009-07-08,0.172,0.177,0.1633,0.167,17015000,2889741.7,EQNE
2009-07-09,0.167,0.1685,0.163,0.163,30079000,4968535.3,EQNE
2009-07-10,0.1631,0.1632,0.1501,0.159,34859000,5463068.0,EQNE
2009-07-13,0.156,0.159,0.15,0.156,17086000,2624549.4,EQNE
2009-07-14,0.156,0.175,0.156,0.163,27606000,4552805.3,EQNE
2009-07-15,0.1585,0.1745,0.1585,0.169,11545000,1965150.9,EQNE
2009-07-16,0.1701,0.175,0.165,0.1694,8414000,1428325.4,EQNE
2009-07-17,0.1656,0.1797,0.1638,0.175,34441000,6056080.9,EQNE
2009-07-20,0.1795,0.1888,0.1764,0.1866,23843000,4361102.1,EQNE
2009-07-21,0.1899,0.1899,0.178,0.1829,13531000,2472985.2,EQNE
2009-07-22,0.185,0.185,0.1694,0.173,68562000,12012931.6,EQNE
2009-07-23,0.169,0.1779,0.169,0.1779,18977000,3310994.7,EQNE
2009-07-24,0.1779,0.183,0.1725,0.174,38397000,6748831.1,EQNE
2009-07-27,0.178,0.1805,0.174,0.175,25317000,4465468.3,EQNE
2009-07-28,0.179,0.18,0.168,0.168,21941000,3800437.9,EQNE
2009-07-29,0.1672,0.1676,0.1605,0.1635,29135000,4777875.7,EQNE
2009-07-30,0.1622,0.1669,0.158,0.1632,57458000,9313980.8,EQNE
2009-07-31,0.1636,0.1698,0.1592,0.161,45843000,7415388.6,EQNE
2009-08-03,0.1669,0.172,0.1637,0.1718,99699000,16611662.7,EQNE
2009-08-04,0.174,0.1765,0.1655,0.1699,93345000,15871981.3,EQNE
2009-08-05,0.1651,0.173,0.1651,0.1653,118660000,20103592.1,EQNE
2009-08-06,0.1653,0.17,0.164,0.164,56491000,9366870.4,EQNE
2009-08-07,0.1632,0.1673,0.1589,0.1602,85021000,13630552.7,EQNE
2009-08-10,0.1669,0.1699,0.1585,0.161,118935000,19555097.3,EQNE
2009-08-11,0.1606,0.1667,0.1595,0.1601,47842000,7778550.8,EQNE
2009-08-12,0.1591,0.1609,0.1565,0.1603,97790000,15561351.6,EQNE
2009-08-13,0.1603,0.1694,0.1603,0.1634,158921000,26123618.9,EQNE
2009-08-14,0.1658,0.1666,0.1606,0.1637,64689000,10525319.1,EQNE
2009-08-17,0.1606,0.1629,0.1581,0.1585,89482000,14348895.9,EQNE
2009-08-18,0.16,0.1639,0.158,0.1619,71659000,11535204.3,EQNE
2009-08-19,0.161,0.1687,0.1594,0.1629,63673000,10393930.9,EQNE
2009-08-20,0.1658,0.1658,0.1575,0.1614,33660000,5414293.6,EQNE
2009-08-21,0.1614,0.1698,0.1591,0.169,79156000,13212574.9,EQNE
2009-08-24,0.17,0.173,0.168,0.1705,72017000,12263101.8,EQNE
2009-08-25,0.17,0.17,0.1651,0.1695,41779000,7046552.1,EQNE
2009-08-26,0.173,0.173,0.163,0.1635,72885000,12088550.4,EQNE
2009-08-27,0.165,0.1664,0.1576,0.1603,105831000,16995320.8,EQNE
2009-08-28,0.16,0.1648,0.1585,0.1637,43471000,7078221.9,EQNE
2009-08-31,0.1616,0.1623,0.158,0.1598,67391000,10700999.8,EQNE
2009-09-01,0.16,0.1631,0.1591,0.1613,67323000,10831200.3,EQNE
2009-09-02,0.1598,0.1603,0.1578,0.1588,79136000,12557276.9,EQNE
2009-09-03,0.16,0.1629,0.1589,0.1621,29469000,4741557.9,EQNE
2009-09-04,0.1618,0.1633,0.1591,0.1609,72807000,11743488.7,EQNE
2009-09-07,0.16,0.1625,0.1598,0.1625,21123000,3400654.2,EQNE
2009-09-08,0.1625,0.1636,0.1581,0.1621,96229000,15482771.7,EQNE
2009-09-09,0.1625,0.163,0.1601,0.1625,140098000,22667596.5,EQNE
2009-09-10,0.1631,0.1695,0.1621,0.166,82149000,13559683.7,EQNE
2009-09-11,0.1651,0.1997,0.1651,0.1997,428816000,80824242.9,EQNE
2009-09-14,0.1975,0.228,0.189,0.2133,424533000,89000861.9,EQNE
2009-09-15,0.227,0.227,0.1964,0.198,212453000,44269782.8,EQNE
2009-09-16,0.205,0.205,0.189,0.1933,152891000,29778405.6,EQNE
2009-09-17,0.1942,0.203,0.187,0.1924,159743000,30934556.2,EQNE
2009-09-18,0.1953,0.2095,0.1878,0.207,143657000,29024962.6,EQNE
2009-09-21,0.207,0.21,0.1946,0.1947,112226000,22473250.9,EQNE
2009-09-22,0.1955,0.2035,0.1953,0.2029,61248000,12209753.1,EQNE
2009-09-23,0.2011,0.2055,0.1978,0.1993,100409000,20159565.8,EQNE
2009-09-24,0.199,0.2,0.1932,0.1952,63378000,12466981.0,EQNE
2009-09-25,0.1944,0.2021,0.1944,0.2,84075000,16768977.4,EQNE
2009-09-28,0.198,0.2219,0.1961,0.2173,193881000,41663303.6,EQNL
2009-09-29,0.2195,0.221,0.213,0.2165,105097000,22717616.5,EQNL
2009-09-30,0.2021,0.2187,0.2021,0.2108,105909000,22571807.9,EQNL
2009-10-01,0.2196,0.2196,0.21,0.2142,85130000,18110669.0,EQNL
2009-10-02,0.211,0.212,0.1995,0.2064,76632000,15709407.2,EQNL
2009-10-05,0.1975,0.2125,0.1975,0.2117,46608000,9720014.6,EQNL
2009-10-06,0.215,0.2384,0.2125,0.2258,261666000,58806242.0,EQNL
2009-10-07,0.2227,0.234,0.217,0.2199,114229000,25794212.5,EQNL
2009-10-08,0.221,0.227,0.22,0.2255,100838000,22596207.2,EQNL
2009-10-09,0.2257,0.2299,0.2209,0.2264,123443000,27868977.9,EQNL
2009-10-12,0.228,0.2378,0.2236,0.2374,155698000,36105894.8,EQNL
2009-10-13,0.2301,0.2468,0.2275,0.2327,131085000,31117448.7,EQNL
2009-10-14,0.2389,0.241,0.2229,0.225,462662000,105682203.6,EQNL
2009-10-15,0.2253,0.2297,0.217,0.2218,83931000,18631719.6,EQNL
2009-10-16,0.2245,0.2273,0.2177,0.22,101300000,22484094.0,EQNL
2009-10-19,0.2219,0.2248,0.21,0.2218,59133000,12948360.6,EQNL
2009-10-20,0.2229,0.2229,0.216,0.218,47133000,10312769.5,EQNL
2009-10-21,0.2183,0.22,0.216,0.219,32510000,7069697.2,EQNL
2009-10-22,0.2161,0.2206,0.2132,0.2184,88109000,19014496.2,EQNL
2009-10-23,0.2214,0.2243,0.219,0.22,39995000,8835901.3,EQNL
2009-10-26,0.221,0.2268,0.2175,0.2245,101278000,22565239.2,EQNL
2009-10-27,0.223,0.223,0.2147,0.2198,75863000,16526988.2,EQNL
2009-10-28,0.2199,0.2199,0.2027,0.2085,114907000,24573561.2,EQNL
2009-10-29,0.205,0.2131,0.2002,0.2129,41548000,8641662.0,EQNL
2009-10-30,0.2101,0.217,0.207,0.2098,30338000,6395314.4,EQNL
2009-11-02,0.2,0.2079,0.1988,0.207,93059000,18846618.9,EQNL
2009-11-03,0.205,0.205,0.198,0.2,69087000,13839034.6,EQNL
2009-11-05,0.2115,0.2249,0.2,0.2149,130846000,27874231.1,EQNL
2009-11-06,0.2164,0.228,0.2155,0.2233,125249000,27698900.8,EQNL
2009-11-09,0.2244,0.233,0.2244,0.23,78115000,18009334.1,EQNL
2009-11-10,0.2319,0.2349,0.228,0.2326,98332000,22883843.6,EQNL
2009-11-11,0.2301,0.2443,0.2301,0.24,106111000,25406873.0,EQNL
2009-11-12,0.2405,0.245,0.2319,0.2416,29825000,7155793.8,EQNL
2009-11-13,0.242,0.2555,0.2385,0.2545,116525000,29194579.4,EQNL
2009-11-16,0.2486,0.2789,0.2486,0.278,129856000,35093940.2,EQNL
2009-11-17,0.2775,0.31,0.277,0.2999,335934000,99325707.9,EQNL
2009-11-18,0.3016,0.3299,0.3,0.3275,279737000,89448617.5,EQNL
2009-11-19,0.3423,0.3423,0.3081,0.3189,124478000,39459848.8,EQNL
2009-11-20,0.3212,0.3275,0.311,0.3175,80146000,25562323.9,EQNL
2009-11-23,0.3212,0.332,0.3175,0.3262,62584000,20366759.8,EQNL
2009-11-24,0.322,0.3239,0.3151,0.3209,49028000,15663830.9,EQNL
2009-11-25,0.323,0.3257,0.3152,0.317,30081000,9622589.4,EQNL
2009-11-26,0.316,0.316,0.2874,0.2939,127688000,37908398.2,EQNL
2009-11-27,0.2851,0.3089,0.27,0.3036,104952000,30061883.3,EQNL
2009-11-30,0.3058,0.3099,0.2913,0.299,63972000,19029691.3,EQNL
2009-12-01,0.294,0.3021,0.2901,0.2989,49356000,14708725.8,EQNL
2009-12-02,0.2989,0.3048,0.293,0.2965,69511000,20720946.6,EQNL
2009-12-03,0.2934,0.303,0.2934,0.2997,40405000,12146732.4,EQNL
2009-12-04,0.2997,0.3,0.293,0.2954,48591000,14382917.0,EQNL
2009-12-07,0.2953,0.3007,0.2907,0.299,58303000,17299349.3,EQNL
2009-12-08,0.2994,0.3,0.2912,0.2922,22096000,6540745.7,EQNL
2009-12-09,0.2921,0.3035,0.2911,0.2998,49957000,14963694.4,EQNL
2009-12-10,0.2974,0.3234,0.2932,0.3234,79125000,24656023.2,EQNL
2009-12-11,0.3293,0.3499,0.32,0.341,145188000,48416850.8,EQNL
2009-12-14,0.345,0.3658,0.341,0.3636,110526000,39142068.3,EQNL
2009-12-15,0.3636,0.389,0.3541,0.3828,106103000,40157792.8,EQNL
2009-12-16,0.3811,0.3885,0.36,0.362,118796000,43896731.9,EQNL
2009-12-17,0.364,0.3729,0.3507,0.3679,64727000,23812857.4,EQNL
2009-12-18,0.368,0.376,0.3631,0.37,33131000,12347199.3,EQNL
2009-12-21,0.3749,0.378,0.3709,0.378,17531000,6598998.8,EQNL
2009-12-22,0.3789,0.3824,0.3697,0.3703,14245000,5338824.2,EQNL
2009-12-23,0.373,0.373,0.354,0.364,72366000,26211744.1,EQNL
2009-12-24,0.3652,0.3675,0.36,0.3605,13473000,4879473.6,EQNL
2009-12-25,0.362,0.3656,0.357,0.3593,5571000,2005330.4,EQNL
2009-12-28,0.3543,0.3625,0.3513,0.3619,9903000,3538103.0,EQNL
2009-12-29,0.3635,0.3635,0.3562,0.3599,5164000,1852876.2,EQNL
2009-12-30,0.3613,0.3675,0.355,0.3675,8451000,3051004.5,EQNL
2009-12-31,0.362,0.3722,0.362,0.37,8393000,3103097.8,EQNL
2010-01-11,0.3726,0.3899,0.3723,0.374,12636000,4747969.6,EQNL
2010-01-12,0.375,0.3788,0.3697,0.375,14619000,5478495.2,EQNL
2010-01-13,0.3726,0.384,0.3704,0.3827,31974000,12012066.0,EQNL
2010-01-14,0.3846,0.3877,0.3781,0.3833,24305000,9328151.0,EQNL
2010-01-15,0.3855,0.386,0.3801,0.3855,12506000,4790181.4,EQNL
2010-01-18,0.3804,0.385,0.3761,0.38,11656000,4431297.7,EQNL
2010-01-19,0.3819,0.382,0.37,0.3731,18027000,6730230.9,EQNL
2010-01-20,0.3726,0.3794,0.3677,0.37,38043000,14134354.2,EQNL
2010-01-21,0.37,0.3762,0.3655,0.3697,11397000,4217712.3,EQNL
2010-01-22,0.3652,0.3687,0.3525,0.3578,17216000,6172784.3,EQNL
2010-01-25,0.3545,0.365,0.3501,0.3595,19861000,7156421.9,EQNL
2010-01-26,0.358,0.3636,0.3501,0.3529,15137000,5360221.7,EQNL
2010-01-27,0.3545,0.3699,0.352,0.3669,19953000,7254643.9,EQNL
2010-01-28,0.3669,0.398,0.365,0.38,72772000,27960472.7,EQNL
2010-01-29,0.3799,0.3854,0.3702,0.3753,18946000,7092157.3,EQNL
2010-02-01,0.373,0.3784,0.3689,0.3746,21705000,8069279.6,EQNL
2010-02-02,0.375,0.3809,0.3701,0.3761,21462000,8098143.0,EQNL
2010-02-03,0.38,0.3869,0.3751,0.3813,17019000,6531509.3,EQNL
2010-02-04,0.3763,0.3855,0.3734,0.3743,15089000,5719596.7,EQNL
2010-02-05,0.3712,0.3712,0.355,0.3669,20630000,7484835.9,EQNL
2010-02-08,0.367,0.3699,0.354,0.3555,9194000,3304723.8,EQNL
2010-02-09,0.3553,0.3639,0.3512,0.3591,7735000,2758945.6,EQNL
2010-02-10,0.3594,0.364,0.3563,0.3605,13695000,4939414.2,EQNL
2010-02-11,0.359,0.367,0.357,0.3616,5649000,2055168.4,EQNL
2010-02-12,0.3653,0.375,0.3566,0.3566,6964000,2532094.1,EQNL
2010-02-15,0.3606,0.3718,0.355,0.3675,13912000,5067100.4,EQNL
2010-02-16,0.3653,0.3735,0.364,0.3715,7900000,2923436.2,EQNL
2010-02-17,0.373,0.373,0.36,0.368,12450000,4570629.7,EQNL
2010-02-18,0.3653,0.3716,0.3625,0.3696,16842000,6199189.2,EQNL
2010-02-19,0.3653,0.3698,0.3601,0.3625,5480000,2001421.2,EQNL
2010-02-24,0.3694,0.3748,0.365,0.3662,2318000,855244.3,EQNL
2010-02-25,0.3658,0.3688,0.3557,0.358,7272000,2634562.3,EQNL
2010-02-26,0.3616,0.3674,0.3581,0.3668,7821000,2836602.2,EQNL
2010-02-27,0.367,0.369,0.3501,0.3665,7876000,2860815.7,EQNL
2010-03-01,0.3639,0.3699,0.362,0.3645,3560000,1302632.5,EQNL
2010-03-02,0.3639,0.3689,0.3625,0.3668,3964000,1448208.1,EQNL
2010-03-03,0.3676,0.371,0.364,0.3705,8006000,2943340.6,EQNL
2010-03-04,0.3711,0.3848,0.37,0.378,37427000,14160427.5,EQNL
2010-03-05,0.382,0.4039,0.3723,0.3913,92342000,36400627.0,EQNL
2010-03-09,0.3969,0.3998,0.39,0.3966,12886000,5091431.7,EQNL
2010-03-10,0.3966,0.404,0.3925,0.399,69875000,27776662.4,EQNL
2010-03-11,0.3997,0.3997,0.3933,0.3949,11588000,4594053.3,EQNL
2010-03-12,0.3912,0.423,0.3912,0.42,81163000,33597598.6,EQNL
2010-03-15,0.4185,0.4365,0.4113,0.4299,51700000,22165644.4,EQNL
2010-03-16,0.4345,0.4585,0.434,0.454,73182000,32736164.5,EQNL
2010-03-17,0.4563,0.4698,0.4455,0.4532,57259000,25985750.4,EQNL
2010-03-18,0.4501,0.4594,0.4481,0.45,20485000,9234330.4,EQNL
2010-03-19,0.45,0.4578,0.45,0.455,40643000,18411450.3,EQNL
2010-03-22,0.4519,0.4649,0.445,0.4529,24508000,11154958.9,EQNL
2010-03-23,0.4532,0.4599,0.4515,0.4554,8047000,3669918.5,EQNL
2010-03-24,0.4555,0.4582,0.445,0.4469,14990000,6776010.9,EQNL
2010-03-25,0.4498,0.452,0.4444,0.448,13915000,6254077.7,EQNL
2010-03-26,0.4459,0.4525,0.4355,0.4487,17098000,7640737.8,EQNL
2010-03-29,0.4453,0.4597,0.4446,0.4486,29013000,13033437.9,EQNL
2010-03-30,0.449,0.4583,0.44,0.45,26831000,12036040.7,EQNL
2010-03-31,0.4814,0.4814,0.445,0.4501,15577000,7011124.8,EQNL
2010-04-01,0.4514,0.4745,0.45,0.471,46975000,21943485.8,EQNL
2010-04-02,0.4706,0.4999,0.4701,0.4912,87187000,42439877.6,EQNL
2010-04-05,0.4999,0.524,0.4908,0.5088,45505000,23201401.6,EQNL
2010-04-06,0.5095,0.518,0.49,0.5049,22977000,11502677.2,EQNL
2010-04-07,0.497,0.501,0.485,0.495,32082000,15759891.8,EQNL
2010-04-08,0.4916,0.4985,0.485,0.4952,21851000,10745059.1,EQNL
2010-04-09,0.4952,0.5644,0.4951,0.5581,166012000,89033164.4,EQNL
2010-04-12,0.625,0.625,0.5613,0.598,134629000,80265588.4,EQNL
2010-04-13,0.597,0.614,0.58,0.584,49533000,29462419.1,EQNL
2010-04-14,0.584,0.5948,0.58,0.5908,15697000,9220757.6,EQNL
2010-04-15,0.591,0.5964,0.5667,0.5865,24159000,13899094.8,EQNL
2010-04-16,0.5865,0.5865,0.57,0.5746,12809000,7347327.6,EQNL
2010-04-19,0.5676,0.5676,0.5366,0.547,27510000,15105411.4,EQNL
2010-04-20,0.5557,0.5599,0.545,0.5507,11047000,6113320.1,EQNL
2010-04-21,0.5596,0.58,0.5512,0.5598,27633000,15675998.5,EQNL
2010-04-22,0.5675,0.5725,0.54,0.5406,10820000,5981884.6,EQNL
2010-04-23,0.521,0.5517,0.521,0.5489,9996000,5457230.7,EQNL
2010-04-26,0.5598,0.5763,0.5548,0.568,51610000,29292058.9,EQNL
2010-04-27,0.5676,0.5739,0.5518,0.556,30048000,16714832.9,EQNL
2010-04-28,0.5509,0.555,0.5378,0.555,33989000,18463362.1,EQNL
2010-04-29,0.5476,0.5625,0.5476,0.555,3723000,2077665.6,EQNL
2010-04-30,0.5387,0.565,0.5387,0.565,7815000,4380740.0,EQNL
2010-05-04,0.5675,0.5796,0.5446,0.5446,15921000,8795458.6,EQNL
2010-05-05,0.5442,0.5507,0.5202,0.5277,10771000,5713524.9,EQNL
2010-05-06,0.5182,0.5248,0.5051,0.512,8571000,4402580.3,EQNL
2010-05-07,0.5001,0.5143,0.4887,0.49,13407000,6682429.8,EQNL
2010-05-11,0.5,0.54,0.5,0.5001,15024000,7744687.0,EQNL
2010-05-12,0.507,0.5398,0.507,0.5342,32301000,17016828.6,EQNL
2010-05-13,0.5365,0.55,0.5225,0.533,8392000,4453637.8,EQNL
2010-05-14,0.5107,0.5441,0.5107,0.526,8986000,4701818.9,EQNL
2010-05-17,0.5049,0.5234,0.4851,0.514,9926000,5070763.3,EQNL
2010-05-18,0.5199,0.5349,0.5191,0.525,5241000,2748658.7,EQNL
2010-05-19,0.5209,0.5319,0.4983,0.517,9076000,4667285.1,EQNL
2010-05-20,0.518,0.5199,0.4778,0.4999,10392000,5225793.3,EQNL
2010-05-21,0.4857,0.5099,0.4775,0.488,17105000,8317404.0,EQNL
2010-05-24,0.4932,0.5129,0.4801,0.4874,6259000,3063616.9,EQNL
2010-05-25,0.4883,0.4883,0.44,0.4441,14688000,6643328.0,EQNL
2010-05-26,0.458,0.4745,0.4505,0.4745,12468000,5793912.0,EQNL
2010-05-27,0.476,0.4999,0.476,0.4853,11043000,5339145.3,EQNL
2010-05-28,0.4899,0.4951,0.4794,0.4865,3443000,1678335.5,EQNL
2010-05-31,0.4896,0.492,0.4625,0.479,7144000,3420352.4,EQNL
2010-06-01,0.4731,0.479,0.4639,0.4755,4278000,2008234.5,EQNL
2010-06-02,0.4748,0.4829,0.4641,0.4751,15097000,7177013.2,EQNL
2010-06-03,0.4818,0.4936,0.4818,0.487,17773000,8683392.0,EQNL
2010-06-04,0.4898,0.49,0.4722,0.4745,5766000,2802114.5,EQNL
2010-06-07,0.4727,0.4727,0.4501,0.4673,6165000,2842984.8,EQNL
2010-06-08,0.465,0.4898,0.4649,0.4714,8974000,4273713.0,EQNL
2010-06-09,0.4695,0.4826,0.4695,0.4799,11978000,5691819.0,EQNL
2010-06-10,0.48,0.48,0.47,0.48,12705000,6052538.6,EQNL
2010-06-11,0.4923,0.4923,0.4759,0.4853,5869000,2839605.4,EQNL
2010-06-15,0.4859,0.5019,0.4859,0.5019,11474000,5687575.5,EQNL
2010-06-16,0.5036,0.51,0.485,0.4966,39970000,20061515.5,EQNL
2010-06-17,0.5016,0.5099,0.4862,0.49,3442000,1692982.7,EQNL
2010-06-18,0.4901,0.4921,0.4858,0.4879,5860000,2867354.7,EQNL
2010-06-21,0.49,0.5099,0.4879,0.5,24911000,12373261.5,EQNL
2010-06-22,0.5,0.5,0.48,0.4853,3212000,1559063.3,EQNL
2010-06-23,0.4835,0.4925,0.4735,0.4786,3308000,1590226.3,EQNL
2010-06-24,0.4787,0.4826,0.47,0.4752,3449000,1636133.7,EQNL
2010-06-25,0.4696,0.4724,0.4659,0.4675,1431000,669791.5,EQNL
2010-06-28,0.4687,0.47,0.4625,0.468,2093000,976887.2,EQNL
2010-06-29,0.463,0.463,0.4417,0.449,6878000,3104132.3,EQNL
2010-06-30,0.4443,0.4501,0.4349,0.4437,4395000,1938327.0,EQNL
2010-07-01,0.4376,0.4401,0.42,0.42,6250000,2668324.3,EQNL
2010-07-02,0.4283,0.4284,0.41,0.4107,6165000,2552077.5,EQNL
2010-07-05,0.4115,0.425,0.3865,0.425,12471000,5074789.3,EQNL
2010-07-06,0.4221,0.4469,0.422,0.435,8702000,3797710.0,EQNL
2010-07-07,0.4345,0.4345,0.4149,0.4337,3192000,1339294.1,EQNL
2010-07-08,0.4345,0.445,0.4329,0.4377,1580000,695876.2,EQNL
2010-07-09,0.4405,0.445,0.435,0.445,816000,359342.4,EQNL
2010-07-12,0.445,0.445,0.4376,0.4448,2700000,1191641.9,EQNL
2010-07-13,0.4377,0.454,0.422,0.44,13243000,5870789.2,EQNL
2010-07-14,0.4469,0.455,0.435,0.4428,1290000,574043.2,EQNL
2010-07-15,0.4351,0.44,0.426,0.4285,4357000,1880958.3,EQNL
2010-07-16,0.425,0.4379,0.42,0.4256,2473000,1043020.5,EQNL
2010-07-19,0.4255,0.435,0.4167,0.4239,5700000,2439731.6,EQNL
2010-07-20,0.4264,0.4264,0.4103,0.42,1850000,778009.1,EQNL
2010-07-21,0.42,0.4284,0.4156,0.4284,3294000,1392453.6,EQNL
2010-07-22,0.4277,0.4323,0.4233,0.4323,4641000,1996351.9,EQNL
2010-07-23,0.4336,0.4499,0.4243,0.4452,29852000,13062973.9,EQNL
2010-07-26,0.45,0.4532,0.4367,0.4408,1070000,471904.8,EQNL
2010-07-27,0.4423,0.444,0.435,0.4397,15327000,6730773.2,EQNL
2010-07-28,0.438,0.4397,0.4251,0.4333,1544000,664106.8,EQNL
2010-07-29,0.4303,0.4399,0.4203,0.432,3566000,1535050.8,EQNL
2010-07-30,0.4294,0.4335,0.4203,0.4287,4410000,1868694.1,EQNL
2010-08-02,0.4294,0.4373,0.4214,0.4337,3785000,1620481.0,EQNL
2010-08-03,0.4325,0.4337,0.426,0.429,2619000,1129464.5,EQNL
2010-08-04,0.426,0.433,0.415,0.4259,12357000,5214844.4,EQNL
2010-08-05,0.4292,0.4293,0.42,0.426,14774000,6240637.4,EQNL
2010-08-06,0.4211,0.439,0.421,0.4299,14364000,6190543.7,EQNL
2010-08-09,0.427,0.436,0.427,0.433,5083000,2199946.1,EQNL
2010-08-10,0.4315,0.4315,0.425,0.425,1486000,633705.5,EQNL
2010-08-11,0.4217,0.4249,0.4167,0.4167,5406000,2271672.1,EQNL
2010-08-12,0.4137,0.4194,0.4079,0.413,2344000,967398.6,EQNL
2010-08-13,0.4151,0.42,0.4125,0.415,1637000,681294.9,EQNL
2010-08-16,0.4229,0.4229,0.411,0.4149,1184000,494571.2,EQNL
2010-08-17,0.4102,0.42,0.4101,0.419,2172000,903468.1,EQNL
2010-08-18,0.4172,0.4172,0.4113,0.4113,2209000,913220.8,EQNL
2010-08-19,0.414,0.4199,0.41,0.4115,4580000,1893267.7,EQNL
2010-08-20,0.4103,0.4147,0.4051,0.41,6854000,2830640.3,EQNL
2010-08-23,0.4073,0.4118,0.4062,0.4097,1159000,471702.3,EQNL
2010-08-24,0.4023,0.406,0.4,0.4006,3464000,1391466.5,EQNL
2010-08-25,0.4001,0.4092,0.3997,0.4038,749000,300996.7,EQNL
2010-08-26,0.4006,0.4076,0.3988,0.4033,35156000,14143362.8,EQNL
2010-08-27,0.3995,0.4042,0.3954,0.4029,6532000,2623210.1,EQNL
2010-08-30,0.4029,0.4029,0.398,0.4,7121000,2849133.5,EQNL
2010-08-31,0.3981,0.3985,0.3934,0.395,4825000,1905308.8,EQNL
2010-09-01,0.395,0.4,0.3948,0.399,24113000,9621099.0,EQNL
2010-09-02,0.3985,0.4078,0.397,0.405,29070000,11722295.0,EQNL
2010-09-03,0.4044,0.4075,0.3985,0.4069,23729000,9559713.2,EQNL
2010-09-06,0.4035,0.4244,0.4021,0.4224,27085000,11319092.5,EQNL
2010-09-07,0.4172,0.425,0.4112,0.4147,6218000,2587128.1,EQNL
2010-09-08,0.4123,0.42,0.41,0.413,9008000,3739946.0,EQNL
2010-09-09,0.4195,0.42,0.4122,0.4165,15449000,6433776.7,EQNL
2010-09-10,0.4161,0.422,0.416,0.419,22748000,9529892.4,EQNL
2010-09-13,0.42,0.4223,0.4156,0.4195,12668000,5319479.0,EQNL
2010-09-14,0.4198,0.4215,0.4123,0.4184,17454000,7302829.0,EQNL
2010-09-15,0.4148,0.4218,0.41,0.4138,6774000,2801155.8,EQNL
2010-09-16,0.414,0.415,0.4073,0.409,7629000,3138283.4,EQNL
2010-09-17,0.4135,0.439,0.4135,0.4285,57672000,24809794.5,EQNL
2010-09-20,0.4255,0.43,0.4206,0.4295,9731000,4136801.8,EQNL
2010-09-21,0.4296,0.4396,0.422,0.43,74546000,32304493.5,EQNL
2010-09-22,0.4299,0.4475,0.4225,0.4283,89706000,39322386.2,EQNL
2010-09-23,0.4256,0.4355,0.4216,0.4274,7083000,3037830.9,EQNL
2010-09-24,0.4236,0.4349,0.4223,0.4289,1337000,572882.8,EQNL
2010-09-27,0.4297,0.4299,0.42,0.4242,13886000,5888238.3,EQNL
2010-09-28,0.42,0.4213,0.408,0.4115,8771000,3612409.2,EQNL
2010-09-29,0.412,0.4141,0.405,0.405,10593000,4323688.3,EQNL
2010-09-30,0.405,0.4114,0.4012,0.4075,11934000,4855424.0,EQNL
2010-10-01,0.4075,0.423,0.403,0.415,41975000,17299605.0,EQNL
2010-10-04,0.4213,0.4277,0.4119,0.42,20046000,8334178.9,EQNL
2010-10-05,0.42,0.423,0.413,0.4162,19330000,8083896.5,EQNL
2010-10-06,0.4172,0.42,0.4152,0.416,11485000,4799585.2,EQNL
2010-10-07,0.416,0.416,0.4124,0.413,2673000,1106341.9,EQNL
2010-10-08,0.416,0.4164,0.4055,0.4066,6476000,2644762.4,EQNL
2010-10-11,0.4107,0.4145,0.4055,0.4095,4908000,2000903.9,EQNL
2010-10-12,0.405,0.4079,0.401,0.403,14512000,5855371.7,EQNL
2010-10-13,0.4078,0.4099,0.395,0.3993,39993000,16043088.7,EQNL
2010-10-14,0.405,0.405,0.388,0.395,22897000,9080036.8,EQNL
2010-10-15,0.393,0.3962,0.39,0.3919,16279000,6388503.4,EQNL
2010-10-18,0.3911,0.394,0.3869,0.39,8954000,3490107.6,EQNL
2010-10-19,0.3901,0.4,0.386,0.39,15161000,5933037.8,EQNL
2010-10-20,0.39,0.3937,0.3855,0.3922,5863000,2284882.4,EQNL
2010-10-21,0.3937,0.3942,0.3875,0.3914,10637000,4146941.2,EQNL
2010-10-22,0.389,0.3958,0.3858,0.3879,5894000,2286535.6,EQNL
2010-10-25,0.388,0.3895,0.3825,0.384,18746000,7227240.2,EQNL
2010-10-26,0.3882,0.3882,0.377,0.3814,14562000,5549267.5,EQNL
2010-10-27,0.3814,0.387,0.3778,0.3851,41448000,15859660.5,EQNL
2010-10-28,0.382,0.3888,0.3791,0.3858,8113000,3121653.8,EQNL
2010-10-29,0.3883,0.3883,0.3829,0.3873,3084000,1190456.0,EQNL
2010-11-01,0.3883,0.3945,0.386,0.3929,11954000,4688514.4,EQNL
2010-11-02,0.395,0.395,0.3833,0.388,13213000,5116125.5,EQNL
2010-11-03,0.388,0.394,0.3851,0.3887,26607000,10370239.5,EQNL
2010-11-08,0.3972,0.4,0.385,0.3888,34777000,13561375.4,EQNL
2010-11-09,0.3892,0.3924,0.3857,0.3909,15825000,6172234.0,EQNL
2010-11-10,0.39,0.3909,0.385,0.3867,2972000,1149398.7,EQNL
2010-11-11,0.387,0.3904,0.3845,0.3849,21919000,8463727.2,EQNL
2010-11-12,0.3859,0.386,0.38,0.3848,17836000,6834068.7,EQNL
2010-11-13,0.3775,0.385,0.372,0.3818,81873000,30673650.3,EQNL
2010-11-15,0.3829,0.3829,0.375,0.3787,31031000,11709354.6,EQNL
2010-11-16,0.4255,0.4255,0.371,0.3737,22100000,8281628.1,EQNL
2010-11-17,0.3707,0.3768,0.3699,0.3743,30568000,11393563.1,EQNL
2010-11-18,0.3744,0.3768,0.3722,0.3743,21570000,8087949.9,EQNL
2010-11-19,0.3745,0.3745,0.3695,0.3715,15660000,5807067.5,EQNL
2010-11-22,0.3711,0.3737,0.3696,0.3705,50244000,18662740.9,EQNL
2010-11-23,0.3692,0.3727,0.3625,0.3655,18736000,6871248.8,EQNL
2010-11-24,0.3688,0.3701,0.356,0.3698,49863000,18128448.1,EQNL
2010-11-25,0.3705,0.3739,0.3684,0.3739,20607000,7639629.4,EQNL
2010-11-26,0.373,0.3771,0.3701,0.373,24932000,9289376.3,EQNL
2010-11-29,0.3729,0.3899,0.371,0.3744,94319000,35485308.6,EQNL
2010-11-30,0.3795,0.3795,0.37,0.377,58409000,21722380.6,EQNL
2010-12-01,0.3775,0.38,0.3741,0.3797,14629000,5534271.2,EQNL
2010-12-02,0.3316,0.38,0.3316,0.3761,13562000,5095379.5,EQNL
2010-12-03,0.3778,0.3778,0.3723,0.3754,5755000,2156569.9,EQNL
2010-12-06,0.3774,0.378,0.37,0.3769,35732000,13406943.9,EQNL
2010-12-07,0.3766,0.3928,0.3753,0.388,91143000,35208413.3,EQNL
2010-12-08,0.3758,0.388,0.3758,0.386,9555000,3668918.1,EQNL
2010-12-09,0.388,0.3926,0.385,0.3902,42332000,16516335.0,EQNL
2010-12-10,0.39,0.3941,0.3887,0.3926,73073000,28557893.8,EQNL
2010-12-13,0.3935,0.3975,0.3905,0.3949,29499000,11614524.6,EQNL
2010-12-14,0.3964,0.3965,0.3911,0.393,18921000,7444900.2,EQNL
2010-12-15,0.393,0.3955,0.3876,0.3955,26769000,10493144.7,EQNL
2010-12-16,0.3963,0.3993,0.3905,0.398,44251000,17568815.1,EQNL
2010-12-17,0.3996,0.4058,0.3946,0.4057,30544000,12267248.8,EQNL
2010-12-20,0.4057,0.4127,0.4037,0.4116,32394000,13272045.6,EQNL
2010-12-21,0.4103,0.4115,0.4021,0.4062,12921000,5253067.4,EQNL
2010-12-22,0.41,0.4139,0.4039,0.4047,28474000,11594898.2,EQNL
2010-12-23,0.4073,0.4105,0.4048,0.409,20166000,8220404.1,EQNL
2010-12-24,0.4071,0.4104,0.4035,0.4061,15610000,6324879.0,EQNL
2010-12-27,0.4046,0.4055,0.3945,0.4051,25739000,10327626.1,EQNL
2010-12-28,0.401,0.4087,0.401,0.4051,21947000,8891412.9,EQNL
2010-12-29,0.407,0.408,0.4004,0.4035,7285000,2945031.9,EQNL
2010-12-30,0.4023,0.4048,0.3971,0.4047,10057000,4028233.1,EQNL
2011-01-11,0.4067,0.41,0.4013,0.408,8616000,3505888.5,EQNL
2011-01-12,0.4044,0.4081,0.403,0.4061,11894000,4822575.5,EQNL
2011-01-13,0.4035,0.4074,0.4004,0.4038,6078000,2456963.8,EQNL
2011-01-14,0.4034,0.4037,0.397,0.403,6753000,2707022.4,EQNL
2011-01-17,0.4035,0.4074,0.3981,0.4027,16441000,6612322.3,EQNL
2011-01-18,0.3994,0.4061,0.399,0.402,9722000,3908767.1,EQNL
2011-01-19,0.4003,0.405,0.3942,0.3988,19011000,7580702.0,EQNL
2011-01-20,0.3989,0.3989,0.3864,0.388,13723000,5379630.4,EQNL
2011-01-21,0.3856,0.392,0.385,0.3892,7760000,3030611.3,EQNL
2011-01-24,0.3963,0.3963,0.385,0.388,2972000,1155312.6,EQNL
2011-01-25,0.3919,0.395,0.383,0.388,5061000,1974991.0,EQNL
2011-01-26,0.3852,0.394,0.3812,0.3899,65794000,25622115.6,EQNL
2011-01-27,0.392,0.3925,0.3801,0.383,13539000,5202246.9,EQNL
2011-01-28,0.3822,0.387,0.3802,0.3826,9383000,3599375.4,EQNL
2011-01-31,0.3805,0.381,0.375,0.3783,16233000,6135631.7,EQNL
2011-02-01,0.3781,0.3789,0.373,0.3787,14483000,5454949.9,EQNL
2011-02-02,0.3813,0.3853,0.378,0.3795,9955000,3794763.2,EQNL
2011-02-03,0.3827,0.3827,0.3765,0.3788,1416000,535043.5,EQNL
2011-02-04,0.3766,0.3801,0.3701,0.3732,6632000,2480592.7,EQNL
2011-02-07,0.3731,0.3794,0.3705,0.3733,7211000,2684748.2,EQNL
2011-02-08,0.371,0.3737,0.369,0.369,23971000,8868394.6,EQNL
2011-02-09,0.37,0.3735,0.3665,0.3674,7863000,2892821.2,EQNL
2011-02-10,0.3679,0.3738,0.3626,0.3648,12891000,4705780.4,EQNL
2011-02-11,0.362,0.3699,0.362,0.3679,5171000,1887212.0,EQNL
2011-02-14,0.3696,0.3696,0.3622,0.3658,3073000,1123119.8,EQNL
2011-02-15,0.3633,0.3658,0.3545,0.3564,20371000,7309154.3,EQNL
2011-02-16,0.3573,0.3683,0.3565,0.3642,31268000,11345451.2,EQNL
2011-02-17,0.3668,0.3668,0.3581,0.36,7397000,2666353.8,EQNL
2011-02-18,0.3638,0.3638,0.3515,0.3589,5946000,2112320.0,EQNL
2011-02-21,0.3581,0.3598,0.3555,0.358,2613000,932589.7,EQNL
2011-02-22,0.357,0.3571,0.344,0.345,18504000,6418660.2,EQNL
2011-02-24,0.3433,0.3433,0.336,0.337,13616000,4612529.0,EQNL
2011-02-25,0.3346,0.3495,0.3346,0.3442,20662000,7125467.6,EQNL
2011-02-28,0.3443,0.3525,0.3407,0.347,45702000,15865301.5,EQNL
2011-03-01,0.3775,0.3775,0.3407,0.3415,9080000,3127251.5,EQNL
2011-03-02,0.3407,0.34119,0.3325,0.33701,16610000,5593879.3,EQNL
2011-03-03,0.3405,0.3405,0.33552,0.33816,7430000,2510006.8,EQNL
2011-03-04,0.3355,0.33998,0.33331,0.336,14120000,4740827.2,EQNL
2011-03-05,0.3365,0.3365,0.33252,0.3335,3870000,1296307.3,EQNL
2011-03-09,0.336,0.3395,0.3285,0.33344,17080000,5687428.7,EQNL
2011-03-10,0.333,0.333,0.32102,0.32649,6140000,2003123.5,EQNL
2011-03-11,0.3265,0.3265,0.31855,0.32,12200000,3916003.9,EQNL
2011-03-14,0.3315,0.3315,0.3101,0.31426,10280000,3255206.5,EQNL
2011-03-15,0.31,0.316,0.294,0.3,33370000,10001346.4,EQNL
2011-03-16,0.3048,0.3048,0.297,0.29999,8220000,2459914.1,EQNL
2011-03-17,0.294,0.30244,0.294,0.29982,9050000,2687865.3,EQNL
2011-03-18,0.29999,0.3,0.29325,0.2945,9110000,2696596.1,EQNL
2011-03-21,0.2945,0.38,0.2945,0.32607,106690000,34809788.0,EQNL
2011-03-22,0.33829,0.35727,0.3294,0.33999,175900000,60373597.8,EQNL
2011-03-23,0.35099,0.352,0.338,0.339,55510000,19175221.6,EQNL
2011-03-24,0.35,0.35,0.3396,0.34398,36510000,12575556.9,EQNL
2011-03-25,0.3439,0.3497,0.34003,0.34014,22940000,7843023.9,EQNL
2011-03-28,0.34366,0.34999,0.34076,0.34548,26420000,9113865.4,EQNL
2011-03-29,0.3455,0.348,0.33212,0.3376,21990000,7434041.6,EQNL
2011-03-30,0.34029,0.34227,0.32846,0.32852,28050000,9341724.7,EQNL
2011-03-31,0.33001,0.33799,0.32499,0.33789,40000000,13284161.6,EQNL
2011-04-01,0.33226,0.339,0.3315,0.33496,7570000,2529677.7,EQNL
2011-04-04,0.334,0.336,0.33,0.33215,14650000,4864954.3,EQNL
2011-04-05,0.33,0.331,0.3256,0.327,6080000,1993845.5,EQNL
2011-04-06,0.327,0.3298,0.32119,0.32661,22950000,7458514.5,EQNL
2011-04-07,0.32757,0.32757,0.3202,0.32151,9230000,2984613.3,EQNL
2011-04-08,0.32399,0.32679,0.3171,0.32229,10650000,3409275.9,EQNL
2011-04-11,0.32299,0.32299,0.31224,0.31686,6370000,2016222.9,EQNL
2011-04-12,0.31218,0.31218,0.30821,0.31009,11210000,3469754.9,EQNL
2011-04-13,0.31005,0.3116,0.3068,0.31026,7250000,2237342.5,EQNL
2011-04-14,0.30832,0.31406,0.30304,0.31406,6780000,2088898.3,EQNL
2011-04-15,0.3141,0.3141,0.30803,0.31193,15860000,4931533.7,EQNL
2011-04-18,0.31001,0.31001,0.28103,0.28499,38000000,11050667.3,EQNL
2011-04-19,0.29,0.29,0.28001,0.28424,39950000,11400052.3,EQNL
2011-04-20,0.28496,0.29127,0.28496,0.2858,18390000,5291013.7,EQNL
2011-04-21,0.2877,0.28771,0.28001,0.2826,14040000,3990817.4,EQNL
2011-04-22,0.28499,0.29499,0.2795,0.29192,53840000,15574891.1,EQNL
2011-04-25,0.29009,0.29683,0.2801,0.28259,18310000,5223530.8,EQNL
2011-04-26,0.281,0.28275,0.28,0.28231,4820000,1354018.7,EQNL
2011-04-27,0.281,0.281,0.275,0.27609,18050000,5001273.0,EQNL
2011-04-28,0.27999,0.27999,0.27001,0.27629,8850000,2425914.3,EQNL
2011-04-29,0.27015,0.2898,0.27014,0.2896,13520000,3814040.2,EQNL
2011-05-03,0.2895,0.29001,0.27708,0.28599,19980000,5662970.3,EQNL
2011-05-04,0.28697,0.28999,0.27921,0.2808,21960000,6258133.4,EQNL
2011-05-05,0.28084,0.28376,0.278,0.28172,5330000,1494668.2,EQNL
2011-05-06,0.28739,0.28739,0.278,0.28245,2860000,805738.3,EQNL
2011-05-10,0.28005,0.28678,0.28005,0.28376,1570000,446355.8,EQNL
2011-05-11,0.2822,0.2844,0.279,0.282,15150000,4271907.0,EQNL
2011-05-12,0.27999,0.28497,0.27288,0.28002,32780000,9200593.8,EQNL
2011-05-13,0.28496,0.28496,0.27565,0.28099,9060000,2526021.8,EQNL
2011-05-16,0.27658,0.2814,0.27658,0.2798,7980000,2236795.5,EQNL
2011-05-17,0.28637,0.28637,0.278,0.2794,4340000,1219624.6,EQNL
2011-05-18,0.281,0.28103,0.27511,0.28068,1670000,466428.7,EQNL
2011-05-19,0.27728,0.28102,0.276,0.27861,1950000,543348.9,EQNL
2011-05-20,0.27704,0.28076,0.27272,0.27272,1680000,464514.2,EQNL
2011-05-23,0.2727,0.2727,0.26001,0.26001,17260000,4534392.3,EQNL
2011-05-24,0.26246,0.26997,0.2602,0.263,13760000,3634821.9,EQNL
2011-05-25,0.26037,0.265,0.26033,0.2645,9720000,2564886.3,EQNL
2011-05-26,0.265,0.27111,0.262,0.262,6900000,1820108.4,EQNL
2011-05-27,0.26948,0.27298,0.26113,0.267,25640000,6860493.9,EQNL
2011-05-30,0.27246,0.27498,0.265,0.271,20980000,5632997.1,EQNL
2011-05-31,0.27233,0.28898,0.27233,0.28399,34930000,9831792.8,EQNL
2011-06-01,0.285,0.28801,0.28117,0.28117,9130000,2604373.8,EQNL
2011-06-02,0.2811,0.28398,0.277,0.2836,5630000,1573357.2,EQNL
2011-06-03,0.28003,0.29417,0.28003,0.28498,6320000,1804882.6,EQNL
2011-06-06,0.289,0.28901,0.28,0.282,3260000,916943.5,EQNL
2011-06-07,0.28498,0.289,0.28394,0.28699,5970000,1712878.2,EQNL
2011-06-08,0.28888,0.28888,0.2811,0.285,8130000,2305204.7,EQNL
2011-06-09,0.282,0.28599,0.26999,0.279,61050000,16806036.0,EQNL
2011-06-10,0.27811,0.28315,0.275,0.28212,12530000,3517721.0,EQNL
2011-06-14,0.28315,0.287,0.2825,0.28341,30360000,8666983.2,EQNL
2011-06-15,0.285,0.28699,0.28251,0.28347,12450000,3537567.4,EQNL
2011-06-16,0.282,0.28339,0.27701,0.27967,3660000,1023476.6,EQNL
2011-06-17,0.27732,0.2847,0.2735,0.282,4530000,1262603.8,EQNL
2011-06-20,0.282,0.28247,0.275,0.27531,5270000,1460644.9,EQNL
2011-06-21,0.27536,0.283,0.2736,0.28196,10770000,2993218.6,EQNL
2011-06-22,0.27979,0.28196,0.277,0.27751,6100000,1692777.5,EQNL
2011-06-23,0.27701,0.279,0.2739,0.27448,5490000,1522020.7,EQNL
2011-06-24,0.2747,0.28687,0.2747,0.28514,34800000,9824932.2,EQNL
2011-06-27,0.28302,0.28885,0.28068,0.28492,13730000,3923120.5,EQNL
2011-06-28,0.28885,0.28885,0.28281,0.288,5390000,1551865.8,EQNL
2011-06-29,0.28893,0.299,0.2877,0.29501,66320000,19563606.4,EQNL
2011-06-30,0.2959,0.305,0.29169,0.30379,30530000,9160499.0,EQNL
2011-07-01,0.3019,0.30679,0.298,0.30235,11410000,3448156.0,EQNL
2011-07-04,0.29599,0.30425,0.29503,0.29995,2320000,692551.2,EQNL
2011-07-05,0.30067,0.305,0.30001,0.30386,10310000,3122372.2,EQNL
2011-07-06,0.3035,0.3067,0.29888,0.30608,26390000,8036281.1,EQNL
2011-07-07,0.3068,0.30995,0.30158,0.30701,9480000,2919294.9,EQNL
2011-07-08,0.32117,0.32117,0.3061,0.30798,5010000,1547441.4,EQNL
2011-07-11,0.30796,0.30798,0.30001,0.30153,31800000,9632080.2,EQNL
2011-07-12,0.3,0.3038,0.299,0.3,25970000,7817389.9,EQNL
2011-07-13,0.29914,0.3109,0.29914,0.30703,39620000,12156543.8,EQNL
2011-07-14,0.30996,0.32908,0.30611,0.322,47450000,15000293.1,EQNL
2011-07-15,0.323,0.365,0.323,0.3513,219700000,76526805.9,EQNL
2011-07-18,0.355,0.3638,0.34502,0.3515,43420000,15271150.4,EQNL
2011-07-19,0.3515,0.37299,0.35101,0.366,120610000,43845528.6,EQNL
2011-07-20,0.37278,0.37299,0.355,0.3582,31230000,11398443.7,EQNL
2011-07-21,0.36197,0.36499,0.3405,0.356,20490000,7286105.3,EQNL
2011-07-22,0.356,0.3638,0.3331,0.34939,32740000,11454508.1,EQNL
2011-07-25,0.34554,0.35388,0.34002,0.34235,11230000,3876007.3,EQNL
2011-07-26,0.343,0.343,0.333,0.33888,13290000,4485435.3,EQNL
2011-07-27,0.33302,0.3395,0.33001,0.33287,23420000,7815727.0,EQNL
2011-07-28,0.33,0.33299,0.3287,0.32989,29450000,9729815.9,EQNL
2011-07-29,0.3286,0.3469,0.3235,0.34458,37160000,12386707.3,EQNL
2011-08-01,0.34567,0.3643,0.345,0.34674,36360000,12878377.4,EQNL
2011-08-02,0.35021,0.354,0.3355,0.34995,10020000,3446941.7,EQNL
2011-08-03,0.349,0.363,0.337,0.33881,40530000,14245673.6,EQNL
2011-08-04,0.3395,0.36,0.33001,0.33488,27830000,9633177.8,EQNL
2011-08-05,0.3295,0.33229,0.29,0.3295,67410000,21453344.3,EQNL
2011-08-08,0.3015,0.33126,0.2965,0.30005,47330000,14996576.4,EQNL
2011-08-09,0.3,0.319,0.265,0.3,128730000,38278804.8,EQNL
2011-08-10,0.31242,0.34798,0.27521,0.29496,71860000,21371488.0,EQNL
2011-08-11,0.303,0.32,0.27001,0.2927,51360000,14670873.3,EQNL
2011-08-12,0.29039,0.299,0.28,0.29329,19110000,5531740.0,EQNL
2011-08-15,0.296,0.312,0.296,0.30385,35520000,10829009.2,EQNL
2011-08-16,0.30669,0.30944,0.28501,0.30601,40930000,12279162.9,EQNL
2011-08-17,0.31,0.31888,0.3005,0.31439,29150000,9016017.0,EQNL
2011-08-18,0.31499,0.31998,0.29301,0.3,46140000,13952868.1,EQNL
2011-08-19,0.29721,0.30785,0.291,0.30488,36770000,10950140.8,EQNL
2011-08-22,0.30137,0.30777,0.29,0.30416,12070000,3648309.0,EQNL
2011-08-23,0.30422,0.30997,0.2967,0.30556,18180000,5579502.5,EQNL
2011-08-24,0.30999,0.31,0.3032,0.30431,7830000,2400564.6,EQNL
2011-08-25,0.30949,0.30949,0.30335,0.30335,6670000,2044035.6,EQNL
2011-08-26,0.30933,0.32397,0.305,0.31397,57910000,18171802.3,EQNL
2011-08-29,0.32495,0.382,0.32495,0.343,313220000,110798888.2,EQNL
2011-08-30,0.3439,0.3439,0.33202,0.34,63140000,21221545.3,EQNL
2011-08-31,0.3495,0.3495,0.335,0.34,69190000,23597033.8,EQNL
2011-09-01,0.34249,0.34249,0.335,0.3395,9020000,3057232.0,EQNL
2011-09-02,0.33334,0.3395,0.33083,0.33598,15310000,5129253.6,EQNL
2011-09-05,0.334,0.33895,0.31899,0.33,23060000,7544590.2,EQNL
2011-09-06,0.32014,0.33776,0.32013,0.335,30930000,10266026.9,EQNL
2011-09-07,0.33875,0.34211,0.33749,0.34098,45720000,15564053.4,EQNL
2011-09-08,0.3415,0.344,0.33504,0.33935,12290000,4167991.9,EQNL
2011-09-09,0.34999,0.34999,0.33112,0.33112,12300000,4172010.7,EQNL
2011-09-12,0.32465,0.32998,0.31406,0.31761,38820000,12318580.4,EQNL
2011-09-13,0.32554,0.332,0.31111,0.32901,32950000,10755637.2,EQNL
2011-09-14,0.32298,0.33499,0.32002,0.3325,18020000,5941915.6,EQNL
2011-09-15,0.34,0.34,0.3167,0.33328,16190000,5398884.1,EQNL
2011-09-16,0.3337,0.33849,0.326,0.33001,12380000,4090884.1,EQNL
2011-09-19,0.33703,0.33703,0.325,0.33087,19550000,6405968.2,EQNL
2011-09-20,0.33742,0.33742,0.32138,0.337,26400000,8803784.4,EQNL
2011-09-21,0.33749,0.3447,0.333,0.3444,17820000,6065828.2,EQNL
2011-09-22,0.32517,0.34477,0.31114,0.32997,159820000,53293407.3,EQNL
2011-09-23,0.33099,0.3349,0.29502,0.31,59240000,18083506.4,EQNL
2011-09-26,0.3,0.30994,0.2925,0.30001,12910000,3888670.0,EQNL
2011-09-27,0.30064,0.31988,0.30064,0.30993,18690000,5745075.6,EQNL
2011-09-28,0.3029,0.3292,0.30221,0.308,133540000,41793465.6,EQNL
2011-09-29,0.305,0.31589,0.305,0.3101,60630000,19007740.7,EQNL
2011-09-30,0.30927,0.318,0.3001,0.30695,12280000,3750205.0,EQNL
2011-10-03,0.30012,0.3046,0.29302,0.3,19710000,5863130.3,EQNL
2011-10-04,0.31006,0.315,0.288,0.29264,151170000,45189084.5,EQNL
2011-10-05,0.30063,0.30063,0.287,0.2905,25640000,7483465.1,EQNL
2011-10-06,0.29382,0.30699,0.29051,0.3059,15420000,4676772.0,EQNL
2011-10-07,0.29741,0.30981,0.29617,0.305,28440000,8747065.7,EQNL
2011-10-10,0.29701,0.3105,0.29701,0.3105,30090000,9216710.9,EQNL
2011-10-11,0.30923,0.31469,0.30001,0.3077,29690000,9122037.0,EQNL
2011-10-12,0.31042,0.335,0.31,0.335,70860000,23188032.6,EQNL
2011-10-13,0.335,0.335,0.32001,0.32672,5590000,1852167.3,EQNL
2011-10-14,0.32,0.33749,0.315,0.3333,40910000,13609887.5,EQNL
2011-10-17,0.335,0.335,0.31405,0.31405,1210000,388790.6,EQNL
2011-10-18,0.32994,0.32994,0.30709,0.32398,1790000,571626.0,EQNL
2011-10-19,0.3237,0.324,0.30802,0.31023,12610000,3923066.6,EQNL
2011-10-20,0.308,0.333,0.30273,0.31211,10360000,3297601.3,EQNL
2011-10-21,0.31001,0.32815,0.305,0.30995,1000000,309607.2,EQNL
2011-10-24,0.31032,0.3477,0.31032,0.32998,119450000,40748340.5,EQNL
2011-10-25,0.33769,0.33769,0.32,0.32,6560000,2132478.2,EQNL
2011-10-26,0.31951,0.342,0.31803,0.342,24970000,8319657.3,EQNL
2011-10-27,0.34585,0.34585,0.329,0.33126,13060000,4373288.1,EQNL
2011-10-28,0.33269,0.3349,0.3181,0.32351,11470000,3690038.3,EQNL
2011-10-31,0.32677,0.32677,0.312,0.32002,4590000,1445605.5,EQNL
2011-11-01,0.31804,0.31804,0.30053,0.3127,7530000,2315289.3,EQNL
2011-11-02,0.32017,0.32217,0.30616,0.32217,4830000,1540818.8,EQNL
2011-11-03,0.31366,0.31999,0.313,0.318,4030000,1272876.2,EQNL
2011-11-07,0.32086,0.32086,0.31404,0.319,5210000,1642898.9,EQNL
2011-11-08,0.32,0.32377,0.32,0.32,2120000,678856.9,EQNL
2011-11-09,0.32248,0.3225,0.316,0.316,5580000,1769857.5,EQNL
2011-11-10,0.315,0.32,0.30752,0.31998,4990000,1554295.8,EQNL
2011-11-11,0.30653,0.32391,0.30653,0.31105,1550000,488519.7,EQNL
2011-11-14,0.31025,0.32,0.31022,0.32,4400000,1392518.3,EQNL
2011-11-15,0.322,0.324,0.317,0.32,3890000,1243691.6,EQNL
2011-11-16,0.318,0.324,0.318,0.32,2260000,724419.7,EQNL
2011-11-17,0.30704,0.32199,0.30704,0.31859,2020000,643553.8,EQNL
2011-11-18,0.30833,0.3217,0.30833,0.32001,2170000,695177.6,EQNL
2011-11-21,0.31578,0.32,0.31311,0.315,11000000,3465337.9,EQNL
2011-11-22,0.31096,0.31975,0.3106,0.315,6190000,1952075.6,EQNL
2011-11-23,0.30702,0.32,0.30702,0.315,8830000,2753919.4,EQNL
2011-11-24,0.3151,0.32099,0.315,0.31503,5750000,1822865.0,EQNL
2011-11-25,0.31521,0.31521,0.315,0.315,3160000,995410.8,EQNL
2011-11-28,0.31685,0.322,0.31111,0.31999,11530000,3636031.3,EQNL
2011-11-29,0.32099,0.32099,0.315,0.315,18110000,5705298.4,EQNL
2011-11-30,0.31501,0.3281,0.315,0.325,3210000,1024582.5,EQNL
2011-12-01,0.31516,0.325,0.315,0.32001,20280000,6476286.3,EQNL
2011-12-02,0.31535,0.3244,0.31488,0.32101,13890000,4441349.1,EQNL
2011-12-05,0.328,0.329,0.3225,0.3261,1940000,629396.4,EQNL
2011-12-06,0.32291,0.325,0.3225,0.325,4580000,1483669.2,EQNL
2011-12-07,0.3275,0.33,0.31967,0.33,7240000,2374389.0,EQNL
2011-12-08,0.33529,0.34,0.33003,0.34,3740000,1258537.5,EQNL
2011-12-09,0.327,0.33032,0.30708,0.31586,3110000,994759.5,EQNL
2011-12-12,0.3199,0.3199,0.30001,0.30001,4640000,1425041.5,EQNL
2011-12-13,0.30499,0.30799,0.298,0.30788,2840000,852296.4,EQNL
2011-12-14,0.30196,0.33,0.30196,0.31504,7690000,2415510.4,EQNL
2011-12-15,0.315,0.315,0.31003,0.31003,880000,275343.7,EQNL
2011-12-16,0.31969,0.31999,0.31,0.31,9530000,3032377.5,EQNL
2011-12-19,0.30508,0.31288,0.30508,0.31,1630000,505196.1,EQNL
2011-12-20,0.31,0.31004,0.31,0.31001,14180000,4395802.6,EQNL
2011-12-21,0.31201,0.31261,0.31,0.31,4370000,1354863.9,EQNL
2011-12-22,0.30688,0.308,0.3017,0.30219,690000,210155.5,EQNL
2011-12-23,0.30222,0.324,0.30222,0.31396,36060000,11319214.6,EQNL
2011-12-26,0.31001,0.31001,0.31,0.31,1710000,530101.5,EQNL
2011-12-27,0.315,0.3177,0.31031,0.31555,16280000,5132758.1,EQNL
2011-12-28,0.315,0.31606,0.30401,0.31,5970000,1854640.1,EQNL
2011-12-29,0.31035,0.31383,0.30111,0.30114,11130000,3447027.3,EQNL
2011-12-30,0.30497,0.30497,0.29801,0.3,3160000,949766.8,EQNL
2012-01-03,0.29603,0.30996,0.29603,0.30316,1240000,372692.9,EQNL
2012-01-04,0.303,0.30301,0.3,0.3,380000,114107.0,EQNL
2012-01-05,0.29013,0.295,0.29013,0.295,11600,3374.3,SMAL
2012-01-06,0.29802,0.29979,0.297,0.2995,940000,279686.6,EQNL
2012-01-09,0.29858,0.30576,0.29858,0.30576,630000,189997.4,EQNL
2012-01-10,0.299,0.3044,0.299,0.3,3260000,978535.3,EQNL
2012-01-11,0.295,0.2989,0.28795,0.29277,3420000,1003374.4,EQNL
2012-01-12,0.28871,0.29829,0.2779,0.28799,6290000,1797241.8,EQNL
2012-01-13,0.28754,0.295,0.28502,0.28502,9670000,2813611.1,EQNL
2012-01-16,0.27508,0.288,0.27224,0.27981,2020000,568061.0,EQNL
2012-01-17,0.2755,0.29987,0.2755,0.29048,8220000,2404485.5,EQNL
2012-01-18,0.29102,0.29102,0.29,0.29,1520000,442298.7,EQNL
2012-01-19,0.29,0.298,0.28013,0.298,2010000,592656.6,EQNL
2012-01-20,0.29948,0.29948,0.28401,0.29,4620000,1342117.0,EQNL
2012-01-23,0.29,0.29499,0.29,0.29334,510000,149094.6,EQNL
2012-01-24,0.29522,0.315,0.29522,0.30339,5830000,1780399.5,EQNL
2012-01-25,0.30499,0.3301,0.30499,0.3301,24530000,7774948.2,EQNL
2012-01-26,0.321,0.33899,0.31351,0.325,4420000,1449232.7,EQNL
2012-01-27,0.31163,0.32989,0.31163,0.32,570000,182018.7,EQNL
2012-01-30,0.31313,0.3279,0.306,0.311,4110000,1295207.3,EQNL
2012-01-31,0.31502,0.32999,0.31501,0.32,6570000,2121968.1,EQNL
2012-02-01,0.32,0.3255,0.319,0.32019,2950000,948040.8,EQNL
2012-02-02,0.32423,0.32423,0.31999,0.32,8620000,2758443.9,EQNL
2012-02-03,0.32001,0.32398,0.32001,0.32001,2470000,794222.5,EQNL
2012-02-06,0.32003,0.3225,0.31112,0.32,3430000,1097699.4,EQNL
2012-02-07,0.329,0.33,0.32,0.32001,10090000,3230038.3,EQNL
2012-02-08,0.32467,0.35,0.32162,0.35,49350000,16862683.8,EQNL
2012-02-09,0.34866,0.34866,0.33719,0.34,19840000,6750571.8,EQNL
2012-02-10,0.34588,0.365,0.33345,0.365,30460000,10769194.8,EQNL
2012-02-13,0.365,0.365,0.35232,0.35551,5140000,1836466.7,EQNL
2012-02-14,0.35137,0.365,0.34458,0.3479,2680000,967806.8,EQNL
2012-02-15,0.34254,0.3599,0.34,0.345,7270000,2508559.5,EQNL
2012-02-16,0.35877,0.37114,0.34,0.37114,83320000,30327535.4,EQNL
2012-02-17,0.37105,0.37105,0.35896,0.37093,7770000,2865934.9,EQNL
2012-02-20,0.36524,0.37,0.35879,0.365,330000,121020.4,EQNL
2012-02-21,0.36878,0.37499,0.36043,0.36676,4740000,1757611.5,EQNL
2012-02-22,0.36999,0.37,0.3542,0.356,1660000,605715.5,EQNL
2012-02-24,0.361,0.39,0.35758,0.38,56220000,21079375.6,EQNL
2012-02-27,0.3712,0.37878,0.37,0.37,2640000,982320.6,EQNL
2012-02-28,0.36536,0.3732,0.36536,0.37,5870000,2172223.1,EQNL
2012-02-29,0.37,0.378,0.37,0.3725,12690000,4741931.7,EQNL
2012-03-01,0.3699,0.37948,0.365,0.37,2170000,801306.3,EQNL
2012-03-02,0.36501,0.385,0.36011,0.38,10220000,3852070.3,EQNL
2012-03-05,0.3038,0.374,0.3038,0.3725,5040000,1802800.5,EQNL
2012-03-06,0.375,0.375,0.35759,0.3629,1780000,648411.0,EQNL
2012-03-07,0.35467,0.36749,0.35435,0.36749,780000,281380.5,EQNL
2012-03-11,0.35605,0.36248,0.35605,0.35825,200000,71812.1,EQNL
2012-03-12,0.35509,0.36,0.35462,0.36,3440000,1237550.4,EQNL
2012-03-13,0.35899,0.36835,0.3575,0.36168,30410000,10946634.2,EQNL
2012-03-14,0.36,0.3675,0.35997,0.361,44710000,16099757.1,EQNL
2012-03-15,0.3561,0.36002,0.3548,0.36,280850000,101105135.2,EQNL
2012-03-16,0.35833,0.35833,0.35421,0.3575,2400000,857406.4,EQNL
2012-03-19,0.3575,0.358,0.356,0.358,14670000,5243259.8,EQNL
2012-03-20,0.358,0.358,0.33381,0.35,11020000,3883265.1,EQNL
2012-03-21,0.34324,0.356,0.33999,0.35599,10880000,3784504.7,EQNL
2012-03-22,0.35,0.35105,0.35,0.35,3880000,1358079.6,EQNL
2012-03-23,0.34963,0.35222,0.34963,0.35222,1670000,584608.8,EQNL
2012-03-26,0.35001,0.351,0.34999,0.351,2110000,738600.8,EQNL
2012-03-27,0.34567,0.38,0.33528,0.35,21390000,7510833.2,EQNL
2012-03-28,0.351,0.35597,0.34567,0.34567,4230000,1481174.6,EQNL
2012-03-29,0.34016,0.34101,0.33999,0.34,12540000,4263709.9,EQNL
2012-03-30,0.34301,0.35,0.34002,0.3458,4910000,1713263.7,EQNL
2012-04-02,0.34328,0.356,0.34094,0.356,2900000,1017672.9,EQNL
2012-04-03,0.34568,0.3525,0.3424,0.34504,1920000,669187.8,EQNL
2012-04-04,0.34694,0.35,0.33999,0.34,7520000,2569674.7,EQNL
2012-04-05,0.34023,0.34023,0.33041,0.34001,2970000,1007450.7,EQNL
2012-04-06,0.33123,0.34004,0.33123,0.34,3430000,1165688.0,EQNL
2012-04-09,0.33546,0.33546,0.3303,0.33334,770000,256546.8,EQNL
2012-04-10,0.33,0.33656,0.32001,0.32251,2190000,714314.7,EQNL
2012-04-11,0.31906,0.321,0.315,0.315,2200000,695531.9,EQNL
2012-04-12,0.33028,0.33028,0.315,0.315,1200000,378183.1,EQNL
2012-04-13,0.315,0.31798,0.315,0.31502,430000,135695.1,EQNL
2012-04-16,0.31502,0.31503,0.31501,0.31501,80000,25201.6,EQNL
2012-04-17,0.315,0.3155,0.3111,0.31499,5480000,1726171.5,EQNL
2012-04-18,0.31506,0.31518,0.30553,0.30964,11690000,3676481.5,EQNL
2012-04-19,0.30998,0.31,0.30499,0.305,4630000,1412855.2,EQNL
2012-04-20,0.30488,0.30799,0.30488,0.3079,4430000,1351608.1,EQNL
2012-04-23,0.31999,0.33,0.305,0.305,1070000,330358.7,EQNL
2012-04-24,0.30536,0.30574,0.3,0.30574,510000,154689.4,EQNL
2012-04-25,0.30676,0.30676,0.30356,0.30356,270000,82234.0,EQNL
2012-04-26,0.30438,0.30697,0.30438,0.305,1660000,506259.4,EQNL
2012-04-27,0.3012,0.305,0.2949,0.305,1280000,387499.8,EQNL
2012-04-28,0.30502,0.3287,0.30502,0.3287,720000,224755.3,EQNL
2012-05-02,0.32,0.375,0.30376,0.31021,7200000,2431931.9,EQNL
2012-05-03,0.31005,0.3146,0.31005,0.31005,200000,62182.4,EQNL
2012-05-04,0.31005,0.31005,0.28508,0.28878,13660000,3991710.3,EQNL
2012-05-05,0.28513,0.28718,0.285,0.285,6100000,1738751.1,EQNL
2012-05-07,0.28888,0.28986,0.281,0.28101,4930000,1390740.4,EQNL
2012-05-08,0.287,0.28878,0.287,0.28878,600000,172217.8,EQNL
2012-05-10,0.28012,0.3,0.265,0.265,4620000,1325073.5,EQNL
2012-05-11,0.28998,0.33333,0.27725,0.27801,2740000,815835.5,EQNL
2012-05-12,0.27801,0.27801,0.27525,0.27551,580000,160414.2,EQNL
2012-05-14,0.27004,0.27623,0.26205,0.26205,8750000,2363279.5,EQNL
2012-05-15,0.26,0.26,0.225,0.24995,6830000,1666770.6,EQNL
2012-05-16,0.24988,0.27,0.24514,0.25702,2670000,677331.4,EQNL
2012-05-17,0.25489,0.26289,0.23622,0.23622,2170000,549543.6,EQNL
2012-05-18,0.235,0.26289,0.2244,0.25497,4820000,1182874.4,EQNL
2012-05-21,0.24006,0.25703,0.24001,0.25098,1530000,384160.4,EQNL
2012-05-22,0.26,0.26,0.23302,0.2415,1480000,360121.5,EQNL
2012-05-23,0.24002,0.24002,0.22551,0.22552,2000000,460020.5,EQNL
2012-05-24,0.2226,0.22633,0.218,0.22633,5430000,1192560.2,EQNL
2012-05-25,0.21712,0.22761,0.21711,0.22761,380000,84262.6,EQNL
2012-05-28,0.21726,0.227,0.21726,0.22518,310000,69938.1,EQNL
2012-05-29,0.22202,0.2291,0.22202,0.2291,410000,92022.0,EQNL
2012-05-30,0.2233,0.22699,0.22,0.22102,3200000,709412.4,EQNL
2012-05-31,0.22651,0.22654,0.21801,0.21801,430000,96928.9,EQNL
2012-06-01,0.21701,0.21701,0.2,0.20003,3440000,696219.0,EQNL
2012-06-04,0.19999,0.2597,0.191,0.22614,6990000,1603400.4,EQNL
2012-06-05,0.22011,0.24954,0.211,0.23001,4130000,918915.8,EQNL
2012-06-06,0.2327,0.2455,0.22112,0.2447,3050000,720822.9,EQNL
2012-06-07,0.237,0.24466,0.22553,0.24268,1390000,326391.9,EQNL
2012-06-08,0.22449,0.24449,0.22449,0.241,570000,136582.8,EQNL
2012-06-09,0.23507,0.24719,0.23507,0.24,380000,92187.2,EQNL
2012-06-13,0.242,0.242,0.239,0.239,940000,226697.6,EQNL
2012-06-14,0.24865,0.24865,0.2283,0.23456,2060000,476129.9,EQNL
2012-06-15,0.23976,0.24191,0.232,0.232,4270000,1017418.9,EQNL
2012-06-18,0.25171,0.25236,0.23659,0.2468,620000,152307.9,EQNL
2012-06-19,0.24494,0.24519,0.235,0.24031,5880000,1426767.7,EQNL
2012-06-20,0.23301,0.23616,0.225,0.225,2260000,513288.7,EQNL
2012-06-21,0.2244,0.232,0.2109,0.22012,2360000,530910.2,EQNL
2012-06-22,0.22399,0.22999,0.22399,0.22991,210000,47988.9,EQNL
2012-06-25,0.22994,0.23386,0.2171,0.2171,870000,193350.5,EQNL
2012-06-26,0.22845,0.22846,0.21696,0.22444,230000,51578.6,EQNL
2012-06-27,0.2122,0.225,0.2122,0.22,2120000,460719.2,EQNL
2012-06-28,0.21951,0.22118,0.2095,0.2095,2980000,628798.1,EQNL
2012-06-29,0.217,0.23,0.2134,0.22999,4490000,995783.3,EQNL
2012-07-02,0.21607,0.2287,0.21607,0.2287,2450000,542732.7,EQNL
2012-07-03,0.22335,0.2289,0.22335,0.2235,1590000,358607.0,EQNL
2012-07-04,0.22334,0.225,0.2229,0.225,540000,121119.0,EQNL
2012-07-05,0.225,0.23,0.223,0.22387,3430000,772846.2,EQNL
2012-07-06,0.22224,0.22444,0.2171,0.21827,1160000,255501.4,EQNL
2012-07-09,0.21921,0.21921,0.20077,0.2011,113720000,22924657.0,EQNL
2012-07-10,0.2015,0.20511,0.2005,0.20185,20690000,4177473.3,EQNL
2012-07-11,0.20255,0.20295,0.199,0.20095,151450000,30194813.8,EQNL
2012-07-12,0.19905,0.201,0.198,0.19991,4880000,972369.7,EQNL
2012-07-13,0.2,0.20269,0.19692,0.2025,6190000,1241750.4,EQNL
2012-07-16,0.20018,0.20886,0.19901,0.19969,19270000,3876529.1,EQNL
2012-07-17,0.19983,0.20088,0.1955,0.199,36630000,7288535.5,EQNL
2012-07-18,0.19404,0.2025,0.19404,0.2023,12880000,2591835.8,EQNL
2012-07-19,0.2023,0.20412,0.201,0.20101,13070000,2630603.2,EQNL
2012-07-20,0.20296,0.21999,0.2007,0.2015,133530000,27554608.2,EQNL
2012-07-23,0.2015,0.20347,0.19015,0.1965,70020000,13754356.1,EQNL
2012-07-24,0.19999,0.19999,0.193,0.19799,5720000,1119368.3,EQNL
2012-07-25,0.196,0.2078,0.19501,0.1962,20470000,4111947.3,EQNL
2012-07-26,0.19621,0.19774,0.196,0.197,9360000,1834932.5,EQNL
2012-07-27,0.19716,0.198,0.19501,0.197,3230000,633699.3,EQNL
2012-07-30,0.19515,0.19901,0.195,0.198,740000,146008.9,EQNL
2012-07-31,0.1952,0.2,0.195,0.198,1950000,387452.5,EQNL
2012-08-01,0.2,0.20379,0.19902,0.202,3860000,779953.7,EQNL
2012-08-02,0.20298,0.2145,0.20279,0.204,7760000,1606940.3,EQNL
2012-08-03,0.20396,0.204,0.201,0.204,2520000,508255.5,EQNL
2012-08-06,0.20302,0.20785,0.203,0.20501,1920000,396342.1,EQNL
2012-08-07,0.20402,0.20615,0.2035,0.206,2100000,430051.8,EQNL
2012-08-08,0.20314,0.212,0.2002,0.20975,3750000,773982.7,EQNL
2012-08-09,0.21388,0.21705,0.20454,0.215,60820000,12998122.3,EQNL
2012-08-10,0.21706,0.21987,0.21,0.213,5020000,1069999.3,EQNL
2012-08-13,0.215,0.215,0.20224,0.213,5570000,1185779.6,EQNL
2012-08-14,0.21017,0.21399,0.21,0.212,1870000,394764.9,EQNL
2012-08-15,0.217,0.217,0.20564,0.21439,4050000,865448.3,EQNL
2012-08-16,0.21449,0.21449,0.213,0.21449,1500000,320431.6,EQNL
2012-08-17,0.21449,0.2164,0.212,0.21432,1190000,254935.5,EQNL
2012-08-20,0.21639,0.2165,0.21435,0.21435,12070000,2595519.0,EQNL
2012-08-21,0.21506,0.22345,0.21506,0.2193,5450000,1200988.9,EQNL
2012-08-22,0.21999,0.21999,0.21617,0.21762,580000,126167.8,EQNL
2012-08-23,0.21999,0.223,0.219,0.223,5680000,1254035.4,EQNL
2012-08-24,0.21605,0.22142,0.215,0.218,1550000,336360.9,EQNL
2012-08-27,0.2184,0.21989,0.217,0.21701,1060000,231613.1,EQNL
2012-08-28,0.2161,0.21801,0.215,0.216,3480000,752587.9,EQNL
2012-08-29,0.215,0.22,0.215,0.21702,5490000,1198780.7,EQNL
2012-08-30,0.21505,0.2177,0.215,0.21504,3540000,763012.2,EQNL
2012-08-31,0.215,0.22,0.215,0.215,11720000,2550824.8,EQNL
2012-09-03,0.218,0.218,0.21605,0.217,2110000,459653.7,EQNL
2012-09-04,0.21699,0.21699,0.2143,0.21697,1510000,325949.1,EQNL
2012-09-05,0.21352,0.2165,0.2135,0.216,8410000,1816461.3,EQNL
2012-09-06,0.21601,0.226,0.21601,0.225,11690000,2598570.3,EQNL
2012-09-07,0.225,0.2268,0.22453,0.22455,990000,223126.8,EQNL
2012-09-10,0.22454,0.2275,0.21932,0.22348,930000,208240.9,EQNL
2012-09-11,0.22346,0.23006,0.22346,0.23,3510000,794529.6,EQNL
2012-09-12,0.23249,0.245,0.23249,0.24001,15980000,3830302.7,EQNL
2012-09-13,0.24008,0.24875,0.23658,0.245,8990000,2186004.5,EQNL
2012-09-14,0.24797,0.25719,0.23046,0.257,43240000,10941041.7,EQNL
2012-09-17,0.2599,0.2599,0.25,0.25,4680000,1185452.6,EQNL
2012-09-18,0.25,0.25463,0.25,0.25006,2830000,708574.5,EQNL
2012-09-19,0.24228,0.25397,0.24228,0.25292,6050000,1500313.0,EQNL
2012-09-20,0.25139,0.253,0.24998,0.25,2520000,630141.3,EQNL
2012-09-21,0.254,0.2605,0.24999,0.25997,5320000,1367606.1,EQNL
2012-09-24,0.25999,0.25999,0.24509,0.256,14080000,3525260.2,EQNL
2012-09-25,0.256,0.26,0.245,0.25001,14350000,3622498.2,EQNL
2012-09-26,0.24513,0.25267,0.23135,0.243,6420000,1567156.3,EQNL
2012-09-27,0.24679,0.2468,0.24,0.24,6710000,1617823.7,EQNL
2012-09-28,0.23981,0.243,0.23133,0.243,6360000,1542018.0,EQNL
2012-10-01,0.24477,0.2557,0.24477,0.25069,1630000,405656.0,EQNL
2012-10-02,0.25023,0.25297,0.24862,0.25199,190000,47754.0,EQNL
2012-10-03,0.24869,0.251,0.24866,0.24998,370000,92450.4,EQNL
2012-10-04,0.24511,0.2599,0.24,0.25132,5220000,1302368.1,EQNL
2012-10-05,0.25496,0.255,0.25099,0.25099,430000,109196.6,EQNL
2012-10-08,0.25647,0.25647,0.24522,0.2497,990000,247231.0,EQNL
2012-10-09,0.24708,0.24708,0.245,0.245,1290000,317338.4,EQNL
2012-10-10,0.24497,0.24497,0.24029,0.243,700000,169939.2,EQNL
2012-10-11,0.2313,0.2513,0.21611,0.243,790000,185849.6,EQNL
2012-10-12,0.242,0.24441,0.2351,0.23979,360000,87026.5,EQNL
2012-10-15,0.23522,0.24295,0.23502,0.23567,190000,44998.2,EQNL
2012-10-16,0.23572,0.24034,0.235,0.235,1470000,347247.7,EQNL
2012-10-17,0.24084,0.24094,0.23261,0.23937,410000,97960.9,EQNL
2012-10-18,0.23624,0.24573,0.236,0.23922,660000,158581.5,EQNL
2012-10-19,0.23622,0.2399,0.2362,0.2362,300000,71521.8,EQNL
2012-10-22,0.23501,0.23501,0.235,0.23501,240000,56401.0,EQNL
2012-10-23,0.24272,0.24275,0.2325,0.239,4030000,950798.6,EQNL
2012-10-24,0.23301,0.243,0.23,0.242,6500000,1539858.5,EQNL
2012-10-25,0.24,0.247,0.239,0.24573,6750000,1661122.9,EQNL
2012-10-26,0.24574,0.24574,0.2403,0.245,6100000,1491995.1,EQNL
2012-10-29,0.24039,0.24997,0.2355,0.24039,2740000,667575.4,EQNL
2012-10-30,0.24785,0.24785,0.23471,0.23799,220000,52811.4,EQNL
2012-10-31,0.23471,0.24197,0.23016,0.24005,1280000,303621.9,EQNL
2012-11-01,0.24198,0.24499,0.23265,0.23851,1630000,391135.7,EQNL
2012-11-02,0.23999,0.244,0.239,0.24157,2960000,710687.3,EQNL
2012-11-06,0.24361,0.24865,0.24125,0.24557,2360000,576232.2,EQNL
2012-11-07,0.245,0.24999,0.245,0.245,2430000,600656.4,EQNL
2012-11-08,0.24499,0.2469,0.24172,0.246,1860000,456399.8,EQNL
2012-11-09,0.246,0.24699,0.24253,0.246,1180000,290043.2,EQNL
2012-11-12,0.24171,0.2473,0.24171,0.2473,3440000,849486.3,EQNL
2012-11-13,0.245,0.247,0.24183,0.24186,1210000,293684.9,EQNL
2012-11-14,0.24178,0.2473,0.24175,0.2473,23900000,5901260.9,EQNL
2012-11-15,0.2425,0.24848,0.24175,0.24799,930000,229713.9,EQNL
2012-11-16,0.2445,0.2475,0.24008,0.244,1210000,295700.8,EQNL
2012-11-19,0.24203,0.24205,0.24007,0.242,730000,176647.4,EQNL
2012-11-20,0.23301,0.24,0.23301,0.24,2120000,502866.7,EQNL
2012-11-21,0.24004,0.24886,0.24004,0.24167,1820000,446521.4,EQNL
2012-11-22,0.2637,0.2637,0.245,0.245,2220000,548348.0,EQNL
2012-11-23,0.24614,0.2532,0.24401,0.2532,1550000,379916.4,EQNL
2012-11-26,0.25448,0.25598,0.24416,0.24476,890000,224753.6,EQNL
2012-11-27,0.24508,0.247,0.24409,0.247,6640000,1622046.9,EQNL
2012-11-28,0.24006,0.2475,0.24006,0.2475,7960000,1969021.6,EQNL
2012-11-29,0.24006,0.2465,0.23649,0.2465,9860000,2346225.5,EQNL
2012-11-30,0.24051,0.245,0.235,0.23801,1070000,255972.4,EQNL
2012-12-03,0.24,0.24487,0.23799,0.241,1480000,360818.7,EQNL
2012-12-04,0.24001,0.24214,0.24001,0.2405,1080000,259482.2,EQNL
2012-12-05,0.2405,0.24489,0.2405,0.24083,180000,43536.4,EQNL
2012-12-06,0.24005,0.24011,0.24,0.24,1020000,244823.4,EQNL
2012-12-07,0.24,0.24948,0.23999,0.24816,1530000,371952.6,EQNL
2012-12-10,0.24914,0.25473,0.24345,0.25445,1190000,299510.8,EQNL
2012-12-11,0.26074,0.26074,0.24102,0.246,15380000,3793027.8,EQNL
2012-12-12,0.24604,0.25,0.24011,0.245,940000,231221.2,EQNL
2012-12-13,0.24404,0.24426,0.24,0.242,1620000,390358.0,EQNL
2012-12-14,0.241,0.2442,0.23997,0.2442,1980000,478575.5,EQNL
2012-12-17,0.24071,0.24159,0.2406,0.241,3250000,782641.0,EQNL
2012-12-18,0.2395,0.23973,0.238,0.23966,1500000,358602.3,EQNL
2012-12-19,0.244,0.244,0.23776,0.24,1910000,458034.6,EQNL
2012-12-20,0.24,0.24078,0.23001,0.2305,6550000,1535675.3,EQNL
2012-12-21,0.2305,0.23067,0.22208,0.224,3180000,724075.5,EQNL
2012-12-24,0.22303,0.22772,0.217,0.21992,6260000,1390624.5,EQNL
2012-12-25,0.227,0.22982,0.21338,0.21356,3360000,730165.5,EQNL
2012-12-26,0.24547,0.24547,0.211,0.21101,41680000,8914305.0,EQNL
2012-12-27,0.21145,0.21552,0.21007,0.21007,2230000,476787.9,EQNL
2012-12-28,0.23256,0.23256,0.206,0.218,29740000,6357958.9,EQNL
2013-01-08,0.21331,0.22548,0.2115,0.216,1380000,298367.3,EQNL
2013-01-09,0.2142,0.216,0.1947,0.21423,4110000,882214.0,EQNL
2013-01-10,0.21426,0.22,0.21407,0.2159,1860000,407490.5,EQNL
2013-01-11,0.21451,0.21631,0.21,0.214,2310000,492478.5,EQNL
2013-01-14,0.21401,0.219,0.21401,0.21664,1100000,238833.7,EQNL
2013-01-15,0.21899,0.22,0.21643,0.21823,1810000,397349.1,EQNL
2013-01-16,0.21849,0.22,0.21502,0.22,11380000,2497528.7,EQNL
2013-01-17,0.22879,0.229,0.217,0.22199,8330000,1841833.5,EQNL
2013-01-18,0.22199,0.23398,0.22199,0.23,21640000,4943400.4,EQNL
2013-01-21,0.233,0.233,0.225,0.2285,5380000,1226371.6,EQNL
2013-01-22,0.23,0.23,0.222,0.22517,2200000,491098.1,EQNL
2013-01-23,0.22499,0.225,0.22205,0.2235,2490000,555807.6,EQNL
2013-01-24,0.225,0.22833,0.225,0.225,4810000,1082788.2,EQNL
2013-01-25,0.22792,0.2336,0.226,0.2336,6220000,1423996.6,EQNL
2013-01-28,0.23949,0.2415,0.2305,0.2413,2480000,589843.1,EQNL
2013-01-29,0.2472,0.27,0.237,0.25141,123350000,31341632.8,EQNL
2013-01-30,0.25166,0.25967,0.2511,0.259,58850000,15045052.9,EQNL
2013-01-31,0.25902,0.25902,0.25,0.25251,7560000,1917347.2,EQNL
2013-02-01,0.25051,0.25899,0.25051,0.253,9920000,2514504.6,EQNL
2013-02-04,0.253,0.253,0.24901,0.24901,22480000,5632637.1,EQNL
2013-02-05,0.24898,0.251,0.24501,0.2475,5260000,1306699.1,EQNL
2013-02-06,0.2512,0.2512,0.24501,0.24502,1850000,455781.1,EQNL
2013-02-07,0.24402,0.24496,0.243,0.24496,1480000,360855.2,EQNL
2013-02-08,0.24206,0.24206,0.23701,0.23801,1720000,413151.7,EQNL
2013-02-11,0.25899,0.25899,0.22302,0.23661,2680000,624544.7,EQNL
2013-02-12,0.23009,0.23763,0.23009,0.235,5400000,1269136.6,EQNL
2013-02-13,0.22503,0.23999,0.22503,0.239,3040000,712455.6,EQNL
2013-02-14,0.238,0.245,0.23504,0.23504,2520000,603635.9,EQNL
2013-02-15,0.243,0.2439,0.235,0.235,1370000,325524.8,EQNL
2013-02-18,0.24399,0.24399,0.231,0.23103,1710000,403312.8,EQNL
2013-02-19,0.23999,0.23999,0.23,0.236,3070000,722444.7,EQNL
2013-02-20,0.233,0.237,0.23002,0.23598,1390000,325663.1,EQNL
2013-02-21,0.22354,0.24294,0.22354,0.23051,5480000,1282601.9,EQNL
2013-02-22,0.24906,0.24906,0.22929,0.23,290000,68047.9,EQNL
2013-02-25,0.23596,0.23596,0.22543,0.23005,1980000,457022.7,EQNL
2013-02-26,0.23999,0.23999,0.22478,0.22688,1900000,433859.9,EQNL
2013-02-27,0.22507,0.22994,0.22025,0.22817,3300000,742155.9,EQNL
2013-02-28,0.22547,0.23199,0.20055,0.215,20100000,4340130.4,EQNL
2013-03-01,0.21499,0.224,0.21,0.21131,3410000,731534.2,EQNL
2013-03-04,0.20614,0.209,0.20605,0.209,840000,174600.6,EQNL
2013-03-05,0.21,0.219,0.20803,0.21,2300000,487500.7,EQNL
2013-03-06,0.207,0.2199,0.207,0.21038,1780000,379730.9,EQNL
2013-03-07,0.21299,0.21499,0.21101,0.21299,870000,185559.0,EQNL
2013-03-11,0.21399,0.215,0.21205,0.21311,1830000,391612.4,EQNL
2013-03-12,0.21732,0.21732,0.21249,0.2125,410000,87206.2,EQNL
2013-03-13,0.21001,0.21001,0.20314,0.2094,1070000,223721.9,EQNL
2013-03-14,0.20204,0.217,0.20204,0.217,2810000,601207.6,EQNL
2013-03-15,0.21701,0.222,0.215,0.2171,6980000,1519838.3,EQNL
2013-03-18,0.21899,0.21899,0.20701,0.20701,350000,72748.5,EQNL
2013-03-19,0.215,0.215,0.19899,0.20648,3340000,677323.1,EQNL
2013-03-20,0.19683,0.20375,0.19682,0.2,10900000,2187563.3,EQNL
2013-03-21,0.20003,0.20263,0.19693,0.19693,1440000,286832.5,EQNL
2013-03-22,0.19691,0.208,0.19027,0.2,7560000,1482807.9,EQNL
2013-03-25,0.20299,0.20388,0.19627,0.2,600000,120535.8,EQNL
2013-03-26,0.19007,0.20169,0.19005,0.193,6550000,1287636.5,EQNL
2013-03-27,0.19004,0.19959,0.188,0.19959,7180000,1380803.3,EQNL
2013-03-28,0.19093,0.21555,0.19093,0.21,7460000,1542210.5,EQNL
2013-03-29,0.1984,0.21,0.198,0.20299,2740000,556812.0,EQNL
2013-04-01,0.198,0.19999,0.19669,0.19999,200000,39470.1,EQNL
2013-04-02,0.1905,0.19809,0.1905,0.19251,480000,92433.4,EQNL
2013-04-03,0.189,0.192,0.185,0.19199,3720000,705769.5,EQNL
2013-04-04,0.18503,0.19052,0.18502,0.19,2830000,533998.5,EQNL
2013-04-05,0.18999,0.19096,0.18999,0.19096,510000,97024.7,EQNL
2013-04-08,0.19199,0.19199,0.18803,0.19099,210000,39615.3,EQNL
2013-04-09,0.18519,0.18953,0.1803,0.18801,930000,171726.0,EQNL
2013-04-10,0.18899,0.18953,0.18635,0.18755,150000,28276.5,EQNL
2013-04-11,0.18033,0.18786,0.1782,0.1869,350000,63438.4,EQNL
2013-04-12,0.18938,0.18942,0.16,0.17289,18140000,3061521.6,EQNL
2013-04-15,0.15813,0.169,0.145,0.16272,22210000,3403473.8,EQNL
2013-04-16,0.15999,0.17,0.15999,0.17,20350000,3340587.4,EQNL
2013-04-17,0.16006,0.17101,0.15098,0.167,6030000,968633.5,EQNL
2013-04-18,0.15901,0.17,0.15211,0.16945,5210000,855446.7,EQNL
2013-04-19,0.15688,0.16687,0.15688,0.16687,260000,42137.3,EQNL
2013-04-22,0.165,0.1725,0.165,0.1722,1160000,195289.2,EQNL
2013-04-23,0.16279,0.178,0.1625,0.178,1620000,270558.4,EQNL
2013-04-24,0.17998,0.185,0.17998,0.181,2630000,473885.3,EQNL
2013-04-25,0.19499,0.19499,0.18223,0.18799,5390000,1013327.1,EQNL
2013-04-26,0.189,0.189,0.17551,0.18468,1610000,286949.7,EQNL
2013-04-29,0.18001,0.193,0.18001,0.19001,730000,136048.9,EQNL
2013-04-30,0.19195,0.193,0.19,0.19299,3260000,628941.1,EQNL
2013-05-02,0.195,0.20997,0.19467,0.20997,3450000,675374.3,EQNL
2013-05-03,0.206,0.20997,0.20598,0.20997,1050000,216418.8,EQNL
2013-05-06,0.2111,0.2155,0.205,0.20999,2500000,521244.3,EQNL
2013-05-07,0.20001,0.20943,0.19999,0.19999,630000,126097.5,EQNL
2013-05-08,0.2,0.20004,0.195,0.198,1720000,341680.9,EQNL
2013-05-10,0.19001,0.19976,0.19,0.19976,170000,32397.7,EQNL
2013-05-13,0.18307,0.192,0.18306,0.192,410000,76391.9,EQNL
2013-05-14,0.195,0.195,0.18499,0.195,8840000,1654580.4,EQNL
2013-05-15,0.195,0.20001,0.1871,0.19999,4300000,846406.6,EQNL
2013-05-16,0.19499,0.19499,0.183,0.19497,20680000,3910512.1,EQNL
2013-05-17,0.18701,0.199,0.18699,0.19866,4320000,817829.6,EQNL
2013-05-20,0.19701,0.203,0.19701,0.2015,2100000,424051.6,EQNL
2013-05-21,0.2,0.205,0.19197,0.195,2760000,549113.7,EQNL
2013-05-22,0.19703,0.2,0.19565,0.2,2040000,407090.9,EQNL
2013-05-23,0.19007,0.19008,0.19,0.19,240000,45610.4,EQNL
2013-05-24,0.18016,0.19,0.17755,0.1874,1800000,327658.6,EQNL
2013-05-27,0.185,0.199,0.1721,0.199,2040000,373427.2,EQNL
2013-05-28,0.18501,0.1903,0.185,0.189,240000,45540.1,EQNL
2013-05-29,0.18072,0.18072,0.18072,0.18072,170000,30722.4,EQNL
2013-05-30,0.185,0.185,0.18122,0.18181,540000,99760.6,EQNL
2013-05-31,0.17602,0.17602,0.17602,0.17602,10000,1760.2,EQNL
2013-06-03,0.17101,0.18,0.17101,0.17488,130000,22614.1,EQNL
2013-06-04,0.175,0.17593,0.167,0.17593,430000,74517.4,EQNL
2013-06-05,0.1682,0.17127,0.1682,0.17127,310000,52313.4,EQNL
2013-06-06,0.16751,0.16751,0.162,0.16321,170000,27722.0,EQNL
2013-06-07,0.16,0.16639,0.16,0.16251,2240000,363028.0,EQNL
2013-06-10,0.165,0.16539,0.165,0.165,440000,72650.2,EQNL
2013-06-11,0.16501,0.16602,0.16006,0.165,3810000,630490.8,EQNL
2013-06-13,0.165,0.165,0.165,0.165,600000,99000.0,EQNL
2013-06-14,0.16797,0.17317,0.167,0.17317,1330000,227452.4,EQNL
2013-06-17,0.175,0.17704,0.17174,0.17174,400000,70232.7,EQNL
2013-06-18,0.17501,0.1815,0.17,0.172,14000000,2492508.1,EQNL
2013-06-19,0.16,0.17499,0.16,0.17001,3010000,514393.8,EQNL
2013-06-20,0.17,0.17097,0.16945,0.16945,1480000,251138.4,EQNL
2013-06-21,0.15678,0.17294,0.15678,0.16986,3030000,511382.9,EQNL
2013-06-24,0.17001,0.17026,0.16501,0.17026,5560000,943214.1,EQNL
2013-06-25,0.172,0.17249,0.16536,0.17,100000,16905.8,EQNL
2013-06-26,0.17099,0.17099,0.17099,0.17099,10000,1709.9,EQNL
2013-06-27,0.165,0.171,0.16447,0.171,570000,96725.3,EQNL
2013-06-28,0.1725,0.17498,0.165,0.17,3450000,592582.8,EQNL
2013-07-01,0.172,0.173,0.172,0.173,90000,15559.4,EQNL
2013-07-02,0.17001,0.1735,0.17,0.17,1600000,272454.8,EQNL
2013-07-03,0.168,0.175,0.16502,0.175,21350000,3723889.4,EQNL
2013-07-04,0.17498,0.17997,0.17012,0.176,910000,159151.5,EQNL
2013-07-05,0.18126,0.18126,0.165,0.17,2140000,359876.7,EQNL
2013-07-08,0.17501,0.189,0.175,0.183,1270000,225227.2,EQNL
2013-07-09,0.18127,0.19,0.18005,0.18799,6100000,1141260.9,EQNL
2013-07-10,0.189,0.19299,0.18507,0.18507,9000000,1702332.9,EQNL
2013-07-11,0.19,0.19,0.18241,0.18778,1580000,293618.0,EQNL
2013-07-12,0.18201,0.18556,0.182,0.18201,260000,47500.8,EQNL
2013-07-15,0.172,0.18493,0.16827,0.1799,11020000,1971225.2,EQNL
2013-07-16,0.17688,0.18,0.17605,0.1763,1730000,307851.8,EQNL
2013-07-17,0.17184,0.18549,0.17183,0.18549,200000,36315.3,EQNL
2013-07-18,0.17251,0.18,0.1614,0.1764,780000,135573.5,EQNL
2013-07-19,0.1788,0.182,0.1788,0.182,190000,34398.9,EQNL
2013-07-22,0.18,0.18299,0.18,0.18196,370000,67320.4,EQNL
2013-07-23,0.18035,0.182,0.18,0.18,520000,93672.9,EQNL
2013-07-24,0.18001,0.1828,0.18001,0.1818,920000,166999.1,EQNL
2013-07-25,0.18199,0.18395,0.18013,0.18395,80000,14560.3,EQNL
2013-07-26,0.18,0.182,0.18,0.18015,360000,65023.9,EQNL
2013-07-29,0.18003,0.181,0.18,0.18002,110000,19811.0,EQNL
2013-07-30,0.18138,0.182,0.18138,0.182,15480000,2817322.8,EQNL
2013-07-31,0.182,0.187,0.182,0.18489,1320000,241594.8,EQNL
2013-08-01,0.185,0.185,0.18206,0.18206,40000,7312.0,EQNL
2013-08-02,0.183,0.183,0.18,0.182,1550000,281516.0,EQNL
2013-08-05,0.18201,0.18467,0.182,0.182,110000,20153.8,EQNL
2013-08-06,0.182,0.182,0.182,0.182,5180000,942760.0,EQNL
2013-08-07,0.18201,0.18201,0.182,0.182,740000,134680.1,EQNL
2013-08-08,0.184,0.185,0.18399,0.185,540000,99657.1,EQNL
2013-08-09,0.18,0.18,0.175,0.17575,1220,218.68,SMAL
2013-08-12,0.18501,0.18689,0.17202,0.18501,2550000,472130.6,EQNL
2013-08-13,0.18501,0.18979,0.1744,0.185,1320000,243616.3,EQNL
2013-08-14,0.18501,0.18501,0.17505,0.185,36920000,6492940.7,EQNL
2013-08-15,0.185,0.18599,0.185,0.18501,810000,150092.7,EQNL
2013-08-16,0.186,0.186,0.18017,0.186,4530000,842521.7,EQNL
2013-08-19,0.18605,0.192,0.18605,0.19004,380000,71719.2,EQNL
2013-08-20,0.186,0.19,0.186,0.19,4300000,815299.0,EQNL
2013-08-21,0.19002,0.19201,0.19001,0.19051,830000,158615.7,EQNL
2013-08-22,0.19199,0.1987,0.1917,0.196,3600000,702256.2,EQNL
2013-08-23,0.195,0.195,0.195,0.195,1000000,195000.0,EQNL
2013-08-26,0.195,0.19501,0.195,0.195,1500000,292500.1,EQNL
2013-08-27,0.20003,0.20003,0.195,0.195,6940000,1353495.0,EQNL
2013-08-28,0.195,0.19501,0.195,0.195,1530000,298350.1,EQNL
2013-08-29,0.20069,0.20069,0.195,0.195,3490000,680626.0,EQNL
2013-08-30,0.195,0.19695,0.195,0.195,1860000,362719.5,EQNL
2013-09-02,0.19999,0.19999,0.19999,0.19999,10000,1999.9,TQNL
2013-09-03,0.19502,0.19502,0.195,0.195,110000,21450.4,TQNL
2013-09-04,0.18896,0.2009,0.18896,0.1995,480000,94442.3,TQNL
2013-09-05,0.19332,0.19427,0.19332,0.19427,40000,7751.8,TQNL
2013-09-06,0.19147,0.19354,0.18,0.18428,220000,41499.8,TQNL
2013-09-09,0.19947,0.19947,0.18753,0.19001,1930000,369046.9,TQNL
2013-09-10,0.17662,0.19462,0.17662,0.18605,100000,18561.4,TQNL
2013-09-11,0.192,0.192,0.18501,0.18501,230000,44090.1,TQNL
2013-09-12,0.1733,0.18802,0.1733,0.1879,200000,37293.3,TQNL
2013-09-13,0.185,0.18503,0.18191,0.18255,19100000,3496695.1,TQNL
2013-09-16,0.17964,0.2097,0.17964,0.18505,1390000,276707.5,TQNL
2013-09-17,0.18041,0.18702,0.18041,0.18119,70000,12804.6,TQNL
2013-09-18,0.18041,0.185,0.17826,0.185,3060000,553847.9,TQNL
2013-09-19,0.183,0.19495,0.183,0.19015,1110000,209176.6,TQNL
2013-09-20,0.18513,0.18513,0.18513,0.18513,90000,16661.7,TQNL
2013-09-23,0.191,0.191,0.19001,0.19001,190000,36218.0,TQNL
2013-09-24,0.175,0.17501,0.175,0.17501,1900,332.5,SMAL
2013-09-25,0.18047,0.19099,0.18047,0.1852,120000,22755.7,TQNL
2013-09-26,0.18563,0.18899,0.18563,0.18899,120000,22351.8,TQNL
2013-09-27,0.17685,0.18874,0.17685,0.18874,130000,24326.9,TQNL
2013-09-30,0.18513,0.19,0.18513,0.19,600000,113512.9,TQNL
2013-10-01,0.19479,0.21,0.19479,0.208,4050000,833617.8,TQNL
2013-10-02,0.205,0.20969,0.19,0.2025,3260000,669074.7,TQNL
2013-10-03,0.19702,0.2,0.19701,0.2,130000,25910.4,TQNL
2013-10-04,0.20001,0.20198,0.2,0.20198,290000,58022.6,TQNL
2013-10-07,0.20001,0.20002,0.20001,0.20002,70000,14001.0,TQNL
2013-10-08,0.1999,0.2,0.1998,0.1998,2210000,441784.0,TQNL
2013-10-09,0.1867,0.198,0.1867,0.198,80000,15227.2,TQNL
2013-10-10,0.195,0.195,0.19002,0.19011,550000,104606.4,TQNL
2013-10-11,0.19001,0.19001,0.19,0.19,850000,161502.2,TQNL
2013-10-14,0.19934,0.19934,0.1852,0.1852,310000,57905.5,TQNL
2013-10-15,0.19197,0.192,0.19197,0.192,160000,30716.1,TQNL
2013-10-16,0.18751,0.18751,0.18751,0.18751,200000,37502.0,TQNL
2013-10-17,0.1925,0.1925,0.1925,0.1925,520000,100100.0,TQNL
2013-10-18,0.19,0.191,0.19,0.19,300000,57020.7,TQNL
2013-10-21,0.20961,0.20962,0.19,0.19,1910000,365157.3,TQNL
2013-10-22,0.19003,0.195,0.18533,0.19,3100000,588776.0,TQNL
2013-10-23,0.18533,0.19,0.18533,0.19,2470000,469199.7,TQNL
2013-10-24,0.18536,0.19001,0.18482,0.19,4250000,799819.9,TQNL
2013-10-25,0.19011,0.19497,0.1901,0.19053,1430000,272386.2,TQNL
2013-10-28,0.191,0.20001,0.19017,0.2,7260000,1441993.0,TQNL
2013-10-29,0.19108,0.20001,0.19108,0.2,2130000,425733.3,TQNL
2013-10-30,0.18539,0.20099,0.18539,0.20099,100000,19458.4,TQNL
2013-10-31,0.20001,0.20001,0.2,0.2,2400000,480002.2,TQNL
2013-11-01,0.20002,0.20399,0.2,0.20002,2570000,514385.9,TQNL
2013-11-05,0.20001,0.20099,0.2,0.2,4050000,810039.7,TQNL
2013-11-06,0.2,0.20001,0.2,0.20001,1760000,352000.5,TQNL
2013-11-07,0.19004,0.19006,0.19004,0.19006,21448,4076.37,SMAL
2013-11-08,0.19068,0.19068,0.182,0.18701,130000,24189.6,TQNL
2013-11-11,0.1968,0.2,0.1968,0.2,5790000,1157924.7,TQNL
2013-11-12,0.20001,0.20001,0.2,0.2,1670000,334002.4,TQNL
2013-11-13,0.19999,0.20004,0.19999,0.2,3720000,744009.2,TQNL
2013-11-14,0.1968,0.1968,0.19192,0.192,30000,5807.2,TQNL
2013-11-15,0.19191,0.19191,0.18701,0.188,470000,88105.5,TQNL
2013-11-18,0.18689,0.188,0.18689,0.18703,1600000,299816.3,TQNL
2013-11-19,0.19176,0.19489,0.18703,0.19216,2190000,417398.9,TQNL
2013-11-20,0.18688,0.188,0.183,0.18501,8840000,1620782.7,TQNL
2013-11-21,0.182,0.182,0.182,0.182,40000,7280.0,TQNL
2013-11-22,0.18499,0.185,0.17751,0.17751,110000,20000.5,TQNL
2013-11-25,0.17703,0.18,0.17501,0.179,310000,55030.5,TQNL
2013-11-26,0.17502,0.178,0.16003,0.17677,700000,121065.5,TQNL
2013-11-27,0.16202,0.17604,0.16202,0.17602,150000,26022.9,TQNL
2013-11-28,0.17,0.192,0.17,0.192,2290000,416849.9,TQNL
2013-11-29,0.17202,0.18989,0.17201,0.18016,450000,81532.0,TQNL
2013-12-02,0.185,0.185,0.17432,0.17798,240000,42620.8,TQNL
2013-12-03,0.162,0.195,0.162,0.17681,1230000,224214.0,TQNL
2013-12-04,0.1731,0.17501,0.1731,0.17501,40000,6981.3,TQNL
2013-12-05,0.179,0.18147,0.179,0.17996,140000,25316.3,TQNL
2013-12-06,0.17055,0.182,0.17055,0.181,5760000,1042735.4,TQNL
2013-12-09,0.19199,0.1941,0.19199,0.192,12500000,2401048.7,TQNL
2013-12-10,0.1901,0.19098,0.1901,0.1901,3960000,752843.9,TQNL
2013-12-11,0.18602,0.19012,0.186,0.18897,200000,37626.2,TQNL
2013-12-12,0.19,0.19356,0.19,0.19,3110000,591067.5,TQNL
2013-12-13,0.18002,0.19076,0.18002,0.1905,4460000,845661.0,TQNL
2013-12-16,0.18504,0.18778,0.185,0.185,1350000,249836.0,TQNL
2013-12-17,0.19409,0.1941,0.18111,0.18415,1040000,192829.0,TQNL
2013-12-18,0.185,0.18502,0.185,0.185,2860000,529105.7,TQNL
2013-12-19,0.185,0.185,0.18,0.18495,450000,83078.8,TQNL
2013-12-20,0.17711,0.1925,0.17711,0.185,6830000,1247566.5,TQNL
2013-12-23,0.18501,0.186,0.18176,0.18176,210000,38563.6,TQNL
2013-12-24,0.17999,0.186,0.17999,0.18319,280000,51704.2,TQNL
2013-12-25,0.18478,0.192,0.18423,0.187,260000,48523.6,TQNL
2013-12-26,0.186,0.188,0.18366,0.18366,90000,16702.9,TQNL
2013-12-27,0.19399,0.19707,0.189,0.19105,2570000,496574.5,TQNL
2013-12-30,0.18538,0.18801,0.18538,0.18801,170000,31687.8,TQNL
2014-01-06,0.18802,0.18802,0.18007,0.18801,160000,29685.1,TQNL
2014-01-08,0.17133,0.17133,0.17133,0.17133,1100,188.46,SMAL
2014-01-09,0.18308,0.1832,0.18302,0.18302,310000,56757.1,TQNL
2014-01-13,0.18252,0.18896,0.18251,0.1885,1580000,297438.1,TQNL
2014-01-14,0.18802,0.18802,0.18801,0.18801,100000,18801.1,TQNL
2014-01-15,0.1805,0.183,0.18012,0.183,1430000,258717.1,TQNL
2014-01-16,0.18202,0.18212,0.182,0.18203,1980000,360435.0,TQNL
2014-01-17,0.1775,0.1834,0.1775,0.18337,310000,56296.1,TQNL
2014-01-20,0.184,0.19,0.184,0.19,250000,46575.5,TQNL
2014-01-21,0.18028,0.18651,0.18027,0.184,340000,62228.8,TQNL
2014-01-22,0.18501,0.18501,0.185,0.185,800000,148003.0,TQNL
2014-01-23,0.18033,0.18501,0.18033,0.18501,160000,29553.3,TQNL
2014-01-24,0.185,0.19199,0.18,0.19,18790000,3560581.2,TQNL
2014-01-27,0.18101,0.19001,0.181,0.19,3680000,698932.0,TQNL
2014-01-28,0.19,0.1909,0.19,0.19002,80000,15245.4,TQNL
2014-01-29,0.19,0.1952,0.19,0.1952,6690000,1303804.9,TQNL
2014-01-30,0.196,0.197,0.19023,0.197,3940000,772884.1,TQNL
2014-01-31,0.19309,0.19351,0.192,0.192,4220000,811281.8,TQNL
2014-02-03,0.19415,0.1974,0.19415,0.19649,3040000,594533.8,TQNL
2014-02-04,0.199,0.199,0.191,0.193,6290000,1202438.2,TQNL
2014-02-05,0.19002,0.195,0.19,0.19002,2140000,406977.0,TQNL
2014-02-06,0.18662,0.18662,0.17967,0.17967,1628,293.89,SMAL
2014-02-07,0.17765,0.19332,0.17765,0.1878,120000,22421.5,TQNL
2014-02-10,0.18601,0.1935,0.18601,0.18752,1620000,310704.7,TQNL
2014-02-11,0.18753,0.18753,0.18751,0.18751,590000,110635.8,TQNL
2014-02-12,0.19552,0.19893,0.19552,0.19893,1610000,315677.3,TQNL
2014-02-13,0.1928,0.2,0.1928,0.19967,7770000,1544133.8,TQNL
2014-02-14,0.1943,0.196,0.19403,0.196,100000,19483.9,TQNL
2014-02-17,0.19623,0.197,0.19622,0.19624,290000,56934.7,TQNL
2014-02-18,0.19503,0.19602,0.19503,0.19602,350000,68597.1,TQNL
2014-02-19,0.19323,0.19445,0.19301,0.19301,590000,113943.6,TQNL
2014-02-20,0.19278,0.2,0.19278,0.2,6860000,1370602.4,TQNL
2014-02-21,0.2,0.2,0.19801,0.19801,70000,13900.8,TQNL
2014-02-24,0.19998,0.207,0.19998,0.205,3780000,773296.6,TQNL
2014-02-25,0.207,0.2121,0.207,0.21206,1790000,374681.3,TQNL
2014-02-26,0.20402,0.208,0.201,0.208,1990000,410581.6,TQNL
2014-02-27,0.20207,0.20968,0.20207,0.20701,9290000,1922815.3,TQNL
2014-02-28,0.20701,0.20701,0.207,0.207,6120000,1266841.8,TQNL
2014-03-03,0.19663,0.19663,0.17066,0.1785,4470000,789622.7,TQNL
2014-03-04,0.16716,0.1803,0.16716,0.1803,300000,52705.7,TQNL
2014-03-05,0.18499,0.18982,0.17509,0.18,310000,56327.7,TQNL
2014-03-06,0.181,0.18492,0.17705,0.18,690000,124208.7,TQNL
2014-03-07,0.17004,0.1737,0.16802,0.16819,2630000,446408.0,TQNL
2014-03-11,0.16201,0.16201,0.14432,0.14452,20380000,3107529.5,TQNL
2014-03-12,0.1445,0.1445,0.13511,0.14257,7290000,1015265.8,TQNL
2014-03-13,0.14238,0.14238,0.13221,0.13601,1460000,198549.9,TQNL
2014-03-14,0.13003,0.13803,0.12199,0.12995,2150000,269329.5,TQNL
2014-03-17,0.13997,0.13997,0.12251,0.132,540000,73827.5,TQNL
2014-03-18,0.1368,0.1388,0.13243,0.13611,1390000,189144.1,TQNL
2014-03-19,0.1371,0.1378,0.13611,0.1362,1440000,196707.6,TQNL
2014-03-20,0.13501,0.13501,0.13125,0.13279,430000,57126.4,TQNL
2014-03-21,0.13296,0.13349,0.13068,0.13068,100000,13259.4,TQNL
2014-03-24,0.13589,0.13589,0.132,0.134,1030000,136111.8,TQNL
2014-03-25,0.13391,0.1343,0.133,0.13312,3030000,403218.4,TQNL
2014-03-26,0.1319,0.13568,0.12903,0.12903,2410000,320126.4,TQNL
2014-03-27,0.13006,0.13083,0.12876,0.12876,70000,9099.0,TQNL
2014-03-28,0.13766,0.13766,0.12866,0.129,210000,27779.1,TQNL
2014-03-31,0.12551,0.13698,0.12551,0.13698,110000,14195.2,TQNL
2014-04-01,0.1333,0.13599,0.13088,0.13585,230000,30972.5,TQNL
2014-04-02,0.135,0.13589,0.13201,0.13212,6470000,878446.5,TQNL
2014-04-03,0.13015,0.1338,0.13003,0.131,750000,98749.8,TQNL
2014-04-04,0.13489,0.15,0.13478,0.15,2550000,366575.1,TQNL
2014-04-07,0.15001,0.16399,0.14075,0.14556,3270000,492146.2,TQNL
2014-04-08,0.14117,0.1555,0.14116,0.155,2340000,357412.8,TQNL
2014-04-09,0.138,0.13801,0.138,0.13801,24774,3418.97,SMAL
2014-04-10,0.14611,0.153,0.14603,0.15299,180000,27151.7,TQNL
2014-04-11,0.13524,0.1561,0.1351,0.14982,7070000,1053472.9,TQNL
2014-04-14,0.145,0.146,0.14499,0.145,3730000,542513.4,TQNL
2014-04-15,0.14936,0.14949,0.1383,0.1383,720000,100243.7,TQNL
2014-04-16,0.14299,0.145,0.14299,0.145,60000,8599.6,TQNL
2014-04-17,0.14383,0.14383,0.13822,0.13822,60000,8517.6,TQNL
2014-04-18,0.13831,0.14001,0.13831,0.14,100000,13953.5,TQNL
2014-04-21,0.13725,0.14489,0.13704,0.14289,1190000,164224.3,TQNL
2014-04-22,0.14264,0.14265,0.13879,0.13879,160000,22591.8,TQNL
2014-04-23,0.1354,0.14984,0.13334,0.1475,2410000,347315.8,TQNL
2014-04-24,0.14501,0.14501,0.1425,0.1425,4950000,710182.5,TQNL
2014-04-25,0.14,0.14256,0.14,0.14221,980000,138770.7,TQNL
2014-04-28,0.13503,0.14881,0.13502,0.14881,3330000,492641.3,TQNL
2014-04-29,0.15643,0.15643,0.15,0.15,3170000,475607.9,TQNL
2014-04-30,0.15001,0.15701,0.15001,0.157,2390000,374335.3,TQNL
2014-05-02,0.14,0.14,0.14,0.14,2600,364.0,SMAL
2014-05-05,0.15001,0.155,0.15001,0.155,250000,38582.8,TQNL
2014-05-06,0.1574,0.16022,0.1574,0.16,2910000,465363.2,TQNL
2014-05-07,0.164,0.16768,0.164,0.167,8180000,1349415.0,TQNL
2014-05-08,0.16701,0.16859,0.163,0.16501,4860000,807009.4,TQNL
2014-05-12,0.167,0.16985,0.167,0.167,810000,135327.2,TQNL
2014-05-13,0.16897,0.17001,0.16769,0.17,1950000,331205.8,TQNL
2014-05-14,0.16999,0.17771,0.16999,0.172,290000,50473.7,TQNL
2014-05-15,0.16867,0.17091,0.16866,0.17001,950000,161543.4,TQNL
2014-05-16,0.16999,0.17002,0.16999,0.17,400000,68000.9,TQNL
2014-05-19,0.17299,0.17699,0.17299,0.17401,790000,137442.1,TQNL
2014-05-20,0.17408,0.1785,0.17408,0.1785,140000,24854.3,TQNL
2014-05-21,0.18429,0.18429,0.181,0.18125,360000,65699.9,TQNL
2014-05-22,0.18052,0.18052,0.17102,0.174,260000,45537.6,TQNL
2014-05-23,0.17949,0.17989,0.17949,0.17989,250000,44896.6,TQNL
2014-05-26,0.17489,0.175,0.17489,0.175,2180000,381490.9,TQNL
2014-05-27,0.17174,0.17174,0.17,0.17,610000,103942.8,TQNL
2014-05-28,0.16502,0.1763,0.16501,0.17622,90000,15639.7,TQNL
2014-05-29,0.17156,0.17572,0.17,0.17572,760000,129760.2,TQNL
2014-05-30,0.17,0.1742,0.17,0.17396,140000,24253.7,TQNL
2014-06-02,0.17303,0.17308,0.173,0.17305,760000,131497.4,TQNL
2014-06-03,0.17002,0.17002,0.17,0.17,310000,52701.6,TQNL
2014-06-04,0.16725,0.16725,0.1671,0.1671,40000,6685.7,TQNL
2014-06-05,0.16501,0.16501,0.16501,0.16501,20000,3300.2,TQNL
2014-06-06,0.16002,0.17002,0.16,0.17002,1870000,315135.6,TQNL
2014-06-09,0.173,0.174,0.17201,0.174,160000,27660.3,TQBR
2014-06-10,0.165,0.165,0.165,0.165,10000,1650.0,TQBR
2014-06-11,0.165,0.17,0.16201,0.17,2180000,365928.3,TQBR
2014-06-16,0.165,0.165,0.165,0.165,20000,3300.0,TQBR
2014-06-17,0.166,0.172,0.166,0.172,110000,18724.8,TQBR
2014-06-18,0.16002,0.17149,0.16002,0.17149,70000,11833.4,TQBR
2014-06-19,0.171,0.17401,0.171,0.174,300000,52122.2,TQBR
2014-06-20,0.17302,0.174,0.17299,0.174,8180000,1421513.6,TQBR
2014-06-23,0.16043,0.171,0.16043,0.17001,220000,37125.1,TQBR
2014-06-24,0.17003,0.17003,0.17,0.17,1690000,287305.1,TQBR
2014-06-25,0.165,0.17002,0.165,0.17002,90000,15220.3,TQBR
2014-06-26,0.17001,0.17001,0.17,0.17,870000,147901.4,TQBR
2014-06-27,0.16397,0.17001,0.16397,0.17,730000,122745.7,TQBR
2014-06-30,0.17001,0.1725,0.17,0.1725,1230000,209276.7,TQBR
2014-07-01,0.17199,0.172,0.16836,0.16836,4760000,815702.2,TQBR
2014-07-02,0.1749,0.1782,0.17015,0.17761,3290000,585532.1,TQBR
2014-07-03,0.18,0.1801,0.18,0.1801,470000,84611.1,TQBR
2014-07-04,0.17979,0.18061,0.17979,0.18061,40000,7199.9,TQBR
2014-07-07,0.17547,0.17547,0.17221,0.17221,100000,17514.3,TQBR
2014-07-08,0.17401,0.17401,0.174,0.174,1360000,236644.1,TQBR
2014-07-09,0.17302,0.1734,0.17301,0.1734,230000,39798.3,TQBR
2014-07-10,0.17451,0.17451,0.17003,0.17003,30000,5145.8,TQBR
2014-07-11,0.17002,0.17002,0.17001,0.17002,1620000,275426.9,TQBR
2014-07-14,0.17002,0.17002,0.17002,0.17002,40000,6800.8,TQBR
2014-07-15,0.17,0.17181,0.17,0.17181,600000,102540.0,TQBR
2014-07-16,0.16881,0.16881,0.161,0.16881,70000,11660.3,TQBR
2014-07-17,0.16598,0.16799,0.16123,0.165,560000,92408.2,TQBR
2014-07-18,0.16699,0.16975,0.16699,0.16975,690000,115277.5,TQBR
2014-07-21,0.16202,0.16861,0.161,0.16861,3710000,597815.9,TQBR
2014-07-22,0.16,0.16,0.152,0.152,3700,564.0,SMAL
2014-07-23,0.16001,0.16418,0.1599,0.16418,1700000,272047.4,TQBR
2014-07-24,0.16714,0.1735,0.15505,0.169,1510000,253358.1,TQBR
2014-07-25,0.17001,0.17001,0.165,0.16501,1940000,322241.9,TQBR
2014-07-28,0.16301,0.165,0.16299,0.165,4410000,725561.4,TQBR
2014-07-29,0.16201,0.16502,0.16,0.16501,1240000,204202.5,TQBR
2014-07-30,0.16882,0.169,0.163,0.163,160000,26322.2,TQBR
2014-07-31,0.165,0.16505,0.16499,0.16504,920000,151810.2,TQBR
2014-08-01,0.16498,0.16501,0.16498,0.16501,2280000,376197.5,TQBR
2014-08-04,0.16254,0.165,0.16254,0.16278,60000,9782.0,TQBR
2014-08-05,0.16599,0.166,0.165,0.16529,1760000,291527.8,TQBR
2014-08-06,0.16101,0.16101,0.16,0.16,80000,12830.3,TQBR
2014-08-07,0.15906,0.16501,0.15906,0.165,2130000,348100.0,TQBR
2014-08-08,0.16052,0.16054,0.16051,0.16054,180000,28894.6,TQBR
2014-08-11,0.16493,0.16501,0.16493,0.165,1890000,311843.0,TQBR
2014-08-12,0.165,0.165,0.16203,0.16499,140000,22972.8,TQBR
2014-08-13,0.16499,0.165,0.16499,0.16499,130000,21449.0,TQBR
2014-08-14,0.16203,0.16203,0.16202,0.16202,160000,25923.4,TQBR
2014-08-15,0.16203,0.16203,0.16203,0.16203,30000,4860.9,TQBR
2014-08-18,0.16,0.16,0.156,0.156,2700,428.0,SMAL
2014-08-19,0.16202,0.16202,0.16202,0.16202,60000,9721.2,TQBR
2014-08-20,0.155,0.155,0.155,0.155,300,46.5,SMAL
2014-08-21,0.16201,0.16201,0.16201,0.16201,40000,6480.4,TQBR
2014-08-22,0.16361,0.16497,0.16361,0.16472,100000,16439.5,TQBR
2014-08-25,0.164,0.1648,0.164,0.1648,60000,9871.8,TQBR
2014-08-26,0.1652,0.16593,0.1652,0.16593,220000,36489.2,TQBR
2014-08-27,0.167,0.16999,0.16504,0.16504,130000,21979.6,TQBR
2014-08-28,0.165,0.165,0.165,0.165,1050000,173250.0,TQBR
2014-08-29,0.165,0.1699,0.165,0.1699,2320000,384238.1,TQBR
2014-09-01,0.16262,0.16799,0.16262,0.16799,5040000,831583.6,TQBR
2014-09-02,0.165,0.167,0.165,0.167,1870000,310550.0,TQBR
2014-09-03,0.16502,0.16502,0.165,0.165,1900000,313501.6,TQBR
2014-09-04,0.16262,0.16999,0.16262,0.165,2120000,351816.7,TQBR
2014-09-05,0.16501,0.16501,0.16498,0.165,5510000,909148.7,TQBR
2014-09-08,0.1575,0.1575,0.1575,0.1575,22200,3496.5,SMAL
2014-09-09,0.16997,0.17,0.16249,0.165,7920000,1308804.5,TQBR
2014-09-10,0.16502,0.17,0.16501,0.16504,650000,109500.8,TQBR
2014-09-11,0.168,0.1711,0.16501,0.16501,2730000,463947.4,TQBR
2014-09-12,0.16899,0.16899,0.165,0.16898,4540000,749223.4,TQBR
2014-09-15,0.1611,0.1611,0.1611,0.1611,10000,1611.0,TQBR
2014-09-16,0.16002,0.16999,0.16,0.16999,1620000,269632.0,TQBR
2014-09-17,0.1699,0.1699,0.1699,0.1699,1650000,280335.0,TQBR
2014-09-18,0.16209,0.17997,0.16209,0.1651,220000,36407.5,TQBR
2014-09-19,0.16503,0.16503,0.165,0.16501,1160000,191408.7,TQBR
2014-09-22,0.17797,0.17797,0.17797,0.17797,10000,1779.7,TQBR
2014-09-23,0.1729,0.1729,0.16501,0.16501,850000,145829.5,TQBR
2014-09-24,0.16507,0.16507,0.165,0.165,4520000,745829.4,TQBR
2014-09-25,0.16222,0.16222,0.16222,0.16222,20000,3244.4,TQBR
2014-09-26,0.1649,0.165,0.1649,0.165,1310000,216142.2,TQBR
2014-09-29,0.1645,0.16452,0.1645,0.16451,120000,19741.3,TQBR
2014-09-30,0.16559,0.16561,0.16559,0.1656,1960000,324577.4,TQBR
2014-10-01,0.165,0.165,0.1625,0.165,12810000,2113320.0,TQBR
2014-10-02,0.167,0.167,0.165,0.165,2050000,340325.0,TQBR
2014-10-03,0.166,0.1685,0.165,0.167,11090000,1850270.0,TQBR
2014-10-06,0.1655,0.17,0.1655,0.17,1810000,306540.0,TQBR
2014-10-07,0.17,0.171,0.17,0.171,810000,137710.0,TQBR
2014-10-08,0.169,0.1755,0.1685,0.1755,340000,58420.0,TQBR
2014-10-09,0.171,0.171,0.1705,0.1705,130000,22180.0,TQBR
2014-10-13,0.1705,0.1705,0.17,0.17,2270000,386020.0,TQBR
2014-10-14,0.173,0.174,0.17,0.1705,1740000,301815.0,TQBR
2014-10-15,0.176,0.176,0.1705,0.1715,3740000,647450.0,TQBR
2014-10-16,0.172,0.172,0.171,0.171,1990000,340360.0,TQBR
2014-10-17,0.165,0.17,0.1635,0.17,2410000,403655.0,TQBR
2014-10-20,0.1725,0.1725,0.17,0.1705,1390000,236550.0,TQBR
2014-10-21,0.1715,0.1715,0.17,0.17,1260000,214375.0,TQBR
2014-10-22,0.1705,0.1745,0.17,0.1705,1000000,172760.0,TQBR
2014-10-23,0.169,0.1705,0.159,0.17,18340000,3043100.0,TQBR
2014-10-24,0.167,0.167,0.1665,0.167,190000,31645.0,TQBR
2014-10-27,0.1675,0.1725,0.167,0.1725,950000,161120.0,TQBR
2014-10-28,0.1675,0.1705,0.1675,0.1705,60000,10195.0,TQBR
2014-10-29,0.171,0.171,0.17,0.17,5490000,938645.0,TQBR
2014-10-30,0.1705,0.1705,0.17,0.17,410000,69705.0,TQBR
2014-10-31,0.17,0.17,0.17,0.17,530000,90100.0,TQBR
2014-11-03,0.1615,0.1705,0.1615,0.17,130000,21645.0,TQBR
2014-11-05,0.17,0.17,0.17,0.17,110000,18700.0,TQBR
2014-11-06,0.1685,0.1735,0.1685,0.17,240000,40905.0,TQBR
2014-11-07,0.169,0.1705,0.169,0.1705,570000,96360.0,TQBR
2014-11-10,0.17,0.1745,0.17,0.1745,380000,65055.0,TQBR
2014-11-11,0.173,0.1745,0.173,0.1735,110000,19095.0,TQBR
2014-11-12,0.1675,0.173,0.1675,0.1725,280000,48105.0,TQBR
2014-11-13,0.1735,0.1735,0.173,0.173,230000,39880.0,TQBR
2014-11-14,0.185,0.185,0.1765,0.1795,370000,66095.0,TQBR
2014-11-17,0.1705,0.1785,0.1705,0.1785,2340000,411725.0,TQBR
2014-11-18,0.1765,0.1835,0.1765,0.1835,580000,104030.0,TQBR
2014-11-19,0.1735,0.1795,0.1735,0.1795,440000,78380.0,TQBR
2014-11-20,0.1785,0.183,0.1785,0.183,50000,9045.0,TQBR
2014-11-21,0.183,0.1945,0.1785,0.18,1910000,352605.0,TQBR
2014-11-24,0.18,0.18,0.1785,0.1785,210000,37525.0,TQBR
2014-11-25,0.1715,0.1795,0.1715,0.177,920000,161165.0,TQBR
2014-11-26,0.191,0.191,0.178,0.178,1030000,183630.0,TQBR
2014-11-27,0.1755,0.177,0.1745,0.177,570000,100010.0,TQBR
2014-11-28,0.176,0.1855,0.175,0.1855,7840000,1385830.0,TQBR
2014-12-01,0.1715,0.176,0.1715,0.176,220000,38540.0,TQBR
2014-12-02,0.1775,0.178,0.1775,0.1775,510000,90590.0,TQBR
2014-12-03,0.171,0.177,0.171,0.177,2720000,478125.0,TQBR
2014-12-04,0.1765,0.1765,0.175,0.1755,1210000,212165.0,TQBR
2014-12-05,0.1745,0.177,0.1745,0.1755,6630000,1162640.0,TQBR
2014-12-08,0.1755,0.176,0.1755,0.1755,5210000,914435.0,TQBR
2014-12-09,0.17,0.1755,0.169,0.175,12040000,2093225.0,TQBR
2014-12-10,0.1755,0.1795,0.175,0.1795,1390000,248000.0,TQBR
2014-12-11,0.176,0.176,0.175,0.1755,1940000,340145.0,TQBR
2014-12-12,0.1685,0.1755,0.1605,0.175,4350000,759240.0,TQBR
2014-12-15,0.1695,0.18,0.1695,0.173,19900000,3528875.0,TQBR
2014-12-16,0.169,0.172,0.116,0.1595,17240000,2525240.0,TQBR
2014-12-17,0.1635,0.1635,0.1375,0.1555,410000,61060.0,TQBR
2014-12-18,0.16,0.161,0.1595,0.16,44980000,7196800.0,TQBR
2014-12-19,0.161,0.165,0.1605,0.165,180000,29440.0,TQBR
2014-12-22,0.161,0.161,0.16,0.16,9180000,1469020.0,TQBR
2014-12-23,0.1605,0.161,0.16,0.16,390000,62510.0,TQBR
2014-12-24,0.1605,0.1735,0.1605,0.162,1860000,301735.0,TQBR
2014-12-25,0.1625,0.1695,0.162,0.162,15960000,2635035.0,TQBR
2014-12-26,0.161,0.166,0.16,0.1605,1470000,239125.0,TQBR
2014-12-29,0.163,0.163,0.162,0.162,8260000,1338215.0,TQBR
2014-12-30,0.1505,0.17,0.1505,0.17,4210000,683045.0,TQBR
2015-01-05,0.165,0.165,0.165,0.165,60000,9900.0,TQBR
2015-01-06,0.163,0.166,0.163,0.165,2420000,399240.0,TQBR
2015-01-08,0.1575,0.163,0.1575,0.1605,460000,73765.0,TQBR
2015-01-09,0.1625,0.1645,0.1625,0.1645,450000,73930.0,TQBR
2015-01-12,0.1575,0.1715,0.154,0.16,8680000,1437765.0,TQBR
2015-01-13,0.161,0.165,0.161,0.165,2810000,462895.0,TQBR
2015-01-14,0.162,0.165,0.1565,0.16,4030000,647500.0,TQBR
2015-01-15,0.158,0.1605,0.1575,0.1605,60000,9575.0,TQBR
2015-01-16,0.1625,0.1655,0.1605,0.1635,1960000,322890.0,TQBR
2015-01-19,0.16,0.1615,0.16,0.16,920000,147510.0,TQBR
2015-01-20,0.164,0.165,0.16,0.1605,4530000,731095.0,TQBR
2015-01-21,0.156,0.165,0.141,0.1615,8300000,1335905.0,TQBR
2015-01-22,0.1595,0.165,0.1595,0.165,15530000,2542215.0,TQBR
2015-01-23,0.1605,0.1645,0.16,0.161,120000,19345.0,TQBR
2015-01-26,0.161,0.161,0.16,0.1605,3030000,487325.0,TQBR
2015-01-27,0.16,0.16,0.16,0.16,250000,40000.0,TQBR
2015-01-28,0.1625,0.165,0.16,0.165,9170000,1487655.0,TQBR
2015-01-29,0.1625,0.165,0.161,0.161,690000,112625.0,TQBR
2015-01-30,0.1635,0.169,0.1615,0.165,9410000,1546175.0,TQBR
2015-02-02,0.1615,0.165,0.1615,0.1625,1050000,173150.0,TQBR
2015-02-03,0.162,0.163,0.162,0.163,50000,8120.0,TQBR
2015-02-04,0.1625,0.1625,0.162,0.162,4990000,808630.0,TQBR
2015-02-05,0.162,0.166,0.162,0.166,790000,130065.0,TQBR
2015-02-06,0.1685,0.17,0.1635,0.1635,110000,18295.0,TQBR
2015-02-09,0.162,0.168,0.1615,0.165,1340000,220150.0,TQBR
2015-02-10,0.1665,0.169,0.1665,0.1685,1590000,267860.0,TQBR
2015-02-11,0.1655,0.17,0.1655,0.168,460000,77070.0,TQBR
2015-02-12,0.166,0.168,0.1655,0.168,80000,13330.0,TQBR
2015-02-13,0.1785,0.1785,0.168,0.169,770000,130420.0,TQBR
2015-02-16,0.17,0.17,0.162,0.166,6960000,1146020.0,TQBR
2015-02-17,0.165,0.166,0.1645,0.1645,2520000,414865.0,TQBR
2015-02-18,0.1655,0.1745,0.1645,0.1745,5240000,879790.0,TQBR
2015-02-19,0.169,0.175,0.1655,0.17,2210000,373465.0,TQBR
2015-02-20,0.167,0.17,0.166,0.17,550000,92920.0,TQBR
2015-02-24,0.167,0.167,0.166,0.166,50000,8325.0,TQBR
2015-02-25,0.1675,0.17,0.166,0.1695,1110000,188325.0,TQBR
2015-02-26,0.1835,0.1835,0.1705,0.1725,110000,19020.0,TQBR
2015-02-27,0.173,0.175,0.167,0.17,250000,42745.0,TQBR
2015-03-02,0.167,0.17,0.1655,0.17,4410000,740870.0,TQBR
2015-03-03,0.167,0.1695,0.1665,0.1685,80000,13405.0,TQBR
2015-03-04,0.1715,0.175,0.1685,0.175,2290000,397860.0,TQBR
2015-03-05,0.169,0.1895,0.169,0.176,490000,88030.0,TQBR
2015-03-06,0.176,0.176,0.17,0.17,610000,104095.0,TQBR
2015-03-10,0.1715,0.1785,0.1715,0.1785,100000,17270.0,TQBR
2015-03-11,0.1755,0.1755,0.167,0.17,290000,49150.0,TQBR
2015-03-12,0.1685,0.173,0.1685,0.173,410000,70410.0,TQBR
2015-03-13,0.1765,0.18,0.17,0.1745,260000,46025.0,TQBR
2015-03-16,0.1735,0.1795,0.1705,0.1705,40000,6945.0,TQBR
2015-03-17,0.171,0.176,0.1705,0.175,390000,68085.0,TQBR
2015-03-18,0.1755,0.1755,0.1755,0.1755,20000,3510.0,TQBR
2015-03-19,0.1705,0.179,0.169,0.175,1190000,207945.0,TQBR
2015-03-20,0.175,0.175,0.1745,0.1745,100000,17475.0,TQBR
2015-03-23,0.17,0.174,0.17,0.1735,840000,145070.0,TQBR
2015-03-24,0.1445,0.1445,0.1445,0.1445,1900,274.55,SMAL
2015-03-25,0.175,0.176,0.175,0.1755,1050000,184340.0,TQBR
2015-03-26,0.174,0.174,0.1735,0.1735,420000,72965.0,TQBR
2015-03-27,0.17,0.17,0.156,0.168,1010000,169005.0,TQBR
2015-03-30,0.1705,0.175,0.168,0.171,2410000,416465.0,TQBR
2015-03-31,0.1735,0.176,0.1735,0.1745,750000,130445.0,TQBR
2015-04-01,0.1745,0.175,0.1745,0.175,50000,8740.0,TQBR
2015-04-02,0.165,0.175,0.165,0.171,19222,3335.97,SMAL
2015-04-03,0.18,0.1805,0.1745,0.176,390000,68545.0,TQBR
2015-04-06,0.1755,0.1755,0.175,0.175,300000,52605.0,TQBR
2015-04-07,0.179,0.18,0.178,0.1785,1040000,186195.0,TQBR
2015-04-08,0.1775,0.1795,0.1735,0.1795,920000,160975.0,TQBR
2015-04-09,0.18,0.18,0.161,0.1705,900000,153705.0,TQBR
2015-04-10,0.1755,0.1795,0.171,0.1795,2810000,496455.0,TQBR
2015-04-13,0.175,0.1835,0.173,0.1835,1980000,362040.0,TQBR
2015-04-14,0.1845,0.1845,0.1735,0.1755,1260000,226055.0,TQBR
2015-04-15,0.1715,0.1805,0.171,0.1805,660000,116835.0,TQBR
2015-04-16,0.181,0.181,0.181,0.181,60000,10860.0,TQBR
2015-04-17,0.1755,0.18,0.1755,0.176,390000,69405.0,TQBR
2015-04-20,0.1765,0.1835,0.1755,0.1765,750000,132545.0,TQBR
2015-04-21,0.1795,0.1805,0.1795,0.1805,2400000,432990.0,TQBR
2015-04-22,0.176,0.1805,0.176,0.1805,890000,160155.0,TQBR
2015-04-23,0.181,0.181,0.176,0.18,2310000,415655.0,TQBR
2015-04-24,0.176,0.1795,0.175,0.1795,660000,115940.0,TQBR
2015-04-27,0.165,0.1835,0.165,0.181,1690000,298230.0,TQBR
2015-04-28,0.1845,0.193,0.184,0.1855,1370000,259735.0,TQBR
2015-04-29,0.1855,0.186,0.1815,0.1815,280000,51815.0,TQBR
2015-04-30,0.1815,0.1835,0.1815,0.183,260000,47555.0,TQBR
2015-05-05,0.1815,0.1815,0.1745,0.18,360000,63240.0,TQBR
2015-05-06,0.182,0.182,0.182,0.182,10000,1820.0,TQBR
2015-05-07,0.1825,0.186,0.1765,0.182,280000,49880.0,TQBR
2015-05-08,0.1775,0.183,0.1765,0.177,1060000,187625.0,TQBR
2015-05-12,0.1755,0.1755,0.175,0.175,2530000,442890.0,TQBR
2015-05-13,0.1765,0.1775,0.175,0.175,400000,70195.0,TQBR
2015-05-14,0.176,0.185,0.175,0.185,3180000,573970.0,TQBR
2015-05-15,0.1825,0.1855,0.1785,0.1805,470000,84545.0,TQBR
2015-05-18,0.1785,0.1845,0.1785,0.1845,140000,25225.0,TQBR
2015-05-19,0.1765,0.185,0.1765,0.185,560000,103035.0,TQBR
2015-05-20,0.185,0.189,0.185,0.1885,570000,107275.0,TQBR
2015-05-21,0.1835,0.1975,0.1835,0.19,620000,118185.0,TQBR
2015-05-22,0.1855,0.1885,0.182,0.187,60000,11185.0,TQBR
2015-05-25,0.1855,0.1875,0.1845,0.1875,40000,7425.0,TQBR
2015-05-26,0.1895,0.1945,0.1875,0.1945,150000,28525.0,TQBR
2015-05-27,0.1915,0.194,0.181,0.19,660000,124130.0,TQBR
2015-05-28,0.182,0.1865,0.182,0.186,130000,24135.0,TQBR
2015-05-29,0.189,0.191,0.189,0.19,600000,114005.0,TQBR
2015-06-01,0.1855,0.1855,0.185,0.185,5910000,1096100.0,TQBR
2015-06-02,0.188,0.1945,0.188,0.1945,590000,111920.0,TQBR
2015-06-03,0.182,0.186,0.182,0.186,1170000,215405.0,TQBR
2015-06-04,0.1875,0.1875,0.1845,0.185,960000,177610.0,TQBR
2015-06-05,0.1845,0.186,0.1845,0.185,50000,9260.0,TQBR
2015-06-08,0.1845,0.1845,0.18,0.18,1610000,294810.0,TQBR
2015-06-09,0.183,0.19,0.1815,0.19,1660000,312840.0,TQBR
2015-06-10,0.19,0.1995,0.19,0.1995,2490000,488560.0,TQBR
2015-06-11,0.1995,0.213,0.1855,0.212,1940000,395640.0,TQBR
2015-06-15,0.213,0.225,0.213,0.2175,3190000,706640.0,TQBR
2015-06-16,0.2195,0.235,0.2195,0.235,1610000,368830.0,TQBR
2015-06-17,0.2045,0.2465,0.2045,0.222,3560000,852680.0,TQBR
2015-06-18,0.228,0.246,0.205,0.24,1910000,454690.0,TQBR
2015-06-19,0.2435,0.2435,0.24,0.2405,1320000,316885.0,TQBR
2015-06-22,0.243,0.2555,0.243,0.25,4080000,1021710.0,TQBR
2015-06-23,0.2495,0.2585,0.2495,0.255,4900000,1252455.0,TQBR
2015-06-24,0.256,0.256,0.255,0.255,1310000,334170.0,TQBR
2015-06-25,0.2565,0.267,0.2565,0.2575,5160000,1344265.0,TQBR
2015-06-26,0.2505,0.2505,0.25,0.25,70000,17505.0,TQBR
2015-06-29,0.214,0.259,0.214,0.25,6920000,1728030.0,TQBR
2015-06-30,0.252,0.252,0.251,0.251,20000,5030.0,TQBR
2015-07-01,0.251,0.251,0.25,0.25,750000,187565.0,TQBR
2015-07-02,0.251,0.251,0.25,0.25,320000,80075.0,TQBR
2015-07-03,0.2515,0.252,0.25,0.25,730000,182625.0,TQBR
2015-07-06,0.251,0.251,0.221,0.248,5510000,1375890.0,TQBR
2015-07-07,0.2115,0.25,0.2115,0.25,370000,86920.0,TQBR
2015-07-08,0.25,0.2625,0.2145,0.2585,5320000,1336625.0,TQBR
2015-07-09,0.2515,0.265,0.227,0.2345,2980000,739905.0,TQBR
2015-07-10,0.237,0.237,0.226,0.232,580000,132095.0,TQBR
2015-07-13,0.228,0.228,0.225,0.2255,70000,15820.0,TQBR
2015-07-14,0.2225,0.235,0.2095,0.233,19190000,4154825.0,TQBR
2015-07-15,0.2345,0.2405,0.2345,0.2405,700000,167830.0,TQBR
2015-07-16,0.2415,0.246,0.24,0.246,1480000,356855.0,TQBR
2015-07-17,0.2495,0.2515,0.2485,0.25,4080000,1016975.0,TQBR
2015-07-20,0.25,0.25,0.2495,0.25,5090000,1272490.0,TQBR
2015-07-21,0.25,0.2505,0.2495,0.25,480000,120000.0,TQBR
2015-07-22,0.251,0.2555,0.251,0.251,1460000,371555.0,TQBR
2015-07-23,0.255,0.2555,0.229,0.251,870000,219300.0,TQBR
2015-07-24,0.2525,0.255,0.2435,0.255,1340000,339520.0,TQBR
2015-07-27,0.2515,0.255,0.2515,0.252,340000,86055.0,TQBR
2015-07-28,0.253,0.255,0.2415,0.2505,1580000,397275.0,TQBR
2015-07-29,0.2535,0.255,0.2445,0.251,1230000,308415.0,TQBR
2015-07-30,0.255,0.255,0.2495,0.25,2050000,522495.0,TQBR
2015-07-31,0.255,0.265,0.25,0.25,9360000,2388960.0,TQBR
2015-08-03,0.2445,0.265,0.2405,0.265,10670000,2817660.0,TQBR
2015-08-04,0.2655,0.275,0.2555,0.267,2430000,654950.0,TQBR
2015-08-05,0.265,0.265,0.262,0.262,18880000,5003170.0,TQBR
2015-08-06,0.284,0.284,0.2515,0.259,140000,36480.0,TQBR
2015-08-07,0.257,0.258,0.257,0.258,80000,20585.0,TQBR
2015-08-10,0.2585,0.2585,0.2505,0.256,1080000,273200.0,TQBR
2015-08-11,0.256,0.27,0.2555,0.2585,1880000,492565.0,TQBR
2015-08-12,0.267,0.285,0.267,0.271,4060000,1115530.0,TQBR
2015-08-13,0.273,0.276,0.261,0.261,110000,29910.0,TQBR
2015-08-14,0.2645,0.2645,0.255,0.255,1380000,354700.0,TQBR
2015-08-17,0.2515,0.2515,0.25,0.251,730000,183080.0,TQBR
2015-08-18,0.2555,0.295,0.25,0.2585,5830000,1486470.0,TQBR
2015-08-19,0.249,0.255,0.249,0.251,280000,70785.0,TQBR
2015-08-20,0.254,0.2645,0.2515,0.2645,530000,135515.0,TQBR
2015-08-21,0.267,0.267,0.251,0.2605,330000,83395.0,TQBR
2015-08-24,0.246,0.2475,0.235,0.247,2840000,684920.0,TQBR
2015-08-25,0.2485,0.258,0.2445,0.25,1410000,352580.0,TQBR
2015-08-26,0.2485,0.2585,0.2485,0.25,760000,190080.0,TQBR
2015-08-27,0.259,0.2655,0.2545,0.2575,280000,72570.0,TQBR
2015-08-28,0.2555,0.2555,0.255,0.255,290000,74025.0,TQBR
2015-08-31,0.251,0.255,0.231,0.255,6972,1670.27,SMAL
2015-09-01,0.2535,0.2755,0.2525,0.27,1320000,347450.0,TQBR
2015-09-02,0.272,0.2865,0.2715,0.2715,160000,43985.0,TQBR
2015-09-03,0.275,0.2785,0.272,0.2725,270000,73745.0,TQBR
2015-09-04,0.295,0.295,0.2695,0.2705,3390000,918450.0,TQBR
2015-09-07,0.277,0.277,0.2725,0.2725,30000,8265.0,TQBR
2015-09-08,0.2715,0.272,0.271,0.272,360000,97710.0,TQBR
2015-09-09,0.275,0.275,0.275,0.275,310000,85250.0,TQBR
2015-09-10,0.2775,0.2895,0.273,0.278,810000,227430.0,TQBR
2015-09-11,0.2845,0.2845,0.28,0.282,1260000,353485.0,TQBR
2015-09-14,0.281,0.2845,0.28,0.2845,420000,118495.0,TQBR
2015-09-15,0.2905,0.2905,0.2865,0.2885,490000,141265.0,TQBR
2015-09-16,0.286,0.2905,0.286,0.2885,430000,123735.0,TQBR
2015-09-17,0.283,0.2935,0.283,0.2905,1330000,382680.0,TQBR
2015-09-18,0.2915,0.2915,0.2865,0.288,360000,103270.0,TQBR
2015-09-21,0.2995,0.2995,0.287,0.295,1210000,353095.0,TQBR
2015-09-22,0.2965,0.299,0.292,0.298,380000,112670.0,TQBR
2015-09-23,0.292,0.3,0.292,0.2995,1720000,511050.0,TQBR
2015-09-24,0.3,0.3005,0.2995,0.3005,920000,276005.0,TQBR
2015-09-25,0.3,0.301,0.3,0.301,180000,54010.0,TQBR
2015-09-28,0.3005,0.301,0.2995,0.3,1810000,543015.0,TQBR
2015-09-29,0.3045,0.31,0.301,0.301,700000,212790.0,TQBR
2015-09-30,0.3005,0.3005,0.3,0.3,300000,90005.0,TQBR
2015-10-01,0.301,0.3015,0.2995,0.3015,3210000,964815.0,TQBR
2015-10-02,0.3265,0.3265,0.3005,0.3015,1830000,564800.0,TQBR
2015-10-05,0.3005,0.3025,0.3,0.3025,170000,51155.0,TQBR
2015-10-06,0.3185,0.3185,0.3015,0.3095,320000,96920.0,TQBR
2015-10-07,0.306,0.306,0.3005,0.3015,220000,66430.0,TQBR
2015-10-08,0.2885,0.345,0.2885,0.342,7970000,2670045.0,TQBR
2015-10-09,0.333,0.338,0.323,0.335,8680000,2871405.0,TQBR
2015-10-12,0.3355,0.338,0.3355,0.338,1950000,657355.0,TQBR
2015-10-13,0.3385,0.3395,0.337,0.3375,630000,212640.0,TQBR
2015-10-14,0.3375,0.3375,0.3375,0.3375,630000,212625.0,TQBR
2015-10-15,0.3385,0.341,0.3385,0.341,21640000,7358210.0,TQBR
2015-10-16,0.3405,0.3415,0.3405,0.341,3740000,1274575.0,TQBR
2015-10-19,0.341,0.341,0.338,0.34,110000,37335.0,TQBR
2015-10-20,0.338,0.3415,0.338,0.3415,2360000,801740.0,TQBR
2015-10-21,0.3395,0.3415,0.3395,0.3415,1390000,473445.0,TQBR
2015-10-22,0.345,0.345,0.34,0.34,580000,197420.0,TQBR
2015-10-23,0.34,0.34,0.34,0.34,60000,20400.0,TQBR
2015-10-26,0.34,0.341,0.34,0.3405,660000,225005.0,TQBR
2015-10-27,0.3405,0.3415,0.34,0.3405,1940000,660300.0,TQBR
2015-10-28,0.341,0.342,0.341,0.342,1250000,426450.0,TQBR
2015-10-29,0.344,0.344,0.342,0.343,2740000,939255.0,TQBR
2015-10-30,0.345,0.345,0.341,0.343,1580000,540850.0,TQBR
2015-11-02,0.369,0.477,0.343,0.35,15360000,5356770.0,TQBR
2015-11-03,0.348,0.351,0.348,0.351,18520000,6478270.0,TQBR
2015-11-05,0.35,0.38,0.35,0.376,17020000,6219350.0,TQBR
2015-11-06,0.376,0.38,0.37,0.373,25990000,9705970.0,TQBR
2015-11-09,0.37,0.374,0.36,0.36,37450000,13775590.0,TQBR
2015-11-10,0.355,0.355,0.35,0.353,1110000,392760.0,TQBR
2015-11-11,0.356,0.356,0.348,0.348,1320000,464180.0,TQBR
2015-11-12,0.355,0.355,0.348,0.35,3000000,1057590.0,TQBR
2015-11-13,0.35,0.35,0.341,0.349,14720000,5070330.0,TQBR
2015-11-16,0.344,0.348,0.344,0.346,1020000,354480.0,TQBR
2015-11-17,0.345,0.346,0.345,0.346,650000,224830.0,TQBR
2015-11-18,0.348,0.348,0.347,0.347,590000,204760.0,TQBR
2015-11-19,0.349,0.35,0.346,0.347,750000,261470.0,TQBR
2015-11-20,0.347,0.35,0.347,0.35,740000,258640.0,TQBR
2015-11-23,0.345,0.352,0.345,0.352,6510000,2284630.0,TQBR
2015-11-24,0.349,0.349,0.345,0.345,12060000,4202990.0,TQBR
2015-11-25,0.347,0.353,0.347,0.35,3290000,1154620.0,TQBR
2015-11-26,0.35,0.354,0.35,0.35,560000,196670.0,TQBR
2015-11-27,0.35,0.35,0.349,0.35,3600000,1259260.0,TQBR
2015-11-30,0.349,0.35,0.344,0.35,2650000,924420.0,TQBR
2015-12-01,0.349,0.359,0.343,0.349,11470000,4086520.0,TQBR
2015-12-02,0.354,0.354,0.35,0.351,4320000,1519890.0,TQBR
2015-12-03,0.35,0.351,0.349,0.349,430000,150260.0,TQBR
2015-12-04,0.349,0.35,0.349,0.349,820000,286390.0,TQBR
2015-12-07,0.349,0.349,0.347,0.347,4260000,1485330.0,TQBR
2015-12-08,0.347,0.349,0.347,0.347,3370000,1171510.0,TQBR
2015-12-09,0.348,0.358,0.348,0.353,28180000,9936100.0,TQBR
2015-12-10,0.352,0.352,0.349,0.349,4350000,1519400.0,TQBR
2015-12-11,0.348,0.352,0.348,0.352,4650000,1632010.0,TQBR
2015-12-14,0.349,0.35,0.349,0.35,860000,300310.0,TQBR
2015-12-15,0.35,0.355,0.349,0.355,17100000,6002710.0,TQBR
2015-12-16,0.358,0.38,0.358,0.378,24190000,9013550.0,TQBR
2015-12-17,0.378,0.388,0.375,0.382,2640000,1004430.0,TQBR
2015-12-18,0.382,0.382,0.372,0.377,2390000,903260.0,TQBR
2015-12-21,0.378,0.388,0.365,0.388,8340000,3208860.0,TQBR
2015-12-22,0.378,0.382,0.373,0.381,610000,230420.0,TQBR
2015-12-23,0.382,0.383,0.379,0.383,360000,136930.0,TQBR
2015-12-24,0.38,0.39,0.38,0.381,5060000,1938470.0,TQBR
2015-12-25,0.38,0.381,0.379,0.38,2160000,820820.0,TQBR
2015-12-28,0.378,0.378,0.37,0.37,7840000,2950840.0,TQBR
2015-12-29,0.37,0.383,0.37,0.383,4560000,1705740.0,TQBR
2015-12-30,0.378,0.387,0.378,0.384,970000,370470.0,TQBR
2016-01-04,0.384,0.384,0.375,0.381,3160000,1195460.0,TQBR
2016-01-05,0.381,0.39,0.38,0.39,3130000,1199340.0,TQBR
2016-01-06,0.388,0.392,0.388,0.392,340000,132280.0,TQBR
2016-01-11,0.39,0.39,0.375,0.376,1730000,657380.0,TQBR
2016-01-12,0.368,0.392,0.365,0.39,8070000,3122490.0,TQBR
2016-01-13,0.389,0.398,0.386,0.39,7550000,2951950.0,TQBR
2016-01-14,0.383,0.383,0.375,0.379,1110000,421220.0,TQBR
2016-01-15,0.377,0.377,0.365,0.365,5020000,1855600.0,TQBR
2016-01-18,0.347,0.351,0.334,0.348,700000,243150.0,TQBR
2016-01-19,0.349,0.353,0.349,0.352,290000,102080.0,TQBR
2016-01-20,0.345,0.35,0.337,0.338,670000,229840.0,TQBR
2016-01-21,0.338,0.379,0.334,0.35,2450000,849290.0,TQBR
2016-01-22,0.362,0.38,0.359,0.38,3020000,1109620.0,TQBR
2016-01-25,0.359,0.38,0.35,0.38,5410000,1946940.0,TQBR
2016-01-26,0.36,0.36,0.357,0.357,100000,35760.0,TQBR
2016-01-27,0.35,0.37,0.345,0.36,8650000,3198050.0,TQBR
2016-01-28,0.353,0.353,0.343,0.343,1660000,579130.0,TQBR
2016-01-29,0.346,0.346,0.34,0.34,1700000,578530.0,TQBR
2016-02-01,0.34,0.343,0.34,0.34,2980000,1013230.0,TQBR
2016-02-02,0.34,0.343,0.34,0.34,810000,275490.0,TQBR
2016-02-03,0.34,0.341,0.34,0.34,790000,268700.0,TQBR
2016-02-04,0.341,0.344,0.34,0.343,150000,51130.0,TQBR
2016-02-05,0.341,0.341,0.34,0.34,60000,20410.0,TQBR
2016-02-08,0.345,0.346,0.34,0.34,90000,30760.0,TQBR
2016-02-09,0.333,0.335,0.331,0.335,50000,16630.0,TQBR
2016-02-10,0.336,0.336,0.335,0.335,80000,26870.0,TQBR
2016-02-11,0.335,0.335,0.333,0.333,1090000,363100.0,TQBR
2016-02-12,0.334,0.335,0.334,0.335,40000,13370.0,TQBR
2016-02-15,0.335,0.338,0.335,0.338,100000,33530.0,TQBR
2016-02-16,0.339,0.339,0.335,0.335,8890000,3013390.0,TQBR
2016-02-17,0.319,0.331,0.319,0.331,16768,5527.41,SMAL
2016-02-18,0.331,0.331,0.331,0.331,160000,52960.0,TQBR
2016-02-19,0.332,0.332,0.33,0.33,100000,33030.0,TQBR
2016-02-20,0.33,0.331,0.33,0.331,20000,6610.0,TQBR
2016-02-22,0.326,0.334,0.325,0.33,2560000,849390.0,TQBR
2016-02-24,0.331,0.332,0.33,0.33,170000,56270.0,TQBR
2016-02-25,0.33,0.334,0.33,0.331,840000,279290.0,TQBR
2016-02-26,0.33,0.332,0.33,0.332,2900000,957330.0,TQBR
2016-02-29,0.331,0.332,0.33,0.33,120000,39810.0,TQBR
2016-03-01,0.325,0.325,0.325,0.325,10000,3250.0,TQBR
2016-03-02,0.327,0.331,0.327,0.331,90000,29530.0,TQBR
2016-03-03,0.33,0.332,0.33,0.332,600000,198020.0,TQBR
2016-03-04,0.331,0.331,0.329,0.329,1200000,396030.0,TQBR
2016-03-07,0.337,0.337,0.334,0.334,190000,63820.0,TQBR
2016-03-09,0.333,0.335,0.333,0.335,80000,26710.0,TQBR
2016-03-10,0.333,0.338,0.333,0.333,3500000,1165680.0,TQBR
2016-03-11,0.334,0.334,0.333,0.334,760000,253190.0,TQBR
2016-03-14,0.335,0.336,0.333,0.336,1340000,446940.0,TQBR
2016-03-15,0.331,0.332,0.331,0.332,130000,43050.0,TQBR
2016-03-16,0.335,0.337,0.333,0.333,320000,107550.0,TQBR
2016-03-17,0.334,0.335,0.334,0.335,1170000,391230.0,TQBR
2016-03-18,0.336,0.337,0.334,0.336,1200000,402700.0,TQBR
2016-03-21,0.336,0.337,0.336,0.337,110000,36970.0,TQBR
2016-03-22,0.335,0.336,0.335,0.336,20000,6710.0,TQBR
2016-03-23,0.336,0.337,0.336,0.336,160000,53790.0,TQBR
2016-03-24,0.336,0.34,0.336,0.336,1740000,588850.0,TQBR
2016-03-25,0.337,0.337,0.337,0.337,110000,37070.0,TQBR
2016-03-28,0.336,0.336,0.336,0.336,9600,3225.6,SMAL
2016-03-29,0.338,0.338,0.338,0.338,1020000,344760.0,TQBR
2016-03-30,0.338,0.34,0.338,0.34,11070000,3756600.0,TQBR
2016-03-31,0.34,0.345,0.336,0.345,33550000,11398420.0,TQBR
2016-04-01,0.343,0.344,0.343,0.344,480000,164800.0,TQBR
2016-04-04,0.343,0.345,0.343,0.345,4420000,1521770.0,TQBR
2016-04-05,0.343,0.343,0.343,0.343,1120000,384160.0,TQBR
2016-04-06,0.343,0.343,0.343,0.343,210000,72030.0,TQBR
2016-04-07,0.343,0.345,0.343,0.344,650000,223470.0,TQBR
2016-04-08,0.344,0.346,0.344,0.345,1190000,410520.0,TQBR
2016-04-11,0.345,0.345,0.344,0.344,4520000,1558880.0,TQBR
2016-04-12,0.344,0.344,0.344,0.344,2850000,980400.0,TQBR
2016-04-13,0.345,0.346,0.345,0.346,320000,110600.0,TQBR
2016-04-14,0.345,0.345,0.345,0.345,1060000,365700.0,TQBR
2016-04-15,0.345,0.348,0.344,0.345,3040000,1047400.0,TQBR
2016-04-18,0.345,0.345,0.345,0.345,560000,193200.0,TQBR
2016-04-19,0.345,0.345,0.345,0.345,1410000,486450.0,TQBR
2016-04-20,0.345,0.345,0.345,0.345,920000,317400.0,TQBR
2016-04-21,0.345,0.345,0.344,0.344,1470000,506180.0,TQBR
2016-04-22,0.345,0.345,0.343,0.343,110000,37770.0,TQBR
2016-04-25,0.345,0.346,0.345,0.345,990000,341560.0,TQBR
2016-04-26,0.345,0.346,0.345,0.346,230000,79360.0,TQBR
2016-04-27,0.345,0.345,0.343,0.343,2400000,825200.0,TQBR
2016-04-28,0.345,0.345,0.322,0.341,1670000,571020.0,TQBR
2016-04-29,0.331,0.345,0.33,0.345,3700000,1265380.0,TQBR
2016-05-04,0.347,0.347,0.343,0.345,12280000,4256720.0,TQBR
2016-05-05,0.345,0.346,0.345,0.345,790000,272750.0,TQBR
2016-05-06,0.346,0.346,0.345,0.346,2960000,1024140.0,TQBR
2016-05-10,0.346,0.346,0.3,0.345,2340000,791210.0,TQBR
2016-06-09,0.31,0.35,0.31,0.35,50000,16550.0,TQBR
2016-06-10,0.35,0.35,0.35,0.35,7375,2581.25,SMAL
2016-06-14,0.335,0.335,0.335,0.335,20000,6700.0,SMAL
