date,open,high,low,close,volume,value,board
2003-02-03,0.0,0.0,0.0,0.0,0,0.0,EQNE
2003-02-04,0.0,0.0,0.0,0.0,0,0.0,EQNE
2003-02-05,0.0,0.0,0.0,0.0,0,0.0,EQNE
2003-02-06,0.0,0.0,0.0,0.0,0,0.0,EQNE
2003-02-07,0.0,0.0,0.0,0.0,0,0.0,EQNE
2003-02-10,0.0,0.0,0.0,0.0,0,0.0,EQNE
2003-02-11,0.0,0.0,0.0,0.0,0,0.0,EQNE
2003-02-12,0.0,0.0,0.0,0.0,0,0.0,EQNE
2003-02-13,0.0,0.0,0.0,0.0,0,0.0,EQNE
2003-02-14,0.0,0.0,0.0,0.0,0,0.0,EQNE
2003-02-17,0.0,0.0,0.0,0.0,0,0.0,EQNE
2003-02-18,0.0,0.0,0.0,0.0,0,0.0,EQNE
2003-02-19,0.0,0.0,0.0,0.0,0,0.0,EQNE
2003-02-20,0.0,0.0,0.0,0.0,0,0.0,EQNE
2003-02-21,0.0,0.0,0.0,0.0,0,0.0,EQNE
2003-02-25,0.0,0.0,0.0,0.0,0,0.0,EQNE
2003-02-26,0.0,0.0,0.0,0.0,0,0.0,EQNE
2003-02-27,0.0,0.0,0.0,0.0,0,0.0,EQNE
2003-02-28,0.0,0.0,0.0,0.0,0,0.0,EQNE
2003-03-03,0.0,0.0,0.0,0.0,0,0.0,EQNE
2003-03-04,0.0,0.0,0.0,0.0,0,0.0,EQNE
2003-03-05,0.0,0.0,0.0,0.0,0,0.0,EQNE
2003-03-06,0.0,0.0,0.0,0.0,0,0.0,EQNE
2003-03-07,0.0,0.0,0.0,0.0,0,0.0,EQNE
2003-03-11,0.0,0.0,0.0,0.0,0,0.0,EQNE
2003-03-17,0.0,0.0,0.0,0.0,0,0.0,EQNE
2005-07-22,77.22,77.22,55.0,59.0,5031,284875.6,EQNE
2005-07-25,59.0,70.0,59.0,70.0,4404,273734.0,EQNE
2005-07-26,72.0,72.0,65.0,65.0,202,14337.0,EQNE
2005-07-27,72.0,72.0,65.09,70.0,32,2277.09,EQNE
2005-07-28,70.0,70.0,68.0,68.0,157,10690.0,EQNE
2005-07-29,68.0,115.0,68.0,115.0,12576,1078273.59,EQNE
2005-08-01,115.75,154.0,92.01,141.5,4788,615884.78,EQNE
2005-08-02,141.0,141.0,100.01,127.99,1584,187217.68,EQNE
2005-08-03,135.0,262.0,115.1,240.0,6075,1245036.0,EQNE
2005-08-04,252.0,256.0,180.0,210.0,4083,938558.34,EQNE
2005-08-05,209.0,250.0,200.01,201.01,678,150645.63,EQNE
2005-08-08,201.01,239.96,158.0,191.0,2494,510653.53,EQNE
2005-08-09,214.0,235.0,181.01,200.0,778,163916.93,EQNE
2005-08-10,205.0,209.0,166.0,204.98,27,5218.99,EQNE
2005-08-11,205.0,205.0,140.0,160.0,4081,653830.56,EQNE
2005-08-12,160.0,162.99,151.0,151.0,1224,194311.97,EQNE
2005-08-15,150.0,152.0,135.0,150.0,1197,178862.64,EQNE
2005-08-16,137.0,170.01,137.0,150.0,2205,342731.88,EQNE
2005-08-17,155.97,161.0,150.0,156.0,2153,336103.78,EQNE
2005-08-18,156.0,159.0,135.02,143.1,2134,313957.97,EQNE
2005-08-19,153.98,164.0,120.0,159.99,3004,444239.15,EQNE
2005-08-22,152.0,176.0,150.0,161.0,784,123818.64,EQNE
2005-08-23,154.0,180.0,154.0,170.0,1803,297979.03,EQNE
2005-08-24,175.0,220.0,162.0,182.99,9652,1759522.02,EQNE
2005-08-25,180.0,189.99,172.15,182.98,1628,291623.07,EQNE
2005-08-26,180.0,191.0,177.5,180.03,1423,258551.18,EQNE
2005-08-29,179.0,180.0,160.0,169.0,9805,1669893.08,EQNE
2005-08-30,172.5,174.01,169.4,171.5,5211,899439.72,EQNE
2005-08-31,172.0,172.0,160.15,168.85,1314,213498.33,EQNE
2005-09-01,169.0,173.0,160.0,160.3,1093,180110.22,EQNE
2005-09-02,166.49,169.0,160.2,166.2,857,139204.55,EQNE
2005-09-05,161.5,164.0,156.41,158.99,257,40783.65,EQNE
2005-09-06,168.0,168.0,143.15,153.0,2795,427001.55,EQNE
2005-09-07,161.0,161.9,146.02,146.02,8680,1315878.65,EQNE
2005-09-08,143.1,155.5,143.1,148.0,1614,242039.39,EQNE
2005-09-09,144.2,152.6,144.1,152.45,861,128926.22,EQNE
2005-09-12,152.0,152.0,145.3,145.3,1764,261982.76,EQNE
2005-09-13,145.0,150.0,145.0,150.0,241,35447.22,EQNE
2005-09-14,148.0,159.0,148.0,154.0,8640,1351703.2,EQNE
2005-09-15,159.99,174.0,155.02,165.0,7853,1307585.65,EQNE
2005-09-16,173.99,174.0,167.0,170.0,2406,410423.59,EQNE
2005-09-19,174.9,179.95,168.55,175.0,1972,341707.79,EQNE
2005-09-20,169.01,174.95,169.01,170.0,685,117013.52,EQNE
2005-09-21,165.02,170.0,165.02,166.0,1055,176437.1,EQNE
2005-09-22,165.11,169.99,165.0,169.0,368,61497.94,EQNE
2005-09-23,171.9,171.95,165.0,168.97,1032,172963.23,EQNE
2005-09-26,165.0,169.9,150.4,165.0,288,47303.89,EQNE
2005-09-27,169.0,169.7,165.0,165.0,128,21163.68,EQNE
2005-09-28,167.89,170.9,160.0,170.0,2341,396157.5,EQNE
2005-09-29,170.0,175.0,162.0,165.0,2415,409080.62,EQNE
2005-09-30,165.5,173.95,160.0,164.95,1232,211461.91,EQNE
2005-10-03,168.0,170.0,158.0,161.0,1999,327405.37,EQNE
2005-10-04,158.0,163.0,155.2,155.2,8,1271.81,EQNE
2005-10-05,155.0,155.3,140.0,148.0,1377,206886.14,EQNE
2005-10-06,149.99,149.99,139.0,140.0,1088,152278.1,EQNE
2005-10-07,147.0,159.0,134.01,146.0,8771,1286978.53,EQNE
2005-10-10,146.0,148.9,136.03,142.5,4243,611252.69,EQNE
2005-10-11,146.0,150.95,137.12,149.0,1986,294790.75,EQNE
2005-10-12,151.0,154.0,140.0,140.0,897,132959.19,EQNE
2005-10-13,146.0,149.93,138.05,138.06,279,40612.81,EQNE
2005-10-14,142.99,145.0,135.0,137.33,1902,257371.3,EQNE
2005-10-17,136.0,136.0,125.0,127.6,507,65359.28,EQNE
2005-10-18,122.09,136.5,122.09,128.12,20,2614.06,EQNE
2005-10-19,126.0,130.99,124.01,124.03,6,754.08,EQNE
2005-10-20,127.95,132.0,127.95,132.0,131,16971.93,EQNE
2005-10-21,128.02,132.0,128.01,130.7,434,55993.28,EQNE
2005-10-24,130.0,134.9,130.0,134.9,2157,284679.47,EQNE
2005-10-25,133.33,136.0,133.33,134.0,354,47206.41,EQNE
2005-10-26,125.01,139.8,124.0,126.5,2780,355135.12,EQNE
2005-10-27,129.0,131.99,120.0,124.99,1935,241187.92,EQNE
2005-10-28,125.0,127.99,124.8,127.55,43,5440.88,EQNE
2005-10-31,125.1,127.4,125.01,127.4,20,2529.25,EQNE
2005-11-01,127.38,134.99,127.38,130.1,1132,149076.02,EQNE
2005-11-02,135.9,137.8,128.51,137.8,1341,176887.49,EQNE
2005-11-03,135.0,141.0,135.0,135.0,1490,205807.5,EQNE
2005-11-07,137.0,141.5,135.02,135.2,195,27369.28,EQNE
2005-11-08,137.9,139.97,133.0,133.0,1113,149930.13,EQNE
2005-11-09,135.9,137.0,133.2,136.0,1247,168567.49,EQNE
2005-11-10,136.8,136.8,130.0,136.67,2030,267031.51,EQNE
2005-11-11,130.15,135.59,130.15,135.0,1740,233119.7,EQNE
2005-11-14,128.1,134.7,128.1,134.7,49,6331.6,EQNE
2005-11-15,134.5,158.95,131.0,158.69,30143,4409907.5,EQNE
2005-11-16,158.0,184.0,158.0,174.88,19096,3245924.04,EQNE
2005-11-17,176.88,182.98,163.51,163.51,8281,1442588.99,EQNE
2005-11-18,161.0,173.99,161.0,168.94,574,95629.91,EQNE
2005-11-21,171.5,172.0,168.0,171.49,1369,232444.91,EQNE
2005-11-22,173.0,177.66,163.02,169.18,3640,624477.41,EQNE
2005-11-23,169.0,169.0,165.08,169.0,2875,479912.85,EQNE
2005-11-24,168.8,181.0,168.8,177.7,4549,793588.29,EQNE
2005-11-25,173.99,175.0,172.0,174.99,1095,191428.45,EQNE
2005-11-28,176.77,189.99,176.5,185.0,10888,2005979.23,EQNE
2005-11-29,187.9,209.0,184.0,205.0,9646,1924701.64,EQNE
2005-11-30,205.0,230.0,205.0,228.9,13486,2980520.0,EQNE
2005-12-01,227.0,243.99,213.27,230.99,17451,3956680.9,EQNE
2005-12-02,230.0,250.0,223.0,236.0,11108,2661324.15,EQNE
2005-12-05,240.5,267.5,232.0,236.0,7685,1883965.87,EQNE
2005-12-06,236.01,247.77,220.0,239.0,5370,1266771.11,EQNE
2005-12-07,239.0,240.0,217.35,225.8,10363,2326703.71,EQNE
2005-12-08,217.61,239.98,215.0,229.74,19475,4418262.39,EQNE
2005-12-09,227.04,265.0,227.0,259.0,29276,7386273.04,EQNE
2005-12-12,240.0,303.98,240.0,303.97,31794,8939248.89,EQNE
2005-12-13,311.9,359.0,311.9,332.0,29366,9805046.36,EQNE
2005-12-14,335.0,335.0,318.0,320.0,6460,2098794.96,EQNE
2005-12-15,328.5,331.0,307.0,314.9,4792,1543138.15,EQNE
2005-12-16,313.0,317.0,299.1,301.0,3853,1180561.48,EQNE
2005-12-19,314.89,329.0,301.35,323.99,4451,1418134.81,EQNE
2005-12-20,311.0,335.0,305.11,325.95,5834,1863657.82,EQNE
2005-12-21,319.95,321.0,312.0,319.99,4909,1554889.95,EQNE
2005-12-22,309.0,320.0,306.0,319.99,4657,1457258.72,EQNE
2005-12-23,305.56,319.95,263.0,307.0,7637,2276326.49,EQNE
2005-12-26,300.0,318.88,300.0,313.0,5866,1834780.08,EQNE
2005-12-27,313.07,317.0,301.51,309.9,2626,810907.79,EQNE
2005-12-28,305.04,311.9,304.0,307.98,616,190233.02,EQNE
2005-12-29,303.01,314.9,253.06,314.5,7792,2251376.21,EQNE
2005-12-30,297.77,307.9,285.3,307.9,916,267251.71,EQNE
2006-01-10,305.0,320.0,286.01,309.0,2210,672041.71,EQNE
2006-01-11,295.0,317.0,295.0,310.0,3280,1014519.3,EQNE
2006-01-12,307.0,315.0,303.0,313.98,1463,456762.81,EQNE
2006-01-13,303.01,340.5,303.01,337.7,12950,4157071.56,EQNE
2006-01-16,337.89,377.0,329.0,374.95,11576,4110305.79,EQNE
2006-01-17,363.5,395.0,342.0,363.9,9092,3243883.33,EQNE
2006-01-18,340.3,352.99,325.0,339.9,3317,1122934.22,EQNE
2006-01-19,335.0,360.0,307.77,358.34,6678,2259721.14,EQNE
2006-01-20,337.77,359.97,322.6,358.77,2720,951698.7,EQNE
2006-01-23,340.01,357.77,335.0,346.77,1870,643349.72,EQNE
2006-01-24,341.0,363.0,330.0,348.0,5346,1846271.26,EQNE
2006-01-25,337.5,354.0,335.0,350.0,4635,1582662.72,EQNE
2006-01-26,343.0,377.0,340.0,350.0,8547,3057892.36,EQNE
2006-01-27,363.0,430.0,347.0,374.9,9300,3425682.19,EQNE
2006-01-30,374.0,388.99,325.0,343.0,5472,1902061.29,EQNE
2006-01-31,338.96,339.9,315.0,327.9,4986,1621591.81,EQNE
2006-02-01,327.0,353.0,315.0,349.0,5958,1940144.78,EQNE
2006-02-02,343.99,343.99,315.01,324.49,4625,1486669.6,EQNE
2006-02-03,318.0,334.99,300.0,321.98,2579,801777.15,EQNE
2006-02-06,317.0,318.0,300.51,312.65,2799,858596.97,EQNE
2006-02-07,306.5,311.49,295.38,300.5,2634,798403.61,EQNE
2006-02-08,300.0,307.0,293.24,304.79,1510,453450.0,EQNE
2006-02-09,300.12,308.93,295.1,308.0,2757,834265.65,EQNE
2006-02-10,309.96,320.0,300.0,300.1,4244,1281493.84,EQNE
2006-02-13,301.0,306.99,300.0,300.1,2633,792819.04,EQNE
2006-02-14,306.1,332.9,301.05,320.0,8224,2639363.07,EQNE
2006-02-15,350.0,421.0,332.9,395.0,37782,14302934.79,EQNE
2006-02-16,414.0,430.0,390.05,401.0,11751,4816952.5,EQNE
2006-02-17,405.0,415.0,373.0,400.0,5905,2321771.08,EQNE
2006-02-20,407.8,407.8,385.0,400.0,3528,1395426.85,EQNE
2006-02-21,401.0,405.0,385.0,404.98,5826,2308983.88,EQNE
2006-02-22,404.0,418.0,404.0,416.0,4288,1760144.37,EQNE
2006-02-26,415.0,419.4,411.0,411.0,1164,482098.12,EQNE
2006-02-27,410.0,427.0,409.0,424.0,3969,1655336.99,EQNE
2006-02-28,427.0,428.0,401.04,405.01,892,364439.25,EQNE
2006-03-01,406.06,414.0,406.06,412.99,156,64021.92,EQNE
2006-03-02,415.0,415.0,410.0,414.8,285,117884.0,EQNE
2006-03-03,423.0,510.0,423.0,492.01,14879,7082574.69,EQNE
2006-03-06,495.5,614.95,485.0,551.0,11489,6533048.13,EQNE
2006-03-07,579.99,583.4,500.0,500.0,1613,841364.02,EQNE
2006-03-09,496.0,500.0,462.01,484.99,2243,1085497.64,EQNE
2006-03-10,472.0,472.0,425.0,468.9,898,403955.41,EQNE
2006-03-13,489.9,491.89,461.0,485.0,1037,501185.78,EQNE
2006-03-14,484.0,499.0,450.0,472.9,2812,1320351.86,EQNE
2006-03-15,463.01,468.0,430.0,465.0,885,396917.58,EQNE
2006-03-16,440.01,467.99,440.0,466.95,2836,1271358.83,EQNE
2006-03-17,465.0,483.95,465.0,483.95,1561,745951.94,EQNE
2006-03-20,487.0,498.6,476.0,480.0,255,123576.21,EQNE
2006-03-21,472.99,484.99,465.0,484.99,288,137125.3,EQNE
2006-03-22,489.99,549.95,478.0,480.0,2021,993249.62,EQNE
2006-03-23,490.0,498.99,477.0,495.0,670,327515.03,EQNE
2006-03-24,497.0,499.99,481.1,481.1,247,120667.6,EQNE
2006-03-27,484.0,490.0,472.0,480.0,2454,1183049.68,EQNE
2006-03-28,480.0,482.9,471.0,481.0,512,242558.91,EQNE
2006-03-29,479.88,482.0,441.44,482.0,497,225716.4,EQNE
2006-03-30,468.0,480.0,465.01,480.0,616,291495.85,EQNE
2006-03-31,475.0,480.0,453.0,465.0,555,258431.68,EQNE
2006-04-03,458.0,469.99,455.0,466.9,3321,1527493.98,EQNE
2006-04-04,474.24,478.0,455.25,455.25,3311,1512278.95,EQNE
2006-04-05,460.0,477.5,425.0,445.0,2091,932900.72,EQNE
2006-04-06,465.0,474.0,435.1,440.0,1757,787266.18,EQNE
2006-04-07,454.4,468.0,425.0,440.0,1557,674822.84,EQNE
2006-04-10,432.0,526.0,432.0,506.89,4718,2208353.81,EQNE
2006-04-11,518.44,567.0,475.0,475.21,2833,1452220.97,EQNE
2006-04-12,532.99,532.99,464.0,496.86,906,429757.0,EQNE
2006-04-13,472.5,480.0,450.0,478.95,254,118990.69,EQNE
2006-04-14,496.99,497.0,485.0,485.0,38,18465.88,EQNE
2006-04-17,489.0,489.0,478.0,478.0,101,48289.0,EQNE
2006-04-18,474.9,474.9,432.1,444.0,1099,485442.08,EQNE
2006-04-19,440.0,458.82,433.0,458.8,3890,1761536.55,EQNE
2006-04-20,460.0,479.99,440.0,464.9,1921,866643.95,EQNE
2006-04-21,448.0,459.98,435.0,451.0,171,77473.75,EQNE
2006-04-24,463.0,490.0,460.0,475.0,2709,1268836.69,EQNE
2006-04-25,465.0,480.0,465.0,478.0,279,132338.38,EQNE
2006-04-26,479.0,489.0,466.0,485.0,464,219016.84,EQNE
2006-04-27,474.0,474.0,440.0,445.0,1322,589098.06,EQNE
2006-04-28,445.0,460.0,436.0,436.0,1587,724194.03,EQNE
2006-05-02,454.9,465.0,436.0,453.9,333,147174.36,EQNE
2006-05-03,450.0,460.0,450.0,460.0,221,100851.05,EQNE
2006-05-04,445.0,458.58,420.0,438.99,1487,632359.0,EQNE
2006-05-05,430.0,438.98,425.0,430.0,298,127794.69,EQNE
2006-05-06,430.0,434.99,430.0,434.99,7,3019.39,EQNE
2006-05-10,431.0,431.0,423.0,430.0,764,327750.95,EQNE
2006-05-11,429.95,430.0,405.2,422.0,452,186140.2,EQNE
2006-05-12,425.0,428.0,405.01,416.0,1249,525721.3,EQNE
2006-05-15,424.9,424.9,400.0,414.0,368,149355.99,EQNE
2006-05-16,385.0,414.23,385.0,414.23,3876,1493896.1,EQNE
2006-05-17,413.5,434.0,409.0,417.0,34,14276.79,EQNE
2006-05-18,363.0,398.0,355.01,365.25,1774,650987.08,EQNE
2006-05-19,414.98,414.98,320.01,390.0,666,232489.72,EQNE
2006-05-22,330.07,350.0,325.1,331.2,966,331270.92,EQNE
2006-05-23,350.0,350.0,225.0,340.0,897,279057.78,EQNE
2006-05-24,345.0,348.0,321.11,339.9,4178,1432790.33,EQNE
2006-05-25,339.0,345.0,305.0,324.9,2620,860991.38,EQNE
2006-05-26,340.0,350.0,340.0,348.0,901,309769.17,EQNE
2006-05-29,350.0,350.0,333.1,346.99,423,145472.54,EQNE
2006-05-30,351.0,352.29,339.9,339.9,533,182422.87,EQNE
2006-05-31,341.0,347.0,300.0,347.0,1152,373320.66,EQNE
2006-06-01,338.47,338.47,338.47,338.47,10,3384.7,EQNE
2006-06-02,309.02,368.0,309.01,367.0,745,252025.96,EQNE
2006-06-05,369.9,372.0,365.0,368.0,40,14708.6,EQNE
2006-06-06,340.0,360.0,333.0,347.0,345,119735.86,EQNE
2006-06-07,336.0,336.0,305.55,333.8,748,241937.02,EQNE
2006-06-08,315.0,315.0,308.9,310.0,1262,391568.0,EQNE
2006-06-09,319.9,320.0,295.0,318.0,363,113020.19,EQNE
2006-06-13,280.01,310.0,275.0,299.99,243,69542.15,EQNE
2006-06-14,300.0,300.0,281.22,300.0,285,84907.35,EQNE
2006-06-15,315.0,315.0,285.36,300.0,749,225651.08,EQNE
2006-06-16,309.0,309.0,295.0,307.79,23,6846.99,EQNE
2006-06-19,315.0,315.0,298.0,298.0,53,15912.7,EQNE
2006-06-20,309.99,309.99,300.0,305.0,155,47214.95,EQNE
2006-06-21,309.97,309.97,299.99,299.99,297,89122.4,EQNE
2006-06-22,315.0,315.0,290.0,297.0,219,64118.52,EQNE
2006-06-23,298.95,298.95,291.01,295.0,14,4101.95,EQNE
2006-06-26,286.51,295.79,286.5,294.8,15,4340.26,EQNE
2006-06-27,288.01,297.0,285.0,296.95,927,265259.81,EQNE
2006-06-28,271.03,277.72,260.0,277.72,799,215559.73,EQNE
2006-06-29,296.9,296.9,278.01,289.0,710,207567.89,EQNE
2006-06-30,300.0,300.0,285.01,299.99,237,69614.01,EQNE
2006-07-03,310.01,310.01,277.01,299.54,109,32634.78,EQNE
2006-07-04,280.0,309.0,280.0,292.99,326,93396.69,EQNE
2006-07-05,288.0,299.99,275.05,290.0,266,74700.19,EQNE
2006-07-06,270.0,289.8,270.0,289.7,146,41709.1,EQNE
2006-07-07,300.0,302.98,290.0,301.0,140,41116.71,EQNE
2006-07-10,302.0,302.0,210.83,300.0,180,44045.14,EQNE
2006-07-11,300.0,309.0,298.0,301.93,397,120044.58,EQNE
2006-07-12,299.5,299.5,299.0,299.0,11,3294.0,EQNE
2006-07-13,285.0,298.96,281.01,298.96,45,12839.64,EQNE
2006-07-14,282.0,299.7,276.33,296.98,2145,605028.78,EQNE
2006-07-19,299.0,299.0,281.0,285.0,76,21604.96,EQNE
2006-07-20,300.0,300.0,299.99,299.99,704,211193.0,EQNE
2006-07-21,290.0,299.0,290.0,298.0,110,31917.0,EQNE
2006-07-24,275.16,299.0,275.15,299.0,34,9396.61,EQNE
2006-07-25,286.0,295.0,286.0,295.0,44,12612.0,EQNE
2006-07-26,276.0,286.0,275.0,286.0,709,195401.02,EQNE
2006-07-27,287.0,298.0,275.11,298.0,202,57854.21,EQNE
2006-07-28,294.9,299.99,280.0,299.99,933,264289.88,EQNE
2006-07-31,286.0,297.9,281.01,297.9,644,183142.16,EQNE
2006-08-01,293.94,293.94,290.0,290.0,224,64980.25,EQNE
2006-08-02,297.99,304.95,290.03,304.95,249,74670.77,EQNE
2006-08-03,300.0,304.0,291.1,304.0,139,41108.84,EQNE
2006-08-04,304.9,304.9,304.9,304.9,3,914.7,EQNE
2006-08-07,300.51,303.0,299.0,303.0,713,214539.55,EQNE
2006-08-08,300.0,320.0,295.01,306.0,1055,319374.32,EQNE
2006-08-09,305.15,339.9,305.15,335.0,1233,391860.68,EQNE
2006-08-10,332.0,332.0,310.15,317.0,1090,346119.8,EQNE
2006-08-11,310.17,324.98,305.0,324.0,362,112604.36,EQNE
2006-08-14,323.5,338.0,315.0,327.77,808,257126.93,EQNE
2006-08-15,326.89,333.0,305.16,324.0,669,215006.09,EQNE
2006-08-16,326.0,426.0,316.06,383.7,32434,11993018.17,EQNE
2006-08-17,370.0,381.95,360.0,362.0,378,139934.65,EQNE
2006-08-18,379.8,405.39,335.55,351.98,717,257647.3,EQNE
2006-08-21,340.01,369.98,307.1,320.0,1307,429718.17,EQNE
2006-08-22,329.0,357.8,321.1,339.9,369,120926.17,EQNE
2006-08-23,344.0,344.0,336.0,342.9,3,1022.9,EQNE
2006-08-24,326.0,343.97,315.24,343.97,11,3534.2,EQNE
2006-08-25,325.0,345.0,321.11,345.0,125,41444.21,EQNE
2006-08-28,347.92,347.93,347.82,347.82,44,15308.36,EQNE
2006-08-29,345.73,389.0,345.73,378.0,205,72034.66,EQNE
2006-08-30,350.0,372.0,350.0,355.0,384,137109.11,EQNE
2006-08-31,368.0,368.0,335.01,358.0,32,11195.71,EQNE
2006-09-01,364.99,364.99,350.99,359.99,7,2497.95,EQNE
2006-09-04,350.0,369.0,350.0,362.0,223,81736.44,EQNE
2006-09-05,330.02,357.99,330.02,357.99,825,289995.0,EQNE
2006-09-06,364.89,364.89,350.0,350.0,1109,397655.36,EQNE
2006-09-07,343.0,358.99,321.01,353.5,819,279393.13,EQNE
2006-09-08,335.0,350.0,335.0,349.95,194,65755.44,EQNE
2006-09-11,336.0,339.0,335.0,338.99,67,22457.99,EQNE
2006-09-12,338.99,345.0,338.99,343.89,185,63584.05,EQNE
2006-09-13,379.0,379.0,333.01,349.99,638,223818.73,EQNE
2006-09-14,352.0,352.26,351.99,352.26,15,5280.51,EQNE
2006-09-15,348.0,349.98,341.0,345.0,159,54874.7,EQNE
2006-09-18,352.69,352.69,330.15,350.0,311,105470.9,EQNE
2006-09-19,337.58,349.6,335.0,340.0,399,134940.61,EQNE
2006-09-20,332.0,363.99,326.0,359.0,2138,735670.23,EQNE
2006-09-21,350.0,354.99,336.0,350.0,462,156619.37,EQNE
2006-09-22,341.0,349.99,336.0,348.0,166,56057.98,EQNE
2006-09-25,330.5,339.99,315.57,333.99,277,88475.83,EQNE
2006-09-26,338.0,357.0,338.0,349.98,3926,1356203.46,EQNE
2006-09-27,352.0,368.0,352.0,364.0,2038,731179.06,EQNE
2006-09-28,360.0,385.98,356.0,383.0,2784,1029567.03,EQNE
2006-09-29,384.9,394.4,373.0,381.0,3823,1470951.75,EQNE
2006-10-02,384.0,419.0,384.0,416.0,6337,2555209.27,EQNE
2006-10-03,416.0,423.37,396.0,397.0,3758,1537458.76,EQNE
2006-10-04,398.0,406.0,397.0,400.0,618,248112.56,EQNE
2006-10-05,399.8,418.89,396.0,417.77,3768,1549517.4,EQNE
2006-10-06,414.5,447.94,400.0,418.0,5049,2133747.76,EQNE
2006-10-09,420.5,445.0,417.5,435.0,3687,1601444.78,EQNE
2006-10-10,448.0,454.0,422.0,434.0,3894,1722508.79,EQNE
2006-10-11,425.0,445.0,420.0,437.5,1323,571230.33,EQNE
2006-10-12,437.0,439.0,420.02,430.0,240,103772.26,EQNE
2006-10-13,420.51,451.99,420.51,433.03,2532,1106329.84,EQNE
2006-10-16,448.98,449.0,440.0,440.0,138,61878.57,EQNE
2006-10-17,449.0,449.0,421.0,430.0,991,427008.41,EQNE
2006-10-18,429.0,439.0,415.0,430.0,2182,944201.81,EQNE
2006-10-19,437.87,446.99,415.1,415.1,371,159566.11,EQNE
2006-10-20,438.9,438.9,415.02,415.12,1678,713490.9,EQNE
2006-10-23,420.0,429.84,405.0,424.77,3669,1551832.41,EQNE
2006-10-24,421.0,454.5,417.0,450.8,12760,5602757.81,EQNE
2006-10-25,459.69,463.98,448.0,454.8,2195,1003656.38,EQNE
2006-10-26,460.0,470.0,453.0,457.0,5827,2698134.62,EQNE
2006-10-27,465.92,489.98,455.0,469.0,941,439884.45,EQNE
2006-10-30,474.99,475.0,452.99,455.0,403,185069.19,EQNE
2006-10-31,430.0,465.0,421.0,446.0,3136,1407147.71,EQNE
2006-11-01,465.0,469.98,450.0,454.98,2325,1076589.7,EQNE
2006-11-02,460.0,468.0,451.05,455.02,2776,1267206.49,EQNE
2006-11-03,462.37,464.9,458.0,460.0,2109,973420.17,EQNE
2006-11-07,462.46,467.48,459.9,465.0,1904,876665.88,EQNE
2006-11-08,460.03,469.96,450.01,469.96,2476,1153557.74,EQNE
2006-11-09,468.0,470.0,457.0,469.5,4859,2255484.69,EQNE
2006-11-10,465.05,468.89,465.05,468.89,70,32818.46,EQNE
2006-11-13,469.5,493.0,469.49,480.01,6369,3084072.04,EQNE
2006-11-14,488.99,489.0,460.03,479.0,835,394682.22,EQNE
2006-11-15,479.89,490.0,479.89,490.0,2004,970330.28,EQNE
2006-11-16,493.0,495.0,475.03,493.0,2279,1116015.0,EQNE
2006-11-17,493.0,506.5,479.99,506.5,4872,2371351.62,EQNE
2006-11-20,514.5,520.0,505.01,518.99,1230,631889.93,EQNE
2006-11-21,528.0,554.98,521.02,545.0,2482,1325057.13,EQNE
2006-11-22,555.0,555.0,530.3,540.08,43078,23236134.79,EQNE
2006-11-23,552.0,563.99,540.3,559.0,34634,19006703.92,EQNE
2006-11-24,555.01,559.99,550.0,557.0,553,308435.72,EQNE
2006-11-27,542.03,578.97,542.02,544.0,641,353605.14,EQNE
2006-11-28,547.2,559.0,539.99,545.0,324,176089.22,EQNE
2006-11-29,533.0,552.0,533.0,551.99,6303,3447465.41,EQNE
2006-11-30,547.05,552.5,535.02,540.01,96951,52719945.4,EQNE
2006-12-01,540.0,555.98,509.99,541.99,19891,10841461.1,EQNE
2006-12-04,554.99,554.99,529.99,536.5,2402,1289143.75,EQNE
2006-12-05,537.99,540.0,515.98,533.2,1351,719674.07,EQNE
2006-12-06,520.01,530.5,515.0,521.01,571,300152.23,EQNE
2006-12-07,535.99,539.0,522.1,530.0,643,339287.37,EQNE
2006-12-08,530.0,530.0,500.02,525.99,2091,1087539.08,EQNE
2006-12-11,517.05,535.0,497.0,517.49,3691,1868556.82,EQNE
2006-12-12,524.0,527.9,501.1,525.0,18808,9760631.65,EQNE
2006-12-13,530.0,543.0,503.26,512.06,1196,609356.74,EQNE
2006-12-14,520.0,530.0,511.0,520.0,27273,14071708.95,EQNE
2006-12-15,525.0,526.0,512.0,525.0,4264,2217832.23,EQNE
2006-12-18,530.0,535.0,521.0,530.0,1597,843649.38,EQNE
2006-12-19,530.0,582.79,521.1,560.5,23522,13110122.5,EQNE
2006-12-20,585.99,601.69,566.45,592.57,26602,15408613.65,EQNE
2006-12-21,585.5,628.0,585.5,615.01,17625,10823508.24,EQNE
2006-12-22,620.0,628.72,600.0,600.0,3557,2181315.48,EQNE
2006-12-25,601.02,608.34,582.1,591.57,1952,1162827.33,EQNE
2006-12-26,591.29,591.29,570.0,576.9,2018,1165325.37,EQNE
2006-12-27,575.5,599.95,575.0,592.0,4018,2351373.31,EQNE
2006-12-28,599.88,643.5,598.99,629.98,12320,7731216.2,EQNE
2006-12-29,634.9,644.0,625.99,640.0,3034,1940482.99,EQNE
2007-01-09,631.21,634.6,592.01,627.0,5602,3422058.27,EQNE
2007-01-10,619.99,619.99,585.49,600.0,3374,2035430.12,EQNE
2007-01-11,600.0,657.07,599.99,650.0,11559,7315284.72,EQNE
2007-01-12,645.0,813.0,645.0,799.77,30040,21833118.38,EQNE
2007-01-15,766.5,1000.0,766.5,1000.0,28356,26917462.68,EQNE
2007-01-16,999.99,1195.0,999.99,1123.0,35853,40829317.43,EQNE
2007-01-17,1147.5,1279.0,960.0,1011.0,30909,32958170.92,EQNE
2007-01-18,1035.01,1083.0,980.0,1000.0,12385,12754432.96,EQNE
2007-01-19,982.16,982.16,910.0,969.9,7354,6874076.03,EQNE
2007-01-22,970.0,1110.0,970.0,1110.0,13430,14462498.54,EQNE
2007-01-23,1115.0,1115.0,1056.0,1079.88,4358,4736707.65,EQNE
2007-01-24,1079.88,1091.5,976.0,1027.0,6063,6145676.02,EQNE
2007-01-25,1009.5,1068.79,1009.5,1055.0,4232,4461258.51,EQNE
2007-01-26,1045.51,1045.51,999.99,1028.0,2846,2878312.98,EQNE
2007-01-29,1027.97,1049.8,979.0,981.01,2746,2766053.89,EQNE
2007-01-30,970.0,970.0,928.2,964.0,3371,3192187.86,EQNE
2007-01-31,965.5,1024.5,960.0,991.0,10299,10208523.41,EQNE
2007-02-01,995.0,1009.96,985.01,997.5,2569,2571619.25,EQNE
2007-02-02,1019.86,1029.0,970.04,995.93,1816,1816863.83,EQNE
2007-02-05,990.0,1000.47,970.15,990.0,1062,1043982.55,EQNE
2007-02-06,990.0,1000.0,950.0,992.0,9067,8807855.95,EQNE
2007-02-07,970.01,970.01,930.02,933.0,6332,5971893.94,EQNE
2007-02-08,943.99,943.99,880.3,887.04,3847,3441793.15,EQNE
2007-02-09,909.0,910.0,860.0,900.47,1921,1709470.61,EQNE
2007-02-12,870.05,904.79,870.05,890.9,1186,1061345.71,EQNE
2007-02-13,876.0,969.0,875.0,955.0,4024,3734154.53,EQNE
2007-02-14,950.0,959.8,918.05,944.88,2188,2059056.12,EQNE
2007-02-15,960.0,960.0,911.3,919.89,1707,1574369.86,EQNE
2007-02-16,920.98,935.94,911.0,920.0,750,684466.51,EQNE
2007-02-19,920.0,946.0,905.0,915.0,810,741476.19,EQNE
2007-02-20,919.99,976.0,919.99,940.0,5166,4912828.76,EQNE
2007-02-21,969.99,980.0,945.1,948.02,2987,2868141.12,EQNE
2007-02-22,970.0,979.0,953.23,961.0,965,932022.56,EQNE
2007-02-26,976.75,976.75,953.0,964.0,1476,1420812.1,EQNE
2007-02-27,956.22,965.0,875.0,900.0,1523,1411920.97,EQNE
2007-02-28,899.5,899.5,610.01,847.05,6195,5015979.43,EQNE
2007-03-01,847.06,879.96,730.0,780.0,2460,2006106.12,EQNE
2007-03-02,791.0,805.0,780.0,790.0,598,474091.0,EQNE
2007-03-05,797.0,797.0,701.01,726.05,2706,1928775.94,EQNE
2007-03-06,760.0,885.0,755.24,785.0,2073,1651347.23,EQNE
2007-03-07,805.0,863.0,805.0,845.78,1419,1185060.93,EQNE
2007-03-09,879.0,909.1,855.1,890.99,1521,1360391.81,EQNE
2007-03-12,909.09,947.0,856.09,870.0,2315,2066725.14,EQNE
2007-03-13,889.99,890.0,859.99,861.01,482,418177.4,EQNE
2007-03-14,803.01,845.0,777.0,843.97,1586,1283278.29,EQNE
2007-03-15,860.0,870.32,810.03,845.0,1873,1575214.29,EQNE
2007-03-16,862.77,870.0,831.0,848.94,559,475641.92,EQNE
2007-03-19,869.69,869.69,823.0,855.0,653,553203.57,EQNE
2007-03-20,855.0,857.21,821.04,839.9,367,308418.38,EQNE
2007-03-21,864.99,864.99,812.01,845.99,297,250166.02,EQNE
2007-03-22,869.7,869.7,845.03,850.0,520,446681.56,EQNE
2007-03-23,855.5,870.0,850.0,856.0,885,758189.06,EQNE
2007-03-26,860.0,868.77,850.0,860.0,997,855694.41,EQNE
2007-03-27,860.5,870.01,858.0,863.0,1808,1555986.19,EQNE
2007-03-28,850.01,867.98,850.0,863.23,1242,1071415.87,EQNE
2007-03-29,869.99,901.01,869.99,887.78,1195,1053383.14,EQNE
2007-03-30,899.5,899.99,870.01,878.97,848,746820.11,EQNE
2007-04-02,879.0,879.0,855.04,860.01,289,248839.55,EQNE
2007-04-03,861.05,873.0,861.05,873.0,432,373608.16,EQNE
2007-04-04,889.0,897.27,877.01,882.0,545,483065.35,EQNE
2007-04-05,883.94,970.0,883.94,958.51,4598,4287609.73,EQNE
2007-04-06,990.0,1050.0,981.51,1039.94,18588,19018572.27,EQNE
2007-04-09,1055.17,1139.0,1049.0,1109.93,11913,13082977.35,EQNE
2007-04-10,1110.0,1128.54,1011.0,1114.87,7581,8200564.43,EQNE
2007-04-11,1122.0,1124.99,1085.09,1098.99,5715,6338632.94,EQNE
2007-04-12,1099.0,1099.0,1040.0,1078.8,3323,3532205.92,EQNE
2007-04-13,1078.8,1097.88,1055.1,1085.0,3351,3635080.26,EQNE
2007-04-16,1038.0,1105.0,1038.0,1075.0,2925,3136508.82,EQNE
2007-04-17,1086.93,1090.0,1039.5,1048.99,2726,2864608.89,EQNE
2007-04-18,1049.4,1049.4,1001.02,1003.9,2485,2532691.92,EQNE
2007-04-19,1000.0,1014.0,960.0,975.0,2305,2265856.6,EQNE
2007-04-20,998.97,1012.99,990.0,990.0,2248,2238585.17,EQNE
2007-04-23,996.83,1010.0,990.0,990.0,778,776309.0,EQNE
2007-04-24,996.0,996.0,970.0,985.99,800,792127.35,EQNE
2007-04-25,970.0,970.01,927.27,952.01,5548,5236649.02,EQNE
2007-04-26,968.92,968.99,927.33,927.33,1373,1296360.76,EQNE
2007-04-27,920.01,928.99,880.1,890.0,1530,1395909.7,EQNE
2007-04-28,909.8,915.0,881.0,908.88,1576,1417954.04,EQNE
2007-05-02,908.9,945.0,900.04,945.0,2083,1935588.74,EQNE
2007-05-03,958.69,1030.0,958.69,988.0,4089,4041219.37,EQNE
2007-05-04,995.0,999.99,933.0,987.99,1971,1901419.41,EQNE
2007-05-07,989.0,1050.0,965.0,1049.0,8126,8168399.18,EQNE
2007-05-08,1070.0,1098.99,1008.0,1023.59,3634,3750948.73,EQNE
2007-05-10,1014.0,1050.0,993.01,1015.0,2888,2952631.26,EQNE
2007-05-11,1002.0,1002.0,940.0,954.0,2938,2837004.96,EQNE
2007-05-14,977.89,985.0,901.0,968.0,2319,2188023.42,EQNE
2007-05-15,968.5,970.0,933.86,965.99,2848,2730153.08,EQNE
2007-05-16,942.01,968.8,942.01,968.8,938,897427.46,EQNE
2007-05-17,969.0,986.04,945.0,950.0,429,410076.12,EQNE
2007-05-18,940.0,961.01,937.0,940.01,1188,1130873.14,EQNE
2007-05-21,954.99,960.0,943.0,954.98,800,761420.94,EQNE
2007-05-22,954.0,960.0,911.01,926.06,1652,1534874.58,EQNE
2007-05-23,939.99,939.99,903.22,920.0,4515,4194718.32,EQNE
2007-05-24,910.0,929.83,881.01,917.0,4362,4012167.85,EQNE
2007-05-25,885.0,924.99,882.0,914.0,589,535533.4,EQNE
2007-05-28,927.71,938.99,901.01,914.98,616,563194.19,EQNE
2007-05-29,910.01,910.03,873.0,873.0,571,507511.24,EQNE
2007-05-30,826.0,887.98,821.0,880.0,2431,2067202.94,EQNE
2007-05-31,884.85,898.0,880.0,894.79,3292,2917152.65,EQNE
2007-06-01,890.0,900.0,885.2,891.88,625,557276.98,EQNE
2007-06-04,891.88,891.88,880.0,889.98,708,628838.75,EQNE
2007-06-05,894.79,905.0,886.18,894.5,766,686985.5,EQNE
2007-06-06,895.0,895.0,880.16,880.16,161,142711.56,EQNE
2007-06-07,878.0,881.0,870.0,875.0,635,557563.27,EQNE
2007-06-08,847.54,888.0,847.54,879.98,2163,1877288.99,EQNE
2007-06-09,860.21,900.0,860.21,880.0,202,178741.36,EQNE
2007-06-13,874.0,980.0,863.09,885.0,4544,4062332.31,EQNE
2007-06-14,887.0,895.0,875.0,895.0,831,733304.94,EQNE
2007-06-15,900.0,900.0,890.0,890.0,523,467252.55,EQNE
2007-06-18,900.0,900.0,876.05,880.0,481,425921.01,EQNE
2007-06-19,877.71,879.99,850.0,878.75,1366,1187256.31,EQNE
2007-06-20,885.51,904.99,871.06,883.86,3079,2724930.98,EQNE
2007-06-21,883.86,883.86,871.0,875.0,3678,3217720.29,EQNE
2007-06-22,879.9,895.0,860.83,886.79,1574,1391513.51,EQNE
2007-06-25,870.51,878.87,864.92,877.97,322,279962.12,EQNE
2007-06-26,861.51,874.99,860.0,869.0,539,466667.65,EQNE
2007-06-27,868.98,868.98,856.09,856.09,460,395306.61,EQNE
2007-06-28,879.0,883.82,861.02,862.2,281,243080.13,EQNE
2007-06-29,866.0,866.0,857.02,857.02,362,311792.27,EQNE
2007-07-02,851.41,862.0,850.0,858.5,574,491024.11,EQNE
2007-07-03,858.0,860.0,846.01,853.89,905,770386.12,EQNE
2007-07-04,850.01,855.37,845.0,854.0,1507,1280223.4,EQNE
2007-07-05,854.36,860.0,843.05,855.0,5790,4918661.31,EQNE
2007-07-06,847.02,854.98,840.0,853.35,4518,3808990.35,EQNE
2007-07-09,853.36,860.99,845.32,860.0,3123,2666834.8,EQNE
2007-07-10,855.0,858.0,847.05,850.0,1030,877880.34,EQNE
2007-07-11,845.03,849.9,838.0,848.04,941,791097.48,EQNE
2007-07-12,853.5,855.0,842.0,842.3,1526,1294903.03,EQNE
2007-07-13,845.99,849.89,840.0,847.0,559,472777.96,EQNE
2007-07-16,849.49,849.5,843.0,843.0,222,187571.3,EQNE
2007-07-17,844.0,844.0,841.05,842.0,209,176361.01,EQNE
2007-07-18,848.97,848.97,835.0,840.0,2117,1783817.52,EQNE
2007-07-19,840.0,855.0,839.02,850.9,2036,1727844.72,EQNE
2007-07-20,842.0,843.99,835.0,835.0,1010,846435.37,EQNE
2007-07-23,836.1,836.1,828.11,835.0,2125,1771015.32,EQNE
2007-07-24,826.5,840.0,820.0,824.0,2460,2034959.45,EQNE
2007-07-25,821.1,821.11,800.12,815.0,1459,1190631.79,EQNE
2007-07-26,822.36,836.0,810.0,811.66,3271,2685698.43,EQNE
2007-07-27,780.54,810.0,771.08,795.0,575,457869.33,EQNE
2007-07-30,800.0,814.8,780.0,804.78,520,412642.32,EQNE
2007-07-31,803.0,809.0,790.0,806.98,635,507323.72,EQNE
2007-08-01,790.0,806.0,787.01,799.97,1735,1379434.39,EQNE
2007-08-02,798.99,807.0,791.16,806.99,154,123248.61,EQNE
2007-08-03,804.99,804.99,780.0,800.8,565,443489.1,EQNE
2007-08-06,776.13,790.0,770.0,782.0,190,148351.64,EQNE
2007-08-07,787.97,794.5,785.0,790.0,285,224980.42,EQNE
2007-08-08,794.99,804.4,794.99,804.4,1351,1081031.66,EQNE
2007-08-09,803.0,806.79,792.01,792.01,1447,1158269.89,EQNE
2007-08-10,791.0,795.0,760.05,780.0,941,740558.22,EQNE
2007-08-13,785.0,798.0,783.01,789.0,609,479434.09,EQNE
2007-08-14,781.0,797.0,780.0,784.0,940,747868.74,EQNE
2007-08-15,784.0,784.0,762.0,777.19,96,74280.37,EQNE
2007-08-16,765.0,771.01,740.01,740.01,1702,1283454.74,EQNE
2007-08-17,743.99,745.0,725.0,744.99,1144,843045.04,EQNE
2007-08-20,755.02,764.86,725.48,736.99,391,287328.61,EQNE
2007-08-21,732.0,732.0,710.02,717.0,782,558099.86,EQNE
2007-08-22,725.0,728.99,714.0,723.8,517,373263.96,EQNE
2007-08-23,728.0,735.0,714.0,714.0,161,116033.35,EQNE
2007-08-24,702.22,715.99,690.18,710.99,139,98418.18,EQNE
2007-08-27,712.02,712.03,705.0,705.0,559,396509.46,EQNE
2007-08-28,705.55,708.0,697.0,705.0,684,481256.94,EQNE
2007-08-29,695.0,695.01,690.0,695.0,387,268933.01,EQNE
2007-08-30,700.0,797.0,690.0,707.0,1839,1339458.68,EQNE
2007-08-31,700.0,735.0,700.0,733.0,1232,890331.7,EQNE
2007-09-03,736.26,761.67,736.26,745.02,2826,2121647.78,EQNE
2007-09-04,741.0,745.01,724.0,730.0,446,328694.64,EQNE
2007-09-05,731.0,734.5,710.0,729.99,1781,1280626.72,EQNE
2007-09-06,727.91,728.0,715.39,727.5,138,99612.94,EQNE
2007-09-07,711.0,727.39,706.0,724.9,1020,729911.43,EQNE
2007-09-10,712.0,723.98,701.13,718.0,175,124402.64,EQNE
2007-09-11,719.52,725.0,718.0,718.0,450,324051.55,EQNE
2007-09-12,730.0,730.0,718.0,725.0,65,46794.45,EQNE
2007-09-13,715.51,729.89,689.0,718.85,2515,1771724.41,EQNE
2007-09-14,720.0,725.0,690.0,720.0,1235,874444.96,EQNE
2007-09-17,720.0,720.0,650.0,655.12,3742,2521865.75,EQNE
2007-09-18,670.0,670.0,646.0,666.94,972,635110.39,EQNE
2007-09-19,689.0,696.0,680.0,687.5,1753,1208050.46,EQNE
2007-09-20,687.1,687.1,667.07,675.0,1449,973904.52,EQNE
2007-09-21,664.16,677.0,651.01,674.0,2648,1758926.63,EQNE
2007-09-24,674.0,674.0,652.69,663.95,1118,734248.34,EQNE
2007-09-25,667.98,667.98,607.23,646.0,2584,1638420.41,EQNE
2007-09-26,642.11,654.6,626.0,647.02,349,222433.17,EQNE
2007-09-27,667.97,675.0,658.01,670.02,2830,1892277.72,EQNE
2007-09-28,679.99,700.0,663.0,698.9,938,643157.66,EQNE
2007-10-01,681.2,688.06,662.07,673.8,399,270789.85,EQNE
2007-10-02,696.99,697.0,672.5,696.25,940,643125.96,EQNE
2007-10-03,697.0,699.0,665.0,686.0,385,261912.45,EQNE
2007-10-04,661.08,717.0,661.08,709.99,1992,1387997.29,EQNE
2007-10-05,709.99,720.0,686.13,700.34,1600,1114221.96,EQNE
2007-10-08,697.77,700.0,686.0,699.99,637,441574.85,EQNE
2007-10-09,687.0,694.0,680.0,690.0,580,398886.04,EQNE
2007-10-10,695.0,704.98,691.5,699.93,412,287003.2,EQNE
2007-10-11,698.0,701.0,690.01,700.98,589,409640.51,EQNE
2007-10-12,699.49,699.49,690.01,697.0,362,251792.99,EQNE
2007-10-15,702.5,704.41,695.0,700.4,1237,865679.15,EQNE
2007-10-16,695.02,701.0,691.5,692.01,870,605469.54,EQNE
2007-10-17,685.5,694.0,685.27,694.0,485,335747.33,EQNE
2007-10-18,696.98,704.0,695.5,703.4,1531,1072065.89,EQNE
2007-10-19,696.01,696.41,670.0,690.5,716,492098.53,EQNE
2007-10-22,675.0,689.0,675.0,685.0,258,175868.15,EQNE
2007-10-23,683.5,690.0,677.0,687.98,1304,890007.35,EQNE
2007-10-24,675.03,692.0,670.0,675.0,1044,706456.22,EQNE
2007-10-25,682.73,800.0,678.99,739.99,13102,9792880.55,EQNE
2007-10-26,743.99,749.0,710.0,748.99,2413,1760049.58,EQNE
2007-10-29,750.0,770.9,750.0,756.0,1208,922156.75,EQNE
2007-10-30,752.5,766.0,734.14,748.0,5425,4040338.63,EQNE
2007-10-31,748.0,819.89,748.0,802.0,5675,4480131.71,EQNE
2007-11-01,822.0,835.0,807.0,815.11,11659,9609383.83,EQNE
2007-11-02,815.0,824.0,795.0,815.0,3919,3188579.36,EQNE
2007-11-06,822.0,852.0,822.0,840.0,1817,1516599.42,EQNE
2007-11-07,840.0,869.98,835.61,869.98,2941,2503309.95,EQNE
2007-11-08,874.99,888.85,841.5,876.0,1732,1514185.09,EQNE
2007-11-09,906.9,906.9,864.31,864.31,3721,3243184.14,EQNE
2007-11-12,851.1,868.91,800.02,810.0,1982,1676572.68,EQNE
2007-11-13,811.0,839.0,811.0,827.4,2279,1879332.38,EQNE
2007-11-14,833.7,846.0,832.0,840.99,4361,3652323.28,EQNE
2007-11-15,829.21,849.95,829.21,835.16,776,651443.3,EQNE
2007-11-16,830.0,834.95,817.0,829.67,3059,2516609.51,EQNE
2007-11-19,828.95,836.0,814.0,833.0,996,823327.71,EQNE
2007-11-20,820.11,837.77,810.01,837.77,5287,4354954.72,EQNE
2007-11-21,819.0,827.01,808.0,815.0,1935,1569641.92,EQNE
2007-11-22,820.99,820.99,807.02,807.02,526,425621.92,EQNE
2007-11-23,807.02,820.59,807.0,815.0,365,295944.15,EQNE
2007-11-26,819.5,830.0,819.5,825.5,1288,1064448.42,EQNE
2007-11-27,828.0,828.0,820.0,820.0,294,241284.9,EQNE
2007-11-28,824.99,826.9,816.0,826.9,281,231375.39,EQNE
2007-11-29,828.0,844.0,828.0,837.0,975,816938.36,EQNE
2007-11-30,837.99,845.01,810.01,843.0,1229,1025891.49,EQNE
2007-12-03,841.0,844.0,835.01,836.01,1461,1226444.14,EQNE
2007-12-04,824.0,840.0,813.0,840.0,939,776594.59,EQNE
2007-12-05,835.12,842.52,825.5,842.51,1041,865964.35,EQNE
2007-12-06,842.52,855.0,830.0,840.0,2752,2324203.87,EQNE
2007-12-07,850.0,854.0,840.0,847.98,684,577193.56,EQNE
2007-12-10,849.99,851.88,840.01,851.88,2120,1794420.59,EQNE
2007-12-11,854.0,854.0,831.0,845.0,2970,2489322.65,EQNE
2007-12-12,836.0,852.95,836.0,852.95,950,803518.01,EQNE
2007-12-13,841.01,848.95,836.0,836.0,995,835920.97,EQNE
2007-12-14,843.99,843.99,832.01,838.5,135,113029.7,EQNE
2007-12-17,836.0,842.96,832.0,839.95,837,698257.4,EQNE
2007-12-18,839.19,847.0,834.1,846.5,463,390727.29,EQNE
2007-12-19,850.0,851.0,838.0,841.01,1362,1154055.74,EQNE
2007-12-20,840.01,842.5,840.0,841.0,622,523013.0,EQNE
2007-12-21,842.0,848.0,840.0,846.0,964,811699.94,EQNE
2007-12-24,846.01,846.01,834.0,840.01,1961,1645667.92,EQNE
2007-12-25,842.5,847.0,831.0,840.0,1427,1198645.3,EQNE
2007-12-26,844.0,858.0,841.0,846.02,3838,3258879.32,EQNE
2007-12-27,845.0,847.0,845.0,845.0,327,276365.1,EQNE
2007-12-28,813.88,848.89,813.88,846.0,1396,1168770.22,EQNE
2008-01-09,849.99,849.99,826.0,835.0,837,700245.75,EQNE
2008-01-10,844.97,845.0,833.5,844.9,825,690469.95,EQNE
2008-01-11,831.0,845.0,830.0,840.0,1019,856246.44,EQNE
2008-01-14,833.0,840.98,826.0,833.0,1367,1136288.83,EQNE
2008-01-15,839.0,865.0,828.5,845.0,3950,3336318.65,EQNE
2008-01-16,817.38,836.0,789.99,821.0,5423,4423468.26,EQNE
2008-01-17,803.11,822.0,770.21,784.11,3935,3130250.84,EQNE
2008-01-18,785.0,790.0,762.11,780.0,1238,968534.57,EQNE
2008-01-21,770.51,770.51,691.11,718.0,4499,3236667.12,EQNE
2008-01-22,711.0,844.48,550.0,697.0,2696,1834278.86,EQNE
2008-01-23,715.0,715.0,670.01,670.01,2064,1413325.5,EQNE
2008-01-24,686.0,715.0,686.0,714.0,866,612783.48,EQNE
2008-01-25,719.5,735.0,714.32,725.0,641,464133.15,EQNE
2008-01-28,700.5,700.5,622.0,680.11,485,330253.73,EQNE
2008-01-29,706.99,717.0,691.01,700.0,443,310843.69,EQNE
2008-01-30,700.0,700.0,680.0,680.0,404,277038.78,EQNE
2008-01-31,668.0,668.0,650.0,650.0,338,222006.26,EQNE
2008-02-01,659.0,705.0,650.0,669.0,1983,1326159.29,EQNE
2008-02-04,713.0,713.0,660.0,671.0,79,53263.99,EQNE
2008-02-05,665.8,687.0,653.0,653.0,1149,759912.65,EQNE
2008-02-06,641.0,641.0,616.0,617.04,881,550895.16,EQNE
2008-02-07,634.87,634.87,600.0,613.99,605,366357.9,EQNE
2008-02-08,612.0,618.97,600.0,610.0,206,125192.77,EQNE
2008-02-11,600.0,647.97,600.0,611.0,39,23979.15,EQNE
2008-02-12,633.0,636.68,624.99,633.0,336,212374.34,EQNE
2008-02-13,641.0,650.0,625.0,645.0,223,143029.67,EQNE
2008-02-14,660.65,660.66,633.0,642.0,58,37859.95,EQNE
2008-02-15,630.0,632.99,615.0,632.99,177,110953.36,EQNE
2008-02-18,621.0,633.0,610.0,619.0,1318,818893.36,EQNE
2008-02-19,633.0,639.0,617.0,631.0,485,305909.28,EQNE
2008-02-20,629.0,629.0,615.01,629.0,24,14988.62,EQNE
2008-02-21,620.0,667.9,620.0,659.8,4299,2739716.23,EQNE
2008-02-22,630.1,650.0,630.0,650.0,263,168527.2,EQNE
2008-02-26,659.0,676.99,645.6,651.0,1828,1197860.65,EQNE
2008-02-27,668.8,670.0,635.6,640.0,530,343372.45,EQNE
2008-02-28,634.0,659.98,634.0,640.0,842,540489.76,EQNE
2008-02-29,649.95,700.0,625.8,660.0,4377,2940698.7,EQNE
2008-03-03,660.0,660.0,635.0,651.0,72,45772.6,EQNE
2008-03-04,644.0,644.0,620.0,639.8,123,78443.49,EQNE
2008-03-05,637.97,647.0,622.0,622.0,107,68362.97,EQNE
2008-03-06,631.0,634.0,611.12,622.0,370,234036.9,EQNE
2008-03-07,620.0,620.0,601.5,603.33,243,149948.51,EQNE
2008-03-11,603.0,619.94,594.0,619.94,930,561701.45,EQNE
2008-03-12,639.0,639.0,611.0,612.0,25,15339.0,EQNE
2008-03-13,606.0,610.0,601.0,609.9,61,37011.47,EQNE
2008-03-14,601.8,618.99,591.09,601.0,862,517688.08,EQNE
2008-03-17,601.0,601.0,570.01,599.21,294,172559.98,EQNE
2008-03-18,590.0,590.0,589.99,590.0,103,60769.98,EQNE
2008-03-19,625.0,625.0,585.0,601.01,548,331319.68,EQNE
2008-03-20,580.01,586.0,580.0,581.01,197,114377.02,EQNE
2008-03-21,580.0,597.99,580.0,594.8,329,195121.35,EQNE
2008-03-24,575.85,599.88,570.0,594.0,509,295473.29,EQNE
2008-03-25,585.04,599.98,585.0,599.98,519,304366.78,EQNE
2008-03-26,579.0,589.99,570.01,570.01,546,316305.39,EQNE
2008-03-27,583.98,583.98,563.1,575.0,541,311693.05,EQNE
2008-03-28,579.99,600.0,575.01,590.0,2075,1218620.01,EQNE
2008-03-31,566.0,599.0,566.0,575.02,59,34530.83,EQNE
2008-04-01,580.0,600.0,580.0,599.9,1131,668822.88,EQNE
2008-04-02,609.0,624.99,600.0,601.5,814,491171.59,EQNE
2008-04-03,609.9,609.9,600.0,600.0,461,277954.99,EQNE
2008-04-04,595.0,600.0,590.0,600.0,1207,723590.0,EQNE
2008-04-07,600.0,610.0,590.0,610.0,318,190981.9,EQNE
2008-04-08,600.01,612.99,590.0,600.0,326,193950.41,EQNE
2008-04-09,600.0,600.0,598.0,600.0,161,96420.0,EQNE
2008-04-10,600.0,600.0,586.02,595.0,333,197601.86,EQNE
2008-04-11,585.0,615.0,580.0,583.0,1263,741088.27,EQNE
2008-04-14,589.9,592.1,580.17,580.17,93,54050.47,EQNE
2008-04-15,589.96,589.96,583.51,583.51,196,114428.34,EQNE
2008-04-16,585.0,600.0,585.0,600.0,130,77665.2,EQNE
2008-04-17,599.91,599.91,576.07,587.99,399,232104.77,EQNE
2008-04-18,588.9,588.9,572.0,588.0,412,237817.65,EQNE
2008-04-21,589.0,589.0,576.0,576.0,127,73329.7,EQNE
2008-04-22,585.0,588.9,570.5,570.55,301,172357.68,EQNE
2008-04-23,606.3,606.3,570.0,570.0,376,214756.15,EQNE
2008-04-24,570.0,570.0,569.88,569.9,34,19377.15,EQNE
2008-04-25,562.0,565.0,560.0,562.02,1380,775703.42,EQNE
2008-04-28,569.99,570.0,569.99,570.0,1009,575129.91,EQNE
2008-04-29,570.0,574.0,563.0,563.0,410,233685.0,EQNE
2008-04-30,564.98,577.77,555.15,574.0,1582,893802.86,EQNE
2008-05-04,576.0,580.0,571.0,571.0,349,200708.09,EQNE
2008-05-05,573.01,578.0,567.0,575.0,137,78176.6,EQNE
2008-05-06,575.0,585.0,570.0,580.0,1348,776637.41,EQNE
2008-05-07,585.0,589.0,580.0,585.0,828,482133.41,EQNE
2008-05-12,572.12,595.0,572.12,586.05,331,192248.37,EQNE
2008-05-13,576.0,665.0,576.0,612.0,5565,3376232.55,EQNE
2008-05-14,609.01,645.0,600.0,608.0,2258,1386064.88,EQNE
2008-05-15,597.0,634.0,594.0,613.0,7199,4515594.49,EQNE
2008-05-16,625.0,630.0,610.0,628.0,2124,1319336.24,EQNE
2008-05-19,621.02,629.98,612.2,619.0,776,481526.35,EQNE
2008-05-20,619.0,619.0,600.0,602.2,1370,833921.59,EQNE
2008-05-21,600.4,616.0,600.0,606.99,4825,2905209.58,EQNE
2008-05-22,600.35,608.0,592.0,595.06,2323,1389346.46,EQNE
2008-05-23,600.0,600.0,580.0,588.64,4294,2513336.85,EQNE
2008-05-26,589.9,594.9,580.01,580.17,1086,641441.93,EQNE
2008-05-27,586.0,594.0,581.0,584.5,1571,919688.5,EQNE
2008-05-28,587.79,588.0,580.0,587.0,243,142614.68,EQNE
2008-05-29,581.07,599.0,580.55,584.1,1501,892316.0,EQNE
2008-05-30,594.95,594.95,582.5,586.0,486,285180.01,EQNE
2008-06-02,586.1,588.98,580.0,583.03,503,293448.48,EQNE
2008-06-03,581.0,590.0,581.0,584.0,218,127456.7,EQNE
2008-06-04,585.0,594.57,575.0,577.5,1188,684639.78,EQNE
2008-06-05,583.0,583.0,566.0,580.0,3970,2280692.92,EQNE
2008-06-06,580.0,580.0,575.11,579.99,386,223638.04,EQNE
2008-06-07,567.2,577.77,567.2,570.0,42,23975.55,EQNE
2008-06-09,579.9,579.9,571.01,571.01,181,103591.8,EQNE
2008-06-10,575.0,575.0,561.31,566.15,867,487895.26,EQNE
2008-06-11,566.5,566.5,561.0,564.96,894,502334.03,EQNE
2008-06-16,563.8,566.97,561.0,565.0,684,384812.95,EQNE
2008-06-17,561.0,580.0,560.0,567.1,2369,1338671.88,EQNE
2008-06-18,566.03,570.0,563.5,570.0,1239,701620.32,EQNE
2008-06-19,569.98,570.0,550.0,560.0,2026,1130298.9,EQNE
2008-06-20,566.9,569.0,557.0,560.01,4896,2743866.31,EQNE
2008-06-23,557.0,567.0,552.1,564.0,223,124654.63,EQNE
2008-06-24,560.0,564.97,552.26,557.2,1747,975769.65,EQNE
2008-06-25,557.0,569.98,557.0,558.55,710,400543.15,EQNE
2008-06-26,560.02,565.0,556.7,560.0,1316,739080.37,EQNE
2008-06-27,545.1,558.78,544.0,558.78,528,289976.98,EQNE
2008-06-30,555.0,555.0,531.05,533.0,1769,954143.99,EQNE
2008-07-01,538.0,538.0,507.21,512.0,1755,910821.07,EQNE
2008-07-02,509.0,512.97,502.31,507.0,1328,674751.91,EQNE
2008-07-03,509.9,509.99,480.0,500.0,1481,729468.45,EQNE
2008-07-04,500.0,502.0,485.01,494.99,270,133439.74,EQNE
2008-07-07,485.0,508.9,485.0,499.9,75,37593.42,EQNE
2008-07-08,481.04,495.0,480.0,495.0,292,143333.91,EQNE
2008-07-09,500.0,500.0,483.0,489.0,182,88960.24,EQNE
2008-07-10,482.22,488.0,455.0,475.0,350,164304.73,EQNE
2008-07-11,475.0,497.98,467.14,467.14,390,188438.15,EQNE
2008-07-14,479.9,480.0,450.01,472.99,759,357254.89,EQNE
2008-07-15,456.26,461.0,441.01,448.5,929,414380.26,EQNE
2008-07-16,448.8,448.8,431.08,445.0,771,340010.68,EQNE
2008-07-17,459.0,464.0,449.0,462.0,568,259825.96,EQNE
2008-07-18,456.99,461.98,450.0,450.0,122,55249.21,EQNE
2008-07-21,448.0,467.0,434.02,464.8,368,169041.43,EQNE
2008-07-22,468.5,468.5,440.0,440.0,514,228438.75,EQNE
2008-07-23,452.98,455.87,440.1,450.0,601,271267.76,EQNE
2008-07-24,445.0,450.0,440.0,440.0,920,406001.58,EQNE
2008-07-25,425.0,435.11,405.0,417.0,1314,552010.78,EQNE
2008-07-28,415.0,447.9,413.01,413.01,269,114351.83,EQNE
2008-07-29,400.25,417.5,385.0,390.0,724,286832.78,EQNE
2008-07-30,391.0,430.0,391.0,430.0,393,161381.77,EQNE
2008-07-31,430.01,434.79,411.11,420.0,465,197037.95,EQNE
2008-08-01,420.0,438.9,418.0,435.0,328,140734.96,EQNE
2008-08-04,420.11,421.5,365.11,395.0,717,288947.97,EQNE
2008-08-05,400.0,400.0,356.78,379.8,844,314613.84,EQNE
2008-08-06,383.0,394.9,368.02,385.0,454,170421.45,EQNE
2008-08-07,379.0,399.99,379.0,385.0,954,375963.27,EQNE
2008-08-08,380.0,380.0,350.0,360.0,1078,389167.21,EQNE
2008-08-11,335.5,364.98,335.1,360.98,365,131664.82,EQNE
2008-08-12,369.2,397.0,369.2,395.0,277,104163.83,EQNE
2008-08-13,397.0,397.0,362.15,395.0,157,60396.5,EQNE
2008-08-14,397.0,420.0,395.0,420.0,1575,647894.21,EQNE
2008-08-15,405.0,409.0,395.01,409.0,236,93856.73,EQNE
2008-08-18,398.0,461.0,396.16,430.01,2443,1063271.42,EQNE
2008-08-19,450.0,450.0,400.0,400.0,119,47942.03,EQNE
2008-08-20,418.0,510.0,418.0,464.01,3150,1516460.36,EQNE
2008-08-21,457.0,599.0,440.0,569.0,4717,2496347.51,EQNE
2008-08-22,569.0,590.0,472.13,500.0,958,500817.68,EQNE
2008-08-25,473.02,519.0,473.0,473.0,775,366739.86,EQNE
2008-08-26,473.0,484.94,399.59,404.0,1110,451094.88,EQNE
2008-08-27,403.5,455.0,403.5,435.0,40,16869.0,EQNE
2008-08-28,449.0,450.0,420.0,440.0,170,73671.43,EQNE
2008-08-29,429.7,430.0,407.0,407.01,268,111843.35,EQNE
2008-09-01,455.0,465.0,440.0,464.0,105,47375.17,EQNE
2008-09-02,473.0,499.87,422.03,450.0,222,102600.73,EQNE
2008-09-03,470.0,495.0,435.0,455.0,407,190733.68,EQNE
2008-09-04,440.0,479.94,440.0,470.0,256,115309.42,EQNE
2008-09-05,410.0,457.05,400.0,418.0,1356,551740.42,EQNE
2008-09-08,440.0,445.0,410.1,429.87,1208,524695.56,EQNE
2008-09-09,420.0,429.0,390.0,390.0,1153,472277.06,EQNE
2008-09-10,385.0,407.0,310.5,310.5,4282,1426794.55,EQNE
2008-09-11,329.99,339.9,312.0,317.5,5343,1716323.46,EQNE
2008-09-12,332.9,377.8,320.0,365.0,2461,844567.71,EQNE
2008-09-15,345.0,350.0,310.04,320.0,1024,334023.44,EQNE
2008-09-16,312.0,319.0,272.0,272.0,1118,335391.56,EQNE
2008-09-17,275.0,325.0,255.0,255.0,17,4682.11,EQNE
2008-09-19,310.0,356.5,251.01,325.0,1193,367876.0,EQNE
2008-09-22,348.0,370.0,291.0,300.0,659,208111.84,EQNE
2008-09-23,270.0,304.8,270.0,292.0,203,59901.95,EQNE
2008-09-24,302.0,338.0,301.0,310.0,596,186088.1,EQNE
2008-09-25,310.0,310.0,299.0,302.5,2562,773407.55,EQNE
2008-09-26,295.0,302.0,285.0,294.0,214,62616.44,EQNE
2008-09-29,280.0,290.0,280.0,289.99,743,215263.27,EQNE
2008-09-30,255.12,289.0,220.05,289.0,362,94425.82,EQNE
2008-10-01,286.0,295.99,225.5,269.0,1361,363145.5,EQNE
2008-10-02,268.98,268.98,240.11,255.0,539,134249.05,EQNE
2008-10-03,255.96,259.99,240.0,258.0,554,142256.94,EQNE
2008-10-06,213.01,235.0,200.0,200.51,577,116840.2,EQNE
2008-10-07,205.0,220.0,200.0,200.0,832,167469.63,EQNE
2008-10-08,180.0,180.0,180.0,180.0,3,540.0,EQNE
2008-10-09,180.0,180.0,169.98,180.0,1538,267209.85,EQNE
2008-10-13,175.0,184.99,155.0,170.5,4843,825904.22,EQNE
2008-10-14,179.0,220.0,170.0,176.0,5123,901089.96,EQNE
2008-10-15,177.9,177.9,156.0,156.0,345,57398.36,EQNE
2008-10-16,132.01,150.0,132.01,145.0,804,116431.05,EQNE
2008-10-17,150.0,150.0,97.0,100.0,9730,1029005.03,EQNE
2008-10-20,100.0,104.0,91.16,93.0,3393,334226.78,EQNE
2008-10-21,100.0,106.0,99.0,99.49,2912,300716.59,EQNE
2008-10-22,103.0,103.98,95.15,99.0,993,99261.06,EQNE
2008-10-23,98.0,99.91,95.0,96.0,188,18617.94,EQNE
2008-10-24,95.0,97.99,71.0,85.0,314,26950.58,EQNE
2008-10-28,87.78,87.78,71.1,80.5,289,23562.63,EQNE
2008-10-29,94.94,95.98,86.0,90.0,1218,111512.85,EQNE
2008-10-30,91.0,98.97,90.0,94.0,11164,1041414.0,EQNE
2008-10-31,93.93,94.5,90.0,94.4,5039,467247.21,EQNE
2008-11-01,94.4,111.0,94.4,99.9,1306,130936.86,EQNE
2008-11-05,101.5,113.86,101.5,107.5,21368,2310017.98,EQNE
2008-11-06,100.0,119.0,100.0,113.0,8218,893950.69,EQNE
2008-11-07,111.2,127.9,111.2,117.0,2951,343817.59,EQNE
2008-11-10,119.0,124.9,115.01,119.0,3519,420081.63,EQNE
2008-11-11,110.63,119.0,95.26,100.0,3735,398308.13,EQNE
2008-11-13,71.0,107.9,71.0,107.8,1646,156367.61,EQNE
2008-11-14,108.99,109.0,103.8,106.0,573,60080.41,EQNE
2008-11-17,102.0,104.0,85.17,101.0,1352,133899.06,EQNE
2008-11-18,98.0,98.9,95.8,98.9,7,687.4,EQNE
2008-11-19,96.0,99.0,91.0,98.0,373,35009.92,EQNE
2008-11-20,99.0,99.0,94.9,96.46,32,3055.56,EQNE
2008-11-21,97.0,103.0,95.0,99.99,715,70698.58,EQNE
2008-11-24,100.0,106.89,100.0,106.88,198,20726.47,EQNE
2008-11-25,109.0,109.0,100.01,105.0,1290,138922.49,EQNE
2008-11-26,104.0,105.0,102.0,103.1,651,67929.86,EQNE
2008-11-27,106.0,109.0,102.16,108.98,612,65428.84,EQNE
2008-11-28,108.0,108.0,104.0,106.9,165,17251.0,EQNE
2008-12-01,106.86,111.99,103.0,104.98,115,12131.76,EQNE
2008-12-02,99.1,103.0,99.0,102.88,649,65003.65,EQNE
2008-12-03,103.0,103.0,98.0,101.3,267,26783.9,EQNE
2008-12-04,102.8,102.9,92.32,102.0,142,14416.85,EQNE
2008-12-05,100.0,101.99,95.0,100.7,7304,710948.36,EQNE
2008-12-08,103.98,104.5,101.0,104.5,1195,123419.73,EQNE
2008-12-09,104.98,104.98,99.0,102.9,180,18172.59,EQNE
2008-12-10,102.0,102.0,94.01,101.0,132,12793.06,EQNE
2008-12-11,101.0,103.6,99.0,103.4,211,21552.87,EQNE
2008-12-12,101.0,101.0,98.05,100.0,35,3474.88,EQNE
2008-12-15,101.0,102.89,95.81,99.0,1490,147141.37,EQNE
2008-12-16,98.0,98.98,97.2,98.79,5537,543338.04,EQNE
2008-12-17,99.99,100.69,99.0,99.99,122,12149.15,EQNE
2008-12-18,98.89,98.97,96.0,97.79,281,27302.52,EQNE
2008-12-19,98.89,98.89,94.0,97.9,1145,108835.95,EQNE
2008-12-22,97.99,97.99,95.0,95.5,340,32511.79,EQNE
2008-12-23,95.0,96.0,92.0,95.5,963,90354.11,EQNE
2008-12-24,95.0,98.07,92.8,94.7,2806,268017.86,EQNE
2008-12-25,95.0,95.0,94.0,94.9,218,20634.87,EQNE
2008-12-26,94.9,95.9,91.02,94.5,2968,274926.46,EQNE
2008-12-29,92.02,94.0,92.0,93.5,329,30499.52,EQNE
2008-12-30,93.0,98.0,93.0,93.15,2871,275114.8,EQNE
2009-01-11,95.98,97.0,95.98,97.0,119,11439.6,EQNE
2009-01-12,98.0,98.0,93.1,97.98,62,5964.05,EQNE
2009-01-13,96.03,97.0,96.03,97.0,87,8390.3,EQNE
2009-01-14,96.98,97.0,92.03,92.1,2955,276561.33,EQNE
2009-01-15,90.07,90.07,85.0,85.53,7167,624394.6,EQNE
2009-01-16,85.01,88.99,85.0,85.0,1183,102515.54,EQNE
2009-01-19,75.01,85.98,75.01,81.5,62,4956.9,EQNE
2009-01-20,80.0,83.77,76.42,83.77,2308,180832.53,EQNE
2009-01-21,83.89,83.9,81.0,81.0,230,18716.9,EQNE
2009-01-22,81.02,82.21,75.15,75.15,99,7747.85,EQNE
2009-01-23,70.03,79.69,70.03,73.0,800,57844.52,EQNE
2009-01-26,78.77,84.0,70.75,72.67,7368,529214.03,EQNE
2009-01-27,72.9,73.0,70.0,70.0,1103,78745.72,EQNE
2009-01-28,71.0,74.98,70.0,73.0,1447,105589.08,EQNE
2009-01-29,71.3,71.3,70.0,71.29,212,14968.83,EQNE
2009-01-30,72.6,72.6,70.0,71.41,1509,107615.78,EQNE
2009-02-02,71.5,71.5,69.99,71.49,220,15531.31,EQNE
2009-02-03,70.1,71.48,65.17,69.5,681,45950.35,EQNE
2009-02-04,71.0,73.0,69.0,72.0,575,40666.22,EQNE
2009-02-05,71.98,72.49,68.25,70.0,329,23022.13,EQNE
2009-02-06,71.0,71.97,69.5,71.9,638,45386.64,EQNE
2009-02-09,71.98,74.98,68.52,72.69,1629,119135.36,EQNE
2009-02-10,73.5,78.0,73.0,77.99,3541,264436.03,EQNE
2009-02-11,77.89,79.45,75.0,78.24,548,43207.63,EQNE
2009-02-12,79.98,82.5,77.0,78.51,2207,177363.32,EQNE
2009-02-13,77.55,84.98,77.55,80.18,1507,124034.9,EQNE
2009-02-16,84.48,84.48,82.0,83.0,269,22368.52,EQNE
2009-02-17,82.8,83.0,73.0,75.0,908,69346.02,EQNE
2009-02-18,73.15,75.8,70.02,75.8,775,56133.27,EQNE
2009-02-19,75.0,81.0,74.5,80.0,1844,146457.11,EQNE
2009-02-20,74.01,79.9,74.0,78.5,990,75611.62,EQNE
2009-02-24,79.79,81.8,79.79,81.0,1349,107955.07,EQNE
2009-02-25,80.0,81.92,79.3,80.85,1193,95743.36,EQNE
2009-02-26,79.11,97.0,79.0,94.4,3713,320315.57,EQNE
2009-02-27,95.0,95.0,83.5,86.4,1588,136171.35,EQNE
2009-03-02,84.02,84.98,84.02,84.98,6,505.08,EQNE
2009-03-03,84.78,84.8,84.47,84.47,43,3642.39,EQNE
2009-03-04,85.4,87.0,83.51,86.6,1153,98592.56,EQNE
2009-03-05,86.89,92.85,84.05,85.0,760,65714.34,EQNE
2009-03-06,87.98,90.0,85.06,88.99,1192,104850.49,EQNE
2009-03-10,89.69,91.5,87.05,91.5,1715,155127.94,EQNE
2009-03-11,91.2,92.5,88.0,92.5,1406,128275.93,EQNE
2009-03-12,90.01,110.99,90.0,102.0,797,78494.61,EQNE
2009-03-13,105.0,115.0,93.01,100.0,816,79195.68,EQNE
2009-03-16,100.0,105.0,99.0,104.0,101,10228.9,EQNE
2009-03-17,110.0,110.0,98.0,103.5,1470,148060.6,EQNE
2009-03-18,108.3,108.3,97.3,107.0,1890,194547.26,EQNE
2009-03-19,107.97,115.33,106.0,109.48,2433,272178.69,EQNE
2009-03-20,110.0,117.99,105.0,117.99,3418,391757.24,EQNE
2009-03-23,122.0,122.0,111.0,119.5,4322,500103.69,EQNE
2009-03-24,120.0,125.0,104.0,108.0,4562,521955.84,EQNE
2009-03-25,114.0,123.99,109.09,121.99,4320,510809.0,EQNE
2009-03-26,123.95,123.95,118.2,120.0,2534,304707.67,EQNE
2009-03-27,122.99,122.99,111.1,114.0,2460,281460.33,EQNE
2009-03-30,114.0,117.0,111.5,114.01,244,27898.25,EQNE
2009-03-31,120.49,128.99,117.8,122.5,1738,215363.78,EQNE
2009-04-01,129.99,132.0,126.0,128.0,1147,147787.87,EQNE
2009-04-02,129.0,131.9,126.03,129.3,2011,261538.38,EQNE
2009-04-03,134.0,149.0,130.0,138.47,717,99503.68,EQNE
2009-04-06,150.0,150.0,130.0,132.0,1686,226485.61,EQNE
2009-04-07,132.0,137.89,131.35,134.0,1614,215312.89,EQNE
2009-04-08,124.27,141.88,124.27,141.88,7858,1045891.08,EQNE
2009-04-09,148.0,179.0,148.0,179.0,5341,899992.38,EQNE
2009-04-10,200.0,200.0,177.86,190.0,1930,360043.33,EQNE
2009-04-13,190.37,215.0,186.0,196.5,2134,409574.0,EQNE
2009-04-14,185.5,222.0,181.1,221.99,7690,1542804.8,EQNE
2009-04-15,228.5,228.5,191.02,209.5,914,191407.7,EQNE
2009-04-16,214.01,224.02,200.0,206.0,977,201257.97,EQNE
2009-04-17,196.7,202.95,194.0,197.0,1983,390571.79,EQNE
2009-04-20,202.93,202.93,185.0,185.0,489,91717.06,EQNE
2009-04-21,185.05,199.67,179.0,189.0,302,55225.13,EQNE
2009-04-22,190.0,199.89,185.0,193.0,821,154369.07,EQNE
2009-04-23,196.94,196.94,185.0,196.0,2289,435721.15,EQNE
2009-04-24,190.0,199.98,180.0,194.89,583,111599.37,EQNE
2009-04-27,180.07,190.5,175.4,184.48,547,98945.45,EQNE
2009-04-28,170.5,189.0,150.1,189.0,5210,885498.26,EQNE
2009-04-29,185.13,197.99,180.0,189.99,2090,388538.55,EQNE
2009-04-30,191.94,191.94,182.21,189.65,2812,526187.72,EQNE
2009-05-04,190.0,250.0,182.0,225.0,16579,3518005.67,EQNE
2009-05-05,241.0,249.99,215.07,228.0,3844,868751.42,EQNE
2009-05-06,225.0,261.0,214.03,260.0,6249,1537538.53,EQNE
2009-05-07,265.0,330.0,244.2,283.12,14449,4292035.62,EQNE
2009-05-08,282.0,319.6,240.0,303.99,8074,2383566.61,EQNE
2009-05-12,332.02,344.75,270.0,330.12,7005,2319771.36,EQNE
2009-05-13,334.07,348.99,272.0,278.7,4743,1517852.83,EQNE
2009-05-14,270.0,284.89,260.0,284.89,797,213923.02,EQNE
2009-05-15,285.12,335.0,285.12,319.94,920,290019.83,EQNE
2009-05-18,314.0,320.0,300.0,320.0,769,239640.06,EQNE
2009-05-19,274.28,333.0,274.28,318.5,2284,713133.27,EQNE
2009-05-20,317.95,328.7,310.0,324.89,1265,399617.82,EQNE
2009-05-21,328.0,328.0,300.0,314.82,1658,528297.76,EQNE
2009-05-22,317.95,318.5,300.2,313.99,385,118369.14,EQNE
2009-05-25,328.0,328.0,300.0,309.0,1537,470355.94,EQNE
2009-05-26,315.0,315.0,285.0,299.99,599,176977.57,EQNE
2009-05-27,308.9,308.95,299.5,304.34,1958,593506.39,EQNE
2009-05-28,304.34,310.0,300.0,306.95,174,52872.0,EQNE
2009-05-29,306.0,340.0,306.0,325.0,9096,2879424.2,EQNE
2009-06-01,332.0,379.0,330.0,352.0,1671,574354.99,EQNE
2009-06-02,353.0,385.0,340.01,370.0,17437,6350917.59,EQNE
2009-06-03,379.0,380.0,333.55,345.0,3696,1271780.72,EQNE
2009-06-04,353.0,353.0,330.0,340.0,553,188692.71,EQNE
2009-06-05,353.0,361.0,320.0,326.01,1416,471411.85,EQNE
2009-06-08,310.1,340.0,310.0,324.94,1235,385695.61,EQNE
2009-06-09,329.29,329.29,308.0,323.93,319,99100.5,EQNE
2009-06-10,322.98,341.0,315.95,332.99,2574,853035.15,EQNE
2009-06-11,335.0,335.0,310.5,324.99,704,224658.39,EQNE
2009-06-15,305.0,310.0,296.01,309.9,1595,482466.79,EQNE
2009-06-16,305.0,305.0,300.0,305.0,578,175618.5,EQNE
2009-06-17,299.02,299.02,274.0,286.0,1369,386582.65,EQNE
2009-06-18,286.0,286.0,250.0,284.0,1824,479046.09,EQNE
2009-06-19,300.0,300.0,265.0,284.0,507,137390.56,EQNE
2009-06-22,290.0,290.0,245.22,246.01,948,241684.26,EQNE
2009-06-23,286.46,286.46,221.0,248.0,387,92763.9,EQNE
2009-06-24,265.0,284.0,260.0,283.0,541,145798.33,EQNE
2009-06-25,283.0,299.6,260.11,286.0,1199,341753.09,EQNE
2009-06-26,298.9,299.0,292.0,297.7,799,234672.14,EQNE
2009-06-29,292.0,296.0,290.0,295.0,849,250076.81,EQNE
2009-06-30,299.0,299.0,290.0,295.0,574,169582.97,EQNE
2009-07-01,307.0,307.0,290.0,295.0,63,18745.67,EQNE
2009-07-02,282.1,285.0,282.0,285.0,637,181418.4,EQNE
2009-07-03,270.0,274.5,260.05,274.5,1875,500307.1,EQNE
2009-07-06,255.35,276.3,255.35,276.29,255,69613.75,EQNE
2009-07-07,241.0,276.3,232.0,276.0,274,73929.14,EQNE
2009-07-08,265.0,270.0,256.02,257.01,541,144520.7,EQNE
2009-07-09,290.0,290.0,290.0,290.0,1,290.0,EQNE
2009-07-10,268.98,268.99,255.55,255.55,175,45262.54,EQNE
2009-07-13,242.0,269.89,242.0,269.89,540,137185.96,EQNE
2009-07-14,271.0,279.94,263.0,279.94,215,58701.27,EQNE
2009-07-15,260.06,280.0,260.06,280.0,70,19556.99,EQNE
2009-07-16,282.98,282.98,282.98,282.98,44,12451.12,EQNE
2009-07-17,283.0,283.0,279.0,280.0,208,58827.54,EQNE
2009-07-20,278.0,279.99,270.0,279.99,328,90557.86,EQNE
2009-07-21,281.0,281.0,271.0,279.99,43,12038.63,EQNE
2009-07-22,261.26,282.0,261.25,282.0,3074,852594.22,EQNE
2009-07-23,288.0,300.0,287.0,296.7,284,82867.33,EQNE
2009-07-24,298.0,298.0,290.0,295.0,97,28577.36,EQNE
2009-07-27,316.23,320.0,297.0,309.97,639,193196.58,EQNE
2009-07-28,315.0,315.0,296.14,306.0,6828,2063260.1,EQNE
2009-07-29,294.0,300.0,262.0,285.0,1782,520853.2,EQNE
2009-07-30,280.0,310.0,280.0,310.0,449,132190.22,EQNE
2009-07-31,310.0,310.0,296.01,305.0,53,15959.0,EQNE
2009-08-03,316.07,318.0,308.0,318.0,623,195180.36,EQNE
2009-08-04,359.51,359.51,303.0,306.0,439,136770.61,EQNE
2009-08-05,360.0,360.0,310.0,336.89,2233,726579.95,EQNE
2009-08-06,371.28,371.28,318.0,327.98,4292,1402594.09,EQNE
2009-08-07,371.5,371.5,322.0,327.99,869,283882.35,EQNE
2009-08-10,369.0,369.0,317.01,337.5,182,59518.66,EQNE
2009-08-11,343.0,343.0,320.0,337.99,804,266071.32,EQNE
2009-08-12,370.0,370.0,305.0,319.45,2923,922827.03,EQNE
2009-08-13,369.45,369.45,317.0,333.9,2591,853890.04,EQNE
2009-08-14,338.88,338.88,317.0,326.0,300,97061.96,EQNE
2009-08-17,310.0,326.96,310.0,320.0,105,32808.94,EQNE
2009-08-18,326.0,326.0,310.13,318.0,29,9128.63,EQNE
2009-08-19,319.0,319.0,290.25,317.97,261,76399.67,EQNE
2009-08-20,317.99,320.0,300.05,320.0,3364,1062143.91,EQNE
2009-08-21,324.78,325.0,315.0,324.99,1047,332866.78,EQNE
2009-08-24,275.05,339.7,270.0,330.0,1284,405373.82,EQNE
2009-08-25,327.0,335.0,318.0,334.99,1840,606776.45,EQNE
2009-08-26,334.0,337.99,315.6,330.0,321,104612.76,EQNE
2009-08-27,330.0,348.99,320.27,332.79,1790,603145.06,EQNE
2009-08-28,333.0,339.44,326.05,327.0,397,131608.07,EQNE
2009-08-31,338.0,338.0,322.02,322.02,2645,872257.4,EQNE
2009-09-01,324.5,335.98,324.5,335.34,701,232129.15,EQNE
2009-09-02,337.9,347.95,325.73,343.99,2156,738160.85,EQNE
2009-09-03,350.0,355.0,345.0,345.0,2209,773178.25,EQNE
2009-09-04,350.0,379.0,345.11,377.9,6755,2489689.34,EQNE
2009-09-07,384.0,408.99,375.77,390.0,1233,473253.78,EQNE
2009-09-08,385.11,434.0,385.11,430.0,6773,2851936.21,EQNE
2009-09-09,430.0,430.0,419.01,428.0,188,80609.99,EQNE
2009-09-10,430.0,430.0,395.03,402.5,2538,1044310.44,EQNE
2009-09-11,405.0,415.0,405.0,408.5,790,325024.51,EQNE
2009-09-14,449.99,449.99,400.0,413.61,601,241877.14,EQNE
2009-09-15,417.76,449.99,417.49,420.0,1869,803590.31,EQNE
2009-09-16,449.0,476.0,420.0,420.0,8633,3797957.83,EQNE
2009-09-17,430.0,440.0,400.12,402.0,1088,451798.8,EQNE
2009-09-18,405.0,412.99,400.0,405.03,160,64644.37,EQNE
2009-09-21,401.11,419.98,401.0,408.96,1363,556465.79,EQNE
2009-09-22,414.78,439.7,412.26,428.41,1673,710745.52,EQNE
2009-09-23,440.0,448.0,421.0,421.51,827,359816.19,EQNE
2009-09-24,420.0,424.39,410.01,415.0,162,67588.72,EQNE
2009-09-25,405.04,420.0,405.04,415.0,137,57262.98,EQNE
2009-09-28,424.0,424.0,410.28,416.1,1073,441366.75,EQNE
2009-09-29,405.02,440.0,405.01,420.15,994,420036.26,EQNE
2009-09-30,411.11,480.0,405.0,440.0,9009,4011163.54,EQNE
2009-10-01,458.99,458.99,430.0,436.41,137,60304.05,EQNE
2009-10-02,419.99,429.66,415.0,415.4,442,185446.89,EQNE
2009-10-05,425.0,440.0,415.55,415.58,105,44606.01,EQNE
2009-10-06,434.02,435.0,416.17,425.0,373,159719.44,EQNE
2009-10-07,434.9,435.0,420.75,421.52,1177,499394.47,EQNE
2009-10-08,421.52,450.0,421.52,430.0,143,62461.39,EQNE
2009-10-09,445.49,445.49,422.62,423.0,3506,1518215.76,EQNE
2009-10-12,428.11,428.11,415.0,420.0,904,381678.63,EQNE
2009-10-13,422.77,431.17,415.0,417.0,905,378401.17,EQNE
2009-10-14,422.77,439.0,410.0,410.0,1808,767956.1,EQNE
2009-10-15,414.49,414.49,382.0,395.96,1107,441739.27,EQNE
2009-10-16,408.77,408.77,384.01,400.0,965,384416.04,EQNE
2009-10-19,398.27,405.0,395.0,405.0,628,250445.12,EQNE
2009-10-20,406.28,409.0,403.0,403.0,437,177660.16,EQNE
2009-10-21,402.25,402.25,398.27,400.0,70,28025.27,EQNE
2009-10-22,380.0,402.23,380.0,397.98,2437,962828.18,EQNE
2009-10-23,400.0,402.25,395.5,402.25,39,15469.5,EQNE
2009-10-26,398.27,405.3,398.27,405.3,24,9645.38,EQNE
2009-10-27,398.56,400.0,390.0,394.33,934,368960.68,EQNE
2009-10-28,390.42,404.0,380.0,404.0,1666,654593.41,EQNE
2009-10-29,380.0,410.0,370.02,399.0,4498,1760899.79,EQNE
2009-10-30,402.25,402.25,380.4,389.98,92,35955.49,EQNE
2009-11-02,382.99,383.0,380.2,382.0,577,220451.54,EQNE
2009-11-03,395.0,395.0,374.97,378.02,508,192193.32,EQNE
2009-11-05,375.0,398.0,351.4,386.41,2983,1159359.25,EQNE
2009-11-06,400.0,400.0,380.0,395.0,1073,411722.18,EQNE
2009-11-09,395.49,399.0,380.0,394.0,4454,1747398.85,EQNE
2009-11-10,398.27,398.27,380.03,390.42,2980,1162662.8,EQNE
2009-11-11,390.0,399.0,390.0,398.0,2185,864315.82,EQNE
2009-11-12,396.0,396.0,396.0,396.0,5,1980.0,EQNE
2009-11-13,390.55,394.95,390.42,394.95,7,2750.73,EQNE
2009-11-16,396.0,405.0,390.42,405.0,2952,1179757.22,EQNE
2009-11-17,398.27,425.0,370.0,422.5,4247,1754079.25,EQNE
2009-11-18,416.51,419.03,409.0,412.5,9772,4046388.82,EQNE
2009-11-19,410.5,416.0,410.0,416.0,933,383650.45,EQNE
2009-11-20,405.0,424.99,405.0,424.99,386,160697.42,EQNE
2009-11-23,425.01,449.0,424.99,439.0,6909,3012977.09,EQNE
2009-11-24,439.0,440.0,424.1,438.0,900,385622.38,EQNE
2009-11-25,435.0,435.0,420.05,429.98,861,366208.06,EQNE
2009-11-26,424.89,444.8,405.0,410.0,2143,895761.1,EQNE
2009-11-27,402.22,429.99,391.0,429.98,2418,977487.54,EQNE
2009-11-30,424.89,426.0,406.3,420.68,372,155330.69,EQNE
2009-12-01,420.0,430.0,413.0,420.68,649,269478.53,EQNE
2009-12-02,424.5,480.0,424.5,455.0,3721,1650599.48,EQNE
2009-12-03,455.54,467.69,440.04,440.04,3160,1463626.89,EQNE
2009-12-04,446.12,485.0,446.12,482.99,6180,2937392.68,EQNE
2009-12-07,485.0,485.0,468.0,480.0,1526,724894.04,EQNE
2009-12-08,470.51,472.8,465.0,465.0,770,360813.87,EQNE
2009-12-09,459.98,479.0,454.0,460.0,1789,819338.63,EQNE
2009-12-10,471.77,473.84,462.32,468.96,440,206101.35,EQNE
2009-12-11,475.0,475.0,460.0,462.48,110,50776.49,EQNE
2009-12-14,471.77,473.88,449.62,450.0,2136,965645.95,EQNE
2009-12-15,452.0,464.0,452.0,452.0,2769,1267983.28,EQNE
2009-12-16,462.22,480.0,462.22,468.0,489,233301.73,EQNE
2009-12-17,462.14,480.0,450.0,478.74,4935,2277770.45,EQNE
2009-12-18,470.0,472.0,457.0,472.0,377,175649.81,EQNE
2009-12-21,461.37,470.0,450.4,465.0,558,258374.88,EQNE
2009-12-22,461.11,461.52,458.0,460.0,186,85563.19,EQNE
2009-12-23,456.18,469.77,456.0,469.77,2071,952965.08,EQNE
2009-12-24,461.11,465.0,458.0,463.0,1223,564280.48,EQNE
2009-12-25,457.0,460.0,450.0,457.0,371,169485.04,EQNE
2009-12-28,457.5,460.0,457.0,460.0,406,185806.1,EQNE
2009-12-29,459.99,465.0,457.0,460.1,1011,469450.87,EQNE
2009-12-30,478.68,478.68,450.0,457.0,1719,786958.28,EQNE
2009-12-31,451.72,465.0,451.6,451.6,147,67407.69,EQNE
2010-01-11,458.56,496.0,458.56,483.96,3080,1492625.7,EQNE
2010-01-12,475.0,517.0,475.0,500.0,4193,2091720.31,EQNE
2010-01-13,492.44,507.0,491.05,507.0,2400,1194748.22,EQNE
2010-01-14,537.0,558.03,500.0,551.1,3762,2057448.23,EQNE
2010-01-15,560.0,580.0,549.6,569.98,3320,1867613.15,EQNE
2010-01-18,570.48,589.98,561.65,573.58,615,351203.1,EQNE
2010-01-19,562.09,575.0,552.23,565.0,4285,2414812.29,EQNE
2010-01-20,575.99,576.0,550.0,570.5,4025,2244255.9,EQNE
2010-01-21,552.78,554.0,540.0,549.0,1786,974151.32,EQNE
2010-01-22,535.01,545.0,510.0,515.17,7480,3881764.17,EQNE
2010-01-25,476.06,520.0,476.06,502.1,3441,1759254.26,EQNE
2010-01-26,536.0,536.0,485.0,506.7,1950,967589.22,EQNE
2010-01-27,498.33,507.0,482.28,504.98,1214,606843.65,EQNE
2010-01-28,503.3,538.86,503.3,510.0,3320,1705844.2,EQNE
2010-01-29,505.0,508.33,498.32,500.0,237,119066.37,EQNE
2010-02-01,498.32,500.0,482.05,500.0,299,148246.56,EQNE
2010-02-02,506.5,534.0,503.3,511.0,1502,777202.97,EQNE
2010-02-03,513.42,530.0,505.02,514.0,2678,1390414.92,EQNE
2010-02-04,518.54,518.55,499.0,507.99,410,209889.67,EQNE
2010-02-05,498.32,503.29,470.0,493.0,1726,839492.05,EQNE
2010-02-08,493.0,505.0,479.98,480.0,1259,626132.39,EQNE
2010-02-09,488.67,497.15,470.05,488.62,161,77749.83,EQNE
2010-02-10,493.39,498.32,473.07,488.67,156,76691.89,EQNE
2010-02-11,498.31,500.31,470.0,475.65,588,279837.33,EQNE
2010-02-12,485.0,485.0,455.0,479.0,1469,681583.8,EQNE
2010-02-15,480.0,485.65,460.12,483.0,250,119228.91,EQNE
2010-02-16,480.0,495.86,465.13,493.0,2543,1209833.32,EQNE
2010-02-17,497.13,498.0,490.0,490.0,191,93950.05,EQNE
2010-02-18,487.33,487.33,470.0,481.99,757,358494.03,EQNE
2010-02-19,481.97,481.98,468.42,477.0,219,105127.29,EQNE
2010-02-24,477.73,477.73,465.0,466.0,231,107872.54,EQNE
2010-02-25,472.52,479.7,465.4,474.89,65,30845.43,EQNE
2010-02-26,471.0,482.44,470.0,482.19,117,55171.64,EQNE
2010-02-27,482.51,497.13,481.0,492.21,2540,1238683.1,EQNE
2010-03-01,497.09,497.1,486.0,490.0,638,311228.44,EQNE
2010-03-02,490.0,490.0,477.78,489.03,1976,959200.18,EQNE
2010-03-03,482.51,487.25,473.14,486.99,179,86058.87,EQNE
2010-03-04,482.52,495.0,482.0,486.37,957,470452.94,EQNE
2010-03-05,490.26,494.55,483.34,491.07,402,196932.21,EQNE
2010-03-09,494.99,494.99,470.0,491.0,1650,793873.11,EQNE
2010-03-10,490.99,492.0,485.01,488.0,599,293154.28,EQNE
2010-03-11,488.99,492.0,484.01,485.02,169,82593.73,EQNE
2010-03-12,489.99,500.0,487.95,495.31,5075,2510242.54,EQNE
2010-03-15,494.0,495.99,485.0,490.0,1208,591607.4,EQNE
2010-03-16,490.0,494.15,480.0,487.99,2309,1117467.45,EQNE
2010-03-17,488.0,490.94,482.03,489.98,912,443983.1,EQNE
2010-03-18,490.0,490.98,486.02,490.59,1257,615527.65,EQNE
2010-03-19,489.99,490.0,482.08,482.08,311,151755.99,EQNE
2010-03-22,482.19,486.99,482.03,485.99,702,338941.38,EQNE
2010-03-23,486.55,490.0,473.8,482.03,1287,622803.3,EQNE
2010-03-24,482.33,482.33,476.0,477.0,320,152532.14,EQNE
2010-03-25,473.94,484.0,473.0,484.0,637,302951.01,EQNE
2010-03-26,477.5,486.43,476.13,486.43,503,240468.16,EQNE
2010-03-29,481.52,486.6,477.8,481.0,1101,528479.85,EQNE
2010-03-30,481.0,483.94,472.01,483.94,946,451601.38,EQNE
2010-03-31,477.7,480.97,472.05,480.97,597,284175.01,EQNE
2010-04-01,481.99,484.99,475.0,481.4,1242,593004.41,EQNE
2010-04-02,476.0,481.4,472.01,480.06,882,419079.59,EQNE
2010-04-05,480.5,480.5,465.05,470.0,5410,2541924.9,EQNE
2010-04-06,466.77,473.0,462.32,467.0,5094,2376549.47,EQNE
2010-04-07,469.22,472.71,462.1,466.0,2071,966853.83,EQNE
2010-04-08,460.12,468.5,456.0,465.2,1324,608874.05,EQNE
2010-04-09,456.97,465.0,455.1,462.99,999,457774.24,EQNE
2010-04-12,460.0,460.0,450.0,450.0,2095,950794.49,EQNE
2010-04-13,452.5,452.5,435.75,450.0,2706,1214646.35,EQNE
2010-04-14,452.89,452.9,442.0,447.0,1678,746701.59,EQNE
2010-04-15,448.01,448.01,438.0,444.5,1158,510953.36,EQNE
2010-04-16,444.14,444.14,422.23,430.87,2985,1285341.84,EQNE
2010-04-19,422.22,422.22,402.27,415.0,2573,1059751.77,EQNE
2010-04-20,415.2,425.0,408.0,423.0,1811,753905.25,EQNE
2010-04-21,423.76,445.0,421.02,430.7,820,357549.82,EQNE
2010-04-22,424.0,430.0,412.0,413.02,971,411778.55,EQNE
2010-04-23,425.0,425.5,415.0,416.01,419,175173.11,EQNE
2010-04-26,426.88,430.0,417.16,420.0,1185,505956.87,EQNE
2010-04-27,415.77,424.0,415.77,423.95,223,93509.34,EQNE
2010-04-28,413.3,420.0,395.0,413.75,3257,1307714.04,EQNE
2010-04-29,407.78,419.0,407.78,417.55,397,164997.95,EQNE
2010-04-30,413.01,420.01,413.01,419.88,259,107906.52,EQNE
2010-05-04,418.51,429.9,399.99,399.99,3867,1565571.4,EQNE
2010-05-05,406.85,414.97,392.0,400.76,2124,851985.43,EQNE
2010-05-06,391.76,402.83,383.57,393.0,1203,475524.52,EQNE
2010-05-07,385.0,390.0,330.0,365.4,7376,2658226.29,EQNE
2010-05-11,370.0,390.0,335.35,373.49,9182,3373912.17,EQNE
2010-05-12,335.06,388.0,335.06,387.99,1629,590158.48,EQNE
2010-05-13,352.02,394.0,352.02,387.87,1026,381304.74,EQNE
2010-05-14,385.0,385.0,375.0,379.97,130,48765.21,EQNE
2010-05-17,380.0,380.0,365.34,379.98,204,76488.12,EQNE
2010-05-18,374.0,380.0,369.12,380.0,402,151026.78,EQNE
2010-05-19,368.62,384.8,368.57,368.57,632,233128.6,EQNE
2010-05-20,370.46,370.47,337.89,343.0,945,334979.69,EQNE
2010-05-21,340.01,342.88,302.22,321.96,4247,1335651.18,EQNE
2010-05-24,322.0,335.0,317.0,322.0,2410,775557.25,EQNE
2010-05-25,303.33,326.7,302.2,308.99,1564,482486.82,EQNE
2010-05-26,315.89,315.89,290.0,306.0,3442,1038908.48,EQNE
2010-05-27,313.99,321.0,303.12,314.99,539,166737.42,EQNE
2010-05-28,303.02,342.0,303.02,330.0,1863,625711.34,EQNE
2010-05-31,345.98,346.0,339.0,340.0,218,74352.26,EQNE
2010-06-01,321.2,347.18,321.2,331.0,291,96094.24,EQNE
2010-06-02,320.0,345.0,315.0,332.0,314,104064.07,EQNE
2010-06-03,347.85,347.85,330.0,330.0,4307,1457873.32,EQNE
2010-06-04,344.8,345.0,330.02,340.3,1208,407858.37,EQNE
2010-06-07,310.2,340.0,305.0,335.0,1334,441237.58,EQNE
2010-06-08,343.0,343.0,317.09,331.05,821,268077.55,EQNE
2010-06-09,333.27,338.93,317.0,331.0,279,91271.08,EQNE
2010-06-10,317.7,326.53,315.79,320.0,964,307744.18,EQNE
2010-06-11,310.09,330.0,306.01,323.0,2535,793534.37,EQNE
2010-06-15,333.59,335.0,323.0,335.0,302,100334.44,EQNE
2010-06-16,335.0,345.0,311.01,335.5,3509,1168148.31,EQNE
2010-06-17,333.02,343.5,330.01,343.5,1044,351092.72,EQNE
2010-06-18,336.34,360.0,320.0,351.55,5491,1905337.22,EQNE
2010-06-21,351.0,366.96,345.66,361.0,431,153474.97,EQNE
2010-06-22,350.57,350.57,339.0,344.91,1791,613921.09,EQNE
2010-06-23,288.45,343.3,288.45,330.71,849,269271.08,EQNE
2010-06-24,340.0,340.0,329.11,329.12,356,117409.96,EQNE
2010-06-25,331.68,334.49,315.0,316.01,929,297077.09,EQNE
2010-06-28,321.92,325.19,321.0,325.0,943,304610.27,EQNE
2010-06-29,318.74,321.92,312.02,316.0,389,123093.74,EQNE
2010-06-30,315.0,332.99,315.0,315.03,2041,650996.25,EQNE
2010-07-01,340.0,340.0,308.97,310.05,245,79012.24,EQNE
2010-07-02,331.99,332.0,312.0,315.0,155,49520.63,EQNE
2010-07-05,321.0,321.0,311.11,319.36,26,8215.23,EQNE
2010-07-06,323.06,332.0,320.0,332.0,549,181227.3,EQNE
2010-07-07,332.0,332.0,323.27,332.0,86,28410.37,EQNE
2010-07-08,343.2,374.0,330.0,330.2,785,261413.27,EQNE
2010-07-09,328.5,329.99,317.1,328.9,2516,822016.7,EQNE
2010-07-12,325.21,332.13,319.71,330.0,26,8387.21,EQNE
2010-07-13,328.91,340.19,318.05,329.0,2561,832837.67,EQNE
2010-07-14,335.0,335.0,329.0,333.0,843,280781.65,EQNE
2010-07-15,329.16,333.0,320.01,320.01,362,117456.47,EQNE
2010-07-16,320.01,323.9,311.0,323.88,721,229311.19,EQNE
2010-07-19,329.26,329.98,317.48,321.0,113,36823.37,EQNE
2010-07-20,328.8,329.0,317.15,328.89,718,235647.31,EQNE
2010-07-21,327.99,332.0,321.6,328.0,251,82098.29,EQNE
2010-07-22,331.27,331.27,320.0,327.0,713,232880.89,EQNE
2010-07-23,329.49,329.49,316.06,325.83,276,88816.44,EQNE
2010-07-26,325.0,331.0,325.0,331.0,366,119893.52,EQNE
2010-07-27,330.0,335.78,330.0,335.0,693,231001.27,EQNE
2010-07-28,335.79,344.0,330.33,330.34,573,190209.48,EQNE
2010-07-29,335.82,344.99,335.82,344.99,942,320158.44,EQNE
2010-07-30,346.01,347.0,339.2,339.2,35,11978.71,EQNE
2010-08-02,342.59,359.79,342.59,354.0,333,116410.4,EQNE
2010-08-03,356.0,365.0,349.53,361.89,1596,576909.88,EQNE
2010-08-04,360.0,364.58,350.14,360.0,690,243716.24,EQNE
2010-08-05,358.47,362.04,345.9,345.9,280,99078.18,EQNE
2010-08-06,350.0,358.2,345.9,350.0,925,322200.06,EQNE
2010-08-09,344.49,363.99,343.0,355.99,668,234001.74,EQNE
2010-08-10,357.0,357.99,338.0,349.97,1705,588044.75,EQNE
2010-08-11,350.0,350.0,340.0,340.0,772,266328.94,EQNE
2010-08-12,338.01,351.11,338.01,350.0,1057,366895.59,EQNE
2010-08-13,351.48,355.0,344.5,351.5,315,109950.06,EQNE
2010-08-16,348.59,350.0,343.0,350.0,1079,370668.03,EQNE
2010-08-17,349.99,350.0,338.02,347.31,3271,1115799.26,EQNE
2010-08-18,346.78,358.58,335.52,348.0,1564,544979.0,EQNE
2010-08-19,348.08,364.99,347.15,359.76,3556,1263571.06,EQNE
2010-08-20,349.57,358.29,349.09,351.0,756,265373.21,EQNE
2010-08-23,362.48,364.17,351.01,358.88,60,21256.3,EQNE
2010-08-24,362.5,362.5,335.15,340.0,1226,418512.54,EQNE
2010-08-25,348.6,348.6,336.0,347.0,285,97264.57,EQNE
2010-08-26,348.48,348.49,341.1,348.49,175,60819.87,EQNE
2010-08-27,348.52,348.52,340.0,348.5,1597,555414.01,EQNE
2010-08-30,348.6,429.37,348.6,351.56,1618,606208.92,EQNE
2010-08-31,351.52,357.98,340.0,346.5,1380,476714.79,EQNE
2010-09-01,344.01,351.0,333.29,351.0,1516,516256.51,EQNE
2010-09-02,346.0,357.98,345.27,357.98,442,154609.56,EQNE
2010-09-03,347.02,357.87,347.02,357.0,916,321315.65,EQNE
2010-09-06,357.99,359.99,349.99,359.99,1158,408533.82,EQNE
2010-09-07,355.36,359.87,340.7,359.87,83,29086.58,EQNE
2010-09-08,355.35,363.0,353.0,362.0,4603,1655033.35,EQNE
2010-09-09,362.5,373.0,361.08,367.5,7302,2691294.44,EQNE
2010-09-10,367.0,369.81,362.54,364.3,634,231199.0,EQNE
2010-09-13,364.3,374.99,359.99,372.68,1229,454749.55,EQNE
2010-09-14,366.9,375.0,366.9,370.0,2626,976210.63,EQNE
2010-09-15,366.17,369.82,360.08,369.82,1110,401787.18,EQNE
2010-09-16,364.01,364.01,360.06,362.0,409,147657.7,EQNE
2010-09-17,363.98,368.98,359.99,360.0,427,155112.27,EQNE
2010-09-20,361.75,361.98,350.0,359.0,1551,547024.43,EQNE
2010-09-21,355.5,357.46,348.0,357.35,1438,506122.12,EQNE
2010-09-22,357.0,360.0,350.0,355.0,285,101158.57,EQNE
2010-09-23,351.89,354.8,336.12,351.01,1174,409730.63,EQNE
2010-09-24,348.42,355.0,345.0,355.0,362,126674.8,EQNE
2010-09-27,360.0,367.87,352.0,353.01,1803,650194.62,EQNE
2010-09-28,352.06,355.0,352.0,355.0,161,56739.21,EQNE
2010-09-29,355.0,360.0,355.0,360.0,1601,574859.55,EQNE
2010-09-30,355.82,362.0,354.21,359.99,605,215929.81,EQNE
2010-10-01,359.99,363.98,354.0,355.89,644,230358.84,EQNE
2010-10-04,359.03,363.0,355.55,360.23,1543,557418.3,EQNE
2010-10-05,362.19,362.19,354.07,354.21,895,318839.45,EQNE
2010-10-06,358.14,363.0,355.22,360.0,1163,418400.2,EQNE
2010-10-07,360.98,360.98,350.31,359.01,281,99864.32,EQNE
2010-10-08,358.0,359.91,355.51,358.64,59,21112.05,EQNE
2010-10-11,358.99,359.0,353.1,359.0,2083,741431.92,EQNE
2010-10-12,355.71,355.71,347.99,354.0,3759,1318941.46,EQNE
2010-10-13,353.75,355.0,348.07,350.0,7229,2533973.7,EQNE
2010-10-14,352.38,353.8,349.01,352.89,1835,644796.51,EQNE
2010-10-15,352.99,357.97,352.99,357.48,2433,863051.77,EQNE
2010-10-18,360.53,383.8,354.0,383.8,9435,3520727.81,EQNE
2010-10-19,383.0,405.9,379.28,398.0,41054,16371450.96,EQNE
2010-10-20,390.03,410.0,389.98,398.52,12908,5205516.65,EQNE
2010-10-21,398.52,409.0,390.93,400.0,13139,5254687.73,EQNE
2010-10-22,407.01,413.0,397.9,400.0,9310,3766667.16,EQNE
2010-10-25,404.8,418.0,401.52,408.99,9265,3790631.64,EQNE
2010-10-26,413.48,418.0,404.05,413.14,4337,1788684.71,EQNE
2010-10-27,407.52,415.0,407.5,414.2,610,250995.22,EQNE
2010-10-28,410.0,418.5,404.01,407.0,1548,633588.98,EQNE
2010-10-29,409.0,415.0,400.0,410.01,3650,1487076.84,EQNE
2010-11-01,413.47,413.47,407.0,408.01,767,313018.31,EQNE
2010-11-02,404.03,414.91,404.02,409.78,1871,770838.07,EQNE
2010-11-03,405.4,440.0,402.06,416.01,7971,3373128.17,EQNE
2010-11-08,418.22,429.98,412.0,423.9,1772,745233.84,EQNE
2010-11-09,410.0,420.0,410.0,410.21,4605,1904425.78,EQNE
2010-11-10,412.24,416.53,405.3,413.99,7669,3122574.33,EQNE
2010-11-11,409.99,415.88,402.0,411.97,3695,1497375.25,EQNE
2010-11-12,405.02,440.09,403.49,434.09,16171,6963609.27,EQNE
2010-11-13,430.01,442.0,430.01,437.5,5630,2444113.37,EQNE
2010-11-15,431.66,431.66,425.26,430.0,1100,473617.02,EQNE
2010-11-16,430.01,430.01,420.8,421.0,552,234161.68,EQNE
2010-11-17,425.49,425.49,418.29,420.01,420,176719.4,EQNE
2010-11-18,419.03,424.2,414.98,418.66,1888,788290.35,EQNE
2010-11-19,418.57,423.9,415.0,420.9,1648,690166.14,EQNE
2010-11-22,416.45,428.0,416.1,427.31,1791,750500.85,EQNE
2010-11-23,420.92,424.0,420.0,420.0,2574,1081376.73,EQNE
2010-11-24,420.5,434.8,420.15,429.99,3053,1305057.41,EQNE
2010-11-25,433.0,433.67,426.26,433.67,2187,938472.02,EQNE
2010-11-26,434.3,449.8,433.3,435.32,3099,1365296.81,EQNE
2010-11-29,435.99,446.85,435.99,445.0,919,406362.57,EQNE
2010-11-30,446.87,453.0,440.0,440.02,1633,721449.22,EQNE
2010-12-01,444.41,455.0,443.0,453.7,4111,1854387.33,EQNE
2010-12-02,451.0,460.0,441.0,447.0,2381,1079666.34,EQNE
2010-12-03,447.0,451.25,441.08,450.96,1477,660381.09,EQNE
2010-12-06,446.45,455.0,445.03,451.89,1616,724343.01,EQNE
2010-12-07,447.0,450.0,442.01,445.0,1942,866608.85,EQNE
2010-12-08,444.88,457.0,444.88,447.99,2752,1244876.77,EQNE
2010-12-09,448.0,454.41,440.0,440.28,7753,3467479.04,EQNE
2010-12-10,439.35,443.26,439.0,441.0,748,329498.53,EQNE
2010-12-13,440.0,452.0,436.6,446.0,2897,1287263.48,EQNE
2010-12-14,450.45,450.46,444.0,447.79,381,170336.98,EQNE
2010-12-15,443.48,444.99,432.0,440.01,3270,1440748.29,EQNE
2010-12-16,440.01,444.0,440.0,441.93,688,304163.53,EQNE
2010-12-17,437.57,442.0,437.53,439.99,354,155414.18,EQNE
2010-12-20,440.92,442.0,436.66,439.97,290,127303.71,EQNE
2010-12-21,439.97,439.99,436.08,439.97,471,206375.93,EQNE
2010-12-22,437.0,440.0,436.0,439.83,433,189524.63,EQNE
2010-12-23,439.93,454.5,439.5,454.45,2134,948386.93,EQNE
2010-12-24,429.26,479.49,429.26,443.0,1384,622785.64,EQNE
2010-12-27,441.07,442.84,438.57,441.0,558,246029.09,EQNE
2010-12-28,440.01,445.41,432.0,438.81,1275,557829.1,EQNE
2010-12-29,435.55,440.61,430.0,435.0,2235,972926.81,EQNE
2010-12-30,437.85,449.89,437.0,449.89,1003,441818.02,EQNE
2011-01-11,450.0,475.0,431.01,475.0,22002,9807651.6,EQNE
2011-01-12,463.0,488.3,463.0,487.97,6690,3215307.29,EQNE
2011-01-13,470.68,498.0,470.68,489.83,5970,2917469.09,EQNE
2011-01-14,483.37,492.0,479.95,492.0,799,387962.64,EQNE
2011-01-17,490.0,496.9,482.8,486.66,3048,1486078.39,EQNE
2011-01-18,481.79,491.0,476.0,484.0,6379,3102896.88,EQNE
2011-01-19,479.11,485.0,476.01,483.91,1071,514082.15,EQNE
2011-01-20,476.01,476.01,468.0,475.45,1602,756542.39,EQNE
2011-01-21,474.0,480.0,450.49,473.48,2098,982946.26,EQNE
2011-01-24,437.52,479.0,429.0,461.0,2356,1092608.34,EQNE
2011-01-25,466.4,466.4,456.0,456.0,732,334183.65,EQNE
2011-01-26,456.01,462.84,456.0,461.5,345,158711.46,EQNE
2011-01-27,457.01,464.5,457.0,464.5,278,128405.82,EQNE
2011-01-28,450.03,464.93,450.0,464.93,1778,806981.47,EQNE
2011-01-31,451.13,462.45,451.13,458.98,464,210321.14,EQNE
2011-02-01,450.0,458.7,450.0,454.53,1640,742640.31,EQNE
2011-02-02,454.52,458.6,450.0,456.6,1761,798144.58,EQNE
2011-02-03,455.0,459.0,450.0,454.46,1379,627949.99,EQNE
2011-02-04,446.42,454.48,446.0,446.01,325,146314.06,EQNE
2011-02-07,445.7,446.99,443.01,443.05,283,125784.09,EQNE
2011-02-08,440.7,443.97,440.0,440.0,1093,482320.85,EQNE
2011-02-09,436.83,445.98,436.83,445.93,31,13681.99,EQNE
2011-02-10,436.85,443.38,405.0,431.94,2208,938136.7,EQNE
2011-02-11,420.01,430.0,420.01,425.12,939,403198.34,EQNE
2011-02-14,436.82,444.89,434.92,440.75,170,74449.42,EQNE
2011-02-15,433.32,440.0,420.0,438.0,770,333180.87,EQNE
2011-02-16,438.0,448.0,438.0,448.0,1186,527875.13,EQNE
2011-02-17,440.83,449.42,440.8,440.81,147,64892.77,EQNE
2011-02-18,440.04,440.07,438.0,440.0,3747,1643229.12,EQNE
2011-02-21,440.0,440.0,439.0,440.0,295,129769.17,EQNE
2011-02-22,440.0,447.85,440.0,440.0,3316,1459308.33,EQNE
2011-02-24,435.28,440.0,435.0,438.5,2527,1103952.71,EQNE
2011-02-25,443.99,445.0,435.99,445.0,17044,7442051.24,EQNE
2011-02-28,435.0,458.0,435.0,450.21,1403,633726.5,EQNE
2011-03-01,448.01,459.49,445.0,445.0,880,392800.0,EQNE
2011-03-02,444.99,449.9,428.0,439.0,530,232837.1,EQNE
2011-03-03,430.06,438.72,425.0,430.0,310,133224.7,EQNE
2011-03-04,448.93,449.0,435.47,445.0,1600,715620.2,EQNE
2011-03-05,445.0,445.0,445.0,445.0,30,13350.0,EQNE
2011-03-09,440.06,457.15,440.05,455.0,900,407689.7,EQNE
2011-03-10,445.1,455.97,442.0,442.0,4090,1839891.7,EQNE
2011-03-11,442.0,458.0,441.99,458.0,6350,2872622.5,EQNE
2011-03-14,458.0,520.0,440.16,460.56,27100,13238264.6,EQNE
2011-03-15,444.44,453.91,428.0,435.01,5760,2546858.2,EQNE
2011-03-16,435.11,437.0,435.0,435.0,550,239592.0,EQNE
2011-03-17,430.02,455.0,430.01,431.02,830,370569.8,EQNE
2011-03-18,438.33,453.0,432.01,453.0,240,105186.6,EQNE
2011-03-21,450.0,456.5,450.0,456.5,730,329295.0,EQNE
2011-03-22,434.02,467.0,432.15,450.0,8890,4129078.4,EQNE
2011-03-23,450.9,472.0,450.9,470.0,430,201010.3,EQNE
2011-03-24,477.36,485.0,472.0,478.0,750,359380.9,EQNE
2011-03-25,472.0,489.0,471.07,489.0,17580,8445125.0,EQNE
2011-03-28,500.0,535.0,465.0,473.94,24050,12700368.3,EQNE
2011-03-29,462.15,476.87,458.8,458.8,390,180659.7,EQNE
2011-03-30,451.07,478.5,442.25,458.95,19640,9075894.1,EQNE
2011-03-31,450.01,487.0,450.0,469.99,26380,12369285.0,EQNE
2011-04-01,487.5,487.5,445.0,453.98,11670,5473751.5,EQNE
2011-04-04,450.0,450.05,433.0,443.5,2380,1040187.8,EQNE
2011-04-05,439.05,444.61,435.0,444.61,730,318872.7,EQNE
2011-04-06,435.0,449.86,432.51,449.86,1460,647744.6,EQNE
2011-04-07,449.93,449.93,449.79,449.87,320,143953.1,EQNE
2011-04-08,449.8,449.8,440.11,441.09,110,48670.7,EQNE
2011-04-11,435.02,450.0,435.01,445.0,9390,4174563.6,EQNE
2011-04-12,435.0,439.99,432.03,432.03,1230,534783.9,EQNE
2011-04-13,439.98,441.31,432.0,435.0,1370,596599.1,EQNE
2011-04-14,435.0,435.0,432.0,435.0,790,342795.9,EQNE
2011-04-15,432.0,432.0,426.08,426.08,7360,3154543.7,EQNE
2011-04-18,425.0,431.37,415.0,431.37,1480,622418.4,EQNE
2011-04-19,432.73,432.75,421.0,421.0,240,101714.7,EQNE
2011-04-20,429.9,429.9,429.9,429.9,10,4299.0,EQNE
2011-04-21,422.01,428.97,422.0,428.97,360,152899.8,EQNE
2011-04-22,428.98,428.98,422.01,428.92,40,17088.3,EQNE
2011-04-25,422.03,428.96,422.0,428.96,2230,946265.3,EQNE
2011-04-26,428.57,428.57,421.01,427.93,550,233410.0,EQNE
2011-04-27,421.01,424.86,420.0,420.0,420,176891.2,EQNE
2011-04-28,386.66,428.99,386.66,422.98,780,329340.4,EQNE
2011-04-29,427.0,427.0,420.0,420.0,270,114230.3,EQNE
2011-05-03,425.0,425.0,418.0,418.0,530,222340.5,EQNE
2011-05-04,423.69,423.7,415.01,418.0,150,62838.2,EQNE
2011-05-05,411.0,420.0,400.02,420.0,980,402337.6,EQNE
2011-05-06,411.0,415.0,411.0,415.0,200,82360.0,EQNE
2011-05-10,424.0,424.0,412.01,412.01,20,8360.1,EQNE
2011-05-11,418.99,419.0,415.0,419.0,70,29289.9,EQNE
2011-05-12,424.2,424.2,410.0,419.36,220,91011.9,EQNE
2011-05-13,415.0,420.0,410.07,412.03,260,108767.2,EQNE
2011-05-16,412.0,412.0,410.0,410.0,650,267640.0,EQNE
2011-05-17,415.01,419.88,405.0,412.0,350,144115.7,EQNE
2011-05-18,419.49,428.0,412.03,428.0,430,181197.8,EQNE
2011-05-19,418.01,419.0,418.0,419.0,100,41810.2,EQNE
2011-05-20,402.0,420.0,402.0,420.0,140,57539.9,EQNE
2011-05-23,418.0,418.0,402.87,408.0,1200,489973.2,EQNE
2011-05-24,405.0,405.0,402.0,402.56,1930,779951.9,EQNE
2011-05-25,426.65,426.65,410.0,410.0,130,53468.3,EQNE
2011-05-26,402.0,426.91,402.0,408.39,230,93923.8,EQNE
2011-05-27,419.98,419.98,402.05,410.04,370,150134.0,EQNE
2011-05-30,420.0,420.0,416.96,416.96,50,20879.0,EQNE
2011-05-31,414.96,414.96,405.17,406.05,330,135219.3,EQNE
2011-06-01,414.99,414.99,407.01,407.02,130,52992.2,EQNE
2011-06-02,407.0,413.0,407.0,413.0,120,49500.0,EQNE
2011-06-03,414.09,414.1,402.01,411.47,380,154543.5,EQNE
2011-06-06,413.98,420.0,410.01,413.96,310,128428.7,EQNE
2011-06-07,410.06,415.0,410.06,415.0,90,37300.6,EQNE
2011-06-08,402.0,405.22,402.0,405.0,160,64565.7,EQNE
2011-06-09,423.89,423.89,406.71,406.71,90,37503.9,EQNE
2011-06-10,406.13,420.94,406.13,420.94,160,66799.5,EQNE
2011-06-14,410.0,420.94,406.02,407.6,390,160506.8,EQNE
2011-06-15,409.97,410.0,405.05,405.05,120,48996.9,EQNE
2011-06-16,417.98,417.98,404.03,404.03,20,8220.1,EQNE
2011-06-17,405.4,414.69,403.5,414.69,670,272367.0,EQNE
2011-06-20,414.5,414.5,403.11,403.5,50,20281.3,EQNE
2011-06-21,408.98,408.98,403.0,403.02,300,120962.6,EQNE
2011-06-22,403.0,406.0,403.0,406.0,250,101168.0,EQNE
2011-06-23,403.0,403.01,403.0,403.01,80,32240.3,EQNE
2011-06-24,403.01,417.35,398.85,417.35,790,319318.2,EQNE
2011-06-27,418.99,418.99,400.18,400.18,20,8191.7,EQNE
2011-06-28,409.99,409.99,400.26,407.14,240,96302.6,EQNE
2011-06-29,409.99,409.99,400.09,400.09,120,48110.7,EQNE
2011-06-30,409.97,409.97,400.21,400.21,220,89193.1,EQNE
2011-07-01,409.99,409.99,400.0,404.0,240,96237.6,EQNE
2011-07-04,400.04,400.17,400.0,400.0,230,92006.2,EQNE
2011-07-05,405.49,405.49,400.02,400.02,160,64428.5,EQNE
2011-07-06,405.49,405.49,400.01,405.2,230,92836.6,EQNE
2011-07-07,406.98,410.0,400.0,410.0,570,231709.5,EQNE
2011-07-08,409.92,415.0,402.58,402.58,110,44606.0,EQNE
2011-07-11,406.6,406.6,400.2,404.0,290,117148.0,EQNE
2011-07-12,405.99,407.0,400.06,407.0,100,40593.6,EQNE
2011-07-13,401.12,407.01,401.12,407.0,340,137498.9,EQNE
2011-07-14,406.0,406.0,406.0,406.0,240,97440.0,EQNE
2011-07-15,415.67,415.67,404.12,404.12,1140,462958.3,EQNE
2011-07-18,416.91,416.91,403.0,403.0,200,80968.8,EQNE
2011-07-19,403.0,407.0,400.1,402.03,340,136815.6,EQNE
2011-07-20,416.09,416.11,405.0,405.0,60,24633.1,EQNE
2011-07-21,404.0,414.99,404.0,404.0,350,143077.2,EQNE
2011-07-22,409.0,409.05,409.0,409.0,410,167706.8,EQNE
2011-07-25,401.0,408.7,401.0,408.7,20,8097.0,EQNE
2011-07-26,405.0,405.14,405.0,405.14,750,303775.2,EQNE
2011-07-27,402.03,412.0,400.0,411.99,5920,2378393.1,EQNE
2011-07-28,402.07,410.0,401.0,410.0,660,267457.7,EQNE
2011-07-29,405.0,405.0,405.0,405.0,240,97200.0,EQNE
2011-08-01,409.0,423.93,409.0,414.0,250,103487.2,EQNE
2011-08-02,412.0,412.0,408.0,408.2,4580,1871199.7,EQNE
2011-08-03,405.16,405.16,395.0,395.0,340,135987.1,EQNE
2011-08-04,385.01,404.0,384.36,387.0,2640,1033931.9,EQNE
2011-08-05,379.5,379.5,364.99,376.0,2860,1053426.5,EQNE
2011-08-08,360.06,370.0,341.12,365.02,1080,392676.9,EQNE
2011-08-09,360.0,360.0,350.0,359.87,530,187399.1,EQNE
2011-08-10,365.0,365.0,349.99,359.99,570,200801.7,EQNE
2011-08-11,354.99,359.0,350.0,350.0,120,42341.4,EQNE
2011-08-12,349.96,350.0,349.96,350.0,170,59499.6,EQNE
2011-08-15,337.7,348.99,311.15,348.99,150,50388.3,EQNE
2011-08-16,348.89,348.89,325.03,348.59,30,10225.1,EQNE
2011-08-17,348.9,367.1,348.9,367.1,100,35740.0,EQNE
2011-08-18,379.99,379.99,351.01,370.0,190,70270.0,EQNE
2011-08-19,332.1,335.99,325.0,331.5,5030,1670562.4,EQNE
2011-08-22,330.0,330.0,320.0,327.0,530,171798.1,EQNE
2011-08-23,323.01,323.33,318.8,318.8,320,102753.8,EQNE
2011-08-24,320.0,320.0,315.11,315.11,190,60018.1,EQNE
2011-08-25,316.0,318.99,316.0,318.0,30,9529.9,EQNE
2011-08-26,310.01,317.85,310.0,310.59,210,65592.6,EQNE
2011-08-29,310.61,320.0,310.61,320.0,360,114643.0,EQNE
2011-08-30,316.0,318.01,305.0,311.7,510,158680.6,EQNE
2011-08-31,319.93,322.97,319.93,322.97,170,54598.7,EQNE
2011-09-01,318.0,321.0,318.0,318.0,290,92250.5,EQNE
2011-09-02,317.99,331.28,311.58,311.58,420,136289.2,EQNE
2011-09-05,331.27,331.27,315.0,315.0,100,31663.8,EQNE
2011-09-06,324.99,325.0,314.0,315.49,330,105429.4,EQNE
2011-09-07,310.0,317.0,310.0,317.0,1020,323038.4,EQNE
2011-09-08,320.0,340.0,311.22,324.21,810,263033.5,EQNE
2011-09-09,328.3,329.8,324.2,329.8,90,29524.9,EQNE
2011-09-12,329.3,329.97,305.04,329.97,180,57007.5,EQNE
2011-09-13,329.98,329.98,329.98,329.98,20,6599.6,EQNE
2011-09-14,320.0,330.0,307.03,321.0,250,80074.5,EQNE
2011-09-15,315.99,325.0,315.98,325.0,430,138143.1,EQNE
2011-09-16,323.0,323.0,323.0,323.0,10,3230.0,EQNE
2011-09-19,314.99,315.0,300.8,300.8,11100,3355947.9,EQNE
2011-09-20,301.02,301.02,293.3,298.0,3200,959479.8,EQNE
2011-09-21,302.89,302.98,291.6,295.28,1510,444019.1,EQNE
2011-09-22,291.67,291.67,277.77,278.12,1000,283420.5,EQNE
2011-09-23,280.03,280.03,250.01,252.2,4070,1041374.5,EQNE
2011-09-26,244.03,250.0,244.03,250.0,290,71365.0,EQNE
2011-09-27,228.72,260.0,228.01,260.0,920,235800.5,EQNE
2011-09-28,247.0,260.0,247.0,250.1,860,214431.6,EQNE
2011-09-29,254.99,254.99,240.01,254.99,40,10049.8,EQNE
2011-09-30,237.53,250.0,233.5,245.0,400,94799.1,EQNE
2011-10-03,247.33,247.36,230.59,230.64,430,104082.7,EQNE
2011-10-04,232.0,232.0,205.21,209.57,1580,337430.1,EQNE
2011-10-05,209.99,250.0,209.99,219.91,720,167103.6,EQNE
2011-10-06,230.0,232.33,230.0,232.0,460,106049.9,EQNE
2011-10-07,231.99,262.4,231.99,235.0,970,229036.1,EQNE
2011-10-10,214.47,229.71,214.46,226.0,830,184718.8,EQNE
2011-10-11,224.0,229.99,224.0,229.99,140,31419.9,EQNE
2011-10-12,222.0,259.0,222.0,250.0,1100,263554.0,EQNE
2011-10-13,240.01,349.77,221.06,320.01,15150,4645237.2,EQNE
2011-10-14,308.01,437.99,302.0,374.95,8630,3279651.0,EQNE
2011-10-17,352.09,368.97,339.0,344.85,2350,821197.3,EQNE
2011-10-18,335.05,350.0,305.05,349.99,2960,976838.3,EQNE
2011-10-19,348.0,379.0,343.0,355.0,1200,422317.8,EQNE
2011-10-20,377.99,377.99,330.0,354.49,510,174012.7,EQNE
2011-10-21,355.0,357.8,343.0,353.99,850,299320.2,EQNE
2011-10-24,360.0,360.01,350.23,352.5,1030,367674.7,EQNE
2011-10-25,353.0,380.0,335.0,335.0,3240,1157428.3,EQNE
2011-10-26,344.0,350.0,320.0,329.8,1580,521056.1,EQNE
2011-10-27,329.98,335.0,322.01,324.99,4680,1536195.6,EQNE
2011-10-28,318.99,319.0,315.0,315.99,1810,572029.6,EQNE
2011-10-31,317.0,319.0,191.15,310.0,3510,1057775.1,EQNE
2011-11-01,303.01,303.01,299.0,299.0,620,186379.9,EQNE
2011-11-02,302.99,305.0,296.0,305.0,1110,336834.5,EQNE
2011-11-03,300.0,300.0,293.0,300.0,130,38930.0,EQNE
2011-11-07,306.0,319.0,298.0,300.03,860,258610.4,EQNE
2011-11-08,299.99,300.0,295.41,300.0,2800,836522.2,EQNE
2011-11-09,303.0,303.0,293.09,300.0,1020,305960.9,EQNE
2011-11-10,298.97,305.0,298.97,305.0,4070,1226919.6,EQNE
2011-11-11,308.99,308.99,308.99,308.99,10,3089.9,EQNE
2011-11-14,302.0,302.0,296.0,299.0,1590,475794.9,EQNE
2011-11-15,295.0,295.0,290.04,291.07,80,23353.6,EQNE
2011-11-16,293.99,295.0,293.99,295.0,190,55999.3,EQNE
2011-11-17,290.0,290.0,287.08,287.08,150,43121.5,EQNE
2011-11-18,289.88,290.0,261.5,290.0,2450,707602.7,EQNE
2011-11-21,332.83,332.83,286.01,286.03,1180,384850.9,EQNE
2011-11-22,298.99,314.0,286.03,286.03,970,290098.5,EQNE
2011-11-23,286.04,286.04,278.1,278.1,80,22703.5,EQNE
2011-11-25,298.02,298.02,276.01,287.99,710,197400.9,EQNE
2011-11-28,294.0,300.0,289.01,289.27,320,94322.8,EQNE
2011-11-29,294.0,318.0,291.0,291.0,190,58950.8,EQNE
2011-11-30,294.96,297.36,292.89,292.89,140,41419.4,EQNE
2011-12-01,297.98,305.08,295.51,295.51,860,258375.1,EQNE
2011-12-02,285.05,298.87,285.05,298.87,80,23190.6,EQNE
2011-12-05,298.98,298.98,285.0,285.0,150,43659.6,EQNE
2011-12-06,295.0,295.91,292.0,292.0,520,153366.2,EQNE
2011-12-07,280.04,292.0,280.04,292.0,4,1144.08,SMAL
2011-12-08,295.0,295.0,295.0,295.0,10,2950.0,EQNE
2011-12-09,282.0,282.0,282.0,282.0,10,2820.0,EQNE
2011-12-12,280.05,280.54,280.05,280.51,30,8411.0,EQNE
2011-12-13,294.97,298.99,276.05,280.0,500,143185.8,EQNE
2011-12-14,276.03,281.88,260.0,281.88,230,61012.4,EQNE
2011-12-15,279.95,280.0,278.5,280.0,170,47573.1,EQNE
2011-12-16,279.99,279.99,261.08,265.21,850,230982.1,EQNE
2011-12-19,265.0,265.0,252.12,261.6,120,31174.9,EQNE
2011-12-20,260.88,299.0,260.81,274.0,630,179152.5,EQNE
2011-12-21,285.0,290.0,250.04,262.0,1820,466152.1,EQNE
2011-12-22,264.0,280.0,255.08,265.51,510,138293.2,EQNE
2011-12-23,279.95,287.0,265.08,278.97,590,160969.1,EQNE
2011-12-26,272.25,279.0,272.25,272.25,350,95892.8,EQNE
2011-12-27,272.3,272.3,260.0,270.0,230,60473.3,EQNE
2011-12-28,245.03,266.99,245.03,252.1,310,78846.6,EQNE
2011-12-29,262.96,266.0,250.0,250.0,90,23132.6,EQNE
2011-12-30,261.0,266.49,247.13,248.0,540,134468.3,EQNE
2012-01-03,277.74,277.74,235.0,256.48,390,94724.5,EQNE
2012-01-04,256.99,265.49,250.03,250.03,200,50986.8,EQNE
2012-01-05,246.11,246.11,245.0,245.0,520,127750.7,EQNE
2012-01-06,251.0,251.0,242.0,242.0,30,7350.0,EQNE
2012-01-09,253.0,290.4,233.33,283.5,2240,623995.1,EQNE
2012-01-10,263.61,279.93,263.61,279.93,220,60195.9,EQNE
2012-01-11,278.98,280.5,265.31,274.0,50,13777.7,EQNE
2012-01-12,280.0,300.0,265.03,266.05,1710,485635.7,EQNE
2012-01-13,255.02,277.65,255.02,267.01,430,116131.6,EQNE
2012-01-16,279.2,279.25,261.5,261.5,140,37261.7,EQNE
2012-01-17,264.06,278.99,264.06,278.99,170,46366.7,EQNE
2012-01-18,279.99,279.99,279.99,279.99,20,5599.8,EQNE
2012-01-19,277.39,277.39,267.0,269.99,7250,1967334.4,EQNE
2012-01-20,269.99,269.99,261.11,263.99,570,151576.2,EQNE
2012-01-23,264.93,265.0,260.0,265.0,2510,663991.9,EQNE
2012-01-24,274.88,277.0,264.07,270.0,1760,480973.9,EQNE
2012-01-25,270.0,270.0,269.99,270.0,3450,931499.8,EQNE
2012-01-26,275.0,290.0,273.82,279.0,28270,7866054.5,EQNE
2012-01-27,277.0,286.0,270.52,275.94,5030,1405050.2,EQNE
2012-01-30,276.0,276.0,265.0,265.05,3380,904384.2,EQNE
2012-01-31,266.99,272.0,266.0,271.98,2250,604014.8,EQNE
2012-02-01,272.0,272.0,266.08,271.98,970,261685.9,EQNE
2012-02-02,271.96,271.97,268.1,268.1,720,194723.0,EQNE
2012-02-03,271.0,271.0,268.1,270.74,220,59306.5,EQNE
2012-02-06,307.0,307.0,269.0,269.99,290,79733.5,EQNE
2012-02-07,267.1,269.98,266.57,266.59,220,58976.7,EQNE
2012-02-08,269.98,269.99,266.06,266.06,1220,327850.0,EQNE
2012-02-09,265.0,269.8,254.02,269.56,980,257765.7,EQNE
2012-02-10,269.0,269.0,253.0,253.0,230,59366.0,EQNE
2012-02-13,264.89,264.89,258.02,263.99,30,7869.0,EQNE
2012-02-14,264.99,264.99,250.0,258.0,2130,538044.4,EQNE
2012-02-15,259.0,259.0,254.0,256.0,2190,558513.3,EQNE
2012-02-16,251.5,256.0,250.0,255.0,660,166762.7,EQNE
2012-02-17,253.51,256.0,242.01,249.85,5810,1453381.1,EQNE
2012-02-20,250.0,254.8,250.0,251.0,550,138462.8,EQNE
2012-02-21,252.99,253.5,248.0,251.7,930,233679.5,EQNE
2012-02-22,248.0,253.9,248.0,250.0,6520,1642996.6,EQNE
2012-02-24,255.0,258.0,250.0,254.27,990,250321.9,EQNE
2012-02-27,251.55,254.35,251.0,251.87,810,203551.6,EQNE
2012-02-28,251.99,251.99,246.0,246.0,230,56961.5,EQNE
2012-02-29,246.01,252.0,237.0,240.0,13870,3331771.9,EQNE
2012-03-01,235.13,240.0,233.0,235.0,5810,1375798.9,EQNE
2012-03-02,235.0,239.0,224.0,231.99,5920,1364418.9,EQNE
2012-03-05,229.01,234.44,229.0,229.01,2710,625404.3,EQNE
2012-03-06,228.0,229.0,220.26,220.27,2970,659952.0,EQNE
2012-03-07,221.0,224.0,220.49,224.0,740,164672.2,EQNE
2012-03-11,228.0,230.0,227.13,227.13,530,121613.5,EQNE
2012-03-12,225.26,226.0,221.0,221.2,2290,508869.7,EQNE
2012-03-13,224.95,224.98,221.01,222.2,780,173606.3,EQNE
2012-03-14,222.99,227.0,222.6,225.0,4660,1041186.7,EQNE
2012-03-15,224.21,234.0,224.0,234.0,5020,1154626.3,EQNE
2012-03-16,237.0,237.0,230.0,230.0,550,128733.9,EQNE
2012-03-19,231.0,231.0,226.0,230.0,1780,406532.7,EQNE
2012-03-20,235.0,235.4,231.1,233.01,2410,563180.6,EQNE
2012-03-21,239.98,263.0,239.98,249.0,21170,5222558.5,EQNE
2012-03-22,252.99,258.96,245.0,258.0,5750,1444710.7,EQNE
2012-03-23,253.95,253.95,246.02,250.0,410,102490.0,EQNE
2012-03-26,250.03,255.0,249.99,255.0,1170,294443.2,EQNE
2012-03-27,250.15,250.15,250.0,250.0,1110,277539.0,EQNE
2012-03-28,250.0,251.0,250.0,250.0,920,230300.5,EQNE
2012-03-29,249.96,255.0,247.0,247.0,2050,513455.3,EQNE
2012-03-30,247.1,250.0,246.5,248.74,3230,797243.5,EQNE
2012-04-02,246.84,250.97,246.25,246.25,1250,308237.9,EQNE
2012-04-03,246.1,246.1,240.02,244.1,3050,742590.2,EQNE
2012-04-04,241.05,242.88,235.01,238.0,2680,641162.8,EQNE
2012-04-05,238.06,241.88,235.0,241.88,1100,260644.6,EQNE
2012-04-06,236.25,236.25,236.0,236.0,120,28342.7,EQNE
2012-04-09,236.02,241.93,236.02,237.03,280,66789.4,EQNE
2012-04-10,238.0,240.0,238.0,240.0,440,105147.2,EQNE
2012-04-11,245.99,246.0,239.0,244.39,520,124807.3,EQNE
2012-04-12,241.99,249.0,239.0,247.98,1070,264808.8,EQNE
2012-04-13,247.98,247.98,247.98,247.98,40,9919.2,EQNE
2012-04-16,238.22,249.96,235.08,236.0,580,140869.6,EQNE
2012-04-17,236.05,239.18,236.0,237.02,200,47501.4,EQNE
2012-04-18,249.87,249.87,240.0,247.92,410,100417.7,EQNE
2012-04-19,238.96,244.29,238.96,244.0,240,58161.8,EQNE
2012-04-20,240.21,248.0,240.2,245.0,2610,642908.7,EQNE
2012-04-23,240.56,240.56,240.0,240.0,320,76910.6,EQNE
2012-04-24,235.01,242.91,231.33,242.91,640,152029.9,EQNE
2012-04-25,242.0,242.0,242.0,242.0,20,4840.0,EQNE
2012-04-26,240.01,240.01,235.0,235.0,1690,404121.9,EQNE
2012-04-27,239.99,244.9,239.99,244.9,350,84678.9,EQNE
2012-04-28,237.61,248.98,237.6,240.03,280,68091.4,EQNE
2012-05-02,241.02,245.0,240.03,240.03,720,174153.9,EQNE
2012-05-03,239.0,241.0,238.33,241.0,260,62510.4,EQNE
2012-05-04,238.01,238.02,230.0,234.99,1420,332085.3,EQNE
2012-05-05,235.0,235.0,234.99,234.99,150,35249.8,EQNE
2012-05-07,234.99,234.99,234.99,234.99,30,7049.7,EQNE
2012-05-10,230.01,230.01,230.01,230.01,10,2300.1,EQNE
2012-05-11,230.02,235.0,225.01,225.01,630,145773.3,EQNE
2012-05-12,225.02,229.99,225.0,225.01,590,133035.5,EQNE
2012-05-14,224.0,224.0,212.0,219.94,980,212098.8,EQNE
2012-05-15,212.99,213.0,210.9,210.9,250,53076.0,EQNE
2012-05-16,205.02,209.11,203.11,203.11,1530,313552.9,EQNE
2012-05-17,201.5,203.38,195.0,201.1,790,157530.2,EQNE
2012-05-18,192.36,205.0,192.36,200.04,1750,357808.7,EQNE
2012-05-21,185.01,202.99,185.01,201.0,950,189977.3,EQNE
2012-05-22,204.42,205.0,198.07,201.97,360,72410.3,EQNE
2012-05-23,191.01,195.53,188.01,188.01,240,45633.2,EQNE
2012-05-24,189.99,192.84,182.57,192.84,530,98479.0,EQNE
2012-05-25,190.0,193.0,190.0,193.0,170,32747.5,EQNE
2012-05-28,199.98,199.99,193.0,198.0,110,21629.4,EQNE
2012-05-29,198.0,209.59,198.0,209.59,1010,205573.2,EQNE
2012-05-30,202.03,202.03,202.03,202.03,60,12121.8,EQNE
2012-05-31,198.66,198.66,190.71,190.71,4,776.58,SMAL
2012-06-01,195.03,195.03,188.05,188.12,200,38528.4,EQNE
2012-06-05,190.0,190.0,190.0,190.0,1,190.0,SMAL
2012-06-07,188.15,200.0,188.15,200.0,80,15881.5,EQNE
2012-06-08,199.95,199.95,189.78,195.0,140,27264.8,EQNE
2012-06-09,190.51,190.51,190.51,190.51,1,190.51,SMAL
2012-06-13,193.54,193.54,190.47,190.47,8,1526.83,SMAL
2012-06-14,195.0,195.0,188.44,188.44,20,3834.4,EQNE
2012-06-15,198.95,198.95,198.95,198.95,210,41779.5,EQNE
2012-06-18,200.0,200.0,197.0,198.0,1070,211860.0,EQNE
2012-06-20,190.03,190.03,190.03,190.03,90,17102.7,EQNE
2012-06-21,190.1,195.0,190.05,195.0,1120,214287.0,EQNE
2012-06-22,192.0,192.0,183.1,188.01,1280,243597.8,EQNE
2012-06-25,189.98,189.98,188.02,188.04,30,5660.4,EQNE
2012-06-26,189.99,189.99,186.22,186.22,260,48774.2,EQNE
2012-06-27,185.0,186.1,180.81,181.69,1050,190828.2,EQNE
2012-06-28,184.99,185.0,180.04,184.89,1190,217222.7,EQNE
2012-06-29,184.99,186.89,184.0,186.0,4300,799285.8,EQNE
2012-07-02,184.5,186.0,184.5,184.8,340,62851.6,EQNE
2012-07-03,183.0,186.0,183.0,185.0,3710,689329.2,EQNE
2012-07-04,185.98,186.0,184.0,185.88,1780,329914.9,EQNE
2012-07-05,184.97,184.97,182.03,183.0,340,62341.6,EQNE
2012-07-06,185.95,186.0,182.0,184.0,1470,270720.0,EQNE
2012-07-09,185.97,185.97,182.28,182.28,190,34965.3,EQNE
2012-07-11,180.0,180.06,176.07,178.99,1630,292698.3,EQNE
2012-07-12,177.0,177.0,176.99,176.99,860,152219.4,EQNE
2012-07-13,179.0,180.0,179.0,180.0,510,91782.4,EQNE
2012-07-16,191.89,191.89,177.64,177.64,150,27161.9,EQNE
2012-07-17,179.14,179.14,179.03,179.14,230,41195.5,EQNE
2012-07-18,181.0,181.0,175.58,175.77,160,28214.0,EQNE
2012-07-19,178.61,178.67,178.2,178.2,290,51790.2,EQNE
2012-07-20,173.84,179.0,173.84,179.0,50,8782.7,EQNE
2012-07-23,171.33,171.33,169.3,170.0,5560,946015.4,EQNE
2012-07-24,169.0,170.0,168.07,170.0,340,57760.4,EQNE
2012-07-25,174.89,180.0,174.89,175.0,440,77804.9,EQNE
2012-07-26,165.02,171.27,165.01,170.0,1870,311609.6,EQNE
2012-07-27,166.8,173.89,166.77,172.83,590,100146.4,EQNE
2012-07-30,169.99,170.0,169.0,169.97,8400,1427857.0,EQNE
2012-07-31,166.12,171.0,166.12,170.0,930,158207.6,EQNE
2012-08-02,173.0,174.0,171.11,172.87,1340,231025.7,EQNE
2012-08-03,179.85,179.85,173.05,173.05,1210,209548.7,EQNE
2012-08-06,177.41,183.45,176.99,183.45,1130,201181.5,EQNE
2012-08-07,183.9,183.96,177.0,179.98,1030,184737.5,EQNE
2012-08-08,179.0,183.48,176.0,181.0,2570,462393.7,EQNE
2012-08-09,175.52,176.45,174.0,176.45,600,105110.9,EQNE
2012-08-10,176.0,176.0,174.98,175.0,60,10509.5,EQNE
2012-08-13,174.5,185.98,170.34,185.98,650,117458.3,EQNE
2012-08-14,180.0,184.79,180.0,184.79,40,7247.9,EQNE
2012-08-15,184.86,186.0,177.0,180.97,500,90827.8,EQNE
2012-08-16,182.0,182.0,177.0,177.0,70,12500.0,EQNE
2012-08-17,176.02,176.02,176.0,176.01,70,12320.6,EQNE
2012-08-20,176.0,179.0,171.17,179.0,100,17487.4,EQNE
2012-08-21,175.01,178.18,173.55,178.18,230,40007.6,EQNE
2012-08-22,175.0,192.0,175.0,183.5,4030,742257.3,EQNE
2012-08-23,187.99,195.0,181.24,188.0,4550,854234.0,EQNE
2012-08-24,184.99,186.0,182.2,186.0,1380,252452.5,EQNE
2012-08-27,180.03,180.03,180.0,180.0,210,37801.4,EQNE
2012-08-28,180.0,188.0,178.11,188.0,3600,653494.1,EQNE
2012-08-31,178.16,184.99,178.16,184.99,80,14321.1,EQNE
2012-09-03,187.99,187.99,187.99,187.99,10,1879.9,EQNE
2012-09-05,180.01,180.01,180.0,180.0,360,64800.1,EQNE
2012-09-06,182.01,182.01,177.99,179.88,1330,238589.3,EQNE
2012-09-07,178.71,185.0,176.99,185.0,2380,428496.7,EQNE
2012-09-10,188.0,189.5,180.91,180.91,470,87756.0,EQNE
2012-09-11,187.99,187.99,187.99,187.99,10,1879.9,EQNE
2012-09-12,185.39,189.0,184.2,188.93,850,158425.2,EQNE
2012-09-13,188.87,188.87,178.7,187.95,120,22504.9,EQNE
2012-09-14,188.86,198.0,188.45,193.0,2940,560074.2,EQNE
2012-09-17,192.0,198.8,187.71,196.0,1890,367882.1,EQNE
2012-09-18,190.03,195.99,190.0,190.02,540,103657.0,EQNE
2012-09-19,192.0,192.0,182.06,184.99,2470,455617.3,EQNE
2012-09-20,184.99,185.94,184.99,185.64,240,44421.1,EQNE
2012-09-21,181.92,195.92,181.91,188.79,1500,288674.1,EQNE
2012-09-24,185.36,189.84,185.0,186.0,650,121567.2,EQNE
2012-09-25,190.0,190.98,187.11,187.26,350,66109.2,EQNE
2012-09-26,184.36,189.22,180.0,181.0,960,174026.1,EQNE
2012-09-27,180.04,180.04,175.04,178.63,580,102880.7,EQNE
2012-09-28,182.0,182.07,182.0,182.07,80,14563.5,EQNE
2012-10-02,183.01,183.2,183.0,183.03,90,16472.7,EQNE
2012-10-03,182.0,182.0,180.0,180.0,500,90249.2,EQNE
2012-10-04,187.87,187.87,187.87,187.87,50,9393.5,EQNE
2012-10-05,181.9,186.93,179.95,186.93,310,56782.6,EQNE
2012-10-08,178.01,185.0,178.01,185.0,60,10750.5,EQNE
2012-10-09,181.05,188.96,181.0,181.59,710,131309.7,EQNE
2012-10-10,176.51,180.0,176.51,178.0,200,35672.0,EQNE
2012-10-11,180.99,181.0,180.99,181.0,120,21718.9,EQNE
2012-10-12,176.11,176.11,176.11,176.11,20,3522.2,EQNE
2012-10-15,179.05,179.05,179.05,179.05,1,179.05,SMAL
2012-10-17,181.0,181.0,181.0,181.0,10,1810.0,EQNE
2012-10-18,182.0,182.0,182.0,182.0,10,1820.0,EQNE
2012-10-19,178.54,178.55,178.0,178.0,190,33901.1,EQNE
2012-10-23,186.44,186.44,176.44,179.87,250,45480.8,EQNE
2012-10-24,180.0,180.0,180.0,180.0,20,3600.0,EQNE
2012-10-26,176.36,176.36,170.0,173.98,520,89251.5,EQNE
2012-10-29,170.06,170.14,170.05,170.07,240,40817.2,EQNE
2012-10-30,172.54,172.54,170.01,170.01,60,10251.5,EQNE
2012-10-31,170.0,171.0,170.0,170.0,1210,205806.8,EQNE
2012-11-01,170.1,177.05,147.03,177.05,1300,214758.6,EQNE
2012-11-02,181.0,184.9,177.01,180.0,620,112393.3,EQNE
2012-11-07,184.5,184.5,184.5,184.5,10,1845.0,EQNE
2012-11-08,180.0,183.98,169.75,174.29,2560,444068.1,EQNE
2012-11-09,166.04,168.76,155.1,168.2,420,68110.9,EQNE
2012-11-12,166.5,168.98,166.5,168.98,20,3354.8,EQNE
2012-11-13,168.2,168.97,165.11,168.97,60,10053.3,EQNE
2012-11-14,165.03,165.1,165.02,165.1,70,11554.8,EQNE
2012-11-15,164.12,164.12,164.12,164.12,40,6564.8,EQNE
2012-11-16,164.01,166.99,160.2,162.1,320,51969.9,EQNE
2012-11-19,172.82,172.82,164.0,164.0,130,21562.7,EQNE
2012-11-20,167.0,168.97,166.76,166.76,110,18404.2,EQNE
2012-11-21,167.67,167.67,167.63,167.63,40,6705.6,EQNE
2012-11-23,165.0,167.59,165.0,167.0,580,96601.7,EQNE
2012-11-26,164.26,165.97,163.11,165.0,1590,262287.6,EQNE
2012-11-27,167.48,167.5,166.21,166.4,90,15007.3,EQNE
2012-11-28,158.18,165.0,158.18,163.0,350,56640.5,EQNE
2012-11-29,165.0,165.0,149.99,150.0,16010,2467143.0,EQNE
2012-11-30,150.5,150.5,130.7,142.89,16280,2272527.1,EQNE
2012-12-03,144.0,146.49,140.03,141.8,1490,209698.3,EQNE
2012-12-04,140.09,142.42,139.9,140.0,890,125194.8,EQNE
2012-12-05,139.6,146.74,138.0,145.2,5420,775120.9,EQNE
2012-12-06,142.57,148.97,142.54,146.33,490,70525.8,EQNE
2012-12-07,140.95,146.19,138.67,143.85,1920,273547.2,EQNE
2012-12-10,143.83,144.99,142.0,143.38,530,75696.2,EQNE
2012-12-11,143.36,148.64,142.68,144.98,380,54754.5,EQNE
2012-12-12,146.66,146.66,145.0,146.42,1510,220222.6,EQNE
2012-12-13,144.0,144.0,140.14,143.0,100,14143.7,EQNE
2012-12-14,142.83,146.0,140.41,142.08,1490,214249.2,EQNE
2012-12-17,140.51,142.19,140.5,142.19,130,18312.6,EQNE
2012-12-18,140.53,142.15,137.0,140.0,850,118912.7,EQNE
2012-12-19,140.96,140.96,140.0,140.87,50,7019.7,EQNE
2012-12-20,137.13,139.44,135.21,138.0,3540,484264.4,EQNE
2012-12-21,133.77,136.86,133.77,136.86,670,90601.9,EQNE
2012-12-24,136.1,136.99,135.0,136.99,240,32607.9,EQNE
2012-12-25,135.13,136.47,135.0,136.47,4800,651261.9,EQNE
2012-12-26,136.69,136.95,136.69,136.95,30,4103.4,EQNE
2012-12-27,136.05,138.94,136.05,138.94,770,105285.5,EQNE
2012-12-28,138.9,140.75,138.9,140.75,1900,264125.1,EQNE
2013-01-08,146.61,146.62,140.62,143.49,590,84816.8,EQNE
2013-01-09,144.99,145.87,144.0,145.62,890,129207.5,EQNE
2013-01-10,145.59,159.96,145.0,152.97,2990,447526.1,EQNE
2013-01-11,149.03,156.79,148.01,155.97,5590,857769.4,EQNE
2013-01-14,150.17,163.98,150.17,163.9,9480,1520039.1,EQNE
2013-01-15,163.0,167.97,160.0,160.99,5940,968641.8,EQNE
2013-01-16,160.98,160.98,158.03,158.03,160,25650.0,EQNE
2013-01-17,160.99,161.0,159.01,159.01,90,14449.7,EQNE
2013-01-18,160.99,161.81,157.31,160.0,1080,172540.5,EQNE
2013-01-21,160.0,160.0,154.06,158.99,440,69739.3,EQNE
2013-01-22,155.59,156.0,154.99,156.0,730,113376.6,EQNE
2013-01-23,153.5,161.0,152.05,161.0,1890,301277.3,EQNE
2013-01-24,161.8,161.97,158.87,159.01,110,17606.1,EQNE
2013-01-25,152.8,159.61,152.8,156.95,310,48662.2,EQNE
2013-01-28,159.96,160.68,157.99,160.05,440,70374.4,EQNE
2013-01-29,159.36,165.0,159.0,160.01,1390,225286.3,EQNE
2013-01-30,161.18,164.0,159.01,159.99,1820,292992.0,EQNE
2013-01-31,166.98,166.98,159.01,159.6,530,84790.1,EQNE
2013-02-01,161.99,162.5,159.06,162.5,960,154622.9,EQNE
2013-02-04,162.49,162.49,159.26,160.0,1510,241778.8,EQNE
2013-02-05,160.0,161.92,150.0,159.0,2080,322145.8,EQNE
2013-02-06,158.84,158.84,156.99,157.0,190,29861.3,EQNE
2013-02-07,159.0,160.0,158.98,160.0,940,149910.0,EQNE
2013-02-08,153.06,159.99,153.03,159.99,460,72387.8,EQNE
2013-02-11,159.99,161.84,158.02,161.84,500,79917.9,EQNE
2013-02-12,155.33,161.49,155.33,161.29,560,88796.4,EQNE
2013-02-13,161.49,161.49,161.49,161.49,20,3229.8,EQNE
2013-02-14,161.89,161.89,158.0,159.99,360,57265.2,EQNE
2013-02-15,157.01,158.0,156.0,158.0,520,81676.4,EQNE
2013-02-18,157.01,158.25,156.5,158.25,1510,236530.6,EQNE
2013-02-19,157.5,158.89,157.5,158.89,140,22105.6,EQNE
2013-02-20,161.95,161.95,157.11,158.97,390,61626.4,EQNE
2013-02-21,160.0,160.0,154.2,155.07,240,37730.4,EQNE
2013-02-22,155.01,157.0,152.0,156.0,350,54126.1,EQNE
2013-02-25,159.59,159.59,159.59,159.59,20,3191.8,EQNE
2013-02-26,152.97,156.0,152.97,156.0,40,6149.1,EQNE
2013-02-27,151.38,153.99,150.0,151.93,1020,154495.5,EQNE
2013-02-28,150.0,150.0,150.0,150.0,1,150.0,SMAL
2013-03-04,151.93,151.93,151.93,151.93,40,6077.2,EQNE
2013-03-05,153.0,153.0,152.0,152.0,200,30500.0,EQNE
2013-03-06,156.89,156.89,156.89,156.89,30,4706.7,EQNE
2013-03-07,154.0,154.0,154.0,154.0,10,1540.0,EQNE
2013-03-11,154.01,156.19,151.0,155.84,470,71806.3,EQNE
2013-03-12,150.72,153.01,150.72,153.0,80,12217.4,EQNE
2013-03-13,153.35,153.35,153.35,153.35,20,3067.0,EQNE
2013-03-14,153.0,153.0,150.0,150.0,300,45267.4,EQNE
2013-03-15,150.02,150.05,146.03,147.0,1470,217964.1,EQNE
2013-03-18,146.03,147.89,142.02,144.08,1340,193685.2,EQNE
2013-03-19,144.01,144.91,140.0,143.14,1100,156327.1,EQNE
2013-03-20,144.05,144.05,143.5,143.5,170,24406.0,EQNE
2013-03-21,144.5,144.5,143.01,143.01,40,5735.3,EQNE
2013-03-22,140.0,140.0,138.0,138.04,1020,141581.5,EQNE
2013-03-25,139.99,144.36,139.99,140.0,740,103677.0,EQNE
2013-03-26,140.03,140.03,135.01,135.01,660,91631.0,EQNE
2013-03-27,135.08,135.08,131.0,131.0,520,69380.8,EQNE
2013-03-28,135.0,138.56,133.34,134.68,80,10803.3,EQNE
2013-03-29,136.01,144.67,134.55,144.67,140,19710.3,EQNE
2013-04-01,142.0,145.2,137.05,137.05,290,40422.7,EQNE
2013-04-02,142.29,142.29,140.01,140.5,80,11258.5,EQNE
2013-04-03,136.13,141.85,136.12,139.01,100,13901.1,EQNE
2013-04-04,136.05,140.78,136.05,140.78,50,6933.0,EQNE
2013-04-05,138.07,140.0,138.0,140.0,1210,167004.0,EQNE
2013-04-08,139.39,139.39,139.39,139.39,50,6969.5,EQNE
2013-04-09,133.24,140.93,130.04,130.04,4360,573619.5,EQNE
2013-04-10,130.03,133.19,130.03,132.24,830,109533.1,EQNE
2013-04-11,133.0,134.26,132.01,132.34,170,22517.0,EQNE
2013-04-12,128.22,128.22,128.22,128.22,70,8975.4,EQNE
2013-04-15,128.18,128.18,122.24,127.63,640,81334.4,EQNE
2013-04-16,131.92,131.95,127.0,131.95,800,102442.9,EQNE
2013-04-17,131.95,131.95,124.0,124.0,300,37884.2,EQNE
2013-04-18,122.0,131.99,122.0,131.99,200,25813.5,EQNE
2013-04-19,122.09,129.83,122.09,124.52,260,32352.0,EQNE
2013-04-22,128.44,135.45,125.37,125.37,390,50226.1,EQNE
2013-04-23,132.99,132.99,131.5,131.5,20,2644.9,EQNE
2013-04-24,133.86,133.86,129.0,130.99,320,41567.7,EQNE
2013-04-25,133.35,133.35,133.35,133.35,10,1333.5,EQNE
2013-04-26,126.31,128.49,123.08,128.3,250,31559.0,EQNE
2013-04-29,132.97,132.97,132.97,132.97,80,10637.6,EQNE
2013-04-30,128.6,133.08,124.07,133.08,90,11609.5,EQNE
2013-05-02,125.09,125.09,123.51,123.51,210,26171.5,EQNE
2013-05-03,133.3,133.3,127.87,132.67,180,23450.5,EQNE
2013-05-06,129.96,132.31,129.96,132.31,20,2622.7,EQNE
2013-05-07,129.91,130.99,126.3,128.1,390,49967.3,EQNE
2013-05-08,128.91,129.89,128.91,129.89,80,10371.6,EQNE
2013-05-10,129.95,130.0,129.75,129.94,60,7796.4,EQNE
2013-05-13,131.99,137.0,130.01,130.4,840,110848.4,EQNE
2013-05-14,129.86,134.94,129.86,133.14,300,39985.7,EQNE
2013-05-15,137.0,137.0,132.21,132.21,220,29134.1,EQNE
2013-05-16,124.78,132.0,124.78,132.0,60,7631.2,EQNE
2013-05-17,137.85,137.85,134.0,134.0,100,13557.9,EQNE
2013-05-20,132.0,132.0,132.0,132.0,5,660.0,SMAL
2013-05-21,130.01,135.0,120.0,135.0,1490,189895.2,EQNE
2013-05-22,132.19,139.2,130.0,133.55,280,38189.6,EQNE
2013-05-23,129.05,137.0,128.0,132.5,320,41921.4,EQNE
2013-05-27,130.02,131.5,130.01,131.5,30,3915.3,EQNE
2013-05-28,132.8,132.83,129.23,132.83,290,38046.2,EQNE
2013-05-29,130.01,132.24,130.0,132.24,270,35566.3,EQNE
2013-05-30,132.71,132.71,132.71,132.71,10,1327.1,EQNE
2013-05-31,130.97,130.97,130.6,130.6,80,10473.8,EQNE
2013-06-03,130.0,131.97,130.0,131.97,300,39345.4,EQNE
2013-06-04,131.98,131.98,131.98,131.98,10,1319.8,EQNE
2013-06-05,127.15,131.84,127.15,127.21,250,31993.0,EQNE
2013-06-06,127.36,131.5,127.36,131.5,20,2588.6,EQNE
2013-06-07,131.64,131.64,131.64,131.64,10,1316.4,EQNE
2013-06-10,131.69,138.99,131.69,138.99,370,49829.0,EQNE
2013-06-11,137.99,140.0,128.19,135.99,400,53865.9,EQNE
2013-06-14,130.0,134.93,130.0,131.13,80,10505.8,EQNE
2013-06-17,129.62,134.6,128.96,134.6,400,51921.3,EQNE
2013-06-18,125.35,131.49,125.35,131.23,210,27519.9,EQNE
2013-06-19,131.1,131.1,130.26,130.26,30,3916.2,EQNE
2013-06-20,133.16,133.16,133.16,133.16,10,1331.6,EQNE
2013-06-21,132.87,135.1,132.87,135.1,400,53843.3,EQNE
2013-06-24,138.96,138.96,138.96,138.96,10,1389.6,EQNE
2013-06-27,132.0,132.0,132.0,132.0,780,102960.0,EQNE
2013-07-01,130.05,134.99,130.04,134.99,180,23458.3,EQNE
2013-07-02,130.0,130.0,130.0,130.0,110,14300.0,EQNE
2013-07-03,133.99,133.99,133.99,133.99,10,1339.9,EQNE
2013-07-04,130.01,131.6,130.0,131.6,250,32516.1,EQNE
2013-07-05,132.46,132.48,130.0,132.29,130,17056.2,EQNE
2013-07-08,127.4,127.4,125.43,125.43,15,1899.18,SMAL
2013-07-09,138.16,138.16,129.0,133.96,150,19492.4,EQNE
2013-07-10,128.01,128.01,125.99,126.0,1450,182877.4,EQNE
2013-07-11,130.0,132.9,130.0,132.05,540,70720.2,EQNE
2013-07-12,127.08,132.97,127.08,132.97,20,2600.5,EQNE
2013-07-15,127.0,136.85,127.0,134.39,1110,144496.8,EQNE
2013-07-16,132.0,134.97,132.0,134.97,1040,137700.8,EQNE
2013-07-17,134.22,134.22,132.53,132.53,160,21445.8,EQNE
2013-07-18,133.28,133.5,131.31,133.5,50,6612.4,EQNE
2013-07-19,130.17,135.0,127.62,130.67,2070,274006.9,EQNE
2013-07-23,131.0,131.19,131.0,131.19,20,2621.9,EQNE
2013-07-24,130.71,135.0,124.04,129.98,1440,190532.5,EQNE
2013-07-25,134.83,134.99,131.11,134.99,300,40061.6,EQNE
2013-07-26,134.84,137.77,131.32,131.32,820,110349.1,EQNE
2013-07-29,135.97,135.98,129.91,133.32,700,93535.9,EQNE
2013-07-30,136.16,136.59,133.19,133.29,240,32388.1,EQNE
2013-07-31,134.69,136.0,107.15,129.99,2960,368460.0,EQNE
2013-08-01,129.97,131.34,128.44,131.34,90,11716.9,EQNE
2013-08-02,131.34,133.17,129.14,133.15,90,11851.3,EQNE
2013-08-05,130.01,133.2,130.01,133.2,130,17242.7,EQNE
2013-08-06,133.78,134.11,131.34,133.79,40,5330.2,EQNE
2013-08-07,131.91,133.79,131.91,132.02,100,13214.5,EQNE
2013-08-08,133.99,133.99,132.38,132.9,30,3992.7,EQNE
2013-08-09,127.24,132.91,127.24,132.91,60,7691.1,EQNE
2013-08-12,130.21,132.19,130.0,132.19,240,31281.0,EQNE
2013-08-13,132.9,133.96,131.0,133.96,640,85331.8,EQNE
2013-08-14,131.36,131.36,131.36,131.36,10,1313.6,EQNE
2013-08-15,133.32,133.32,131.66,131.66,250,32948.2,EQNE
2013-08-16,133.33,133.33,133.33,133.33,10,1333.3,EQNE
2013-08-19,132.44,132.44,130.29,130.29,40,5233.1,EQNE
2013-08-20,128.02,131.79,128.02,131.78,40,5233.7,EQNE
2013-08-21,132.0,132.97,131.51,132.97,330,43792.4,EQNE
2013-08-22,131.03,132.09,129.72,132.09,660,86759.5,EQNE
2013-08-23,134.55,134.55,130.8,131.82,500,65593.5,EQNE
2013-08-26,132.13,132.13,132.13,132.13,10,1321.3,EQNE
2013-08-27,128.96,131.97,128.96,129.55,770,99830.5,EQNE
2013-08-28,131.99,131.99,130.0,130.0,1230,159959.7,EQNE
2013-08-29,131.89,132.0,129.9,129.9,340,44774.2,EQNE
2013-08-30,131.99,131.99,129.99,129.99,430,56003.2,EQNE
2013-09-02,139.89,139.89,139.89,139.89,5,699.45,SMAL
2013-09-03,131.49,131.49,131.49,131.49,10,1314.9,TQNE
2013-09-04,120.11,120.11,120.11,120.11,2,240.22,SMAL
2013-09-05,131.5,131.5,129.0,129.0,470,60992.9,TQNE
2013-09-06,131.09,131.09,129.06,129.06,130,16985.2,TQNE
2013-09-10,131.44,131.44,131.44,131.44,10,1314.4,TQNE
2013-09-11,130.0,130.0,130.0,130.0,10,1300.0,TQNE
2013-09-12,129.92,129.92,128.03,129.49,230,29525.4,TQNE
2013-09-17,126.79,126.79,123.21,126.55,480,60439.1,TQNE
2013-09-18,126.0,126.0,126.0,126.0,4,504.0,SMAL
2013-09-20,126.98,126.98,124.0,124.35,2030,252287.3,TQNE
2013-09-23,126.2,126.2,126.2,126.2,9,1135.8,SMAL
2013-09-24,126.5,126.5,126.5,126.5,40,5060.0,TQNE
2013-09-25,126.53,126.53,126.5,126.5,1210,153067.3,TQNE
2013-09-26,121.33,127.33,121.25,126.0,760,95148.1,TQNE
2013-09-27,127.95,128.0,127.95,128.0,60,7679.5,TQNE
2013-09-30,122.3,125.43,122.3,125.4,220,27465.3,TQNE
2013-10-01,130.11,130.11,130.11,130.11,100,13011.0,TQNE
2013-10-02,126.9,126.91,126.9,126.91,40,5076.2,TQNE
2013-10-04,126.97,132.07,126.0,129.58,130,16577.6,TQNE
2013-10-07,130.17,131.83,130.17,131.83,400,52399.6,TQNE
2013-10-08,128.51,129.99,128.5,129.99,680,88289.0,TQNE
2013-10-09,126.11,126.11,126.11,126.11,3,378.33,SMAL
2013-10-10,126.32,126.32,126.32,126.32,7,884.24,SMAL
2013-10-11,123.82,132.35,123.82,131.48,60,7711.6,TQNE
2013-10-14,128.1,128.1,128.1,128.1,10,1281.0,TQNE
2013-10-15,130.97,130.97,127.54,128.87,120,15432.1,TQNE
2013-10-17,128.98,130.97,126.7,129.3,500,63618.4,TQNE
2013-10-18,129.3,129.3,120.0,128.97,2430,302734.2,TQNE
2013-10-21,129.48,130.48,127.02,130.48,170,21683.4,TQNE
2013-10-22,127.21,128.56,127.0,127.0,1140,144841.0,TQNE
2013-10-23,127.93,127.93,127.93,127.93,5,639.65,SMAL
2013-10-24,125.42,129.97,125.01,125.01,70,8804.4,TQNE
2013-10-28,126.65,127.45,126.65,127.45,5,634.85,SMAL
2013-10-29,124.12,124.12,124.12,124.12,10,1241.2,TQNE
2013-10-30,127.0,127.0,127.0,127.0,4,508.0,SMAL
2013-10-31,124.29,124.29,122.0,122.08,210,25957.8,TQNE
2013-11-01,125.0,125.0,125.0,125.0,100,12500.0,TQNE
2013-11-05,125.77,135.01,113.11,124.56,1900,232201.5,TQNE
2013-11-06,123.19,124.88,122.29,122.6,460,56535.0,TQNE
2013-11-07,121.55,121.55,117.03,119.59,450,53652.4,TQNE
2013-11-08,116.65,120.56,116.65,120.56,300,35591.1,TQNE
2013-11-11,124.46,124.46,120.07,121.38,310,37517.2,TQNE
2013-11-12,120.13,120.13,120.13,120.13,10,1201.3,TQNE
2013-11-13,117.0,117.0,117.0,117.0,9,1053.0,SMAL
2013-11-14,119.62,119.62,119.62,119.62,4,478.48,SMAL
2013-11-15,117.13,117.13,116.0,116.0,30,3501.3,TQNE
2013-11-18,116.0,116.0,116.0,116.0,10,1160.0,TQNE
2013-11-19,116.09,116.09,116.09,116.09,1,116.09,SMAL
2013-11-20,117.87,122.82,116.83,122.82,24,2861.2,SMAL
2013-11-21,120.0,120.0,120.0,120.0,4,480.0,SMAL
2013-11-22,119.43,119.43,119.43,119.43,1,119.43,SMAL
2013-11-25,116.11,117.35,113.8,117.35,940,108638.0,TQNE
2013-11-26,113.77,113.78,113.26,113.26,1310,148512.9,TQNE
2013-11-27,116.65,116.65,116.65,116.65,160,18664.0,TQNE
2013-11-28,116.88,116.88,116.84,116.84,20,2337.2,TQNE
2013-12-02,113.4,113.4,113.4,113.4,7,793.8,SMAL
2013-12-03,112.82,112.82,112.82,112.82,4,451.28,SMAL
2013-12-04,113.41,113.45,113.11,113.4,540,61177.3,TQNE
2013-12-05,113.11,115.43,110.01,115.43,1780,197022.7,TQNE
2013-12-06,114.0,114.99,114.0,114.99,200,22809.9,TQNE
2013-12-09,114.33,116.56,114.33,116.54,450,52312.3,TQNE
2013-12-10,116.9,116.9,115.01,116.8,320,37332.8,TQNE
2013-12-11,118.56,118.56,118.06,118.06,100,11851.0,TQNE
2013-12-12,115.11,115.11,115.1,115.1,20,2302.1,TQNE
2013-12-13,114.06,115.48,112.5,115.48,670,75674.0,TQNE
2013-12-16,115.0,115.0,115.0,115.0,6,690.0,SMAL
2013-12-17,117.01,117.01,117.0,117.0,320,37440.1,TQNE
2013-12-18,114.48,116.44,114.48,115.0,40,4609.2,TQNE
2013-12-19,115.2,115.2,115.2,115.2,8,921.6,SMAL
2013-12-20,119.87,120.0,118.06,119.0,1140,136641.2,TQNE
2013-12-23,115.5,115.5,115.5,115.5,6,693.0,SMAL
2013-12-24,119.98,119.99,119.98,119.98,19,2279.71,SMAL
2013-12-26,118.25,121.0,118.25,121.0,1020,120647.2,TQNE
2013-12-27,121.49,121.49,119.0,119.0,250,29838.5,TQNE
2013-12-30,120.0,120.04,120.0,120.04,180,21606.8,TQNE
2014-01-08,119.7,119.7,119.7,119.7,3,359.1,SMAL
2014-01-09,120.79,125.0,120.17,120.17,770,95711.3,TQNE
2014-01-10,124.8,125.0,118.15,118.15,30,3679.5,TQNE
2014-01-13,118.28,118.28,118.1,118.1,120,14191.0,TQNE
2014-01-14,120.53,120.93,119.17,119.17,40,4798.0,TQNE
2014-01-15,116.41,119.17,116.41,119.17,40,4739.2,TQNE
2014-01-16,117.86,117.86,116.25,116.25,80,9390.6,TQNE
2014-01-17,118.0,121.39,117.0,117.0,60,7104.9,TQNE
2014-01-21,118.0,118.0,118.0,118.0,50,5900.0,TQNE
2014-01-22,115.3,115.3,115.3,115.3,4,461.2,SMAL
2014-01-23,127.97,127.97,119.5,119.5,460,57541.7,TQNE
2014-01-24,122.99,122.99,119.6,120.0,290,34825.9,TQNE
2014-01-27,119.98,119.99,118.0,118.0,40,4779.5,TQNE
2014-01-28,116.01,117.0,116.01,117.0,20,2330.1,TQNE
2014-01-29,120.66,120.66,119.0,119.0,40,4779.0,TQNE
2014-02-03,116.01,116.01,116.0,116.0,180,20881.6,TQNE
2014-02-04,116.0,116.0,115.97,116.0,140,16239.1,TQNE
2014-02-05,115.3,116.47,115.0,115.0,610,70200.0,TQNE
2014-02-06,116.47,119.44,115.0,115.02,350,40497.9,TQNE
2014-02-07,115.09,115.09,115.09,115.09,5,575.45,SMAL
2014-02-10,114.0,114.0,114.0,114.0,3,342.0,SMAL
2014-02-11,114.58,114.98,114.58,114.98,1290,148054.2,TQNE
2014-02-12,115.2,115.76,115.2,115.5,30,3464.6,TQNE
2014-02-13,118.94,118.94,118.94,118.94,10,1189.4,TQNE
2014-02-17,115.02,115.75,115.01,115.02,100,11509.6,TQNE
2014-02-18,113.26,115.0,113.26,115.0,1510,173632.6,TQNE
2014-02-19,115.15,115.15,115.0,115.0,70,8051.7,TQNE
2014-02-20,115.49,115.49,115.49,115.49,10,1154.9,TQNE
2014-02-21,115.97,115.97,114.0,114.0,2250,256519.8,TQNE
2014-02-24,114.0,114.0,114.0,114.0,10,1140.0,TQNE
2014-02-25,113.31,113.51,113.0,113.5,300,33941.5,TQNE
2014-02-26,113.1,113.1,113.0,113.0,30,3391.0,TQNE
2014-02-27,114.72,114.73,113.0,113.44,1140,128933.1,TQNE
2014-02-28,113.0,114.24,113.0,114.24,490,55765.3,TQNE
2014-03-03,111.11,112.96,101.04,112.96,2310,251965.2,TQNE
2014-03-04,108.9,108.9,108.9,108.9,9,980.1,SMAL
2014-03-05,109.0,109.0,108.0,108.0,340,36778.8,TQNE
2014-03-06,111.97,111.97,110.0,110.0,1510,166119.7,TQNE
2014-03-07,110.0,110.0,110.0,110.0,120,13200.0,TQNE
2014-03-11,111.96,111.98,110.0,110.0,1570,172739.4,TQNE
2014-03-13,101.0,101.0,101.0,101.0,1,101.0,SMAL
2014-03-14,109.99,110.0,109.99,110.0,2,219.99,SMAL
2014-03-17,100.0,100.0,100.0,100.0,1,100.0,SMAL
2014-03-18,103.9,109.99,102.0,102.5,280,28886.0,TQNE
2014-03-19,110.0,110.0,110.0,110.0,1,110.0,SMAL
2014-03-20,101.5,107.85,101.49,107.48,250,25523.2,TQNE
2014-03-21,104.7,107.89,102.6,102.6,130,13521.4,TQNE
2014-03-24,102.2,102.66,99.99,102.66,1450,145238.9,TQNE
2014-03-25,102.0,102.0,102.0,102.0,2,204.0,SMAL
2014-03-26,104.01,104.01,102.0,102.0,90,9241.7,TQNE
2014-03-27,103.45,103.45,103.45,103.45,1,103.45,SMAL
2014-03-28,110.0,110.0,110.0,110.0,1,110.0,SMAL
2014-03-31,102.99,105.96,102.99,105.96,60,6244.1,TQNE
2014-04-01,103.0,103.0,103.0,103.0,9,927.0,SMAL
2014-04-02,103.05,106.1,103.05,104.05,50,5250.0,TQNE
2014-04-03,103.26,103.26,103.05,103.05,200,20616.2,TQNE
2014-04-04,104.84,104.84,104.84,104.84,10,1048.4,TQNE
2014-04-11,101.95,101.95,101.95,101.95,5,509.75,SMAL
2014-04-14,104.0,104.0,104.0,104.0,12050,1253200.0,TQNE
2014-04-15,104.5,104.5,104.5,104.5,1,104.5,SMAL
2014-04-16,101.5,103.0,101.5,103.0,100,10220.0,TQNE
2014-04-17,102.0,102.0,102.0,102.0,1,102.0,SMAL
2014-04-18,105.5,106.98,105.5,106.98,30,3194.5,TQNE
2014-04-21,102.49,102.49,102.0,102.0,330,33686.7,TQNE
2014-04-22,102.69,102.7,102.69,102.7,50,5134.7,TQNE
2014-04-23,101.0,101.0,101.0,101.0,1,101.0,SMAL
2014-04-24,100.0,100.0,100.0,100.0,7,700.0,SMAL
2014-04-25,101.98,102.49,101.98,102.49,50,5104.4,TQNE
2014-04-28,102.0,102.0,100.0,100.0,30,3020.1,TQNE
2014-04-29,100.0,100.0,100.0,100.0,8,800.0,SMAL
2014-04-30,101.1,101.1,99.0,99.5,180,17940.9,TQNE
2014-05-02,101.34,101.34,101.34,101.34,20,2026.8,TQNE
2014-05-07,101.3,101.3,100.0,100.0,20,2013.0,TQNE
2014-05-08,101.4,101.4,101.4,101.4,10,1014.0,TQNE
2014-05-12,102.48,108.99,101.5,105.0,370,38773.6,TQNE
2014-05-13,105.0,114.93,105.0,107.99,900,97230.4,TQNE
2014-05-14,110.0,111.99,106.0,109.0,640,69730.7,TQNE
2014-05-15,104.62,111.67,104.0,110.99,330,36019.3,TQNE
2014-05-16,105.07,106.0,105.07,106.0,20,2110.7,TQNE
2014-05-19,114.98,114.98,106.51,107.64,40,4367.7,TQNE
2014-05-20,106.09,106.09,104.0,104.0,150,15841.8,TQNE
2014-05-21,108.97,108.97,108.97,108.97,1,108.97,SMAL
2014-05-22,109.1,110.0,105.05,110.0,1840,197482.4,TQNE
2014-05-23,107.0,107.0,107.0,107.0,9,963.0,SMAL
2014-05-26,107.0,107.0,107.0,107.0,1,107.0,SMAL
2014-05-27,110.0,120.0,106.11,109.56,1460,167273.7,TQNE
2014-05-28,111.83,124.0,111.83,122.55,1190,143068.5,TQNE
2014-05-29,113.12,113.12,105.11,105.11,4,436.46,SMAL
2014-05-30,107.93,112.27,107.01,107.02,230,25266.9,TQNE
2014-06-02,103.51,106.0,103.01,104.02,1380,143164.8,TQNE
2014-06-03,108.13,108.13,103.07,103.07,50,5205.5,TQNE
2014-06-04,103.04,103.04,103.04,103.04,1,103.04,SMAL
2014-06-05,107.41,107.41,107.41,107.41,10,1074.1,TQNE
2014-06-09,103.15,104.0,102.85,104.0,210,21647.5,TQBR
2014-06-10,104.5,108.04,104.5,106.0,430,45691.7,TQBR
2014-06-11,107.0,107.0,107.0,107.0,150,16050.0,TQBR
2014-06-17,107.99,109.0,107.99,109.0,820,88629.2,TQBR
2014-06-18,108.88,110.0,108.88,110.0,160,17548.8,TQBR
2014-06-20,103.01,103.01,102.91,102.91,50,5147.6,TQBR
2014-06-24,107.0,109.98,107.0,109.0,300,32797.1,TQBR
2014-06-25,111.7,112.7,104.7,104.7,90,9926.8,TQBR
2014-06-26,104.2,109.99,104.01,109.99,230,24642.0,TQBR
2014-06-27,108.46,110.99,108.46,110.89,620,68607.1,TQBR
2014-06-30,111.0,112.7,111.0,112.7,30,3352.0,TQBR
2014-07-01,109.0,110.0,109.0,110.0,70,7650.0,TQBR
2014-07-02,109.65,110.0,105.41,110.0,30,3250.6,TQBR
2014-07-03,105.05,105.05,105.05,105.05,120,12606.0,TQBR
2014-07-04,105.71,108.56,105.71,106.17,70,7451.2,TQBR
2014-07-08,107.71,114.0,105.05,105.05,110,11711.4,TQBR
2014-07-09,105.0,108.71,101.37,108.0,570,61352.4,TQBR
2014-07-10,107.92,107.93,107.92,107.93,90,9713.3,TQBR
2014-07-11,105.01,105.01,104.01,104.01,70,7300.6,TQBR
2014-07-15,104.02,104.02,104.01,104.01,30,3120.4,TQBR
2014-07-18,106.99,107.0,104.25,106.98,180,19230.8,TQBR
2014-07-21,104.02,104.02,104.01,104.01,130,13521.4,TQBR
2014-07-22,104.01,107.57,101.04,107.57,300,30900.4,TQBR
2014-07-28,105.0,105.0,105.0,105.0,20,2100.0,TQBR
2014-07-29,107.47,107.47,100.99,106.88,1080,109437.2,TQBR
2014-07-30,106.88,107.24,105.66,107.24,260,27605.8,TQBR
2014-08-01,103.99,103.99,100.28,100.85,140,14171.1,TQBR
2014-08-05,99.14,105.46,99.14,105.46,520,54277.6,TQBR
2014-08-06,100.03,104.82,100.01,100.22,160,16070.5,TQBR
2014-08-07,100.0,100.0,98.0,99.0,1730,170947.2,TQBR
2014-08-08,98.02,100.0,93.9,97.49,4130,393551.3,TQBR
2014-08-11,97.33,100.0,97.25,97.25,870,85302.8,TQBR
2014-08-12,95.01,97.97,95.0,95.0,790,75149.8,TQBR
2014-08-13,97.95,97.95,92.29,94.48,3180,296343.1,TQBR
2014-08-14,92.29,94.98,88.0,89.0,6450,577577.6,TQBR
2014-08-15,86.54,89.97,85.0,87.0,2740,238771.5,TQBR
2014-08-18,89.83,91.34,88.0,91.34,660,59327.1,TQBR
2014-08-19,91.19,91.19,90.0,90.0,20,1811.9,TQBR
2014-08-20,92.9,92.9,92.24,92.9,1840,169815.0,TQBR
2014-08-21,93.49,95.95,93.0,95.9,600,57170.7,TQBR
2014-08-22,93.0,93.0,90.77,93.0,40,3675.5,TQBR
2014-08-25,93.4,97.79,92.97,93.03,290,27409.5,TQBR
2014-08-26,92.54,97.98,92.53,97.95,150,14004.9,TQBR
2014-08-27,91.2,97.99,91.2,97.99,200,19415.1,TQBR
2014-08-29,94.01,97.71,94.01,96.99,220,21166.3,TQBR
2014-09-01,95.0,98.0,95.0,97.0,90,8627.4,TQBR
2014-09-02,90.04,94.14,88.0,90.49,1690,150355.9,TQBR
2014-09-03,91.33,92.0,87.0,90.99,2130,190023.6,TQBR
2014-09-04,88.04,91.18,87.0,91.15,1270,110907.1,TQBR
2014-09-05,87.01,94.5,85.0,92.92,5100,451554.0,TQBR
2014-09-08,94.49,99.0,94.49,97.78,800,77112.6,TQBR
2014-09-09,96.01,98.99,96.0,97.0,130,12709.7,TQBR
2014-09-10,97.95,98.0,97.0,97.0,180,17606.2,TQBR
2014-09-11,91.07,99.0,91.07,97.95,70,6821.1,TQBR
2014-09-15,92.98,92.98,92.98,92.98,10,929.8,TQBR
2014-09-16,97.94,99.0,95.0,95.0,490,48029.8,TQBR
2014-09-18,97.95,97.95,92.51,97.91,60,5713.1,TQBR
2014-09-19,97.88,97.88,97.88,97.88,20,1957.6,TQBR
2014-09-22,95.0,97.99,93.01,97.99,660,64284.6,TQBR
2014-09-23,99.37,110.0,95.0,97.7,6190,613544.9,TQBR
2014-09-24,98.0,98.02,98.0,98.02,40,3920.2,TQBR
2014-09-25,101.95,102.3,98.86,98.86,1180,117039.7,TQBR
2014-09-26,100.01,103.86,100.0,103.86,310,32035.3,TQBR
2014-09-29,97.12,97.7,95.01,96.98,210,20237.4,TQBR
2014-09-30,97.95,109.87,97.95,100.0,80,8109.2,TQBR
2014-10-01,95.0,99.5,95.0,99.0,1080,106870.0,TQBR
2014-10-02,97.0,102.0,96.0,102.0,700,67865.0,TQBR
2014-10-03,98.5,105.0,98.5,103.5,70,7050.0,TQBR
2014-10-06,100.5,100.5,100.0,100.0,70,7005.0,TQBR
2014-10-08,101.5,104.5,99.5,99.5,970,100260.0,TQBR
2014-10-09,103.0,104.0,100.0,101.5,110,11125.0,TQBR
2014-10-10,103.5,103.5,103.5,103.5,10,1035.0,TQBR
2014-10-13,99.5,103.0,90.5,99.5,2680,251245.0,TQBR
2014-10-14,101.0,103.0,100.0,103.0,40,4045.0,TQBR
2014-10-15,102.5,103.5,99.5,103.0,320,32365.0,TQBR
2014-10-16,99.5,100.0,99.5,100.0,40,3995.0,TQBR
2014-10-17,105.0,105.0,105.0,105.0,120,12600.0,TQBR
2014-10-20,93.5,104.0,93.0,104.0,330,33420.0,TQBR
2014-10-21,104.0,104.0,104.0,104.0,150,15600.0,TQBR
2014-10-22,97.0,103.5,97.0,99.0,140,14065.0,TQBR
2014-10-24,98.5,102.0,98.0,99.0,80,7995.0,TQBR
2014-10-27,98.5,100.5,91.5,95.0,410,38535.0,TQBR
2014-10-28,95.0,102.0,95.0,102.0,530,52860.0,TQBR
2014-10-29,102.0,102.5,99.0,102.0,170,17250.0,TQBR
2014-10-30,96.5,101.5,96.0,101.5,70,6925.0,TQBR
2014-10-31,97.5,102.5,97.0,98.5,580,56740.0,TQBR
2014-11-03,99.0,105.0,98.5,103.0,1190,121315.0,TQBR
2014-11-05,99.0,101.0,97.5,100.0,160,15815.0,TQBR
2014-11-06,98.5,102.5,98.5,102.5,40,4020.0,TQBR
2014-11-07,99.5,103.0,99.5,103.0,20,2025.0,TQBR
2014-11-11,100.0,100.0,100.0,100.0,200,20000.0,TQBR
2014-11-12,100.0,100.0,100.0,100.0,50,5000.0,TQBR
2014-11-13,98.0,103.0,90.0,91.5,32650,2988635.0,TQBR
2014-11-14,92.0,93.5,90.0,90.0,4020,364665.0,TQBR
2014-11-17,90.0,90.5,89.0,90.0,250,22375.0,TQBR
2014-11-18,91.0,91.5,90.5,90.5,1110,101125.0,TQBR
2014-11-19,93.5,94.0,90.0,91.0,400,36415.0,TQBR
2014-11-20,93.0,93.0,93.0,93.0,10,930.0,TQBR
2014-11-21,91.5,93.0,91.5,93.0,260,24115.0,TQBR
2014-11-24,93.0,93.0,93.0,93.0,30,2790.0,TQBR
2014-11-25,93.0,94.5,93.0,93.0,1070,99565.0,TQBR
2014-11-26,93.0,93.0,93.0,93.0,30,2790.0,TQBR
2014-11-27,93.5,93.5,92.0,92.0,90,8310.0,TQBR
2014-11-28,93.0,93.5,93.0,93.5,80,7450.0,TQBR
2014-12-02,92.5,92.5,92.0,92.0,170,15660.0,TQBR
2014-12-03,93.5,93.5,93.0,93.0,1020,94870.0,TQBR
2014-12-04,92.5,93.0,91.5,93.0,60,5535.0,TQBR
2014-12-05,92.5,93.0,92.0,92.0,590,54740.0,TQBR
2014-12-08,92.0,92.0,88.0,90.0,330,29725.0,TQBR
2014-12-09,91.0,91.0,86.5,90.5,310,27450.0,TQBR
2014-12-10,91.0,92.0,90.0,92.0,60,5440.0,TQBR
2014-12-11,89.0,92.0,87.0,92.0,1910,167640.0,TQBR
2014-12-12,87.0,87.0,80.0,82.5,4130,339905.0,TQBR
2014-12-15,85.0,86.0,82.5,82.5,820,69650.0,TQBR
2014-12-16,81.5,82.5,55.5,67.0,4450,292390.0,TQBR
2014-12-17,71.5,75.5,62.5,70.0,450,31135.0,TQBR
2014-12-18,71.5,75.0,70.0,73.0,750,53185.0,TQBR
2014-12-19,71.0,72.0,68.0,72.0,460,32270.0,TQBR
2014-12-22,70.5,72.5,67.5,69.0,2100,144195.0,TQBR
2014-12-24,70.0,71.5,70.0,70.0,880,61660.0,TQBR
2014-12-25,69.5,72.5,68.0,72.5,340,23510.0,TQBR
2014-12-26,72.5,72.5,70.0,70.0,3060,214240.0,TQBR
2014-12-29,69.5,69.5,69.5,69.5,20,1390.0,TQBR
2014-12-30,69.0,70.5,63.0,70.5,800,52685.0,TQBR
2015-01-05,71.5,74.5,71.5,71.5,70,5065.0,TQBR
2015-01-06,70.5,71.5,69.5,71.5,80,5640.0,TQBR
2015-01-08,71.5,72.0,68.5,71.5,230,16085.0,TQBR
2015-01-09,69.0,72.0,68.5,70.0,410,28905.0,TQBR
2015-01-12,72.0,72.0,70.5,70.5,20,1425.0,TQBR
2015-01-13,69.5,70.0,66.0,69.5,150,10170.0,TQBR
2015-01-14,69.0,69.5,69.0,69.0,140,9685.0,TQBR
2015-01-15,70.0,70.0,69.0,69.0,110,7660.0,TQBR
2015-01-16,70.0,71.0,70.0,71.0,50,3510.0,TQBR
2015-01-19,69.0,70.0,67.0,69.5,1570,107225.0,TQBR
2015-01-20,70.0,70.0,70.0,70.0,10,700.0,TQBR
2015-01-21,70.0,70.0,70.0,70.0,720,50400.0,TQBR
2015-01-22,69.0,71.5,69.0,71.5,50,3495.0,TQBR
2015-01-23,69.5,72.0,69.5,72.0,40,2805.0,TQBR
2015-01-26,69.5,71.5,69.0,71.5,140,9745.0,TQBR
2015-01-27,69.0,69.0,69.0,69.0,50,3450.0,TQBR
2015-01-28,69.5,70.0,69.5,70.0,1540,107050.0,TQBR
2015-01-29,70.0,72.0,70.0,72.0,1600,112195.0,TQBR
2015-01-30,71.0,77.5,71.0,74.0,2670,194610.0,TQBR
2015-02-02,78.0,78.0,72.5,72.5,100,7305.0,TQBR
2015-02-04,74.0,74.0,74.0,74.0,20,1480.0,TQBR
2015-02-05,74.5,75.5,74.5,75.5,40,3010.0,TQBR
2015-02-06,77.0,88.0,76.0,85.0,10310,845885.0,TQBR
2015-02-09,89.0,89.0,83.5,88.0,400,35155.0,TQBR
2015-02-10,89.0,90.0,84.0,84.0,190,16370.0,TQBR
2015-02-11,87.0,89.5,83.0,83.0,1480,123210.0,TQBR
2015-02-12,87.0,87.5,86.5,86.5,560,48455.0,TQBR
2015-02-13,87.0,87.0,85.5,85.5,4630,402660.0,TQBR
2015-02-16,90.0,90.0,84.0,88.0,140,12330.0,TQBR
2015-02-17,90.0,90.0,85.0,86.0,300,26485.0,TQBR
2015-02-18,90.5,100.5,89.0,93.0,2770,263565.0,TQBR
2015-02-19,95.0,100.0,90.0,90.0,1510,141975.0,TQBR
2015-02-20,91.5,92.5,91.5,92.5,170,15665.0,TQBR
2015-02-24,96.5,96.5,78.5,91.0,1790,148920.0,TQBR
2015-02-25,92.0,92.0,86.0,86.0,690,61005.0,TQBR
2015-02-26,92.0,92.5,86.0,92.5,1270,115825.0,TQBR
2015-02-27,88.0,91.5,87.5,88.0,390,34705.0,TQBR
2015-03-02,89.0,90.5,89.0,90.5,20,1795.0,TQBR
2015-03-03,90.5,92.0,87.0,87.0,360,31905.0,TQBR
2015-03-04,87.0,88.5,87.0,88.5,20,1755.0,TQBR
2015-03-05,87.5,88.5,87.0,87.0,240,21090.0,TQBR
2015-03-06,90.5,94.0,86.0,90.5,3580,327910.0,TQBR
2015-03-10,89.0,89.0,89.0,89.0,10,890.0,TQBR
2015-03-11,94.0,94.5,90.5,90.5,640,60300.0,TQBR
2015-03-12,90.5,91.0,90.5,91.0,20,1815.0,TQBR
2015-03-13,91.0,91.0,89.0,89.0,40,3600.0,TQBR
2015-03-16,91.0,92.5,90.0,90.0,50,4550.0,TQBR
2015-03-17,87.0,88.0,83.0,88.0,100,8605.0,TQBR
2015-03-18,87.0,89.5,87.0,89.5,20,1765.0,TQBR
2015-03-19,89.5,90.0,85.0,89.5,60,5335.0,TQBR
2015-03-20,85.5,88.0,85.0,87.0,560,47850.0,TQBR
2015-03-24,85.0,85.0,83.5,83.5,30,2525.0,TQBR
2015-03-25,88.5,88.5,88.5,88.5,10,885.0,TQBR
2015-03-26,87.5,90.0,87.5,90.0,220,19675.0,TQBR
2015-03-30,82.5,91.0,82.0,91.0,90,7535.0,TQBR
2015-04-01,84.0,88.5,83.5,87.0,80,6910.0,TQBR
2015-04-02,86.0,86.5,83.0,85.0,300,25545.0,TQBR
2015-04-03,83.5,85.5,83.5,83.5,110,9255.0,TQBR
2015-04-06,81.5,85.0,81.5,85.0,1010,85335.0,TQBR
2015-04-07,83.0,83.5,80.0,83.0,2150,174405.0,TQBR
2015-04-08,85.5,87.0,80.0,80.0,1290,105285.0,TQBR
2015-04-09,80.0,80.0,74.0,77.5,10380,775140.0,TQBR
2015-04-10,77.5,77.5,73.5,76.5,1050,78260.0,TQBR
2015-04-13,78.0,78.5,74.0,74.0,1090,81900.0,TQBR
2015-04-14,73.5,77.5,73.0,75.5,3320,256765.0,TQBR
2015-04-15,74.0,77.5,73.5,77.5,2560,194130.0,TQBR
2015-04-16,76.5,76.5,73.0,74.5,3500,262455.0,TQBR
2015-04-17,77.0,79.5,73.5,75.5,860,64985.0,TQBR
2015-04-20,76.5,77.0,76.5,77.0,20,1535.0,TQBR
2015-04-22,75.0,75.0,74.0,74.0,530,39240.0,TQBR
2015-04-23,73.5,73.5,73.0,73.0,150,10975.0,TQBR
2015-04-24,73.0,74.0,70.0,74.0,8550,603645.0,TQBR
2015-04-27,71.0,73.0,70.5,72.5,1670,119270.0,TQBR
2015-04-28,74.0,74.5,73.0,73.0,280,20695.0,TQBR
2015-04-29,72.5,74.0,72.0,74.0,70,5130.0,TQBR
2015-04-30,73.5,73.5,72.0,72.5,540,39295.0,TQBR
2015-05-05,73.5,73.5,73.0,73.0,370,27015.0,TQBR
2015-05-06,74.0,76.0,74.0,76.0,430,32295.0,TQBR
2015-05-07,76.0,76.5,75.0,76.5,240,18150.0,TQBR
2015-05-08,75.5,76.5,75.0,75.0,290,21950.0,TQBR
2015-05-12,76.5,77.0,75.0,75.0,480,36265.0,TQBR
2015-05-13,74.0,76.0,74.0,76.0,1030,76360.0,TQBR
2015-05-14,76.0,76.0,76.0,76.0,20,1520.0,TQBR
2015-05-15,77.0,77.0,77.0,77.0,10,770.0,TQBR
2015-05-18,77.0,77.0,74.0,76.5,180,13440.0,TQBR
2015-05-19,76.5,76.5,74.0,74.0,1060,79850.0,TQBR
2015-05-20,74.0,74.0,74.0,74.0,10,740.0,TQBR
2015-05-21,74.5,80.0,74.5,80.0,3330,258230.0,TQBR
2015-05-22,81.0,83.5,77.0,78.0,4000,326315.0,TQBR
2015-05-25,83.5,109.5,81.0,109.5,24550,2535115.0,TQBR
2015-05-26,120.5,153.0,120.5,153.0,33820,4642970.0,TQBR
2015-05-27,175.0,214.0,175.0,214.0,43140,8936745.0,TQBR
2015-05-28,255.0,299.0,186.0,205.0,65360,14723535.0,TQBR
2015-05-29,200.0,200.0,161.0,180.5,21970,3921195.0,TQBR
2015-06-01,185.0,251.5,162.5,251.5,108460,25805970.0,TQBR
2015-06-02,262.0,262.0,222.0,243.0,37620,9253660.0,TQBR
2015-06-03,234.5,249.5,212.0,242.5,19810,4565415.0,TQBR
2015-06-04,240.0,242.0,230.0,240.0,6280,1495895.0,TQBR
2015-06-05,245.0,245.0,231.0,239.0,5480,1308690.0,TQBR
2015-06-08,232.0,242.0,228.5,237.0,6950,1643330.0,TQBR
2015-06-09,242.0,242.0,233.0,238.5,4810,1144045.0,TQBR
2015-06-10,233.5,245.0,230.5,241.0,3110,745080.0,TQBR
2015-06-11,233.5,245.0,218.0,240.0,6300,1471925.0,TQBR
2015-06-15,238.5,241.5,231.0,238.5,10900,2558845.0,TQBR
2015-06-16,236.0,236.0,224.0,231.5,2130,494050.0,TQBR
2015-06-17,231.5,231.5,220.0,227.5,1930,441395.0,TQBR
2015-06-18,227.5,230.0,216.0,219.5,4820,1075520.0,TQBR
2015-06-19,216.0,224.0,211.0,212.0,2860,623710.0,TQBR
2015-06-22,217.0,224.0,210.5,215.5,3100,670305.0,TQBR
2015-06-23,212.0,212.5,200.5,208.5,2140,445535.0,TQBR
2015-06-24,203.5,215.0,203.5,210.0,930,195275.0,TQBR
2015-06-25,214.0,242.0,200.0,234.0,11310,2562635.0,TQBR
2015-06-26,238.0,238.0,210.0,220.0,6020,1324525.0,TQBR
2015-06-29,201.5,220.0,201.5,217.5,720,152815.0,TQBR
2015-06-30,220.0,229.5,216.5,224.5,2410,539540.0,TQBR
2015-07-01,226.0,230.5,210.0,223.0,930,203105.0,TQBR
2015-07-02,222.0,237.0,216.0,224.0,4560,1008635.0,TQBR
2015-07-03,227.0,237.0,221.0,237.0,10850,2533565.0,TQBR
2015-07-06,238.0,248.0,228.0,236.5,3050,721950.0,TQBR
2015-07-07,235.0,253.5,231.0,239.5,15930,3913080.0,TQBR
2015-07-08,250.0,250.0,228.0,232.5,1510,354030.0,TQBR
2015-07-09,231.0,236.0,220.0,232.0,1810,411645.0,TQBR
2015-07-10,232.0,243.5,230.5,238.0,7410,1751410.0,TQBR
2015-07-13,239.5,243.0,234.0,241.5,3990,962390.0,TQBR
2015-07-14,238.5,279.5,234.5,278.0,17010,4394040.0,TQBR
2015-07-15,280.0,284.0,260.0,269.0,6500,1738770.0,TQBR
2015-07-16,271.0,282.0,260.0,271.5,750,201205.0,TQBR
2015-07-17,265.5,271.0,262.5,263.0,540,143590.0,TQBR
2015-07-20,263.5,275.0,253.0,273.5,2290,611410.0,TQBR
2015-07-21,274.0,275.0,262.0,270.5,8530,2303935.0,TQBR
2015-07-22,280.0,283.5,259.5,282.5,18880,5105595.0,TQBR
2015-07-23,276.0,286.0,267.0,284.0,22800,6329320.0,TQBR
2015-07-24,279.0,285.0,277.0,283.5,420,117825.0,TQBR
2015-07-27,287.5,287.5,271.5,280.0,1770,493690.0,TQBR
2015-07-28,278.5,278.5,269.0,270.0,1790,487000.0,TQBR
2015-07-29,269.0,295.0,269.0,282.0,19450,5485890.0,TQBR
2015-07-30,280.5,293.0,280.5,281.5,2480,708270.0,TQBR
2015-07-31,282.0,284.5,264.5,271.0,4070,1099360.0,TQBR
2015-08-03,272.5,279.0,269.0,272.0,4810,1319750.0,TQBR
2015-08-04,275.5,275.5,269.5,270.0,1180,318740.0,TQBR
2015-08-05,269.5,270.0,268.5,268.5,70,18875.0,TQBR
2015-08-06,269.0,269.0,261.0,262.5,590,156205.0,TQBR
2015-08-07,265.5,266.5,248.5,254.0,2360,604290.0,TQBR
2015-08-10,249.0,256.0,241.0,249.5,1790,445010.0,TQBR
2015-08-11,247.0,247.0,213.0,220.5,8480,1940415.0,TQBR
2015-08-12,222.0,235.0,205.0,230.5,10340,2256245.0,TQBR
2015-08-13,226.5,250.0,222.0,228.0,5060,1189585.0,TQBR
2015-08-14,225.0,231.0,216.0,220.0,1220,272345.0,TQBR
2015-08-17,219.0,228.5,215.0,218.0,2100,459300.0,TQBR
2015-08-18,219.0,220.0,203.5,213.5,10210,2155735.0,TQBR
2015-08-19,217.5,217.5,204.0,204.5,2440,511935.0,TQBR
2015-08-20,204.5,207.0,195.5,207.0,2620,535160.0,TQBR
2015-08-21,206.0,209.5,193.5,204.5,11820,2314345.0,TQBR
2015-08-24,206.5,220.0,196.0,204.5,1490,309905.0,TQBR
2015-08-25,204.5,204.5,190.0,192.0,4320,845140.0,TQBR
2015-08-26,190.5,198.5,182.0,193.0,5280,1024610.0,TQBR
2015-08-27,192.0,192.5,190.5,192.5,230,44100.0,TQBR
2015-08-28,194.0,204.5,192.0,202.0,1360,265535.0,TQBR
2015-08-31,191.5,235.0,189.5,230.0,7420,1648830.0,TQBR
2015-09-01,237.5,250.0,215.5,215.5,4910,1169480.0,TQBR
2015-09-02,215.0,215.0,188.0,192.0,10750,2065350.0,TQBR
2015-09-03,193.5,213.5,193.5,211.0,14270,2906375.0,TQBR
2015-09-04,212.5,223.0,206.5,213.0,3740,809990.0,TQBR
2015-09-07,211.5,211.5,208.5,211.5,15580,3271620.0,TQBR
2015-09-08,208.0,213.0,195.5,209.5,29390,6154730.0,TQBR
2015-09-09,207.0,213.5,204.5,204.5,17310,3641500.0,TQBR
2015-09-10,201.5,207.0,199.5,206.0,1020,208205.0,TQBR
2015-09-11,205.0,205.0,197.0,200.5,2650,529300.0,TQBR
2015-09-14,199.0,200.0,195.0,197.5,3220,635885.0,TQBR
2015-09-15,199.0,199.5,191.5,193.5,3420,665525.0,TQBR
2015-09-16,193.5,199.5,187.5,190.0,4630,886405.0,TQBR
2015-09-17,190.5,193.0,188.0,191.0,2860,543735.0,TQBR
2015-09-18,188.0,191.0,187.0,188.0,320,60045.0,TQBR
2015-09-21,189.5,189.5,187.0,187.5,280,52730.0,TQBR
2015-09-22,188.0,188.0,179.5,180.5,1070,194465.0,TQBR
2015-09-23,181.0,190.0,174.0,189.5,2310,425970.0,TQBR
2015-09-24,189.0,192.0,183.5,184.5,780,147205.0,TQBR
2015-09-25,184.0,185.5,183.5,184.0,310,57185.0,TQBR
2015-09-28,183.5,184.0,175.5,175.5,1820,327115.0,TQBR
2015-09-29,177.5,178.0,175.5,176.0,380,66850.0,TQBR
2015-09-30,176.5,176.5,171.0,174.5,470,81580.0,TQBR
2015-10-01,173.0,174.5,169.5,171.0,1030,175930.0,TQBR
2015-10-02,170.5,171.0,162.0,163.5,5150,856255.0,TQBR
2015-10-05,165.0,166.0,159.5,164.5,3660,591030.0,TQBR
2015-10-06,163.0,163.5,155.0,158.5,3260,530615.0,TQBR
2015-10-07,159.0,160.0,148.0,153.0,4490,683965.0,TQBR
2015-10-08,152.5,153.0,150.0,153.0,2180,330110.0,TQBR
2015-10-09,150.0,156.0,149.5,153.0,1820,277880.0,TQBR
2015-10-12,153.0,157.0,150.5,155.0,3340,516825.0,TQBR
2015-10-13,153.0,156.0,150.0,156.0,1530,232925.0,TQBR
2015-10-14,156.5,167.5,156.5,163.5,2630,429385.0,TQBR
2015-10-15,162.0,162.5,161.5,162.0,220,35635.0,TQBR
2015-10-16,162.5,175.5,162.5,164.5,3410,566735.0,TQBR
2015-10-19,162.5,167.0,162.5,166.0,500,82330.0,TQBR
2015-10-20,165.0,168.5,164.5,167.5,750,125125.0,TQBR
2015-10-21,167.0,169.5,163.0,169.5,2310,387150.0,TQBR
2015-10-22,174.0,174.0,145.0,164.5,2020,335550.0,TQBR
2015-10-23,165.5,176.0,164.5,167.0,1470,249005.0,TQBR
2015-10-26,164.0,164.5,160.0,162.5,440,71175.0,TQBR
2015-10-27,162.5,162.5,160.0,160.5,200,32170.0,TQBR
2015-10-28,162.0,170.0,161.5,166.0,2400,397385.0,TQBR
2015-10-29,167.5,170.0,163.5,164.0,2110,354390.0,TQBR
2015-10-30,163.0,163.0,160.0,162.0,340,54815.0,TQBR
2015-11-02,161.5,166.0,161.5,162.5,230,37645.0,TQBR
2015-11-03,163.5,163.5,162.0,163.0,70,11380.0,TQBR
2015-11-05,162.0,164.5,160.5,162.5,830,134660.0,TQBR
2015-11-06,164.5,180.5,164.5,168.5,3380,579100.0,TQBR
2015-11-09,168.0,169.0,165.0,165.0,920,153075.0,TQBR
2015-11-10,166.5,230.5,165.5,230.5,49950,10865795.0,TQBR
2015-11-11,250.0,283.0,193.5,198.0,82650,19017635.0,TQBR
2015-11-12,195.5,195.5,174.0,183.5,14300,2634475.0,TQBR
2015-11-13,185.0,186.5,165.0,178.0,7760,1349665.0,TQBR
2015-11-16,174.0,186.0,169.0,184.0,4340,777360.0,TQBR
2015-11-17,184.0,187.5,176.5,181.0,3090,563285.0,TQBR
2015-11-18,181.0,181.0,173.5,177.0,1040,184355.0,TQBR
2015-11-19,166.0,179.0,166.0,179.0,8190,1431440.0,TQBR
2015-11-20,179.5,179.5,170.0,175.5,4270,745975.0,TQBR
2015-11-23,175.5,189.0,175.5,179.5,5480,1014880.0,TQBR
2015-11-24,176.0,177.0,171.0,175.0,2260,392470.0,TQBR
2015-11-25,174.5,179.5,173.0,176.5,1080,189205.0,TQBR
2015-11-26,175.5,215.0,175.5,198.0,8410,1644805.0,TQBR
2015-11-27,199.0,209.5,185.0,189.0,8090,1587375.0,TQBR
2015-11-30,190.5,190.5,178.0,181.0,3860,710805.0,TQBR
2015-12-01,181.0,193.0,173.0,179.0,3820,695230.0,TQBR
2015-12-02,178.5,180.0,174.0,179.0,1180,210485.0,TQBR
2015-12-03,185.0,185.0,176.5,178.5,440,78445.0,TQBR
2015-12-04,181.0,181.0,171.0,175.0,2420,420670.0,TQBR
2015-12-07,175.0,175.5,166.5,173.5,1220,209350.0,TQBR
2015-12-08,168.5,173.0,168.0,168.0,1710,291340.0,TQBR
2015-12-09,168.0,170.0,166.5,169.0,230,38795.0,TQBR
2015-12-10,169.0,172.0,168.5,168.5,530,89870.0,TQBR
2015-12-11,168.5,171.0,166.0,169.0,300,50505.0,TQBR
2015-12-14,166.5,169.0,165.0,167.5,450,74930.0,TQBR
2015-12-15,165.0,168.0,165.0,166.0,610,101380.0,TQBR
2015-12-16,167.5,168.0,155.5,160.0,6470,1021210.0,TQBR
2015-12-17,160.5,164.0,156.0,161.5,1410,226420.0,TQBR
2015-12-18,161.5,163.5,159.5,160.0,580,93590.0,TQBR
2015-12-21,160.0,165.0,160.0,163.5,800,130045.0,TQBR
2015-12-22,161.5,164.5,159.5,160.5,340,54975.0,TQBR
2015-12-23,160.0,162.0,159.0,159.5,1330,212895.0,TQBR
2015-12-24,159.5,164.0,158.0,159.0,650,104175.0,TQBR
2015-12-25,159.0,170.5,155.5,160.0,2410,392540.0,TQBR
2015-12-28,158.5,159.0,147.0,150.0,6430,976015.0,TQBR
2015-12-29,150.5,154.0,149.0,153.0,840,127055.0,TQBR
2015-12-30,152.0,152.0,150.0,152.0,210,31735.0,TQBR
2016-01-04,150.0,151.5,149.5,150.0,900,135180.0,TQBR
2016-01-05,150.0,163.0,148.5,155.5,7870,1222315.0,TQBR
2016-01-06,155.5,155.5,149.0,155.0,2010,307465.0,TQBR
2016-01-11,157.0,158.0,148.5,157.5,2740,427640.0,TQBR
2016-01-12,155.5,158.5,155.0,155.0,2980,469615.0,TQBR
2016-01-13,156.0,162.0,156.0,159.5,980,155275.0,TQBR
2016-01-14,158.0,161.5,151.0,153.0,2850,436065.0,TQBR
2016-01-15,151.5,151.5,141.5,145.5,6040,876210.0,TQBR
2016-01-18,146.0,146.0,122.5,134.0,8990,1195610.0,TQBR
2016-01-19,135.5,140.0,129.5,133.0,3210,433855.0,TQBR
2016-01-20,133.5,134.0,124.5,132.5,1660,213445.0,TQBR
2016-01-21,130.0,130.0,127.0,130.0,690,88890.0,TQBR
2016-01-22,129.5,132.5,129.0,132.5,820,107180.0,TQBR
2016-01-25,131.5,133.5,129.5,129.5,80,10450.0,TQBR
2016-01-26,130.0,130.0,130.0,130.0,60,7800.0,TQBR
2016-01-27,133.0,137.0,128.0,133.0,730,96375.0,TQBR
2016-01-28,132.5,135.0,130.0,130.0,4800,625755.0,TQBR
2016-01-29,130.0,130.0,130.0,130.0,10,1300.0,TQBR
2016-02-01,129.0,130.0,126.0,130.0,600,76090.0,TQBR
2016-02-02,129.0,129.0,127.0,127.0,620,78930.0,TQBR
2016-02-03,128.0,132.0,124.5,132.0,7350,964150.0,TQBR
2016-02-04,130.5,130.5,130.5,130.5,350,45675.0,TQBR
2016-02-05,130.5,130.5,126.5,129.0,600,77010.0,TQBR
2016-02-08,131.0,131.0,127.0,129.0,750,96380.0,TQBR
2016-02-09,128.0,129.5,123.0,126.0,760,95470.0,TQBR
2016-02-10,123.0,126.5,122.5,123.0,310,38280.0,TQBR
2016-02-11,122.5,122.5,119.5,119.5,2630,315680.0,TQBR
2016-02-12,119.0,120.0,118.0,119.0,2420,287625.0,TQBR
2016-02-15,121.0,122.0,117.0,117.0,1100,129960.0,TQBR
2016-02-16,118.0,118.5,116.0,118.5,310,36480.0,TQBR
2016-02-17,118.5,119.5,118.0,119.0,500,59340.0,TQBR
2016-02-18,119.5,125.0,119.5,121.5,470,57500.0,TQBR
2016-02-19,120.5,121.5,120.5,121.5,50,6055.0,TQBR
2016-02-20,123.0,130.0,122.0,130.0,1660,208970.0,TQBR
2016-02-22,130.0,130.0,123.0,124.5,150,18775.0,TQBR
2016-02-24,123.5,125.5,120.5,120.5,550,66770.0,TQBR
2016-02-25,121.5,121.5,121.0,121.5,160,19400.0,TQBR
2016-02-26,120.0,123.0,120.0,122.0,500,60865.0,TQBR
2016-02-29,123.0,123.0,120.0,120.0,600,72370.0,TQBR
2016-03-01,120.5,123.0,120.5,121.5,190,23175.0,TQBR
2016-03-02,122.0,122.5,122.0,122.0,230,28070.0,TQBR
2016-03-03,123.0,125.0,123.0,125.0,540,67005.0,TQBR
2016-03-04,125.0,127.0,123.5,123.5,1180,146490.0,TQBR
2016-03-09,123.5,126.5,121.0,124.5,3090,375340.0,TQBR
2016-03-10,124.5,147.0,124.5,132.0,4770,625965.0,TQBR
2016-03-11,130.5,150.0,129.5,136.5,8420,1236715.0,TQBR
2016-03-14,138.0,152.5,138.0,146.5,8890,1323480.0,TQBR
2016-03-15,144.0,147.5,139.5,144.5,900,130430.0,TQBR
2016-03-16,143.5,143.5,136.0,139.5,3190,452005.0,TQBR
2016-03-17,139.0,139.0,130.5,135.5,740,101615.0,TQBR
2016-03-18,137.0,146.5,128.0,133.0,2640,360330.0,TQBR
2016-03-21,133.0,135.0,133.0,135.0,970,130175.0,TQBR
2016-03-22,136.0,137.0,135.0,135.5,1590,214810.0,TQBR
2016-03-23,136.0,136.0,133.5,133.5,2630,357595.0,TQBR
2016-03-24,136.0,136.0,134.0,134.0,1520,203720.0,TQBR
2016-03-25,133.0,135.0,132.0,133.0,70,9315.0,TQBR
2016-03-28,132.5,133.0,129.0,133.0,220,28775.0,TQBR
2016-03-29,130.5,137.0,128.5,137.0,3220,439075.0,TQBR
2016-03-30,136.0,136.0,130.0,134.0,3270,437880.0,TQBR
2016-03-31,135.0,135.0,135.0,135.0,10,1350.0,TQBR
2016-04-01,135.0,141.0,135.0,138.0,880,121115.0,TQBR
2016-04-04,140.0,144.0,140.0,141.5,360,51075.0,TQBR
2016-04-05,140.0,142.5,138.5,142.5,50,7000.0,TQBR
2016-04-06,139.0,144.5,139.0,143.0,450,64565.0,TQBR
2016-04-07,141.5,141.5,138.5,138.5,70,9790.0,TQBR
2016-04-08,139.5,140.0,139.0,140.0,210,29340.0,TQBR
2016-04-11,140.5,141.5,140.5,141.5,150,21145.0,TQBR
2016-04-12,141.0,143.0,141.0,142.0,70,9955.0,TQBR
2016-04-13,141.0,141.0,137.0,137.0,120,16585.0,TQBR
2016-04-14,139.5,141.0,138.0,138.0,520,72200.0,TQBR
2016-04-15,138.0,141.5,138.0,140.0,510,71550.0,TQBR
2016-04-18,139.5,142.0,138.5,141.5,440,61875.0,TQBR
2016-04-19,142.0,146.5,129.0,129.0,8400,1149035.0,TQBR
2016-04-20,131.5,135.0,131.5,131.5,1170,156105.0,TQBR
2016-04-21,133.5,145.0,133.5,137.0,2670,371530.0,TQBR
2016-04-22,139.0,140.0,130.5,136.0,1290,175295.0,TQBR
2016-04-25,137.0,142.5,137.0,138.5,3210,449035.0,TQBR
2016-04-26,137.0,137.0,136.0,136.0,50,6820.0,TQBR
2016-04-27,138.0,140.0,138.0,138.0,1170,162790.0,TQBR
2016-04-28,139.0,141.5,139.0,141.5,690,96815.0,TQBR
2016-04-29,141.5,142.0,140.0,141.5,390,54670.0,TQBR
2016-05-04,142.0,142.0,126.0,137.5,280,37820.0,TQBR
2016-05-05,135.5,135.5,130.0,134.5,330,43435.0,TQBR
2016-05-06,134.0,136.5,134.0,135.0,100,13535.0,TQBR
2016-05-10,135.0,135.0,127.0,133.0,1140,146475.0,TQBR
2016-05-11,132.5,133.0,132.5,133.0,20,2655.0,TQBR
2016-05-12,132.5,133.0,130.0,133.0,160,21005.0,TQBR
2016-05-13,135.0,185.5,135.0,159.5,56480,9873155.0,TQBR
2016-05-16,157.0,164.5,146.0,154.0,6530,996305.0,TQBR
2016-05-17,156.0,156.5,146.0,151.0,700,105400.0,TQBR
2016-05-18,149.0,149.0,141.5,145.5,5430,777920.0,TQBR
2016-05-19,142.5,158.0,142.5,150.0,2350,354070.0,TQBR
2016-05-20,148.0,150.0,147.0,147.5,490,72775.0,TQBR
2016-05-23,146.5,149.0,145.5,147.0,430,63580.0,TQBR
2016-05-24,150.0,150.0,143.5,144.5,440,64485.0,TQBR
2016-05-25,144.0,147.0,142.5,143.5,340,49140.0,TQBR
2016-05-26,141.5,143.0,141.0,143.0,100,14155.0,TQBR
2016-05-27,143.0,155.0,142.5,147.5,1930,285250.0,TQBR
2016-05-30,146.0,146.0,142.5,143.5,270,39145.0,TQBR
2016-05-31,143.0,143.0,141.0,141.0,180,25455.0,TQBR
2016-06-01,140.5,141.5,138.0,139.5,200,27940.0,TQBR
2016-06-02,141.0,143.0,139.5,141.0,720,102140.0,TQBR
2016-06-03,140.0,143.0,140.0,143.0,50,7075.0,TQBR
2016-06-06,141.0,142.0,136.0,137.0,1010,141265.0,TQBR
2016-06-07,138.5,142.0,138.5,142.0,900,126195.0,TQBR
2016-06-08,142.5,143.5,140.0,142.0,6390,896525.0,TQBR
2016-06-09,141.0,143.5,141.0,142.0,1930,274805.0,TQBR
2016-06-10,141.0,145.0,140.5,141.5,610,86160.0,TQBR
2016-06-14,141.5,141.5,135.0,138.5,430,59010.0,TQBR
2016-06-15,139.5,142.0,137.0,138.0,1030,141440.0,TQBR
2016-06-16,141.0,141.5,139.5,141.0,330,46440.0,TQBR
2016-06-20,140.5,140.5,138.0,138.0,140,19380.0,TQBR
2016-06-21,136.0,138.5,136.0,138.0,290,39835.0,TQBR
2016-06-22,137.5,140.0,137.0,138.5,290,39940.0,TQBR
2016-06-23,136.5,138.0,134.0,138.0,300,40595.0,TQBR
2016-06-24,134.5,138.0,134.5,138.0,60,8215.0,TQBR
2016-06-28,137.5,140.0,137.5,138.0,300,41630.0,TQBR
2016-06-29,138.0,140.0,137.5,138.5,110,15185.0,TQBR
2016-06-30,138.5,139.0,134.0,139.0,4390,594835.0,TQBR
2016-07-01,137.0,143.0,137.0,139.0,530,74660.0,TQBR
2016-07-04,141.0,150.0,141.0,143.5,710,103910.0,TQBR
2016-07-05,143.0,147.0,142.5,143.0,3400,486400.0,TQBR
2016-07-06,146.0,148.0,146.0,148.0,200,29415.0,TQBR
2016-07-07,150.0,150.0,150.0,150.0,220,33000.0,TQBR
2016-07-08,147.0,147.0,141.5,145.0,4710,681640.0,TQBR
2016-07-11,144.0,145.0,144.0,145.0,4580,659530.0,TQBR
2016-07-12,144.0,144.5,144.0,144.0,10020,1442885.0,TQBR
2016-07-13,142.0,144.5,142.0,144.5,4410,626340.0,TQBR
2016-07-14,143.5,145.5,143.0,145.5,60,8640.0,TQBR
2016-07-15,145.0,146.0,144.0,146.0,120,17410.0,TQBR
2016-07-18,147.0,156.0,145.0,146.5,230,34195.0,TQBR
2016-07-19,148.5,148.5,143.5,146.0,60,8715.0,TQBR
2016-07-20,145.5,153.0,144.0,146.0,2410,353060.0,TQBR
2016-07-21,146.0,152.0,111.0,129.0,60700,7590170.0,TQBR
2016-07-22,131.0,140.0,129.0,134.5,2930,390350.0,TQBR
2016-07-25,135.0,148.0,135.0,145.5,15460,2227710.0,TQBR
2016-07-26,141.5,150.0,140.0,143.0,11750,1754810.0,TQBR
2016-07-27,140.5,144.5,140.0,140.0,850,119730.0,TQBR
2016-07-28,141.5,143.0,141.5,143.0,1290,184350.0,TQBR
2016-07-29,143.0,144.0,143.0,144.0,690,99345.0,TQBR
2016-08-01,142.5,143.0,142.5,143.0,110,15725.0,TQBR
2016-08-02,145.0,145.0,144.0,144.0,30,4330.0,TQBR
2016-08-03,145.0,146.0,145.0,146.0,750,109485.0,TQBR
2016-08-04,146.0,155.0,146.0,151.0,3780,570075.0,TQBR
2016-08-05,149.0,149.5,147.0,147.0,7880,1173210.0,TQBR
2016-08-08,147.5,165.0,147.5,161.0,13020,2077570.0,TQBR
2016-08-09,165.0,199.0,156.0,159.0,4550,770160.0,TQBR
2016-08-10,158.0,170.0,158.0,170.0,5620,951390.0,TQBR
2016-08-11,168.0,168.0,160.0,161.0,1120,184225.0,TQBR
2016-08-12,164.0,164.0,153.5,154.0,11020,1703370.0,TQBR
2016-08-15,154.0,164.0,154.0,160.0,4820,783625.0,TQBR
2016-08-16,159.0,159.5,154.0,156.0,260,40575.0,TQBR
2016-08-17,154.0,156.0,154.0,154.5,120,18595.0,TQBR
2016-08-18,153.5,156.5,151.0,155.0,460,71005.0,TQBR
2016-08-19,154.0,156.0,152.0,155.5,7690,1169800.0,TQBR
2016-08-22,152.5,177.5,152.5,158.5,2850,461945.0,TQBR
2016-08-23,158.5,163.5,158.5,160.0,340,54485.0,TQBR
2016-08-24,159.5,164.0,157.0,160.0,1860,298990.0,TQBR
2016-08-25,159.0,165.0,156.0,163.5,910,145720.0,TQBR
2016-08-26,163.5,167.0,163.0,165.0,150,24705.0,TQBR
2016-08-29,166.0,166.0,162.0,163.0,160,26165.0,TQBR
2016-08-30,163.0,163.0,162.0,163.0,60,9765.0,TQBR
2016-08-31,162.5,162.5,162.5,162.5,10,1625.0,TQBR
2016-09-01,163.5,164.5,163.5,164.5,250,40995.0,TQBR
2016-09-02,164.0,165.5,163.5,164.5,70,11490.0,TQBR
2016-09-05,165.0,165.0,161.5,164.5,430,70465.0,TQBR
2016-09-06,163.0,167.5,162.0,163.0,600,98480.0,TQBR
2016-09-07,163.5,164.5,160.5,160.5,450,73230.0,TQBR
2016-09-08,163.0,165.0,163.0,165.0,120,19705.0,TQBR
2016-09-09,163.5,163.5,156.0,160.0,450,71625.0,TQBR
2016-09-12,159.5,159.5,146.5,157.5,170,26495.0,TQBR
2016-09-13,157.0,160.5,157.0,160.0,390,62135.0,TQBR
2016-09-14,160.0,160.0,155.0,156.0,100,15725.0,TQBR
2016-09-15,156.0,156.5,156.0,156.5,20,3125.0,TQBR
2016-09-16,157.0,158.5,157.0,158.0,40,6305.0,TQBR
2016-09-19,156.0,158.5,149.5,155.5,350,53600.0,TQBR
2016-09-20,154.0,155.0,153.0,153.0,250,38385.0,TQBR
2016-09-21,152.5,155.5,152.5,155.5,50,7695.0,TQBR
2016-09-22,158.0,158.0,158.0,158.0,50,7900.0,TQBR
2016-09-23,154.0,156.5,150.0,156.0,1480,224010.0,TQBR
2016-09-26,157.0,160.5,157.0,160.5,280,44370.0,TQBR
2016-09-27,156.5,169.5,150.5,163.0,3400,539210.0,TQBR
2016-09-28,159.5,170.0,159.5,166.0,850,139065.0,TQBR
2016-09-29,175.0,175.0,160.5,164.5,980,167235.0,TQBR
2016-09-30,164.5,164.5,155.0,157.0,1010,159650.0,TQBR
2016-10-03,157.5,158.5,155.0,156.5,690,108095.0,TQBR
2016-10-04,157.0,157.0,151.0,157.0,200,30755.0,TQBR
2016-10-05,154.0,154.0,154.0,154.0,30,4620.0,TQBR
2016-10-06,153.5,153.5,149.5,153.5,150,22815.0,TQBR
2016-10-07,152.5,159.5,152.5,159.5,1760,273335.0,TQBR
2016-10-10,157.5,170.0,157.0,164.0,16060,2721265.0,TQBR
2016-10-11,166.5,180.5,160.0,167.0,18240,3102195.0,TQBR
2016-10-12,164.5,166.5,160.0,162.5,160,26060.0,TQBR
2016-10-13,161.5,164.5,159.0,164.5,170,27380.0,TQBR
2016-10-14,162.0,162.5,157.0,162.5,70,11200.0,TQBR
2016-10-17,160.5,160.5,153.0,159.5,60,9495.0,TQBR
2016-10-18,157.0,160.0,156.0,160.0,60,9450.0,TQBR
2016-10-19,158.0,160.5,155.5,160.5,100,15810.0,TQBR
2016-10-20,156.0,158.5,156.0,158.0,30,4725.0,TQBR
2016-10-21,160.0,166.5,160.0,164.0,50,8165.0,TQBR
2016-10-24,164.5,165.0,154.5,164.0,4070,667230.0,TQBR
2016-10-25,161.5,161.5,160.0,160.0,110,17665.0,TQBR
2016-10-26,160.0,160.0,160.0,160.0,20,3200.0,TQBR
2016-10-28,158.5,160.0,154.0,158.0,2460,389015.0,TQBR
2016-11-01,156.5,169.0,155.0,164.5,10310,1700175.0,TQBR
2016-11-02,162.0,167.0,162.0,163.0,530,87065.0,TQBR
2016-11-03,162.5,162.5,161.5,161.5,50,8100.0,TQBR
2016-11-07,161.0,161.0,160.5,160.5,30,4825.0,TQBR
2016-11-08,158.0,159.5,150.0,158.0,210,32795.0,TQBR
2016-11-09,160.0,166.0,160.0,165.0,1040,170930.0,TQBR
2016-11-10,164.5,172.5,164.5,172.5,340,56780.0,TQBR
2016-11-11,172.5,172.5,164.0,165.0,10190,1731710.0,TQBR
2016-11-15,166.5,169.5,166.5,168.0,40,6710.0,TQBR
2016-11-16,169.0,170.0,166.0,166.0,580,98465.0,TQBR
2016-11-17,168.0,169.5,168.0,169.5,510,85890.0,TQBR
2016-11-18,167.5,167.5,167.0,167.0,30,5015.0,TQBR
2016-11-21,170.0,170.0,160.0,165.0,10280,1745950.0,TQBR
2016-11-22,168.0,169.0,165.5,165.5,15060,2544960.0,TQBR
2016-11-23,169.0,169.0,166.0,168.0,70,11720.0,TQBR
2016-11-24,169.0,171.5,169.0,169.5,410,69745.0,TQBR
2016-11-25,171.0,171.0,169.0,170.5,11070,1881875.0,TQBR
2016-11-28,174.0,174.0,167.0,167.0,340,57640.0,TQBR
2016-11-29,168.0,168.0,168.0,168.0,40,6720.0,TQBR
2016-11-30,169.0,171.0,169.0,170.5,300,51130.0,TQBR
2016-12-01,170.0,170.0,168.0,168.0,130,22020.0,TQBR
2016-12-02,169.5,170.0,169.5,170.0,200,33960.0,TQBR
2016-12-05,168.0,171.0,168.0,171.0,90,15305.0,TQBR
2016-12-06,172.0,175.0,170.0,170.0,1120,193935.0,TQBR
2016-12-07,172.0,172.0,169.5,169.5,130,22135.0,TQBR
2016-12-08,170.0,172.0,168.5,172.0,600,102965.0,TQBR
2016-12-09,172.5,176.5,172.0,174.0,3000,523325.0,TQBR
2016-12-12,173.0,180.0,172.0,179.5,3120,548655.0,TQBR
2016-12-13,181.0,187.0,178.0,178.0,9760,1783120.0,TQBR
2016-12-14,180.0,186.0,178.0,178.0,70,12710.0,TQBR
2016-12-15,178.0,185.5,175.0,185.0,2570,469225.0,TQBR
2016-12-16,186.0,186.5,183.0,186.5,1660,309190.0,TQBR
2016-12-19,188.5,195.5,179.5,179.5,2380,433505.0,TQBR
2016-12-20,172.5,181.0,172.5,179.5,990,172885.0,TQBR
2016-12-22,181.0,187.0,177.0,177.0,1840,338825.0,TQBR
2016-12-23,178.0,178.0,176.5,176.5,120,21240.0,TQBR
2016-12-27,177.0,178.0,175.5,175.5,440,77380.0,TQBR
2016-12-28,172.5,172.5,159.0,172.0,2530,426500.0,TQBR
2016-12-29,167.0,173.0,167.0,173.0,20,3400.0,TQBR
2016-12-30,167.5,181.0,167.5,176.0,540,95290.0,TQBR
2017-01-03,177.0,179.5,177.0,178.5,30,5350.0,TQBR
2017-01-04,178.0,178.0,178.0,178.0,10,1780.0,TQBR
2017-01-09,179.0,179.0,173.5,179.0,50,8810.0,TQBR
2017-01-10,191.0,191.0,191.0,191.0,4,764.0,SMAL
2017-01-11,179.5,179.5,175.0,175.0,510,89295.0,TQBR
2017-01-13,180.0,189.0,180.0,186.5,60,11105.0,TQBR
2017-01-16,187.0,191.5,187.0,191.5,1360,258290.0,TQBR
2017-01-17,194.5,194.5,194.5,194.5,10,1945.0,TQBR
2017-01-18,194.5,194.5,190.5,190.5,320,61570.0,TQBR
2017-01-19,186.5,186.5,170.5,182.0,410,73750.0,TQBR
2017-01-20,179.5,194.0,173.0,175.5,880,155110.0,TQBR
2017-01-23,175.0,175.0,175.0,175.0,10,1750.0,TQBR
2017-01-24,177.5,180.0,177.5,180.0,550,98945.0,TQBR
2017-01-25,175.5,180.5,175.5,180.0,320,57605.0,TQBR
2017-01-26,181.0,181.0,181.0,181.0,100,18100.0,TQBR
2017-01-27,181.5,183.0,180.0,183.0,380,68620.0,TQBR
2017-01-30,177.0,180.5,177.0,180.0,30,5375.0,TQBR
2017-01-31,180.0,185.0,180.0,185.0,160,28850.0,TQBR
2017-02-01,185.0,185.0,177.0,180.0,290,52915.0,TQBR
2017-02-02,179.0,180.0,179.0,180.0,70,12560.0,TQBR
2017-02-06,184.0,184.0,170.0,180.0,440,76105.0,TQBR
2017-02-09,185.0,194.0,184.5,190.0,4640,860840.0,TQBR
2017-02-10,182.5,184.5,182.5,184.5,30,5515.0,TQBR
2017-02-13,192.5,193.0,176.5,180.0,540,99955.0,TQBR
2017-02-14,185.5,185.5,185.5,185.5,10,1855.0,TQBR
2017-02-16,180.0,181.0,180.0,181.0,230,41410.0,TQBR
2017-02-17,177.5,179.5,177.0,179.5,150,26580.0,TQBR
2017-02-20,176.0,180.0,176.0,180.0,70,12385.0,TQBR
2017-02-21,177.0,182.5,173.5,175.0,360,63230.0,TQBR
2017-02-22,175.0,175.0,167.0,171.0,870,147865.0,TQBR
2017-02-27,173.0,175.0,170.5,170.5,530,92195.0,TQBR
2017-02-28,170.0,173.0,161.0,173.0,5780,944850.0,TQBR
2017-03-01,162.5,170.0,162.5,165.0,400,66420.0,TQBR
2017-03-02,169.0,170.5,169.0,170.0,910,154680.0,TQBR
2017-03-03,168.5,170.0,168.5,170.0,20,3385.0,TQBR
2017-03-06,170.0,170.0,168.0,170.0,90,15260.0,TQBR
2017-03-07,170.5,173.5,168.0,170.0,1110,188400.0,TQBR
2017-03-09,172.5,172.5,169.0,170.5,770,130525.0,TQBR
2017-03-10,169.5,179.5,169.5,173.5,5730,1024305.0,TQBR
2017-03-13,177.5,177.5,170.0,170.0,40,6900.0,TQBR
2017-03-14,175.5,175.5,170.5,170.5,20,3460.0,TQBR
2017-03-15,168.5,168.5,168.0,168.5,120,20215.0,TQBR
2017-03-16,166.5,168.0,163.0,163.5,220,36250.0,TQBR
2017-03-21,168.0,173.0,166.5,169.5,180,30430.0,TQBR
2017-03-22,168.0,170.0,152.0,170.0,260,42000.0,TQBR
2017-03-23,171.0,171.5,171.0,171.5,20,3425.0,TQBR
2017-03-27,171.5,172.0,171.5,172.0,20,3435.0,TQBR
2017-03-29,172.5,172.5,165.0,165.0,580,99470.0,TQBR
2017-03-31,165.0,165.0,161.0,164.0,120,19660.0,TQBR
2017-04-03,164.0,190.0,164.0,169.0,1590,277300.0,TQBR
2017-04-04,171.0,174.0,167.0,174.0,210,35520.0,TQBR
2017-04-05,174.0,174.5,167.5,172.0,370,63270.0,TQBR
2017-04-06,172.0,172.0,171.0,171.5,180,30865.0,TQBR
2017-04-07,171.0,171.0,166.0,166.5,150,24985.0,TQBR
2017-04-10,168.5,168.5,160.5,161.5,670,112445.0,TQBR
2017-04-11,163.0,163.0,163.0,163.0,10,1630.0,TQBR
2017-04-12,162.5,162.5,162.5,162.5,20,3250.0,TQBR
2017-04-14,163.0,167.5,163.0,166.5,210,34410.0,TQBR
2017-04-17,166.5,167.0,166.5,167.0,330,54975.0,TQBR
2017-04-18,162.5,162.5,162.5,162.5,10,1625.0,TQBR
2017-04-19,161.5,166.5,161.0,161.5,740,119405.0,TQBR
2017-04-20,159.0,161.0,159.0,161.0,210,33775.0,TQBR
2017-04-21,160.0,165.0,160.0,162.5,180,29440.0,TQBR
2017-04-24,161.5,162.5,157.0,157.0,220,34920.0,TQBR
2017-04-25,158.5,164.0,158.0,163.5,240,38905.0,TQBR
2017-04-26,165.0,177.0,156.0,164.0,270,45115.0,TQBR
2017-04-27,164.0,164.0,159.5,159.5,80,12900.0,TQBR
2017-04-28,161.5,166.0,156.5,166.0,290,46640.0,TQBR
2017-05-03,164.0,164.0,164.0,164.0,10,1640.0,TQBR
2017-05-05,159.5,163.0,146.5,162.0,150,23500.0,TQBR
2017-05-12,157.0,161.5,149.0,161.5,790,124895.0,TQBR
2017-05-15,154.0,158.5,146.5,149.5,270,40285.0,TQBR
2017-05-16,150.5,155.0,150.5,155.0,30,4605.0,TQBR
2017-05-17,151.5,154.5,150.0,150.0,1910,286700.0,TQBR
2017-05-18,151.0,151.0,151.0,151.0,10,1510.0,TQBR
2017-05-19,148.0,150.5,146.5,147.0,170,25055.0,TQBR
2017-05-22,150.5,150.5,147.0,147.5,30,4450.0,TQBR
2017-05-23,147.0,150.0,144.0,148.5,320,46620.0,TQBR
2017-05-24,148.5,148.5,148.5,148.5,70,10395.0,TQBR
2017-05-26,142.0,165.0,140.0,163.0,2870,449455.0,TQBR
2017-05-29,161.0,168.0,155.0,155.0,3810,609000.0,TQBR
2017-05-30,155.0,160.0,150.0,157.0,3170,487870.0,TQBR
2017-05-31,154.5,159.5,150.0,150.0,150,22760.0,TQBR
2017-06-01,148.0,150.5,145.0,150.0,970,142375.0,TQBR
2017-06-02,150.5,152.0,150.0,150.0,260,39045.0,TQBR
2017-06-05,151.5,163.0,151.5,162.5,310,49900.0,TQBR
2017-06-06,152.5,157.5,150.0,157.0,400,60395.0,TQBR
2017-06-07,153.0,153.0,153.0,153.0,40,6120.0,TQBR
2017-06-08,151.5,152.0,147.0,152.0,700,103460.0,TQBR
2017-06-13,152.0,153.0,148.5,150.0,550,82645.0,TQBR
2017-06-14,150.0,150.0,150.0,150.0,400,60000.0,TQBR
2017-06-15,148.0,148.0,146.5,147.5,100,14760.0,TQBR
2017-06-16,148.0,148.0,146.0,146.0,190,28050.0,TQBR
2017-06-19,145.5,146.0,134.0,142.0,21180,2940550.0,TQBR
2017-06-20,144.0,147.0,140.5,142.5,2770,401360.0,TQBR
2017-06-21,140.5,145.0,140.0,145.0,340,48535.0,TQBR
2017-06-22,141.5,148.0,141.5,148.0,220,32395.0,TQBR
2017-06-23,148.0,150.0,148.0,150.0,160,23815.0,TQBR
2017-06-26,148.5,153.0,148.5,153.0,30,4545.0,TQBR
2017-06-27,150.0,152.5,147.5,152.5,180,26710.0,TQBR
2017-06-28,152.5,152.5,152.5,152.5,70,10675.0,TQBR
2017-06-29,151.5,170.0,151.5,161.0,1550,249930.0,TQBR
2017-06-30,157.5,161.5,152.0,152.0,180,27770.0,TQBR
2017-07-03,157.5,157.5,152.0,155.0,30,4645.0,TQBR
2017-07-04,154.5,162.5,154.5,162.5,730,116115.0,TQBR
2017-07-05,166.5,166.5,166.0,166.5,40,6655.0,TQBR
2017-07-06,158.5,162.0,156.5,159.5,60,9540.0,TQBR
2017-07-07,165.0,165.0,160.0,164.5,2340,383560.0,TQBR
2017-07-10,169.5,169.5,155.5,160.5,330,53090.0,TQBR
2017-07-11,165.5,165.5,151.0,157.0,560,89680.0,TQBR
2017-07-12,162.0,162.0,154.0,154.0,80,12555.0,TQBR
2017-07-13,154.5,154.5,154.5,154.5,10,1545.0,TQBR
2017-07-17,154.5,154.5,153.0,154.0,1230,189275.0,TQBR
2017-07-19,151.5,151.5,151.0,151.0,160,24170.0,TQBR
2017-07-20,152.5,156.5,152.0,154.5,180,27615.0,TQBR
2017-07-21,153.0,153.0,151.5,151.5,230,35175.0,TQBR
2017-07-24,154.5,154.5,152.0,154.5,1070,162840.0,TQBR
2017-07-25,153.5,155.0,147.5,155.0,3010,454970.0,TQBR
2017-07-26,157.0,158.0,153.0,158.0,5450,840940.0,TQBR
2017-07-27,154.5,157.0,150.0,151.0,3200,483145.0,TQBR
2017-07-28,151.5,154.0,151.5,154.0,1340,204935.0,TQBR
2017-07-31,153.5,154.0,151.5,151.5,40,6105.0,TQBR
2017-08-01,150.0,153.5,150.0,153.5,2780,421165.0,TQBR
2017-08-02,150.5,154.0,150.5,154.0,180,27560.0,TQBR
2017-08-03,152.5,156.5,151.5,156.0,440,67960.0,TQBR
2017-08-04,155.5,159.0,155.5,159.0,70,10920.0,TQBR
2017-08-08,158.0,158.0,142.0,149.0,1670,245885.0,TQBR
2017-08-09,150.0,152.0,150.0,152.0,20,3020.0,TQBR
2017-08-10,153.0,154.5,146.5,154.5,430,65440.0,TQBR
2017-08-11,152.0,158.5,152.0,156.0,290,45340.0,TQBR
2017-08-14,158.0,158.5,158.0,158.5,50,7915.0,TQBR
2017-08-15,155.0,155.5,151.0,155.5,220,33845.0,TQBR
2017-08-16,154.0,170.0,154.0,160.5,3690,619685.0,TQBR
2017-08-17,160.0,161.0,160.0,161.0,650,104450.0,TQBR
2017-08-18,160.0,160.5,160.0,160.5,220,35205.0,TQBR
2017-08-21,164.5,164.5,164.0,164.0,40,6565.0,TQBR
2017-08-22,157.5,161.5,156.0,161.5,50,7870.0,TQBR
2017-08-23,160.5,160.5,158.0,160.0,30,4785.0,TQBR
2017-08-24,156.5,163.5,156.5,163.5,1260,203265.0,TQBR
2017-08-25,164.5,169.0,159.0,168.0,540,89685.0,TQBR
2017-08-28,165.0,165.5,160.0,165.0,750,122440.0,TQBR
2017-08-29,161.0,168.5,160.0,168.5,400,65040.0,TQBR
2017-08-30,169.0,169.0,167.5,167.5,20,3365.0,TQBR
2017-08-31,170.5,170.5,164.0,170.0,1230,208505.0,TQBR
2017-09-01,171.0,174.0,168.0,171.5,140,24130.0,TQBR
2017-09-04,178.0,178.0,164.0,166.5,1360,231360.0,TQBR
2017-09-05,168.5,168.5,168.5,168.5,10,1685.0,TQBR
2017-09-06,168.5,170.0,150.0,158.5,12780,2046430.0,TQBR
2017-09-07,148.0,162.0,144.0,156.5,106870,16058680.0,TQBR
2017-09-08,159.0,161.5,159.0,159.5,1610,257550.0,TQBR
2017-09-11,164.5,170.0,150.0,150.5,21650,3436515.0,TQBR
2017-09-12,154.0,156.0,150.0,156.0,3510,535200.0,TQBR
2017-09-13,150.0,166.5,150.0,164.5,28710,4521770.0,TQBR
2017-09-14,164.0,188.0,164.0,178.0,54090,9540710.0,TQBR
2017-09-15,170.0,182.5,161.5,166.0,126800,21475025.0,TQBR
2017-09-18,163.0,165.0,155.5,159.0,20640,3278750.0,TQBR
2017-09-19,159.5,160.0,157.0,158.0,9680,1535185.0,TQBR
2017-09-20,155.5,158.0,155.5,158.0,2490,391925.0,TQBR
2017-09-21,156.0,161.0,153.5,159.0,16300,2569610.0,TQBR
2017-09-22,155.0,159.0,153.0,155.0,7080,1103150.0,TQBR
2017-09-25,154.0,158.5,150.0,155.5,5950,905855.0,TQBR
2017-09-26,151.5,154.0,150.5,153.5,3730,564700.0,TQBR
2017-09-27,151.0,153.0,149.5,151.5,6770,1024150.0,TQBR
2017-09-28,150.5,151.0,149.0,151.0,2490,373125.0,TQBR
2017-09-29,152.0,153.0,149.5,149.5,470,71460.0,TQBR
2017-10-02,150.5,151.5,149.5,151.0,80,12030.0,TQBR
2017-10-03,152.0,154.5,149.5,150.0,2610,396295.0,TQBR
2017-10-04,152.0,152.0,149.0,149.5,750,112065.0,TQBR
2017-10-05,150.0,150.0,149.0,150.0,40,5990.0,TQBR
2017-10-06,149.0,150.0,148.5,148.5,900,134150.0,TQBR
2017-10-09,148.5,150.5,147.5,150.0,1840,275655.0,TQBR
2017-10-10,150.0,151.0,150.0,150.0,3140,471520.0,TQBR
2017-10-11,150.5,152.0,150.5,152.0,3100,469090.0,TQBR
2017-10-12,153.5,153.5,149.5,153.0,970,148235.0,TQBR
2017-10-13,151.5,155.0,147.5,154.5,3240,493905.0,TQBR
2017-10-16,154.5,156.5,151.0,155.5,5150,798910.0,TQBR
2017-10-17,155.5,158.5,155.5,157.5,6460,1012440.0,TQBR
2017-10-18,158.5,159.5,155.5,158.5,2930,464670.0,TQBR
2017-10-19,159.0,161.5,158.0,160.5,32100,5156505.0,TQBR
2017-10-20,160.5,162.5,156.5,161.5,3860,622685.0,TQBR
2017-10-23,158.0,161.5,157.0,160.5,610,98080.0,TQBR
2017-10-24,160.0,162.0,159.5,161.0,2200,353295.0,TQBR
2017-10-25,159.0,161.0,158.5,161.0,900,144370.0,TQBR
2017-10-26,159.5,161.0,159.5,160.5,13690,2192330.0,TQBR
2017-10-27,154.5,159.5,152.0,159.0,8090,1249360.0,TQBR
2017-10-30,158.0,159.0,157.0,158.0,4320,682180.0,TQBR
2017-10-31,158.5,158.5,155.0,157.5,1070,166025.0,TQBR
2017-11-01,154.0,157.5,153.5,156.0,50,7750.0,TQBR
2017-11-02,155.5,157.5,152.5,157.5,430,66735.0,TQBR
2017-11-03,154.0,157.5,153.0,157.5,2130,334960.0,TQBR
2017-11-07,156.0,160.0,153.0,157.5,880,136395.0,TQBR
2017-11-08,156.0,158.0,155.5,157.5,1640,255875.0,TQBR
2017-11-09,155.5,156.0,153.0,153.0,560,87010.0,TQBR
2017-11-10,156.5,157.0,153.0,157.0,860,132830.0,TQBR
2017-11-13,154.0,159.5,154.0,159.5,720,113450.0,TQBR
2017-11-14,156.5,162.5,155.5,162.5,10320,1670095.0,TQBR
2017-11-15,158.0,158.0,153.5,153.5,940,146885.0,TQBR
2017-11-16,157.5,160.0,153.0,155.0,16990,2600590.0,TQBR
2017-11-17,154.0,159.0,154.0,156.0,310,48200.0,TQBR
2017-11-20,155.0,158.0,155.0,158.0,60,9330.0,TQBR
2017-11-21,156.5,156.5,156.5,156.5,80,12520.0,TQBR
2017-11-22,156.0,161.0,153.0,157.5,5530,869540.0,TQBR
2017-11-23,155.0,159.5,155.0,158.0,430,68030.0,TQBR
2017-11-24,157.0,159.0,153.0,157.0,4150,639565.0,TQBR
2017-11-27,154.0,159.5,154.0,159.5,2030,323245.0,TQBR
2017-11-28,159.0,161.0,157.5,157.5,1900,302780.0,TQBR
2017-11-29,159.5,159.5,153.0,154.5,6330,970860.0,TQBR
2017-11-30,153.0,159.5,153.0,156.0,5660,887135.0,TQBR
2017-12-01,158.5,160.0,158.5,158.5,3740,597455.0,TQBR
2017-12-04,158.5,160.0,158.5,160.0,230,36675.0,TQBR
2017-12-05,159.0,159.0,158.5,158.5,2660,422910.0,TQBR
2017-12-06,158.0,159.0,156.5,159.0,40,6300.0,TQBR
2017-12-07,159.0,160.5,159.0,159.0,220,34995.0,TQBR
2017-12-08,159.0,166.0,159.0,160.0,16250,2681485.0,TQBR
2017-12-11,160.0,165.0,160.0,164.5,6850,1117145.0,TQBR
2017-12-12,160.0,161.5,160.0,161.5,50,8035.0,TQBR
2017-12-13,162.5,162.5,162.5,162.5,10,1625.0,TQBR
2017-12-14,165.5,165.5,159.0,160.5,80,12835.0,TQBR
2017-12-15,155.5,160.5,155.5,158.0,180,28580.0,TQBR
2017-12-18,159.5,159.5,154.5,154.5,70,10925.0,TQBR
2017-12-19,157.5,160.5,154.0,160.0,3770,593535.0,TQBR
2017-12-20,160.5,164.5,159.0,160.0,6450,1034660.0,TQBR
2017-12-21,164.5,164.5,150.0,151.5,7260,1121180.0,TQBR
2017-12-22,153.5,153.5,148.5,153.5,400,60225.0,TQBR
2017-12-25,150.0,153.0,148.5,150.5,5350,802995.0,TQBR
2017-12-26,149.5,150.5,149.5,150.5,790,118530.0,TQBR
2017-12-27,151.5,152.0,151.5,151.5,70,10610.0,TQBR
2017-12-28,154.5,155.0,152.0,154.5,110,17000.0,TQBR
2017-12-29,151.5,153.5,140.5,148.0,2790,399245.0,TQBR
2018-01-03,148.5,150.0,148.0,149.0,160,23840.0,TQBR
2018-01-04,151.0,151.0,149.0,149.0,90,13475.0,TQBR
2018-01-05,150.0,150.5,150.0,150.5,1020,153505.0,TQBR
2018-01-09,153.0,153.0,150.0,150.0,1290,193530.0,TQBR
2018-01-10,153.0,153.0,149.5,150.5,140,21035.0,TQBR
2018-01-11,151.0,152.5,151.0,152.5,190,28875.0,TQBR
2018-01-12,152.0,156.5,151.5,156.5,2150,332605.0,TQBR
2018-01-16,156.5,160.5,155.0,155.0,8640,1379170.0,TQBR
2018-01-17,157.5,164.5,150.0,159.0,2510,394740.0,TQBR
2018-01-18,159.5,172.5,157.5,172.5,3930,658945.0,TQBR
2018-01-19,166.5,196.5,161.5,190.0,14070,2609895.0,TQBR
2018-01-22,187.0,244.5,184.0,210.0,32470,6893230.0,TQBR
2018-01-23,217.5,218.0,184.0,191.0,16700,3271370.0,TQBR
2018-01-24,181.5,213.5,179.5,202.0,11790,2346105.0,TQBR
2018-01-25,203.5,219.5,186.5,191.0,5230,1064390.0,TQBR
2018-01-26,187.5,192.5,181.0,186.0,6120,1134345.0,TQBR
2018-01-29,182.0,184.0,178.5,182.0,3420,616250.0,TQBR
2018-01-30,179.5,182.5,178.5,182.5,1430,256065.0,TQBR
2018-01-31,179.0,179.0,170.0,170.0,8200,1401330.0,TQBR
2018-02-01,168.0,170.0,165.5,167.5,5760,962120.0,TQBR
2018-02-02,168.5,189.5,168.5,186.0,3550,632865.0,TQBR
2018-02-05,189.5,190.0,176.5,180.5,620,112445.0,TQBR
2018-02-06,190.0,220.0,182.5,185.5,7500,1468155.0,TQBR
2018-02-07,188.0,192.0,180.0,188.0,1110,207290.0,TQBR
2018-02-08,199.0,200.0,190.0,195.0,1050,207095.0,TQBR
2018-02-09,189.0,200.0,178.0,185.5,1340,250220.0,TQBR
2018-02-12,182.0,184.0,180.0,183.0,550,99785.0,TQBR
2018-02-13,183.0,184.0,181.0,183.0,1970,357525.0,TQBR
2018-02-14,181.5,182.0,180.0,182.0,750,135445.0,TQBR
2018-02-15,179.0,183.0,179.0,180.0,420,75865.0,TQBR
2018-02-16,179.5,179.5,175.0,176.5,1410,248145.0,TQBR
2018-02-19,178.0,179.5,178.0,179.5,140,24950.0,TQBR
2018-02-20,178.5,188.0,173.5,180.0,1700,301835.0,TQBR
2018-02-21,179.0,214.0,178.5,203.5,6620,1301470.0,TQBR
2018-02-22,209.5,210.0,189.0,190.5,2320,446560.0,TQBR
2018-02-26,190.5,197.5,190.0,197.5,580,111895.0,TQBR
2018-02-27,198.0,198.0,192.0,192.0,130,25150.0,TQBR
2018-03-01,193.5,198.5,190.5,193.0,370,72525.0,TQBR
2018-03-02,192.5,192.5,192.5,192.5,10,1925.0,TQBR
2018-03-05,192.0,192.0,175.5,182.5,3520,639275.0,TQBR
2018-03-06,179.0,185.0,179.0,183.0,1930,351640.0,TQBR
2018-03-07,182.5,182.5,182.5,182.5,10,1825.0,TQBR
2018-03-09,185.5,187.0,185.5,187.0,40,7445.0,TQBR
2018-03-12,181.0,183.0,168.5,182.0,1650,288485.0,TQBR
2018-03-13,179.0,184.0,179.0,184.0,30,5465.0,TQBR
2018-03-14,184.5,189.5,183.5,183.5,240,44910.0,TQBR
2018-03-15,183.0,183.0,169.5,171.0,6430,1110415.0,TQBR
2018-03-16,169.5,176.0,168.5,173.5,2100,357450.0,TQBR
2018-03-19,170.0,170.5,168.5,170.0,460,77920.0,TQBR
2018-03-20,172.5,172.5,170.0,170.0,310,52795.0,TQBR
2018-03-21,167.0,167.0,166.5,167.0,30,5005.0,TQBR
2018-03-22,172.0,172.0,168.0,168.0,90,15245.0,TQBR
2018-03-23,168.5,174.5,168.0,169.5,20310,3416610.0,TQBR
2018-03-26,166.5,166.5,165.5,165.5,190,31525.0,TQBR
2018-03-27,170.0,181.0,170.0,175.0,2550,443135.0,TQBR
2018-03-28,179.0,179.0,173.0,173.0,1360,240840.0,TQBR
2018-03-29,172.0,172.0,170.0,171.5,500,85255.0,TQBR
2018-03-30,171.5,171.5,166.0,169.0,530,89195.0,TQBR
2018-04-02,168.5,170.5,167.0,167.0,170,28555.0,TQBR
2018-04-03,169.0,170.0,169.0,170.0,30,5090.0,TQBR
2018-04-04,171.5,171.5,171.5,171.5,10,1715.0,TQBR
2018-04-05,171.5,171.5,171.5,171.5,10,1715.0,TQBR
2018-04-06,171.0,178.0,171.0,171.5,1130,198020.0,TQBR
2018-04-09,172.0,172.0,130.0,140.5,16950,2516805.0,TQBR
2018-04-10,140.0,154.0,140.0,151.0,1900,285205.0,TQBR
2018-04-11,154.0,154.0,146.5,152.0,2270,344725.0,TQBR
2018-04-12,151.5,151.5,151.5,151.5,20,3030.0,TQBR
2018-04-13,151.5,151.5,151.0,151.0,30,4535.0,TQBR
2018-04-16,146.5,147.5,143.5,147.5,2360,342545.0,TQBR
2018-04-17,150.5,150.5,143.5,150.0,1380,204915.0,TQBR
2018-04-18,149.5,149.5,149.5,149.5,30,4485.0,TQBR
2018-04-19,151.5,151.5,150.0,150.0,250,37515.0,TQBR
2018-04-20,152.0,162.5,152.0,161.0,650,102790.0,TQBR
2018-04-23,156.0,156.0,156.0,156.0,10,1560.0,TQBR
2018-04-24,159.0,160.5,159.0,160.0,270,43190.0,TQBR
2018-04-25,160.0,160.0,150.0,154.0,760,116920.0,TQBR
2018-04-26,152.0,152.0,149.5,149.5,1700,255205.0,TQBR
2018-04-27,150.0,160.0,150.0,156.0,2100,318305.0,TQBR
2018-04-28,154.0,157.5,154.0,157.5,30,4655.0,TQBR
2018-04-30,159.5,159.5,159.5,159.5,10,1595.0,TQBR
2018-05-02,158.5,158.5,151.0,151.0,40,6125.0,TQBR
2018-05-03,155.5,156.0,155.5,156.0,40,6230.0,TQBR
2018-05-04,158.0,158.0,152.5,155.0,130,19935.0,TQBR
2018-05-07,153.0,153.0,153.0,153.0,10,1530.0,TQBR
2018-05-08,154.0,158.0,154.0,157.5,160,25030.0,TQBR
2018-05-11,155.0,155.5,155.0,155.0,220,34105.0,TQBR
2018-05-14,155.0,155.0,155.0,155.0,150,23250.0,TQBR
2018-05-16,155.0,155.0,155.0,155.0,210,32550.0,TQBR
2018-05-17,155.0,155.0,149.0,149.0,300,45285.0,TQBR
2018-05-18,152.5,152.5,152.5,152.5,10,1525.0,TQBR
2018-05-22,153.0,153.0,153.0,153.0,30,4590.0,TQBR
2018-05-23,148.0,176.5,147.5,170.0,8890,1469850.0,TQBR
2018-05-24,186.5,200.0,169.5,179.5,43300,8046985.0,TQBR
2018-05-25,180.5,181.0,167.0,171.5,6830,1193485.0,TQBR
2018-05-28,176.0,180.0,170.0,175.0,1010,175655.0,TQBR
2018-05-29,174.5,189.5,174.5,185.0,1820,327955.0,TQBR
2018-05-30,188.0,190.0,180.0,184.5,1260,235270.0,TQBR
2018-05-31,188.0,188.0,182.0,188.0,3060,567800.0,TQBR
2018-06-01,184.0,198.5,184.0,189.5,8500,1615250.0,TQBR
2018-06-04,186.5,210.0,186.0,193.0,8390,1656570.0,TQBR
2018-06-05,193.5,205.0,189.0,199.5,3870,769350.0,TQBR
2018-06-06,204.0,204.0,184.5,188.5,3700,700605.0,TQBR
2018-06-07,198.5,236.0,198.5,206.0,13560,2894965.0,TQBR
2018-06-08,208.0,208.0,190.0,194.5,4680,907015.0,TQBR
2018-06-09,195.0,195.0,189.0,189.0,500,95190.0,TQBR
2018-06-11,190.5,195.0,183.5,189.5,1470,278655.0,TQBR
2018-06-13,188.5,188.5,180.0,188.0,1610,295035.0,TQBR
2018-06-14,188.0,192.0,184.0,191.5,870,162655.0,TQBR
2018-06-15,195.0,203.5,190.0,201.5,5260,1037890.0,TQBR
2018-06-18,201.0,203.0,192.0,194.5,2530,499910.0,TQBR
2018-06-19,190.0,195.0,188.5,195.0,580,110650.0,TQBR
2018-06-20,190.5,192.5,188.5,192.5,260,49540.0,TQBR
2018-06-21,190.0,190.0,189.5,190.0,170,32295.0,TQBR
2018-06-22,193.5,200.0,190.0,198.0,590,114960.0,TQBR
2018-06-25,194.0,200.0,193.5,198.0,1620,320020.0,TQBR
2018-06-26,200.0,206.5,194.5,197.5,80,16020.0,TQBR
2018-06-27,199.5,199.5,194.0,195.0,260,50975.0,TQBR
2018-06-28,194.0,197.5,194.0,196.5,190,36920.0,TQBR
2018-06-29,194.0,195.0,188.0,193.0,970,186310.0,TQBR
2018-07-02,190.0,195.0,185.5,195.0,960,182450.0,TQBR
2018-07-03,190.5,193.0,184.5,187.0,760,143055.0,TQBR
2018-07-04,193.0,193.0,176.0,188.0,3910,715020.0,TQBR
2018-07-05,189.0,200.0,189.0,199.0,4160,821125.0,TQBR
2018-07-06,199.0,273.5,197.5,205.0,8650,1778995.0,TQBR
2018-07-09,245.0,285.5,201.5,205.0,1070,224195.0,TQBR
2018-07-10,202.0,217.0,202.0,206.5,440,92470.0,TQBR
2018-07-11,216.5,217.0,201.0,204.5,2100,445155.0,TQBR
2018-07-12,201.0,218.0,193.0,206.5,2480,519035.0,TQBR
2018-07-13,202.5,207.5,196.0,200.0,800,160100.0,TQBR
2018-07-16,199.5,200.0,191.5,196.0,2550,494225.0,TQBR
2018-07-17,192.0,200.0,191.0,195.0,800,156685.0,TQBR
2018-07-18,196.5,206.5,194.0,195.0,800,156815.0,TQBR
2018-07-19,193.0,196.5,186.0,186.0,480,91390.0,TQBR
2018-07-20,184.5,201.0,184.5,200.0,1580,305020.0,TQBR
2018-07-23,195.0,195.0,186.0,188.5,1620,307370.0,TQBR
2018-07-24,186.0,191.0,183.5,190.0,670,125715.0,TQBR
2018-07-25,185.0,187.5,185.0,187.5,30,5600.0,TQBR
2018-07-26,187.5,188.5,185.5,187.0,150,28190.0,TQBR
2018-07-27,189.0,197.5,189.0,196.5,430,82980.0,TQBR
2018-07-30,196.0,197.0,189.5,189.5,240,46305.0,TQBR
2018-07-31,189.5,194.0,188.0,189.0,120,22850.0,TQBR
2018-08-01,191.0,195.0,191.0,194.0,540,105140.0,TQBR
2018-08-02,191.0,191.0,188.0,188.0,160,30200.0,TQBR
2018-08-03,189.5,189.5,183.0,183.0,1020,190385.0,TQBR
2018-08-06,183.5,183.5,174.5,178.0,3080,546850.0,TQBR
2018-08-07,176.0,180.0,175.5,180.0,370,65965.0,TQBR
2018-08-08,189.5,192.0,183.5,191.0,2250,426640.0,TQBR
2018-08-09,192.0,192.0,183.0,188.0,650,120705.0,TQBR
2018-08-10,188.0,194.5,188.0,189.5,2010,380145.0,TQBR
2018-08-13,191.0,194.0,189.0,190.5,350,67300.0,TQBR
2018-08-14,193.0,235.0,188.5,230.0,21330,4728740.0,TQBR
2018-08-15,245.0,268.5,221.0,222.5,30890,7494210.0,TQBR
2018-08-16,220.5,225.0,216.0,218.0,3180,696485.0,TQBR
2018-08-17,213.0,240.0,211.5,221.0,15820,3575610.0,TQBR
2018-08-20,219.0,233.0,215.5,221.0,4460,983075.0,TQBR
2018-08-21,221.5,227.0,217.0,219.0,620,136760.0,TQBR
2018-08-22,217.0,234.5,217.0,222.0,5630,1261325.0,TQBR
2018-08-23,220.0,220.0,210.5,219.5,9030,1982270.0,TQBR
2018-08-24,219.0,219.0,208.5,215.0,1150,245575.0,TQBR
2018-08-27,220.0,239.5,217.0,217.0,5270,1177215.0,TQBR
2018-08-28,216.0,223.5,207.0,217.0,2930,636085.0,TQBR
2018-08-29,221.5,221.5,215.5,219.5,440,96240.0,TQBR
2018-08-30,216.5,219.0,213.0,214.0,340,73155.0,TQBR
2018-08-31,216.5,228.0,208.5,211.0,4410,955715.0,TQBR
2018-09-03,211.5,216.5,210.0,216.5,200,42655.0,TQBR
2018-09-04,221.5,222.0,209.5,212.5,3190,673110.0,TQBR
2018-09-05,217.5,217.5,203.0,214.0,3970,831785.0,TQBR
2018-09-06,210.0,221.0,209.5,211.5,4390,936195.0,TQBR
2018-09-07,214.5,214.5,202.0,212.0,2270,471610.0,TQBR
2018-09-10,203.5,211.0,200.5,202.0,2770,566270.0,TQBR
2018-09-11,207.0,211.0,204.5,207.5,900,187275.0,TQBR
2018-09-12,211.5,212.5,204.0,209.0,280,58240.0,TQBR
2018-09-13,213.0,213.0,205.5,208.5,1340,281170.0,TQBR
2018-09-14,209.0,213.0,206.0,213.0,150,31425.0,TQBR
2018-09-17,213.0,218.0,211.0,215.0,1190,256365.0,TQBR
2018-09-18,214.0,223.5,212.0,223.5,3460,762360.0,TQBR
2018-09-19,221.5,226.5,210.5,210.5,2770,602755.0,TQBR
2018-09-20,215.0,225.0,215.0,224.5,1610,359700.0,TQBR
2018-09-21,219.0,225.0,215.0,221.5,3570,788515.0,TQBR
2018-09-24,225.5,227.0,213.0,225.0,760,166455.0,TQBR
2018-09-25,220.0,230.0,220.0,228.5,4590,1031035.0,TQBR
2018-09-26,233.0,239.0,196.5,200.0,41600,8987870.0,TQBR
2018-09-27,203.0,205.5,177.0,184.5,17740,3340880.0,TQBR
2018-09-28,185.0,188.0,176.5,180.0,5380,976280.0,TQBR
2018-10-01,180.0,198.5,180.0,187.0,6400,1212305.0,TQBR
2018-10-02,187.0,187.0,177.0,183.5,6940,1267285.0,TQBR
2018-10-03,183.5,189.5,180.0,182.0,3920,719320.0,TQBR
2018-10-04,180.5,182.0,176.0,177.5,6350,1137475.0,TQBR
2018-10-05,178.0,190.0,178.0,181.0,3050,562940.0,TQBR
2018-10-08,180.5,182.5,176.5,180.0,1680,300925.0,TQBR
2018-10-09,179.0,182.0,177.0,178.0,2370,424710.0,TQBR
2018-10-10,177.5,177.5,168.0,170.0,5220,901890.0,TQBR
2018-10-11,168.5,168.5,164.0,165.5,3830,637530.0,TQBR
2018-10-12,166.0,172.5,164.5,171.0,1560,261140.0,TQBR
2018-10-15,173.5,174.0,166.5,167.5,800,135985.0,TQBR
2018-10-16,167.0,174.5,167.0,167.0,1200,204215.0,TQBR
2018-10-17,171.0,171.0,165.0,166.0,2790,464405.0,TQBR
2018-10-18,168.5,172.0,167.0,169.0,3930,661230.0,TQBR
2018-10-19,169.0,172.0,161.0,161.0,5090,840290.0,TQBR
2018-10-22,163.0,175.5,163.0,165.0,4270,715695.0,TQBR
2018-10-23,167.0,188.0,160.0,166.0,22400,3949430.0,TQBR
2018-10-24,165.5,170.0,164.0,168.5,1040,172685.0,TQBR
2018-10-25,166.0,168.0,163.0,168.0,890,147275.0,TQBR
2018-10-26,168.0,168.5,163.0,165.0,330,54550.0,TQBR
2018-10-29,164.0,169.5,161.5,164.5,4090,669525.0,TQBR
2018-10-30,167.5,168.5,161.5,163.0,690,112790.0,TQBR
2018-10-31,164.5,165.5,162.5,164.0,530,86795.0,TQBR
2018-11-01,162.5,164.5,160.5,163.5,910,148165.0,TQBR
2018-11-02,164.0,175.0,163.5,165.5,5320,893865.0,TQBR
2018-11-06,162.0,185.0,161.5,169.5,10090,1691300.0,TQBR
2018-11-07,168.5,170.0,165.0,168.0,1610,270310.0,TQBR
2018-11-08,167.5,173.0,167.0,171.5,1770,300505.0,TQBR
2018-11-09,168.0,170.5,166.0,168.0,700,117935.0,TQBR
2018-11-12,168.0,172.5,165.0,168.0,2970,493040.0,TQBR
2018-11-13,167.0,167.0,164.5,164.5,3780,626335.0,TQBR
2018-11-14,164.5,165.5,161.0,165.5,2960,481020.0,TQBR
2018-11-15,163.5,165.0,163.5,164.5,110,18115.0,TQBR
2018-11-16,164.0,167.0,163.5,163.5,3530,579305.0,TQBR
2018-11-19,165.0,166.5,163.5,164.0,2010,330925.0,TQBR
2018-11-20,163.0,164.0,161.5,162.5,2380,387470.0,TQBR
2018-11-21,163.5,164.0,162.0,162.0,520,84565.0,TQBR
2018-11-22,164.0,165.0,163.0,163.0,1900,312055.0,TQBR
2018-11-23,164.5,165.0,161.0,162.0,1640,265645.0,TQBR
2018-11-26,161.0,163.5,160.5,160.5,7080,1138855.0,TQBR
2018-11-27,162.5,165.0,157.0,161.0,2850,458435.0,TQBR
2018-11-28,162.5,163.5,158.5,159.5,14040,2244330.0,TQBR
2018-11-29,160.5,164.5,160.0,164.0,1920,308275.0,TQBR
2018-11-30,163.5,164.0,160.0,161.5,1750,281540.0,TQBR
2018-12-03,161.5,164.5,160.5,162.5,5830,950245.0,TQBR
2018-12-04,161.5,164.0,161.5,161.5,230,37390.0,TQBR
2018-12-05,162.5,163.0,161.0,161.5,210,33930.0,TQBR
2018-12-06,163.0,164.0,159.5,160.0,2460,395810.0,TQBR
2018-12-07,160.0,163.5,160.0,162.0,3240,525530.0,TQBR
2018-12-10,162.0,164.0,161.0,162.0,570,92015.0,TQBR
2018-12-11,161.0,161.5,160.0,161.5,1320,211335.0,TQBR
2018-12-12,160.0,161.0,159.5,161.0,140,22385.0,TQBR
2018-12-13,161.0,163.0,159.5,163.0,1870,303650.0,TQBR
2018-12-14,161.5,164.5,160.0,161.5,610,98180.0,TQBR
2018-12-17,160.5,160.5,159.5,160.5,430,68735.0,TQBR
2018-12-18,159.0,160.0,157.5,159.0,3150,501585.0,TQBR
2018-12-19,159.5,160.5,159.0,160.5,400,63640.0,TQBR
2018-12-20,158.5,160.5,158.0,159.5,470,74750.0,TQBR
2018-12-21,159.0,159.5,158.0,158.5,1930,305915.0,TQBR
2018-12-24,158.5,158.5,157.5,157.5,70,11085.0,TQBR
2018-12-25,157.5,158.5,156.5,158.0,700,110250.0,TQBR
2018-12-26,158.5,159.0,156.0,157.5,4750,748330.0,TQBR
2018-12-27,156.5,158.0,154.5,155.0,5430,847105.0,TQBR
2018-12-28,155.0,159.5,154.0,157.5,490,76945.0,TQBR
2018-12-29,156.0,160.0,156.0,160.0,2440,388835.0,TQBR
2019-01-03,154.5,160.0,154.0,156.5,690,108950.0,TQBR
2019-01-04,158.0,161.0,158.0,158.0,410,65445.0,TQBR
2019-01-08,157.5,159.5,157.5,158.0,300,47490.0,TQBR
2019-01-09,159.0,160.5,158.0,160.0,710,113240.0,TQBR
2019-01-10,159.0,162.0,159.0,162.0,730,117480.0,TQBR
2019-01-11,162.5,174.5,162.5,168.5,4470,747595.0,TQBR
2019-01-14,167.5,169.0,163.0,164.0,780,129745.0,TQBR
2019-01-15,165.0,168.0,165.0,166.5,360,59635.0,TQBR
2019-01-16,165.0,166.5,160.0,166.0,960,156300.0,TQBR
2019-01-17,167.0,169.5,164.5,167.0,880,147245.0,TQBR
2019-01-18,167.0,168.0,165.5,165.5,150,24940.0,TQBR
2019-01-21,165.0,166.0,162.5,164.0,2980,489280.0,TQBR
2019-01-22,166.0,168.0,164.0,164.0,1300,215645.0,TQBR
2019-01-23,165.0,167.0,165.0,165.0,2780,462845.0,TQBR
2019-01-24,164.0,166.0,164.0,165.0,1220,202245.0,TQBR
2019-01-25,166.5,166.5,165.0,165.0,250,41285.0,TQBR
2019-01-28,164.5,165.0,164.0,165.0,480,78770.0,TQBR
2019-01-29,164.5,165.5,164.5,165.0,40,6600.0,TQBR
2019-01-30,165.0,166.5,165.0,165.0,70,11575.0,TQBR
2019-01-31,165.5,166.0,164.0,164.0,520,85530.0,TQBR
2019-02-01,164.8,168.0,164.2,166.2,110,18248.0,TQBR
2019-02-04,168.2,168.8,163.0,167.0,1480,243206.0,TQBR
2019-02-05,164.8,169.6,164.2,169.6,310,51990.0,TQBR
2019-02-06,166.6,169.6,166.2,168.0,220,36862.0,TQBR
2019-02-07,165.4,166.4,164.2,165.4,1170,192268.0,TQBR
2019-02-08,166.6,194.4,166.6,179.0,16740,3027976.0,TQBR
2019-02-11,190.0,200.0,174.0,186.6,11270,2147618.0,TQBR
2019-02-12,183.6,184.6,179.4,182.4,1910,349294.0,TQBR
2019-02-13,181.4,189.0,181.2,182.0,9830,1813348.0,TQBR
2019-02-14,180.2,198.0,175.2,185.0,13640,2583242.0,TQBR
2019-02-15,186.4,205.8,186.4,190.2,14100,2798626.0,TQBR
2019-02-18,195.0,205.0,185.0,186.4,4820,938548.0,TQBR
2019-02-19,189.0,208.4,189.0,197.8,8850,1771408.0,TQBR
2019-02-20,196.0,204.4,190.4,193.6,2160,421326.0,TQBR
2019-02-21,198.6,209.0,190.4,194.4,2130,419964.0,TQBR
2019-02-22,192.2,209.8,192.0,202.0,3050,624974.0,TQBR
2019-02-25,206.8,207.8,202.0,204.2,350,71530.0,TQBR
2019-02-26,207.0,207.4,200.8,200.8,910,185950.0,TQBR
2019-02-27,201.0,203.2,198.8,201.0,1100,219508.0,TQBR
2019-02-28,197.2,200.6,193.8,193.8,300,58804.0,TQBR
2019-03-01,193.8,197.2,193.8,196.2,340,66586.0,TQBR
2019-03-04,195.0,204.0,187.2,195.2,2120,412952.0,TQBR
2019-03-05,191.8,196.0,191.8,195.4,110,21434.0,TQBR
2019-03-06,191.2,201.0,191.2,199.2,410,80494.0,TQBR
2019-03-07,201.4,209.8,198.6,200.6,4150,846016.0,TQBR
2019-03-11,207.4,207.4,199.0,199.0,610,122232.0,TQBR
2019-03-12,199.4,199.6,189.0,198.4,4190,806844.0,TQBR
2019-03-13,193.0,195.6,188.0,191.6,2400,465166.0,TQBR
2019-03-14,196.8,208.8,192.8,197.0,12030,2486986.0,TQBR
2019-03-15,208.8,220.0,188.0,191.6,18060,3691424.0,TQBR
2019-03-18,192.6,194.2,188.0,191.0,910,173424.0,TQBR
2019-03-19,190.6,193.0,188.0,191.0,1360,259206.0,TQBR
2019-03-20,192.0,196.2,192.0,192.4,850,165042.0,TQBR
2019-03-21,190.6,194.2,190.4,191.4,150,28836.0,TQBR
2019-03-22,193.2,193.6,188.6,188.6,720,137414.0,TQBR
2019-03-25,188.4,189.8,182.0,183.8,1150,211846.0,TQBR
2019-03-26,183.8,186.0,180.0,180.0,510,93214.0,TQBR
2019-03-27,184.4,187.6,181.8,186.0,610,112770.0,TQBR
2019-03-28,185.2,188.8,182.6,188.8,160,29698.0,TQBR
2019-03-29,185.4,189.0,183.4,183.4,190,35368.0,TQBR
2019-04-01,188.6,196.4,185.4,191.0,2260,429440.0,TQBR
2019-04-02,192.8,197.0,190.4,192.0,1840,359058.0,TQBR
2019-04-03,190.8,192.4,182.2,192.0,3260,617504.0,TQBR
2019-04-04,191.0,195.8,191.0,192.6,280,54128.0,TQBR
2019-04-05,194.8,194.8,188.2,188.2,420,80394.0,TQBR
2019-04-08,190.0,192.2,186.0,187.8,430,81732.0,TQBR
2019-04-09,183.8,190.0,183.8,189.6,310,58128.0,TQBR
2019-04-10,186.2,191.0,186.2,187.4,600,113120.0,TQBR
2019-04-11,187.6,190.0,184.0,187.8,2540,468766.0,TQBR
2019-04-12,187.0,194.8,187.0,190.0,340,65010.0,TQBR
2019-04-15,190.0,190.6,187.2,189.0,440,82964.0,TQBR
2019-04-16,193.6,194.0,189.2,190.0,330,63286.0,TQBR
2019-04-17,191.8,192.0,189.2,190.0,450,85772.0,TQBR
2019-04-18,192.0,192.0,189.0,189.2,290,55304.0,TQBR
2019-04-19,189.2,191.8,189.0,191.8,100,19018.0,TQBR
2019-04-22,188.8,193.0,188.0,190.8,380,72144.0,TQBR
2019-04-23,192.2,194.4,191.6,191.6,480,92500.0,TQBR
2019-04-24,190.6,194.0,187.4,190.6,680,128936.0,TQBR
2019-04-25,192.0,196.0,190.6,196.0,1640,319928.0,TQBR
2019-04-26,195.2,199.4,193.2,195.6,5900,1174600.0,TQBR
2019-04-29,195.8,208.0,171.2,191.8,6570,1260252.0,TQBR
2019-04-30,193.8,196.0,191.4,194.8,1070,208038.0,TQBR
2019-05-02,194.4,195.0,190.0,195.0,1290,250704.0,TQBR
2019-05-03,196.0,198.0,196.0,198.0,350,69156.0,TQBR
2019-05-06,200.8,200.8,196.0,197.8,3190,635278.0,TQBR
2019-05-07,197.4,201.8,197.2,197.8,1960,391424.0,TQBR
2019-05-08,197.8,202.0,197.8,199.6,330,65894.0,TQBR
2019-05-10,200.6,203.2,199.2,200.6,210,42256.0,TQBR
2019-05-13,201.0,201.0,187.2,196.2,1120,220874.0,TQBR
2019-05-14,199.4,205.0,196.4,201.8,7080,1446026.0,TQBR
2019-05-15,198.8,208.0,197.6,208.0,2330,478134.0,TQBR
2019-05-16,204.2,207.6,203.0,205.4,560,115088.0,TQBR
2019-05-17,204.0,205.0,200.6,202.0,4270,865654.0,TQBR
2019-05-20,205.8,206.6,200.2,201.0,11970,2407594.0,TQBR
2019-05-21,202.2,202.4,197.0,197.0,1720,343798.0,TQBR
2019-05-22,196.6,196.6,193.2,193.8,290,56502.0,TQBR
2019-05-23,195.0,197.6,190.0,193.4,1050,204488.0,TQBR
2019-05-24,193.2,201.4,192.4,200.4,4300,862898.0,TQBR
2019-05-27,201.0,204.0,198.4,204.0,810,163292.0,TQBR
2019-05-28,203.4,207.6,203.2,205.0,7210,1491936.0,TQBR
2019-05-29,204.6,208.0,202.6,207.8,3080,636252.0,TQBR
2019-05-30,209.2,218.8,209.2,213.8,1160,248062.0,TQBR
2019-05-31,215.4,216.0,210.8,214.8,540,115702.0,TQBR
2019-06-03,213.8,219.0,200.6,203.8,3860,814808.0,TQBR
2019-06-04,203.6,203.6,200.4,202.2,370,74486.0,TQBR
2019-06-05,202.4,220.0,202.4,207.0,3960,841006.0,TQBR
2019-06-06,210.4,219.8,210.0,216.2,2630,565946.0,TQBR
2019-06-07,214.0,219.0,213.4,216.2,1360,293452.0,TQBR
2019-06-10,218.6,220.0,215.0,216.8,1420,309376.0,TQBR
2019-06-11,221.0,222.0,215.8,217.0,660,144764.0,TQBR
2019-06-13,218.0,218.0,203.0,215.0,1360,289322.0,TQBR
2019-06-14,215.0,221.8,212.0,216.8,1020,220124.0,TQBR
2019-06-17,218.0,228.8,215.0,228.0,4200,941638.0,TQBR
2019-06-18,227.8,228.0,224.8,225.8,1990,450714.0,TQBR
2019-06-19,225.6,230.2,225.6,229.0,1210,276480.0,TQBR
2019-06-20,229.4,241.8,229.4,239.2,1980,469274.0,TQBR
2019-06-21,239.6,260.0,236.4,240.6,17540,4347912.0,TQBR
2019-06-24,241.2,242.4,221.8,225.8,17690,4054478.0,TQBR
2019-06-25,223.6,231.0,220.0,229.0,4800,1088370.0,TQBR
2019-06-26,228.2,228.2,211.0,222.0,2240,491832.0,TQBR
2019-06-27,222.8,222.8,220.0,221.2,380,84200.0,TQBR
2019-06-28,222.8,227.4,219.8,225.6,1270,282670.0,TQBR
2019-07-01,229.8,232.0,228.2,231.0,3760,865356.0,TQBR
2019-07-02,229.6,231.0,226.4,229.8,3990,917046.0,TQBR
2019-07-03,228.8,230.0,227.0,229.6,630,144368.0,TQBR
2019-07-04,230.0,230.0,227.4,229.8,400,91624.0,TQBR
2019-07-05,230.0,231.0,227.8,230.2,2020,464312.0,TQBR
2019-07-08,229.0,229.8,218.0,224.0,1160,260716.0,TQBR
2019-07-09,225.2,230.0,224.4,228.6,520,118626.0,TQBR
2019-07-10,228.6,260.0,221.2,226.8,5990,1438006.0,TQBR
2019-07-11,228.4,230.8,226.0,230.0,1260,289246.0,TQBR
2019-07-12,229.8,229.8,220.6,228.2,1110,250078.0,TQBR
2019-07-15,227.4,236.0,224.0,233.4,21160,4762120.0,TQBR
2019-07-16,230.6,231.0,226.2,230.0,3170,728864.0,TQBR
2019-07-17,229.0,231.0,224.4,230.0,3900,893494.0,TQBR
2019-07-18,230.0,234.4,228.4,234.4,4650,1070512.0,TQBR
2019-07-19,237.0,240.0,231.4,235.0,1270,298812.0,TQBR
2019-07-22,235.0,240.0,232.0,239.0,2430,578878.0,TQBR
2019-07-23,240.0,240.6,230.0,234.8,3300,785482.0,TQBR
2019-07-24,236.8,239.8,236.8,239.4,480,114596.0,TQBR
2019-07-25,239.8,245.0,232.2,235.0,11070,2661298.0,TQBR
2019-07-26,237.0,244.6,235.2,240.0,1360,326428.0,TQBR
2019-07-29,242.0,243.0,237.0,240.2,11850,2819466.0,TQBR
2019-07-30,241.6,243.4,238.0,242.6,630,151412.0,TQBR
2019-07-31,241.8,249.0,240.2,248.0,1160,283358.0,TQBR
2019-08-01,245.4,260.0,245.2,258.2,3250,825664.0,TQBR
2019-08-02,261.6,279.0,255.4,267.8,8080,2182368.0,TQBR
2019-08-05,264.2,267.4,237.0,256.2,4030,1031258.0,TQBR
2019-08-06,252.0,270.0,250.8,268.4,1300,337726.0,TQBR
2019-08-07,263.0,271.4,261.8,263.2,1070,283654.0,TQBR
2019-08-08,263.8,264.4,262.4,263.0,260,68468.0,TQBR
2019-08-09,262.8,262.8,259.8,260.0,1280,333314.0,TQBR
2019-08-12,260.0,260.0,256.4,256.4,340,87964.0,TQBR
2019-08-13,255.2,255.2,248.2,250.8,1010,255874.0,TQBR
2019-08-14,248.2,272.0,248.2,268.2,2070,549380.0,TQBR
2019-08-15,267.8,267.8,255.2,263.2,710,187758.0,TQBR
2019-08-16,259.0,265.4,259.0,265.0,1570,412430.0,TQBR
2019-08-19,262.0,265.8,258.2,264.6,990,260448.0,TQBR
2019-08-20,266.0,266.8,258.8,261.4,1090,286296.0,TQBR
2019-08-21,264.0,268.0,260.0,260.0,1200,314778.0,TQBR
2019-08-22,260.2,261.0,251.4,259.0,1310,338334.0,TQBR
2019-08-23,263.0,268.0,258.4,260.0,1350,352620.0,TQBR
2019-08-26,260.0,264.0,258.4,258.4,580,150638.0,TQBR
2019-08-27,259.8,270.4,257.0,270.0,5130,1365718.0,TQBR
2019-08-28,270.2,274.4,267.4,274.0,2500,680230.0,TQBR
2019-08-29,276.0,280.4,268.0,274.0,5130,1426814.0,TQBR
2019-08-30,273.8,279.6,267.4,270.6,910,248940.0,TQBR
2019-09-02,268.4,270.8,250.0,269.0,1920,502994.0,TQBR
2019-09-03,263.8,267.8,259.4,260.4,4490,1170012.0,TQBR
2019-09-04,263.0,274.2,262.6,265.4,1850,492096.0,TQBR
2019-09-05,267.8,270.8,265.2,270.0,590,158008.0,TQBR
2019-09-06,271.0,274.0,265.2,268.6,960,258330.0,TQBR
2019-09-09,269.0,275.6,268.2,269.0,1700,457714.0,TQBR
2019-09-10,272.8,280.0,268.8,272.6,7990,2217662.0,TQBR
2019-09-11,271.0,280.0,271.0,276.4,6740,1862966.0,TQBR
2019-09-12,279.0,280.0,271.6,275.0,1070,295220.0,TQBR
2019-09-13,276.6,283.2,275.2,279.0,1730,483190.0,TQBR
2019-09-16,279.6,285.0,278.4,283.6,2680,758296.0,TQBR
2019-09-17,279.8,282.0,277.0,278.8,620,173432.0,TQBR
2019-09-18,279.6,282.8,275.0,281.8,620,172754.0,TQBR
2019-09-19,279.8,294.6,279.8,294.6,4240,1218518.0,TQBR
2019-09-20,293.0,295.0,289.0,289.0,1970,579364.0,TQBR
2019-09-23,294.0,305.0,287.4,298.6,2780,823288.0,TQBR
2019-09-24,301.0,324.8,300.0,324.0,17140,5391840.0,TQBR
2019-09-25,329.8,329.8,301.0,320.0,11210,3630392.0,TQBR
2019-09-26,321.4,329.4,315.0,320.8,3740,1204070.0,TQBR
2019-09-27,325.0,329.0,316.0,322.8,1560,501318.0,TQBR
2019-09-30,324.4,324.4,315.4,316.2,950,301910.0,TQBR
2019-10-01,320.0,320.0,290.2,300.0,4390,1328266.0,TQBR
2019-10-02,300.2,317.8,300.2,308.0,1430,441460.0,TQBR
2019-10-03,309.0,319.0,304.0,313.2,1450,456268.0,TQBR
2019-10-04,320.0,322.0,304.6,311.6,610,190358.0,TQBR
2019-10-07,312.8,316.2,302.2,307.0,970,298312.0,TQBR
2019-10-08,306.6,311.0,302.8,309.0,660,202586.0,TQBR
2019-10-09,309.8,309.8,296.8,305.6,2170,656888.0,TQBR
2019-10-10,304.0,305.8,303.6,304.8,830,252342.0,TQBR
2019-10-11,306.0,308.0,296.0,300.0,1160,349082.0,TQBR
2019-10-14,300.8,311.0,296.0,296.0,1550,470368.0,TQBR
2019-10-15,295.0,295.8,282.0,290.6,2810,818798.0,TQBR
2019-10-16,288.6,312.0,288.2,304.0,1220,363746.0,TQBR
2019-10-17,311.6,312.6,300.4,300.4,1180,362710.0,TQBR
2019-10-18,300.0,303.8,296.4,303.0,750,226312.0,TQBR
2019-10-21,302.2,305.0,302.2,305.0,600,182762.0,TQBR
2019-10-22,309.0,309.8,302.8,306.0,890,271756.0,TQBR
2019-10-23,307.4,318.0,306.0,306.0,2200,685708.0,TQBR
2019-10-24,308.0,324.6,295.4,300.0,4640,1403202.0,TQBR
2019-10-25,300.0,301.8,294.2,295.4,4480,1331082.0,TQBR
2019-10-28,295.2,299.6,292.0,299.6,5880,1731292.0,TQBR
2019-10-29,299.4,307.4,293.0,296.8,1790,532920.0,TQBR
2019-10-30,298.0,305.0,294.6,295.2,1690,506072.0,TQBR
2019-10-31,296.4,304.2,295.0,298.4,6080,1822720.0,TQBR
2019-11-01,301.0,315.0,296.4,306.4,6190,1900350.0,TQBR
2019-11-05,307.0,314.0,302.0,302.4,4080,1250000.0,TQBR
2019-11-06,305.0,320.0,303.0,306.0,4290,1326574.0,TQBR
2019-11-07,307.0,313.8,306.0,313.0,2930,912242.0,TQBR
2019-11-08,314.6,318.0,309.4,313.6,1380,433168.0,TQBR
2019-11-11,314.2,320.0,314.2,317.8,1470,466690.0,TQBR
2019-11-12,319.8,322.0,316.4,316.4,5070,1623118.0,TQBR
2019-11-13,315.0,329.0,312.4,318.4,3520,1123684.0,TQBR
2019-11-14,320.0,330.0,318.8,322.8,4650,1506730.0,TQBR
2019-11-15,322.0,328.0,318.0,323.0,1700,550528.0,TQBR
2019-11-18,327.6,353.0,324.0,326.6,2460,805106.0,TQBR
2019-11-19,328.8,333.0,322.0,322.2,2510,815828.0,TQBR
2019-11-20,324.4,329.2,317.0,320.0,2780,895808.0,TQBR
2019-11-21,322.0,331.0,317.2,325.6,2400,781032.0,TQBR
2019-11-22,324.8,327.2,320.0,326.6,1250,403924.0,TQBR
2019-11-25,327.4,340.0,322.4,325.4,3100,1007236.0,TQBR
2019-11-26,326.8,336.8,317.6,327.2,2660,868478.0,TQBR
2019-11-27,326.4,334.0,326.4,333.0,4810,1591692.0,TQBR
2019-11-28,335.8,345.0,334.8,338.8,3630,1227502.0,TQBR
2019-11-29,339.6,339.8,327.6,337.0,2720,917410.0,TQBR
2019-12-02,338.6,343.0,336.4,343.0,3170,1077440.0,TQBR
2019-12-03,345.0,359.8,340.0,354.8,11250,3934012.0,TQBR
2019-12-04,354.2,358.6,352.0,356.0,3270,1163652.0,TQBR
2019-12-05,355.8,360.0,355.8,358.0,5230,1875678.0,TQBR
2019-12-06,359.8,369.0,358.0,368.0,9090,3326032.0,TQBR
2019-12-09,364.0,370.0,345.8,358.4,12530,4502912.0,TQBR
2019-12-10,365.0,367.8,355.0,364.8,3180,1147256.0,TQBR
2019-12-11,369.0,369.8,354.2,361.0,4260,1539442.0,TQBR
2019-12-12,359.4,363.6,358.4,360.0,1840,662002.0,TQBR
2019-12-13,359.6,364.8,356.8,360.2,3180,1150874.0,TQBR
2019-12-16,362.2,366.0,355.4,356.0,3380,1216060.0,TQBR
2019-12-17,357.0,363.2,345.6,358.6,8060,2831086.0,TQBR
2019-12-18,357.6,362.4,355.6,357.2,2420,865138.0,TQBR
2019-12-19,358.0,358.2,349.0,352.0,8800,3098666.0,TQBR
2019-12-20,350.2,359.4,350.0,357.8,11750,4216516.0,TQBR
2019-12-23,358.0,363.0,353.6,357.8,1410,505530.0,TQBR
2019-12-24,356.4,358.0,348.6,358.0,1030,364646.0,TQBR
2019-12-25,360.0,360.0,349.0,351.0,5060,1776980.0,TQBR
2019-12-26,350.4,351.6,346.8,347.6,10120,3523884.0,TQBR
2019-12-27,349.6,349.8,343.2,346.0,5200,1800388.0,TQBR
2019-12-30,347.4,348.6,345.0,345.0,830,287664.0,TQBR
2020-01-03,345.6,356.6,345.0,352.8,940,329020.0,TQBR
2020-01-06,355.0,362.8,346.2,350.6,2020,713010.0,TQBR
2020-01-08,351.0,351.6,345.6,350.0,2210,768056.0,TQBR
2020-01-09,347.8,354.8,343.0,350.0,6230,2163126.0,TQBR
2020-01-10,343.0,353.2,343.0,348.4,1010,351078.0,TQBR
2020-01-13,350.0,351.2,346.0,348.6,4300,1495236.0,TQBR
2020-01-14,347.6,350.0,346.4,347.4,1700,590894.0,TQBR
2020-01-15,348.6,350.8,346.0,349.2,1270,442610.0,TQBR
2020-01-16,350.8,353.6,350.0,350.6,2400,840848.0,TQBR
2020-01-17,352.2,359.0,352.2,357.0,3620,1286854.0,TQBR
2020-01-20,359.8,369.2,357.2,365.0,4440,1614060.0,TQBR
2020-01-21,364.6,364.6,357.0,360.4,4960,1781030.0,TQBR
2020-01-22,360.2,366.0,359.6,359.6,2580,932052.0,TQBR
2020-01-23,361.0,365.0,352.2,360.0,1750,624146.0,TQBR
2020-01-24,355.4,364.6,353.6,364.6,460,165648.0,TQBR
2020-01-27,363.6,363.6,350.0,355.2,2280,811170.0,TQBR
2020-01-28,353.6,355.6,343.2,350.0,1350,475154.0,TQBR
2020-01-29,350.2,352.6,346.2,351.0,1440,503998.0,TQBR
2020-01-30,352.6,356.2,349.8,351.0,2490,872682.0,TQBR
2020-01-31,352.0,370.0,350.0,369.4,7010,2519362.0,TQBR
2020-02-03,368.8,369.0,361.2,367.2,7460,2742240.0,TQBR
2020-02-04,367.2,370.6,360.8,367.8,1560,573052.0,TQBR
2020-02-05,371.0,371.0,360.6,368.0,1380,505140.0,TQBR
2020-02-06,366.2,367.0,357.0,359.6,3880,1397752.0,TQBR
2020-02-07,364.0,365.6,356.8,361.0,1530,548778.0,TQBR
2020-02-10,362.8,365.6,356.8,362.8,1920,695128.0,TQBR
2020-02-11,365.0,368.0,360.0,360.0,570,206020.0,TQBR
2020-02-12,358.2,362.0,357.2,358.2,1010,362536.0,TQBR
2020-02-13,356.0,361.8,356.0,359.0,1300,466658.0,TQBR
2020-02-14,357.6,365.0,354.0,361.8,7790,2792778.0,TQBR
2020-02-17,362.0,368.2,357.6,364.2,1200,437254.0,TQBR
2020-02-18,362.0,364.0,361.0,361.0,680,245994.0,TQBR
2020-02-19,361.0,363.0,361.0,361.8,500,181224.0,TQBR
2020-02-20,363.0,363.0,356.0,357.0,1010,362590.0,TQBR
2020-02-21,360.0,360.0,358.2,359.4,260,93300.0,TQBR
2020-02-25,356.8,357.0,351.6,354.0,860,305556.0,TQBR
2020-02-26,352.8,354.0,342.0,350.8,1920,663402.0,TQBR
2020-02-27,352.0,362.0,351.4,357.2,1300,464302.0,TQBR
2020-02-28,356.0,368.6,300.0,335.8,7770,2539800.0,TQBR
2020-03-02,320.0,354.0,317.0,345.0,2410,818928.0,TQBR
2020-03-03,349.0,354.0,326.0,339.4,2330,785998.0,TQBR
2020-03-04,346.6,347.0,335.4,338.0,270,91806.0,TQBR
2020-03-05,343.0,344.8,338.4,340.0,1260,429018.0,TQBR
2020-03-06,344.0,344.0,312.2,323.0,1820,592156.0,TQBR
2020-03-10,299.8,300.0,215.0,281.8,7070,2007570.0,TQBR
2020-03-11,286.0,330.0,284.0,320.8,7890,2455354.0,TQBR
2020-03-12,316.0,316.0,261.0,264.0,4440,1270932.0,TQBR
2020-03-13,264.2,291.0,264.2,267.8,3130,861014.0,TQBR
2020-03-16,274.0,274.0,255.2,270.0,3090,810192.0,TQBR
2020-03-17,280.0,315.0,260.0,270.0,1870,518922.0,TQBR
2020-03-18,256.2,259.8,242.4,251.4,7730,1940924.0,TQBR
2020-03-19,250.0,275.0,245.0,259.6,12040,3160220.0,TQBR
2020-03-20,265.0,284.8,253.0,273.8,21740,6015532.0,TQBR
2020-03-23,274.4,284.4,270.0,284.4,2450,681360.0,TQBR
2020-03-24,284.8,301.0,281.6,294.4,1200,346676.0,TQBR
2020-03-25,297.6,300.0,283.6,295.0,11310,3285700.0,TQBR
2020-03-26,293.6,296.8,289.8,292.8,2400,696918.0,TQBR
2020-03-27,290.8,294.2,276.2,276.2,1920,540908.0,TQBR
2020-03-30,280.0,280.2,272.6,279.8,1570,436264.0,TQBR
2020-03-31,281.0,294.6,279.2,282.8,1180,340160.0,TQBR
2020-04-01,284.0,292.0,278.2,285.6,610,176178.0,TQBR
2020-04-02,289.0,299.0,282.4,285.0,510,148010.0,TQBR
2020-04-03,287.8,292.0,285.8,292.0,840,242840.0,TQBR
2020-04-06,292.0,297.8,285.0,291.8,1140,330458.0,TQBR
2020-04-07,293.8,315.0,290.2,295.8,1970,589444.0,TQBR
2020-04-08,295.6,310.0,294.6,308.0,1400,425894.0,TQBR
2020-04-09,314.0,320.0,300.0,313.8,3750,1177656.0,TQBR
2020-04-10,320.0,348.8,313.2,326.0,12010,3944680.0,TQBR
2020-04-13,323.0,335.0,310.0,314.8,3290,1038300.0,TQBR
2020-04-14,315.0,319.0,300.0,302.2,1640,508190.0,TQBR
2020-04-15,300.0,300.0,291.4,292.2,1070,316392.0,TQBR
2020-04-16,291.4,310.0,276.0,297.6,1490,443168.0,TQBR
2020-04-17,295.8,340.0,295.8,306.0,1280,396776.0,TQBR
2020-04-20,300.0,305.4,291.8,292.0,800,239378.0,TQBR
2020-04-21,292.6,295.0,270.0,284.6,1830,516210.0,TQBR
2020-04-22,289.0,294.8,280.0,287.2,3400,978142.0,TQBR
2020-04-23,289.6,292.0,283.0,288.0,2090,599094.0,TQBR
2020-04-24,282.0,287.8,277.2,285.4,480,136254.0,TQBR
2020-04-27,286.0,288.2,283.2,287.8,1050,300272.0,TQBR
2020-04-28,288.0,295.0,288.0,288.0,2060,596856.0,TQBR
2020-04-29,288.4,290.6,288.4,289.0,540,156448.0,TQBR
2020-04-30,287.4,289.0,285.0,289.0,2330,666264.0,TQBR
2020-05-04,288.2,288.8,285.0,286.8,530,151534.0,TQBR
2020-05-05,286.0,291.8,285.0,287.6,720,207304.0,TQBR
2020-05-06,287.4,308.0,287.4,294.6,2130,628452.0,TQBR
2020-05-07,296.6,296.6,290.0,293.2,470,137424.0,TQBR
2020-05-08,293.0,293.0,289.8,291.8,730,212866.0,TQBR
2020-05-12,294.8,295.0,291.2,292.4,170,49754.0,TQBR
2020-05-13,290.0,292.2,285.4,286.8,1160,334808.0,TQBR
2020-05-14,285.8,289.4,285.8,289.4,170,48966.0,TQBR
2020-05-15,288.4,288.6,285.4,285.4,180,51628.0,TQBR
2020-05-18,285.2,293.0,285.0,290.0,1130,328314.0,TQBR
2020-05-19,291.8,330.0,289.4,295.0,1440,430760.0,TQBR
2020-05-20,293.8,300.0,289.2,291.8,1920,567560.0,TQBR
2020-05-21,292.8,299.8,290.0,290.0,600,176874.0,TQBR
2020-05-22,290.2,291.4,289.0,290.2,1940,562468.0,TQBR
2020-05-25,287.4,298.8,286.0,294.6,690,203380.0,TQBR
2020-05-26,294.4,299.8,286.6,291.6,900,264652.0,TQBR
2020-05-27,296.0,309.0,291.2,295.0,1180,349274.0,TQBR
2020-05-28,298.0,312.8,292.6,298.8,2660,800444.0,TQBR
2020-05-29,298.4,299.0,297.6,299.0,760,227000.0,TQBR
2020-06-01,295.0,314.0,293.4,295.0,1440,428030.0,TQBR
2020-06-02,295.4,299.8,293.6,297.0,1210,357566.0,TQBR
2020-06-03,296.8,299.0,293.4,298.8,1090,325092.0,TQBR
2020-06-04,298.6,304.0,298.6,299.0,1360,407842.0,TQBR
2020-06-05,298.0,307.8,297.2,304.6,1250,377778.0,TQBR
2020-06-08,304.0,319.0,303.2,309.6,2690,834326.0,TQBR
2020-06-09,320.0,335.0,315.2,319.4,3840,1241610.0,TQBR
2020-06-10,321.4,321.4,310.0,314.0,830,262074.0,TQBR
2020-06-11,319.0,319.0,301.0,301.0,4330,1325862.0,TQBR
2020-06-15,300.8,324.8,300.8,312.4,2340,725280.0,TQBR
2020-06-16,311.0,318.0,307.6,311.0,4970,1572240.0,TQBR
2020-06-17,310.4,317.0,310.4,314.2,650,203210.0,TQBR
2020-06-18,315.0,319.0,312.0,315.2,770,241738.0,TQBR
2020-06-19,324.8,324.8,311.0,311.2,900,283052.0,TQBR
2020-06-22,312.8,325.0,311.8,311.8,3030,967162.0,TQBR
2020-06-23,314.0,319.0,311.6,311.6,640,201168.0,TQBR
2020-06-25,310.4,311.6,305.4,310.2,800,246624.0,TQBR
2020-06-26,307.2,310.2,307.0,307.2,330,101592.0,TQBR
2020-06-29,307.2,308.2,306.8,308.2,170,52236.0,TQBR
2020-06-30,307.2,308.8,305.4,306.0,1330,407632.0,TQBR
2020-07-02,305.4,307.6,305.2,306.0,450,138028.0,TQBR
2020-07-03,305.4,311.4,305.0,308.0,780,241476.0,TQBR
2020-07-06,310.4,325.0,310.4,313.6,1140,361378.0,TQBR
2020-07-07,313.2,322.0,312.8,314.2,380,120184.0,TQBR
2020-07-08,309.2,318.6,309.2,313.2,500,156550.0,TQBR
2020-07-09,313.6,324.0,308.8,317.8,850,267622.0,TQBR
2020-07-10,321.6,323.8,310.0,313.2,1600,507970.0,TQBR
2020-07-13,315.0,320.0,308.0,316.0,780,243350.0,TQBR
2020-07-14,314.6,317.0,307.6,317.0,910,285058.0,TQBR
2020-07-15,318.6,319.0,308.2,315.0,1820,567088.0,TQBR
2020-07-16,318.6,319.0,309.6,316.6,950,297190.0,TQBR
2020-07-17,310.2,319.4,310.2,319.4,830,262866.0,TQBR
2020-07-20,319.8,340.0,319.8,335.2,2280,750102.0,TQBR
2020-07-21,333.6,347.4,333.6,341.4,1120,383638.0,TQBR
2020-07-22,333.6,354.4,333.6,340.6,750,257110.0,TQBR
2020-07-23,340.0,347.6,340.0,340.6,1240,422326.0,TQBR
2020-07-24,342.6,342.6,330.0,338.0,15500,5259036.0,TQBR
2020-07-27,337.8,345.0,335.4,345.0,320,108622.0,TQBR
2020-07-28,345.4,345.4,338.4,343.0,240,81892.0,TQBR
2020-07-29,356.6,357.0,341.2,347.8,590,204384.0,TQBR
2020-07-30,357.4,358.0,339.0,344.0,720,249340.0,TQBR
2020-07-31,342.2,342.2,333.6,339.2,1110,374582.0,TQBR
2020-08-03,340.0,346.0,338.0,344.0,410,139906.0,TQBR
2020-08-04,343.2,346.8,341.0,344.0,690,236856.0,TQBR
2020-08-05,341.6,350.0,340.0,340.0,2290,783080.0,TQBR
2020-08-06,337.4,345.4,337.4,338.4,3480,1179760.0,TQBR
2020-08-07,337.0,339.6,336.8,337.2,660,222476.0,TQBR
2020-08-10,339.0,345.0,335.0,337.2,410,138280.0,TQBR
2020-08-11,335.8,340.0,331.0,337.6,1130,378158.0,TQBR
2020-08-12,334.2,345.8,328.6,330.8,1750,580832.0,TQBR
2020-08-13,329.6,336.0,323.6,329.0,790,259906.0,TQBR
2020-08-14,334.8,334.8,324.0,326.0,2030,659122.0,TQBR
2020-08-17,326.2,330.0,319.8,320.2,1770,571990.0,TQBR
2020-08-18,320.6,325.0,315.2,322.4,970,312196.0,TQBR
2020-08-19,321.0,323.6,314.2,323.6,3590,1143088.0,TQBR
2020-08-20,316.6,322.8,316.6,318.0,260,83052.0,TQBR
2020-08-21,325.0,338.8,315.2,316.0,7240,2340922.0,TQBR
2020-08-24,316.2,323.0,316.2,319.2,750,240734.0,TQBR
2020-08-25,318.6,324.6,317.0,318.0,2210,706194.0,TQBR
2020-08-26,316.0,317.2,311.4,316.6,3020,945318.0,TQBR
2020-08-27,320.0,322.2,310.0,317.2,2990,935440.0,TQBR
2020-08-28,316.6,316.6,312.0,314.0,1440,454162.0,TQBR
2020-08-31,316.6,316.6,312.8,312.8,1330,417760.0,TQBR
2020-09-01,314.8,317.2,314.8,316.4,480,151810.0,TQBR
2020-09-02,315.0,315.2,313.0,313.4,250,78558.0,TQBR
2020-09-03,312.8,313.8,309.4,311.6,130,40468.0,TQBR
2020-09-04,307.0,311.8,300.8,310.0,980,301438.0,TQBR
2020-09-07,310.0,325.0,307.4,320.0,2850,887058.0,TQBR
2020-09-08,325.0,325.0,310.6,310.8,910,284286.0,TQBR
2020-09-09,310.8,311.0,308.0,310.2,150,46570.0,TQBR
2020-09-10,309.2,310.2,306.4,308.2,610,187500.0,TQBR
2020-09-11,310.0,313.0,309.4,311.2,620,192950.0,TQBR
2020-09-14,314.8,319.2,310.0,313.8,460,144654.0,TQBR
2020-09-15,310.6,321.4,310.6,321.4,2250,719004.0,TQBR
2020-09-16,316.0,318.4,314.2,318.0,590,186978.0,TQBR
2020-09-17,317.2,317.2,305.0,309.2,620,193968.0,TQBR
2020-09-18,312.4,317.8,311.4,317.0,240,75554.0,TQBR
2020-09-21,316.0,316.4,304.2,307.0,1660,511126.0,TQBR
2020-09-22,307.0,309.2,306.6,308.2,140,43070.0,TQBR
2020-09-23,308.4,327.4,306.6,322.2,6210,2002016.0,TQBR
2020-09-24,336.8,336.8,322.0,322.0,1170,379724.0,TQBR
2020-09-25,322.2,329.0,320.0,323.2,1960,632988.0,TQBR
2020-09-28,319.6,323.0,310.2,315.0,2430,774352.0,TQBR
2020-09-29,315.0,317.0,308.0,308.0,1190,371592.0,TQBR
2020-09-30,309.2,317.2,308.2,310.8,580,180428.0,TQBR
2020-10-01,310.4,311.8,307.2,311.8,400,124234.0,TQBR
2020-10-02,308.4,309.2,304.0,307.0,1810,555268.0,TQBR
2020-10-05,314.0,314.0,304.0,304.6,450,138554.0,TQBR
2020-10-06,306.2,308.8,301.2,305.2,1050,321248.0,TQBR
2020-10-07,303.2,305.0,300.0,302.2,1540,463900.0,TQBR
2020-10-08,300.2,305.6,293.0,305.6,3920,1171458.0,TQBR
2020-10-09,297.6,304.0,296.0,296.0,1840,547436.0,TQBR
2020-10-12,296.0,310.0,296.0,302.6,850,255434.0,TQBR
2020-10-13,302.6,309.0,300.6,301.0,290,87926.0,TQBR
2020-10-14,298.8,305.0,298.8,300.0,290,87700.0,TQBR
2020-10-15,300.6,302.0,295.4,297.6,450,134428.0,TQBR
2020-10-16,297.2,304.8,272.0,290.0,2120,614830.0,TQBR
2020-10-19,290.0,306.6,289.0,294.0,2670,797292.0,TQBR
2020-10-20,293.2,293.2,289.4,291.8,1360,394950.0,TQBR
2020-10-21,290.0,291.8,287.6,287.6,1600,463546.0,TQBR
2020-10-22,287.0,289.8,286.4,288.4,750,215704.0,TQBR
2020-10-23,286.6,286.6,284.6,286.0,950,271056.0,TQBR
2020-10-26,285.6,287.4,284.0,284.8,630,179782.0,TQBR
2020-10-27,287.0,287.0,282.8,286.4,420,119604.0,TQBR
2020-10-28,281.6,282.8,279.6,281.6,380,106828.0,TQBR
2020-10-29,282.0,285.0,280.2,281.0,450,126848.0,TQBR
2020-10-30,282.4,289.8,281.2,289.6,550,157028.0,TQBR
2020-11-02,288.8,289.8,284.8,285.2,550,157736.0,TQBR
2020-11-03,287.0,290.0,286.2,290.0,210,60460.0,TQBR
2020-11-05,289.8,290.0,284.2,289.4,980,281594.0,TQBR
2020-11-06,288.8,290.0,282.4,287.8,2720,786254.0,TQBR
2020-11-09,288.0,290.0,284.4,289.6,1850,531100.0,TQBR
2020-11-10,289.8,290.0,285.8,290.0,1700,489884.0,TQBR
2020-11-11,289.6,290.0,286.4,286.8,4480,1290848.0,TQBR
2020-11-12,288.4,290.0,286.8,290.0,710,204872.0,TQBR
2020-11-13,290.0,290.0,286.8,287.6,2180,630046.0,TQBR
2020-11-16,288.2,290.0,287.6,288.0,2680,773390.0,TQBR
2020-11-17,288.6,289.8,288.0,288.4,620,178838.0,TQBR
2020-11-18,287.8,289.4,285.8,288.0,610,175468.0,TQBR
2020-11-19,287.2,289.0,285.0,288.8,2940,840676.0,TQBR
2020-11-20,288.8,289.6,285.0,289.6,1540,440452.0,TQBR
2020-11-23,286.2,289.0,282.4,287.0,5040,1440556.0,TQBR
2020-11-24,286.2,287.0,283.8,286.0,160,45796.0,TQBR
2020-11-25,284.2,289.6,280.0,286.2,7470,2113312.0,TQBR
2020-11-26,287.6,288.8,282.0,283.4,1360,386694.0,TQBR
2020-11-27,284.4,285.0,281.0,284.6,1210,342384.0,TQBR
2020-11-30,283.8,285.8,275.0,280.8,3300,924140.0,TQBR
2020-12-01,282.0,284.0,280.2,284.0,2500,706186.0,TQBR
2020-12-02,281.6,290.0,281.6,284.6,1980,565732.0,TQBR
2020-12-03,284.2,289.0,280.6,285.4,2250,637596.0,TQBR
2020-12-04,287.2,294.0,285.2,289.6,950,273402.0,TQBR
2020-12-07,285.6,289.6,285.6,288.2,340,97954.0,TQBR
2020-12-08,287.0,288.6,281.8,285.6,5190,1483394.0,TQBR
2020-12-09,286.2,294.8,282.2,282.6,7490,2129230.0,TQBR
2020-12-10,285.4,285.6,280.0,283.2,3630,1025556.0,TQBR
2020-12-11,283.6,285.0,283.6,283.6,110,31280.0,TQBR
2020-12-14,285.0,293.4,280.0,283.2,850,241532.0,TQBR
2020-12-15,283.2,285.8,280.2,281.8,480,135358.0,TQBR
2020-12-16,284.4,284.4,282.2,283.8,150,42534.0,TQBR
2020-12-17,281.8,282.0,277.0,278.6,2450,685340.0,TQBR
2020-12-18,278.0,278.4,269.0,271.0,3800,1037696.0,TQBR
2020-12-21,273.2,275.2,252.2,267.0,2150,573690.0,TQBR
2020-12-22,265.2,272.2,265.2,270.0,490,132218.0,TQBR
2020-12-23,268.0,278.2,268.0,273.6,380,103800.0,TQBR
2020-12-24,273.8,276.2,265.6,272.8,2040,550680.0,TQBR
2020-12-25,278.8,284.2,271.4,278.2,2440,679674.0,TQBR
2020-12-28,272.8,280.0,272.4,275.6,1890,523806.0,TQBR
2020-12-29,280.0,284.4,277.0,277.0,930,258496.0,TQBR
2020-12-30,278.2,278.2,268.0,273.2,2540,690616.0,TQBR
2021-01-04,277.2,281.0,274.4,274.6,890,247250.0,TQBR
2021-01-05,279.8,285.0,273.4,278.0,1360,378046.0,TQBR
2021-01-06,277.0,279.0,275.2,279.0,370,102738.0,TQBR
2021-01-08,279.0,281.0,276.4,276.4,1810,506538.0,TQBR
2021-01-11,276.4,280.0,274.8,279.6,370,102880.0,TQBR
2021-01-12,278.0,282.2,275.0,278.0,1700,472874.0,TQBR
2021-01-13,276.0,280.2,276.0,277.8,230,64092.0,TQBR
2021-01-14,277.6,282.0,274.4,276.0,1160,321632.0,TQBR
2021-01-15,274.4,282.4,270.0,276.2,2570,713188.0,TQBR
2021-01-18,275.8,278.8,274.2,278.8,580,159620.0,TQBR
2021-01-19,278.6,282.4,276.0,277.4,1010,281306.0,TQBR
2021-01-20,278.0,278.6,275.0,277.0,1710,473674.0,TQBR
2021-01-21,277.4,277.4,274.2,275.0,720,198070.0,TQBR
2021-01-22,274.6,277.0,273.0,275.0,1540,424630.0,TQBR
2021-01-25,274.8,280.0,273.4,275.0,1760,486782.0,TQBR
2021-01-26,275.2,280.0,274.0,274.2,210,57962.0,TQBR
2021-01-27,275.0,277.0,274.0,277.0,160,44012.0,TQBR
2021-01-28,276.8,277.8,274.6,274.8,720,199234.0,TQBR
2021-01-29,274.4,274.4,274.0,274.0,160,43858.0,TQBR
2021-02-01,274.0,275.4,274.0,274.2,140,38420.0,TQBR
2021-02-02,274.8,275.4,271.0,272.0,550,150616.0,TQBR
2021-02-03,274.8,275.6,272.8,274.0,430,117766.0,TQBR
2021-02-04,276.4,277.8,272.0,275.6,410,113136.0,TQBR
2021-02-05,274.4,289.0,273.0,273.8,1690,470800.0,TQBR
2021-02-08,276.4,279.8,274.4,277.2,560,154724.0,TQBR
2021-02-09,274.2,280.0,273.4,279.8,3330,929872.0,TQBR
2021-02-10,280.8,281.0,277.8,277.8,690,192874.0,TQBR
2021-02-11,275.0,280.0,275.0,276.2,390,108090.0,TQBR
2021-02-12,277.0,277.0,274.4,277.0,730,201414.0,TQBR
2021-02-15,279.4,280.0,274.6,277.0,460,127474.0,TQBR
2021-02-16,277.0,279.2,274.2,276.2,230,63804.0,TQBR
2021-02-17,279.4,279.4,275.0,275.0,420,115866.0,TQBR
2021-02-18,273.0,276.8,250.0,272.4,2610,695840.0,TQBR
2021-02-19,270.4,278.0,270.2,272.4,550,151044.0,TQBR
2021-02-20,277.0,379.0,277.0,349.4,222570,77548284.0,TQBR
2021-02-22,314.6,314.6,270.0,275.6,60760,16834844.0,TQBR
2021-02-24,276.8,277.6,275.4,277.4,21900,6056862.0,TQBR
2021-02-25,279.0,279.0,277.0,277.4,7940,2205852.0,TQBR
2021-02-26,277.4,277.6,275.4,276.2,4650,1287856.0,TQBR
2021-03-01,277.2,278.4,274.2,275.0,32310,8918818.0,TQBR
2021-03-02,277.4,277.4,273.2,273.2,15260,4190972.0,TQBR
2021-03-03,270.0,274.8,264.0,270.8,3040,815410.0,TQBR
2021-03-04,274.2,276.4,264.8,273.4,3050,816674.0,TQBR
2021-03-05,268.6,272.6,266.0,266.4,2490,665436.0,TQBR
2021-03-09,267.6,270.0,264.6,267.0,1630,436160.0,TQBR
2021-03-10,267.6,268.4,265.0,266.0,800,213032.0,TQBR
2021-03-11,266.6,266.8,264.0,265.0,1430,379046.0,TQBR
2021-03-12,264.6,269.0,264.2,266.0,760,202814.0,TQBR
2021-03-15,269.4,269.8,266.2,268.2,1400,374582.0,TQBR
2021-03-16,265.0,268.0,264.0,267.8,1020,271434.0,TQBR
2021-03-17,265.0,269.0,265.0,266.8,1330,356208.0,TQBR
2021-03-18,267.2,270.0,266.4,268.4,1110,298256.0,TQBR
2021-03-19,271.4,271.4,267.0,267.8,400,107606.0,TQBR
2021-03-22,269.8,271.2,267.6,267.6,1310,352466.0,TQBR
2021-03-23,269.4,269.6,264.6,266.8,1640,436308.0,TQBR
2021-03-24,267.0,268.6,264.4,265.4,1410,375228.0,TQBR
2021-03-25,266.4,267.8,263.8,265.2,1880,499576.0,TQBR
2021-03-26,264.8,266.8,264.8,265.0,510,135470.0,TQBR
2021-03-29,265.8,268.2,265.6,268.0,730,194792.0,TQBR
2021-03-30,267.8,269.0,266.8,267.2,990,265282.0,TQBR
2021-03-31,268.0,269.6,267.6,268.6,910,244392.0,TQBR
2021-04-01,269.4,270.8,267.8,268.6,1350,363390.0,TQBR
2021-04-02,271.0,271.2,267.2,267.2,1180,316586.0,TQBR
2021-04-05,268.6,269.4,267.6,269.0,1160,311760.0,TQBR
2021-04-06,269.0,270.2,268.8,269.0,720,193664.0,TQBR
2021-04-07,268.8,269.8,265.0,268.2,1430,381388.0,TQBR
2021-04-08,267.4,270.0,267.4,268.8,670,180234.0,TQBR
2021-04-09,269.0,271.0,267.2,270.6,1100,296292.0,TQBR
2021-04-12,269.0,269.0,267.0,268.6,1790,480198.0,TQBR
2021-04-13,268.6,268.6,264.2,266.4,2010,536224.0,TQBR
2021-04-14,267.2,268.2,266.0,267.4,420,112186.0,TQBR
2021-04-15,267.2,268.0,266.2,266.4,440,117586.0,TQBR
2021-04-16,268.6,268.6,260.0,263.8,1750,464426.0,TQBR
2021-04-19,264.2,266.6,263.8,265.6,860,228032.0,TQBR
2021-04-20,263.8,269.0,263.8,268.0,1170,312772.0,TQBR
2021-04-21,267.0,268.4,266.2,267.2,270,72058.0,TQBR
2021-04-22,268.0,268.0,262.2,266.0,740,196216.0,TQBR
2021-04-23,267.2,267.2,265.2,266.4,290,77206.0,TQBR
2021-04-26,266.4,268.0,264.8,264.8,400,106594.0,TQBR
2021-04-27,266.2,266.8,263.4,263.4,450,119160.0,TQBR
2021-04-28,263.6,263.6,261.6,262.6,660,173106.0,TQBR
2021-04-29,262.2,262.6,250.0,254.0,2610,670106.0,TQBR
2021-04-30,251.6,260.6,251.0,255.8,1150,295816.0,TQBR
2021-05-04,258.6,258.6,252.2,256.4,760,193132.0,TQBR
2021-05-05,257.0,264.0,256.2,257.0,1210,313768.0,TQBR
2021-05-06,257.4,257.6,253.8,254.6,860,219792.0,TQBR
2021-05-07,254.0,255.2,252.2,254.2,440,111556.0,TQBR
2021-05-10,255.2,260.0,254.0,259.6,660,170710.0,TQBR
2021-05-11,258.2,258.6,255.0,257.0,610,156562.0,TQBR
2021-05-12,257.0,260.0,254.4,254.4,790,203400.0,TQBR
2021-05-13,254.4,255.8,252.2,252.4,330,83620.0,TQBR
2021-05-14,256.8,290.0,255.2,260.0,49450,13641242.0,TQBR
2021-05-17,259.0,262.0,236.4,247.2,15700,3883608.0,TQBR
2021-05-18,244.0,252.0,240.0,243.4,3440,841890.0,TQBR
2021-05-19,241.8,241.8,235.0,236.0,3010,715686.0,TQBR
2021-05-20,236.0,237.0,228.2,237.0,1150,267794.0,TQBR
2021-05-21,237.0,240.0,233.6,239.6,940,223504.0,TQBR
2021-05-24,239.6,250.8,235.0,241.8,2390,579352.0,TQBR
2021-05-25,244.0,246.6,239.4,240.2,750,182044.0,TQBR
2021-05-26,243.0,244.8,240.0,240.0,650,156498.0,TQBR
2021-05-27,242.8,243.8,237.0,243.4,640,154522.0,TQBR
2021-05-28,242.8,243.4,239.6,240.8,450,108528.0,TQBR
2021-05-31,242.6,245.0,239.4,240.0,940,226508.0,TQBR
2021-06-01,240.6,244.6,240.2,242.0,750,181774.0,TQBR
2021-06-02,244.8,245.0,242.0,242.4,800,195422.0,TQBR
